ISO-10303-21;
HEADER;
FILE_DESCRIPTION (( 'STEP AP214' ),
    '1' );
FILE_NAME ('M10X40.STEP',
    '2021-06-12T16:21:00',
    ( '' ),
    ( '' ),
    'SwSTEP 2.0',
    'SolidWorks 2018',
    '' );
FILE_SCHEMA (( 'AUTOMOTIVE_DESIGN' ));
ENDSEC;

DATA;
#1 = VECTOR ( 'NONE', #3120, 1000.000000000000000 ) ;
#2 = CARTESIAN_POINT ( 'NONE',  ( 27.23272815836236305, 2.093492502277375926E-15, 0.0000000000000000000 ) ) ;
#3 = AXIS2_PLACEMENT_3D ( 'NONE', #2688, #2666, #2664 ) ;
#4 = ADVANCED_FACE ( 'NONE', ( #4076 ), #2371, .T. ) ;
#5 = DIRECTION ( 'NONE',  ( 0.5735764363510447161, -0.8191520442889927978, 1.003171929053526103E-16 ) ) ;
#6 = CARTESIAN_POINT ( 'NONE',  ( 38.16666666666667140, 2.164491730381051252E-15, 0.0000000000000000000 ) ) ;
#7 = ADVANCED_FACE ( 'NONE', ( #4837 ), #2730, .T. ) ;
#8 = ORIENTED_EDGE ( 'NONE', *, *, #4380, .T. ) ;
#9 = EDGE_CURVE ( 'NONE', #10, #5176, #2734, .T. ) ;
#10 = VERTEX_POINT ( 'NONE', #4506 ) ;
#11 = CONICAL_SURFACE ( 'NONE', #1363, 4.172000000000002373, 0.9599310885968798113 ) ;
#12 = AXIS2_PLACEMENT_3D ( 'NONE', #2686, #2675, #2668 ) ;
#13 = CARTESIAN_POINT ( 'NONE',  ( 29.29166666666666785, -4.172000000000000597, 0.0000000000000000000 ) ) ;
#14 = DIRECTION ( 'NONE',  ( -1.000000000000000000, -1.224606353822377258E-16, -0.0000000000000000000 ) ) ;
#15 = CARTESIAN_POINT ( 'NONE',  ( 29.87143850830430836, 5.000000000000005329, 0.0000000000000000000 ) ) ;
#16 = EDGE_LOOP ( 'NONE', ( #3647, #3142, #3012, #3592, #4256 ) ) ;
#17 = CIRCLE ( 'NONE', #1379, 5.000000000000001776 ) ;
#18 = DIRECTION ( 'NONE',  ( 0.0000000000000000000, -1.000000000000000000, 0.0000000000000000000 ) ) ;
#19 = AXIS2_PLACEMENT_3D ( 'NONE', #2976, #4309, #85 ) ;
#20 = DIRECTION ( 'NONE',  ( 0.5735764363510447161, -0.8191520442889927978, 1.003171929053526103E-16 ) ) ;
#21 = EDGE_CURVE ( 'NONE', #2853, #1985, #2740, .T. ) ;
#22 = CYLINDRICAL_SURFACE ( 'NONE', #3736, 4.999999999999887201 ) ;
#23 = CARTESIAN_POINT ( 'NONE',  ( 24.85416666666667140, 2.164491730381051252E-15, 0.0000000000000000000 ) ) ;
#24 = ORIENTED_EDGE ( 'NONE', *, *, #3347, .F. ) ;
#25 = CARTESIAN_POINT ( 'NONE',  ( 5.000000000000000000, 0.0000000000000000000, 0.0000000000000000000 ) ) ;
#26 = LINE ( 'NONE', #3257, #1 ) ;
#27 = ADVANCED_FACE ( 'NONE', ( #2807 ), #4215, .T. ) ;
#28 = ADVANCED_FACE ( 'NONE', ( #2726 ), #2798, .T. ) ;
#29 = ORIENTED_EDGE ( 'NONE', *, *, #4509, .F. ) ;
#30 = DIRECTION ( 'NONE',  ( 0.0000000000000000000, -1.000000000000000000, 0.0000000000000000000 ) ) ;
#31 = AXIS2_PLACEMENT_3D ( 'NONE', #2771, #2761, #2781 ) ;
#32 = AXIS2_PLACEMENT_3D ( 'NONE', #2814, #2861, #2803 ) ;
#33 = CIRCLE ( 'NONE', #491, 5.000000000000002665 ) ;
#34 = DIRECTION ( 'NONE',  ( -1.000000000000000000, -1.224606353822377258E-16, -0.0000000000000000000 ) ) ;
#35 = CARTESIAN_POINT ( 'NONE',  ( 38.74643850830430836, 2.235490958484726577E-15, 0.0000000000000000000 ) ) ;
#36 = CARTESIAN_POINT ( 'NONE',  ( 26.91310517497097621, 2.235490958484726577E-15, 0.0000000000000000000 ) ) ;
#37 = CYLINDRICAL_SURFACE ( 'NONE', #1350, 4.999999999999887201 ) ;
#38 = ADVANCED_FACE ( 'NONE', ( #2744 ), #2721, .T. ) ;
#39 = AXIS2_PLACEMENT_3D ( 'NONE', #2797, #2789, #2786 ) ;
#40 = AXIS2_PLACEMENT_3D ( 'NONE', #3273, #2271, #4450 ) ;
#41 = ORIENTED_EDGE ( 'NONE', *, *, #5170, .F. ) ;
#42 = DIRECTION ( 'NONE',  ( -1.000000000000000000, -1.224606353822377258E-16, -0.0000000000000000000 ) ) ;
#43 = DIRECTION ( 'NONE',  ( -0.5735764363510472696, -0.8191520442889910214, 0.0000000000000000000 ) ) ;
#44 = ADVANCED_FACE ( 'NONE', ( #2692 ), #2530, .T. ) ;
#45 = CIRCLE ( 'NONE', #3137, 5.000000000000001776 ) ;
#46 = CARTESIAN_POINT ( 'NONE',  ( 15.07977184163763873, 5.000000000000005329, 0.0000000000000000000 ) ) ;
#47 = ORIENTED_EDGE ( 'NONE', *, *, #4403, .T. ) ;
#48 = CONICAL_SURFACE ( 'NONE', #1386, 5.000000000000002665, 0.9599310885968831419 ) ;
#49 = ORIENTED_EDGE ( 'NONE', *, *, #3474, .T. ) ;
#50 = CARTESIAN_POINT ( 'NONE',  ( 29.87143850830430836, -5.000000000000000000, 6.123233995736770227E-16 ) ) ;
#51 = AXIS2_PLACEMENT_3D ( 'NONE', #2844, #2830, #2824 ) ;
#52 = CARTESIAN_POINT ( 'NONE',  ( 31.35060517497097266, 6.123233995736253523E-16, -5.000000000000002665 ) ) ;
#53 = AXIS2_PLACEMENT_3D ( 'NONE', #2947, #2917, #2921 ) ;
#54 = CARTESIAN_POINT ( 'NONE',  ( 15.97916666666666963, -4.172000000000000597, 0.0000000000000000000 ) ) ;
#55 = CIRCLE ( 'NONE', #1381, 5.000000000000002665 ) ;
#56 = ORIENTED_EDGE ( 'NONE', *, *, #3405, .F. ) ;
#57 = DIRECTION ( 'NONE',  ( 0.0000000000000000000, -1.000000000000000000, 0.0000000000000000000 ) ) ;
#58 = DIRECTION ( 'NONE',  ( -1.000000000000000000, -0.0000000000000000000, -0.0000000000000000000 ) ) ;
#59 = DIRECTION ( 'NONE',  ( -1.000000000000000000, -1.224606353822377258E-16, -0.0000000000000000000 ) ) ;
#60 = ORIENTED_EDGE ( 'NONE', *, *, #4323, .T. ) ;
#61 = FACE_OUTER_BOUND ( 'NONE', #3943, .T. ) ;
#62 = VERTEX_POINT ( 'NONE', #4460 ) ;
#63 = EDGE_CURVE ( 'NONE', #1985, #2016, #2717, .T. ) ;
#64 = CARTESIAN_POINT ( 'NONE',  ( 44.98272815836236305, 5.000000000000004441, 6.123233995736769241E-16 ) ) ;
#65 = CARTESIAN_POINT ( 'NONE',  ( 26.33333333333333215, 2.164491730381051252E-15, 0.0000000000000000000 ) ) ;
#66 = VERTEX_POINT ( 'NONE', #3187 ) ;
#67 = LINE ( 'NONE', #2983, #97 ) ;
#68 = EDGE_LOOP ( 'NONE', ( #439, #473, #516, #532, #534 ) ) ;
#69 = ORIENTED_EDGE ( 'NONE', *, *, #4666, .T. ) ;
#70 = AXIS2_PLACEMENT_3D ( 'NONE', #2973, #3100, #2966 ) ;
#71 = CARTESIAN_POINT ( 'NONE',  ( 43.18393850830430836, 2.235490958484726577E-15, 0.0000000000000000000 ) ) ;
#72 = DIRECTION ( 'NONE',  ( 0.0000000000000000000, -1.000000000000000000, 0.0000000000000000000 ) ) ;
#73 = ORIENTED_EDGE ( 'NONE', *, *, #3413, .T. ) ;
#74 = AXIS2_PLACEMENT_3D ( 'NONE', #2963, #2959, #2956 ) ;
#75 = EDGE_CURVE ( 'NONE', #2016, #5345, #2785, .T. ) ;
#76 = CARTESIAN_POINT ( 'NONE',  ( 1.500000000000001332, 7.960204194457796463E-16, -6.500000000000000888 ) ) ;
#77 = AXIS2_PLACEMENT_3D ( 'NONE', #2991, #2987, #2981 ) ;
#78 = DIRECTION ( 'NONE',  ( 0.0000000000000000000, -0.4999999999999994449, 0.8660254037844389297 ) ) ;
#79 = VERTEX_POINT ( 'NONE', #5258 ) ;
#80 = FACE_OUTER_BOUND ( 'NONE', #4307, .T. ) ;
#81 = CARTESIAN_POINT ( 'NONE',  ( 15.07977184163763873, 2.235490958484726577E-15, 0.0000000000000000000 ) ) ;
#82 = VERTEX_POINT ( 'NONE', #1584 ) ;
#83 = VECTOR ( 'NONE', #2401, 999.9999999999998863 ) ;
#84 = AXIS2_PLACEMENT_3D ( 'NONE', #3089, #3065, #3056 ) ;
#85 = DIRECTION ( 'NONE',  ( 0.0000000000000000000, -1.000000000000000000, 0.0000000000000000000 ) ) ;
#86 = AXIS2_PLACEMENT_3D ( 'NONE', #3121, #3117, #3108 ) ;
#87 = ORIENTED_EDGE ( 'NONE', *, *, #3397, .T. ) ;
#88 = LINE ( 'NONE', #2515, #83 ) ;
#89 = CARTESIAN_POINT ( 'NONE',  ( -31.74999999999995737, 0.0000000000000000000, 0.0000000000000000000 ) ) ;
#90 = EDGE_CURVE ( 'NONE', #4813, #4228, #2778, .T. ) ;
#91 = ORIENTED_EDGE ( 'NONE', *, *, #3406, .F. ) ;
#92 = AXIS2_PLACEMENT_3D ( 'NONE', #3176, #3170, #3166 ) ;
#93 = DIRECTION ( 'NONE',  ( -1.000000000000000000, -0.0000000000000000000, -0.0000000000000000000 ) ) ;
#94 = AXIS2_PLACEMENT_3D ( 'NONE', #3230, #3227, #3222 ) ;
#95 = FACE_OUTER_BOUND ( 'NONE', #2811, .T. ) ;
#96 = DIRECTION ( 'NONE',  ( -1.000000000000000000, -1.224606353822377258E-16, -0.0000000000000000000 ) ) ;
#97 = VECTOR ( 'NONE', #5201, 1000.000000000000114 ) ;
#98 = EDGE_CURVE ( 'NONE', #4176, #3829, #2700, .T. ) ;
#99 = AXIS2_PLACEMENT_3D ( 'NONE', #3307, #3350, #3301 ) ;
#100 = ADVANCED_FACE ( 'NONE', ( #2648 ), #2518, .T. ) ;
#101 = DIRECTION ( 'NONE',  ( -0.5735764363510474917, 0.8191520442889909104, 1.003171929053523761E-16 ) ) ;
#102 = AXIS2_PLACEMENT_3D ( 'NONE', #3291, #3287, #3286 ) ;
#103 = CARTESIAN_POINT ( 'NONE',  ( 42.60416666666667140, 2.164491730381051252E-15, 0.0000000000000000000 ) ) ;
#104 = LINE ( 'NONE', #2126, #1057 ) ;
#105 = EDGE_LOOP ( 'NONE', ( #2819, #1549, #3808, #3921, #5161 ) ) ;
#106 = CONICAL_SURFACE ( 'NONE', #856, 4.172000000000002373, 0.9599310885968798113 ) ;
#107 = VECTOR ( 'NONE', #4358, 1000.000000000000000 ) ;
#108 = ADVANCED_FACE ( 'NONE', ( #2707, #2763 ), #3854, .T. ) ;
#109 = CARTESIAN_POINT ( 'NONE',  ( 30.19106149169569520, 2.093492502277375926E-15, 0.0000000000000000000 ) ) ;
#110 = VECTOR ( 'NONE', #78, 1000.000000000000114 ) ;
#111 = CARTESIAN_POINT ( 'NONE',  ( 16.87856149169569164, -4.776306262080344916E-29, 5.000000000000001776 ) ) ;
#112 = AXIS2_PLACEMENT_3D ( 'NONE', #3342, #3329, #1054 ) ;
#113 = EDGE_LOOP ( 'NONE', ( #1351, #1337, #1578, #4278, #1772 ) ) ;
#114 = LINE ( 'NONE', #4698, #5207 ) ;
#115 = CIRCLE ( 'NONE', #84, 5.000000000000002665 ) ;
#116 = AXIS2_PLACEMENT_3D ( 'NONE', #3407, #3396, #3391 ) ;
#117 = AXIS2_PLACEMENT_3D ( 'NONE', #4881, #4435, #2233 ) ;
#118 = DIRECTION ( 'NONE',  ( 0.0000000000000000000, -1.000000000000000000, 0.0000000000000000000 ) ) ;
#119 = ORIENTED_EDGE ( 'NONE', *, *, #5049, .F. ) ;
#120 = DIRECTION ( 'NONE',  ( -1.000000000000000000, -1.224606353822377258E-16, -0.0000000000000000000 ) ) ;
#121 = ORIENTED_EDGE ( 'NONE', *, *, #2685, .T. ) ;
#122 = VERTEX_POINT ( 'NONE', #3635 ) ;
#123 = EDGE_CURVE ( 'NONE', #4812, #593, #2619, .T. ) ;
#124 = EDGE_CURVE ( 'NONE', #2247, #4383, #2634, .T. ) ;
#125 = FACE_OUTER_BOUND ( 'NONE', #1000, .T. ) ;
#126 = EDGE_LOOP ( 'NONE', ( #1852, #361, #1940, #2793, #1916 ) ) ;
#127 = AXIS2_PLACEMENT_3D ( 'NONE', #3447, #3445, #3438 ) ;
#128 = AXIS2_PLACEMENT_3D ( 'NONE', #1681, #1679, #1673 ) ;
#129 = DIRECTION ( 'NONE',  ( -1.000000000000000000, -1.224606353822377258E-16, -0.0000000000000000000 ) ) ;
#130 = DIRECTION ( 'NONE',  ( 1.000000000000000000, 1.224606353822377258E-16, 0.0000000000000000000 ) ) ;
#131 = CIRCLE ( 'NONE', #1394, 5.000000000000001776 ) ;
#132 = ORIENTED_EDGE ( 'NONE', *, *, #4075, .T. ) ;
#133 = VECTOR ( 'NONE', #2296, 1000.000000000000000 ) ;
#134 = DIRECTION ( 'NONE',  ( 0.0000000000000000000, -1.000000000000000000, 0.0000000000000000000 ) ) ;
#135 = VERTEX_POINT ( 'NONE', #3810 ) ;
#136 = VECTOR ( 'NONE', #2314, 1000.000000000000000 ) ;
#137 = DIRECTION ( 'NONE',  ( 0.0000000000000000000, -1.000000000000000000, 0.0000000000000000000 ) ) ;
#138 = EDGE_CURVE ( 'NONE', #1333, #1551, #2638, .T. ) ;
#139 = VERTEX_POINT ( 'NONE', #3974 ) ;
#140 = AXIS2_PLACEMENT_3D ( 'NONE', #3488, #3483, #3477 ) ;
#141 = EDGE_CURVE ( 'NONE', #2146, #2960, #2403, .T. ) ;
#142 = ORIENTED_EDGE ( 'NONE', *, *, #3492, .F. ) ;
#143 = FACE_OUTER_BOUND ( 'NONE', #2074, .T. ) ;
#144 = DIRECTION ( 'NONE',  ( 0.0000000000000000000, 1.000000000000000000, 0.0000000000000000000 ) ) ;
#145 = CARTESIAN_POINT ( 'NONE',  ( 25.75356149169569164, 2.093492502277375926E-15, 0.0000000000000000000 ) ) ;
#146 = ORIENTED_EDGE ( 'NONE', *, *, #3493, .F. ) ;
#147 = VERTEX_POINT ( 'NONE', #2804 ) ;
#148 = AXIS2_PLACEMENT_3D ( 'NONE', #3617, #3613, #3607 ) ;
#149 = ADVANCED_FACE ( 'NONE', ( #2752 ), #2499, .T. ) ;
#150 = ORIENTED_EDGE ( 'NONE', *, *, #3353, .T. ) ;
#151 = VECTOR ( 'NONE', #5318, 1000.000000000000000 ) ;
#152 = DIRECTION ( 'NONE',  ( 0.0000000000000000000, 1.000000000000000000, 0.0000000000000000000 ) ) ;
#153 = DIRECTION ( 'NONE',  ( -1.000000000000000000, -1.224606353822377258E-16, -0.0000000000000000000 ) ) ;
#154 = ORIENTED_EDGE ( 'NONE', *, *, #3112, .F. ) ;
#155 = ORIENTED_EDGE ( 'NONE', *, *, #4046, .F. ) ;
#156 = LINE ( 'NONE', #2171, #107 ) ;
#157 = DIRECTION ( 'NONE',  ( 0.0000000000000000000, -1.000000000000000000, 0.0000000000000000000 ) ) ;
#158 = AXIS2_PLACEMENT_3D ( 'NONE', #3568, #3565, #3561 ) ;
#159 = CARTESIAN_POINT ( 'NONE',  ( 19.51727184163763695, 2.235490958484726577E-15, 0.0000000000000000000 ) ) ;
#160 = LINE ( 'NONE', #3177, #136 ) ;
#161 = DIRECTION ( 'NONE',  ( 0.0000000000000000000, -1.000000000000000000, 0.0000000000000000000 ) ) ;
#162 = CARTESIAN_POINT ( 'NONE',  ( 35.20833333333333570, 2.164491730381051252E-15, 0.0000000000000000000 ) ) ;
#163 = VECTOR ( 'NONE', #388, 999.9999999999998863 ) ;
#164 = DIRECTION ( 'NONE',  ( -1.000000000000000000, -1.224606353822377258E-16, -0.0000000000000000000 ) ) ;
#165 = DIRECTION ( 'NONE',  ( -0.5735764363510472696, -0.8191520442889910214, 0.0000000000000000000 ) ) ;
#166 = VECTOR ( 'NONE', #4077, 1000.000000000000114 ) ;
#167 = DIRECTION ( 'NONE',  ( -1.000000000000000000, -1.224606353822377258E-16, -0.0000000000000000000 ) ) ;
#168 = AXIS2_PLACEMENT_3D ( 'NONE', #3580, #3598, #3569 ) ;
#169 = ORIENTED_EDGE ( 'NONE', *, *, #3571, .T. ) ;
#170 = DIRECTION ( 'NONE',  ( 0.0000000000000000000, -0.5000000000000014433, -0.8660254037844378194 ) ) ;
#171 = CONICAL_SURFACE ( 'NONE', #1410, 5.000000000000002665, 0.9599310885968831419 ) ;
#172 = CIRCLE ( 'NONE', #1135, 5.000000000000002665 ) ;
#173 = AXIS2_PLACEMENT_3D ( 'NONE', #4030, #3989, #3417 ) ;
#174 = DIRECTION ( 'NONE',  ( 1.000000000000000000, 1.224606353822377258E-16, 0.0000000000000000000 ) ) ;
#175 = AXIS2_PLACEMENT_3D ( 'NONE', #3743, #3821, #3734 ) ;
#176 = CARTESIAN_POINT ( 'NONE',  ( 25.43393850830430480, 2.235490958484726577E-15, 0.0000000000000000000 ) ) ;
#177 = LINE ( 'NONE', #3665, #5247 ) ;
#178 = ORIENTED_EDGE ( 'NONE', *, *, #5049, .T. ) ;
#179 = CIRCLE ( 'NONE', #1401, 5.000000000000002665 ) ;
#180 = ORIENTED_EDGE ( 'NONE', *, *, #3143, .T. ) ;
#181 = CARTESIAN_POINT ( 'NONE',  ( 24.85416666666667140, 2.164491730381051252E-15, 0.0000000000000000000 ) ) ;
#182 = CARTESIAN_POINT ( 'NONE',  ( 43.18393850830430836, -5.161492250957792086E-29, 5.000000000000002665 ) ) ;
#183 = AXIS2_PLACEMENT_3D ( 'NONE', #3681, #3673, #3668 ) ;
#184 = ADVANCED_FACE ( 'NONE', ( #4072 ), #2603, .T. ) ;
#185 = EDGE_LOOP ( 'NONE', ( #1376, #3262, #3325, #5137, #3448 ) ) ;
#186 = AXIS2_PLACEMENT_3D ( 'NONE', #3809, #3823, #3805 ) ;
#187 = EDGE_CURVE ( 'NONE', #139, #1726, #2584, .T. ) ;
#188 = LINE ( 'NONE', #4023, #4854 ) ;
#189 = CARTESIAN_POINT ( 'NONE',  ( 5.000000000000000000, -3.513898075855367509, -2.028750000000000497 ) ) ;
#190 = ORIENTED_EDGE ( 'NONE', *, *, #4719, .F. ) ;
#191 = VECTOR ( 'NONE', #2213, 1000.000000000000000 ) ;
#192 = CARTESIAN_POINT ( 'NONE',  ( -31.74999999999995737, 0.0000000000000000000, 0.0000000000000000000 ) ) ;
#193 = ORIENTED_EDGE ( 'NONE', *, *, #4529, .F. ) ;
#194 = CIRCLE ( 'NONE', #985, 5.000000000000001776 ) ;
#195 = CIRCLE ( 'NONE', #12, 5.000000000000002665 ) ;
#196 = AXIS2_PLACEMENT_3D ( 'NONE', #1324, #1320, #1316 ) ;
#197 = CIRCLE ( 'NONE', #689, 5.000000000000001776 ) ;
#198 = DIRECTION ( 'NONE',  ( -1.000000000000000000, -1.224606353822377258E-16, -0.0000000000000000000 ) ) ;
#199 = ORIENTED_EDGE ( 'NONE', *, *, #4438, .F. ) ;
#200 =( LENGTH_UNIT ( ) NAMED_UNIT ( * ) SI_UNIT ( .MILLI., .METRE. ) );
#201 = VECTOR ( 'NONE', #4596, 999.9999999999998863 ) ;
#202 = LINE ( 'NONE', #3136, #151 ) ;
#203 = CARTESIAN_POINT ( 'NONE',  ( 29.87143850830430836, 2.235490958484726577E-15, 0.0000000000000000000 ) ) ;
#204 = DIRECTION ( 'NONE',  ( 1.000000000000000000, 1.224606353822377258E-16, 0.0000000000000000000 ) ) ;
#205 = VERTEX_POINT ( 'NONE', #3625 ) ;
#206 = LINE ( 'NONE', #2115, #227 ) ;
#207 = ORIENTED_EDGE ( 'NONE', *, *, #2628, .T. ) ;
#208 = LINE ( 'NONE', #2133, #191 ) ;
#209 = DIRECTION ( 'NONE',  ( 0.0000000000000000000, -1.000000000000000000, 0.0000000000000000000 ) ) ;
#210 = DIRECTION ( 'NONE',  ( -1.000000000000000000, -1.224606353822377258E-16, -0.0000000000000000000 ) ) ;
#211 = DIRECTION ( 'NONE',  ( 0.0000000000000000000, 0.0000000000000000000, 1.000000000000000000 ) ) ;
#212 = DIRECTION ( 'NONE',  ( -1.000000000000000000, -0.0000000000000000000, -0.0000000000000000000 ) ) ;
#213 = AXIS2_PLACEMENT_3D ( 'NONE', #3732, #3728, #3725 ) ;
#214 = AXIS2_PLACEMENT_3D ( 'NONE', #3646, #3637, #3633 ) ;
#215 = AXIS2_PLACEMENT_3D ( 'NONE', #3804, #3792, #3787 ) ;
#216 = CARTESIAN_POINT ( 'NONE',  ( 15.39939482502902557, 2.093492502277375926E-15, 0.0000000000000000000 ) ) ;
#217 = CARTESIAN_POINT ( 'NONE',  ( 26.91310517497097621, 2.235490958484726577E-15, 0.0000000000000000000 ) ) ;
#218 = DIRECTION ( 'NONE',  ( 0.0000000000000000000, -1.000000000000000000, 0.0000000000000000000 ) ) ;
#219 = FACE_OUTER_BOUND ( 'NONE', #281, .T. ) ;
#220 = AXIS2_PLACEMENT_3D ( 'NONE', #3867, #3903, #3872 ) ;
#221 = ORIENTED_EDGE ( 'NONE', *, *, #3661, .F. ) ;
#222 = ORIENTED_EDGE ( 'NONE', *, *, #4306, .T. ) ;
#223 = CIRCLE ( 'NONE', #1414, 5.000000000000002665 ) ;
#224 = DIRECTION ( 'NONE',  ( 0.0000000000000000000, 1.000000000000000000, 0.0000000000000000000 ) ) ;
#225 = DIRECTION ( 'NONE',  ( -1.000000000000000000, -1.224606353822377258E-16, -0.0000000000000000000 ) ) ;
#226 = ORIENTED_EDGE ( 'NONE', *, *, #4329, .F. ) ;
#227 = VECTOR ( 'NONE', #1049, 1000.000000000000000 ) ;
#228 = AXIS2_PLACEMENT_3D ( 'NONE', #3858, #3853, #3846 ) ;
#229 = DIRECTION ( 'NONE',  ( 0.0000000000000000000, 1.000000000000000000, 0.0000000000000000000 ) ) ;
#230 = AXIS2_PLACEMENT_3D ( 'NONE', #3999, #3975, #3954 ) ;
#231 = CIRCLE ( 'NONE', #4184, 4.172000000000002373 ) ;
#232 = ORIENTED_EDGE ( 'NONE', *, *, #3208, .F. ) ;
#233 = CIRCLE ( 'NONE', #1411, 5.000000000000002665 ) ;
#234 = DIRECTION ( 'NONE',  ( 0.0000000000000000000, -1.000000000000000000, 0.0000000000000000000 ) ) ;
#235 = CARTESIAN_POINT ( 'NONE',  ( -31.74999999999995737, 6.123233995736628232E-16, -4.999999999999887201 ) ) ;
#236 = DIRECTION ( 'NONE',  ( -1.000000000000000000, -1.224606353822377258E-16, -0.0000000000000000000 ) ) ;
#237 = AXIS2_PLACEMENT_3D ( 'NONE', #3923, #3918, #3917 ) ;
#238 = ORIENTED_EDGE ( 'NONE', *, *, #3067, .T. ) ;
#239 = ADVANCED_FACE ( 'NONE', ( #2577 ), #2466, .T. ) ;
#240 = VECTOR ( 'NONE', #4739, 999.9999999999998863 ) ;
#241 = CYLINDRICAL_SURFACE ( 'NONE', #587, 4.999999999999887201 ) ;
#242 = DIRECTION ( 'NONE',  ( -1.000000000000000000, -1.224606353822377258E-16, -0.0000000000000000000 ) ) ;
#243 = CARTESIAN_POINT ( 'NONE',  ( -31.74999999999995737, 0.0000000000000000000, 0.0000000000000000000 ) ) ;
#244 = VERTEX_POINT ( 'NONE', #753 ) ;
#245 = ADVANCED_FACE ( 'NONE', ( #2439 ), #2562, .T. ) ;
#246 = ADVANCED_FACE ( 'NONE', ( #2507 ), #2455, .T. ) ;
#247 = AXIS2_PLACEMENT_3D ( 'NONE', #3893, #3888, #3881 ) ;
#248 = CARTESIAN_POINT ( 'NONE',  ( 15.39939482502902557, 2.093492502277375926E-15, 0.0000000000000000000 ) ) ;
#249 = CARTESIAN_POINT ( 'NONE',  ( -31.74999999999995737, 6.123233995736628232E-16, -4.999999999999887201 ) ) ;
#250 = VECTOR ( 'NONE', #1460, 1000.000000000000114 ) ;
#251 = ORIENTED_EDGE ( 'NONE', *, *, #4315, .T. ) ;
#252 = DIRECTION ( 'NONE',  ( 1.000000000000000000, 1.224606353822377258E-16, 0.0000000000000000000 ) ) ;
#253 = CARTESIAN_POINT ( 'NONE',  ( 5.000000000000000000, -4.685197434473821865, 3.469446951953614189E-15 ) ) ;
#254 = ORIENTED_EDGE ( 'NONE', *, *, #4055, .T. ) ;
#255 = CYLINDRICAL_SURFACE ( 'NONE', #230, 4.999999999999887201 ) ;
#256 = CIRCLE ( 'NONE', #1415, 5.000000000000002665 ) ;
#257 = ADVANCED_FACE ( 'NONE', ( #2783 ), #2484, .T. ) ;
#258 = UNCERTAINTY_MEASURE_WITH_UNIT (LENGTH_MEASURE( 1.000000000000000082E-05 ), #4017, 'distance_accuracy_value', 'NONE');
#259 = CARTESIAN_POINT ( 'NONE',  ( 46.14227184163763695, -5.238529448733281520E-29, 5.000000000000002665 ) ) ;
#260 = CARTESIAN_POINT ( 'NONE',  ( 36.68750000000000711, 2.164491730381051252E-15, 0.0000000000000000000 ) ) ;
#261 = VECTOR ( 'NONE', #2308, 1000.000000000000114 ) ;
#262 = VECTOR ( 'NONE', #4747, 1000.000000000000000 ) ;
#263 = AXIS2_PLACEMENT_3D ( 'NONE', #4010, #4004, #4003 ) ;
#264 = AXIS2_PLACEMENT_3D ( 'NONE', #4087, #4097, #4074 ) ;
#265 = VERTEX_POINT ( 'NONE', #677 ) ;
#266 = VECTOR ( 'NONE', #4502, 999.9999999999998863 ) ;
#267 = ORIENTED_EDGE ( 'NONE', *, *, #3150, .F. ) ;
#268 = DIRECTION ( 'NONE',  ( 0.0000000000000000000, 1.000000000000000000, 0.0000000000000000000 ) ) ;
#269 = CARTESIAN_POINT ( 'NONE',  ( 10.40000000000000036, 0.0000000000000000000, 4.999999999999887201 ) ) ;
#270 = ORIENTED_EDGE ( 'NONE', *, *, #4977, .F. ) ;
#271 = AXIS2_PLACEMENT_3D ( 'NONE', #1265, #1260, #1254 ) ;
#272 = AXIS2_PLACEMENT_3D ( 'NONE', #4195, #4103, #4101 ) ;
#273 = ORIENTED_EDGE ( 'NONE', *, *, #4008, .T. ) ;
#274 = ADVANCED_FACE ( 'NONE', ( #2511 ), #720, .T. ) ;
#275 = CIRCLE ( 'NONE', #1416, 5.000000000000002665 ) ;
#276 = DIRECTION ( 'NONE',  ( 0.0000000000000000000, -1.000000000000000000, 0.0000000000000000000 ) ) ;
#277 = ORIENTED_EDGE ( 'NONE', *, *, #3611, .T. ) ;
#278 = ADVANCED_FACE ( 'NONE', ( #2429 ), #572, .F. ) ;
#279 = VECTOR ( 'NONE', #1708, 1000.000000000000000 ) ;
#280 = DIRECTION ( 'NONE',  ( -1.000000000000000000, -1.224606353822377258E-16, -0.0000000000000000000 ) ) ;
#281 = EDGE_LOOP ( 'NONE', ( #3366, #3442, #3514, #3553, #3701 ) ) ;
#282 = LINE ( 'NONE', #2143, #279 ) ;
#283 = ORIENTED_EDGE ( 'NONE', *, *, #3593, .T. ) ;
#284 = AXIS2_PLACEMENT_3D ( 'NONE', #4069, #4068, #4061 ) ;
#285 = CARTESIAN_POINT ( 'NONE',  ( 31.35060517497097266, 2.235490958484726577E-15, 0.0000000000000000000 ) ) ;
#286 = AXIS2_PLACEMENT_3D ( 'NONE', #809, #807, #781 ) ;
#287 = DIRECTION ( 'NONE',  ( -1.000000000000000000, -1.224606353822377258E-16, -0.0000000000000000000 ) ) ;
#288 = ADVANCED_FACE ( 'NONE', ( #2860 ), #5280, .T. ) ;
#289 = CARTESIAN_POINT ( 'NONE',  ( 28.39227184163763695, 5.000000000000004441, 0.0000000000000000000 ) ) ;
#290 = AXIS2_PLACEMENT_3D ( 'NONE', #4164, #4158, #4144 ) ;
#291 = ORIENTED_EDGE ( 'NONE', *, *, #3353, .F. ) ;
#292 = LINE ( 'NONE', #235, #262 ) ;
#293 = CARTESIAN_POINT ( 'NONE',  ( 15.97916666666666963, 2.164491730381051252E-15, 0.0000000000000000000 ) ) ;
#294 = DIRECTION ( 'NONE',  ( -1.000000000000000000, -1.224606353822377258E-16, -0.0000000000000000000 ) ) ;
#295 = ORIENTED_EDGE ( 'NONE', *, *, #3469, .F. ) ;
#296 = AXIS2_PLACEMENT_3D ( 'NONE', #4192, #4190, #4187 ) ;
#297 = CARTESIAN_POINT ( 'NONE',  ( 15.97916666666666963, 4.172000000000004150, 5.109226446042759579E-16 ) ) ;
#298 = ORIENTED_EDGE ( 'NONE', *, *, #4550, .T. ) ;
#299 = LINE ( 'NONE', #2974, #240 ) ;
#300 = AXIS2_PLACEMENT_3D ( 'NONE', #680, #668, #657 ) ;
#301 = AXIS2_PLACEMENT_3D ( 'NONE', #4219, #4213, #4206 ) ;
#302 = CARTESIAN_POINT ( 'NONE',  ( 5.000000000000000000, -2.342598717236908268, 4.057500000000003659 ) ) ;
#303 = DIRECTION ( 'NONE',  ( 0.0000000000000000000, 1.000000000000000000, 0.0000000000000000000 ) ) ;
#304 = CIRCLE ( 'NONE', #1424, 4.172000000000002373 ) ;
#305 = ADVANCED_FACE ( 'NONE', ( #2658 ), #5098, .T. ) ;
#306 = VERTEX_POINT ( 'NONE', #4335 ) ;
#307 = CARTESIAN_POINT ( 'NONE',  ( 21.31606149169569520, 6.123233995736290008E-16, -5.000000000000001776 ) ) ;
#308 = DIRECTION ( 'NONE',  ( -1.000000000000000000, -1.224606353822377258E-16, -0.0000000000000000000 ) ) ;
#309 = CARTESIAN_POINT ( 'NONE',  ( 40.54522815836236305, -4.999999999999999112, 0.0000000000000000000 ) ) ;
#310 = ADVANCED_FACE ( 'NONE', ( #5078 ), #5070, .T. ) ;
#311 = VECTOR ( 'NONE', #1244, 1000.000000000000000 ) ;
#312 = CYLINDRICAL_SURFACE ( 'NONE', #3078, 4.999999999999887201 ) ;
#313 = AXIS2_PLACEMENT_3D ( 'NONE', #4252, #4249, #4246 ) ;
#314 = AXIS2_PLACEMENT_3D ( 'NONE', #4384, #4321, #4305 ) ;
#315 = DIRECTION ( 'NONE',  ( -1.000000000000000000, -0.0000000000000000000, -0.0000000000000000000 ) ) ;
#316 = ORIENTED_EDGE ( 'NONE', *, *, #5035, .T. ) ;
#317 = DIRECTION ( 'NONE',  ( 0.0000000000000000000, 0.0000000000000000000, 1.000000000000000000 ) ) ;
#318 = CIRCLE ( 'NONE', #990, 5.000000000000002665 ) ;
#319 = ADVANCED_FACE ( 'NONE', ( #5275 ), #4954, .T. ) ;
#320 = AXIS2_PLACEMENT_3D ( 'NONE', #4337, #4326, #4325 ) ;
#321 = CIRCLE ( 'NONE', #1131, 5.000000000000002665 ) ;
#322 = DIRECTION ( 'NONE',  ( -1.000000000000000000, -1.224606353822377258E-16, -0.0000000000000000000 ) ) ;
#323 = ORIENTED_EDGE ( 'NONE', *, *, #4343, .F. ) ;
#324 = ADVANCED_FACE ( 'NONE', ( #2494 ), #358, .F. ) ;
#325 = DIRECTION ( 'NONE',  ( 0.0000000000000000000, 0.4999999999999992784, -0.8660254037844390407 ) ) ;
#326 = CARTESIAN_POINT ( 'NONE',  ( -31.74999999999995737, 0.0000000000000000000, 0.0000000000000000000 ) ) ;
#327 = ORIENTED_EDGE ( 'NONE', *, *, #3167, .T. ) ;
#328 = CONICAL_SURFACE ( 'NONE', #168, 4.172000000000002373, 0.9599310885968798113 ) ;
#329 = VERTEX_POINT ( 'NONE', #370 ) ;
#330 = CARTESIAN_POINT ( 'NONE',  ( 40.54522815836236305, -4.699269064304855481E-29, 5.000000000000001776 ) ) ;
#331 = CARTESIAN_POINT ( 'NONE',  ( 37.26727184163763695, 2.235490958484726577E-15, 0.0000000000000000000 ) ) ;
#332 = CARTESIAN_POINT ( 'NONE',  ( 16.55893850830430480, 2.235490958484726577E-15, 0.0000000000000000000 ) ) ;
#333 = EDGE_LOOP ( 'NONE', ( #4271, #251, #2329, #2325, #5195 ) ) ;
#334 = VECTOR ( 'NONE', #4879, 1000.000000000000114 ) ;
#335 = ORIENTED_EDGE ( 'NONE', *, *, #4055, .F. ) ;
#336 = ADVANCED_FACE ( 'NONE', ( #2410 ), #4714, .T. ) ;
#337 = DIRECTION ( 'NONE',  ( 0.0000000000000000000, 1.000000000000000000, 0.0000000000000000000 ) ) ;
#338 = DIRECTION ( 'NONE',  ( 0.0000000000000000000, -1.000000000000000000, 0.0000000000000000000 ) ) ;
#339 = ADVANCED_FACE ( 'NONE', ( #2899 ), #5002, .T. ) ;
#340 = DIRECTION ( 'NONE',  ( 0.0000000000000000000, 0.0000000000000000000, -1.000000000000000000 ) ) ;
#341 = LINE ( 'NONE', #5261, #3771 ) ;
#342 = AXIS2_PLACEMENT_3D ( 'NONE', #4378, #4372, #4371 ) ;
#343 = AXIS2_PLACEMENT_3D ( 'NONE', #4428, #4420, #4531 ) ;
#344 = AXIS2_PLACEMENT_3D ( 'NONE', #4447, #4444, #4441 ) ;
#345 = CARTESIAN_POINT ( 'NONE',  ( -31.74999999999995737, 0.0000000000000000000, 4.999999999999887201 ) ) ;
#346 = CONICAL_SURFACE ( 'NONE', #578, 5.000000000000002665, 0.9599310885968831419 ) ;
#347 = DIRECTION ( 'NONE',  ( -1.000000000000000000, -0.0000000000000000000, -0.0000000000000000000 ) ) ;
#348 = DIRECTION ( 'NONE',  ( 0.0000000000000000000, 0.0000000000000000000, 1.000000000000000000 ) ) ;
#349 = CARTESIAN_POINT ( 'NONE',  ( 5.000000000000000000, -2.342598717236908268, 4.057500000000003659 ) ) ;
#350 = ORIENTED_EDGE ( 'NONE', *, *, #2531, .T. ) ;
#351 = ORIENTED_EDGE ( 'NONE', *, *, #4955, .T. ) ;
#352 = AXIS2_PLACEMENT_3D ( 'NONE', #4487, #4486, #4481 ) ;
#353 = DIRECTION ( 'NONE',  ( 0.0000000000000000000, -1.000000000000000000, 0.0000000000000000000 ) ) ;
#354 = CARTESIAN_POINT ( 'NONE',  ( 22.47560517497097266, -5.161492250957792086E-29, 5.000000000000002665 ) ) ;
#355 = ORIENTED_EDGE ( 'NONE', *, *, #5270, .T. ) ;
#356 = CARTESIAN_POINT ( 'NONE',  ( 50.00000000000000000, 0.0000000000000000000, 4.171999999999999709 ) ) ;
#357 = CARTESIAN_POINT ( 'NONE',  ( 29.87143850830430836, 2.235490958484726577E-15, 0.0000000000000000000 ) ) ;
#358 = PLANE ( 'NONE',  #2167 ) ;
#359 = AXIS2_PLACEMENT_3D ( 'NONE', #4522, #4519, #4517 ) ;
#360 = CYLINDRICAL_SURFACE ( 'NONE', #1199, 4.999999999999887201 ) ;
#361 = ORIENTED_EDGE ( 'NONE', *, *, #3238, .T. ) ;
#362 = DIRECTION ( 'NONE',  ( -1.000000000000000000, -1.224606353822377258E-16, -0.0000000000000000000 ) ) ;
#363 = DIRECTION ( 'NONE',  ( 1.000000000000000000, 1.224606353822377258E-16, 0.0000000000000000000 ) ) ;
#364 = AXIS2_PLACEMENT_3D ( 'NONE', #4572, #4564, #4562 ) ;
#365 = AXIS2_PLACEMENT_3D ( 'NONE', #4621, #4619, #4614 ) ;
#366 = ADVANCED_FACE ( 'NONE', ( #2549 ), #2679, .F. ) ;
#367 = EDGE_LOOP ( 'NONE', ( #1080, #1202, #1257, #1408, #1436 ) ) ;
#368 = ADVANCED_FACE ( 'NONE', ( #4606 ), #4617, .T. ) ;
#369 = CARTESIAN_POINT ( 'NONE',  ( 16.55893850830430480, 2.235490958484726577E-15, 0.0000000000000000000 ) ) ;
#370 = CARTESIAN_POINT ( 'NONE',  ( 39.06606149169569875, -4.776306262080344916E-29, 5.000000000000001776 ) ) ;
#371 = DIRECTION ( 'NONE',  ( -1.000000000000000000, -1.224606353822377258E-16, -0.0000000000000000000 ) ) ;
#372 = DIRECTION ( 'NONE',  ( -1.000000000000000000, -0.0000000000000000000, -0.0000000000000000000 ) ) ;
#373 = DIRECTION ( 'NONE',  ( -1.000000000000000000, -0.0000000000000000000, -0.0000000000000000000 ) ) ;
#374 = LINE ( 'NONE', #345, #3795 ) ;
#375 = CIRCLE ( 'NONE', #610, 5.000000000000001776 ) ;
#376 = ADVANCED_FACE ( 'NONE', ( #4494 ), #4394, .T. ) ;
#377 = AXIS2_PLACEMENT_3D ( 'NONE', #4660, #4647, #4636 ) ;
#378 = AXIS2_PLACEMENT_3D ( 'NONE', #4691, #4685, #4680 ) ;
#379 = AXIS2_PLACEMENT_3D ( 'NONE', #3281, #4643, #3659 ) ;
#380 = AXIS2_PLACEMENT_3D ( 'NONE', #1885, #1882, #1877 ) ;
#381 = DIRECTION ( 'NONE',  ( -0.5735764363510474917, 0.8191520442889909104, 1.003171929053523761E-16 ) ) ;
#382 = LINE ( 'NONE', #1235, #693 ) ;
#383 = DIRECTION ( 'NONE',  ( 0.0000000000000000000, -1.000000000000000000, 0.0000000000000000000 ) ) ;
#384 = VECTOR ( 'NONE', #625, 1000.000000000000000 ) ;
#385 = AXIS2_PLACEMENT_3D ( 'NONE', #4755, #4750, #4744 ) ;
#386 = ORIENTED_EDGE ( 'NONE', *, *, #4240, .T. ) ;
#387 = DIRECTION ( 'NONE',  ( 1.000000000000000000, 0.0000000000000000000, 0.0000000000000000000 ) ) ;
#388 = DIRECTION ( 'NONE',  ( -0.5000000000000034417, 1.060575238724904696E-16, -0.8660254037844367092 ) ) ;
#389 = CARTESIAN_POINT ( 'NONE',  ( 34.30893850830430836, -5.238529448733281520E-29, 5.000000000000002665 ) ) ;
#390 = CIRCLE ( 'NONE', #2832, 4.172000000000002373 ) ;
#391 = DIRECTION ( 'NONE',  ( 0.0000000000000000000, 0.0000000000000000000, 1.000000000000000000 ) ) ;
#392 = AXIS2_PLACEMENT_3D ( 'NONE', #4803, #4829, #4798 ) ;
#393 = CYLINDRICAL_SURFACE ( 'NONE', #1450, 4.999999999999887201 ) ;
#394 = AXIS2_PLACEMENT_3D ( 'NONE', #4795, #4791, #4789 ) ;
#395 = ADVANCED_FACE ( 'NONE', ( #4833 ), #4355, .T. ) ;
#396 = DIRECTION ( 'NONE',  ( -1.000000000000000000, -0.0000000000000000000, -0.0000000000000000000 ) ) ;
#397 = DIRECTION ( 'NONE',  ( 0.0000000000000000000, -1.000000000000000000, 0.0000000000000000000 ) ) ;
#398 = CARTESIAN_POINT ( 'NONE',  ( 5.000000000000000000, 2.342598717236898942, -4.057500000000005436 ) ) ;
#399 = SURFACE_STYLE_FILL_AREA ( #816 ) ;
#400 = LINE ( 'NONE', #1225, #163 ) ;
#401 = AXIS2_PLACEMENT_3D ( 'NONE', #4816, #4810, #4809 ) ;
#402 = AXIS2_PLACEMENT_3D ( 'NONE', #4944, #4946, #5041 ) ;
#403 = ADVANCED_FACE ( 'NONE', ( #4482 ), #3972, .T. ) ;
#404 = DIRECTION ( 'NONE',  ( 0.0000000000000000000, -1.000000000000000000, 0.0000000000000000000 ) ) ;
#405 = DIRECTION ( 'NONE',  ( 0.0000000000000000000, 0.0000000000000000000, 1.000000000000000000 ) ) ;
#406 = DIRECTION ( 'NONE',  ( -1.000000000000000000, -1.224606353822377258E-16, -0.0000000000000000000 ) ) ;
#407 = ORIENTED_EDGE ( 'NONE', *, *, #4462, .T. ) ;
#408 = CYLINDRICAL_SURFACE ( 'NONE', #1456, 4.999999999999887201 ) ;
#409 = UNCERTAINTY_MEASURE_WITH_UNIT (LENGTH_MEASURE( 1.000000000000000082E-05 ), #502, 'distance_accuracy_value', 'NONE');
#410 = EDGE_LOOP ( 'NONE', ( #4819, #4737, #4713, #4690, #4622 ) ) ;
#411 = CIRCLE ( 'NONE', #377, 5.000000000000001776 ) ;
#412 = CARTESIAN_POINT ( 'NONE',  ( 24.85416666666667140, 2.164491730381051252E-15, 0.0000000000000000000 ) ) ;
#413 = ORIENTED_EDGE ( 'NONE', *, *, #3097, .F. ) ;
#414 = DIRECTION ( 'NONE',  ( 1.000000000000000000, 1.224606353822377258E-16, 0.0000000000000000000 ) ) ;
#415 = DIRECTION ( 'NONE',  ( -1.000000000000000000, -1.224606353822377258E-16, -0.0000000000000000000 ) ) ;
#416 = ADVANCED_FACE ( 'NONE', ( #4174 ), #2341, .F. ) ;
#417 = EDGE_LOOP ( 'NONE', ( #4594, #2825, #386, #3546, #1572, #2297 ) ) ;
#418 = PRODUCT_DEFINITION_SHAPE ( 'NONE', 'NONE',  #1059 ) ;
#419 = EDGE_LOOP ( 'NONE', ( #4991, #4984, #4915, #4888, #4865 ) ) ;
#420 = FACE_OUTER_BOUND ( 'NONE', #1196, .T. ) ;
#421 = CARTESIAN_POINT ( 'NONE',  ( 23.95477184163764051, 2.235490958484726577E-15, 0.0000000000000000000 ) ) ;
#422 = DIRECTION ( 'NONE',  ( -1.000000000000000000, -0.0000000000000000000, -0.0000000000000000000 ) ) ;
#423 = CARTESIAN_POINT ( 'NONE',  ( 27.81250000000000355, -4.172000000000000597, 5.616230220889765396E-16 ) ) ;
#424 = AXIS2_PLACEMENT_3D ( 'NONE', #1050, #96, #4866 ) ;
#425 = AXIS2_PLACEMENT_3D ( 'NONE', #4005, #718, #820 ) ;
#426 = ADVANCED_FACE ( 'NONE', ( #4587 ), #3841, .T. ) ;
#427 = AXIS2_PLACEMENT_3D ( 'NONE', #4886, #4884, #4875 ) ;
#428 = VERTEX_POINT ( 'NONE', #2095 ) ;
#429 = COLOUR_RGB ( '',0.7764705882352941346, 0.7568627450980391913, 0.7372549019607843590 ) ;
#430 = CARTESIAN_POINT ( 'NONE',  ( 34.30893850830430836, 5.000000000000004441, 0.0000000000000000000 ) ) ;
#431 = DIRECTION ( 'NONE',  ( -0.0000000000000000000, -1.000000000000000000, 1.110768649713240727E-15 ) ) ;
#432 = VERTEX_POINT ( 'NONE', #1518 ) ;
#433 = FACE_OUTER_BOUND ( 'NONE', #2299, .T. ) ;
#434 = VECTOR ( 'NONE', #1529, 1000.000000000000114 ) ;
#435 = FACE_OUTER_BOUND ( 'NONE', #1528, .T. ) ;
#436 = DIRECTION ( 'NONE',  ( 0.0000000000000000000, -1.000000000000000000, 0.0000000000000000000 ) ) ;
#437 =( NAMED_UNIT ( * ) PLANE_ANGLE_UNIT ( ) SI_UNIT ( $, .RADIAN. ) );
#438 = DIRECTION ( 'NONE',  ( -1.000000000000000000, -1.224606353822377258E-16, -0.0000000000000000000 ) ) ;
#439 = ORIENTED_EDGE ( 'NONE', *, *, #4025, .F. ) ;
#440 = CONICAL_SURFACE ( 'NONE', #1467, 4.172000000000002373, 0.9599310885968798113 ) ;
#441 = ADVANCED_FACE ( 'NONE', ( #3951 ), #3644, .T. ) ;
#442 = DIRECTION ( 'NONE',  ( 0.0000000000000000000, 1.000000000000000000, 0.0000000000000000000 ) ) ;
#443 = DIRECTION ( 'NONE',  ( -1.000000000000000000, -0.0000000000000000000, -0.0000000000000000000 ) ) ;
#444 = CARTESIAN_POINT ( 'NONE',  ( 24.27439482502902734, 2.093492502277375926E-15, 0.0000000000000000000 ) ) ;
#445 = CARTESIAN_POINT ( 'NONE',  ( 33.72916666666667140, 4.172000000000004150, 0.0000000000000000000 ) ) ;
#446 = DIRECTION ( 'NONE',  ( 0.0000000000000000000, -1.000000000000000000, 0.0000000000000000000 ) ) ;
#447 = DIRECTION ( 'NONE',  ( 1.000000000000000000, 1.224606353822377258E-16, 0.0000000000000000000 ) ) ;
#448 = AXIS2_PLACEMENT_3D ( 'NONE', #4864, #4855, #4846 ) ;
#449 = AXIS2_PLACEMENT_3D ( 'NONE', #4939, #4935, #4932 ) ;
#450 = VERTEX_POINT ( 'NONE', #1388 ) ;
#451 = PRESENTATION_STYLE_ASSIGNMENT (( #3621 ) ) ;
#452 = CARTESIAN_POINT ( 'NONE',  ( 19.83689482502902379, -4.776306262080344916E-29, 5.000000000000001776 ) ) ;
#453 = CARTESIAN_POINT ( 'NONE',  ( 10.00000000000000178, 9.797174393178825657E-16, -8.000000000000000000 ) ) ;
#454 = ADVANCED_FACE ( 'NONE', ( #3631 ), #3857, .T. ) ;
#455 = AXIS2_PLACEMENT_3D ( 'NONE', #4995, #4986, #4980 ) ;
#456 = AXIS2_PLACEMENT_3D ( 'NONE', #5084, #5081, #5064 ) ;
#457 = AXIS2_PLACEMENT_3D ( 'NONE', #5337, #5295, #5290 ) ;
#458 = ORIENTED_EDGE ( 'NONE', *, *, #4797, .T. ) ;
#459 = DIRECTION ( 'NONE',  ( -1.000000000000000000, -1.224606353822377258E-16, -0.0000000000000000000 ) ) ;
#460 = CARTESIAN_POINT ( 'NONE',  ( 41.70477184163764406, 2.235490958484726577E-15, 0.0000000000000000000 ) ) ;
#461 = EDGE_LOOP ( 'NONE', ( #1183, #3790, #833, #4763, #226 ) ) ;
#462 = AXIS2_PLACEMENT_3D ( 'NONE', #2525, #3186, #650 ) ;
#463 = ORIENTED_EDGE ( 'NONE', *, *, #4535, .F. ) ;
#464 = DIRECTION ( 'NONE',  ( 0.0000000000000000000, -1.000000000000000000, 0.0000000000000000000 ) ) ;
#465 = AXIS2_PLACEMENT_3D ( 'NONE', #5177, #5169, #5164 ) ;
#466 = DIRECTION ( 'NONE',  ( -1.000000000000000000, -0.0000000000000000000, -0.0000000000000000000 ) ) ;
#467 = CARTESIAN_POINT ( 'NONE',  ( 26.91310517497097621, -5.000000000000000888, 6.123233995736771213E-16 ) ) ;
#468 = ORIENTED_EDGE ( 'NONE', *, *, #3712, .T. ) ;
#469 = FACE_OUTER_BOUND ( 'NONE', #5332, .T. ) ;
#470 = DIRECTION ( 'NONE',  ( -1.000000000000000000, -0.0000000000000000000, -0.0000000000000000000 ) ) ;
#471 = LINE ( 'NONE', #4159, #518 ) ;
#472 = CIRCLE ( 'NONE', #4128, 1.499999999999999556 ) ;
#473 = ORIENTED_EDGE ( 'NONE', *, *, #4529, .T. ) ;
#474 = APPLICATION_CONTEXT ( 'automotive_design' ) ;
#475 = VECTOR ( 'NONE', #3344, 1000.000000000000114 ) ;
#476 = AXIS2_PLACEMENT_3D ( 'NONE', #2028, #2007, #2005 ) ;
#477 = ORIENTED_EDGE ( 'NONE', *, *, #4400, .T. ) ;
#478 = EDGE_LOOP ( 'NONE', ( #4173, #1489, #2031, #267, #2782 ) ) ;
#479 = DIRECTION ( 'NONE',  ( 0.0000000000000000000, 0.0000000000000000000, 1.000000000000000000 ) ) ;
#480 = EDGE_LOOP ( 'NONE', ( #3913, #3044, #4236, #2977, #3274 ) ) ;
#481 = LINE ( 'NONE', #4956, #1275 ) ;
#482 = EDGE_LOOP ( 'NONE', ( #2013, #5244, #717, #2137, #1555 ) ) ;
#483 = CARTESIAN_POINT ( 'NONE',  ( 5.000000000000000000, -2.342598717236917594, -4.057500000000000107 ) ) ;
#484 = VECTOR ( 'NONE', #4351, 1000.000000000000114 ) ;
#485 = CARTESIAN_POINT ( 'NONE',  ( 0.0000000000000000000, 4.685197434473813871, -6.505213034913026604E-15 ) ) ;
#486 = ADVANCED_FACE ( 'NONE', ( #4268 ), #1280, .T. ) ;
#487 = CONICAL_SURFACE ( 'NONE', #1504, 5.000000000000002665, 0.9599310885968831419 ) ;
#488 = AXIS2_PLACEMENT_3D ( 'NONE', #5117, #5101, #5093 ) ;
#489 = AXIS2_PLACEMENT_3D ( 'NONE', #5276, #5266, #5263 ) ;
#490 = EDGE_LOOP ( 'NONE', ( #323, #2762, #5115, #3007, #1993 ) ) ;
#491 = AXIS2_PLACEMENT_3D ( 'NONE', #5327, #5323, #5311 ) ;
#492 = CARTESIAN_POINT ( 'NONE',  ( 46.14227184163763695, 2.235490958484726577E-15, 0.0000000000000000000 ) ) ;
#493 = CARTESIAN_POINT ( 'NONE',  ( 30.19106149169569520, 5.000000000000004441, 6.123233995736769241E-16 ) ) ;
#494 = VECTOR ( 'NONE', #5155, 1000.000000000000000 ) ;
#495 = CARTESIAN_POINT ( 'NONE',  ( 28.39227184163763695, 2.235490958484726577E-15, 0.0000000000000000000 ) ) ;
#496 = EDGE_LOOP ( 'NONE', ( #1702, #2288, #798, #3091, #3939 ) ) ;
#497 = CARTESIAN_POINT ( 'NONE',  ( 34.30893850830430836, 2.235490958484726577E-15, 0.0000000000000000000 ) ) ;
#498 = FACE_OUTER_BOUND ( 'NONE', #2105, .T. ) ;
#499 = ORIENTED_EDGE ( 'NONE', *, *, #3678, .T. ) ;
#500 = CONICAL_SURFACE ( 'NONE', #1507, 4.172000000000002373, 0.9599310885968798113 ) ;
#501 = DIRECTION ( 'NONE',  ( 0.0000000000000000000, -1.000000000000000000, 0.0000000000000000000 ) ) ;
#502 =( LENGTH_UNIT ( ) NAMED_UNIT ( * ) SI_UNIT ( .MILLI., .METRE. ) );
#503 = DIRECTION ( 'NONE',  ( -1.000000000000000000, -1.224606353822377258E-16, -0.0000000000000000000 ) ) ;
#504 = CARTESIAN_POINT ( 'NONE',  ( 18.03810517497097266, -5.000000000000000888, 6.123233995736771213E-16 ) ) ;
#505 = FACE_OUTER_BOUND ( 'NONE', #2495, .T. ) ;
#506 = EDGE_LOOP ( 'NONE', ( #3711, #3480, #3880, #3206, #4627, #3819 ) ) ;
#507 = AXIS2_PLACEMENT_3D ( 'NONE', #109, #225, #161 ) ;
#508 = CYLINDRICAL_SURFACE ( 'NONE', #1457, 4.999999999999887201 ) ;
#509 = ORIENTED_EDGE ( 'NONE', *, *, #4644, .F. ) ;
#510 = FACE_OUTER_BOUND ( 'NONE', #858, .T. ) ;
#511 = CARTESIAN_POINT ( 'NONE',  ( 23.95477184163764051, 2.235490958484726577E-15, 0.0000000000000000000 ) ) ;
#512 = VERTEX_POINT ( 'NONE', #2097 ) ;
#513 = AXIS2_PLACEMENT_3D ( 'NONE', #203, #242, #134 ) ;
#514 = AXIS2_PLACEMENT_3D ( 'NONE', #4093, #2936, #3797 ) ;
#515 = ADVANCED_FACE ( 'NONE', ( #3761 ), #1263, .F. ) ;
#516 = ORIENTED_EDGE ( 'NONE', *, *, #4045, .T. ) ;
#517 = EDGE_LOOP ( 'NONE', ( #2405, #1344, #2937, #2400, #1997 ) ) ;
#518 = VECTOR ( 'NONE', #2362, 1000.000000000000000 ) ;
#519 = ORIENTED_EDGE ( 'NONE', *, *, #5056, .T. ) ;
#520 = CARTESIAN_POINT ( 'NONE',  ( 31.35060517497097266, 2.235490958484726577E-15, 0.0000000000000000000 ) ) ;
#521 = CARTESIAN_POINT ( 'NONE',  ( 5.000000000000000000, 2.342598717236908712, 4.057499999999997442 ) ) ;
#522 = DIRECTION ( 'NONE',  ( -1.000000000000000000, -1.224606353822377258E-16, -0.0000000000000000000 ) ) ;
#523 = VERTEX_POINT ( 'NONE', #3041 ) ;
#524 = FACE_OUTER_BOUND ( 'NONE', #461, .T. ) ;
#525 = AXIS2_PLACEMENT_3D ( 'NONE', #1098, #1096, #1091 ) ;
#526 = CARTESIAN_POINT ( 'NONE',  ( 20.41666666666666785, 2.164491730381051252E-15, 0.0000000000000000000 ) ) ;
#527 = APPLICATION_CONTEXT ( 'automotive_design' ) ;
#528 = ADVANCED_FACE ( 'NONE', ( #4366 ), #2445, .T. ) ;
#529 = CARTESIAN_POINT ( 'NONE',  ( 26.91310517497097621, -5.161492250957792086E-29, 5.000000000000002665 ) ) ;
#530 = CARTESIAN_POINT ( 'NONE',  ( -31.74999999999995737, 0.0000000000000000000, 4.999999999999887201 ) ) ;
#531 = CIRCLE ( 'NONE', #1915, 5.000000000000002665 ) ;
#532 = ORIENTED_EDGE ( 'NONE', *, *, #4528, .F. ) ;
#533 = CYLINDRICAL_SURFACE ( 'NONE', #1484, 4.999999999999887201 ) ;
#534 = ORIENTED_EDGE ( 'NONE', *, *, #4059, .F. ) ;
#535 = DIRECTION ( 'NONE',  ( 0.0000000000000000000, -1.000000000000000000, 0.0000000000000000000 ) ) ;
#536 = CARTESIAN_POINT ( 'NONE',  ( 34.62856149169569164, 6.123233995736290008E-16, -5.000000000000001776 ) ) ;
#537 = CYLINDRICAL_SURFACE ( 'NONE', #1465, 4.999999999999887201 ) ;
#538 = AXIS2_PLACEMENT_3D ( 'NONE', #332, #322, #4922 ) ;
#539 = LINE ( 'NONE', #2027, #4525 ) ;
#540 = CARTESIAN_POINT ( 'NONE',  ( 35.20833333333333570, 4.172000000000004150, 0.0000000000000000000 ) ) ;
#541 = ORIENTED_EDGE ( 'NONE', *, *, #5243, .T. ) ;
#542 = CARTESIAN_POINT ( 'NONE',  ( 43.50356149169569164, 6.123233995736290008E-16, -5.000000000000001776 ) ) ;
#543 = VECTOR ( 'NONE', #3837, 999.9999999999998863 ) ;
#544 = AXIS2_PLACEMENT_3D ( 'NONE', #357, #371, #338 ) ;
#545 = AXIS2_PLACEMENT_3D ( 'NONE', #1595, #415, #404 ) ;
#546 = EDGE_LOOP ( 'NONE', ( #49, #2322, #73, #24, #91, #56 ) ) ;
#547 = DIRECTION ( 'NONE',  ( 0.0000000000000000000, 1.000000000000000000, -1.110768649713240727E-15 ) ) ;
#548 = DIRECTION ( 'NONE',  ( -0.5735764363510474917, 0.8191520442889909104, 1.003171929053523761E-16 ) ) ;
#549 = VERTEX_POINT ( 'NONE', #3043 ) ;
#550 = CONICAL_SURFACE ( 'NONE', #1509, 5.000000000000002665, 0.9599310885968831419 ) ;
#551 = ADVANCED_FACE ( 'NONE', ( #2801 ), #1686, .T. ) ;
#552 = CONICAL_SURFACE ( 'NONE', #4910, 5.000000000000002665, 0.9599310885968831419 ) ;
#553 = VERTEX_POINT ( 'NONE', #2968 ) ;
#554 = CIRCLE ( 'NONE', #263, 5.000000000000001776 ) ;
#555 = CARTESIAN_POINT ( 'NONE',  ( 34.62856149169569164, 2.093492502277375926E-15, 0.0000000000000000000 ) ) ;
#556 = CARTESIAN_POINT ( 'NONE',  ( 29.29166666666666785, 2.164491730381051252E-15, 0.0000000000000000000 ) ) ;
#557 = CARTESIAN_POINT ( 'NONE',  ( 46.46189482502902734, -4.999999999999999112, 0.0000000000000000000 ) ) ;
#558 = DIRECTION ( 'NONE',  ( -1.000000000000000000, -1.224606353822377258E-16, -0.0000000000000000000 ) ) ;
#559 = LINE ( 'NONE', #3400, #1413 ) ;
#560 = EDGE_LOOP ( 'NONE', ( #4990, #3890, #2516, #2032, #1309, #1741 ) ) ;
#561 = DIRECTION ( 'NONE',  ( 0.0000000000000000000, -1.000000000000000000, 0.0000000000000000000 ) ) ;
#562 = CARTESIAN_POINT ( 'NONE',  ( 47.62143850830430836, 5.000000000000004441, 0.0000000000000000000 ) ) ;
#563 = ORIENTED_EDGE ( 'NONE', *, *, #4386, .T. ) ;
#564 = DIRECTION ( 'NONE',  ( 1.000000000000000000, 1.224606353822377258E-16, 0.0000000000000000000 ) ) ;
#565 = LINE ( 'NONE', #1241, #575 ) ;
#566 = DIRECTION ( 'NONE',  ( -1.000000000000000000, -0.0000000000000000000, -0.0000000000000000000 ) ) ;
#567 = AXIS2_PLACEMENT_3D ( 'NONE', #495, #459, #464 ) ;
#568 = ADVANCED_FACE ( 'NONE', ( #4728 ), #1651, .T. ) ;
#569 = CIRCLE ( 'NONE', #989, 4.172000000000002373 ) ;
#570 = AXIS2_PLACEMENT_3D ( 'NONE', #611, #602, #446 ) ;
#571 = FACE_OUTER_BOUND ( 'NONE', #952, .T. ) ;
#572 = PLANE ( 'NONE',  #2236 ) ;
#573 = DIRECTION ( 'NONE',  ( -1.000000000000000000, -1.224606353822377258E-16, -0.0000000000000000000 ) ) ;
#574 = ORIENTED_EDGE ( 'NONE', *, *, #4008, .F. ) ;
#576 = ADVANCED_FACE ( 'NONE', ( #2384 ), #3527, .T. ) ;
#575 = VECTOR ( 'NONE', #170, 1000.000000000000114 ) ;
#577 = AXIS2_PLACEMENT_3D ( 'NONE', #885, #827, #936 ) ;
#578 = AXIS2_PLACEMENT_3D ( 'NONE', #641, #748, #968 ) ;
#579 = CARTESIAN_POINT ( 'NONE',  ( 19.51727184163763695, -5.161492250957792086E-29, 5.000000000000002665 ) ) ;
#580 = CARTESIAN_POINT ( 'NONE',  ( 23.37500000000000000, 2.164491730381051252E-15, 0.0000000000000000000 ) ) ;
#581 = DIRECTION ( 'NONE',  ( -1.000000000000000000, -1.224606353822377258E-16, -0.0000000000000000000 ) ) ;
#582 = ORIENTED_EDGE ( 'NONE', *, *, #4007, .F. ) ;
#583 = FACE_OUTER_BOUND ( 'NONE', #1678, .T. ) ;
#584 = ORIENTED_EDGE ( 'NONE', *, *, #4599, .T. ) ;
#585 = CARTESIAN_POINT ( 'NONE',  ( 44.98272815836236305, 2.093492502277375926E-15, 0.0000000000000000000 ) ) ;
#586 = DIRECTION ( 'NONE',  ( 0.0000000000000000000, -1.000000000000000000, 0.0000000000000000000 ) ) ;
#587 = AXIS2_PLACEMENT_3D ( 'NONE', #1076, #1051, #1045 ) ;
#588 = VECTOR ( 'NONE', #2076, 1000.000000000000000 ) ;
#589 = CIRCLE ( 'NONE', #1261, 5.000000000000002665 ) ;
#590 = ADVANCED_FACE ( 'NONE', ( #3436 ), #1619, .T. ) ;
#591 = PRODUCT_DEFINITION_CONTEXT ( 'detailed design', #527, 'design' ) ;
#592 = ADVANCED_FACE ( 'NONE', ( #4066 ), #1608, .T. ) ;
#593 = VERTEX_POINT ( 'NONE', #4138 ) ;
#594 = ADVANCED_FACE ( 'NONE', ( #1602 ), #1596, .T. ) ;
#595 = FACE_OUTER_BOUND ( 'NONE', #1793, .T. ) ;
#596 = EDGE_LOOP ( 'NONE', ( #2892, #5120, #5359, #3715, #4547 ) ) ;
#597 = AXIS2_PLACEMENT_3D ( 'NONE', #1068, #1061, #1056 ) ;
#598 = ORIENTED_EDGE ( 'NONE', *, *, #4557, .T. ) ;
#599 = ORIENTED_EDGE ( 'NONE', *, *, #4410, .T. ) ;
#600 = ADVANCED_FACE ( 'NONE', ( #1641 ), #4426, .F. ) ;
#601 = LINE ( 'NONE', #2508, #588 ) ;
#602 = DIRECTION ( 'NONE',  ( -1.000000000000000000, -1.224606353822377258E-16, -0.0000000000000000000 ) ) ;
#603 = AXIS2_PLACEMENT_3D ( 'NONE', #585, #682, #670 ) ;
#604 = AXIS2_PLACEMENT_3D ( 'NONE', #1104, #1186, #1010 ) ;
#605 = CONICAL_SURFACE ( 'NONE', #1542, 5.000000000000002665, 0.9599310885968831419 ) ;
#606 = CARTESIAN_POINT ( 'NONE',  ( 39.06606149169569875, -4.999999999999999112, 0.0000000000000000000 ) ) ;
#607 = FACE_OUTER_BOUND ( 'NONE', #2182, .T. ) ;
#608 = AXIS2_PLACEMENT_3D ( 'NONE', #1032, #1083, #1223 ) ;
#609 = CARTESIAN_POINT ( 'NONE',  ( 5.000000000000000000, 2.342598717236898942, -4.057500000000005436 ) ) ;
#610 = AXIS2_PLACEMENT_3D ( 'NONE', #887, #839, #789 ) ;
#611 = CARTESIAN_POINT ( 'NONE',  ( 43.50356149169569164, 2.093492502277375926E-15, 0.0000000000000000000 ) ) ;
#612 = ADVANCED_FACE ( 'NONE', ( #3412 ), #1575, .T. ) ;
#613 = VERTEX_POINT ( 'NONE', #3057 ) ;
#614 = CONICAL_SURFACE ( 'NONE', #1544, 4.172000000000002373, 0.9599310885968798113 ) ;
#615 = DIRECTION ( 'NONE',  ( 0.0000000000000000000, 0.8660254037844380415, -0.5000000000000011102 ) ) ;
#616 = DIRECTION ( 'NONE',  ( -1.000000000000000000, -1.224606353822377258E-16, -0.0000000000000000000 ) ) ;
#617 = DIRECTION ( 'NONE',  ( 0.0000000000000000000, -1.000000000000000000, 0.0000000000000000000 ) ) ;
#618 = LINE ( 'NONE', #46, #4425 ) ;
#619 = ADVANCED_FACE ( 'NONE', ( #1565 ), #1557, .T. ) ;
#620 = AXIS2_PLACEMENT_3D ( 'NONE', #1162, #1197, #1157 ) ;
#621 = ORIENTED_EDGE ( 'NONE', *, *, #4988, .T. ) ;
#622 = DIRECTION ( 'NONE',  ( -1.000000000000000000, -1.224606353822377258E-16, -0.0000000000000000000 ) ) ;
#623 = FACE_OUTER_BOUND ( 'NONE', #3960, .T. ) ;
#624 = LINE ( 'NONE', #1488, #3134 ) ;
#625 = DIRECTION ( 'NONE',  ( -1.000000000000000000, -0.0000000000000000000, -0.0000000000000000000 ) ) ;
#626 = VERTEX_POINT ( 'NONE', #493 ) ;
#627 = CARTESIAN_POINT ( 'NONE',  ( 33.72916666666667140, 4.172000000000004150, 5.109226446042759579E-16 ) ) ;
#628 = CONICAL_SURFACE ( 'NONE', #70, 4.172000000000002373, 0.9599310885968798113 ) ;
#629 = AXIS2_PLACEMENT_3D ( 'NONE', #1247, #1192, #1307 ) ;
#630 = CIRCLE ( 'NONE', #1526, 4.171999999999999709 ) ;
#631 = AXIS2_PLACEMENT_3D ( 'NONE', #1367, #1348, #1279 ) ;
#632 = EDGE_LOOP ( 'NONE', ( #2487, #2632, #2897, #2971, #3172 ) ) ;
#633 = DIRECTION ( 'NONE',  ( 0.0000000000000000000, 1.000000000000000000, 0.0000000000000000000 ) ) ;
#634 = ORIENTED_EDGE ( 'NONE', *, *, #3941, .T. ) ;
#635 = CARTESIAN_POINT ( 'NONE',  ( 22.79522815836235949, 2.093492502277375926E-15, 0.0000000000000000000 ) ) ;
#636 = FACE_OUTER_BOUND ( 'NONE', #2840, .T. ) ;
#637 = CARTESIAN_POINT ( 'NONE',  ( 32.25000000000000000, 2.164491730381051252E-15, 0.0000000000000000000 ) ) ;
#638 = ORIENTED_EDGE ( 'NONE', *, *, #4389, .F. ) ;
#639 = ORIENTED_EDGE ( 'NONE', *, *, #3938, .T. ) ;
#640 = FACE_OUTER_BOUND ( 'NONE', #1543, .T. ) ;
#641 = CARTESIAN_POINT ( 'NONE',  ( 32.82977184163764406, 2.235490958484726577E-15, 0.0000000000000000000 ) ) ;
#642 = VERTEX_POINT ( 'NONE', #309 ) ;
#643 = CARTESIAN_POINT ( 'NONE',  ( 5.000000000000000000, -2.342598717236908268, 4.057500000000003659 ) ) ;
#644 = FACE_OUTER_BOUND ( 'NONE', #1873, .T. ) ;
#645 = LINE ( 'NONE', #685, #3587 ) ;
#646 = ADVANCED_FACE ( 'NONE', ( #1637 ), #1655, .T. ) ;
#647 = CARTESIAN_POINT ( 'NONE',  ( 47.04166666666667140, 4.172000000000004150, 5.109226446042759579E-16 ) ) ;
#648 = CONICAL_SURFACE ( 'NONE', #1585, 4.172000000000002373, 0.9599310885968798113 ) ;
#649 = DIRECTION ( 'NONE',  ( -1.000000000000000000, -1.224606353822377258E-16, -0.0000000000000000000 ) ) ;
#650 = DIRECTION ( 'NONE',  ( 0.0000000000000000000, -1.000000000000000000, 0.0000000000000000000 ) ) ;
#651 = ORIENTED_EDGE ( 'NONE', *, *, #2683, .F. ) ;
#652 = LINE ( 'NONE', #5352, #656 ) ;
#653 = DIRECTION ( 'NONE',  ( 0.0000000000000000000, -1.110768649713240727E-15, -1.000000000000000000 ) ) ;
#654 = AXIS2_PLACEMENT_3D ( 'NONE', #1647, #1615, #1722 ) ;
#655 = ORIENTED_EDGE ( 'NONE', *, *, #4019, .T. ) ;
#656 = VECTOR ( 'NONE', #3169, 1000.000000000000000 ) ;
#657 = DIRECTION ( 'NONE',  ( 0.0000000000000000000, -1.000000000000000000, 0.0000000000000000000 ) ) ;
#658 = ORIENTED_EDGE ( 'NONE', *, *, #3538, .F. ) ;
#659 = ORIENTED_EDGE ( 'NONE', *, *, #3263, .T. ) ;
#660 = DIRECTION ( 'NONE',  ( -1.000000000000000000, -1.224606353822377258E-16, -0.0000000000000000000 ) ) ;
#661 = AXIS2_PLACEMENT_3D ( 'NONE', #1906, #1763, #1593 ) ;
#662 = AXIS2_PLACEMENT_3D ( 'NONE', #1564, #1699, #1774 ) ;
#663 = ORIENTED_EDGE ( 'NONE', *, *, #5062, .F. ) ;
#664 = FACE_OUTER_BOUND ( 'NONE', #4657, .T. ) ;
#665 = ADVANCED_FACE ( 'NONE', ( #1580 ), #1517, .T. ) ;
#666 = ORIENTED_EDGE ( 'NONE', *, *, #3454, .T. ) ;
#667 = DIRECTION ( 'NONE',  ( 0.0000000000000000000, 0.0000000000000000000, 1.000000000000000000 ) ) ;
#668 = DIRECTION ( 'NONE',  ( -1.000000000000000000, -1.224606353822377258E-16, -0.0000000000000000000 ) ) ;
#669 = LINE ( 'NONE', #2687, #711 ) ;
#670 = DIRECTION ( 'NONE',  ( 0.0000000000000000000, -1.000000000000000000, 0.0000000000000000000 ) ) ;
#671 = AXIS2_PLACEMENT_3D ( 'NONE', #1817, #1832, #1761 ) ;
#672 = LINE ( 'NONE', #5265, #3209 ) ;
#673 = FILL_AREA_STYLE ('',( #4632 ) ) ;
#674 = DIRECTION ( 'NONE',  ( 0.0000000000000000000, -1.224646799147353454E-16, 1.000000000000000000 ) ) ;
#675 = AXIS2_PLACEMENT_3D ( 'NONE', #1843, #1797, #1782 ) ;
#676 = AXIS2_PLACEMENT_3D ( 'NONE', #1934, #1710, #1899 ) ;
#677 = CARTESIAN_POINT ( 'NONE',  ( 31.35060517497097266, -5.161492250957792086E-29, 5.000000000000002665 ) ) ;
#678 = EDGE_LOOP ( 'NONE', ( #2842, #1426, #3770, #2895, #2955, #2916 ) ) ;
#679 = FACE_OUTER_BOUND ( 'NONE', #3464, .T. ) ;
#680 = CARTESIAN_POINT ( 'NONE',  ( 41.70477184163764406, 2.235490958484726577E-15, 0.0000000000000000000 ) ) ;
#681 = DIRECTION ( 'NONE',  ( -1.000000000000000000, -0.0000000000000000000, -0.0000000000000000000 ) ) ;
#682 = DIRECTION ( 'NONE',  ( -1.000000000000000000, -1.224606353822377258E-16, -0.0000000000000000000 ) ) ;
#683 = EDGE_LOOP ( 'NONE', ( #1870, #1942, #2008, #2298, #2582 ) ) ;
#684 = AXIS2_PLACEMENT_3D ( 'NONE', #3410, #3155, #2863 ) ;
#685 = CARTESIAN_POINT ( 'NONE',  ( 5.000000000000000000, 0.0000000000000000000, 4.057500000000000107 ) ) ;
#686 = ORIENTED_EDGE ( 'NONE', *, *, #3081, .T. ) ;
#687 = AXIS2_PLACEMENT_3D ( 'NONE', #2022, #1988, #4033 ) ;
#688 = CONICAL_SURFACE ( 'NONE', #1573, 5.000000000000002665, 0.9599310885968831419 ) ;
#689 = AXIS2_PLACEMENT_3D ( 'NONE', #2049, #2082, #2083 ) ;
#690 = CIRCLE ( 'NONE', #2906, 5.000000000000001776 ) ;
#691 = LINE ( 'NONE', #3900, #741 ) ;
#692 = ORIENTED_EDGE ( 'NONE', *, *, #3859, .F. ) ;
#693 = VECTOR ( 'NONE', #2951, 1000.000000000000000 ) ;
#694 = CARTESIAN_POINT ( 'NONE',  ( 47.94106149169569164, 5.000000000000004441, 6.123233995736769241E-16 ) ) ;
#695 = DIRECTION ( 'NONE',  ( -1.000000000000000000, -0.0000000000000000000, -0.0000000000000000000 ) ) ;
#696 = CARTESIAN_POINT ( 'NONE',  ( -31.74999999999995737, 0.0000000000000000000, 0.0000000000000000000 ) ) ;
#697 = DIRECTION ( 'NONE',  ( 1.000000000000000000, 1.224606353822377258E-16, 0.0000000000000000000 ) ) ;
#698 = CARTESIAN_POINT ( 'NONE',  ( 15.39939482502902557, 2.093492502277375926E-15, 0.0000000000000000000 ) ) ;
#699 = DIRECTION ( 'NONE',  ( 0.0000000000000000000, -1.000000000000000000, 0.0000000000000000000 ) ) ;
#700 = DIRECTION ( 'NONE',  ( 0.0000000000000000000, 0.0000000000000000000, 1.000000000000000000 ) ) ;
#701 = LINE ( 'NONE', #3608, #5370 ) ;
#702 = AXIS2_PLACEMENT_3D ( 'NONE', #2048, #2358, #2142 ) ;
#703 = ORIENTED_EDGE ( 'NONE', *, *, #3237, .T. ) ;
#704 = VECTOR ( 'NONE', #2572, 1000.000000000000114 ) ;
#705 = VECTOR ( 'NONE', #1757, 1000.000000000000000 ) ;
#706 = FACE_OUTER_BOUND ( 'NONE', #3931, .T. ) ;
#707 = EDGE_LOOP ( 'NONE', ( #973, #987, #1055, #1102, #1226, #1242 ) ) ;
#708 = VERTEX_POINT ( 'NONE', #483 ) ;
#709 = DIRECTION ( 'NONE',  ( -1.000000000000000000, -1.224606353822377258E-16, -0.0000000000000000000 ) ) ;
#710 = DIRECTION ( 'NONE',  ( -1.000000000000000000, -1.224606353822377258E-16, -0.0000000000000000000 ) ) ;
#711 = VECTOR ( 'NONE', #4156, 1000.000000000000114 ) ;
#712 = AXIS2_PLACEMENT_3D ( 'NONE', #2262, #2255, #2290 ) ;
#713 = AXIS2_PLACEMENT_3D ( 'NONE', #2150, #2214, #2241 ) ;
#714 = ORIENTED_EDGE ( 'NONE', *, *, #3112, .T. ) ;
#715 = EDGE_CURVE ( 'NONE', #139, #5345, #1550, .T. ) ;
#716 = LINE ( 'NONE', #4047, #1568 ) ;
#717 = ORIENTED_EDGE ( 'NONE', *, *, #3295, .F. ) ;
#718 = DIRECTION ( 'NONE',  ( -1.000000000000000000, -1.224606353822377258E-16, -0.0000000000000000000 ) ) ;
#719 = CONICAL_SURFACE ( 'NONE', #1583, 5.000000000000002665, 0.9599310885968831419 ) ;
#720 = PLANE ( 'NONE',  #2251 ) ;
#721 = CONICAL_SURFACE ( 'NONE', #3746, 4.172000000000002373, 0.9599310885968798113 ) ;
#722 = DIRECTION ( 'NONE',  ( -1.000000000000000000, -1.224606353822377258E-16, -0.0000000000000000000 ) ) ;
#723 = VERTEX_POINT ( 'NONE', #289 ) ;
#724 = AXIS2_PLACEMENT_3D ( 'NONE', #2339, #2337, #2334 ) ;
#725 = AXIS2_PLACEMENT_3D ( 'NONE', #2454, #2443, #2409 ) ;
#726 = CARTESIAN_POINT ( 'NONE',  ( 22.47560517497097266, 2.235490958484726577E-15, 0.0000000000000000000 ) ) ;
#727 = FACE_OUTER_BOUND ( 'NONE', #1289, .T. ) ;
#728 = CONICAL_SURFACE ( 'NONE', #4703, 4.172000000000002373, 0.9599310885968798113 ) ;
#729 = ORIENTED_EDGE ( 'NONE', *, *, #9, .F. ) ;
#730 = DIRECTION ( 'NONE',  ( -1.000000000000000000, -1.224606353822377258E-16, -0.0000000000000000000 ) ) ;
#731 = VERTEX_POINT ( 'NONE', #445 ) ;
#732 = CIRCLE ( 'NONE', #456, 5.000000000000001776 ) ;
#733 = ORIENTED_EDGE ( 'NONE', *, *, #2613, .T. ) ;
#734 = AXIS2_PLACEMENT_3D ( 'NONE', #2462, #2170, #2456 ) ;
#735 = CARTESIAN_POINT ( 'NONE',  ( 44.08333333333333570, 2.164491730381051252E-15, 0.0000000000000000000 ) ) ;
#736 = ADVANCED_FACE ( 'NONE', ( #1531 ), #1492, .T. ) ;
#737 = DIRECTION ( 'NONE',  ( 0.0000000000000000000, -1.000000000000000000, 0.0000000000000000000 ) ) ;
#738 = DIRECTION ( 'NONE',  ( -1.000000000000000000, -1.224606353822377258E-16, -0.0000000000000000000 ) ) ;
#739 = CYLINDRICAL_SURFACE ( 'NONE', #1493, 4.999999999999887201 ) ;
#740 = ORIENTED_EDGE ( 'NONE', *, *, #3513, .T. ) ;
#741 = VECTOR ( 'NONE', #4052, 1000.000000000000000 ) ;
#742 = DIRECTION ( 'NONE',  ( -1.000000000000000000, -0.0000000000000000000, -0.0000000000000000000 ) ) ;
#743 = DIRECTION ( 'NONE',  ( -1.000000000000000000, -0.0000000000000000000, -0.0000000000000000000 ) ) ;
#744 = CONICAL_SURFACE ( 'NONE', #1631, 5.000000000000002665, 0.9599310885968831419 ) ;
#745 = ORIENTED_EDGE ( 'NONE', *, *, #3555, .T. ) ;
#746 = ORIENTED_EDGE ( 'NONE', *, *, #4815, .F. ) ;
#747 = DIRECTION ( 'NONE',  ( 0.0000000000000000000, -1.000000000000000000, 0.0000000000000000000 ) ) ;
#748 = DIRECTION ( 'NONE',  ( 1.000000000000000000, 1.224606353822377258E-16, 0.0000000000000000000 ) ) ;
#749 = ORIENTED_EDGE ( 'NONE', *, *, #4048, .F. ) ;
#750 = AXIS2_PLACEMENT_3D ( 'NONE', #2626, #2583, #2579 ) ;
#751 = VERTEX_POINT ( 'NONE', #269 ) ;
#752 = CYLINDRICAL_SURFACE ( 'NONE', #1559, 4.999999999999887201 ) ;
#753 = CARTESIAN_POINT ( 'NONE',  ( 22.79522815836235949, 5.000000000000004441, 6.123233995736769241E-16 ) ) ;
#754 = DIRECTION ( 'NONE',  ( 0.0000000000000000000, -1.000000000000000000, 0.0000000000000000000 ) ) ;
#755 = ORIENTED_EDGE ( 'NONE', *, *, #4282, .T. ) ;
#756 = AXIS2_PLACEMENT_3D ( 'NONE', #1881, #4637, #3609 ) ;
#757 = DIRECTION ( 'NONE',  ( -1.000000000000000000, -1.224606353822377258E-16, -0.0000000000000000000 ) ) ;
#758 = CARTESIAN_POINT ( 'NONE',  ( -31.74999999999995737, 0.0000000000000000000, 0.0000000000000000000 ) ) ;
#759 = AXIS2_PLACEMENT_3D ( 'NONE', #2096, #2090, #2087 ) ;
#760 = CARTESIAN_POINT ( 'NONE',  ( 49.10060517497097266, 2.235490958484726577E-15, 0.0000000000000000000 ) ) ;
#761 = VERTEX_POINT ( 'NONE', #259 ) ;
#762 = CONICAL_SURFACE ( 'NONE', #1604, 5.000000000000002665, 0.9599310885968831419 ) ;
#763 = CARTESIAN_POINT ( 'NONE',  ( 21.89583333333333570, 2.164491730381051252E-15, 0.0000000000000000000 ) ) ;
#764 = DIRECTION ( 'NONE',  ( 0.5735764363510447161, -0.8191520442889927978, 1.003171929053526103E-16 ) ) ;
#765 = AXIS2_PLACEMENT_3D ( 'NONE', #2806, #2651, #2561 ) ;
#766 = FACE_OUTER_BOUND ( 'NONE', #1026, .T. ) ;
#767 = DIRECTION ( 'NONE',  ( 0.0000000000000000000, 0.0000000000000000000, 1.000000000000000000 ) ) ;
#768 = LINE ( 'NONE', #1812, #925 ) ;
#769 = DIRECTION ( 'NONE',  ( -1.000000000000000000, -0.0000000000000000000, -0.0000000000000000000 ) ) ;
#770 = DIRECTION ( 'NONE',  ( -1.000000000000000000, -1.224606353822377258E-16, -0.0000000000000000000 ) ) ;
#771 = CIRCLE ( 'NONE', #40, 5.000000000000002665 ) ;
#772 = ORIENTED_EDGE ( 'NONE', *, *, #5230, .F. ) ;
#773 = DIRECTION ( 'NONE',  ( -1.000000000000000000, -0.0000000000000000000, -0.0000000000000000000 ) ) ;
#774 = CIRCLE ( 'NONE', #854, 5.000000000000001776 ) ;
#775 = CYLINDRICAL_SURFACE ( 'NONE', #1574, 4.999999999999887201 ) ;
#776 = LINE ( 'NONE', #1389, #2130 ) ;
#777 = VECTOR ( 'NONE', #2758, 1000.000000000000000 ) ;
#778 = AXIS2_PLACEMENT_3D ( 'NONE', #2868, #2808, #3409 ) ;
#779 = DIRECTION ( 'NONE',  ( 1.000000000000000000, 1.224606353822377258E-16, 0.0000000000000000000 ) ) ;
#780 = EDGE_LOOP ( 'NONE', ( #582, #598, #634, #655, #749, #852 ) ) ;
#781 = DIRECTION ( 'NONE',  ( 0.0000000000000000000, -1.000000000000000000, 0.0000000000000000000 ) ) ;
#782 = CARTESIAN_POINT ( 'NONE',  ( 10.40000000000000036, 6.613092715395569416E-16, 5.399999999999887557 ) ) ;
#783 = ADVANCED_FACE ( 'NONE', ( #1510 ), #1479, .T. ) ;
#784 = ORIENTED_EDGE ( 'NONE', *, *, #4718, .F. ) ;
#785 = AXIS2_PLACEMENT_3D ( 'NONE', #817, #4188, #1611 ) ;
#786 = FACE_OUTER_BOUND ( 'NONE', #2183, .T. ) ;
#787 = VECTOR ( 'NONE', #2119, 1000.000000000000000 ) ;
#788 = CARTESIAN_POINT ( 'NONE',  ( 39.06606149169569875, 2.093492502277375926E-15, 0.0000000000000000000 ) ) ;
#789 = DIRECTION ( 'NONE',  ( 0.0000000000000000000, -1.000000000000000000, 0.0000000000000000000 ) ) ;
#790 = DIRECTION ( 'NONE',  ( -1.000000000000000000, -1.224606353822377258E-16, -0.0000000000000000000 ) ) ;
#791 = ORIENTED_EDGE ( 'NONE', *, *, #3540, .T. ) ;
#792 = EDGE_CURVE ( 'NONE', #1858, #3814, #1630, .T. ) ;
#793 = ORIENTED_EDGE ( 'NONE', *, *, #4354, .F. ) ;
#794 = AXIS2_PLACEMENT_3D ( 'NONE', #2998, #2903, #2950 ) ;
#795 = AXIS2_PLACEMENT_3D ( 'NONE', #3079, #3061, #3019 ) ;
#796 = AXIS2_PLACEMENT_3D ( 'NONE', #3141, #3153, #3138 ) ;
#797 = CIRCLE ( 'NONE', #2980, 5.000000000000002665 ) ;
#798 = ORIENTED_EDGE ( 'NONE', *, *, #4251, .T. ) ;
#799 = VECTOR ( 'NONE', #4463, 1000.000000000000000 ) ;
#800 = CARTESIAN_POINT ( 'NONE',  ( 42.60416666666667140, 2.164491730381051252E-15, 0.0000000000000000000 ) ) ;
#801 = VERTEX_POINT ( 'NONE', #2284 ) ;
#802 = CONICAL_SURFACE ( 'NONE', #1621, 4.172000000000002373, 0.9599310885968798113 ) ;
#803 = CARTESIAN_POINT ( 'NONE',  ( 20.41666666666666785, 2.164491730381051252E-15, 0.0000000000000000000 ) ) ;
#804 = ORIENTED_EDGE ( 'NONE', *, *, #4241, .F. ) ;
#805 = AXIS2_PLACEMENT_3D ( 'NONE', #3241, #3221, #3234 ) ;
#806 = CIRCLE ( 'NONE', #378, 5.000000000000001776 ) ;
#807 = DIRECTION ( 'NONE',  ( -1.000000000000000000, -1.224606353822377258E-16, -0.0000000000000000000 ) ) ;
#808 = DIRECTION ( 'NONE',  ( 0.0000000000000000000, -1.000000000000000000, 0.0000000000000000000 ) ) ;
#809 = CARTESIAN_POINT ( 'NONE',  ( 21.31606149169569520, 2.093492502277375926E-15, 0.0000000000000000000 ) ) ;
#810 = ORIENTED_EDGE ( 'NONE', *, *, #3554, .T. ) ;
#811 = LINE ( 'NONE', #302, #704 ) ;
#812 = FACE_OUTER_BOUND ( 'NONE', #3763, .T. ) ;
#813 = ORIENTED_EDGE ( 'NONE', *, *, #5063, .F. ) ;
#814 = FACE_OUTER_BOUND ( 'NONE', #496, .T. ) ;
#815 = VERTEX_POINT ( 'NONE', #349 ) ;
#816 = FILL_AREA_STYLE ('',( #4793 ) ) ;
#817 = CARTESIAN_POINT ( 'NONE',  ( 39.64583333333333570, 2.164491730381051252E-15, 0.0000000000000000000 ) ) ;
#818 = CONICAL_SURFACE ( 'NONE', #1669, 4.172000000000002373, 0.9599310885968798113 ) ;
#819 = EDGE_LOOP ( 'NONE', ( #1234, #3896, #3236, #3842, #3114 ) ) ;
#820 = DIRECTION ( 'NONE',  ( 0.0000000000000000000, -1.000000000000000000, 0.0000000000000000000 ) ) ;
#821 =( NAMED_UNIT ( * ) PLANE_ANGLE_UNIT ( ) SI_UNIT ( $, .RADIAN. ) );
#822 = CARTESIAN_POINT ( 'NONE',  ( 5.000000000000000000, 3.513898075855361292, 2.028749999999997389 ) ) ;
#823 = AXIS2_PLACEMENT_3D ( 'NONE', #3270, #3363, #3326 ) ;
#824 = AXIS2_PLACEMENT_3D ( 'NONE', #3402, #3541, #3667 ) ;
#825 = ADVANCED_FACE ( 'NONE', ( #1539 ), #1472, .T. ) ;
#826 = FACE_OUTER_BOUND ( 'NONE', #3401, .T. ) ;
#827 = DIRECTION ( 'NONE',  ( -1.000000000000000000, -0.0000000000000000000, -0.0000000000000000000 ) ) ;
#828 = ORIENTED_EDGE ( 'NONE', *, *, #3422, .T. ) ;
#829 = EDGE_LOOP ( 'NONE', ( #599, #3164, #3567, #5029, #3332, #1178 ) ) ;
#830 = FACE_OUTER_BOUND ( 'NONE', #3591, .T. ) ;
#831 = ORIENTED_EDGE ( 'NONE', *, *, #3827, .F. ) ;
#832 = DIRECTION ( 'NONE',  ( 0.0000000000000000000, 1.000000000000000000, 0.0000000000000000000 ) ) ;
#833 = ORIENTED_EDGE ( 'NONE', *, *, #4306, .F. ) ;
#834 = DIRECTION ( 'NONE',  ( -1.000000000000000000, -0.0000000000000000000, -0.0000000000000000000 ) ) ;
#835 = FACE_OUTER_BOUND ( 'NONE', #517, .T. ) ;
#836 = CIRCLE ( 'NONE', #3285, 4.172000000000002373 ) ;
#837 = VERTEX_POINT ( 'NONE', #2573 ) ;
#838 = FACE_OUTER_BOUND ( 'NONE', #1343, .T. ) ;
#839 = DIRECTION ( 'NONE',  ( -1.000000000000000000, -1.224606353822377258E-16, -0.0000000000000000000 ) ) ;
#840 = CIRCLE ( 'NONE', #756, 5.000000000000001776 ) ;
#841 = DIRECTION ( 'NONE',  ( -1.000000000000000000, -0.0000000000000000000, -0.0000000000000000000 ) ) ;
#842 = CARTESIAN_POINT ( 'NONE',  ( -31.74999999999995737, 0.0000000000000000000, 0.0000000000000000000 ) ) ;
#843 = ORIENTED_EDGE ( 'NONE', *, *, #3816, .F. ) ;
#844 = AXIS2_PLACEMENT_3D ( 'NONE', #3466, #3441, #3429 ) ;
#845 = LINE ( 'NONE', #3739, #4146 ) ;
#846 = DIRECTION ( 'NONE',  ( 0.0000000000000000000, 0.0000000000000000000, 1.000000000000000000 ) ) ;
#847 = ORIENTED_EDGE ( 'NONE', *, *, #4948, .F. ) ;
#848 = CARTESIAN_POINT ( 'NONE',  ( -31.74999999999995737, 6.123233995736628232E-16, -4.999999999999887201 ) ) ;
#849 = ADVANCED_FACE ( 'NONE', ( #1505 ), #1451, .T. ) ;
#850 = DIRECTION ( 'NONE',  ( -0.5735764363510474917, 0.8191520442889909104, 1.003171929053523761E-16 ) ) ;
#851 = EDGE_LOOP ( 'NONE', ( #463, #5336, #703, #4088, #2475 ) ) ;
#852 = ORIENTED_EDGE ( 'NONE', *, *, #4550, .F. ) ;
#853 = AXIS2_PLACEMENT_3D ( 'NONE', #3798, #3579, #3548 ) ;
#854 = AXIS2_PLACEMENT_3D ( 'NONE', #3694, #3718, #3772 ) ;
#855 = ORIENTED_EDGE ( 'NONE', *, *, #3820, .F. ) ;
#856 = AXIS2_PLACEMENT_3D ( 'NONE', #3964, #3920, #3927 ) ;
#857 = CARTESIAN_POINT ( 'NONE',  ( 44.98272815836236305, 6.123233995736290008E-16, -5.000000000000001776 ) ) ;
#858 = EDGE_LOOP ( 'NONE', ( #3248, #3283, #3618, #3901, #4099, #4397 ) ) ;
#859 = LINE ( 'NONE', #2923, #1552 ) ;
#860 = ORIENTED_EDGE ( 'NONE', *, *, #3698, .F. ) ;
#861 = CARTESIAN_POINT ( 'NONE',  ( 23.95477184163764051, -5.000000000000000888, 6.123233995736771213E-16 ) ) ;
#862 = DIRECTION ( 'NONE',  ( 0.0000000000000000000, -1.000000000000000000, 0.0000000000000000000 ) ) ;
#863 = DIRECTION ( 'NONE',  ( -1.000000000000000000, -1.224606353822377258E-16, -0.0000000000000000000 ) ) ;
#864 = CIRCLE ( 'NONE', #2231, 4.172000000000002373 ) ;
#865 = AXIS2_PLACEMENT_3D ( 'NONE', #3905, #3838, #3887 ) ;
#866 = EDGE_LOOP ( 'NONE', ( #3894, #3813, #3748, #3583, #5296 ) ) ;
#867 = LINE ( 'NONE', #4625, #2893 ) ;
#868 = CIRCLE ( 'NONE', #379, 5.000000000000001776 ) ;
#869 = ORIENTED_EDGE ( 'NONE', *, *, #4153, .T. ) ;
#870 = DIRECTION ( 'NONE',  ( -1.000000000000000000, -1.224606353822377258E-16, -0.0000000000000000000 ) ) ;
#871 = DIRECTION ( 'NONE',  ( 0.0000000000000000000, -1.000000000000000000, 0.0000000000000000000 ) ) ;
#872 = DIRECTION ( 'NONE',  ( -1.000000000000000000, -1.224606353822377258E-16, -0.0000000000000000000 ) ) ;
#873 = VECTOR ( 'NONE', #2849, 999.9999999999998863 ) ;
#874 = AXIS2_PLACEMENT_3D ( 'NONE', #4027, #3988, #3968 ) ;
#875 = VERTEX_POINT ( 'NONE', #2662 ) ;
#876 = DIRECTION ( 'NONE',  ( -1.000000000000000000, -1.224606353822377258E-16, -0.0000000000000000000 ) ) ;
#877 = ORIENTED_EDGE ( 'NONE', *, *, #4814, .T. ) ;
#878 = CYLINDRICAL_SURFACE ( 'NONE', #1613, 4.999999999999887201 ) ;
#879 = ADVANCED_FACE ( 'NONE', ( #1455 ), #1319, .T. ) ;
#880 = VERTEX_POINT ( 'NONE', #4539 ) ;
#881 = CONICAL_SURFACE ( 'NONE', #1650, 4.172000000000002373, 0.9599310885968798113 ) ;
#882 = ORIENTED_EDGE ( 'NONE', *, *, #3328, .F. ) ;
#883 = ADVANCED_FACE ( 'NONE', ( #1340 ), #1310, .T. ) ;
#884 = AXIS2_PLACEMENT_3D ( 'NONE', #4131, #4716, #4125 ) ;
#885 = CARTESIAN_POINT ( 'NONE',  ( -31.74999999999995737, 0.0000000000000000000, 0.0000000000000000000 ) ) ;
#886 = DIRECTION ( 'NONE',  ( 0.0000000000000000000, -1.000000000000000000, 0.0000000000000000000 ) ) ;
#887 = CARTESIAN_POINT ( 'NONE',  ( 43.50356149169569164, 2.093492502277375926E-15, 0.0000000000000000000 ) ) ;
#888 = EDGE_LOOP ( 'NONE', ( #1454, #1035, #3168, #4071, #906 ) ) ;
#889 = ORIENTED_EDGE ( 'NONE', *, *, #3650, .F. ) ;
#890 = ORIENTED_EDGE ( 'NONE', *, *, #3663, .F. ) ;
#891 = ORIENTED_EDGE ( 'NONE', *, *, #5048, .T. ) ;
#892 = FACE_BOUND ( 'NONE', #1111, .T. ) ;
#893 = DIRECTION ( 'NONE',  ( 0.5735764363510444941, 0.8191520442889929088, 0.0000000000000000000 ) ) ;
#894 = AXIS2_PLACEMENT_3D ( 'NONE', #4314, #4150, #3952 ) ;
#895 = AXIS2_PLACEMENT_3D ( 'NONE', #4207, #4233, #5045 ) ;
#896 = CARTESIAN_POINT ( 'NONE',  ( 44.98272815836236305, 2.093492502277375926E-15, 0.0000000000000000000 ) ) ;
#897 = VECTOR ( 'NONE', #5218, 1000.000000000000000 ) ;
#898 = ADVANCED_FACE ( 'NONE', ( #1364 ), #1253, .T. ) ;
#899 = CARTESIAN_POINT ( 'NONE',  ( 20.99643850830430836, 2.235490958484726577E-15, 0.0000000000000000000 ) ) ;
#900 = CARTESIAN_POINT ( 'NONE',  ( 19.83689482502902379, 5.000000000000004441, 6.123233995736769241E-16 ) ) ;
#901 = ORIENTED_EDGE ( 'NONE', *, *, #3688, .T. ) ;
#902 = DIRECTION ( 'NONE',  ( -1.000000000000000000, -1.224606353822377258E-16, -0.0000000000000000000 ) ) ;
#903 = CARTESIAN_POINT ( 'NONE',  ( 46.46189482502902734, 5.000000000000004441, 6.123233995736769241E-16 ) ) ;
#904 = AXIS2_PLACEMENT_3D ( 'NONE', #4279, #4243, #4293 ) ;
#905 = ORIENTED_EDGE ( 'NONE', *, *, #4976, .T. ) ;
#906 = ORIENTED_EDGE ( 'NONE', *, *, #4462, .F. ) ;
#907 = FACE_OUTER_BOUND ( 'NONE', #1660, .T. ) ;
#908 = CARTESIAN_POINT ( 'NONE',  ( 33.72916666666667140, 2.164491730381051252E-15, 0.0000000000000000000 ) ) ;
#909 = EDGE_LOOP ( 'NONE', ( #3676, #584, #1872, #3386, #509 ) ) ;
#910 = FACE_OUTER_BOUND ( 'NONE', #3682, .T. ) ;
#911 = AXIS2_PLACEMENT_3D ( 'NONE', #4299, #4178, #4334 ) ;
#912 = AXIS2_PLACEMENT_3D ( 'NONE', #4359, #4338, #4468 ) ;
#913 = AXIS2_PLACEMENT_3D ( 'NONE', #1806, #3088, #586 ) ;
#914 = DIRECTION ( 'NONE',  ( 0.0000000000000000000, -1.000000000000000000, 0.0000000000000000000 ) ) ;
#915 = EDGE_LOOP ( 'NONE', ( #3510, #4891, #3399, #755, #4405 ) ) ;
#916 = DIRECTION ( 'NONE',  ( -1.000000000000000000, -1.224606353822377258E-16, -0.0000000000000000000 ) ) ;
#917 = LINE ( 'NONE', #848, #2537 ) ;
#918 = DIRECTION ( 'NONE',  ( -1.000000000000000000, -1.224606353822377258E-16, -0.0000000000000000000 ) ) ;
#919 = AXIS2_PLACEMENT_3D ( 'NONE', #4641, #4576, #4669 ) ;
#920 = CARTESIAN_POINT ( 'NONE',  ( 37.26727184163763695, 5.000000000000005329, 0.0000000000000000000 ) ) ;
#921 = CARTESIAN_POINT ( 'NONE',  ( 15.07977184163763873, 2.235490958484726577E-15, 0.0000000000000000000 ) ) ;
#922 = CARTESIAN_POINT ( 'NONE',  ( 20.41666666666666785, 2.164491730381051252E-15, 0.0000000000000000000 ) ) ;
#923 = CARTESIAN_POINT ( 'NONE',  ( 43.18393850830430836, 5.000000000000004441, 0.0000000000000000000 ) ) ;
#924 = ORIENTED_EDGE ( 'NONE', *, *, #4918, .F. ) ;
#925 = VECTOR ( 'NONE', #1861, 1000.000000000000114 ) ;
#926 = DIRECTION ( 'NONE',  ( -1.000000000000000000, -0.0000000000000000000, -0.0000000000000000000 ) ) ;
#927 = VERTEX_POINT ( 'NONE', #2522 ) ;
#928 = VECTOR ( 'NONE', #4200, 999.9999999999998863 ) ;
#929 = AXIS2_PLACEMENT_3D ( 'NONE', #2395, #280, #3073 ) ;
#930 = CONICAL_SURFACE ( 'NONE', #1663, 5.000000000000002665, 0.9599310885968831419 ) ;
#931 = ORIENTED_EDGE ( 'NONE', *, *, #5163, .T. ) ;
#932 = FACE_OUTER_BOUND ( 'NONE', #4683, .T. ) ;
#933 = ORIENTED_EDGE ( 'NONE', *, *, #5069, .T. ) ;
#934 = DIRECTION ( 'NONE',  ( -1.000000000000000000, -1.224606353822377258E-16, -0.0000000000000000000 ) ) ;
#935 = ORIENTED_EDGE ( 'NONE', *, *, #4493, .F. ) ;
#936 = DIRECTION ( 'NONE',  ( 0.0000000000000000000, 0.0000000000000000000, 1.000000000000000000 ) ) ;
#937 = FACE_OUTER_BOUND ( 'NONE', #1601, .T. ) ;
#938 = VECTOR ( 'NONE', #2748, 1000.000000000000000 ) ;
#939 = EDGE_LOOP ( 'NONE', ( #2318, #3096, #2652, #4180, #1671 ) ) ;
#940 = ADVANCED_FACE ( 'NONE', ( #1287 ), #1240, .T. ) ;
#941 = CIRCLE ( 'NONE', #998, 5.000000000000002665 ) ;
#942 = CIRCLE ( 'NONE', #320, 4.172000000000002373 ) ;
#943 = CARTESIAN_POINT ( 'NONE',  ( 43.50356149169569164, -4.999999999999999112, 0.0000000000000000000 ) ) ;
#944 = CIRCLE ( 'NONE', #712, 5.000000000000001776 ) ;
#945 = CYLINDRICAL_SURFACE ( 'NONE', #1588, 4.999999999999887201 ) ;
#946 = AXIS2_PLACEMENT_3D ( 'NONE', #4762, #5036, #4903 ) ;
#947 = ORIENTED_EDGE ( 'NONE', *, *, #4129, .T. ) ;
#948 = VECTOR ( 'NONE', #4892, 1000.000000000000000 ) ;
#949 = ORIENTED_EDGE ( 'NONE', *, *, #4988, .F. ) ;
#950 = VERTEX_POINT ( 'NONE', #64 ) ;
#951 = CYLINDRICAL_SURFACE ( 'NONE', #1635, 4.999999999999887201 ) ;
#952 = EDGE_LOOP ( 'NONE', ( #2962, #2898, #2845, #2784, #2706 ) ) ;
#953 = DIRECTION ( 'NONE',  ( 0.0000000000000000000, 0.0000000000000000000, 1.000000000000000000 ) ) ;
#954 = CARTESIAN_POINT ( 'NONE',  ( 41.70477184163764406, 6.123233995736253523E-16, -5.000000000000002665 ) ) ;
#955 = CARTESIAN_POINT ( 'NONE',  ( -31.74999999999995737, 0.0000000000000000000, 0.0000000000000000000 ) ) ;
#956 = FACE_OUTER_BOUND ( 'NONE', #2838, .T. ) ;
#957 = FACE_OUTER_BOUND ( 'NONE', #829, .T. ) ;
#958 = ORIENTED_EDGE ( 'NONE', *, *, #3540, .F. ) ;
#959 = CONICAL_SURFACE ( 'NONE', #1670, 5.000000000000002665, 0.9599310885968831419 ) ;
#960 = ADVANCED_FACE ( 'NONE', ( #1314 ), #1290, .T. ) ;
#961 = ORIENTED_EDGE ( 'NONE', *, *, #3669, .T. ) ;
#962 = DIRECTION ( 'NONE',  ( 0.0000000000000000000, 0.0000000000000000000, 1.000000000000000000 ) ) ;
#963 = DIRECTION ( 'NONE',  ( 0.0000000000000000000, -1.000000000000000000, 0.0000000000000000000 ) ) ;
#964 = CARTESIAN_POINT ( 'NONE',  ( 5.000000000000000000, 2.342598717236898942, -4.057500000000005436 ) ) ;
#965 = ORIENTED_EDGE ( 'NONE', *, *, #3130, .F. ) ;
#966 = FACE_OUTER_BOUND ( 'NONE', #4028, .T. ) ;
#967 = DIRECTION ( 'NONE',  ( 0.0000000000000000000, -1.000000000000000000, 0.0000000000000000000 ) ) ;
#968 = DIRECTION ( 'NONE',  ( 0.0000000000000000000, 1.000000000000000000, 0.0000000000000000000 ) ) ;
#969 = ORIENTED_EDGE ( 'NONE', *, *, #5040, .F. ) ;
#970 = CARTESIAN_POINT ( 'NONE',  ( 18.35772815836236305, -4.776306262080344916E-29, 5.000000000000001776 ) ) ;
#971 = CONICAL_SURFACE ( 'NONE', #1687, 5.000000000000002665, 0.9599310885968831419 ) ;
#972 = ORIENTED_EDGE ( 'NONE', *, *, #2568, .T. ) ;
#973 = ORIENTED_EDGE ( 'NONE', *, *, #3197, .F. ) ;
#974 = AXIS2_PLACEMENT_3D ( 'NONE', #4735, #4721, #4651 ) ;
#975 = DIRECTION ( 'NONE',  ( -1.000000000000000000, -1.224606353822377258E-16, -0.0000000000000000000 ) ) ;
#976 = CARTESIAN_POINT ( 'NONE',  ( 50.00000000000000000, 4.171999999999999709, 0.0000000000000000000 ) ) ;
#977 = ORIENTED_EDGE ( 'NONE', *, *, #4999, .T. ) ;
#978 = ORIENTED_EDGE ( 'NONE', *, *, #3962, .F. ) ;
#979 = CARTESIAN_POINT ( 'NONE',  ( 16.87856149169569164, 2.093492502277375926E-15, 0.0000000000000000000 ) ) ;
#980 = ADVANCED_FACE ( 'NONE', ( #1243 ), #1227, .T. ) ;
#981 = CYLINDRICAL_SURFACE ( 'NONE', #1656, 4.999999999999887201 ) ;
#982 = DIRECTION ( 'NONE',  ( 1.000000000000000000, 1.224606353822377258E-16, 0.0000000000000000000 ) ) ;
#983 = CARTESIAN_POINT ( 'NONE',  ( -31.74999999999995737, 0.0000000000000000000, 0.0000000000000000000 ) ) ;
#984 = CARTESIAN_POINT ( 'NONE',  ( 30.19106149169569520, -4.999999999999999112, 0.0000000000000000000 ) ) ;
#985 = AXIS2_PLACEMENT_3D ( 'NONE', #4652, #4749, #4769 ) ;
#986 = AXIS2_PLACEMENT_3D ( 'NONE', #3060, #4982, #3042 ) ;
#987 = ORIENTED_EDGE ( 'NONE', *, *, #5279, .T. ) ;
#988 = CONICAL_SURFACE ( 'NONE', #1689, 4.172000000000002373, 0.9599310885968798113 ) ;
#989 = AXIS2_PLACEMENT_3D ( 'NONE', #4913, #4911, #4907 ) ;
#990 = AXIS2_PLACEMENT_3D ( 'NONE', #492, #5304, #4900 ) ;
#991 =( NAMED_UNIT ( * ) SI_UNIT ( $, .STERADIAN. ) SOLID_ANGLE_UNIT ( ) );
#992 = DIRECTION ( 'NONE',  ( 0.0000000000000000000, 0.0000000000000000000, 1.000000000000000000 ) ) ;
#993 = ORIENTED_EDGE ( 'NONE', *, *, #4901, .T. ) ;
#994 = FACE_OUTER_BOUND ( 'NONE', #1995, .T. ) ;
#995 = EDGE_LOOP ( 'NONE', ( #4489, #1845, #5283, #1405, #2882 ) ) ;
#996 = VECTOR ( 'NONE', #3272, 1000.000000000000114 ) ;
#997 = CARTESIAN_POINT ( 'NONE',  ( 18.03810517497097266, 6.123233995736253523E-16, -5.000000000000002665 ) ) ;
#998 = AXIS2_PLACEMENT_3D ( 'NONE', #5051, #4899, #5031 ) ;
#999 = ADVANCED_FACE ( 'NONE', ( #1233 ), #1205, .T. ) ;
#1000 = EDGE_LOOP ( 'NONE', ( #3791, #1591, #2657, #729 ) ) ;
#1001 = CARTESIAN_POINT ( 'NONE',  ( 27.23272815836236305, 6.123233995736290008E-16, -5.000000000000001776 ) ) ;
#1002 = DIRECTION ( 'NONE',  ( -1.000000000000000000, -0.0000000000000000000, -0.0000000000000000000 ) ) ;
#1003 = LINE ( 'NONE', #3945, #3246 ) ;
#1004 = ORIENTED_EDGE ( 'NONE', *, *, #3802, .T. ) ;
#1005 = AXIS2_PLACEMENT_3D ( 'NONE', #5197, #5148, #5208 ) ;
#1006 = VERTEX_POINT ( 'NONE', #182 ) ;
#1007 = AXIS2_PLACEMENT_3D ( 'NONE', #5072, #5184, #5157 ) ;
#1008 = DIRECTION ( 'NONE',  ( -1.000000000000000000, -0.0000000000000000000, -0.0000000000000000000 ) ) ;
#1009 = CIRCLE ( 'NONE', #214, 5.000000000000001776 ) ;
#1010 = DIRECTION ( 'NONE',  ( 0.0000000000000000000, 0.0000000000000000000, 1.000000000000000000 ) ) ;
#1011 =( LENGTH_UNIT ( ) NAMED_UNIT ( * ) SI_UNIT ( .MILLI., .METRE. ) );
#1012 = CYLINDRICAL_SURFACE ( 'NONE', #1645, 4.999999999999887201 ) ;
#1013 = ORIENTED_EDGE ( 'NONE', *, *, #3629, .T. ) ;
#1014 = AXIS2_PLACEMENT_3D ( 'NONE', #5186, #5245, #5226 ) ;
#1015 = CARTESIAN_POINT ( 'NONE',  ( -31.74999999999995737, 0.0000000000000000000, 4.999999999999887201 ) ) ;
#1016 = AXIS2_PLACEMENT_3D ( 'NONE', #4189, #5353, #5364 ) ;
#1017 = FACE_OUTER_BOUND ( 'NONE', #5322, .T. ) ;
#1018 = VERTEX_POINT ( 'NONE', #2728 ) ;
#1019 = LINE ( 'NONE', #3289, #996 ) ;
#1020 = ORIENTED_EDGE ( 'NONE', *, *, #4918, .T. ) ;
#1021 = VERTEX_POINT ( 'NONE', #111 ) ;
#1022 = CARTESIAN_POINT ( 'NONE',  ( 15.07977184163763873, 2.235490958484726577E-15, 0.0000000000000000000 ) ) ;
#1023 = DIRECTION ( 'NONE',  ( -1.000000000000000000, -0.0000000000000000000, -0.0000000000000000000 ) ) ;
#1024 = AXIS2_PLACEMENT_3D ( 'NONE', #4675, #4611, #4912 ) ;
#1025 = CARTESIAN_POINT ( 'NONE',  ( 15.07977184163763873, -5.000000000000000000, 6.123233995736770227E-16 ) ) ;
#1026 = EDGE_LOOP ( 'NONE', ( #733, #2364, #2376, #2392, #2426, #2441 ) ) ;
#1027 = VECTOR ( 'NONE', #3327, 1000.000000000000000 ) ;
#1028 = ADVANCED_FACE ( 'NONE', ( #1347 ), #1194, .T. ) ;
#1029 =( NAMED_UNIT ( * ) PLANE_ANGLE_UNIT ( ) SI_UNIT ( $, .RADIAN. ) );
#1030 = CIRCLE ( 'NONE', #676, 5.000000000000002665 ) ;
#1031 = DIRECTION ( 'NONE',  ( 0.0000000000000000000, -1.000000000000000000, 0.0000000000000000000 ) ) ;
#1032 = CARTESIAN_POINT ( 'NONE',  ( 45.56250000000000711, 2.164491730381051252E-15, 0.0000000000000000000 ) ) ;
#1033 = VECTOR ( 'NONE', #5185, 1000.000000000000000 ) ;
#1034 = ORIENTED_EDGE ( 'NONE', *, *, #4563, .F. ) ;
#1035 = ORIENTED_EDGE ( 'NONE', *, *, #4416, .T. ) ;
#1036 = VERTEX_POINT ( 'NONE', #1101 ) ;
#1037 = CONICAL_SURFACE ( 'NONE', #1711, 4.172000000000002373, 0.9599310885968798113 ) ;
#1038 = AXIS2_PLACEMENT_3D ( 'NONE', #1468, #2986, #4560 ) ;
#1039 = ADVANCED_FACE ( 'NONE', ( #1200 ), #1184, .T. ) ;
#1040 = CARTESIAN_POINT ( 'NONE',  ( 29.87143850830430836, 6.123233995736253523E-16, -5.000000000000002665 ) ) ;
#1041 = CONICAL_SURFACE ( 'NONE', #608, 4.172000000000002373, 0.9599310885968798113 ) ;
#1042 = VERTEX_POINT ( 'NONE', #2535 ) ;
#1043 = FACE_OUTER_BOUND ( 'NONE', #5351, .T. ) ;
#1044 = SURFACE_STYLE_USAGE ( .BOTH. , #1092 ) ;
#1045 = DIRECTION ( 'NONE',  ( 0.0000000000000000000, 0.0000000000000000000, 1.000000000000000000 ) ) ;
#1046 = AXIS2_PLACEMENT_3D ( 'NONE', #2035, #2039, #5292 ) ;
#1047 = ORIENTED_EDGE ( 'NONE', *, *, #3993, .T. ) ;
#1048 = CONICAL_SURFACE ( 'NONE', #1709, 5.000000000000002665, 0.9599310885968831419 ) ;
#1049 = DIRECTION ( 'NONE',  ( -1.000000000000000000, -0.0000000000000000000, -0.0000000000000000000 ) ) ;
#1050 = CARTESIAN_POINT ( 'NONE',  ( 40.54522815836236305, 2.093492502277375926E-15, 0.0000000000000000000 ) ) ;
#1051 = DIRECTION ( 'NONE',  ( -1.000000000000000000, -0.0000000000000000000, -0.0000000000000000000 ) ) ;
#1052 = CARTESIAN_POINT ( 'NONE',  ( 48.52083333333333570, 2.164491730381051252E-15, 0.0000000000000000000 ) ) ;
#1053 = ADVANCED_FACE ( 'NONE', ( #1237 ), #1168, .T. ) ;
#1054 = DIRECTION ( 'NONE',  ( 0.0000000000000000000, -1.000000000000000000, 0.0000000000000000000 ) ) ;
#1055 = ORIENTED_EDGE ( 'NONE', *, *, #3492, .T. ) ;
#1056 = DIRECTION ( 'NONE',  ( 0.0000000000000000000, -1.000000000000000000, 0.0000000000000000000 ) ) ;
#1057 = VECTOR ( 'NONE', #4368, 1000.000000000000114 ) ;
#1058 = ORIENTED_EDGE ( 'NONE', *, *, #3898, .T. ) ;
#1059 = PRODUCT_DEFINITION ( 'UNKNOWN', '', #4292, #591 ) ;
#1060 = FILL_AREA_STYLE ('',( #1119 ) ) ;
#1061 = DIRECTION ( 'NONE',  ( -1.000000000000000000, -1.224606353822377258E-16, -0.0000000000000000000 ) ) ;
#1062 = LINE ( 'NONE', #4532, #1027 ) ;
#1063 = FACE_OUTER_BOUND ( 'NONE', #3709, .T. ) ;
#1064 = VERTEX_POINT ( 'NONE', #579 ) ;
#1065 = AXIS2_PLACEMENT_3D ( 'NONE', #4603, #4561, #1676 ) ;
#1066 = DIRECTION ( 'NONE',  ( 0.0000000000000000000, 0.0000000000000000000, -1.000000000000000000 ) ) ;
#1067 = CARTESIAN_POINT ( 'NONE',  ( 5.000000000000000000, 2.342598717236908712, 4.057499999999997442 ) ) ;
#1068 = CARTESIAN_POINT ( 'NONE',  ( 19.83689482502902379, 2.093492502277375926E-15, 0.0000000000000000000 ) ) ;
#1069 = DIRECTION ( 'NONE',  ( 0.0000000000000000000, -1.000000000000000000, 0.0000000000000000000 ) ) ;
#1070 = DIRECTION ( 'NONE',  ( 0.0000000000000000000, 0.0000000000000000000, -1.000000000000000000 ) ) ;
#1071 = CIRCLE ( 'NONE', #2907, 4.172000000000002373 ) ;
#1072 = ORIENTED_EDGE ( 'NONE', *, *, #3933, .T. ) ;
#1073 = ORIENTED_EDGE ( 'NONE', *, *, #4608, .T. ) ;
#1074 = EDGE_LOOP ( 'NONE', ( #2159, #2203, #2348, #2465, #2558 ) ) ;
#1075 = CARTESIAN_POINT ( 'NONE',  ( 18.03810517497097266, 5.000000000000005329, 0.0000000000000000000 ) ) ;
#1076 = CARTESIAN_POINT ( 'NONE',  ( -31.74999999999995737, 0.0000000000000000000, 0.0000000000000000000 ) ) ;
#1077 = VERTEX_POINT ( 'NONE', #903 ) ;
#1078 = AXIS2_PLACEMENT_3D ( 'NONE', #4874, #902, #4835 ) ;
#1079 = VECTOR ( 'NONE', #2615, 1000.000000000000000 ) ;
#1080 = ORIENTED_EDGE ( 'NONE', *, *, #3937, .F. ) ;
#1081 = CIRCLE ( 'NONE', #1691, 4.172000000000002373 ) ;
#1082 = ADVANCED_FACE ( 'NONE', ( #1171 ), #1163, .T. ) ;
#1083 = DIRECTION ( 'NONE',  ( -1.000000000000000000, -1.224606353822377258E-16, -0.0000000000000000000 ) ) ;
#1084 = ORIENTED_EDGE ( 'NONE', *, *, #5009, .T. ) ;
#1085 = CARTESIAN_POINT ( 'NONE',  ( 16.55893850830430480, -5.161492250957792086E-29, 5.000000000000002665 ) ) ;
#1086 = CIRCLE ( 'NONE', #449, 4.172000000000002373 ) ;
#1087 =( GEOMETRIC_REPRESENTATION_CONTEXT ( 3 ) GLOBAL_UNCERTAINTY_ASSIGNED_CONTEXT ( ( #258 ) ) GLOBAL_UNIT_ASSIGNED_CONTEXT ( ( #4017, #821, #5338 ) ) REPRESENTATION_CONTEXT ( 'NONE', 'WORKASPACE' ) );
#1088 = ORIENTED_EDGE ( 'NONE', *, *, #2655, .F. ) ;
#1089 = VECTOR ( 'NONE', #325, 1000.000000000000000 ) ;
#1090 = MECHANICAL_DESIGN_GEOMETRIC_PRESENTATION_REPRESENTATION (  '', ( #1123 ), #1087 ) ;
#1091 = DIRECTION ( 'NONE',  ( 0.0000000000000000000, -1.000000000000000000, 0.0000000000000000000 ) ) ;
#1092 = SURFACE_SIDE_STYLE ('',( #4373 ) ) ;
#1093 = ORIENTED_EDGE ( 'NONE', *, *, #3512, .F. ) ;
#1094 = CONICAL_SURFACE ( 'NONE', #1721, 4.172000000000002373, 0.9599310885968798113 ) ;
#1095 = ORIENTED_EDGE ( 'NONE', *, *, #4788, .T. ) ;
#1096 = DIRECTION ( 'NONE',  ( -1.000000000000000000, -1.224606353822377258E-16, -0.0000000000000000000 ) ) ;
#1097 = MECHANICAL_DESIGN_GEOMETRIC_PRESENTATION_REPRESENTATION (  '', ( #1643 ), #1473 ) ;
#1098 = CARTESIAN_POINT ( 'NONE',  ( 18.03810517497097266, 2.235490958484726577E-15, 0.0000000000000000000 ) ) ;
#1099 = CARTESIAN_POINT ( 'NONE',  ( 40.22560517497097266, -5.161492250957792086E-29, 5.000000000000002665 ) ) ;
#1100 = PRESENTATION_LAYER_ASSIGNMENT (  '', '', ( #1123 ) ) ;
#1101 = CARTESIAN_POINT ( 'NONE',  ( 15.07977184163763873, -5.200010849845536803E-29, 5.000000000000002665 ) ) ;
#1102 = ORIENTED_EDGE ( 'NONE', *, *, #2557, .T. ) ;
#1103 = CARTESIAN_POINT ( 'NONE',  ( 30.77083333333333925, 2.164491730381051252E-15, 0.0000000000000000000 ) ) ;
#1104 = CARTESIAN_POINT ( 'NONE',  ( -31.74999999999995737, 0.0000000000000000000, 0.0000000000000000000 ) ) ;
#1105 = EDGE_LOOP ( 'NONE', ( #2239, #1871, #1719, #1862, #2060, #1712 ) ) ;
#1106 = FACE_OUTER_BOUND ( 'NONE', #482, .T. ) ;
#1107 = CARTESIAN_POINT ( 'NONE',  ( 39.64583333333333570, 2.164491730381051252E-15, 0.0000000000000000000 ) ) ;
#1108 = MECHANICAL_DESIGN_GEOMETRIC_PRESENTATION_REPRESENTATION (  '', ( #3449 ), #4465 ) ;
#1109 = FACE_OUTER_BOUND ( 'NONE', #506, .T. ) ;
#1110 = ADVANCED_FACE ( 'NONE', ( #1325 ), #1146, .T. ) ;
#1111 = EDGE_LOOP ( 'NONE', ( #3180, #4654, #4586, #1412, #4477, #5354 ) ) ;
#1112 = DIRECTION ( 'NONE',  ( 1.000000000000000000, 1.224606353822377258E-16, 0.0000000000000000000 ) ) ;
#1113 = DIRECTION ( 'NONE',  ( 0.0000000000000000000, 1.000000000000000000, 0.0000000000000000000 ) ) ;
#1114 = SURFACE_STYLE_USAGE ( .BOTH. , #2257 ) ;
#1115 = ADVANCED_FACE ( 'NONE', ( #1231 ), #1166, .T. ) ;
#1116 = VERTEX_POINT ( 'NONE', #1222 ) ;
#1117 = AXIS2_PLACEMENT_3D ( 'NONE', #1957, #2021, #2023 ) ;
#1118 = DIRECTION ( 'NONE',  ( 0.5735764363510444941, 0.8191520442889929088, 0.0000000000000000000 ) ) ;
#1119 = FILL_AREA_STYLE_COLOUR ( '', #1775 ) ;
#1120 = CARTESIAN_POINT ( 'NONE',  ( 20.99643850830430836, 5.000000000000004441, 0.0000000000000000000 ) ) ;
#1121 = CONICAL_SURFACE ( 'NONE', #3926, 4.172000000000002373, 0.9599310885968798113 ) ;
#1122 = FACE_OUTER_BOUND ( 'NONE', #3677, .T. ) ;
#1123 = STYLED_ITEM ( 'NONE', ( #1629 ), #2908 ) ;
#1124 = ORIENTED_EDGE ( 'NONE', *, *, #3844, .F. ) ;
#1125 = DIRECTION ( 'NONE',  ( 0.0000000000000000000, -1.000000000000000000, 0.0000000000000000000 ) ) ;
#1126 = ORIENTED_EDGE ( 'NONE', *, *, #2693, .T. ) ;
#1127 = DIRECTION ( 'NONE',  ( -1.000000000000000000, -0.0000000000000000000, -0.0000000000000000000 ) ) ;
#1128 = DIRECTION ( 'NONE',  ( -1.000000000000000000, -1.224606353822377258E-16, -0.0000000000000000000 ) ) ;
#1129 = CIRCLE ( 'NONE', #4629, 5.000000000000001776 ) ;
#1130 = DIRECTION ( 'NONE',  ( 0.0000000000000000000, -1.000000000000000000, 0.0000000000000000000 ) ) ;
#1131 = AXIS2_PLACEMENT_3D ( 'NONE', #2014, #1920, #1933 ) ;
#1132 = AXIS2_PLACEMENT_3D ( 'NONE', #1919, #5004, #5088 ) ;
#1133 = ORIENTED_EDGE ( 'NONE', *, *, #3780, .T. ) ;
#1134 = VECTOR ( 'NONE', #4091, 1000.000000000000114 ) ;
#1135 = AXIS2_PLACEMENT_3D ( 'NONE', #1582, #1581, #1576 ) ;
#1136 = ORIENTED_EDGE ( 'NONE', *, *, #4926, .T. ) ;
#1137 = CARTESIAN_POINT ( 'NONE',  ( 19.51727184163763695, 2.235490958484726577E-15, 0.0000000000000000000 ) ) ;
#1138 = ORIENTED_EDGE ( 'NONE', *, *, #187, .T. ) ;
#1139 = CARTESIAN_POINT ( 'NONE',  ( 49.10060517497097266, 5.000000000000004441, 0.0000000000000000000 ) ) ;
#1140 = VERTEX_POINT ( 'NONE', #1617 ) ;
#1141 = AXIS2_PLACEMENT_3D ( 'NONE', #955, #1008, #4257 ) ;
#1142 = LINE ( 'NONE', #253, #1089 ) ;
#1143 = AXIS2_PLACEMENT_3D ( 'NONE', #1768, #1777, #1796 ) ;
#1144 = AXIS2_PLACEMENT_3D ( 'NONE', #1836, #1838, #1851 ) ;
#1145 = ORIENTED_EDGE ( 'NONE', *, *, #3897, .T. ) ;
#1146 = CONICAL_SURFACE ( 'NONE', #1735, 4.172000000000002373, 0.9599310885968798113 ) ;
#1147 = ORIENTED_EDGE ( 'NONE', *, *, #5035, .F. ) ;
#1148 = ADVANCED_FACE ( 'NONE', ( #1292 ), #1094, .T. ) ;
#1149 = CONICAL_SURFACE ( 'NONE', #1024, 4.172000000000002373, 0.9599310885968798113 ) ;
#1150 = VECTOR ( 'NONE', #3626, 1000.000000000000000 ) ;
#1151 = AXIS2_PLACEMENT_3D ( 'NONE', #3080, #2046, #1661 ) ;
#1152 = DIRECTION ( 'NONE',  ( 0.0000000000000000000, -1.000000000000000000, 0.0000000000000000000 ) ) ;
#1153 = ADVANCED_FACE ( 'NONE', ( #1219 ), #1154, .T. ) ;
#1154 = CYLINDRICAL_SURFACE ( 'NONE', #1698, 4.999999999999887201 ) ;
#1155 = DIRECTION ( 'NONE',  ( -1.000000000000000000, -1.224606353822377258E-16, -0.0000000000000000000 ) ) ;
#1156 = LINE ( 'NONE', #3723, #1632 ) ;
#1157 = DIRECTION ( 'NONE',  ( 0.0000000000000000000, -1.000000000000000000, 0.0000000000000000000 ) ) ;
#1158 = EDGE_LOOP ( 'NONE', ( #4232, #4237, #4247, #4308, #4336 ) ) ;
#1159 = CARTESIAN_POINT ( 'NONE',  ( -31.74999999999995737, 0.0000000000000000000, 0.0000000000000000000 ) ) ;
#1160 = AXIS2_PLACEMENT_3D ( 'NONE', #803, #2072, #1904 ) ;
#1161 = AXIS2_PLACEMENT_3D ( 'NONE', #788, #872, #886 ) ;
#1162 = CARTESIAN_POINT ( 'NONE',  ( 14.50000000000000000, 2.164491730381051252E-15, 0.0000000000000000000 ) ) ;
#1163 = CONICAL_SURFACE ( 'NONE', #1746, 4.172000000000002373, 0.9599310885968798113 ) ;
#1164 = CARTESIAN_POINT ( 'NONE',  ( 49.10060517497097266, 2.235490958484726577E-15, 0.0000000000000000000 ) ) ;
#1165 = ORIENTED_EDGE ( 'NONE', *, *, #3678, .F. ) ;
#1166 = TOROIDAL_SURFACE ( 'NONE', #1717, 6.500000000000000888, 1.500000000000000000 ) ;
#1167 = AXIS2_PLACEMENT_3D ( 'NONE', #555, #790, #2169 ) ;
#1168 = CONICAL_SURFACE ( 'NONE', #1747, 5.000000000000002665, 0.9599310885968831419 ) ;
#1169 = ORIENTED_EDGE ( 'NONE', *, *, #4740, .F. ) ;
#1170 = VERTEX_POINT ( 'NONE', #52 ) ;
#1171 = FACE_OUTER_BOUND ( 'NONE', #5138, .T. ) ;
#1172 = AXIS2_PLACEMENT_3D ( 'NONE', #1781, #1762, #1675 ) ;
#1173 = DIRECTION ( 'NONE',  ( 0.0000000000000000000, -1.000000000000000000, 0.0000000000000000000 ) ) ;
#1174 = VECTOR ( 'NONE', #4341, 1000.000000000000000 ) ;
#1175 = AXIS2_PLACEMENT_3D ( 'NONE', #1181, #164, #1278 ) ;
#1176 = AXIS2_PLACEMENT_3D ( 'NONE', #35, #581, #72 ) ;
#1177 = EDGE_LOOP ( 'NONE', ( #1327, #1013, #2103, #860, #1801 ) ) ;
#1178 = ORIENTED_EDGE ( 'NONE', *, *, #4580, .F. ) ;
#1179 = EDGE_LOOP ( 'NONE', ( #3874, #621, #3747, #1901 ) ) ;
#1180 = DIRECTION ( 'NONE',  ( -1.000000000000000000, -1.224606353822377258E-16, -0.0000000000000000000 ) ) ;
#1181 = CARTESIAN_POINT ( 'NONE',  ( 35.20833333333333570, 2.164491730381051252E-15, 0.0000000000000000000 ) ) ;
#1182 = CIRCLE ( 'NONE', #544, 5.000000000000002665 ) ;
#1183 = ORIENTED_EDGE ( 'NONE', *, *, #4296, .T. ) ;
#1184 = CONICAL_SURFACE ( 'NONE', #1754, 4.172000000000002373, 0.9599310885968798113 ) ;
#1185 = ADVANCED_FACE ( 'NONE', ( #1187 ), #1048, .T. ) ;
#1186 = DIRECTION ( 'NONE',  ( -1.000000000000000000, -0.0000000000000000000, -0.0000000000000000000 ) ) ;
#1187 = FACE_OUTER_BOUND ( 'NONE', #5043, .T. ) ;
#1188 = AXIS2_PLACEMENT_3D ( 'NONE', #5344, #5355, #5362 ) ;
#1189 = CARTESIAN_POINT ( 'NONE',  ( 18.93750000000000355, 2.164491730381051252E-15, 0.0000000000000000000 ) ) ;
#1190 = AXIS2_PLACEMENT_3D ( 'NONE', #1947, #5307, #5312 ) ;
#1191 = EDGE_LOOP ( 'NONE', ( #4807, #4873, #4937, #4057, #4225 ) ) ;
#1192 = DIRECTION ( 'NONE',  ( -1.000000000000000000, -1.224606353822377258E-16, -0.0000000000000000000 ) ) ;
#1193 = DIRECTION ( 'NONE',  ( -1.000000000000000000, -0.0000000000000000000, -0.0000000000000000000 ) ) ;
#1194 = CONICAL_SURFACE ( 'NONE', #1764, 5.000000000000002665, 0.9599310885968831419 ) ;
#1195 = LINE ( 'NONE', #1790, #705 ) ;
#1196 = EDGE_LOOP ( 'NONE', ( #4095, #3524, #1145, #1535, #1317, #3817 ) ) ;
#1197 = DIRECTION ( 'NONE',  ( -1.000000000000000000, -1.224606353822377258E-16, -0.0000000000000000000 ) ) ;
#1198 = AXIS2_PLACEMENT_3D ( 'NONE', #5273, #5291, #5297 ) ;
#1199 = AXIS2_PLACEMENT_3D ( 'NONE', #5071, #5100, #5052 ) ;
#1200 = FACE_OUTER_BOUND ( 'NONE', #3774, .T. ) ;
#1201 = CIRCLE ( 'NONE', #271, 5.000000000000001776 ) ;
#1202 = ORIENTED_EDGE ( 'NONE', *, *, #4563, .T. ) ;
#1203 = ADVANCED_FACE ( 'NONE', ( #1106 ), #1037, .T. ) ;
#1204 = CARTESIAN_POINT ( 'NONE',  ( 15.07977184163763873, 5.000000000000004441, 0.0000000000000000000 ) ) ;
#1205 = CONICAL_SURFACE ( 'NONE', #1779, 5.000000000000002665, 0.9599310885968831419 ) ;
#1206 = AXIS2_PLACEMENT_3D ( 'NONE', #1137, #1128, #1125 ) ;
#1207 = AXIS2_PLACEMENT_3D ( 'NONE', #4940, #5059, #4924 ) ;
#1208 = ORIENTED_EDGE ( 'NONE', *, *, #3529, .F. ) ;
#1209 = FACE_OUTER_BOUND ( 'NONE', #678, .T. ) ;
#1210 = ORIENTED_EDGE ( 'NONE', *, *, #3614, .F. ) ;
#1211 = VECTOR ( 'NONE', #3218, 1000.000000000000114 ) ;
#1212 = AXIS2_PLACEMENT_3D ( 'NONE', #1869, #1315, #2961 ) ;
#1213 = EDGE_CURVE ( 'NONE', #3533, #708, #1142, .T. ) ;
#1214 = ORIENTED_EDGE ( 'NONE', *, *, #4403, .F. ) ;
#1215 = CARTESIAN_POINT ( 'NONE',  ( 20.99643850830430836, 6.123233995736253523E-16, -5.000000000000002665 ) ) ;
#1216 = LINE ( 'NONE', #13, #4436 ) ;
#1217 = ORIENTED_EDGE ( 'NONE', *, *, #4081, .F. ) ;
#1218 = VECTOR ( 'NONE', #2710, 1000.000000000000114 ) ;
#1219 = FACE_OUTER_BOUND ( 'NONE', #707, .T. ) ;
#1220 = CONICAL_SURFACE ( 'NONE', #3223, 4.172000000000002373, 0.9599310885968798113 ) ;
#1221 = ORIENTED_EDGE ( 'NONE', *, *, #4059, .T. ) ;
#1222 = CARTESIAN_POINT ( 'NONE',  ( 22.79522815836235949, -4.776306262080344916E-29, 5.000000000000001776 ) ) ;
#1223 = DIRECTION ( 'NONE',  ( 0.0000000000000000000, -1.000000000000000000, 0.0000000000000000000 ) ) ;
#1224 = AXIS2_PLACEMENT_3D ( 'NONE', #5191, #5194, #5205 ) ;
#1225 = CARTESIAN_POINT ( 'NONE',  ( 5.000000000000000000, 4.969004387540385421E-16, -4.057500000000000107 ) ) ;
#1226 = ORIENTED_EDGE ( 'NONE', *, *, #3125, .F. ) ;
#1227 = CONICAL_SURFACE ( 'NONE', #1771, 5.000000000000002665, 0.9599310885968831419 ) ;
#1228 = ORIENTED_EDGE ( 'NONE', *, *, #3623, .T. ) ;
#1229 = DIRECTION ( 'NONE',  ( -1.000000000000000000, -1.224606353822377258E-16, -0.0000000000000000000 ) ) ;
#1230 = AXIS2_PLACEMENT_3D ( 'NONE', #4620, #4697, #4804 ) ;
#1231 = FACE_OUTER_BOUND ( 'NONE', #2775, .T. ) ;
#1232 = VERTEX_POINT ( 'NONE', #3219 ) ;
#1233 = FACE_OUTER_BOUND ( 'NONE', #490, .T. ) ;
#1234 = ORIENTED_EDGE ( 'NONE', *, *, #2809, .T. ) ;
#1235 = CARTESIAN_POINT ( 'NONE',  ( -31.74999999999995737, 0.0000000000000000000, 4.999999999999887201 ) ) ;
#1236 = EDGE_LOOP ( 'NONE', ( #2244, #5011, #2240, #3506, #2751 ) ) ;
#1237 = FACE_OUTER_BOUND ( 'NONE', #3744, .T. ) ;
#1238 = AXIS2_PLACEMENT_3D ( 'NONE', #5156, #4909, #4914 ) ;
#1239 = VERTEX_POINT ( 'NONE', #3259 ) ;
#1240 = CONICAL_SURFACE ( 'NONE', #1799, 4.172000000000002373, 0.9599310885968798113 ) ;
#1241 = CARTESIAN_POINT ( 'NONE',  ( 5.000000000000000000, 4.685197434473813871, -6.505213034913026604E-15 ) ) ;
#1242 = ORIENTED_EDGE ( 'NONE', *, *, #5270, .F. ) ;
#1243 = FACE_OUTER_BOUND ( 'NONE', #939, .T. ) ;
#1244 = DIRECTION ( 'NONE',  ( 0.5735764363510447161, -0.8191520442889927978, 1.003171929053526103E-16 ) ) ;
#1245 = DIRECTION ( 'NONE',  ( 0.0000000000000000000, -1.000000000000000000, 0.0000000000000000000 ) ) ;
#1246 = DIRECTION ( 'NONE',  ( 0.0000000000000000000, -1.000000000000000000, 0.0000000000000000000 ) ) ;
#1247 = CARTESIAN_POINT ( 'NONE',  ( 46.14227184163763695, 2.235490958484726577E-15, 0.0000000000000000000 ) ) ;
#1248 = CIRCLE ( 'NONE', #3642, 4.999999999999887201 ) ;
#1249 = AXIS2_PLACEMENT_3D ( 'NONE', #5166, #5167, #5173 ) ;
#1250 = EDGE_LOOP ( 'NONE', ( #4877, #4787, #4701, #4597, #4551 ) ) ;
#1251 = DIRECTION ( 'NONE',  ( 0.0000000000000000000, -1.000000000000000000, 0.0000000000000000000 ) ) ;
#1252 = AXIS2_PLACEMENT_3D ( 'NONE', #4811, #4825, #4830 ) ;
#1253 = CONICAL_SURFACE ( 'NONE', #1821, 4.172000000000002373, 0.9599310885968798113 ) ;
#1254 = DIRECTION ( 'NONE',  ( 0.0000000000000000000, -1.000000000000000000, 0.0000000000000000000 ) ) ;
#1255 = CIRCLE ( 'NONE', #1733, 5.000000000000001776 ) ;
#1256 = CARTESIAN_POINT ( 'NONE',  ( -31.74999999999995737, 0.0000000000000000000, 0.0000000000000000000 ) ) ;
#1257 = ORIENTED_EDGE ( 'NONE', *, *, #3956, .T. ) ;
#1258 = CARTESIAN_POINT ( 'NONE',  ( 10.40000000000000036, 0.0000000000000000000, 0.0000000000000000000 ) ) ;
#1259 = ORIENTED_EDGE ( 'NONE', *, *, #4859, .T. ) ;
#1260 = DIRECTION ( 'NONE',  ( -1.000000000000000000, -1.224606353822377258E-16, -0.0000000000000000000 ) ) ;
#1261 = AXIS2_PLACEMENT_3D ( 'NONE', #4774, #4784, #4792 ) ;
#1262 = ORIENTED_EDGE ( 'NONE', *, *, #2720, .T. ) ;
#1263 = PLANE ( 'NONE',  #2054 ) ;
#1264 = EDGE_LOOP ( 'NONE', ( #793, #47, #60, #2823, #3545, #4038 ) ) ;
#1265 = CARTESIAN_POINT ( 'NONE',  ( 16.87856149169569164, 2.093492502277375926E-15, 0.0000000000000000000 ) ) ;
#1266 = VERTEX_POINT ( 'NONE', #3292 ) ;
#1267 = EDGE_CURVE ( 'NONE', #2453, #3533, #1062, .T. ) ;
#1268 = LINE ( 'NONE', #3552, #2948 ) ;
#1269 = CARTESIAN_POINT ( 'NONE',  ( 18.03810517497097266, -5.000000000000000000, 6.123233995736770227E-16 ) ) ;
#1270 = DIRECTION ( 'NONE',  ( -0.5735764363510472696, -0.8191520442889910214, 0.0000000000000000000 ) ) ;
#1271 = VERTEX_POINT ( 'NONE', #3314 ) ;
#1272 = EDGE_CURVE ( 'NONE', #1283, #3845, #1081, .T. ) ;
#1273 = ADVANCED_FACE ( 'NONE', ( #1043 ), #988, .T. ) ;
#1274 = ORIENTED_EDGE ( 'NONE', *, *, #3406, .T. ) ;
#1275 = VECTOR ( 'NONE', #5256, 1000.000000000000000 ) ;
#1276 = CYLINDRICAL_SURFACE ( 'NONE', #457, 4.999999999999887201 ) ;
#1277 = CARTESIAN_POINT ( 'NONE',  ( 34.30893850830430836, 6.123233995736243662E-16, -5.000000000000002665 ) ) ;
#1278 = DIRECTION ( 'NONE',  ( 0.0000000000000000000, -1.000000000000000000, 0.0000000000000000000 ) ) ;
#1279 = DIRECTION ( 'NONE',  ( 0.0000000000000000000, -1.000000000000000000, 0.0000000000000000000 ) ) ;
#1280 = PLANE ( 'NONE',  #2068 ) ;
#1281 = ORIENTED_EDGE ( 'NONE', *, *, #4016, .T. ) ;
#1282 = FACE_OUTER_BOUND ( 'NONE', #417, .T. ) ;
#1283 = VERTEX_POINT ( 'NONE', #2680 ) ;
#1284 = DIRECTION ( 'NONE',  ( 1.000000000000000000, 0.0000000000000000000, 0.0000000000000000000 ) ) ;
#1285 = DIRECTION ( 'NONE',  ( 0.0000000000000000000, -1.000000000000000000, 0.0000000000000000000 ) ) ;
#1286 = CARTESIAN_POINT ( 'NONE',  ( 47.62143850830430836, 6.123233995736243662E-16, -5.000000000000002665 ) ) ;
#1287 = FACE_OUTER_BOUND ( 'NONE', #367, .T. ) ;
#1288 = DIRECTION ( 'NONE',  ( 0.0000000000000000000, 0.0000000000000000000, 1.000000000000000000 ) ) ;
#1289 = EDGE_LOOP ( 'NONE', ( #2206, #924, #2333, #1126, #1136 ) ) ;
#1290 = CYLINDRICAL_SURFACE ( 'NONE', #1769, 4.999999999999887201 ) ;
#1291 = ORIENTED_EDGE ( 'NONE', *, *, #3650, .T. ) ;
#1292 = FACE_OUTER_BOUND ( 'NONE', #1884, .T. ) ;
#1293 = ORIENTED_EDGE ( 'NONE', *, *, #2756, .F. ) ;
#1294 = AXIS2_PLACEMENT_3D ( 'NONE', #4725, #4732, #4760 ) ;
#1295 = DIRECTION ( 'NONE',  ( -1.000000000000000000, -1.224606353822377258E-16, -0.0000000000000000000 ) ) ;
#1296 = CARTESIAN_POINT ( 'NONE',  ( 32.82977184163764406, -5.161492250957792086E-29, 5.000000000000002665 ) ) ;
#1297 = AXIS2_PLACEMENT_3D ( 'NONE', #4392, #4442, #4446 ) ;
#1298 = ORIENTED_EDGE ( 'NONE', *, *, #3216, .F. ) ;
#1299 = ORIENTED_EDGE ( 'NONE', *, *, #3319, .T. ) ;
#1300 = CARTESIAN_POINT ( 'NONE',  ( 16.87856149169569164, 2.093492502277375926E-15, 0.0000000000000000000 ) ) ;
#1301 = DIRECTION ( 'NONE',  ( -1.000000000000000000, -1.224606353822377258E-16, -0.0000000000000000000 ) ) ;
#1302 = ADVANCED_FACE ( 'NONE', ( #1122 ), #971, .T. ) ;
#1303 = DIRECTION ( 'NONE',  ( -1.000000000000000000, -1.224606353822377258E-16, -0.0000000000000000000 ) ) ;
#1304 = FILL_AREA_STYLE_COLOUR ( '', #1461 ) ;
#1305 = UNCERTAINTY_MEASURE_WITH_UNIT (LENGTH_MEASURE( 1.000000000000000082E-05 ), #1011, 'distance_accuracy_value', 'NONE');
#1306 = VECTOR ( 'NONE', #5044, 1000.000000000000000 ) ;
#1307 = DIRECTION ( 'NONE',  ( 0.0000000000000000000, -1.000000000000000000, 0.0000000000000000000 ) ) ;
#1308 = ADVANCED_FACE ( 'NONE', ( #994 ), #959, .T. ) ;
#1309 = ORIENTED_EDGE ( 'NONE', *, *, #4282, .F. ) ;
#1310 = CYLINDRICAL_SURFACE ( 'NONE', #1792, 4.999999999999887201 ) ;
#1311 = AXIS2_PLACEMENT_3D ( 'NONE', #4635, #4646, #4648 ) ;
#1312 = AXIS2_PLACEMENT_3D ( 'NONE', #908, #934, #963 ) ;
#1313 = EDGE_LOOP ( 'NONE', ( #155, #193, #254, #273, #298 ) ) ;
#1314 = FACE_OUTER_BOUND ( 'NONE', #3850, .T. ) ;
#1315 = DIRECTION ( 'NONE',  ( -1.000000000000000000, -1.224606353822377258E-16, -0.0000000000000000000 ) ) ;
#1316 = DIRECTION ( 'NONE',  ( 0.0000000000000000000, -1.000000000000000000, 0.0000000000000000000 ) ) ;
#1317 = ORIENTED_EDGE ( 'NONE', *, *, #3907, .F. ) ;
#1318 = AXIS2_PLACEMENT_3D ( 'NONE', #782, #2457, #2564 ) ;
#1319 = CYLINDRICAL_SURFACE ( 'NONE', #1798, 4.999999999999887201 ) ;
#1320 = DIRECTION ( 'NONE',  ( -1.000000000000000000, -1.224606353822377258E-16, -0.0000000000000000000 ) ) ;
#1321 = CARTESIAN_POINT ( 'NONE',  ( 38.74643850830430836, -5.000000000000000888, 6.123233995736771213E-16 ) ) ;
#1322 = FACE_OUTER_BOUND ( 'NONE', #4165, .T. ) ;
#1323 = VERTEX_POINT ( 'NONE', #3229 ) ;
#1324 = CARTESIAN_POINT ( 'NONE',  ( 18.35772815836236305, 2.093492502277375926E-15, 0.0000000000000000000 ) ) ;
#1325 = FACE_OUTER_BOUND ( 'NONE', #2965, .T. ) ;
#1326 = CARTESIAN_POINT ( 'NONE',  ( 17.45833333333333215, -4.172000000000000597, 0.0000000000000000000 ) ) ;
#1327 = ORIENTED_EDGE ( 'NONE', *, *, #3641, .T. ) ;
#1328 = CARTESIAN_POINT ( 'NONE',  ( 37.26727184163763695, 2.235490958484726577E-15, 0.0000000000000000000 ) ) ;
#1329 = AXIS2_PLACEMENT_3D ( 'NONE', #3380, #3420, #3338 ) ;
#1330 = AXIS2_PLACEMENT_3D ( 'NONE', #4255, #1229, #3601 ) ;
#1331 = ORIENTED_EDGE ( 'NONE', *, *, #2770, .F. ) ;
#1332 = LINE ( 'NONE', #4120, #1134 ) ;
#1333 = VERTEX_POINT ( 'NONE', #3204 ) ;
#1334 = DIRECTION ( 'NONE',  ( -1.000000000000000000, -0.0000000000000000000, -0.0000000000000000000 ) ) ;
#1335 = CONICAL_SURFACE ( 'NONE', #1312, 4.172000000000002373, 0.9599310885968798113 ) ;
#1336 = ADVANCED_FACE ( 'NONE', ( #966 ), #981, .T. ) ;
#1337 = ORIENTED_EDGE ( 'NONE', *, *, #3782, .T. ) ;
#1338 = AXIS2_PLACEMENT_3D ( 'NONE', #2723, #2697, #3980 ) ;
#1339 = CARTESIAN_POINT ( 'NONE',  ( 24.27439482502902734, -4.999999999999999112, 0.0000000000000000000 ) ) ;
#1340 = FACE_OUTER_BOUND ( 'NONE', #1361, .T. ) ;
#1341 = CARTESIAN_POINT ( 'NONE',  ( 23.95477184163764051, 6.123233995736253523E-16, -5.000000000000002665 ) ) ;
#1342 = CARTESIAN_POINT ( 'NONE',  ( 36.10772815836236305, 6.123233995736290008E-16, -5.000000000000001776 ) ) ;
#1343 = EDGE_LOOP ( 'NONE', ( #1705, #1989, #2831, #3299, #3875, #4916 ) ) ;
#1344 = ORIENTED_EDGE ( 'NONE', *, *, #2660, .T. ) ;
#1345 = CONICAL_SURFACE ( 'NONE', #343, 5.000000000000002665, 0.9599310885968831419 ) ;
#1346 = VERTEX_POINT ( 'NONE', #3278 ) ;
#1347 = FACE_OUTER_BOUND ( 'NONE', #1236, .T. ) ;
#1348 = DIRECTION ( 'NONE',  ( -1.000000000000000000, -1.224606353822377258E-16, -0.0000000000000000000 ) ) ;
#1349 = CIRCLE ( 'NONE', #1362, 4.172000000000002373 ) ;
#1350 = AXIS2_PLACEMENT_3D ( 'NONE', #3883, #2802, #1791 ) ;
#1351 = ORIENTED_EDGE ( 'NONE', *, *, #3788, .T. ) ;
#1352 = ORIENTED_EDGE ( 'NONE', *, *, #5121, .F. ) ;
#1353 = CIRCLE ( 'NONE', #213, 4.172000000000002373 ) ;
#1354 = ORIENTED_EDGE ( 'NONE', *, *, #5026, .F. ) ;
#1355 = ORIENTED_EDGE ( 'NONE', *, *, #4021, .F. ) ;
#1356 = DIRECTION ( 'NONE',  ( 0.0000000000000000000, -1.000000000000000000, 0.0000000000000000000 ) ) ;
#1357 = LINE ( 'NONE', #5343, #2565 ) ;
#1358 = ORIENTED_EDGE ( 'NONE', *, *, #3788, .F. ) ;
#1359 = LINE ( 'NONE', #4280, #1990 ) ;
#1360 = CARTESIAN_POINT ( 'NONE',  ( 5.000000000000000000, 4.685197434473813871, -6.505213034913026604E-15 ) ) ;
#1361 = EDGE_LOOP ( 'NONE', ( #2081, #2015, #1949, #1863, #1652, #1508 ) ) ;
#1362 = AXIS2_PLACEMENT_3D ( 'NONE', #3207, #3183, #1251 ) ;
#1363 = AXIS2_PLACEMENT_3D ( 'NONE', #3020, #3026, #3284 ) ;
#1364 = FACE_OUTER_BOUND ( 'NONE', #3818, .T. ) ;
#1365 = EDGE_LOOP ( 'NONE', ( #351, #1299, #1703, #1298, #2816, #1816 ) ) ;
#1366 = CARTESIAN_POINT ( 'NONE',  ( -31.74999999999995737, 6.123233995736628232E-16, -4.999999999999887201 ) ) ;
#1367 = CARTESIAN_POINT ( 'NONE',  ( 44.66310517497097976, 2.235490958484726577E-15, 0.0000000000000000000 ) ) ;
#1368 = ORIENTED_EDGE ( 'NONE', *, *, #3871, .T. ) ;
#1369 = EDGE_CURVE ( 'NONE', #815, #2765, #1019, .T. ) ;
#1370 = ADVANCED_FACE ( 'NONE', ( #1017 ), #930, .T. ) ;
#1371 = CARTESIAN_POINT ( 'NONE',  ( 5.000000000000000000, 3.513898075855355518, -2.028750000000005826 ) ) ;
#1372 = VECTOR ( 'NONE', #3084, 999.9999999999998863 ) ;
#1373 = DIRECTION ( 'NONE',  ( -1.000000000000000000, -1.224606353822377258E-16, -0.0000000000000000000 ) ) ;
#1374 = DIRECTION ( 'NONE',  ( 0.0000000000000000000, -1.000000000000000000, 0.0000000000000000000 ) ) ;
#1375 = ORIENTED_EDGE ( 'NONE', *, *, #5111, .F. ) ;
#1376 = ORIENTED_EDGE ( 'NONE', *, *, #3560, .F. ) ;
#1377 = ORIENTED_EDGE ( 'NONE', *, *, #3167, .F. ) ;
#1378 = AXIS2_PLACEMENT_3D ( 'NONE', #4705, #738, #3086 ) ;
#1379 = AXIS2_PLACEMENT_3D ( 'NONE', #3099, #3165, #754 ) ;
#1380 = CARTESIAN_POINT ( 'NONE',  ( 18.03810517497097266, 2.235490958484726577E-15, 0.0000000000000000000 ) ) ;
#1381 = AXIS2_PLACEMENT_3D ( 'NONE', #3009, #3018, #3087 ) ;
#1382 = DIRECTION ( 'NONE',  ( -0.5735764363510472696, -0.8191520442889910214, 0.0000000000000000000 ) ) ;
#1383 = ADVANCED_FACE ( 'NONE', ( #957 ), #1012, .T. ) ;
#1384 = DIRECTION ( 'NONE',  ( -1.000000000000000000, -0.0000000000000000000, -0.0000000000000000000 ) ) ;
#1385 = CARTESIAN_POINT ( 'NONE',  ( -31.74999999999995737, 0.0000000000000000000, 0.0000000000000000000 ) ) ;
#1386 = AXIS2_PLACEMENT_3D ( 'NONE', #3924, #982, #2639 ) ;
#1387 = VERTEX_POINT ( 'NONE', #3365 ) ;
#1388 = CARTESIAN_POINT ( 'NONE',  ( 39.64583333333333570, -4.172000000000000597, 5.616230220889765396E-16 ) ) ;
#1389 = CARTESIAN_POINT ( 'NONE',  ( -31.74999999999995737, 0.0000000000000000000, 4.999999999999887201 ) ) ;
#1390 = DIRECTION ( 'NONE',  ( 0.0000000000000000000, 0.0000000000000000000, 1.000000000000000000 ) ) ;
#1391 = ADVANCED_FACE ( 'NONE', ( #910 ), #881, .T. ) ;
#1392 = ADVANCED_FACE ( 'NONE', ( #937 ), #951, .T. ) ;
#1393 = AXIS2_PLACEMENT_3D ( 'NONE', #726, #710, #699 ) ;
#1394 = AXIS2_PLACEMENT_3D ( 'NONE', #2599, #2621, #4822 ) ;
#1395 = CIRCLE ( 'NONE', #4245, 5.000000000000002665 ) ;
#1396 = CARTESIAN_POINT ( 'NONE',  ( -31.74999999999995737, 0.0000000000000000000, 0.0000000000000000000 ) ) ;
#1397 = EDGE_LOOP ( 'NONE', ( #5314, #3092, #3011, #2995, #1138 ) ) ;
#1398 = DIRECTION ( 'NONE',  ( 1.000000000000000000, 0.0000000000000000000, 0.0000000000000000000 ) ) ;
#1399 = AXIS2_PLACEMENT_3D ( 'NONE', #4849, #3288, #3490 ) ;
#1400 = CARTESIAN_POINT ( 'NONE',  ( 23.37500000000000000, -4.172000000000000597, 5.616230220889765396E-16 ) ) ;
#1401 = AXIS2_PLACEMENT_3D ( 'NONE', #3115, #3029, #2867 ) ;
#1402 = ORIENTED_EDGE ( 'NONE', *, *, #2585, .F. ) ;
#1403 = CARTESIAN_POINT ( 'NONE',  ( 40.22560517497097266, 2.235490958484726577E-15, 0.0000000000000000000 ) ) ;
#1404 = ADVANCED_FACE ( 'NONE', ( #892, #907 ), #3459, .T. ) ;
#1405 = ORIENTED_EDGE ( 'NONE', *, *, #4772, .F. ) ;
#1406 = ADVANCED_FACE ( 'NONE', ( #932 ), #818, .T. ) ;
#1407 = CARTESIAN_POINT ( 'NONE',  ( 44.98272815836236305, -4.776306262080344916E-29, 5.000000000000001776 ) ) ;
#1408 = ORIENTED_EDGE ( 'NONE', *, *, #4557, .F. ) ;
#1409 = VECTOR ( 'NONE', #4062, 1000.000000000000000 ) ;
#1410 = AXIS2_PLACEMENT_3D ( 'NONE', #2889, #4882, #1961 ) ;
#1411 = AXIS2_PLACEMENT_3D ( 'NONE', #1978, #2055, #2030 ) ;
#1412 = ORIENTED_EDGE ( 'NONE', *, *, #5130, .T. ) ;
#1413 = VECTOR ( 'NONE', #5313, 1000.000000000000000 ) ;
#1414 = AXIS2_PLACEMENT_3D ( 'NONE', #1640, #1694, #2694 ) ;
#1415 = AXIS2_PLACEMENT_3D ( 'NONE', #5277, #4890, #4573 ) ;
#1416 = AXIS2_PLACEMENT_3D ( 'NONE', #2828, #3779, #3528 ) ;
#1417 = CIRCLE ( 'NONE', #116, 5.000000000000002665 ) ;
#1418 = DIRECTION ( 'NONE',  ( 0.0000000000000000000, 0.4999999999999994449, -0.8660254037844389297 ) ) ;
#1419 = CIRCLE ( 'NONE', #702, 5.000000000000002665 ) ;
#1420 = DIRECTION ( 'NONE',  ( 1.000000000000000000, 1.224606353822377258E-16, 0.0000000000000000000 ) ) ;
#1421 = VERTEX_POINT ( 'NONE', #3509 ) ;
#1422 = LINE ( 'NONE', #3783, #3643 ) ;
#1423 = DIRECTION ( 'NONE',  ( -1.000000000000000000, -0.0000000000000000000, -0.0000000000000000000 ) ) ;
#1424 = AXIS2_PLACEMENT_3D ( 'NONE', #1729, #2667, #1069 ) ;
#1425 = CIRCLE ( 'NONE', #1440, 4.172000000000002373 ) ;
#1426 = ORIENTED_EDGE ( 'NONE', *, *, #5026, .T. ) ;
#1427 = LINE ( 'NONE', #4722, #201 ) ;
#1428 = ORIENTED_EDGE ( 'NONE', *, *, #2612, .F. ) ;
#1429 = ADVANCED_FACE ( 'NONE', ( #838 ), #878, .T. ) ;
#1430 = CARTESIAN_POINT ( 'NONE',  ( 23.95477184163764051, 2.235490958484726577E-15, 0.0000000000000000000 ) ) ;
#1431 = DIRECTION ( 'NONE',  ( 0.0000000000000000000, -1.000000000000000000, 0.0000000000000000000 ) ) ;
#1432 =( GEOMETRIC_REPRESENTATION_CONTEXT ( 3 ) GLOBAL_UNCERTAINTY_ASSIGNED_CONTEXT ( ( #409 ) ) GLOBAL_UNIT_ASSIGNED_CONTEXT ( ( #502, #437, #2482 ) ) REPRESENTATION_CONTEXT ( 'NONE', 'WORKASPACE' ) );
#1433 = ORIENTED_EDGE ( 'NONE', *, *, #4054, .T. ) ;
#1434 = DIRECTION ( 'NONE',  ( -1.000000000000000000, -1.224606353822377258E-16, -0.0000000000000000000 ) ) ;
#1435 = CARTESIAN_POINT ( 'NONE',  ( 37.26727184163763695, 6.123233995736253523E-16, -5.000000000000002665 ) ) ;
#1436 = ORIENTED_EDGE ( 'NONE', *, *, #3994, .F. ) ;
#1437 = ORIENTED_EDGE ( 'NONE', *, *, #2741, .T. ) ;
#1438 = AXIS2_PLACEMENT_3D ( 'NONE', #4295, #918, #3794 ) ;
#1439 = CARTESIAN_POINT ( 'NONE',  ( 17.45833333333333215, 2.164491730381051252E-15, 0.0000000000000000000 ) ) ;
#1440 = AXIS2_PLACEMENT_3D ( 'NONE', #162, #770, #3383 ) ;
#1441 = DIRECTION ( 'NONE',  ( 0.0000000000000000000, 0.0000000000000000000, 1.000000000000000000 ) ) ;
#1442 = CARTESIAN_POINT ( 'NONE',  ( 17.45833333333333215, 4.172000000000004150, 5.109226446042759579E-16 ) ) ;
#1443 = APPLICATION_PROTOCOL_DEFINITION ( 'draft international standard', 'automotive_design', 1998, #474 ) ;
#1444 = EDGE_LOOP ( 'NONE', ( #2576, #2428, #2360, #2295, #2166 ) ) ;
#1445 = DIRECTION ( 'NONE',  ( 0.0000000000000000000, -1.000000000000000000, 0.0000000000000000000 ) ) ;
#1446 = MECHANICAL_DESIGN_GEOMETRIC_PRESENTATION_REPRESENTATION (  '', ( #1464 ), #1432 ) ;
#1447 = VERTEX_POINT ( 'NONE', #4514 ) ;
#1448 = DIRECTION ( 'NONE',  ( -1.000000000000000000, -0.0000000000000000000, -0.0000000000000000000 ) ) ;
#1449 = VERTEX_POINT ( 'NONE', #1598 ) ;
#1450 = AXIS2_PLACEMENT_3D ( 'NONE', #5172, #926, #211 ) ;
#1451 = CONICAL_SURFACE ( 'NONE', #1865, 5.000000000000002665, 0.9599310885968831419 ) ;
#1452 = ADVANCED_FACE ( 'NONE', ( #835 ), #802, .T. ) ;
#1453 = ORIENTED_EDGE ( 'NONE', *, *, #3852, .F. ) ;
#1454 = ORIENTED_EDGE ( 'NONE', *, *, #4380, .F. ) ;
#1455 = FACE_OUTER_BOUND ( 'NONE', #2957, .T. ) ;
#1456 = AXIS2_PLACEMENT_3D ( 'NONE', #4367, #4126, #4931 ) ;
#1457 = AXIS2_PLACEMENT_3D ( 'NONE', #1657, #3612, #3959 ) ;
#1458 = ADVANCED_FACE ( 'NONE', ( #812 ), #945, .T. ) ;
#1459 = CIRCLE ( 'NONE', #3942, 5.000000000000001776 ) ;
#1460 = DIRECTION ( 'NONE',  ( -0.5735764363510474917, 0.8191520442889909104, 1.003171929053523761E-16 ) ) ;
#1461 = COLOUR_RGB ( '',0.7764705882352941346, 0.7568627450980391913, 0.7372549019607843590 ) ;
#1462 = DIRECTION ( 'NONE',  ( 0.0000000000000000000, -1.000000000000000000, 0.0000000000000000000 ) ) ;
#1463 = CARTESIAN_POINT ( 'NONE',  ( 41.70477184163764406, 2.235490958484726577E-15, 0.0000000000000000000 ) ) ;
#1464 = STYLED_ITEM ( 'NONE', ( #451 ), #2396 ) ;
#1465 = AXIS2_PLACEMENT_3D ( 'NONE', #1859, #4778, #1773 ) ;
#1466 = PRESENTATION_STYLE_ASSIGNMENT (( #2759 ) ) ;
#1467 = AXIS2_PLACEMENT_3D ( 'NONE', #1605, #1667, #1886 ) ;
#1468 = CARTESIAN_POINT ( 'NONE',  ( 33.14939482502902734, 2.093492502277375926E-15, 0.0000000000000000000 ) ) ;
#1469 = DIRECTION ( 'NONE',  ( -1.000000000000000000, -1.224606353822377258E-16, -0.0000000000000000000 ) ) ;
#1470 = FACE_OUTER_BOUND ( 'NONE', #5189, .T. ) ;
#1471 = CIRCLE ( 'NONE', #1330, 5.000000000000001776 ) ;
#1472 = CYLINDRICAL_SURFACE ( 'NONE', #1855, 4.999999999999887201 ) ;
#1473 =( GEOMETRIC_REPRESENTATION_CONTEXT ( 3 ) GLOBAL_UNCERTAINTY_ASSIGNED_CONTEXT ( ( #3807 ) ) GLOBAL_UNIT_ASSIGNED_CONTEXT ( ( #2201, #5037, #5363 ) ) REPRESENTATION_CONTEXT ( 'NONE', 'WORKASPACE' ) );
#1474 = PRESENTATION_LAYER_ASSIGNMENT (  '', '', ( #1464 ) ) ;
#1475 = VECTOR ( 'NONE', #1118, 1000.000000000000114 ) ;
#1476 = DIRECTION ( 'NONE',  ( -1.000000000000000000, -0.0000000000000000000, -0.0000000000000000000 ) ) ;
#1477 = CIRCLE ( 'NONE', #2578, 5.000000000000001776 ) ;
#1478 = DIRECTION ( 'NONE',  ( -1.000000000000000000, -0.0000000000000000000, -0.0000000000000000000 ) ) ;
#1479 = CONICAL_SURFACE ( 'NONE', #1894, 5.000000000000002665, 0.9599310885968831419 ) ;
#1480 = CARTESIAN_POINT ( 'NONE',  ( 16.87856149169569164, 2.093492502277375926E-15, 0.0000000000000000000 ) ) ;
#1481 = DIRECTION ( 'NONE',  ( 0.0000000000000000000, 0.0000000000000000000, 1.000000000000000000 ) ) ;
#1482 = DIRECTION ( 'NONE',  ( -1.000000000000000000, -1.224606353822377258E-16, -0.0000000000000000000 ) ) ;
#1483 = AXIS2_PLACEMENT_3D ( 'NONE', #5094, #2317, #4320 ) ;
#1484 = AXIS2_PLACEMENT_3D ( 'NONE', #1396, #5023, #667 ) ;
#1485 = ORIENTED_EDGE ( 'NONE', *, *, #4688, .F. ) ;
#1486 = CIRCLE ( 'NONE', #4024, 5.399999999999887557 ) ;
#1487 = ORIENTED_EDGE ( 'NONE', *, *, #2865, .F. ) ;
#1488 = CARTESIAN_POINT ( 'NONE',  ( -31.74999999999995737, 0.0000000000000000000, 4.999999999999887201 ) ) ;
#1489 = ORIENTED_EDGE ( 'NONE', *, *, #3151, .T. ) ;
#1490 = LINE ( 'NONE', #2319, #133 ) ;
#1491 = ORIENTED_EDGE ( 'NONE', *, *, #4473, .F. ) ;
#1492 = CONICAL_SURFACE ( 'NONE', #1928, 5.000000000000002665, 0.9599310885968831419 ) ;
#1493 = AXIS2_PLACEMENT_3D ( 'NONE', #3930, #4640, #2215 ) ;
#1494 = CONICAL_SURFACE ( 'NONE', #785, 4.172000000000002373, 0.9599310885968798113 ) ;
#1495 = ORIENTED_EDGE ( 'NONE', *, *, #4019, .F. ) ;
#1496 = VECTOR ( 'NONE', #20, 1000.000000000000000 ) ;
#1497 = ORIENTED_EDGE ( 'NONE', *, *, #5289, .F. ) ;
#1498 = CARTESIAN_POINT ( 'NONE',  ( -31.74999999999995737, 0.0000000000000000000, 0.0000000000000000000 ) ) ;
#1499 = VECTOR ( 'NONE', #5018, 1000.000000000000000 ) ;
#1500 = CARTESIAN_POINT ( 'NONE',  ( 23.37500000000000000, 2.164491730381051252E-15, 0.0000000000000000000 ) ) ;
#1501 = EDGE_LOOP ( 'NONE', ( #3423, #3394, #3358 ) ) ;
#1502 = DIRECTION ( 'NONE',  ( 0.0000000000000000000, 1.000000000000000000, 0.0000000000000000000 ) ) ;
#1503 = DIRECTION ( 'NONE',  ( -1.000000000000000000, -1.224606353822377258E-16, -0.0000000000000000000 ) ) ;
#1504 = AXIS2_PLACEMENT_3D ( 'NONE', #1403, #2263, #4064 ) ;
#1505 = FACE_OUTER_BOUND ( 'NONE', #1158, .T. ) ;
#1506 = DIRECTION ( 'NONE',  ( 0.0000000000000000000, 0.4999999999999992784, -0.8660254037844390407 ) ) ;
#1507 = AXIS2_PLACEMENT_3D ( 'NONE', #3793, #709, #2550 ) ;
#1508 = ORIENTED_EDGE ( 'NONE', *, *, #3497, .F. ) ;
#1509 = AXIS2_PLACEMENT_3D ( 'NONE', #4485, #2546, #4080 ) ;
#1510 = FACE_OUTER_BOUND ( 'NONE', #2447, .T. ) ;
#1511 = LINE ( 'NONE', #3045, #4223 ) ;
#1512 = DIRECTION ( 'NONE',  ( 0.0000000000000000000, -1.000000000000000000, 0.0000000000000000000 ) ) ;
#1513 = ORIENTED_EDGE ( 'NONE', *, *, #2865, .T. ) ;
#1514 = ORIENTED_EDGE ( 'NONE', *, *, #4579, .T. ) ;
#1515 = ADVANCED_FACE ( 'NONE', ( #826 ), #762, .T. ) ;
#1516 = EDGE_LOOP ( 'NONE', ( #4415, #5340, #4364, #4264, #5110 ) ) ;
#1517 = CONICAL_SURFACE ( 'NONE', #1917, 5.000000000000002665, 0.9599310885968831419 ) ;
#1518 = CARTESIAN_POINT ( 'NONE',  ( 21.31606149169569520, -4.776306262080344916E-29, 5.000000000000001776 ) ) ;
#1519 = LINE ( 'NONE', #2132, #2366 ) ;
#1520 = DIRECTION ( 'NONE',  ( -1.000000000000000000, -1.224606353822377258E-16, -0.0000000000000000000 ) ) ;
#1521 = DIRECTION ( 'NONE',  ( -1.000000000000000000, -1.224606353822377258E-16, -0.0000000000000000000 ) ) ;
#1522 = ADVANCED_FACE ( 'NONE', ( #814 ), #744, .T. ) ;
#1523 = ADVANCED_FACE ( 'NONE', ( #766 ), #775, .T. ) ;
#1524 = AXIS2_PLACEMENT_3D ( 'NONE', #3536, #3502, #1665 ) ;
#1525 = CARTESIAN_POINT ( 'NONE',  ( 17.45833333333333215, 2.164491730381051252E-15, 0.0000000000000000000 ) ) ;
#1526 = AXIS2_PLACEMENT_3D ( 'NONE', #3760, #2587, #4469 ) ;
#1527 = VERTEX_POINT ( 'NONE', #4143 ) ;
#1528 = EDGE_LOOP ( 'NONE', ( #1767, #3139, #2069, #2767, #2289, #1696 ) ) ;
#1529 = DIRECTION ( 'NONE',  ( -0.5735764363510474917, 0.8191520442889909104, 1.003171929053523761E-16 ) ) ;
#1530 = DIRECTION ( 'NONE',  ( 0.0000000000000000000, 0.0000000000000000000, 1.000000000000000000 ) ) ;
#1531 = FACE_OUTER_BOUND ( 'NONE', #1313, .T. ) ;
#1532 = VECTOR ( 'NONE', #373, 1000.000000000000000 ) ;
#1533 = CARTESIAN_POINT ( 'NONE',  ( 22.47560517497097266, 2.235490958484726577E-15, 0.0000000000000000000 ) ) ;
#1534 = CARTESIAN_POINT ( 'NONE',  ( 15.39939482502902557, -5.000000000000001776, 0.0000000000000000000 ) ) ;
#1535 = ORIENTED_EDGE ( 'NONE', *, *, #3898, .F. ) ;
#1536 = CIRCLE ( 'NONE', #2425, 5.000000000000002665 ) ;
#1537 = CARTESIAN_POINT ( 'NONE',  ( 47.04166666666667140, -4.172000000000000597, 5.616230220889765396E-16 ) ) ;
#1538 = CARTESIAN_POINT ( 'NONE',  ( 32.25000000000000000, 2.164491730381051252E-15, 0.0000000000000000000 ) ) ;
#1539 = FACE_OUTER_BOUND ( 'NONE', #1931, .T. ) ;
#1540 = CIRCLE ( 'NONE', #1206, 5.000000000000002665 ) ;
#1541 = VERTEX_POINT ( 'NONE', #3645 ) ;
#1542 = AXIS2_PLACEMENT_3D ( 'NONE', #1533, #4929, #4880 ) ;
#1543 = EDGE_LOOP ( 'NONE', ( #978, #1034, #1047, #1058, #1073 ) ) ;
#1544 = AXIS2_PLACEMENT_3D ( 'NONE', #4250, #4201, #4112 ) ;
#1545 = CARTESIAN_POINT ( 'NONE',  ( 5.000000000000000000, 4.685197434473813871, -6.505213034913026604E-15 ) ) ;
#1546 = DIRECTION ( 'NONE',  ( -1.000000000000000000, -0.0000000000000000000, -0.0000000000000000000 ) ) ;
#1547 = LINE ( 'NONE', #4121, #1409 ) ;
#1548 = DIRECTION ( 'NONE',  ( 0.0000000000000000000, 0.0000000000000000000, -1.000000000000000000 ) ) ;
#1549 = ORIENTED_EDGE ( 'NONE', *, *, #5374, .F. ) ;
#1550 = LINE ( 'NONE', #398, #1614 ) ;
#1551 = VERTEX_POINT ( 'NONE', #3577 ) ;
#1552 = VECTOR ( 'NONE', #2929, 1000.000000000000114 ) ;
#1553 = COLOUR_RGB ( '',0.7764705882352941346, 0.7568627450980391913, 0.7372549019607843590 ) ;
#1554 = CARTESIAN_POINT ( 'NONE',  ( 32.82977184163764406, 2.235490958484726577E-15, 0.0000000000000000000 ) ) ;
#1555 = ORIENTED_EDGE ( 'NONE', *, *, #3290, .F. ) ;
#1556 = ADVANCED_FACE ( 'NONE', ( #786 ), #719, .T. ) ;
#1557 = CONICAL_SURFACE ( 'NONE', #1936, 5.000000000000002665, 0.9599310885968831419 ) ;
#1558 = CARTESIAN_POINT ( 'NONE',  ( 44.08333333333333570, -4.172000000000000597, 5.616230220889765396E-16 ) ) ;
#1559 = AXIS2_PLACEMENT_3D ( 'NONE', #243, #3359, #3705 ) ;
#1560 = COLOUR_RGB ( '',0.7764705882352941346, 0.7568627450980391913, 0.7372549019607843590 ) ;
#1561 = VERTEX_POINT ( 'NONE', #3686 ) ;
#1562 = VECTOR ( 'NONE', #2737, 1000.000000000000000 ) ;
#1563 = CARTESIAN_POINT ( 'NONE',  ( -31.74999999999995737, 6.123233995736628232E-16, -4.999999999999887201 ) ) ;
#1564 = CARTESIAN_POINT ( 'NONE',  ( 47.62143850830430836, 2.235490958484726577E-15, 0.0000000000000000000 ) ) ;
#1565 = FACE_OUTER_BOUND ( 'NONE', #1074, .T. ) ;
#1566 = EDGE_LOOP ( 'NONE', ( #1072, #3628, #2681, #4836, #3346 ) ) ;
#1567 = ORIENTED_EDGE ( 'NONE', *, *, #4772, .T. ) ;
#1568 = VECTOR ( 'NONE', #4133, 1000.000000000000000 ) ;
#1569 = DIRECTION ( 'NONE',  ( 0.0000000000000000000, -0.8660254037844390407, -0.4999999999999995004 ) ) ;
#1570 = ORIENTED_EDGE ( 'NONE', *, *, #2877, .F. ) ;
#1571 = CIRCLE ( 'NONE', #465, 5.000000000000001776 ) ;
#1572 = ORIENTED_EDGE ( 'NONE', *, *, #2505, .F. ) ;
#1573 = AXIS2_PLACEMENT_3D ( 'NONE', #3822, #3778, #268 ) ;
#1574 = AXIS2_PLACEMENT_3D ( 'NONE', #2871, #443, #2381 ) ;
#1575 = CONICAL_SURFACE ( 'NONE', #1938, 4.171999999999999709, 0.7853981633971890419 ) ;
#1576 = DIRECTION ( 'NONE',  ( 0.0000000000000000000, -1.000000000000000000, 0.0000000000000000000 ) ) ;
#1577 = CARTESIAN_POINT ( 'NONE',  ( 15.39939482502902557, 6.123233995736290008E-16, -5.000000000000001776 ) ) ;
#1578 = ORIENTED_EDGE ( 'NONE', *, *, #2613, .F. ) ;
#1579 = VERTEX_POINT ( 'NONE', #3720 ) ;
#1580 = FACE_OUTER_BOUND ( 'NONE', #4437, .T. ) ;
#1581 = DIRECTION ( 'NONE',  ( -1.000000000000000000, -1.224606353822377258E-16, -0.0000000000000000000 ) ) ;
#1582 = CARTESIAN_POINT ( 'NONE',  ( 18.03810517497097266, 2.235490958484726577E-15, 0.0000000000000000000 ) ) ;
#1583 = AXIS2_PLACEMENT_3D ( 'NONE', #3657, #2514, #3675 ) ;
#1584 = CARTESIAN_POINT ( 'NONE',  ( 37.58689482502902734, 6.123233995736290008E-16, -5.000000000000001776 ) ) ;
#1585 = AXIS2_PLACEMENT_3D ( 'NONE', #4041, #3914, #4050 ) ;
#1586 = CARTESIAN_POINT ( 'NONE',  ( 25.43393850830430480, -5.161492250957792086E-29, 5.000000000000002665 ) ) ;
#1587 = DIRECTION ( 'NONE',  ( 0.0000000000000000000, -1.000000000000000000, 0.0000000000000000000 ) ) ;
#1588 = AXIS2_PLACEMENT_3D ( 'NONE', #192, #1623, #3680 ) ;
#1589 = CYLINDRICAL_SURFACE ( 'NONE', #1230, 4.999999999999887201 ) ;
#1590 = ORIENTED_EDGE ( 'NONE', *, *, #2503, .T. ) ;
#1591 = ORIENTED_EDGE ( 'NONE', *, *, #1788, .T. ) ;
#1592 = SURFACE_STYLE_FILL_AREA ( #2711 ) ;
#1593 = DIRECTION ( 'NONE',  ( 0.0000000000000000000, 1.000000000000000000, 0.0000000000000000000 ) ) ;
#1594 = ORIENTED_EDGE ( 'NONE', *, *, #3773, .T. ) ;
#1595 = CARTESIAN_POINT ( 'NONE',  ( 28.71189482502902734, 2.093492502277375926E-15, 0.0000000000000000000 ) ) ;
#1596 = CONICAL_SURFACE ( 'NONE', #1955, 5.000000000000002665, 0.9599310885968831419 ) ;
#1597 = ADVANCED_FACE ( 'NONE', ( #830 ), #752, .T. ) ;
#1598 = CARTESIAN_POINT ( 'NONE',  ( 1.500000000000001332, 9.797174393178825657E-16, -8.000000000000000000 ) ) ;
#1599 = CARTESIAN_POINT ( 'NONE',  ( 20.99643850830430836, 2.235490958484726577E-15, 0.0000000000000000000 ) ) ;
#1600 = VECTOR ( 'NONE', #548, 1000.000000000000114 ) ;
#1601 = EDGE_LOOP ( 'NONE', ( #2340, #2307, #2346, #2335, #4671, #29 ) ) ;
#1602 = FACE_OUTER_BOUND ( 'NONE', #2152, .T. ) ;
#1603 = CARTESIAN_POINT ( 'NONE',  ( 49.10060517497097266, 6.123233995736253523E-16, -5.000000000000002665 ) ) ;
#1604 = AXIS2_PLACEMENT_3D ( 'NONE', #3870, #130, #3446 ) ;
#1605 = CARTESIAN_POINT ( 'NONE',  ( 30.77083333333333925, 2.164491730381051252E-15, 0.0000000000000000000 ) ) ;
#1606 = CARTESIAN_POINT ( 'NONE',  ( 25.75356149169569164, 6.123233995736290008E-16, -5.000000000000001776 ) ) ;
#1607 = CIRCLE ( 'NONE', #117, 5.000000000000001776 ) ;
#1608 = CONICAL_SURFACE ( 'NONE', #2009, 4.172000000000002373, 0.9599310885968798113 ) ;
#1609 = CARTESIAN_POINT ( 'NONE',  ( -31.74999999999995737, 0.0000000000000000000, 4.999999999999887201 ) ) ;
#1610 = ADVANCED_FACE ( 'NONE', ( #727 ), #688, .T. ) ;
#1611 = DIRECTION ( 'NONE',  ( 0.0000000000000000000, -1.000000000000000000, 0.0000000000000000000 ) ) ;
#1612 = EDGE_CURVE ( 'NONE', #2765, #2453, #811, .T. ) ;
#1613 = AXIS2_PLACEMENT_3D ( 'NONE', #3491, #3508, #3511 ) ;
#1614 = VECTOR ( 'NONE', #431, 1000.000000000000000 ) ;
#1615 = DIRECTION ( 'NONE',  ( 1.000000000000000000, 1.224606353822377258E-16, 0.0000000000000000000 ) ) ;
#1616 = VECTOR ( 'NONE', #1887, 1000.000000000000114 ) ;
#1617 = CARTESIAN_POINT ( 'NONE',  ( 23.95477184163764051, 5.000000000000004441, 0.0000000000000000000 ) ) ;
#1618 = DIRECTION ( 'NONE',  ( -1.000000000000000000, -1.224606353822377258E-16, -0.0000000000000000000 ) ) ;
#1619 = CONICAL_SURFACE ( 'NONE', #1972, 4.172000000000002373, 0.9599310885968798113 ) ;
#1620 = EDGE_CURVE ( 'NONE', #815, #3160, #691, .T. ) ;
#1621 = AXIS2_PLACEMENT_3D ( 'NONE', #1659, #1618, #4431 ) ;
#1622 = DIRECTION ( 'NONE',  ( 0.0000000000000000000, -1.000000000000000000, 0.0000000000000000000 ) ) ;
#1623 = DIRECTION ( 'NONE',  ( -1.000000000000000000, -0.0000000000000000000, -0.0000000000000000000 ) ) ;
#1624 = ORIENTED_EDGE ( 'NONE', *, *, #3897, .F. ) ;
#1625 = DIRECTION ( 'NONE',  ( -1.000000000000000000, -1.224606353822377258E-16, -0.0000000000000000000 ) ) ;
#1626 = ORIENTED_EDGE ( 'NONE', *, *, #3303, .F. ) ;
#1627 = CIRCLE ( 'NONE', #301, 5.000000000000002665 ) ;
#1628 = ADVANCED_FACE ( 'NONE', ( #679 ), #648, .T. ) ;
#1629 = PRESENTATION_STYLE_ASSIGNMENT (( #3998 ) ) ;
#1630 = CIRCLE ( 'NONE', #1876, 5.000000000000001776 ) ;
#1631 = AXIS2_PLACEMENT_3D ( 'NONE', #1599, #3500, #3733 ) ;
#1632 = VECTOR ( 'NONE', #3759, 1000.000000000000114 ) ;
#1633 = AXIS2_PLACEMENT_3D ( 'NONE', #3433, #3408, #3465 ) ;
#1634 = CARTESIAN_POINT ( 'NONE',  ( 29.29166666666666785, 4.172000000000004150, 0.0000000000000000000 ) ) ;
#1635 = AXIS2_PLACEMENT_3D ( 'NONE', #3392, #3404, #3393 ) ;
#1636 = VERTEX_POINT ( 'NONE', #5014 ) ;
#1637 = FACE_OUTER_BOUND ( 'NONE', #560, .T. ) ;
#1638 = CARTESIAN_POINT ( 'NONE',  ( 18.03810517497097266, 2.235490958484726577E-15, 0.0000000000000000000 ) ) ;
#1639 = VECTOR ( 'NONE', #5153, 1000.000000000000114 ) ;
#1640 = CARTESIAN_POINT ( 'NONE',  ( 35.78810517497097266, 2.235490958484726577E-15, 0.0000000000000000000 ) ) ;
#1641 = FACE_OUTER_BOUND ( 'NONE', #1888, .T. ) ;
#1642 = CARTESIAN_POINT ( 'NONE',  ( 32.82977184163764406, -5.000000000000000888, 6.123233995736771213E-16 ) ) ;
#1643 = STYLED_ITEM ( 'NONE', ( #2672 ), #5086 ) ;
#1644 = ORIENTED_EDGE ( 'NONE', *, *, #3390, .F. ) ;
#1645 = AXIS2_PLACEMENT_3D ( 'NONE', #3352, #3323, #3339 ) ;
#1646 = CARTESIAN_POINT ( 'NONE',  ( 22.47560517497097266, 6.123233995736253523E-16, -5.000000000000002665 ) ) ;
#1647 = CARTESIAN_POINT ( 'NONE',  ( 26.91310517497097621, 2.235490958484726577E-15, 0.0000000000000000000 ) ) ;
#1648 = ORIENTED_EDGE ( 'NONE', *, *, #4688, .T. ) ;
#1649 = VECTOR ( 'NONE', #3260, 1000.000000000000000 ) ;
#1650 = AXIS2_PLACEMENT_3D ( 'NONE', #3305, #3388, #3333 ) ;
#1651 = CONICAL_SURFACE ( 'NONE', #2018, 4.172000000000002373, 0.9599310885968798113 ) ;
#1652 = ORIENTED_EDGE ( 'NONE', *, *, #3513, .F. ) ;
#1653 = CARTESIAN_POINT ( 'NONE',  ( 21.89583333333333570, 2.164491730381051252E-15, 0.0000000000000000000 ) ) ;
#1654 = CARTESIAN_POINT ( 'NONE',  ( 23.37500000000000000, 4.172000000000004150, 0.0000000000000000000 ) ) ;
#1655 = CYLINDRICAL_SURFACE ( 'NONE', #1896, 4.999999999999887201 ) ;
#1656 = AXIS2_PLACEMENT_3D ( 'NONE', #3174, #3210, #3249 ) ;
#1657 = CARTESIAN_POINT ( 'NONE',  ( -31.74999999999995737, 0.0000000000000000000, 0.0000000000000000000 ) ) ;
#1658 = EDGE_CURVE ( 'NONE', #5345, #708, #652, .T. ) ;
#1659 = CARTESIAN_POINT ( 'NONE',  ( 36.68750000000000711, 2.164491730381051252E-15, 0.0000000000000000000 ) ) ;
#1660 = EDGE_LOOP ( 'NONE', ( #5235, #2972 ) ) ;
#1661 = DIRECTION ( 'NONE',  ( 0.0000000000000000000, -1.000000000000000000, 0.0000000000000000000 ) ) ;
#1662 = UNCERTAINTY_MEASURE_WITH_UNIT (LENGTH_MEASURE( 1.000000000000000082E-05 ), #2674, 'distance_accuracy_value', 'NONE');
#1663 = AXIS2_PLACEMENT_3D ( 'NONE', #3231, #3315, #3296 ) ;
#1664 = VERTEX_POINT ( 'NONE', #4234 ) ;
#1665 = DIRECTION ( 'NONE',  ( 0.0000000000000000000, 0.0000000000000000000, -1.000000000000000000 ) ) ;
#1666 = CARTESIAN_POINT ( 'NONE',  ( 37.26727184163763695, -5.161492250957792086E-29, 5.000000000000002665 ) ) ;
#1667 = DIRECTION ( 'NONE',  ( -1.000000000000000000, -1.224606353822377258E-16, -0.0000000000000000000 ) ) ;
#1668 = ORIENTED_EDGE ( 'NONE', *, *, #3641, .F. ) ;
#1669 = AXIS2_PLACEMENT_3D ( 'NONE', #3476, #3489, #3473 ) ;
#1670 = AXIS2_PLACEMENT_3D ( 'NONE', #3104, #3163, #3360 ) ;
#1671 = ORIENTED_EDGE ( 'NONE', *, *, #3129, .F. ) ;
#1672 = ADVANCED_FACE ( 'NONE', ( #664 ), #614, .T. ) ;
#1673 = DIRECTION ( 'NONE',  ( 0.0000000000000000000, -1.000000000000000000, 0.0000000000000000000 ) ) ;
#1674 =( NAMED_UNIT ( * ) PLANE_ANGLE_UNIT ( ) SI_UNIT ( $, .RADIAN. ) );
#1675 = DIRECTION ( 'NONE',  ( 0.0000000000000000000, -1.000000000000000000, 0.0000000000000000000 ) ) ;
#1676 = DIRECTION ( 'NONE',  ( 0.0000000000000000000, -1.000000000000000000, 0.0000000000000000000 ) ) ;
#1677 = CONICAL_SURFACE ( 'NONE', #173, 4.172000000000002373, 0.9599310885968798113 ) ;
#1678 = EDGE_LOOP ( 'NONE', ( #5187, #638, #407, #4298, #477 ) ) ;
#1679 = DIRECTION ( 'NONE',  ( -1.000000000000000000, -1.224606353822377258E-16, -0.0000000000000000000 ) ) ;
#1680 = DIRECTION ( 'NONE',  ( 0.0000000000000000000, 0.0000000000000000000, 1.000000000000000000 ) ) ;
#1681 = CARTESIAN_POINT ( 'NONE',  ( 18.35772815836236305, 2.093492502277375926E-15, 0.0000000000000000000 ) ) ;
#1682 = ORIENTED_EDGE ( 'NONE', *, *, #2732, .F. ) ;
#1683 = CIRCLE ( 'NONE', #2041, 4.172000000000002373 ) ;
#1684 = VERTEX_POINT ( 'NONE', #4275 ) ;
#1685 = CARTESIAN_POINT ( 'NONE',  ( 35.78810517497097266, -5.238529448733281520E-29, 5.000000000000002665 ) ) ;
#1686 = CONICAL_SURFACE ( 'NONE', #2042, 4.172000000000002373, 0.9599310885968798113 ) ;
#1687 = AXIS2_PLACEMENT_3D ( 'NONE', #3484, #3525, #3472 ) ;
#1688 = CIRCLE ( 'NONE', #5034, 6.500000000000000888 ) ;
#1689 = AXIS2_PLACEMENT_3D ( 'NONE', #3387, #3343, #3403 ) ;
#1690 = AXIS2_PLACEMENT_3D ( 'NONE', #2382, #2374, #2372 ) ;
#1691 = AXIS2_PLACEMENT_3D ( 'NONE', #3414, #3434, #3457 ) ;
#1692 = LINE ( 'NONE', #4357, #484 ) ;
#1693 = ORIENTED_EDGE ( 'NONE', *, *, #3205, .F. ) ;
#1694 = DIRECTION ( 'NONE',  ( -1.000000000000000000, -1.224606353822377258E-16, -0.0000000000000000000 ) ) ;
#1695 = CIRCLE ( 'NONE', #1438, 4.172000000000002373 ) ;
#1696 = ORIENTED_EDGE ( 'NONE', *, *, #2540, .F. ) ;
#1697 = FACE_OUTER_BOUND ( 'NONE', #1718, .T. ) ;
#1698 = AXIS2_PLACEMENT_3D ( 'NONE', #1498, #212, #1680 ) ;
#1699 = DIRECTION ( 'NONE',  ( -1.000000000000000000, -1.224606353822377258E-16, -0.0000000000000000000 ) ) ;
#1700 = VERTEX_POINT ( 'NONE', #1842 ) ;
#1701 = CIRCLE ( 'NONE', #5160, 5.000000000000002665 ) ;
#1702 = ORIENTED_EDGE ( 'NONE', *, *, #4205, .F. ) ;
#1703 = ORIENTED_EDGE ( 'NONE', *, *, #2491, .T. ) ;
#1704 = DIRECTION ( 'NONE',  ( 0.0000000000000000000, -1.000000000000000000, 0.0000000000000000000 ) ) ;
#1705 = ORIENTED_EDGE ( 'NONE', *, *, #2491, .F. ) ;
#1706 = CIRCLE ( 'NONE', #112, 4.172000000000002373 ) ;
#1707 = ORIENTED_EDGE ( 'NONE', *, *, #4226, .F. ) ;
#1708 = DIRECTION ( 'NONE',  ( -1.000000000000000000, -0.0000000000000000000, -0.0000000000000000000 ) ) ;
#1709 = AXIS2_PLACEMENT_3D ( 'NONE', #4589, #3876, #224 ) ;
#1710 = DIRECTION ( 'NONE',  ( -1.000000000000000000, -1.224606353822377258E-16, -0.0000000000000000000 ) ) ;
#1711 = AXIS2_PLACEMENT_3D ( 'NONE', #1052, #2279, #1866 ) ;
#1712 = ORIENTED_EDGE ( 'NONE', *, *, #4490, .F. ) ;
#1713 = CARTESIAN_POINT ( 'NONE',  ( 29.29166666666666785, 2.164491730381051252E-15, 0.0000000000000000000 ) ) ;
#1714 = DIRECTION ( 'NONE',  ( 0.0000000000000000000, 1.000000000000000000, 0.0000000000000000000 ) ) ;
#1715 = CARTESIAN_POINT ( 'NONE',  ( 37.26727184163763695, 5.000000000000004441, 0.0000000000000000000 ) ) ;
#1716 = ORIENTED_EDGE ( 'NONE', *, *, #3197, .T. ) ;
#1717 = AXIS2_PLACEMENT_3D ( 'NONE', #3786, #2194, #3122 ) ;
#1718 = EDGE_LOOP ( 'NONE', ( #1826, #4828, #4961, #5376, #355 ) ) ;
#1719 = ORIENTED_EDGE ( 'NONE', *, *, #4107, .T. ) ;
#1720 = ORIENTED_EDGE ( 'NONE', *, *, #5175, .T. ) ;
#1721 = AXIS2_PLACEMENT_3D ( 'NONE', #1713, #4945, #2595 ) ;
#1722 = DIRECTION ( 'NONE',  ( 0.0000000000000000000, 1.000000000000000000, 0.0000000000000000000 ) ) ;
#1723 = ORIENTED_EDGE ( 'NONE', *, *, #4613, .T. ) ;
#1724 = ORIENTED_EDGE ( 'NONE', *, *, #4507, .F. ) ;
#1725 = VERTEX_POINT ( 'NONE', #5006 ) ;
#1726 = VERTEX_POINT ( 'NONE', #4239 ) ;
#1727 = ORIENTED_EDGE ( 'NONE', *, *, #2557, .F. ) ;
#1728 = DIRECTION ( 'NONE',  ( 0.0000000000000000000, -1.000000000000000000, 0.0000000000000000000 ) ) ;
#1729 = CARTESIAN_POINT ( 'NONE',  ( 38.16666666666667140, 2.164491730381051252E-15, 0.0000000000000000000 ) ) ;
#1730 = CARTESIAN_POINT ( 'NONE',  ( 15.07977184163763873, 2.235490958484726577E-15, 0.0000000000000000000 ) ) ;
#1731 = CIRCLE ( 'NONE', #1249, 4.172000000000002373 ) ;
#1732 = ORIENTED_EDGE ( 'NONE', *, *, #3184, .F. ) ;
#1733 = AXIS2_PLACEMENT_3D ( 'NONE', #1825, #1819, #1814 ) ;
#1734 = DIRECTION ( 'NONE',  ( -1.000000000000000000, -1.224606353822377258E-16, -0.0000000000000000000 ) ) ;
#1735 = AXIS2_PLACEMENT_3D ( 'NONE', #1103, #2608, #1445 ) ;
#1736 = ADVANCED_FACE ( 'NONE', ( #623 ), #605, .T. ) ;
#1737 = CARTESIAN_POINT ( 'NONE',  ( 22.47560517497097266, 5.000000000000004441, 0.0000000000000000000 ) ) ;
#1738 = CARTESIAN_POINT ( 'NONE',  ( 19.51727184163763695, 2.235490958484726577E-15, 0.0000000000000000000 ) ) ;
#1739 = CARTESIAN_POINT ( 'NONE',  ( 40.22560517497097266, 6.123233995736253523E-16, -5.000000000000002665 ) ) ;
#1740 = ORIENTED_EDGE ( 'NONE', *, *, #2602, .F. ) ;
#1741 = ORIENTED_EDGE ( 'NONE', *, *, #4283, .F. ) ;
#1742 = ORIENTED_EDGE ( 'NONE', *, *, #3282, .T. ) ;
#1743 = DIRECTION ( 'NONE',  ( -1.000000000000000000, -0.0000000000000000000, -0.0000000000000000000 ) ) ;
#1744 = CARTESIAN_POINT ( 'NONE',  ( -31.74999999999995737, 6.123233995736628232E-16, -4.999999999999887201 ) ) ;
#1745 = LINE ( 'NONE', #297, #3916 ) ;
#1746 = AXIS2_PLACEMENT_3D ( 'NONE', #3198, #14, #4966 ) ;
#1747 = AXIS2_PLACEMENT_3D ( 'NONE', #2839, #3757, #3965 ) ;
#1748 = ORIENTED_EDGE ( 'NONE', *, *, #3090, .F. ) ;
#1749 = CIRCLE ( 'NONE', #1977, 4.172000000000002373 ) ;
#1750 = DIRECTION ( 'NONE',  ( 0.5735764363510444941, 0.8191520442889929088, 0.0000000000000000000 ) ) ;
#1751 = EDGE_LOOP ( 'NONE', ( #4124, #1913, #2281, #2890, #1491 ) ) ;
#1752 = CARTESIAN_POINT ( 'NONE',  ( 42.02439482502902734, 5.000000000000004441, 6.123233995736769241E-16 ) ) ;
#1753 = AXIS2_PLACEMENT_3D ( 'NONE', #1300, #1295, #1285 ) ;
#1754 = AXIS2_PLACEMENT_3D ( 'NONE', #1653, #198, #808 ) ;
#1755 = CYLINDRICAL_SURFACE ( 'NONE', #4476, 4.999999999999887201 ) ;
#1756 = VECTOR ( 'NONE', #1898, 1000.000000000000114 ) ;
#1757 = DIRECTION ( 'NONE',  ( 0.5735764363510447161, -0.8191520442889927978, 1.003171929053526103E-16 ) ) ;
#1758 = CARTESIAN_POINT ( 'NONE',  ( 46.46189482502902734, -4.776306262080344916E-29, 5.000000000000001776 ) ) ;
#1759 = CIRCLE ( 'NONE', #874, 5.000000000000002665 ) ;
#1760 = VERTEX_POINT ( 'NONE', #4796 ) ;
#1761 = DIRECTION ( 'NONE',  ( 0.0000000000000000000, -1.000000000000000000, 0.0000000000000000000 ) ) ;
#1762 = DIRECTION ( 'NONE',  ( -1.000000000000000000, -1.224606353822377258E-16, -0.0000000000000000000 ) ) ;
#1763 = DIRECTION ( 'NONE',  ( 1.000000000000000000, 1.224606353822377258E-16, 0.0000000000000000000 ) ) ;
#1764 = AXIS2_PLACEMENT_3D ( 'NONE', #81, #174, #633 ) ;
#1765 = ADVANCED_FACE ( 'NONE', ( #607 ), #4756, .F. ) ;
#1766 = CIRCLE ( 'NONE', #425, 5.000000000000002665 ) ;
#1767 = ORIENTED_EDGE ( 'NONE', *, *, #2864, .T. ) ;
#1768 = CARTESIAN_POINT ( 'NONE',  ( 37.58689482502902734, 2.093492502277375926E-15, 0.0000000000000000000 ) ) ;
#1769 = AXIS2_PLACEMENT_3D ( 'NONE', #89, #58, #1441 ) ;
#1770 = CARTESIAN_POINT ( 'NONE',  ( 35.78810517497097266, 2.235490958484726577E-15, 0.0000000000000000000 ) ) ;
#1771 = AXIS2_PLACEMENT_3D ( 'NONE', #71, #204, #144 ) ;
#1772 = ORIENTED_EDGE ( 'NONE', *, *, #2642, .F. ) ;
#1773 = DIRECTION ( 'NONE',  ( 0.0000000000000000000, 0.0000000000000000000, 1.000000000000000000 ) ) ;
#1774 = DIRECTION ( 'NONE',  ( 0.0000000000000000000, -1.000000000000000000, 0.0000000000000000000 ) ) ;
#1775 = COLOUR_RGB ( '',0.7764705882352941346, 0.7568627450980391913, 0.7372549019607843590 ) ;
#1776 = VERTEX_POINT ( 'NONE', #2109 ) ;
#1777 = DIRECTION ( 'NONE',  ( -1.000000000000000000, -1.224606353822377258E-16, -0.0000000000000000000 ) ) ;
#1778 = AXIS2_PLACEMENT_3D ( 'NONE', #2056, #2043, #2036 ) ;
#1779 = AXIS2_PLACEMENT_3D ( 'NONE', #159, #2627, #152 ) ;
#1780 = ORIENTED_EDGE ( 'NONE', *, *, #5281, .F. ) ;
#1781 = CARTESIAN_POINT ( 'NONE',  ( 33.14939482502902734, 2.093492502277375926E-15, 0.0000000000000000000 ) ) ;
#1782 = DIRECTION ( 'NONE',  ( 0.0000000000000000000, -1.000000000000000000, 0.0000000000000000000 ) ) ;
#1783 = CARTESIAN_POINT ( 'NONE',  ( 1.500000000000001332, 0.0000000000000000000, 0.0000000000000000000 ) ) ;
#1784 = ORIENTED_EDGE ( 'NONE', *, *, #2843, .T. ) ;
#1785 = ORIENTED_EDGE ( 'NONE', *, *, #3097, .T. ) ;
#1786 = ORIENTED_EDGE ( 'NONE', *, *, #5121, .T. ) ;
#1787 = VERTEX_POINT ( 'NONE', #3557 ) ;
#1788 = EDGE_CURVE ( 'NONE', #1992, #2063, #630, .T. ) ;
#1789 = EDGE_CURVE ( 'NONE', #2016, #139, #669, .T. ) ;
#1790 = CARTESIAN_POINT ( 'NONE',  ( 19.51727184163763695, -5.000000000000000000, 6.123233995736770227E-16 ) ) ;
#1791 = DIRECTION ( 'NONE',  ( 0.0000000000000000000, 0.0000000000000000000, 1.000000000000000000 ) ) ;
#1792 = AXIS2_PLACEMENT_3D ( 'NONE', #2421, #4679, #2736 ) ;
#1793 = EDGE_LOOP ( 'NONE', ( #901, #1004, #3220, #843, #855, #2252 ) ) ;
#1794 = ORIENTED_EDGE ( 'NONE', *, *, #3662, .F. ) ;
#1795 = ORIENTED_EDGE ( 'NONE', *, *, #4582, .F. ) ;
#1796 = DIRECTION ( 'NONE',  ( 0.0000000000000000000, -1.000000000000000000, 0.0000000000000000000 ) ) ;
#1797 = DIRECTION ( 'NONE',  ( -1.000000000000000000, -1.224606353822377258E-16, -0.0000000000000000000 ) ) ;
#1798 = AXIS2_PLACEMENT_3D ( 'NONE', #2633, #3915, #2739 ) ;
#1799 = AXIS2_PLACEMENT_3D ( 'NONE', #23, #42, #18 ) ;
#1800 = ORIENTED_EDGE ( 'NONE', *, *, #4346, .F. ) ;
#1801 = ORIENTED_EDGE ( 'NONE', *, *, #3679, .F. ) ;
#1802 = CIRCLE ( 'NONE', #662, 5.000000000000002665 ) ;
#1803 = LINE ( 'NONE', #4665, #4508 ) ;
#1804 = DIRECTION ( 'NONE',  ( -1.000000000000000000, -1.224606353822377258E-16, -0.0000000000000000000 ) ) ;
#1805 = EDGE_LOOP ( 'NONE', ( #5075, #5022, #5020 ) ) ;
#1806 = CARTESIAN_POINT ( 'NONE',  ( 41.12500000000000000, 2.164491730381051252E-15, 0.0000000000000000000 ) ) ;
#1807 = ORIENTED_EDGE ( 'NONE', *, *, #4483, .F. ) ;
#1808 = AXIS2_PLACEMENT_3D ( 'NONE', #5054, #2446, #1907 ) ;
#1809 = CARTESIAN_POINT ( 'NONE',  ( 28.71189482502902734, -4.776306262080344916E-29, 5.000000000000001776 ) ) ;
#1810 = CARTESIAN_POINT ( 'NONE',  ( 16.55893850830430480, 2.235490958484726577E-15, 0.0000000000000000000 ) ) ;
#1811 = EDGE_LOOP ( 'NONE', ( #3119, #3161, #3455, #3486, #3517 ) ) ;
#1812 = CARTESIAN_POINT ( 'NONE',  ( 19.51727184163763695, 5.000000000000005329, 0.0000000000000000000 ) ) ;
#1813 = CARTESIAN_POINT ( 'NONE',  ( 35.78810517497097266, 5.000000000000005329, 0.0000000000000000000 ) ) ;
#1814 = DIRECTION ( 'NONE',  ( 0.0000000000000000000, -1.000000000000000000, 0.0000000000000000000 ) ) ;
#1815 = CARTESIAN_POINT ( 'NONE',  ( 31.67022815836235949, 6.123233995736290008E-16, -5.000000000000001776 ) ) ;
#1816 = ORIENTED_EDGE ( 'NONE', *, *, #3582, .F. ) ;
#1817 = CARTESIAN_POINT ( 'NONE',  ( 44.08333333333333570, 2.164491730381051252E-15, 0.0000000000000000000 ) ) ;
#1818 = ORIENTED_EDGE ( 'NONE', *, *, #3276, .F. ) ;
#1819 = DIRECTION ( 'NONE',  ( -1.000000000000000000, -1.224606353822377258E-16, -0.0000000000000000000 ) ) ;
#1820 = CARTESIAN_POINT ( 'NONE',  ( 41.70477184163764406, -5.000000000000000000, 6.123233995736770227E-16 ) ) ;
#1821 = AXIS2_PLACEMENT_3D ( 'NONE', #260, #2309, #2764 ) ;
#1822 =( GEOMETRIC_REPRESENTATION_CONTEXT ( 3 ) GLOBAL_UNCERTAINTY_ASSIGNED_CONTEXT ( ( #1662 ) ) GLOBAL_UNIT_ASSIGNED_CONTEXT ( ( #2674, #2722, #2609 ) ) REPRESENTATION_CONTEXT ( 'NONE', 'WORKASPACE' ) );
#1823 = CARTESIAN_POINT ( 'NONE',  ( 16.87856149169569164, 6.123233995736290008E-16, -5.000000000000001776 ) ) ;
#1824 = ORIENTED_EDGE ( 'NONE', *, *, #5048, .F. ) ;
#1825 = CARTESIAN_POINT ( 'NONE',  ( 18.35772815836236305, 2.093492502277375926E-15, 0.0000000000000000000 ) ) ;
#1826 = ORIENTED_EDGE ( 'NONE', *, *, #3118, .F. ) ;
#1827 = VERTEX_POINT ( 'NONE', #5335 ) ;
#1828 = MECHANICAL_DESIGN_GEOMETRIC_PRESENTATION_REPRESENTATION (  '', ( #1874 ), #1822 ) ;
#1829 = LINE ( 'NONE', #4056, #928 ) ;
#1830 = PRESENTATION_LAYER_ASSIGNMENT (  '', '', ( #1874 ) ) ;
#1831 = VERTEX_POINT ( 'NONE', #4933 ) ;
#1832 = DIRECTION ( 'NONE',  ( -1.000000000000000000, -1.224606353822377258E-16, -0.0000000000000000000 ) ) ;
#1833 = CARTESIAN_POINT ( 'NONE',  ( 43.50356149169569164, 2.093492502277375926E-15, 0.0000000000000000000 ) ) ;
#1834 = ORIENTED_EDGE ( 'NONE', *, *, #3059, .T. ) ;
#1835 = VECTOR ( 'NONE', #1476, 1000.000000000000000 ) ;
#1836 = CARTESIAN_POINT ( 'NONE',  ( 40.22560517497097266, 2.235490958484726577E-15, 0.0000000000000000000 ) ) ;
#1837 = DIRECTION ( 'NONE',  ( 0.5735764363510444941, 0.8191520442889929088, 0.0000000000000000000 ) ) ;
#1838 = DIRECTION ( 'NONE',  ( -1.000000000000000000, -1.224606353822377258E-16, -0.0000000000000000000 ) ) ;
#1839 = VERTEX_POINT ( 'NONE', #2779 ) ;
#1840 = LINE ( 'NONE', #3940, #2407 ) ;
#1841 = FACE_OUTER_BOUND ( 'NONE', #3052, .T. ) ;
#1842 = CARTESIAN_POINT ( 'NONE',  ( 21.31606149169569520, 5.000000000000004441, 6.123233995736769241E-16 ) ) ;
#1843 = CARTESIAN_POINT ( 'NONE',  ( 45.56250000000000711, 2.164491730381051252E-15, 0.0000000000000000000 ) ) ;
#1844 = ORIENTED_EDGE ( 'NONE', *, *, #3852, .T. ) ;
#1845 = ORIENTED_EDGE ( 'NONE', *, *, #4826, .T. ) ;
#1846 = VECTOR ( 'NONE', #3427, 1000.000000000000000 ) ;
#1847 = VERTEX_POINT ( 'NONE', #2743 ) ;
#1848 = ORIENTED_EDGE ( 'NONE', *, *, #3095, .T. ) ;
#1849 = LINE ( 'NONE', #3374, #3010 ) ;
#1850 = ORIENTED_EDGE ( 'NONE', *, *, #3277, .F. ) ;
#1851 = DIRECTION ( 'NONE',  ( 0.0000000000000000000, -1.000000000000000000, 0.0000000000000000000 ) ) ;
#1852 = ORIENTED_EDGE ( 'NONE', *, *, #3756, .F. ) ;
#1853 = DIRECTION ( 'NONE',  ( -0.5735764363510472696, -0.8191520442889910214, 0.0000000000000000000 ) ) ;
#1854 = VECTOR ( 'NONE', #2533, 1000.000000000000000 ) ;
#1855 = AXIS2_PLACEMENT_3D ( 'NONE', #4700, #2581, #2276 ) ;
#1856 = CARTESIAN_POINT ( 'NONE',  ( 26.91310517497097621, 5.000000000000004441, 0.0000000000000000000 ) ) ;
#1857 = AXIS2_PLACEMENT_3D ( 'NONE', #5067, #730, #2024 ) ;
#1858 = VERTEX_POINT ( 'NONE', #2287 ) ;
#1859 = CARTESIAN_POINT ( 'NONE',  ( -31.74999999999995737, 0.0000000000000000000, 0.0000000000000000000 ) ) ;
#1860 = CIRCLE ( 'NONE', #385, 5.000000000000001776 ) ;
#1861 = DIRECTION ( 'NONE',  ( 0.5735764363510444941, 0.8191520442889929088, 0.0000000000000000000 ) ) ;
#1862 = ORIENTED_EDGE ( 'NONE', *, *, #4203, .T. ) ;
#1863 = ORIENTED_EDGE ( 'NONE', *, *, #3520, .F. ) ;
#1864 = VERTEX_POINT ( 'NONE', #5369 ) ;
#1865 = AXIS2_PLACEMENT_3D ( 'NONE', #2589, #2593, #2646 ) ;
#1866 = DIRECTION ( 'NONE',  ( 0.0000000000000000000, -1.000000000000000000, 0.0000000000000000000 ) ) ;
#1867 = EDGE_LOOP ( 'NONE', ( #2107, #5141, #1124, #1453, #692 ) ) ;
#1868 = ORIENTED_EDGE ( 'NONE', *, *, #3111, .F. ) ;
#1869 = CARTESIAN_POINT ( 'NONE',  ( 31.35060517497097266, 2.235490958484726577E-15, 0.0000000000000000000 ) ) ;
#1870 = ORIENTED_EDGE ( 'NONE', *, *, #3782, .F. ) ;
#1871 = ORIENTED_EDGE ( 'NONE', *, *, #4498, .T. ) ;
#1872 = ORIENTED_EDGE ( 'NONE', *, *, #4600, .F. ) ;
#1873 = EDGE_LOOP ( 'NONE', ( #499, #283, #277, #146, #1963, #890 ) ) ;
#1874 = STYLED_ITEM ( 'NONE', ( #1466 ), #879 ) ;
#1875 = ORIENTED_EDGE ( 'NONE', *, *, #5183, .F. ) ;
#1876 = AXIS2_PLACEMENT_3D ( 'NONE', #2273, #4229, #2555 ) ;
#1877 = DIRECTION ( 'NONE',  ( 0.0000000000000000000, -1.000000000000000000, 0.0000000000000000000 ) ) ;
#1878 = AXIS2_PLACEMENT_3D ( 'NONE', #3322, #2678, #1704 ) ;
#1879 = EDGE_LOOP ( 'NONE', ( #5217, #5165, #5077 ) ) ;
#1880 = ORIENTED_EDGE ( 'NONE', *, *, #3103, .F. ) ;
#1881 = CARTESIAN_POINT ( 'NONE',  ( 13.92022815836235949, 2.093492502277375926E-15, 0.0000000000000000000 ) ) ;
#1882 = DIRECTION ( 'NONE',  ( -1.000000000000000000, -1.224606353822377258E-16, -0.0000000000000000000 ) ) ;
#1883 = CARTESIAN_POINT ( 'NONE',  ( 25.43393850830430480, -5.000000000000000888, 6.123233995736771213E-16 ) ) ;
#1884 = EDGE_LOOP ( 'NONE', ( #1291, #1228, #1165, #1093, #958 ) ) ;
#1885 = CARTESIAN_POINT ( 'NONE',  ( 18.35772815836236305, 2.093492502277375926E-15, 0.0000000000000000000 ) ) ;
#1886 = DIRECTION ( 'NONE',  ( 0.0000000000000000000, -1.000000000000000000, 0.0000000000000000000 ) ) ;
#1887 = DIRECTION ( 'NONE',  ( -0.5735764363510474917, 0.8191520442889909104, 1.003171929053523761E-16 ) ) ;
#1888 = EDGE_LOOP ( 'NONE', ( #3537, #3547, #3450 ) ) ;
#1889 = VERTEX_POINT ( 'NONE', #1435 ) ;
#1890 = EDGE_CURVE ( 'NONE', #2453, #2488, #601, .T. ) ;
#1891 = CARTESIAN_POINT ( 'NONE',  ( 41.12500000000000000, 4.172000000000004150, 5.109226446042759579E-16 ) ) ;
#1892 = FACE_OUTER_BOUND ( 'NONE', #1566, .T. ) ;
#1893 = ORIENTED_EDGE ( 'NONE', *, *, #3756, .T. ) ;
#1894 = AXIS2_PLACEMENT_3D ( 'NONE', #285, #252, #303 ) ;
#1895 = CIRCLE ( 'NONE', #4470, 5.000000000000001776 ) ;
#1896 = AXIS2_PLACEMENT_3D ( 'NONE', #2178, #466, #479 ) ;
#1897 = VERTEX_POINT ( 'NONE', #2323 ) ;
#1898 = DIRECTION ( 'NONE',  ( 0.0000000000000000000, -0.4999999999999994449, 0.8660254037844389297 ) ) ;
#1899 = DIRECTION ( 'NONE',  ( 0.0000000000000000000, -1.000000000000000000, 0.0000000000000000000 ) ) ;
#1900 = VERTEX_POINT ( 'NONE', #4409 ) ;
#1901 = ORIENTED_EDGE ( 'NONE', *, *, #4999, .F. ) ;
#1902 = VECTOR ( 'NONE', #4043, 1000.000000000000114 ) ;
#1903 = ADVANCED_FACE ( 'NONE', ( #583 ), #550, .T. ) ;
#1904 = DIRECTION ( 'NONE',  ( 0.0000000000000000000, -1.000000000000000000, 0.0000000000000000000 ) ) ;
#1905 = EDGE_LOOP ( 'NONE', ( #831, #2677, #1368, #3364, #4731 ) ) ;
#1906 = CARTESIAN_POINT ( 'NONE',  ( 46.14227184163763695, 2.235490958484726577E-15, 0.0000000000000000000 ) ) ;
#1907 = DIRECTION ( 'NONE',  ( 0.0000000000000000000, -1.000000000000000000, 0.0000000000000000000 ) ) ;
#1908 = ADVANCED_FACE ( 'NONE', ( #595 ), #739, .T. ) ;
#1909 = CIRCLE ( 'NONE', #865, 5.000000000000001776 ) ;
#1910 = ORIENTED_EDGE ( 'NONE', *, *, #2928, .T. ) ;
#1911 = ORIENTED_EDGE ( 'NONE', *, *, #4139, .T. ) ;
#1912 = VERTEX_POINT ( 'NONE', #423 ) ;
#1913 = ORIENTED_EDGE ( 'NONE', *, *, #4389, .T. ) ;
#1914 = VERTEX_POINT ( 'NONE', #4987 ) ;
#1915 = AXIS2_PLACEMENT_3D ( 'NONE', #369, #362, #353 ) ;
#1916 = ORIENTED_EDGE ( 'NONE', *, *, #3320, .F. ) ;
#1917 = AXIS2_PLACEMENT_3D ( 'NONE', #460, #447, #442 ) ;
#1918 = LINE ( 'NONE', #2713, #1218 ) ;
#1919 = CARTESIAN_POINT ( 'NONE',  ( 36.10772815836236305, 2.093492502277375926E-15, 0.0000000000000000000 ) ) ;
#1920 = DIRECTION ( 'NONE',  ( -1.000000000000000000, -1.224606353822377258E-16, -0.0000000000000000000 ) ) ;
#1921 = ORIENTED_EDGE ( 'NONE', *, *, #3919, .T. ) ;
#1922 = VERTEX_POINT ( 'NONE', #5046 ) ;
#1923 = LINE ( 'NONE', #3162, #1986 ) ;
#1924 = DIRECTION ( 'NONE',  ( 0.0000000000000000000, -1.000000000000000000, 0.0000000000000000000 ) ) ;
#1925 = VECTOR ( 'NONE', #2476, 999.9999999999998863 ) ;
#1926 = DIRECTION ( 'NONE',  ( -1.000000000000000000, -1.224606353822377258E-16, -0.0000000000000000000 ) ) ;
#1927 = ORIENTED_EDGE ( 'NONE', *, *, #3217, .F. ) ;
#1928 = AXIS2_PLACEMENT_3D ( 'NONE', #421, #414, #229 ) ;
#1929 = LINE ( 'NONE', #4534, #3016 ) ;
#1930 = VECTOR ( 'NONE', #3620, 999.9999999999998863 ) ;
#1931 = EDGE_LOOP ( 'NONE', ( #4011, #4065, #4070, #4086, #4123, #4186 ) ) ;
#1932 = ORIENTED_EDGE ( 'NONE', *, *, #4535, .T. ) ;
#1933 = DIRECTION ( 'NONE',  ( 0.0000000000000000000, -1.000000000000000000, 0.0000000000000000000 ) ) ;
#1934 = CARTESIAN_POINT ( 'NONE',  ( 44.66310517497097976, 2.235490958484726577E-15, 0.0000000000000000000 ) ) ;
#1935 = ORIENTED_EDGE ( 'NONE', *, *, #4136, .T. ) ;
#1936 = AXIS2_PLACEMENT_3D ( 'NONE', #217, #3904, #4885 ) ;
#1937 = AXIS2_PLACEMENT_3D ( 'NONE', #4349, #3202, #4318 ) ;
#1938 = AXIS2_PLACEMENT_3D ( 'NONE', #4845, #4375, #3240 ) ;
#1939 = ADVANCED_FACE ( 'NONE', ( #644 ), #533, .T. ) ;
#1940 = ORIENTED_EDGE ( 'NONE', *, *, #3328, .T. ) ;
#1941 = ORIENTED_EDGE ( 'NONE', *, *, #3330, .F. ) ;
#1942 = ORIENTED_EDGE ( 'NONE', *, *, #5111, .T. ) ;
#1943 = ORIENTED_EDGE ( 'NONE', *, *, #3295, .T. ) ;
#1944 = ORIENTED_EDGE ( 'NONE', *, *, #2536, .T. ) ;
#1945 = VERTEX_POINT ( 'NONE', #5149 ) ;
#1946 = CARTESIAN_POINT ( 'NONE',  ( 32.25000000000000000, 4.172000000000004150, 0.0000000000000000000 ) ) ;
#1947 = CARTESIAN_POINT ( 'NONE',  ( 34.62856149169569164, 2.093492502277375926E-15, 0.0000000000000000000 ) ) ;
#1948 = VERTEX_POINT ( 'NONE', #2509 ) ;
#1949 = ORIENTED_EDGE ( 'NONE', *, *, #3532, .T. ) ;
#1950 = ORIENTED_EDGE ( 'NONE', *, *, #792, .T. ) ;
#1951 = CARTESIAN_POINT ( 'NONE',  ( 18.93750000000000355, 2.164491730381051252E-15, 0.0000000000000000000 ) ) ;
#1952 = CARTESIAN_POINT ( 'NONE',  ( 50.00000000000000000, 0.0000000000000000000, 4.171999999999999709 ) ) ;
#1953 = CARTESIAN_POINT ( 'NONE',  ( 40.22560517497097266, 5.000000000000004441, 0.0000000000000000000 ) ) ;
#1954 = ORIENTED_EDGE ( 'NONE', *, *, #5124, .F. ) ;
#1955 = AXIS2_PLACEMENT_3D ( 'NONE', #2904, #3185, #2905 ) ;
#1956 = VERTEX_POINT ( 'NONE', #3542 ) ;
#1957 = CARTESIAN_POINT ( 'NONE',  ( 5.000000000000000000, -4.685197434473821865, 3.469446951953614189E-15 ) ) ;
#1958 = CARTESIAN_POINT ( 'NONE',  ( 37.58689482502902734, -4.776306262080344916E-29, 5.000000000000001776 ) ) ;
#1959 = VERTEX_POINT ( 'NONE', #1321 ) ;
#1960 = ORIENTED_EDGE ( 'NONE', *, *, #4516, .F. ) ;
#1961 = DIRECTION ( 'NONE',  ( 0.0000000000000000000, 1.000000000000000000, 0.0000000000000000000 ) ) ;
#1962 = DIRECTION ( 'NONE',  ( 0.0000000000000000000, 0.5000000000000011102, 0.8660254037844380415 ) ) ;
#1963 = ORIENTED_EDGE ( 'NONE', *, *, #3669, .F. ) ;
#1964 = AXIS2_PLACEMENT_3D ( 'NONE', #2946, #2938, #2954 ) ;
#1965 = EDGE_CURVE ( 'NONE', #3610, #2016, #565, .T. ) ;
#1966 = ORIENTED_EDGE ( 'NONE', *, *, #4967, .F. ) ;
#1967 = DIRECTION ( 'NONE',  ( -0.5735764363510474917, 0.8191520442889909104, 1.003171929053523761E-16 ) ) ;
#1968 = EDGE_LOOP ( 'NONE', ( #413, #541, #714, #772, #965 ) ) ;
#1969 = DIRECTION ( 'NONE',  ( 0.0000000000000000000, 0.0000000000000000000, 1.000000000000000000 ) ) ;
#1970 = VERTEX_POINT ( 'NONE', #2302 ) ;
#1971 = ORIENTED_EDGE ( 'NONE', *, *, #4805, .T. ) ;
#1972 = AXIS2_PLACEMENT_3D ( 'NONE', #2922, #2918, #2927 ) ;
#1973 = VECTOR ( 'NONE', #1743, 1000.000000000000000 ) ;
#1974 = ADVANCED_FACE ( 'NONE', ( #524 ), #500, .T. ) ;
#1975 = ORIENTED_EDGE ( 'NONE', *, *, #3067, .F. ) ;
#1976 = ORIENTED_EDGE ( 'NONE', *, *, #3390, .T. ) ;
#1977 = AXIS2_PLACEMENT_3D ( 'NONE', #800, #3969, #3311 ) ;
#1978 = CARTESIAN_POINT ( 'NONE',  ( 37.26727184163763695, 2.235490958484726577E-15, 0.0000000000000000000 ) ) ;
#1979 = AXIS2_PLACEMENT_3D ( 'NONE', #36, #34, #30 ) ;
#1980 = ORIENTED_EDGE ( 'NONE', *, *, #4242, .F. ) ;
#1981 = CONICAL_SURFACE ( 'NONE', #620, 4.172000000000002373, 0.9599310885968798113 ) ;
#1982 = CARTESIAN_POINT ( 'NONE',  ( 18.93750000000000355, -4.172000000000000597, 0.0000000000000000000 ) ) ;
#1983 = ORIENTED_EDGE ( 'NONE', *, *, #3184, .T. ) ;
#1984 = VERTEX_POINT ( 'NONE', #3481 ) ;
#1985 = VERTEX_POINT ( 'NONE', #822 ) ;
#1986 = VECTOR ( 'NONE', #3148, 1000.000000000000114 ) ;
#1987 = AXIS2_PLACEMENT_3D ( 'NONE', #2479, #347, #1969 ) ;
#1988 = DIRECTION ( 'NONE',  ( -1.000000000000000000, -1.224606353822377258E-16, -0.0000000000000000000 ) ) ;
#1989 = ORIENTED_EDGE ( 'NONE', *, *, #5319, .T. ) ;
#1990 = VECTOR ( 'NONE', #4291, 1000.000000000000000 ) ;
#1991 = SURFACE_STYLE_USAGE ( .BOTH. , #2394 ) ;
#1992 = VERTEX_POINT ( 'NONE', #3834 ) ;
#1993 = ORIENTED_EDGE ( 'NONE', *, *, #4439, .T. ) ;
#1994 = VERTEX_POINT ( 'NONE', #1215 ) ;
#1995 = EDGE_LOOP ( 'NONE', ( #4119, #3895, #4702, #4387, #4116 ) ) ;
#1996 = CIRCLE ( 'NONE', #1014, 5.000000000000002665 ) ;
#1997 = ORIENTED_EDGE ( 'NONE', *, *, #2685, .F. ) ;
#1998 = CARTESIAN_POINT ( 'NONE',  ( 21.31606149169569520, -4.999999999999999112, 0.0000000000000000000 ) ) ;
#1999 = VECTOR ( 'NONE', #3212, 1000.000000000000000 ) ;
#2000 = PLANE ( 'NONE',  #1117 ) ;
#2001 = DIRECTION ( 'NONE',  ( 0.0000000000000000000, 0.0000000000000000000, 1.000000000000000000 ) ) ;
#2002 = VERTEX_POINT ( 'NONE', #5342 ) ;
#2003 = ADVANCED_FACE ( 'NONE', ( #505 ), #487, .T. ) ;
#2004 = ORIENTED_EDGE ( 'NONE', *, *, #4105, .F. ) ;
#2005 = DIRECTION ( 'NONE',  ( 0.0000000000000000000, -1.000000000000000000, 1.295896757998780980E-15 ) ) ;
#2006 = FACE_OUTER_BOUND ( 'NONE', #410, .T. ) ;
#2007 = DIRECTION ( 'NONE',  ( -0.0000000000000000000, 1.295896757998780980E-15, 1.000000000000000000 ) ) ;
#2008 = ORIENTED_EDGE ( 'NONE', *, *, #2642, .T. ) ;
#2009 = AXIS2_PLACEMENT_3D ( 'NONE', #2935, #2912, #2989 ) ;
#2010 = VERTEX_POINT ( 'NONE', #1737 ) ;
#2011 = VERTEX_POINT ( 'NONE', #1739 ) ;
#2012 = ORIENTED_EDGE ( 'NONE', *, *, #2709, .T. ) ;
#2013 = ORIENTED_EDGE ( 'NONE', *, *, #3302, .T. ) ;
#2014 = CARTESIAN_POINT ( 'NONE',  ( 35.78810517497097266, 2.235490958484726577E-15, 0.0000000000000000000 ) ) ;
#2015 = ORIENTED_EDGE ( 'NONE', *, *, #3529, .T. ) ;
#2016 = VERTEX_POINT ( 'NONE', #1371 ) ;
#2017 = ORIENTED_EDGE ( 'NONE', *, *, #4926, .F. ) ;
#2018 = AXIS2_PLACEMENT_3D ( 'NONE', #2964, #2958, #2970 ) ;
#2019 = VERTEX_POINT ( 'NONE', #1642 ) ;
#2020 = VERTEX_POINT ( 'NONE', #1715 ) ;
#2021 = DIRECTION ( 'NONE',  ( -0.0000000000000000000, 0.8660254037844390407, 0.4999999999999993339 ) ) ;
#2022 = CARTESIAN_POINT ( 'NONE',  ( 47.62143850830430836, 2.235490958484726577E-15, 0.0000000000000000000 ) ) ;
#2023 = DIRECTION ( 'NONE',  ( 0.0000000000000000000, -0.4999999999999993339, 0.8660254037844390407 ) ) ;
#2024 = DIRECTION ( 'NONE',  ( 0.0000000000000000000, -1.000000000000000000, 0.0000000000000000000 ) ) ;
#2025 = ORIENTED_EDGE ( 'NONE', *, *, #3347, .T. ) ;
#2026 = ORIENTED_EDGE ( 'NONE', *, *, #3282, .F. ) ;
#2027 = CARTESIAN_POINT ( 'NONE',  ( 18.93750000000000355, 4.172000000000004150, 5.109226446042759579E-16 ) ) ;
#2028 = CARTESIAN_POINT ( 'NONE',  ( 5.000000000000000000, -2.342598717236908268, 4.057500000000003659 ) ) ;
#2029 = FILL_AREA_STYLE_COLOUR ( '', #1553 ) ;
#2030 = DIRECTION ( 'NONE',  ( 0.0000000000000000000, -1.000000000000000000, 0.0000000000000000000 ) ) ;
#2031 = ORIENTED_EDGE ( 'NONE', *, *, #3474, .F. ) ;
#2032 = ORIENTED_EDGE ( 'NONE', *, *, #4276, .F. ) ;
#2033 = VERTEX_POINT ( 'NONE', #1815 ) ;
#2034 = PLANE ( 'NONE',  #476 ) ;
#2035 = CARTESIAN_POINT ( 'NONE',  ( -31.74999999999995737, 0.0000000000000000000, 0.0000000000000000000 ) ) ;
#2036 = DIRECTION ( 'NONE',  ( 0.0000000000000000000, -1.000000000000000000, 0.0000000000000000000 ) ) ;
#2037 = ORIENTED_EDGE ( 'NONE', *, *, #3111, .T. ) ;
#2038 = CIRCLE ( 'NONE', #1979, 5.000000000000002665 ) ;
#2039 = DIRECTION ( 'NONE',  ( -1.000000000000000000, -0.0000000000000000000, -0.0000000000000000000 ) ) ;
#2040 = ORIENTED_EDGE ( 'NONE', *, *, #5230, .T. ) ;
#2041 = AXIS2_PLACEMENT_3D ( 'NONE', #1439, #1434, #1431 ) ;
#2042 = AXIS2_PLACEMENT_3D ( 'NONE', #2978, #2992, #3000 ) ;
#2043 = DIRECTION ( 'NONE',  ( -1.000000000000000000, -1.224606353822377258E-16, -0.0000000000000000000 ) ) ;
#2044 = ORIENTED_EDGE ( 'NONE', *, *, #4283, .T. ) ;
#2045 = DIRECTION ( 'NONE',  ( -1.000000000000000000, -1.224606353822377258E-16, -0.0000000000000000000 ) ) ;
#2046 = DIRECTION ( 'NONE',  ( -1.000000000000000000, -1.224606353822377258E-16, -0.0000000000000000000 ) ) ;
#2047 = FACE_OUTER_BOUND ( 'NONE', #3275, .T. ) ;
#2048 = CARTESIAN_POINT ( 'NONE',  ( 47.62143850830430836, 2.235490958484726577E-15, 0.0000000000000000000 ) ) ;
#2049 = CARTESIAN_POINT ( 'NONE',  ( 46.46189482502902734, 2.093492502277375926E-15, 0.0000000000000000000 ) ) ;
#2050 = ORIENTED_EDGE ( 'NONE', *, *, #3799, .F. ) ;
#2051 = VECTOR ( 'NONE', #4258, 1000.000000000000114 ) ;
#2052 = ORIENTED_EDGE ( 'NONE', *, *, #4841, .F. ) ;
#2053 = ORIENTED_EDGE ( 'NONE', *, *, #5192, .F. ) ;
#2054 = AXIS2_PLACEMENT_3D ( 'NONE', #2104, #1284, #3048 ) ;
#2055 = DIRECTION ( 'NONE',  ( -1.000000000000000000, -1.224606353822377258E-16, -0.0000000000000000000 ) ) ;
#2056 = CARTESIAN_POINT ( 'NONE',  ( 19.51727184163763695, 2.235490958484726577E-15, 0.0000000000000000000 ) ) ;
#2057 = ORIENTED_EDGE ( 'NONE', *, *, #4455, .F. ) ;
#2058 = AXIS2_PLACEMENT_3D ( 'NONE', #1430, #2153, #3055 ) ;
#2059 = DIRECTION ( 'NONE',  ( 0.0000000000000000000, 0.0000000000000000000, 1.000000000000000000 ) ) ;
#2060 = ORIENTED_EDGE ( 'NONE', *, *, #4251, .F. ) ;
#2061 = VECTOR ( 'NONE', #3123, 1000.000000000000000 ) ;
#2062 = CARTESIAN_POINT ( 'NONE',  ( -31.74999999999995737, 0.0000000000000000000, 4.999999999999887201 ) ) ;
#2063 = VERTEX_POINT ( 'NONE', #356 ) ;
#2064 = DIRECTION ( 'NONE',  ( 0.0000000000000000000, 0.0000000000000000000, 1.000000000000000000 ) ) ;
#2065 = CIRCLE ( 'NONE', #1378, 5.000000000000001776 ) ;
#2066 = DIRECTION ( 'NONE',  ( -1.000000000000000000, -1.224606353822377258E-16, -0.0000000000000000000 ) ) ;
#2067 = ORIENTED_EDGE ( 'NONE', *, *, #2709, .F. ) ;
#2068 = AXIS2_PLACEMENT_3D ( 'NONE', #1545, #1569, #1418 ) ;
#2069 = ORIENTED_EDGE ( 'NONE', *, *, #2727, .T. ) ;
#2070 = AXIS2_PLACEMENT_3D ( 'NONE', #1385, #1423, #2089 ) ;
#2071 = VECTOR ( 'NONE', #4512, 1000.000000000000114 ) ;
#2072 = DIRECTION ( 'NONE',  ( -1.000000000000000000, -1.224606353822377258E-16, -0.0000000000000000000 ) ) ;
#2073 = LINE ( 'NONE', #3416, #1846 ) ;
#2074 = EDGE_LOOP ( 'NONE', ( #1980, #1807, #2390, #2165, #2172 ) ) ;
#2075 = VERTEX_POINT ( 'NONE', #1758 ) ;
#2076 = DIRECTION ( 'NONE',  ( -1.000000000000000000, -0.0000000000000000000, -0.0000000000000000000 ) ) ;
#2077 = DIRECTION ( 'NONE',  ( -0.7071067811867308706, 0.0000000000000000000, 0.7071067811863642749 ) ) ;
#2078 = CARTESIAN_POINT ( 'NONE',  ( 10.40000000000000036, 0.0000000000000000000, 0.0000000000000000000 ) ) ;
#2079 = ORIENTED_EDGE ( 'NONE', *, *, #5287, .T. ) ;
#2080 = ORIENTED_EDGE ( 'NONE', *, *, #4240, .F. ) ;
#2081 = ORIENTED_EDGE ( 'NONE', *, *, #3622, .T. ) ;
#2082 = DIRECTION ( 'NONE',  ( -1.000000000000000000, -1.224606353822377258E-16, -0.0000000000000000000 ) ) ;
#2083 = DIRECTION ( 'NONE',  ( 0.0000000000000000000, -1.000000000000000000, 0.0000000000000000000 ) ) ;
#2084 = DIRECTION ( 'NONE',  ( 1.000000000000000000, 1.224606353822377258E-16, 0.0000000000000000000 ) ) ;
#2085 = EDGE_LOOP ( 'NONE', ( #222, #4511, #2526, #4515, #2653, #4289 ) ) ;
#2086 = DIRECTION ( 'NONE',  ( 0.0000000000000000000, -1.000000000000000000, 0.0000000000000000000 ) ) ;
#2087 = DIRECTION ( 'NONE',  ( 0.0000000000000000000, -1.000000000000000000, 0.0000000000000000000 ) ) ;
#2088 = ADVANCED_FACE ( 'NONE', ( #498 ), #537, .T. ) ;
#2089 = DIRECTION ( 'NONE',  ( 0.0000000000000000000, 0.0000000000000000000, 1.000000000000000000 ) ) ;
#2090 = DIRECTION ( 'NONE',  ( -1.000000000000000000, -1.224606353822377258E-16, -0.0000000000000000000 ) ) ;
#2091 = ORIENTED_EDGE ( 'NONE', *, *, #4241, .T. ) ;
#2092 = CIRCLE ( 'NONE', #1311, 5.000000000000002665 ) ;
#2093 = EDGE_LOOP ( 'NONE', ( #3946, #2851, #4177, #1169, #4684, #2718 ) ) ;
#2094 = VERTEX_POINT ( 'NONE', #1883 ) ;
#2095 = CARTESIAN_POINT ( 'NONE',  ( 35.78810517497097266, 6.123233995736243662E-16, -5.000000000000002665 ) ) ;
#2096 = CARTESIAN_POINT ( 'NONE',  ( 19.51727184163763695, 2.235490958484726577E-15, 0.0000000000000000000 ) ) ;
#2097 = CARTESIAN_POINT ( 'NONE',  ( 18.35772815836236305, -4.999999999999999112, 0.0000000000000000000 ) ) ;
#2098 = ORIENTED_EDGE ( 'NONE', *, *, #3970, .F. ) ;
#2099 = AXIS2_PLACEMENT_3D ( 'NONE', #1500, #1521, #2086 ) ;
#2100 = ORIENTED_EDGE ( 'NONE', *, *, #4210, .F. ) ;
#2101 = CARTESIAN_POINT ( 'NONE',  ( 14.50000000000000000, 2.164491730381051252E-15, 0.0000000000000000000 ) ) ;
#2102 = ADVANCED_FACE ( 'NONE', ( #571 ), #440, .T. ) ;
#2103 = ORIENTED_EDGE ( 'NONE', *, *, #3688, .F. ) ;
#2104 = CARTESIAN_POINT ( 'NONE',  ( 5.000000000000000000, 4.685197434473813871, -6.505213034913026604E-15 ) ) ;
#2105 = EDGE_LOOP ( 'NONE', ( #1210, #1567, #2148, #2338, #2690, #3181 ) ) ;
#2106 = ORIENTED_EDGE ( 'NONE', *, *, #2601, .F. ) ;
#2107 = ORIENTED_EDGE ( 'NONE', *, *, #3827, .T. ) ;
#2108 = AXIS2_PLACEMENT_3D ( 'NONE', #2347, #2185, #2326 ) ;
#2109 = CARTESIAN_POINT ( 'NONE',  ( 35.78810517497097266, 5.000000000000004441, 0.0000000000000000000 ) ) ;
#2110 = AXIS2_PLACEMENT_3D ( 'NONE', #2336, #2355, #2359 ) ;
#2111 = AXIS2_PLACEMENT_3D ( 'NONE', #2176, #2117, #2198 ) ;
#2112 = CIRCLE ( 'NONE', #3318, 4.172000000000002373 ) ;
#2113 = ADVANCED_FACE ( 'NONE', ( #510 ), #508, .T. ) ;
#2114 = ORIENTED_EDGE ( 'NONE', *, *, #3398, .F. ) ;
#2115 = CARTESIAN_POINT ( 'NONE',  ( -31.74999999999995737, 0.0000000000000000000, 4.999999999999887201 ) ) ;
#2116 = DIRECTION ( 'NONE',  ( -1.000000000000000000, -0.0000000000000000000, -0.0000000000000000000 ) ) ;
#2117 = DIRECTION ( 'NONE',  ( -1.000000000000000000, -0.0000000000000000000, -0.0000000000000000000 ) ) ;
#2118 = EDGE_LOOP ( 'NONE', ( #1095, #3776, #3606, #2435, #746 ) ) ;
#2119 = DIRECTION ( 'NONE',  ( 0.5735764363510447161, -0.8191520442889927978, 1.003171929053526103E-16 ) ) ;
#2120 = AXIS2_PLACEMENT_3D ( 'NONE', #2389, #2387, #2411 ) ;
#2121 = ORIENTED_EDGE ( 'NONE', *, *, #5122, .F. ) ;
#2122 = FACE_OUTER_BOUND ( 'NONE', #2093, .T. ) ;
#2123 = DIRECTION ( 'NONE',  ( 0.0000000000000000000, 0.0000000000000000000, 1.000000000000000000 ) ) ;
#2124 = CIRCLE ( 'NONE', #3586, 4.172000000000002373 ) ;
#2125 = ORIENTED_EDGE ( 'NONE', *, *, #4608, .F. ) ;
#2126 = CARTESIAN_POINT ( 'NONE',  ( 0.0000000000000000000, -2.342598717236908268, 4.057500000000003659 ) ) ;
#2127 = DIRECTION ( 'NONE',  ( -1.000000000000000000, -1.224606353822377258E-16, -0.0000000000000000000 ) ) ;
#2128 = ORIENTED_EDGE ( 'NONE', *, *, #3158, .T. ) ;
#2129 = AXIS2_PLACEMENT_3D ( 'NONE', #2431, #2468, #2430 ) ;
#2130 = VECTOR ( 'NONE', #1448, 1000.000000000000000 ) ;
#2131 = AXIS2_PLACEMENT_3D ( 'NONE', #326, #315, #348 ) ;
#2132 = CARTESIAN_POINT ( 'NONE',  ( 47.62143850830430836, 5.000000000000005329, 0.0000000000000000000 ) ) ;
#2133 = CARTESIAN_POINT ( 'NONE',  ( -31.74999999999995737, 0.0000000000000000000, 4.999999999999887201 ) ) ;
#2134 = DIRECTION ( 'NONE',  ( -1.000000000000000000, -0.0000000000000000000, -0.0000000000000000000 ) ) ;
#2135 = CONICAL_SURFACE ( 'NONE', #3, 4.057500000000000107, 1.047197551196593857 ) ;
#2136 = VECTOR ( 'NONE', #1750, 1000.000000000000114 ) ;
#2137 = ORIENTED_EDGE ( 'NONE', *, *, #3263, .F. ) ;
#2138 = FACE_OUTER_BOUND ( 'NONE', #5061, .T. ) ;
#2139 = VERTEX_POINT ( 'NONE', #4759 ) ;
#2140 = AXIS2_PLACEMENT_3D ( 'NONE', #2458, #2066, #2141 ) ;
#2141 = DIRECTION ( 'NONE',  ( 0.0000000000000000000, -1.000000000000000000, 0.0000000000000000000 ) ) ;
#2142 = DIRECTION ( 'NONE',  ( 0.0000000000000000000, -1.000000000000000000, 0.0000000000000000000 ) ) ;
#2143 = CARTESIAN_POINT ( 'NONE',  ( -31.74999999999995737, 6.123233995736628232E-16, -4.999999999999887201 ) ) ;
#2144 = ORIENTED_EDGE ( 'NONE', *, *, #3038, .F. ) ;
#2145 = VECTOR ( 'NONE', #5328, 1000.000000000000000 ) ;
#2146 = VERTEX_POINT ( 'NONE', #2665 ) ;
#2147 = LINE ( 'NONE', #5348, #1496 ) ;
#2148 = ORIENTED_EDGE ( 'NONE', *, *, #3046, .T. ) ;
#2149 = CIRCLE ( 'NONE', #94, 5.000000000000001776 ) ;
#2150 = CARTESIAN_POINT ( 'NONE',  ( 48.52083333333333570, 2.164491730381051252E-15, 0.0000000000000000000 ) ) ;
#2151 = DIRECTION ( 'NONE',  ( 0.0000000000000000000, -1.000000000000000000, 0.0000000000000000000 ) ) ;
#2152 = EDGE_LOOP ( 'NONE', ( #1795, #69, #1648, #1514, #3499 ) ) ;
#2153 = DIRECTION ( 'NONE',  ( 1.000000000000000000, 1.224606353822377258E-16, 0.0000000000000000000 ) ) ;
#2154 = CIRCLE ( 'NONE', #713, 4.172000000000002373 ) ;
#2155 = AXIS2_PLACEMENT_3D ( 'NONE', #2924, #2045, #137 ) ;
#2156 = VECTOR ( 'NONE', #2493, 1000.000000000000000 ) ;
#2157 = ORIENTED_EDGE ( 'NONE', *, *, #4067, .T. ) ;
#2158 = VECTOR ( 'NONE', #5090, 1000.000000000000114 ) ;
#2159 = ORIENTED_EDGE ( 'NONE', *, *, #3864, .F. ) ;
#2160 = VERTEX_POINT ( 'NONE', #1296 ) ;
#2161 = VERTEX_POINT ( 'NONE', #4427 ) ;
#2162 = VERTEX_POINT ( 'NONE', #3071 ) ;
#2163 = VERTEX_POINT ( 'NONE', #4193 ) ;
#2164 = AXIS2_PLACEMENT_3D ( 'NONE', #2471, #2461, #2502 ) ;
#2165 = ORIENTED_EDGE ( 'NONE', *, *, #4154, .T. ) ;
#2166 = ORIENTED_EDGE ( 'NONE', *, *, #3730, .F. ) ;
#2167 = AXIS2_PLACEMENT_3D ( 'NONE', #2221, #387, #340 ) ;
#2168 = ORIENTED_EDGE ( 'NONE', *, *, #3028, .F. ) ;
#2169 = DIRECTION ( 'NONE',  ( 0.0000000000000000000, -1.000000000000000000, 0.0000000000000000000 ) ) ;
#2170 = DIRECTION ( 'NONE',  ( -1.000000000000000000, -1.224606353822377258E-16, -0.0000000000000000000 ) ) ;
#2171 = CARTESIAN_POINT ( 'NONE',  ( -31.74999999999995737, 0.0000000000000000000, 4.999999999999887201 ) ) ;
#2172 = ORIENTED_EDGE ( 'NONE', *, *, #4490, .T. ) ;
#2173 = DIRECTION ( 'NONE',  ( -1.000000000000000000, -0.0000000000000000000, -0.0000000000000000000 ) ) ;
#2174 =( LENGTH_UNIT ( ) NAMED_UNIT ( * ) SI_UNIT ( .MILLI., .METRE. ) );
#2175 = AXIS2_PLACEMENT_3D ( 'NONE', #896, #1301, #2872 ) ;
#2176 = CARTESIAN_POINT ( 'NONE',  ( -31.74999999999995737, 0.0000000000000000000, 0.0000000000000000000 ) ) ;
#2177 = AXIS2_PLACEMENT_3D ( 'NONE', #331, #363, #337 ) ;
#2178 = CARTESIAN_POINT ( 'NONE',  ( -31.74999999999995737, 0.0000000000000000000, 0.0000000000000000000 ) ) ;
#2179 = LINE ( 'NONE', #3373, #2967 ) ;
#2180 = DIRECTION ( 'NONE',  ( 1.000000000000000000, 0.0000000000000000000, 0.0000000000000000000 ) ) ;
#2181 = DIRECTION ( 'NONE',  ( 0.5735764363510444941, 0.8191520442889929088, 0.0000000000000000000 ) ) ;
#2182 = EDGE_LOOP ( 'NONE', ( #3298, #3280, #3268 ) ) ;
#2183 = EDGE_LOOP ( 'NONE', ( #1966, #1954, #3885, #2377, #4824 ) ) ;
#2184 = ORIENTED_EDGE ( 'NONE', *, *, #4483, .T. ) ;
#2185 = DIRECTION ( 'NONE',  ( 1.000000000000000000, 0.0000000000000000000, 0.0000000000000000000 ) ) ;
#2186 = CARTESIAN_POINT ( 'NONE',  ( 27.81250000000000355, 2.164491730381051252E-15, 0.0000000000000000000 ) ) ;
#2187 = VERTEX_POINT ( 'NONE', #1407 ) ;
#2188 = AXIS2_PLACEMENT_3D ( 'NONE', #2205, #2367, #2270 ) ;
#2189 = FACE_OUTER_BOUND ( 'NONE', #1105, .T. ) ;
#2190 = ORIENTED_EDGE ( 'NONE', *, *, #2512, .T. ) ;
#2191 = DIRECTION ( 'NONE',  ( 0.0000000000000000000, -1.000000000000000000, 0.0000000000000000000 ) ) ;
#2192 = EDGE_LOOP ( 'NONE', ( #1377, #1780, #1983, #2025, #2079 ) ) ;
#2193 = VERTEX_POINT ( 'NONE', #1823 ) ;
#2194 = DIRECTION ( 'NONE',  ( -1.000000000000000000, -0.0000000000000000000, -0.0000000000000000000 ) ) ;
#2195 = EDGE_LOOP ( 'NONE', ( #3035, #3072, #3110, #3226, #3258, #3354 ) ) ;
#2196 = DIRECTION ( 'NONE',  ( -1.000000000000000000, -1.224606353822377258E-16, -0.0000000000000000000 ) ) ;
#2197 = ORIENTED_EDGE ( 'NONE', *, *, #3033, .F. ) ;
#2198 = DIRECTION ( 'NONE',  ( 0.0000000000000000000, 0.0000000000000000000, 1.000000000000000000 ) ) ;
#2199 = AXIS2_PLACEMENT_3D ( 'NONE', #520, #2084, #2209 ) ;
#2200 = CARTESIAN_POINT ( 'NONE',  ( 40.54522815836236305, 2.093492502277375926E-15, 0.0000000000000000000 ) ) ;
#2201 =( LENGTH_UNIT ( ) NAMED_UNIT ( * ) SI_UNIT ( .MILLI., .METRE. ) );
#2202 = DIRECTION ( 'NONE',  ( 0.0000000000000000000, 0.0000000000000000000, -1.000000000000000000 ) ) ;
#2203 = ORIENTED_EDGE ( 'NONE', *, *, #4630, .F. ) ;
#2204 = CIRCLE ( 'NONE', #894, 5.000000000000001776 ) ;
#2205 = CARTESIAN_POINT ( 'NONE',  ( 45.56250000000000711, 2.164491730381051252E-15, 0.0000000000000000000 ) ) ;
#2206 = ORIENTED_EDGE ( 'NONE', *, *, #2990, .F. ) ;
#2207 = CARTESIAN_POINT ( 'NONE',  ( -31.74999999999995737, 6.123233995736628232E-16, -4.999999999999887201 ) ) ;
#2208 = VERTEX_POINT ( 'NONE', #5262 ) ;
#2209 = DIRECTION ( 'NONE',  ( 0.0000000000000000000, 1.000000000000000000, 0.0000000000000000000 ) ) ;
#2210 = SURFACE_STYLE_FILL_AREA ( #3944 ) ;
#2211 = CARTESIAN_POINT ( 'NONE',  ( 28.39227184163763695, -5.161492250957792086E-29, 5.000000000000002665 ) ) ;
#2212 = VERTEX_POINT ( 'NONE', #923 ) ;
#2213 = DIRECTION ( 'NONE',  ( -1.000000000000000000, -0.0000000000000000000, -0.0000000000000000000 ) ) ;
#2214 = DIRECTION ( 'NONE',  ( -1.000000000000000000, -1.224606353822377258E-16, -0.0000000000000000000 ) ) ;
#2215 = DIRECTION ( 'NONE',  ( 0.0000000000000000000, 0.0000000000000000000, 1.000000000000000000 ) ) ;
#2216 = VERTEX_POINT ( 'NONE', #2999 ) ;
#2217 = CIRCLE ( 'NONE', #74, 4.172000000000002373 ) ;
#2218 = AXIS2_PLACEMENT_3D ( 'NONE', #4616, #558, #1130 ) ;
#2219 = DIRECTION ( 'NONE',  ( 0.0000000000000000000, -1.000000000000000000, 0.0000000000000000000 ) ) ;
#2220 = ORIENTED_EDGE ( 'NONE', *, *, #2504, .T. ) ;
#2221 = CARTESIAN_POINT ( 'NONE',  ( 5.000000000000000000, 4.685197434473813871, -6.505213034913026604E-15 ) ) ;
#2222 = DIRECTION ( 'NONE',  ( -1.000000000000000000, -1.224606353822377258E-16, -0.0000000000000000000 ) ) ;
#2223 = DIRECTION ( 'NONE',  ( 0.0000000000000000000, 1.000000000000000000, 0.0000000000000000000 ) ) ;
#2224 = LINE ( 'NONE', #3955, #3135 ) ;
#2225 = VECTOR ( 'NONE', #4754, 999.9999999999998863 ) ;
#2226 = CONICAL_SURFACE ( 'NONE', #31, 5.000000000000002665, 0.9599310885968831419 ) ;
#2227 = ORIENTED_EDGE ( 'NONE', *, *, #4580, .T. ) ;
#2228 = ORIENTED_EDGE ( 'NONE', *, *, #2914, .F. ) ;
#2229 = DIRECTION ( 'NONE',  ( 0.0000000000000000000, -1.000000000000000000, 0.0000000000000000000 ) ) ;
#2230 = CARTESIAN_POINT ( 'NONE',  ( 19.83689482502902379, 2.093492502277375926E-15, 0.0000000000000000000 ) ) ;
#2231 = AXIS2_PLACEMENT_3D ( 'NONE', #2414, #4340, #2606 ) ;
#2232 = VECTOR ( 'NONE', #5231, 1000.000000000000000 ) ;
#2233 = DIRECTION ( 'NONE',  ( 0.0000000000000000000, -1.000000000000000000, 0.0000000000000000000 ) ) ;
#2234 = CARTESIAN_POINT ( 'NONE',  ( -0.0000000000000000000, -4.685197434473821865, 3.469446951953614189E-15 ) ) ;
#2235 = CARTESIAN_POINT ( 'NONE',  ( 27.81250000000000355, 2.164491730381051252E-15, 0.0000000000000000000 ) ) ;
#2236 = AXIS2_PLACEMENT_3D ( 'NONE', #609, #653, #547 ) ;
#2237 = VERTEX_POINT ( 'NONE', #536 ) ;
#2238 = AXIS2_PLACEMENT_3D ( 'NONE', #5357, #697, #2551 ) ;
#2239 = ORIENTED_EDGE ( 'NONE', *, *, #4153, .F. ) ;
#2240 = ORIENTED_EDGE ( 'NONE', *, *, #4838, .T. ) ;
#2241 = DIRECTION ( 'NONE',  ( 0.0000000000000000000, -1.000000000000000000, 0.0000000000000000000 ) ) ;
#2242 = CARTESIAN_POINT ( 'NONE',  ( 5.000000000000000000, 0.0000000000000000000, 0.0000000000000000000 ) ) ;
#2243 = VERTEX_POINT ( 'NONE', #1001 ) ;
#2244 = ORIENTED_EDGE ( 'NONE', *, *, #4788, .F. ) ;
#2245 = ORIENTED_EDGE ( 'NONE', *, *, #5099, .T. ) ;
#2246 = AXIS2_PLACEMENT_3D ( 'NONE', #526, #522, #535 ) ;
#2247 = VERTEX_POINT ( 'NONE', #1577 ) ;
#2248 = CARTESIAN_POINT ( 'NONE',  ( 30.19106149169569520, -4.776306262080344916E-29, 5.000000000000001776 ) ) ;
#2249 = ORIENTED_EDGE ( 'NONE', *, *, #4509, .T. ) ;
#2250 = CARTESIAN_POINT ( 'NONE',  ( 40.22560517497097266, 2.235490958484726577E-15, 0.0000000000000000000 ) ) ;
#2251 = AXIS2_PLACEMENT_3D ( 'NONE', #643, #615, #1962 ) ;
#2252 = ORIENTED_EDGE ( 'NONE', *, *, #3826, .F. ) ;
#2253 = DIRECTION ( 'NONE',  ( 0.0000000000000000000, -1.000000000000000000, 0.0000000000000000000 ) ) ;
#2254 = DIRECTION ( 'NONE',  ( -1.000000000000000000, -0.0000000000000000000, -0.0000000000000000000 ) ) ;
#2255 = DIRECTION ( 'NONE',  ( -1.000000000000000000, -1.224606353822377258E-16, -0.0000000000000000000 ) ) ;
#2256 = DIRECTION ( 'NONE',  ( -1.000000000000000000, -1.224606353822377258E-16, -0.0000000000000000000 ) ) ;
#2257 = SURFACE_SIDE_STYLE ('',( #2925 ) ) ;
#2258 = EDGE_LOOP ( 'NONE', ( #4130, #4094, #4040, #4001, #3948 ) ) ;
#2259 = AXIS2_PLACEMENT_3D ( 'NONE', #696, #681, #700 ) ;
#2260 = VERTEX_POINT ( 'NONE', #3949 ) ;
#2261 = DIRECTION ( 'NONE',  ( 0.0000000000000000000, 0.0000000000000000000, 1.000000000000000000 ) ) ;
#2262 = CARTESIAN_POINT ( 'NONE',  ( 44.98272815836236305, 2.093492502277375926E-15, 0.0000000000000000000 ) ) ;
#2263 = DIRECTION ( 'NONE',  ( 1.000000000000000000, 1.224606353822377258E-16, 0.0000000000000000000 ) ) ;
#2264 = VERTEX_POINT ( 'NONE', #1342 ) ;
#2265 = AXIS2_PLACEMENT_3D ( 'NONE', #758, #743, #767 ) ;
#2266 = AXIS2_PLACEMENT_3D ( 'NONE', #735, #722, #737 ) ;
#2267 = CARTESIAN_POINT ( 'NONE',  ( 40.54522815836236305, 6.123233995736297896E-16, -5.000000000000001776 ) ) ;
#2268 = CARTESIAN_POINT ( 'NONE',  ( 0.0000000000000000000, 4.685197434473813871, -6.505213034913026604E-15 ) ) ;
#2269 = FACE_OUTER_BOUND ( 'NONE', #68, .T. ) ;
#2270 = DIRECTION ( 'NONE',  ( 0.0000000000000000000, -1.000000000000000000, 0.0000000000000000000 ) ) ;
#2271 = DIRECTION ( 'NONE',  ( -1.000000000000000000, -1.224606353822377258E-16, -0.0000000000000000000 ) ) ;
#2272 = CARTESIAN_POINT ( 'NONE',  ( 20.99643850830430836, 2.235490958484726577E-15, 0.0000000000000000000 ) ) ;
#2273 = CARTESIAN_POINT ( 'NONE',  ( 47.94106149169569164, 2.093492502277375926E-15, 0.0000000000000000000 ) ) ;
#2274 = ORIENTED_EDGE ( 'NONE', *, *, #3225, .T. ) ;
#2275 = VECTOR ( 'NONE', #2116, 1000.000000000000000 ) ;
#2276 = DIRECTION ( 'NONE',  ( 0.0000000000000000000, 0.0000000000000000000, 1.000000000000000000 ) ) ;
#2277 = ORIENTED_EDGE ( 'NONE', *, *, #2720, .F. ) ;
#2278 = FACE_OUTER_BOUND ( 'NONE', #2640, .T. ) ;
#2279 = DIRECTION ( 'NONE',  ( -1.000000000000000000, -1.224606353822377258E-16, -0.0000000000000000000 ) ) ;
#2280 = FACE_OUTER_BOUND ( 'NONE', #866, .T. ) ;
#2281 = ORIENTED_EDGE ( 'NONE', *, *, #4413, .T. ) ;
#2282 = EDGE_CURVE ( 'NONE', #708, #5113, #471, .T. ) ;
#2283 = ORIENTED_EDGE ( 'NONE', *, *, #2683, .T. ) ;
#2284 = CARTESIAN_POINT ( 'NONE',  ( 28.39227184163763695, 6.123233995736253523E-16, -5.000000000000002665 ) ) ;
#2285 = CARTESIAN_POINT ( 'NONE',  ( 20.99643850830430836, 5.000000000000005329, 0.0000000000000000000 ) ) ;
#2286 = ORIENTED_EDGE ( 'NONE', *, *, #5124, .T. ) ;
#2287 = CARTESIAN_POINT ( 'NONE',  ( 47.94106149169569164, 6.123233995736290008E-16, -5.000000000000001776 ) ) ;
#2288 = ORIENTED_EDGE ( 'NONE', *, *, #4242, .T. ) ;
#2289 = ORIENTED_EDGE ( 'NONE', *, *, #2848, .F. ) ;
#2290 = DIRECTION ( 'NONE',  ( 0.0000000000000000000, -1.000000000000000000, 0.0000000000000000000 ) ) ;
#2291 = CARTESIAN_POINT ( 'NONE',  ( 33.14939482502902734, 2.093492502277375926E-15, 0.0000000000000000000 ) ) ;
#2292 = ORIENTED_EDGE ( 'NONE', *, *, #4227, .F. ) ;
#2293 = LINE ( 'NONE', #5091, #2158 ) ;
#2294 = EDGE_LOOP ( 'NONE', ( #291, #327, #2911, #1274, #1732 ) ) ;
#2295 = ORIENTED_EDGE ( 'NONE', *, *, #3670, .T. ) ;
#2296 = DIRECTION ( 'NONE',  ( 0.5735764363510447161, -0.8191520442889927978, 1.003171929053526103E-16 ) ) ;
#2297 = ORIENTED_EDGE ( 'NONE', *, *, #4805, .F. ) ;
#2298 = ORIENTED_EDGE ( 'NONE', *, *, #5099, .F. ) ;
#2299 = EDGE_LOOP ( 'NONE', ( #1624, #1723, #1844, #1921, #2098, #2125 ) ) ;
#2300 = DIRECTION ( 'NONE',  ( -0.5735764363510472696, -0.8191520442889910214, 0.0000000000000000000 ) ) ;
#2301 = DIRECTION ( 'NONE',  ( -1.000000000000000000, -1.224606353822377258E-16, -0.0000000000000000000 ) ) ;
#2302 = CARTESIAN_POINT ( 'NONE',  ( 10.40000000000000036, 6.123233995736628232E-16, -4.999999999999887201 ) ) ;
#2303 = DIRECTION ( 'NONE',  ( -1.000000000000000000, -0.0000000000000000000, -0.0000000000000000000 ) ) ;
#2304 = AXIS2_PLACEMENT_3D ( 'NONE', #4676, #4612, #1714 ) ;
#2305 = AXIS2_PLACEMENT_3D ( 'NONE', #842, #834, #846 ) ;
#2306 = AXIS2_PLACEMENT_3D ( 'NONE', #899, #876, #871 ) ;
#2307 = ORIENTED_EDGE ( 'NONE', *, *, #4528, .T. ) ;
#2308 = DIRECTION ( 'NONE',  ( 0.5735764363510444941, 0.8191520442889929088, 0.0000000000000000000 ) ) ;
#2309 = DIRECTION ( 'NONE',  ( -1.000000000000000000, -1.224606353822377258E-16, -0.0000000000000000000 ) ) ;
#2310 = VERTEX_POINT ( 'NONE', #4595 ) ;
#2311 = LINE ( 'NONE', #5142, #3453 ) ;
#2312 = AXIS2_PLACEMENT_3D ( 'NONE', #760, #779, #832 ) ;
#2313 = AXIS2_PLACEMENT_3D ( 'NONE', #1951, #1926, #1924 ) ;
#2314 = DIRECTION ( 'NONE',  ( -1.000000000000000000, -0.0000000000000000000, -0.0000000000000000000 ) ) ;
#2315 = CARTESIAN_POINT ( 'NONE',  ( 20.41666666666666785, -4.172000000000000597, 0.0000000000000000000 ) ) ;
#2316 = DIRECTION ( 'NONE',  ( 0.0000000000000000000, 1.000000000000000000, -1.295896757998780980E-15 ) ) ;
#2317 = DIRECTION ( 'NONE',  ( -1.000000000000000000, -1.224606353822377258E-16, -0.0000000000000000000 ) ) ;
#2318 = ORIENTED_EDGE ( 'NONE', *, *, #3095, .F. ) ;
#2319 = CARTESIAN_POINT ( 'NONE',  ( 20.99643850830430836, -5.000000000000000000, 6.123233995736770227E-16 ) ) ;
#2320 = ORIENTED_EDGE ( 'NONE', *, *, #4054, .F. ) ;
#2321 = DIRECTION ( 'NONE',  ( -1.000000000000000000, -0.0000000000000000000, -0.0000000000000000000 ) ) ;
#2322 = ORIENTED_EDGE ( 'NONE', *, *, #3303, .T. ) ;
#2323 = CARTESIAN_POINT ( 'NONE',  ( 37.26727184163763695, -5.000000000000000888, 6.123233995736771213E-16 ) ) ;
#2324 = CIRCLE ( 'NONE', #1857, 5.000000000000001776 ) ;
#2325 = ORIENTED_EDGE ( 'NONE', *, *, #3001, .F. ) ;
#2326 = DIRECTION ( 'NONE',  ( 0.0000000000000000000, 0.0000000000000000000, -1.000000000000000000 ) ) ;
#2327 = ORIENTED_EDGE ( 'NONE', *, *, #4934, .F. ) ;
#2328 = DIRECTION ( 'NONE',  ( 0.0000000000000000000, 0.0000000000000000000, -1.000000000000000000 ) ) ;
#2329 = ORIENTED_EDGE ( 'NONE', *, *, #4270, .F. ) ;
#2330 = AXIS2_PLACEMENT_3D ( 'NONE', #3640, #2886, #2813 ) ;
#2331 = LINE ( 'NONE', #4254, #2051 ) ;
#2332 = AXIS2_PLACEMENT_3D ( 'NONE', #1810, #870, #862 ) ;
#2333 = ORIENTED_EDGE ( 'NONE', *, *, #3005, .T. ) ;
#2334 = DIRECTION ( 'NONE',  ( 0.0000000000000000000, -1.000000000000000000, 0.0000000000000000000 ) ) ;
#2335 = ORIENTED_EDGE ( 'NONE', *, *, #4081, .T. ) ;
#2336 = CARTESIAN_POINT ( 'NONE',  ( 38.74643850830430836, 2.235490958484726577E-15, 0.0000000000000000000 ) ) ;
#2337 = DIRECTION ( 'NONE',  ( -1.000000000000000000, -1.224606353822377258E-16, -0.0000000000000000000 ) ) ;
#2338 = ORIENTED_EDGE ( 'NONE', *, *, #3649, .T. ) ;
#2339 = CARTESIAN_POINT ( 'NONE',  ( 47.94106149169569164, 2.093492502277375926E-15, 0.0000000000000000000 ) ) ;
#2340 = ORIENTED_EDGE ( 'NONE', *, *, #4067, .F. ) ;
#2341 = PLANE ( 'NONE',  #2108 ) ;
#2342 = DIRECTION ( 'NONE',  ( 1.000000000000000000, 0.0000000000000000000, 0.0000000000000000000 ) ) ;
#2343 = CIRCLE ( 'NONE', #2483, 5.000000000000001776 ) ;
#2344 = AXIS2_PLACEMENT_3D ( 'NONE', #2855, #2821, #2820 ) ;
#2345 = VECTOR ( 'NONE', #3507, 1000.000000000000000 ) ;
#2346 = ORIENTED_EDGE ( 'NONE', *, *, #4032, .T. ) ;
#2347 = CARTESIAN_POINT ( 'NONE',  ( 5.000000000000000000, 4.685197434473813871, -6.505213034913026604E-15 ) ) ;
#2348 = ORIENTED_EDGE ( 'NONE', *, *, #3884, .T. ) ;
#2349 = AXIS2_PLACEMENT_3D ( 'NONE', #698, #2880, #4785 ) ;
#2350 = CARTESIAN_POINT ( 'NONE',  ( 16.55893850830430480, 2.235490958484726577E-15, 0.0000000000000000000 ) ) ;
#2351 = AXIS2_PLACEMENT_3D ( 'NONE', #4374, #4518, #4555 ) ;
#2352 = EDGE_LOOP ( 'NONE', ( #2841, #2286, #2220, #2121, #2106 ) ) ;
#2353 = CIRCLE ( 'NONE', #4313, 5.000000000000001776 ) ;
#2354 = ORIENTED_EDGE ( 'NONE', *, *, #2750, .T. ) ;
#2355 = DIRECTION ( 'NONE',  ( 1.000000000000000000, 1.224606353822377258E-16, 0.0000000000000000000 ) ) ;
#2356 = ADVANCED_FACE ( 'NONE', ( #433 ), #408, .T. ) ;
#2357 = AXIS2_PLACEMENT_3D ( 'NONE', #1022, #4543, #5253 ) ;
#2358 = DIRECTION ( 'NONE',  ( -1.000000000000000000, -1.224606353822377258E-16, -0.0000000000000000000 ) ) ;
#2359 = DIRECTION ( 'NONE',  ( 0.0000000000000000000, 1.000000000000000000, 0.0000000000000000000 ) ) ;
#2360 = ORIENTED_EDGE ( 'NONE', *, *, #3738, .T. ) ;
#2361 = VERTEX_POINT ( 'NONE', #5039 ) ;
#2362 = DIRECTION ( 'NONE',  ( -1.000000000000000000, -0.0000000000000000000, -0.0000000000000000000 ) ) ;
#2363 = VERTEX_POINT ( 'NONE', #4230 ) ;
#2364 = ORIENTED_EDGE ( 'NONE', *, *, #2835, .T. ) ;
#2365 = CARTESIAN_POINT ( 'NONE',  ( 29.87143850830430836, 5.000000000000004441, 0.0000000000000000000 ) ) ;
#2366 = VECTOR ( 'NONE', #2181, 1000.000000000000114 ) ;
#2367 = DIRECTION ( 'NONE',  ( -1.000000000000000000, -1.224606353822377258E-16, -0.0000000000000000000 ) ) ;
#2368 = AXIS2_PLACEMENT_3D ( 'NONE', #3376, #5267, #4681 ) ;
#2369 = ORIENTED_EDGE ( 'NONE', *, *, #4411, .F. ) ;
#2370 = VERTEX_POINT ( 'NONE', #3691 ) ;
#2371 = CONICAL_SURFACE ( 'NONE', #2472, 5.000000000000002665, 0.9599310885968831419 ) ;
#2372 = DIRECTION ( 'NONE',  ( 0.0000000000000000000, -1.000000000000000000, 0.0000000000000000000 ) ) ;
#2373 = ADVANCED_FACE ( 'NONE', ( #420 ), #393, .T. ) ;
#2374 = DIRECTION ( 'NONE',  ( -1.000000000000000000, -1.224606353822377258E-16, -0.0000000000000000000 ) ) ;
#2375 = LINE ( 'NONE', #249, #2636 ) ;
#2376 = ORIENTED_EDGE ( 'NONE', *, *, #2770, .T. ) ;
#2377 = ORIENTED_EDGE ( 'NONE', *, *, #3266, .T. ) ;
#2378 = AXIS2_PLACEMENT_3D ( 'NONE', #2235, #4692, #2596 ) ;
#2379 = AXIS2_PLACEMENT_3D ( 'NONE', #4221, #649, #4277 ) ;
#2380 = AXIS2_PLACEMENT_3D ( 'NONE', #5065, #4663, #5305 ) ;
#2381 = DIRECTION ( 'NONE',  ( 0.0000000000000000000, 0.0000000000000000000, 1.000000000000000000 ) ) ;
#2382 = CARTESIAN_POINT ( 'NONE',  ( 19.83689482502902379, 2.093492502277375926E-15, 0.0000000000000000000 ) ) ;
#2383 = CIRCLE ( 'NONE', #629, 5.000000000000002665 ) ;
#2384 = FACE_OUTER_BOUND ( 'NONE', #1264, .T. ) ;
#2385 = AXIS2_PLACEMENT_3D ( 'NONE', #3428, #4401, #4461 ) ;
#2386 = EDGE_LOOP ( 'NONE', ( #1742, #1976, #1794, #221, #2114 ) ) ;
#2387 = DIRECTION ( 'NONE',  ( -1.000000000000000000, -0.0000000000000000000, -0.0000000000000000000 ) ) ;
#2388 = CARTESIAN_POINT ( 'NONE',  ( 5.000000000000000000, 4.685197434473813871, -6.505213034913026604E-15 ) ) ;
#2389 = CARTESIAN_POINT ( 'NONE',  ( -31.74999999999995737, 0.0000000000000000000, 0.0000000000000000000 ) ) ;
#2390 = ORIENTED_EDGE ( 'NONE', *, *, #4253, .T. ) ;
#2391 = CARTESIAN_POINT ( 'NONE',  ( -31.74999999999995737, 6.123233995736628232E-16, -4.999999999999887201 ) ) ;
#2392 = ORIENTED_EDGE ( 'NONE', *, *, #2800, .F. ) ;
#2393 = DIRECTION ( 'NONE',  ( 0.0000000000000000000, -1.000000000000000000, 0.0000000000000000000 ) ) ;
#2394 = SURFACE_SIDE_STYLE ('',( #2689 ) ) ;
#2395 = CARTESIAN_POINT ( 'NONE',  ( 34.30893850830430836, 2.235490958484726577E-15, 0.0000000000000000000 ) ) ;
#2396 = MANIFOLD_SOLID_BREP ( 'ThdSchPat', #2490 ) ;
#2397 = AXIS2_PLACEMENT_3D ( 'NONE', #4893, #396, #391 ) ;
#2398 = CIRCLE ( 'NONE', #597, 5.000000000000001776 ) ;
#2399 = CIRCLE ( 'NONE', #4773, 5.000000000000002665 ) ;
#2400 = ORIENTED_EDGE ( 'NONE', *, *, #3081, .F. ) ;
#2401 = DIRECTION ( 'NONE',  ( -0.5735764363510472696, -0.8191520442889910214, 0.0000000000000000000 ) ) ;
#2402 = DIRECTION ( 'NONE',  ( -1.000000000000000000, -1.224606353822377258E-16, -0.0000000000000000000 ) ) ;
#2403 = CIRCLE ( 'NONE', #2332, 5.000000000000002665 ) ;
#2404 = AXIS2_PLACEMENT_3D ( 'NONE', #497, #3519, #3063 ) ;
#2405 = ORIENTED_EDGE ( 'NONE', *, *, #2926, .T. ) ;
#2406 = AXIS2_PLACEMENT_3D ( 'NONE', #2486, #2478, #2448 ) ;
#2407 = VECTOR ( 'NONE', #3899, 1000.000000000000000 ) ;
#2408 = LINE ( 'NONE', #1813, #2136 ) ;
#2409 = DIRECTION ( 'NONE',  ( 0.0000000000000000000, 0.0000000000000000000, 1.000000000000000000 ) ) ;
#2410 = FACE_OUTER_BOUND ( 'NONE', #16, .T. ) ;
#2411 = DIRECTION ( 'NONE',  ( 0.0000000000000000000, 0.0000000000000000000, 1.000000000000000000 ) ) ;
#2412 = CIRCLE ( 'NONE', #342, 5.000000000000002665 ) ;
#2413 = CARTESIAN_POINT ( 'NONE',  ( 19.83689482502902379, 2.093492502277375926E-15, 0.0000000000000000000 ) ) ;
#2414 = CARTESIAN_POINT ( 'NONE',  ( 33.72916666666667140, 2.164491730381051252E-15, 0.0000000000000000000 ) ) ;
#2415 = LINE ( 'NONE', #50, #4492 ) ;
#2416 = AXIS2_PLACEMENT_3D ( 'NONE', #4951, #5229, #5248 ) ;
#2417 = EDGE_LOOP ( 'NONE', ( #5367, #3419, #1716, #1693, #1748, #1727 ) ) ;
#2418 = LINE ( 'NONE', #4842, #2225 ) ;
#2419 = LINE ( 'NONE', #2497, #3764 ) ;
#2420 = LINE ( 'NONE', #2470, #1925 ) ;
#2421 = CARTESIAN_POINT ( 'NONE',  ( -31.74999999999995737, 0.0000000000000000000, 0.0000000000000000000 ) ) ;
#2422 = PLANE ( 'NONE',  #4145 ) ;
#2423 = ORIENTED_EDGE ( 'NONE', *, *, #4147, .T. ) ;
#2424 = AXIS2_PLACEMENT_3D ( 'NONE', #976, #2180, #1066 ) ;
#2425 = AXIS2_PLACEMENT_3D ( 'NONE', #1380, #1373, #1356 ) ;
#2426 = ORIENTED_EDGE ( 'NONE', *, *, #2750, .F. ) ;
#2427 = ORIENTED_EDGE ( 'NONE', *, *, #4439, .F. ) ;
#2428 = ORIENTED_EDGE ( 'NONE', *, *, #3731, .T. ) ;
#2429 = FACE_OUTER_BOUND ( 'NONE', #1397, .T. ) ;
#2430 = DIRECTION ( 'NONE',  ( 0.0000000000000000000, 0.0000000000000000000, 1.000000000000000000 ) ) ;
#2431 = CARTESIAN_POINT ( 'NONE',  ( 1.500000000000001332, 0.0000000000000000000, 0.0000000000000000000 ) ) ;
#2432 = LINE ( 'NONE', #3049, #1649 ) ;
#2433 = DIRECTION ( 'NONE',  ( -1.000000000000000000, -1.224606353822377258E-16, -0.0000000000000000000 ) ) ;
#2434 = VERTEX_POINT ( 'NONE', #984 ) ;
#2435 = ORIENTED_EDGE ( 'NONE', *, *, #4814, .F. ) ;
#2436 = AXIS2_PLACEMENT_3D ( 'NONE', #2186, #2127, #2229 ) ;
#2437 = CARTESIAN_POINT ( 'NONE',  ( 47.62143850830430836, -5.000000000000000888, 6.123233995736771213E-16 ) ) ;
#2438 = DIRECTION ( 'NONE',  ( 0.0000000000000000000, -1.000000000000000000, 0.0000000000000000000 ) ) ;
#2439 = FACE_OUTER_BOUND ( 'NONE', #4607, .T. ) ;
#2440 = AXIS2_PLACEMENT_3D ( 'NONE', #1159, #1127, #953 ) ;
#2441 = ORIENTED_EDGE ( 'NONE', *, *, #2531, .F. ) ;
#2442 = AXIS2_PLACEMENT_3D ( 'NONE', #4781, #1334, #317 ) ;
#2443 = DIRECTION ( 'NONE',  ( -1.000000000000000000, -0.0000000000000000000, -0.0000000000000000000 ) ) ;
#2444 = AXIS2_PLACEMENT_3D ( 'NONE', #4303, #4344, #2064 ) ;
#2445 = CONICAL_SURFACE ( 'NONE', #2058, 5.000000000000002665, 0.9599310885968831419 ) ;
#2446 = DIRECTION ( 'NONE',  ( -1.000000000000000000, -1.224606353822377258E-16, -0.0000000000000000000 ) ) ;
#2447 = EDGE_LOOP ( 'NONE', ( #4889, #4930, #4993, #5038, #5144 ) ) ;
#2448 = DIRECTION ( 'NONE',  ( 0.0000000000000000000, -1.000000000000000000, 0.0000000000000000000 ) ) ;
#2449 = AXIS2_PLACEMENT_3D ( 'NONE', #2242, #2254, #2261 ) ;
#2450 = CARTESIAN_POINT ( 'NONE',  ( 16.55893850830430480, -5.000000000000000000, 6.123233995736770227E-16 ) ) ;
#2451 =( GEOMETRIC_REPRESENTATION_CONTEXT ( 3 ) GLOBAL_UNCERTAINTY_ASSIGNED_CONTEXT ( ( #1305 ) ) GLOBAL_UNIT_ASSIGNED_CONTEXT ( ( #1011, #1029, #991 ) ) REPRESENTATION_CONTEXT ( 'NONE', 'WORKASPACE' ) );
#2452 = MECHANICAL_DESIGN_GEOMETRIC_PRESENTATION_REPRESENTATION (  '', ( #2469 ), #2451 ) ;
#2453 = VERTEX_POINT ( 'NONE', #3708 ) ;
#2454 = CARTESIAN_POINT ( 'NONE',  ( 49.17199999999979809, 0.0000000000000000000, 0.0000000000000000000 ) ) ;
#2455 = CONICAL_SURFACE ( 'NONE', #2266, 4.172000000000002373, 0.9599310885968798113 ) ;
#2456 = DIRECTION ( 'NONE',  ( 0.0000000000000000000, -1.000000000000000000, 0.0000000000000000000 ) ) ;
#2457 = DIRECTION ( 'NONE',  ( 0.0000000000000000000, 1.000000000000000000, -1.224646799147353207E-16 ) ) ;
#2458 = CARTESIAN_POINT ( 'NONE',  ( 18.93750000000000355, 2.164491730381051252E-15, 0.0000000000000000000 ) ) ;
#2459 = CIRCLE ( 'NONE', #1483, 5.000000000000002665 ) ;
#2460 = ORIENTED_EDGE ( 'NONE', *, *, #2498, .T. ) ;
#2461 = DIRECTION ( 'NONE',  ( 1.000000000000000000, 0.0000000000000000000, 0.0000000000000000000 ) ) ;
#2462 = CARTESIAN_POINT ( 'NONE',  ( 49.10060517497097266, 2.235490958484726577E-15, 0.0000000000000000000 ) ) ;
#2463 = DIRECTION ( 'NONE',  ( -1.000000000000000000, -1.224606353822377258E-16, -0.0000000000000000000 ) ) ;
#2464 = CIRCLE ( 'NONE', #3456, 0.4000000000000001887 ) ;
#2465 = ORIENTED_EDGE ( 'NONE', *, *, #3816, .T. ) ;
#2466 = CONICAL_SURFACE ( 'NONE', #2312, 5.000000000000002665, 0.9599310885968831419 ) ;
#2467 = PRESENTATION_LAYER_ASSIGNMENT (  '', '', ( #2469 ) ) ;
#2468 = DIRECTION ( 'NONE',  ( -1.000000000000000000, -0.0000000000000000000, -0.0000000000000000000 ) ) ;
#2469 = STYLED_ITEM ( 'NONE', ( #4272 ), #7 ) ;
#2470 = CARTESIAN_POINT ( 'NONE',  ( 48.52083333333333570, -4.172000000000000597, 0.0000000000000000000 ) ) ;
#2471 = CARTESIAN_POINT ( 'NONE',  ( 10.40000000000000036, 0.0000000000000000000, 0.0000000000000000000 ) ) ;
#2472 = AXIS2_PLACEMENT_3D ( 'NONE', #3124, #1112, #1113 ) ;
#2473 = VERTEX_POINT ( 'NONE', #529 ) ;
#2474 = CARTESIAN_POINT ( 'NONE',  ( 44.66310517497097976, 2.235490958484726577E-15, 0.0000000000000000000 ) ) ;
#2475 = ORIENTED_EDGE ( 'NONE', *, *, #3319, .F. ) ;
#2476 = DIRECTION ( 'NONE',  ( -0.5735764363510472696, -0.8191520442889910214, 0.0000000000000000000 ) ) ;
#2477 = ORIENTED_EDGE ( 'NONE', *, *, #124, .F. ) ;
#2478 = DIRECTION ( 'NONE',  ( -1.000000000000000000, -1.224606353822377258E-16, -0.0000000000000000000 ) ) ;
#2479 = CARTESIAN_POINT ( 'NONE',  ( -31.74999999999995737, 0.0000000000000000000, 0.0000000000000000000 ) ) ;
#2480 = ORIENTED_EDGE ( 'NONE', *, *, #2729, .T. ) ;
#2481 = DIRECTION ( 'NONE',  ( -1.000000000000000000, -1.224606353822377258E-16, -0.0000000000000000000 ) ) ;
#2482 =( NAMED_UNIT ( * ) SI_UNIT ( $, .STERADIAN. ) SOLID_ANGLE_UNIT ( ) );
#2483 = AXIS2_PLACEMENT_3D ( 'NONE', #2291, #2433, #5103 ) ;
#2484 = CYLINDRICAL_SURFACE ( 'NONE', #2259, 4.999999999999887201 ) ;
#2485 = LINE ( 'NONE', #1067, #4546 ) ;
#2486 = CARTESIAN_POINT ( 'NONE',  ( 20.41666666666666785, 2.164491730381051252E-15, 0.0000000000000000000 ) ) ;
#2487 = ORIENTED_EDGE ( 'NONE', *, *, #3397, .F. ) ;
#2488 = VERTEX_POINT ( 'NONE', #2234 ) ;
#2489 = LINE ( 'NONE', #3475, #2345 ) ;
#2490 = CLOSED_SHELL ( 'NONE', ( #7, #612, #1203, #3801, #245, #3247, #5221, #2854, #3463, #1185, #38, #1406, #4111, #3470, #3131, #980, #3963, #551, #665, #395, #2982, #2003, #1523, #4936, #426, #2705, #1452, #336, #2738, #590, #1308, #3651, #4491, #44, #1336, #1273, #4396, #5268, #2102, #310, #883, #1148, #4, #1939, #28, #1370, #1908, #3985, #3377, #2373, #4626, #3902, #960, #441, #528, #1458, #1039, #1053, #1597, #2836, #1522, #646, #1974, #4952, #376, #305, #4102, #1383, #3849, #594, #4467, #3437, #1028, #4141, #368, #3843, #879, #2735, #1404, #3451, #108, #2908, #366, #1115, #486, #4285, #274, #2900, #278, #2656, #600, #324, #1765, #4231, #515, #416, #4851, #3672, #1082, #5274, #1515, #568, #257, #1903, #5325, #576, #999, #403, #3866, #2571, #288, #4693, #1736, #2594, #1392, #736, #5158, #454, #3022, #940, #2356, #619, #1391, #4474, #2527, #4895, #825, #849, #4085, #184, #783, #1110, #2088, #3471, #5246, #339, #1610, #1628, #3581, #3777, #3199, #4973, #1302, #898, #5303, #3054, #4653, #3908, #149, #5216, #3934, #1556, #592, #2586, #4029, #5255, #1153, #4108, #246, #2113, #3369, #319, #1429, #5199, #100, #4729, #239, #1672, #27, #3047, #5086 ) ) ;
#2491 = EDGE_CURVE ( 'NONE', #1864, #1831, #282, .T. ) ;
#2492 = DIRECTION ( 'NONE',  ( -0.5735764363510474917, 0.8191520442889909104, 1.003171929053523761E-16 ) ) ;
#2493 = DIRECTION ( 'NONE',  ( 0.5735764363510447161, -0.8191520442889927978, 1.003171929053526103E-16 ) ) ;
#2494 = FACE_OUTER_BOUND ( 'NONE', #1501, .T. ) ;
#2495 = EDGE_LOOP ( 'NONE', ( #1358, #3717, #2190, #3696, #2320 ) ) ;
#2496 = VECTOR ( 'NONE', #2321, 1000.000000000000000 ) ;
#2497 = CARTESIAN_POINT ( 'NONE',  ( 20.41666666666666785, 4.172000000000004150, 5.109226446042759579E-16 ) ) ;
#2498 = EDGE_CURVE ( 'NONE', #5033, #5288, #304, .T. ) ;
#2499 = CONICAL_SURFACE ( 'NONE', #2330, 5.000000000000002665, 0.9599310885968831419 ) ;
#2500 = CARTESIAN_POINT ( 'NONE',  ( 10.00000000000000000, 6.613092715395569416E-16, 5.399999999999887557 ) ) ;
#2501 = ORIENTED_EDGE ( 'NONE', *, *, #2864, .F. ) ;
#2502 = DIRECTION ( 'NONE',  ( 0.0000000000000000000, 0.0000000000000000000, -1.000000000000000000 ) ) ;
#2503 = EDGE_CURVE ( 'NONE', #3317, #2011, #292, .T. ) ;
#2504 = EDGE_CURVE ( 'NONE', #3812, #642, #299, .T. ) ;
#2505 = EDGE_CURVE ( 'NONE', #3995, #3074, #275, .T. ) ;
#2506 = ORIENTED_EDGE ( 'NONE', *, *, #2560, .F. ) ;
#2507 = FACE_OUTER_BOUND ( 'NONE', #632, .T. ) ;
#2508 = CARTESIAN_POINT ( 'NONE',  ( 5.000000000000000000, -4.685197434473821865, 3.469446951953614189E-15 ) ) ;
#2509 = CARTESIAN_POINT ( 'NONE',  ( 13.92022815836235949, 6.123233995736290008E-16, -5.000000000000001776 ) ) ;
#2510 = ORIENTED_EDGE ( 'NONE', *, *, #2568, .F. ) ;
#2511 = FACE_OUTER_BOUND ( 'NONE', #2258, .T. ) ;
#2512 = EDGE_CURVE ( 'NONE', #837, #5024, #256, .T. ) ;
#2513 = CIRCLE ( 'NONE', #507, 5.000000000000001776 ) ;
#2514 = DIRECTION ( 'NONE',  ( 1.000000000000000000, 1.224606353822377258E-16, 0.0000000000000000000 ) ) ;
#2515 = CARTESIAN_POINT ( 'NONE',  ( 38.16666666666667140, -4.172000000000000597, 0.0000000000000000000 ) ) ;
#2516 = ORIENTED_EDGE ( 'NONE', *, *, #4274, .T. ) ;
#2517 = ORIENTED_EDGE ( 'NONE', *, *, #2498, .F. ) ;
#2518 = CONICAL_SURFACE ( 'NONE', #2368, 4.172000000000002373, 0.9599310885968798113 ) ;
#2519 = VERTEX_POINT ( 'NONE', #857 ) ;
#2520 = DIRECTION ( 'NONE',  ( 0.0000000000000000000, -1.000000000000000000, 0.0000000000000000000 ) ) ;
#2521 = EDGE_CURVE ( 'NONE', #4363, #1776, #223, .T. ) ;
#2522 = CARTESIAN_POINT ( 'NONE',  ( 24.85416666666667140, -4.172000000000000597, 5.616230220889765396E-16 ) ) ;
#2523 = DIRECTION ( 'NONE',  ( -1.000000000000000000, -1.224606353822377258E-16, -0.0000000000000000000 ) ) ;
#2524 = EDGE_CURVE ( 'NONE', #1897, #3379, #233, .T. ) ;
#2525 = CARTESIAN_POINT ( 'NONE',  ( 27.81250000000000355, 2.164491730381051252E-15, 0.0000000000000000000 ) ) ;
#2526 = ORIENTED_EDGE ( 'NONE', *, *, #4354, .T. ) ;
#2527 = ADVANCED_FACE ( 'NONE', ( #219 ), #171, .T. ) ;
#2528 = CYLINDRICAL_SURFACE ( 'NONE', #604, 8.000000000000000000 ) ;
#2529 = CARTESIAN_POINT ( 'NONE',  ( 20.99643850830430836, 2.235490958484726577E-15, 0.0000000000000000000 ) ) ;
#2530 = CONICAL_SURFACE ( 'NONE', #2404, 5.000000000000002665, 0.9599310885968831419 ) ;
#2531 = EDGE_CURVE ( 'NONE', #329, #5308, #208, .T. ) ;
#2532 = EDGE_CURVE ( 'NONE', #3716, #4363, #206, .T. ) ;
#2533 = DIRECTION ( 'NONE',  ( -1.000000000000000000, -0.0000000000000000000, -0.0000000000000000000 ) ) ;
#2534 = CARTESIAN_POINT ( 'NONE',  ( -31.74999999999995737, 0.0000000000000000000, 4.999999999999887201 ) ) ;
#2535 = CARTESIAN_POINT ( 'NONE',  ( 34.62856149169569164, -4.776306262080344916E-29, 5.000000000000001776 ) ) ;
#2536 = EDGE_CURVE ( 'NONE', #1776, #428, #179, .T. ) ;
#2537 = VECTOR ( 'NONE', #841, 1000.000000000000000 ) ;
#2538 = LINE ( 'NONE', #4198, #166 ) ;
#2539 = EDGE_CURVE ( 'NONE', #2264, #428, #202, .T. ) ;
#2540 = EDGE_CURVE ( 'NONE', #3336, #3379, #160, .T. ) ;
#2541 = CARTESIAN_POINT ( 'NONE',  ( 14.50000000000000000, 4.172000000000004150, 0.0000000000000000000 ) ) ;
#2542 = DIRECTION ( 'NONE',  ( 0.0000000000000000000, -1.000000000000000000, 0.0000000000000000000 ) ) ;
#2543 = FACE_OUTER_BOUND ( 'NONE', #3990, .T. ) ;
#2544 = CIRCLE ( 'NONE', #4456, 8.000000000000000000 ) ;
#2545 = EDGE_LOOP ( 'NONE', ( #4058, #4808, #4449, #1944, #5203 ) ) ;
#2546 = DIRECTION ( 'NONE',  ( 1.000000000000000000, 1.224606353822377258E-16, 0.0000000000000000000 ) ) ;
#2547 = AXIS2_PLACEMENT_3D ( 'NONE', #2474, #120, #4628 ) ;
#2548 = DIRECTION ( 'NONE',  ( -1.000000000000000000, -1.224606353822377258E-16, -0.0000000000000000000 ) ) ;
#2549 = FACE_OUTER_BOUND ( 'NONE', #4672, .T. ) ;
#2550 = DIRECTION ( 'NONE',  ( 0.0000000000000000000, -1.000000000000000000, 0.0000000000000000000 ) ) ;
#2551 = DIRECTION ( 'NONE',  ( 0.0000000000000000000, 1.000000000000000000, 0.0000000000000000000 ) ) ;
#2552 = VECTOR ( 'NONE', #1193, 1000.000000000000000 ) ;
#2553 = CARTESIAN_POINT ( 'NONE',  ( 20.99643850830430836, 2.235490958484726577E-15, 0.0000000000000000000 ) ) ;
#2554 = CYLINDRICAL_SURFACE ( 'NONE', #1141, 4.999999999999887201 ) ;
#2555 = DIRECTION ( 'NONE',  ( 0.0000000000000000000, -1.000000000000000000, 0.0000000000000000000 ) ) ;
#2556 = DIRECTION ( 'NONE',  ( -1.000000000000000000, -1.224606353822377258E-16, -0.0000000000000000000 ) ) ;
#2557 = EDGE_CURVE ( 'NONE', #1541, #1006, #156, .T. ) ;
#2558 = ORIENTED_EDGE ( 'NONE', *, *, #4638, .T. ) ;
#2559 = VERTEX_POINT ( 'NONE', #1998 ) ;
#2560 = EDGE_CURVE ( 'NONE', #2932, #3336, #131, .T. ) ;
#2561 = DIRECTION ( 'NONE',  ( 0.0000000000000000000, -1.000000000000000000, 0.0000000000000000000 ) ) ;
#2562 = CYLINDRICAL_SURFACE ( 'NONE', #2265, 4.999999999999887201 ) ;
#2563 = ORIENTED_EDGE ( 'NONE', *, *, #5012, .T. ) ;
#2564 = DIRECTION ( 'NONE',  ( 0.0000000000000000000, 1.224646799147353207E-16, 1.000000000000000000 ) ) ;
#2565 = VECTOR ( 'NONE', #5372, 1000.000000000000114 ) ;
#2566 = CIRCLE ( 'NONE', #455, 4.172000000000002373 ) ;
#2567 = VERTEX_POINT ( 'NONE', #2365 ) ;
#2568 = EDGE_CURVE ( 'NONE', #5033, #2932, #88, .T. ) ;
#2569 = LINE ( 'NONE', #2833, #2552 ) ;
#2570 = ORIENTED_EDGE ( 'NONE', *, *, #4117, .F. ) ;
#2571 = ADVANCED_FACE ( 'NONE', ( #143 ), #48, .T. ) ;
#2572 = DIRECTION ( 'NONE',  ( -0.0000000000000000000, -0.5000000000000011102, -0.8660254037844379305 ) ) ;
#2573 = CARTESIAN_POINT ( 'NONE',  ( 40.22560517497097266, -5.000000000000000888, 6.123233995736771213E-16 ) ) ;
#2574 = CARTESIAN_POINT ( 'NONE',  ( 15.07977184163763873, 2.235490958484726577E-15, 0.0000000000000000000 ) ) ;
#2575 = ORIENTED_EDGE ( 'NONE', *, *, #4967, .T. ) ;
#2576 = ORIENTED_EDGE ( 'NONE', *, *, #3699, .F. ) ;
#2577 = FACE_OUTER_BOUND ( 'NONE', #185, .T. ) ;
#2578 = AXIS2_PLACEMENT_3D ( 'NONE', #4012, #616, #4290 ) ;
#2579 = DIRECTION ( 'NONE',  ( 0.0000000000000000000, -1.000000000000000000, 0.0000000000000000000 ) ) ;
#2580 = VERTEX_POINT ( 'NONE', #2790 ) ;
#2581 = DIRECTION ( 'NONE',  ( -1.000000000000000000, -0.0000000000000000000, -0.0000000000000000000 ) ) ;
#2582 = ORIENTED_EDGE ( 'NONE', *, *, #2835, .F. ) ;
#2583 = DIRECTION ( 'NONE',  ( -1.000000000000000000, -1.224606353822377258E-16, -0.0000000000000000000 ) ) ;
#2584 = LINE ( 'NONE', #964, #2591 ) ;
#2585 = EDGE_CURVE ( 'NONE', #5024, #4906, #55, .T. ) ;
#2586 = ADVANCED_FACE ( 'NONE', ( #80 ), #37, .T. ) ;
#2587 = DIRECTION ( 'NONE',  ( -1.000000000000000000, -0.0000000000000000000, -0.0000000000000000000 ) ) ;
#2588 = CARTESIAN_POINT ( 'NONE',  ( 18.93750000000000355, 4.172000000000004150, 0.0000000000000000000 ) ) ;
#2589 = CARTESIAN_POINT ( 'NONE',  ( 29.87143850830430836, 2.235490958484726577E-15, 0.0000000000000000000 ) ) ;
#2590 =( NAMED_UNIT ( * ) PLANE_ANGLE_UNIT ( ) SI_UNIT ( $, .RADIAN. ) );
#2591 = VECTOR ( 'NONE', #769, 1000.000000000000000 ) ;
#2592 = CARTESIAN_POINT ( 'NONE',  ( 19.83689482502902379, 6.123233995736290008E-16, -5.000000000000001776 ) ) ;
#2593 = DIRECTION ( 'NONE',  ( 1.000000000000000000, 1.224606353822377258E-16, 0.0000000000000000000 ) ) ;
#2594 = ADVANCED_FACE ( 'NONE', ( #61 ), #11, .T. ) ;
#2595 = DIRECTION ( 'NONE',  ( 0.0000000000000000000, -1.000000000000000000, 0.0000000000000000000 ) ) ;
#2596 = DIRECTION ( 'NONE',  ( 0.0000000000000000000, -1.000000000000000000, 0.0000000000000000000 ) ) ;
#2597 = EDGE_LOOP ( 'NONE', ( #8, #3215, #4286, #2369, #3211 ) ) ;
#2598 = DIRECTION ( 'NONE',  ( 0.0000000000000000000, -1.000000000000000000, 0.0000000000000000000 ) ) ;
#2599 = CARTESIAN_POINT ( 'NONE',  ( 37.58689482502902734, 2.093492502277375926E-15, 0.0000000000000000000 ) ) ;
#2600 = ORIENTED_EDGE ( 'NONE', *, *, #4270, .T. ) ;
#2601 = EDGE_CURVE ( 'NONE', #553, #3317, #17, .T. ) ;
#2602 = EDGE_CURVE ( 'NONE', #3058, #3074, #67, .T. ) ;
#2603 = CYLINDRICAL_SURFACE ( 'NONE', #2305, 4.999999999999887201 ) ;
#2604 = DIRECTION ( 'NONE',  ( -1.000000000000000000, -1.224606353822377258E-16, -0.0000000000000000000 ) ) ;
#2605 = CIRCLE ( 'NONE', #196, 5.000000000000001776 ) ;
#2606 = DIRECTION ( 'NONE',  ( 0.0000000000000000000, -1.000000000000000000, 0.0000000000000000000 ) ) ;
#2607 = ORIENTED_EDGE ( 'NONE', *, *, #2601, .T. ) ;
#2608 = DIRECTION ( 'NONE',  ( -1.000000000000000000, -1.224606353822377258E-16, -0.0000000000000000000 ) ) ;
#2609 =( NAMED_UNIT ( * ) SI_UNIT ( $, .STERADIAN. ) SOLID_ANGLE_UNIT ( ) );
#2610 = CIRCLE ( 'NONE', #911, 5.000000000000001776 ) ;
#2611 = ORIENTED_EDGE ( 'NONE', *, *, #4861, .T. ) ;
#2612 = EDGE_CURVE ( 'NONE', #3531, #5024, #26, .T. ) ;
#2613 = EDGE_CURVE ( 'NONE', #329, #2879, #4181, .T. ) ;
#2614 = CARTESIAN_POINT ( 'NONE',  ( 21.31606149169569520, 2.093492502277375926E-15, 0.0000000000000000000 ) ) ;
#2615 = DIRECTION ( 'NONE',  ( -1.000000000000000000, -0.0000000000000000000, -0.0000000000000000000 ) ) ;
#2616 = DIRECTION ( 'NONE',  ( 0.0000000000000000000, -1.000000000000000000, 0.0000000000000000000 ) ) ;
#2617 = CIRCLE ( 'NONE', #183, 5.000000000000001776 ) ;
#2618 = CIRCLE ( 'NONE', #1143, 5.000000000000001776 ) ;
#2619 = CIRCLE ( 'NONE', #2357, 5.000000000000002665 ) ;
#2620 = CARTESIAN_POINT ( 'NONE',  ( -31.74999999999995737, 6.123233995736628232E-16, -4.999999999999887201 ) ) ;
#2621 = DIRECTION ( 'NONE',  ( -1.000000000000000000, -1.224606353822377258E-16, -0.0000000000000000000 ) ) ;
#2622 = ORIENTED_EDGE ( 'NONE', *, *, #4300, .F. ) ;
#2623 = VERTEX_POINT ( 'NONE', #1139 ) ;
#2624 = CIRCLE ( 'NONE', #929, 5.000000000000002665 ) ;
#2625 = CIRCLE ( 'NONE', #359, 5.000000000000002665 ) ;
#2626 = CARTESIAN_POINT ( 'NONE',  ( 41.70477184163764406, 2.235490958484726577E-15, 0.0000000000000000000 ) ) ;
#2627 = DIRECTION ( 'NONE',  ( 1.000000000000000000, 1.224606353822377258E-16, 0.0000000000000000000 ) ) ;
#2628 = EDGE_CURVE ( 'NONE', #4536, #329, #3674, .T. ) ;
#2629 = VERTEX_POINT ( 'NONE', #2901 ) ;
#2630 = CIRCLE ( 'NONE', #364, 5.000000000000001776 ) ;
#2631 = DIRECTION ( 'NONE',  ( 0.5735764363510444941, 0.8191520442889929088, 0.0000000000000000000 ) ) ;
#2632 = ORIENTED_EDGE ( 'NONE', *, *, #5281, .T. ) ;
#2633 = CARTESIAN_POINT ( 'NONE',  ( -31.74999999999995737, 0.0000000000000000000, 0.0000000000000000000 ) ) ;
#2634 = CIRCLE ( 'NONE', #2349, 5.000000000000001776 ) ;
#2635 = CARTESIAN_POINT ( 'NONE',  ( 38.16666666666667140, -4.172000000000000597, 5.616230220889765396E-16 ) ) ;
#2636 = VECTOR ( 'NONE', #93, 1000.000000000000000 ) ;
#2637 = EDGE_LOOP ( 'NONE', ( #4687, #4724, #4745, #4820, #4860, #4872 ) ) ;
#2638 = CIRCLE ( 'NONE', #2344, 4.172000000000002373 ) ;
#2639 = DIRECTION ( 'NONE',  ( 0.0000000000000000000, 1.000000000000000000, 0.0000000000000000000 ) ) ;
#2640 = EDGE_LOOP ( 'NONE', ( #2670, #1259, #2611, #4148, #993 ) ) ;
#2641 = VERTEX_POINT ( 'NONE', #3348 ) ;
#2642 = EDGE_CURVE ( 'NONE', #450, #4536, #2179, .T. ) ;
#2643 = CARTESIAN_POINT ( 'NONE',  ( 20.41666666666666785, 4.172000000000004150, 0.0000000000000000000 ) ) ;
#2644 = CARTESIAN_POINT ( 'NONE',  ( -31.74999999999995737, 0.0000000000000000000, 0.0000000000000000000 ) ) ;
#2645 = AXIS2_PLACEMENT_3D ( 'NONE', #637, #2463, #1587 ) ;
#2646 = DIRECTION ( 'NONE',  ( 0.0000000000000000000, 1.000000000000000000, 0.0000000000000000000 ) ) ;
#2647 = CARTESIAN_POINT ( 'NONE',  ( 49.10060517497097266, 5.000000000000005329, 0.0000000000000000000 ) ) ;
#2648 = FACE_OUTER_BOUND ( 'NONE', #851, .T. ) ;
#2649 = LINE ( 'NONE', #1563, #2856 ) ;
#2650 = LINE ( 'NONE', #5241, #2232 ) ;
#2651 = DIRECTION ( 'NONE',  ( -1.000000000000000000, -1.224606353822377258E-16, -0.0000000000000000000 ) ) ;
#2652 = ORIENTED_EDGE ( 'NONE', *, *, #3125, .T. ) ;
#2653 = ORIENTED_EDGE ( 'NONE', *, *, #4370, .F. ) ;
#2654 = ORIENTED_EDGE ( 'NONE', *, *, #3833, .F. ) ;
#2655 = EDGE_CURVE ( 'NONE', #450, #837, #3848, .T. ) ;
#2656 = ADVANCED_FACE ( 'NONE', ( #3566 ), #5132, .F. ) ;
#2657 = ORIENTED_EDGE ( 'NONE', *, *, #3330, .T. ) ;
#2658 = FACE_OUTER_BOUND ( 'NONE', #2597, .T. ) ;
#2659 = CIRCLE ( 'NONE', #4191, 4.172000000000002373 ) ;
#2660 = EDGE_CURVE ( 'NONE', #1239, #2208, #5198, .T. ) ;
#2661 = EDGE_LOOP ( 'NONE', ( #178, #4902, #4843, #4720 ) ) ;
#2662 = CARTESIAN_POINT ( 'NONE',  ( 38.74643850830430836, 6.123233995736253523E-16, -5.000000000000002665 ) ) ;
#2663 = DIRECTION ( 'NONE',  ( 0.0000000000000000000, 0.0000000000000000000, -1.000000000000000000 ) ) ;
#2664 = DIRECTION ( 'NONE',  ( 0.0000000000000000000, 0.0000000000000000000, 1.000000000000000000 ) ) ;
#2665 = CARTESIAN_POINT ( 'NONE',  ( 16.55893850830430480, 6.123233995736253523E-16, -5.000000000000002665 ) ) ;
#2666 = DIRECTION ( 'NONE',  ( -1.000000000000000000, -0.0000000000000000000, -0.0000000000000000000 ) ) ;
#2667 = DIRECTION ( 'NONE',  ( -1.000000000000000000, -1.224606353822377258E-16, -0.0000000000000000000 ) ) ;
#2668 = DIRECTION ( 'NONE',  ( 0.0000000000000000000, -1.000000000000000000, 0.0000000000000000000 ) ) ;
#2669 = FILL_AREA_STYLE ('',( #5286 ) ) ;
#2670 = ORIENTED_EDGE ( 'NONE', *, *, #4853, .F. ) ;
#2671 = CIRCLE ( 'NONE', #525, 5.000000000000002665 ) ;
#2672 = PRESENTATION_STYLE_ASSIGNMENT (( #1991 ) ) ;
#2673 = VERTEX_POINT ( 'NONE', #3769 ) ;
#2674 =( LENGTH_UNIT ( ) NAMED_UNIT ( * ) SI_UNIT ( .MILLI., .METRE. ) );
#2675 = DIRECTION ( 'NONE',  ( -1.000000000000000000, -1.224606353822377258E-16, -0.0000000000000000000 ) ) ;
#2676 = EDGE_CURVE ( 'NONE', #4553, #5019, #3271, .T. ) ;
#2677 = ORIENTED_EDGE ( 'NONE', *, *, #3864, .T. ) ;
#2678 = DIRECTION ( 'NONE',  ( -1.000000000000000000, -1.224606353822377258E-16, -0.0000000000000000000 ) ) ;
#2679 = TOROIDAL_SURFACE ( 'NONE', #2164, 5.399999999999887557, 0.4000000000000000222 ) ;
#2680 = CARTESIAN_POINT ( 'NONE',  ( 48.52083333333333570, 4.172000000000004150, 0.0000000000000000000 ) ) ;
#2681 = ORIENTED_EDGE ( 'NONE', *, *, #3938, .F. ) ;
#2682 = EDGE_LOOP ( 'NONE', ( #1331, #2245, #207, #350, #651, #813 ) ) ;
#2683 = EDGE_CURVE ( 'NONE', #1959, #5308, #2092, .T. ) ;
#2684 = CIRCLE ( 'NONE', #1132, 5.000000000000001776 ) ;
#2685 = EDGE_CURVE ( 'NONE', #62, #5324, #4127, .T. ) ;
#2686 = CARTESIAN_POINT ( 'NONE',  ( 22.47560517497097266, 2.235490958484726577E-15, 0.0000000000000000000 ) ) ;
#2687 = CARTESIAN_POINT ( 'NONE',  ( 5.000000000000000000, 4.685197434473813871, -6.505213034913026604E-15 ) ) ;
#2688 = CARTESIAN_POINT ( 'NONE',  ( 5.000000000000000000, 0.0000000000000000000, 0.0000000000000000000 ) ) ;
#2689 = SURFACE_STYLE_FILL_AREA ( #673 ) ;
#2690 = ORIENTED_EDGE ( 'NONE', *, *, #3738, .F. ) ;
#2691 = CIRCLE ( 'NONE', #140, 5.000000000000001776 ) ;
#2692 = FACE_OUTER_BOUND ( 'NONE', #1191, .T. ) ;
#2693 = EDGE_CURVE ( 'NONE', #4569, #3426, #2858, .T. ) ;
#2694 = DIRECTION ( 'NONE',  ( 0.0000000000000000000, -1.000000000000000000, 0.0000000000000000000 ) ) ;
#2695 = EDGE_CURVE ( 'NONE', #3505, #4569, #589, .T. ) ;
#2696 = CIRCLE ( 'NONE', #1007, 5.000000000000001776 ) ;
#2697 = DIRECTION ( 'NONE',  ( -1.000000000000000000, -1.224606353822377258E-16, -0.0000000000000000000 ) ) ;
#2698 = EDGE_CURVE ( 'NONE', #2629, #82, #3785, .T. ) ;
#2699 = CIRCLE ( 'NONE', #427, 5.000000000000002665 ) ;
#2700 = CIRCLE ( 'NONE', #2379, 4.172000000000002373 ) ;
#2701 = ORIENTED_EDGE ( 'NONE', *, *, #4075, .F. ) ;
#2702 = DIRECTION ( 'NONE',  ( -1.000000000000000000, -1.224606353822377258E-16, -0.0000000000000000000 ) ) ;
#2703 = VERTEX_POINT ( 'NONE', #4767 ) ;
#2704 = SURFACE_SIDE_STYLE ('',( #1592 ) ) ;
#2705 = ADVANCED_FACE ( 'NONE', ( #435 ), #1589, .T. ) ;
#2706 = ORIENTED_EDGE ( 'NONE', *, *, #3712, .F. ) ;
#2707 = FACE_BOUND ( 'NONE', #3109, .T. ) ;
#2708 = ORIENTED_EDGE ( 'NONE', *, *, #2939, .T. ) ;
#2709 = EDGE_CURVE ( 'NONE', #5033, #1959, #4284, .T. ) ;
#2710 = DIRECTION ( 'NONE',  ( 0.5735764363510444941, 0.8191520442889929088, 0.0000000000000000000 ) ) ;
#2711 = FILL_AREA_STYLE ('',( #1304 ) ) ;
#2712 = LINE ( 'NONE', #3192, #1372 ) ;
#2713 = CARTESIAN_POINT ( 'NONE',  ( 22.47560517497097266, 5.000000000000005329, 0.0000000000000000000 ) ) ;
#2714 = ORIENTED_EDGE ( 'NONE', *, *, #4630, .T. ) ;
#2715 = CARTESIAN_POINT ( 'NONE',  ( 28.71189482502902734, 2.093492502277375926E-15, 0.0000000000000000000 ) ) ;
#2716 = ORIENTED_EDGE ( 'NONE', *, *, #2503, .F. ) ;
#2717 = CIRCLE ( 'NONE', #2416, 4.057500000000000107 ) ;
#2718 = ORIENTED_EDGE ( 'NONE', *, *, #4761, .F. ) ;
#2719 = EDGE_CURVE ( 'NONE', #3716, #2208, #4633, .T. ) ;
#2720 = EDGE_CURVE ( 'NONE', #5288, #1956, #5021, .T. ) ;
#2721 = CYLINDRICAL_SURFACE ( 'NONE', #2397, 4.999999999999887201 ) ;
#2722 =( NAMED_UNIT ( * ) PLANE_ANGLE_UNIT ( ) SI_UNIT ( $, .RADIAN. ) );
#2723 = CARTESIAN_POINT ( 'NONE',  ( 39.06606149169569875, 2.093492502277375926E-15, 0.0000000000000000000 ) ) ;
#2724 = LINE ( 'NONE', #5030, #1306 ) ;
#2725 = ORIENTED_EDGE ( 'NONE', *, *, #3254, .T. ) ;
#2726 = FACE_OUTER_BOUND ( 'NONE', #1177, .T. ) ;
#2727 = EDGE_CURVE ( 'NONE', #82, #1889, #3909, .T. ) ;
#2728 = CARTESIAN_POINT ( 'NONE',  ( 33.72916666666667140, -4.172000000000000597, 5.616230220889765396E-16 ) ) ;
#2729 = EDGE_CURVE ( 'NONE', #5288, #2629, #1803, .T. ) ;
#2730 = CYLINDRICAL_SURFACE ( 'NONE', #2440, 4.999999999999887201 ) ;
#2731 = CARTESIAN_POINT ( 'NONE',  ( 22.47560517497097266, -5.000000000000000000, 6.123233995736770227E-16 ) ) ;
#2732 = EDGE_CURVE ( 'NONE', #1387, #3085, #2724, .T. ) ;
#2733 = AXIS2_PLACEMENT_3D ( 'NONE', #1256, #372, #4034 ) ;
#2734 = CIRCLE ( 'NONE', #2444, 4.999999999999773515 ) ;
#2735 = ADVANCED_FACE ( 'NONE', ( #3107 ), #4339, .T. ) ;
#2736 = DIRECTION ( 'NONE',  ( 0.0000000000000000000, 0.0000000000000000000, 1.000000000000000000 ) ) ;
#2737 = DIRECTION ( 'NONE',  ( 0.5735764363510447161, -0.8191520442889927978, 1.003171929053526103E-16 ) ) ;
#2738 = ADVANCED_FACE ( 'NONE', ( #1109 ), #360, .T. ) ;
#2739 = DIRECTION ( 'NONE',  ( 0.0000000000000000000, 0.0000000000000000000, 1.000000000000000000 ) ) ;
#2740 = CIRCLE ( 'NONE', #2449, 4.057500000000000107 ) ;
#2741 = EDGE_CURVE ( 'NONE', #1042, #3505, #2311, .T. ) ;
#2742 = LINE ( 'NONE', #485, #1902 ) ;
#2743 = CARTESIAN_POINT ( 'NONE',  ( 16.87856149169569164, -4.999999999999999112, 0.0000000000000000000 ) ) ;
#2744 = FACE_OUTER_BOUND ( 'NONE', #546, .T. ) ;
#2745 = CIRCLE ( 'NONE', #2442, 4.057500000000000107 ) ;
#2746 = ORIENTED_EDGE ( 'NONE', *, *, #3349, .F. ) ;
#2747 = EDGE_CURVE ( 'NONE', #1018, #731, #1731, .T. ) ;
#2748 = DIRECTION ( 'NONE',  ( -0.0000000000000000000, -1.000000000000000000, 1.110768649713240727E-15 ) ) ;
#2749 = CIRCLE ( 'NONE', #904, 5.000000000000002665 ) ;
#2750 = EDGE_CURVE ( 'NONE', #5308, #1956, #4758, .T. ) ;
#2751 = ORIENTED_EDGE ( 'NONE', *, *, #4850, .F. ) ;
#2752 = FACE_OUTER_BOUND ( 'NONE', #3340, .T. ) ;
#2753 = LINE ( 'NONE', #3687, #1930 ) ;
#2754 = CARTESIAN_POINT ( 'NONE',  ( 21.89583333333333570, -4.172000000000000597, 0.0000000000000000000 ) ) ;
#2755 = VERTEX_POINT ( 'NONE', #5151 ) ;
#2756 = EDGE_CURVE ( 'NONE', #2237, #3426, #2909, .T. ) ;
#2757 = VECTOR ( 'NONE', #4238, 1000.000000000000000 ) ;
#2758 = DIRECTION ( 'NONE',  ( 0.5735764363510447161, -0.8191520442889927978, 1.003171929053526103E-16 ) ) ;
#2759 = SURFACE_STYLE_USAGE ( .BOTH. , #2704 ) ;
#2760 = DIRECTION ( 'NONE',  ( 0.0000000000000000000, -1.000000000000000000, 0.0000000000000000000 ) ) ;
#2761 = DIRECTION ( 'NONE',  ( 1.000000000000000000, 1.224606353822377258E-16, 0.0000000000000000000 ) ) ;
#2762 = ORIENTED_EDGE ( 'NONE', *, *, #4417, .F. ) ;
#2763 = FACE_OUTER_BOUND ( 'NONE', #2875, .T. ) ;
#2764 = DIRECTION ( 'NONE',  ( 0.0000000000000000000, -1.000000000000000000, 0.0000000000000000000 ) ) ;
#2765 = VERTEX_POINT ( 'NONE', #5240 ) ;
#2766 = FACE_OUTER_BOUND ( 'NONE', #113, .T. ) ;
#2767 = ORIENTED_EDGE ( 'NONE', *, *, #2768, .F. ) ;
#2768 = EDGE_CURVE ( 'NONE', #2020, #1889, #4818, .T. ) ;
#2769 = LINE ( 'NONE', #2207, #5330 ) ;
#2770 = EDGE_CURVE ( 'NONE', #1914, #875, #672, .T. ) ;
#2771 = CARTESIAN_POINT ( 'NONE',  ( 44.66310517497097976, 2.235490958484726577E-15, 0.0000000000000000000 ) ) ;
#2772 = CARTESIAN_POINT ( 'NONE',  ( 20.41666666666666785, -4.172000000000000597, 5.616230220889765396E-16 ) ) ;
#2773 = CARTESIAN_POINT ( 'NONE',  ( 44.08333333333333570, 2.164491730381051252E-15, 0.0000000000000000000 ) ) ;
#2774 = CIRCLE ( 'NONE', #986, 4.172000000000002373 ) ;
#2775 = EDGE_LOOP ( 'NONE', ( #5087, #5047, #5001, #4960 ) ) ;
#2776 = CIRCLE ( 'NONE', #488, 5.000000000000002665 ) ;
#2777 = ORIENTED_EDGE ( 'NONE', *, *, #3859, .T. ) ;
#2778 = CIRCLE ( 'NONE', #2380, 5.000000000000002665 ) ;
#2779 = CARTESIAN_POINT ( 'NONE',  ( 20.99643850830430836, -5.161492250957792086E-29, 5.000000000000002665 ) ) ;
#2780 = EDGE_CURVE ( 'NONE', #306, #1042, #5050, .T. ) ;
#2781 = DIRECTION ( 'NONE',  ( 0.0000000000000000000, 1.000000000000000000, 0.0000000000000000000 ) ) ;
#2782 = ORIENTED_EDGE ( 'NONE', *, *, #3143, .F. ) ;
#2783 = FACE_OUTER_BOUND ( 'NONE', #3213, .T. ) ;
#2784 = ORIENTED_EDGE ( 'NONE', *, *, #3714, .F. ) ;
#2785 = CIRCLE ( 'NONE', #2385, 4.057500000000000107 ) ;
#2786 = DIRECTION ( 'NONE',  ( 0.0000000000000000000, -1.000000000000000000, 0.0000000000000000000 ) ) ;
#2787 = EDGE_CURVE ( 'NONE', #2162, #3085, #4727, .T. ) ;
#2788 = VERTEX_POINT ( 'NONE', #4981 ) ;
#2789 = DIRECTION ( 'NONE',  ( -1.000000000000000000, -1.224606353822377258E-16, -0.0000000000000000000 ) ) ;
#2790 = CARTESIAN_POINT ( 'NONE',  ( 17.45833333333333215, 4.172000000000004150, 0.0000000000000000000 ) ) ;
#2791 = CARTESIAN_POINT ( 'NONE',  ( 46.14227184163763695, -5.000000000000000000, 6.123233995736770227E-16 ) ) ;
#2792 = DIRECTION ( 'NONE',  ( -1.000000000000000000, -0.0000000000000000000, -0.0000000000000000000 ) ) ;
#2793 = ORIENTED_EDGE ( 'NONE', *, *, #3361, .T. ) ;
#2794 = VECTOR ( 'NONE', #850, 1000.000000000000114 ) ;
#2795 = AXIS2_PLACEMENT_3D ( 'NONE', #216, #210, #209 ) ;
#2796 = VERTEX_POINT ( 'NONE', #5154 ) ;
#2797 = CARTESIAN_POINT ( 'NONE',  ( 21.31606149169569520, 2.093492502277375926E-15, 0.0000000000000000000 ) ) ;
#2798 = CONICAL_SURFACE ( 'NONE', #2436, 4.172000000000002373, 0.9599310885968798113 ) ;
#2799 = ORIENTED_EDGE ( 'NONE', *, *, #2532, .T. ) ;
#2800 = EDGE_CURVE ( 'NONE', #1956, #875, #4852, .T. ) ;
#2801 = FACE_OUTER_BOUND ( 'NONE', #333, .T. ) ;
#2802 = DIRECTION ( 'NONE',  ( -1.000000000000000000, -0.0000000000000000000, -0.0000000000000000000 ) ) ;
#2803 = DIRECTION ( 'NONE',  ( 0.0000000000000000000, 1.000000000000000000, 0.0000000000000000000 ) ) ;
#2804 = CARTESIAN_POINT ( 'NONE',  ( 30.77083333333333925, -4.172000000000000597, 5.616230220889765396E-16 ) ) ;
#2805 = LINE ( 'NONE', #647, #1600 ) ;
#2806 = CARTESIAN_POINT ( 'NONE',  ( 47.94106149169569164, 2.093492502277375926E-15, 0.0000000000000000000 ) ) ;
#2807 = FACE_OUTER_BOUND ( 'NONE', #4151, .T. ) ;
#2808 = DIRECTION ( 'NONE',  ( -1.000000000000000000, -1.224606353822377258E-16, -0.0000000000000000000 ) ) ;
#2809 = EDGE_CURVE ( 'NONE', #2796, #4553, #4592, .T. ) ;
#2810 = EDGE_CURVE ( 'NONE', #2796, #2363, #4479, .T. ) ;
#2811 = EDGE_LOOP ( 'NONE', ( #1293, #3031, #3157, #1437, #3201, #2017 ) ) ;
#2812 = EDGE_LOOP ( 'NONE', ( #4472, #4571, #4733, #4827, #4953 ) ) ;
#2813 = DIRECTION ( 'NONE',  ( 0.0000000000000000000, 1.000000000000000000, 0.0000000000000000000 ) ) ;
#2814 = CARTESIAN_POINT ( 'NONE',  ( 44.66310517497097976, 2.235490958484726577E-15, 0.0000000000000000000 ) ) ;
#2815 = CIRCLE ( 'NONE', #4211, 5.000000000000002665 ) ;
#2816 = ORIENTED_EDGE ( 'NONE', *, *, #3422, .F. ) ;
#2817 = EDGE_CURVE ( 'NONE', #1664, #4776, #5347, .T. ) ;
#2818 = EDGE_CURVE ( 'NONE', #731, #4776, #4096, .T. ) ;
#2819 = ORIENTED_EDGE ( 'NONE', *, *, #3238, .F. ) ;
#2820 = DIRECTION ( 'NONE',  ( 0.0000000000000000000, -1.000000000000000000, 0.0000000000000000000 ) ) ;
#2821 = DIRECTION ( 'NONE',  ( -1.000000000000000000, -1.224606353822377258E-16, -0.0000000000000000000 ) ) ;
#2822 = EDGE_LOOP ( 'NONE', ( #5112, #5349, #180, #1497, #1626 ) ) ;
#2823 = ORIENTED_EDGE ( 'NONE', *, *, #4379, .T. ) ;
#2824 = DIRECTION ( 'NONE',  ( 0.0000000000000000000, -1.000000000000000000, 0.0000000000000000000 ) ) ;
#2825 = ORIENTED_EDGE ( 'NONE', *, *, #3130, .T. ) ;
#2826 = FACE_OUTER_BOUND ( 'NONE', #2545, .T. ) ;
#2827 = CYLINDRICAL_SURFACE ( 'NONE', #2733, 4.999999999999887201 ) ;
#2828 = CARTESIAN_POINT ( 'NONE',  ( 41.70477184163764406, 2.235490958484726577E-15, 0.0000000000000000000 ) ) ;
#2829 = VERTEX_POINT ( 'NONE', #354 ) ;
#2830 = DIRECTION ( 'NONE',  ( -1.000000000000000000, -1.224606353822377258E-16, -0.0000000000000000000 ) ) ;
#2831 = ORIENTED_EDGE ( 'NONE', *, *, #3217, .T. ) ;
#2832 = AXIS2_PLACEMENT_3D ( 'NONE', #763, #757, #747 ) ;
#2833 = CARTESIAN_POINT ( 'NONE',  ( -31.74999999999995737, 0.0000000000000000000, 8.000000000000000000 ) ) ;
#2834 = EDGE_CURVE ( 'NONE', #1042, #5019, #4430, .T. ) ;
#2835 = EDGE_CURVE ( 'NONE', #2879, #1914, #3539, .T. ) ;
#2836 = ADVANCED_FACE ( 'NONE', ( #3877 ), #2887, .T. ) ;
#2837 = LINE ( 'NONE', #3093, #938 ) ;
#2838 = EDGE_LOOP ( 'NONE', ( #1893, #1932, #5057, #1927, #2943 ) ) ;
#2839 = CARTESIAN_POINT ( 'NONE',  ( 22.47560517497097266, 2.235490958484726577E-15, 0.0000000000000000000 ) ) ;
#2840 = EDGE_LOOP ( 'NONE', ( #2716, #2850, #2902, #3261, #3381, #1352 ) ) ;
#2841 = ORIENTED_EDGE ( 'NONE', *, *, #4315, .F. ) ;
#2842 = ORIENTED_EDGE ( 'NONE', *, *, #2727, .F. ) ;
#2843 = EDGE_CURVE ( 'NONE', #1239, #2020, #3981, .T. ) ;
#2844 = CARTESIAN_POINT ( 'NONE',  ( 21.31606149169569520, 2.093492502277375926E-15, 0.0000000000000000000 ) ) ;
#2845 = ORIENTED_EDGE ( 'NONE', *, *, #3622, .F. ) ;
#2846 = ORIENTED_EDGE ( 'NONE', *, *, #3015, .F. ) ;
#2847 = CONICAL_SURFACE ( 'NONE', #824, 4.172000000000002373, 0.9599310885968798113 ) ;
#2848 = EDGE_CURVE ( 'NONE', #3379, #2020, #3368, .T. ) ;
#2849 = DIRECTION ( 'NONE',  ( -0.5735764363510472696, -0.8191520442889910214, 0.0000000000000000000 ) ) ;
#2850 = ORIENTED_EDGE ( 'NONE', *, *, #5122, .T. ) ;
#2851 = ORIENTED_EDGE ( 'NONE', *, *, #4719, .T. ) ;
#2852 = DIRECTION ( 'NONE',  ( -1.000000000000000000, -1.224606353822377258E-16, -0.0000000000000000000 ) ) ;
#2853 = VERTEX_POINT ( 'NONE', #3855 ) ;
#2854 = ADVANCED_FACE ( 'NONE', ( #3418 ), #2554, .T. ) ;
#2855 = CARTESIAN_POINT ( 'NONE',  ( 15.97916666666666963, 2.164491730381051252E-15, 0.0000000000000000000 ) ) ;
#2856 = VECTOR ( 'NONE', #1478, 1000.000000000000000 ) ;
#2857 =( NAMED_UNIT ( * ) SI_UNIT ( $, .STERADIAN. ) SOLID_ANGLE_UNIT ( ) );
#2858 = CIRCLE ( 'NONE', #1294, 5.000000000000002665 ) ;
#2859 = ORIENTED_EDGE ( 'NONE', *, *, #3253, .T. ) ;
#2860 = FACE_OUTER_BOUND ( 'NONE', #3912, .T. ) ;
#2861 = DIRECTION ( 'NONE',  ( 1.000000000000000000, 1.224606353822377258E-16, 0.0000000000000000000 ) ) ;
#2862 = DIRECTION ( 'NONE',  ( 0.5735764363510447161, -0.8191520442889927978, 1.003171929053526103E-16 ) ) ;
#2863 = DIRECTION ( 'NONE',  ( 0.0000000000000000000, -1.000000000000000000, 0.0000000000000000000 ) ) ;
#2864 = EDGE_CURVE ( 'NONE', #3336, #2629, #2618, .T. ) ;
#2865 = EDGE_CURVE ( 'NONE', #4906, #2011, #3297, .T. ) ;
#2866 = EDGE_CURVE ( 'NONE', #2208, #2264, #2684, .T. ) ;
#2867 = DIRECTION ( 'NONE',  ( 0.0000000000000000000, -1.000000000000000000, 0.0000000000000000000 ) ) ;
#2868 = CARTESIAN_POINT ( 'NONE',  ( 46.14227184163763695, 2.235490958484726577E-15, 0.0000000000000000000 ) ) ;
#2869 = ORIENTED_EDGE ( 'NONE', *, *, #4613, .F. ) ;
#2870 = ORIENTED_EDGE ( 'NONE', *, *, #3560, .T. ) ;
#2871 = CARTESIAN_POINT ( 'NONE',  ( -31.74999999999995737, 0.0000000000000000000, 0.0000000000000000000 ) ) ;
#2872 = DIRECTION ( 'NONE',  ( 0.0000000000000000000, -1.000000000000000000, 0.0000000000000000000 ) ) ;
#2873 = CONICAL_SURFACE ( 'NONE', #5140, 5.000000000000002665, 0.9599310885968831419 ) ;
#2874 = LINE ( 'NONE', #5361, #3889 ) ;
#2875 = EDGE_LOOP ( 'NONE', ( #119, #3105 ) ) ;
#2876 = DIRECTION ( 'NONE',  ( 0.0000000000000000000, -1.000000000000000000, 0.0000000000000000000 ) ) ;
#2877 = EDGE_CURVE ( 'NONE', #2363, #4363, #321, .T. ) ;
#2878 = EDGE_CURVE ( 'NONE', #4553, #1776, #2408, .T. ) ;
#2879 = VERTEX_POINT ( 'NONE', #4322 ) ;
#2880 = DIRECTION ( 'NONE',  ( -1.000000000000000000, -1.224606353822377258E-16, -0.0000000000000000000 ) ) ;
#2881 = DIRECTION ( 'NONE',  ( 0.5735764363510444941, 0.8191520442889929088, 0.0000000000000000000 ) ) ;
#2882 = ORIENTED_EDGE ( 'NONE', *, *, #3767, .F. ) ;
#2883 = AXIS2_PLACEMENT_3D ( 'NONE', #2078, #1398, #4577 ) ;
#2884 = VERTEX_POINT ( 'NONE', #1946 ) ;
#2885 = FACE_OUTER_BOUND ( 'NONE', #1867, .T. ) ;
#2886 = DIRECTION ( 'NONE',  ( 1.000000000000000000, 1.224606353822377258E-16, 0.0000000000000000000 ) ) ;
#2887 = CONICAL_SURFACE ( 'NONE', #1160, 4.172000000000002373, 0.9599310885968798113 ) ;
#2888 = DIRECTION ( 'NONE',  ( 0.5735764363510447161, -0.8191520442889927978, 1.003171929053526103E-16 ) ) ;
#2889 = CARTESIAN_POINT ( 'NONE',  ( 28.39227184163763695, 2.235490958484726577E-15, 0.0000000000000000000 ) ) ;
#2890 = ORIENTED_EDGE ( 'NONE', *, *, #4386, .F. ) ;
#2891 = VERTEX_POINT ( 'NONE', #1558 ) ;
#2892 = ORIENTED_EDGE ( 'NONE', *, *, #4021, .T. ) ;
#2893 = VECTOR ( 'NONE', #4670, 1000.000000000000114 ) ;
#2894 = CIRCLE ( 'NONE', #3978, 5.000000000000002665 ) ;
#2895 = ORIENTED_EDGE ( 'NONE', *, *, #2540, .T. ) ;
#2896 = LINE ( 'NONE', #3182, #1211 ) ;
#2897 = ORIENTED_EDGE ( 'NONE', *, *, #3208, .T. ) ;
#2898 = ORIENTED_EDGE ( 'NONE', *, *, #3765, .T. ) ;
#2899 = FACE_OUTER_BOUND ( 'NONE', #3460, .T. ) ;
#2900 = ADVANCED_FACE ( 'NONE', ( #2280 ), #2000, .T. ) ;
#2901 = CARTESIAN_POINT ( 'NONE',  ( 37.58689482502902734, 5.000000000000004441, 6.123233995736769241E-16 ) ) ;
#2902 = ORIENTED_EDGE ( 'NONE', *, *, #3001, .T. ) ;
#2903 = DIRECTION ( 'NONE',  ( -1.000000000000000000, -1.224606353822377258E-16, -0.0000000000000000000 ) ) ;
#2904 = CARTESIAN_POINT ( 'NONE',  ( 16.55893850830430480, 2.235490958484726577E-15, 0.0000000000000000000 ) ) ;
#2905 = DIRECTION ( 'NONE',  ( 0.0000000000000000000, 1.000000000000000000, 0.0000000000000000000 ) ) ;
#2906 = AXIS2_PLACEMENT_3D ( 'NONE', #248, #236, #234 ) ;
#2907 = AXIS2_PLACEMENT_3D ( 'NONE', #4972, #1503, #3064 ) ;
#2908 = ADVANCED_FACE ( 'NONE', ( #1841 ), #4266, .T. ) ;
#2909 = LINE ( 'NONE', #5182, #897 ) ;
#2910 = VERTEX_POINT ( 'NONE', #2984 ) ;
#2911 = ORIENTED_EDGE ( 'NONE', *, *, #3173, .T. ) ;
#2912 = DIRECTION ( 'NONE',  ( -1.000000000000000000, -1.224606353822377258E-16, -0.0000000000000000000 ) ) ;
#2913 = EDGE_CURVE ( 'NONE', #5019, #2237, #4738, .T. ) ;
#2914 = EDGE_CURVE ( 'NONE', #62, #1897, #4548, .T. ) ;
#2915 = ORIENTED_EDGE ( 'NONE', *, *, #3892, .F. ) ;
#2916 = ORIENTED_EDGE ( 'NONE', *, *, #5012, .F. ) ;
#2917 = DIRECTION ( 'NONE',  ( 1.000000000000000000, 1.224606353822377258E-16, 0.0000000000000000000 ) ) ;
#2918 = DIRECTION ( 'NONE',  ( -1.000000000000000000, -1.224606353822377258E-16, -0.0000000000000000000 ) ) ;
#2919 = CIRCLE ( 'NONE', #4244, 5.000000000000002665 ) ;
#2920 = EDGE_CURVE ( 'NONE', #2796, #306, #4440, .T. ) ;
#2921 = DIRECTION ( 'NONE',  ( 0.0000000000000000000, 1.000000000000000000, 0.0000000000000000000 ) ) ;
#2922 = CARTESIAN_POINT ( 'NONE',  ( 35.20833333333333570, 2.164491730381051252E-15, 0.0000000000000000000 ) ) ;
#2923 = CARTESIAN_POINT ( 'NONE',  ( 21.89583333333333570, 4.172000000000004150, 5.109226446042759579E-16 ) ) ;
#2924 = CARTESIAN_POINT ( 'NONE',  ( 13.92022815836235949, 2.093492502277375926E-15, 0.0000000000000000000 ) ) ;
#2925 = SURFACE_STYLE_FILL_AREA ( #2669 ) ;
#2926 = EDGE_CURVE ( 'NONE', #62, #1239, #4104, .T. ) ;
#2927 = DIRECTION ( 'NONE',  ( 0.0000000000000000000, -1.000000000000000000, 0.0000000000000000000 ) ) ;
#2928 = EDGE_CURVE ( 'NONE', #2163, #1664, #3828, .T. ) ;
#2929 = DIRECTION ( 'NONE',  ( -0.5735764363510474917, 0.8191520442889909104, 1.003171929053523761E-16 ) ) ;
#2930 = DIRECTION ( 'NONE',  ( 0.0000000000000000000, 0.0000000000000000000, 1.000000000000000000 ) ) ;
#2931 = VECTOR ( 'NONE', #4406, 1000.000000000000114 ) ;
#2932 = VERTEX_POINT ( 'NONE', #4385 ) ;
#2933 = LINE ( 'NONE', #1609, #4530 ) ;
#2934 = CIRCLE ( 'NONE', #1878, 4.172000000000002373 ) ;
#2935 = CARTESIAN_POINT ( 'NONE',  ( 41.12500000000000000, 2.164491730381051252E-15, 0.0000000000000000000 ) ) ;
#2936 = DIRECTION ( 'NONE',  ( -1.000000000000000000, -0.0000000000000000000, -0.0000000000000000000 ) ) ;
#2937 = ORIENTED_EDGE ( 'NONE', *, *, #2719, .F. ) ;
#2938 = DIRECTION ( 'NONE',  ( -1.000000000000000000, -0.0000000000000000000, -0.0000000000000000000 ) ) ;
#2939 = EDGE_CURVE ( 'NONE', #1018, #2163, #2418, .T. ) ;
#2940 = LINE ( 'NONE', #2620, #1079 ) ;
#2941 = DIRECTION ( 'NONE',  ( -1.000000000000000000, -1.224606353822377258E-16, -0.0000000000000000000 ) ) ;
#2942 = ORIENTED_EDGE ( 'NONE', *, *, #4417, .T. ) ;
#2943 = ORIENTED_EDGE ( 'NONE', *, *, #3237, .F. ) ;
#2944 = CIRCLE ( 'NONE', #39, 5.000000000000001776 ) ;
#2945 = CARTESIAN_POINT ( 'NONE',  ( 29.87143850830430836, -5.000000000000000888, 6.123233995736771213E-16 ) ) ;
#2946 = CARTESIAN_POINT ( 'NONE',  ( -31.74999999999995737, 0.0000000000000000000, 0.0000000000000000000 ) ) ;
#2947 = CARTESIAN_POINT ( 'NONE',  ( 18.03810517497097266, 2.235490958484726577E-15, 0.0000000000000000000 ) ) ;
#2948 = VECTOR ( 'NONE', #3590, 1000.000000000000114 ) ;
#2949 = AXIS2_PLACEMENT_3D ( 'NONE', #3036, #3032, #4350 ) ;
#2950 = DIRECTION ( 'NONE',  ( 0.0000000000000000000, -1.000000000000000000, 0.0000000000000000000 ) ) ;
#2951 = DIRECTION ( 'NONE',  ( -1.000000000000000000, -0.0000000000000000000, -0.0000000000000000000 ) ) ;
#2952 = AXIS2_PLACEMENT_3D ( 'NONE', #3503, #5223, #1481 ) ;
#2953 = DIRECTION ( 'NONE',  ( -0.5735764363510472696, -0.8191520442889910214, 0.0000000000000000000 ) ) ;
#2954 = DIRECTION ( 'NONE',  ( 0.0000000000000000000, 0.0000000000000000000, 1.000000000000000000 ) ) ;
#2955 = ORIENTED_EDGE ( 'NONE', *, *, #2524, .F. ) ;
#2956 = DIRECTION ( 'NONE',  ( 0.0000000000000000000, -1.000000000000000000, 0.0000000000000000000 ) ) ;
#2957 = EDGE_LOOP ( 'NONE', ( #458, #5097, #316, #3630, #1824 ) ) ;
#2958 = DIRECTION ( 'NONE',  ( -1.000000000000000000, -1.224606353822377258E-16, -0.0000000000000000000 ) ) ;
#2959 = DIRECTION ( 'NONE',  ( -1.000000000000000000, -1.224606353822377258E-16, -0.0000000000000000000 ) ) ;
#2960 = VERTEX_POINT ( 'NONE', #4821 ) ;
#2961 = DIRECTION ( 'NONE',  ( 0.0000000000000000000, -1.000000000000000000, 0.0000000000000000000 ) ) ;
#2962 = ORIENTED_EDGE ( 'NONE', *, *, #3699, .T. ) ;
#2963 = CARTESIAN_POINT ( 'NONE',  ( 21.89583333333333570, 2.164491730381051252E-15, 0.0000000000000000000 ) ) ;
#2964 = CARTESIAN_POINT ( 'NONE',  ( 15.97916666666666963, 2.164491730381051252E-15, 0.0000000000000000000 ) ) ;
#2965 = EDGE_LOOP ( 'NONE', ( #5202, #5209, #468, #784, #1208 ) ) ;
#2966 = DIRECTION ( 'NONE',  ( 0.0000000000000000000, -1.000000000000000000, 0.0000000000000000000 ) ) ;
#2967 = VECTOR ( 'NONE', #4182, 999.9999999999998863 ) ;
#2968 = CARTESIAN_POINT ( 'NONE',  ( 40.54522815836236305, 5.000000000000004441, 6.123233995736769241E-16 ) ) ;
#2969 = DIRECTION ( 'NONE',  ( -1.000000000000000000, -0.0000000000000000000, -0.0000000000000000000 ) ) ;
#2970 = DIRECTION ( 'NONE',  ( 0.0000000000000000000, -1.000000000000000000, 0.0000000000000000000 ) ) ;
#2971 = ORIENTED_EDGE ( 'NONE', *, *, #5279, .F. ) ;
#2972 = ORIENTED_EDGE ( 'NONE', *, *, #5145, .T. ) ;
#2973 = CARTESIAN_POINT ( 'NONE',  ( 29.29166666666666785, 2.164491730381051252E-15, 0.0000000000000000000 ) ) ;
#2974 = CARTESIAN_POINT ( 'NONE',  ( 41.12500000000000000, -4.172000000000000597, 0.0000000000000000000 ) ) ;
#2975 = EDGE_LOOP ( 'NONE', ( #2327, #4031, #847, #3971 ) ) ;
#2976 = CARTESIAN_POINT ( 'NONE',  ( 29.87143850830430836, 2.235490958484726577E-15, 0.0000000000000000000 ) ) ;
#2977 = ORIENTED_EDGE ( 'NONE', *, *, #4927, .F. ) ;
#2978 = CARTESIAN_POINT ( 'NONE',  ( 41.12500000000000000, 2.164491730381051252E-15, 0.0000000000000000000 ) ) ;
#2979 = CARTESIAN_POINT ( 'NONE',  ( -31.74999999999995737, 6.123233995736628232E-16, -4.999999999999887201 ) ) ;
#2980 = AXIS2_PLACEMENT_3D ( 'NONE', #1770, #294, #2876 ) ;
#2981 = DIRECTION ( 'NONE',  ( 0.0000000000000000000, -1.000000000000000000, 0.0000000000000000000 ) ) ;
#2982 = ADVANCED_FACE ( 'NONE', ( #2766 ), #1149, .T. ) ;
#2983 = CARTESIAN_POINT ( 'NONE',  ( 41.70477184163764406, 5.000000000000005329, 0.0000000000000000000 ) ) ;
#2984 = CARTESIAN_POINT ( 'NONE',  ( 0.0000000000000000000, 0.0000000000000000000, 6.500000000000000888 ) ) ;
#2985 = CARTESIAN_POINT ( 'NONE',  ( 46.14227184163763695, 5.000000000000005329, 0.0000000000000000000 ) ) ;
#2986 = DIRECTION ( 'NONE',  ( -1.000000000000000000, -1.224606353822377258E-16, -0.0000000000000000000 ) ) ;
#2987 = DIRECTION ( 'NONE',  ( -1.000000000000000000, -1.224606353822377258E-16, -0.0000000000000000000 ) ) ;
#2988 = CIRCLE ( 'NONE', #4480, 4.172000000000002373 ) ;
#2989 = DIRECTION ( 'NONE',  ( 0.0000000000000000000, -1.000000000000000000, 0.0000000000000000000 ) ) ;
#2990 = EDGE_CURVE ( 'NONE', #1018, #1346, #2147, .T. ) ;
#2991 = CARTESIAN_POINT ( 'NONE',  ( 22.47560517497097266, 2.235490958484726577E-15, 0.0000000000000000000 ) ) ;
#2992 = DIRECTION ( 'NONE',  ( -1.000000000000000000, -1.224606353822377258E-16, -0.0000000000000000000 ) ) ;
#2993 = LINE ( 'NONE', #1366, #1835 ) ;
#2994 = CIRCLE ( 'NONE', #1318, 0.4000000000000001887 ) ;
#2995 = ORIENTED_EDGE ( 'NONE', *, *, #715, .F. ) ;
#2996 = VERTEX_POINT ( 'NONE', #4501 ) ;
#2997 = FACE_OUTER_BOUND ( 'NONE', #2192, .T. ) ;
#2998 = CARTESIAN_POINT ( 'NONE',  ( 47.04166666666667140, 2.164491730381051252E-15, 0.0000000000000000000 ) ) ;
#2999 = CARTESIAN_POINT ( 'NONE',  ( 31.35060517497097266, -5.000000000000000888, 6.123233995736771213E-16 ) ) ;
#3000 = DIRECTION ( 'NONE',  ( 0.0000000000000000000, -1.000000000000000000, 0.0000000000000000000 ) ) ;
#3001 = EDGE_CURVE ( 'NONE', #642, #3531, #4488, .T. ) ;
#3002 = VERTEX_POINT ( 'NONE', #2500 ) ;
#3003 = EDGE_CURVE ( 'NONE', #1346, #3505, #1996, .T. ) ;
#3004 = ORIENTED_EDGE ( 'NONE', *, *, #4227, .T. ) ;
#3005 = EDGE_CURVE ( 'NONE', #731, #4569, #1357, .T. ) ;
#3006 = CIRCLE ( 'NONE', #344, 5.000000000000001776 ) ;
#3007 = ORIENTED_EDGE ( 'NONE', *, *, #4276, .T. ) ;
#3008 = DIRECTION ( 'NONE',  ( -1.000000000000000000, -0.0000000000000000000, -0.0000000000000000000 ) ) ;
#3009 = CARTESIAN_POINT ( 'NONE',  ( 40.22560517497097266, 2.235490958484726577E-15, 0.0000000000000000000 ) ) ;
#3010 = VECTOR ( 'NONE', #773, 1000.000000000000000 ) ;
#3011 = ORIENTED_EDGE ( 'NONE', *, *, #1658, .F. ) ;
#3012 = ORIENTED_EDGE ( 'NONE', *, *, #2524, .T. ) ;
#3013 = CIRCLE ( 'NONE', #247, 5.000000000000001776 ) ;
#3014 = AXIS2_PLACEMENT_3D ( 'NONE', #2553, #2548, #2542 ) ;
#3015 = EDGE_CURVE ( 'NONE', #4776, #1387, #2696, .T. ) ;
#3016 = VECTOR ( 'NONE', #1270, 999.9999999999998863 ) ;
#3017 = VERTEX_POINT ( 'NONE', #5271 ) ;
#3018 = DIRECTION ( 'NONE',  ( -1.000000000000000000, -1.224606353822377258E-16, -0.0000000000000000000 ) ) ;
#3019 = DIRECTION ( 'NONE',  ( 0.0000000000000000000, -1.000000000000000000, 0.0000000000000000000 ) ) ;
#3020 = CARTESIAN_POINT ( 'NONE',  ( 21.89583333333333570, 2.164491730381051252E-15, 0.0000000000000000000 ) ) ;
#3021 = LINE ( 'NONE', #4503, #2071 ) ;
#3022 = ADVANCED_FACE ( 'NONE', ( #640 ), #3654, .T. ) ;
#3023 = ORIENTED_EDGE ( 'NONE', *, *, #3649, .F. ) ;
#3024 = VERTEX_POINT ( 'NONE', #5079 ) ;
#3025 = EDGE_CURVE ( 'NONE', #2160, #2162, #941, .T. ) ;
#3026 = DIRECTION ( 'NONE',  ( -1.000000000000000000, -1.224606353822377258E-16, -0.0000000000000000000 ) ) ;
#3027 = LINE ( 'NONE', #3372, #3384 ) ;
#3028 = EDGE_CURVE ( 'NONE', #1664, #2160, #481, .T. ) ;
#3029 = DIRECTION ( 'NONE',  ( -1.000000000000000000, -1.224606353822377258E-16, -0.0000000000000000000 ) ) ;
#3030 = VERTEX_POINT ( 'NONE', #5114 ) ;
#3031 = ORIENTED_EDGE ( 'NONE', *, *, #4927, .T. ) ;
#3032 = DIRECTION ( 'NONE',  ( -1.000000000000000000, -0.0000000000000000000, -0.0000000000000000000 ) ) ;
#3033 = EDGE_CURVE ( 'NONE', #880, #2884, #569, .T. ) ;
#3034 = LINE ( 'NONE', #1952, #4333 ) ;
#3035 = ORIENTED_EDGE ( 'NONE', *, *, #3803, .F. ) ;
#3036 = CARTESIAN_POINT ( 'NONE',  ( 5.000000000000000000, 0.0000000000000000000, 0.0000000000000000000 ) ) ;
#3037 = EDGE_CURVE ( 'NONE', #2884, #2755, #4673, .T. ) ;
#3038 = EDGE_CURVE ( 'NONE', #1900, #2755, #194, .T. ) ;
#3039 = AXIS2_PLACEMENT_3D ( 'NONE', #3570, #962, #3847 ) ;
#3040 = CARTESIAN_POINT ( 'NONE',  ( -31.74999999999995737, 0.0000000000000000000, 4.999999999999887201 ) ) ;
#3041 = CARTESIAN_POINT ( 'NONE',  ( 44.66310517497097976, -5.000000000000000888, 6.123233995736771213E-16 ) ) ;
#3042 = DIRECTION ( 'NONE',  ( 0.0000000000000000000, -1.000000000000000000, 0.0000000000000000000 ) ) ;
#3043 = CARTESIAN_POINT ( 'NONE',  ( 21.89583333333333570, 4.172000000000004150, 0.0000000000000000000 ) ) ;
#3044 = ORIENTED_EDGE ( 'NONE', *, *, #4943, .T. ) ;
#3045 = CARTESIAN_POINT ( 'NONE',  ( 47.62143850830430836, -5.000000000000000000, 6.123233995736770227E-16 ) ) ;
#3046 = EDGE_CURVE ( 'NONE', #1922, #1900, #4923, .T. ) ;
#3047 = ADVANCED_FACE ( 'NONE', ( #125 ), #3873, .T. ) ;
#3048 = DIRECTION ( 'NONE',  ( 0.0000000000000000000, 0.0000000000000000000, -1.000000000000000000 ) ) ;
#3049 = CARTESIAN_POINT ( 'NONE',  ( -31.74999999999995737, 6.123233995736628232E-16, -4.999999999999887201 ) ) ;
#3050 = EDGE_CURVE ( 'NONE', #880, #1922, #3710, .T. ) ;
#3051 = CIRCLE ( 'NONE', #2378, 4.172000000000002373 ) ;
#3052 = EDGE_LOOP ( 'NONE', ( #1147, #1720, #877, #891, #905 ) ) ;
#3053 = VERTEX_POINT ( 'NONE', #4609 ) ;
#3054 = ADVANCED_FACE ( 'NONE', ( #4717 ), #3066, .T. ) ;
#3055 = DIRECTION ( 'NONE',  ( 0.0000000000000000000, 1.000000000000000000, 0.0000000000000000000 ) ) ;
#3056 = DIRECTION ( 'NONE',  ( 0.0000000000000000000, -1.000000000000000000, 0.0000000000000000000 ) ) ;
#3057 = CARTESIAN_POINT ( 'NONE',  ( 44.66310517497097976, -5.161492250957792086E-29, 5.000000000000002665 ) ) ;
#3058 = VERTEX_POINT ( 'NONE', #4545 ) ;
#3059 = EDGE_CURVE ( 'NONE', #880, #2019, #3233, .T. ) ;
#3060 = CARTESIAN_POINT ( 'NONE',  ( 47.04166666666667140, 2.164491730381051252E-15, 0.0000000000000000000 ) ) ;
#3061 = DIRECTION ( 'NONE',  ( -1.000000000000000000, -1.224606353822377258E-16, -0.0000000000000000000 ) ) ;
#3062 = DIRECTION ( 'NONE',  ( -0.0000000000000000000, 1.000000000000000000, 1.224646799147353207E-16 ) ) ;
#3063 = DIRECTION ( 'NONE',  ( 0.0000000000000000000, 1.000000000000000000, 0.0000000000000000000 ) ) ;
#3064 = DIRECTION ( 'NONE',  ( 0.0000000000000000000, -1.000000000000000000, 0.0000000000000000000 ) ) ;
#3065 = DIRECTION ( 'NONE',  ( -1.000000000000000000, -1.224606353822377258E-16, -0.0000000000000000000 ) ) ;
#3066 = CONICAL_SURFACE ( 'NONE', #919, 5.000000000000002665, 0.9599310885968831419 ) ;
#3067 = EDGE_CURVE ( 'NONE', #2019, #2160, #4475, .T. ) ;
#3068 = EDGE_CURVE ( 'NONE', #2884, #2162, #4360, .T. ) ;
#3069 = CIRCLE ( 'NONE', #1393, 5.000000000000002665 ) ;
#3070 = VECTOR ( 'NONE', #4500, 1000.000000000000114 ) ;
#3071 = CARTESIAN_POINT ( 'NONE',  ( 32.82977184163764406, 5.000000000000004441, 0.0000000000000000000 ) ) ;
#3072 = ORIENTED_EDGE ( 'NONE', *, *, #4639, .T. ) ;
#3073 = DIRECTION ( 'NONE',  ( 0.0000000000000000000, -1.000000000000000000, 0.0000000000000000000 ) ) ;
#3074 = VERTEX_POINT ( 'NONE', #4419 ) ;
#3075 = VERTEX_POINT ( 'NONE', #3269 ) ;
#3076 = CIRCLE ( 'NONE', #1808, 5.000000000000001776 ) ;
#3077 = CONICAL_SURFACE ( 'NONE', #32, 5.000000000000002665, 0.9599310885968831419 ) ;
#3078 = AXIS2_PLACEMENT_3D ( 'NONE', #5206, #566, #2123 ) ;
#3079 = CARTESIAN_POINT ( 'NONE',  ( 47.94106149169569164, 2.093492502277375926E-15, 0.0000000000000000000 ) ) ;
#3080 = CARTESIAN_POINT ( 'NONE',  ( 37.26727184163763695, 2.235490958484726577E-15, 0.0000000000000000000 ) ) ;
#3081 = EDGE_CURVE ( 'NONE', #5324, #3716, #2610, .T. ) ;
#3082 = CONICAL_SURFACE ( 'NONE', #2238, 5.000000000000002665, 0.9599310885968831419 ) ;
#3083 = VECTOR ( 'NONE', #4538, 1000.000000000000000 ) ;
#3084 = DIRECTION ( 'NONE',  ( -0.5735764363510472696, -0.8191520442889910214, 0.0000000000000000000 ) ) ;
#3085 = VERTEX_POINT ( 'NONE', #4422 ) ;
#3086 = DIRECTION ( 'NONE',  ( 0.0000000000000000000, -1.000000000000000000, 0.0000000000000000000 ) ) ;
#3087 = DIRECTION ( 'NONE',  ( 0.0000000000000000000, -1.000000000000000000, 0.0000000000000000000 ) ) ;
#3088 = DIRECTION ( 'NONE',  ( -1.000000000000000000, -1.224606353822377258E-16, -0.0000000000000000000 ) ) ;
#3089 = CARTESIAN_POINT ( 'NONE',  ( 22.47560517497097266, 2.235490958484726577E-15, 0.0000000000000000000 ) ) ;
#3090 = EDGE_CURVE ( 'NONE', #1006, #2212, #2749, .T. ) ;
#3091 = ORIENTED_EDGE ( 'NONE', *, *, #4171, .T. ) ;
#3092 = ORIENTED_EDGE ( 'NONE', *, *, #2282, .F. ) ;
#3093 = CARTESIAN_POINT ( 'NONE',  ( 0.0000000000000000000, 2.342598717236898942, -4.057500000000005436 ) ) ;
#3094 = ORIENTED_EDGE ( 'NONE', *, *, #9, .T. ) ;
#3095 = EDGE_CURVE ( 'NONE', #2139, #1725, #5102, .T. ) ;
#3096 = ORIENTED_EDGE ( 'NONE', *, *, #3118, .T. ) ;
#3097 = EDGE_CURVE ( 'NONE', #1725, #4741, #2331, .T. ) ;
#3098 = ORIENTED_EDGE ( 'NONE', *, *, #3670, .F. ) ;
#3099 = CARTESIAN_POINT ( 'NONE',  ( 40.54522815836236305, 2.093492502277375926E-15, 0.0000000000000000000 ) ) ;
#3100 = DIRECTION ( 'NONE',  ( -1.000000000000000000, -1.224606353822377258E-16, -0.0000000000000000000 ) ) ;
#3101 = AXIS2_PLACEMENT_3D ( 'NONE', #979, #975, #967 ) ;
#3102 = DIRECTION ( 'NONE',  ( 0.0000000000000000000, 0.0000000000000000000, 1.000000000000000000 ) ) ;
#3103 = EDGE_CURVE ( 'NONE', #1561, #4741, #2204, .T. ) ;
#3104 = CARTESIAN_POINT ( 'NONE',  ( 35.78810517497097266, 2.235490958484726577E-15, 0.0000000000000000000 ) ) ;
#3105 = ORIENTED_EDGE ( 'NONE', *, *, #5150, .F. ) ;
#3106 = CIRCLE ( 'NONE', #671, 4.172000000000002373 ) ;
#3107 = FACE_OUTER_BOUND ( 'NONE', #2661, .T. ) ;
#3108 = DIRECTION ( 'NONE',  ( 0.0000000000000000000, -1.000000000000000000, 0.0000000000000000000 ) ) ;
#3109 = EDGE_LOOP ( 'NONE', ( #4668, #5015 ) ) ;
#3110 = ORIENTED_EDGE ( 'NONE', *, *, #3698, .T. ) ;
#3111 = EDGE_CURVE ( 'NONE', #1636, #1561, #3745, .T. ) ;
#3112 = EDGE_CURVE ( 'NONE', #2139, #1636, #1829, .T. ) ;
#3113 = UNCERTAINTY_MEASURE_WITH_UNIT (LENGTH_MEASURE( 1.000000000000000082E-05 ), #2174, 'distance_accuracy_value', 'NONE');
#3114 = ORIENTED_EDGE ( 'NONE', *, *, #2920, .F. ) ;
#3115 = CARTESIAN_POINT ( 'NONE',  ( 35.78810517497097266, 2.235490958484726577E-15, 0.0000000000000000000 ) ) ;
#3116 = VERTEX_POINT ( 'NONE', #4113 ) ;
#3117 = DIRECTION ( 'NONE',  ( -1.000000000000000000, -1.224606353822377258E-16, -0.0000000000000000000 ) ) ;
#3118 = EDGE_CURVE ( 'NONE', #2139, #3584, #1547, .T. ) ;
#3119 = ORIENTED_EDGE ( 'NONE', *, *, #5139, .T. ) ;
#3120 = DIRECTION ( 'NONE',  ( -1.000000000000000000, -0.0000000000000000000, -0.0000000000000000000 ) ) ;
#3121 = CARTESIAN_POINT ( 'NONE',  ( 22.79522815836235949, 2.093492502277375926E-15, 0.0000000000000000000 ) ) ;
#3122 = DIRECTION ( 'NONE',  ( 0.0000000000000000000, 0.0000000000000000000, 1.000000000000000000 ) ) ;
#3123 = DIRECTION ( 'NONE',  ( -1.000000000000000000, -0.0000000000000000000, -0.0000000000000000000 ) ) ;
#3124 = CARTESIAN_POINT ( 'NONE',  ( 29.87143850830430836, 2.235490958484726577E-15, 0.0000000000000000000 ) ) ;
#3125 = EDGE_CURVE ( 'NONE', #3584, #1006, #1759, .T. ) ;
#3126 = CIRCLE ( 'NONE', #3726, 4.172000000000002373 ) ;
#3127 = CIRCLE ( 'NONE', #3228, 5.000000000000002665 ) ;
#3128 = EDGE_LOOP ( 'NONE', ( #4152, #4162, #4166, #4204, #4209 ) ) ;
#3129 = EDGE_CURVE ( 'NONE', #1725, #2212, #1332, .T. ) ;
#3130 = EDGE_CURVE ( 'NONE', #4741, #5027, #1909, .T. ) ;
#3131 = ADVANCED_FACE ( 'NONE', ( #2543 ), #106, .T. ) ;
#3132 = CARTESIAN_POINT ( 'NONE',  ( -31.74999999999995737, 6.123233995736628232E-16, -4.999999999999887201 ) ) ;
#3133 = CARTESIAN_POINT ( 'NONE',  ( 38.74643850830430836, -5.161492250957792086E-29, 5.000000000000002665 ) ) ;
#3134 = VECTOR ( 'NONE', #1384, 1000.000000000000000 ) ;
#3135 = VECTOR ( 'NONE', #1506, 1000.000000000000000 ) ;
#3136 = CARTESIAN_POINT ( 'NONE',  ( -31.74999999999995737, 6.123233995736628232E-16, -4.999999999999887201 ) ) ;
#3137 = AXIS2_PLACEMENT_3D ( 'NONE', #2200, #2196, #2191 ) ;
#3138 = DIRECTION ( 'NONE',  ( 0.0000000000000000000, -1.000000000000000000, 0.0000000000000000000 ) ) ;
#3139 = ORIENTED_EDGE ( 'NONE', *, *, #2698, .T. ) ;
#3140 = VERTEX_POINT ( 'NONE', #3862 ) ;
#3141 = CARTESIAN_POINT ( 'NONE',  ( 46.46189482502902734, 2.093492502277375926E-15, 0.0000000000000000000 ) ) ;
#3142 = ORIENTED_EDGE ( 'NONE', *, *, #2914, .T. ) ;
#3143 = EDGE_CURVE ( 'NONE', #3152, #3017, #4779, .T. ) ;
#3144 = ORIENTED_EDGE ( 'NONE', *, *, #4203, .F. ) ;
#3145 = CARTESIAN_POINT ( 'NONE',  ( -31.74999999999995737, 9.797174393178825657E-16, -8.000000000000000000 ) ) ;
#3146 = LINE ( 'NONE', #5013, #948 ) ;
#3147 = DIRECTION ( 'NONE',  ( 0.0000000000000000000, -1.000000000000000000, 0.0000000000000000000 ) ) ;
#3148 = DIRECTION ( 'NONE',  ( 0.5735764363510444941, 0.8191520442889929088, 0.0000000000000000000 ) ) ;
#3149 = EDGE_LOOP ( 'NONE', ( #4345, #4399, #791, #4575, #4615 ) ) ;
#3150 = EDGE_CURVE ( 'NONE', #3017, #2187, #774, .T. ) ;
#3151 = EDGE_CURVE ( 'NONE', #4878, #950, #845, .T. ) ;
#3152 = VERTEX_POINT ( 'NONE', #3749 ) ;
#3153 = DIRECTION ( 'NONE',  ( -1.000000000000000000, -1.224606353822377258E-16, -0.0000000000000000000 ) ) ;
#3154 = CIRCLE ( 'NONE', #795, 5.000000000000001776 ) ;
#3155 = DIRECTION ( 'NONE',  ( -1.000000000000000000, -1.224606353822377258E-16, -0.0000000000000000000 ) ) ;
#3156 = VERTEX_POINT ( 'NONE', #3703 ) ;
#3157 = ORIENTED_EDGE ( 'NONE', *, *, #2780, .T. ) ;
#3158 = EDGE_CURVE ( 'NONE', #1992, #10, #177, .T. ) ;
#3159 = AXIS2_PLACEMENT_3D ( 'NONE', #1164, #1155, #1152 ) ;
#3160 = VERTEX_POINT ( 'NONE', #3690 ) ;
#3161 = ORIENTED_EDGE ( 'NONE', *, *, #187, .F. ) ;
#3162 = CARTESIAN_POINT ( 'NONE',  ( 23.95477184163764051, 5.000000000000005329, 0.0000000000000000000 ) ) ;
#3163 = DIRECTION ( 'NONE',  ( 1.000000000000000000, 1.224606353822377258E-16, 0.0000000000000000000 ) ) ;
#3164 = ORIENTED_EDGE ( 'NONE', *, *, #4473, .T. ) ;
#3165 = DIRECTION ( 'NONE',  ( -1.000000000000000000, -1.224606353822377258E-16, -0.0000000000000000000 ) ) ;
#3166 = DIRECTION ( 'NONE',  ( 0.0000000000000000000, -1.000000000000000000, 0.0000000000000000000 ) ) ;
#3167 = EDGE_CURVE ( 'NONE', #2891, #523, #701, .T. ) ;
#3168 = ORIENTED_EDGE ( 'NONE', *, *, #4454, .T. ) ;
#3169 = DIRECTION ( 'NONE',  ( -0.0000000000000000000, -1.000000000000000000, 1.110768649713240727E-15 ) ) ;
#3170 = DIRECTION ( 'NONE',  ( -1.000000000000000000, -1.224606353822377258E-16, -0.0000000000000000000 ) ) ;
#3171 = CIRCLE ( 'NONE', #4163, 5.000000000000001776 ) ;
#3172 = ORIENTED_EDGE ( 'NONE', *, *, #3190, .F. ) ;
#3173 = EDGE_CURVE ( 'NONE', #523, #613, #4682, .T. ) ;
#3174 = CARTESIAN_POINT ( 'NONE',  ( -31.74999999999995737, 0.0000000000000000000, 0.0000000000000000000 ) ) ;
#3175 = DIRECTION ( 'NONE',  ( -1.000000000000000000, -1.224606353822377258E-16, -0.0000000000000000000 ) ) ;
#3176 = CARTESIAN_POINT ( 'NONE',  ( 23.95477184163764051, 2.235490958484726577E-15, 0.0000000000000000000 ) ) ;
#3177 = CARTESIAN_POINT ( 'NONE',  ( -31.74999999999995737, 0.0000000000000000000, 4.999999999999887201 ) ) ;
#3178 = AXIS2_PLACEMENT_3D ( 'NONE', #511, #503, #501 ) ;
#3179 = CARTESIAN_POINT ( 'NONE',  ( 39.06606149169569875, 2.093492502277375926E-15, 0.0000000000000000000 ) ) ;
#3180 = ORIENTED_EDGE ( 'NONE', *, *, #5076, .T. ) ;
#3181 = ORIENTED_EDGE ( 'NONE', *, *, #4764, .F. ) ;
#3182 = CARTESIAN_POINT ( 'NONE',  ( 40.22560517497097266, 5.000000000000005329, 0.0000000000000000000 ) ) ;
#3183 = DIRECTION ( 'NONE',  ( -1.000000000000000000, -1.224606353822377258E-16, -0.0000000000000000000 ) ) ;
#3184 = EDGE_CURVE ( 'NONE', #3742, #3706, #5008, .T. ) ;
#3185 = DIRECTION ( 'NONE',  ( 1.000000000000000000, 1.224606353822377258E-16, 0.0000000000000000000 ) ) ;
#3186 = DIRECTION ( 'NONE',  ( -1.000000000000000000, -1.224606353822377258E-16, -0.0000000000000000000 ) ) ;
#3187 = CARTESIAN_POINT ( 'NONE',  ( 27.23272815836236305, -4.999999999999999112, 0.0000000000000000000 ) ) ;
#3188 = LINE ( 'NONE', #5329, #5358 ) ;
#3189 = VERTEX_POINT ( 'NONE', #3534 ) ;
#3190 = EDGE_CURVE ( 'NONE', #3836, #4552, #4556, .T. ) ;
#3191 = AXIS2_PLACEMENT_3D ( 'NONE', #25, #2303, #2930 ) ;
#3192 = CARTESIAN_POINT ( 'NONE',  ( 47.04166666666667140, -4.172000000000000597, 0.0000000000000000000 ) ) ;
#3193 = AXIS2_PLACEMENT_3D ( 'NONE', #5188, #5257, #4610 ) ;
#3194 = ORIENTED_EDGE ( 'NONE', *, *, #4154, .F. ) ;
#3195 = CONICAL_SURFACE ( 'NONE', #53, 5.000000000000002665, 0.9599310885968831419 ) ;
#3196 = VERTEX_POINT ( 'NONE', #3494 ) ;
#3197 = EDGE_CURVE ( 'NONE', #4552, #2673, #4000, .T. ) ;
#3198 = CARTESIAN_POINT ( 'NONE',  ( 14.50000000000000000, 2.164491730381051252E-15, 0.0000000000000000000 ) ) ;
#3199 = ADVANCED_FACE ( 'NONE', ( #5133 ), #2847, .T. ) ;
#3200 = VERTEX_POINT ( 'NONE', #3337 ) ;
#3201 = ORIENTED_EDGE ( 'NONE', *, *, #3003, .F. ) ;
#3202 = DIRECTION ( 'NONE',  ( 1.000000000000000000, 0.0000000000000000000, 0.0000000000000000000 ) ) ;
#3203 = CARTESIAN_POINT ( 'NONE',  ( -31.74999999999995737, 0.0000000000000000000, 0.0000000000000000000 ) ) ;
#3204 = CARTESIAN_POINT ( 'NONE',  ( 15.97916666666666963, 4.172000000000004150, 0.0000000000000000000 ) ) ;
#3205 = EDGE_CURVE ( 'NONE', #2212, #2673, #3504, .T. ) ;
#3206 = ORIENTED_EDGE ( 'NONE', *, *, #2536, .F. ) ;
#3207 = CARTESIAN_POINT ( 'NONE',  ( 38.16666666666667140, 2.164491730381051252E-15, 0.0000000000000000000 ) ) ;
#3208 = EDGE_CURVE ( 'NONE', #2891, #3468, #3027, .T. ) ;
#3209 = VECTOR ( 'NONE', #5180, 1000.000000000000000 ) ;
#3210 = DIRECTION ( 'NONE',  ( -1.000000000000000000, -0.0000000000000000000, -0.0000000000000000000 ) ) ;
#3211 = ORIENTED_EDGE ( 'NONE', *, *, #4413, .F. ) ;
#3212 = DIRECTION ( 'NONE',  ( 0.5735764363510447161, -0.8191520442889927978, 1.003171929053526103E-16 ) ) ;
#3213 = EDGE_LOOP ( 'NONE', ( #935, #563, #3789, #2227, #1485, #5375 ) ) ;
#3214 = DIRECTION ( 'NONE',  ( 0.0000000000000000000, -1.000000000000000000, 0.0000000000000000000 ) ) ;
#3215 = ORIENTED_EDGE ( 'NONE', *, *, #4390, .T. ) ;
#3216 = EDGE_CURVE ( 'NONE', #5135, #1831, #4328, .T. ) ;
#3217 = EDGE_CURVE ( 'NONE', #4541, #2075, #4118, .T. ) ;
#3218 = DIRECTION ( 'NONE',  ( 0.5735764363510444941, 0.8191520442889929088, 0.0000000000000000000 ) ) ;
#3219 = CARTESIAN_POINT ( 'NONE',  ( 23.95477184163764051, -5.161492250957792086E-29, 5.000000000000002665 ) ) ;
#3220 = ORIENTED_EDGE ( 'NONE', *, *, #3803, .T. ) ;
#3221 = DIRECTION ( 'NONE',  ( -1.000000000000000000, -1.224606353822377258E-16, -0.0000000000000000000 ) ) ;
#3222 = DIRECTION ( 'NONE',  ( 0.0000000000000000000, -1.000000000000000000, 0.0000000000000000000 ) ) ;
#3223 = AXIS2_PLACEMENT_3D ( 'NONE', #1538, #3589, #4565 ) ;
#3224 = EDGE_CURVE ( 'NONE', #4533, #1858, #3154, .T. ) ;
#3225 = EDGE_CURVE ( 'NONE', #1858, #4813, #2432, .T. ) ;
#3226 = ORIENTED_EDGE ( 'NONE', *, *, #3826, .T. ) ;
#3227 = DIRECTION ( 'NONE',  ( -1.000000000000000000, -1.224606353822377258E-16, -0.0000000000000000000 ) ) ;
#3228 = AXIS2_PLACEMENT_3D ( 'NONE', #1328, #4752, #4196 ) ;
#3229 = CARTESIAN_POINT ( 'NONE',  ( 7.342598717236928252, 0.0000000000000000000, 0.0000000000000000000 ) ) ;
#3230 = CARTESIAN_POINT ( 'NONE',  ( 22.79522815836235949, 2.093492502277375926E-15, 0.0000000000000000000 ) ) ;
#3231 = CARTESIAN_POINT ( 'NONE',  ( 28.39227184163763695, 2.235490958484726577E-15, 0.0000000000000000000 ) ) ;
#3232 = DIRECTION ( 'NONE',  ( 0.5735764363510444941, 0.8191520442889929088, 0.0000000000000000000 ) ) ;
#3233 = LINE ( 'NONE', #4989, #3293 ) ;
#3234 = DIRECTION ( 'NONE',  ( 0.0000000000000000000, -1.000000000000000000, 0.0000000000000000000 ) ) ;
#3235 = CARTESIAN_POINT ( 'NONE',  ( 23.95477184163764051, -5.000000000000000000, 6.123233995736770227E-16 ) ) ;
#3236 = ORIENTED_EDGE ( 'NONE', *, *, #2834, .F. ) ;
#3237 = EDGE_CURVE ( 'NONE', #4388, #4541, #2712, .T. ) ;
#3238 = EDGE_CURVE ( 'NONE', #4388, #4228, #1511, .T. ) ;
#3239 = CIRCLE ( 'NONE', #313, 5.000000000000001776 ) ;
#3240 = DIRECTION ( 'NONE',  ( 0.0000000000000000000, 0.0000000000000000000, 1.000000000000000000 ) ) ;
#3241 = CARTESIAN_POINT ( 'NONE',  ( 46.14227184163763695, 2.235490958484726577E-15, 0.0000000000000000000 ) ) ;
#3242 = EDGE_CURVE ( 'NONE', #4878, #5135, #5174, .T. ) ;
#3243 = CIRCLE ( 'NONE', #545, 5.000000000000001776 ) ;
#3244 = LINE ( 'NONE', #2450, #787 ) ;
#3245 = VERTEX_POINT ( 'NONE', #2945 ) ;
#3246 = VECTOR ( 'NONE', #3932, 1000.000000000000114 ) ;
#3247 = ADVANCED_FACE ( 'NONE', ( #956 ), #3987, .T. ) ;
#3248 = ORIENTED_EDGE ( 'NONE', *, *, #3413, .F. ) ;
#3249 = DIRECTION ( 'NONE',  ( 0.0000000000000000000, 0.0000000000000000000, 1.000000000000000000 ) ) ;
#3250 = CIRCLE ( 'NONE', #724, 5.000000000000001776 ) ;
#3251 = CONICAL_SURFACE ( 'NONE', #3439, 4.172000000000002373, 0.9599310885968798113 ) ;
#3252 = EDGE_LOOP ( 'NONE', ( #4169, #3861, #3004, #2044, #1800, #2427 ) ) ;
#3253 = EDGE_CURVE ( 'NONE', #135, #761, #4216, .T. ) ;
#3254 = EDGE_CURVE ( 'NONE', #3152, #135, #4434, .T. ) ;
#3255 = CIRCLE ( 'NONE', #401, 5.000000000000002665 ) ;
#3256 = ORIENTED_EDGE ( 'NONE', *, *, #3616, .F. ) ;
#3257 = CARTESIAN_POINT ( 'NONE',  ( -31.74999999999995737, 0.0000000000000000000, 4.999999999999887201 ) ) ;
#3258 = ORIENTED_EDGE ( 'NONE', *, *, #3871, .F. ) ;
#3259 = CARTESIAN_POINT ( 'NONE',  ( 36.68750000000000711, 4.172000000000004150, 0.0000000000000000000 ) ) ;
#3260 = DIRECTION ( 'NONE',  ( -1.000000000000000000, -0.0000000000000000000, -0.0000000000000000000 ) ) ;
#3261 = ORIENTED_EDGE ( 'NONE', *, *, #2612, .T. ) ;
#3262 = ORIENTED_EDGE ( 'NONE', *, *, #1272, .F. ) ;
#3263 = EDGE_CURVE ( 'NONE', #3814, #4015, #5116, .T. ) ;
#3264 = LINE ( 'NONE', #4704, #434 ) ;
#3265 = CARTESIAN_POINT ( 'NONE',  ( 23.37500000000000000, -4.172000000000000597, 0.0000000000000000000 ) ) ;
#3266 = EDGE_CURVE ( 'NONE', #3074, #4478, #4544, .T. ) ;
#3267 = EDGE_LOOP ( 'NONE', ( #169, #2128, #2026, #1941 ) ) ;
#3268 = ORIENTED_EDGE ( 'NONE', *, *, #4901, .F. ) ;
#3269 = CARTESIAN_POINT ( 'NONE',  ( 47.62143850830430836, -5.238529448733281520E-29, 5.000000000000002665 ) ) ;
#3270 = CARTESIAN_POINT ( 'NONE',  ( 43.18393850830430836, 2.235490958484726577E-15, 0.0000000000000000000 ) ) ;
#3271 = LINE ( 'NONE', #4212, #4395 ) ;
#3272 = DIRECTION ( 'NONE',  ( -0.0000000000000000000, -0.5000000000000011102, -0.8660254037844379305 ) ) ;
#3273 = CARTESIAN_POINT ( 'NONE',  ( 43.18393850830430836, 2.235490958484726577E-15, 0.0000000000000000000 ) ) ;
#3274 = ORIENTED_EDGE ( 'NONE', *, *, #2913, .F. ) ;
#3275 = EDGE_LOOP ( 'NONE', ( #3602, #4623, #4002, #3721, #4751 ) ) ;
#3276 = EDGE_CURVE ( 'NONE', #1283, #2623, #4857, .T. ) ;
#3277 = EDGE_CURVE ( 'NONE', #1760, #3636, #3658, .T. ) ;
#3278 = CARTESIAN_POINT ( 'NONE',  ( 34.30893850830430836, -5.000000000000000888, 6.123233995736771213E-16 ) ) ;
#3279 = DIRECTION ( 'NONE',  ( -0.5735764363510472696, -0.8191520442889910214, 0.0000000000000000000 ) ) ;
#3280 = ORIENTED_EDGE ( 'NONE', *, *, #5360, .T. ) ;
#3281 = CARTESIAN_POINT ( 'NONE',  ( 13.92022815836235949, 2.093492502277375926E-15, 0.0000000000000000000 ) ) ;
#3282 = EDGE_CURVE ( 'NONE', #5176, #10, #3882, .T. ) ;
#3283 = ORIENTED_EDGE ( 'NONE', *, *, #5289, .T. ) ;
#3284 = DIRECTION ( 'NONE',  ( 0.0000000000000000000, -1.000000000000000000, 0.0000000000000000000 ) ) ;
#3285 = AXIS2_PLACEMENT_3D ( 'NONE', #65, #59, #57 ) ;
#3286 = DIRECTION ( 'NONE',  ( 0.0000000000000000000, -1.000000000000000000, 0.0000000000000000000 ) ) ;
#3287 = DIRECTION ( 'NONE',  ( -1.000000000000000000, -1.224606353822377258E-16, -0.0000000000000000000 ) ) ;
#3288 = DIRECTION ( 'NONE',  ( -1.000000000000000000, -1.224606353822377258E-16, -0.0000000000000000000 ) ) ;
#3289 = CARTESIAN_POINT ( 'NONE',  ( 5.000000000000000000, -2.342598717236908268, 4.057500000000003659 ) ) ;
#3290 = EDGE_CURVE ( 'NONE', #3845, #3814, #2420, .T. ) ;
#3291 = CARTESIAN_POINT ( 'NONE',  ( 22.79522815836235949, 2.093492502277375926E-15, 0.0000000000000000000 ) ) ;
#3292 = CARTESIAN_POINT ( 'NONE',  ( 15.39939482502902557, 5.000000000000007105, 6.123233995736772199E-16 ) ) ;
#3293 = VECTOR ( 'NONE', #4458, 1000.000000000000000 ) ;
#3294 = DIRECTION ( 'NONE',  ( -1.000000000000000000, -1.224606353822377258E-16, -0.0000000000000000000 ) ) ;
#3295 = EDGE_CURVE ( 'NONE', #4015, #4533, #3250, .T. ) ;
#3296 = DIRECTION ( 'NONE',  ( 0.0000000000000000000, 1.000000000000000000, 0.0000000000000000000 ) ) ;
#3297 = CIRCLE ( 'NONE', #1144, 5.000000000000002665 ) ;
#3298 = ORIENTED_EDGE ( 'NONE', *, *, #1369, .F. ) ;
#3299 = ORIENTED_EDGE ( 'NONE', *, *, #3582, .T. ) ;
#3300 = CIRCLE ( 'NONE', #77, 5.000000000000002665 ) ;
#3301 = DIRECTION ( 'NONE',  ( 0.0000000000000000000, 1.000000000000000000, 0.0000000000000000000 ) ) ;
#3302 = EDGE_CURVE ( 'NONE', #3845, #1283, #2154, .T. ) ;
#3303 = EDGE_CURVE ( 'NONE', #950, #2519, #944, .T. ) ;
#3304 = AXIS2_PLACEMENT_3D ( 'NONE', #921, #4806, #1031 ) ;
#3305 = CARTESIAN_POINT ( 'NONE',  ( 26.33333333333333215, 2.164491730381051252E-15, 0.0000000000000000000 ) ) ;
#3306 = CIRCLE ( 'NONE', #228, 5.000000000000002665 ) ;
#3307 = CARTESIAN_POINT ( 'NONE',  ( 43.18393850830430836, 2.235490958484726577E-15, 0.0000000000000000000 ) ) ;
#3308 = FACE_OUTER_BOUND ( 'NONE', #105, .T. ) ;
#3309 = ORIENTED_EDGE ( 'NONE', *, *, #4105, .T. ) ;
#3310 = EDGE_CURVE ( 'NONE', #3562, #4813, #1419, .T. ) ;
#3311 = DIRECTION ( 'NONE',  ( 0.0000000000000000000, -1.000000000000000000, 0.0000000000000000000 ) ) ;
#3312 =( GEOMETRIC_REPRESENTATION_CONTEXT ( 3 ) GLOBAL_UNCERTAINTY_ASSIGNED_CONTEXT ( ( #3113 ) ) GLOBAL_UNIT_ASSIGNED_CONTEXT ( ( #2174, #2590, #4664 ) ) REPRESENTATION_CONTEXT ( 'NONE', 'WORKASPACE' ) );
#3313 = FACE_OUTER_BOUND ( 'NONE', #1516, .T. ) ;
#3314 = CARTESIAN_POINT ( 'NONE',  ( 18.35772815836236305, 5.000000000000004441, 6.123233995736769241E-16 ) ) ;
#3315 = DIRECTION ( 'NONE',  ( 1.000000000000000000, 1.224606353822377258E-16, 0.0000000000000000000 ) ) ;
#3316 = ORIENTED_EDGE ( 'NONE', *, *, #3614, .T. ) ;
#3317 = VERTEX_POINT ( 'NONE', #2267 ) ;
#3318 = AXIS2_PLACEMENT_3D ( 'NONE', #1107, #2941, #3976 ) ;
#3319 = EDGE_CURVE ( 'NONE', #1077, #1864, #197, .T. ) ;
#3320 = EDGE_CURVE ( 'NONE', #2260, #3562, #1519, .T. ) ;
#3321 = DIRECTION ( 'NONE',  ( -0.5735764363510472696, -0.8191520442889910214, 0.0000000000000000000 ) ) ;
#3322 = CARTESIAN_POINT ( 'NONE',  ( 41.12500000000000000, 2.164491730381051252E-15, 0.0000000000000000000 ) ) ;
#3323 = DIRECTION ( 'NONE',  ( -1.000000000000000000, -0.0000000000000000000, -0.0000000000000000000 ) ) ;
#3324 = ORIENTED_EDGE ( 'NONE', *, *, #3767, .T. ) ;
#3325 = ORIENTED_EDGE ( 'NONE', *, *, #3276, .T. ) ;
#3326 = DIRECTION ( 'NONE',  ( 0.0000000000000000000, -1.000000000000000000, 0.0000000000000000000 ) ) ;
#3327 = DIRECTION ( 'NONE',  ( 0.0000000000000000000, 0.4999999999999992784, -0.8660254037844390407 ) ) ;
#3328 = EDGE_CURVE ( 'NONE', #4228, #3075, #5309, .T. ) ;
#3329 = DIRECTION ( 'NONE',  ( -1.000000000000000000, -1.224606353822377258E-16, -0.0000000000000000000 ) ) ;
#3330 = EDGE_CURVE ( 'NONE', #2063, #5176, #3034, .T. ) ;
#3331 = CIRCLE ( 'NONE', #675, 4.172000000000002373 ) ;
#3332 = ORIENTED_EDGE ( 'NONE', *, *, #4579, .F. ) ;
#3333 = DIRECTION ( 'NONE',  ( 0.0000000000000000000, -1.000000000000000000, 0.0000000000000000000 ) ) ;
#3334 = CARTESIAN_POINT ( 'NONE',  ( 17.45833333333333215, 2.164491730381051252E-15, 0.0000000000000000000 ) ) ;
#3335 = FACE_OUTER_BOUND ( 'NONE', #2417, .T. ) ;
#3336 = VERTEX_POINT ( 'NONE', #1958 ) ;
#3337 = CARTESIAN_POINT ( 'NONE',  ( 22.47560517497097266, -5.000000000000000888, 6.123233995736771213E-16 ) ) ;
#3338 = DIRECTION ( 'NONE',  ( 0.0000000000000000000, -1.000000000000000000, 0.0000000000000000000 ) ) ;
#3339 = DIRECTION ( 'NONE',  ( 0.0000000000000000000, 0.0000000000000000000, 1.000000000000000000 ) ) ;
#3340 = EDGE_LOOP ( 'NONE', ( #1088, #1375, #1433, #1513, #1786 ) ) ;
#3341 = PRESENTATION_LAYER_ASSIGNMENT (  '', '', ( #1643 ) ) ;
#3342 = CARTESIAN_POINT ( 'NONE',  ( 23.37500000000000000, 2.164491730381051252E-15, 0.0000000000000000000 ) ) ;
#3343 = DIRECTION ( 'NONE',  ( -1.000000000000000000, -1.224606353822377258E-16, -0.0000000000000000000 ) ) ;
#3344 = DIRECTION ( 'NONE',  ( -0.5735764363510474917, 0.8191520442889909104, 1.003171929053523761E-16 ) ) ;
#3345 = CARTESIAN_POINT ( 'NONE',  ( 34.62856149169569164, 2.093492502277375926E-15, 0.0000000000000000000 ) ) ;
#3346 = ORIENTED_EDGE ( 'NONE', *, *, #3956, .F. ) ;
#3347 = EDGE_CURVE ( 'NONE', #3706, #5107, #1030, .T. ) ;
#3348 = CARTESIAN_POINT ( 'NONE',  ( 21.89583333333333570, -4.172000000000000597, 5.616230220889765396E-16 ) ) ;
#3349 = EDGE_CURVE ( 'NONE', #3152, #4878, #3331, .T. ) ;
#3350 = DIRECTION ( 'NONE',  ( 1.000000000000000000, 1.224606353822377258E-16, 0.0000000000000000000 ) ) ;
#3351 = CIRCLE ( 'NONE', #5371, 8.000000000000000000 ) ;
#3352 = CARTESIAN_POINT ( 'NONE',  ( -31.74999999999995737, 0.0000000000000000000, 0.0000000000000000000 ) ) ;
#3353 = EDGE_CURVE ( 'NONE', #2891, #3742, #3106, .T. ) ;
#3354 = ORIENTED_EDGE ( 'NONE', *, *, #4638, .F. ) ;
#3355 = ORIENTED_EDGE ( 'NONE', *, *, #4908, .T. ) ;
#3356 = CARTESIAN_POINT ( 'NONE',  ( 23.37500000000000000, 4.172000000000004150, 5.109226446042759579E-16 ) ) ;
#3357 = FACE_OUTER_BOUND ( 'NONE', #126, .T. ) ;
#3358 = ORIENTED_EDGE ( 'NONE', *, *, #4897, .F. ) ;
#3359 = DIRECTION ( 'NONE',  ( -1.000000000000000000, -0.0000000000000000000, -0.0000000000000000000 ) ) ;
#3360 = DIRECTION ( 'NONE',  ( 0.0000000000000000000, 1.000000000000000000, 0.0000000000000000000 ) ) ;
#3361 = EDGE_CURVE ( 'NONE', #3075, #3562, #1802, .T. ) ;
#3362 = LINE ( 'NONE', #1820, #777 ) ;
#3363 = DIRECTION ( 'NONE',  ( -1.000000000000000000, -1.224606353822377258E-16, -0.0000000000000000000 ) ) ;
#3364 = ORIENTED_EDGE ( 'NONE', *, *, #3820, .T. ) ;
#3365 = CARTESIAN_POINT ( 'NONE',  ( 33.14939482502902734, 6.123233995736290008E-16, -5.000000000000001776 ) ) ;
#3366 = ORIENTED_EDGE ( 'NONE', *, *, #3773, .F. ) ;
#3367 = FACE_OUTER_BOUND ( 'NONE', #5092, .T. ) ;
#3368 = CIRCLE ( 'NONE', #1151, 5.000000000000002665 ) ;
#3369 = ADVANCED_FACE ( 'NONE', ( #3724 ), #3977, .T. ) ;
#3370 = VERTEX_POINT ( 'NONE', #1634 ) ;
#3371 = CIRCLE ( 'NONE', #4876, 5.000000000000002665 ) ;
#3372 = CARTESIAN_POINT ( 'NONE',  ( 44.08333333333333570, -4.172000000000000597, 0.0000000000000000000 ) ) ;
#3373 = CARTESIAN_POINT ( 'NONE',  ( 39.64583333333333570, -4.172000000000000597, 0.0000000000000000000 ) ) ;
#3374 = CARTESIAN_POINT ( 'NONE',  ( -31.74999999999995737, 0.0000000000000000000, 4.999999999999887201 ) ) ;
#3375 = PRODUCT_RELATED_PRODUCT_CATEGORY ( 'part', '', ( #5196 ) ) ;
#3376 = CARTESIAN_POINT ( 'NONE',  ( 47.04166666666667140, 2.164491730381051252E-15, 0.0000000000000000000 ) ) ;
#3377 = ADVANCED_FACE ( 'NONE', ( #5104 ), #4974, .T. ) ;
#3378 = CIRCLE ( 'NONE', #2155, 5.000000000000001776 ) ;
#3379 = VERTEX_POINT ( 'NONE', #1666 ) ;
#3380 = CARTESIAN_POINT ( 'NONE',  ( 39.06606149169569875, 2.093492502277375926E-15, 0.0000000000000000000 ) ) ;
#3381 = ORIENTED_EDGE ( 'NONE', *, *, #2512, .F. ) ;
#3382 = CARTESIAN_POINT ( 'NONE',  ( 30.19106149169569520, 6.123233995736290008E-16, -5.000000000000001776 ) ) ;
#3383 = DIRECTION ( 'NONE',  ( 0.0000000000000000000, -1.000000000000000000, 0.0000000000000000000 ) ) ;
#3384 = VECTOR ( 'NONE', #3321, 999.9999999999998863 ) ;
#3385 = VERTEX_POINT ( 'NONE', #1606 ) ;
#3386 = ORIENTED_EDGE ( 'NONE', *, *, #4601, .F. ) ;
#3387 = CARTESIAN_POINT ( 'NONE',  ( 32.25000000000000000, 2.164491730381051252E-15, 0.0000000000000000000 ) ) ;
#3388 = DIRECTION ( 'NONE',  ( -1.000000000000000000, -1.224606353822377258E-16, -0.0000000000000000000 ) ) ;
#3389 = VERTEX_POINT ( 'NONE', #1586 ) ;
#3390 = EDGE_CURVE ( 'NONE', #10, #4376, #2649, .T. ) ;
#3391 = DIRECTION ( 'NONE',  ( 0.0000000000000000000, -1.000000000000000000, 0.0000000000000000000 ) ) ;
#3392 = CARTESIAN_POINT ( 'NONE',  ( -31.74999999999995737, 0.0000000000000000000, 0.0000000000000000000 ) ) ;
#3393 = DIRECTION ( 'NONE',  ( 0.0000000000000000000, 0.0000000000000000000, 1.000000000000000000 ) ) ;
#3394 = ORIENTED_EDGE ( 'NONE', *, *, #1612, .F. ) ;
#3395 = VECTOR ( 'NONE', #5251, 1000.000000000000114 ) ;
#3396 = DIRECTION ( 'NONE',  ( -1.000000000000000000, -1.224606353822377258E-16, -0.0000000000000000000 ) ) ;
#3397 = EDGE_CURVE ( 'NONE', #3742, #3836, #3264, .T. ) ;
#3398 = EDGE_CURVE ( 'NONE', #5176, #3636, #776, .T. ) ;
#3399 = ORIENTED_EDGE ( 'NONE', *, *, #4346, .T. ) ;
#3400 = CARTESIAN_POINT ( 'NONE',  ( 5.000000000000000000, -2.342598717236908268, 4.057500000000003659 ) ) ;
#3401 = EDGE_LOOP ( 'NONE', ( #3992, #4078, #4053, #4022, #4013 ) ) ;
#3402 = CARTESIAN_POINT ( 'NONE',  ( 35.20833333333333570, 2.164491730381051252E-15, 0.0000000000000000000 ) ) ;
#3403 = DIRECTION ( 'NONE',  ( 0.0000000000000000000, -1.000000000000000000, 0.0000000000000000000 ) ) ;
#3404 = DIRECTION ( 'NONE',  ( -1.000000000000000000, -0.0000000000000000000, -0.0000000000000000000 ) ) ;
#3405 = EDGE_CURVE ( 'NONE', #2187, #613, #624, .T. ) ;
#3406 = EDGE_CURVE ( 'NONE', #613, #3706, #4092, .T. ) ;
#3407 = CARTESIAN_POINT ( 'NONE',  ( 23.95477184163764051, 2.235490958484726577E-15, 0.0000000000000000000 ) ) ;
#3408 = DIRECTION ( 'NONE',  ( -1.000000000000000000, 0.0000000000000000000, -0.0000000000000000000 ) ) ;
#3409 = DIRECTION ( 'NONE',  ( 0.0000000000000000000, -1.000000000000000000, 0.0000000000000000000 ) ) ;
#3410 = CARTESIAN_POINT ( 'NONE',  ( 37.58689482502902734, 2.093492502277375926E-15, 0.0000000000000000000 ) ) ;
#3411 = APPLICATION_PROTOCOL_DEFINITION ( 'draft international standard', 'automotive_design', 1998, #527 ) ;
#3412 = FACE_OUTER_BOUND ( 'NONE', #3267, .T. ) ;
#3413 = EDGE_CURVE ( 'NONE', #2519, #5107, #2993, .T. ) ;
#3414 = CARTESIAN_POINT ( 'NONE',  ( 48.52083333333333570, 2.164491730381051252E-15, 0.0000000000000000000 ) ) ;
#3415 = VERTEX_POINT ( 'NONE', #1341 ) ;
#3416 = CARTESIAN_POINT ( 'NONE',  ( -31.74999999999995737, 0.0000000000000000000, 4.999999999999887201 ) ) ;
#3417 = DIRECTION ( 'NONE',  ( 0.0000000000000000000, -1.000000000000000000, 0.0000000000000000000 ) ) ;
#3418 = FACE_OUTER_BOUND ( 'NONE', #1365, .T. ) ;
#3419 = ORIENTED_EDGE ( 'NONE', *, *, #3190, .T. ) ;
#3420 = DIRECTION ( 'NONE',  ( -1.000000000000000000, -1.224606353822377258E-16, -0.0000000000000000000 ) ) ;
#3421 = CYLINDRICAL_SURFACE ( 'NONE', #1987, 4.999999999999887201 ) ;
#3422 = EDGE_CURVE ( 'NONE', #761, #5135, #2383, .T. ) ;
#3423 = ORIENTED_EDGE ( 'NONE', *, *, #1267, .F. ) ;
#3424 = LINE ( 'NONE', #3656, #1150 ) ;
#3425 = VERTEX_POINT ( 'NONE', #1339 ) ;
#3426 = VERTEX_POINT ( 'NONE', #1277 ) ;
#3427 = DIRECTION ( 'NONE',  ( -1.000000000000000000, -0.0000000000000000000, -0.0000000000000000000 ) ) ;
#3428 = CARTESIAN_POINT ( 'NONE',  ( 5.000000000000000000, 0.0000000000000000000, 0.0000000000000000000 ) ) ;
#3429 = DIRECTION ( 'NONE',  ( 0.0000000000000000000, -1.000000000000000000, 0.0000000000000000000 ) ) ;
#3430 = FACE_OUTER_BOUND ( 'NONE', #888, .T. ) ;
#3431 = CIRCLE ( 'NONE', #4312, 1.499999999999999556 ) ;
#3432 = ORIENTED_EDGE ( 'NONE', *, *, #4082, .F. ) ;
#3433 = CARTESIAN_POINT ( 'NONE',  ( 0.0000000000000000000, 0.0000000000000000000, 0.0000000000000000000 ) ) ;
#3434 = DIRECTION ( 'NONE',  ( -1.000000000000000000, -1.224606353822377258E-16, -0.0000000000000000000 ) ) ;
#3435 = CONICAL_SURFACE ( 'NONE', #314, 5.000000000000002665, 0.9599310885968831419 ) ;
#3436 = FACE_OUTER_BOUND ( 'NONE', #819, .T. ) ;
#3437 = ADVANCED_FACE ( 'NONE', ( #4521 ), #1981, .T. ) ;
#3438 = DIRECTION ( 'NONE',  ( 0.0000000000000000000, -1.000000000000000000, 0.0000000000000000000 ) ) ;
#3439 = AXIS2_PLACEMENT_3D ( 'NONE', #103, #2481, #2616 ) ;
#3440 = CARTESIAN_POINT ( 'NONE',  ( 28.39227184163763695, 2.235490958484726577E-15, 0.0000000000000000000 ) ) ;
#3441 = DIRECTION ( 'NONE',  ( -1.000000000000000000, -1.224606353822377258E-16, -0.0000000000000000000 ) ) ;
#3442 = ORIENTED_EDGE ( 'NONE', *, *, #4678, .F. ) ;
#3443 = ORIENTED_EDGE ( 'NONE', *, *, #4147, .F. ) ;
#3444 = ORIENTED_EDGE ( 'NONE', *, *, #3038, .T. ) ;
#3445 = DIRECTION ( 'NONE',  ( -1.000000000000000000, -1.224606353822377258E-16, -0.0000000000000000000 ) ) ;
#3446 = DIRECTION ( 'NONE',  ( 0.0000000000000000000, 1.000000000000000000, 0.0000000000000000000 ) ) ;
#3447 = CARTESIAN_POINT ( 'NONE',  ( 23.95477184163764051, 2.235490958484726577E-15, 0.0000000000000000000 ) ) ;
#3448 = ORIENTED_EDGE ( 'NONE', *, *, #4438, .T. ) ;
#3449 = STYLED_ITEM ( 'NONE', ( #4149 ), #3522 ) ;
#3450 = ORIENTED_EDGE ( 'NONE', *, *, #4861, .F. ) ;
#3451 = ADVANCED_FACE ( 'NONE', ( #1063 ), #2528, .T. ) ;
#3452 = CARTESIAN_POINT ( 'NONE',  ( 47.94106149169569164, -4.776306262080344916E-29, 5.000000000000001776 ) ) ;
#3453 = VECTOR ( 'NONE', #5147, 1000.000000000000000 ) ;
#3454 = EDGE_CURVE ( 'NONE', #4015, #3075, #4199, .T. ) ;
#3455 = ORIENTED_EDGE ( 'NONE', *, *, #1789, .F. ) ;
#3456 = AXIS2_PLACEMENT_3D ( 'NONE', #3462, #383, #2663 ) ;
#3457 = DIRECTION ( 'NONE',  ( 0.0000000000000000000, -1.000000000000000000, 0.0000000000000000000 ) ) ;
#3458 = CARTESIAN_POINT ( 'NONE',  ( 15.07977184163763873, 6.123233995736249578E-16, -5.000000000000002665 ) ) ;
#3459 = PLANE ( 'NONE',  #1633 ) ;
#3460 = EDGE_LOOP ( 'NONE', ( #1682, #3355, #1910, #5269, #1975, #2052 ) ) ;
#3461 = CARTESIAN_POINT ( 'NONE',  ( 44.66310517497097976, 5.000000000000005329, 0.0000000000000000000 ) ) ;
#3462 = CARTESIAN_POINT ( 'NONE',  ( 10.40000000000000036, 0.0000000000000000000, -5.399999999999887557 ) ) ;
#3463 = ADVANCED_FACE ( 'NONE', ( #5321 ), #1041, .T. ) ;
#3464 = EDGE_LOOP ( 'NONE', ( #3603, #1020, #2708, #3781, #2846 ) ) ;
#3465 = DIRECTION ( 'NONE',  ( -0.0000000000000000000, 0.0000000000000000000, 1.000000000000000000 ) ) ;
#3466 = CARTESIAN_POINT ( 'NONE',  ( 43.50356149169569164, 2.093492502277375926E-15, 0.0000000000000000000 ) ) ;
#3467 = CARTESIAN_POINT ( 'NONE',  ( 37.26727184163763695, -5.000000000000000000, 6.123233995736770227E-16 ) ) ;
#3468 = VERTEX_POINT ( 'NONE', #943 ) ;
#3469 = EDGE_CURVE ( 'NONE', #1541, #3836, #375, .T. ) ;
#3470 = ADVANCED_FACE ( 'NONE', ( #3335 ), #4288, .T. ) ;
#3471 = ADVANCED_FACE ( 'NONE', ( #3684 ), #346, .T. ) ;
#3472 = DIRECTION ( 'NONE',  ( 0.0000000000000000000, 1.000000000000000000, 0.0000000000000000000 ) ) ;
#3473 = DIRECTION ( 'NONE',  ( 0.0000000000000000000, -1.000000000000000000, 0.0000000000000000000 ) ) ;
#3474 = EDGE_CURVE ( 'NONE', #2187, #950, #4499, .T. ) ;
#3475 = CARTESIAN_POINT ( 'NONE',  ( -31.74999999999995737, 6.123233995736628232E-16, -4.999999999999887201 ) ) ;
#3476 = CARTESIAN_POINT ( 'NONE',  ( 44.08333333333333570, 2.164491730381051252E-15, 0.0000000000000000000 ) ) ;
#3477 = DIRECTION ( 'NONE',  ( 0.0000000000000000000, -1.000000000000000000, 0.0000000000000000000 ) ) ;
#3478 = CARTESIAN_POINT ( 'NONE',  ( 16.87856149169569164, 5.000000000000004441, 6.123233995736769241E-16 ) ) ;
#3479 = VECTOR ( 'NONE', #2316, 1000.000000000000000 ) ;
#3480 = ORIENTED_EDGE ( 'NONE', *, *, #2866, .T. ) ;
#3481 = CARTESIAN_POINT ( 'NONE',  ( 13.92022815836235949, 5.000000000000004441, 6.123233995736769241E-16 ) ) ;
#3482 = CIRCLE ( 'NONE', #3014, 5.000000000000002665 ) ;
#3483 = DIRECTION ( 'NONE',  ( -1.000000000000000000, -1.224606353822377258E-16, -0.0000000000000000000 ) ) ;
#3484 = CARTESIAN_POINT ( 'NONE',  ( 37.26727184163763695, 2.235490958484726577E-15, 0.0000000000000000000 ) ) ;
#3485 = CARTESIAN_POINT ( 'NONE',  ( 33.14939482502902734, 5.000000000000004441, 6.123233995736769241E-16 ) ) ;
#3486 = ORIENTED_EDGE ( 'NONE', *, *, #1965, .F. ) ;
#3487 = CIRCLE ( 'NONE', #215, 5.000000000000002665 ) ;
#3488 = CARTESIAN_POINT ( 'NONE',  ( 24.27439482502902734, 2.093492502277375926E-15, 0.0000000000000000000 ) ) ;
#3489 = DIRECTION ( 'NONE',  ( -1.000000000000000000, -1.224606353822377258E-16, -0.0000000000000000000 ) ) ;
#3490 = DIRECTION ( 'NONE',  ( 0.0000000000000000000, -1.000000000000000000, 0.0000000000000000000 ) ) ;
#3491 = CARTESIAN_POINT ( 'NONE',  ( -31.74999999999995737, 0.0000000000000000000, 0.0000000000000000000 ) ) ;
#3492 = EDGE_CURVE ( 'NONE', #3468, #1541, #4618, .T. ) ;
#3493 = EDGE_CURVE ( 'NONE', #723, #801, #3666, .T. ) ;
#3494 = CARTESIAN_POINT ( 'NONE',  ( 18.35772815836236305, 6.123233995736290008E-16, -5.000000000000001776 ) ) ;
#3495 = FACE_OUTER_BOUND ( 'NONE', #1968, .T. ) ;
#3496 = ORIENTED_EDGE ( 'NONE', *, *, #4107, .F. ) ;
#3497 = EDGE_CURVE ( 'NONE', #4273, #3638, #5228, .T. ) ;
#3498 = ORIENTED_EDGE ( 'NONE', *, *, #3068, .F. ) ;
#3499 = ORIENTED_EDGE ( 'NONE', *, *, #4694, .F. ) ;
#3500 = DIRECTION ( 'NONE',  ( 1.000000000000000000, 1.224606353822377258E-16, 0.0000000000000000000 ) ) ;
#3501 = CARTESIAN_POINT ( 'NONE',  ( 41.70477184163764406, -5.161492250957792086E-29, 5.000000000000002665 ) ) ;
#3502 = DIRECTION ( 'NONE',  ( 1.000000000000000000, 0.0000000000000000000, 0.0000000000000000000 ) ) ;
#3503 = CARTESIAN_POINT ( 'NONE',  ( 1.500000000000001332, 0.0000000000000000000, 0.0000000000000000000 ) ) ;
#3504 = CIRCLE ( 'NONE', #823, 5.000000000000002665 ) ;
#3505 = VERTEX_POINT ( 'NONE', #389 ) ;
#3506 = ORIENTED_EDGE ( 'NONE', *, *, #4748, .T. ) ;
#3507 = DIRECTION ( 'NONE',  ( -1.000000000000000000, -0.0000000000000000000, -0.0000000000000000000 ) ) ;
#3508 = DIRECTION ( 'NONE',  ( -1.000000000000000000, -0.0000000000000000000, -0.0000000000000000000 ) ) ;
#3509 = CARTESIAN_POINT ( 'NONE',  ( 31.35060517497097266, 5.000000000000004441, 0.0000000000000000000 ) ) ;
#3510 = ORIENTED_EDGE ( 'NONE', *, *, #4296, .F. ) ;
#3511 = DIRECTION ( 'NONE',  ( 0.0000000000000000000, 0.0000000000000000000, 1.000000000000000000 ) ) ;
#3512 = EDGE_CURVE ( 'NONE', #3660, #4332, #3243, .T. ) ;
#3513 = EDGE_CURVE ( 'NONE', #3638, #2567, #1182, .T. ) ;
#3514 = ORIENTED_EDGE ( 'NONE', *, *, #3799, .T. ) ;
#3515 = VERTEX_POINT ( 'NONE', #452 ) ;
#3516 = CIRCLE ( 'NONE', #3304, 5.000000000000002665 ) ;
#3517 = ORIENTED_EDGE ( 'NONE', *, *, #5210, .T. ) ;
#3518 = CARTESIAN_POINT ( 'NONE',  ( 24.27439482502902734, 5.000000000000004441, 6.123233995736769241E-16 ) ) ;
#3519 = DIRECTION ( 'NONE',  ( 1.000000000000000000, 1.224606353822377258E-16, 0.0000000000000000000 ) ) ;
#3520 = EDGE_CURVE ( 'NONE', #2567, #5316, #4862, .T. ) ;
#3521 = DIRECTION ( 'NONE',  ( 0.0000000000000000000, 1.000000000000000000, -1.295896757998780980E-15 ) ) ;
#3522 = ADVANCED_BREP_SHAPE_REPRESENTATION ( 'M10X40', ( #2396, #3039 ), #3312 ) ;
#3523 = LINE ( 'NONE', #4504, #3479 ) ;
#3524 = ORIENTED_EDGE ( 'NONE', *, *, #3892, .T. ) ;
#3525 = DIRECTION ( 'NONE',  ( 1.000000000000000000, 1.224606353822377258E-16, 0.0000000000000000000 ) ) ;
#3526 = CARTESIAN_POINT ( 'NONE',  ( -31.74999999999995737, 6.123233995736628232E-16, -4.999999999999887201 ) ) ;
#3527 = CYLINDRICAL_SURFACE ( 'NONE', #1964, 4.999999999999887201 ) ;
#3528 = DIRECTION ( 'NONE',  ( 0.0000000000000000000, -1.000000000000000000, 0.0000000000000000000 ) ) ;
#3529 = EDGE_CURVE ( 'NONE', #626, #5300, #2513, .T. ) ;
#3530 = CIRCLE ( 'NONE', #4624, 5.000000000000002665 ) ;
#3531 = VERTEX_POINT ( 'NONE', #330 ) ;
#3532 = EDGE_CURVE ( 'NONE', #5300, #5316, #2375, .T. ) ;
#3533 = VERTEX_POINT ( 'NONE', #189 ) ;
#3534 = CARTESIAN_POINT ( 'NONE',  ( 0.0000000000000000000, 2.342598717236908712, 4.057499999999997442 ) ) ;
#3535 = ORIENTED_EDGE ( 'NONE', *, *, #4098, .F. ) ;
#3536 = CARTESIAN_POINT ( 'NONE',  ( 5.000000000000000000, 4.685197434473813871, -6.505213034913026604E-15 ) ) ;
#3537 = ORIENTED_EDGE ( 'NONE', *, *, #1658, .T. ) ;
#3538 = EDGE_CURVE ( 'NONE', #3370, #2567, #4106, .T. ) ;
#3539 = CIRCLE ( 'NONE', #1161, 5.000000000000001776 ) ;
#3540 = EDGE_CURVE ( 'NONE', #3950, #3660, #1216, .T. ) ;
#3541 = DIRECTION ( 'NONE',  ( -1.000000000000000000, -1.224606353822377258E-16, -0.0000000000000000000 ) ) ;
#3542 = CARTESIAN_POINT ( 'NONE',  ( 38.74643850830430836, 5.000000000000004441, 0.0000000000000000000 ) ) ;
#3543 = FACE_OUTER_BOUND ( 'NONE', #1751, .T. ) ;
#3544 = CYLINDRICAL_SURFACE ( 'NONE', #148, 4.999999999999887201 ) ;
#3545 = ORIENTED_EDGE ( 'NONE', *, *, #4454, .F. ) ;
#3546 = ORIENTED_EDGE ( 'NONE', *, *, #3266, .F. ) ;
#3547 = ORIENTED_EDGE ( 'NONE', *, *, #1213, .F. ) ;
#3548 = DIRECTION ( 'NONE',  ( 0.0000000000000000000, -1.000000000000000000, 0.0000000000000000000 ) ) ;
#3549 = LINE ( 'NONE', #3235, #1999 ) ;
#3550 = CIRCLE ( 'NONE', #4202, 5.000000000000002665 ) ;
#3551 = DIRECTION ( 'NONE',  ( -1.000000000000000000, -0.0000000000000000000, -0.0000000000000000000 ) ) ;
#3552 = CARTESIAN_POINT ( 'NONE',  ( 25.43393850830430480, 5.000000000000005329, 0.0000000000000000000 ) ) ;
#3553 = ORIENTED_EDGE ( 'NONE', *, *, #3493, .T. ) ;
#3554 = EDGE_CURVE ( 'NONE', #3950, #3245, #2415, .T. ) ;
#3555 = EDGE_CURVE ( 'NONE', #3245, #3638, #33, .T. ) ;
#3556 = DIRECTION ( 'NONE',  ( 0.5735764363510447161, -0.8191520442889927978, 1.003171929053526103E-16 ) ) ;
#3557 = CARTESIAN_POINT ( 'NONE',  ( 28.71189482502902734, 6.123233995736290008E-16, -5.000000000000001776 ) ) ;
#3558 = ORIENTED_EDGE ( 'NONE', *, *, #5334, .T. ) ;
#3559 = ORIENTED_EDGE ( 'NONE', *, *, #2834, .T. ) ;
#3560 = EDGE_CURVE ( 'NONE', #3845, #1760, #4316, .T. ) ;
#3561 = DIRECTION ( 'NONE',  ( 0.0000000000000000000, -1.000000000000000000, 0.0000000000000000000 ) ) ;
#3562 = VERTEX_POINT ( 'NONE', #562 ) ;
#3563 = VERTEX_POINT ( 'NONE', #5306 ) ;
#3564 = AXIS2_PLACEMENT_3D ( 'NONE', #145, #129, #118 ) ;
#3565 = DIRECTION ( 'NONE',  ( -1.000000000000000000, -1.224606353822377258E-16, -0.0000000000000000000 ) ) ;
#3566 = FACE_OUTER_BOUND ( 'NONE', #1811, .T. ) ;
#3567 = ORIENTED_EDGE ( 'NONE', *, *, #4493, .T. ) ;
#3568 = CARTESIAN_POINT ( 'NONE',  ( 25.43393850830430480, 2.235490958484726577E-15, 0.0000000000000000000 ) ) ;
#3569 = DIRECTION ( 'NONE',  ( 0.0000000000000000000, -1.000000000000000000, 0.0000000000000000000 ) ) ;
#3570 = CARTESIAN_POINT ( 'NONE',  ( 0.0000000000000000000, 0.0000000000000000000, 0.0000000000000000000 ) ) ;
#3571 = EDGE_CURVE ( 'NONE', #2063, #1992, #4883, .T. ) ;
#3572 = CARTESIAN_POINT ( 'NONE',  ( 39.64583333333333570, 4.172000000000004150, 0.0000000000000000000 ) ) ;
#3573 = CIRCLE ( 'NONE', #3178, 5.000000000000002665 ) ;
#3574 = ORIENTED_EDGE ( 'NONE', *, *, #21, .F. ) ;
#3575 = CARTESIAN_POINT ( 'NONE',  ( 1.500000000000001332, 0.0000000000000000000, 6.500000000000000888 ) ) ;
#3576 = ORIENTED_EDGE ( 'NONE', *, *, #5227, .F. ) ;
#3577 = CARTESIAN_POINT ( 'NONE',  ( 15.97916666666666963, -4.172000000000000597, 5.616230220889765396E-16 ) ) ;
#3578 = CARTESIAN_POINT ( 'NONE',  ( 18.03810517497097266, 5.000000000000004441, 0.0000000000000000000 ) ) ;
#3579 = DIRECTION ( 'NONE',  ( -1.000000000000000000, -1.224606353822377258E-16, -0.0000000000000000000 ) ) ;
#3580 = CARTESIAN_POINT ( 'NONE',  ( 26.33333333333333215, 2.164491730381051252E-15, 0.0000000000000000000 ) ) ;
#3581 = ADVANCED_FACE ( 'NONE', ( #95 ), #1276, .T. ) ;
#3582 = EDGE_CURVE ( 'NONE', #2075, #761, #2650, .T. ) ;
#3583 = ORIENTED_EDGE ( 'NONE', *, *, #1213, .T. ) ;
#3584 = VERTEX_POINT ( 'NONE', #5250 ) ;
#3585 = EDGE_CURVE ( 'NONE', #1283, #4533, #341, .T. ) ;
#3586 = AXIS2_PLACEMENT_3D ( 'NONE', #2773, #4281, #1245 ) ;
#3587 = VECTOR ( 'NONE', #5234, 999.9999999999998863 ) ;
#3588 = VECTOR ( 'NONE', #3279, 999.9999999999998863 ) ;
#3589 = DIRECTION ( 'NONE',  ( -1.000000000000000000, -1.224606353822377258E-16, -0.0000000000000000000 ) ) ;
#3590 = DIRECTION ( 'NONE',  ( 0.5735764363510444941, 0.8191520442889929088, 0.0000000000000000000 ) ) ;
#3591 = EDGE_LOOP ( 'NONE', ( #3309, #2423, #869, #3194, #4110, #3144 ) ) ;
#3592 = ORIENTED_EDGE ( 'NONE', *, *, #2848, .T. ) ;
#3593 = EDGE_CURVE ( 'NONE', #4667, #1787, #1571, .T. ) ;
#3594 = CIRCLE ( 'NONE', #284, 5.000000000000001776 ) ;
#3595 = DIRECTION ( 'NONE',  ( 0.5735764363510444941, 0.8191520442889929088, 0.0000000000000000000 ) ) ;
#3596 = VECTOR ( 'NONE', #2631, 1000.000000000000114 ) ;
#3597 = CARTESIAN_POINT ( 'NONE',  ( 13.92022815836235949, -4.999999999999999112, 0.0000000000000000000 ) ) ;
#3598 = DIRECTION ( 'NONE',  ( -1.000000000000000000, -1.224606353822377258E-16, -0.0000000000000000000 ) ) ;
#3599 = LINE ( 'NONE', #2979, #384 ) ;
#3600 = ORIENTED_EDGE ( 'NONE', *, *, #4082, .T. ) ;
#3601 = DIRECTION ( 'NONE',  ( 0.0000000000000000000, -1.000000000000000000, 0.0000000000000000000 ) ) ;
#3602 = ORIENTED_EDGE ( 'NONE', *, *, #2747, .T. ) ;
#3603 = ORIENTED_EDGE ( 'NONE', *, *, #2818, .F. ) ;
#3604 = CARTESIAN_POINT ( 'NONE',  ( -31.74999999999995737, 0.0000000000000000000, 0.0000000000000000000 ) ) ;
#3605 = VECTOR ( 'NONE', #3671, 1000.000000000000000 ) ;
#3606 = ORIENTED_EDGE ( 'NONE', *, *, #4797, .F. ) ;
#3607 = DIRECTION ( 'NONE',  ( 0.0000000000000000000, 0.0000000000000000000, 1.000000000000000000 ) ) ;
#3608 = CARTESIAN_POINT ( 'NONE',  ( 44.66310517497097976, -5.000000000000000000, 6.123233995736770227E-16 ) ) ;
#3609 = DIRECTION ( 'NONE',  ( 0.0000000000000000000, -1.000000000000000000, 0.0000000000000000000 ) ) ;
#3610 = VERTEX_POINT ( 'NONE', #5193 ) ;
#3611 = EDGE_CURVE ( 'NONE', #1787, #801, #4743, .T. ) ;
#3612 = DIRECTION ( 'NONE',  ( -1.000000000000000000, -0.0000000000000000000, -0.0000000000000000000 ) ) ;
#3613 = DIRECTION ( 'NONE',  ( -1.000000000000000000, -0.0000000000000000000, -0.0000000000000000000 ) ) ;
#3614 = EDGE_CURVE ( 'NONE', #2033, #1170, #3986, .T. ) ;
#3615 = CARTESIAN_POINT ( 'NONE',  ( 0.0000000000000000000, 4.685197434473813871, -6.505213034913026604E-15 ) ) ;
#3616 = EDGE_CURVE ( 'NONE', #1421, #1170, #2776, .T. ) ;
#3617 = CARTESIAN_POINT ( 'NONE',  ( -31.74999999999995737, 0.0000000000000000000, 0.0000000000000000000 ) ) ;
#3618 = ORIENTED_EDGE ( 'NONE', *, *, #3150, .T. ) ;
#3619 = ORIENTED_EDGE ( 'NONE', *, *, #3571, .F. ) ;
#3620 = DIRECTION ( 'NONE',  ( -0.5735764363510472696, -0.8191520442889910214, 0.0000000000000000000 ) ) ;
#3621 = SURFACE_STYLE_USAGE ( .BOTH. , #4921 ) ;
#3622 = EDGE_CURVE ( 'NONE', #4273, #626, #732, .T. ) ;
#3623 = EDGE_CURVE ( 'NONE', #3370, #4667, #5242, .T. ) ;
#3624 = CIRCLE ( 'NONE', #2547, 5.000000000000002665 ) ;
#3625 = CARTESIAN_POINT ( 'NONE',  ( 26.33333333333333215, -4.172000000000000597, 5.616230220889765396E-16 ) ) ;
#3626 = DIRECTION ( 'NONE',  ( 0.5735764363510447161, -0.8191520442889927978, 1.003171929053526103E-16 ) ) ;
#3627 = VECTOR ( 'NONE', #1853, 999.9999999999998863 ) ;
#3628 = ORIENTED_EDGE ( 'NONE', *, *, #3937, .T. ) ;
#3629 = EDGE_CURVE ( 'NONE', #3563, #4677, #2293, .T. ) ;
#3630 = ORIENTED_EDGE ( 'NONE', *, *, #5040, .T. ) ;
#3631 = FACE_OUTER_BOUND ( 'NONE', #780, .T. ) ;
#3632 = CIRCLE ( 'NONE', #286, 5.000000000000001776 ) ;
#3633 = DIRECTION ( 'NONE',  ( 0.0000000000000000000, -1.000000000000000000, 0.0000000000000000000 ) ) ;
#3634 = CIRCLE ( 'NONE', #2883, 4.999999999999887201 ) ;
#3635 = CARTESIAN_POINT ( 'NONE',  ( 0.0000000000000000000, 8.878689293818310074E-16, -6.500000000000000888 ) ) ;
#3636 = VERTEX_POINT ( 'NONE', #5025 ) ;
#3637 = DIRECTION ( 'NONE',  ( -1.000000000000000000, -1.224606353822377258E-16, -0.0000000000000000000 ) ) ;
#3638 = VERTEX_POINT ( 'NONE', #5028 ) ;
#3639 = DIRECTION ( 'NONE',  ( -0.7071067811867308706, 8.659560562352688302E-17, -0.7071067811863642749 ) ) ;
#3640 = CARTESIAN_POINT ( 'NONE',  ( 40.22560517497097266, 2.235490958484726577E-15, 0.0000000000000000000 ) ) ;
#3641 = EDGE_CURVE ( 'NONE', #1912, #3563, #2566, .T. ) ;
#3642 = AXIS2_PLACEMENT_3D ( 'NONE', #1258, #5159, #1070 ) ;
#3643 = VECTOR ( 'NONE', #3784, 1000.000000000000000 ) ;
#3644 = CONICAL_SURFACE ( 'NONE', #2099, 4.172000000000002373, 0.9599310885968798113 ) ;
#3645 = CARTESIAN_POINT ( 'NONE',  ( 43.50356149169569164, -4.776306262080344916E-29, 5.000000000000001776 ) ) ;
#3646 = CARTESIAN_POINT ( 'NONE',  ( 24.27439482502902734, 2.093492502277375926E-15, 0.0000000000000000000 ) ) ;
#3647 = ORIENTED_EDGE ( 'NONE', *, *, #2926, .F. ) ;
#3648 = LINE ( 'NONE', #4179, #4598 ) ;
#3649 = EDGE_CURVE ( 'NONE', #1900, #265, #3713, .T. ) ;
#3650 = EDGE_CURVE ( 'NONE', #3950, #3370, #1086, .T. ) ;
#3651 = ADVANCED_FACE ( 'NONE', ( #5128 ), #4220, .T. ) ;
#3652 = ORIENTED_EDGE ( 'NONE', *, *, #4507, .T. ) ;
#3653 = ORIENTED_EDGE ( 'NONE', *, *, #4073, .F. ) ;
#3654 = CONICAL_SURFACE ( 'NONE', #1005, 5.000000000000002665, 0.9599310885968831419 ) ;
#3655 = CONICAL_SURFACE ( 'NONE', #99, 5.000000000000002665, 0.9599310885968831419 ) ;
#3656 = CARTESIAN_POINT ( 'NONE',  ( 25.43393850830430480, -5.000000000000000000, 6.123233995736770227E-16 ) ) ;
#3657 = CARTESIAN_POINT ( 'NONE',  ( 41.70477184163764406, 2.235490958484726577E-15, 0.0000000000000000000 ) ) ;
#3658 = CIRCLE ( 'NONE', #734, 5.000000000000002665 ) ;
#3659 = DIRECTION ( 'NONE',  ( 0.0000000000000000000, -1.000000000000000000, 0.0000000000000000000 ) ) ;
#3660 = VERTEX_POINT ( 'NONE', #4898 ) ;
#3661 = EDGE_CURVE ( 'NONE', #3636, #2623, #2699, .T. ) ;
#3662 = EDGE_CURVE ( 'NONE', #2623, #4376, #4549, .T. ) ;
#3663 = EDGE_CURVE ( 'NONE', #4332, #4794, #3146, .T. ) ;
#3664 = LINE ( 'NONE', #4554, #3083 ) ;
#3665 = CARTESIAN_POINT ( 'NONE',  ( 50.00000000000000000, 5.109226446042757607E-16, -4.171999999999999709 ) ) ;
#3666 = CIRCLE ( 'NONE', #567, 5.000000000000002665 ) ;
#3667 = DIRECTION ( 'NONE',  ( 0.0000000000000000000, -1.000000000000000000, 0.0000000000000000000 ) ) ;
#3668 = DIRECTION ( 'NONE',  ( 0.0000000000000000000, -1.000000000000000000, 0.0000000000000000000 ) ) ;
#3669 = EDGE_CURVE ( 'NONE', #4794, #723, #3255, .T. ) ;
#3670 = EDGE_CURVE ( 'NONE', #265, #1421, #5000, .T. ) ;
#3671 = DIRECTION ( 'NONE',  ( -1.000000000000000000, -0.0000000000000000000, -0.0000000000000000000 ) ) ;
#3672 = ADVANCED_FACE ( 'NONE', ( #2006 ), #4925, .T. ) ;
#3673 = DIRECTION ( 'NONE',  ( -1.000000000000000000, -1.224606353822377258E-16, -0.0000000000000000000 ) ) ;
#3674 = CIRCLE ( 'NONE', #1329, 5.000000000000001776 ) ;
#3675 = DIRECTION ( 'NONE',  ( 0.0000000000000000000, 1.000000000000000000, 0.0000000000000000000 ) ) ;
#3676 = ORIENTED_EDGE ( 'NONE', *, *, #4582, .T. ) ;
#3677 = EDGE_LOOP ( 'NONE', ( #2228, #4869, #1784, #4269, #2563 ) ) ;
#3678 = EDGE_CURVE ( 'NONE', #4332, #4667, #1860, .T. ) ;
#3679 = EDGE_CURVE ( 'NONE', #1912, #66, #3996, .T. ) ;
#3680 = DIRECTION ( 'NONE',  ( 0.0000000000000000000, 0.0000000000000000000, 1.000000000000000000 ) ) ;
#3681 = CARTESIAN_POINT ( 'NONE',  ( 24.27439482502902734, 2.093492502277375926E-15, 0.0000000000000000000 ) ) ;
#3682 = EDGE_LOOP ( 'NONE', ( #2654, #2714, #2777, #2869, #2915 ) ) ;
#3683 = CIRCLE ( 'NONE', #300, 5.000000000000002665 ) ;
#3684 = FACE_OUTER_BOUND ( 'NONE', #3128, .T. ) ;
#3685 = VERTEX_POINT ( 'NONE', #4742 ) ;
#3686 = CARTESIAN_POINT ( 'NONE',  ( 42.02439482502902734, -4.699269064304855481E-29, 5.000000000000001776 ) ) ;
#3687 = CARTESIAN_POINT ( 'NONE',  ( 24.85416666666667140, -4.172000000000000597, 0.0000000000000000000 ) ) ;
#3688 = EDGE_CURVE ( 'NONE', #2002, #4677, #806, .T. ) ;
#3689 = VERTEX_POINT ( 'NONE', #4757 ) ;
#3690 = CARTESIAN_POINT ( 'NONE',  ( 0.0000000000000000000, -2.342598717236908268, 4.057500000000003659 ) ) ;
#3691 = CARTESIAN_POINT ( 'NONE',  ( 18.93750000000000355, -4.172000000000000597, 5.616230220889765396E-16 ) ) ;
#3692 = CIRCLE ( 'NONE', #3159, 5.000000000000002665 ) ;
#3693 = ORIENTED_EDGE ( 'NONE', *, *, #3361, .F. ) ;
#3694 = CARTESIAN_POINT ( 'NONE',  ( 44.98272815836236305, 2.093492502277375926E-15, 0.0000000000000000000 ) ) ;
#3695 = PRODUCT_CONTEXT ( 'NONE', #474, 'mechanical' ) ;
#3696 = ORIENTED_EDGE ( 'NONE', *, *, #2585, .T. ) ;
#3697 = CIRCLE ( 'NONE', #3101, 5.000000000000001776 ) ;
#3698 = EDGE_CURVE ( 'NONE', #66, #2002, #411, .T. ) ;
#3699 = EDGE_CURVE ( 'NONE', #147, #3685, #4496, .T. ) ;
#3700 = VECTOR ( 'NONE', #1837, 1000.000000000000114 ) ;
#3701 = ORIENTED_EDGE ( 'NONE', *, *, #4695, .T. ) ;
#3702 = LINE ( 'NONE', #2731, #1562 ) ;
#3703 = CARTESIAN_POINT ( 'NONE',  ( 41.70477184163764406, -5.000000000000000888, 6.123233995736771213E-16 ) ) ;
#3704 = CARTESIAN_POINT ( 'NONE',  ( 22.79522815836235949, -4.999999999999999112, 0.0000000000000000000 ) ) ;
#3705 = DIRECTION ( 'NONE',  ( 0.0000000000000000000, 0.0000000000000000000, 1.000000000000000000 ) ) ;
#3706 = VERTEX_POINT ( 'NONE', #4699 ) ;
#3707 = CIRCLE ( 'NONE', #127, 5.000000000000002665 ) ;
#3708 = CARTESIAN_POINT ( 'NONE',  ( 5.000000000000000000, -4.685197434473821865, 3.469446951953614189E-15 ) ) ;
#3709 = EDGE_LOOP ( 'NONE', ( #663, #4658, #933, #931 ) ) ;
#3710 = LINE ( 'NONE', #4581, #266 ) ;
#3711 = ORIENTED_EDGE ( 'NONE', *, *, #2719, .T. ) ;
#3712 = EDGE_CURVE ( 'NONE', #147, #2434, #1427, .T. ) ;
#3713 = LINE ( 'NONE', #5005, #1499 ) ;
#3714 = EDGE_CURVE ( 'NONE', #2434, #4273, #2630, .T. ) ;
#3715 = ORIENTED_EDGE ( 'NONE', *, *, #4032, .F. ) ;
#3716 = VERTEX_POINT ( 'NONE', #4593 ) ;
#3717 = ORIENTED_EDGE ( 'NONE', *, *, #2655, .T. ) ;
#3718 = DIRECTION ( 'NONE',  ( -1.000000000000000000, -1.224606353822377258E-16, -0.0000000000000000000 ) ) ;
#3719 = DIRECTION ( 'NONE',  ( -1.000000000000000000, -1.224606353822377258E-16, -0.0000000000000000000 ) ) ;
#3720 = CARTESIAN_POINT ( 'NONE',  ( 16.55893850830430480, 5.000000000000004441, 0.0000000000000000000 ) ) ;
#3721 = ORIENTED_EDGE ( 'NONE', *, *, #2928, .F. ) ;
#3722 = CARTESIAN_POINT ( 'NONE',  ( 29.29166666666666785, -4.172000000000000597, 5.616230220889765396E-16 ) ) ;
#3723 = CARTESIAN_POINT ( 'NONE',  ( 24.85416666666667140, 4.172000000000004150, 5.109226446042759579E-16 ) ) ;
#3724 = FACE_OUTER_BOUND ( 'NONE', #2812, .T. ) ;
#3725 = DIRECTION ( 'NONE',  ( 0.0000000000000000000, -1.000000000000000000, 0.0000000000000000000 ) ) ;
#3726 = AXIS2_PLACEMENT_3D ( 'NONE', #1525, #1520, #1512 ) ;
#3727 = ORIENTED_EDGE ( 'NONE', *, *, #4265, .F. ) ;
#3728 = DIRECTION ( 'NONE',  ( -1.000000000000000000, -1.224606353822377258E-16, -0.0000000000000000000 ) ) ;
#3729 = ORIENTED_EDGE ( 'NONE', *, *, #3629, .F. ) ;
#3730 = EDGE_CURVE ( 'NONE', #3685, #1421, #867, .T. ) ;
#3731 = EDGE_CURVE ( 'NONE', #147, #2216, #3664, .T. ) ;
#3732 = CARTESIAN_POINT ( 'NONE',  ( 24.85416666666667140, 2.164491730381051252E-15, 0.0000000000000000000 ) ) ;
#3733 = DIRECTION ( 'NONE',  ( 0.0000000000000000000, 1.000000000000000000, 0.0000000000000000000 ) ) ;
#3734 = DIRECTION ( 'NONE',  ( 0.0000000000000000000, 0.0000000000000000000, 1.000000000000000000 ) ) ;
#3735 = CIRCLE ( 'NONE', #3191, 4.057500000000000107 ) ;
#3736 = AXIS2_PLACEMENT_3D ( 'NONE', #3203, #695, #2059 ) ;
#3737 = CARTESIAN_POINT ( 'NONE',  ( 40.22560517497097266, -5.000000000000000000, 6.123233995736770227E-16 ) ) ;
#3738 = EDGE_CURVE ( 'NONE', #2216, #265, #2625, .T. ) ;
#3739 = CARTESIAN_POINT ( 'NONE',  ( 45.56250000000000711, 4.172000000000004150, 5.109226446042759579E-16 ) ) ;
#3740 = SHAPE_DEFINITION_REPRESENTATION ( #418, #3522 ) ;
#3741 = EDGE_LOOP ( 'NONE', ( #4044, #4920, #1707, #2292, #804 ) ) ;
#3742 = VERTEX_POINT ( 'NONE', #4527 ) ;
#3743 = CARTESIAN_POINT ( 'NONE',  ( -31.74999999999995737, 0.0000000000000000000, 0.0000000000000000000 ) ) ;
#3744 = EDGE_LOOP ( 'NONE', ( #3432, #947, #1935, #132, #4218 ) ) ;
#3745 = CIRCLE ( 'NONE', #884, 5.000000000000001776 ) ;
#3746 = AXIS2_PLACEMENT_3D ( 'NONE', #6, #2702, #5252 ) ;
#3747 = ORIENTED_EDGE ( 'NONE', *, *, #4998, .F. ) ;
#3748 = ORIENTED_EDGE ( 'NONE', *, *, #1267, .T. ) ;
#3749 = CARTESIAN_POINT ( 'NONE',  ( 45.56250000000000711, -4.172000000000000597, 5.616230220889765396E-16 ) ) ;
#3750 = ORIENTED_EDGE ( 'NONE', *, *, #5056, .F. ) ;
#3751 = VECTOR ( 'NONE', #4391, 1000.000000000000114 ) ;
#3752 = VECTOR ( 'NONE', #101, 1000.000000000000114 ) ;
#3753 = VERTEX_POINT ( 'NONE', #4524 ) ;
#3754 = CONICAL_SURFACE ( 'NONE', #462, 4.172000000000002373, 0.9599310885968798113 ) ;
#3755 = ORIENTED_EDGE ( 'NONE', *, *, #4678, .T. ) ;
#3756 = EDGE_CURVE ( 'NONE', #4388, #2260, #4863, .T. ) ;
#3757 = DIRECTION ( 'NONE',  ( 1.000000000000000000, 1.224606353822377258E-16, 0.0000000000000000000 ) ) ;
#3758 = CIRCLE ( 'NONE', #290, 4.172000000000002373 ) ;
#3759 = DIRECTION ( 'NONE',  ( -0.5735764363510474917, 0.8191520442889909104, 1.003171929053523761E-16 ) ) ;
#3760 = CARTESIAN_POINT ( 'NONE',  ( 50.00000000000000000, 0.0000000000000000000, 0.0000000000000000000 ) ) ;
#3761 = FACE_OUTER_BOUND ( 'NONE', #1879, .T. ) ;
#3762 = EDGE_LOOP ( 'NONE', ( #3444, #3324, #3316, #3256, #3098, #3023 ) ) ;
#3763 = EDGE_LOOP ( 'NONE', ( #5232, #1221, #2157, #3653, #2701, #1217 ) ) ;
#3764 = VECTOR ( 'NONE', #2492, 1000.000000000000114 ) ;
#3765 = EDGE_CURVE ( 'NONE', #3685, #626, #3021, .T. ) ;
#3766 = DIRECTION ( 'NONE',  ( -1.000000000000000000, -1.224606353822377258E-16, -0.0000000000000000000 ) ) ;
#3767 = EDGE_CURVE ( 'NONE', #2755, #2033, #3006, .T. ) ;
#3768 = ORIENTED_EDGE ( 'NONE', *, *, #4516, .T. ) ;
#3769 = CARTESIAN_POINT ( 'NONE',  ( 43.18393850830430836, 6.123233995736253523E-16, -5.000000000000002665 ) ) ;
#3770 = ORIENTED_EDGE ( 'NONE', *, *, #2560, .T. ) ;
#3771 = VECTOR ( 'NONE', #5212, 1000.000000000000114 ) ;
#3772 = DIRECTION ( 'NONE',  ( 0.0000000000000000000, -1.000000000000000000, 0.0000000000000000000 ) ) ;
#3773 = EDGE_CURVE ( 'NONE', #1912, #5365, #4674, .T. ) ;
#3774 = EDGE_LOOP ( 'NONE', ( #3600, #4324, #2004, #3496, #2570 ) ) ;
#3775 = ORIENTED_EDGE ( 'NONE', *, *, #2817, .T. ) ;
#3776 = ORIENTED_EDGE ( 'NONE', *, *, #4790, .T. ) ;
#3777 = ADVANCED_FACE ( 'NONE', ( #2826 ), #1345, .T. ) ;
#3778 = DIRECTION ( 'NONE',  ( 1.000000000000000000, 1.224606353822377258E-16, 0.0000000000000000000 ) ) ;
#3779 = DIRECTION ( 'NONE',  ( -1.000000000000000000, -1.224606353822377258E-16, -0.0000000000000000000 ) ) ;
#3780 = EDGE_CURVE ( 'NONE', #5365, #4794, #2412, .T. ) ;
#3781 = ORIENTED_EDGE ( 'NONE', *, *, #4908, .F. ) ;
#3782 = EDGE_CURVE ( 'NONE', #3982, #2879, #4985, .T. ) ;
#3783 = CARTESIAN_POINT ( 'NONE',  ( -31.74999999999995737, 0.0000000000000000000, 4.999999999999887201 ) ) ;
#3784 = DIRECTION ( 'NONE',  ( -1.000000000000000000, -0.0000000000000000000, -0.0000000000000000000 ) ) ;
#3785 = CIRCLE ( 'NONE', #1252, 5.000000000000001776 ) ;
#3786 = CARTESIAN_POINT ( 'NONE',  ( 1.500000000000001332, 0.0000000000000000000, 0.0000000000000000000 ) ) ;
#3787 = DIRECTION ( 'NONE',  ( 0.0000000000000000000, -1.000000000000000000, 0.0000000000000000000 ) ) ;
#3788 = EDGE_CURVE ( 'NONE', #450, #3982, #942, .T. ) ;
#3789 = ORIENTED_EDGE ( 'NONE', *, *, #4411, .T. ) ;
#3790 = ORIENTED_EDGE ( 'NONE', *, *, #4300, .T. ) ;
#3791 = ORIENTED_EDGE ( 'NONE', *, *, #3158, .F. ) ;
#3792 = DIRECTION ( 'NONE',  ( -1.000000000000000000, -1.224606353822377258E-16, -0.0000000000000000000 ) ) ;
#3793 = CARTESIAN_POINT ( 'NONE',  ( 18.93750000000000355, 2.164491730381051252E-15, 0.0000000000000000000 ) ) ;
#3794 = DIRECTION ( 'NONE',  ( 0.0000000000000000000, -1.000000000000000000, 0.0000000000000000000 ) ) ;
#3795 = VECTOR ( 'NONE', #422, 1000.000000000000000 ) ;
#3796 = DIRECTION ( 'NONE',  ( -0.5735764363510474917, 0.8191520442889909104, 1.003171929053523761E-16 ) ) ;
#3797 = DIRECTION ( 'NONE',  ( 0.0000000000000000000, 0.0000000000000000000, 1.000000000000000000 ) ) ;
#3798 = CARTESIAN_POINT ( 'NONE',  ( 44.66310517497097976, 2.235490958484726577E-15, 0.0000000000000000000 ) ) ;
#3799 = EDGE_CURVE ( 'NONE', #3563, #723, #1692, .T. ) ;
#3800 = FACE_OUTER_BOUND ( 'NONE', #3762, .T. ) ;
#3801 = ADVANCED_FACE ( 'NONE', ( #469 ), #3435, .T. ) ;
#3802 = EDGE_CURVE ( 'NONE', #4677, #2243, #3239, .T. ) ;
#3803 = EDGE_CURVE ( 'NONE', #2243, #3030, #1359, .T. ) ;
#3804 = CARTESIAN_POINT ( 'NONE',  ( 25.43393850830430480, 2.235490958484726577E-15, 0.0000000000000000000 ) ) ;
#3805 = DIRECTION ( 'NONE',  ( 0.0000000000000000000, 0.0000000000000000000, 1.000000000000000000 ) ) ;
#3806 = ORIENTED_EDGE ( 'NONE', *, *, #3679, .T. ) ;
#3807 = UNCERTAINTY_MEASURE_WITH_UNIT (LENGTH_MEASURE( 1.000000000000000082E-05 ), #2201, 'distance_accuracy_value', 'NONE');
#3808 = ORIENTED_EDGE ( 'NONE', *, *, #3320, .T. ) ;
#3809 = CARTESIAN_POINT ( 'NONE',  ( -31.74999999999995737, 0.0000000000000000000, 0.0000000000000000000 ) ) ;
#3810 = CARTESIAN_POINT ( 'NONE',  ( 46.14227184163763695, -5.000000000000000888, 6.123233995736771213E-16 ) ) ;
#3811 = CARTESIAN_POINT ( 'NONE',  ( 14.50000000000000000, 4.172000000000004150, 5.109226446042759579E-16 ) ) ;
#3812 = VERTEX_POINT ( 'NONE', #4235 ) ;
#3813 = ORIENTED_EDGE ( 'NONE', *, *, #1890, .F. ) ;
#3814 = VERTEX_POINT ( 'NONE', #4263 ) ;
#3815 = DIRECTION ( 'NONE',  ( 0.0000000000000000000, -1.000000000000000000, 0.0000000000000000000 ) ) ;
#3816 = EDGE_CURVE ( 'NONE', #4823, #3030, #1627, .T. ) ;
#3817 = ORIENTED_EDGE ( 'NONE', *, *, #3919, .F. ) ;
#3818 = EDGE_LOOP ( 'NONE', ( #4317, #1084, #121, #270, #5126 ) ) ;
#3819 = ORIENTED_EDGE ( 'NONE', *, *, #2532, .F. ) ;
#3820 = EDGE_CURVE ( 'NONE', #2473, #4823, #5346, .T. ) ;
#3821 = DIRECTION ( 'NONE',  ( -1.000000000000000000, -0.0000000000000000000, -0.0000000000000000000 ) ) ;
#3822 = CARTESIAN_POINT ( 'NONE',  ( 34.30893850830430836, 2.235490958484726577E-15, 0.0000000000000000000 ) ) ;
#3823 = DIRECTION ( 'NONE',  ( -1.000000000000000000, -0.0000000000000000000, -0.0000000000000000000 ) ) ;
#3824 = DIRECTION ( 'NONE',  ( 0.0000000000000000000, -1.000000000000000000, 0.0000000000000000000 ) ) ;
#3825 = EDGE_LOOP ( 'NONE', ( #2197, #1834, #238, #5249, #3498 ) ) ;
#3826 = EDGE_CURVE ( 'NONE', #2002, #2473, #4432, .T. ) ;
#3827 = EDGE_CURVE ( 'NONE', #205, #3753, #3758, .T. ) ;
#3828 = CIRCLE ( 'NONE', #1038, 5.000000000000001776 ) ;
#3829 = VERTEX_POINT ( 'NONE', #4168 ) ;
#3830 = CYLINDRICAL_SURFACE ( 'NONE', #186, 4.999999999999887201 ) ;
#3831 = EDGE_LOOP ( 'NONE', ( #1355, #5239, #5293, #1281, #335 ) ) ;
#3832 = ORIENTED_EDGE ( 'NONE', *, *, #4016, .F. ) ;
#3833 = EDGE_CURVE ( 'NONE', #3753, #79, #3648, .T. ) ;
#3834 = CARTESIAN_POINT ( 'NONE',  ( 50.00000000000000000, 5.616230220889622415E-16, -4.171999999999999709 ) ) ;
#3835 = ORIENTED_EDGE ( 'NONE', *, *, #3033, .T. ) ;
#3836 = VERTEX_POINT ( 'NONE', #4224 ) ;
#3837 = DIRECTION ( 'NONE',  ( -0.5735764363510472696, -0.8191520442889910214, 0.0000000000000000000 ) ) ;
#3838 = DIRECTION ( 'NONE',  ( -1.000000000000000000, -1.224606353822377258E-16, -0.0000000000000000000 ) ) ;
#3839 = ORIENTED_EDGE ( 'NONE', *, *, #4838, .F. ) ;
#3840 = ORIENTED_EDGE ( 'NONE', *, *, #3046, .F. ) ;
#3841 = CONICAL_SURFACE ( 'NONE', #2110, 5.000000000000002665, 0.9599310885968831419 ) ;
#3842 = ORIENTED_EDGE ( 'NONE', *, *, #2780, .F. ) ;
#3843 = ADVANCED_FACE ( 'NONE', ( #5285 ), #4917, .F. ) ;
#3844 = EDGE_CURVE ( 'NONE', #2361, #79, #3594, .T. ) ;
#3845 = VERTEX_POINT ( 'NONE', #4079 ) ;
#3846 = DIRECTION ( 'NONE',  ( 0.0000000000000000000, -1.000000000000000000, 0.0000000000000000000 ) ) ;
#3847 = DIRECTION ( 'NONE',  ( 1.000000000000000000, 0.0000000000000000000, 0.0000000000000000000 ) ) ;
#3848 = LINE ( 'NONE', #3737, #1174 ) ;
#3849 = ADVANCED_FACE ( 'NONE', ( #4042 ), #4049, .T. ) ;
#3850 = EDGE_LOOP ( 'NONE', ( #639, #4997, #4736, #574, #3832, #1495 ) ) ;
#3851 = ORIENTED_EDGE ( 'NONE', *, *, #138, .T. ) ;
#3852 = EDGE_CURVE ( 'NONE', #3024, #2361, #554, .T. ) ;
#3853 = DIRECTION ( 'NONE',  ( -1.000000000000000000, -1.224606353822377258E-16, -0.0000000000000000000 ) ) ;
#3854 = PLANE ( 'NONE',  #2351 ) ;
#3855 = CARTESIAN_POINT ( 'NONE',  ( 5.000000000000000000, 5.258101095580054736E-15, 4.057500000000000107 ) ) ;
#3856 = ORIENTED_EDGE ( 'NONE', *, *, #3290, .T. ) ;
#3857 = CYLINDRICAL_SURFACE ( 'NONE', #2070, 4.999999999999887201 ) ;
#3858 = CARTESIAN_POINT ( 'NONE',  ( 25.43393850830430480, 2.235490958484726577E-15, 0.0000000000000000000 ) ) ;
#3859 = EDGE_CURVE ( 'NONE', #205, #3024, #188, .T. ) ;
#3860 = CARTESIAN_POINT ( 'NONE',  ( 19.51727184163763695, 6.123233995736253523E-16, -5.000000000000002665 ) ) ;
#3861 = ORIENTED_EDGE ( 'NONE', *, *, #4455, .T. ) ;
#3862 = CARTESIAN_POINT ( 'NONE',  ( 18.03810517497097266, -5.161492250957792086E-29, 5.000000000000002665 ) ) ;
#3863 = EDGE_LOOP ( 'NONE', ( #2067, #3750, #1262, #3925, #4035 ) ) ;
#3864 = EDGE_CURVE ( 'NONE', #205, #4566, #716, .T. ) ;
#3865 = CARTESIAN_POINT ( 'NONE',  ( 16.55893850830430480, 5.000000000000005329, 0.0000000000000000000 ) ) ;
#3866 = ADVANCED_FACE ( 'NONE', ( #5356 ), #255, .T. ) ;
#3867 = CARTESIAN_POINT ( 'NONE',  ( 25.43393850830430480, 2.235490958484726577E-15, 0.0000000000000000000 ) ) ;
#3868 = DIRECTION ( 'NONE',  ( 0.0000000000000000000, -1.000000000000000000, 0.0000000000000000000 ) ) ;
#3869 = CARTESIAN_POINT ( 'NONE',  ( 45.56250000000000711, -4.172000000000000597, 0.0000000000000000000 ) ) ;
#3870 = CARTESIAN_POINT ( 'NONE',  ( 16.55893850830430480, 2.235490958484726577E-15, 0.0000000000000000000 ) ) ;
#3871 = EDGE_CURVE ( 'NONE', #4566, #2473, #4157, .T. ) ;
#3872 = DIRECTION ( 'NONE',  ( 0.0000000000000000000, 1.000000000000000000, 0.0000000000000000000 ) ) ;
#3873 = CONICAL_SURFACE ( 'NONE', #946, 4.171999999999999709, 0.7853981633971890419 ) ;
#3874 = ORIENTED_EDGE ( 'NONE', *, *, #4976, .F. ) ;
#3875 = ORIENTED_EDGE ( 'NONE', *, *, #3253, .F. ) ;
#3876 = DIRECTION ( 'NONE',  ( 1.000000000000000000, 1.224606353822377258E-16, 0.0000000000000000000 ) ) ;
#3877 = FACE_OUTER_BOUND ( 'NONE', #3741, .T. ) ;
#3878 = CYLINDRICAL_SURFACE ( 'NONE', #4402, 4.999999999999887201 ) ;
#3879 = ORIENTED_EDGE ( 'NONE', *, *, #4639, .F. ) ;
#3880 = ORIENTED_EDGE ( 'NONE', *, *, #2539, .T. ) ;
#3881 = DIRECTION ( 'NONE',  ( 0.0000000000000000000, -1.000000000000000000, 0.0000000000000000000 ) ) ;
#3882 = CIRCLE ( 'NONE', #725, 4.999999999999773515 ) ;
#3883 = CARTESIAN_POINT ( 'NONE',  ( -31.74999999999995737, 0.0000000000000000000, 0.0000000000000000000 ) ) ;
#3884 = EDGE_CURVE ( 'NONE', #3753, #4823, #1003, .T. ) ;
#3885 = ORIENTED_EDGE ( 'NONE', *, *, #2602, .T. ) ;
#3886 = VECTOR ( 'NONE', #4958, 999.9999999999998863 ) ;
#3887 = DIRECTION ( 'NONE',  ( 0.0000000000000000000, -1.000000000000000000, 0.0000000000000000000 ) ) ;
#3888 = DIRECTION ( 'NONE',  ( -1.000000000000000000, -1.224606353822377258E-16, -0.0000000000000000000 ) ) ;
#3889 = VECTOR ( 'NONE', #4831, 1000.000000000000000 ) ;
#3890 = ORIENTED_EDGE ( 'NONE', *, *, #4265, .T. ) ;
#3891 = EDGE_LOOP ( 'NONE', ( #2622, #2942, #5106, #1214, #4261 ) ) ;
#3892 = EDGE_CURVE ( 'NONE', #79, #3385, #3013, .T. ) ;
#3893 = CARTESIAN_POINT ( 'NONE',  ( 25.75356149169569164, 2.093492502277375926E-15, 0.0000000000000000000 ) ) ;
#3894 = ORIENTED_EDGE ( 'NONE', *, *, #5130, .F. ) ;
#3895 = ORIENTED_EDGE ( 'NONE', *, *, #2810, .T. ) ;
#3896 = ORIENTED_EDGE ( 'NONE', *, *, #2676, .T. ) ;
#3897 = EDGE_CURVE ( 'NONE', #3385, #1827, #1840, .T. ) ;
#3898 = EDGE_CURVE ( 'NONE', #2996, #1827, #3306, .T. ) ;
#3899 = DIRECTION ( 'NONE',  ( -1.000000000000000000, -0.0000000000000000000, -0.0000000000000000000 ) ) ;
#3900 = CARTESIAN_POINT ( 'NONE',  ( 5.000000000000000000, -2.342598717236908268, 4.057500000000003659 ) ) ;
#3901 = ORIENTED_EDGE ( 'NONE', *, *, #3405, .T. ) ;
#3902 = ADVANCED_FACE ( 'NONE', ( #3313 ), #4100, .T. ) ;
#3903 = DIRECTION ( 'NONE',  ( 1.000000000000000000, 1.224606353822377258E-16, 0.0000000000000000000 ) ) ;
#3904 = DIRECTION ( 'NONE',  ( 1.000000000000000000, 1.224606353822377258E-16, 0.0000000000000000000 ) ) ;
#3905 = CARTESIAN_POINT ( 'NONE',  ( 42.02439482502902734, 2.093492502277375926E-15, 0.0000000000000000000 ) ) ;
#3906 = ORIENTED_EDGE ( 'NONE', *, *, #4761, .T. ) ;
#3907 = EDGE_CURVE ( 'NONE', #3389, #2996, #3487, .T. ) ;
#3908 = ADVANCED_FACE ( 'NONE', ( #5222 ), #3830, .T. ) ;
#3909 = LINE ( 'NONE', #5213, #1033 ) ;
#3910 = ORIENTED_EDGE ( 'NONE', *, *, #1272, .T. ) ;
#3911 = ORIENTED_EDGE ( 'NONE', *, *, #3802, .F. ) ;
#3912 = EDGE_LOOP ( 'NONE', ( #2100, #2184, #2091, #2057, #3727 ) ) ;
#3913 = ORIENTED_EDGE ( 'NONE', *, *, #2676, .F. ) ;
#3914 = DIRECTION ( 'NONE',  ( -1.000000000000000000, -1.224606353822377258E-16, -0.0000000000000000000 ) ) ;
#3915 = DIRECTION ( 'NONE',  ( -1.000000000000000000, -0.0000000000000000000, -0.0000000000000000000 ) ) ;
#3916 = VECTOR ( 'NONE', #381, 1000.000000000000114 ) ;
#3917 = DIRECTION ( 'NONE',  ( 0.0000000000000000000, -1.000000000000000000, 0.0000000000000000000 ) ) ;
#3918 = DIRECTION ( 'NONE',  ( -1.000000000000000000, -1.224606353822377258E-16, -0.0000000000000000000 ) ) ;
#3919 = EDGE_CURVE ( 'NONE', #2361, #3389, #1422, .T. ) ;
#3920 = DIRECTION ( 'NONE',  ( -1.000000000000000000, -1.224606353822377258E-16, -0.0000000000000000000 ) ) ;
#3921 = ORIENTED_EDGE ( 'NONE', *, *, #3310, .T. ) ;
#3922 = LINE ( 'NONE', #1744, #1973 ) ;
#3923 = CARTESIAN_POINT ( 'NONE',  ( 26.91310517497097621, 2.235490958484726577E-15, 0.0000000000000000000 ) ) ;
#3924 = CARTESIAN_POINT ( 'NONE',  ( 20.99643850830430836, 2.235490958484726577E-15, 0.0000000000000000000 ) ) ;
#3925 = ORIENTED_EDGE ( 'NONE', *, *, #2800, .T. ) ;
#3926 = AXIS2_PLACEMENT_3D ( 'NONE', #181, #153, #218 ) ;
#3927 = DIRECTION ( 'NONE',  ( 0.0000000000000000000, -1.000000000000000000, 0.0000000000000000000 ) ) ;
#3928 = DIRECTION ( 'NONE',  ( 0.0000000000000000000, -1.000000000000000000, 0.0000000000000000000 ) ) ;
#3929 = EDGE_LOOP ( 'NONE', ( #1644, #3094, #4928, #1850, #199 ) ) ;
#3930 = CARTESIAN_POINT ( 'NONE',  ( -31.74999999999995737, 0.0000000000000000000, 0.0000000000000000000 ) ) ;
#3931 = EDGE_LOOP ( 'NONE', ( #4634, #4696, #686, #2799, #1570, #4799 ) ) ;
#3932 = DIRECTION ( 'NONE',  ( 0.5735764363510444941, 0.8191520442889929088, 0.0000000000000000000 ) ) ;
#3933 = EDGE_CURVE ( 'NONE', #927, #2161, #1353, .T. ) ;
#3934 = ADVANCED_FACE ( 'NONE', ( #636 ), #5055, .T. ) ;
#3935 = CIRCLE ( 'NONE', #4567, 5.000000000000001776 ) ;
#3936 = ORIENTED_EDGE ( 'NONE', *, *, #4644, .T. ) ;
#3937 = EDGE_CURVE ( 'NONE', #2161, #4014, #1156, .T. ) ;
#3938 = EDGE_CURVE ( 'NONE', #5190, #4014, #2617, .T. ) ;
#3939 = ORIENTED_EDGE ( 'NONE', *, *, #4253, .F. ) ;
#3940 = CARTESIAN_POINT ( 'NONE',  ( -31.74999999999995737, 6.123233995736628232E-16, -4.999999999999887201 ) ) ;
#3941 = EDGE_CURVE ( 'NONE', #3425, #5190, #1009, .T. ) ;
#3942 = AXIS2_PLACEMENT_3D ( 'NONE', #444, #438, #436 ) ;
#3943 = EDGE_LOOP ( 'NONE', ( #3535, #3652, #5320, #4746, #3443 ) ) ;
#3944 = FILL_AREA_STYLE ('',( #2029 ) ) ;
#3945 = CARTESIAN_POINT ( 'NONE',  ( 26.91310517497097621, 5.000000000000005329, 0.0000000000000000000 ) ) ;
#3946 = ORIENTED_EDGE ( 'NONE', *, *, #4600, .T. ) ;
#3947 = CARTESIAN_POINT ( 'NONE',  ( 46.14227184163763695, 5.000000000000004441, 0.0000000000000000000 ) ) ;
#3948 = ORIENTED_EDGE ( 'NONE', *, *, #1890, .T. ) ;
#3949 = CARTESIAN_POINT ( 'NONE',  ( 47.04166666666667140, 4.172000000000004150, 0.0000000000000000000 ) ) ;
#3950 = VERTEX_POINT ( 'NONE', #3722 ) ;
#3951 = FACE_OUTER_BOUND ( 'NONE', #596, .T. ) ;
#3952 = DIRECTION ( 'NONE',  ( 0.0000000000000000000, -1.000000000000000000, 0.0000000000000000000 ) ) ;
#3953 = EDGE_LOOP ( 'NONE', ( #4208, #519, #972, #1354, #4377 ) ) ;
#3954 = DIRECTION ( 'NONE',  ( 0.0000000000000000000, 0.0000000000000000000, 1.000000000000000000 ) ) ;
#3955 = CARTESIAN_POINT ( 'NONE',  ( -0.0000000000000000000, -4.685197434473821865, 3.469446951953614189E-15 ) ) ;
#3956 = EDGE_CURVE ( 'NONE', #927, #3425, #2753, .T. ) ;
#3957 = ORIENTED_EDGE ( 'NONE', *, *, #4599, .F. ) ;
#3958 = ORIENTED_EDGE ( 'NONE', *, *, #3242, .F. ) ;
#3959 = DIRECTION ( 'NONE',  ( 0.0000000000000000000, 0.0000000000000000000, 1.000000000000000000 ) ) ;
#3960 = EDGE_LOOP ( 'NONE', ( #4949, #1724, #1911, #4060, #2249 ) ) ;
#3961 = DIRECTION ( 'NONE',  ( 0.0000000000000000000, -1.000000000000000000, 0.0000000000000000000 ) ) ;
#3962 = EDGE_CURVE ( 'NONE', #927, #2094, #3424, .T. ) ;
#3963 = ADVANCED_FACE ( 'NONE', ( #1282 ), #3544, .T. ) ;
#3964 = CARTESIAN_POINT ( 'NONE',  ( 42.60416666666667140, 2.164491730381051252E-15, 0.0000000000000000000 ) ) ;
#3965 = DIRECTION ( 'NONE',  ( 0.0000000000000000000, 1.000000000000000000, 0.0000000000000000000 ) ) ;
#3966 = LINE ( 'NONE', #1982, #3627 ) ;
#3967 = VERTEX_POINT ( 'NONE', #3597 ) ;
#3968 = DIRECTION ( 'NONE',  ( 0.0000000000000000000, -1.000000000000000000, 0.0000000000000000000 ) ) ;
#3969 = DIRECTION ( 'NONE',  ( -1.000000000000000000, -1.224606353822377258E-16, -0.0000000000000000000 ) ) ;
#3970 = EDGE_CURVE ( 'NONE', #2094, #3389, #4726, .T. ) ;
#3971 = ORIENTED_EDGE ( 'NONE', *, *, #4968, .F. ) ;
#3972 = CONICAL_SURFACE ( 'NONE', #2140, 4.172000000000002373, 0.9599310885968798113 ) ;
#3973 = CIRCLE ( 'NONE', #759, 5.000000000000002665 ) ;
#3974 = CARTESIAN_POINT ( 'NONE',  ( 5.000000000000000000, 2.342598717236898942, -4.057500000000005436 ) ) ;
#3975 = DIRECTION ( 'NONE',  ( -1.000000000000000000, -0.0000000000000000000, -0.0000000000000000000 ) ) ;
#3976 = DIRECTION ( 'NONE',  ( 0.0000000000000000000, -1.000000000000000000, 0.0000000000000000000 ) ) ;
#3977 = CONICAL_SURFACE ( 'NONE', #661, 5.000000000000002665, 0.9599310885968831419 ) ;
#3978 = AXIS2_PLACEMENT_3D ( 'NONE', #2350, #3719, #2438 ) ;
#3979 = VECTOR ( 'NONE', #2300, 999.9999999999998863 ) ;
#3980 = DIRECTION ( 'NONE',  ( 0.0000000000000000000, -1.000000000000000000, 0.0000000000000000000 ) ) ;
#3981 = LINE ( 'NONE', #920, #4311 ) ;
#3982 = VERTEX_POINT ( 'NONE', #3572 ) ;
#3983 = CARTESIAN_POINT ( 'NONE',  ( 35.78810517497097266, -5.000000000000000000, 6.123233995736770227E-16 ) ) ;
#3984 = CIRCLE ( 'NONE', #5085, 5.000000000000001776 ) ;
#3985 = ADVANCED_FACE ( 'NONE', ( #2885 ), #328, .T. ) ;
#3986 = LINE ( 'NONE', #5179, #4870 ) ;
#3987 = CONICAL_SURFACE ( 'NONE', #794, 4.172000000000002373, 0.9599310885968798113 ) ;
#3988 = DIRECTION ( 'NONE',  ( -1.000000000000000000, -1.224606353822377258E-16, -0.0000000000000000000 ) ) ;
#3989 = DIRECTION ( 'NONE',  ( -1.000000000000000000, -1.224606353822377258E-16, -0.0000000000000000000 ) ) ;
#3990 = EDGE_LOOP ( 'NONE', ( #1848, #1785, #1880, #1868, #154 ) ) ;
#3991 = LINE ( 'NONE', #2391, #2496 ) ;
#3992 = ORIENTED_EDGE ( 'NONE', *, *, #4666, .F. ) ;
#3993 = EDGE_CURVE ( 'NONE', #2161, #2996, #1268, .T. ) ;
#3994 = EDGE_CURVE ( 'NONE', #4014, #2788, #2691, .T. ) ;
#3995 = VERTEX_POINT ( 'NONE', #3501 ) ;
#3996 = LINE ( 'NONE', #4766, #4114 ) ;
#3997 = ORIENTED_EDGE ( 'NONE', *, *, #2913, .T. ) ;
#3998 = SURFACE_STYLE_USAGE ( .BOTH. , #4009 ) ;
#3999 = CARTESIAN_POINT ( 'NONE',  ( -31.74999999999995737, 0.0000000000000000000, 0.0000000000000000000 ) ) ;
#4000 = LINE ( 'NONE', #3526, #3605 ) ;
#4001 = ORIENTED_EDGE ( 'NONE', *, *, #1612, .T. ) ;
#4002 = ORIENTED_EDGE ( 'NONE', *, *, #2817, .F. ) ;
#4003 = DIRECTION ( 'NONE',  ( 0.0000000000000000000, -1.000000000000000000, 0.0000000000000000000 ) ) ;
#4004 = DIRECTION ( 'NONE',  ( -1.000000000000000000, -1.224606353822377258E-16, -0.0000000000000000000 ) ) ;
#4005 = CARTESIAN_POINT ( 'NONE',  ( 32.82977184163764406, 2.235490958484726577E-15, 0.0000000000000000000 ) ) ;
#4006 = EDGE_LOOP ( 'NONE', ( #3559, #3997, #4448, #4558, #4453, #4222 ) ) ;
#4007 = EDGE_CURVE ( 'NONE', #2788, #3415, #2489, .T. ) ;
#4008 = EDGE_CURVE ( 'NONE', #1140, #3415, #3707, .T. ) ;
#4009 = SURFACE_SIDE_STYLE ('',( #2210 ) ) ;
#4010 = CARTESIAN_POINT ( 'NONE',  ( 25.75356149169569164, 2.093492502277375926E-15, 0.0000000000000000000 ) ) ;
#4011 = ORIENTED_EDGE ( 'NONE', *, *, #3611, .F. ) ;
#4012 = CARTESIAN_POINT ( 'NONE',  ( 46.46189482502902734, 2.093492502277375926E-15, 0.0000000000000000000 ) ) ;
#4013 = ORIENTED_EDGE ( 'NONE', *, *, #141, .T. ) ;
#4014 = VERTEX_POINT ( 'NONE', #3518 ) ;
#4015 = VERTEX_POINT ( 'NONE', #3452 ) ;
#4016 = EDGE_CURVE ( 'NONE', #1232, #1140, #1417, .T. ) ;
#4017 =( LENGTH_UNIT ( ) NAMED_UNIT ( * ) SI_UNIT ( .MILLI., .METRE. ) );
#4018 = DIRECTION ( 'NONE',  ( -0.5735764363510472696, -0.8191520442889910214, 0.0000000000000000000 ) ) ;
#4019 = EDGE_CURVE ( 'NONE', #5190, #1232, #2073, .T. ) ;
#4020 = CIRCLE ( 'NONE', #3564, 5.000000000000001776 ) ;
#4021 = EDGE_CURVE ( 'NONE', #4408, #5204, #1706, .T. ) ;
#4022 = ORIENTED_EDGE ( 'NONE', *, *, #4570, .T. ) ;
#4023 = CARTESIAN_POINT ( 'NONE',  ( 26.33333333333333215, -4.172000000000000597, 0.0000000000000000000 ) ) ;
#4024 = AXIS2_PLACEMENT_3D ( 'NONE', #5200, #3551, #1548 ) ;
#4025 = EDGE_CURVE ( 'NONE', #5204, #244, #5236, .T. ) ;
#4026 = EDGE_CURVE ( 'NONE', #1116, #244, #5171, .T. ) ;
#4027 = CARTESIAN_POINT ( 'NONE',  ( 43.18393850830430836, 2.235490958484726577E-15, 0.0000000000000000000 ) ) ;
#4028 = EDGE_LOOP ( 'NONE', ( #3775, #5003, #5010, #5068, #5136, #2168 ) ) ;
#4029 = ADVANCED_FACE ( 'NONE', ( #1697 ), #3655, .T. ) ;
#4030 = CARTESIAN_POINT ( 'NONE',  ( 23.37500000000000000, 2.164491730381051252E-15, 0.0000000000000000000 ) ) ;
#4031 = ORIENTED_EDGE ( 'NONE', *, *, #4941, .T. ) ;
#4032 = EDGE_CURVE ( 'NONE', #5129, #1116, #2149, .T. ) ;
#4033 = DIRECTION ( 'NONE',  ( 0.0000000000000000000, -1.000000000000000000, 0.0000000000000000000 ) ) ;
#4034 = DIRECTION ( 'NONE',  ( 0.0000000000000000000, 0.0000000000000000000, 1.000000000000000000 ) ) ;
#4035 = ORIENTED_EDGE ( 'NONE', *, *, #5063, .T. ) ;
#4036 = CIRCLE ( 'NONE', #684, 5.000000000000001776 ) ;
#4037 = CARTESIAN_POINT ( 'NONE',  ( 36.10772815836236305, -4.999999999999999112, 0.0000000000000000000 ) ) ;
#4038 = ORIENTED_EDGE ( 'NONE', *, *, #4400, .F. ) ;
#4039 = CIRCLE ( 'NONE', #5260, 5.000000000000001776 ) ;
#4040 = ORIENTED_EDGE ( 'NONE', *, *, #1369, .T. ) ;
#4041 = CARTESIAN_POINT ( 'NONE',  ( 33.72916666666667140, 2.164491730381051252E-15, 0.0000000000000000000 ) ) ;
#4042 = FACE_OUTER_BOUND ( 'NONE', #909, .T. ) ;
#4043 = DIRECTION ( 'NONE',  ( 0.0000000000000000000, -0.5000000000000014433, -0.8660254037844378194 ) ) ;
#4044 = ORIENTED_EDGE ( 'NONE', *, *, #4205, .T. ) ;
#4045 = EDGE_CURVE ( 'NONE', #4408, #5129, #4605, .T. ) ;
#4046 = EDGE_CURVE ( 'NONE', #4408, #4495, #3549, .T. ) ;
#4047 = CARTESIAN_POINT ( 'NONE',  ( 26.91310517497097621, -5.000000000000000000, 6.123233995736770227E-16 ) ) ;
#4048 = EDGE_CURVE ( 'NONE', #4495, #1232, #4979, .T. ) ;
#4049 = CONICAL_SURFACE ( 'NONE', #264, 4.172000000000002373, 0.9599310885968798113 ) ;
#4050 = DIRECTION ( 'NONE',  ( 0.0000000000000000000, -1.000000000000000000, 0.0000000000000000000 ) ) ;
#4051 = CARTESIAN_POINT ( 'NONE',  ( 38.16666666666667140, 2.164491730381051252E-15, 0.0000000000000000000 ) ) ;
#4052 = DIRECTION ( 'NONE',  ( -1.000000000000000000, -0.0000000000000000000, -0.0000000000000000000 ) ) ;
#4053 = ORIENTED_EDGE ( 'NONE', *, *, #4694, .T. ) ;
#4054 = EDGE_CURVE ( 'NONE', #3982, #4906, #2896, .T. ) ;
#4055 = EDGE_CURVE ( 'NONE', #5204, #1140, #1923, .T. ) ;
#4056 = CARTESIAN_POINT ( 'NONE',  ( 42.60416666666667140, -4.172000000000000597, 0.0000000000000000000 ) ) ;
#4057 = ORIENTED_EDGE ( 'NONE', *, *, #2695, .T. ) ;
#4058 = ORIENTED_EDGE ( 'NONE', *, *, #2810, .F. ) ;
#4059 = EDGE_CURVE ( 'NONE', #244, #3116, #4662, .T. ) ;
#4060 = ORIENTED_EDGE ( 'NONE', *, *, #4073, .T. ) ;
#4061 = DIRECTION ( 'NONE',  ( 0.0000000000000000000, -1.000000000000000000, 0.0000000000000000000 ) ) ;
#4062 = DIRECTION ( 'NONE',  ( 0.5735764363510447161, -0.8191520442889927978, 1.003171929053526103E-16 ) ) ;
#4063 = VECTOR ( 'NONE', #2953, 999.9999999999998863 ) ;
#4064 = DIRECTION ( 'NONE',  ( 0.0000000000000000000, 1.000000000000000000, 0.0000000000000000000 ) ) ;
#4065 = ORIENTED_EDGE ( 'NONE', *, *, #4706, .T. ) ;
#4066 = FACE_OUTER_BOUND ( 'NONE', #2352, .T. ) ;
#4067 = EDGE_CURVE ( 'NONE', #3116, #4362, #5178, .T. ) ;
#4068 = DIRECTION ( 'NONE',  ( -1.000000000000000000, -1.224606353822377258E-16, -0.0000000000000000000 ) ) ;
#4069 = CARTESIAN_POINT ( 'NONE',  ( 25.75356149169569164, 2.093492502277375926E-15, 0.0000000000000000000 ) ) ;
#4070 = ORIENTED_EDGE ( 'NONE', *, *, #3512, .T. ) ;
#4071 = ORIENTED_EDGE ( 'NONE', *, *, #4370, .T. ) ;
#4072 = FACE_OUTER_BOUND ( 'NONE', #2637, .T. ) ;
#4073 = EDGE_CURVE ( 'NONE', #2010, #4362, #115, .T. ) ;
#4074 = DIRECTION ( 'NONE',  ( 0.0000000000000000000, -1.000000000000000000, 0.0000000000000000000 ) ) ;
#4075 = EDGE_CURVE ( 'NONE', #2829, #2010, #3300, .T. ) ;
#4076 = FACE_OUTER_BOUND ( 'NONE', #5301, .T. ) ;
#4077 = DIRECTION ( 'NONE',  ( 0.0000000000000000000, -0.4999999999999994449, 0.8660254037844389297 ) ) ;
#4078 = ORIENTED_EDGE ( 'NONE', *, *, #138, .F. ) ;
#4079 = CARTESIAN_POINT ( 'NONE',  ( 48.52083333333333570, -4.172000000000000597, 5.616230220889765396E-16 ) ) ;
#4080 = DIRECTION ( 'NONE',  ( 0.0000000000000000000, 1.000000000000000000, 0.0000000000000000000 ) ) ;
#4081 = EDGE_CURVE ( 'NONE', #1116, #2829, #5225, .T. ) ;
#4082 = EDGE_CURVE ( 'NONE', #2641, #549, #2217, .T. ) ;
#4083 = CIRCLE ( 'NONE', #1753, 5.000000000000001776 ) ;
#4084 = FACE_OUTER_BOUND ( 'NONE', #683, .T. ) ;
#4085 = ADVANCED_FACE ( 'NONE', ( #4992 ), #628, .T. ) ;
#4086 = ORIENTED_EDGE ( 'NONE', *, *, #3663, .T. ) ;
#4087 = CARTESIAN_POINT ( 'NONE',  ( 15.97916666666666963, 2.164491730381051252E-15, 0.0000000000000000000 ) ) ;
#4088 = ORIENTED_EDGE ( 'NONE', *, *, #5319, .F. ) ;
#4089 = CIRCLE ( 'NONE', #4352, 5.000000000000001776 ) ;
#4090 = CIRCLE ( 'NONE', #1399, 4.172000000000002373 ) ;
#4091 = DIRECTION ( 'NONE',  ( 0.5735764363510444941, 0.8191520442889929088, 0.0000000000000000000 ) ) ;
#4092 = CIRCLE ( 'NONE', #631, 5.000000000000002665 ) ;
#4093 = CARTESIAN_POINT ( 'NONE',  ( -31.74999999999995737, 0.0000000000000000000, 0.0000000000000000000 ) ) ;
#4094 = ORIENTED_EDGE ( 'NONE', *, *, #1620, .F. ) ;
#4095 = ORIENTED_EDGE ( 'NONE', *, *, #3844, .T. ) ;
#4096 = LINE ( 'NONE', #627, #3752 ) ;
#4097 = DIRECTION ( 'NONE',  ( -1.000000000000000000, -1.224606353822377258E-16, -0.0000000000000000000 ) ) ;
#4098 = EDGE_CURVE ( 'NONE', #549, #1700, #859, .T. ) ;
#4099 = ORIENTED_EDGE ( 'NONE', *, *, #3173, .F. ) ;
#4100 = CONICAL_SURFACE ( 'NONE', #220, 5.000000000000002665, 0.9599310885968831419 ) ;
#4101 = DIRECTION ( 'NONE',  ( 0.0000000000000000000, 0.0000000000000000000, -1.000000000000000000 ) ) ;
#4102 = ADVANCED_FACE ( 'NONE', ( #3430 ), #3195, .T. ) ;
#4103 = DIRECTION ( 'NONE',  ( 1.000000000000000000, 0.0000000000000000000, 0.0000000000000000000 ) ) ;
#4104 = CIRCLE ( 'NONE', #1078, 4.172000000000002373 ) ;
#4105 = EDGE_CURVE ( 'NONE', #432, #1700, #4802, .T. ) ;
#4106 = LINE ( 'NONE', #15, #5350 ) ;
#4107 = EDGE_CURVE ( 'NONE', #2559, #432, #2944, .T. ) ;
#4108 = ADVANCED_FACE ( 'NONE', ( #2997 ), #3077, .T. ) ;
#4109 = LINE ( 'NONE', #1360, #110 ) ;
#4110 = ORIENTED_EDGE ( 'NONE', *, *, #4171, .F. ) ;
#4111 = ADVANCED_FACE ( 'NONE', ( #4591 ), #2226, .T. ) ;
#4112 = DIRECTION ( 'NONE',  ( 0.0000000000000000000, -1.000000000000000000, 0.0000000000000000000 ) ) ;
#4113 = CARTESIAN_POINT ( 'NONE',  ( 22.79522815836235949, 6.123233995736290008E-16, -5.000000000000001776 ) ) ;
#4114 = VECTOR ( 'NONE', #4777, 999.9999999999998863 ) ;
#4115 = ORIENTED_EDGE ( 'NONE', *, *, #3310, .F. ) ;
#4116 = ORIENTED_EDGE ( 'NONE', *, *, #2878, .F. ) ;
#4117 = EDGE_CURVE ( 'NONE', #2641, #2559, #5060, .T. ) ;
#4118 = CIRCLE ( 'NONE', #796, 5.000000000000001776 ) ;
#4119 = ORIENTED_EDGE ( 'NONE', *, *, #2809, .F. ) ;
#4120 = CARTESIAN_POINT ( 'NONE',  ( 43.18393850830430836, 5.000000000000005329, 0.0000000000000000000 ) ) ;
#4121 = CARTESIAN_POINT ( 'NONE',  ( 43.18393850830430836, -5.000000000000000000, 6.123233995736770227E-16 ) ) ;
#4122 = CARTESIAN_POINT ( 'NONE',  ( 0.0000000000000000000, 0.0000000000000000000, 0.0000000000000000000 ) ) ;
#4123 = ORIENTED_EDGE ( 'NONE', *, *, #3780, .F. ) ;
#4124 = ORIENTED_EDGE ( 'NONE', *, *, #4390, .F. ) ;
#4125 = DIRECTION ( 'NONE',  ( 0.0000000000000000000, -1.000000000000000000, 0.0000000000000000000 ) ) ;
#4126 = DIRECTION ( 'NONE',  ( -1.000000000000000000, -0.0000000000000000000, -0.0000000000000000000 ) ) ;
#4127 = LINE ( 'NONE', #4631, #4063 ) ;
#4128 = AXIS2_PLACEMENT_3D ( 'NONE', #76, #3062, #674 ) ;
#4129 = EDGE_CURVE ( 'NONE', #2641, #3200, #3702, .T. ) ;
#4130 = ORIENTED_EDGE ( 'NONE', *, *, #5083, .F. ) ;
#4131 = CARTESIAN_POINT ( 'NONE',  ( 42.02439482502902734, 2.093492502277375926E-15, 0.0000000000000000000 ) ) ;
#4132 = ORIENTED_EDGE ( 'NONE', *, *, #792, .F. ) ;
#4133 = DIRECTION ( 'NONE',  ( 0.5735764363510447161, -0.8191520442889927978, 1.003171929053526103E-16 ) ) ;
#4134 = LINE ( 'NONE', #54, #5264 ) ;
#4135 = ORIENTED_EDGE ( 'NONE', *, *, #4734, .F. ) ;
#4136 = EDGE_CURVE ( 'NONE', #3200, #2829, #195, .T. ) ;
#4137 = DIRECTION ( 'NONE',  ( -0.5735764363510474917, 0.8191520442889909104, 1.003171929053523761E-16 ) ) ;
#4138 = CARTESIAN_POINT ( 'NONE',  ( 15.07977184163763873, -5.000000000000000888, 6.123233995736771213E-16 ) ) ;
#4139 = EDGE_CURVE ( 'NONE', #549, #2010, #1918, .T. ) ;
#4140 = CIRCLE ( 'NONE', #4689, 5.000000000000002665 ) ;
#4141 = ADVANCED_FACE ( 'NONE', ( #2278 ), #2135, .F. ) ;
#4142 = ORIENTED_EDGE ( 'NONE', *, *, #124, .T. ) ;
#4143 = CARTESIAN_POINT ( 'NONE',  ( 13.92022815836235949, -4.737787663192600199E-29, 5.000000000000001776 ) ) ;
#4144 = DIRECTION ( 'NONE',  ( 0.0000000000000000000, -1.000000000000000000, 0.0000000000000000000 ) ) ;
#4145 = AXIS2_PLACEMENT_3D ( 'NONE', #2388, #2342, #2328 ) ;
#4146 = VECTOR ( 'NONE', #3796, 1000.000000000000114 ) ;
#4147 = EDGE_CURVE ( 'NONE', #1700, #4602, #4848, .T. ) ;
#4148 = ORIENTED_EDGE ( 'NONE', *, *, #4897, .T. ) ;
#4149 = PRESENTATION_STYLE_ASSIGNMENT (( #1114 ) ) ;
#4150 = DIRECTION ( 'NONE',  ( -1.000000000000000000, -1.224606353822377258E-16, -0.0000000000000000000 ) ) ;
#4151 = EDGE_LOOP ( 'NONE', ( #3619, #4185 ) ) ;
#4152 = ORIENTED_EDGE ( 'NONE', *, *, #3059, .F. ) ;
#4153 = EDGE_CURVE ( 'NONE', #4602, #1994, #2940, .T. ) ;
#4154 = EDGE_CURVE ( 'NONE', #5073, #1994, #3482, .T. ) ;
#4155 = VERTEX_POINT ( 'NONE', #2588 ) ;
#4156 = DIRECTION ( 'NONE',  ( 0.0000000000000000000, -0.5000000000000014433, -0.8660254037844378194 ) ) ;
#4157 = CIRCLE ( 'NONE', #237, 5.000000000000002665 ) ;
#4158 = DIRECTION ( 'NONE',  ( -1.000000000000000000, -1.224606353822377258E-16, -0.0000000000000000000 ) ) ;
#4159 = CARTESIAN_POINT ( 'NONE',  ( 5.000000000000000000, -2.342598717236917594, -4.057500000000000107 ) ) ;
#4160 = CARTESIAN_POINT ( 'NONE',  ( -0.0000000000000000000, -2.342598717236917594, -4.057500000000000107 ) ) ;
#4161 = ORIENTED_EDGE ( 'NONE', *, *, #1620, .T. ) ;
#4162 = ORIENTED_EDGE ( 'NONE', *, *, #4826, .F. ) ;
#4163 = AXIS2_PLACEMENT_3D ( 'NONE', #2, #2301, #3824 ) ;
#4164 = CARTESIAN_POINT ( 'NONE',  ( 26.33333333333333215, 2.164491730381051252E-15, 0.0000000000000000000 ) ) ;
#4165 = EDGE_LOOP ( 'NONE', ( #2460, #2480, #2501, #2506, #2510 ) ) ;
#4166 = ORIENTED_EDGE ( 'NONE', *, *, #3068, .T. ) ;
#4167 = ORIENTED_EDGE ( 'NONE', *, *, #4601, .T. ) ;
#4168 = CARTESIAN_POINT ( 'NONE',  ( 14.50000000000000000, -4.172000000000000597, 5.616230220889765396E-16 ) ) ;
#4169 = ORIENTED_EDGE ( 'NONE', *, *, #4274, .F. ) ;
#4170 = CARTESIAN_POINT ( 'NONE',  ( 30.19106149169569520, 2.093492502277375926E-15, 0.0000000000000000000 ) ) ;
#4171 = EDGE_CURVE ( 'NONE', #1839, #5073, #3371, .T. ) ;
#4172 = VERTEX_POINT ( 'NONE', #2643 ) ;
#4173 = ORIENTED_EDGE ( 'NONE', *, *, #3349, .T. ) ;
#4174 = FACE_OUTER_BOUND ( 'NONE', #1805, .T. ) ;
#4175 = AXIS2_PLACEMENT_3D ( 'NONE', #4686, #2792, #405 ) ;
#4176 = VERTEX_POINT ( 'NONE', #2541 ) ;
#4177 = ORIENTED_EDGE ( 'NONE', *, *, #4734, .T. ) ;
#4178 = DIRECTION ( 'NONE',  ( -1.000000000000000000, -1.224606353822377258E-16, -0.0000000000000000000 ) ) ;
#4179 = CARTESIAN_POINT ( 'NONE',  ( 26.33333333333333215, 4.172000000000004150, 5.109226446042759579E-16 ) ) ;
#4180 = ORIENTED_EDGE ( 'NONE', *, *, #3090, .T. ) ;
#4181 = CIRCLE ( 'NONE', #1338, 5.000000000000001776 ) ;
#4182 = DIRECTION ( 'NONE',  ( -0.5735764363510472696, -0.8191520442889910214, 0.0000000000000000000 ) ) ;
#4183 = UNCERTAINTY_MEASURE_WITH_UNIT (LENGTH_MEASURE( 1.000000000000000082E-05 ), #200, 'distance_accuracy_value', 'NONE');
#4184 = AXIS2_PLACEMENT_3D ( 'NONE', #412, #406, #397 ) ;
#4185 = ORIENTED_EDGE ( 'NONE', *, *, #1788, .F. ) ;
#4186 = ORIENTED_EDGE ( 'NONE', *, *, #4695, .F. ) ;
#4187 = DIRECTION ( 'NONE',  ( 0.0000000000000000000, -1.000000000000000000, 0.0000000000000000000 ) ) ;
#4188 = DIRECTION ( 'NONE',  ( -1.000000000000000000, -1.224606353822377258E-16, -0.0000000000000000000 ) ) ;
#4189 = CARTESIAN_POINT ( 'NONE',  ( 40.54522815836236305, 2.093492502277375926E-15, 0.0000000000000000000 ) ) ;
#4190 = DIRECTION ( 'NONE',  ( -1.000000000000000000, -1.224606353822377258E-16, -0.0000000000000000000 ) ) ;
#4191 = AXIS2_PLACEMENT_3D ( 'NONE', #580, #573, #561 ) ;
#4192 = CARTESIAN_POINT ( 'NONE',  ( 26.91310517497097621, 2.235490958484726577E-15, 0.0000000000000000000 ) ) ;
#4193 = CARTESIAN_POINT ( 'NONE',  ( 33.14939482502902734, -4.999999999999999112, 0.0000000000000000000 ) ) ;
#4194 = CARTESIAN_POINT ( 'NONE',  ( -31.74999999999995737, 0.0000000000000000000, 4.999999999999887201 ) ) ;
#4195 = CARTESIAN_POINT ( 'NONE',  ( 10.40000000000000036, 0.0000000000000000000, 0.0000000000000000000 ) ) ;
#4196 = DIRECTION ( 'NONE',  ( 0.0000000000000000000, -1.000000000000000000, 0.0000000000000000000 ) ) ;
#4197 = LINE ( 'NONE', #1326, #4578 ) ;
#4198 = CARTESIAN_POINT ( 'NONE',  ( 5.000000000000000000, 4.685197434473813871, -6.505213034913026604E-15 ) ) ;
#4199 = LINE ( 'NONE', #1015, #4412 ) ;
#4200 = DIRECTION ( 'NONE',  ( -0.5735764363510472696, -0.8191520442889910214, 0.0000000000000000000 ) ) ;
#4201 = DIRECTION ( 'NONE',  ( -1.000000000000000000, -1.224606353822377258E-16, -0.0000000000000000000 ) ) ;
#4202 = AXIS2_PLACEMENT_3D ( 'NONE', #2272, #2256, #2253 ) ;
#4203 = EDGE_CURVE ( 'NONE', #432, #1839, #4537, .T. ) ;
#4204 = ORIENTED_EDGE ( 'NONE', *, *, #2787, .T. ) ;
#4205 = EDGE_CURVE ( 'NONE', #4817, #4172, #5105, .T. ) ;
#4206 = DIRECTION ( 'NONE',  ( 0.0000000000000000000, -1.000000000000000000, 0.0000000000000000000 ) ) ;
#4207 = CARTESIAN_POINT ( 'NONE',  ( 42.60416666666667140, 2.164491730381051252E-15, 0.0000000000000000000 ) ) ;
#4208 = ORIENTED_EDGE ( 'NONE', *, *, #2729, .F. ) ;
#4209 = ORIENTED_EDGE ( 'NONE', *, *, #4841, .T. ) ;
#4210 = EDGE_CURVE ( 'NONE', #4172, #4858, #2419, .T. ) ;
#4211 = AXIS2_PLACEMENT_3D ( 'NONE', #3440, #308, #3147 ) ;
#4212 = CARTESIAN_POINT ( 'NONE',  ( 35.20833333333333570, 4.172000000000004150, 5.109226446042759579E-16 ) ) ;
#4213 = DIRECTION ( 'NONE',  ( -1.000000000000000000, -1.224606353822377258E-16, -0.0000000000000000000 ) ) ;
#4214 = VECTOR ( 'NONE', #5016, 1000.000000000000000 ) ;
#4215 = PLANE ( 'NONE',  #2424 ) ;
#4216 = CIRCLE ( 'NONE', #778, 5.000000000000002665 ) ;
#4217 = LINE ( 'NONE', #3145, #1532 ) ;
#4218 = ORIENTED_EDGE ( 'NONE', *, *, #4139, .F. ) ;
#4219 = CARTESIAN_POINT ( 'NONE',  ( 26.91310517497097621, 2.235490958484726577E-15, 0.0000000000000000000 ) ) ;
#4220 = CYLINDRICAL_SURFACE ( 'NONE', #402, 4.999999999999887201 ) ;
#4221 = CARTESIAN_POINT ( 'NONE',  ( 14.50000000000000000, 2.164491730381051252E-15, 0.0000000000000000000 ) ) ;
#4222 = ORIENTED_EDGE ( 'NONE', *, *, #2741, .F. ) ;
#4223 = VECTOR ( 'NONE', #2862, 1000.000000000000000 ) ;
#4224 = CARTESIAN_POINT ( 'NONE',  ( 43.50356149169569164, 5.000000000000004441, 6.123233995736769241E-16 ) ) ;
#4225 = ORIENTED_EDGE ( 'NONE', *, *, #3005, .F. ) ;
#4226 = EDGE_CURVE ( 'NONE', #3515, #4858, #3935, .T. ) ;
#4227 = EDGE_CURVE ( 'NONE', #3053, #3515, #4310, .T. ) ;
#4228 = VERTEX_POINT ( 'NONE', #2437 ) ;
#4229 = DIRECTION ( 'NONE',  ( -1.000000000000000000, -1.224606353822377258E-16, -0.0000000000000000000 ) ) ;
#4230 = CARTESIAN_POINT ( 'NONE',  ( 35.78810517497097266, -5.000000000000000888, 6.123233995736771213E-16 ) ) ;
#4231 = ADVANCED_FACE ( 'NONE', ( #3367 ), #2422, .F. ) ;
#4232 = ORIENTED_EDGE ( 'NONE', *, *, #3554, .F. ) ;
#4233 = DIRECTION ( 'NONE',  ( -1.000000000000000000, -1.224606353822377258E-16, -0.0000000000000000000 ) ) ;
#4234 = CARTESIAN_POINT ( 'NONE',  ( 33.14939482502902734, -4.776306262080344916E-29, 5.000000000000001776 ) ) ;
#4235 = CARTESIAN_POINT ( 'NONE',  ( 41.12500000000000000, -4.172000000000000597, 5.616230220889765396E-16 ) ) ;
#4236 = ORIENTED_EDGE ( 'NONE', *, *, #2920, .T. ) ;
#4237 = ORIENTED_EDGE ( 'NONE', *, *, #4709, .F. ) ;
#4238 = DIRECTION ( 'NONE',  ( -1.000000000000000000, -0.0000000000000000000, -0.0000000000000000000 ) ) ;
#4239 = CARTESIAN_POINT ( 'NONE',  ( 0.0000000000000000000, 2.342598717236898942, -4.057500000000005436 ) ) ;
#4240 = EDGE_CURVE ( 'NONE', #5027, #4478, #3991, .T. ) ;
#4241 = EDGE_CURVE ( 'NONE', #4817, #3053, #5294, .T. ) ;
#4242 = EDGE_CURVE ( 'NONE', #4817, #1447, #1490, .T. ) ;
#4243 = DIRECTION ( 'NONE',  ( -1.000000000000000000, -1.224606353822377258E-16, -0.0000000000000000000 ) ) ;
#4244 = AXIS2_PLACEMENT_3D ( 'NONE', #176, #167, #157 ) ;
#4245 = AXIS2_PLACEMENT_3D ( 'NONE', #1463, #1804, #4404 ) ;
#4246 = DIRECTION ( 'NONE',  ( 0.0000000000000000000, -1.000000000000000000, 0.0000000000000000000 ) ) ;
#4247 = ORIENTED_EDGE ( 'NONE', *, *, #3538, .T. ) ;
#4248 = DIRECTION ( 'NONE',  ( -1.000000000000000000, -1.224606353822377258E-16, -0.0000000000000000000 ) ) ;
#4249 = DIRECTION ( 'NONE',  ( -1.000000000000000000, -1.224606353822377258E-16, -0.0000000000000000000 ) ) ;
#4250 = CARTESIAN_POINT ( 'NONE',  ( 48.52083333333333570, 2.164491730381051252E-15, 0.0000000000000000000 ) ) ;
#4251 = EDGE_CURVE ( 'NONE', #1447, #1839, #3550, .T. ) ;
#4252 = CARTESIAN_POINT ( 'NONE',  ( 27.23272815836236305, 2.093492502277375926E-15, 0.0000000000000000000 ) ) ;
#4253 = EDGE_CURVE ( 'NONE', #4172, #5073, #4382, .T. ) ;
#4254 = CARTESIAN_POINT ( 'NONE',  ( 42.60416666666667140, 4.172000000000004150, 5.109226446042759579E-16 ) ) ;
#4255 = CARTESIAN_POINT ( 'NONE',  ( 42.02439482502902734, 2.093492502277375926E-15, 0.0000000000000000000 ) ) ;
#4256 = ORIENTED_EDGE ( 'NONE', *, *, #2843, .F. ) ;
#4257 = DIRECTION ( 'NONE',  ( 0.0000000000000000000, 0.0000000000000000000, 1.000000000000000000 ) ) ;
#4258 = DIRECTION ( 'NONE',  ( -0.5735764363510474917, 0.8191520442889909104, 1.003171929053523761E-16 ) ) ;
#4259 = VECTOR ( 'NONE', #764, 1000.000000000000000 ) ;
#4260 = CARTESIAN_POINT ( 'NONE',  ( 17.45833333333333215, -4.172000000000000597, 5.616230220889765396E-16 ) ) ;
#4261 = ORIENTED_EDGE ( 'NONE', *, *, #4353, .F. ) ;
#4262 = DIRECTION ( 'NONE',  ( -1.000000000000000000, -0.0000000000000000000, -0.0000000000000000000 ) ) ;
#4263 = CARTESIAN_POINT ( 'NONE',  ( 47.94106149169569164, -4.999999999999999112, 0.0000000000000000000 ) ) ;
#4264 = ORIENTED_EDGE ( 'NONE', *, *, #3907, .T. ) ;
#4265 = EDGE_CURVE ( 'NONE', #4858, #4975, #2353, .T. ) ;
#4266 = CYLINDRICAL_SURFACE ( 'NONE', #1046, 4.999999999999887201 ) ;
#4267 = CARTESIAN_POINT ( 'NONE',  ( 5.000000000000000000, 0.0000000000000000000, 0.0000000000000000000 ) ) ;
#4268 = FACE_OUTER_BOUND ( 'NONE', #1250, .T. ) ;
#4269 = ORIENTED_EDGE ( 'NONE', *, *, #2768, .T. ) ;
#4270 = EDGE_CURVE ( 'NONE', #3531, #553, #45, .T. ) ;
#4271 = ORIENTED_EDGE ( 'NONE', *, *, #5192, .T. ) ;
#4272 = PRESENTATION_STYLE_ASSIGNMENT (( #1044 ) ) ;
#4273 = VERTEX_POINT ( 'NONE', #2248 ) ;
#4274 = EDGE_CURVE ( 'NONE', #4975, #4770, #2769, .T. ) ;
#4275 = CARTESIAN_POINT ( 'NONE',  ( 1.500000000000001332, 0.0000000000000000000, 8.000000000000000000 ) ) ;
#4276 = EDGE_CURVE ( 'NONE', #1945, #4770, #3973, .T. ) ;
#4277 = DIRECTION ( 'NONE',  ( 0.0000000000000000000, -1.000000000000000000, 0.0000000000000000000 ) ) ;
#4278 = ORIENTED_EDGE ( 'NONE', *, *, #2628, .F. ) ;
#4279 = CARTESIAN_POINT ( 'NONE',  ( 43.18393850830430836, 2.235490958484726577E-15, 0.0000000000000000000 ) ) ;
#4280 = CARTESIAN_POINT ( 'NONE',  ( -31.74999999999995737, 6.123233995736628232E-16, -4.999999999999887201 ) ) ;
#4281 = DIRECTION ( 'NONE',  ( -1.000000000000000000, -1.224606353822377258E-16, -0.0000000000000000000 ) ) ;
#4282 = EDGE_CURVE ( 'NONE', #1064, #1945, #4715, .T. ) ;
#4283 = EDGE_CURVE ( 'NONE', #3515, #1064, #4423, .T. ) ;
#4284 = LINE ( 'NONE', #4867, #5254 ) ;
#4285 = ADVANCED_FACE ( 'NONE', ( #1470 ), #2034, .F. ) ;
#4286 = ORIENTED_EDGE ( 'NONE', *, *, #4410, .F. ) ;
#4287 = ORIENTED_EDGE ( 'NONE', *, *, #5360, .F. ) ;
#4288 = CYLINDRICAL_SURFACE ( 'NONE', #577, 4.999999999999887201 ) ;
#4289 = ORIENTED_EDGE ( 'NONE', *, *, #4379, .F. ) ;
#4290 = DIRECTION ( 'NONE',  ( 0.0000000000000000000, -1.000000000000000000, 0.0000000000000000000 ) ) ;
#4291 = DIRECTION ( 'NONE',  ( -1.000000000000000000, -0.0000000000000000000, -0.0000000000000000000 ) ) ;
#4292 = PRODUCT_DEFINITION_FORMATION_WITH_SPECIFIED_SOURCE ( 'ANY', '', #5196, .NOT_KNOWN. ) ;
#4293 = DIRECTION ( 'NONE',  ( 0.0000000000000000000, -1.000000000000000000, 0.0000000000000000000 ) ) ;
#4294 = CARTESIAN_POINT ( 'NONE',  ( 10.00000000000000000, 0.0000000000000000000, -5.399999999999887557 ) ) ;
#4295 = CARTESIAN_POINT ( 'NONE',  ( 45.56250000000000711, 2.164491730381051252E-15, 0.0000000000000000000 ) ) ;
#4296 = EDGE_CURVE ( 'NONE', #2370, #4155, #4583, .T. ) ;
#4297 = CIRCLE ( 'NONE', #4659, 4.172000000000002373 ) ;
#4298 = ORIENTED_EDGE ( 'NONE', *, *, #4361, .T. ) ;
#4299 = CARTESIAN_POINT ( 'NONE',  ( 36.10772815836236305, 2.093492502277375926E-15, 0.0000000000000000000 ) ) ;
#4300 = EDGE_CURVE ( 'NONE', #4155, #1271, #539, .T. ) ;
#4301 = COLOUR_RGB ( '',0.7764705882352941346, 0.7568627450980391913, 0.7372549019607843590 ) ;
#4302 = ORIENTED_EDGE ( 'NONE', *, *, #3225, .F. ) ;
#4303 = CARTESIAN_POINT ( 'NONE',  ( 49.17199999999979809, 0.0000000000000000000, 0.0000000000000000000 ) ) ;
#4304 = ORIENTED_EDGE ( 'NONE', *, *, #3224, .T. ) ;
#4305 = DIRECTION ( 'NONE',  ( 0.0000000000000000000, 1.000000000000000000, 0.0000000000000000000 ) ) ;
#4306 = EDGE_CURVE ( 'NONE', #4708, #1271, #5042, .T. ) ;
#4307 = EDGE_LOOP ( 'NONE', ( #2080, #2040, #2037, #1971, #1960, #1875 ) ) ;
#4308 = ORIENTED_EDGE ( 'NONE', *, *, #3520, .T. ) ;
#4309 = DIRECTION ( 'NONE',  ( -1.000000000000000000, -1.224606353822377258E-16, -0.0000000000000000000 ) ) ;
#4310 = CIRCLE ( 'NONE', #1690, 5.000000000000001776 ) ;
#4311 = VECTOR ( 'NONE', #893, 1000.000000000000114 ) ;
#4312 = AXIS2_PLACEMENT_3D ( 'NONE', #3575, #5215, #2202 ) ;
#4313 = AXIS2_PLACEMENT_3D ( 'NONE', #2230, #2222, #2219 ) ;
#4314 = CARTESIAN_POINT ( 'NONE',  ( 42.02439482502902734, 2.093492502277375926E-15, 0.0000000000000000000 ) ) ;
#4315 = EDGE_CURVE ( 'NONE', #3058, #553, #4839, .T. ) ;
#4316 = LINE ( 'NONE', #5341, #2145 ) ;
#4317 = ORIENTED_EDGE ( 'NONE', *, *, #2660, .F. ) ;
#4318 = DIRECTION ( 'NONE',  ( 0.0000000000000000000, 0.0000000000000000000, -1.000000000000000000 ) ) ;
#4319 = VECTOR ( 'NONE', #3008, 1000.000000000000000 ) ;
#4320 = DIRECTION ( 'NONE',  ( 0.0000000000000000000, -1.000000000000000000, 0.0000000000000000000 ) ) ;
#4321 = DIRECTION ( 'NONE',  ( 1.000000000000000000, 1.224606353822377258E-16, 0.0000000000000000000 ) ) ;
#4322 = CARTESIAN_POINT ( 'NONE',  ( 39.06606149169569875, 5.000000000000004441, 6.123233995736769241E-16 ) ) ;
#4323 = EDGE_CURVE ( 'NONE', #512, #4708, #1255, .T. ) ;
#4324 = ORIENTED_EDGE ( 'NONE', *, *, #4098, .T. ) ;
#4325 = DIRECTION ( 'NONE',  ( 0.0000000000000000000, -1.000000000000000000, 0.0000000000000000000 ) ) ;
#4326 = DIRECTION ( 'NONE',  ( -1.000000000000000000, -1.224606353822377258E-16, -0.0000000000000000000 ) ) ;
#4327 = ORIENTED_EDGE ( 'NONE', *, *, #3037, .T. ) ;
#4328 = CIRCLE ( 'NONE', #805, 5.000000000000002665 ) ;
#4329 = EDGE_CURVE ( 'NONE', #2370, #512, #3966, .T. ) ;
#4330 = ORIENTED_EDGE ( 'NONE', *, *, #5334, .F. ) ;
#4331 = ORIENTED_EDGE ( 'NONE', *, *, #3050, .F. ) ;
#4332 = VERTEX_POINT ( 'NONE', #1809 ) ;
#4333 = VECTOR ( 'NONE', #2077, 999.9999999999998863 ) ;
#4334 = DIRECTION ( 'NONE',  ( 0.0000000000000000000, -1.000000000000000000, 0.0000000000000000000 ) ) ;
#4335 = CARTESIAN_POINT ( 'NONE',  ( 34.62856149169569164, -4.999999999999999112, 0.0000000000000000000 ) ) ;
#4336 = ORIENTED_EDGE ( 'NONE', *, *, #4712, .T. ) ;
#4337 = CARTESIAN_POINT ( 'NONE',  ( 39.64583333333333570, 2.164491730381051252E-15, 0.0000000000000000000 ) ) ;
#4338 = DIRECTION ( 'NONE',  ( -1.000000000000000000, -1.224606353822377258E-16, -0.0000000000000000000 ) ) ;
#4339 = CYLINDRICAL_SURFACE ( 'NONE', #1207, 8.000000000000000000 ) ;
#4340 = DIRECTION ( 'NONE',  ( -1.000000000000000000, -1.224606353822377258E-16, -0.0000000000000000000 ) ) ;
#4341 = DIRECTION ( 'NONE',  ( 0.5735764363510447161, -0.8191520442889927978, 1.003171929053526103E-16 ) ) ;
#4342 = ORIENTED_EDGE ( 'NONE', *, *, #3302, .F. ) ;
#4343 = EDGE_CURVE ( 'NONE', #2370, #2703, #1195, .T. ) ;
#4344 = DIRECTION ( 'NONE',  ( -1.000000000000000000, -0.0000000000000000000, -0.0000000000000000000 ) ) ;
#4345 = ORIENTED_EDGE ( 'NONE', *, *, #3623, .F. ) ;
#4346 = EDGE_CURVE ( 'NONE', #2703, #1064, #4140, .T. ) ;
#4347 = EDGE_CURVE ( 'NONE', #4155, #1945, #768, .T. ) ;
#4348 = CYLINDRICAL_SURFACE ( 'NONE', #514, 4.999999999999887201 ) ;
#4349 = CARTESIAN_POINT ( 'NONE',  ( 5.000000000000000000, 4.685197434473813871, -6.505213034913026604E-15 ) ) ;
#4350 = DIRECTION ( 'NONE',  ( 0.0000000000000000000, 0.0000000000000000000, 1.000000000000000000 ) ) ;
#4351 = DIRECTION ( 'NONE',  ( 0.5735764363510444941, 0.8191520442889929088, 0.0000000000000000000 ) ) ;
#4352 = AXIS2_PLACEMENT_3D ( 'NONE', #1480, #1469, #1462 ) ;
#4353 = EDGE_CURVE ( 'NONE', #1271, #3196, #4775, .T. ) ;
#4354 = EDGE_CURVE ( 'NONE', #3196, #4947, #3922, .T. ) ;
#4355 = CYLINDRICAL_SURFACE ( 'NONE', #2111, 4.999999999999887201 ) ;
#4356 = FACE_OUTER_BOUND ( 'NONE', #3825, .T. ) ;
#4357 = CARTESIAN_POINT ( 'NONE',  ( 28.39227184163763695, 5.000000000000005329, 0.0000000000000000000 ) ) ;
#4358 = DIRECTION ( 'NONE',  ( -1.000000000000000000, -0.0000000000000000000, -0.0000000000000000000 ) ) ;
#4359 = CARTESIAN_POINT ( 'NONE',  ( 32.82977184163764406, 2.235490958484726577E-15, 0.0000000000000000000 ) ) ;
#4360 = LINE ( 'NONE', #4433, #2931 ) ;
#4361 = EDGE_CURVE ( 'NONE', #5095, #4947, #3530, .T. ) ;
#4362 = VERTEX_POINT ( 'NONE', #1646 ) ;
#4363 = VERTEX_POINT ( 'NONE', #1685 ) ;
#4364 = ORIENTED_EDGE ( 'NONE', *, *, #3970, .T. ) ;
#4365 = ORIENTED_EDGE ( 'NONE', *, *, #123, .F. ) ;
#4366 = FACE_OUTER_BOUND ( 'NONE', #3831, .T. ) ;
#4367 = CARTESIAN_POINT ( 'NONE',  ( -31.74999999999995737, 0.0000000000000000000, 0.0000000000000000000 ) ) ;
#4368 = DIRECTION ( 'NONE',  ( -0.0000000000000000000, -0.5000000000000011102, -0.8660254037844379305 ) ) ;
#4369 = CIRCLE ( 'NONE', #4650, 4.057500000000000107 ) ;
#4370 = EDGE_CURVE ( 'NONE', #3140, #5095, #172, .T. ) ;
#4371 = DIRECTION ( 'NONE',  ( 0.0000000000000000000, -1.000000000000000000, 0.0000000000000000000 ) ) ;
#4372 = DIRECTION ( 'NONE',  ( -1.000000000000000000, -1.224606353822377258E-16, -0.0000000000000000000 ) ) ;
#4373 = SURFACE_STYLE_FILL_AREA ( #1060 ) ;
#4374 = CARTESIAN_POINT ( 'NONE',  ( 10.00000000000000000, 8.000000000000000000, 0.0000000000000000000 ) ) ;
#4375 = DIRECTION ( 'NONE',  ( -1.000000000000000000, -0.0000000000000000000, -0.0000000000000000000 ) ) ;
#4376 = VERTEX_POINT ( 'NONE', #1603 ) ;
#4377 = ORIENTED_EDGE ( 'NONE', *, *, #2698, .F. ) ;
#4378 = CARTESIAN_POINT ( 'NONE',  ( 28.39227184163763695, 2.235490958484726577E-15, 0.0000000000000000000 ) ) ;
#4379 = EDGE_CURVE ( 'NONE', #4708, #3140, #2933, .T. ) ;
#4380 = EDGE_CURVE ( 'NONE', #5146, #2580, #3126, .T. ) ;
#4381 = CARTESIAN_POINT ( 'NONE',  ( 39.64583333333333570, 4.172000000000004150, 5.109226446042759579E-16 ) ) ;
#4382 = LINE ( 'NONE', #2285, #261 ) ;
#4383 = VERTEX_POINT ( 'NONE', #1534 ) ;
#4384 = CARTESIAN_POINT ( 'NONE',  ( 49.10060517497097266, 2.235490958484726577E-15, 0.0000000000000000000 ) ) ;
#4385 = CARTESIAN_POINT ( 'NONE',  ( 37.58689482502902734, -4.999999999999999112, 0.0000000000000000000 ) ) ;
#4386 = EDGE_CURVE ( 'NONE', #2193, #1847, #4089, .T. ) ;
#4387 = ORIENTED_EDGE ( 'NONE', *, *, #2521, .T. ) ;
#4388 = VERTEX_POINT ( 'NONE', #1537 ) ;
#4389 = EDGE_CURVE ( 'NONE', #2580, #5146, #1683, .T. ) ;
#4390 = EDGE_CURVE ( 'NONE', #2580, #4753, #4711, .T. ) ;
#4391 = DIRECTION ( 'NONE',  ( -0.5735764363510474917, 0.8191520442889909104, 1.003171929053523761E-16 ) ) ;
#4392 = CARTESIAN_POINT ( 'NONE',  ( 5.000000000000000000, 4.685197434473813871, -6.505213034913026604E-15 ) ) ;
#4393 = ORIENTED_EDGE ( 'NONE', *, *, #5310, .F. ) ;
#4394 = CYLINDRICAL_SURFACE ( 'NONE', #2120, 4.999999999999887201 ) ;
#4395 = VECTOR ( 'NONE', #4970, 1000.000000000000114 ) ;
#4396 = ADVANCED_FACE ( 'NONE', ( #4356 ), #2873, .T. ) ;
#4397 = ORIENTED_EDGE ( 'NONE', *, *, #5287, .F. ) ;
#4398 = ORIENTED_EDGE ( 'NONE', *, *, #3224, .F. ) ;
#4399 = ORIENTED_EDGE ( 'NONE', *, *, #4709, .T. ) ;
#4400 = EDGE_CURVE ( 'NONE', #4947, #4871, #1536, .T. ) ;
#4401 = DIRECTION ( 'NONE',  ( -1.000000000000000000, -0.0000000000000000000, -0.0000000000000000000 ) ) ;
#4402 = AXIS2_PLACEMENT_3D ( 'NONE', #3604, #5089, #4963 ) ;
#4403 = EDGE_CURVE ( 'NONE', #3196, #512, #2605, .T. ) ;
#4404 = DIRECTION ( 'NONE',  ( 0.0000000000000000000, -1.000000000000000000, 0.0000000000000000000 ) ) ;
#4405 = ORIENTED_EDGE ( 'NONE', *, *, #4347, .F. ) ;
#4406 = DIRECTION ( 'NONE',  ( 0.5735764363510444941, 0.8191520442889929088, 0.0000000000000000000 ) ) ;
#4407 = DIRECTION ( 'NONE',  ( -1.000000000000000000, -0.0000000000000000000, -0.0000000000000000000 ) ) ;
#4408 = VERTEX_POINT ( 'NONE', #1400 ) ;
#4409 = CARTESIAN_POINT ( 'NONE',  ( 31.67022815836235949, -4.776306262080344916E-29, 5.000000000000001776 ) ) ;
#4410 = EDGE_CURVE ( 'NONE', #1021, #4753, #4083, .T. ) ;
#4411 = EDGE_CURVE ( 'NONE', #1847, #1021, #1201, .T. ) ;
#4412 = VECTOR ( 'NONE', #1002, 1000.000000000000000 ) ;
#4413 = EDGE_CURVE ( 'NONE', #5146, #1847, #4197, .T. ) ;
#4414 = DIRECTION ( 'NONE',  ( 0.0000000000000000000, 0.0000000000000000000, 1.000000000000000000 ) ) ;
#4415 = ORIENTED_EDGE ( 'NONE', *, *, #3933, .F. ) ;
#4416 = EDGE_CURVE ( 'NONE', #5146, #4871, #4655, .T. ) ;
#4417 = EDGE_CURVE ( 'NONE', #4155, #2370, #5339, .T. ) ;
#4418 = FACE_OUTER_BOUND ( 'NONE', #2195, .T. ) ;
#4419 = CARTESIAN_POINT ( 'NONE',  ( 41.70477184163764406, 5.000000000000004441, 0.0000000000000000000 ) ) ;
#4420 = DIRECTION ( 'NONE',  ( 1.000000000000000000, 1.224606353822377258E-16, 0.0000000000000000000 ) ) ;
#4421 = AXIS2_PLACEMENT_3D ( 'NONE', #2715, #1303, #5278 ) ;
#4422 = CARTESIAN_POINT ( 'NONE',  ( 32.82977184163764406, 6.123233995736253523E-16, -5.000000000000002665 ) ) ;
#4423 = LINE ( 'NONE', #2062, #2275 ) ;
#4424 = CARTESIAN_POINT ( 'NONE',  ( 34.62856149169569164, 5.000000000000004441, 6.123233995736769241E-16 ) ) ;
#4425 = VECTOR ( 'NONE', #3232, 1000.000000000000114 ) ;
#4426 = PLANE ( 'NONE',  #1937 ) ;
#4427 = CARTESIAN_POINT ( 'NONE',  ( 24.85416666666667140, 4.172000000000004150, 0.0000000000000000000 ) ) ;
#4428 = CARTESIAN_POINT ( 'NONE',  ( 35.78810517497097266, 2.235490958484726577E-15, 0.0000000000000000000 ) ) ;
#4429 = CARTESIAN_POINT ( 'NONE',  ( 36.68750000000000711, 4.172000000000004150, 5.109226446042759579E-16 ) ) ;
#4430 = CIRCLE ( 'NONE', #1167, 5.000000000000001776 ) ;
#4431 = DIRECTION ( 'NONE',  ( 0.0000000000000000000, -1.000000000000000000, 0.0000000000000000000 ) ) ;
#4432 = LINE ( 'NONE', #4194, #2757 ) ;
#4433 = CARTESIAN_POINT ( 'NONE',  ( 32.82977184163764406, 5.000000000000005329, 0.0000000000000000000 ) ) ;
#4434 = LINE ( 'NONE', #2791, #5237 ) ;
#4435 = DIRECTION ( 'NONE',  ( -1.000000000000000000, -1.224606353822377258E-16, -0.0000000000000000000 ) ) ;
#4436 = VECTOR ( 'NONE', #165, 999.9999999999998863 ) ;
#4437 = EDGE_LOOP ( 'NONE', ( #2053, #2575, #3768, #4844, #1740 ) ) ;
#4438 = EDGE_CURVE ( 'NONE', #4376, #1760, #3692, .T. ) ;
#4439 = EDGE_CURVE ( 'NONE', #4770, #2703, #1540, .T. ) ;
#4440 = LINE ( 'NONE', #4965, #3886 ) ;
#4441 = DIRECTION ( 'NONE',  ( 0.0000000000000000000, -1.000000000000000000, 0.0000000000000000000 ) ) ;
#4442 = DIRECTION ( 'NONE',  ( 0.0000000000000000000, 0.8660254037844379305, -0.5000000000000014433 ) ) ;
#4443 = VERTEX_POINT ( 'NONE', #1204 ) ;
#4444 = DIRECTION ( 'NONE',  ( -1.000000000000000000, -1.224606353822377258E-16, -0.0000000000000000000 ) ) ;
#4445 = AXIS2_PLACEMENT_3D ( 'NONE', #922, #916, #914 ) ;
#4446 = DIRECTION ( 'NONE',  ( 0.0000000000000000000, 0.5000000000000014433, 0.8660254037844379305 ) ) ;
#4447 = CARTESIAN_POINT ( 'NONE',  ( 31.67022815836235949, 2.093492502277375926E-15, 0.0000000000000000000 ) ) ;
#4448 = ORIENTED_EDGE ( 'NONE', *, *, #2756, .T. ) ;
#4449 = ORIENTED_EDGE ( 'NONE', *, *, #2878, .T. ) ;
#4450 = DIRECTION ( 'NONE',  ( 0.0000000000000000000, -1.000000000000000000, 0.0000000000000000000 ) ) ;
#4451 = VECTOR ( 'NONE', #3595, 1000.000000000000114 ) ;
#4452 = ORIENTED_EDGE ( 'NONE', *, *, #3277, .T. ) ;
#4453 = ORIENTED_EDGE ( 'NONE', *, *, #2695, .F. ) ;
#4454 = EDGE_CURVE ( 'NONE', #4871, #3140, #2671, .T. ) ;
#4455 = EDGE_CURVE ( 'NONE', #4975, #3053, #2398, .T. ) ;
#4456 = AXIS2_PLACEMENT_3D ( 'NONE', #5373, #4847, #1390 ) ;
#4457 = ORIENTED_EDGE ( 'NONE', *, *, #5017, .F. ) ;
#4458 = DIRECTION ( 'NONE',  ( 0.5735764363510447161, -0.8191520442889927978, 1.003171929053526103E-16 ) ) ;
#4459 = DIRECTION ( 'NONE',  ( -1.000000000000000000, -1.224606353822377258E-16, -0.0000000000000000000 ) ) ;
#4460 = CARTESIAN_POINT ( 'NONE',  ( 36.68750000000000711, -4.172000000000000597, 5.616230220889765396E-16 ) ) ;
#4461 = DIRECTION ( 'NONE',  ( 0.0000000000000000000, 0.0000000000000000000, 1.000000000000000000 ) ) ;
#4462 = EDGE_CURVE ( 'NONE', #2580, #5095, #4962, .T. ) ;
#4463 = DIRECTION ( 'NONE',  ( 0.5735764363510447161, -0.8191520442889927978, 1.003171929053526103E-16 ) ) ;
#4464 = CARTESIAN_POINT ( 'NONE',  ( 28.39227184163763695, -5.000000000000000000, 6.123233995736770227E-16 ) ) ;
#4465 =( GEOMETRIC_REPRESENTATION_CONTEXT ( 3 ) GLOBAL_UNCERTAINTY_ASSIGNED_CONTEXT ( ( #4183 ) ) GLOBAL_UNIT_ASSIGNED_CONTEXT ( ( #200, #1674, #2857 ) ) REPRESENTATION_CONTEXT ( 'NONE', 'WORKASPACE' ) );
#4466 = CONICAL_SURFACE ( 'NONE', #2949, 4.057500000000000107, 1.047197551196593857 ) ;
#4467 = ADVANCED_FACE ( 'NONE', ( #2122 ), #241, .T. ) ;
#4468 = DIRECTION ( 'NONE',  ( 0.0000000000000000000, -1.000000000000000000, 0.0000000000000000000 ) ) ;
#4469 = DIRECTION ( 'NONE',  ( 0.0000000000000000000, 0.0000000000000000000, 1.000000000000000000 ) ) ;
#4470 = AXIS2_PLACEMENT_3D ( 'NONE', #4942, #4248, #2151 ) ;
#4471 = CIRCLE ( 'NONE', #4175, 6.500000000000000888 ) ;
#4472 = ORIENTED_EDGE ( 'NONE', *, *, #3254, .F. ) ;
#4473 = EDGE_CURVE ( 'NONE', #4753, #2193, #3697, .T. ) ;
#4474 = ADVANCED_FACE ( 'NONE', ( #4418 ), #1755, .T. ) ;
#4475 = CIRCLE ( 'NONE', #912, 5.000000000000002665 ) ;
#4476 = AXIS2_PLACEMENT_3D ( 'NONE', #983, #1023, #992 ) ;
#4477 = ORIENTED_EDGE ( 'NONE', *, *, #5131, .F. ) ;
#4478 = VERTEX_POINT ( 'NONE', #954 ) ;
#4479 = LINE ( 'NONE', #3983, #4259 ) ;
#4480 = AXIS2_PLACEMENT_3D ( 'NONE', #556, #4896, #3214 ) ;
#4481 = DIRECTION ( 'NONE',  ( 0.0000000000000000000, -1.000000000000000000, 0.0000000000000000000 ) ) ;
#4482 = FACE_OUTER_BOUND ( 'NONE', #3891, .T. ) ;
#4483 = EDGE_CURVE ( 'NONE', #4172, #4817, #4783, .T. ) ;
#4484 = DIRECTION ( 'NONE',  ( 0.0000000000000000000, -1.000000000000000000, 0.0000000000000000000 ) ) ;
#4485 = CARTESIAN_POINT ( 'NONE',  ( 18.03810517497097266, 2.235490958484726577E-15, 0.0000000000000000000 ) ) ;
#4486 = DIRECTION ( 'NONE',  ( -1.000000000000000000, -1.224606353822377258E-16, -0.0000000000000000000 ) ) ;
#4487 = CARTESIAN_POINT ( 'NONE',  ( 47.04166666666667140, 2.164491730381051252E-15, 0.0000000000000000000 ) ) ;
#4488 = CIRCLE ( 'NONE', #1016, 5.000000000000001776 ) ;
#4489 = ORIENTED_EDGE ( 'NONE', *, *, #3037, .F. ) ;
#4490 = EDGE_CURVE ( 'NONE', #1994, #1447, #4904, .T. ) ;
#4491 = ADVANCED_FACE ( 'NONE', ( #2047 ), #1335, .T. ) ;
#4492 = VECTOR ( 'NONE', #5, 1000.000000000000000 ) ;
#4493 = EDGE_CURVE ( 'NONE', #2193, #2146, #917, .T. ) ;
#4494 = FACE_OUTER_BOUND ( 'NONE', #2085, .T. ) ;
#4495 = VERTEX_POINT ( 'NONE', #861 ) ;
#4496 = CIRCLE ( 'NONE', #365, 4.172000000000002373 ) ;
#4497 = ORIENTED_EDGE ( 'NONE', *, *, #5080, .T. ) ;
#4498 = EDGE_CURVE ( 'NONE', #4602, #2559, #3632, .T. ) ;
#4499 = CIRCLE ( 'NONE', #603, 5.000000000000001776 ) ;
#4500 = DIRECTION ( 'NONE',  ( -0.5735764363510474917, 0.8191520442889909104, 1.003171929053523761E-16 ) ) ;
#4501 = CARTESIAN_POINT ( 'NONE',  ( 25.43393850830430480, 5.000000000000004441, 0.0000000000000000000 ) ) ;
#4502 = DIRECTION ( 'NONE',  ( -0.5735764363510472696, -0.8191520442889910214, 0.0000000000000000000 ) ) ;
#4503 = CARTESIAN_POINT ( 'NONE',  ( 30.77083333333333925, 4.172000000000004150, 5.109226446042759579E-16 ) ) ;
#4504 = CARTESIAN_POINT ( 'NONE',  ( 5.000000000000000000, -2.342598717236908268, 4.057500000000003659 ) ) ;
#4505 = DIRECTION ( 'NONE',  ( -1.000000000000000000, -1.224606353822377258E-16, -0.0000000000000000000 ) ) ;
#4506 = CARTESIAN_POINT ( 'NONE',  ( 49.17199999999979809, 6.123233995736488209E-16, -4.999999999999773515 ) ) ;
#4507 = EDGE_CURVE ( 'NONE', #549, #2641, #390, .T. ) ;
#4508 = VECTOR ( 'NONE', #4994, 1000.000000000000114 ) ;
#4509 = EDGE_CURVE ( 'NONE', #4362, #3200, #3069, .T. ) ;
#4510 = ORIENTED_EDGE ( 'NONE', *, *, #5175, .F. ) ;
#4511 = ORIENTED_EDGE ( 'NONE', *, *, #4353, .T. ) ;
#4512 = DIRECTION ( 'NONE',  ( -0.5735764363510474917, 0.8191520442889909104, 1.003171929053523761E-16 ) ) ;
#4513 = CARTESIAN_POINT ( 'NONE',  ( 27.23272815836236305, 5.000000000000004441, 6.123233995736769241E-16 ) ) ;
#4514 = CARTESIAN_POINT ( 'NONE',  ( 20.99643850830430836, -5.000000000000000888, 6.123233995736771213E-16 ) ) ;
#4515 = ORIENTED_EDGE ( 'NONE', *, *, #4361, .F. ) ;
#4516 = EDGE_CURVE ( 'NONE', #3156, #3995, #3683, .T. ) ;
#4517 = DIRECTION ( 'NONE',  ( 0.0000000000000000000, -1.000000000000000000, 0.0000000000000000000 ) ) ;
#4518 = DIRECTION ( 'NONE',  ( 1.000000000000000000, 0.0000000000000000000, 0.0000000000000000000 ) ) ;
#4519 = DIRECTION ( 'NONE',  ( -1.000000000000000000, -1.224606353822377258E-16, -0.0000000000000000000 ) ) ;
#4520 = CIRCLE ( 'NONE', #4649, 5.000000000000001776 ) ;
#4521 = FACE_OUTER_BOUND ( 'NONE', #2118, .T. ) ;
#4522 = CARTESIAN_POINT ( 'NONE',  ( 31.35060517497097266, 2.235490958484726577E-15, 0.0000000000000000000 ) ) ;
#4523 = ORIENTED_EDGE ( 'NONE', *, *, #4815, .T. ) ;
#4524 = CARTESIAN_POINT ( 'NONE',  ( 26.33333333333333215, 4.172000000000004150, 0.0000000000000000000 ) ) ;
#4525 = VECTOR ( 'NONE', #1967, 1000.000000000000114 ) ;
#4526 = CARTESIAN_POINT ( 'NONE',  ( 45.56250000000000711, 4.172000000000004150, 0.0000000000000000000 ) ) ;
#4527 = CARTESIAN_POINT ( 'NONE',  ( 44.08333333333333570, 4.172000000000004150, 0.0000000000000000000 ) ) ;
#4528 = EDGE_CURVE ( 'NONE', #3116, #5129, #4520, .T. ) ;
#4529 = EDGE_CURVE ( 'NONE', #5204, #4408, #2659, .T. ) ;
#4530 = VECTOR ( 'NONE', #1546, 1000.000000000000000 ) ;
#4531 = DIRECTION ( 'NONE',  ( 0.0000000000000000000, 1.000000000000000000, 0.0000000000000000000 ) ) ;
#4532 = CARTESIAN_POINT ( 'NONE',  ( 5.000000000000000000, -4.685197434473821865, 3.469446951953614189E-15 ) ) ;
#4533 = VERTEX_POINT ( 'NONE', #694 ) ;
#4534 = CARTESIAN_POINT ( 'NONE',  ( 14.50000000000000000, -4.172000000000000597, 0.0000000000000000000 ) ) ;
#4535 = EDGE_CURVE ( 'NONE', #2260, #1077, #2805, .T. ) ;
#4536 = VERTEX_POINT ( 'NONE', #606 ) ;
#4537 = LINE ( 'NONE', #2534, #1854 ) ;
#4538 = DIRECTION ( 'NONE',  ( 0.5735764363510447161, -0.8191520442889927978, 1.003171929053526103E-16 ) ) ;
#4539 = CARTESIAN_POINT ( 'NONE',  ( 32.25000000000000000, -4.172000000000000597, 5.616230220889765396E-16 ) ) ;
#4540 = DIRECTION ( 'NONE',  ( -1.000000000000000000, -0.0000000000000000000, -0.0000000000000000000 ) ) ;
#4541 = VERTEX_POINT ( 'NONE', #557 ) ;
#4542 = CARTESIAN_POINT ( 'NONE',  ( 28.39227184163763695, -5.000000000000000888, 6.123233995736771213E-16 ) ) ;
#4543 = DIRECTION ( 'NONE',  ( -1.000000000000000000, -1.224606353822377258E-16, -0.0000000000000000000 ) ) ;
#4544 = CIRCLE ( 'NONE', #750, 5.000000000000002665 ) ;
#4545 = CARTESIAN_POINT ( 'NONE',  ( 41.12500000000000000, 4.172000000000004150, 0.0000000000000000000 ) ) ;
#4546 = VECTOR ( 'NONE', #4407, 1000.000000000000000 ) ;
#4547 = ORIENTED_EDGE ( 'NONE', *, *, #4045, .F. ) ;
#4548 = LINE ( 'NONE', #3467, #4214 ) ;
#4549 = CIRCLE ( 'NONE', #448, 5.000000000000002665 ) ;
#4550 = EDGE_CURVE ( 'NONE', #3415, #4495, #3573, .T. ) ;
#4551 = ORIENTED_EDGE ( 'NONE', *, *, #5310, .T. ) ;
#4552 = VERTEX_POINT ( 'NONE', #542 ) ;
#4553 = VERTEX_POINT ( 'NONE', #540 ) ;
#4554 = CARTESIAN_POINT ( 'NONE',  ( 31.35060517497097266, -5.000000000000000000, 6.123233995736770227E-16 ) ) ;
#4555 = DIRECTION ( 'NONE',  ( 0.0000000000000000000, 0.0000000000000000000, -1.000000000000000000 ) ) ;
#4556 = CIRCLE ( 'NONE', #844, 5.000000000000001776 ) ;
#4557 = EDGE_CURVE ( 'NONE', #2788, #3425, #1459, .T. ) ;
#4558 = ORIENTED_EDGE ( 'NONE', *, *, #2693, .F. ) ;
#4559 = ORIENTED_EDGE ( 'NONE', *, *, #90, .F. ) ;
#4560 = DIRECTION ( 'NONE',  ( 0.0000000000000000000, -1.000000000000000000, 0.0000000000000000000 ) ) ;
#4561 = DIRECTION ( 'NONE',  ( -1.000000000000000000, -1.224606353822377258E-16, -0.0000000000000000000 ) ) ;
#4562 = DIRECTION ( 'NONE',  ( 0.0000000000000000000, -1.000000000000000000, 0.0000000000000000000 ) ) ;
#4563 = EDGE_CURVE ( 'NONE', #2161, #927, #231, .T. ) ;
#4564 = DIRECTION ( 'NONE',  ( -1.000000000000000000, -1.224606353822377258E-16, -0.0000000000000000000 ) ) ;
#4565 = DIRECTION ( 'NONE',  ( 0.0000000000000000000, -1.000000000000000000, 0.0000000000000000000 ) ) ;
#4566 = VERTEX_POINT ( 'NONE', #467 ) ;
#4567 = AXIS2_PLACEMENT_3D ( 'NONE', #2413, #2402, #2393 ) ;
#4568 = EDGE_LOOP ( 'NONE', ( #2600, #2607, #1590, #1487, #1402, #1428 ) ) ;
#4569 = VERTEX_POINT ( 'NONE', #430 ) ;
#4570 = EDGE_CURVE ( 'NONE', #1579, #2146, #531, .T. ) ;
#4571 = ORIENTED_EDGE ( 'NONE', *, *, #5298, .F. ) ;
#4572 = CARTESIAN_POINT ( 'NONE',  ( 30.19106149169569520, 2.093492502277375926E-15, 0.0000000000000000000 ) ) ;
#4573 = DIRECTION ( 'NONE',  ( 0.0000000000000000000, -1.000000000000000000, 0.0000000000000000000 ) ) ;
#4574 = DIRECTION ( 'NONE',  ( -1.000000000000000000, -0.0000000000000000000, -0.0000000000000000000 ) ) ;
#4575 = ORIENTED_EDGE ( 'NONE', *, *, #4706, .F. ) ;
#4576 = DIRECTION ( 'NONE',  ( 1.000000000000000000, 1.224606353822377258E-16, 0.0000000000000000000 ) ) ;
#4577 = DIRECTION ( 'NONE',  ( 0.0000000000000000000, 0.0000000000000000000, -1.000000000000000000 ) ) ;
#4578 = VECTOR ( 'NONE', #1382, 999.9999999999998863 ) ;
#4579 = EDGE_CURVE ( 'NONE', #4801, #1579, #4642, .T. ) ;
#4580 = EDGE_CURVE ( 'NONE', #1021, #4801, #374, .T. ) ;
#4581 = CARTESIAN_POINT ( 'NONE',  ( 32.25000000000000000, -4.172000000000000597, 0.0000000000000000000 ) ) ;
#4582 = EDGE_CURVE ( 'NONE', #1551, #1333, #4765, .T. ) ;
#4583 = CIRCLE ( 'NONE', #2313, 4.172000000000002373 ) ;
#4584 = CIRCLE ( 'NONE', #424, 5.000000000000001776 ) ;
#4585 = ORIENTED_EDGE ( 'NONE', *, *, #98, .T. ) ;
#4586 = ORIENTED_EDGE ( 'NONE', *, *, #5083, .T. ) ;
#4587 = FACE_OUTER_BOUND ( 'NONE', #4604, .T. ) ;
#4588 = CIRCLE ( 'NONE', #4950, 8.000000000000000000 ) ;
#4589 = CARTESIAN_POINT ( 'NONE',  ( 46.14227184163763695, 2.235490958484726577E-15, 0.0000000000000000000 ) ) ;
#4590 = ORIENTED_EDGE ( 'NONE', *, *, #4790, .F. ) ;
#4591 = FACE_OUTER_BOUND ( 'NONE', #2294, .T. ) ;
#4592 = CIRCLE ( 'NONE', #1175, 4.172000000000002373 ) ;
#4593 = CARTESIAN_POINT ( 'NONE',  ( 36.10772815836236305, -4.776306262080344916E-29, 5.000000000000001776 ) ) ;
#4594 = ORIENTED_EDGE ( 'NONE', *, *, #3103, .T. ) ;
#4595 = CARTESIAN_POINT ( 'NONE',  ( 10.00000000000000178, 0.0000000000000000000, 8.000000000000000000 ) ) ;
#4596 = DIRECTION ( 'NONE',  ( -0.5735764363510472696, -0.8191520442889910214, 0.0000000000000000000 ) ) ;
#4597 = ORIENTED_EDGE ( 'NONE', *, *, #5227, .T. ) ;
#4598 = VECTOR ( 'NONE', #4137, 1000.000000000000114 ) ;
#4599 = EDGE_CURVE ( 'NONE', #1333, #1266, #1745, .T. ) ;
#4600 = EDGE_CURVE ( 'NONE', #3689, #1266, #690, .T. ) ;
#4601 = EDGE_CURVE ( 'NONE', #4383, #3689, #4894, .T. ) ;
#4602 = VERTEX_POINT ( 'NONE', #307 ) ;
#4603 = CARTESIAN_POINT ( 'NONE',  ( 34.62856149169569164, 2.093492502277375926E-15, 0.0000000000000000000 ) ) ;
#4604 = EDGE_LOOP ( 'NONE', ( #2517, #2012, #2283, #2354, #2277 ) ) ;
#4605 = LINE ( 'NONE', #3265, #3588 ) ;
#4606 = FACE_OUTER_BOUND ( 'NONE', #2975, .T. ) ;
#4607 = EDGE_LOOP ( 'NONE', ( #1943, #4304, #2274, #4115, #3693, #5366 ) ) ;
#4608 = EDGE_CURVE ( 'NONE', #1827, #2094, #2919, .T. ) ;
#4609 = CARTESIAN_POINT ( 'NONE',  ( 19.83689482502902379, -4.999999999999999112, 0.0000000000000000000 ) ) ;
#4610 = DIRECTION ( 'NONE',  ( 0.0000000000000000000, 0.0000000000000000000, -1.000000000000000000 ) ) ;
#4611 = DIRECTION ( 'NONE',  ( -1.000000000000000000, -1.224606353822377258E-16, -0.0000000000000000000 ) ) ;
#4612 = DIRECTION ( 'NONE',  ( 1.000000000000000000, 1.224606353822377258E-16, 0.0000000000000000000 ) ) ;
#4613 = EDGE_CURVE ( 'NONE', #3385, #3024, #4020, .T. ) ;
#4614 = DIRECTION ( 'NONE',  ( 0.0000000000000000000, -1.000000000000000000, 0.0000000000000000000 ) ) ;
#4615 = ORIENTED_EDGE ( 'NONE', *, *, #3593, .F. ) ;
#4616 = CARTESIAN_POINT ( 'NONE',  ( 17.45833333333333215, 2.164491730381051252E-15, 0.0000000000000000000 ) ) ;
#4617 = TOROIDAL_SURFACE ( 'NONE', #2129, 6.500000000000000888, 1.500000000000000000 ) ;
#4618 = CIRCLE ( 'NONE', #570, 5.000000000000001776 ) ;
#4619 = DIRECTION ( 'NONE',  ( -1.000000000000000000, -1.224606353822377258E-16, -0.0000000000000000000 ) ) ;
#4620 = CARTESIAN_POINT ( 'NONE',  ( -31.74999999999995737, 0.0000000000000000000, 0.0000000000000000000 ) ) ;
#4621 = CARTESIAN_POINT ( 'NONE',  ( 30.77083333333333925, 2.164491730381051252E-15, 0.0000000000000000000 ) ) ;
#4622 = ORIENTED_EDGE ( 'NONE', *, *, #123, .T. ) ;
#4623 = ORIENTED_EDGE ( 'NONE', *, *, #2818, .T. ) ;
#4624 = AXIS2_PLACEMENT_3D ( 'NONE', #1638, #1625, #1622 ) ;
#4625 = CARTESIAN_POINT ( 'NONE',  ( 31.35060517497097266, 5.000000000000005329, 0.0000000000000000000 ) ) ;
#4626 = ADVANCED_FACE ( 'NONE', ( #1892 ), #1121, .T. ) ;
#4627 = ORIENTED_EDGE ( 'NONE', *, *, #2521, .F. ) ;
#4628 = DIRECTION ( 'NONE',  ( 0.0000000000000000000, -1.000000000000000000, 0.0000000000000000000 ) ) ;
#4629 = AXIS2_PLACEMENT_3D ( 'NONE', #4170, #4459, #5134 ) ;
#4630 = EDGE_CURVE ( 'NONE', #3753, #205, #836, .T. ) ;
#4631 = CARTESIAN_POINT ( 'NONE',  ( 36.68750000000000711, -4.172000000000000597, 0.0000000000000000000 ) ) ;
#4632 = FILL_AREA_STYLE_COLOUR ( '', #4301 ) ;
#4633 = CIRCLE ( 'NONE', #1238, 5.000000000000001776 ) ;
#4634 = ORIENTED_EDGE ( 'NONE', *, *, #2539, .F. ) ;
#4635 = CARTESIAN_POINT ( 'NONE',  ( 38.74643850830430836, 2.235490958484726577E-15, 0.0000000000000000000 ) ) ;
#4636 = DIRECTION ( 'NONE',  ( 0.0000000000000000000, -1.000000000000000000, 0.0000000000000000000 ) ) ;
#4637 = DIRECTION ( 'NONE',  ( -1.000000000000000000, -1.224606353822377258E-16, -0.0000000000000000000 ) ) ;
#4638 = EDGE_CURVE ( 'NONE', #3030, #4566, #2038, .T. ) ;
#4639 = EDGE_CURVE ( 'NONE', #2243, #66, #3171, .T. ) ;
#4640 = DIRECTION ( 'NONE',  ( -1.000000000000000000, -0.0000000000000000000, -0.0000000000000000000 ) ) ;
#4641 = CARTESIAN_POINT ( 'NONE',  ( 38.74643850830430836, 2.235490958484726577E-15, 0.0000000000000000000 ) ) ;
#4642 = CIRCLE ( 'NONE', #538, 5.000000000000002665 ) ;
#4643 = DIRECTION ( 'NONE',  ( -1.000000000000000000, -1.224606353822377258E-16, -0.0000000000000000000 ) ) ;
#4644 = EDGE_CURVE ( 'NONE', #1551, #4383, #4134, .T. ) ;
#4645 = CONICAL_SURFACE ( 'NONE', #4780, 4.172000000000002373, 0.9599310885968798113 ) ;
#4646 = DIRECTION ( 'NONE',  ( -1.000000000000000000, -1.224606353822377258E-16, -0.0000000000000000000 ) ) ;
#4647 = DIRECTION ( 'NONE',  ( -1.000000000000000000, -1.224606353822377258E-16, -0.0000000000000000000 ) ) ;
#4648 = DIRECTION ( 'NONE',  ( 0.0000000000000000000, -1.000000000000000000, 0.0000000000000000000 ) ) ;
#4649 = AXIS2_PLACEMENT_3D ( 'NONE', #635, #622, #617 ) ;
#4650 = AXIS2_PLACEMENT_3D ( 'NONE', #4267, #4262, #1288 ) ;
#4651 = DIRECTION ( 'NONE',  ( 0.0000000000000000000, -1.000000000000000000, 0.0000000000000000000 ) ) ;
#4652 = CARTESIAN_POINT ( 'NONE',  ( 31.67022815836235949, 2.093492502277375926E-15, 0.0000000000000000000 ) ) ;
#4653 = ADVANCED_FACE ( 'NONE', ( #5152 ), #721, .T. ) ;
#4654 = ORIENTED_EDGE ( 'NONE', *, *, #5080, .F. ) ;
#4655 = LINE ( 'NONE', #1269, #311 ) ;
#4656 = CONICAL_SURFACE ( 'NONE', #2304, 5.000000000000002665, 0.9599310885968831419 ) ;
#4657 = EDGE_LOOP ( 'NONE', ( #5315, #3910, #3856, #4132, #4398 ) ) ;
#4658 = ORIENTED_EDGE ( 'NONE', *, *, #5150, .T. ) ;
#4659 = AXIS2_PLACEMENT_3D ( 'NONE', #2101, #2556, #4484 ) ;
#4660 = CARTESIAN_POINT ( 'NONE',  ( 27.23272815836236305, 2.093492502277375926E-15, 0.0000000000000000000 ) ) ;
#4661 = CARTESIAN_POINT ( 'NONE',  ( 5.000000000000000000, -4.506943796211474136E-15, -4.057500000000000107 ) ) ;
#4662 = CIRCLE ( 'NONE', #86, 5.000000000000001776 ) ;
#4663 = DIRECTION ( 'NONE',  ( -1.000000000000000000, -1.224606353822377258E-16, -0.0000000000000000000 ) ) ;
#4664 =( NAMED_UNIT ( * ) SI_UNIT ( $, .STERADIAN. ) SOLID_ANGLE_UNIT ( ) );
#4665 = CARTESIAN_POINT ( 'NONE',  ( 38.16666666666667140, 4.172000000000004150, 5.109226446042759579E-16 ) ) ;
#4666 = EDGE_CURVE ( 'NONE', #1551, #2960, #3244, .T. ) ;
#4667 = VERTEX_POINT ( 'NONE', #4996 ) ;
#4668 = ORIENTED_EDGE ( 'NONE', *, *, #4998, .T. ) ;
#4669 = DIRECTION ( 'NONE',  ( 0.0000000000000000000, 1.000000000000000000, 0.0000000000000000000 ) ) ;
#4670 = DIRECTION ( 'NONE',  ( 0.5735764363510444941, 0.8191520442889929088, 0.0000000000000000000 ) ) ;
#4671 = ORIENTED_EDGE ( 'NONE', *, *, #4136, .F. ) ;
#4672 = EDGE_LOOP ( 'NONE', ( #949, #969, #977, #41 ) ) ;
#4673 = LINE ( 'NONE', #4971, #334 ) ;
#4674 = LINE ( 'NONE', #4464, #799 ) ;
#4675 = CARTESIAN_POINT ( 'NONE',  ( 39.64583333333333570, 2.164491730381051252E-15, 0.0000000000000000000 ) ) ;
#4676 = CARTESIAN_POINT ( 'NONE',  ( 19.51727184163763695, 2.235490958484726577E-15, 0.0000000000000000000 ) ) ;
#4677 = VERTEX_POINT ( 'NONE', #4513 ) ;
#4678 = EDGE_CURVE ( 'NONE', #3563, #1912, #3051, .T. ) ;
#4679 = DIRECTION ( 'NONE',  ( -1.000000000000000000, -0.0000000000000000000, -0.0000000000000000000 ) ) ;
#4680 = DIRECTION ( 'NONE',  ( 0.0000000000000000000, -1.000000000000000000, 0.0000000000000000000 ) ) ;
#4681 = DIRECTION ( 'NONE',  ( 0.0000000000000000000, -1.000000000000000000, 0.0000000000000000000 ) ) ;
#4682 = CIRCLE ( 'NONE', #853, 5.000000000000002665 ) ;
#4683 = EDGE_LOOP ( 'NONE', ( #150, #87, #295, #142, #232 ) ) ;
#4684 = ORIENTED_EDGE ( 'NONE', *, *, #4748, .F. ) ;
#4685 = DIRECTION ( 'NONE',  ( -1.000000000000000000, -1.224606353822377258E-16, -0.0000000000000000000 ) ) ;
#4686 = CARTESIAN_POINT ( 'NONE',  ( 0.0000000000000000000, 0.0000000000000000000, 0.0000000000000000000 ) ) ;
#4687 = ORIENTED_EDGE ( 'NONE', *, *, #3532, .F. ) ;
#4688 = EDGE_CURVE ( 'NONE', #2960, #4801, #2894, .T. ) ;
#4689 = AXIS2_PLACEMENT_3D ( 'NONE', #1738, #1734, #1728 ) ;
#4690 = ORIENTED_EDGE ( 'NONE', *, *, #4740, .T. ) ;
#4691 = CARTESIAN_POINT ( 'NONE',  ( 27.23272815836236305, 2.093492502277375926E-15, 0.0000000000000000000 ) ) ;
#4692 = DIRECTION ( 'NONE',  ( -1.000000000000000000, -1.224606353822377258E-16, -0.0000000000000000000 ) ) ;
#4693 = ADVANCED_FACE ( 'NONE', ( #2189 ), #4905, .T. ) ;
#4694 = EDGE_CURVE ( 'NONE', #1333, #1579, #4983, .T. ) ;
#4695 = EDGE_CURVE ( 'NONE', #801, #5365, #2815, .T. ) ;
#4696 = ORIENTED_EDGE ( 'NONE', *, *, #4977, .T. ) ;
#4697 = DIRECTION ( 'NONE',  ( -1.000000000000000000, -0.0000000000000000000, -0.0000000000000000000 ) ) ;
#4698 = CARTESIAN_POINT ( 'NONE',  ( -31.74999999999995737, 6.123233995736628232E-16, -4.999999999999887201 ) ) ;
#4699 = CARTESIAN_POINT ( 'NONE',  ( 44.66310517497097976, 5.000000000000004441, 0.0000000000000000000 ) ) ;
#4700 = CARTESIAN_POINT ( 'NONE',  ( -31.74999999999995737, 0.0000000000000000000, 0.0000000000000000000 ) ) ;
#4701 = ORIENTED_EDGE ( 'NONE', *, *, #5211, .T. ) ;
#4702 = ORIENTED_EDGE ( 'NONE', *, *, #2877, .T. ) ;
#4703 = AXIS2_PLACEMENT_3D ( 'NONE', #4051, #3294, #3961 ) ;
#4704 = CARTESIAN_POINT ( 'NONE',  ( 44.08333333333333570, 4.172000000000004150, 5.109226446042759579E-16 ) ) ;
#4705 = CARTESIAN_POINT ( 'NONE',  ( 46.46189482502902734, 2.093492502277375926E-15, 0.0000000000000000000 ) ) ;
#4706 = EDGE_CURVE ( 'NONE', #1787, #3660, #5032, .T. ) ;
#4707 = CIRCLE ( 'NONE', #2645, 4.172000000000002373 ) ;
#4708 = VERTEX_POINT ( 'NONE', #970 ) ;
#4709 = EDGE_CURVE ( 'NONE', #3370, #3950, #2988, .T. ) ;
#4710 = CARTESIAN_POINT ( 'NONE',  ( 42.02439482502902734, 6.123233995736297896E-16, -5.000000000000001776 ) ) ;
#4711 = LINE ( 'NONE', #1442, #250 ) ;
#4712 = EDGE_CURVE ( 'NONE', #5316, #3245, #4786, .T. ) ;
#4713 = ORIENTED_EDGE ( 'NONE', *, *, #4850, .T. ) ;
#4714 = CONICAL_SURFACE ( 'NONE', #2177, 5.000000000000002665, 0.9599310885968831419 ) ;
#4715 = CIRCLE ( 'NONE', #1778, 5.000000000000002665 ) ;
#4716 = DIRECTION ( 'NONE',  ( -1.000000000000000000, -1.224606353822377258E-16, -0.0000000000000000000 ) ) ;
#4717 = FACE_OUTER_BOUND ( 'NONE', #3863, .T. ) ;
#4718 = EDGE_CURVE ( 'NONE', #5300, #2434, #1129, .T. ) ;
#4719 = EDGE_CURVE ( 'NONE', #1266, #2247, #2324, .T. ) ;
#4720 = ORIENTED_EDGE ( 'NONE', *, *, #5069, .F. ) ;
#4721 = DIRECTION ( 'NONE',  ( -1.000000000000000000, -1.224606353822377258E-16, -0.0000000000000000000 ) ) ;
#4722 = CARTESIAN_POINT ( 'NONE',  ( 30.77083333333333925, -4.172000000000000597, 0.0000000000000000000 ) ) ;
#4723 = LINE ( 'NONE', #3811, #3070 ) ;
#4724 = ORIENTED_EDGE ( 'NONE', *, *, #4718, .T. ) ;
#4725 = CARTESIAN_POINT ( 'NONE',  ( 34.30893850830430836, 2.235490958484726577E-15, 0.0000000000000000000 ) ) ;
#4726 = CIRCLE ( 'NONE', #158, 5.000000000000002665 ) ;
#4727 = CIRCLE ( 'NONE', #1188, 5.000000000000002665 ) ;
#4728 = FACE_OUTER_BOUND ( 'NONE', #5220, .T. ) ;
#4729 = ADVANCED_FACE ( 'NONE', ( #4919 ), #312, .T. ) ;
#4730 = EDGE_CURVE ( 'NONE', #3685, #147, #4090, .T. ) ;
#4731 = ORIENTED_EDGE ( 'NONE', *, *, #3884, .F. ) ;
#4732 = DIRECTION ( 'NONE',  ( -1.000000000000000000, -1.224606353822377258E-16, -0.0000000000000000000 ) ) ;
#4733 = ORIENTED_EDGE ( 'NONE', *, *, #3242, .T. ) ;
#4734 = EDGE_CURVE ( 'NONE', #2247, #4812, #3599, .T. ) ;
#4735 = CARTESIAN_POINT ( 'NONE',  ( 31.67022815836235949, 2.093492502277375926E-15, 0.0000000000000000000 ) ) ;
#4736 = ORIENTED_EDGE ( 'NONE', *, *, #4007, .T. ) ;
#4737 = ORIENTED_EDGE ( 'NONE', *, *, #98, .F. ) ;
#4738 = CIRCLE ( 'NONE', #1065, 5.000000000000001776 ) ;
#4739 = DIRECTION ( 'NONE',  ( -0.5735764363510472696, -0.8191520442889910214, 0.0000000000000000000 ) ) ;
#4740 = EDGE_CURVE ( 'NONE', #4443, #4812, #2399, .T. ) ;
#4741 = VERTEX_POINT ( 'NONE', #1752 ) ;
#4742 = CARTESIAN_POINT ( 'NONE',  ( 30.77083333333333925, 4.172000000000004150, 0.0000000000000000000 ) ) ;
#4743 = LINE ( 'NONE', #5214, #494 ) ;
#4744 = DIRECTION ( 'NONE',  ( 0.0000000000000000000, -1.000000000000000000, 0.0000000000000000000 ) ) ;
#4745 = ORIENTED_EDGE ( 'NONE', *, *, #3714, .T. ) ;
#4746 = ORIENTED_EDGE ( 'NONE', *, *, #4498, .F. ) ;
#4747 = DIRECTION ( 'NONE',  ( -1.000000000000000000, -0.0000000000000000000, -0.0000000000000000000 ) ) ;
#4748 = EDGE_CURVE ( 'NONE', #1036, #4443, #3516, .T. ) ;
#4749 = DIRECTION ( 'NONE',  ( -1.000000000000000000, -1.224606353822377258E-16, -0.0000000000000000000 ) ) ;
#4750 = DIRECTION ( 'NONE',  ( -1.000000000000000000, -1.224606353822377258E-16, -0.0000000000000000000 ) ) ;
#4751 = ORIENTED_EDGE ( 'NONE', *, *, #2939, .F. ) ;
#4752 = DIRECTION ( 'NONE',  ( -1.000000000000000000, -1.224606353822377258E-16, -0.0000000000000000000 ) ) ;
#4753 = VERTEX_POINT ( 'NONE', #3478 ) ;
#4754 = DIRECTION ( 'NONE',  ( -0.5735764363510472696, -0.8191520442889910214, 0.0000000000000000000 ) ) ;
#4755 = CARTESIAN_POINT ( 'NONE',  ( 28.71189482502902734, 2.093492502277375926E-15, 0.0000000000000000000 ) ) ;
#4756 = PLANE ( 'NONE',  #1524 ) ;
#4757 = CARTESIAN_POINT ( 'NONE',  ( 15.39939482502902557, -4.776306262080344916E-29, 5.000000000000001776 ) ) ;
#4758 = CIRCLE ( 'NONE', #1224, 5.000000000000002665 ) ;
#4759 = CARTESIAN_POINT ( 'NONE',  ( 42.60416666666667140, -4.172000000000000597, 5.616230220889765396E-16 ) ) ;
#4760 = DIRECTION ( 'NONE',  ( 0.0000000000000000000, -1.000000000000000000, 0.0000000000000000000 ) ) ;
#4761 = EDGE_CURVE ( 'NONE', #3689, #1036, #382, .T. ) ;
#4762 = CARTESIAN_POINT ( 'NONE',  ( 50.00000000000000000, 0.0000000000000000000, 0.0000000000000000000 ) ) ;
#4763 = ORIENTED_EDGE ( 'NONE', *, *, #4323, .F. ) ;
#4764 = EDGE_CURVE ( 'NONE', #1170, #2216, #5219, .T. ) ;
#4765 = CIRCLE ( 'NONE', #4782, 4.172000000000002373 ) ;
#4766 = CARTESIAN_POINT ( 'NONE',  ( 27.81250000000000355, -4.172000000000000597, 0.0000000000000000000 ) ) ;
#4767 = CARTESIAN_POINT ( 'NONE',  ( 19.51727184163763695, -5.000000000000000888, 6.123233995736771213E-16 ) ) ;
#4768 = CIRCLE ( 'NONE', #5233, 5.000000000000002665 ) ;
#4769 = DIRECTION ( 'NONE',  ( 0.0000000000000000000, -1.000000000000000000, 0.0000000000000000000 ) ) ;
#4770 = VERTEX_POINT ( 'NONE', #3860 ) ;
#4771 = PRESENTATION_LAYER_ASSIGNMENT (  '', '', ( #3449 ) ) ;
#4772 = EDGE_CURVE ( 'NONE', #2033, #1922, #1607, .T. ) ;
#4773 = AXIS2_PLACEMENT_3D ( 'NONE', #2574, #2852, #1374 ) ;
#4774 = CARTESIAN_POINT ( 'NONE',  ( 34.30893850830430836, 2.235490958484726577E-15, 0.0000000000000000000 ) ) ;
#4775 = CIRCLE ( 'NONE', #128, 5.000000000000001776 ) ;
#4776 = VERTEX_POINT ( 'NONE', #3485 ) ;
#4777 = DIRECTION ( 'NONE',  ( -0.5735764363510472696, -0.8191520442889910214, 0.0000000000000000000 ) ) ;
#4778 = DIRECTION ( 'NONE',  ( -1.000000000000000000, -0.0000000000000000000, -0.0000000000000000000 ) ) ;
#4779 = LINE ( 'NONE', #3869, #543 ) ;
#4780 = AXIS2_PLACEMENT_3D ( 'NONE', #3334, #1482, #3928 ) ;
#4781 = CARTESIAN_POINT ( 'NONE',  ( 5.000000000000000000, 0.0000000000000000000, 0.0000000000000000000 ) ) ;
#4782 = AXIS2_PLACEMENT_3D ( 'NONE', #293, #287, #276 ) ;
#4783 = CIRCLE ( 'NONE', #4445, 4.172000000000002373 ) ;
#4784 = DIRECTION ( 'NONE',  ( -1.000000000000000000, -1.224606353822377258E-16, -0.0000000000000000000 ) ) ;
#4785 = DIRECTION ( 'NONE',  ( 0.0000000000000000000, -1.000000000000000000, 0.0000000000000000000 ) ) ;
#4786 = CIRCLE ( 'NONE', #19, 5.000000000000002665 ) ;
#4787 = ORIENTED_EDGE ( 'NONE', *, *, #5210, .F. ) ;
#4788 = EDGE_CURVE ( 'NONE', #3829, #4176, #4297, .T. ) ;
#4789 = DIRECTION ( 'NONE',  ( 0.0000000000000000000, -1.000000000000000000, 0.0000000000000000000 ) ) ;
#4790 = EDGE_CURVE ( 'NONE', #4176, #1984, #4723, .T. ) ;
#4791 = DIRECTION ( 'NONE',  ( -1.000000000000000000, -1.224606353822377258E-16, -0.0000000000000000000 ) ) ;
#4792 = DIRECTION ( 'NONE',  ( 0.0000000000000000000, -1.000000000000000000, 0.0000000000000000000 ) ) ;
#4793 = FILL_AREA_STYLE_COLOUR ( '', #429 ) ;
#4794 = VERTEX_POINT ( 'NONE', #2211 ) ;
#4795 = CARTESIAN_POINT ( 'NONE',  ( 31.35060517497097266, 2.235490958484726577E-15, 0.0000000000000000000 ) ) ;
#4796 = CARTESIAN_POINT ( 'NONE',  ( 49.10060517497097266, -5.000000000000000888, 6.123233995736771213E-16 ) ) ;
#4797 = EDGE_CURVE ( 'NONE', #1527, #1984, #1895, .T. ) ;
#4798 = DIRECTION ( 'NONE',  ( 0.0000000000000000000, 1.000000000000000000, 0.0000000000000000000 ) ) ;
#4799 = ORIENTED_EDGE ( 'NONE', *, *, #4959, .F. ) ;
#4800 = CARTESIAN_POINT ( 'NONE',  ( 10.00000000000000178, 0.0000000000000000000, 0.0000000000000000000 ) ) ;
#4801 = VERTEX_POINT ( 'NONE', #1085 ) ;
#4802 = CIRCLE ( 'NONE', #51, 5.000000000000001776 ) ;
#4803 = CARTESIAN_POINT ( 'NONE',  ( 15.07977184163763873, 2.235490958484726577E-15, 0.0000000000000000000 ) ) ;
#4804 = DIRECTION ( 'NONE',  ( 0.0000000000000000000, 0.0000000000000000000, 1.000000000000000000 ) ) ;
#4805 = EDGE_CURVE ( 'NONE', #1561, #3995, #2874, .T. ) ;
#4806 = DIRECTION ( 'NONE',  ( -1.000000000000000000, -1.224606353822377258E-16, -0.0000000000000000000 ) ) ;
#4807 = ORIENTED_EDGE ( 'NONE', *, *, #2747, .F. ) ;
#4808 = ORIENTED_EDGE ( 'NONE', *, *, #4943, .F. ) ;
#4809 = DIRECTION ( 'NONE',  ( 0.0000000000000000000, -1.000000000000000000, 0.0000000000000000000 ) ) ;
#4810 = DIRECTION ( 'NONE',  ( -1.000000000000000000, -1.224606353822377258E-16, -0.0000000000000000000 ) ) ;
#4811 = CARTESIAN_POINT ( 'NONE',  ( 37.58689482502902734, 2.093492502277375926E-15, 0.0000000000000000000 ) ) ;
#4812 = VERTEX_POINT ( 'NONE', #3458 ) ;
#4813 = VERTEX_POINT ( 'NONE', #1286 ) ;
#4814 = EDGE_CURVE ( 'NONE', #3967, #1527, #3378, .T. ) ;
#4815 = EDGE_CURVE ( 'NONE', #3829, #3967, #1929, .T. ) ;
#4816 = CARTESIAN_POINT ( 'NONE',  ( 28.39227184163763695, 2.235490958484726577E-15, 0.0000000000000000000 ) ) ;
#4817 = VERTEX_POINT ( 'NONE', #2772 ) ;
#4818 = CIRCLE ( 'NONE', #1198, 5.000000000000002665 ) ;
#4819 = ORIENTED_EDGE ( 'NONE', *, *, #4834, .F. ) ;
#4820 = ORIENTED_EDGE ( 'NONE', *, *, #3497, .T. ) ;
#4821 = CARTESIAN_POINT ( 'NONE',  ( 16.55893850830430480, -5.000000000000000888, 6.123233995736771213E-16 ) ) ;
#4822 = DIRECTION ( 'NONE',  ( 0.0000000000000000000, -1.000000000000000000, 0.0000000000000000000 ) ) ;
#4823 = VERTEX_POINT ( 'NONE', #1856 ) ;
#4824 = ORIENTED_EDGE ( 'NONE', *, *, #5183, .T. ) ;
#4825 = DIRECTION ( 'NONE',  ( -1.000000000000000000, -1.224606353822377258E-16, -0.0000000000000000000 ) ) ;
#4826 = EDGE_CURVE ( 'NONE', #2884, #880, #4707, .T. ) ;
#4827 = ORIENTED_EDGE ( 'NONE', *, *, #3216, .T. ) ;
#4828 = ORIENTED_EDGE ( 'NONE', *, *, #5243, .F. ) ;
#4829 = DIRECTION ( 'NONE',  ( 1.000000000000000000, 1.224606353822377258E-16, 0.0000000000000000000 ) ) ;
#4830 = DIRECTION ( 'NONE',  ( 0.0000000000000000000, -1.000000000000000000, 0.0000000000000000000 ) ) ;
#4831 = DIRECTION ( 'NONE',  ( -1.000000000000000000, -0.0000000000000000000, -0.0000000000000000000 ) ) ;
#4832 = CIRCLE ( 'NONE', #2952, 8.000000000000000000 ) ;
#4833 = FACE_OUTER_BOUND ( 'NONE', #4568, .T. ) ;
#4834 = EDGE_CURVE ( 'NONE', #3829, #593, #5125, .T. ) ;
#4835 = DIRECTION ( 'NONE',  ( 0.0000000000000000000, -1.000000000000000000, 0.0000000000000000000 ) ) ;
#4836 = ORIENTED_EDGE ( 'NONE', *, *, #3941, .F. ) ;
#4837 = FACE_OUTER_BOUND ( 'NONE', #2386, .T. ) ;
#4838 = EDGE_CURVE ( 'NONE', #593, #1036, #4768, .T. ) ;
#4839 = LINE ( 'NONE', #1891, #1616 ) ;
#4840 = LINE ( 'NONE', #2268, #1756 ) ;
#4841 = EDGE_CURVE ( 'NONE', #3085, #2019, #1766, .T. ) ;
#4842 = CARTESIAN_POINT ( 'NONE',  ( 33.72916666666667140, -4.172000000000000597, 0.0000000000000000000 ) ) ;
#4843 = ORIENTED_EDGE ( 'NONE', *, *, #4934, .T. ) ;
#4844 = ORIENTED_EDGE ( 'NONE', *, *, #2505, .T. ) ;
#4845 = CARTESIAN_POINT ( 'NONE',  ( 50.00000000000000000, 0.0000000000000000000, 0.0000000000000000000 ) ) ;
#4846 = DIRECTION ( 'NONE',  ( 0.0000000000000000000, -1.000000000000000000, 0.0000000000000000000 ) ) ;
#4847 = DIRECTION ( 'NONE',  ( -1.000000000000000000, -0.0000000000000000000, -0.0000000000000000000 ) ) ;
#4848 = CIRCLE ( 'NONE', #5108, 5.000000000000001776 ) ;
#4849 = CARTESIAN_POINT ( 'NONE',  ( 30.77083333333333925, 2.164491730381051252E-15, 0.0000000000000000000 ) ) ;
#4850 = EDGE_CURVE ( 'NONE', #4176, #4443, #618, .T. ) ;
#4851 = ADVANCED_FACE ( 'NONE', ( #5168 ), #4466, .F. ) ;
#4852 = CIRCLE ( 'NONE', #1176, 5.000000000000002665 ) ;
#4853 = EDGE_CURVE ( 'NONE', #1323, #2853, #645, .T. ) ;
#4854 = VECTOR ( 'NONE', #4018, 999.9999999999998863 ) ;
#4855 = DIRECTION ( 'NONE',  ( -1.000000000000000000, -1.224606353822377258E-16, -0.0000000000000000000 ) ) ;
#4856 = DIRECTION ( 'NONE',  ( 0.5735764363510447161, -0.8191520442889927978, 1.003171929053526103E-16 ) ) ;
#4857 = LINE ( 'NONE', #2647, #3596 ) ;
#4858 = VERTEX_POINT ( 'NONE', #900 ) ;
#4859 = EDGE_CURVE ( 'NONE', #1323, #5345, #400, .T. ) ;
#4860 = ORIENTED_EDGE ( 'NONE', *, *, #3555, .F. ) ;
#4861 = EDGE_CURVE ( 'NONE', #5345, #3533, #2745, .T. ) ;
#4862 = CIRCLE ( 'NONE', #513, 5.000000000000002665 ) ;
#4863 = CIRCLE ( 'NONE', #352, 4.172000000000002373 ) ;
#4864 = CARTESIAN_POINT ( 'NONE',  ( 49.10060517497097266, 2.235490958484726577E-15, 0.0000000000000000000 ) ) ;
#4865 = ORIENTED_EDGE ( 'NONE', *, *, #75, .T. ) ;
#4866 = DIRECTION ( 'NONE',  ( 0.0000000000000000000, -1.000000000000000000, 0.0000000000000000000 ) ) ;
#4867 = CARTESIAN_POINT ( 'NONE',  ( 38.74643850830430836, -5.000000000000000000, 6.123233995736770227E-16 ) ) ;
#4868 = FACE_OUTER_BOUND ( 'NONE', #995, .T. ) ;
#4869 = ORIENTED_EDGE ( 'NONE', *, *, #5009, .F. ) ;
#4870 = VECTOR ( 'NONE', #5143, 1000.000000000000000 ) ;
#4871 = VERTEX_POINT ( 'NONE', #504 ) ;
#4872 = ORIENTED_EDGE ( 'NONE', *, *, #4712, .F. ) ;
#4873 = ORIENTED_EDGE ( 'NONE', *, *, #2990, .T. ) ;
#4874 = CARTESIAN_POINT ( 'NONE',  ( 36.68750000000000711, 2.164491730381051252E-15, 0.0000000000000000000 ) ) ;
#4875 = DIRECTION ( 'NONE',  ( 0.0000000000000000000, -1.000000000000000000, 0.0000000000000000000 ) ) ;
#4876 = AXIS2_PLACEMENT_3D ( 'NONE', #2529, #2523, #2520 ) ;
#4877 = ORIENTED_EDGE ( 'NONE', *, *, #5076, .F. ) ;
#4878 = VERTEX_POINT ( 'NONE', #4526 ) ;
#4879 = DIRECTION ( 'NONE',  ( -0.5735764363510474917, 0.8191520442889909104, 1.003171929053523761E-16 ) ) ;
#4880 = DIRECTION ( 'NONE',  ( 0.0000000000000000000, 1.000000000000000000, 0.0000000000000000000 ) ) ;
#4881 = CARTESIAN_POINT ( 'NONE',  ( 31.67022815836235949, 2.093492502277375926E-15, 0.0000000000000000000 ) ) ;
#4882 = DIRECTION ( 'NONE',  ( 1.000000000000000000, 1.224606353822377258E-16, 0.0000000000000000000 ) ) ;
#4883 = CIRCLE ( 'NONE', #489, 4.171999999999999709 ) ;
#4884 = DIRECTION ( 'NONE',  ( -1.000000000000000000, -1.224606353822377258E-16, -0.0000000000000000000 ) ) ;
#4885 = DIRECTION ( 'NONE',  ( 0.0000000000000000000, 1.000000000000000000, 0.0000000000000000000 ) ) ;
#4886 = CARTESIAN_POINT ( 'NONE',  ( 49.10060517497097266, 2.235490958484726577E-15, 0.0000000000000000000 ) ) ;
#4887 = CARTESIAN_POINT ( 'NONE',  ( 24.27439482502902734, -4.776306262080344916E-29, 5.000000000000001776 ) ) ;
#4888 = ORIENTED_EDGE ( 'NONE', *, *, #63, .T. ) ;
#4889 = ORIENTED_EDGE ( 'NONE', *, *, #3731, .F. ) ;
#4890 = DIRECTION ( 'NONE',  ( -1.000000000000000000, -1.224606353822377258E-16, -0.0000000000000000000 ) ) ;
#4891 = ORIENTED_EDGE ( 'NONE', *, *, #4343, .T. ) ;
#4892 = DIRECTION ( 'NONE',  ( -1.000000000000000000, -0.0000000000000000000, -0.0000000000000000000 ) ) ;
#4893 = CARTESIAN_POINT ( 'NONE',  ( -31.74999999999995737, 0.0000000000000000000, 0.0000000000000000000 ) ) ;
#4894 = CIRCLE ( 'NONE', #2795, 5.000000000000001776 ) ;
#4895 = ADVANCED_FACE ( 'NONE', ( #2138 ), #3754, .T. ) ;
#4896 = DIRECTION ( 'NONE',  ( -1.000000000000000000, -1.224606353822377258E-16, -0.0000000000000000000 ) ) ;
#4897 = EDGE_CURVE ( 'NONE', #3533, #2765, #3735, .T. ) ;
#4898 = CARTESIAN_POINT ( 'NONE',  ( 28.71189482502902734, -4.999999999999999112, 0.0000000000000000000 ) ) ;
#4899 = DIRECTION ( 'NONE',  ( -1.000000000000000000, -1.224606353822377258E-16, -0.0000000000000000000 ) ) ;
#4900 = DIRECTION ( 'NONE',  ( 0.0000000000000000000, -1.000000000000000000, 0.0000000000000000000 ) ) ;
#4901 = EDGE_CURVE ( 'NONE', #2765, #2853, #4369, .T. ) ;
#4902 = ORIENTED_EDGE ( 'NONE', *, *, #5062, .T. ) ;
#4903 = DIRECTION ( 'NONE',  ( 0.0000000000000000000, 0.0000000000000000000, 1.000000000000000000 ) ) ;
#4904 = CIRCLE ( 'NONE', #2306, 5.000000000000002665 ) ;
#4905 = CYLINDRICAL_SURFACE ( 'NONE', #5074, 4.999999999999887201 ) ;
#4906 = VERTEX_POINT ( 'NONE', #1953 ) ;
#4907 = DIRECTION ( 'NONE',  ( 0.0000000000000000000, -1.000000000000000000, 0.0000000000000000000 ) ) ;
#4908 = EDGE_CURVE ( 'NONE', #1387, #2163, #2343, .T. ) ;
#4909 = DIRECTION ( 'NONE',  ( -1.000000000000000000, -1.224606353822377258E-16, -0.0000000000000000000 ) ) ;
#4910 = AXIS2_PLACEMENT_3D ( 'NONE', #5096, #564, #2223 ) ;
#4911 = DIRECTION ( 'NONE',  ( -1.000000000000000000, -1.224606353822377258E-16, -0.0000000000000000000 ) ) ;
#4912 = DIRECTION ( 'NONE',  ( 0.0000000000000000000, -1.000000000000000000, 0.0000000000000000000 ) ) ;
#4913 = CARTESIAN_POINT ( 'NONE',  ( 32.25000000000000000, 2.164491730381051252E-15, 0.0000000000000000000 ) ) ;
#4914 = DIRECTION ( 'NONE',  ( 0.0000000000000000000, -1.000000000000000000, 0.0000000000000000000 ) ) ;
#4915 = ORIENTED_EDGE ( 'NONE', *, *, #21, .T. ) ;
#4916 = ORIENTED_EDGE ( 'NONE', *, *, #5317, .F. ) ;
#4917 = TOROIDAL_SURFACE ( 'NONE', #272, 5.399999999999887557, 0.4000000000000000222 ) ;
#4918 = EDGE_CURVE ( 'NONE', #731, #1018, #864, .T. ) ;
#4919 = FACE_OUTER_BOUND ( 'NONE', #4978, .T. ) ;
#4920 = ORIENTED_EDGE ( 'NONE', *, *, #4210, .T. ) ;
#4921 = SURFACE_SIDE_STYLE ('',( #399 ) ) ;
#4922 = DIRECTION ( 'NONE',  ( 0.0000000000000000000, -1.000000000000000000, 0.0000000000000000000 ) ) ;
#4923 = CIRCLE ( 'NONE', #974, 5.000000000000001776 ) ;
#4924 = DIRECTION ( 'NONE',  ( 0.0000000000000000000, 0.0000000000000000000, 1.000000000000000000 ) ) ;
#4925 = CONICAL_SURFACE ( 'NONE', #392, 5.000000000000002665, 0.9599310885968831419 ) ;
#4926 = EDGE_CURVE ( 'NONE', #3426, #1346, #2624, .T. ) ;
#4927 = EDGE_CURVE ( 'NONE', #2237, #306, #4969, .T. ) ;
#4928 = ORIENTED_EDGE ( 'NONE', *, *, #3398, .T. ) ;
#4929 = DIRECTION ( 'NONE',  ( 1.000000000000000000, 1.224606353822377258E-16, 0.0000000000000000000 ) ) ;
#4930 = ORIENTED_EDGE ( 'NONE', *, *, #4730, .F. ) ;
#4931 = DIRECTION ( 'NONE',  ( 0.0000000000000000000, 0.0000000000000000000, 1.000000000000000000 ) ) ;
#4932 = DIRECTION ( 'NONE',  ( 0.0000000000000000000, -1.000000000000000000, 0.0000000000000000000 ) ) ;
#4933 = CARTESIAN_POINT ( 'NONE',  ( 46.14227184163763695, 6.123233995736243662E-16, -5.000000000000002665 ) ) ;
#4934 = EDGE_CURVE ( 'NONE', #1449, #1684, #3351, .T. ) ;
#4935 = DIRECTION ( 'NONE',  ( -1.000000000000000000, -1.224606353822377258E-16, -0.0000000000000000000 ) ) ;
#4936 = ADVANCED_FACE ( 'NONE', ( #1322 ), #728, .T. ) ;
#4937 = ORIENTED_EDGE ( 'NONE', *, *, #3003, .T. ) ;
#4938 = VERTEX_POINT ( 'NONE', #453 ) ;
#4939 = CARTESIAN_POINT ( 'NONE',  ( 29.29166666666666785, 2.164491730381051252E-15, 0.0000000000000000000 ) ) ;
#4940 = CARTESIAN_POINT ( 'NONE',  ( -31.74999999999995737, 0.0000000000000000000, 0.0000000000000000000 ) ) ;
#4941 = EDGE_CURVE ( 'NONE', #1449, #122, #472, .T. ) ;
#4942 = CARTESIAN_POINT ( 'NONE',  ( 13.92022815836235949, 2.093492502277375926E-15, 0.0000000000000000000 ) ) ;
#4943 = EDGE_CURVE ( 'NONE', #4553, #2796, #1425, .T. ) ;
#4944 = CARTESIAN_POINT ( 'NONE',  ( -31.74999999999995737, 0.0000000000000000000, 0.0000000000000000000 ) ) ;
#4945 = DIRECTION ( 'NONE',  ( -1.000000000000000000, -1.224606353822377258E-16, -0.0000000000000000000 ) ) ;
#4946 = DIRECTION ( 'NONE',  ( -1.000000000000000000, -0.0000000000000000000, -0.0000000000000000000 ) ) ;
#4947 = VERTEX_POINT ( 'NONE', #997 ) ;
#4948 = EDGE_CURVE ( 'NONE', #2910, #122, #1688, .T. ) ;
#4949 = ORIENTED_EDGE ( 'NONE', *, *, #4129, .F. ) ;
#4950 = AXIS2_PLACEMENT_3D ( 'NONE', #4800, #2134, #4414 ) ;
#4951 = CARTESIAN_POINT ( 'NONE',  ( 5.000000000000000000, 0.0000000000000000000, 0.0000000000000000000 ) ) ;
#4952 = ADVANCED_FACE ( 'NONE', ( #5224 ), #4656, .T. ) ;
#4953 = ORIENTED_EDGE ( 'NONE', *, *, #5317, .T. ) ;
#4954 = CONICAL_SURFACE ( 'NONE', #2188, 4.172000000000002373, 0.9599310885968798113 ) ;
#4955 = EDGE_CURVE ( 'NONE', #2075, #1077, #2065, .T. ) ;
#4956 = CARTESIAN_POINT ( 'NONE',  ( -31.74999999999995737, 0.0000000000000000000, 4.999999999999887201 ) ) ;
#4957 = CIRCLE ( 'NONE', #2175, 5.000000000000001776 ) ;
#4958 = DIRECTION ( 'NONE',  ( -0.5735764363510472696, -0.8191520442889910214, 0.0000000000000000000 ) ) ;
#4959 = EDGE_CURVE ( 'NONE', #428, #2363, #797, .T. ) ;
#4960 = ORIENTED_EDGE ( 'NONE', *, *, #5145, .F. ) ;
#4961 = ORIENTED_EDGE ( 'NONE', *, *, #3129, .T. ) ;
#4962 = LINE ( 'NONE', #1075, #1475 ) ;
#4963 = DIRECTION ( 'NONE',  ( 0.0000000000000000000, 0.0000000000000000000, 1.000000000000000000 ) ) ;
#4964 = CIRCLE ( 'NONE', #913, 4.172000000000002373 ) ;
#4965 = CARTESIAN_POINT ( 'NONE',  ( 35.20833333333333570, -4.172000000000000597, 0.0000000000000000000 ) ) ;
#4966 = DIRECTION ( 'NONE',  ( 0.0000000000000000000, -1.000000000000000000, 0.0000000000000000000 ) ) ;
#4967 = EDGE_CURVE ( 'NONE', #3812, #3156, #3362, .T. ) ;
#4968 = EDGE_CURVE ( 'NONE', #1684, #2910, #3431, .T. ) ;
#4969 = CIRCLE ( 'NONE', #5082, 5.000000000000001776 ) ;
#4970 = DIRECTION ( 'NONE',  ( -0.5735764363510474917, 0.8191520442889909104, 1.003171929053523761E-16 ) ) ;
#4971 = CARTESIAN_POINT ( 'NONE',  ( 32.25000000000000000, 4.172000000000004150, 5.109226446042759579E-16 ) ) ;
#4972 = CARTESIAN_POINT ( 'NONE',  ( 36.68750000000000711, 2.164491730381051252E-15, 0.0000000000000000000 ) ) ;
#4973 = ADVANCED_FACE ( 'NONE', ( #706 ), #2827, .T. ) ;
#4974 = CONICAL_SURFACE ( 'NONE', #654, 5.000000000000002665, 0.9599310885968831419 ) ;
#4975 = VERTEX_POINT ( 'NONE', #2592 ) ;
#4976 = EDGE_CURVE ( 'NONE', #751, #1970, #1248, .T. ) ;
#4977 = EDGE_CURVE ( 'NONE', #2264, #5324, #3076, .T. ) ;
#4978 = EDGE_LOOP ( 'NONE', ( #4302, #1950, #659, #666, #882, #4559 ) ) ;
#4979 = CIRCLE ( 'NONE', #92, 5.000000000000002665 ) ;
#4980 = DIRECTION ( 'NONE',  ( 0.0000000000000000000, -1.000000000000000000, 0.0000000000000000000 ) ) ;
#4981 = CARTESIAN_POINT ( 'NONE',  ( 24.27439482502902734, 6.123233995736290008E-16, -5.000000000000001776 ) ) ;
#4982 = DIRECTION ( 'NONE',  ( -1.000000000000000000, -1.224606353822377258E-16, -0.0000000000000000000 ) ) ;
#4983 = LINE ( 'NONE', #3865, #3700 ) ;
#4984 = ORIENTED_EDGE ( 'NONE', *, *, #4853, .T. ) ;
#4985 = LINE ( 'NONE', #4381, #3751 ) ;
#4986 = DIRECTION ( 'NONE',  ( -1.000000000000000000, -1.224606353822377258E-16, -0.0000000000000000000 ) ) ;
#4987 = CARTESIAN_POINT ( 'NONE',  ( 39.06606149169569875, 6.123233995736290008E-16, -5.000000000000001776 ) ) ;
#4988 = EDGE_CURVE ( 'NONE', #751, #3002, #2994, .T. ) ;
#4989 = CARTESIAN_POINT ( 'NONE',  ( 32.82977184163764406, -5.000000000000000000, 6.123233995736770227E-16 ) ) ;
#4990 = ORIENTED_EDGE ( 'NONE', *, *, #4226, .T. ) ;
#4991 = ORIENTED_EDGE ( 'NONE', *, *, #4859, .F. ) ;
#4992 = FACE_OUTER_BOUND ( 'NONE', #3149, .T. ) ;
#4993 = ORIENTED_EDGE ( 'NONE', *, *, #3730, .T. ) ;
#4994 = DIRECTION ( 'NONE',  ( -0.5735764363510474917, 0.8191520442889909104, 1.003171929053523761E-16 ) ) ;
#4995 = CARTESIAN_POINT ( 'NONE',  ( 27.81250000000000355, 2.164491730381051252E-15, 0.0000000000000000000 ) ) ;
#4996 = CARTESIAN_POINT ( 'NONE',  ( 28.71189482502902734, 5.000000000000004441, 6.123233995736769241E-16 ) ) ;
#4997 = ORIENTED_EDGE ( 'NONE', *, *, #3994, .T. ) ;
#4998 = EDGE_CURVE ( 'NONE', #5299, #3002, #1486, .T. ) ;
#4999 = EDGE_CURVE ( 'NONE', #1970, #5299, #2464, .T. ) ;
#5000 = CIRCLE ( 'NONE', #394, 5.000000000000002665 ) ;
#5001 = ORIENTED_EDGE ( 'NONE', *, *, #4968, .T. ) ;
#5002 = CYLINDRICAL_SURFACE ( 'NONE', #2131, 4.999999999999887201 ) ;
#5003 = ORIENTED_EDGE ( 'NONE', *, *, #3015, .T. ) ;
#5004 = DIRECTION ( 'NONE',  ( -1.000000000000000000, -1.224606353822377258E-16, -0.0000000000000000000 ) ) ;
#5005 = CARTESIAN_POINT ( 'NONE',  ( -31.74999999999995737, 0.0000000000000000000, 4.999999999999887201 ) ) ;
#5006 = CARTESIAN_POINT ( 'NONE',  ( 42.60416666666667140, 4.172000000000004150, 0.0000000000000000000 ) ) ;
#5007 = CARTESIAN_POINT ( 'NONE',  ( 0.0000000000000000000, -2.342598717236908268, 4.057500000000003659 ) ) ;
#5008 = LINE ( 'NONE', #3461, #4451 ) ;
#5009 = EDGE_CURVE ( 'NONE', #1239, #62, #1071, .T. ) ;
#5010 = ORIENTED_EDGE ( 'NONE', *, *, #2732, .T. ) ;
#5011 = ORIENTED_EDGE ( 'NONE', *, *, #4834, .T. ) ;
#5012 = EDGE_CURVE ( 'NONE', #1889, #1897, #3127, .T. ) ;
#5013 = CARTESIAN_POINT ( 'NONE',  ( -31.74999999999995737, 0.0000000000000000000, 4.999999999999887201 ) ) ;
#5014 = CARTESIAN_POINT ( 'NONE',  ( 42.02439482502902734, -4.999999999999999112, 0.0000000000000000000 ) ) ;
#5015 = ORIENTED_EDGE ( 'NONE', *, *, #5170, .T. ) ;
#5016 = DIRECTION ( 'NONE',  ( 0.5735764363510447161, -0.8191520442889927978, 1.003171929053526103E-16 ) ) ;
#5017 = EDGE_CURVE ( 'NONE', #1984, #1948, #868, .T. ) ;
#5018 = DIRECTION ( 'NONE',  ( -1.000000000000000000, -0.0000000000000000000, -0.0000000000000000000 ) ) ;
#5019 = VERTEX_POINT ( 'NONE', #4424 ) ;
#5020 = ORIENTED_EDGE ( 'NONE', *, *, #75, .F. ) ;
#5021 = LINE ( 'NONE', #5284, #3395 ) ;
#5022 = ORIENTED_EDGE ( 'NONE', *, *, #715, .T. ) ;
#5023 = DIRECTION ( 'NONE',  ( -1.000000000000000000, -0.0000000000000000000, -0.0000000000000000000 ) ) ;
#5024 = VERTEX_POINT ( 'NONE', #1099 ) ;
#5025 = CARTESIAN_POINT ( 'NONE',  ( 49.10060517497097266, -5.161492250957792086E-29, 5.000000000000002665 ) ) ;
#5026 = EDGE_CURVE ( 'NONE', #82, #2932, #4036, .T. ) ;
#5027 = VERTEX_POINT ( 'NONE', #4710 ) ;
#5028 = CARTESIAN_POINT ( 'NONE',  ( 29.87143850830430836, -5.161492250957792086E-29, 5.000000000000002665 ) ) ;
#5029 = ORIENTED_EDGE ( 'NONE', *, *, #4570, .F. ) ;
#5030 = CARTESIAN_POINT ( 'NONE',  ( -31.74999999999995737, 6.123233995736628232E-16, -4.999999999999887201 ) ) ;
#5031 = DIRECTION ( 'NONE',  ( 0.0000000000000000000, -1.000000000000000000, 0.0000000000000000000 ) ) ;
#5032 = CIRCLE ( 'NONE', #4421, 5.000000000000001776 ) ;
#5033 = VERTEX_POINT ( 'NONE', #2635 ) ;
#5034 = AXIS2_PLACEMENT_3D ( 'NONE', #4122, #4540, #1530 ) ;
#5035 = EDGE_CURVE ( 'NONE', #1948, #1970, #114, .T. ) ;
#5036 = DIRECTION ( 'NONE',  ( -1.000000000000000000, -0.0000000000000000000, -0.0000000000000000000 ) ) ;
#5037 =( NAMED_UNIT ( * ) PLANE_ANGLE_UNIT ( ) SI_UNIT ( $, .RADIAN. ) );
#5038 = ORIENTED_EDGE ( 'NONE', *, *, #3616, .T. ) ;
#5039 = CARTESIAN_POINT ( 'NONE',  ( 25.75356149169569164, -4.776306262080344916E-29, 5.000000000000001776 ) ) ;
#5040 = EDGE_CURVE ( 'NONE', #1970, #751, #3634, .T. ) ;
#5041 = DIRECTION ( 'NONE',  ( 0.0000000000000000000, 0.0000000000000000000, 1.000000000000000000 ) ) ;
#5042 = CIRCLE ( 'NONE', #380, 5.000000000000001776 ) ;
#5043 = EDGE_LOOP ( 'NONE', ( #2746, #2725, #2859, #828, #3958 ) ) ;
#5044 = DIRECTION ( 'NONE',  ( -1.000000000000000000, -0.0000000000000000000, -0.0000000000000000000 ) ) ;
#5045 = DIRECTION ( 'NONE',  ( 0.0000000000000000000, -1.000000000000000000, 0.0000000000000000000 ) ) ;
#5046 = CARTESIAN_POINT ( 'NONE',  ( 31.67022815836235949, -4.999999999999999112, 0.0000000000000000000 ) ) ;
#5047 = ORIENTED_EDGE ( 'NONE', *, *, #5163, .F. ) ;
#5048 = EDGE_CURVE ( 'NONE', #1527, #751, #1849, .T. ) ;
#5049 = EDGE_CURVE ( 'NONE', #2310, #4938, #4588, .T. ) ;
#5050 = CIRCLE ( 'NONE', #1190, 5.000000000000001776 ) ;
#5051 = CARTESIAN_POINT ( 'NONE',  ( 32.82977184163764406, 2.235490958484726577E-15, 0.0000000000000000000 ) ) ;
#5052 = DIRECTION ( 'NONE',  ( 0.0000000000000000000, 0.0000000000000000000, 1.000000000000000000 ) ) ;
#5053 = VERTEX_POINT ( 'NONE', #521 ) ;
#5054 = CARTESIAN_POINT ( 'NONE',  ( 36.10772815836236305, 2.093492502277375926E-15, 0.0000000000000000000 ) ) ;
#5055 = CYLINDRICAL_SURFACE ( 'NONE', #175, 4.999999999999887201 ) ;
#5056 = EDGE_CURVE ( 'NONE', #5288, #5033, #1349, .T. ) ;
#5057 = ORIENTED_EDGE ( 'NONE', *, *, #4955, .F. ) ;
#5058 = VECTOR ( 'NONE', #3521, 1000.000000000000000 ) ;
#5059 = DIRECTION ( 'NONE',  ( -1.000000000000000000, -0.0000000000000000000, -0.0000000000000000000 ) ) ;
#5060 = LINE ( 'NONE', #2754, #873 ) ;
#5061 = EDGE_LOOP ( 'NONE', ( #3729, #3755, #3806, #3879, #3911 ) ) ;
#5062 = EDGE_CURVE ( 'NONE', #4938, #1449, #4217, .T. ) ;
#5063 = EDGE_CURVE ( 'NONE', #875, #1959, #2459, .T. ) ;
#5064 = DIRECTION ( 'NONE',  ( 0.0000000000000000000, -1.000000000000000000, 0.0000000000000000000 ) ) ;
#5065 = CARTESIAN_POINT ( 'NONE',  ( 47.62143850830430836, 2.235490958484726577E-15, 0.0000000000000000000 ) ) ;
#5066 = VERTEX_POINT ( 'NONE', #3615 ) ;
#5067 = CARTESIAN_POINT ( 'NONE',  ( 15.39939482502902557, 2.093492502277375926E-15, 0.0000000000000000000 ) ) ;
#5068 = ORIENTED_EDGE ( 'NONE', *, *, #2787, .F. ) ;
#5069 = EDGE_CURVE ( 'NONE', #2310, #1684, #2569, .T. ) ;
#5070 = CONICAL_SURFACE ( 'NONE', #2199, 5.000000000000002665, 0.9599310885968831419 ) ;
#5071 = CARTESIAN_POINT ( 'NONE',  ( -31.74999999999995737, 0.0000000000000000000, 0.0000000000000000000 ) ) ;
#5072 = CARTESIAN_POINT ( 'NONE',  ( 33.14939482502902734, 2.093492502277375926E-15, 0.0000000000000000000 ) ) ;
#5073 = VERTEX_POINT ( 'NONE', #1120 ) ;
#5074 = AXIS2_PLACEMENT_3D ( 'NONE', #2644, #2969, #3102 ) ;
#5075 = ORIENTED_EDGE ( 'NONE', *, *, #1789, .T. ) ;
#5076 = EDGE_CURVE ( 'NONE', #5066, #3189, #4840, .T. ) ;
#5077 = ORIENTED_EDGE ( 'NONE', *, *, #63, .F. ) ;
#5078 = FACE_OUTER_BOUND ( 'NONE', #1444, .T. ) ;
#5079 = CARTESIAN_POINT ( 'NONE',  ( 25.75356149169569164, -4.999999999999999112, 0.0000000000000000000 ) ) ;
#5080 = EDGE_CURVE ( 'NONE', #3160, #3189, #5238, .T. ) ;
#5081 = DIRECTION ( 'NONE',  ( -1.000000000000000000, -1.224606353822377258E-16, -0.0000000000000000000 ) ) ;
#5082 = AXIS2_PLACEMENT_3D ( 'NONE', #3345, #660, #2760 ) ;
#5083 = EDGE_CURVE ( 'NONE', #3160, #2488, #104, .T. ) ;
#5084 = CARTESIAN_POINT ( 'NONE',  ( 30.19106149169569520, 2.093492502277375926E-15, 0.0000000000000000000 ) ) ;
#5085 = AXIS2_PLACEMENT_3D ( 'NONE', #3179, #4505, #5181 ) ;
#5086 = ADVANCED_FACE ( 'NONE', ( #5282 ), #22, .T. ) ;
#5087 = ORIENTED_EDGE ( 'NONE', *, *, #4941, .F. ) ;
#5088 = DIRECTION ( 'NONE',  ( 0.0000000000000000000, -1.000000000000000000, 0.0000000000000000000 ) ) ;
#5089 = DIRECTION ( 'NONE',  ( -1.000000000000000000, -0.0000000000000000000, -0.0000000000000000000 ) ) ;
#5090 = DIRECTION ( 'NONE',  ( -0.5735764363510474917, 0.8191520442889909104, 1.003171929053523761E-16 ) ) ;
#5091 = CARTESIAN_POINT ( 'NONE',  ( 27.81250000000000355, 4.172000000000004150, 5.109226446042759579E-16 ) ) ;
#5092 = EDGE_LOOP ( 'NONE', ( #3558, #3576, #3574 ) ) ;
#5093 = DIRECTION ( 'NONE',  ( 0.0000000000000000000, -1.000000000000000000, 0.0000000000000000000 ) ) ;
#5094 = CARTESIAN_POINT ( 'NONE',  ( 38.74643850830430836, 2.235490958484726577E-15, 0.0000000000000000000 ) ) ;
#5095 = VERTEX_POINT ( 'NONE', #3578 ) ;
#5096 = CARTESIAN_POINT ( 'NONE',  ( 47.62143850830430836, 2.235490958484726577E-15, 0.0000000000000000000 ) ) ;
#5097 = ORIENTED_EDGE ( 'NONE', *, *, #5017, .T. ) ;
#5098 = CONICAL_SURFACE ( 'NONE', #2218, 4.172000000000002373, 0.9599310885968798113 ) ;
#5099 = EDGE_CURVE ( 'NONE', #1914, #4536, #3984, .T. ) ;
#5100 = DIRECTION ( 'NONE',  ( -1.000000000000000000, -0.0000000000000000000, -0.0000000000000000000 ) ) ;
#5101 = DIRECTION ( 'NONE',  ( -1.000000000000000000, -1.224606353822377258E-16, -0.0000000000000000000 ) ) ;
#5102 = CIRCLE ( 'NONE', #895, 4.172000000000002373 ) ;
#5103 = DIRECTION ( 'NONE',  ( 0.0000000000000000000, -1.000000000000000000, 0.0000000000000000000 ) ) ;
#5104 = FACE_OUTER_BOUND ( 'NONE', #1905, .T. ) ;
#5105 = CIRCLE ( 'NONE', #2406, 4.172000000000002373 ) ;
#5106 = ORIENTED_EDGE ( 'NONE', *, *, #4329, .T. ) ;
#5107 = VERTEX_POINT ( 'NONE', #5272 ) ;
#5108 = AXIS2_PLACEMENT_3D ( 'NONE', #2614, #2604, #2598 ) ;
#5109 = DIRECTION ( 'NONE',  ( 1.000000000000000000, 0.0000000000000000000, 0.0000000000000000000 ) ) ;
#5110 = ORIENTED_EDGE ( 'NONE', *, *, #3993, .F. ) ;
#5111 = EDGE_CURVE ( 'NONE', #3982, #450, #2112, .T. ) ;
#5112 = ORIENTED_EDGE ( 'NONE', *, *, #3151, .F. ) ;
#5113 = VERTEX_POINT ( 'NONE', #4160 ) ;
#5114 = CARTESIAN_POINT ( 'NONE',  ( 26.91310517497097621, 6.123233995736253523E-16, -5.000000000000002665 ) ) ;
#5115 = ORIENTED_EDGE ( 'NONE', *, *, #4347, .T. ) ;
#5116 = CIRCLE ( 'NONE', #765, 5.000000000000001776 ) ;
#5117 = CARTESIAN_POINT ( 'NONE',  ( 31.35060517497097266, 2.235490958484726577E-15, 0.0000000000000000000 ) ) ;
#5118 = VECTOR ( 'NONE', #470, 1000.000000000000000 ) ;
#5119 = CIRCLE ( 'NONE', #3193, 5.399999999999887557 ) ;
#5120 = ORIENTED_EDGE ( 'NONE', *, *, #4025, .T. ) ;
#5121 = EDGE_CURVE ( 'NONE', #2011, #837, #1701, .T. ) ;
#5122 = EDGE_CURVE ( 'NONE', #3317, #642, #4584, .T. ) ;
#5123 = VECTOR ( 'NONE', #2881, 1000.000000000000114 ) ;
#5124 = EDGE_CURVE ( 'NONE', #3058, #3812, #4964, .T. ) ;
#5125 = LINE ( 'NONE', #1025, #2156 ) ;
#5126 = ORIENTED_EDGE ( 'NONE', *, *, #2866, .F. ) ;
#5127 = CARTESIAN_POINT ( 'NONE',  ( 38.16666666666667140, 4.172000000000004150, 0.0000000000000000000 ) ) ;
#5128 = FACE_OUTER_BOUND ( 'NONE', #4006, .T. ) ;
#5129 = VERTEX_POINT ( 'NONE', #3704 ) ;
#5130 = EDGE_CURVE ( 'NONE', #2488, #5113, #2224, .T. ) ;
#5131 = EDGE_CURVE ( 'NONE', #1726, #5113, #2837, .T. ) ;
#5132 = PLANE ( 'NONE',  #1297 ) ;
#5133 = FACE_OUTER_BOUND ( 'NONE', #480, .T. ) ;
#5134 = DIRECTION ( 'NONE',  ( 0.0000000000000000000, -1.000000000000000000, 0.0000000000000000000 ) ) ;
#5135 = VERTEX_POINT ( 'NONE', #3947 ) ;
#5136 = ORIENTED_EDGE ( 'NONE', *, *, #3025, .F. ) ;
#5137 = ORIENTED_EDGE ( 'NONE', *, *, #3662, .T. ) ;
#5138 = EDGE_LOOP ( 'NONE', ( #4590, #4585, #4523, #4510, #4457 ) ) ;
#5139 = EDGE_CURVE ( 'NONE', #5066, #1726, #2742, .T. ) ;
#5140 = AXIS2_PLACEMENT_3D ( 'NONE', #1554, #1420, #1502 ) ;
#5141 = ORIENTED_EDGE ( 'NONE', *, *, #3833, .T. ) ;
#5142 = CARTESIAN_POINT ( 'NONE',  ( -31.74999999999995737, 0.0000000000000000000, 4.999999999999887201 ) ) ;
#5143 = DIRECTION ( 'NONE',  ( -1.000000000000000000, -0.0000000000000000000, -0.0000000000000000000 ) ) ;
#5144 = ORIENTED_EDGE ( 'NONE', *, *, #4764, .T. ) ;
#5145 = EDGE_CURVE ( 'NONE', #122, #2910, #4471, .T. ) ;
#5146 = VERTEX_POINT ( 'NONE', #4260 ) ;
#5147 = DIRECTION ( 'NONE',  ( -1.000000000000000000, -0.0000000000000000000, -0.0000000000000000000 ) ) ;
#5148 = DIRECTION ( 'NONE',  ( 1.000000000000000000, 1.224606353822377258E-16, 0.0000000000000000000 ) ) ;
#5149 = CARTESIAN_POINT ( 'NONE',  ( 19.51727184163763695, 5.000000000000004441, 0.0000000000000000000 ) ) ;
#5150 = EDGE_CURVE ( 'NONE', #4938, #2310, #2544, .T. ) ;
#5151 = CARTESIAN_POINT ( 'NONE',  ( 31.67022815836235949, 5.000000000000004441, 6.123233995736769241E-16 ) ) ;
#5152 = FACE_OUTER_BOUND ( 'NONE', #3953, .T. ) ;
#5153 = DIRECTION ( 'NONE',  ( -0.5735764363510474917, 0.8191520442889909104, 1.003171929053523761E-16 ) ) ;
#5154 = CARTESIAN_POINT ( 'NONE',  ( 35.20833333333333570, -4.172000000000000597, 5.616230220889765396E-16 ) ) ;
#5155 = DIRECTION ( 'NONE',  ( -1.000000000000000000, -0.0000000000000000000, -0.0000000000000000000 ) ) ;
#5156 = CARTESIAN_POINT ( 'NONE',  ( 36.10772815836236305, 2.093492502277375926E-15, 0.0000000000000000000 ) ) ;
#5157 = DIRECTION ( 'NONE',  ( 0.0000000000000000000, -1.000000000000000000, 0.0000000000000000000 ) ) ;
#5158 = ADVANCED_FACE ( 'NONE', ( #2269 ), #1677, .T. ) ;
#5159 = DIRECTION ( 'NONE',  ( 1.000000000000000000, 0.0000000000000000000, 0.0000000000000000000 ) ) ;
#5160 = AXIS2_PLACEMENT_3D ( 'NONE', #2250, #3766, #3868 ) ;
#5161 = ORIENTED_EDGE ( 'NONE', *, *, #90, .T. ) ;
#5162 = CARTESIAN_POINT ( 'NONE',  ( 29.29166666666666785, 4.172000000000004150, 5.109226446042759579E-16 ) ) ;
#5163 = EDGE_CURVE ( 'NONE', #1684, #1449, #4832, .T. ) ;
#5164 = DIRECTION ( 'NONE',  ( 0.0000000000000000000, -1.000000000000000000, 0.0000000000000000000 ) ) ;
#5165 = ORIENTED_EDGE ( 'NONE', *, *, #1965, .T. ) ;
#5166 = CARTESIAN_POINT ( 'NONE',  ( 33.72916666666667140, 2.164491730381051252E-15, 0.0000000000000000000 ) ) ;
#5167 = DIRECTION ( 'NONE',  ( -1.000000000000000000, -1.224606353822377258E-16, -0.0000000000000000000 ) ) ;
#5168 = FACE_OUTER_BOUND ( 'NONE', #419, .T. ) ;
#5169 = DIRECTION ( 'NONE',  ( -1.000000000000000000, -1.224606353822377258E-16, -0.0000000000000000000 ) ) ;
#5170 = EDGE_CURVE ( 'NONE', #3002, #5299, #5119, .T. ) ;
#5171 = CIRCLE ( 'NONE', #102, 5.000000000000001776 ) ;
#5172 = CARTESIAN_POINT ( 'NONE',  ( -31.74999999999995737, 0.0000000000000000000, 0.0000000000000000000 ) ) ;
#5173 = DIRECTION ( 'NONE',  ( 0.0000000000000000000, -1.000000000000000000, 0.0000000000000000000 ) ) ;
#5174 = LINE ( 'NONE', #2985, #5123 ) ;
#5175 = EDGE_CURVE ( 'NONE', #1948, #3967, #840, .T. ) ;
#5176 = VERTEX_POINT ( 'NONE', #5259 ) ;
#5177 = CARTESIAN_POINT ( 'NONE',  ( 28.71189482502902734, 2.093492502277375926E-15, 0.0000000000000000000 ) ) ;
#5178 = LINE ( 'NONE', #3132, #2061 ) ;
#5179 = CARTESIAN_POINT ( 'NONE',  ( -31.74999999999995737, 6.123233995736628232E-16, -4.999999999999887201 ) ) ;
#5180 = DIRECTION ( 'NONE',  ( -1.000000000000000000, -0.0000000000000000000, -0.0000000000000000000 ) ) ;
#5181 = DIRECTION ( 'NONE',  ( 0.0000000000000000000, -1.000000000000000000, 0.0000000000000000000 ) ) ;
#5182 = CARTESIAN_POINT ( 'NONE',  ( -31.74999999999995737, 6.123233995736628232E-16, -4.999999999999887201 ) ) ;
#5183 = EDGE_CURVE ( 'NONE', #4478, #3156, #1395, .T. ) ;
#5184 = DIRECTION ( 'NONE',  ( -1.000000000000000000, -1.224606353822377258E-16, -0.0000000000000000000 ) ) ;
#5185 = DIRECTION ( 'NONE',  ( -1.000000000000000000, -0.0000000000000000000, -0.0000000000000000000 ) ) ;
#5186 = CARTESIAN_POINT ( 'NONE',  ( 34.30893850830430836, 2.235490958484726577E-15, 0.0000000000000000000 ) ) ;
#5187 = ORIENTED_EDGE ( 'NONE', *, *, #4416, .F. ) ;
#5188 = CARTESIAN_POINT ( 'NONE',  ( 10.00000000000000000, 0.0000000000000000000, 0.0000000000000000000 ) ) ;
#5189 = EDGE_LOOP ( 'NONE', ( #4497, #4393, #4330, #4287, #4161 ) ) ;
#5190 = VERTEX_POINT ( 'NONE', #4887 ) ;
#5191 = CARTESIAN_POINT ( 'NONE',  ( 38.74643850830430836, 2.235490958484726577E-15, 0.0000000000000000000 ) ) ;
#5192 = EDGE_CURVE ( 'NONE', #3812, #3058, #2934, .T. ) ;
#5193 = CARTESIAN_POINT ( 'NONE',  ( 5.000000000000000000, 4.685197434473813871, -6.505213034913026604E-15 ) ) ;
#5194 = DIRECTION ( 'NONE',  ( -1.000000000000000000, -1.224606353822377258E-16, -0.0000000000000000000 ) ) ;
#5195 = ORIENTED_EDGE ( 'NONE', *, *, #2504, .F. ) ;
#5196 = PRODUCT ( 'M10X40', 'M10X40', '', ( #3695 ) ) ;
#5197 = CARTESIAN_POINT ( 'NONE',  ( 25.43393850830430480, 2.235490958484726577E-15, 0.0000000000000000000 ) ) ;
#5198 = LINE ( 'NONE', #4429, #2794 ) ;
#5199 = ADVANCED_FACE ( 'NONE', ( #3308 ), #3082, .T. ) ;
#5200 = CARTESIAN_POINT ( 'NONE',  ( 10.00000000000000000, 0.0000000000000000000, 0.0000000000000000000 ) ) ;
#5201 = DIRECTION ( 'NONE',  ( 0.5735764363510444941, 0.8191520442889929088, 0.0000000000000000000 ) ) ;
#5202 = ORIENTED_EDGE ( 'NONE', *, *, #3765, .F. ) ;
#5203 = ORIENTED_EDGE ( 'NONE', *, *, #4959, .T. ) ;
#5204 = VERTEX_POINT ( 'NONE', #1654 ) ;
#5205 = DIRECTION ( 'NONE',  ( 0.0000000000000000000, -1.000000000000000000, 0.0000000000000000000 ) ) ;
#5206 = CARTESIAN_POINT ( 'NONE',  ( -31.74999999999995737, 0.0000000000000000000, 0.0000000000000000000 ) ) ;
#5207 = VECTOR ( 'NONE', #742, 1000.000000000000000 ) ;
#5208 = DIRECTION ( 'NONE',  ( 0.0000000000000000000, 1.000000000000000000, 0.0000000000000000000 ) ) ;
#5209 = ORIENTED_EDGE ( 'NONE', *, *, #4730, .T. ) ;
#5210 = EDGE_CURVE ( 'NONE', #3610, #5066, #3188, .T. ) ;
#5211 = EDGE_CURVE ( 'NONE', #3610, #1985, #2538, .T. ) ;
#5212 = DIRECTION ( 'NONE',  ( -0.5735764363510474917, 0.8191520442889909104, 1.003171929053523761E-16 ) ) ;
#5213 = CARTESIAN_POINT ( 'NONE',  ( -31.74999999999995737, 6.123233995736628232E-16, -4.999999999999887201 ) ) ;
#5214 = CARTESIAN_POINT ( 'NONE',  ( -31.74999999999995737, 6.123233995736628232E-16, -4.999999999999887201 ) ) ;
#5215 = DIRECTION ( 'NONE',  ( 0.0000000000000000000, -1.000000000000000000, 0.0000000000000000000 ) ) ;
#5216 = ADVANCED_FACE ( 'NONE', ( #4084 ), #1494, .T. ) ;
#5217 = ORIENTED_EDGE ( 'NONE', *, *, #5211, .F. ) ;
#5218 = DIRECTION ( 'NONE',  ( -1.000000000000000000, -0.0000000000000000000, -0.0000000000000000000 ) ) ;
#5219 = CIRCLE ( 'NONE', #1212, 5.000000000000002665 ) ;
#5220 = EDGE_LOOP ( 'NONE', ( #3957, #3851, #3936, #2477, #190 ) ) ;
#5221 = ADVANCED_FACE ( 'NONE', ( #3357 ), #552, .T. ) ;
#5222 = FACE_OUTER_BOUND ( 'NONE', #2682, .T. ) ;
#5223 = DIRECTION ( 'NONE',  ( 1.000000000000000000, 0.0000000000000000000, 0.0000000000000000000 ) ) ;
#5224 = FACE_OUTER_BOUND ( 'NONE', #915, .T. ) ;
#5225 = LINE ( 'NONE', #3040, #4319 ) ;
#5226 = DIRECTION ( 'NONE',  ( 0.0000000000000000000, -1.000000000000000000, 0.0000000000000000000 ) ) ;
#5227 = EDGE_CURVE ( 'NONE', #1985, #5053, #4109, .T. ) ;
#5228 = LINE ( 'NONE', #530, #5118 ) ;
#5229 = DIRECTION ( 'NONE',  ( -1.000000000000000000, -0.0000000000000000000, -0.0000000000000000000 ) ) ;
#5230 = EDGE_CURVE ( 'NONE', #5027, #1636, #1471, .T. ) ;
#5231 = DIRECTION ( 'NONE',  ( -1.000000000000000000, -0.0000000000000000000, -0.0000000000000000000 ) ) ;
#5232 = ORIENTED_EDGE ( 'NONE', *, *, #4026, .T. ) ;
#5233 = AXIS2_PLACEMENT_3D ( 'NONE', #1730, #863, #3815 ) ;
#5234 = DIRECTION ( 'NONE',  ( -0.5000000000000034417, 0.0000000000000000000, 0.8660254037844367092 ) ) ;
#5235 = ORIENTED_EDGE ( 'NONE', *, *, #4948, .T. ) ;
#5236 = LINE ( 'NONE', #3356, #475 ) ;
#5237 = VECTOR ( 'NONE', #2888, 1000.000000000000000 ) ;
#5238 = LINE ( 'NONE', #5007, #5058 ) ;
#5239 = ORIENTED_EDGE ( 'NONE', *, *, #4046, .T. ) ;
#5240 = CARTESIAN_POINT ( 'NONE',  ( 5.000000000000000000, -3.513898075855363068, 2.028750000000007603 ) ) ;
#5241 = CARTESIAN_POINT ( 'NONE',  ( -31.74999999999995737, 0.0000000000000000000, 4.999999999999887201 ) ) ;
#5242 = LINE ( 'NONE', #5162, #1639 ) ;
#5243 = EDGE_CURVE ( 'NONE', #1725, #2139, #1749, .T. ) ;
#5244 = ORIENTED_EDGE ( 'NONE', *, *, #3585, .T. ) ;
#5245 = DIRECTION ( 'NONE',  ( -1.000000000000000000, -1.224606353822377258E-16, -0.0000000000000000000 ) ) ;
#5246 = ADVANCED_FACE ( 'NONE', ( #4868 ), #1220, .T. ) ;
#5247 = VECTOR ( 'NONE', #3639, 999.9999999999998863 ) ;
#5248 = DIRECTION ( 'NONE',  ( 0.0000000000000000000, 0.0000000000000000000, 1.000000000000000000 ) ) ;
#5249 = ORIENTED_EDGE ( 'NONE', *, *, #3025, .T. ) ;
#5250 = CARTESIAN_POINT ( 'NONE',  ( 43.18393850830430836, -5.000000000000000888, 6.123233995736771213E-16 ) ) ;
#5251 = DIRECTION ( 'NONE',  ( 0.5735764363510444941, 0.8191520442889929088, 0.0000000000000000000 ) ) ;
#5252 = DIRECTION ( 'NONE',  ( 0.0000000000000000000, -1.000000000000000000, 0.0000000000000000000 ) ) ;
#5253 = DIRECTION ( 'NONE',  ( 0.0000000000000000000, -1.000000000000000000, 0.0000000000000000000 ) ) ;
#5254 = VECTOR ( 'NONE', #4856, 1000.000000000000000 ) ;
#5255 = ADVANCED_FACE ( 'NONE', ( #3495 ), #3251, .T. ) ;
#5256 = DIRECTION ( 'NONE',  ( -1.000000000000000000, -0.0000000000000000000, -0.0000000000000000000 ) ) ;
#5257 = DIRECTION ( 'NONE',  ( -1.000000000000000000, -0.0000000000000000000, -0.0000000000000000000 ) ) ;
#5258 = CARTESIAN_POINT ( 'NONE',  ( 25.75356149169569164, 5.000000000000004441, 6.123233995736769241E-16 ) ) ;
#5259 = CARTESIAN_POINT ( 'NONE',  ( 49.17199999999979809, 0.0000000000000000000, 4.999999999999773515 ) ) ;
#5260 = AXIS2_PLACEMENT_3D ( 'NONE', #1833, #3175, #1246 ) ;
#5261 = CARTESIAN_POINT ( 'NONE',  ( 48.52083333333333570, 4.172000000000004150, 5.109226446042759579E-16 ) ) ;
#5262 = CARTESIAN_POINT ( 'NONE',  ( 36.10772815836236305, 5.000000000000004441, 6.123233995736769241E-16 ) ) ;
#5263 = DIRECTION ( 'NONE',  ( 0.0000000000000000000, 0.0000000000000000000, 1.000000000000000000 ) ) ;
#5264 = VECTOR ( 'NONE', #43, 999.9999999999998863 ) ;
#5265 = CARTESIAN_POINT ( 'NONE',  ( -31.74999999999995737, 6.123233995736628232E-16, -4.999999999999887201 ) ) ;
#5266 = DIRECTION ( 'NONE',  ( -1.000000000000000000, -0.0000000000000000000, -0.0000000000000000000 ) ) ;
#5267 = DIRECTION ( 'NONE',  ( -1.000000000000000000, -1.224606353822377258E-16, -0.0000000000000000000 ) ) ;
#5268 = ADVANCED_FACE ( 'NONE', ( #3800 ), #4348, .T. ) ;
#5269 = ORIENTED_EDGE ( 'NONE', *, *, #3028, .T. ) ;
#5270 = EDGE_CURVE ( 'NONE', #2673, #3584, #771, .T. ) ;
#5271 = CARTESIAN_POINT ( 'NONE',  ( 44.98272815836236305, -4.999999999999999112, 0.0000000000000000000 ) ) ;
#5272 = CARTESIAN_POINT ( 'NONE',  ( 44.66310517497097976, 6.123233995736253523E-16, -5.000000000000002665 ) ) ;
#5273 = CARTESIAN_POINT ( 'NONE',  ( 37.26727184163763695, 2.235490958484726577E-15, 0.0000000000000000000 ) ) ;
#5274 = ADVANCED_FACE ( 'NONE', ( #5331 ), #3421, .T. ) ;
#5275 = FACE_OUTER_BOUND ( 'NONE', #2822, .T. ) ;
#5276 = CARTESIAN_POINT ( 'NONE',  ( 50.00000000000000000, 0.0000000000000000000, 0.0000000000000000000 ) ) ;
#5277 = CARTESIAN_POINT ( 'NONE',  ( 40.22560517497097266, 2.235490958484726577E-15, 0.0000000000000000000 ) ) ;
#5278 = DIRECTION ( 'NONE',  ( 0.0000000000000000000, -1.000000000000000000, 0.0000000000000000000 ) ) ;
#5279 = EDGE_CURVE ( 'NONE', #4552, #3468, #4039, .T. ) ;
#5280 = CONICAL_SURFACE ( 'NONE', #2246, 4.172000000000002373, 0.9599310885968798113 ) ;
#5281 = EDGE_CURVE ( 'NONE', #3742, #2891, #2124, .T. ) ;
#5282 = FACE_OUTER_BOUND ( 'NONE', #3929, .T. ) ;
#5283 = ORIENTED_EDGE ( 'NONE', *, *, #3050, .T. ) ;
#5284 = CARTESIAN_POINT ( 'NONE',  ( 38.74643850830430836, 5.000000000000005329, 0.0000000000000000000 ) ) ;
#5285 = FACE_OUTER_BOUND ( 'NONE', #1179, .T. ) ;
#5286 = FILL_AREA_STYLE_COLOUR ( '', #1560 ) ;
#5287 = EDGE_CURVE ( 'NONE', #5107, #523, #3624, .T. ) ;
#5288 = VERTEX_POINT ( 'NONE', #5127 ) ;
#5289 = EDGE_CURVE ( 'NONE', #2519, #3017, #4957, .T. ) ;
#5290 = DIRECTION ( 'NONE',  ( 0.0000000000000000000, 0.0000000000000000000, 1.000000000000000000 ) ) ;
#5291 = DIRECTION ( 'NONE',  ( -1.000000000000000000, -1.224606353822377258E-16, -0.0000000000000000000 ) ) ;
#5292 = DIRECTION ( 'NONE',  ( 0.0000000000000000000, 0.0000000000000000000, 1.000000000000000000 ) ) ;
#5293 = ORIENTED_EDGE ( 'NONE', *, *, #4048, .T. ) ;
#5294 = LINE ( 'NONE', #2315, #3979 ) ;
#5295 = DIRECTION ( 'NONE',  ( -1.000000000000000000, -0.0000000000000000000, -0.0000000000000000000 ) ) ;
#5296 = ORIENTED_EDGE ( 'NONE', *, *, #2282, .T. ) ;
#5297 = DIRECTION ( 'NONE',  ( 0.0000000000000000000, -1.000000000000000000, 0.0000000000000000000 ) ) ;
#5298 = EDGE_CURVE ( 'NONE', #4878, #3152, #1695, .T. ) ;
#5299 = VERTEX_POINT ( 'NONE', #4294 ) ;
#5300 = VERTEX_POINT ( 'NONE', #3382 ) ;
#5301 = EDGE_LOOP ( 'NONE', ( #889, #810, #745, #740, #658 ) ) ;
#5302 = ORIENTED_EDGE ( 'NONE', *, *, #3661, .T. ) ;
#5303 = ADVANCED_FACE ( 'NONE', ( #1209 ), #3878, .T. ) ;
#5304 = DIRECTION ( 'NONE',  ( -1.000000000000000000, -1.224606353822377258E-16, -0.0000000000000000000 ) ) ;
#5305 = DIRECTION ( 'NONE',  ( 0.0000000000000000000, -1.000000000000000000, 0.0000000000000000000 ) ) ;
#5306 = CARTESIAN_POINT ( 'NONE',  ( 27.81250000000000355, 4.172000000000004150, 0.0000000000000000000 ) ) ;
#5307 = DIRECTION ( 'NONE',  ( -1.000000000000000000, -1.224606353822377258E-16, -0.0000000000000000000 ) ) ;
#5308 = VERTEX_POINT ( 'NONE', #3133 ) ;
#5309 = CIRCLE ( 'NONE', #687, 5.000000000000002665 ) ;
#5310 = EDGE_CURVE ( 'NONE', #5053, #3189, #2485, .T. ) ;
#5311 = DIRECTION ( 'NONE',  ( 0.0000000000000000000, -1.000000000000000000, 0.0000000000000000000 ) ) ;
#5312 = DIRECTION ( 'NONE',  ( 0.0000000000000000000, -1.000000000000000000, 0.0000000000000000000 ) ) ;
#5313 = DIRECTION ( 'NONE',  ( 0.0000000000000000000, 1.000000000000000000, -1.295896757998780980E-15 ) ) ;
#5314 = ORIENTED_EDGE ( 'NONE', *, *, #5131, .T. ) ;
#5315 = ORIENTED_EDGE ( 'NONE', *, *, #3585, .F. ) ;
#5316 = VERTEX_POINT ( 'NONE', #1040 ) ;
#5317 = EDGE_CURVE ( 'NONE', #1831, #135, #318, .T. ) ;
#5318 = DIRECTION ( 'NONE',  ( -1.000000000000000000, -0.0000000000000000000, -0.0000000000000000000 ) ) ;
#5319 = EDGE_CURVE ( 'NONE', #1864, #4541, #1477, .T. ) ;
#5320 = ORIENTED_EDGE ( 'NONE', *, *, #4117, .T. ) ;
#5321 = FACE_OUTER_BOUND ( 'NONE', #478, .T. ) ;
#5322 = EDGE_LOOP ( 'NONE', ( #1668, #1594, #1133, #961, #2050 ) ) ;
#5323 = DIRECTION ( 'NONE',  ( -1.000000000000000000, -1.224606353822377258E-16, -0.0000000000000000000 ) ) ;
#5324 = VERTEX_POINT ( 'NONE', #4037 ) ;
#5325 = ADVANCED_FACE ( 'NONE', ( #3543 ), #4645, .T. ) ;
#5326 = EDGE_LOOP ( 'NONE', ( #4135, #4142, #4167, #3906, #3839, #4365 ) ) ;
#5327 = CARTESIAN_POINT ( 'NONE',  ( 29.87143850830430836, 2.235490958484726577E-15, 0.0000000000000000000 ) ) ;
#5328 = DIRECTION ( 'NONE',  ( 0.5735764363510447161, -0.8191520442889927978, 1.003171929053526103E-16 ) ) ;
#5329 = CARTESIAN_POINT ( 'NONE',  ( 5.000000000000000000, 4.685197434473813871, -6.505213034913026604E-15 ) ) ;
#5330 = VECTOR ( 'NONE', #2173, 1000.000000000000000 ) ;
#5331 = FACE_OUTER_BOUND ( 'NONE', #5326, .T. ) ;
#5332 = EDGE_LOOP ( 'NONE', ( #4342, #2870, #4452, #5302, #1818 ) ) ;
#5333 = AXIS2_PLACEMENT_3D ( 'NONE', #1189, #1180, #1173 ) ;
#5334 = EDGE_CURVE ( 'NONE', #2853, #5053, #3523, .T. ) ;
#5335 = CARTESIAN_POINT ( 'NONE',  ( 25.43393850830430480, 6.123233995736253523E-16, -5.000000000000002665 ) ) ;
#5336 = ORIENTED_EDGE ( 'NONE', *, *, #5374, .T. ) ;
#5337 = CARTESIAN_POINT ( 'NONE',  ( -31.74999999999995737, 0.0000000000000000000, 0.0000000000000000000 ) ) ;
#5338 =( NAMED_UNIT ( * ) SI_UNIT ( $, .STERADIAN. ) SOLID_ANGLE_UNIT ( ) );
#5339 = CIRCLE ( 'NONE', #5333, 4.172000000000002373 ) ;
#5340 = ORIENTED_EDGE ( 'NONE', *, *, #3962, .T. ) ;
#5341 = CARTESIAN_POINT ( 'NONE',  ( 49.10060517497097266, -5.000000000000000000, 6.123233995736770227E-16 ) ) ;
#5342 = CARTESIAN_POINT ( 'NONE',  ( 27.23272815836236305, -4.776306262080344916E-29, 5.000000000000001776 ) ) ;
#5343 = CARTESIAN_POINT ( 'NONE',  ( 34.30893850830430836, 5.000000000000005329, 0.0000000000000000000 ) ) ;
#5344 = CARTESIAN_POINT ( 'NONE',  ( 32.82977184163764406, 2.235490958484726577E-15, 0.0000000000000000000 ) ) ;
#5345 = VERTEX_POINT ( 'NONE', #4661 ) ;
#5346 = CIRCLE ( 'NONE', #296, 5.000000000000002665 ) ;
#5347 = CIRCLE ( 'NONE', #1172, 5.000000000000001776 ) ;
#5348 = CARTESIAN_POINT ( 'NONE',  ( 34.30893850830430836, -5.000000000000000000, 6.123233995736770227E-16 ) ) ;
#5349 = ORIENTED_EDGE ( 'NONE', *, *, #5298, .T. ) ;
#5350 = VECTOR ( 'NONE', #5368, 1000.000000000000114 ) ;
#5351 = EDGE_LOOP ( 'NONE', ( #3835, #4327, #2144, #3840, #4331 ) ) ;
#5352 = CARTESIAN_POINT ( 'NONE',  ( 5.000000000000000000, 2.342598717236898942, -4.057500000000005436 ) ) ;
#5353 = DIRECTION ( 'NONE',  ( -1.000000000000000000, -1.224606353822377258E-16, -0.0000000000000000000 ) ) ;
#5354 = ORIENTED_EDGE ( 'NONE', *, *, #5139, .F. ) ;
#5355 = DIRECTION ( 'NONE',  ( -1.000000000000000000, -1.224606353822377258E-16, -0.0000000000000000000 ) ) ;
#5356 = FACE_OUTER_BOUND ( 'NONE', #3252, .T. ) ;
#5357 = CARTESIAN_POINT ( 'NONE',  ( 47.62143850830430836, 2.235490958484726577E-15, 0.0000000000000000000 ) ) ;
#5358 = VECTOR ( 'NONE', #4574, 1000.000000000000000 ) ;
#5359 = ORIENTED_EDGE ( 'NONE', *, *, #4026, .F. ) ;
#5360 = EDGE_CURVE ( 'NONE', #815, #2853, #559, .T. ) ;
#5361 = CARTESIAN_POINT ( 'NONE',  ( -31.74999999999995737, 0.0000000000000000000, 4.999999999999887201 ) ) ;
#5362 = DIRECTION ( 'NONE',  ( 0.0000000000000000000, -1.000000000000000000, 0.0000000000000000000 ) ) ;
#5363 =( NAMED_UNIT ( * ) SI_UNIT ( $, .STERADIAN. ) SOLID_ANGLE_UNIT ( ) );
#5364 = DIRECTION ( 'NONE',  ( 0.0000000000000000000, -1.000000000000000000, 0.0000000000000000000 ) ) ;
#5365 = VERTEX_POINT ( 'NONE', #4542 ) ;
#5366 = ORIENTED_EDGE ( 'NONE', *, *, #3454, .F. ) ;
#5367 = ORIENTED_EDGE ( 'NONE', *, *, #3469, .T. ) ;
#5368 = DIRECTION ( 'NONE',  ( 0.5735764363510444941, 0.8191520442889929088, 0.0000000000000000000 ) ) ;
#5369 = CARTESIAN_POINT ( 'NONE',  ( 46.46189482502902734, 6.123233995736290008E-16, -5.000000000000001776 ) ) ;
#5370 = VECTOR ( 'NONE', #3556, 1000.000000000000000 ) ;
#5371 = AXIS2_PLACEMENT_3D ( 'NONE', #1783, #5109, #2001 ) ;
#5372 = DIRECTION ( 'NONE',  ( 0.5735764363510444941, 0.8191520442889929088, 0.0000000000000000000 ) ) ;
#5373 = CARTESIAN_POINT ( 'NONE',  ( 10.00000000000000178, 0.0000000000000000000, 0.0000000000000000000 ) ) ;
#5374 = EDGE_CURVE ( 'NONE', #2260, #4388, #2774, .T. ) ;
#5375 = ORIENTED_EDGE ( 'NONE', *, *, #141, .F. ) ;
#5376 = ORIENTED_EDGE ( 'NONE', *, *, #3205, .T. ) ;
ENDSEC;
END-ISO-10303-21;
