ISO-10303-21;
HEADER;
FILE_DESCRIPTION (( 'STEP AP214' ),
    '1' );
FILE_NAME ('M10X35.STEP',
    '2021-06-12T16:20:29',
    ( '' ),
    ( '' ),
    'SwSTEP 2.0',
    'SolidWorks 2018',
    '' );
FILE_SCHEMA (( 'AUTOMOTIVE_DESIGN' ));
ENDSEC;

DATA;
#1 = ORIENTED_EDGE ( 'NONE', *, *, #440, .F. ) ;
#2 = DIRECTION ( 'NONE',  ( -1.000000000000000000, -0.0000000000000000000, -0.0000000000000000000 ) ) ;
#3 = CARTESIAN_POINT ( 'NONE',  ( 37.15832339645758964, 2.093492502277374743E-15, 0.0000000000000000000 ) ) ;
#4 = VERTEX_POINT ( 'NONE', #635 ) ;
#5 = AXIS2_PLACEMENT_3D ( 'NONE', #2475, #2463, #2414 ) ;
#6 = ADVANCED_FACE ( 'NONE', ( #3613 ), #2140, .T. ) ;
#7 = DIRECTION ( 'NONE',  ( -1.000000000000000000, -0.0000000000000000000, -0.0000000000000000000 ) ) ;
#8 = DIRECTION ( 'NONE',  ( -1.000000000000000000, -0.0000000000000000000, -0.0000000000000000000 ) ) ;
#9 = ADVANCED_FACE ( 'NONE', ( #1609 ), #4029, .F. ) ;
#10 = LINE ( 'NONE', #124, #3645 ) ;
#11 = EDGE_CURVE ( 'NONE', #239, #773, #4330, .T. ) ;
#12 = ORIENTED_EDGE ( 'NONE', *, *, #2388, .T. ) ;
#13 = ORIENTED_EDGE ( 'NONE', *, *, #3162, .T. ) ;
#14 = AXIS2_PLACEMENT_3D ( 'NONE', #2368, #2908, #2632 ) ;
#15 = DIRECTION ( 'NONE',  ( 0.0000000000000000000, -1.000000000000000000, 0.0000000000000000000 ) ) ;
#16 = VERTEX_POINT ( 'NONE', #4764 ) ;
#17 = ORIENTED_EDGE ( 'NONE', *, *, #2493, .T. ) ;
#18 = VERTEX_POINT ( 'NONE', #4334 ) ;
#19 = DIRECTION ( 'NONE',  ( 0.0000000000000000000, 0.0000000000000000000, 1.000000000000000000 ) ) ;
#20 = EDGE_CURVE ( 'NONE', #3655, #239, #2826, .T. ) ;
#21 = EDGE_LOOP ( 'NONE', ( #2912, #2803, #2687, #2633, #2548 ) ) ;
#22 = ORIENTED_EDGE ( 'NONE', *, *, #3228, .T. ) ;
#23 = ADVANCED_FACE ( 'NONE', ( #1042 ), #1818, .F. ) ;
#24 = CARTESIAN_POINT ( 'NONE',  ( 41.51546625360044374, -1.733336949948512268E-29, 5.000000000000002665 ) ) ;
#25 = DIRECTION ( 'NONE',  ( 0.0000000000000000000, 0.0000000000000000000, -1.000000000000000000 ) ) ;
#26 = ORIENTED_EDGE ( 'NONE', *, *, #2240, .F. ) ;
#27 = CARTESIAN_POINT ( 'NONE',  ( 28.15120041306621346, 2.235490958484726972E-15, 0.0000000000000000000 ) ) ;
#28 = EDGE_CURVE ( 'NONE', #3745, #16, #1866, .T. ) ;
#29 = AXIS2_PLACEMENT_3D ( 'NONE', #2547, #2541, #2540 ) ;
#30 = FACE_OUTER_BOUND ( 'NONE', #4148, .T. ) ;
#31 = ORIENTED_EDGE ( 'NONE', *, *, #2699, .T. ) ;
#32 = DIRECTION ( 'NONE',  ( 0.0000000000000000000, -1.000000000000000000, 0.0000000000000000000 ) ) ;
#33 = DIRECTION ( 'NONE',  ( -1.000000000000000000, -1.224606353822377258E-16, -0.0000000000000000000 ) ) ;
#34 = LINE ( 'NONE', #3366, #60 ) ;
#35 = ORIENTED_EDGE ( 'NONE', *, *, #2878, .T. ) ;
#36 = ADVANCED_FACE ( 'NONE', ( #667 ), #4138, .T. ) ;
#37 = AXIS2_PLACEMENT_3D ( 'NONE', #2481, #2501, #2427 ) ;
#38 = CIRCLE ( 'NONE', #90, 5.000000000000002665 ) ;
#39 = CARTESIAN_POINT ( 'NONE',  ( 36.86548612735192876, 2.235490958484726972E-15, 0.0000000000000000000 ) ) ;
#40 = ADVANCED_FACE ( 'NONE', ( #296 ), #4731, .T. ) ;
#41 = FACE_OUTER_BOUND ( 'NONE', #715, .T. ) ;
#42 = VECTOR ( 'NONE', #586, 1000.000000000000114 ) ;
#43 = PRESENTATION_STYLE_ASSIGNMENT (( #1993 ) ) ;
#44 = VERTEX_POINT ( 'NONE', #3899 ) ;
#45 = VERTEX_POINT ( 'NONE', #1616 ) ;
#46 = SURFACE_STYLE_FILL_AREA ( #1972 ) ;
#47 = AXIS2_PLACEMENT_3D ( 'NONE', #2166, #1862, #2086 ) ;
#48 = ORIENTED_EDGE ( 'NONE', *, *, #3469, .F. ) ;
#49 = CARTESIAN_POINT ( 'NONE',  ( 31.05596231782811856, -5.000000000000001776, 6.123233995736772199E-16 ) ) ;
#50 = AXIS2_PLACEMENT_3D ( 'NONE', #2696, #2510, #2710 ) ;
#51 = FILL_AREA_STYLE_COLOUR ( '', #4143 ) ;
#52 = CIRCLE ( 'NONE', #1304, 5.000000000000002665 ) ;
#53 = EDGE_LOOP ( 'NONE', ( #955, #1558, #252, #2324, #99 ) ) ;
#54 = ORIENTED_EDGE ( 'NONE', *, *, #2808, .T. ) ;
#55 = DIRECTION ( 'NONE',  ( 0.0000000000000000000, -1.000000000000000000, 0.0000000000000000000 ) ) ;
#56 = CARTESIAN_POINT ( 'NONE',  ( 1.500000000000001332, 0.0000000000000000000, 6.500000000000000888 ) ) ;
#57 = DIRECTION ( 'NONE',  ( -1.000000000000000000, -0.0000000000000000000, -0.0000000000000000000 ) ) ;
#58 = ORIENTED_EDGE ( 'NONE', *, *, #3742, .T. ) ;
#59 = EDGE_CURVE ( 'NONE', #927, #3655, #1971, .T. ) ;
#60 = VECTOR ( 'NONE', #3358, 999.9999999999998863 ) ;
#61 = DIRECTION ( 'NONE',  ( 0.0000000000000000000, -1.000000000000000000, 0.0000000000000000000 ) ) ;
#62 = DIRECTION ( 'NONE',  ( -1.000000000000000000, -0.0000000000000000000, -0.0000000000000000000 ) ) ;
#63 = ORIENTED_EDGE ( 'NONE', *, *, #2877, .F. ) ;
#64 = ORIENTED_EDGE ( 'NONE', *, *, #4080, .T. ) ;
#65 = DIRECTION ( 'NONE',  ( 0.0000000000000000000, -1.000000000000000000, 0.0000000000000000000 ) ) ;
#66 = VERTEX_POINT ( 'NONE', #3924 ) ;
#67 = VECTOR ( 'NONE', #3687, 1000.000000000000000 ) ;
#68 = AXIS2_PLACEMENT_3D ( 'NONE', #2646, #2644, #2639 ) ;
#69 = DIRECTION ( 'NONE',  ( 0.0000000000000000000, 0.0000000000000000000, -1.000000000000000000 ) ) ;
#70 = DIRECTION ( 'NONE',  ( -1.000000000000000000, -1.224606353822377258E-16, -0.0000000000000000000 ) ) ;
#71 = ORIENTED_EDGE ( 'NONE', *, *, #2859, .F. ) ;
#72 = CARTESIAN_POINT ( 'NONE',  ( 21.76190476190476275, 2.164491730381051252E-15, 0.0000000000000000000 ) ) ;
#73 = AXIS2_PLACEMENT_3D ( 'NONE', #2757, #2782, #2765 ) ;
#74 = CARTESIAN_POINT ( 'NONE',  ( 14.50000000000000000, 4.172000000000004150, 0.0000000000000000000 ) ) ;
#75 = EDGE_CURVE ( 'NONE', #2286, #2940, #2091, .T. ) ;
#76 = AXIS2_PLACEMENT_3D ( 'NONE', #2943, #3113, #3960 ) ;
#77 = ORIENTED_EDGE ( 'NONE', *, *, #2513, .T. ) ;
#78 = EDGE_LOOP ( 'NONE', ( #3817, #2083, #1480, #1136, #527 ) ) ;
#79 = ORIENTED_EDGE ( 'NONE', *, *, #4104, .T. ) ;
#80 = CIRCLE ( 'NONE', #2177, 5.000000000000002665 ) ;
#81 = DIRECTION ( 'NONE',  ( -0.7071067811865960895, 8.659560562354339980E-17, -0.7071067811864990560 ) ) ;
#82 = VERTEX_POINT ( 'NONE', #3895 ) ;
#83 = AXIS2_PLACEMENT_3D ( 'NONE', #2799, #2858, #2835 ) ;
#84 = AXIS2_PLACEMENT_3D ( 'NONE', #153, #149, #139 ) ;
#85 = VERTEX_POINT ( 'NONE', #1747 ) ;
#86 = CIRCLE ( 'NONE', #3105, 5.000000000000002665 ) ;
#87 = EDGE_LOOP ( 'NONE', ( #2070, #2245, #1783, #2361, #1889, #1864 ) ) ;
#88 = EDGE_LOOP ( 'NONE', ( #2731, #873, #176, #3271, #4236, #804 ) ) ;
#89 = AXIS2_PLACEMENT_3D ( 'NONE', #1427, #1486, #1568 ) ;
#90 = AXIS2_PLACEMENT_3D ( 'NONE', #3028, #2970, #1161 ) ;
#91 = CARTESIAN_POINT ( 'NONE',  ( 29.89641863455282689, -1.733336949948512268E-29, 5.000000000000002665 ) ) ;
#92 = EDGE_LOOP ( 'NONE', ( #2763, #2769, #48, #1431 ) ) ;
#93 = CARTESIAN_POINT ( 'NONE',  ( 38.61070434883854574, -1.733336949948512268E-29, 5.000000000000002665 ) ) ;
#94 = ORIENTED_EDGE ( 'NONE', *, *, #294, .T. ) ;
#95 = ORIENTED_EDGE ( 'NONE', *, *, #1252, .T. ) ;
#96 = VERTEX_POINT ( 'NONE', #1697 ) ;
#97 = EDGE_CURVE ( 'NONE', #2940, #1347, #1199, .T. ) ;
#98 = AXIS2_PLACEMENT_3D ( 'NONE', #3424, #3106, #3309 ) ;
#100 = ADVANCED_FACE ( 'NONE', ( #4539 ), #1314, .T. ) ;
#99 = ORIENTED_EDGE ( 'NONE', *, *, #2997, .F. ) ;
#101 = CARTESIAN_POINT ( 'NONE',  ( 10.40000000000000036, 0.0000000000000000000, 0.0000000000000000000 ) ) ;
#102 = AXIS2_PLACEMENT_3D ( 'NONE', #3061, #3007, #3086 ) ;
#103 = VECTOR ( 'NONE', #1520, 1000.000000000000000 ) ;
#104 = FACE_OUTER_BOUND ( 'NONE', #1843, .T. ) ;
#105 = VERTEX_POINT ( 'NONE', #3957 ) ;
#106 = ADVANCED_FACE ( 'NONE', ( #3598 ), #4693, .T. ) ;
#107 = DIRECTION ( 'NONE',  ( 1.000000000000000000, 0.0000000000000000000, 0.0000000000000000000 ) ) ;
#108 = DIRECTION ( 'NONE',  ( 0.0000000000000000000, 0.0000000000000000000, -1.000000000000000000 ) ) ;
#109 = AXIS2_PLACEMENT_3D ( 'NONE', #3091, #3131, #3123 ) ;
#110 = CARTESIAN_POINT ( 'NONE',  ( 20.88929565116145426, 5.000000000000005329, 0.0000000000000000000 ) ) ;
#111 = VERTEX_POINT ( 'NONE', #2165 ) ;
#112 = VECTOR ( 'NONE', #888, 1000.000000000000000 ) ;
#113 = CIRCLE ( 'NONE', #745, 4.172000000000002373 ) ;
#114 = MECHANICAL_DESIGN_GEOMETRIC_PRESENTATION_REPRESENTATION (  '', ( #1216 ), #1702 ) ;
#115 = DIRECTION ( 'NONE',  ( -1.000000000000000000, -0.0000000000000000000, -0.0000000000000000000 ) ) ;
#116 = CIRCLE ( 'NONE', #4124, 4.172000000000002373 ) ;
#117 = FACE_OUTER_BOUND ( 'NONE', #1245, .T. ) ;
#118 = CYLINDRICAL_SURFACE ( 'NONE', #814, 4.999999999999961808 ) ;
#119 = EDGE_CURVE ( 'NONE', #3701, #1347, #3206, .T. ) ;
#120 = EDGE_CURVE ( 'NONE', #4712, #3701, #3277, .T. ) ;
#121 = PRESENTATION_STYLE_ASSIGNMENT (( #366 ) ) ;
#122 = FACE_OUTER_BOUND ( 'NONE', #88, .T. ) ;
#123 = AXIS2_PLACEMENT_3D ( 'NONE', #27, #3260, #3250 ) ;
#124 = CARTESIAN_POINT ( 'NONE',  ( -31.74999999999995737, 6.123233995736719937E-16, -4.999999999999961808 ) ) ;
#125 = CONICAL_SURFACE ( 'NONE', #1603, 4.172000000000002373, 0.9599310885968747042 ) ;
#126 = ORIENTED_EDGE ( 'NONE', *, *, #3763, .F. ) ;
#127 = ORIENTED_EDGE ( 'NONE', *, *, #653, .T. ) ;
#128 = DIRECTION ( 'NONE',  ( 0.0000000000000000000, -1.000000000000000000, 0.0000000000000000000 ) ) ;
#129 = ORIENTED_EDGE ( 'NONE', *, *, #3211, .T. ) ;
#130 = ORIENTED_EDGE ( 'NONE', *, *, #2775, .F. ) ;
#131 = DIRECTION ( 'NONE',  ( 0.0000000000000000000, 1.000000000000000000, -1.224646799147353207E-16 ) ) ;
#132 = EDGE_CURVE ( 'NONE', #2286, #4712, #4504, .T. ) ;
#133 = ORIENTED_EDGE ( 'NONE', *, *, #1573, .F. ) ;
#134 = AXIS2_PLACEMENT_3D ( 'NONE', #3333, #3280, #3224 ) ;
#135 = EDGE_CURVE ( 'NONE', #2286, #2182, #4405, .T. ) ;
#136 = ORIENTED_EDGE ( 'NONE', *, *, #2907, .F. ) ;
#137 = ORIENTED_EDGE ( 'NONE', *, *, #2737, .F. ) ;
#138 = DIRECTION ( 'NONE',  ( 0.0000000000000000000, 1.224646799147353207E-16, 1.000000000000000000 ) ) ;
#139 = DIRECTION ( 'NONE',  ( 0.0000000000000000000, -1.000000000000000000, 0.0000000000000000000 ) ) ;
#140 = ORIENTED_EDGE ( 'NONE', *, *, #3871, .T. ) ;
#141 = CIRCLE ( 'NONE', #4762, 5.000000000000002665 ) ;
#142 = AXIS2_PLACEMENT_3D ( 'NONE', #3433, #3428, #3368 ) ;
#143 = ADVANCED_FACE ( 'NONE', ( #328 ), #2655, .T. ) ;
#144 = EDGE_CURVE ( 'NONE', #2182, #3655, #3665, .T. ) ;
#145 = ORIENTED_EDGE ( 'NONE', *, *, #2892, .T. ) ;
#146 = ORIENTED_EDGE ( 'NONE', *, *, #3887, .F. ) ;
#147 = DIRECTION ( 'NONE',  ( 0.0000000000000000000, 0.0000000000000000000, -1.000000000000000000 ) ) ;
#148 = EDGE_LOOP ( 'NONE', ( #401, #1392, #506, #634, #1512, #247 ) ) ;
#149 = DIRECTION ( 'NONE',  ( -1.000000000000000000, -1.224606353822377258E-16, -0.0000000000000000000 ) ) ;
#150 = ORIENTED_EDGE ( 'NONE', *, *, #2520, .T. ) ;
#151 = EDGE_LOOP ( 'NONE', ( #1880, #3217, #1769, #2261, #810 ) ) ;
#152 = ORIENTED_EDGE ( 'NONE', *, *, #3313, .T. ) ;
#153 = CARTESIAN_POINT ( 'NONE',  ( 36.28571428571429180, 2.164491730381051252E-15, 0.0000000000000000000 ) ) ;
#154 = CARTESIAN_POINT ( 'NONE',  ( -31.74999999999995737, 0.0000000000000000000, 4.999999999999961808 ) ) ;
#155 = AXIS2_PLACEMENT_3D ( 'NONE', #3569, #3555, #1242 ) ;
#156 = ORIENTED_EDGE ( 'NONE', *, *, #3474, .F. ) ;
#157 = DIRECTION ( 'NONE',  ( 0.0000000000000000000, -1.000000000000000000, 0.0000000000000000000 ) ) ;
#158 = LINE ( 'NONE', #1509, #112 ) ;
#159 = CARTESIAN_POINT ( 'NONE',  ( 10.00000000000000000, 0.0000000000000000000, 0.0000000000000000000 ) ) ;
#160 = EDGE_CURVE ( 'NONE', #2940, #239, #3173, .T. ) ;
#161 = DIRECTION ( 'NONE',  ( 0.0000000000000000000, -1.000000000000000000, 0.0000000000000000000 ) ) ;
#162 = AXIS2_PLACEMENT_3D ( 'NONE', #1025, #1005, #1002 ) ;
#163 = DIRECTION ( 'NONE',  ( 1.000000000000000000, 1.224606353822377258E-16, 0.0000000000000000000 ) ) ;
#164 = ORIENTED_EDGE ( 'NONE', *, *, #4285, .F. ) ;
#165 = CARTESIAN_POINT ( 'NONE',  ( 29.60358136544716601, 2.235490958484726972E-15, 0.0000000000000000000 ) ) ;
#166 = VERTEX_POINT ( 'NONE', #3748 ) ;
#167 = EDGE_CURVE ( 'NONE', #1347, #4548, #4306, .T. ) ;
#168 = DIRECTION ( 'NONE',  ( 0.0000000000000000000, 0.0000000000000000000, -1.000000000000000000 ) ) ;
#169 = AXIS2_PLACEMENT_3D ( 'NONE', #3581, #3577, #2824 ) ;
#170 = DIRECTION ( 'NONE',  ( -1.000000000000000000, -1.224606353822377258E-16, -0.0000000000000000000 ) ) ;
#171 = LINE ( 'NONE', #3599, #2948 ) ;
#172 = CONICAL_SURFACE ( 'NONE', #1629, 4.172000000000002373, 0.9599310885968747042 ) ;
#173 = VECTOR ( 'NONE', #3186, 1000.000000000000114 ) ;
#174 = VERTEX_POINT ( 'NONE', #3603 ) ;
#175 = LINE ( 'NONE', #2564, #2333 ) ;
#176 = ORIENTED_EDGE ( 'NONE', *, *, #2341, .T. ) ;
#177 = VECTOR ( 'NONE', #1032, 1000.000000000000114 ) ;
#178 = CARTESIAN_POINT ( 'NONE',  ( 35.70594244407664064, 2.093492502277374743E-15, 0.0000000000000000000 ) ) ;
#179 = AXIS2_PLACEMENT_3D ( 'NONE', #3819, #3738, #2947 ) ;
#180 = ADVANCED_FACE ( 'NONE', ( #236 ), #2886, .T. ) ;
#181 = AXIS2_PLACEMENT_3D ( 'NONE', #3615, #3585, #3673 ) ;
#182 = LINE ( 'NONE', #1877, #535 ) ;
#183 = CONICAL_SURFACE ( 'NONE', #1822, 5.000000000000003553, 0.9599310885968808105 ) ;
#184 = CARTESIAN_POINT ( 'NONE',  ( 5.000000000000000000, -3.513898075855367509, -2.028750000000000497 ) ) ;
#185 = CYLINDRICAL_SURFACE ( 'NONE', #821, 4.999999999999961808 ) ;
#186 = VERTEX_POINT ( 'NONE', #3811 ) ;
#187 = ORIENTED_EDGE ( 'NONE', *, *, #2486, .F. ) ;
#188 = ORIENTED_EDGE ( 'NONE', *, *, #3625, .T. ) ;
#189 = DIRECTION ( 'NONE',  ( 0.0000000000000000000, -1.000000000000000000, 0.0000000000000000000 ) ) ;
#190 = DIRECTION ( 'NONE',  ( -1.000000000000000000, -0.0000000000000000000, -0.0000000000000000000 ) ) ;
#191 = ORIENTED_EDGE ( 'NONE', *, *, #3893, .T. ) ;
#192 = CARTESIAN_POINT ( 'NONE',  ( 17.98453374639954561, 2.235490958484726972E-15, 0.0000000000000000000 ) ) ;
#193 = VERTEX_POINT ( 'NONE', #3304 ) ;
#194 = ORIENTED_EDGE ( 'NONE', *, *, #2801, .F. ) ;
#195 = ORIENTED_EDGE ( 'NONE', *, *, #3766, .T. ) ;
#196 = EDGE_LOOP ( 'NONE', ( #1090, #2235, #553, #1235, #760, #1030 ) ) ;
#197 = DIRECTION ( 'NONE',  ( 0.0000000000000000000, 0.0000000000000000000, 1.000000000000000000 ) ) ;
#198 = CARTESIAN_POINT ( 'NONE',  ( 35.41310517497097266, 2.235490958484726972E-15, 0.0000000000000000000 ) ) ;
#199 = DIRECTION ( 'NONE',  ( -1.000000000000000000, -0.0000000000000000000, -0.0000000000000000000 ) ) ;
#200 = CARTESIAN_POINT ( 'NONE',  ( 10.40000000000000036, 0.0000000000000000000, -5.399999999999962164 ) ) ;
#201 = AXIS2_PLACEMENT_3D ( 'NONE', #3268, #3258, #3253 ) ;
#202 = EDGE_CURVE ( 'NONE', #4336, #4332, #2843, .T. ) ;
#203 = AXIS2_PLACEMENT_3D ( 'NONE', #2262, #2194, #2225 ) ;
#204 = CARTESIAN_POINT ( 'NONE',  ( 31.92857142857143060, -4.172000000000000597, 5.616230220889765396E-16 ) ) ;
#205 = CARTESIAN_POINT ( 'NONE',  ( -31.74999999999995737, 0.0000000000000000000, 0.0000000000000000000 ) ) ;
#206 = CARTESIAN_POINT ( 'NONE',  ( 38.61070434883854574, 2.093492502277374743E-15, 0.0000000000000000000 ) ) ;
#207 = CARTESIAN_POINT ( 'NONE',  ( 40.06308530121949474, 6.123233995736598649E-16, -5.000000000000002665 ) ) ;
#208 = ORIENTED_EDGE ( 'NONE', *, *, #3742, .F. ) ;
#209 = AXIS2_PLACEMENT_3D ( 'NONE', #3800, #3732, #3721 ) ;
#210 = ORIENTED_EDGE ( 'NONE', *, *, #425, .F. ) ;
#211 = LINE ( 'NONE', #881, #4680 ) ;
#212 = ORIENTED_EDGE ( 'NONE', *, *, #2794, .F. ) ;
#213 = DIRECTION ( 'NONE',  ( 0.0000000000000000000, 1.000000000000000000, 0.0000000000000000000 ) ) ;
#214 = CYLINDRICAL_SURFACE ( 'NONE', #4072, 4.999999999999961808 ) ;
#215 = CARTESIAN_POINT ( 'NONE',  ( 45.00000000000000000, 5.109226446042757607E-16, -4.171999999999999709 ) ) ;
#216 = ORIENTED_EDGE ( 'NONE', *, *, #470, .T. ) ;
#217 = AXIS2_PLACEMENT_3D ( 'NONE', #3990, #4258, #3905 ) ;
#218 = DIRECTION ( 'NONE',  ( 0.0000000000000000000, -1.000000000000000000, 0.0000000000000000000 ) ) ;
#219 = AXIS2_PLACEMENT_3D ( 'NONE', #2812, #3034, #2839 ) ;
#220 = ORIENTED_EDGE ( 'NONE', *, *, #2513, .F. ) ;
#221 = VERTEX_POINT ( 'NONE', #4482 ) ;
#222 = ORIENTED_EDGE ( 'NONE', *, *, #1229, .T. ) ;
#223 = DIRECTION ( 'NONE',  ( -1.000000000000000000, -1.224606353822377258E-16, -0.0000000000000000000 ) ) ;
#224 = DIRECTION ( 'NONE',  ( 0.0000000000000000000, 0.0000000000000000000, -1.000000000000000000 ) ) ;
#225 = ORIENTED_EDGE ( 'NONE', *, *, #916, .T. ) ;
#226 = DIRECTION ( 'NONE',  ( -1.000000000000000000, -0.0000000000000000000, -0.0000000000000000000 ) ) ;
#227 = AXIS2_PLACEMENT_3D ( 'NONE', #632, #612, #603 ) ;
#228 = ORIENTED_EDGE ( 'NONE', *, *, #4757, .T. ) ;
#229 = ADVANCED_FACE ( 'NONE', ( #2666 ), #3046, .T. ) ;
#230 = ORIENTED_EDGE ( 'NONE', *, *, #11, .T. ) ;
#231 = EDGE_LOOP ( 'NONE', ( #771, #3521, #3465, #3133, #3129, #2976 ) ) ;
#232 = ORIENTED_EDGE ( 'NONE', *, *, #4285, .T. ) ;
#233 = ADVANCED_FACE ( 'NONE', ( #4070 ), #596, .T. ) ;
#234 = ORIENTED_EDGE ( 'NONE', *, *, #831, .T. ) ;
#235 = ADVANCED_FACE ( 'NONE', ( #2718 ), #3384, .T. ) ;
#236 = FACE_OUTER_BOUND ( 'NONE', #3997, .T. ) ;
#237 = AXIS2_PLACEMENT_3D ( 'NONE', #4019, #4048, #1535 ) ;
#238 = CARTESIAN_POINT ( 'NONE',  ( -31.74999999999995737, 0.0000000000000000000, 0.0000000000000000000 ) ) ;
#239 = VERTEX_POINT ( 'NONE', #4685 ) ;
#240 = FACE_OUTER_BOUND ( 'NONE', #590, .T. ) ;
#241 = EDGE_CURVE ( 'NONE', #4548, #463, #4447, .T. ) ;
#242 = DIRECTION ( 'NONE',  ( 0.0000000000000000000, 0.0000000000000000000, 1.000000000000000000 ) ) ;
#243 = ORIENTED_EDGE ( 'NONE', *, *, #2316, .F. ) ;
#244 = CARTESIAN_POINT ( 'NONE',  ( 42.67500993687573896, -5.000000000000000888, 6.123233995736771213E-16 ) ) ;
#245 = ORIENTED_EDGE ( 'NONE', *, *, #3919, .F. ) ;
#246 = ORIENTED_EDGE ( 'NONE', *, *, #2283, .F. ) ;
#247 = ORIENTED_EDGE ( 'NONE', *, *, #4010, .F. ) ;
#248 = ADVANCED_FACE ( 'NONE', ( #2789 ), #1746, .T. ) ;
#249 = DIRECTION ( 'NONE',  ( 0.0000000000000000000, 0.0000000000000000000, 1.000000000000000000 ) ) ;
#250 = ORIENTED_EDGE ( 'NONE', *, *, #4799, .F. ) ;
#251 = LINE ( 'NONE', #2844, #4035 ) ;
#252 = ORIENTED_EDGE ( 'NONE', *, *, #3052, .T. ) ;
#253 = AXIS2_PLACEMENT_3D ( 'NONE', #2113, #2111, #2109 ) ;
#254 = AXIS2_PLACEMENT_3D ( 'NONE', #3829, #3768, #3816 ) ;
#255 = CIRCLE ( 'NONE', #4279, 5.000000000000003553 ) ;
#256 = DIRECTION ( 'NONE',  ( 0.0000000000000000000, -1.000000000000000000, 0.0000000000000000000 ) ) ;
#257 = VERTEX_POINT ( 'NONE', #3509 ) ;
#258 = DIRECTION ( 'NONE',  ( -1.000000000000000000, -0.0000000000000000000, -0.0000000000000000000 ) ) ;
#259 = AXIS2_PLACEMENT_3D ( 'NONE', #381, #376, #373 ) ;
#260 = DIRECTION ( 'NONE',  ( -1.000000000000000000, -1.224606353822377258E-16, -0.0000000000000000000 ) ) ;
#261 = ORIENTED_EDGE ( 'NONE', *, *, #2227, .T. ) ;
#262 = ADVANCED_FACE ( 'NONE', ( #2838 ), #2830, .T. ) ;
#263 = ORIENTED_EDGE ( 'NONE', *, *, #2684, .T. ) ;
#264 = DIRECTION ( 'NONE',  ( -1.000000000000000000, -1.224606353822377258E-16, -0.0000000000000000000 ) ) ;
#265 = ORIENTED_EDGE ( 'NONE', *, *, #498, .F. ) ;
#266 = ADVANCED_FACE ( 'NONE', ( #3875 ), #3065, .T. ) ;
#267 = ORIENTED_EDGE ( 'NONE', *, *, #2774, .F. ) ;
#268 = ORIENTED_EDGE ( 'NONE', *, *, #4621, .F. ) ;
#269 = ORIENTED_EDGE ( 'NONE', *, *, #405, .T. ) ;
#270 = EDGE_CURVE ( 'NONE', #3505, #463, #3571, .T. ) ;
#271 = ORIENTED_EDGE ( 'NONE', *, *, #3228, .F. ) ;
#272 = AXIS2_PLACEMENT_3D ( 'NONE', #4123, #4200, #4309 ) ;
#273 = DIRECTION ( 'NONE',  ( -1.000000000000000000, -0.0000000000000000000, -0.0000000000000000000 ) ) ;
#274 = CARTESIAN_POINT ( 'NONE',  ( -31.74999999999995737, 0.0000000000000000000, 4.999999999999961808 ) ) ;
#275 = ADVANCED_FACE ( 'NONE', ( #4340 ), #3868, .T. ) ;
#276 = CARTESIAN_POINT ( 'NONE',  ( -31.74999999999995737, 6.123233995736719937E-16, -4.999999999999961808 ) ) ;
#277 = AXIS2_PLACEMENT_3D ( 'NONE', #4517, #4493, #4431 ) ;
#278 = ORIENTED_EDGE ( 'NONE', *, *, #2869, .T. ) ;
#279 = ORIENTED_EDGE ( 'NONE', *, *, #3448, .T. ) ;
#280 = CARTESIAN_POINT ( 'NONE',  ( 42.67500993687573896, 2.235490958484726972E-15, 0.0000000000000000000 ) ) ;
#281 = DIRECTION ( 'NONE',  ( 0.0000000000000000000, -1.000000000000000000, 0.0000000000000000000 ) ) ;
#282 = EDGE_LOOP ( 'NONE', ( #2195, #4281, #610, #4698, #3488, #4339 ) ) ;
#283 = AXIS2_PLACEMENT_3D ( 'NONE', #4378, #4345, #4342 ) ;
#284 = CARTESIAN_POINT ( 'NONE',  ( 22.34167660354240326, 2.235490958484726972E-15, 0.0000000000000000000 ) ) ;
#285 = CARTESIAN_POINT ( 'NONE',  ( 19.72975196788616259, -5.000000000000000000, 0.0000000000000000000 ) ) ;
#286 = ORIENTED_EDGE ( 'NONE', *, *, #1528, .T. ) ;
#287 = ORIENTED_EDGE ( 'NONE', *, *, #3169, .T. ) ;
#288 = AXIS2_PLACEMENT_3D ( 'NONE', #2458, #2022, #2011 ) ;
#289 = ORIENTED_EDGE ( 'NONE', *, *, #4215, .T. ) ;
#291 = ADVANCED_FACE ( 'NONE', ( #936 ), #3096, .T. ) ;
#290 = CIRCLE ( 'NONE', #1945, 4.172000000000002373 ) ;
#292 = EDGE_LOOP ( 'NONE', ( #246, #4444, #3442, #4067, #1396 ) ) ;
#293 = CARTESIAN_POINT ( 'NONE',  ( -31.74999999999995737, 0.0000000000000000000, 0.0000000000000000000 ) ) ;
#294 = EDGE_CURVE ( 'NONE', #2504, #3505, #3377, .T. ) ;
#295 = DIRECTION ( 'NONE',  ( -1.000000000000000000, -1.224606353822377258E-16, -0.0000000000000000000 ) ) ;
#296 = FACE_OUTER_BOUND ( 'NONE', #3367, .T. ) ;
#297 = ADVANCED_FACE ( 'NONE', ( #4034 ), #3762, .T. ) ;
#298 = DIRECTION ( 'NONE',  ( -0.7071067811865960895, 0.0000000000000000000, 0.7071067811864990560 ) ) ;
#299 = DIRECTION ( 'NONE',  ( 0.0000000000000000000, -1.000000000000000000, 0.0000000000000000000 ) ) ;
#300 = VECTOR ( 'NONE', #1686, 1000.000000000000114 ) ;
#301 = VERTEX_POINT ( 'NONE', #3916 ) ;
#302 = AXIS2_PLACEMENT_3D ( 'NONE', #4191, #807, #4169 ) ;
#303 = AXIS2_PLACEMENT_3D ( 'NONE', #2357, #2321, #2319 ) ;
#304 = VECTOR ( 'NONE', #1284, 1000.000000000000000 ) ;
#305 = LINE ( 'NONE', #3231, #1748 ) ;
#306 = DIRECTION ( 'NONE',  ( -1.000000000000000000, -1.224606353822377258E-16, -0.0000000000000000000 ) ) ;
#307 = ORIENTED_EDGE ( 'NONE', *, *, #2808, .F. ) ;
#308 = CARTESIAN_POINT ( 'NONE',  ( 36.28571428571429180, 2.164491730381051252E-15, 0.0000000000000000000 ) ) ;
#309 = ADVANCED_FACE ( 'NONE', ( #4582 ), #4700, .T. ) ;
#310 =( GEOMETRIC_REPRESENTATION_CONTEXT ( 3 ) GLOBAL_UNCERTAINTY_ASSIGNED_CONTEXT ( ( #3435 ) ) GLOBAL_UNIT_ASSIGNED_CONTEXT ( ( #4460, #4458, #4456 ) ) REPRESENTATION_CONTEXT ( 'NONE', 'WORKASPACE' ) );
#311 = CARTESIAN_POINT ( 'NONE',  ( 22.34167660354240326, -5.000000000000000888, 6.123233995736771213E-16 ) ) ;
#312 = CIRCLE ( 'NONE', #1811, 5.000000000000003553 ) ;
#313 = DIRECTION ( 'NONE',  ( 0.0000000000000000000, 0.0000000000000000000, 1.000000000000000000 ) ) ;
#314 = CARTESIAN_POINT ( 'NONE',  ( 22.34167660354240326, 2.235490958484726972E-15, 0.0000000000000000000 ) ) ;
#315 = COLOUR_RGB ( '',0.7764705882352941346, 0.7568627450980391913, 0.7372549019607843590 ) ;
#316 = ADVANCED_FACE ( 'NONE', ( #4335 ), #4602, .T. ) ;
#317 = ORIENTED_EDGE ( 'NONE', *, *, #2863, .F. ) ;
#318 = DIRECTION ( 'NONE',  ( 0.0000000000000000000, 0.0000000000000000000, 1.000000000000000000 ) ) ;
#319 = ORIENTED_EDGE ( 'NONE', *, *, #2450, .F. ) ;
#320 = CONICAL_SURFACE ( 'NONE', #844, 5.000000000000003553, 0.9599310885968808105 ) ;
#321 = VERTEX_POINT ( 'NONE', #3948 ) ;
#322 = EDGE_CURVE ( 'NONE', #3701, #2504, #3724, .T. ) ;
#323 = FACE_OUTER_BOUND ( 'NONE', #2600, .T. ) ;
#324 = ORIENTED_EDGE ( 'NONE', *, *, #2598, .T. ) ;
#325 = CARTESIAN_POINT ( 'NONE',  ( 29.60358136544716601, -5.000000000000001776, 6.123233995736772199E-16 ) ) ;
#326 = FACE_OUTER_BOUND ( 'NONE', #2558, .T. ) ;
#327 = CIRCLE ( 'NONE', #3953, 5.000000000000003553 ) ;
#328 = FACE_OUTER_BOUND ( 'NONE', #3549, .T. ) ;
#329 = LINE ( 'NONE', #4497, #407 ) ;
#330 = ADVANCED_FACE ( 'NONE', ( #3553 ), #3432, .T. ) ;
#331 = DIRECTION ( 'NONE',  ( -0.5735764363510513775, -0.8191520442889881348, 0.0000000000000000000 ) ) ;
#332 = ADVANCED_FACE ( 'NONE', ( #3232 ), #3813, .T. ) ;
#333 = MECHANICAL_DESIGN_GEOMETRIC_PRESENTATION_REPRESENTATION (  '', ( #335 ), #310 ) ;
#334 = PRESENTATION_LAYER_ASSIGNMENT (  '', '', ( #335 ) ) ;
#335 = STYLED_ITEM ( 'NONE', ( #4246 ), #2588 ) ;
#336 = ORIENTED_EDGE ( 'NONE', *, *, #4089, .F. ) ;
#337 = DIRECTION ( 'NONE',  ( -1.000000000000000000, -1.224606353822377258E-16, -0.0000000000000000000 ) ) ;
#338 = CARTESIAN_POINT ( 'NONE',  ( 35.41310517497097266, 2.235490958484726972E-15, 0.0000000000000000000 ) ) ;
#339 = ORIENTED_EDGE ( 'NONE', *, *, #3741, .T. ) ;
#340 = ORIENTED_EDGE ( 'NONE', *, *, #2868, .T. ) ;
#341 = FACE_OUTER_BOUND ( 'NONE', #4434, .T. ) ;
#342 = EDGE_CURVE ( 'NONE', #559, #3991, #290, .T. ) ;
#343 = ORIENTED_EDGE ( 'NONE', *, *, #4632, .T. ) ;
#344 = AXIS2_PLACEMENT_3D ( 'NONE', #4485, #4481, #4465 ) ;
#345 = DIRECTION ( 'NONE',  ( -1.000000000000000000, -0.0000000000000000000, -0.0000000000000000000 ) ) ;
#346 = CARTESIAN_POINT ( 'NONE',  ( 0.0000000000000000000, 0.0000000000000000000, 0.0000000000000000000 ) ) ;
#347 = EDGE_LOOP ( 'NONE', ( #3345, #783, #1157, #1645, #1942 ) ) ;
#348 = ORIENTED_EDGE ( 'NONE', *, *, #458, .F. ) ;
#349 = VERTEX_POINT ( 'NONE', #2631 ) ;
#350 = EDGE_CURVE ( 'NONE', #3991, #2328, #3125, .T. ) ;
#351 = VERTEX_POINT ( 'NONE', #4587 ) ;
#352 = CARTESIAN_POINT ( 'NONE',  ( 17.98453374639954561, 6.123233995736578928E-16, -5.000000000000004441 ) ) ;
#353 = CARTESIAN_POINT ( 'NONE',  ( -31.74999999999995737, 0.0000000000000000000, 0.0000000000000000000 ) ) ;
#354 = AXIS2_PLACEMENT_3D ( 'NONE', #4605, #4528, #3118 ) ;
#355 = SHAPE_DEFINITION_REPRESENTATION ( #1115, #1601 ) ;
#356 = VECTOR ( 'NONE', #1218, 1000.000000000000000 ) ;
#357 = DIRECTION ( 'NONE',  ( -1.000000000000000000, -0.0000000000000000000, -0.0000000000000000000 ) ) ;
#358 = ORIENTED_EDGE ( 'NONE', *, *, #3487, .T. ) ;
#359 = CARTESIAN_POINT ( 'NONE',  ( 5.000000000000000000, 0.0000000000000000000, 0.0000000000000000000 ) ) ;
#360 = ORIENTED_EDGE ( 'NONE', *, *, #581, .T. ) ;
#361 = DIRECTION ( 'NONE',  ( 0.5735764363510466035, -0.8191520442889914655, 1.003171929053524500E-16 ) ) ;
#362 = AXIS2_PLACEMENT_3D ( 'NONE', #4541, #4580, #4571 ) ;
#363 = AXIS2_PLACEMENT_3D ( 'NONE', #4662, #4694, #4663 ) ;
#364 = ORIENTED_EDGE ( 'NONE', *, *, #4381, .F. ) ;
#365 = ORIENTED_EDGE ( 'NONE', *, *, #241, .F. ) ;
#366 = SURFACE_STYLE_USAGE ( .BOTH. , #740 ) ;
#367 = CARTESIAN_POINT ( 'NONE',  ( 16.53215279401859661, -5.000000000000001776, 6.123233995736772199E-16 ) ) ;
#368 = AXIS2_PLACEMENT_3D ( 'NONE', #3059, #3055, #3050 ) ;
#369 = AXIS2_PLACEMENT_3D ( 'NONE', #4622, #4650, #4629 ) ;
#370 = EDGE_LOOP ( 'NONE', ( #1165, #3818, #1707, #1677, #1, #1608 ) ) ;
#371 = ORIENTED_EDGE ( 'NONE', *, *, #384, .T. ) ;
#372 = DIRECTION ( 'NONE',  ( -1.000000000000000000, -0.0000000000000000000, -0.0000000000000000000 ) ) ;
#373 = DIRECTION ( 'NONE',  ( 0.0000000000000000000, -1.000000000000000000, 0.0000000000000000000 ) ) ;
#374 = ORIENTED_EDGE ( 'NONE', *, *, #3009, .F. ) ;
#375 = VERTEX_POINT ( 'NONE', #4061 ) ;
#376 = DIRECTION ( 'NONE',  ( -1.000000000000000000, -1.224606353822377258E-16, -0.0000000000000000000 ) ) ;
#377 = AXIS2_PLACEMENT_3D ( 'NONE', #4227, #4219, #4235 ) ;
#378 = CARTESIAN_POINT ( 'NONE',  ( 0.0000000000000000000, 2.342598717236908712, 4.057499999999997442 ) ) ;
#379 = ORIENTED_EDGE ( 'NONE', *, *, #2408, .T. ) ;
#380 = ORIENTED_EDGE ( 'NONE', *, *, #899, .F. ) ;
#381 = CARTESIAN_POINT ( 'NONE',  ( 34.83333333333333570, 2.164491730381051252E-15, 0.0000000000000000000 ) ) ;
#382 = DIRECTION ( 'NONE',  ( -1.000000000000000000, -1.224606353822377258E-16, -0.0000000000000000000 ) ) ;
#383 = DIRECTION ( 'NONE',  ( -1.000000000000000000, -0.0000000000000000000, -0.0000000000000000000 ) ) ;
#384 = EDGE_CURVE ( 'NONE', #4579, #2328, #4498, .T. ) ;
#385 = AXIS2_PLACEMENT_3D ( 'NONE', #4673, #4652, #4675 ) ;
#386 = EDGE_CURVE ( 'NONE', #775, #4579, #3456, .T. ) ;
#387 = EDGE_LOOP ( 'NONE', ( #562, #287, #13, #152, #1261 ) ) ;
#388 = AXIS2_PLACEMENT_3D ( 'NONE', #4715, #4704, #2741 ) ;
#389 = CARTESIAN_POINT ( 'NONE',  ( -31.74999999999995737, 0.0000000000000000000, 0.0000000000000000000 ) ) ;
#390 = ORIENTED_EDGE ( 'NONE', *, *, #425, .T. ) ;
#391 = CIRCLE ( 'NONE', #4513, 4.172000000000002373 ) ;
#392 = ORIENTED_EDGE ( 'NONE', *, *, #4165, .F. ) ;
#393 = EDGE_CURVE ( 'NONE', #559, #775, #3158, .T. ) ;
#394 = AXIS2_PLACEMENT_3D ( 'NONE', #2606, #2785, #2413 ) ;
#395 = AXIS2_PLACEMENT_3D ( 'NONE', #1613, #1611, #1607 ) ;
#396 = CARTESIAN_POINT ( 'NONE',  ( 31.34879958693378299, 2.093492502277374743E-15, 0.0000000000000000000 ) ) ;
#397 = ADVANCED_FACE ( 'NONE', ( #3222 ), #4144, .T. ) ;
#398 = ORIENTED_EDGE ( 'NONE', *, *, #4521, .T. ) ;
#399 = DIRECTION ( 'NONE',  ( 0.0000000000000000000, -1.000000000000000000, 0.0000000000000000000 ) ) ;
#400 = CONICAL_SURFACE ( 'NONE', #865, 5.000000000000003553, 0.9599310885968808105 ) ;
#401 = ORIENTED_EDGE ( 'NONE', *, *, #3397, .F. ) ;
#402 = CIRCLE ( 'NONE', #344, 5.000000000000002665 ) ;
#403 = DIRECTION ( 'NONE',  ( -1.000000000000000000, -1.224606353822377258E-16, -0.0000000000000000000 ) ) ;
#404 = VERTEX_POINT ( 'NONE', #4118 ) ;
#405 = EDGE_CURVE ( 'NONE', #559, #4395, #3930, .T. ) ;
#406 = ADVANCED_FACE ( 'NONE', ( #4237 ), #4098, .T. ) ;
#407 = VECTOR ( 'NONE', #4505, 1000.000000000000000 ) ;
#408 = ORIENTED_EDGE ( 'NONE', *, *, #4507, .T. ) ;
#409 = ORIENTED_EDGE ( 'NONE', *, *, #4701, .T. ) ;
#410 = DIRECTION ( 'NONE',  ( -0.5735764363510515995, 0.8191520442889879128, 1.003171929053520063E-16 ) ) ;
#411 =( NAMED_UNIT ( * ) SI_UNIT ( $, .STERADIAN. ) SOLID_ANGLE_UNIT ( ) );
#412 = CARTESIAN_POINT ( 'NONE',  ( 34.25356149169568454, 2.093492502277374743E-15, 0.0000000000000000000 ) ) ;
#413 = AXIS2_PLACEMENT_3D ( 'NONE', #4206, #2041, #4788 ) ;
#414 = VERTEX_POINT ( 'NONE', #4081 ) ;
#415 = ORIENTED_EDGE ( 'NONE', *, *, #4703, .F. ) ;
#416 = DIRECTION ( 'NONE',  ( -1.000000000000000000, -0.0000000000000000000, -0.0000000000000000000 ) ) ;
#417 = EDGE_LOOP ( 'NONE', ( #911, #1183, #4476, #3963, #925 ) ) ;
#418 = VERTEX_POINT ( 'NONE', #4100 ) ;
#419 = DIRECTION ( 'NONE',  ( 0.0000000000000000000, -1.000000000000000000, 0.0000000000000000000 ) ) ;
#420 = DIRECTION ( 'NONE',  ( -1.000000000000000000, -1.224606353822377258E-16, -0.0000000000000000000 ) ) ;
#421 = ORIENTED_EDGE ( 'NONE', *, *, #556, .T. ) ;
#422 = VERTEX_POINT ( 'NONE', #4096 ) ;
#423 = ADVANCED_FACE ( 'NONE', ( #3170 ), #4767, .T. ) ;
#424 = CIRCLE ( 'NONE', #3988, 5.000000000000002665 ) ;
#425 = EDGE_CURVE ( 'NONE', #3853, #2827, #3617, .T. ) ;
#426 = CARTESIAN_POINT ( 'NONE',  ( 33.96072422259002366, 2.235490958484726972E-15, 0.0000000000000000000 ) ) ;
#427 = DIRECTION ( 'NONE',  ( -1.000000000000000000, -1.224606353822377258E-16, -0.0000000000000000000 ) ) ;
#428 = EDGE_CURVE ( 'NONE', #4395, #2504, #3484, .T. ) ;
#429 = AXIS2_PLACEMENT_3D ( 'NONE', #3860, #3956, #713 ) ;
#430 = ORIENTED_EDGE ( 'NONE', *, *, #4250, .F. ) ;
#431 = AXIS2_PLACEMENT_3D ( 'NONE', #1555, #4041, #4117 ) ;
#432 = VERTEX_POINT ( 'NONE', #4058 ) ;
#433 = DIRECTION ( 'NONE',  ( 0.0000000000000000000, -1.000000000000000000, 0.0000000000000000000 ) ) ;
#434 = ORIENTED_EDGE ( 'NONE', *, *, #2671, .T. ) ;
#435 = ADVANCED_FACE ( 'NONE', ( #4610 ), #183, .T. ) ;
#436 = VECTOR ( 'NONE', #2153, 1000.000000000000000 ) ;
#437 = AXIS2_PLACEMENT_3D ( 'NONE', #4127, #4172, #4252 ) ;
#438 = EDGE_CURVE ( 'NONE', #3991, #3505, #4023, .T. ) ;
#439 = AXIS2_PLACEMENT_3D ( 'NONE', #4753, #668, #3507 ) ;
#440 = EDGE_CURVE ( 'NONE', #2424, #4336, #312, .T. ) ;
#441 = CARTESIAN_POINT ( 'NONE',  ( 20.88929565116145426, -5.000000000000000888, 6.123233995736771213E-16 ) ) ;
#442 = FACE_OUTER_BOUND ( 'NONE', #1498, .T. ) ;
#443 = ORIENTED_EDGE ( 'NONE', *, *, #4391, .T. ) ;
#444 = CARTESIAN_POINT ( 'NONE',  ( 21.18213292026711514, 2.093492502277374743E-15, 0.0000000000000000000 ) ) ;
#445 = EDGE_LOOP ( 'NONE', ( #3866, #3804, #3758, #3753, #3735 ) ) ;
#446 = FACE_OUTER_BOUND ( 'NONE', #151, .T. ) ;
#447 = AXIS2_PLACEMENT_3D ( 'NONE', #4407, #4304, #4319 ) ;
#448 = CARTESIAN_POINT ( 'NONE',  ( -31.74999999999995737, 0.0000000000000000000, 8.000000000000000000 ) ) ;
#449 = DIRECTION ( 'NONE',  ( -1.000000000000000000, -0.0000000000000000000, -0.0000000000000000000 ) ) ;
#450 = CIRCLE ( 'NONE', #155, 5.000000000000002665 ) ;
#451 = EDGE_LOOP ( 'NONE', ( #4768, #4565, #4071, #4280 ) ) ;
#452 = LINE ( 'NONE', #819, #4032 ) ;
#453 = FACE_OUTER_BOUND ( 'NONE', #707, .T. ) ;
#454 = EDGE_LOOP ( 'NONE', ( #2253, #2233, #2218, #2147, #2094 ) ) ;
#455 = CARTESIAN_POINT ( 'NONE',  ( 29.02380952380952550, 2.164491730381051252E-15, 0.0000000000000000000 ) ) ;
#456 = DIRECTION ( 'NONE',  ( 0.0000000000000000000, -1.000000000000000000, 0.0000000000000000000 ) ) ;
#457 = ORIENTED_EDGE ( 'NONE', *, *, #1528, .F. ) ;
#458 = EDGE_CURVE ( 'NONE', #2328, #738, #4126, .T. ) ;
#459 = CONICAL_SURFACE ( 'NONE', #855, 5.000000000000003553, 0.9599310885968808105 ) ;
#460 = CIRCLE ( 'NONE', #1647, 5.000000000000003553 ) ;
#461 = ORIENTED_EDGE ( 'NONE', *, *, #2404, .F. ) ;
#462 = FACE_OUTER_BOUND ( 'NONE', #1705, .T. ) ;
#463 = VERTEX_POINT ( 'NONE', #4598 ) ;
#464 = DIRECTION ( 'NONE',  ( -1.000000000000000000, -1.224606353822377258E-16, -0.0000000000000000000 ) ) ;
#465 = CIRCLE ( 'NONE', #2535, 5.000000000000002665 ) ;
#466 = CIRCLE ( 'NONE', #303, 5.000000000000003553 ) ;
#467 = ADVANCED_FACE ( 'NONE', ( #41 ), #2894, .T. ) ;
#468 = VERTEX_POINT ( 'NONE', #4574 ) ;
#469 = AXIS2_PLACEMENT_3D ( 'NONE', #784, #2994, #4729 ) ;
#470 = EDGE_CURVE ( 'NONE', #885, #3013, #4658, .T. ) ;
#471 = COLOUR_RGB ( '',0.7764705882352941346, 0.7568627450980391913, 0.7372549019607843590 ) ;
#472 = AXIS2_PLACEMENT_3D ( 'NONE', #839, #3073, #863 ) ;
#473 = CARTESIAN_POINT ( 'NONE',  ( 22.63451387264806769, 2.093492502277374743E-15, 0.0000000000000000000 ) ) ;
#474 = VERTEX_POINT ( 'NONE', #4800 ) ;
#475 = ORIENTED_EDGE ( 'NONE', *, *, #2850, .F. ) ;
#476 = ORIENTED_EDGE ( 'NONE', *, *, #4393, .T. ) ;
#477 = ORIENTED_EDGE ( 'NONE', *, *, #2863, .T. ) ;
#478 = ORIENTED_EDGE ( 'NONE', *, *, #567, .T. ) ;
#479 = DIRECTION ( 'NONE',  ( 0.5735764363510462704, 0.8191520442889915765, 0.0000000000000000000 ) ) ;
#480 = DIRECTION ( 'NONE',  ( 0.0000000000000000000, 0.5000000000000014433, 0.8660254037844379305 ) ) ;
#481 = CARTESIAN_POINT ( 'NONE',  ( 42.67500993687573896, 5.000000000000006217, 0.0000000000000000000 ) ) ;
#482 = ORIENTED_EDGE ( 'NONE', *, *, #2700, .F. ) ;
#483 = VERTEX_POINT ( 'NONE', #696 ) ;
#484 = AXIS2_PLACEMENT_3D ( 'NONE', #198, #513, #684 ) ;
#485 = VERTEX_POINT ( 'NONE', #4780 ) ;
#486 = VECTOR ( 'NONE', #4314, 1000.000000000000000 ) ;
#487 = VERTEX_POINT ( 'NONE', #2038 ) ;
#488 = DIRECTION ( 'NONE',  ( -1.000000000000000000, -1.224606353822377258E-16, -0.0000000000000000000 ) ) ;
#489 = DIRECTION ( 'NONE',  ( 0.0000000000000000000, 0.0000000000000000000, 1.000000000000000000 ) ) ;
#490 = VECTOR ( 'NONE', #3536, 1000.000000000000000 ) ;
#491 = ORIENTED_EDGE ( 'NONE', *, *, #3907, .T. ) ;
#492 = AXIS2_PLACEMENT_3D ( 'NONE', #2466, #2465, #2460 ) ;
#493 = ORIENTED_EDGE ( 'NONE', *, *, #2283, .T. ) ;
#494 = ORIENTED_EDGE ( 'NONE', *, *, #2252, .F. ) ;
#495 = ORIENTED_EDGE ( 'NONE', *, *, #4080, .F. ) ;
#496 = DIRECTION ( 'NONE',  ( 0.0000000000000000000, -1.000000000000000000, 0.0000000000000000000 ) ) ;
#497 = CIRCLE ( 'NONE', #962, 5.000000000000003553 ) ;
#498 = EDGE_CURVE ( 'NONE', #738, #301, #4193, .T. ) ;
#499 = ORIENTED_EDGE ( 'NONE', *, *, #1764, .T. ) ;
#500 = DIRECTION ( 'NONE',  ( -1.000000000000000000, -1.224606353822377258E-16, -0.0000000000000000000 ) ) ;
#501 = CARTESIAN_POINT ( 'NONE',  ( 35.70594244407664064, -5.000000000000000000, 0.0000000000000000000 ) ) ;
#502 = CARTESIAN_POINT ( 'NONE',  ( 33.38095238095237960, 2.164491730381051252E-15, 0.0000000000000000000 ) ) ;
#503 = ADVANCED_FACE ( 'NONE', ( #3508, #4275 ), #2645, .T. ) ;
#504 = DIRECTION ( 'NONE',  ( 0.0000000000000000000, -1.000000000000000000, 0.0000000000000000000 ) ) ;
#505 = ORIENTED_EDGE ( 'NONE', *, *, #2921, .F. ) ;
#506 = ORIENTED_EDGE ( 'NONE', *, *, #4003, .T. ) ;
#507 = EDGE_LOOP ( 'NONE', ( #245, #4420, #1076, #584, #2415 ) ) ;
#508 = VERTEX_POINT ( 'NONE', #3489 ) ;
#509 = CARTESIAN_POINT ( 'NONE',  ( -31.74999999999995737, 6.123233995736719937E-16, -4.999999999999961808 ) ) ;
#510 = ORIENTED_EDGE ( 'NONE', *, *, #3849, .T. ) ;
#511 = CIRCLE ( 'NONE', #1581, 4.171999999999999709 ) ;
#512 = DIRECTION ( 'NONE',  ( 0.5735764363510462704, 0.8191520442889915765, 0.0000000000000000000 ) ) ;
#513 = DIRECTION ( 'NONE',  ( -1.000000000000000000, -1.224606353822377258E-16, -0.0000000000000000000 ) ) ;
#514 = ORIENTED_EDGE ( 'NONE', *, *, #4484, .F. ) ;
#515 = DIRECTION ( 'NONE',  ( -1.000000000000000000, -0.0000000000000000000, -0.0000000000000000000 ) ) ;
#516 = CIRCLE ( 'NONE', #2828, 5.000000000000003553 ) ;
#517 = FACE_OUTER_BOUND ( 'NONE', #87, .T. ) ;
#518 = STYLED_ITEM ( 'NONE', ( #2986 ), #1601 ) ;
#519 = AXIS2_PLACEMENT_3D ( 'NONE', #314, #306, #299 ) ;
#520 = FACE_OUTER_BOUND ( 'NONE', #1689, .T. ) ;
#521 = CARTESIAN_POINT ( 'NONE',  ( 16.82499006312425749, 5.000000000000005329, 6.123233995736770227E-16 ) ) ;
#522 = CARTESIAN_POINT ( 'NONE',  ( -31.74999999999995737, 6.123233995736719937E-16, -4.999999999999961808 ) ) ;
#523 = ORIENTED_EDGE ( 'NONE', *, *, #4225, .T. ) ;
#524 = LINE ( 'NONE', #541, #3823 ) ;
#525 = ORIENTED_EDGE ( 'NONE', *, *, #3792, .F. ) ;
#526 = CIRCLE ( 'NONE', #83, 5.000000000000003553 ) ;
#527 = ORIENTED_EDGE ( 'NONE', *, *, #2284, .F. ) ;
#528 = DIRECTION ( 'NONE',  ( 0.0000000000000000000, 1.000000000000000000, 0.0000000000000000000 ) ) ;
#529 = DIRECTION ( 'NONE',  ( 0.0000000000000000000, -1.000000000000000000, 0.0000000000000000000 ) ) ;
#530 = ORIENTED_EDGE ( 'NONE', *, *, #3282, .F. ) ;
#531 = DIRECTION ( 'NONE',  ( -1.000000000000000000, -1.224606353822377258E-16, -0.0000000000000000000 ) ) ;
#532 = VERTEX_POINT ( 'NONE', #710 ) ;
#533 = DIRECTION ( 'NONE',  ( 0.0000000000000000000, 1.000000000000000000, 0.0000000000000000000 ) ) ;
#534 = DIRECTION ( 'NONE',  ( -1.000000000000000000, -1.224606353822377258E-16, -0.0000000000000000000 ) ) ;
#535 = VECTOR ( 'NONE', #2066, 1000.000000000000000 ) ;
#536 = ORIENTED_EDGE ( 'NONE', *, *, #270, .T. ) ;
#537 = AXIS2_PLACEMENT_3D ( 'NONE', #858, #4794, #15 ) ;
#538 = FACE_OUTER_BOUND ( 'NONE', #1008, .T. ) ;
#539 = AXIS2_PLACEMENT_3D ( 'NONE', #2190, #2186, #2180 ) ;
#540 = ORIENTED_EDGE ( 'NONE', *, *, #1241, .T. ) ;
#541 = CARTESIAN_POINT ( 'NONE',  ( -0.0000000000000000000, -4.685197434473821865, 3.469446951953614189E-15 ) ) ;
#542 = CARTESIAN_POINT ( 'NONE',  ( 36.28571428571429180, 4.172000000000004150, 0.0000000000000000000 ) ) ;
#543 = CARTESIAN_POINT ( 'NONE',  ( 32.80118053931472843, 2.093492502277374743E-15, 0.0000000000000000000 ) ) ;
#544 = VECTOR ( 'NONE', #4531, 1000.000000000000000 ) ;
#546 = ADVANCED_FACE ( 'NONE', ( #578 ), #1565, .T. ) ;
#545 = ORIENTED_EDGE ( 'NONE', *, *, #2750, .F. ) ;
#547 = AXIS2_PLACEMENT_3D ( 'NONE', #4159, #4158, #4156 ) ;
#548 = EDGE_CURVE ( 'NONE', #977, #301, #1757, .T. ) ;
#549 = AXIS2_PLACEMENT_3D ( 'NONE', #1680, #1137, #3854 ) ;
#550 = CARTESIAN_POINT ( 'NONE',  ( 41.22262898449478286, 5.000000000000006217, 0.0000000000000000000 ) ) ;
#551 = DIRECTION ( 'NONE',  ( -0.0000000000000000000, -0.5000000000000011102, -0.8660254037844379305 ) ) ;
#552 = ORIENTED_EDGE ( 'NONE', *, *, #4479, .T. ) ;
#553 = ORIENTED_EDGE ( 'NONE', *, *, #2774, .T. ) ;
#554 = CIRCLE ( 'NONE', #2040, 5.000000000000003553 ) ;
#555 = APPLICATION_CONTEXT ( 'automotive_design' ) ;
#556 = EDGE_CURVE ( 'NONE', #2322, #4524, #573, .T. ) ;
#557 = VERTEX_POINT ( 'NONE', #2350 ) ;
#558 = ADVANCED_FACE ( 'NONE', ( #1058 ), #1808, .T. ) ;
#559 = VERTEX_POINT ( 'NONE', #1303 ) ;
#560 = DIRECTION ( 'NONE',  ( -0.5735764363510513775, -0.8191520442889881348, 0.0000000000000000000 ) ) ;
#561 = CARTESIAN_POINT ( 'NONE',  ( 38.61070434883854574, 5.000000000000005329, 6.123233995736770227E-16 ) ) ;
#562 = ORIENTED_EDGE ( 'NONE', *, *, #4195, .F. ) ;
#563 = ORIENTED_EDGE ( 'NONE', *, *, #2316, .T. ) ;
#564 = VECTOR ( 'NONE', #1542, 1000.000000000000114 ) ;
#565 = ADVANCED_FACE ( 'NONE', ( #1704 ), #3492, .T. ) ;
#566 = ORIENTED_EDGE ( 'NONE', *, *, #2974, .T. ) ;
#567 = EDGE_CURVE ( 'NONE', #375, #977, #1311, .T. ) ;
#568 = AXIS2_PLACEMENT_3D ( 'NONE', #4770, #2932, #672 ) ;
#569 = AXIS2_PLACEMENT_3D ( 'NONE', #165, #163, #213 ) ;
#570 = DIRECTION ( 'NONE',  ( 0.0000000000000000000, -0.5000000000000014433, -0.8660254037844378194 ) ) ;
#571 = ORIENTED_EDGE ( 'NONE', *, *, #2404, .T. ) ;
#572 = DIRECTION ( 'NONE',  ( 0.0000000000000000000, -1.000000000000000000, 0.0000000000000000000 ) ) ;
#573 = CIRCLE ( 'NONE', #1736, 5.000000000000003553 ) ;
#574 = CARTESIAN_POINT ( 'NONE',  ( 42.96784720598139984, -5.000000000000000000, 0.0000000000000000000 ) ) ;
#575 = VERTEX_POINT ( 'NONE', #4269 ) ;
#576 = EDGE_CURVE ( 'NONE', #4579, #375, #987, .T. ) ;
#577 = AXIS2_PLACEMENT_3D ( 'NONE', #359, #4217, #313 ) ;
#578 = FACE_OUTER_BOUND ( 'NONE', #3609, .T. ) ;
#579 = DIRECTION ( 'NONE',  ( 0.0000000000000000000, 0.4999999999999992784, -0.8660254037844390407 ) ) ;
#580 = AXIS2_PLACEMENT_3D ( 'NONE', #396, #3295, #281 ) ;
#581 = EDGE_CURVE ( 'NONE', #4247, #4463, #1126, .T. ) ;
#582 = ORIENTED_EDGE ( 'NONE', *, *, #2251, .F. ) ;
#583 = CARTESIAN_POINT ( 'NONE',  ( 25.53927577740996924, -1.733336949948512268E-29, 5.000000000000002665 ) ) ;
#584 = ORIENTED_EDGE ( 'NONE', *, *, #3961, .F. ) ;
#585 = ORIENTED_EDGE ( 'NONE', *, *, #2868, .F. ) ;
#586 = DIRECTION ( 'NONE',  ( 0.5735764363510462704, 0.8191520442889915765, 0.0000000000000000000 ) ) ;
#587 = CARTESIAN_POINT ( 'NONE',  ( -31.74999999999995737, 0.0000000000000000000, 0.0000000000000000000 ) ) ;
#588 = ADVANCED_FACE ( 'NONE', ( #1850 ), #3798, .F. ) ;
#589 = AXIS2_PLACEMENT_3D ( 'NONE', #4448, #427, #433 ) ;
#590 = EDGE_LOOP ( 'NONE', ( #2006, #1839, #1823 ) ) ;
#591 = VECTOR ( 'NONE', #3362, 1000.000000000000114 ) ;
#592 = DIRECTION ( 'NONE',  ( 0.0000000000000000000, -1.000000000000000000, 0.0000000000000000000 ) ) ;
#593 = ORIENTED_EDGE ( 'NONE', *, *, #4566, .T. ) ;
#594 = CARTESIAN_POINT ( 'NONE',  ( 26.99165672979092534, 6.123233995736598649E-16, -5.000000000000002665 ) ) ;
#595 = VERTEX_POINT ( 'NONE', #3820 ) ;
#596 = CONICAL_SURFACE ( 'NONE', #1997, 5.000000000000003553, 0.9599310885968808105 ) ;
#597 = AXIS2_PLACEMENT_3D ( 'NONE', #1234, #3976, #1092 ) ;
#598 = EDGE_LOOP ( 'NONE', ( #3774, #4687, #980, #2660, #523 ) ) ;
#599 = AXIS2_PLACEMENT_3D ( 'NONE', #1112, #608, #4777 ) ;
#600 = CIRCLE ( 'NONE', #3288, 5.000000000000002665 ) ;
#601 = DIRECTION ( 'NONE',  ( 1.000000000000000000, 1.224606353822377258E-16, 0.0000000000000000000 ) ) ;
#602 = VERTEX_POINT ( 'NONE', #1858 ) ;
#603 = DIRECTION ( 'NONE',  ( 0.0000000000000000000, -1.000000000000000000, 0.0000000000000000000 ) ) ;
#604 = FACE_OUTER_BOUND ( 'NONE', #3795, .T. ) ;
#605 = FACE_OUTER_BOUND ( 'NONE', #4776, .T. ) ;
#606 = FACE_OUTER_BOUND ( 'NONE', #1810, .T. ) ;
#607 = DIRECTION ( 'NONE',  ( 0.0000000000000000000, 1.000000000000000000, 0.0000000000000000000 ) ) ;
#608 = DIRECTION ( 'NONE',  ( -1.000000000000000000, -1.224606353822377258E-16, -0.0000000000000000000 ) ) ;
#609 = VERTEX_POINT ( 'NONE', #1908 ) ;
#610 = ORIENTED_EDGE ( 'NONE', *, *, #2477, .T. ) ;
#611 = ORIENTED_EDGE ( 'NONE', *, *, #899, .T. ) ;
#612 = DIRECTION ( 'NONE',  ( -1.000000000000000000, -1.224606353822377258E-16, -0.0000000000000000000 ) ) ;
#613 = ADVANCED_FACE ( 'NONE', ( #1400 ), #4303, .T. ) ;
#614 = DIRECTION ( 'NONE',  ( -1.000000000000000000, -1.224606353822377258E-16, -0.0000000000000000000 ) ) ;
#615 = DIRECTION ( 'NONE',  ( 0.0000000000000000000, -1.000000000000000000, 0.0000000000000000000 ) ) ;
#616 = ORIENTED_EDGE ( 'NONE', *, *, #2775, .T. ) ;
#617 = ORIENTED_EDGE ( 'NONE', *, *, #4684, .T. ) ;
#618 = VERTEX_POINT ( 'NONE', #2114 ) ;
#619 = AXIS2_PLACEMENT_3D ( 'NONE', #3985, #3995, #631 ) ;
#620 = ORIENTED_EDGE ( 'NONE', *, *, #2373, .T. ) ;
#621 = ORIENTED_EDGE ( 'NONE', *, *, #1338, .F. ) ;
#622 = CARTESIAN_POINT ( 'NONE',  ( 15.37260911074330494, 6.123233995736598649E-16, -5.000000000000002665 ) ) ;
#623 = DIRECTION ( 'NONE',  ( -1.000000000000000000, -1.224606353822377258E-16, -0.0000000000000000000 ) ) ;
#624 = EDGE_LOOP ( 'NONE', ( #95, #4489, #4475, #4301 ) ) ;
#625 = VECTOR ( 'NONE', #4116, 1000.000000000000114 ) ;
#626 = AXIS2_PLACEMENT_3D ( 'NONE', #178, #170, #161 ) ;
#627 = AXIS2_PLACEMENT_3D ( 'NONE', #1885, #1883, #1878 ) ;
#628 = VERTEX_POINT ( 'NONE', #2171 ) ;
#629 = VERTEX_POINT ( 'NONE', #2326 ) ;
#630 = CIRCLE ( 'NONE', #914, 4.172000000000002373 ) ;
#631 = DIRECTION ( 'NONE',  ( 0.0000000000000000000, -1.000000000000000000, 0.0000000000000000000 ) ) ;
#632 = CARTESIAN_POINT ( 'NONE',  ( 32.50834327020907466, 2.235490958484726972E-15, 0.0000000000000000000 ) ) ;
#633 = CARTESIAN_POINT ( 'NONE',  ( 13.92022815836235239, -5.000000000000000000, 0.0000000000000000000 ) ) ;
#634 = ORIENTED_EDGE ( 'NONE', *, *, #3640, .T. ) ;
#635 = CARTESIAN_POINT ( 'NONE',  ( 31.92857142857143060, 4.172000000000004150, 0.0000000000000000000 ) ) ;
#636 = AXIS2_PLACEMENT_3D ( 'NONE', #3802, #3810, #3835 ) ;
#637 = CARTESIAN_POINT ( 'NONE',  ( 35.70594244407664064, 2.093492502277374743E-15, 0.0000000000000000000 ) ) ;
#638 = AXIS2_PLACEMENT_3D ( 'NONE', #4078, #4069, #4045 ) ;
#639 = AXIS2_PLACEMENT_3D ( 'NONE', #3982, #3671, #3708 ) ;
#640 = VERTEX_POINT ( 'NONE', #3806 ) ;
#641 = EDGE_LOOP ( 'NONE', ( #4241, #4754, #837, #4009, #4760 ) ) ;
#642 = DIRECTION ( 'NONE',  ( -0.5735764363510515995, 0.8191520442889879128, 1.003171929053520063E-16 ) ) ;
#643 = DIRECTION ( 'NONE',  ( -1.000000000000000000, -1.224606353822377258E-16, -0.0000000000000000000 ) ) ;
#644 = ORIENTED_EDGE ( 'NONE', *, *, #2930, .T. ) ;
#645 = CIRCLE ( 'NONE', #4160, 5.000000000000003553 ) ;
#646 = AXIS2_PLACEMENT_3D ( 'NONE', #1262, #382, #1334 ) ;
#647 = VERTEX_POINT ( 'NONE', #2145 ) ;
#648 = AXIS2_PLACEMENT_3D ( 'NONE', #2505, #2401, #2490 ) ;
#649 = CARTESIAN_POINT ( 'NONE',  ( 23.79405755592335581, 5.000000000000006217, 0.0000000000000000000 ) ) ;
#650 = ORIENTED_EDGE ( 'NONE', *, *, #405, .F. ) ;
#651 = EDGE_LOOP ( 'NONE', ( #3168, #269, #4625, #94, #4618 ) ) ;
#652 = DIRECTION ( 'NONE',  ( -1.000000000000000000, -1.224606353822377258E-16, -0.0000000000000000000 ) ) ;
#653 = EDGE_CURVE ( 'NONE', #4463, #896, #1186, .T. ) ;
#654 = DIRECTION ( 'NONE',  ( 0.0000000000000000000, -1.000000000000000000, 0.0000000000000000000 ) ) ;
#655 = DIRECTION ( 'NONE',  ( 0.0000000000000000000, -1.000000000000000000, 0.0000000000000000000 ) ) ;
#656 = CARTESIAN_POINT ( 'NONE',  ( 28.15120041306621346, 5.000000000000005329, 0.0000000000000000000 ) ) ;
#657 = ORIENTED_EDGE ( 'NONE', *, *, #4003, .F. ) ;
#658 = DIRECTION ( 'NONE',  ( -1.000000000000000000, -1.224606353822377258E-16, -0.0000000000000000000 ) ) ;
#659 = CARTESIAN_POINT ( 'NONE',  ( 19.43691469878049816, -1.887411345499491136E-29, 5.000000000000004441 ) ) ;
#660 = CIRCLE ( 'NONE', #1590, 5.000000000000003553 ) ;
#661 = AXIS2_PLACEMENT_3D ( 'NONE', #3588, #1130, #480 ) ;
#662 = EDGE_LOOP ( 'NONE', ( #4147, #2753, #2760, #2771, #2787 ) ) ;
#663 = LINE ( 'NONE', #3363, #591 ) ;
#664 = ORIENTED_EDGE ( 'NONE', *, *, #3420, .F. ) ;
#665 = CIRCLE ( 'NONE', #4323, 5.000000000000003553 ) ;
#666 = ORIENTED_EDGE ( 'NONE', *, *, #2929, .T. ) ;
#667 = FACE_OUTER_BOUND ( 'NONE', #2569, .T. ) ;
#668 = DIRECTION ( 'NONE',  ( -1.000000000000000000, -0.0000000000000000000, -0.0000000000000000000 ) ) ;
#669 = CARTESIAN_POINT ( 'NONE',  ( 31.92857142857143060, 2.164491730381051252E-15, 0.0000000000000000000 ) ) ;
#670 = CONICAL_SURFACE ( 'NONE', #922, 4.172000000000002373, 0.9599310885968747042 ) ;
#671 = ORIENTED_EDGE ( 'NONE', *, *, #2750, .T. ) ;
#672 = DIRECTION ( 'NONE',  ( 0.0000000000000000000, -1.000000000000000000, 0.0000000000000000000 ) ) ;
#673 = AXIS2_PLACEMENT_3D ( 'NONE', #2276, #2273, #2270 ) ;
#674 = EDGE_CURVE ( 'NONE', #4270, #896, #1824, .T. ) ;
#675 = AXIS2_PLACEMENT_3D ( 'NONE', #2939, #1307, #1319 ) ;
#676 = ORIENTED_EDGE ( 'NONE', *, *, #2284, .T. ) ;
#677 = FACE_OUTER_BOUND ( 'NONE', #944, .T. ) ;
#678 = VERTEX_POINT ( 'NONE', #2304 ) ;
#679 = ORIENTED_EDGE ( 'NONE', *, *, #3967, .T. ) ;
#680 = AXIS2_PLACEMENT_3D ( 'NONE', #2412, #2407, #2399 ) ;
#681 = AXIS2_PLACEMENT_3D ( 'NONE', #3560, #3568, #3580 ) ;
#682 = CARTESIAN_POINT ( 'NONE',  ( -31.74999999999995737, 0.0000000000000000000, 0.0000000000000000000 ) ) ;
#683 = ORIENTED_EDGE ( 'NONE', *, *, #2713, .F. ) ;
#684 = DIRECTION ( 'NONE',  ( 0.0000000000000000000, -1.000000000000000000, 0.0000000000000000000 ) ) ;
#685 = VECTOR ( 'NONE', #4555, 1000.000000000000000 ) ;
#686 = FACE_OUTER_BOUND ( 'NONE', #4135, .T. ) ;
#687 = ORIENTED_EDGE ( 'NONE', *, *, #2285, .T. ) ;
#688 = CIRCLE ( 'NONE', #1671, 5.000000000000002665 ) ;
#689 = AXIS2_PLACEMENT_3D ( 'NONE', #2358, #2289, #2354 ) ;
#690 = ADVANCED_FACE ( 'NONE', ( #517 ), #3266, .T. ) ;
#691 = CARTESIAN_POINT ( 'NONE',  ( 0.0000000000000000000, -2.342598717236908268, 4.057500000000003659 ) ) ;
#692 = ORIENTED_EDGE ( 'NONE', *, *, #4204, .T. ) ;
#693 = EDGE_LOOP ( 'NONE', ( #4106, #4459, #4297, #4774, #4568, #4097 ) ) ;
#694 = ORIENTED_EDGE ( 'NONE', *, *, #730, .F. ) ;
#695 = DIRECTION ( 'NONE',  ( 0.0000000000000000000, -1.000000000000000000, 0.0000000000000000000 ) ) ;
#696 = CARTESIAN_POINT ( 'NONE',  ( 24.08689482502902024, 5.000000000000005329, 6.123233995736770227E-16 ) ) ;
#697 = DIRECTION ( 'NONE',  ( -1.000000000000000000, -1.224606353822377258E-16, -0.0000000000000000000 ) ) ;
#698 = DIRECTION ( 'NONE',  ( -0.5735764363510515995, 0.8191520442889879128, 1.003171929053520063E-16 ) ) ;
#699 = ORIENTED_EDGE ( 'NONE', *, *, #2950, .T. ) ;
#700 = ORIENTED_EDGE ( 'NONE', *, *, #4260, .T. ) ;
#701 = LINE ( 'NONE', #3483, #3193 ) ;
#702 = CARTESIAN_POINT ( 'NONE',  ( 23.79405755592335581, 2.235490958484726972E-15, 0.0000000000000000000 ) ) ;
#703 = CARTESIAN_POINT ( 'NONE',  ( 20.30952380952381375, 2.164491730381051252E-15, 0.0000000000000000000 ) ) ;
#704 = ORIENTED_EDGE ( 'NONE', *, *, #1614, .T. ) ;
#705 = VERTEX_POINT ( 'NONE', #1240 ) ;
#706 = AXIS2_PLACEMENT_3D ( 'NONE', #2306, #2313, #2250 ) ;
#707 = EDGE_LOOP ( 'NONE', ( #365, #3975, #1210, #766, #920, #525 ) ) ;
#708 = ORIENTED_EDGE ( 'NONE', *, *, #4566, .F. ) ;
#709 = CARTESIAN_POINT ( 'NONE',  ( 35.41310517497097266, -5.000000000000001776, 6.123233995736772199E-16 ) ) ;
#710 = CARTESIAN_POINT ( 'NONE',  ( 22.34167660354240326, -5.000000000000001776, 6.123233995736772199E-16 ) ) ;
#711 = LINE ( 'NONE', #2725, #846 ) ;
#712 = DIRECTION ( 'NONE',  ( 0.0000000000000000000, -1.110768649713240727E-15, -1.000000000000000000 ) ) ;
#713 = DIRECTION ( 'NONE',  ( 0.0000000000000000000, -1.000000000000000000, 0.0000000000000000000 ) ) ;
#714 = ORIENTED_EDGE ( 'NONE', *, *, #4466, .F. ) ;
#715 = EDGE_LOOP ( 'NONE', ( #890, #729, #1009, #1473, #194, #336 ) ) ;
#716 = CARTESIAN_POINT ( 'NONE',  ( 44.12739088925669506, 2.235490958484726972E-15, 0.0000000000000000000 ) ) ;
#717 = CARTESIAN_POINT ( 'NONE',  ( 18.27737101550521004, 2.093492502277374743E-15, 0.0000000000000000000 ) ) ;
#718 = AXIS2_PLACEMENT_3D ( 'NONE', #2107, #2076, #2193 ) ;
#719 = ORIENTED_EDGE ( 'NONE', *, *, #4177, .F. ) ;
#720 = ORIENTED_EDGE ( 'NONE', *, *, #3962, .F. ) ;
#721 = ORIENTED_EDGE ( 'NONE', *, *, #3048, .T. ) ;
#722 = CARTESIAN_POINT ( 'NONE',  ( 15.07977184163764228, 5.000000000000005329, 0.0000000000000000000 ) ) ;
#723 = DIRECTION ( 'NONE',  ( 0.0000000000000000000, -1.000000000000000000, 0.0000000000000000000 ) ) ;
#724 = EDGE_CURVE ( 'NONE', #1360, #4270, #788, .T. ) ;
#725 = DIRECTION ( 'NONE',  ( 1.000000000000000000, 0.0000000000000000000, 0.0000000000000000000 ) ) ;
#726 = DIRECTION ( 'NONE',  ( -1.000000000000000000, -1.224606353822377258E-16, -0.0000000000000000000 ) ) ;
#727 = VERTEX_POINT ( 'NONE', #4244 ) ;
#728 = CONICAL_SURFACE ( 'NONE', #2472, 4.172000000000002373, 0.9599310885968747042 ) ;
#729 = ORIENTED_EDGE ( 'NONE', *, *, #4175, .T. ) ;
#730 = EDGE_CURVE ( 'NONE', #764, #321, #688, .T. ) ;
#731 = AXIS2_PLACEMENT_3D ( 'NONE', #2257, #2259, #2288 ) ;
#732 = DIRECTION ( 'NONE',  ( -0.0000000000000000000, -1.000000000000000000, 1.110768649713240727E-15 ) ) ;
#733 = ORIENTED_EDGE ( 'NONE', *, *, #3211, .F. ) ;
#734 = CARTESIAN_POINT ( 'NONE',  ( 31.34879958693378299, 2.093492502277374743E-15, 0.0000000000000000000 ) ) ;
#735 = EDGE_CURVE ( 'NONE', #4524, #1028, #460, .T. ) ;
#736 = VECTOR ( 'NONE', #4375, 1000.000000000000000 ) ;
#737 = CYLINDRICAL_SURFACE ( 'NONE', #4651, 4.999999999999961808 ) ;
#738 = VERTEX_POINT ( 'NONE', #622 ) ;
#739 = CARTESIAN_POINT ( 'NONE',  ( 19.72975196788616259, -1.733336949948512268E-29, 5.000000000000002665 ) ) ;
#740 = SURFACE_SIDE_STYLE ('',( #1070 ) ) ;
#741 = CARTESIAN_POINT ( 'NONE',  ( 0.0000000000000000000, 2.342598717236898942, -4.057500000000005436 ) ) ;
#742 = CONICAL_SURFACE ( 'NONE', #945, 5.000000000000003553, 0.9599310885968808105 ) ;
#743 = FACE_OUTER_BOUND ( 'NONE', #3327, .T. ) ;
#744 = CYLINDRICAL_SURFACE ( 'NONE', #854, 4.999999999999961808 ) ;
#745 = AXIS2_PLACEMENT_3D ( 'NONE', #502, #500, #496 ) ;
#746 = AXIS2_PLACEMENT_3D ( 'NONE', #2009, #1924, #2012 ) ;
#747 = AXIS2_PLACEMENT_3D ( 'NONE', #2042, #2018, #2034 ) ;
#748 = LINE ( 'NONE', #4551, #544 ) ;
#749 = ORIENTED_EDGE ( 'NONE', *, *, #3264, .T. ) ;
#750 = EDGE_LOOP ( 'NONE', ( #499, #3161, #621, #4282, #3349 ) ) ;
#751 = CARTESIAN_POINT ( 'NONE',  ( 18.27737101550521004, 2.093492502277374743E-15, 0.0000000000000000000 ) ) ;
#752 = VERTEX_POINT ( 'NONE', #4261 ) ;
#753 = VECTOR ( 'NONE', #479, 1000.000000000000114 ) ;
#754 = AXIS2_PLACEMENT_3D ( 'NONE', #2055, #2075, #1967 ) ;
#755 = CARTESIAN_POINT ( 'NONE',  ( 45.00000000000000000, 0.0000000000000000000, 4.171999999999999709 ) ) ;
#756 = CARTESIAN_POINT ( 'NONE',  ( 10.00000000000000000, 8.000000000000000000, 0.0000000000000000000 ) ) ;
#757 = CARTESIAN_POINT ( 'NONE',  ( 37.15832339645758964, 2.093492502277374743E-15, 0.0000000000000000000 ) ) ;
#758 = CARTESIAN_POINT ( 'NONE',  ( 45.00000000000000000, 0.0000000000000000000, 4.171999999999999709 ) ) ;
#759 = ORIENTED_EDGE ( 'NONE', *, *, #4466, .T. ) ;
#760 = ORIENTED_EDGE ( 'NONE', *, *, #4105, .F. ) ;
#761 = ORIENTED_EDGE ( 'NONE', *, *, #879, .F. ) ;
#762 = ORIENTED_EDGE ( 'NONE', *, *, #4010, .T. ) ;
#763 = ORIENTED_EDGE ( 'NONE', *, *, #3893, .F. ) ;
#764 = VERTEX_POINT ( 'NONE', #501 ) ;
#765 = CARTESIAN_POINT ( 'NONE',  ( 43.54761904761905100, 4.172000000000004150, 5.109226446042759579E-16 ) ) ;
#766 = ORIENTED_EDGE ( 'NONE', *, *, #322, .T. ) ;
#767 = EDGE_CURVE ( 'NONE', #4247, #1360, #158, .T. ) ;
#768 = AXIS2_PLACEMENT_3D ( 'NONE', #1225, #3175, #1204 ) ;
#769 =( GEOMETRIC_REPRESENTATION_CONTEXT ( 3 ) GLOBAL_UNCERTAINTY_ASSIGNED_CONTEXT ( ( #1405 ) ) GLOBAL_UNIT_ASSIGNED_CONTEXT ( ( #2000, #2001, #2004 ) ) REPRESENTATION_CONTEXT ( 'NONE', 'WORKASPACE' ) );
#770 = ADVANCED_FACE ( 'NONE', ( #822 ), #2949, .T. ) ;
#771 = ORIENTED_EDGE ( 'NONE', *, *, #1134, .F. ) ;
#772 = CARTESIAN_POINT ( 'NONE',  ( 37.73809523809524080, 2.164491730381051252E-15, 0.0000000000000000000 ) ) ;
#773 = VERTEX_POINT ( 'NONE', #352 ) ;
#774 = ORIENTED_EDGE ( 'NONE', *, *, #2299, .F. ) ;
#775 = VERTEX_POINT ( 'NONE', #2081 ) ;
#776 =( NAMED_UNIT ( * ) PLANE_ANGLE_UNIT ( ) SI_UNIT ( $, .RADIAN. ) );
#777 = VECTOR ( 'NONE', #57, 1000.000000000000000 ) ;
#778 = DIRECTION ( 'NONE',  ( 0.0000000000000000000, -1.000000000000000000, 0.0000000000000000000 ) ) ;
#779 = CARTESIAN_POINT ( 'NONE',  ( 0.0000000000000000000, 4.685197434473813871, -6.505213034913026604E-15 ) ) ;
#780 = VERTEX_POINT ( 'NONE', #2348 ) ;
#781 = DIRECTION ( 'NONE',  ( -1.000000000000000000, -1.224606353822377258E-16, -0.0000000000000000000 ) ) ;
#782 = CARTESIAN_POINT ( 'NONE',  ( 33.38095238095237960, 4.172000000000004150, 5.109226446042759579E-16 ) ) ;
#783 = ORIENTED_EDGE ( 'NONE', *, *, #4439, .F. ) ;
#784 = CARTESIAN_POINT ( 'NONE',  ( 31.05596231782811856, 2.235490958484726972E-15, 0.0000000000000000000 ) ) ;
#785 = ORIENTED_EDGE ( 'NONE', *, *, #2751, .T. ) ;
#786 = DIRECTION ( 'NONE',  ( -1.000000000000000000, -0.0000000000000000000, -0.0000000000000000000 ) ) ;
#787 = VERTEX_POINT ( 'NONE', #2051 ) ;
#788 = CIRCLE ( 'NONE', #1670, 5.000000000000002665 ) ;
#789 = CARTESIAN_POINT ( 'NONE',  ( 19.43691469878049816, 6.123233995736582872E-16, -5.000000000000004441 ) ) ;
#790 = CIRCLE ( 'NONE', #1596, 5.000000000000003553 ) ;
#791 = MECHANICAL_DESIGN_GEOMETRIC_PRESENTATION_REPRESENTATION (  '', ( #803 ), #769 ) ;
#792 = ORIENTED_EDGE ( 'NONE', *, *, #843, .T. ) ;
#793 = CIRCLE ( 'NONE', #3954, 4.172000000000002373 ) ;
#794 = CARTESIAN_POINT ( 'NONE',  ( 40.06308530121949474, -5.000000000000000000, 0.0000000000000000000 ) ) ;
#795 = LINE ( 'NONE', #3204, #3725 ) ;
#796 = DIRECTION ( 'NONE',  ( 0.0000000000000000000, -1.000000000000000000, 0.0000000000000000000 ) ) ;
#797 = ADVANCED_FACE ( 'NONE', ( #743 ), #992, .T. ) ;
#798 = CARTESIAN_POINT ( 'NONE',  ( 41.22262898449478286, 6.123233995736573011E-16, -5.000000000000004441 ) ) ;
#799 = CIRCLE ( 'NONE', #2269, 5.000000000000002665 ) ;
#800 = VERTEX_POINT ( 'NONE', #2063 ) ;
#801 = PRESENTATION_LAYER_ASSIGNMENT (  '', '', ( #1216 ) ) ;
#802 = PRESENTATION_LAYER_ASSIGNMENT (  '', '', ( #803 ) ) ;
#803 = STYLED_ITEM ( 'NONE', ( #43 ), #2184 ) ;
#804 = ORIENTED_EDGE ( 'NONE', *, *, #4225, .F. ) ;
#805 = DIRECTION ( 'NONE',  ( -1.000000000000000000, -0.0000000000000000000, -0.0000000000000000000 ) ) ;
#806 = CIRCLE ( 'NONE', #2309, 5.000000000000003553 ) ;
#807 = DIRECTION ( 'NONE',  ( -1.000000000000000000, -1.224606353822377258E-16, -0.0000000000000000000 ) ) ;
#808 = DIRECTION ( 'NONE',  ( -1.000000000000000000, -1.224606353822377258E-16, -0.0000000000000000000 ) ) ;
#809 = LINE ( 'NONE', #1345, #103 ) ;
#810 = ORIENTED_EDGE ( 'NONE', *, *, #3458, .F. ) ;
#811 = CARTESIAN_POINT ( 'NONE',  ( 34.83333333333333570, 2.164491730381051252E-15, 0.0000000000000000000 ) ) ;
#812 = CARTESIAN_POINT ( 'NONE',  ( 5.000000000000000000, 0.0000000000000000000, 0.0000000000000000000 ) ) ;
#813 = CARTESIAN_POINT ( 'NONE',  ( 44.12739088925669506, -5.000000000000000888, 6.123233995736771213E-16 ) ) ;
#814 = AXIS2_PLACEMENT_3D ( 'NONE', #1499, #2117, #2014 ) ;
#815 = EDGE_LOOP ( 'NONE', ( #1113, #692, #566, #838, #156, #3284 ) ) ;
#816 = ORIENTED_EDGE ( 'NONE', *, *, #4643, .T. ) ;
#817 = CONICAL_SURFACE ( 'NONE', #363, 5.000000000000003553, 0.9599310885968808105 ) ;
#818 = DIRECTION ( 'NONE',  ( -0.5735764363510515995, 0.8191520442889879128, 1.003171929053520063E-16 ) ) ;
#819 = CARTESIAN_POINT ( 'NONE',  ( -31.74999999999995737, 0.0000000000000000000, 4.999999999999961808 ) ) ;
#820 = CARTESIAN_POINT ( 'NONE',  ( 24.66666666666667140, -4.172000000000000597, 5.616230220889765396E-16 ) ) ;
#821 = AXIS2_PLACEMENT_3D ( 'NONE', #1655, #1851, #1867 ) ;
#822 = FACE_OUTER_BOUND ( 'NONE', #4738, .T. ) ;
#823 = DIRECTION ( 'NONE',  ( 1.000000000000000000, 1.224606353822377258E-16, 0.0000000000000000000 ) ) ;
#824 = CARTESIAN_POINT ( 'NONE',  ( 19.43691469878049816, 5.000000000000005329, 0.0000000000000000000 ) ) ;
#825 = VERTEX_POINT ( 'NONE', #2098 ) ;
#826 = ORIENTED_EDGE ( 'NONE', *, *, #4751, .T. ) ;
#827 = ADVANCED_FACE ( 'NONE', ( #117 ), #172, .T. ) ;
#828 = ORIENTED_EDGE ( 'NONE', *, *, #1203, .F. ) ;
#829 = ORIENTED_EDGE ( 'NONE', *, *, #3330, .T. ) ;
#830 = LINE ( 'NONE', #3770, #2439 ) ;
#831 = EDGE_CURVE ( 'NONE', #4247, #4556, #4745, .T. ) ;
#832 = ADVANCED_FACE ( 'NONE', ( #3981 ), #125, .T. ) ;
#833 = AXIS2_PLACEMENT_3D ( 'NONE', #1773, #1719, #1838 ) ;
#834 = ORIENTED_EDGE ( 'NONE', *, *, #2302, .F. ) ;
#835 = ORIENTED_EDGE ( 'NONE', *, *, #4439, .T. ) ;
#836 = DIRECTION ( 'NONE',  ( -1.000000000000000000, -1.224606353822377258E-16, -0.0000000000000000000 ) ) ;
#837 = ORIENTED_EDGE ( 'NONE', *, *, #3653, .T. ) ;
#838 = ORIENTED_EDGE ( 'NONE', *, *, #3312, .F. ) ;
#839 = CARTESIAN_POINT ( 'NONE',  ( 36.28571428571429180, 2.164491730381051252E-15, 0.0000000000000000000 ) ) ;
#840 = AXIS2_PLACEMENT_3D ( 'NONE', #1901, #1884, #1910 ) ;
#841 = AXIS2_PLACEMENT_3D ( 'NONE', #1944, #1895, #1935 ) ;
#842 = DIRECTION ( 'NONE',  ( -1.000000000000000000, -0.0000000000000000000, -0.0000000000000000000 ) ) ;
#843 = EDGE_CURVE ( 'NONE', #4556, #375, #790, .T. ) ;
#844 = AXIS2_PLACEMENT_3D ( 'NONE', #1749, #1711, #1722 ) ;
#845 = ORIENTED_EDGE ( 'NONE', *, *, #2292, .F. ) ;
#846 = VECTOR ( 'NONE', #1631, 1000.000000000000000 ) ;
#847 = ORIENTED_EDGE ( 'NONE', *, *, #2608, .F. ) ;
#848 =( LENGTH_UNIT ( ) NAMED_UNIT ( * ) SI_UNIT ( .MILLI., .METRE. ) );
#849 = DIRECTION ( 'NONE',  ( 0.5735764363510466035, -0.8191520442889914655, 1.003171929053524500E-16 ) ) ;
#850 = DIRECTION ( 'NONE',  ( -1.000000000000000000, -0.0000000000000000000, -0.0000000000000000000 ) ) ;
#851 = CARTESIAN_POINT ( 'NONE',  ( 40.06308530121949474, 2.093492502277374743E-15, 0.0000000000000000000 ) ) ;
#852 = EDGE_LOOP ( 'NONE', ( #2777, #3713, #1335, #2149, #4129 ) ) ;
#853 = ORIENTED_EDGE ( 'NONE', *, *, #2440, .T. ) ;
#854 = AXIS2_PLACEMENT_3D ( 'NONE', #1648, #1612, #1638 ) ;
#855 = AXIS2_PLACEMENT_3D ( 'NONE', #1636, #1662, #1674 ) ;
#856 = CARTESIAN_POINT ( 'NONE',  ( 10.40000000000000036, 0.0000000000000000000, 0.0000000000000000000 ) ) ;
#857 = DIRECTION ( 'NONE',  ( -1.000000000000000000, -1.224606353822377258E-16, -0.0000000000000000000 ) ) ;
#858 = CARTESIAN_POINT ( 'NONE',  ( 39.19047619047618980, 2.164491730381051252E-15, 0.0000000000000000000 ) ) ;
#859 = ORIENTED_EDGE ( 'NONE', *, *, #2388, .F. ) ;
#860 = ORIENTED_EDGE ( 'NONE', *, *, #581, .F. ) ;
#861 = ORIENTED_EDGE ( 'NONE', *, *, #4560, .T. ) ;
#862 = DIRECTION ( 'NONE',  ( 0.0000000000000000000, 0.0000000000000000000, 1.000000000000000000 ) ) ;
#863 = DIRECTION ( 'NONE',  ( 0.0000000000000000000, -1.000000000000000000, 0.0000000000000000000 ) ) ;
#864 = CARTESIAN_POINT ( 'NONE',  ( 13.92022815836235239, -1.694818351060767551E-29, 5.000000000000002665 ) ) ;
#865 = AXIS2_PLACEMENT_3D ( 'NONE', #1676, #1692, #1667 ) ;
#866 = DIRECTION ( 'NONE',  ( -1.000000000000000000, -0.0000000000000000000, -0.0000000000000000000 ) ) ;
#867 = CARTESIAN_POINT ( 'NONE',  ( 44.12739088925669506, -5.000000000000001776, 6.123233995736772199E-16 ) ) ;
#868 = LINE ( 'NONE', #3480, #1685 ) ;
#869 = CARTESIAN_POINT ( 'NONE',  ( 27.57142857142857295, 4.172000000000004150, 0.0000000000000000000 ) ) ;
#870 = CARTESIAN_POINT ( 'NONE',  ( -31.74999999999995737, 0.0000000000000000000, 0.0000000000000000000 ) ) ;
#871 = ORIENTED_EDGE ( 'NONE', *, *, #4376, .F. ) ;
#872 = CARTESIAN_POINT ( 'NONE',  ( 23.79405755592335581, -5.000000000000000888, 6.123233995736771213E-16 ) ) ;
#873 = ORIENTED_EDGE ( 'NONE', *, *, #4307, .T. ) ;
#874 = ORIENTED_EDGE ( 'NONE', *, *, #2850, .T. ) ;
#875 = CIRCLE ( 'NONE', #73, 5.000000000000002665 ) ;
#876 = DIRECTION ( 'NONE',  ( -0.5735764363510513775, -0.8191520442889881348, 0.0000000000000000000 ) ) ;
#877 = CONICAL_SURFACE ( 'NONE', #939, 4.172000000000002373, 0.9599310885968747042 ) ;
#878 = ORIENTED_EDGE ( 'NONE', *, *, #3164, .F. ) ;
#879 = EDGE_CURVE ( 'NONE', #4463, #977, #1672, .T. ) ;
#880 = CONICAL_SURFACE ( 'NONE', #648, 4.172000000000002373, 0.9599310885968747042 ) ;
#881 = CARTESIAN_POINT ( 'NONE',  ( -31.74999999999995737, 0.0000000000000000000, 4.999999999999961808 ) ) ;
#882 = ORIENTED_EDGE ( 'NONE', *, *, #4105, .T. ) ;
#883 = FACE_OUTER_BOUND ( 'NONE', #3247, .T. ) ;
#884 = DIRECTION ( 'NONE',  ( 1.000000000000000000, 0.0000000000000000000, 0.0000000000000000000 ) ) ;
#885 = VERTEX_POINT ( 'NONE', #3475 ) ;
#886 = LINE ( 'NONE', #4522, #685 ) ;
#887 = ADVANCED_FACE ( 'NONE', ( #240 ), #3459, .F. ) ;
#888 = DIRECTION ( 'NONE',  ( -0.5735764363510513775, -0.8191520442889881348, 0.0000000000000000000 ) ) ;
#889 = LINE ( 'NONE', #1893, #3297 ) ;
#890 = ORIENTED_EDGE ( 'NONE', *, *, #2599, .F. ) ;
#891 = EDGE_CURVE ( 'NONE', #2703, #3098, #511, .T. ) ;
#892 = LINE ( 'NONE', #4645, #946 ) ;
#893 = ORIENTED_EDGE ( 'NONE', *, *, #3719, .T. ) ;
#894 = CARTESIAN_POINT ( 'NONE',  ( 21.76190476190476275, 4.172000000000004150, 5.109226446042759579E-16 ) ) ;
#895 = VERTEX_POINT ( 'NONE', #3436 ) ;
#896 = VERTEX_POINT ( 'NONE', #3351 ) ;
#897 = DIRECTION ( 'NONE',  ( 0.0000000000000000000, 0.0000000000000000000, -1.000000000000000000 ) ) ;
#898 = DIRECTION ( 'NONE',  ( 0.0000000000000000000, -1.000000000000000000, 0.0000000000000000000 ) ) ;
#899 = EDGE_CURVE ( 'NONE', #111, #3844, #3833, .T. ) ;
#900 = VECTOR ( 'NONE', #2318, 1000.000000000000000 ) ;
#901 = EDGE_LOOP ( 'NONE', ( #1633, #3663, #3621, #2795, #505 ) ) ;
#902 = VERTEX_POINT ( 'NONE', #3401 ) ;
#903 = EDGE_LOOP ( 'NONE', ( #4772, #4432, #1244, #1466 ) ) ;
#904 = DIRECTION ( 'NONE',  ( -1.000000000000000000, -1.224606353822377258E-16, -0.0000000000000000000 ) ) ;
#905 = DIRECTION ( 'NONE',  ( 0.0000000000000000000, -1.000000000000000000, 0.0000000000000000000 ) ) ;
#906 = ORIENTED_EDGE ( 'NONE', *, *, #4461, .F. ) ;
#907 = ORIENTED_EDGE ( 'NONE', *, *, #1604, .F. ) ;
#908 = CARTESIAN_POINT ( 'NONE',  ( 35.70594244407664064, 2.093492502277374743E-15, 0.0000000000000000000 ) ) ;
#909 = DIRECTION ( 'NONE',  ( 0.0000000000000000000, 0.0000000000000000000, 1.000000000000000000 ) ) ;
#910 = ORIENTED_EDGE ( 'NONE', *, *, #3834, .T. ) ;
#911 = ORIENTED_EDGE ( 'NONE', *, *, #97, .F. ) ;
#912 = CARTESIAN_POINT ( 'NONE',  ( 26.11904761904761685, 2.164491730381051252E-15, 0.0000000000000000000 ) ) ;
#913 = VERTEX_POINT ( 'NONE', #3383 ) ;
#914 = AXIS2_PLACEMENT_3D ( 'NONE', #3635, #3630, #3626 ) ;
#915 = DIRECTION ( 'NONE',  ( -1.000000000000000000, -1.224606353822377258E-16, -0.0000000000000000000 ) ) ;
#916 = EDGE_CURVE ( 'NONE', #111, #1163, #34, .T. ) ;
#917 = ORIENTED_EDGE ( 'NONE', *, *, #2802, .F. ) ;
#918 = ORIENTED_EDGE ( 'NONE', *, *, #2242, .F. ) ;
#919 = CARTESIAN_POINT ( 'NONE',  ( 23.21428571428571530, -4.172000000000000597, 0.0000000000000000000 ) ) ;
#920 = ORIENTED_EDGE ( 'NONE', *, *, #428, .F. ) ;
#921 = CARTESIAN_POINT ( 'NONE',  ( 42.96784720598139984, 2.093492502277374743E-15, 0.0000000000000000000 ) ) ;
#922 = AXIS2_PLACEMENT_3D ( 'NONE', #3191, #1600, #1563 ) ;
#923 = ORIENTED_EDGE ( 'NONE', *, *, #2315, .T. ) ;
#924 = DIRECTION ( 'NONE',  ( -1.000000000000000000, -0.0000000000000000000, -0.0000000000000000000 ) ) ;
#925 = ORIENTED_EDGE ( 'NONE', *, *, #167, .F. ) ;
#926 = DIRECTION ( 'NONE',  ( 0.0000000000000000000, -1.000000000000000000, 0.0000000000000000000 ) ) ;
#927 = VERTEX_POINT ( 'NONE', #960 ) ;
#928 = EDGE_CURVE ( 'NONE', #1163, #4443, #1249, .T. ) ;
#929 = AXIS2_PLACEMENT_3D ( 'NONE', #3240, #3285, #3496 ) ;
#930 = DIRECTION ( 'NONE',  ( -1.000000000000000000, -1.224606353822377258E-16, -0.0000000000000000000 ) ) ;
#931 = ORIENTED_EDGE ( 'NONE', *, *, #3313, .F. ) ;
#932 = CIRCLE ( 'NONE', #2837, 4.172000000000002373 ) ;
#933 = ORIENTED_EDGE ( 'NONE', *, *, #3863, .T. ) ;
#934 = CARTESIAN_POINT ( 'NONE',  ( 31.05596231782811856, 2.235490958484726972E-15, 0.0000000000000000000 ) ) ;
#935 = ORIENTED_EDGE ( 'NONE', *, *, #4381, .T. ) ;
#936 = FACE_OUTER_BOUND ( 'NONE', #1465, .T. ) ;
#937 = ORIENTED_EDGE ( 'NONE', *, *, #2700, .T. ) ;
#938 = CARTESIAN_POINT ( 'NONE',  ( 19.43691469878049816, 5.000000000000006217, 0.0000000000000000000 ) ) ;
#939 = AXIS2_PLACEMENT_3D ( 'NONE', #3453, #3348, #3531 ) ;
#940 = ADVANCED_FACE ( 'NONE', ( #1394 ), #2137, .T. ) ;
#941 = ORIENTED_EDGE ( 'NONE', *, *, #2520, .F. ) ;
#942 = FACE_OUTER_BOUND ( 'NONE', #997, .T. ) ;
#943 = CARTESIAN_POINT ( 'NONE',  ( 5.000000000000000000, 0.0000000000000000000, 0.0000000000000000000 ) ) ;
#944 = EDGE_LOOP ( 'NONE', ( #4170, #4577, #882, #2669, #2647 ) ) ;
#945 = AXIS2_PLACEMENT_3D ( 'NONE', #1529, #1539, #1495 ) ;
#946 = VECTOR ( 'NONE', #4615, 1000.000000000000000 ) ;
#947 = AXIS2_PLACEMENT_3D ( 'NONE', #3249, #3259, #3262 ) ;
#948 = CARTESIAN_POINT ( 'NONE',  ( -31.74999999999995737, 6.123233995736719937E-16, -4.999999999999961808 ) ) ;
#949 = VECTOR ( 'NONE', #4557, 1000.000000000000114 ) ;
#950 = ORIENTED_EDGE ( 'NONE', *, *, #2742, .F. ) ;
#951 = DIRECTION ( 'NONE',  ( 0.0000000000000000000, 0.0000000000000000000, 1.000000000000000000 ) ) ;
#952 = AXIS2_PLACEMENT_3D ( 'NONE', #3022, #3037, #3049 ) ;
#953 = AXIS2_PLACEMENT_3D ( 'NONE', #1584, #1569, #1589 ) ;
#954 = ORIENTED_EDGE ( 'NONE', *, *, #1393, .T. ) ;
#955 = ORIENTED_EDGE ( 'NONE', *, *, #3482, .F. ) ;
#956 = VERTEX_POINT ( 'NONE', #798 ) ;
#957 = CONICAL_SURFACE ( 'NONE', #3128, 4.172000000000002373, 0.9599310885968747042 ) ;
#958 = CARTESIAN_POINT ( 'NONE',  ( 22.63451387264806769, -5.000000000000000000, 0.0000000000000000000 ) ) ;
#959 = VERTEX_POINT ( 'NONE', #3888 ) ;
#960 = CARTESIAN_POINT ( 'NONE',  ( 18.27737101550521004, -1.733336949948512268E-29, 5.000000000000002665 ) ) ;
#961 = CARTESIAN_POINT ( 'NONE',  ( 43.54761904761905100, -4.172000000000000597, 5.616230220889765396E-16 ) ) ;
#962 = AXIS2_PLACEMENT_3D ( 'NONE', #280, #264, #189 ) ;
#963 = ORIENTED_EDGE ( 'NONE', *, *, #2440, .F. ) ;
#964 = ORIENTED_EDGE ( 'NONE', *, *, #2909, .T. ) ;
#965 = EDGE_LOOP ( 'NONE', ( #1122, #1168, #1206, #1211, #1278 ) ) ;
#966 = ORIENTED_EDGE ( 'NONE', *, *, #2457, .T. ) ;
#967 = ORIENTED_EDGE ( 'NONE', *, *, #4175, .F. ) ;
#968 = AXIS2_PLACEMENT_3D ( 'NONE', #3167, #3176, #3159 ) ;
#969 = DIRECTION ( 'NONE',  ( -1.000000000000000000, -1.224606353822377258E-16, -0.0000000000000000000 ) ) ;
#970 = ORIENTED_EDGE ( 'NONE', *, *, #2426, .F. ) ;
#971 = ORIENTED_EDGE ( 'NONE', *, *, #2493, .F. ) ;
#972 = CARTESIAN_POINT ( 'NONE',  ( -31.74999999999995737, 6.123233995736719937E-16, -4.999999999999961808 ) ) ;
#973 = DIRECTION ( 'NONE',  ( 0.0000000000000000000, -1.000000000000000000, 0.0000000000000000000 ) ) ;
#974 = AXIS2_PLACEMENT_3D ( 'NONE', #3041, #3056, #2975 ) ;
#975 = ORIENTED_EDGE ( 'NONE', *, *, #2349, .F. ) ;
#976 = ORIENTED_EDGE ( 'NONE', *, *, #4178, .T. ) ;
#977 = VERTEX_POINT ( 'NONE', #722 ) ;
#978 = DIRECTION ( 'NONE',  ( -1.000000000000000000, -1.224606353822377258E-16, -0.0000000000000000000 ) ) ;
#979 = DIRECTION ( 'NONE',  ( 0.0000000000000000000, -1.000000000000000000, 0.0000000000000000000 ) ) ;
#980 = ORIENTED_EDGE ( 'NONE', *, *, #2464, .T. ) ;
#981 = ADVANCED_FACE ( 'NONE', ( #30 ), #3344, .F. ) ;
#982 = CARTESIAN_POINT ( 'NONE',  ( 0.0000000000000000000, 4.685197434473813871, -6.505213034913026604E-15 ) ) ;
#983 = DIRECTION ( 'NONE',  ( 0.0000000000000000000, -1.000000000000000000, 0.0000000000000000000 ) ) ;
#984 = ORIENTED_EDGE ( 'NONE', *, *, #2315, .F. ) ;
#985 = CARTESIAN_POINT ( 'NONE',  ( 30.47619047619047450, 2.164491730381051252E-15, 0.0000000000000000000 ) ) ;
#986 = DIRECTION ( 'NONE',  ( -1.000000000000000000, -1.224606353822377258E-16, -0.0000000000000000000 ) ) ;
#987 = LINE ( 'NONE', #3652, #1624 ) ;
#988 = EDGE_CURVE ( 'NONE', #4443, #1554, #1114, .T. ) ;
#989 = ORIENTED_EDGE ( 'NONE', *, *, #2341, .F. ) ;
#990 = CARTESIAN_POINT ( 'NONE',  ( 32.80118053931472843, -5.000000000000000000, 0.0000000000000000000 ) ) ;
#991 = CARTESIAN_POINT ( 'NONE',  ( 14.50000000000000000, -4.172000000000000597, 5.616230220889765396E-16 ) ) ;
#992 = CONICAL_SURFACE ( 'NONE', #1639, 5.000000000000003553, 0.9599310885968808105 ) ;
#993 = ORIENTED_EDGE ( 'NONE', *, *, #2726, .T. ) ;
#994 = CONICAL_SURFACE ( 'NONE', #3270, 4.172000000000002373, 0.9599310885968747042 ) ;
#995 = ORIENTED_EDGE ( 'NONE', *, *, #3038, .T. ) ;
#996 = AXIS2_PLACEMENT_3D ( 'NONE', #3084, #3068, #3075 ) ;
#997 = EDGE_LOOP ( 'NONE', ( #4537, #4486, #861, #476, #4691 ) ) ;
#998 = CARTESIAN_POINT ( 'NONE',  ( 36.28571428571429180, -4.172000000000000597, 5.616230220889765396E-16 ) ) ;
#999 = CIRCLE ( 'NONE', #627, 5.000000000000002665 ) ;
#1000 = ORIENTED_EDGE ( 'NONE', *, *, #2431, .T. ) ;
#1001 = LINE ( 'NONE', #2312, #2429 ) ;
#1002 = DIRECTION ( 'NONE',  ( 0.0000000000000000000, -1.000000000000000000, 0.0000000000000000000 ) ) ;
#1003 = VERTEX_POINT ( 'NONE', #594 ) ;
#1004 = DIRECTION ( 'NONE',  ( 0.0000000000000000000, -0.4999999999999994449, 0.8660254037844389297 ) ) ;
#1005 = DIRECTION ( 'NONE',  ( -1.000000000000000000, -1.224606353822377258E-16, -0.0000000000000000000 ) ) ;
#1006 = CIRCLE ( 'NONE', #109, 4.172000000000002373 ) ;
#1007 = AXIS2_PLACEMENT_3D ( 'NONE', #2375, #2337, #2279 ) ;
#1008 = EDGE_LOOP ( 'NONE', ( #3332, #3414, #3520, #3538, #3586, #3679 ) ) ;
#1009 = ORIENTED_EDGE ( 'NONE', *, *, #2694, .T. ) ;
#1010 = ADVANCED_FACE ( 'NONE', ( #1180 ), #2073, .T. ) ;
#1011 = DIRECTION ( 'NONE',  ( 0.5735764363510462704, 0.8191520442889915765, 0.0000000000000000000 ) ) ;
#1012 = CARTESIAN_POINT ( 'NONE',  ( 21.18213292026711514, 2.093492502277374743E-15, 0.0000000000000000000 ) ) ;
#1013 = LINE ( 'NONE', #4641, #753 ) ;
#1014 = EDGE_CURVE ( 'NONE', #1554, #3844, #2097, .T. ) ;
#1015 = AXIS2_PLACEMENT_3D ( 'NONE', #4400, #3651, #2178 ) ;
#1016 = EDGE_LOOP ( 'NONE', ( #4057, #4427 ) ) ;
#1017 = ORIENTED_EDGE ( 'NONE', *, *, #4055, .F. ) ;
#1018 = AXIS2_PLACEMENT_3D ( 'NONE', #3070, #3097, #3112 ) ;
#1019 =( NAMED_UNIT ( * ) PLANE_ANGLE_UNIT ( ) SI_UNIT ( $, .RADIAN. ) );
#1020 = DIRECTION ( 'NONE',  ( -1.000000000000000000, -1.224606353822377258E-16, -0.0000000000000000000 ) ) ;
#1021 = ORIENTED_EDGE ( 'NONE', *, *, #1559, .F. ) ;
#1022 = ORIENTED_EDGE ( 'NONE', *, *, #4223, .T. ) ;
#1023 = LINE ( 'NONE', #3845, #1646 ) ;
#1024 =( NAMED_UNIT ( * ) SI_UNIT ( $, .STERADIAN. ) SOLID_ANGLE_UNIT ( ) );
#1025 = CARTESIAN_POINT ( 'NONE',  ( 29.89641863455282689, 2.093492502277374743E-15, 0.0000000000000000000 ) ) ;
#1026 = CARTESIAN_POINT ( 'NONE',  ( 31.92857142857143060, -4.172000000000000597, 0.0000000000000000000 ) ) ;
#1027 = AXIS2_PLACEMENT_3D ( 'NONE', #3029, #3020, #3027 ) ;
#1028 = VERTEX_POINT ( 'NONE', #3840 ) ;
#1029 = ORIENTED_EDGE ( 'NONE', *, *, #2317, .T. ) ;
#1030 = ORIENTED_EDGE ( 'NONE', *, *, #4022, .F. ) ;
#1031 = ORIENTED_EDGE ( 'NONE', *, *, #2426, .T. ) ;
#1032 = DIRECTION ( 'NONE',  ( 0.5735764363510462704, 0.8191520442889915765, 0.0000000000000000000 ) ) ;
#1033 = ORIENTED_EDGE ( 'NONE', *, *, #2299, .T. ) ;
#1034 = AXIS2_PLACEMENT_3D ( 'NONE', #3080, #2903, #2888 ) ;
#1035 = DIRECTION ( 'NONE',  ( 0.0000000000000000000, -1.000000000000000000, 0.0000000000000000000 ) ) ;
#1036 = DIRECTION ( 'NONE',  ( 0.0000000000000000000, -1.000000000000000000, 0.0000000000000000000 ) ) ;
#1037 =( LENGTH_UNIT ( ) NAMED_UNIT ( * ) SI_UNIT ( .MILLI., .METRE. ) );
#1038 = ORIENTED_EDGE ( 'NONE', *, *, #393, .T. ) ;
#1039 = UNCERTAINTY_MEASURE_WITH_UNIT (LENGTH_MEASURE( 1.000000000000000082E-05 ), #2855, 'distance_accuracy_value', 'NONE');
#1040 = ORIENTED_EDGE ( 'NONE', *, *, #3659, .F. ) ;
#1041 = AXIS2_PLACEMENT_3D ( 'NONE', #3136, #2695, #3147 ) ;
#1042 = FACE_OUTER_BOUND ( 'NONE', #1733, .T. ) ;
#1043 = CARTESIAN_POINT ( 'NONE',  ( 13.92022815836235239, 2.093492502277374743E-15, 0.0000000000000000000 ) ) ;
#1044 = AXIS2_PLACEMENT_3D ( 'NONE', #1224, #1209, #1205 ) ;
#1045 = DIRECTION ( 'NONE',  ( -1.000000000000000000, -1.224606353822377258E-16, -0.0000000000000000000 ) ) ;
#1046 = ORIENTED_EDGE ( 'NONE', *, *, #2373, .F. ) ;
#1047 = VECTOR ( 'NONE', #2391, 1000.000000000000000 ) ;
#1048 = CARTESIAN_POINT ( 'NONE',  ( 16.53215279401859661, 2.235490958484726972E-15, 0.0000000000000000000 ) ) ;
#1049 = CARTESIAN_POINT ( 'NONE',  ( 26.11904761904761685, 2.164491730381051252E-15, 0.0000000000000000000 ) ) ;
#1050 = AXIS2_PLACEMENT_3D ( 'NONE', #72, #70, #55 ) ;
#1051 = AXIS2_PLACEMENT_3D ( 'NONE', #1192, #1177, #1188 ) ;
#1052 = CIRCLE ( 'NONE', #2958, 5.000000000000003553 ) ;
#1053 = EDGE_LOOP ( 'NONE', ( #2825, #2854, #2879, #2914, #2935 ) ) ;
#1054 = CIRCLE ( 'NONE', #1536, 5.000000000000002665 ) ;
#1055 = CARTESIAN_POINT ( 'NONE',  ( 28.15120041306621346, 5.000000000000006217, 0.0000000000000000000 ) ) ;
#1056 = ORIENTED_EDGE ( 'NONE', *, *, #2556, .T. ) ;
#1057 = CIRCLE ( 'NONE', #253, 5.000000000000002665 ) ;
#1058 = FACE_OUTER_BOUND ( 'NONE', #3323, .T. ) ;
#1059 = AXIS2_PLACEMENT_3D ( 'NONE', #2798, #2896, #2874 ) ;
#1060 = VERTEX_POINT ( 'NONE', #3126 ) ;
#1061 = AXIS2_PLACEMENT_3D ( 'NONE', #2985, #2988, #2989 ) ;
#1062 = AXIS2_PLACEMENT_3D ( 'NONE', #1682, #1675, #1660 ) ;
#1063 = DIRECTION ( 'NONE',  ( 0.0000000000000000000, -1.000000000000000000, 0.0000000000000000000 ) ) ;
#1064 = LINE ( 'NONE', #2265, #1462 ) ;
#1065 = CARTESIAN_POINT ( 'NONE',  ( 10.00000000000000178, 0.0000000000000000000, 0.0000000000000000000 ) ) ;
#1066 = DIRECTION ( 'NONE',  ( -1.000000000000000000, -1.224606353822377258E-16, -0.0000000000000000000 ) ) ;
#1067 = FACE_OUTER_BOUND ( 'NONE', #852, .T. ) ;
#1068 = ORIENTED_EDGE ( 'NONE', *, *, #3848, .F. ) ;
#1069 = EDGE_LOOP ( 'NONE', ( #763, #759, #340, #4315, #963, #906 ) ) ;
#1070 = SURFACE_STYLE_FILL_AREA ( #4613 ) ;
#1071 = CARTESIAN_POINT ( 'NONE',  ( 44.12739088925669506, -1.964448543274980570E-29, 5.000000000000004441 ) ) ;
#1072 = AXIS2_PLACEMENT_3D ( 'NONE', #2998, #3001, #2965 ) ;
#1073 = CARTESIAN_POINT ( 'NONE',  ( 41.51546625360044374, 2.093492502277374743E-15, 0.0000000000000000000 ) ) ;
#1074 = ADVANCED_FACE ( 'NONE', ( #2246 ), #1938, .T. ) ;
#1075 = DIRECTION ( 'NONE',  ( -1.000000000000000000, -0.0000000000000000000, -0.0000000000000000000 ) ) ;
#1076 = ORIENTED_EDGE ( 'NONE', *, *, #4250, .T. ) ;
#1077 = ORIENTED_EDGE ( 'NONE', *, *, #20, .F. ) ;
#1078 = DIRECTION ( 'NONE',  ( 0.5735764363510466035, -0.8191520442889914655, 1.003171929053524500E-16 ) ) ;
#1079 = EDGE_LOOP ( 'NONE', ( #1328, #1363, #1376, #1451, #1523 ) ) ;
#1080 = ORIENTED_EDGE ( 'NONE', *, *, #2737, .T. ) ;
#1081 = AXIS2_PLACEMENT_3D ( 'NONE', #2851, #2861, #2871 ) ;
#1082 = EDGE_CURVE ( 'NONE', #3283, #602, #2029, .T. ) ;
#1083 = AXIS2_PLACEMENT_3D ( 'NONE', #3244, #3213, #3234 ) ;
#1084 = ORIENTED_EDGE ( 'NONE', *, *, #4104, .F. ) ;
#1085 = SURFACE_STYLE_USAGE ( .BOTH. , #1132 ) ;
#1086 = EDGE_LOOP ( 'NONE', ( #4425, #4415, #4008, #4412, #4749 ) ) ;
#1087 = ORIENTED_EDGE ( 'NONE', *, *, #4666, .F. ) ;
#1088 = EDGE_CURVE ( 'NONE', #3283, #4646, #2255, .T. ) ;
#1089 = AXIS2_PLACEMENT_3D ( 'NONE', #2761, #2766, #2778 ) ;
#1090 = ORIENTED_EDGE ( 'NONE', *, *, #3526, .F. ) ;
#1091 = CYLINDRICAL_SURFACE ( 'NONE', #377, 4.999999999999961808 ) ;
#1092 = DIRECTION ( 'NONE',  ( 0.0000000000000000000, -1.000000000000000000, 0.0000000000000000000 ) ) ;
#1093 = DIRECTION ( 'NONE',  ( 0.0000000000000000000, -1.000000000000000000, 0.0000000000000000000 ) ) ;
#1094 = DIRECTION ( 'NONE',  ( -1.000000000000000000, -0.0000000000000000000, -0.0000000000000000000 ) ) ;
#1095 = ORIENTED_EDGE ( 'NONE', *, *, #2735, .F. ) ;
#1096 = ORIENTED_EDGE ( 'NONE', *, *, #576, .T. ) ;
#1097 = DIRECTION ( 'NONE',  ( -1.000000000000000000, -1.224606353822377258E-16, -0.0000000000000000000 ) ) ;
#1098 = CARTESIAN_POINT ( 'NONE',  ( -31.74999999999995737, 9.797174393178825657E-16, -8.000000000000000000 ) ) ;
#1099 = AXIS2_PLACEMENT_3D ( 'NONE', #2468, #2740, #2517 ) ;
#1100 = CARTESIAN_POINT ( 'NONE',  ( 42.09523809523809490, 2.164491730381051252E-15, 0.0000000000000000000 ) ) ;
#1101 = AXIS2_PLACEMENT_3D ( 'NONE', #2674, #2680, #2681 ) ;
#1102 = CARTESIAN_POINT ( 'NONE',  ( 20.88929565116145426, 2.235490958484726972E-15, 0.0000000000000000000 ) ) ;
#1103 = AXIS2_PLACEMENT_3D ( 'NONE', #2709, #2722, #2724 ) ;
#1104 = EDGE_LOOP ( 'NONE', ( #1785, #1947, #1954, #2027, #2154 ) ) ;
#1105 = VECTOR ( 'NONE', #512, 1000.000000000000114 ) ;
#1106 = VERTEX_POINT ( 'NONE', #3830 ) ;
#1107 = FILL_AREA_STYLE ('',( #1167 ) ) ;
#1108 = CARTESIAN_POINT ( 'NONE',  ( 0.0000000000000000000, -2.342598717236908268, 4.057500000000003659 ) ) ;
#1109 = SURFACE_STYLE_FILL_AREA ( #2819 ) ;
#1110 = VECTOR ( 'NONE', #1949, 1000.000000000000000 ) ;
#1111 = VERTEX_POINT ( 'NONE', #1545 ) ;
#1112 = CARTESIAN_POINT ( 'NONE',  ( 32.50834327020907466, 2.235490958484726972E-15, 0.0000000000000000000 ) ) ;
#1113 = ORIENTED_EDGE ( 'NONE', *, *, #2981, .T. ) ;
#1114 = CIRCLE ( 'NONE', #1517, 4.057500000000000107 ) ;
#1115 = PRODUCT_DEFINITION_SHAPE ( 'NONE', 'NONE',  #3703 ) ;
#1116 = AXIS2_PLACEMENT_3D ( 'NONE', #2546, #2890, #2815 ) ;
#1117 = DIRECTION ( 'NONE',  ( -1.000000000000000000, -0.0000000000000000000, -0.0000000000000000000 ) ) ;
#1118 = AXIS2_PLACEMENT_3D ( 'NONE', #2589, #2786, #2581 ) ;
#1119 = ORIENTED_EDGE ( 'NONE', *, *, #4757, .F. ) ;
#1120 = ORIENTED_EDGE ( 'NONE', *, *, #4240, .F. ) ;
#1121 = VERTEX_POINT ( 'NONE', #285 ) ;
#1122 = ORIENTED_EDGE ( 'NONE', *, *, #2929, .F. ) ;
#1123 = DIRECTION ( 'NONE',  ( -1.000000000000000000, -1.224606353822377258E-16, -0.0000000000000000000 ) ) ;
#1124 = AXIS2_PLACEMENT_3D ( 'NONE', #4470, #4469, #4462 ) ;
#1125 = AXIS2_PLACEMENT_3D ( 'NONE', #2966, #2964, #2955 ) ;
#1126 = CIRCLE ( 'NONE', #1717, 4.172000000000002373 ) ;
#1127 = VERTEX_POINT ( 'NONE', #4743 ) ;
#1128 = ORIENTED_EDGE ( 'NONE', *, *, #2802, .T. ) ;
#1129 = VERTEX_POINT ( 'NONE', #656 ) ;
#1130 = DIRECTION ( 'NONE',  ( 0.0000000000000000000, 0.8660254037844379305, -0.5000000000000014433 ) ) ;
#1131 = CARTESIAN_POINT ( 'NONE',  ( 26.11904761904761685, 2.164491730381051252E-15, 0.0000000000000000000 ) ) ;
#1132 = SURFACE_SIDE_STYLE ('',( #2867 ) ) ;
#1133 = ORIENTED_EDGE ( 'NONE', *, *, #2859, .T. ) ;
#1134 = EDGE_CURVE ( 'NONE', #1247, #773, #2155, .T. ) ;
#1135 = CIRCLE ( 'NONE', #134, 5.000000000000003553 ) ;
#1136 = ORIENTED_EDGE ( 'NONE', *, *, #4347, .F. ) ;
#1137 = DIRECTION ( 'NONE',  ( -1.000000000000000000, -1.224606353822377258E-16, -0.0000000000000000000 ) ) ;
#1138 = CARTESIAN_POINT ( 'NONE',  ( 41.22262898449478286, -5.000000000000000888, 6.123233995736771213E-16 ) ) ;
#1139 = CIRCLE ( 'NONE', #209, 5.000000000000003553 ) ;
#1140 = FACE_OUTER_BOUND ( 'NONE', #4453, .T. ) ;
#1141 = CARTESIAN_POINT ( 'NONE',  ( 20.88929565116145426, 2.235490958484726972E-15, 0.0000000000000000000 ) ) ;
#1142 = CARTESIAN_POINT ( 'NONE',  ( 20.88929565116145426, 2.235490958484726972E-15, 0.0000000000000000000 ) ) ;
#1143 = CIRCLE ( 'NONE', #369, 5.000000000000003553 ) ;
#1144 = EDGE_LOOP ( 'NONE', ( #2437, #4600, #3004, #1894, #2580 ) ) ;
#1145 = ORIENTED_EDGE ( 'NONE', *, *, #4484, .T. ) ;
#1146 = EDGE_CURVE ( 'NONE', #1842, #4646, #3331, .T. ) ;
#1147 = VECTOR ( 'NONE', #4708, 1000.000000000000000 ) ;
#1148 = DIRECTION ( 'NONE',  ( 0.0000000000000000000, -1.000000000000000000, 0.0000000000000000000 ) ) ;
#1149 = AXIS2_PLACEMENT_3D ( 'NONE', #2459, #725, #2502 ) ;
#1150 = ORIENTED_EDGE ( 'NONE', *, *, #2545, .T. ) ;
#1151 = VERTEX_POINT ( 'NONE', #1178 ) ;
#1152 = ORIENTED_EDGE ( 'NONE', *, *, #4435, .F. ) ;
#1153 = EDGE_CURVE ( 'NONE', #602, #1842, #2088, .T. ) ;
#1154 = AXIS2_PLACEMENT_3D ( 'NONE', #2561, #2565, #2567 ) ;
#1155 = ORIENTED_EDGE ( 'NONE', *, *, #916, .F. ) ;
#1156 = EDGE_CURVE ( 'NONE', #3430, #3781, #2205, .T. ) ;
#1157 = ORIENTED_EDGE ( 'NONE', *, *, #3300, .T. ) ;
#1158 = EDGE_LOOP ( 'NONE', ( #2496, #2446, #2219, #2106, #1776 ) ) ;
#1159 = LINE ( 'NONE', #3999, #2057 ) ;
#1160 = CARTESIAN_POINT ( 'NONE',  ( -31.74999999999995737, 0.0000000000000000000, 0.0000000000000000000 ) ) ;
#1161 = DIRECTION ( 'NONE',  ( 0.0000000000000000000, -1.000000000000000000, 0.0000000000000000000 ) ) ;
#1162 = ORIENTED_EDGE ( 'NONE', *, *, #3623, .T. ) ;
#1163 = VERTEX_POINT ( 'NONE', #1571 ) ;
#1164 = AXIS2_PLACEMENT_3D ( 'NONE', #338, #337, #1350 ) ;
#1165 = ORIENTED_EDGE ( 'NONE', *, *, #4672, .T. ) ;
#1166 = VERTEX_POINT ( 'NONE', #91 ) ;
#1167 = FILL_AREA_STYLE_COLOUR ( '', #3310 ) ;
#1168 = ORIENTED_EDGE ( 'NONE', *, *, #4545, .F. ) ;
#1169 = DIRECTION ( 'NONE',  ( 1.000000000000000000, 1.224606353822377258E-16, 0.0000000000000000000 ) ) ;
#1170 = ORIENTED_EDGE ( 'NONE', *, *, #3775, .T. ) ;
#1171 = DIRECTION ( 'NONE',  ( 0.0000000000000000000, 1.000000000000000000, 0.0000000000000000000 ) ) ;
#1172 = EDGE_CURVE ( 'NONE', #3430, #4584, #2045, .T. ) ;
#1173 = CARTESIAN_POINT ( 'NONE',  ( -31.74999999999995737, 0.0000000000000000000, 4.999999999999961808 ) ) ;
#1174 = DIRECTION ( 'NONE',  ( 1.000000000000000000, 1.224606353822377258E-16, 0.0000000000000000000 ) ) ;
#1175 = EDGE_CURVE ( 'NONE', #4154, #4584, #2019, .T. ) ;
#1176 = AXIS2_PLACEMENT_3D ( 'NONE', #2405, #2452, #2456 ) ;
#1177 = DIRECTION ( 'NONE',  ( -1.000000000000000000, -1.224606353822377258E-16, -0.0000000000000000000 ) ) ;
#1178 = CARTESIAN_POINT ( 'NONE',  ( 28.15120041306621346, -5.000000000000001776, 6.123233995736772199E-16 ) ) ;
#1179 = EDGE_LOOP ( 'NONE', ( #2438, #1292, #3077, #2222, #3461, #2347 ) ) ;
#1180 = FACE_OUTER_BOUND ( 'NONE', #624, .T. ) ;
#1181 = AXIS2_PLACEMENT_3D ( 'NONE', #4046, #1094, #4066 ) ;
#1182 = EDGE_CURVE ( 'NONE', #3781, #4154, #2026, .T. ) ;
#1183 = ORIENTED_EDGE ( 'NONE', *, *, #3848, .T. ) ;
#1184 = DIRECTION ( 'NONE',  ( 0.0000000000000000000, -1.000000000000000000, 0.0000000000000000000 ) ) ;
#1185 = ORIENTED_EDGE ( 'NONE', *, *, #2555, .F. ) ;
#1186 = LINE ( 'NONE', #2209, #1846 ) ;
#1187 = FACE_OUTER_BOUND ( 'NONE', #598, .T. ) ;
#1188 = DIRECTION ( 'NONE',  ( 0.0000000000000000000, -1.000000000000000000, 0.0000000000000000000 ) ) ;
#1189 = DIRECTION ( 'NONE',  ( -1.000000000000000000, -1.224606353822377258E-16, -0.0000000000000000000 ) ) ;
#1190 = AXIS2_PLACEMENT_3D ( 'NONE', #4644, #4728, #4634 ) ;
#1191 = VECTOR ( 'NONE', #2056, 1000.000000000000000 ) ;
#1192 = CARTESIAN_POINT ( 'NONE',  ( 41.22262898449478286, 2.235490958484726972E-15, 0.0000000000000000000 ) ) ;
#1193 = VERTEX_POINT ( 'NONE', #49 ) ;
#1194 = CARTESIAN_POINT ( 'NONE',  ( 29.60358136544716601, 2.235490958484726972E-15, 0.0000000000000000000 ) ) ;
#1195 = CONICAL_SURFACE ( 'NONE', #272, 4.172000000000002373, 0.9599310885968747042 ) ;
#1196 = ORIENTED_EDGE ( 'NONE', *, *, #4672, .F. ) ;
#1197 = CARTESIAN_POINT ( 'NONE',  ( -31.74999999999995737, 6.123233995736719937E-16, -4.999999999999961808 ) ) ;
#1198 = CARTESIAN_POINT ( 'NONE',  ( -31.74999999999995737, 0.0000000000000000000, 0.0000000000000000000 ) ) ;
#1199 = LINE ( 'NONE', #1754, #3661 ) ;
#1200 = CONICAL_SURFACE ( 'NONE', #1018, 5.000000000000003553, 0.9599310885968808105 ) ;
#1201 = ORIENTED_EDGE ( 'NONE', *, *, #4146, .T. ) ;
#1202 = LINE ( 'NONE', #2377, #1147 ) ;
#1203 = EDGE_CURVE ( 'NONE', #896, #1779, #1960, .T. ) ;
#1204 = DIRECTION ( 'NONE',  ( 0.0000000000000000000, -1.000000000000000000, 0.0000000000000000000 ) ) ;
#1205 = DIRECTION ( 'NONE',  ( 0.0000000000000000000, -1.000000000000000000, 0.0000000000000000000 ) ) ;
#1206 = ORIENTED_EDGE ( 'NONE', *, *, #2946, .T. ) ;
#1207 = ORIENTED_EDGE ( 'NONE', *, *, #4327, .F. ) ;
#1208 = DIRECTION ( 'NONE',  ( -1.000000000000000000, -0.0000000000000000000, -0.0000000000000000000 ) ) ;
#1209 = DIRECTION ( 'NONE',  ( -1.000000000000000000, -1.224606353822377258E-16, -0.0000000000000000000 ) ) ;
#1210 = ORIENTED_EDGE ( 'NONE', *, *, #120, .T. ) ;
#1211 = ORIENTED_EDGE ( 'NONE', *, *, #3299, .T. ) ;
#1212 = ORIENTED_EDGE ( 'NONE', *, *, #4018, .F. ) ;
#1213 = ORIENTED_EDGE ( 'NONE', *, *, #3907, .F. ) ;
#1214 = ORIENTED_EDGE ( 'NONE', *, *, #3887, .T. ) ;
#1215 = CIRCLE ( 'NONE', #2512, 4.172000000000002373 ) ;
#1216 = STYLED_ITEM ( 'NONE', ( #121 ), #4487 ) ;
#1217 = CARTESIAN_POINT ( 'NONE',  ( 20.88929565116145426, 2.235490958484726972E-15, 0.0000000000000000000 ) ) ;
#1218 = DIRECTION ( 'NONE',  ( -0.5735764363510513775, -0.8191520442889881348, 0.0000000000000000000 ) ) ;
#1219 = AXIS2_PLACEMENT_3D ( 'NONE', #2780, #4357, #4352 ) ;
#1220 = ORIENTED_EDGE ( 'NONE', *, *, #4550, .F. ) ;
#1221 = CIRCLE ( 'NONE', #4398, 5.000000000000003553 ) ;
#1222 = DIRECTION ( 'NONE',  ( 0.5735764363510466035, -0.8191520442889914655, 1.003171929053524500E-16 ) ) ;
#1223 = ADVANCED_FACE ( 'NONE', ( #2623 ), #2271, .T. ) ;
#1224 = CARTESIAN_POINT ( 'NONE',  ( 29.02380952380952550, 2.164491730381051252E-15, 0.0000000000000000000 ) ) ;
#1225 = CARTESIAN_POINT ( 'NONE',  ( 21.18213292026711514, 2.093492502277374743E-15, 0.0000000000000000000 ) ) ;
#1226 = ADVANCED_FACE ( 'NONE', ( #1872 ), #2584, .T. ) ;
#1227 = DIRECTION ( 'NONE',  ( 0.0000000000000000000, 0.0000000000000000000, 1.000000000000000000 ) ) ;
#1228 = ORIENTED_EDGE ( 'NONE', *, *, #2713, .T. ) ;
#1229 = EDGE_CURVE ( 'NONE', #1779, #3781, #2607, .T. ) ;
#1230 = AXIS2_PLACEMENT_3D ( 'NONE', #751, #986, #1036 ) ;
#1231 = ORIENTED_EDGE ( 'NONE', *, *, #3951, .F. ) ;
#1232 = LINE ( 'NONE', #1138, #3707 ) ;
#1233 = DIRECTION ( 'NONE',  ( 0.0000000000000000000, -1.000000000000000000, 0.0000000000000000000 ) ) ;
#1234 = CARTESIAN_POINT ( 'NONE',  ( 29.89641863455282689, 2.093492502277374743E-15, 0.0000000000000000000 ) ) ;
#1235 = ORIENTED_EDGE ( 'NONE', *, *, #3977, .T. ) ;
#1236 = DIRECTION ( 'NONE',  ( -1.000000000000000000, -1.224606353822377258E-16, -0.0000000000000000000 ) ) ;
#1237 = EDGE_CURVE ( 'NONE', #3781, #3430, #2572, .T. ) ;
#1238 = LINE ( 'NONE', #2064, #1191 ) ;
#1239 = ORIENTED_EDGE ( 'NONE', *, *, #1338, .T. ) ;
#1240 = CARTESIAN_POINT ( 'NONE',  ( 32.50834327020907466, -5.000000000000001776, 6.123233995736772199E-16 ) ) ;
#1241 = EDGE_CURVE ( 'NONE', #1294, #2424, #2516, .T. ) ;
#1242 = DIRECTION ( 'NONE',  ( 0.0000000000000000000, -1.000000000000000000, 0.0000000000000000000 ) ) ;
#1243 = ORIENTED_EDGE ( 'NONE', *, *, #4591, .F. ) ;
#1244 = ORIENTED_EDGE ( 'NONE', *, *, #1175, .F. ) ;
#1245 = EDGE_LOOP ( 'NONE', ( #232, #228, #220, #210, #187 ) ) ;
#1246 = CARTESIAN_POINT ( 'NONE',  ( 28.44403768217187789, 2.093492502277374743E-15, 0.0000000000000000000 ) ) ;
#1247 = VERTEX_POINT ( 'NONE', #3012 ) ;
#1248 = DIRECTION ( 'NONE',  ( -1.000000000000000000, -0.0000000000000000000, -0.0000000000000000000 ) ) ;
#1249 = CIRCLE ( 'NONE', #1549, 4.057500000000000107 ) ;
#1250 = EDGE_CURVE ( 'NONE', #4270, #3430, #2467, .T. ) ;
#1251 = AXIS2_PLACEMENT_3D ( 'NONE', #1102, #2527, #533 ) ;
#1252 = EDGE_CURVE ( 'NONE', #186, #18, #2626, .T. ) ;
#1253 = CIRCLE ( 'NONE', #3654, 5.000000000000002665 ) ;
#1254 = LINE ( 'NONE', #2419, #1047 ) ;
#1255 = ADVANCED_FACE ( 'NONE', ( #2314 ), #4737, .T. ) ;
#1256 = VERTEX_POINT ( 'NONE', #2383 ) ;
#1257 = EDGE_CURVE ( 'NONE', #18, #3283, #4739, .T. ) ;
#1258 = AXIS2_PLACEMENT_3D ( 'NONE', #1048, #601, #528 ) ;
#1259 = EDGE_LOOP ( 'NONE', ( #2784, #398, #4388, #2128, #2749 ) ) ;
#1260 = DIRECTION ( 'NONE',  ( 0.0000000000000000000, 1.000000000000000000, 0.0000000000000000000 ) ) ;
#1261 = ORIENTED_EDGE ( 'NONE', *, *, #3153, .F. ) ;
#1262 = CARTESIAN_POINT ( 'NONE',  ( 43.54761904761905100, 2.164491730381051252E-15, 0.0000000000000000000 ) ) ;
#1263 = CIRCLE ( 'NONE', #1637, 5.000000000000002665 ) ;
#1264 = CARTESIAN_POINT ( 'NONE',  ( 23.79405755592335581, -5.000000000000001776, 6.123233995736772199E-16 ) ) ;
#1265 = CARTESIAN_POINT ( 'NONE',  ( 41.22262898449478286, 2.235490958484726972E-15, 0.0000000000000000000 ) ) ;
#1266 = VERTEX_POINT ( 'NONE', #2387 ) ;
#1267 = CARTESIAN_POINT ( 'NONE',  ( 16.53215279401859661, 2.235490958484726972E-15, 0.0000000000000000000 ) ) ;
#1268 = AXIS2_PLACEMENT_3D ( 'NONE', #1315, #884, #897 ) ;
#1269 = VERTEX_POINT ( 'NONE', #2400 ) ;
#1270 = CIRCLE ( 'NONE', #37, 5.000000000000002665 ) ;
#1271 = ORIENTED_EDGE ( 'NONE', *, *, #4240, .T. ) ;
#1272 = CIRCLE ( 'NONE', #385, 5.000000000000002665 ) ;
#1273 = CARTESIAN_POINT ( 'NONE',  ( 36.86548612735192876, 5.000000000000005329, 0.0000000000000000000 ) ) ;
#1274 = DIRECTION ( 'NONE',  ( 0.5735764363510466035, -0.8191520442889914655, 1.003171929053524500E-16 ) ) ;
#1275 = FACE_OUTER_BOUND ( 'NONE', #2586, .T. ) ;
#1276 = DIRECTION ( 'NONE',  ( -1.000000000000000000, -1.224606353822377258E-16, -0.0000000000000000000 ) ) ;
#1277 = CIRCLE ( 'NONE', #50, 5.000000000000003553 ) ;
#1278 = ORIENTED_EDGE ( 'NONE', *, *, #4550, .T. ) ;
#1279 = EDGE_LOOP ( 'NONE', ( #1911, #3015, #1196, #3706, #4119 ) ) ;
#1280 = AXIS2_PLACEMENT_3D ( 'NONE', #353, #372, #318 ) ;
#1281 = ORIENTED_EDGE ( 'NONE', *, *, #2609, .F. ) ;
#1282 = CARTESIAN_POINT ( 'NONE',  ( 16.82499006312425749, 6.123233995736602594E-16, -5.000000000000002665 ) ) ;
#1283 = VECTOR ( 'NONE', #4689, 1000.000000000000000 ) ;
#1284 = DIRECTION ( 'NONE',  ( 0.5735764363510466035, -0.8191520442889914655, 1.003171929053524500E-16 ) ) ;
#1285 = DIRECTION ( 'NONE',  ( 0.5735764363510462704, 0.8191520442889915765, 0.0000000000000000000 ) ) ;
#1286 = ADVANCED_FACE ( 'NONE', ( #4791 ), #3979, .T. ) ;
#1287 = DIRECTION ( 'NONE',  ( 0.0000000000000000000, -1.000000000000000000, 0.0000000000000000000 ) ) ;
#1288 = CARTESIAN_POINT ( 'NONE',  ( 31.34879958693378299, -5.000000000000000000, 0.0000000000000000000 ) ) ;
#1289 = FACE_OUTER_BOUND ( 'NONE', #2682, .T. ) ;
#1290 = DIRECTION ( 'NONE',  ( 0.0000000000000000000, -1.000000000000000000, 0.0000000000000000000 ) ) ;
#1291 = ORIENTED_EDGE ( 'NONE', *, *, #4177, .T. ) ;
#1292 = ORIENTED_EDGE ( 'NONE', *, *, #4516, .T. ) ;
#1293 = VECTOR ( 'NONE', #3918, 1000.000000000000114 ) ;
#1294 = VERTEX_POINT ( 'NONE', #739 ) ;
#1295 = ORIENTED_EDGE ( 'NONE', *, *, #2869, .F. ) ;
#1296 = CARTESIAN_POINT ( 'NONE',  ( 13.92022815836235239, 2.093492502277374743E-15, 0.0000000000000000000 ) ) ;
#1297 = AXIS2_PLACEMENT_3D ( 'NONE', #2397, #805, #909 ) ;
#1298 = CARTESIAN_POINT ( 'NONE',  ( 26.69881946068526091, -5.000000000000000888, 6.123233995736771213E-16 ) ) ;
#1299 = AXIS2_PLACEMENT_3D ( 'NONE', #4290, #823, #2122 ) ;
#1300 = VERTEX_POINT ( 'NONE', #794 ) ;
#1301 = DIRECTION ( 'NONE',  ( 1.000000000000000000, 1.224606353822377258E-16, 0.0000000000000000000 ) ) ;
#1302 = DIRECTION ( 'NONE',  ( -1.000000000000000000, -1.224606353822377258E-16, -0.0000000000000000000 ) ) ;
#1303 = CARTESIAN_POINT ( 'NONE',  ( 15.95238095238095433, -4.172000000000000597, 5.616230220889765396E-16 ) ) ;
#1304 = AXIS2_PLACEMENT_3D ( 'NONE', #717, #488, #504 ) ;
#1305 = VECTOR ( 'NONE', #1222, 1000.000000000000000 ) ;
#1306 = ORIENTED_EDGE ( 'NONE', *, *, #735, .F. ) ;
#1307 = DIRECTION ( 'NONE',  ( -1.000000000000000000, -1.224606353822377258E-16, -0.0000000000000000000 ) ) ;
#1308 = ADVANCED_FACE ( 'NONE', ( #4082 ), #4346, .T. ) ;
#1309 = ADVANCED_FACE ( 'NONE', ( #4134 ), #4092, .T. ) ;
#1310 = AXIS2_PLACEMENT_3D ( 'NONE', #3279, #3229, #3265 ) ;
#1311 = CIRCLE ( 'NONE', #1716, 5.000000000000003553 ) ;
#1312 = DIRECTION ( 'NONE',  ( 0.0000000000000000000, -1.000000000000000000, 0.0000000000000000000 ) ) ;
#1313 = ORIENTED_EDGE ( 'NONE', *, *, #2946, .F. ) ;
#1314 = CYLINDRICAL_SURFACE ( 'NONE', #2116, 4.999999999999961808 ) ;
#1315 = CARTESIAN_POINT ( 'NONE',  ( 5.000000000000000000, 4.685197434473813871, -6.505213034913026604E-15 ) ) ;
#1316 = DIRECTION ( 'NONE',  ( 0.5735764363510466035, -0.8191520442889914655, 1.003171929053524500E-16 ) ) ;
#1317 = EDGE_CURVE ( 'NONE', #186, #602, #3974, .T. ) ;
#1318 = AXIS2_PLACEMENT_3D ( 'NONE', #3010, #3006, #2991 ) ;
#1319 = DIRECTION ( 'NONE',  ( 0.0000000000000000000, -1.000000000000000000, 0.0000000000000000000 ) ) ;
#1320 = ORIENTED_EDGE ( 'NONE', *, *, #2521, .F. ) ;
#1321 = CARTESIAN_POINT ( 'NONE',  ( 36.86548612735192876, -5.000000000000000888, 6.123233995736771213E-16 ) ) ;
#1323 = ADVANCED_FACE ( 'NONE', ( #4083 ), #3033, .F. ) ;
#1322 = EDGE_LOOP ( 'NONE', ( #874, #1133, #317, #585, #1295 ) ) ;
#1324 = CONICAL_SURFACE ( 'NONE', #1383, 4.172000000000002373, 0.9599310885968747042 ) ;
#1325 = VERTEX_POINT ( 'NONE', #4190 ) ;
#1326 = CARTESIAN_POINT ( 'NONE',  ( 26.11904761904761685, 2.164491730381051252E-15, 0.0000000000000000000 ) ) ;
#1327 = DIRECTION ( 'NONE',  ( -1.000000000000000000, -0.0000000000000000000, -0.0000000000000000000 ) ) ;
#1328 = ORIENTED_EDGE ( 'NONE', *, *, #3319, .F. ) ;
#1329 = CARTESIAN_POINT ( 'NONE',  ( 10.00000000000000000, 0.0000000000000000000, -5.399999999999962164 ) ) ;
#1330 = CIRCLE ( 'NONE', #2241, 4.172000000000002373 ) ;
#1331 =( GEOMETRIC_REPRESENTATION_CONTEXT ( 3 ) GLOBAL_UNCERTAINTY_ASSIGNED_CONTEXT ( ( #2698 ) ) GLOBAL_UNIT_ASSIGNED_CONTEXT ( ( #2962, #4220, #4139 ) ) REPRESENTATION_CONTEXT ( 'NONE', 'WORKASPACE' ) );
#1332 = MECHANICAL_DESIGN_GEOMETRIC_PRESENTATION_REPRESENTATION (  '', ( #1342 ), #1331 ) ;
#1333 = VECTOR ( 'NONE', #3301, 1000.000000000000000 ) ;
#1334 = DIRECTION ( 'NONE',  ( 0.0000000000000000000, -1.000000000000000000, 0.0000000000000000000 ) ) ;
#1335 = ORIENTED_EDGE ( 'NONE', *, *, #2349, .T. ) ;
#1336 = ORIENTED_EDGE ( 'NONE', *, *, #3511, .F. ) ;
#1337 = EDGE_CURVE ( 'NONE', #2708, #2403, #4194, .T. ) ;
#1338 = EDGE_CURVE ( 'NONE', #927, #3784, #52, .T. ) ;
#1339 = PRESENTATION_LAYER_ASSIGNMENT (  '', '', ( #1342 ) ) ;
#1340 = DIRECTION ( 'NONE',  ( 0.0000000000000000000, -1.000000000000000000, 0.0000000000000000000 ) ) ;
#1341 = EDGE_CURVE ( 'NONE', #174, #2403, #3385, .T. ) ;
#1342 = STYLED_ITEM ( 'NONE', ( #4695 ), #1286 ) ;
#1343 = DIRECTION ( 'NONE',  ( 0.0000000000000000000, 0.0000000000000000000, 1.000000000000000000 ) ) ;
#1344 = VECTOR ( 'NONE', #2913, 1000.000000000000114 ) ;
#1345 = CARTESIAN_POINT ( 'NONE',  ( 26.11904761904761685, -4.172000000000000597, 0.0000000000000000000 ) ) ;
#1346 = FACE_OUTER_BOUND ( 'NONE', #4294, .T. ) ;
#1347 = VERTEX_POINT ( 'NONE', #521 ) ;
#1348 = DIRECTION ( 'NONE',  ( 0.0000000000000000000, -1.000000000000000000, 0.0000000000000000000 ) ) ;
#1349 = DIRECTION ( 'NONE',  ( 0.0000000000000000000, -1.224646799147353454E-16, 1.000000000000000000 ) ) ;
#1350 = DIRECTION ( 'NONE',  ( 0.0000000000000000000, -1.000000000000000000, 0.0000000000000000000 ) ) ;
#1351 = ORIENTED_EDGE ( 'NONE', *, *, #1764, .F. ) ;
#1352 = AXIS2_PLACEMENT_3D ( 'NONE', #1361, #1075, #3842 ) ;
#1353 = LINE ( 'NONE', #4744, #1283 ) ;
#1354 = VERTEX_POINT ( 'NONE', #574 ) ;
#1355 = ORIENTED_EDGE ( 'NONE', *, *, #4733, .F. ) ;
#1356 = CARTESIAN_POINT ( 'NONE',  ( 17.40476190476190510, -4.172000000000000597, 0.0000000000000000000 ) ) ;
#1357 = DIRECTION ( 'NONE',  ( -1.000000000000000000, -1.224606353822377258E-16, -0.0000000000000000000 ) ) ;
#1358 = AXIS2_PLACEMENT_3D ( 'NONE', #1065, #1372, #1343 ) ;
#1359 = EDGE_CURVE ( 'NONE', #174, #3226, #3565, .T. ) ;
#1360 = VERTEX_POINT ( 'NONE', #633 ) ;
#1361 = CARTESIAN_POINT ( 'NONE',  ( 45.00000000000000000, 0.0000000000000000000, 0.0000000000000000000 ) ) ;
#1362 = CARTESIAN_POINT ( 'NONE',  ( 26.69881946068526091, 2.235490958484726972E-15, 0.0000000000000000000 ) ) ;
#1363 = ORIENTED_EDGE ( 'NONE', *, *, #4545, .T. ) ;
#1364 = ORIENTED_EDGE ( 'NONE', *, *, #3692, .T. ) ;
#1365 = LINE ( 'NONE', #3934, #1579 ) ;
#1366 = DIRECTION ( 'NONE',  ( 0.0000000000000000000, 0.0000000000000000000, 1.000000000000000000 ) ) ;
#1367 = CARTESIAN_POINT ( 'NONE',  ( -31.74999999999995737, 0.0000000000000000000, 0.0000000000000000000 ) ) ;
#1368 = ORIENTED_EDGE ( 'NONE', *, *, #1146, .F. ) ;
#1369 = ORIENTED_EDGE ( 'NONE', *, *, #3925, .F. ) ;
#1370 = ORIENTED_EDGE ( 'NONE', *, *, #567, .F. ) ;
#1371 = CARTESIAN_POINT ( 'NONE',  ( 22.34167660354240326, 2.235490958484726972E-15, 0.0000000000000000000 ) ) ;
#1372 = DIRECTION ( 'NONE',  ( -1.000000000000000000, -0.0000000000000000000, -0.0000000000000000000 ) ) ;
#1373 = AXIS2_PLACEMENT_3D ( 'NONE', #856, #1950, #2281 ) ;
#1374 = PRESENTATION_STYLE_ASSIGNMENT (( #1085 ) ) ;
#1375 = EDGE_CURVE ( 'NONE', #3226, #2021, #524, .T. ) ;
#1376 = ORIENTED_EDGE ( 'NONE', *, *, #2921, .T. ) ;
#1377 = AXIS2_PLACEMENT_3D ( 'NONE', #308, #1856, #128 ) ;
#1378 = ORIENTED_EDGE ( 'NONE', *, *, #3533, .F. ) ;
#1379 = ADVANCED_FACE ( 'NONE', ( #3449 ), #3289, .T. ) ;
#1380 = ORIENTED_EDGE ( 'NONE', *, *, #135, .F. ) ;
#1381 = DIRECTION ( 'NONE',  ( -1.000000000000000000, -0.0000000000000000000, -0.0000000000000000000 ) ) ;
#1382 = AXIS2_PLACEMENT_3D ( 'NONE', #192, #1301, #1260 ) ;
#1383 = AXIS2_PLACEMENT_3D ( 'NONE', #2653, #2744, #2704 ) ;
#1384 = ADVANCED_FACE ( 'NONE', ( #3334 ), #3174, .T. ) ;
#1385 = DIRECTION ( 'NONE',  ( 0.0000000000000000000, -1.000000000000000000, 0.0000000000000000000 ) ) ;
#1386 = DIRECTION ( 'NONE',  ( 0.0000000000000000000, -1.000000000000000000, 0.0000000000000000000 ) ) ;
#1387 = ORIENTED_EDGE ( 'NONE', *, *, #438, .T. ) ;
#1388 = DIRECTION ( 'NONE',  ( -1.000000000000000000, -1.224606353822377258E-16, -0.0000000000000000000 ) ) ;
#1389 = EDGE_LOOP ( 'NONE', ( #1378, #1506, #1537, #1543, #664 ) ) ;
#1390 = AXIS2_PLACEMENT_3D ( 'NONE', #2532, #2526, #2518 ) ;
#1391 = AXIS2_PLACEMENT_3D ( 'NONE', #1296, #1276, #1287 ) ;
#1392 = ORIENTED_EDGE ( 'NONE', *, *, #4013, .T. ) ;
#1393 = EDGE_CURVE ( 'NONE', #3784, #1247, #3676, .T. ) ;
#1394 = FACE_OUTER_BOUND ( 'NONE', #1279, .T. ) ;
#1395 = CARTESIAN_POINT ( 'NONE',  ( 40.64285714285713880, -4.172000000000000597, 0.0000000000000000000 ) ) ;
#1396 = ORIENTED_EDGE ( 'NONE', *, *, #4367, .T. ) ;
#1397 = EDGE_CURVE ( 'NONE', #1325, #2021, #3379, .T. ) ;
#1398 = ORIENTED_EDGE ( 'NONE', *, *, #2758, .F. ) ;
#1399 = AXIS2_PLACEMENT_3D ( 'NONE', #200, #218, #224 ) ;
#1400 = FACE_OUTER_BOUND ( 'NONE', #1591, .T. ) ;
#1401 = ORIENTED_EDGE ( 'NONE', *, *, #3406, .T. ) ;
#1402 = DIRECTION ( 'NONE',  ( 0.0000000000000000000, -1.000000000000000000, 0.0000000000000000000 ) ) ;
#1403 = CARTESIAN_POINT ( 'NONE',  ( 42.96784720598139984, 2.093492502277374743E-15, 0.0000000000000000000 ) ) ;
#1404 = EDGE_CURVE ( 'NONE', #2708, #1325, #3221, .T. ) ;
#1405 = UNCERTAINTY_MEASURE_WITH_UNIT (LENGTH_MEASURE( 1.000000000000000082E-05 ), #2000, 'distance_accuracy_value', 'NONE');
#1406 = AXIS2_PLACEMENT_3D ( 'NONE', #159, #190, #168 ) ;
#1407 = CONICAL_SURFACE ( 'NONE', #996, 4.057500000000000107, 1.047197551196593857 ) ;
#1408 = VECTOR ( 'NONE', #3418, 999.9999999999998863 ) ;
#1409 = VECTOR ( 'NONE', #1274, 1000.000000000000000 ) ;
#1410 = CYLINDRICAL_SURFACE ( 'NONE', #833, 4.999999999999961808 ) ;
#1411 = ORIENTED_EDGE ( 'NONE', *, *, #386, .T. ) ;
#1412 = DIRECTION ( 'NONE',  ( -1.000000000000000000, -1.224606353822377258E-16, -0.0000000000000000000 ) ) ;
#1413 = ORIENTED_EDGE ( 'NONE', *, *, #2430, .F. ) ;
#1414 = LINE ( 'NONE', #3514, #1497 ) ;
#1415 = FACE_OUTER_BOUND ( 'NONE', #3181, .T. ) ;
#1416 = VERTEX_POINT ( 'NONE', #1071 ) ;
#1417 = AXIS2_PLACEMENT_3D ( 'NONE', #3090, #131, #138 ) ;
#1418 = EDGE_CURVE ( 'NONE', #4646, #1842, #3064, .T. ) ;
#1419 = VECTOR ( 'NONE', #4771, 1000.000000000000114 ) ;
#1420 = CIRCLE ( 'NONE', #1050, 4.172000000000002373 ) ;
#1421 = CONICAL_SURFACE ( 'NONE', #237, 4.172000000000002373, 0.9599310885968747042 ) ;
#1422 = CARTESIAN_POINT ( 'NONE',  ( 19.43691469878049816, 2.235490958484726972E-15, 0.0000000000000000000 ) ) ;
#1423 = DIRECTION ( 'NONE',  ( -1.000000000000000000, -0.0000000000000000000, -0.0000000000000000000 ) ) ;
#1424 = EDGE_LOOP ( 'NONE', ( #1087, #1214, #409, #3208, #250 ) ) ;
#1425 = LINE ( 'NONE', #4122, #1419 ) ;
#1426 = CARTESIAN_POINT ( 'NONE',  ( 19.43691469878049816, -5.000000000000001776, 6.123233995736772199E-16 ) ) ;
#1427 = CARTESIAN_POINT ( 'NONE',  ( 41.51546625360044374, 2.093492502277374743E-15, 0.0000000000000000000 ) ) ;
#1428 = AXIS2_PLACEMENT_3D ( 'NONE', #101, #107, #108 ) ;
#1429 = VERTEX_POINT ( 'NONE', #709 ) ;
#1430 = AXIS2_PLACEMENT_3D ( 'NONE', #56, #61, #69 ) ;
#1431 = ORIENTED_EDGE ( 'NONE', *, *, #3121, .F. ) ;
#1432 = EDGE_CURVE ( 'NONE', #727, #4336, #2846, .T. ) ;
#1433 = ORIENTED_EDGE ( 'NONE', *, *, #556, .F. ) ;
#1434 = VECTOR ( 'NONE', #3237, 1000.000000000000000 ) ;
#1435 = ORIENTED_EDGE ( 'NONE', *, *, #2821, .F. ) ;
#1436 = DIRECTION ( 'NONE',  ( 0.0000000000000000000, 0.0000000000000000000, 1.000000000000000000 ) ) ;
#1437 = EDGE_LOOP ( 'NONE', ( #2344, #2402, #2390, #2392, #2280, #2264 ) ) ;
#1438 = FACE_OUTER_BOUND ( 'NONE', #1815, .T. ) ;
#1439 = ADVANCED_FACE ( 'NONE', ( #3292 ), #2672, .T. ) ;
#1440 = VERTEX_POINT ( 'NONE', #2409 ) ;
#1441 = ORIENTED_EDGE ( 'NONE', *, *, #2892, .F. ) ;
#1442 = CARTESIAN_POINT ( 'NONE',  ( 41.51546625360044374, 2.093492502277374743E-15, 0.0000000000000000000 ) ) ;
#1443 = CARTESIAN_POINT ( 'NONE',  ( 5.000000000000000000, 4.685197434473813871, -6.505213034913026604E-15 ) ) ;
#1444 = ADVANCED_FACE ( 'NONE', ( #1812 ), #2442, .F. ) ;
#1445 = AXIS2_PLACEMENT_3D ( 'NONE', #346, #2, #19 ) ;
#1446 = DIRECTION ( 'NONE',  ( -1.000000000000000000, -1.224606353822377258E-16, -0.0000000000000000000 ) ) ;
#1447 = CARTESIAN_POINT ( 'NONE',  ( -31.74999999999995737, 0.0000000000000000000, 0.0000000000000000000 ) ) ;
#1448 = AXIS2_PLACEMENT_3D ( 'NONE', #205, #3525, #3060 ) ;
#1449 = CARTESIAN_POINT ( 'NONE',  ( 15.07977184163764228, 2.235490958484726972E-15, 0.0000000000000000000 ) ) ;
#1450 = DIRECTION ( 'NONE',  ( 0.0000000000000000000, -1.000000000000000000, 0.0000000000000000000 ) ) ;
#1451 = ORIENTED_EDGE ( 'NONE', *, *, #4516, .F. ) ;
#1452 = LINE ( 'NONE', #1592, #1110 ) ;
#1453 = ADVANCED_FACE ( 'NONE', ( #2790 ), #2474, .F. ) ;
#1454 = CARTESIAN_POINT ( 'NONE',  ( 19.72975196788616259, 6.123233995736598649E-16, -5.000000000000002665 ) ) ;
#1455 = EDGE_CURVE ( 'NONE', #18, #186, #2960, .T. ) ;
#1456 = CARTESIAN_POINT ( 'NONE',  ( 25.24643850830431191, 5.000000000000005329, 0.0000000000000000000 ) ) ;
#1457 = AXIS2_PLACEMENT_3D ( 'NONE', #3393, #1597, #3689 ) ;
#1458 = VERTEX_POINT ( 'NONE', #2551 ) ;
#1459 = ORIENTED_EDGE ( 'NONE', *, *, #3339, .F. ) ;
#1460 = CARTESIAN_POINT ( 'NONE',  ( 40.64285714285713880, 2.164491730381051252E-15, 0.0000000000000000000 ) ) ;
#1461 = DIRECTION ( 'NONE',  ( -1.000000000000000000, -1.224606353822377258E-16, -0.0000000000000000000 ) ) ;
#1462 = VECTOR ( 'NONE', #2298, 1000.000000000000000 ) ;
#1463 = CARTESIAN_POINT ( 'NONE',  ( 5.000000000000000000, 2.342598717236908712, 4.057499999999997442 ) ) ;
#1464 = VERTEX_POINT ( 'NONE', #2530 ) ;
#1465 = EDGE_LOOP ( 'NONE', ( #2519, #2514, #2495, #2492, #2469, #2445 ) ) ;
#1466 = ORIENTED_EDGE ( 'NONE', *, *, #1182, .F. ) ;
#1467 = DIRECTION ( 'NONE',  ( -1.000000000000000000, -1.224606353822377258E-16, -0.0000000000000000000 ) ) ;
#1468 = CARTESIAN_POINT ( 'NONE',  ( 5.000000000000000000, -2.342598717236908268, 4.057500000000003659 ) ) ;
#1469 = DIRECTION ( 'NONE',  ( -1.000000000000000000, -1.224606353822377258E-16, -0.0000000000000000000 ) ) ;
#1470 = ADVANCED_FACE ( 'NONE', ( #2788 ), #2554, .T. ) ;
#1471 = DIRECTION ( 'NONE',  ( 0.0000000000000000000, -1.000000000000000000, 0.0000000000000000000 ) ) ;
#1472 = ORIENTED_EDGE ( 'NONE', *, *, #2570, .F. ) ;
#1473 = ORIENTED_EDGE ( 'NONE', *, *, #2742, .T. ) ;
#1474 = CONICAL_SURFACE ( 'NONE', #4090, 5.000000000000003553, 0.9599310885968808105 ) ;
#1475 = AXIS2_PLACEMENT_3D ( 'NONE', #587, #3824, #4234 ) ;
#1476 = VERTEX_POINT ( 'NONE', #2683 ) ;
#1477 = AXIS2_PLACEMENT_3D ( 'NONE', #3316, #3502, #3045 ) ;
#1478 = CARTESIAN_POINT ( 'NONE',  ( 28.15120041306621346, 2.235490958484726972E-15, 0.0000000000000000000 ) ) ;
#1479 = LINE ( 'NONE', #4603, #4073 ) ;
#1480 = ORIENTED_EDGE ( 'NONE', *, *, #2252, .T. ) ;
#1481 = CONICAL_SURFACE ( 'NONE', #2508, 4.172000000000002373, 0.9599310885968747042 ) ;
#1482 = EDGE_LOOP ( 'NONE', ( #3702, #1291, #31, #967, #1281 ) ) ;
#1483 = CIRCLE ( 'NONE', #2487, 5.000000000000002665 ) ;
#1484 = ADVANCED_FACE ( 'NONE', ( #2579 ), #2479, .T. ) ;
#1485 = CIRCLE ( 'NONE', #2183, 5.000000000000003553 ) ;
#1486 = DIRECTION ( 'NONE',  ( -1.000000000000000000, -1.224606353822377258E-16, -0.0000000000000000000 ) ) ;
#1487 = FACE_OUTER_BOUND ( 'NONE', #1968, .T. ) ;
#1488 = EDGE_LOOP ( 'NONE', ( #4683, #4377, #4697, #4530 ) ) ;
#1489 = AXIS2_PLACEMENT_3D ( 'NONE', #1141, #1446, #1760 ) ;
#1490 = ORIENTED_EDGE ( 'NONE', *, *, #1014, .F. ) ;
#1491 = ORIENTED_EDGE ( 'NONE', *, *, #3989, .T. ) ;
#1492 = CARTESIAN_POINT ( 'NONE',  ( 37.15832339645758964, -1.733336949948512268E-29, 5.000000000000002665 ) ) ;
#1493 = CONICAL_SURFACE ( 'NONE', #1027, 5.000000000000003553, 0.9599310885968808105 ) ;
#1494 = VERTEX_POINT ( 'NONE', #2436 ) ;
#1495 = DIRECTION ( 'NONE',  ( 0.0000000000000000000, 1.000000000000000000, 0.0000000000000000000 ) ) ;
#1496 = CONICAL_SURFACE ( 'NONE', #431, 5.000000000000003553, 0.9599310885968808105 ) ;
#1497 = VECTOR ( 'NONE', #3541, 1000.000000000000000 ) ;
#1498 = EDGE_LOOP ( 'NONE', ( #893, #4093, #4509 ) ) ;
#1499 = CARTESIAN_POINT ( 'NONE',  ( -31.74999999999995737, 0.0000000000000000000, 0.0000000000000000000 ) ) ;
#1500 = CIRCLE ( 'NONE', #429, 5.000000000000003553 ) ;
#1501 = ADVANCED_FACE ( 'NONE', ( #2482 ), #2617, .T. ) ;
#1502 = VERTEX_POINT ( 'NONE', #2611 ) ;
#1503 = AXIS2_PLACEMENT_3D ( 'NONE', #293, #345, #249 ) ;
#1504 = AXIS2_PLACEMENT_3D ( 'NONE', #3223, #3463, #1349 ) ;
#1505 = EDGE_CURVE ( 'NONE', #602, #3283, #2525, .T. ) ;
#1506 = ORIENTED_EDGE ( 'NONE', *, *, #4018, .T. ) ;
#1507 = CARTESIAN_POINT ( 'NONE',  ( 5.000000000000000000, 2.342598717236898942, -4.057500000000005436 ) ) ;
#1508 = DIRECTION ( 'NONE',  ( 0.0000000000000000000, -1.000000000000000000, 0.0000000000000000000 ) ) ;
#1509 = CARTESIAN_POINT ( 'NONE',  ( 14.50000000000000000, -4.172000000000000597, 0.0000000000000000000 ) ) ;
#1510 = ORIENTED_EDGE ( 'NONE', *, *, #3741, .F. ) ;
#1511 = VERTEX_POINT ( 'NONE', #2593 ) ;
#1512 = ORIENTED_EDGE ( 'NONE', *, *, #3437, .F. ) ;
#1513 = VERTEX_POINT ( 'NONE', #2667 ) ;
#1514 = DIRECTION ( 'NONE',  ( -1.000000000000000000, -1.224606353822377258E-16, -0.0000000000000000000 ) ) ;
#1515 = CARTESIAN_POINT ( 'NONE',  ( 27.57142857142857295, 2.164491730381051252E-15, 0.0000000000000000000 ) ) ;
#1516 = AXIS2_PLACEMENT_3D ( 'NONE', #1507, #712, #2597 ) ;
#1517 = AXIS2_PLACEMENT_3D ( 'NONE', #943, #786, #2578 ) ;
#1518 = DIRECTION ( 'NONE',  ( 0.0000000000000000000, -1.000000000000000000, 0.0000000000000000000 ) ) ;
#1519 = CARTESIAN_POINT ( 'NONE',  ( 16.82499006312425749, 2.093492502277374743E-15, 0.0000000000000000000 ) ) ;
#1520 = DIRECTION ( 'NONE',  ( -0.5735764363510513775, -0.8191520442889881348, 0.0000000000000000000 ) ) ;
#1521 = AXIS2_PLACEMENT_3D ( 'NONE', #1194, #1189, #1184 ) ;
#1522 = ORIENTED_EDGE ( 'NONE', *, *, #674, .T. ) ;
#1523 = ORIENTED_EDGE ( 'NONE', *, *, #2950, .F. ) ;
#1524 = FACE_OUTER_BOUND ( 'NONE', #1887, .T. ) ;
#1525 = VERTEX_POINT ( 'NONE', #2640 ) ;
#1526 = DIRECTION ( 'NONE',  ( -1.000000000000000000, -1.224606353822377258E-16, -0.0000000000000000000 ) ) ;
#1527 = LINE ( 'NONE', #244, #4112 ) ;
#1528 = EDGE_CURVE ( 'NONE', #3063, #2115, #2577, .T. ) ;
#1529 = CARTESIAN_POINT ( 'NONE',  ( 38.31786707973287776, 2.235490958484726972E-15, 0.0000000000000000000 ) ) ;
#1530 = VERTEX_POINT ( 'NONE', #2618 ) ;
#1531 = EDGE_LOOP ( 'NONE', ( #1937, #263, #2332, #2339, #2706 ) ) ;
#1532 = VERTEX_POINT ( 'NONE', #2625 ) ;
#1533 = ORIENTED_EDGE ( 'NONE', *, *, #3493, .F. ) ;
#1534 = CARTESIAN_POINT ( 'NONE',  ( 26.99165672979092534, 5.000000000000005329, 6.123233995736770227E-16 ) ) ;
#1535 = DIRECTION ( 'NONE',  ( 0.0000000000000000000, -1.000000000000000000, 0.0000000000000000000 ) ) ;
#1536 = AXIS2_PLACEMENT_3D ( 'NONE', #2942, #2938, #2934 ) ;
#1537 = ORIENTED_EDGE ( 'NONE', *, *, #4153, .T. ) ;
#1538 = DIRECTION ( 'NONE',  ( -1.000000000000000000, -0.0000000000000000000, -0.0000000000000000000 ) ) ;
#1539 = DIRECTION ( 'NONE',  ( 1.000000000000000000, 1.224606353822377258E-16, 0.0000000000000000000 ) ) ;
#1540 = AXIS2_PLACEMENT_3D ( 'NONE', #703, #3347, #3356 ) ;
#1541 = ORIENTED_EDGE ( 'NONE', *, *, #4333, .T. ) ;
#1542 = DIRECTION ( 'NONE',  ( 0.5735764363510462704, 0.8191520442889915765, 0.0000000000000000000 ) ) ;
#1543 = ORIENTED_EDGE ( 'NONE', *, *, #4013, .F. ) ;
#1544 = DIRECTION ( 'NONE',  ( 0.0000000000000000000, 0.0000000000000000000, 1.000000000000000000 ) ) ;
#1545 = CARTESIAN_POINT ( 'NONE',  ( 26.99165672979092534, -1.733336949948512268E-29, 5.000000000000002665 ) ) ;
#1546 = EDGE_LOOP ( 'NONE', ( #360, #127, #4690, #1673, #3468 ) ) ;
#1547 = EDGE_CURVE ( 'NONE', #4584, #4154, #2385, .T. ) ;
#1548 = ORIENTED_EDGE ( 'NONE', *, *, #3897, .T. ) ;
#1549 = AXIS2_PLACEMENT_3D ( 'NONE', #812, #3326, #3892 ) ;
#1550 = DIRECTION ( 'NONE',  ( 0.0000000000000000000, 1.000000000000000000, 0.0000000000000000000 ) ) ;
#1551 = CARTESIAN_POINT ( 'NONE',  ( 31.05596231782811856, 5.000000000000005329, 0.0000000000000000000 ) ) ;
#1552 = CARTESIAN_POINT ( 'NONE',  ( 15.95238095238095433, 4.172000000000004150, 5.109226446042759579E-16 ) ) ;
#1553 = DIRECTION ( 'NONE',  ( -1.000000000000000000, -1.224606353822377258E-16, -0.0000000000000000000 ) ) ;
#1554 = VERTEX_POINT ( 'NONE', #2692 ) ;
#1555 = CARTESIAN_POINT ( 'NONE',  ( 44.12739088925669506, 2.235490958484726972E-15, 0.0000000000000000000 ) ) ;
#1556 = CIRCLE ( 'NONE', #302, 5.000000000000002665 ) ;
#1557 = CIRCLE ( 'NONE', #1044, 4.172000000000002373 ) ;
#1558 = ORIENTED_EDGE ( 'NONE', *, *, #3062, .T. ) ;
#1559 = EDGE_CURVE ( 'NONE', #1779, #1360, #2582, .T. ) ;
#1560 = AXIS2_PLACEMENT_3D ( 'NONE', #1443, #3444, #25 ) ;
#1561 = DIRECTION ( 'NONE',  ( -1.000000000000000000, -1.224606353822377258E-16, -0.0000000000000000000 ) ) ;
#1562 = AXIS2_PLACEMENT_3D ( 'NONE', #3983, #3978, #3973 ) ;
#1563 = DIRECTION ( 'NONE',  ( 0.0000000000000000000, -1.000000000000000000, 0.0000000000000000000 ) ) ;
#1564 = AXIS2_PLACEMENT_3D ( 'NONE', #3000, #2992, #2982 ) ;
#1565 = CONICAL_SURFACE ( 'NONE', #1792, 4.172000000000002373, 0.9599310885968747042 ) ;
#1566 = FACE_OUTER_BOUND ( 'NONE', #1546, .T. ) ;
#1567 = ORIENTED_EDGE ( 'NONE', *, *, #2366, .T. ) ;
#1568 = DIRECTION ( 'NONE',  ( 0.0000000000000000000, -1.000000000000000000, 0.0000000000000000000 ) ) ;
#1569 = DIRECTION ( 'NONE',  ( 1.000000000000000000, 1.224606353822377258E-16, 0.0000000000000000000 ) ) ;
#1570 = VERTEX_POINT ( 'NONE', #2746 ) ;
#1571 = CARTESIAN_POINT ( 'NONE',  ( 5.000000000000000000, -4.506943796211474136E-15, -4.057500000000000107 ) ) ;
#1572 = ORIENTED_EDGE ( 'NONE', *, *, #2670, .T. ) ;
#1573 = EDGE_CURVE ( 'NONE', #4523, #4332, #2335, .T. ) ;
#1574 = ADVANCED_FACE ( 'NONE', ( #2380 ), #2144, .T. ) ;
#1575 = CIRCLE ( 'NONE', #394, 5.000000000000002665 ) ;
#1576 = AXIS2_PLACEMENT_3D ( 'NONE', #1265, #1302, #1290 ) ;
#1577 = DIRECTION ( 'NONE',  ( 0.0000000000000000000, -1.000000000000000000, 0.0000000000000000000 ) ) ;
#1578 = DIRECTION ( 'NONE',  ( 0.0000000000000000000, -1.000000000000000000, 0.0000000000000000000 ) ) ;
#1579 = VECTOR ( 'NONE', #3933, 1000.000000000000000 ) ;
#1580 = CIRCLE ( 'NONE', #1051, 5.000000000000003553 ) ;
#1581 = AXIS2_PLACEMENT_3D ( 'NONE', #3411, #3403, #3408 ) ;
#1582 = ORIENTED_EDGE ( 'NONE', *, *, #4286, .F. ) ;
#1583 = ORIENTED_EDGE ( 'NONE', *, *, #3869, .F. ) ;
#1584 = CARTESIAN_POINT ( 'NONE',  ( 25.24643850830431191, 2.235490958484726972E-15, 0.0000000000000000000 ) ) ;
#1585 = ORIENTED_EDGE ( 'NONE', *, *, #2961, .T. ) ;
#1586 = CARTESIAN_POINT ( 'NONE',  ( 33.96072422259002366, 2.235490958484726972E-15, 0.0000000000000000000 ) ) ;
#1587 = ADVANCED_FACE ( 'NONE', ( #2208 ), #2100, .T. ) ;
#1588 = CARTESIAN_POINT ( 'NONE',  ( -31.74999999999995737, 0.0000000000000000000, 4.999999999999961808 ) ) ;
#1589 = DIRECTION ( 'NONE',  ( 0.0000000000000000000, 1.000000000000000000, 0.0000000000000000000 ) ) ;
#1590 = AXIS2_PLACEMENT_3D ( 'NONE', #1371, #1412, #3561 ) ;
#1591 = EDGE_LOOP ( 'NONE', ( #4343, #4164, #4635, #4163, #3908 ) ) ;
#1592 = CARTESIAN_POINT ( 'NONE',  ( -31.74999999999995737, 6.123233995736719937E-16, -4.999999999999961808 ) ) ;
#1593 = CARTESIAN_POINT ( 'NONE',  ( -31.74999999999995737, 0.0000000000000000000, 0.0000000000000000000 ) ) ;
#1594 = VECTOR ( 'NONE', #3928, 1000.000000000000000 ) ;
#1595 = EDGE_CURVE ( 'NONE', #3890, #2708, #2151, .T. ) ;
#1596 = AXIS2_PLACEMENT_3D ( 'NONE', #1449, #3481, #3485 ) ;
#1597 = DIRECTION ( 'NONE',  ( 1.000000000000000000, 0.0000000000000000000, 0.0000000000000000000 ) ) ;
#1598 = ORIENTED_EDGE ( 'NONE', *, *, #4554, .T. ) ;
#1599 = ADVANCED_FACE ( 'NONE', ( #2384 ), #1982, .T. ) ;
#1600 = DIRECTION ( 'NONE',  ( -1.000000000000000000, -1.224606353822377258E-16, -0.0000000000000000000 ) ) ;
#1601 = ADVANCED_BREP_SHAPE_REPRESENTATION ( 'M10X35', ( #4487, #2307 ), #1836 ) ;
#1602 = ORIENTED_EDGE ( 'NONE', *, *, #1432, .F. ) ;
#1603 = AXIS2_PLACEMENT_3D ( 'NONE', #1460, #295, #1402 ) ;
#1604 = EDGE_CURVE ( 'NONE', #3890, #1715, #2037, .T. ) ;
#1605 = AXIS2_PLACEMENT_3D ( 'NONE', #2895, #2887, #2880 ) ;
#1606 = ORIENTED_EDGE ( 'NONE', *, *, #2539, .T. ) ;
#1607 = DIRECTION ( 'NONE',  ( 0.0000000000000000000, -1.000000000000000000, 0.0000000000000000000 ) ) ;
#1608 = ORIENTED_EDGE ( 'NONE', *, *, #1241, .F. ) ;
#1609 = FACE_OUTER_BOUND ( 'NONE', #903, .T. ) ;
#1610 = ORIENTED_EDGE ( 'NONE', *, *, #3031, .T. ) ;
#1611 = DIRECTION ( 'NONE',  ( -1.000000000000000000, -1.224606353822377258E-16, -0.0000000000000000000 ) ) ;
#1612 = DIRECTION ( 'NONE',  ( -1.000000000000000000, -0.0000000000000000000, -0.0000000000000000000 ) ) ;
#1613 = CARTESIAN_POINT ( 'NONE',  ( 26.99165672979092534, 2.093492502277374743E-15, 0.0000000000000000000 ) ) ;
#1614 = EDGE_CURVE ( 'NONE', #2993, #1570, #2046, .T. ) ;
#1615 = CONICAL_SURFACE ( 'NONE', #4196, 5.000000000000003553, 0.9599310885968808105 ) ;
#1616 = CARTESIAN_POINT ( 'NONE',  ( 42.96784720598139984, -1.733336949948512268E-29, 5.000000000000002665 ) ) ;
#1617 = CONICAL_SURFACE ( 'NONE', #3263, 5.000000000000003553, 0.9599310885968808105 ) ;
#1618 = CARTESIAN_POINT ( 'NONE',  ( 28.15120041306621346, 2.235490958484726972E-15, 0.0000000000000000000 ) ) ;
#1619 = EDGE_LOOP ( 'NONE', ( #964, #2701, #136, #2410, #2691 ) ) ;
#1620 = AXIS2_PLACEMENT_3D ( 'NONE', #1936, #1928, #1922 ) ;
#1621 = EDGE_CURVE ( 'NONE', #1715, #1849, #1923, .T. ) ;
#1622 = AXIS2_PLACEMENT_3D ( 'NONE', #389, #416, #489 ) ;
#1623 = AXIS2_PLACEMENT_3D ( 'NONE', #4535, #4519, #4511 ) ;
#1624 = VECTOR ( 'NONE', #866, 1000.000000000000000 ) ;
#1625 = DIRECTION ( 'NONE',  ( -1.000000000000000000, -1.224606353822377258E-16, -0.0000000000000000000 ) ) ;
#1626 = CARTESIAN_POINT ( 'NONE',  ( 32.80118053931472843, -1.733336949948512268E-29, 5.000000000000002665 ) ) ;
#1627 = FACE_OUTER_BOUND ( 'NONE', #2971, .T. ) ;
#1628 = CONICAL_SURFACE ( 'NONE', #1072, 4.172000000000002373, 0.9599310885968747042 ) ;
#1629 = AXIS2_PLACEMENT_3D ( 'NONE', #3053, #2157, #1801 ) ;
#1630 = CARTESIAN_POINT ( 'NONE',  ( 17.40476190476190510, 2.164491730381051252E-15, 0.0000000000000000000 ) ) ;
#1631 = DIRECTION ( 'NONE',  ( -0.5735764363510513775, -0.8191520442889881348, 0.0000000000000000000 ) ) ;
#1632 = CIRCLE ( 'NONE', #388, 5.000000000000002665 ) ;
#1633 = ORIENTED_EDGE ( 'NONE', *, *, #3282, .T. ) ;
#1634 = CYLINDRICAL_SURFACE ( 'NONE', #47, 4.999999999999961808 ) ;
#1635 = LINE ( 'NONE', #4717, #3512 ) ;
#1636 = CARTESIAN_POINT ( 'NONE',  ( 26.69881946068526091, 2.235490958484726972E-15, 0.0000000000000000000 ) ) ;
#1637 = AXIS2_PLACEMENT_3D ( 'NONE', #2220, #2215, #2207 ) ;
#1638 = DIRECTION ( 'NONE',  ( 0.0000000000000000000, 0.0000000000000000000, 1.000000000000000000 ) ) ;
#1639 = AXIS2_PLACEMENT_3D ( 'NONE', #2095, #1899, #4696 ) ;
#1640 = ORIENTED_EDGE ( 'NONE', *, *, #4703, .T. ) ;
#1641 = CARTESIAN_POINT ( 'NONE',  ( 38.31786707973287776, -1.887411345499491136E-29, 5.000000000000004441 ) ) ;
#1642 = DIRECTION ( 'NONE',  ( -1.000000000000000000, -1.224606353822377258E-16, -0.0000000000000000000 ) ) ;
#1643 = ADVANCED_FACE ( 'NONE', ( #1873 ), #1628, .T. ) ;
#1644 = AXIS2_PLACEMENT_3D ( 'NONE', #912, #4305, #1578 ) ;
#1645 = ORIENTED_EDGE ( 'NONE', *, *, #735, .T. ) ;
#1646 = VECTOR ( 'NONE', #3801, 1000.000000000000000 ) ;
#1647 = AXIS2_PLACEMENT_3D ( 'NONE', #4640, #1020, #1148 ) ;
#1648 = CARTESIAN_POINT ( 'NONE',  ( -31.74999999999995737, 0.0000000000000000000, 0.0000000000000000000 ) ) ;
#1649 = CARTESIAN_POINT ( 'NONE',  ( 44.12739088925669506, 5.000000000000006217, 0.0000000000000000000 ) ) ;
#1650 = ORIENTED_EDGE ( 'NONE', *, *, #2334, .T. ) ;
#1651 = VECTOR ( 'NONE', #3704, 1000.000000000000000 ) ;
#1652 = ORIENTED_EDGE ( 'NONE', *, *, #2893, .T. ) ;
#1653 = CARTESIAN_POINT ( 'NONE',  ( 17.40476190476190510, 2.164491730381051252E-15, 0.0000000000000000000 ) ) ;
#1654 = ADVANCED_FACE ( 'NONE', ( #1809 ), #1493, .T. ) ;
#1655 = CARTESIAN_POINT ( 'NONE',  ( -31.74999999999995737, 0.0000000000000000000, 0.0000000000000000000 ) ) ;
#1656 = ORIENTED_EDGE ( 'NONE', *, *, #988, .T. ) ;
#1657 = VERTEX_POINT ( 'NONE', #3042 ) ;
#1658 = CARTESIAN_POINT ( 'NONE',  ( 34.83333333333333570, -4.172000000000000597, 5.616230220889765396E-16 ) ) ;
#1659 = ADVANCED_FACE ( 'NONE', ( #1758 ), #1701, .T. ) ;
#1660 = DIRECTION ( 'NONE',  ( 0.0000000000000000000, -1.000000000000000000, 0.0000000000000000000 ) ) ;
#1661 = AXIS2_PLACEMENT_3D ( 'NONE', #2277, #2263, #2230 ) ;
#1662 = DIRECTION ( 'NONE',  ( 1.000000000000000000, 1.224606353822377258E-16, 0.0000000000000000000 ) ) ;
#1663 = DIRECTION ( 'NONE',  ( 0.0000000000000000000, -1.000000000000000000, 0.0000000000000000000 ) ) ;
#1664 = ORIENTED_EDGE ( 'NONE', *, *, #3248, .T. ) ;
#1665 = LINE ( 'NONE', #4221, #777 ) ;
#1666 = DIRECTION ( 'NONE',  ( -1.000000000000000000, -1.224606353822377258E-16, -0.0000000000000000000 ) ) ;
#1667 = DIRECTION ( 'NONE',  ( 0.0000000000000000000, 1.000000000000000000, 0.0000000000000000000 ) ) ;
#1668 = VERTEX_POINT ( 'NONE', #3071 ) ;
#1669 = DIRECTION ( 'NONE',  ( 0.0000000000000000000, -1.000000000000000000, 0.0000000000000000000 ) ) ;
#1670 = AXIS2_PLACEMENT_3D ( 'NONE', #1043, #969, #979 ) ;
#1671 = AXIS2_PLACEMENT_3D ( 'NONE', #637, #4329, #4085 ) ;
#1672 = LINE ( 'NONE', #3101, #300 ) ;
#1673 = ORIENTED_EDGE ( 'NONE', *, *, #724, .F. ) ;
#1674 = DIRECTION ( 'NONE',  ( 0.0000000000000000000, 1.000000000000000000, 0.0000000000000000000 ) ) ;
#1675 = DIRECTION ( 'NONE',  ( -1.000000000000000000, -1.224606353822377258E-16, -0.0000000000000000000 ) ) ;
#1676 = CARTESIAN_POINT ( 'NONE',  ( 15.07977184163764228, 2.235490958484726972E-15, 0.0000000000000000000 ) ) ;
#1677 = ORIENTED_EDGE ( 'NONE', *, *, #202, .F. ) ;
#1678 = VECTOR ( 'NONE', #1724, 1000.000000000000000 ) ;
#1679 = AXIS2_PLACEMENT_3D ( 'NONE', #2214, #1896, #2330 ) ;
#1680 = CARTESIAN_POINT ( 'NONE',  ( 33.96072422259002366, 2.235490958484726972E-15, 0.0000000000000000000 ) ) ;
#1681 = CARTESIAN_POINT ( 'NONE',  ( 38.61070434883854574, 2.093492502277374743E-15, 0.0000000000000000000 ) ) ;
#1682 = CARTESIAN_POINT ( 'NONE',  ( 25.53927577740996924, 2.093492502277374743E-15, 0.0000000000000000000 ) ) ;
#1683 = CONICAL_SURFACE ( 'NONE', #2374, 4.172000000000002373, 0.9599310885968747042 ) ;
#1684 = ADVANCED_FACE ( 'NONE', ( #1693 ), #1407, .F. ) ;
#1685 = VECTOR ( 'NONE', #3445, 1000.000000000000114 ) ;
#1686 = DIRECTION ( 'NONE',  ( 0.5735764363510462704, 0.8191520442889915765, 0.0000000000000000000 ) ) ;
#1687 = AXIS2_PLACEMENT_3D ( 'NONE', #2343, #643, #4324 ) ;
#1688 = ORIENTED_EDGE ( 'NONE', *, *, #4344, .T. ) ;
#1689 = EDGE_LOOP ( 'NONE', ( #4588, #3677, #358, #4007, #762 ) ) ;
#1690 = VECTOR ( 'NONE', #1951, 1000.000000000000000 ) ;
#1691 = DIRECTION ( 'NONE',  ( -1.000000000000000000, -0.0000000000000000000, -0.0000000000000000000 ) ) ;
#1692 = DIRECTION ( 'NONE',  ( 1.000000000000000000, 1.224606353822377258E-16, 0.0000000000000000000 ) ) ;
#1693 = FACE_OUTER_BOUND ( 'NONE', #3426, .T. ) ;
#1694 = AXIS2_PLACEMENT_3D ( 'NONE', #1468, #4283, #4288 ) ;
#1695 = AXIS2_PLACEMENT_3D ( 'NONE', #1906, #1900, #1898 ) ;
#1696 = VERTEX_POINT ( 'NONE', #3103 ) ;
#1697 = CARTESIAN_POINT ( 'NONE',  ( 5.000000000000000000, 3.513898075855355518, -2.028750000000005826 ) ) ;
#1698 = ORIENTED_EDGE ( 'NONE', *, *, #458, .T. ) ;
#1699 = EDGE_LOOP ( 'NONE', ( #4374, #4681, #3950, #4679, #3946 ) ) ;
#1700 = CARTESIAN_POINT ( 'NONE',  ( 38.31786707973287776, 5.000000000000005329, 0.0000000000000000000 ) ) ;
#1701 = CYLINDRICAL_SURFACE ( 'NONE', #974, 4.999999999999961808 ) ;
#1702 =( GEOMETRIC_REPRESENTATION_CONTEXT ( 3 ) GLOBAL_UNCERTAINTY_ASSIGNED_CONTEXT ( ( #2755 ) ) GLOBAL_UNIT_ASSIGNED_CONTEXT ( ( #848, #776, #411 ) ) REPRESENTATION_CONTEXT ( 'NONE', 'WORKASPACE' ) );
#1703 = ORIENTED_EDGE ( 'NONE', *, *, #2930, .F. ) ;
#1704 = FACE_OUTER_BOUND ( 'NONE', #2922, .T. ) ;
#1705 = EDGE_LOOP ( 'NONE', ( #392, #1212, #1401, #933, #4183 ) ) ;
#1706 = FACE_OUTER_BOUND ( 'NONE', #53, .T. ) ;
#1707 = ORIENTED_EDGE ( 'NONE', *, *, #1573, .T. ) ;
#1708 = ADVANCED_FACE ( 'NONE', ( #1756 ), #1200, .T. ) ;
#1709 = CARTESIAN_POINT ( 'NONE',  ( 33.96072422259002366, -5.000000000000001776, 6.123233995736772199E-16 ) ) ;
#1710 = DIRECTION ( 'NONE',  ( 0.0000000000000000000, 1.000000000000000000, 0.0000000000000000000 ) ) ;
#1711 = DIRECTION ( 'NONE',  ( 1.000000000000000000, 1.224606353822377258E-16, 0.0000000000000000000 ) ) ;
#1712 = AXIS2_PLACEMENT_3D ( 'NONE', #870, #2311, #4653 ) ;
#1713 = ORIENTED_EDGE ( 'NONE', *, *, #2434, .T. ) ;
#1714 = CIRCLE ( 'NONE', #4125, 5.000000000000002665 ) ;
#1715 = VERTEX_POINT ( 'NONE', #3119 ) ;
#1716 = AXIS2_PLACEMENT_3D ( 'NONE', #4630, #3799, #655 ) ;
#1717 = AXIS2_PLACEMENT_3D ( 'NONE', #4272, #4273, #4276 ) ;
#1718 = CARTESIAN_POINT ( 'NONE',  ( 37.15832339645758964, -5.000000000000000000, 0.0000000000000000000 ) ) ;
#1719 = DIRECTION ( 'NONE',  ( -1.000000000000000000, -0.0000000000000000000, -0.0000000000000000000 ) ) ;
#1720 = VERTEX_POINT ( 'NONE', #3139 ) ;
#1721 = VERTEX_POINT ( 'NONE', #3141 ) ;
#1722 = DIRECTION ( 'NONE',  ( 0.0000000000000000000, 1.000000000000000000, 0.0000000000000000000 ) ) ;
#1723 = DIRECTION ( 'NONE',  ( 0.0000000000000000000, -1.000000000000000000, 0.0000000000000000000 ) ) ;
#1724 = DIRECTION ( 'NONE',  ( -1.000000000000000000, -0.0000000000000000000, -0.0000000000000000000 ) ) ;
#1725 = CARTESIAN_POINT ( 'NONE',  ( 39.19047619047618980, 2.164491730381051252E-15, 0.0000000000000000000 ) ) ;
#1726 = ORIENTED_EDGE ( 'NONE', *, *, #2423, .F. ) ;
#1727 = DIRECTION ( 'NONE',  ( -1.000000000000000000, -1.224606353822377258E-16, -0.0000000000000000000 ) ) ;
#1728 = CARTESIAN_POINT ( 'NONE',  ( 26.69881946068526091, 2.235490958484726972E-15, 0.0000000000000000000 ) ) ;
#1729 = ORIENTED_EDGE ( 'NONE', *, *, #3578, .T. ) ;
#1730 = DIRECTION ( 'NONE',  ( 1.000000000000000000, 0.0000000000000000000, 0.0000000000000000000 ) ) ;
#1731 = DIRECTION ( 'NONE',  ( 0.0000000000000000000, -1.000000000000000000, 0.0000000000000000000 ) ) ;
#1732 = DIRECTION ( 'NONE',  ( -1.000000000000000000, -1.224606353822377258E-16, -0.0000000000000000000 ) ) ;
#1733 = EDGE_LOOP ( 'NONE', ( #4006, #4404, #4211, #4399 ) ) ;
#1734 = VERTEX_POINT ( 'NONE', #3117 ) ;
#1735 = AXIS2_PLACEMENT_3D ( 'NONE', #4642, #3619, #4639 ) ;
#1736 = AXIS2_PLACEMENT_3D ( 'NONE', #4638, #4633, #4628 ) ;
#1737 = ORIENTED_EDGE ( 'NONE', *, *, #928, .T. ) ;
#1738 = ORIENTED_EDGE ( 'NONE', *, *, #2292, .T. ) ;
#1739 = CARTESIAN_POINT ( 'NONE',  ( 19.43691469878049816, -5.000000000000000888, 6.123233995736771213E-16 ) ) ;
#1740 = LINE ( 'NONE', #2762, #3666 ) ;
#1741 = CARTESIAN_POINT ( 'NONE',  ( 41.22262898449478286, -1.964448543274980570E-29, 5.000000000000004441 ) ) ;
#1742 = ORIENTED_EDGE ( 'NONE', *, *, #3660, .F. ) ;
#1743 = AXIS2_PLACEMENT_3D ( 'NONE', #1422, #1388, #1385 ) ;
#1744 = VECTOR ( 'NONE', #3190, 1000.000000000000000 ) ;
#1745 = AXIS2_PLACEMENT_3D ( 'NONE', #4674, #4724, #4677 ) ;
#1746 = CONICAL_SURFACE ( 'NONE', #1976, 4.172000000000002373, 0.9599310885968747042 ) ;
#1747 = CARTESIAN_POINT ( 'NONE',  ( 29.60358136544716601, 6.123233995736582872E-16, -5.000000000000004441 ) ) ;
#1748 = VECTOR ( 'NONE', #3215, 1000.000000000000000 ) ;
#1749 = CARTESIAN_POINT ( 'NONE',  ( 41.22262898449478286, 2.235490958484726972E-15, 0.0000000000000000000 ) ) ;
#1750 = CIRCLE ( 'NONE', #1605, 5.000000000000003553 ) ;
#1751 = LINE ( 'NONE', #3443, #4741 ) ;
#1752 = FACE_OUTER_BOUND ( 'NONE', #3901, .T. ) ;
#1753 = DIRECTION ( 'NONE',  ( 0.0000000000000000000, -1.000000000000000000, 0.0000000000000000000 ) ) ;
#1754 = CARTESIAN_POINT ( 'NONE',  ( 17.40476190476190510, 4.172000000000004150, 5.109226446042759579E-16 ) ) ;
#1755 = VERTEX_POINT ( 'NONE', #3107 ) ;
#1756 = FACE_OUTER_BOUND ( 'NONE', #2813, .T. ) ;
#1757 = CIRCLE ( 'NONE', #1745, 5.000000000000003553 ) ;
#1758 = FACE_OUTER_BOUND ( 'NONE', #196, .T. ) ;
#1759 = ADVANCED_FACE ( 'NONE', ( #1487 ), #3066, .T. ) ;
#1760 = DIRECTION ( 'NONE',  ( 0.0000000000000000000, -1.000000000000000000, 0.0000000000000000000 ) ) ;
#1761 = SURFACE_STYLE_FILL_AREA ( #4449 ) ;
#1762 = VERTEX_POINT ( 'NONE', #3195 ) ;
#1763 = DIRECTION ( 'NONE',  ( 0.0000000000000000000, -1.000000000000000000, 0.0000000000000000000 ) ) ;
#1764 = EDGE_CURVE ( 'NONE', #885, #727, #2093, .T. ) ;
#1765 = VERTEX_POINT ( 'NONE', #3225 ) ;
#1766 = VECTOR ( 'NONE', #3791, 1000.000000000000000 ) ;
#1767 = CARTESIAN_POINT ( 'NONE',  ( 29.89641863455282689, -5.000000000000000000, 0.0000000000000000000 ) ) ;
#1768 = CARTESIAN_POINT ( 'NONE',  ( -31.74999999999995737, 6.123233995736719937E-16, -4.999999999999961808 ) ) ;
#1769 = ORIENTED_EDGE ( 'NONE', *, *, #3048, .F. ) ;
#1770 = ORIENTED_EDGE ( 'NONE', *, *, #1153, .F. ) ;
#1771 = AXIS2_PLACEMENT_3D ( 'NONE', #756, #2120, #147 ) ;
#1772 = DIRECTION ( 'NONE',  ( 0.5735764363510462704, 0.8191520442889915765, 0.0000000000000000000 ) ) ;
#1773 = CARTESIAN_POINT ( 'NONE',  ( -31.74999999999995737, 0.0000000000000000000, 0.0000000000000000000 ) ) ;
#1774 = DIRECTION ( 'NONE',  ( -1.000000000000000000, -1.224606353822377258E-16, -0.0000000000000000000 ) ) ;
#1775 = ORIENTED_EDGE ( 'NONE', *, *, #988, .F. ) ;
#1776 = ORIENTED_EDGE ( 'NONE', *, *, #1393, .F. ) ;
#1777 = VECTOR ( 'NONE', #3915, 1000.000000000000000 ) ;
#1778 = ORIENTED_EDGE ( 'NONE', *, *, #4540, .F. ) ;
#1779 = VERTEX_POINT ( 'NONE', #3274 ) ;
#1780 = AXIS2_PLACEMENT_3D ( 'NONE', #2052, #2050, #2048 ) ;
#1781 = AXIS2_PLACEMENT_3D ( 'NONE', #1593, #1691, #4499 ) ;
#1782 = CARTESIAN_POINT ( 'NONE',  ( 38.61070434883854574, 2.093492502277374743E-15, 0.0000000000000000000 ) ) ;
#1783 = ORIENTED_EDGE ( 'NONE', *, *, #3183, .T. ) ;
#1784 = CARTESIAN_POINT ( 'NONE',  ( 28.44403768217187789, -1.733336949948512268E-29, 5.000000000000002665 ) ) ;
#1785 = ORIENTED_EDGE ( 'NONE', *, *, #3038, .F. ) ;
#1786 = DIRECTION ( 'NONE',  ( 0.0000000000000000000, -1.000000000000000000, 0.0000000000000000000 ) ) ;
#1787 = DIRECTION ( 'NONE',  ( -1.000000000000000000, -1.224606353822377258E-16, -0.0000000000000000000 ) ) ;
#1788 = ORIENTED_EDGE ( 'NONE', *, *, #3669, .F. ) ;
#1789 = DIRECTION ( 'NONE',  ( -1.000000000000000000, -1.224606353822377258E-16, -0.0000000000000000000 ) ) ;
#1790 = CARTESIAN_POINT ( 'NONE',  ( 25.53927577740996924, 2.093492502277374743E-15, 0.0000000000000000000 ) ) ;
#1791 = EDGE_LOOP ( 'NONE', ( #3633, #1170, #1038, #4079, #348 ) ) ;
#1792 = AXIS2_PLACEMENT_3D ( 'NONE', #2657, #2651, #3945 ) ;
#1793 = AXIS2_PLACEMENT_3D ( 'NONE', #3733, #1625, #3730 ) ;
#1794 = DIRECTION ( 'NONE',  ( -1.000000000000000000, -0.0000000000000000000, -0.0000000000000000000 ) ) ;
#1795 = EDGE_LOOP ( 'NONE', ( #2168, #2243, #1902, #2297, #2323 ) ) ;
#1796 = VERTEX_POINT ( 'NONE', #3210 ) ;
#1797 = EDGE_LOOP ( 'NONE', ( #380, #225, #1737, #1656, #1974 ) ) ;
#1798 = ORIENTED_EDGE ( 'NONE', *, *, #548, .F. ) ;
#1799 = CIRCLE ( 'NONE', #2461, 5.000000000000003553 ) ;
#1800 = CARTESIAN_POINT ( 'NONE',  ( 42.67500993687573896, 6.123233995736573011E-16, -5.000000000000004441 ) ) ;
#1801 = DIRECTION ( 'NONE',  ( 0.0000000000000000000, -1.000000000000000000, 0.0000000000000000000 ) ) ;
#1802 = ORIENTED_EDGE ( 'NONE', *, *, #3685, .F. ) ;
#1803 = LINE ( 'NONE', #311, #1744 ) ;
#1804 = ORIENTED_EDGE ( 'NONE', *, *, #4391, .F. ) ;
#1805 = LINE ( 'NONE', #3245, #1917 ) ;
#1806 = LINE ( 'NONE', #3878, #3827 ) ;
#1807 = DIRECTION ( 'NONE',  ( 0.0000000000000000000, -1.000000000000000000, 0.0000000000000000000 ) ) ;
#1808 = CONICAL_SURFACE ( 'NONE', #1735, 5.000000000000003553, 0.9599310885968808105 ) ;
#1809 = FACE_OUTER_BOUND ( 'NONE', #3261, .T. ) ;
#1810 = EDGE_LOOP ( 'NONE', ( #3544, #2996, #3296, #1040, #3547 ) ) ;
#1811 = AXIS2_PLACEMENT_3D ( 'NONE', #3756, #3686, #3308 ) ;
#1812 = FACE_OUTER_BOUND ( 'NONE', #4360, .T. ) ;
#1813 = DIRECTION ( 'NONE',  ( -1.000000000000000000, -1.224606353822377258E-16, -0.0000000000000000000 ) ) ;
#1814 = DIRECTION ( 'NONE',  ( -1.000000000000000000, -1.224606353822377258E-16, -0.0000000000000000000 ) ) ;
#1815 = EDGE_LOOP ( 'NONE', ( #2800, #2848, #2866, #2891, #2924 ) ) ;
#1816 = CYLINDRICAL_SURFACE ( 'NONE', #4455, 4.999999999999961808 ) ;
#1817 = CARTESIAN_POINT ( 'NONE',  ( 25.24643850830431191, 2.235490958484726972E-15, 0.0000000000000000000 ) ) ;
#1818 = TOROIDAL_SURFACE ( 'NONE', #2161, 5.399999999999962164, 0.4000000000000000222 ) ;
#1819 = CARTESIAN_POINT ( 'NONE',  ( 28.44403768217187789, 6.123233995736598649E-16, -5.000000000000002665 ) ) ;
#1820 = FACE_OUTER_BOUND ( 'NONE', #3715, .T. ) ;
#1821 = CARTESIAN_POINT ( 'NONE',  ( 42.96784720598139984, 2.093492502277374743E-15, 0.0000000000000000000 ) ) ;
#1822 = AXIS2_PLACEMENT_3D ( 'NONE', #3722, #4043, #4024 ) ;
#1823 = ORIENTED_EDGE ( 'NONE', *, *, #928, .F. ) ;
#1824 = CIRCLE ( 'NONE', #1687, 5.000000000000002665 ) ;
#1825 = DIRECTION ( 'NONE',  ( 0.0000000000000000000, 0.0000000000000000000, 1.000000000000000000 ) ) ;
#1826 = CIRCLE ( 'NONE', #413, 5.000000000000003553 ) ;
#1827 = AXIS2_PLACEMENT_3D ( 'NONE', #4103, #4095, #4065 ) ;
#1828 = AXIS2_PLACEMENT_3D ( 'NONE', #4033, #4028, #4027 ) ;
#1829 = AXIS2_PLACEMENT_3D ( 'NONE', #1267, #4716, #2720 ) ;
#1830 = ORIENTED_EDGE ( 'NONE', *, *, #4260, .F. ) ;
#1831 = ORIENTED_EDGE ( 'NONE', *, *, #3757, .T. ) ;
#1832 = FACE_OUTER_BOUND ( 'NONE', #4255, .T. ) ;
#1833 = ADVANCED_FACE ( 'NONE', ( #1140 ), #4446, .T. ) ;
#1834 = VERTEX_POINT ( 'NONE', #1456 ) ;
#1835 = CIRCLE ( 'NONE', #1623, 4.172000000000002373 ) ;
#1836 =( GEOMETRIC_REPRESENTATION_CONTEXT ( 3 ) GLOBAL_UNCERTAINTY_ASSIGNED_CONTEXT ( ( #1039 ) ) GLOBAL_UNIT_ASSIGNED_CONTEXT ( ( #2855, #2852, #2842 ) ) REPRESENTATION_CONTEXT ( 'NONE', 'WORKASPACE' ) );
#1837 = DIRECTION ( 'NONE',  ( 1.000000000000000000, 1.224606353822377258E-16, 0.0000000000000000000 ) ) ;
#1838 = DIRECTION ( 'NONE',  ( 0.0000000000000000000, 0.0000000000000000000, 1.000000000000000000 ) ) ;
#1839 = ORIENTED_EDGE ( 'NONE', *, *, #3691, .F. ) ;
#1840 = ORIENTED_EDGE ( 'NONE', *, *, #4445, .T. ) ;
#1841 = AXIS2_PLACEMENT_3D ( 'NONE', #4115, #4137, #4132 ) ;
#1842 = VERTEX_POINT ( 'NONE', #3369 ) ;
#1843 = EDGE_LOOP ( 'NONE', ( #1847, #1598, #1652, #1664, #1703, #1220 ) ) ;
#1844 = AXIS2_PLACEMENT_3D ( 'NONE', #4108, #4157, #4267 ) ;
#1845 = DIRECTION ( 'NONE',  ( 0.0000000000000000000, -1.000000000000000000, 0.0000000000000000000 ) ) ;
#1846 = VECTOR ( 'NONE', #698, 1000.000000000000000 ) ;
#1847 = ORIENTED_EDGE ( 'NONE', *, *, #3183, .F. ) ;
#1848 = AXIS2_PLACEMENT_3D ( 'NONE', #4181, #4176, #4173 ) ;
#1849 = VERTEX_POINT ( 'NONE', #1463 ) ;
#1850 = FACE_OUTER_BOUND ( 'NONE', #3729, .T. ) ;
#1851 = DIRECTION ( 'NONE',  ( -1.000000000000000000, -0.0000000000000000000, -0.0000000000000000000 ) ) ;
#1852 = EDGE_LOOP ( 'NONE', ( #2189, #2163, #2175, #2346, #1897 ) ) ;
#1853 = DIRECTION ( 'NONE',  ( -1.000000000000000000, -1.224606353822377258E-16, -0.0000000000000000000 ) ) ;
#1854 = ORIENTED_EDGE ( 'NONE', *, *, #3533, .T. ) ;
#1855 = CIRCLE ( 'NONE', #3826, 5.000000000000003553 ) ;
#1856 = DIRECTION ( 'NONE',  ( -1.000000000000000000, -1.224606353822377258E-16, -0.0000000000000000000 ) ) ;
#1857 = CARTESIAN_POINT ( 'NONE',  ( 18.27737101550521004, 2.093492502277374743E-15, 0.0000000000000000000 ) ) ;
#1858 = CARTESIAN_POINT ( 'NONE',  ( 1.500000000000001332, 0.0000000000000000000, 8.000000000000000000 ) ) ;
#1859 = ORIENTED_EDGE ( 'NONE', *, *, #3897, .F. ) ;
#1860 = CARTESIAN_POINT ( 'NONE',  ( -0.0000000000000000000, -2.342598717236917594, -4.057500000000000107 ) ) ;
#1861 = CONICAL_SURFACE ( 'NONE', #2721, 4.172000000000002373, 0.9599310885968747042 ) ;
#1862 = DIRECTION ( 'NONE',  ( -1.000000000000000000, -0.0000000000000000000, -0.0000000000000000000 ) ) ;
#1863 = CARTESIAN_POINT ( 'NONE',  ( 23.79405755592335581, -1.887411345499491136E-29, 5.000000000000004441 ) ) ;
#1864 = ORIENTED_EDGE ( 'NONE', *, *, #3248, .F. ) ;
#1865 = CIRCLE ( 'NONE', #5, 5.000000000000002665 ) ;
#1866 = CIRCLE ( 'NONE', #2167, 4.999999999999922728 ) ;
#1867 = DIRECTION ( 'NONE',  ( 0.0000000000000000000, 0.0000000000000000000, 1.000000000000000000 ) ) ;
#1868 = CARTESIAN_POINT ( 'NONE',  ( -31.74999999999995737, 0.0000000000000000000, 0.0000000000000000000 ) ) ;
#1869 = LINE ( 'NONE', #2747, #2615 ) ;
#1870 = VECTOR ( 'NONE', #2919, 1000.000000000000114 ) ;
#1871 = ADVANCED_FACE ( 'NONE', ( #1415 ), #877, .T. ) ;
#1872 = FACE_OUTER_BOUND ( 'NONE', #3532, .T. ) ;
#1873 = FACE_OUTER_BOUND ( 'NONE', #662, .T. ) ;
#1874 = CARTESIAN_POINT ( 'NONE',  ( 42.09523809523809490, 2.164491730381051252E-15, 0.0000000000000000000 ) ) ;
#1875 = VECTOR ( 'NONE', #515, 1000.000000000000000 ) ;
#1876 = CYLINDRICAL_SURFACE ( 'NONE', #1503, 4.999999999999961808 ) ;
#1877 = CARTESIAN_POINT ( 'NONE',  ( 42.09523809523809490, 4.172000000000004150, 5.109226446042759579E-16 ) ) ;
#1878 = DIRECTION ( 'NONE',  ( 0.0000000000000000000, -1.000000000000000000, 0.0000000000000000000 ) ) ;
#1879 = CARTESIAN_POINT ( 'NONE',  ( 20.88929565116145426, 6.123233995736582872E-16, -5.000000000000004441 ) ) ;
#1880 = ORIENTED_EDGE ( 'NONE', *, *, #3482, .T. ) ;
#1881 = CIRCLE ( 'NONE', #437, 5.000000000000003553 ) ;
#1882 = DIRECTION ( 'NONE',  ( -1.000000000000000000, -1.224606353822377258E-16, -0.0000000000000000000 ) ) ;
#1883 = DIRECTION ( 'NONE',  ( -1.000000000000000000, -1.224606353822377258E-16, -0.0000000000000000000 ) ) ;
#1884 = DIRECTION ( 'NONE',  ( -1.000000000000000000, -1.224606353822377258E-16, -0.0000000000000000000 ) ) ;
#1885 = CARTESIAN_POINT ( 'NONE',  ( 25.53927577740996924, 2.093492502277374743E-15, 0.0000000000000000000 ) ) ;
#1886 = CARTESIAN_POINT ( 'NONE',  ( 30.47619047619047450, 2.164491730381051252E-15, 0.0000000000000000000 ) ) ;
#1887 = EDGE_LOOP ( 'NONE', ( #1522, #1961, #222, #2448, #3355 ) ) ;
#1888 = AXIS2_PLACEMENT_3D ( 'NONE', #3855, #3852, #3846 ) ;
#1889 = ORIENTED_EDGE ( 'NONE', *, *, #3264, .F. ) ;
#1890 = DIRECTION ( 'NONE',  ( 0.0000000000000000000, -1.000000000000000000, 0.0000000000000000000 ) ) ;
#1891 = ORIENTED_EDGE ( 'NONE', *, *, #767, .T. ) ;
#1892 = AXIS2_PLACEMENT_3D ( 'NONE', #4257, #4253, #4238 ) ;
#1893 = CARTESIAN_POINT ( 'NONE',  ( 20.30952380952381375, -4.172000000000000597, 0.0000000000000000000 ) ) ;
#1894 = ORIENTED_EDGE ( 'NONE', *, *, #4500, .F. ) ;
#1895 = DIRECTION ( 'NONE',  ( 1.000000000000000000, 1.224606353822377258E-16, 0.0000000000000000000 ) ) ;
#1896 = DIRECTION ( 'NONE',  ( 0.0000000000000000000, 0.8660254037844380415, -0.5000000000000011102 ) ) ;
#1897 = ORIENTED_EDGE ( 'NONE', *, *, #2464, .F. ) ;
#1898 = DIRECTION ( 'NONE',  ( 0.0000000000000000000, -1.000000000000000000, 0.0000000000000000000 ) ) ;
#1899 = DIRECTION ( 'NONE',  ( 1.000000000000000000, 1.224606353822377258E-16, 0.0000000000000000000 ) ) ;
#1900 = DIRECTION ( 'NONE',  ( -1.000000000000000000, -1.224606353822377258E-16, -0.0000000000000000000 ) ) ;
#1901 = CARTESIAN_POINT ( 'NONE',  ( 14.50000000000000000, 2.164491730381051252E-15, 0.0000000000000000000 ) ) ;
#1902 = ORIENTED_EDGE ( 'NONE', *, *, #3039, .T. ) ;
#1903 = FACE_OUTER_BOUND ( 'NONE', #815, .T. ) ;
#1904 = ADVANCED_FACE ( 'NONE', ( #1346 ), #742, .T. ) ;
#1905 = DIRECTION ( 'NONE',  ( -1.000000000000000000, -0.0000000000000000000, -0.0000000000000000000 ) ) ;
#1906 = CARTESIAN_POINT ( 'NONE',  ( 24.66666666666667140, 2.164491730381051252E-15, 0.0000000000000000000 ) ) ;
#1907 = DIRECTION ( 'NONE',  ( -1.000000000000000000, -1.224606353822377258E-16, -0.0000000000000000000 ) ) ;
#1908 = CARTESIAN_POINT ( 'NONE',  ( 44.12739088925669506, 6.123233995736573011E-16, -5.000000000000004441 ) ) ;
#1909 = ADVANCED_FACE ( 'NONE', ( #1067 ), #670, .T. ) ;
#1910 = DIRECTION ( 'NONE',  ( 0.0000000000000000000, -1.000000000000000000, 0.0000000000000000000 ) ) ;
#1911 = ORIENTED_EDGE ( 'NONE', *, *, #4657, .T. ) ;
#1912 = AXIS2_PLACEMENT_3D ( 'NONE', #4199, #4648, #2689 ) ;
#1913 = CARTESIAN_POINT ( 'NONE',  ( 39.77024803211383386, 2.235490958484726972E-15, 0.0000000000000000000 ) ) ;
#1914 = UNCERTAINTY_MEASURE_WITH_UNIT (LENGTH_MEASURE( 1.000000000000000082E-05 ), #1037, 'distance_accuracy_value', 'NONE');
#1915 = CIRCLE ( 'NONE', #2455, 5.000000000000002665 ) ;
#1916 = ORIENTED_EDGE ( 'NONE', *, *, #3977, .F. ) ;
#1917 = VECTOR ( 'NONE', #3209, 1000.000000000000000 ) ;
#1918 = LINE ( 'NONE', #3109, #4356 ) ;
#1919 = AXIS2_PLACEMENT_3D ( 'NONE', #2719, #2705, #4426 ) ;
#1920 = VERTEX_POINT ( 'NONE', #1641 ) ;
#1921 = CARTESIAN_POINT ( 'NONE',  ( -31.74999999999995737, 6.123233995736719937E-16, -4.999999999999961808 ) ) ;
#1922 = DIRECTION ( 'NONE',  ( 0.0000000000000000000, -1.000000000000000000, 0.0000000000000000000 ) ) ;
#1923 = LINE ( 'NONE', #2984, #1870 ) ;
#1924 = DIRECTION ( 'NONE',  ( -1.000000000000000000, -0.0000000000000000000, -0.0000000000000000000 ) ) ;
#1925 = AXIS2_PLACEMENT_3D ( 'NONE', #4597, #3695, #4606 ) ;
#1926 = ORIENTED_EDGE ( 'NONE', *, *, #3717, .T. ) ;
#1927 = EDGE_LOOP ( 'NONE', ( #1239, #954, #3596, #3644, #1077, #3605 ) ) ;
#1928 = DIRECTION ( 'NONE',  ( -1.000000000000000000, -1.224606353822377258E-16, -0.0000000000000000000 ) ) ;
#1929 = CYLINDRICAL_SURFACE ( 'NONE', #4038, 4.999999999999961808 ) ;
#1930 = AXIS2_PLACEMENT_3D ( 'NONE', #473, #464, #456 ) ;
#1931 = VECTOR ( 'NONE', #2432, 1000.000000000000000 ) ;
#1932 = AXIS2_PLACEMENT_3D ( 'NONE', #4496, #4581, #2732 ) ;
#1933 = ADVANCED_FACE ( 'NONE', ( #883 ), #744, .T. ) ;
#1934 = VERTEX_POINT ( 'NONE', #1658 ) ;
#1935 = DIRECTION ( 'NONE',  ( 0.0000000000000000000, 1.000000000000000000, 0.0000000000000000000 ) ) ;
#1936 = CARTESIAN_POINT ( 'NONE',  ( 24.08689482502902024, 2.093492502277374743E-15, 0.0000000000000000000 ) ) ;
#1937 = ORIENTED_EDGE ( 'NONE', *, *, #2678, .T. ) ;
#1938 = CYLINDRICAL_SURFACE ( 'NONE', #1448, 4.999999999999961808 ) ;
#1939 = ORIENTED_EDGE ( 'NONE', *, *, #498, .T. ) ;
#1940 = CARTESIAN_POINT ( 'NONE',  ( 24.08689482502902024, -5.000000000000000000, 0.0000000000000000000 ) ) ;
#1941 = ORIENTED_EDGE ( 'NONE', *, *, #3474, .T. ) ;
#1942 = ORIENTED_EDGE ( 'NONE', *, *, #4461, .T. ) ;
#1943 = ADVANCED_FACE ( 'NONE', ( #677 ), #459, .T. ) ;
#1944 = CARTESIAN_POINT ( 'NONE',  ( 42.67500993687573896, 2.235490958484726972E-15, 0.0000000000000000000 ) ) ;
#1945 = AXIS2_PLACEMENT_3D ( 'NONE', #2654, #2649, #4423 ) ;
#1946 = AXIS2_PLACEMENT_3D ( 'NONE', #3865, #3057, #4229 ) ;
#1947 = ORIENTED_EDGE ( 'NONE', *, *, #4570, .F. ) ;
#1948 = ORIENTED_EDGE ( 'NONE', *, *, #4643, .F. ) ;
#1949 = DIRECTION ( 'NONE',  ( -1.000000000000000000, -0.0000000000000000000, -0.0000000000000000000 ) ) ;
#1950 = DIRECTION ( 'NONE',  ( 1.000000000000000000, 0.0000000000000000000, 0.0000000000000000000 ) ) ;
#1951 = DIRECTION ( 'NONE',  ( 0.5735764363510466035, -0.8191520442889914655, 1.003171929053524500E-16 ) ) ;
#1952 = VERTEX_POINT ( 'NONE', #1700 ) ;
#1953 = CARTESIAN_POINT ( 'NONE',  ( 17.40476190476190510, 4.172000000000004150, 0.0000000000000000000 ) ) ;
#1954 = ORIENTED_EDGE ( 'NONE', *, *, #3144, .T. ) ;
#1955 = AXIS2_PLACEMENT_3D ( 'NONE', #4419, #3993, #4614 ) ;
#1956 = CARTESIAN_POINT ( 'NONE',  ( 23.79405755592335581, 6.123233995736582872E-16, -5.000000000000004441 ) ) ;
#1957 = ORIENTED_EDGE ( 'NONE', *, *, #2366, .F. ) ;
#1958 = CARTESIAN_POINT ( 'NONE',  ( 39.77024803211383386, 5.000000000000006217, 0.0000000000000000000 ) ) ;
#1959 = AXIS2_PLACEMENT_3D ( 'NONE', #3662, #3149, #4408 ) ;
#1960 = CIRCLE ( 'NONE', #1391, 5.000000000000002665 ) ;
#1961 = ORIENTED_EDGE ( 'NONE', *, *, #1203, .T. ) ;
#1962 = AXIS2_PLACEMENT_3D ( 'NONE', #3233, #3254, #3822 ) ;
#1963 = CARTESIAN_POINT ( 'NONE',  ( 39.77024803211383386, -5.000000000000000888, 6.123233995736771213E-16 ) ) ;
#1964 = AXIS2_PLACEMENT_3D ( 'NONE', #3203, #3929, #4578 ) ;
#1965 = ADVANCED_FACE ( 'NONE', ( #3616 ), #400, .T. ) ;
#1966 = CARTESIAN_POINT ( 'NONE',  ( 15.95238095238095433, 4.172000000000004150, 0.0000000000000000000 ) ) ;
#1967 = DIRECTION ( 'NONE',  ( 0.0000000000000000000, -1.000000000000000000, 0.0000000000000000000 ) ) ;
#1968 = EDGE_LOOP ( 'NONE', ( #2990, #3088, #3148, #3205, #3317 ) ) ;
#1969 = AXIS2_PLACEMENT_3D ( 'NONE', #3017, #3179, #3785 ) ;
#1970 = AXIS2_PLACEMENT_3D ( 'NONE', #3185, #4151, #4442 ) ;
#1971 = LINE ( 'NONE', #1588, #1678 ) ;
#1972 = FILL_AREA_STYLE ('',( #1977 ) ) ;
#1973 = ORIENTED_EDGE ( 'NONE', *, *, #2568, .F. ) ;
#1974 = ORIENTED_EDGE ( 'NONE', *, *, #1014, .T. ) ;
#1975 = AXIS2_PLACEMENT_3D ( 'NONE', #3628, #3611, #3650 ) ;
#1976 = AXIS2_PLACEMENT_3D ( 'NONE', #4012, #3949, #3921 ) ;
#1977 = FILL_AREA_STYLE_COLOUR ( '', #315 ) ;
#1978 = CONICAL_SURFACE ( 'NONE', #4298, 5.000000000000003553, 0.9599310885968808105 ) ;
#1979 = ORIENTED_EDGE ( 'NONE', *, *, #2599, .T. ) ;
#1980 = AXIS2_PLACEMENT_3D ( 'NONE', #3972, #1423, #4736 ) ;
#1981 = CARTESIAN_POINT ( 'NONE',  ( 17.98453374639954561, -5.000000000000001776, 6.123233995736772199E-16 ) ) ;
#1982 = CYLINDRICAL_SURFACE ( 'NONE', #1034, 4.999999999999961808 ) ;
#1983 = CIRCLE ( 'NONE', #469, 5.000000000000003553 ) ;
#1984 = VECTOR ( 'NONE', #115, 1000.000000000000000 ) ;
#1985 = LINE ( 'NONE', #4318, #2665 ) ;
#1986 = ADVANCED_FACE ( 'NONE', ( #604 ), #320, .T. ) ;
#1987 = SURFACE_SIDE_STYLE ('',( #46 ) ) ;
#1988 = VERTEX_POINT ( 'NONE', #1767 ) ;
#1989 = ORIENTED_EDGE ( 'NONE', *, *, #2794, .T. ) ;
#1990 = CONICAL_SURFACE ( 'NONE', #3891, 5.000000000000003553, 0.9599310885968808105 ) ;
#1991 = VECTOR ( 'NONE', #4373, 1000.000000000000000 ) ;
#1992 = ORIENTED_EDGE ( 'NONE', *, *, #2331, .F. ) ;
#1993 = SURFACE_STYLE_USAGE ( .BOTH. , #1987 ) ;
#1994 = ORIENTED_EDGE ( 'NONE', *, *, #2693, .T. ) ;
#1995 = CIRCLE ( 'NONE', #1489, 5.000000000000003553 ) ;
#1996 = ORIENTED_EDGE ( 'NONE', *, *, #4609, .T. ) ;
#1997 = AXIS2_PLACEMENT_3D ( 'NONE', #4430, #3779, #607 ) ;
#1998 = VERTEX_POINT ( 'NONE', #1709 ) ;
#1999 = PRODUCT_RELATED_PRODUCT_CATEGORY ( 'part', '', ( #3199 ) ) ;
#2000 =( LENGTH_UNIT ( ) NAMED_UNIT ( * ) SI_UNIT ( .MILLI., .METRE. ) );
#2001 =( NAMED_UNIT ( * ) PLANE_ANGLE_UNIT ( ) SI_UNIT ( $, .RADIAN. ) );
#2002 = DIRECTION ( 'NONE',  ( 0.5735764363510462704, 0.8191520442889915765, 0.0000000000000000000 ) ) ;
#2003 = DIRECTION ( 'NONE',  ( 1.000000000000000000, 1.224606353822377258E-16, 0.0000000000000000000 ) ) ;
#2004 =( NAMED_UNIT ( * ) SI_UNIT ( $, .STERADIAN. ) SOLID_ANGLE_UNIT ( ) );
#2005 = AXIS2_PLACEMENT_3D ( 'NONE', #3815, #4251, #4562 ) ;
#2006 = ORIENTED_EDGE ( 'NONE', *, *, #3709, .T. ) ;
#2007 = VERTEX_POINT ( 'NONE', #1819 ) ;
#2008 = AXIS2_PLACEMENT_3D ( 'NONE', #1653, #1642, #1669 ) ;
#2009 = CARTESIAN_POINT ( 'NONE',  ( -31.74999999999995737, 0.0000000000000000000, 0.0000000000000000000 ) ) ;
#2010 = VECTOR ( 'NONE', #199, 1000.000000000000000 ) ;
#2011 = DIRECTION ( 'NONE',  ( 0.0000000000000000000, 0.0000000000000000000, 1.000000000000000000 ) ) ;
#2012 = DIRECTION ( 'NONE',  ( 0.0000000000000000000, 0.0000000000000000000, 1.000000000000000000 ) ) ;
#2013 = AXIS2_PLACEMENT_3D ( 'NONE', #4620, #4457, #4015 ) ;
#2014 = DIRECTION ( 'NONE',  ( 0.0000000000000000000, 0.0000000000000000000, 1.000000000000000000 ) ) ;
#2015 = ORIENTED_EDGE ( 'NONE', *, *, #4612, .F. ) ;
#2016 = CARTESIAN_POINT ( 'NONE',  ( 35.41310517497097266, 2.235490958484726972E-15, 0.0000000000000000000 ) ) ;
#2017 = CONICAL_SURFACE ( 'NONE', #3523, 5.000000000000003553, 0.9599310885968808105 ) ;
#2018 = DIRECTION ( 'NONE',  ( 1.000000000000000000, 1.224606353822377258E-16, 0.0000000000000000000 ) ) ;
#2019 = CIRCLE ( 'NONE', #1406, 5.399999999999962164 ) ;
#2020 = ADVANCED_FACE ( 'NONE', ( #323 ), #1410, .T. ) ;
#2021 = VERTEX_POINT ( 'NONE', #1860 ) ;
#2022 = DIRECTION ( 'NONE',  ( -1.000000000000000000, -0.0000000000000000000, -0.0000000000000000000 ) ) ;
#2023 = DIRECTION ( 'NONE',  ( -0.5735764363510513775, -0.8191520442889881348, 0.0000000000000000000 ) ) ;
#2024 = AXIS2_PLACEMENT_3D ( 'NONE', #1874, #1882, #1890 ) ;
#2025 = DIRECTION ( 'NONE',  ( 0.0000000000000000000, 1.000000000000000000, 0.0000000000000000000 ) ) ;
#2026 = CIRCLE ( 'NONE', #1399, 0.4000000000000001887 ) ;
#2027 = ORIENTED_EDGE ( 'NONE', *, *, #3312, .T. ) ;
#2028 = CONICAL_SURFACE ( 'NONE', #1015, 5.000000000000003553, 0.9599310885968808105 ) ;
#2029 = CIRCLE ( 'NONE', #1457, 8.000000000000000000 ) ;
#2030 = CARTESIAN_POINT ( 'NONE',  ( 26.99165672979092534, -5.000000000000000000, 0.0000000000000000000 ) ) ;
#2031 = LINE ( 'NONE', #3196, #173 ) ;
#2032 = DIRECTION ( 'NONE',  ( -0.5735764363510513775, -0.8191520442889881348, 0.0000000000000000000 ) ) ;
#2033 = CARTESIAN_POINT ( 'NONE',  ( 43.54761904761905100, 4.172000000000004150, 0.0000000000000000000 ) ) ;
#2034 = DIRECTION ( 'NONE',  ( 0.0000000000000000000, 1.000000000000000000, 0.0000000000000000000 ) ) ;
#2035 = LINE ( 'NONE', #1298, #1409 ) ;
#2036 = DIRECTION ( 'NONE',  ( 0.0000000000000000000, 1.000000000000000000, 0.0000000000000000000 ) ) ;
#2037 = LINE ( 'NONE', #2910, #2143 ) ;
#2038 = CARTESIAN_POINT ( 'NONE',  ( 32.50834327020907466, 5.000000000000005329, 0.0000000000000000000 ) ) ;
#2039 = ORIENTED_EDGE ( 'NONE', *, *, #3144, .F. ) ;
#2040 = AXIS2_PLACEMENT_3D ( 'NONE', #4379, #4368, #4363 ) ;
#2041 = DIRECTION ( 'NONE',  ( -1.000000000000000000, -1.224606353822377258E-16, -0.0000000000000000000 ) ) ;
#2042 = CARTESIAN_POINT ( 'NONE',  ( 15.07977184163764228, 2.235490958484726972E-15, 0.0000000000000000000 ) ) ;
#2043 = DIRECTION ( 'NONE',  ( 1.000000000000000000, 1.224606353822377258E-16, 0.0000000000000000000 ) ) ;
#2044 = CYLINDRICAL_SURFACE ( 'NONE', #2686, 4.999999999999961808 ) ;
#2045 = CIRCLE ( 'NONE', #1417, 0.4000000000000001887 ) ;
#2046 = CIRCLE ( 'NONE', #1061, 5.000000000000002665 ) ;
#2047 = CYLINDRICAL_SURFACE ( 'NONE', #439, 4.999999999999961808 ) ;
#2048 = DIRECTION ( 'NONE',  ( 0.0000000000000000000, -1.000000000000000000, 0.0000000000000000000 ) ) ;
#2049 = ORIENTED_EDGE ( 'NONE', *, *, #1088, .T. ) ;
#2050 = DIRECTION ( 'NONE',  ( -1.000000000000000000, -1.224606353822377258E-16, -0.0000000000000000000 ) ) ;
#2051 = CARTESIAN_POINT ( 'NONE',  ( 22.34167660354240326, 6.123233995736582872E-16, -5.000000000000004441 ) ) ;
#2052 = CARTESIAN_POINT ( 'NONE',  ( 23.79405755592335581, 2.235490958484726972E-15, 0.0000000000000000000 ) ) ;
#2053 = AXIS2_PLACEMENT_3D ( 'NONE', #3726, #3600, #3641 ) ;
#2054 = LINE ( 'NONE', #4362, #486 ) ;
#2055 = CARTESIAN_POINT ( 'NONE',  ( 21.76190476190476275, 2.164491730381051252E-15, 0.0000000000000000000 ) ) ;
#2056 = DIRECTION ( 'NONE',  ( -1.000000000000000000, -0.0000000000000000000, -0.0000000000000000000 ) ) ;
#2057 = VECTOR ( 'NONE', #3994, 1000.000000000000000 ) ;
#2058 = AXIS2_PLACEMENT_3D ( 'NONE', #3303, #3470, #2356 ) ;
#2059 = CARTESIAN_POINT ( 'NONE',  ( 34.25356149169568454, 6.123233995736598649E-16, -5.000000000000002665 ) ) ;
#2060 = CARTESIAN_POINT ( 'NONE',  ( 22.34167660354240326, 2.235490958484726972E-15, 0.0000000000000000000 ) ) ;
#2061 = ADVANCED_FACE ( 'NONE', ( #453 ), #185, .T. ) ;
#2062 = VECTOR ( 'NONE', #4714, 1000.000000000000000 ) ;
#2063 = CARTESIAN_POINT ( 'NONE',  ( 21.76190476190476275, -4.172000000000000597, 5.616230220889765396E-16 ) ) ;
#2064 = CARTESIAN_POINT ( 'NONE',  ( -31.74999999999995737, 0.0000000000000000000, 4.999999999999961808 ) ) ;
#2065 = AXIS2_PLACEMENT_3D ( 'NONE', #3711, #3390, #3322 ) ;
#2066 = DIRECTION ( 'NONE',  ( -0.5735764363510515995, 0.8191520442889879128, 1.003171929053520063E-16 ) ) ;
#2067 = CARTESIAN_POINT ( 'NONE',  ( 44.12739088925669506, 2.235490958484726972E-15, 0.0000000000000000000 ) ) ;
#2068 = LINE ( 'NONE', #4713, #2648 ) ;
#2069 = CARTESIAN_POINT ( 'NONE',  ( 40.06308530121949474, 2.093492502277374743E-15, 0.0000000000000000000 ) ) ;
#2070 = ORIENTED_EDGE ( 'NONE', *, *, #2907, .T. ) ;
#2071 = AXIS2_PLACEMENT_3D ( 'NONE', #2610, #2605, #2602 ) ;
#2072 = AXIS2_PLACEMENT_3D ( 'NONE', #669, #658, #654 ) ;
#2073 = CYLINDRICAL_SURFACE ( 'NONE', #1475, 8.000000000000000000 ) ;
#2074 = DIRECTION ( 'NONE',  ( 0.0000000000000000000, -1.000000000000000000, 0.0000000000000000000 ) ) ;
#2075 = DIRECTION ( 'NONE',  ( -1.000000000000000000, -1.224606353822377258E-16, -0.0000000000000000000 ) ) ;
#2076 = DIRECTION ( 'NONE',  ( 0.0000000000000000000, -0.8660254037844390407, -0.4999999999999995004 ) ) ;
#2077 = EDGE_LOOP ( 'NONE', ( #3755, #3769, #3857, #4631, #4494 ) ) ;
#2078 = AXIS2_PLACEMENT_3D ( 'NONE', #4437, #3594, #157 ) ;
#2079 = AXIS2_PLACEMENT_3D ( 'NONE', #1519, #4525, #3491 ) ;
#2080 = DIRECTION ( 'NONE',  ( -0.5735764363510515995, 0.8191520442889879128, 1.003171929053520063E-16 ) ) ;
#2081 = CARTESIAN_POINT ( 'NONE',  ( 15.37260911074330494, -5.000000000000000000, 0.0000000000000000000 ) ) ;
#2082 = DIRECTION ( 'NONE',  ( 0.0000000000000000000, -1.000000000000000000, 0.0000000000000000000 ) ) ;
#2083 = ORIENTED_EDGE ( 'NONE', *, *, #4353, .T. ) ;
#2084 = DIRECTION ( 'NONE',  ( -1.000000000000000000, -1.224606353822377258E-16, -0.0000000000000000000 ) ) ;
#2085 = PLANE ( 'NONE',  #718 ) ;
#2086 = DIRECTION ( 'NONE',  ( 0.0000000000000000000, 0.0000000000000000000, 1.000000000000000000 ) ) ;
#2087 = LINE ( 'NONE', #4289, #3506 ) ;
#2088 = CIRCLE ( 'NONE', #1430, 1.499999999999999556 ) ;
#2089 = CARTESIAN_POINT ( 'NONE',  ( 31.34879958693378299, 5.000000000000005329, 6.123233995736770227E-16 ) ) ;
#2090 = DIRECTION ( 'NONE',  ( 0.5735764363510462704, 0.8191520442889915765, 0.0000000000000000000 ) ) ;
#2091 = CIRCLE ( 'NONE', #2148, 4.172000000000002373 ) ;
#2092 = FACE_OUTER_BOUND ( 'NONE', #231, .T. ) ;
#2093 = CIRCLE ( 'NONE', #947, 4.172000000000002373 ) ;
#2094 = ORIENTED_EDGE ( 'NONE', *, *, #1595, .T. ) ;
#2095 = CARTESIAN_POINT ( 'NONE',  ( 23.79405755592335581, 2.235490958484726972E-15, 0.0000000000000000000 ) ) ;
#2096 = DIRECTION ( 'NONE',  ( -1.000000000000000000, -1.224606353822377258E-16, -0.0000000000000000000 ) ) ;
#2097 = CIRCLE ( 'NONE', #1477, 4.057500000000000107 ) ;
#2098 = CARTESIAN_POINT ( 'NONE',  ( 39.77024803211383386, -1.887411345499491136E-29, 5.000000000000004441 ) ) ;
#2099 = CARTESIAN_POINT ( 'NONE',  ( 23.21428571428571530, 2.164491730381051252E-15, 0.0000000000000000000 ) ) ;
#2100 = CYLINDRICAL_SURFACE ( 'NONE', #1041, 4.999999999999961808 ) ;
#2101 = LINE ( 'NONE', #4394, #1766 ) ;
#2102 = LINE ( 'NONE', #3036, #2677 ) ;
#2103 = VERTEX_POINT ( 'NONE', #1863 ) ;
#2104 = DIRECTION ( 'NONE',  ( 0.0000000000000000000, -1.000000000000000000, 0.0000000000000000000 ) ) ;
#2105 = FACE_OUTER_BOUND ( 'NONE', #1927, .T. ) ;
#2106 = ORIENTED_EDGE ( 'NONE', *, *, #3859, .F. ) ;
#2107 = CARTESIAN_POINT ( 'NONE',  ( 5.000000000000000000, 4.685197434473813871, -6.505213034913026604E-15 ) ) ;
#2108 = CARTESIAN_POINT ( 'NONE',  ( 19.72975196788616259, 2.093492502277374743E-15, 0.0000000000000000000 ) ) ;
#2109 = DIRECTION ( 'NONE',  ( 0.0000000000000000000, -1.000000000000000000, 0.0000000000000000000 ) ) ;
#2110 = ORIENTED_EDGE ( 'NONE', *, *, #440, .T. ) ;
#2111 = DIRECTION ( 'NONE',  ( -1.000000000000000000, -1.224606353822377258E-16, -0.0000000000000000000 ) ) ;
#2112 = AXIS2_PLACEMENT_3D ( 'NONE', #1160, #1117, #951 ) ;
#2113 = CARTESIAN_POINT ( 'NONE',  ( 22.63451387264806769, 2.093492502277374743E-15, 0.0000000000000000000 ) ) ;
#2114 = CARTESIAN_POINT ( 'NONE',  ( 30.47619047619047450, 4.172000000000004150, 0.0000000000000000000 ) ) ;
#2115 = VERTEX_POINT ( 'NONE', #2202 ) ;
#2116 = AXIS2_PLACEMENT_3D ( 'NONE', #3944, #1794, #3955 ) ;
#2117 = DIRECTION ( 'NONE',  ( -1.000000000000000000, -0.0000000000000000000, -0.0000000000000000000 ) ) ;
#2118 = DIRECTION ( 'NONE',  ( -1.000000000000000000, -1.224606353822377258E-16, -0.0000000000000000000 ) ) ;
#2119 = DIRECTION ( 'NONE',  ( -1.000000000000000000, -1.224606353822377258E-16, -0.0000000000000000000 ) ) ;
#2120 = DIRECTION ( 'NONE',  ( 1.000000000000000000, 0.0000000000000000000, 0.0000000000000000000 ) ) ;
#2121 = DIRECTION ( 'NONE',  ( 0.0000000000000000000, -1.000000000000000000, 0.0000000000000000000 ) ) ;
#2122 = DIRECTION ( 'NONE',  ( 0.0000000000000000000, 1.000000000000000000, 0.0000000000000000000 ) ) ;
#2123 = DIRECTION ( 'NONE',  ( -1.000000000000000000, -1.224606353822377258E-16, -0.0000000000000000000 ) ) ;
#2124 = VERTEX_POINT ( 'NONE', #1492 ) ;
#2125 = CARTESIAN_POINT ( 'NONE',  ( 40.64285714285713880, 2.164491730381051252E-15, 0.0000000000000000000 ) ) ;
#2126 = ADVANCED_FACE ( 'NONE', ( #605 ), #118, .T. ) ;
#2127 = DIRECTION ( 'NONE',  ( -1.000000000000000000, -1.224606353822377258E-16, -0.0000000000000000000 ) ) ;
#2128 = ORIENTED_EDGE ( 'NONE', *, *, #4402, .T. ) ;
#2129 = PRESENTATION_LAYER_ASSIGNMENT (  '', '', ( #4761 ) ) ;
#2130 = CARTESIAN_POINT ( 'NONE',  ( 19.72975196788616259, 2.093492502277374743E-15, 0.0000000000000000000 ) ) ;
#2131 = VECTOR ( 'NONE', #3590, 1000.000000000000000 ) ;
#2132 = CIRCLE ( 'NONE', #2690, 5.000000000000002665 ) ;
#2133 = CARTESIAN_POINT ( 'NONE',  ( 22.34167660354240326, 2.235490958484726972E-15, 0.0000000000000000000 ) ) ;
#2134 = AXIS2_PLACEMENT_3D ( 'NONE', #1725, #1813, #3903 ) ;
#2135 = CIRCLE ( 'NONE', #4740, 5.000000000000003553 ) ;
#2136 = AXIS2_PLACEMENT_3D ( 'NONE', #4338, #4331, #1386 ) ;
#2137 = CONICAL_SURFACE ( 'NONE', #1540, 4.172000000000002373, 0.9599310885968747042 ) ;
#2138 = CIRCLE ( 'NONE', #68, 5.000000000000003553 ) ;
#2139 = FACE_OUTER_BOUND ( 'NONE', #417, .T. ) ;
#2140 = CYLINDRICAL_SURFACE ( 'NONE', #2191, 4.999999999999961808 ) ;
#2141 = DIRECTION ( 'NONE',  ( 0.0000000000000000000, -1.000000000000000000, 0.0000000000000000000 ) ) ;
#2142 = EDGE_CURVE ( 'NONE', #485, #3419, #182, .T. ) ;
#2143 = VECTOR ( 'NONE', #2627, 1000.000000000000114 ) ;
#2144 = CYLINDRICAL_SURFACE ( 'NONE', #1059, 4.999999999999961808 ) ;
#2145 = CARTESIAN_POINT ( 'NONE',  ( 42.67500993687573896, -1.964448543274980570E-29, 5.000000000000004441 ) ) ;
#2146 = DIRECTION ( 'NONE',  ( 0.0000000000000000000, -1.000000000000000000, 0.0000000000000000000 ) ) ;
#2147 = ORIENTED_EDGE ( 'NONE', *, *, #3734, .F. ) ;
#2148 = AXIS2_PLACEMENT_3D ( 'NONE', #1630, #3940, #3700 ) ;
#2149 = ORIENTED_EDGE ( 'NONE', *, *, #4307, .F. ) ;
#2150 = AXIS2_PLACEMENT_3D ( 'NONE', #1886, #1561, #4002 ) ;
#2151 = LINE ( 'NONE', #2592, #2620 ) ;
#2152 = CIRCLE ( 'NONE', #447, 5.000000000000003553 ) ;
#2153 = DIRECTION ( 'NONE',  ( 0.5735764363510466035, -0.8191520442889914655, 1.003171929053524500E-16 ) ) ;
#2154 = ORIENTED_EDGE ( 'NONE', *, *, #4599, .T. ) ;
#2155 = LINE ( 'NONE', #1921, #2131 ) ;
#2156 = AXIS2_PLACEMENT_3D ( 'NONE', #2792, #1789, #3649 ) ;
#2157 = DIRECTION ( 'NONE',  ( -1.000000000000000000, -1.224606353822377258E-16, -0.0000000000000000000 ) ) ;
#2158 = DIRECTION ( 'NONE',  ( -0.5735764363510513775, -0.8191520442889881348, 0.0000000000000000000 ) ) ;
#2159 = VERTEX_POINT ( 'NONE', #1879 ) ;
#2160 = ADVANCED_FACE ( 'NONE', ( #1566 ), #4798, .T. ) ;
#2161 = AXIS2_PLACEMENT_3D ( 'NONE', #4322, #4040, #3658 ) ;
#2162 = DIRECTION ( 'NONE',  ( -1.000000000000000000, -1.224606353822377258E-16, -0.0000000000000000000 ) ) ;
#2163 = ORIENTED_EDGE ( 'NONE', *, *, #2557, .T. ) ;
#2164 = VERTEX_POINT ( 'NONE', #1940 ) ;
#2165 = CARTESIAN_POINT ( 'NONE',  ( 7.342598717236928252, 0.0000000000000000000, 0.0000000000000000000 ) ) ;
#2166 = CARTESIAN_POINT ( 'NONE',  ( -31.74999999999995737, 0.0000000000000000000, 0.0000000000000000000 ) ) ;
#2167 = AXIS2_PLACEMENT_3D ( 'NONE', #3668, #3914, #1544 ) ;
#2168 = ORIENTED_EDGE ( 'NONE', *, *, #3329, .F. ) ;
#2169 = CARTESIAN_POINT ( 'NONE',  ( 35.70594244407664064, 5.000000000000005329, 6.123233995736770227E-16 ) ) ;
#2170 = CARTESIAN_POINT ( 'NONE',  ( 29.02380952380952550, 2.164491730381051252E-15, 0.0000000000000000000 ) ) ;
#2171 = CARTESIAN_POINT ( 'NONE',  ( 35.41310517497097266, 5.000000000000005329, 0.0000000000000000000 ) ) ;
#2172 = DIRECTION ( 'NONE',  ( 0.0000000000000000000, -1.000000000000000000, 0.0000000000000000000 ) ) ;
#2173 = DIRECTION ( 'NONE',  ( -1.000000000000000000, -0.0000000000000000000, -0.0000000000000000000 ) ) ;
#2174 = ADVANCED_FACE ( 'NONE', ( #2900 ), #4747, .T. ) ;
#2175 = ORIENTED_EDGE ( 'NONE', *, *, #2451, .T. ) ;
#2176 = LINE ( 'NONE', #274, #2010 ) ;
#2177 = AXIS2_PLACEMENT_3D ( 'NONE', #1681, #1666, #1663 ) ;
#2178 = DIRECTION ( 'NONE',  ( 0.0000000000000000000, 1.000000000000000000, 0.0000000000000000000 ) ) ;
#2179 = AXIS2_PLACEMENT_3D ( 'NONE', #3637, #1526, #1471 ) ;
#2180 = DIRECTION ( 'NONE',  ( 0.0000000000000000000, -1.000000000000000000, 0.0000000000000000000 ) ) ;
#2181 = ORIENTED_EDGE ( 'NONE', *, *, #4500, .T. ) ;
#2182 = VERTEX_POINT ( 'NONE', #1981 ) ;
#2183 = AXIS2_PLACEMENT_3D ( 'NONE', #934, #930, #926 ) ;
#2184 = ADVANCED_FACE ( 'NONE', ( #4792 ), #4300, .T. ) ;
#2185 = VERTEX_POINT ( 'NONE', #2030 ) ;
#2186 = DIRECTION ( 'NONE',  ( -1.000000000000000000, -1.224606353822377258E-16, -0.0000000000000000000 ) ) ;
#2187 = VERTEX_POINT ( 'NONE', #2033 ) ;
#2188 = DIRECTION ( 'NONE',  ( -1.000000000000000000, -1.224606353822377258E-16, -0.0000000000000000000 ) ) ;
#2189 = ORIENTED_EDGE ( 'NONE', *, *, #2334, .F. ) ;
#2190 = CARTESIAN_POINT ( 'NONE',  ( 21.76190476190476275, 2.164491730381051252E-15, 0.0000000000000000000 ) ) ;
#2191 = AXIS2_PLACEMENT_3D ( 'NONE', #2857, #3281, #3246 ) ;
#2192 = LINE ( 'NONE', #3198, #3227 ) ;
#2193 = DIRECTION ( 'NONE',  ( 0.0000000000000000000, 0.4999999999999994449, -0.8660254037844389297 ) ) ;
#2194 = DIRECTION ( 'NONE',  ( -1.000000000000000000, -0.0000000000000000000, -0.0000000000000000000 ) ) ;
#2195 = ORIENTED_EDGE ( 'NONE', *, *, #2285, .F. ) ;
#2196 = ADVANCED_FACE ( 'NONE', ( #4406 ), #4044, .T. ) ;
#2197 = AXIS2_PLACEMENT_3D ( 'NONE', #1326, #1774, #1763 ) ;
#2198 = CARTESIAN_POINT ( 'NONE',  ( 20.30952380952381375, 4.172000000000004150, 5.109226446042759579E-16 ) ) ;
#2199 = CIRCLE ( 'NONE', #181, 4.172000000000002373 ) ;
#2200 = VERTEX_POINT ( 'NONE', #2059 ) ;
#2201 = CIRCLE ( 'NONE', #1521, 5.000000000000003553 ) ;
#2202 = CARTESIAN_POINT ( 'NONE',  ( 33.38095238095237960, 4.172000000000004150, 0.0000000000000000000 ) ) ;
#2203 = ADVANCED_FACE ( 'NONE', ( #4036 ), #3932, .T. ) ;
#2204 = DIRECTION ( 'NONE',  ( 0.0000000000000000000, -1.000000000000000000, 0.0000000000000000000 ) ) ;
#2205 = CIRCLE ( 'NONE', #1428, 4.999999999999961808 ) ;
#2206 = CARTESIAN_POINT ( 'NONE',  ( 41.22262898449478286, 5.000000000000005329, 0.0000000000000000000 ) ) ;
#2207 = DIRECTION ( 'NONE',  ( 0.0000000000000000000, -1.000000000000000000, 0.0000000000000000000 ) ) ;
#2208 = FACE_OUTER_BOUND ( 'NONE', #4162, .T. ) ;
#2209 = CARTESIAN_POINT ( 'NONE',  ( 14.50000000000000000, 4.172000000000004150, 5.109226446042759579E-16 ) ) ;
#2210 = AXIS2_PLACEMENT_3D ( 'NONE', #4721, #4320, #4312 ) ;
#2211 = LINE ( 'NONE', #4421, #1875 ) ;
#2212 = CIRCLE ( 'NONE', #3251, 4.172000000000002373 ) ;
#2213 = CIRCLE ( 'NONE', #4130, 5.000000000000002665 ) ;
#2214 = CARTESIAN_POINT ( 'NONE',  ( 5.000000000000000000, -2.342598717236908268, 4.057500000000003659 ) ) ;
#2215 = DIRECTION ( 'NONE',  ( -1.000000000000000000, -1.224606353822377258E-16, -0.0000000000000000000 ) ) ;
#2216 = CONICAL_SURFACE ( 'NONE', #537, 4.172000000000002373, 0.9599310885968747042 ) ;
#2217 = AXIS2_PLACEMENT_3D ( 'NONE', #3267, #1730, #2810 ) ;
#2218 = ORIENTED_EDGE ( 'NONE', *, *, #3719, .F. ) ;
#2219 = ORIENTED_EDGE ( 'NONE', *, *, #2707, .T. ) ;
#2220 = CARTESIAN_POINT ( 'NONE',  ( 22.63451387264806769, 2.093492502277374743E-15, 0.0000000000000000000 ) ) ;
#2221 = VECTOR ( 'NONE', #1208, 1000.000000000000000 ) ;
#2222 = ORIENTED_EDGE ( 'NONE', *, *, #2821, .T. ) ;
#2223 = VECTOR ( 'NONE', #4128, 1000.000000000000000 ) ;
#2224 = AXIS2_PLACEMENT_3D ( 'NONE', #1217, #4655, #1340 ) ;
#2225 = DIRECTION ( 'NONE',  ( 0.0000000000000000000, 0.0000000000000000000, 1.000000000000000000 ) ) ;
#2226 = ADVANCED_FACE ( 'NONE', ( #4203 ), #2085, .T. ) ;
#2227 = EDGE_CURVE ( 'NONE', #2200, #1668, #4094, .T. ) ;
#2228 = CARTESIAN_POINT ( 'NONE',  ( 35.41310517497097266, 5.000000000000006217, 0.0000000000000000000 ) ) ;
#2229 = CARTESIAN_POINT ( 'NONE',  ( 22.63451387264806769, 5.000000000000005329, 6.123233995736770227E-16 ) ) ;
#2230 = DIRECTION ( 'NONE',  ( 0.0000000000000000000, 0.0000000000000000000, 1.000000000000000000 ) ) ;
#2231 = AXIS2_PLACEMENT_3D ( 'NONE', #2130, #2118, #4676 ) ;
#2232 = CARTESIAN_POINT ( 'NONE',  ( -31.74999999999995737, 6.123233995736719937E-16, -4.999999999999961808 ) ) ;
#2233 = ORIENTED_EDGE ( 'NONE', *, *, #3717, .F. ) ;
#2234 = AXIS2_PLACEMENT_3D ( 'NONE', #1782, #1732, #1753 ) ;
#2235 = ORIENTED_EDGE ( 'NONE', *, *, #4055, .T. ) ;
#2236 = VERTEX_POINT ( 'NONE', #2089 ) ;
#2237 = FACE_OUTER_BOUND ( 'NONE', #4576, .T. ) ;
#2238 = DIRECTION ( 'NONE',  ( -1.000000000000000000, -0.0000000000000000000, -0.0000000000000000000 ) ) ;
#2239 = CARTESIAN_POINT ( 'NONE',  ( 19.72975196788616259, 5.000000000000005329, 6.123233995736770227E-16 ) ) ;
#2240 = EDGE_CURVE ( 'NONE', #1734, #628, #3927, .T. ) ;
#2241 = AXIS2_PLACEMENT_3D ( 'NONE', #3575, #3497, #4166 ) ;
#2242 = EDGE_CURVE ( 'NONE', #1429, #422, #4141, .T. ) ;
#2243 = ORIENTED_EDGE ( 'NONE', *, *, #4570, .T. ) ;
#2244 = CARTESIAN_POINT ( 'NONE',  ( 33.96072422259002366, 5.000000000000006217, 0.0000000000000000000 ) ) ;
#2245 = ORIENTED_EDGE ( 'NONE', *, *, #3306, .T. ) ;
#2246 = FACE_OUTER_BOUND ( 'NONE', #370, .T. ) ;
#2247 = VERTEX_POINT ( 'NONE', #2206 ) ;
#2248 = EDGE_LOOP ( 'NONE', ( #671, #785, #1398, #267, #130 ) ) ;
#2249 = AXIS2_PLACEMENT_3D ( 'NONE', #1246, #1236, #1233 ) ;
#2250 = DIRECTION ( 'NONE',  ( 0.0000000000000000000, 1.000000000000000000, 0.0000000000000000000 ) ) ;
#2251 = EDGE_CURVE ( 'NONE', #2115, #3690, #3744, .T. ) ;
#2252 = EDGE_CURVE ( 'NONE', #3063, #4654, #3787, .T. ) ;
#2253 = ORIENTED_EDGE ( 'NONE', *, *, #1404, .T. ) ;
#2254 = ADVANCED_FACE ( 'NONE', ( #3627 ), #3342, .T. ) ;
#2255 = CIRCLE ( 'NONE', #1504, 1.499999999999999556 ) ;
#2256 = LINE ( 'NONE', #3325, #4389 ) ;
#2257 = CARTESIAN_POINT ( 'NONE',  ( 35.41310517497097266, 2.235490958484726972E-15, 0.0000000000000000000 ) ) ;
#2258 = DIRECTION ( 'NONE',  ( 0.0000000000000000000, 0.0000000000000000000, 1.000000000000000000 ) ) ;
#2259 = DIRECTION ( 'NONE',  ( -1.000000000000000000, -1.224606353822377258E-16, -0.0000000000000000000 ) ) ;
#2260 = VERTEX_POINT ( 'NONE', #2352 ) ;
#2261 = ORIENTED_EDGE ( 'NONE', *, *, #3099, .F. ) ;
#2262 = CARTESIAN_POINT ( 'NONE',  ( -31.74999999999995737, 0.0000000000000000000, 0.0000000000000000000 ) ) ;
#2263 = DIRECTION ( 'NONE',  ( -1.000000000000000000, -0.0000000000000000000, -0.0000000000000000000 ) ) ;
#2264 = ORIENTED_EDGE ( 'NONE', *, *, #2671, .F. ) ;
#2265 = CARTESIAN_POINT ( 'NONE',  ( 23.21428571428571530, 4.172000000000004150, 5.109226446042759579E-16 ) ) ;
#2266 = FACE_OUTER_BOUND ( 'NONE', #750, .T. ) ;
#2267 = VECTOR ( 'NONE', #2884, 1000.000000000000000 ) ;
#2268 = ADVANCED_FACE ( 'NONE', ( #3395 ), #3298, .T. ) ;
#2269 = AXIS2_PLACEMENT_3D ( 'NONE', #2327, #2310, #2301 ) ;
#2270 = DIRECTION ( 'NONE',  ( 0.0000000000000000000, -1.000000000000000000, 0.0000000000000000000 ) ) ;
#2271 = CONICAL_SURFACE ( 'NONE', #1382, 5.000000000000003553, 0.9599310885968808105 ) ;
#2272 = CIRCLE ( 'NONE', #484, 5.000000000000003553 ) ;
#2273 = DIRECTION ( 'NONE',  ( -1.000000000000000000, -1.224606353822377258E-16, -0.0000000000000000000 ) ) ;
#2274 = DIRECTION ( 'NONE',  ( -0.5735764363510513775, -0.8191520442889881348, 0.0000000000000000000 ) ) ;
#2275 = DIRECTION ( 'NONE',  ( 0.0000000000000000000, -1.000000000000000000, 0.0000000000000000000 ) ) ;
#2276 = CARTESIAN_POINT ( 'NONE',  ( 21.18213292026711514, 2.093492502277374743E-15, 0.0000000000000000000 ) ) ;
#2277 = CARTESIAN_POINT ( 'NONE',  ( -31.74999999999995737, 0.0000000000000000000, 0.0000000000000000000 ) ) ;
#2278 = AXIS2_PLACEMENT_3D ( 'NONE', #1100, #1097, #1093 ) ;
#2279 = DIRECTION ( 'NONE',  ( 0.0000000000000000000, 1.000000000000000000, 0.0000000000000000000 ) ) ;
#2280 = ORIENTED_EDGE ( 'NONE', *, *, #2670, .F. ) ;
#2281 = DIRECTION ( 'NONE',  ( 0.0000000000000000000, 0.0000000000000000000, -1.000000000000000000 ) ) ;
#2282 = DIRECTION ( 'NONE',  ( 0.5735764363510462704, 0.8191520442889915765, 0.0000000000000000000 ) ) ;
#2283 = EDGE_CURVE ( 'NONE', #3063, #1998, #3337, .T. ) ;
#2284 = EDGE_CURVE ( 'NONE', #1570, #508, #3574, .T. ) ;
#2285 = EDGE_CURVE ( 'NONE', #508, #4559, #3457, .T. ) ;
#2286 = VERTEX_POINT ( 'NONE', #3697 ) ;
#2287 = ADVANCED_FACE ( 'NONE', ( #4397 ), #3584, .F. ) ;
#2288 = DIRECTION ( 'NONE',  ( 0.0000000000000000000, -1.000000000000000000, 0.0000000000000000000 ) ) ;
#2289 = DIRECTION ( 'NONE',  ( -1.000000000000000000, -1.224606353822377258E-16, -0.0000000000000000000 ) ) ;
#2290 = ORIENTED_EDGE ( 'NONE', *, *, #2909, .F. ) ;
#2291 = CARTESIAN_POINT ( 'NONE',  ( -31.74999999999995737, 0.0000000000000000000, 0.0000000000000000000 ) ) ;
#2292 = EDGE_CURVE ( 'NONE', #487, #4559, #3620, .T. ) ;
#2293 = DIRECTION ( 'NONE',  ( 0.5735764363510462704, 0.8191520442889915765, 0.0000000000000000000 ) ) ;
#2294 = ADVANCED_FACE ( 'NONE', ( #326 ), #3886, .T. ) ;
#2295 = CARTESIAN_POINT ( 'NONE',  ( 33.38095238095237960, -4.172000000000000597, 0.0000000000000000000 ) ) ;
#2296 = LINE ( 'NONE', #1768, #1594 ) ;
#2297 = ORIENTED_EDGE ( 'NONE', *, *, #4554, .F. ) ;
#2298 = DIRECTION ( 'NONE',  ( -0.5735764363510515995, 0.8191520442889879128, 1.003171929053520063E-16 ) ) ;
#2299 = EDGE_CURVE ( 'NONE', #474, #487, #3021, .T. ) ;
#2300 = DIRECTION ( 'NONE',  ( -1.000000000000000000, -1.224606353822377258E-16, -0.0000000000000000000 ) ) ;
#2301 = DIRECTION ( 'NONE',  ( 0.0000000000000000000, -1.000000000000000000, 0.0000000000000000000 ) ) ;
#2302 = EDGE_CURVE ( 'NONE', #2993, #474, #3069, .T. ) ;
#2303 = CIRCLE ( 'NONE', #1576, 5.000000000000003553 ) ;
#2304 = CARTESIAN_POINT ( 'NONE',  ( 23.79405755592335581, 5.000000000000005329, 0.0000000000000000000 ) ) ;
#2305 = CARTESIAN_POINT ( 'NONE',  ( 38.31786707973287776, -5.000000000000000888, 6.123233995736771213E-16 ) ) ;
#2306 = CARTESIAN_POINT ( 'NONE',  ( 41.22262898449478286, 2.235490958484726972E-15, 0.0000000000000000000 ) ) ;
#2307 = AXIS2_PLACEMENT_3D ( 'NONE', #2873, #2767, #2764 ) ;
#2308 = VECTOR ( 'NONE', #273, 1000.000000000000000 ) ;
#2309 = AXIS2_PLACEMENT_3D ( 'NONE', #702, #697, #695 ) ;
#2310 = DIRECTION ( 'NONE',  ( -1.000000000000000000, -1.224606353822377258E-16, -0.0000000000000000000 ) ) ;
#2311 = DIRECTION ( 'NONE',  ( -1.000000000000000000, -0.0000000000000000000, -0.0000000000000000000 ) ) ;
#2312 = CARTESIAN_POINT ( 'NONE',  ( 39.19047619047618980, -4.172000000000000597, 0.0000000000000000000 ) ) ;
#2313 = DIRECTION ( 'NONE',  ( 1.000000000000000000, 1.224606353822377258E-16, 0.0000000000000000000 ) ) ;
#2314 = FACE_OUTER_BOUND ( 'NONE', #1488, .T. ) ;
#2315 = EDGE_CURVE ( 'NONE', #2809, #4, #4355, .T. ) ;
#2316 = EDGE_CURVE ( 'NONE', #221, #3690, #3127, .T. ) ;
#2317 = EDGE_CURVE ( 'NONE', #705, #474, #4705, .T. ) ;
#2318 = DIRECTION ( 'NONE',  ( -1.000000000000000000, -0.0000000000000000000, -0.0000000000000000000 ) ) ;
#2319 = DIRECTION ( 'NONE',  ( 0.0000000000000000000, -1.000000000000000000, 0.0000000000000000000 ) ) ;
#2320 = CARTESIAN_POINT ( 'NONE',  ( 38.31786707973287776, 2.235490958484726972E-15, 0.0000000000000000000 ) ) ;
#2321 = DIRECTION ( 'NONE',  ( -1.000000000000000000, -1.224606353822377258E-16, -0.0000000000000000000 ) ) ;
#2322 = VERTEX_POINT ( 'NONE', #3765 ) ;
#2323 = ORIENTED_EDGE ( 'NONE', *, *, #3306, .F. ) ;
#2324 = ORIENTED_EDGE ( 'NONE', *, *, #3659, .T. ) ;
#2325 = CARTESIAN_POINT ( 'NONE',  ( 38.31786707973287776, 5.000000000000006217, 0.0000000000000000000 ) ) ;
#2326 = CARTESIAN_POINT ( 'NONE',  ( 22.34167660354240326, 5.000000000000005329, 0.0000000000000000000 ) ) ;
#2327 = CARTESIAN_POINT ( 'NONE',  ( 22.63451387264806769, 2.093492502277374743E-15, 0.0000000000000000000 ) ) ;
#2328 = VERTEX_POINT ( 'NONE', #3872 ) ;
#2329 = VECTOR ( 'NONE', #849, 1000.000000000000000 ) ;
#2330 = DIRECTION ( 'NONE',  ( 0.0000000000000000000, 0.5000000000000011102, 0.8660254037844380415 ) ) ;
#2331 = EDGE_CURVE ( 'NONE', #1166, #2365, #2797, .T. ) ;
#2332 = ORIENTED_EDGE ( 'NONE', *, *, #2693, .F. ) ;
#2333 = VECTOR ( 'NONE', #2553, 1000.000000000000000 ) ;
#2334 = EDGE_CURVE ( 'NONE', #404, #618, #2967, .T. ) ;
#2335 = LINE ( 'NONE', #2743, #2267 ) ;
#2336 = DIRECTION ( 'NONE',  ( 0.5735764363510466035, -0.8191520442889914655, 1.003171929053524500E-16 ) ) ;
#2337 = DIRECTION ( 'NONE',  ( 1.000000000000000000, 1.224606353822377258E-16, 0.0000000000000000000 ) ) ;
#2338 = CIRCLE ( 'NONE', #472, 4.172000000000002373 ) ;
#2339 = ORIENTED_EDGE ( 'NONE', *, *, #2694, .F. ) ;
#2340 = EDGE_LOOP ( 'NONE', ( #371, #1698, #1939, #1798, #1370, #3714 ) ) ;
#2341 = EDGE_CURVE ( 'NONE', #4533, #3909, #2791, .T. ) ;
#2342 = CIRCLE ( 'NONE', #362, 5.000000000000002665 ) ;
#2343 = CARTESIAN_POINT ( 'NONE',  ( 13.92022815836235239, 2.093492502277374743E-15, 0.0000000000000000000 ) ) ;
#2344 = ORIENTED_EDGE ( 'NONE', *, *, #2331, .T. ) ;
#2345 = ORIENTED_EDGE ( 'NONE', *, *, #653, .F. ) ;
#2346 = ORIENTED_EDGE ( 'NONE', *, *, #2430, .T. ) ;
#2347 = ORIENTED_EDGE ( 'NONE', *, *, #4507, .F. ) ;
#2348 = CARTESIAN_POINT ( 'NONE',  ( 5.000000000000000000, -4.685197434473821865, 3.469446951953614189E-15 ) ) ;
#2349 = EDGE_CURVE ( 'NONE', #2809, #4533, #2734, .T. ) ;
#2350 = CARTESIAN_POINT ( 'NONE',  ( 20.88929565116145426, -5.000000000000001776, 6.123233995736772199E-16 ) ) ;
#2351 = DIRECTION ( 'NONE',  ( 0.0000000000000000000, -1.000000000000000000, 0.0000000000000000000 ) ) ;
#2352 = CARTESIAN_POINT ( 'NONE',  ( 31.05596231782811856, -1.887411345499491136E-29, 5.000000000000004441 ) ) ;
#2353 = ADVANCED_FACE ( 'NONE', ( #2727 ), #2491, .F. ) ;
#2354 = DIRECTION ( 'NONE',  ( 0.0000000000000000000, -1.000000000000000000, 0.0000000000000000000 ) ) ;
#2355 = DIRECTION ( 'NONE',  ( -1.000000000000000000, -1.224606353822377258E-16, -0.0000000000000000000 ) ) ;
#2356 = DIRECTION ( 'NONE',  ( 0.0000000000000000000, 0.0000000000000000000, 1.000000000000000000 ) ) ;
#2357 = CARTESIAN_POINT ( 'NONE',  ( 38.31786707973287776, 2.235490958484726972E-15, 0.0000000000000000000 ) ) ;
#2358 = CARTESIAN_POINT ( 'NONE',  ( 14.50000000000000000, 2.164491730381051252E-15, 0.0000000000000000000 ) ) ;
#2359 = CARTESIAN_POINT ( 'NONE',  ( 15.95238095238095433, 2.164491730381051252E-15, 0.0000000000000000000 ) ) ;
#2360 = CARTESIAN_POINT ( 'NONE',  ( 20.88929565116145426, 2.235490958484726972E-15, 0.0000000000000000000 ) ) ;
#2361 = ORIENTED_EDGE ( 'NONE', *, *, #3299, .F. ) ;
#2362 = ADVANCED_FACE ( 'NONE', ( #2585 ), #2435, .T. ) ;
#2363 = CARTESIAN_POINT ( 'NONE',  ( 24.66666666666667140, 4.172000000000004150, 5.109226446042759579E-16 ) ) ;
#2364 = CARTESIAN_POINT ( 'NONE',  ( 33.96072422259002366, -5.000000000000000888, 6.123233995736771213E-16 ) ) ;
#2365 = VERTEX_POINT ( 'NONE', #3935 ) ;
#2366 = EDGE_CURVE ( 'NONE', #1988, #1166, #2536, .T. ) ;
#2367 = AXIS2_PLACEMENT_3D ( 'NONE', #412, #403, #399 ) ;
#2368 = CARTESIAN_POINT ( 'NONE',  ( -31.74999999999995737, 0.0000000000000000000, 0.0000000000000000000 ) ) ;
#2369 = ORIENTED_EDGE ( 'NONE', *, *, #2974, .F. ) ;
#2370 = CIRCLE ( 'NONE', #3573, 5.000000000000002665 ) ;
#2371 = ORIENTED_EDGE ( 'NONE', *, *, #4195, .T. ) ;
#2372 = CIRCLE ( 'NONE', #2420, 5.000000000000003553 ) ;
#2373 = EDGE_CURVE ( 'NONE', #1998, #221, #2583, .T. ) ;
#2374 = AXIS2_PLACEMENT_3D ( 'NONE', #455, #534, #4534 ) ;
#2375 = CARTESIAN_POINT ( 'NONE',  ( 39.77024803211383386, 2.235490958484726972E-15, 0.0000000000000000000 ) ) ;
#2376 = DIRECTION ( 'NONE',  ( -1.000000000000000000, -0.0000000000000000000, -0.0000000000000000000 ) ) ;
#2377 = CARTESIAN_POINT ( 'NONE',  ( 36.28571428571429180, -4.172000000000000597, 0.0000000000000000000 ) ) ;
#2378 = ADVANCED_FACE ( 'NONE', ( #2483 ), #2216, .T. ) ;
#2379 = LINE ( 'NONE', #919, #3504 ) ;
#2380 = FACE_OUTER_BOUND ( 'NONE', #3767, .T. ) ;
#2381 = FILL_AREA_STYLE_COLOUR ( '', #4699 ) ;
#2382 = CARTESIAN_POINT ( 'NONE',  ( 31.34879958693378299, -1.656299752173022834E-29, 5.000000000000002665 ) ) ;
#2383 = CARTESIAN_POINT ( 'NONE',  ( 23.21428571428571530, -4.172000000000000597, 5.616230220889765396E-16 ) ) ;
#2384 = FACE_OUTER_BOUND ( 'NONE', #4668, .T. ) ;
#2385 = CIRCLE ( 'NONE', #1089, 5.399999999999962164 ) ;
#2386 = EDGE_LOOP ( 'NONE', ( #3570, #3592, #3646, #3579, #3486 ) ) ;
#2387 = CARTESIAN_POINT ( 'NONE',  ( 26.11904761904761685, -4.172000000000000597, 5.616230220889765396E-16 ) ) ;
#2388 = EDGE_CURVE ( 'NONE', #422, #628, #2272, .T. ) ;
#2389 = LINE ( 'NONE', #4328, #1991 ) ;
#2390 = ORIENTED_EDGE ( 'NONE', *, *, #2608, .T. ) ;
#2391 = DIRECTION ( 'NONE',  ( -1.000000000000000000, -0.0000000000000000000, -0.0000000000000000000 ) ) ;
#2392 = ORIENTED_EDGE ( 'NONE', *, *, #2598, .F. ) ;
#2393 = DIRECTION ( 'NONE',  ( -0.5735764363510515995, 0.8191520442889879128, 1.003171929053520063E-16 ) ) ;
#2394 = DIRECTION ( 'NONE',  ( -1.000000000000000000, -0.0000000000000000000, -0.0000000000000000000 ) ) ;
#2395 = VERTEX_POINT ( 'NONE', #820 ) ;
#2396 = CONICAL_SURFACE ( 'NONE', #2899, 5.000000000000003553, 0.9599310885968808105 ) ;
#2397 = CARTESIAN_POINT ( 'NONE',  ( -31.74999999999995737, 0.0000000000000000000, 0.0000000000000000000 ) ) ;
#2398 = AXIS2_PLACEMENT_3D ( 'NONE', #4047, #2759, #3904 ) ;
#2399 = DIRECTION ( 'NONE',  ( 0.0000000000000000000, -1.000000000000000000, 0.0000000000000000000 ) ) ;
#2400 = CARTESIAN_POINT ( 'NONE',  ( 37.15832339645758964, 5.000000000000005329, 6.123233995736770227E-16 ) ) ;
#2401 = DIRECTION ( 'NONE',  ( -1.000000000000000000, -1.224606353822377258E-16, -0.0000000000000000000 ) ) ;
#2402 = ORIENTED_EDGE ( 'NONE', *, *, #2570, .T. ) ;
#2403 = VERTEX_POINT ( 'NONE', #378 ) ;
#2404 = EDGE_CURVE ( 'NONE', #4259, #4508, #2338, .T. ) ;
#2405 = CARTESIAN_POINT ( 'NONE',  ( 5.000000000000000000, 4.685197434473813871, -6.505213034913026604E-15 ) ) ;
#2406 = VECTOR ( 'NONE', #4748, 1000.000000000000000 ) ;
#2407 = DIRECTION ( 'NONE',  ( -1.000000000000000000, -1.224606353822377258E-16, -0.0000000000000000000 ) ) ;
#2408 = EDGE_CURVE ( 'NONE', #2115, #1570, #2538, .T. ) ;
#2409 = CARTESIAN_POINT ( 'NONE',  ( 40.64285714285713880, -4.172000000000000597, 5.616230220889765396E-16 ) ) ;
#2410 = ORIENTED_EDGE ( 'NONE', *, *, #2893, .F. ) ;
#2411 = ADVANCED_FACE ( 'NONE', ( #2105 ), #2047, .T. ) ;
#2412 = CARTESIAN_POINT ( 'NONE',  ( 20.30952380952381375, 2.164491730381051252E-15, 0.0000000000000000000 ) ) ;
#2413 = DIRECTION ( 'NONE',  ( 0.0000000000000000000, -1.000000000000000000, 0.0000000000000000000 ) ) ;
#2414 = DIRECTION ( 'NONE',  ( 0.0000000000000000000, -1.000000000000000000, 0.0000000000000000000 ) ) ;
#2415 = ORIENTED_EDGE ( 'NONE', *, *, #4359, .F. ) ;
#2416 = FACE_OUTER_BOUND ( 'NONE', #1852, .T. ) ;
#2417 = ORIENTED_EDGE ( 'NONE', *, *, #3712, .F. ) ;
#2418 = VERTEX_POINT ( 'NONE', #3896 ) ;
#2419 = CARTESIAN_POINT ( 'NONE',  ( -31.74999999999995737, 6.123233995736719937E-16, -4.999999999999961808 ) ) ;
#2420 = AXIS2_PLACEMENT_3D ( 'NONE', #2911, #2889, #2882 ) ;
#2421 = VECTOR ( 'NONE', #1316, 1000.000000000000000 ) ;
#2422 = ORIENTED_EDGE ( 'NONE', *, *, #4619, .T. ) ;
#2423 = EDGE_CURVE ( 'NONE', #3909, #2260, #2389, .T. ) ;
#2424 = VERTEX_POINT ( 'NONE', #659 ) ;
#2425 = CIRCLE ( 'NONE', #2249, 5.000000000000002665 ) ;
#2426 = EDGE_CURVE ( 'NONE', #628, #166, #2152, .T. ) ;
#2427 = DIRECTION ( 'NONE',  ( 0.0000000000000000000, -1.000000000000000000, 0.0000000000000000000 ) ) ;
#2428 = DIRECTION ( 'NONE',  ( 0.0000000000000000000, -1.000000000000000000, 0.0000000000000000000 ) ) ;
#2429 = VECTOR ( 'NONE', #2032, 1000.000000000000000 ) ;
#2430 = EDGE_CURVE ( 'NONE', #2260, #4076, #1983, .T. ) ;
#2431 = EDGE_CURVE ( 'NONE', #1502, #166, #2211, .T. ) ;
#2432 = DIRECTION ( 'NONE',  ( 0.5735764363510466035, -0.8191520442889914655, 1.003171929053524500E-16 ) ) ;
#2433 = CIRCLE ( 'NONE', #259, 4.172000000000002373 ) ;
#2434 = EDGE_CURVE ( 'NONE', #618, #2365, #2101, .T. ) ;
#2435 = CONICAL_SURFACE ( 'NONE', #569, 5.000000000000003553, 0.9599310885968808105 ) ;
#2436 = CARTESIAN_POINT ( 'NONE',  ( 39.19047619047618980, -4.172000000000000597, 5.616230220889765396E-16 ) ) ;
#2437 = ORIENTED_EDGE ( 'NONE', *, *, #4454, .T. ) ;
#2438 = ORIENTED_EDGE ( 'NONE', *, *, #2961, .F. ) ;
#2439 = VECTOR ( 'NONE', #3705, 1000.000000000000000 ) ;
#2440 = EDGE_CURVE ( 'NONE', #349, #2322, #1881, .T. ) ;
#2441 = DIRECTION ( 'NONE',  ( -1.000000000000000000, -1.224606353822377258E-16, -0.0000000000000000000 ) ) ;
#2442 = PLANE ( 'NONE',  #1176 ) ;
#2443 = CIRCLE ( 'NONE', #4021, 4.172000000000002373 ) ;
#2444 = CARTESIAN_POINT ( 'NONE',  ( 19.72975196788616259, 2.093492502277374743E-15, 0.0000000000000000000 ) ) ;
#2445 = ORIENTED_EDGE ( 'NONE', *, *, #4445, .F. ) ;
#2446 = ORIENTED_EDGE ( 'NONE', *, *, #3862, .T. ) ;
#2447 = CIRCLE ( 'NONE', #3413, 5.000000000000002665 ) ;
#2448 = ORIENTED_EDGE ( 'NONE', *, *, #1237, .T. ) ;
#2449 = ADVANCED_FACE ( 'NONE', ( #1706 ), #1496, .T. ) ;
#2450 = EDGE_CURVE ( 'NONE', #3690, #1668, #1500, .T. ) ;
#2451 = EDGE_CURVE ( 'NONE', #1193, #2260, #1826, .T. ) ;
#2452 = DIRECTION ( 'NONE',  ( 1.000000000000000000, 0.0000000000000000000, 0.0000000000000000000 ) ) ;
#2453 = EDGE_LOOP ( 'NONE', ( #2369, #2422, #2537, #2550, #2566, #2676 ) ) ;
#2454 = CARTESIAN_POINT ( 'NONE',  ( 5.000000000000000000, 4.685197434473813871, -6.505213034913026604E-15 ) ) ;
#2455 = AXIS2_PLACEMENT_3D ( 'NONE', #4228, #3610, #3604 ) ;
#2456 = DIRECTION ( 'NONE',  ( 0.0000000000000000000, 0.0000000000000000000, -1.000000000000000000 ) ) ;
#2457 = EDGE_CURVE ( 'NONE', #4510, #1502, #1575, .T. ) ;
#2458 = CARTESIAN_POINT ( 'NONE',  ( 45.00000000000000000, 0.0000000000000000000, 0.0000000000000000000 ) ) ;
#2459 = CARTESIAN_POINT ( 'NONE',  ( 5.000000000000000000, 4.685197434473813871, -6.505213034913026604E-15 ) ) ;
#2460 = DIRECTION ( 'NONE',  ( 0.0000000000000000000, -1.000000000000000000, 0.0000000000000000000 ) ) ;
#2461 = AXIS2_PLACEMENT_3D ( 'NONE', #3410, #3409, #3407 ) ;
#2462 = VERTEX_POINT ( 'NONE', #3696 ) ;
#2463 = DIRECTION ( 'NONE',  ( -1.000000000000000000, -1.224606353822377258E-16, -0.0000000000000000000 ) ) ;
#2464 = EDGE_CURVE ( 'NONE', #618, #4076, #1425, .T. ) ;
#2465 = DIRECTION ( 'NONE',  ( -1.000000000000000000, -1.224606353822377258E-16, -0.0000000000000000000 ) ) ;
#2466 = CARTESIAN_POINT ( 'NONE',  ( 19.43691469878049816, 2.235490958484726972E-15, 0.0000000000000000000 ) ) ;
#2467 = LINE ( 'NONE', #4417, #2308 ) ;
#2468 = CARTESIAN_POINT ( 'NONE',  ( -31.74999999999995737, 0.0000000000000000000, 0.0000000000000000000 ) ) ;
#2469 = ORIENTED_EDGE ( 'NONE', *, *, #4402, .F. ) ;
#2470 = AXIS2_PLACEMENT_3D ( 'NONE', #3085, #3078, #3089 ) ;
#2471 = CIRCLE ( 'NONE', #3290, 5.000000000000002665 ) ;
#2472 = AXIS2_PLACEMENT_3D ( 'NONE', #3202, #614, #2172 ) ;
#2473 = CIRCLE ( 'NONE', #4197, 5.000000000000003553 ) ;
#2474 = PLANE ( 'NONE',  #1149 ) ;
#2475 = CARTESIAN_POINT ( 'NONE',  ( 37.15832339645758964, 2.093492502277374743E-15, 0.0000000000000000000 ) ) ;
#2476 = ORIENTED_EDGE ( 'NONE', *, *, #4313, .F. ) ;
#2477 = EDGE_CURVE ( 'NONE', #4654, #2993, #1632, .T. ) ;
#2478 = DIRECTION ( 'NONE',  ( 0.0000000000000000000, -1.000000000000000000, 0.0000000000000000000 ) ) ;
#2479 = CONICAL_SURFACE ( 'NONE', #1118, 5.000000000000003553, 0.9599310885968808105 ) ;
#2480 = ORIENTED_EDGE ( 'NONE', *, *, #4054, .F. ) ;
#2481 = CARTESIAN_POINT ( 'NONE',  ( 37.15832339645758964, 2.093492502277374743E-15, 0.0000000000000000000 ) ) ;
#2482 = FACE_OUTER_BOUND ( 'NONE', #3847, .T. ) ;
#2483 = FACE_OUTER_BOUND ( 'NONE', #901, .T. ) ;
#2484 = CIRCLE ( 'NONE', #519, 5.000000000000003553 ) ;
#2485 = CIRCLE ( 'NONE', #142, 5.000000000000003553 ) ;
#2486 = EDGE_CURVE ( 'NONE', #1934, #3853, #1353, .T. ) ;
#2487 = AXIS2_PLACEMENT_3D ( 'NONE', #2069, #2127, #2141 ) ;
#2488 = DIRECTION ( 'NONE',  ( -1.000000000000000000, -1.224606353822377258E-16, -0.0000000000000000000 ) ) ;
#2489 = VERTEX_POINT ( 'NONE', #4719 ) ;
#2490 = DIRECTION ( 'NONE',  ( 0.0000000000000000000, -1.000000000000000000, 0.0000000000000000000 ) ) ;
#2491 = CONICAL_SURFACE ( 'NONE', #577, 4.057500000000000107, 1.047197551196593857 ) ;
#2492 = ORIENTED_EDGE ( 'NONE', *, *, #4393, .F. ) ;
#2493 = EDGE_CURVE ( 'NONE', #4259, #764, #1202, .T. ) ;
#2494 = DIRECTION ( 'NONE',  ( -1.000000000000000000, -0.0000000000000000000, -0.0000000000000000000 ) ) ;
#2495 = ORIENTED_EDGE ( 'NONE', *, *, #4366, .T. ) ;
#2496 = ORIENTED_EDGE ( 'NONE', *, *, #2668, .F. ) ;
#2497 = CARTESIAN_POINT ( 'NONE',  ( 26.69881946068526091, 2.235490958484726972E-15, 0.0000000000000000000 ) ) ;
#2498 = AXIS2_PLACEMENT_3D ( 'NONE', #2170, #2119, #2104 ) ;
#2499 = CIRCLE ( 'NONE', #1562, 5.000000000000002665 ) ;
#2500 = DIRECTION ( 'NONE',  ( -1.000000000000000000, -1.224606353822377258E-16, -0.0000000000000000000 ) ) ;
#2501 = DIRECTION ( 'NONE',  ( -1.000000000000000000, -1.224606353822377258E-16, -0.0000000000000000000 ) ) ;
#2502 = DIRECTION ( 'NONE',  ( 0.0000000000000000000, 0.0000000000000000000, -1.000000000000000000 ) ) ;
#2503 = CARTESIAN_POINT ( 'NONE',  ( 39.77024803211383386, 5.000000000000005329, 0.0000000000000000000 ) ) ;
#2504 = VERTEX_POINT ( 'NONE', #4656 ) ;
#2505 = CARTESIAN_POINT ( 'NONE',  ( 33.38095238095237960, 2.164491730381051252E-15, 0.0000000000000000000 ) ) ;
#2506 = CARTESIAN_POINT ( 'NONE',  ( 10.00000000000000000, 6.613092715395661121E-16, 5.399999999999962164 ) ) ;
#2507 = VECTOR ( 'NONE', #2090, 1000.000000000000114 ) ;
#2508 = AXIS2_PLACEMENT_3D ( 'NONE', #3152, #3074, #3067 ) ;
#2509 = ORIENTED_EDGE ( 'NONE', *, *, #3775, .F. ) ;
#2510 = DIRECTION ( 'NONE',  ( -1.000000000000000000, -1.224606353822377258E-16, -0.0000000000000000000 ) ) ;
#2511 = ORIENTED_EDGE ( 'NONE', *, *, #4490, .F. ) ;
#2512 = AXIS2_PLACEMENT_3D ( 'NONE', #3576, #3563, #3551 ) ;
#2513 = EDGE_CURVE ( 'NONE', #2827, #3793, #1272, .T. ) ;
#2514 = ORIENTED_EDGE ( 'NONE', *, *, #4359, .T. ) ;
#2515 = CYLINDRICAL_SURFACE ( 'NONE', #203, 4.999999999999961808 ) ;
#2516 = LINE ( 'NONE', #1173, #2563 ) ;
#2517 = DIRECTION ( 'NONE',  ( 0.0000000000000000000, 0.0000000000000000000, 1.000000000000000000 ) ) ;
#2518 = DIRECTION ( 'NONE',  ( 0.0000000000000000000, -1.000000000000000000, 0.0000000000000000000 ) ) ;
#2519 = ORIENTED_EDGE ( 'NONE', *, *, #3925, .T. ) ;
#2520 = EDGE_CURVE ( 'NONE', #1934, #1429, #1635, .T. ) ;
#2521 = EDGE_CURVE ( 'NONE', #4076, #752, #1143, .T. ) ;
#2522 = ORIENTED_EDGE ( 'NONE', *, *, #2556, .F. ) ;
#2523 = LINE ( 'NONE', #3350, #4778 ) ;
#2524 = CONICAL_SURFACE ( 'NONE', #2768, 5.000000000000003553, 0.9599310885968808105 ) ;
#2525 = CIRCLE ( 'NONE', #1101, 8.000000000000000000 ) ;
#2526 = DIRECTION ( 'NONE',  ( -1.000000000000000000, -1.224606353822377258E-16, -0.0000000000000000000 ) ) ;
#2527 = DIRECTION ( 'NONE',  ( 1.000000000000000000, 1.224606353822377258E-16, 0.0000000000000000000 ) ) ;
#2528 = ORIENTED_EDGE ( 'NONE', *, *, #4344, .F. ) ;
#2529 = ADVANCED_FACE ( 'NONE', ( #2847 ), #817, .T. ) ;
#2530 = CARTESIAN_POINT ( 'NONE',  ( 21.18213292026711514, -1.733336949948512268E-29, 5.000000000000002665 ) ) ;
#2531 = ORIENTED_EDGE ( 'NONE', *, *, #3640, .F. ) ;
#2532 = CARTESIAN_POINT ( 'NONE',  ( 18.85714285714285765, 2.164491730381051252E-15, 0.0000000000000000000 ) ) ;
#2533 = FACE_OUTER_BOUND ( 'NONE', #3601, .T. ) ;
#2534 = AXIS2_PLACEMENT_3D ( 'NONE', #1049, #1045, #1035 ) ;
#2535 = AXIS2_PLACEMENT_3D ( 'NONE', #3, #4000, #1731 ) ;
#2536 = CIRCLE ( 'NONE', #568, 5.000000000000002665 ) ;
#2537 = ORIENTED_EDGE ( 'NONE', *, *, #3002, .T. ) ;
#2538 = LINE ( 'NONE', #782, #2628 ) ;
#2539 = EDGE_CURVE ( 'NONE', #3537, #752, #892, .T. ) ;
#2540 = DIRECTION ( 'NONE',  ( 0.0000000000000000000, -1.000000000000000000, 0.0000000000000000000 ) ) ;
#2541 = DIRECTION ( 'NONE',  ( -1.000000000000000000, -1.224606353822377258E-16, -0.0000000000000000000 ) ) ;
#2542 = ORIENTED_EDGE ( 'NONE', *, *, #3763, .T. ) ;
#2543 = LINE ( 'NONE', #4111, #2223 ) ;
#2544 = CIRCLE ( 'NONE', #1083, 5.000000000000002665 ) ;
#2545 = EDGE_CURVE ( 'NONE', #2236, #3537, #2342, .T. ) ;
#2546 = CARTESIAN_POINT ( 'NONE',  ( 5.000000000000000000, -4.685197434473821865, 3.469446951953614189E-15 ) ) ;
#2547 = CARTESIAN_POINT ( 'NONE',  ( 37.73809523809524080, 2.164491730381051252E-15, 0.0000000000000000000 ) ) ;
#2548 = ORIENTED_EDGE ( 'NONE', *, *, #3869, .T. ) ;
#2549 = CIRCLE ( 'NONE', #2841, 5.000000000000003553 ) ;
#2550 = ORIENTED_EDGE ( 'NONE', *, *, #3189, .T. ) ;
#2551 = CARTESIAN_POINT ( 'NONE',  ( 25.53927577740996924, 5.000000000000005329, 6.123233995736770227E-16 ) ) ;
#2552 = ORIENTED_EDGE ( 'NONE', *, *, #3361, .F. ) ;
#2553 = DIRECTION ( 'NONE',  ( -0.5735764363510515995, 0.8191520442889879128, 1.003171929053520063E-16 ) ) ;
#2554 = PLANE ( 'NONE',  #1116 ) ;
#2555 = EDGE_CURVE ( 'NONE', #4, #487, #1013, .T. ) ;
#2556 = EDGE_CURVE ( 'NONE', #2809, #705, #886, .T. ) ;
#2557 = EDGE_CURVE ( 'NONE', #404, #1193, #748, .T. ) ;
#2558 = EDGE_LOOP ( 'NONE', ( #4501, #3939, #4180, #4372, #4520 ) ) ;
#2559 = ADVANCED_FACE ( 'NONE', ( #462 ), #3387, .T. ) ;
#2560 = VECTOR ( 'NONE', #258, 1000.000000000000000 ) ;
#2561 = CARTESIAN_POINT ( 'NONE',  ( 10.00000000000000178, 0.0000000000000000000, 0.0000000000000000000 ) ) ;
#2562 = DIRECTION ( 'NONE',  ( 0.0000000000000000000, 1.000000000000000000, -1.295896757998780980E-15 ) ) ;
#2563 = VECTOR ( 'NONE', #850, 1000.000000000000000 ) ;
#2564 = CARTESIAN_POINT ( 'NONE',  ( 37.73809523809524080, 4.172000000000004150, 5.109226446042759579E-16 ) ) ;
#2565 = DIRECTION ( 'NONE',  ( -1.000000000000000000, -0.0000000000000000000, -0.0000000000000000000 ) ) ;
#2566 = ORIENTED_EDGE ( 'NONE', *, *, #3031, .F. ) ;
#2567 = DIRECTION ( 'NONE',  ( 0.0000000000000000000, 0.0000000000000000000, 1.000000000000000000 ) ) ;
#2568 = EDGE_CURVE ( 'NONE', #404, #1988, #329, .T. ) ;
#2569 = EDGE_LOOP ( 'NONE', ( #2511, #4561, #4226, #3657, #1243 ) ) ;
#2570 = EDGE_CURVE ( 'NONE', #2365, #1762, #402, .T. ) ;
#2571 = ORIENTED_EDGE ( 'NONE', *, *, #3394, .F. ) ;
#2572 = CIRCLE ( 'NONE', #1373, 4.999999999999961808 ) ;
#2573 = CIRCLE ( 'NONE', #201, 5.000000000000003553 ) ;
#2574 = VECTOR ( 'NONE', #3841, 1000.000000000000000 ) ;
#2575 = VERTEX_POINT ( 'NONE', #4436 ) ;
#2576 = CIRCLE ( 'NONE', #162, 5.000000000000002665 ) ;
#2577 = CIRCLE ( 'NONE', #1103, 4.172000000000002373 ) ;
#2578 = DIRECTION ( 'NONE',  ( 0.0000000000000000000, 0.0000000000000000000, 1.000000000000000000 ) ) ;
#2579 = FACE_OUTER_BOUND ( 'NONE', #21, .T. ) ;
#2580 = ORIENTED_EDGE ( 'NONE', *, *, #4506, .F. ) ;
#2581 = DIRECTION ( 'NONE',  ( 0.0000000000000000000, 1.000000000000000000, 0.0000000000000000000 ) ) ;
#2582 = CIRCLE ( 'NONE', #1081, 5.000000000000002665 ) ;
#2583 = CIRCLE ( 'NONE', #549, 5.000000000000003553 ) ;
#2584 = CONICAL_SURFACE ( 'NONE', #1377, 4.172000000000002373, 0.9599310885968747042 ) ;
#2585 = FACE_OUTER_BOUND ( 'NONE', #3917, .T. ) ;
#2586 = EDGE_LOOP ( 'NONE', ( #1128, #1150, #1606, #1320, #1413, #1726 ) ) ;
#2587 = ORIENTED_EDGE ( 'NONE', *, *, #4286, .T. ) ;
#2588 = ADVANCED_FACE ( 'NONE', ( #606 ), #4088, .T. ) ;
#2589 = CARTESIAN_POINT ( 'NONE',  ( 19.43691469878049816, 2.235490958484726972E-15, 0.0000000000000000000 ) ) ;
#2590 = CARTESIAN_POINT ( 'NONE',  ( 37.73809523809524080, -4.172000000000000597, 0.0000000000000000000 ) ) ;
#2591 = VERTEX_POINT ( 'NONE', #4424 ) ;
#2592 = CARTESIAN_POINT ( 'NONE',  ( 5.000000000000000000, 4.685197434473813871, -6.505213034913026604E-15 ) ) ;
#2593 = CARTESIAN_POINT ( 'NONE',  ( 38.31786707973287776, 6.123233995736582872E-16, -5.000000000000004441 ) ) ;
#2594 = DIRECTION ( 'NONE',  ( -1.000000000000000000, -1.224606353822377258E-16, -0.0000000000000000000 ) ) ;
#2595 = CIRCLE ( 'NONE', #4553, 5.000000000000003553 ) ;
#2596 = ORIENTED_EDGE ( 'NONE', *, *, #3397, .T. ) ;
#2597 = DIRECTION ( 'NONE',  ( 0.0000000000000000000, 1.000000000000000000, -1.110768649713240727E-15 ) ) ;
#2598 = EDGE_CURVE ( 'NONE', #4596, #85, #2717, .T. ) ;
#2599 = EDGE_CURVE ( 'NONE', #2007, #257, #4349, .T. ) ;
#2600 = EDGE_LOOP ( 'NONE', ( #847, #289, #1567, #434, #683, #3912 ) ) ;
#2601 = LINE ( 'NONE', #550, #2507 ) ;
#2602 = DIRECTION ( 'NONE',  ( 0.0000000000000000000, -1.000000000000000000, 0.0000000000000000000 ) ) ;
#2603 = CARTESIAN_POINT ( 'NONE',  ( 34.25356149169568454, -1.733336949948512268E-29, 5.000000000000002665 ) ) ;
#2604 = AXIS2_PLACEMENT_3D ( 'NONE', #2497, #2488, #2478 ) ;
#2605 = DIRECTION ( 'NONE',  ( -1.000000000000000000, -1.224606353822377258E-16, -0.0000000000000000000 ) ) ;
#2606 = CARTESIAN_POINT ( 'NONE',  ( 35.70594244407664064, 2.093492502277374743E-15, 0.0000000000000000000 ) ) ;
#2607 = LINE ( 'NONE', #276, #2560 ) ;
#2608 = EDGE_CURVE ( 'NONE', #1762, #85, #2087, .T. ) ;
#2609 = EDGE_CURVE ( 'NONE', #351, #2007, #1556, .T. ) ;
#2610 = CARTESIAN_POINT ( 'NONE',  ( 18.27737101550521004, 2.093492502277374743E-15, 0.0000000000000000000 ) ) ;
#2611 = CARTESIAN_POINT ( 'NONE',  ( 35.70594244407664064, 6.123233995736598649E-16, -5.000000000000002665 ) ) ;
#2612 = VECTOR ( 'NONE', #410, 1000.000000000000000 ) ;
#2613 = CIRCLE ( 'NONE', #492, 5.000000000000003553 ) ;
#2614 = CARTESIAN_POINT ( 'NONE',  ( 31.05596231782811856, 2.235490958484726972E-15, 0.0000000000000000000 ) ) ;
#2615 = VECTOR ( 'NONE', #2494, 1000.000000000000000 ) ;
#2616 = AXIS2_PLACEMENT_3D ( 'NONE', #4627, #4592, #4585 ) ;
#2617 = CYLINDRICAL_SURFACE ( 'NONE', #1099, 4.999999999999961808 ) ;
#2618 = CARTESIAN_POINT ( 'NONE',  ( 25.24643850830431191, -5.000000000000001776, 6.123233995736772199E-16 ) ) ;
#2619 = ADVANCED_FACE ( 'NONE', ( #2266 ), #1195, .T. ) ;
#2620 = VECTOR ( 'NONE', #2902, 1000.000000000000000 ) ;
#2621 = VERTEX_POINT ( 'NONE', #4168 ) ;
#2622 = VERTEX_POINT ( 'NONE', #4133 ) ;
#2623 = FACE_OUTER_BOUND ( 'NONE', #4413, .T. ) ;
#2624 = DIRECTION ( 'NONE',  ( 0.0000000000000000000, 1.000000000000000000, 0.0000000000000000000 ) ) ;
#2625 = CARTESIAN_POINT ( 'NONE',  ( 41.22262898449478286, -5.000000000000001776, 6.123233995736772199E-16 ) ) ;
#2626 = CIRCLE ( 'NONE', #1358, 8.000000000000000000 ) ;
#2627 = DIRECTION ( 'NONE',  ( 0.0000000000000000000, -0.4999999999999994449, 0.8660254037844389297 ) ) ;
#2628 = VECTOR ( 'NONE', #818, 1000.000000000000000 ) ;
#2629 = CARTESIAN_POINT ( 'NONE',  ( 34.25356149169568454, -5.000000000000000000, 0.0000000000000000000 ) ) ;
#2630 = ORIENTED_EDGE ( 'NONE', *, *, #3420, .T. ) ;
#2631 = CARTESIAN_POINT ( 'NONE',  ( 36.86548612735192876, -5.000000000000001776, 6.123233995736772199E-16 ) ) ;
#2632 = DIRECTION ( 'NONE',  ( 0.0000000000000000000, 0.0000000000000000000, 1.000000000000000000 ) ) ;
#2633 = ORIENTED_EDGE ( 'NONE', *, *, #202, .T. ) ;
#2634 = ORIENTED_EDGE ( 'NONE', *, *, #548, .T. ) ;
#2635 = CARTESIAN_POINT ( 'NONE',  ( 15.95238095238095433, -4.172000000000000597, 0.0000000000000000000 ) ) ;
#2636 = CARTESIAN_POINT ( 'NONE',  ( 26.69881946068526091, 6.123233995736582872E-16, -5.000000000000004441 ) ) ;
#2637 = ORIENTED_EDGE ( 'NONE', *, *, #2240, .T. ) ;
#2638 = DIRECTION ( 'NONE',  ( 1.000000000000000000, 1.224606353822377258E-16, 0.0000000000000000000 ) ) ;
#2639 = DIRECTION ( 'NONE',  ( 0.0000000000000000000, -1.000000000000000000, 0.0000000000000000000 ) ) ;
#2640 = CARTESIAN_POINT ( 'NONE',  ( 42.09523809523809490, -4.172000000000000597, 5.616230220889765396E-16 ) ) ;
#2641 = VERTEX_POINT ( 'NONE', #4429 ) ;
#2642 = ORIENTED_EDGE ( 'NONE', *, *, #4054, .T. ) ;
#2643 = ADVANCED_FACE ( 'NONE', ( #2139 ), #1421, .T. ) ;
#2644 = DIRECTION ( 'NONE',  ( -1.000000000000000000, -1.224606353822377258E-16, -0.0000000000000000000 ) ) ;
#2645 = PLANE ( 'NONE',  #1771 ) ;
#2646 = CARTESIAN_POINT ( 'NONE',  ( 17.98453374639954561, 2.235490958484726972E-15, 0.0000000000000000000 ) ) ;
#2647 = ORIENTED_EDGE ( 'NONE', *, *, #3406, .F. ) ;
#2648 = VECTOR ( 'NONE', #8, 1000.000000000000000 ) ;
#2649 = DIRECTION ( 'NONE',  ( -1.000000000000000000, -1.224606353822377258E-16, -0.0000000000000000000 ) ) ;
#2650 = DIRECTION ( 'NONE',  ( -0.5735764363510513775, -0.8191520442889881348, 0.0000000000000000000 ) ) ;
#2651 = DIRECTION ( 'NONE',  ( -1.000000000000000000, -1.224606353822377258E-16, -0.0000000000000000000 ) ) ;
#2652 = VECTOR ( 'NONE', #4341, 1000.000000000000000 ) ;
#2653 = CARTESIAN_POINT ( 'NONE',  ( 18.85714285714285765, 2.164491730381051252E-15, 0.0000000000000000000 ) ) ;
#2654 = CARTESIAN_POINT ( 'NONE',  ( 15.95238095238095433, 2.164491730381051252E-15, 0.0000000000000000000 ) ) ;
#2655 = CYLINDRICAL_SURFACE ( 'NONE', #2058, 4.999999999999961808 ) ;
#2656 = ADVANCED_FACE ( 'NONE', ( #686 ), #2840, .T. ) ;
#2657 = CARTESIAN_POINT ( 'NONE',  ( 36.28571428571429180, 2.164491730381051252E-15, 0.0000000000000000000 ) ) ;
#2658 = DIRECTION ( 'NONE',  ( 0.0000000000000000000, -1.000000000000000000, 0.0000000000000000000 ) ) ;
#2659 = VECTOR ( 'NONE', #3518, 1000.000000000000114 ) ;
#2660 = ORIENTED_EDGE ( 'NONE', *, *, #2521, .T. ) ;
#2661 = AXIS2_PLACEMENT_3D ( 'NONE', #2926, #2925, #2915 ) ;
#2662 = DIRECTION ( 'NONE',  ( -1.000000000000000000, -1.224606353822377258E-16, -0.0000000000000000000 ) ) ;
#2663 = COLOUR_RGB ( '',0.7764705882352941346, 0.7568627450980391913, 0.7372549019607843590 ) ;
#2664 = VERTEX_POINT ( 'NONE', #3749 ) ;
#2665 = VECTOR ( 'NONE', #3987, 1000.000000000000000 ) ;
#2666 = FACE_OUTER_BOUND ( 'NONE', #2248, .T. ) ;
#2667 = CARTESIAN_POINT ( 'NONE',  ( 29.60358136544716601, -1.887411345499491136E-29, 5.000000000000004441 ) ) ;
#2668 = EDGE_CURVE ( 'NONE', #727, #3784, #1985, .T. ) ;
#2669 = ORIENTED_EDGE ( 'NONE', *, *, #3639, .T. ) ;
#2670 = EDGE_CURVE ( 'NONE', #1513, #4596, #1139, .T. ) ;
#2671 = EDGE_CURVE ( 'NONE', #1166, #1513, #3338, .T. ) ;
#2672 = CYLINDRICAL_SURFACE ( 'NONE', #1181, 4.999999999999961808 ) ;
#2673 = CARTESIAN_POINT ( 'NONE',  ( 17.40476190476190510, 2.164491730381051252E-15, 0.0000000000000000000 ) ) ;
#2674 = CARTESIAN_POINT ( 'NONE',  ( 1.500000000000001332, 0.0000000000000000000, 0.0000000000000000000 ) ) ;
#2675 = ADVANCED_FACE ( 'NONE', ( #3214, #1627 ), #3760, .T. ) ;
#2676 = ORIENTED_EDGE ( 'NONE', *, *, #4599, .F. ) ;
#2677 = VECTOR ( 'NONE', #3137, 1000.000000000000000 ) ;
#2678 = EDGE_CURVE ( 'NONE', #2881, #3614, #2199, .T. ) ;
#2679 = VECTOR ( 'NONE', #331, 1000.000000000000000 ) ;
#2680 = DIRECTION ( 'NONE',  ( 1.000000000000000000, 0.0000000000000000000, 0.0000000000000000000 ) ) ;
#2681 = DIRECTION ( 'NONE',  ( 0.0000000000000000000, 0.0000000000000000000, 1.000000000000000000 ) ) ;
#2682 = EDGE_LOOP ( 'NONE', ( #4207, #4692, #3970, #4192 ) ) ;
#2683 = CARTESIAN_POINT ( 'NONE',  ( 21.18213292026711514, 5.000000000000005329, 6.123233995736770227E-16 ) ) ;
#2684 = EDGE_CURVE ( 'NONE', #3614, #351, #4136, .T. ) ;
#2685 = CIRCLE ( 'NONE', #2231, 5.000000000000002665 ) ;
#2686 = AXIS2_PLACEMENT_3D ( 'NONE', #238, #226, #242 ) ;
#2687 = ORIENTED_EDGE ( 'NONE', *, *, #1432, .T. ) ;
#2688 = CIRCLE ( 'NONE', #4264, 5.000000000000003553 ) ;
#2689 = DIRECTION ( 'NONE',  ( 0.0000000000000000000, 0.0000000000000000000, 1.000000000000000000 ) ) ;
#2690 = AXIS2_PLACEMENT_3D ( 'NONE', #2444, #2441, #2428 ) ;
#2691 = ORIENTED_EDGE ( 'NONE', *, *, #3039, .F. ) ;
#2692 = CARTESIAN_POINT ( 'NONE',  ( 5.000000000000000000, -3.513898075855363068, 2.028750000000007603 ) ) ;
#2693 = EDGE_CURVE ( 'NONE', #4042, #351, #3454, .T. ) ;
#2694 = EDGE_CURVE ( 'NONE', #902, #4042, #450, .T. ) ;
#2695 = DIRECTION ( 'NONE',  ( -1.000000000000000000, -0.0000000000000000000, -0.0000000000000000000 ) ) ;
#2696 = CARTESIAN_POINT ( 'NONE',  ( 38.31786707973287776, 2.235490958484726972E-15, 0.0000000000000000000 ) ) ;
#2697 = LINE ( 'NONE', #481, #1105 ) ;
#2698 = UNCERTAINTY_MEASURE_WITH_UNIT (LENGTH_MEASURE( 1.000000000000000082E-05 ), #2962, 'distance_accuracy_value', 'NONE');
#2699 = EDGE_CURVE ( 'NONE', #2881, #902, #3788, .T. ) ;
#2700 = EDGE_CURVE ( 'NONE', #2881, #4411, #1414, .T. ) ;
#2701 = ORIENTED_EDGE ( 'NONE', *, *, #3329, .T. ) ;
#2702 = FACE_OUTER_BOUND ( 'NONE', #3780, .T. ) ;
#2703 = VERTEX_POINT ( 'NONE', #3540 ) ;
#2704 = DIRECTION ( 'NONE',  ( 0.0000000000000000000, -1.000000000000000000, 0.0000000000000000000 ) ) ;
#2705 = DIRECTION ( 'NONE',  ( 1.000000000000000000, 1.224606353822377258E-16, 0.0000000000000000000 ) ) ;
#2706 = ORIENTED_EDGE ( 'NONE', *, *, #2699, .F. ) ;
#2707 = EDGE_CURVE ( 'NONE', #885, #3751, #3832, .T. ) ;
#2708 = VERTEX_POINT ( 'NONE', #3336 ) ;
#2709 = CARTESIAN_POINT ( 'NONE',  ( 33.38095238095237960, 2.164491730381051252E-15, 0.0000000000000000000 ) ) ;
#2710 = DIRECTION ( 'NONE',  ( 0.0000000000000000000, -1.000000000000000000, 0.0000000000000000000 ) ) ;
#2711 = FACE_OUTER_BOUND ( 'NONE', #1482, .T. ) ;
#2712 = AXIS2_PLACEMENT_3D ( 'NONE', #1868, #1905, #1825 ) ;
#2713 = EDGE_CURVE ( 'NONE', #4411, #1513, #2485, .T. ) ;
#2714 = DIRECTION ( 'NONE',  ( -1.000000000000000000, -0.0000000000000000000, -0.0000000000000000000 ) ) ;
#2715 = ORIENTED_EDGE ( 'NONE', *, *, #1614, .F. ) ;
#2716 = CIRCLE ( 'NONE', #4265, 4.172000000000002373 ) ;
#2717 = CIRCLE ( 'NONE', #283, 5.000000000000003553 ) ;
#2718 = FACE_OUTER_BOUND ( 'NONE', #92, .T. ) ;
#2719 = CARTESIAN_POINT ( 'NONE',  ( 16.53215279401859661, 2.235490958484726972E-15, 0.0000000000000000000 ) ) ;
#2720 = DIRECTION ( 'NONE',  ( 0.0000000000000000000, -1.000000000000000000, 0.0000000000000000000 ) ) ;
#2721 = AXIS2_PLACEMENT_3D ( 'NONE', #2897, #2957, #2933 ) ;
#2722 = DIRECTION ( 'NONE',  ( -1.000000000000000000, -1.224606353822377258E-16, -0.0000000000000000000 ) ) ;
#2723 = EDGE_LOOP ( 'NONE', ( #2745, #2736, #1996, #2015, #4759, #1948 ) ) ;
#2724 = DIRECTION ( 'NONE',  ( 0.0000000000000000000, -1.000000000000000000, 0.0000000000000000000 ) ) ;
#2725 = CARTESIAN_POINT ( 'NONE',  ( 42.09523809523809490, -4.172000000000000597, 0.0000000000000000000 ) ) ;
#2726 = EDGE_CURVE ( 'NONE', #3614, #4596, #1751, .T. ) ;
#2727 = FACE_OUTER_BOUND ( 'NONE', #1797, .T. ) ;
#2728 = CARTESIAN_POINT ( 'NONE',  ( 20.30952380952381375, 2.164491730381051252E-15, 0.0000000000000000000 ) ) ;
#2729 = DIRECTION ( 'NONE',  ( 0.0000000000000000000, -1.000000000000000000, 0.0000000000000000000 ) ) ;
#2730 = ORIENTED_EDGE ( 'NONE', *, *, #2477, .F. ) ;
#2731 = ORIENTED_EDGE ( 'NONE', *, *, #2539, .F. ) ;
#2732 = DIRECTION ( 'NONE',  ( 0.0000000000000000000, 1.000000000000000000, 0.0000000000000000000 ) ) ;
#2733 = DIRECTION ( 'NONE',  ( -1.000000000000000000, -1.224606353822377258E-16, -0.0000000000000000000 ) ) ;
#2734 = LINE ( 'NONE', #1026, #2679 ) ;
#2735 = EDGE_CURVE ( 'NONE', #1129, #257, #1135, .T. ) ;
#2736 = ORIENTED_EDGE ( 'NONE', *, *, #4591, .T. ) ;
#2737 = EDGE_CURVE ( 'NONE', #2748, #1129, #4601, .T. ) ;
#2738 = VERTEX_POINT ( 'NONE', #3343 ) ;
#2739 = CARTESIAN_POINT ( 'NONE',  ( 16.82499006312425749, 2.093492502277374743E-15, 0.0000000000000000000 ) ) ;
#2740 = DIRECTION ( 'NONE',  ( -1.000000000000000000, -0.0000000000000000000, -0.0000000000000000000 ) ) ;
#2741 = DIRECTION ( 'NONE',  ( 0.0000000000000000000, -1.000000000000000000, 0.0000000000000000000 ) ) ;
#2742 = EDGE_CURVE ( 'NONE', #4042, #2748, #2192, .T. ) ;
#2743 = CARTESIAN_POINT ( 'NONE',  ( -31.74999999999995737, 6.123233995736719937E-16, -4.999999999999961808 ) ) ;
#2744 = DIRECTION ( 'NONE',  ( -1.000000000000000000, -1.224606353822377258E-16, -0.0000000000000000000 ) ) ;
#2745 = ORIENTED_EDGE ( 'NONE', *, *, #4491, .T. ) ;
#2746 = CARTESIAN_POINT ( 'NONE',  ( 32.80118053931472843, 5.000000000000005329, 6.123233995736770227E-16 ) ) ;
#2747 = CARTESIAN_POINT ( 'NONE',  ( -31.74999999999995737, 0.0000000000000000000, 4.999999999999961808 ) ) ;
#2748 = VERTEX_POINT ( 'NONE', #3460 ) ;
#2749 = ORIENTED_EDGE ( 'NONE', *, *, #4560, .F. ) ;
#2750 = EDGE_CURVE ( 'NONE', #1796, #3083, #1006, .T. ) ;
#2751 = EDGE_CURVE ( 'NONE', #3083, #4594, #1918, .T. ) ;
#2752 = DIRECTION ( 'NONE',  ( 0.0000000000000000000, -1.000000000000000000, 0.0000000000000000000 ) ) ;
#2753 = ORIENTED_EDGE ( 'NONE', *, *, #3898, .T. ) ;
#2754 = PRODUCT_CONTEXT ( 'NONE', #2823, 'mechanical' ) ;
#2755 = UNCERTAINTY_MEASURE_WITH_UNIT (LENGTH_MEASURE( 1.000000000000000082E-05 ), #848, 'distance_accuracy_value', 'NONE');
#2756 = CONICAL_SURFACE ( 'NONE', #2008, 4.172000000000002373, 0.9599310885968747042 ) ;
#2757 = CARTESIAN_POINT ( 'NONE',  ( 31.34879958693378299, 2.093492502277374743E-15, 0.0000000000000000000 ) ) ;
#2758 = EDGE_CURVE ( 'NONE', #1111, #4594, #2954, .T. ) ;
#2759 = DIRECTION ( 'NONE',  ( -1.000000000000000000, -1.224606353822377258E-16, -0.0000000000000000000 ) ) ;
#2760 = ORIENTED_EDGE ( 'NONE', *, *, #3381, .F. ) ;
#2761 = CARTESIAN_POINT ( 'NONE',  ( 10.00000000000000000, 0.0000000000000000000, 0.0000000000000000000 ) ) ;
#2762 = CARTESIAN_POINT ( 'NONE',  ( 31.92857142857143060, 4.172000000000004150, 5.109226446042759579E-16 ) ) ;
#2763 = ORIENTED_EDGE ( 'NONE', *, *, #2918, .T. ) ;
#2764 = DIRECTION ( 'NONE',  ( 1.000000000000000000, 0.0000000000000000000, 0.0000000000000000000 ) ) ;
#2765 = DIRECTION ( 'NONE',  ( 0.0000000000000000000, -1.000000000000000000, 0.0000000000000000000 ) ) ;
#2766 = DIRECTION ( 'NONE',  ( -1.000000000000000000, -0.0000000000000000000, -0.0000000000000000000 ) ) ;
#2767 = DIRECTION ( 'NONE',  ( 0.0000000000000000000, 0.0000000000000000000, 1.000000000000000000 ) ) ;
#2768 = AXIS2_PLACEMENT_3D ( 'NONE', #2060, #2043, #2036 ) ;
#2769 = ORIENTED_EDGE ( 'NONE', *, *, #3172, .T. ) ;
#2770 = ADVANCED_FACE ( 'NONE', ( #2834 ), #3782, .T. ) ;
#2771 = ORIENTED_EDGE ( 'NONE', *, *, #3441, .F. ) ;
#2772 = ORIENTED_EDGE ( 'NONE', *, *, #4205, .T. ) ;
#2773 =( NAMED_UNIT ( * ) SI_UNIT ( $, .STERADIAN. ) SOLID_ANGLE_UNIT ( ) );
#2774 = EDGE_CURVE ( 'NONE', #2185, #1111, #38, .T. ) ;
#2775 = EDGE_CURVE ( 'NONE', #1796, #2185, #2102, .T. ) ;
#2776 =( NAMED_UNIT ( * ) PLANE_ANGLE_UNIT ( ) SI_UNIT ( $, .RADIAN. ) );
#2777 = ORIENTED_EDGE ( 'NONE', *, *, #3834, .F. ) ;
#2778 = DIRECTION ( 'NONE',  ( 0.0000000000000000000, 0.0000000000000000000, -1.000000000000000000 ) ) ;
#2779 = DIRECTION ( 'NONE',  ( -0.5735764363510515995, 0.8191520442889879128, 1.003171929053520063E-16 ) ) ;
#2780 = CARTESIAN_POINT ( 'NONE',  ( 0.0000000000000000000, 0.0000000000000000000, 0.0000000000000000000 ) ) ;
#2781 = FACE_OUTER_BOUND ( 'NONE', #507, .T. ) ;
#2782 = DIRECTION ( 'NONE',  ( -1.000000000000000000, -1.224606353822377258E-16, -0.0000000000000000000 ) ) ;
#2783 = ADVANCED_FACE ( 'NONE', ( #2793 ), #3287, .T. ) ;
#2784 = ORIENTED_EDGE ( 'NONE', *, *, #4454, .F. ) ;
#2785 = DIRECTION ( 'NONE',  ( -1.000000000000000000, -1.224606353822377258E-16, -0.0000000000000000000 ) ) ;
#2786 = DIRECTION ( 'NONE',  ( 1.000000000000000000, 1.224606353822377258E-16, 0.0000000000000000000 ) ) ;
#2787 = ORIENTED_EDGE ( 'NONE', *, *, #3448, .F. ) ;
#2788 = FACE_OUTER_BOUND ( 'NONE', #445, .T. ) ;
#2789 = FACE_OUTER_BOUND ( 'NONE', #1424, .T. ) ;
#2790 = FACE_OUTER_BOUND ( 'NONE', #4212, .T. ) ;
#2791 = CIRCLE ( 'NONE', #580, 5.000000000000002665 ) ;
#2792 = CARTESIAN_POINT ( 'NONE',  ( 21.76190476190476275, 2.164491730381051252E-15, 0.0000000000000000000 ) ) ;
#2793 = FACE_OUTER_BOUND ( 'NONE', #3255, .T. ) ;
#2794 = EDGE_CURVE ( 'NONE', #1796, #1151, #1806, .T. ) ;
#2795 = ORIENTED_EDGE ( 'NONE', *, *, #2968, .F. ) ;
#2796 =( LENGTH_UNIT ( ) NAMED_UNIT ( * ) SI_UNIT ( .MILLI., .METRE. ) );
#2797 = CIRCLE ( 'NONE', #597, 5.000000000000002665 ) ;
#2798 = CARTESIAN_POINT ( 'NONE',  ( -31.74999999999995737, 0.0000000000000000000, 0.0000000000000000000 ) ) ;
#2799 = CARTESIAN_POINT ( 'NONE',  ( 28.15120041306621346, 2.235490958484726972E-15, 0.0000000000000000000 ) ) ;
#2800 = ORIENTED_EDGE ( 'NONE', *, *, #3169, .F. ) ;
#2801 = EDGE_CURVE ( 'NONE', #1151, #2748, #526, .T. ) ;
#2802 = EDGE_CURVE ( 'NONE', #3909, #2236, #875, .T. ) ;
#2803 = ORIENTED_EDGE ( 'NONE', *, *, #3862, .F. ) ;
#2804 = SURFACE_STYLE_USAGE ( .BOTH. , #2811 ) ;
#2805 = LINE ( 'NONE', #3220, #1434 ) ;
#2806 = ORIENTED_EDGE ( 'NONE', *, *, #879, .T. ) ;
#2807 = CIRCLE ( 'NONE', #547, 5.000000000000002665 ) ;
#2808 = EDGE_CURVE ( 'NONE', #1952, #1511, #1277, .T. ) ;
#2809 = VERTEX_POINT ( 'NONE', #204 ) ;
#2810 = DIRECTION ( 'NONE',  ( 0.0000000000000000000, 0.0000000000000000000, -1.000000000000000000 ) ) ;
#2811 = SURFACE_SIDE_STYLE ('',( #1109 ) ) ;
#2812 = CARTESIAN_POINT ( 'NONE',  ( 43.54761904761905100, 2.164491730381051252E-15, 0.0000000000000000000 ) ) ;
#2813 = EDGE_LOOP ( 'NONE', ( #212, #495, #1022, #4380, #3479 ) ) ;
#2814 = ADVANCED_FACE ( 'NONE', ( #3111 ), #3501, .T. ) ;
#2815 = DIRECTION ( 'NONE',  ( 0.0000000000000000000, -0.4999999999999993339, 0.8660254037844390407 ) ) ;
#2816 = DIRECTION ( 'NONE',  ( 0.0000000000000000000, -1.000000000000000000, 0.0000000000000000000 ) ) ;
#2817 = LINE ( 'NONE', #4766, #2406 ) ;
#2818 = DIRECTION ( 'NONE',  ( -1.000000000000000000, -1.224606353822377258E-16, -0.0000000000000000000 ) ) ;
#2819 = FILL_AREA_STYLE ('',( #2931 ) ) ;
#2820 = CARTESIAN_POINT ( 'NONE',  ( 16.53215279401859661, 2.235490958484726972E-15, 0.0000000000000000000 ) ) ;
#2821 = EDGE_CURVE ( 'NONE', #3194, #1920, #1869, .T. ) ;
#2822 = CONICAL_SURFACE ( 'NONE', #3606, 4.172000000000002373, 0.9599310885968747042 ) ;
#2823 = APPLICATION_CONTEXT ( 'automotive_design' ) ;
#2824 = DIRECTION ( 'NONE',  ( 0.0000000000000000000, -1.000000000000000000, 0.0000000000000000000 ) ) ;
#2825 = ORIENTED_EDGE ( 'NONE', *, *, #3572, .F. ) ;
#2826 = CIRCLE ( 'NONE', #2179, 5.000000000000003553 ) ;
#2827 = VERTEX_POINT ( 'NONE', #2603 ) ;
#2828 = AXIS2_PLACEMENT_3D ( 'NONE', #3595, #3593, #4216 ) ;
#2829 = CARTESIAN_POINT ( 'NONE',  ( 5.000000000000000000, 5.258101095580054736E-15, 4.057500000000000107 ) ) ;
#2830 = CYLINDRICAL_SURFACE ( 'NONE', #1964, 4.999999999999961808 ) ;
#2831 = APPLICATION_PROTOCOL_DEFINITION ( 'draft international standard', 'automotive_design', 1998, #2823 ) ;
#2832 = VERTEX_POINT ( 'NONE', #2883 ) ;
#2833 = CONICAL_SURFACE ( 'NONE', #4544, 5.000000000000003553, 0.9599310885968808105 ) ;
#2834 = FACE_OUTER_BOUND ( 'NONE', #292, .T. ) ;
#2835 = DIRECTION ( 'NONE',  ( 0.0000000000000000000, -1.000000000000000000, 0.0000000000000000000 ) ) ;
#2836 = VECTOR ( 'NONE', #1011, 1000.000000000000114 ) ;
#2837 = AXIS2_PLACEMENT_3D ( 'NONE', #2862, #2853, #2845 ) ;
#2838 = FACE_OUTER_BOUND ( 'NONE', #3016, .T. ) ;
#2839 = DIRECTION ( 'NONE',  ( 0.0000000000000000000, -1.000000000000000000, 0.0000000000000000000 ) ) ;
#2840 = CONICAL_SURFACE ( 'NONE', #217, 4.172000000000002373, 0.9599310885968747042 ) ;
#2841 = AXIS2_PLACEMENT_3D ( 'NONE', #4109, #4102, #4101 ) ;
#2842 =( NAMED_UNIT ( * ) SI_UNIT ( $, .STERADIAN. ) SOLID_ANGLE_UNIT ( ) );
#2843 = CIRCLE ( 'NONE', #2013, 5.000000000000003553 ) ;
#2844 = CARTESIAN_POINT ( 'NONE',  ( 34.83333333333333570, 4.172000000000004150, 5.109226446042759579E-16 ) ) ;
#2845 = DIRECTION ( 'NONE',  ( 0.0000000000000000000, -1.000000000000000000, 0.0000000000000000000 ) ) ;
#2846 = LINE ( 'NONE', #938, #2836 ) ;
#2847 = FACE_OUTER_BOUND ( 'NONE', #347, .T. ) ;
#2848 = ORIENTED_EDGE ( 'NONE', *, *, #4636, .F. ) ;
#2849 = EDGE_LOOP ( 'NONE', ( #2522, #1207, #2876, #1738, #1541 ) ) ;
#2850 = EDGE_CURVE ( 'NONE', #3216, #468, #4242, .T. ) ;
#2851 = CARTESIAN_POINT ( 'NONE',  ( 13.92022815836235239, 2.093492502277374743E-15, 0.0000000000000000000 ) ) ;
#2852 =( NAMED_UNIT ( * ) PLANE_ANGLE_UNIT ( ) SI_UNIT ( $, .RADIAN. ) );
#2853 = DIRECTION ( 'NONE',  ( -1.000000000000000000, -1.224606353822377258E-16, -0.0000000000000000000 ) ) ;
#2854 = ORIENTED_EDGE ( 'NONE', *, *, #3451, .T. ) ;
#2855 =( LENGTH_UNIT ( ) NAMED_UNIT ( * ) SI_UNIT ( .MILLI., .METRE. ) );
#2856 = LINE ( 'NONE', #3965, #1777 ) ;
#2857 = CARTESIAN_POINT ( 'NONE',  ( -31.74999999999995737, 0.0000000000000000000, 0.0000000000000000000 ) ) ;
#2858 = DIRECTION ( 'NONE',  ( -1.000000000000000000, -1.224606353822377258E-16, -0.0000000000000000000 ) ) ;
#2859 = EDGE_CURVE ( 'NONE', #468, #1269, #175, .T. ) ;
#2860 = CIRCLE ( 'NONE', #3422, 5.000000000000002665 ) ;
#2861 = DIRECTION ( 'NONE',  ( -1.000000000000000000, -1.224606353822377258E-16, -0.0000000000000000000 ) ) ;
#2862 = CARTESIAN_POINT ( 'NONE',  ( 15.95238095238095433, 2.164491730381051252E-15, 0.0000000000000000000 ) ) ;
#2863 = EDGE_CURVE ( 'NONE', #2124, #1269, #1270, .T. ) ;
#2864 = VECTOR ( 'NONE', #1772, 1000.000000000000114 ) ;
#2865 = CARTESIAN_POINT ( 'NONE',  ( 34.25356149169568454, 5.000000000000005329, 6.123233995736770227E-16 ) ) ;
#2866 = ORIENTED_EDGE ( 'NONE', *, *, #3153, .T. ) ;
#2867 = SURFACE_STYLE_FILL_AREA ( #1107 ) ;
#2868 = EDGE_CURVE ( 'NONE', #4049, #2124, #1865, .T. ) ;
#2869 = EDGE_CURVE ( 'NONE', #3216, #4049, #3440, .T. ) ;
#2870 = DIRECTION ( 'NONE',  ( 0.0000000000000000000, -1.000000000000000000, 0.0000000000000000000 ) ) ;
#2871 = DIRECTION ( 'NONE',  ( 0.0000000000000000000, -1.000000000000000000, 0.0000000000000000000 ) ) ;
#2872 = ADVANCED_FACE ( 'NONE', ( #4785 ), #880, .T. ) ;
#2873 = CARTESIAN_POINT ( 'NONE',  ( 0.0000000000000000000, 0.0000000000000000000, 0.0000000000000000000 ) ) ;
#2874 = DIRECTION ( 'NONE',  ( 0.0000000000000000000, 0.0000000000000000000, 1.000000000000000000 ) ) ;
#2875 = CARTESIAN_POINT ( 'NONE',  ( 18.27737101550521004, 5.000000000000005329, 6.123233995736770227E-16 ) ) ;
#2876 = ORIENTED_EDGE ( 'NONE', *, *, #2555, .T. ) ;
#2877 = EDGE_CURVE ( 'NONE', #3216, #418, #4795, .T. ) ;
#2878 = EDGE_CURVE ( 'NONE', #418, #1920, #466, .T. ) ;
#2879 = ORIENTED_EDGE ( 'NONE', *, *, #3437, .T. ) ;
#2880 = DIRECTION ( 'NONE',  ( 0.0000000000000000000, -1.000000000000000000, 0.0000000000000000000 ) ) ;
#2881 = VERTEX_POINT ( 'NONE', #4722 ) ;
#2882 = DIRECTION ( 'NONE',  ( 0.0000000000000000000, -1.000000000000000000, 0.0000000000000000000 ) ) ;
#2883 = CARTESIAN_POINT ( 'NONE',  ( 25.53927577740996924, -5.000000000000000000, 0.0000000000000000000 ) ) ;
#2884 = DIRECTION ( 'NONE',  ( -1.000000000000000000, -0.0000000000000000000, -0.0000000000000000000 ) ) ;
#2885 = FACE_OUTER_BOUND ( 'NONE', #1389, .T. ) ;
#2886 = CONICAL_SURFACE ( 'NONE', #2053, 4.172000000000002373, 0.9599310885968747042 ) ;
#2887 = DIRECTION ( 'NONE',  ( -1.000000000000000000, -1.224606353822377258E-16, -0.0000000000000000000 ) ) ;
#2888 = DIRECTION ( 'NONE',  ( 0.0000000000000000000, 0.0000000000000000000, 1.000000000000000000 ) ) ;
#2889 = DIRECTION ( 'NONE',  ( -1.000000000000000000, -1.224606353822377258E-16, -0.0000000000000000000 ) ) ;
#2890 = DIRECTION ( 'NONE',  ( -0.0000000000000000000, 0.8660254037844390407, 0.4999999999999993339 ) ) ;
#2891 = ORIENTED_EDGE ( 'NONE', *, *, #3201, .T. ) ;
#2892 = EDGE_CURVE ( 'NONE', #468, #1952, #3986, .T. ) ;
#2893 = EDGE_CURVE ( 'NONE', #1300, #3324, #4706, .T. ) ;
#2894 = CYLINDRICAL_SURFACE ( 'NONE', #1781, 4.999999999999961808 ) ;
#2895 = CARTESIAN_POINT ( 'NONE',  ( 44.12739088925669506, 2.235490958484726972E-15, 0.0000000000000000000 ) ) ;
#2896 = DIRECTION ( 'NONE',  ( -1.000000000000000000, -0.0000000000000000000, -0.0000000000000000000 ) ) ;
#2897 = CARTESIAN_POINT ( 'NONE',  ( 23.21428571428571530, 2.164491730381051252E-15, 0.0000000000000000000 ) ) ;
#2898 = EDGE_LOOP ( 'NONE', ( #545, #1989, #3821, #1080, #3923 ) ) ;
#2899 = AXIS2_PLACEMENT_3D ( 'NONE', #3699, #3675, #3764 ) ;
#2900 = FACE_OUTER_BOUND ( 'NONE', #387, .T. ) ;
#2901 = ADVANCED_FACE ( 'NONE', ( #2533 ), #1816, .T. ) ;
#2902 = DIRECTION ( 'NONE',  ( -1.000000000000000000, -0.0000000000000000000, -0.0000000000000000000 ) ) ;
#2903 = DIRECTION ( 'NONE',  ( -1.000000000000000000, -0.0000000000000000000, -0.0000000000000000000 ) ) ;
#2904 = VERTEX_POINT ( 'NONE', #2229 ) ;
#2905 = ORIENTED_EDGE ( 'NONE', *, *, #3047, .F. ) ;
#2906 = CONICAL_SURFACE ( 'NONE', #2983, 4.172000000000002373, 0.9599310885968747042 ) ;
#2907 = EDGE_CURVE ( 'NONE', #3324, #640, #1483, .T. ) ;
#2908 = DIRECTION ( 'NONE',  ( -1.000000000000000000, -0.0000000000000000000, -0.0000000000000000000 ) ) ;
#2909 = EDGE_CURVE ( 'NONE', #1440, #3761, #116, .T. ) ;
#2910 = CARTESIAN_POINT ( 'NONE',  ( 5.000000000000000000, 4.685197434473813871, -6.505213034913026604E-15 ) ) ;
#2911 = CARTESIAN_POINT ( 'NONE',  ( 23.79405755592335581, 2.235490958484726972E-15, 0.0000000000000000000 ) ) ;
#2912 = ORIENTED_EDGE ( 'NONE', *, *, #470, .F. ) ;
#2913 = DIRECTION ( 'NONE',  ( 0.5735764363510462704, 0.8191520442889915765, 0.0000000000000000000 ) ) ;
#2914 = ORIENTED_EDGE ( 'NONE', *, *, #3361, .T. ) ;
#2915 = DIRECTION ( 'NONE',  ( 0.0000000000000000000, -1.000000000000000000, 0.0000000000000000000 ) ) ;
#2916 = VERTEX_POINT ( 'NONE', #2239 ) ;
#2917 = VECTOR ( 'NONE', #3716, 1000.000000000000000 ) ;
#2918 = EDGE_CURVE ( 'NONE', #3098, #2703, #3773, .T. ) ;
#2919 = DIRECTION ( 'NONE',  ( 0.0000000000000000000, -0.4999999999999994449, 0.8660254037844389297 ) ) ;
#2920 = CARTESIAN_POINT ( 'NONE',  ( 10.40000000000000036, 6.123233995736719937E-16, -4.999999999999961808 ) ) ;
#2921 = EDGE_CURVE ( 'NONE', #1494, #1106, #1001, .T. ) ;
#2922 = EDGE_LOOP ( 'NONE', ( #2945, #3372, #390, #4292, #1046, #3155 ) ) ;
#2923 = ADVANCED_FACE ( 'NONE', ( #122 ), #1634, .T. ) ;
#2924 = ORIENTED_EDGE ( 'NONE', *, *, #4661, .T. ) ;
#2925 = DIRECTION ( 'NONE',  ( -1.000000000000000000, -1.224606353822377258E-16, -0.0000000000000000000 ) ) ;
#2926 = CARTESIAN_POINT ( 'NONE',  ( 19.72975196788616259, 2.093492502277374743E-15, 0.0000000000000000000 ) ) ;
#2927 = LINE ( 'NONE', #755, #4637 ) ;
#2928 = VERTEX_POINT ( 'NONE', #1956 ) ;
#2929 = EDGE_CURVE ( 'NONE', #1494, #2621, #3777, .T. ) ;
#2930 = EDGE_CURVE ( 'NONE', #2621, #825, #2595, .T. ) ;
#2931 = FILL_AREA_STYLE_COLOUR ( '', #2663 ) ;
#2932 = DIRECTION ( 'NONE',  ( -1.000000000000000000, -1.224606353822377258E-16, -0.0000000000000000000 ) ) ;
#2933 = DIRECTION ( 'NONE',  ( 0.0000000000000000000, -1.000000000000000000, 0.0000000000000000000 ) ) ;
#2934 = DIRECTION ( 'NONE',  ( 0.0000000000000000000, -1.000000000000000000, 0.0000000000000000000 ) ) ;
#2935 = ORIENTED_EDGE ( 'NONE', *, *, #3487, .F. ) ;
#2936 = AXIS2_PLACEMENT_3D ( 'NONE', #1728, #1727, #1723 ) ;
#2937 = ORIENTED_EDGE ( 'NONE', *, *, #3381, .T. ) ;
#2938 = DIRECTION ( 'NONE',  ( -1.000000000000000000, -1.224606353822377258E-16, -0.0000000000000000000 ) ) ;
#2939 = CARTESIAN_POINT ( 'NONE',  ( 32.50834327020907466, 2.235490958484726972E-15, 0.0000000000000000000 ) ) ;
#2940 = VERTEX_POINT ( 'NONE', #1953 ) ;
#2941 = CARTESIAN_POINT ( 'NONE',  ( 20.88929565116145426, 5.000000000000006217, 0.0000000000000000000 ) ) ;
#2942 = CARTESIAN_POINT ( 'NONE',  ( 15.37260911074330494, 2.093492502277374743E-15, 0.0000000000000000000 ) ) ;
#2943 = CARTESIAN_POINT ( 'NONE',  ( 1.500000000000001332, 0.0000000000000000000, 0.0000000000000000000 ) ) ;
#2944 = SURFACE_STYLE_USAGE ( .BOTH. , #2956 ) ;
#2945 = ORIENTED_EDGE ( 'NONE', *, *, #2227, .F. ) ;
#2946 = EDGE_CURVE ( 'NONE', #2462, #4659, #4471, .T. ) ;
#2947 = DIRECTION ( 'NONE',  ( -0.0000000000000000000, 0.0000000000000000000, 1.000000000000000000 ) ) ;
#2948 = VECTOR ( 'NONE', #1285, 1000.000000000000114 ) ;
#2949 = CONICAL_SURFACE ( 'NONE', #1644, 4.172000000000002373, 0.9599310885968747042 ) ;
#2950 = EDGE_CURVE ( 'NONE', #4364, #2738, #4573, .T. ) ;
#2951 = EDGE_LOOP ( 'NONE', ( #1802, #1788, #1775 ) ) ;
#2952 = CIRCLE ( 'NONE', #1930, 5.000000000000002665 ) ;
#2953 = ORIENTED_EDGE ( 'NONE', *, *, #3493, .T. ) ;
#2954 = CIRCLE ( 'NONE', #102, 5.000000000000002665 ) ;
#2955 = DIRECTION ( 'NONE',  ( 0.0000000000000000000, -1.000000000000000000, 0.0000000000000000000 ) ) ;
#2956 = SURFACE_SIDE_STYLE ('',( #4783 ) ) ;
#2957 = DIRECTION ( 'NONE',  ( -1.000000000000000000, -1.224606353822377258E-16, -0.0000000000000000000 ) ) ;
#2958 = AXIS2_PLACEMENT_3D ( 'NONE', #3634, #4718, #3546 ) ;
#2959 = DIRECTION ( 'NONE',  ( 0.5735764363510466035, -0.8191520442889914655, 1.003171929053524500E-16 ) ) ;
#2960 = CIRCLE ( 'NONE', #1154, 8.000000000000000000 ) ;
#2961 = EDGE_CURVE ( 'NONE', #2738, #1511, #2296, .T. ) ;
#2962 =( LENGTH_UNIT ( ) NAMED_UNIT ( * ) SI_UNIT ( .MILLI., .METRE. ) );
#2963 = DIRECTION ( 'NONE',  ( -1.000000000000000000, -1.224606353822377258E-16, -0.0000000000000000000 ) ) ;
#2964 = DIRECTION ( 'NONE',  ( -1.000000000000000000, -1.224606353822377258E-16, -0.0000000000000000000 ) ) ;
#2965 = DIRECTION ( 'NONE',  ( 0.0000000000000000000, -1.000000000000000000, 0.0000000000000000000 ) ) ;
#2966 = CARTESIAN_POINT ( 'NONE',  ( 15.07977184163764228, 2.235490958484726972E-15, 0.0000000000000000000 ) ) ;
#2967 = CIRCLE ( 'NONE', #589, 4.172000000000002373 ) ;
#2968 = EDGE_CURVE ( 'NONE', #1106, #3194, #80, .T. ) ;
#2969 = ORIENTED_EDGE ( 'NONE', *, *, #3441, .T. ) ;
#2970 = DIRECTION ( 'NONE',  ( -1.000000000000000000, -1.224606353822377258E-16, -0.0000000000000000000 ) ) ;
#2971 = EDGE_LOOP ( 'NONE', ( #4450, #4291 ) ) ;
#2972 = VECTOR ( 'NONE', #4390, 1000.000000000000000 ) ;
#2973 =( GEOMETRIC_REPRESENTATION_CONTEXT ( 3 ) GLOBAL_UNCERTAINTY_ASSIGNED_CONTEXT ( ( #1914 ) ) GLOBAL_UNIT_ASSIGNED_CONTEXT ( ( #1037, #1019, #1024 ) ) REPRESENTATION_CONTEXT ( 'NONE', 'WORKASPACE' ) );
#2974 = EDGE_CURVE ( 'NONE', #4563, #956, #1452, .T. ) ;
#2975 = DIRECTION ( 'NONE',  ( 0.0000000000000000000, 0.0000000000000000000, 1.000000000000000000 ) ) ;
#2976 = ORIENTED_EDGE ( 'NONE', *, *, #3849, .F. ) ;
#2977 = CONICAL_SURFACE ( 'NONE', #4730, 5.000000000000003553, 0.9599310885968808105 ) ;
#2978 = ADVANCED_FACE ( 'NONE', ( #3900 ), #2756, .T. ) ;
#2979 = CARTESIAN_POINT ( 'NONE',  ( 23.21428571428571530, 2.164491730381051252E-15, 0.0000000000000000000 ) ) ;
#2980 = DIRECTION ( 'NONE',  ( 0.0000000000000000000, -1.000000000000000000, 0.0000000000000000000 ) ) ;
#2981 = EDGE_CURVE ( 'NONE', #4480, #3419, #3315, .T. ) ;
#2982 = DIRECTION ( 'NONE',  ( 0.0000000000000000000, -1.000000000000000000, 0.0000000000000000000 ) ) ;
#2983 = AXIS2_PLACEMENT_3D ( 'NONE', #2359, #836, #2752 ) ;
#2984 = CARTESIAN_POINT ( 'NONE',  ( 5.000000000000000000, 4.685197434473813871, -6.505213034913026604E-15 ) ) ;
#2985 = CARTESIAN_POINT ( 'NONE',  ( 32.80118053931472843, 2.093492502277374743E-15, 0.0000000000000000000 ) ) ;
#2986 = PRESENTATION_STYLE_ASSIGNMENT (( #2804 ) ) ;
#2987 = CIRCLE ( 'NONE', #4725, 5.000000000000003553 ) ;
#2988 = DIRECTION ( 'NONE',  ( -1.000000000000000000, -1.224606353822377258E-16, -0.0000000000000000000 ) ) ;
#2989 = DIRECTION ( 'NONE',  ( 0.0000000000000000000, -1.000000000000000000, 0.0000000000000000000 ) ) ;
#2990 = ORIENTED_EDGE ( 'NONE', *, *, #2142, .F. ) ;
#2991 = DIRECTION ( 'NONE',  ( 0.0000000000000000000, -1.000000000000000000, 0.0000000000000000000 ) ) ;
#2992 = DIRECTION ( 'NONE',  ( -1.000000000000000000, -1.224606353822377258E-16, -0.0000000000000000000 ) ) ;
#2993 = VERTEX_POINT ( 'NONE', #1626 ) ;
#2994 = DIRECTION ( 'NONE',  ( -1.000000000000000000, -1.224606353822377258E-16, -0.0000000000000000000 ) ) ;
#2995 = CIRCLE ( 'NONE', #1695, 4.172000000000002373 ) ;
#2996 = ORIENTED_EDGE ( 'NONE', *, *, #3218, .T. ) ;
#2997 = EDGE_CURVE ( 'NONE', #2187, #3375, #4014, .T. ) ;
#2998 = CARTESIAN_POINT ( 'NONE',  ( 24.66666666666667140, 2.164491730381051252E-15, 0.0000000000000000000 ) ) ;
#2999 = EDGE_CURVE ( 'NONE', #575, #1657, #86, .T. ) ;
#3000 = CARTESIAN_POINT ( 'NONE',  ( 14.50000000000000000, 2.164491730381051252E-15, 0.0000000000000000000 ) ) ;
#3001 = DIRECTION ( 'NONE',  ( -1.000000000000000000, -1.224606353822377258E-16, -0.0000000000000000000 ) ) ;
#3002 = EDGE_CURVE ( 'NONE', #3455, #4480, #424, .T. ) ;
#3003 = ORIENTED_EDGE ( 'NONE', *, *, #3526, .T. ) ;
#3004 = ORIENTED_EDGE ( 'NONE', *, *, #4491, .F. ) ;
#3005 = CONICAL_SURFACE ( 'NONE', #219, 4.172000000000002373, 0.9599310885968747042 ) ;
#3006 = DIRECTION ( 'NONE',  ( -1.000000000000000000, -1.224606353822377258E-16, -0.0000000000000000000 ) ) ;
#3007 = DIRECTION ( 'NONE',  ( -1.000000000000000000, -1.224606353822377258E-16, -0.0000000000000000000 ) ) ;
#3008 = ORIENTED_EDGE ( 'NONE', *, *, #3863, .F. ) ;
#3009 = EDGE_CURVE ( 'NONE', #1525, #3455, #711, .T. ) ;
#3010 = CARTESIAN_POINT ( 'NONE',  ( 43.54761904761905100, 2.164491730381051252E-15, 0.0000000000000000000 ) ) ;
#3011 = FACE_OUTER_BOUND ( 'NONE', #1179, .T. ) ;
#3012 = CARTESIAN_POINT ( 'NONE',  ( 18.27737101550521004, 6.123233995736598649E-16, -5.000000000000002665 ) ) ;
#3013 = VERTEX_POINT ( 'NONE', #1426 ) ;
#3014 = CIRCLE ( 'NONE', #2534, 4.172000000000002373 ) ;
#3015 = ORIENTED_EDGE ( 'NONE', *, *, #4666, .T. ) ;
#3016 = EDGE_LOOP ( 'NONE', ( #3743, #3150, #3003, #3008, #3030, #1916 ) ) ;
#3017 = CARTESIAN_POINT ( 'NONE',  ( 25.24643850830431191, 2.235490958484726972E-15, 0.0000000000000000000 ) ) ;
#3018 = DIRECTION ( 'NONE',  ( -1.000000000000000000, -0.0000000000000000000, -0.0000000000000000000 ) ) ;
#3019 = ORIENTED_EDGE ( 'NONE', *, *, #2142, .T. ) ;
#3020 = DIRECTION ( 'NONE',  ( 1.000000000000000000, 1.224606353822377258E-16, 0.0000000000000000000 ) ) ;
#3021 = CIRCLE ( 'NONE', #639, 5.000000000000003553 ) ;
#3022 = CARTESIAN_POINT ( 'NONE',  ( 24.66666666666667140, 2.164491730381051252E-15, 0.0000000000000000000 ) ) ;
#3023 = ORIENTED_EDGE ( 'NONE', *, *, #3757, .F. ) ;
#3024 = LINE ( 'NONE', #2198, #4711 ) ;
#3025 = VERTEX_POINT ( 'NONE', #1741 ) ;
#3026 = LINE ( 'NONE', #3524, #490 ) ;
#3027 = DIRECTION ( 'NONE',  ( 0.0000000000000000000, 1.000000000000000000, 0.0000000000000000000 ) ) ;
#3028 = CARTESIAN_POINT ( 'NONE',  ( 26.99165672979092534, 2.093492502277374743E-15, 0.0000000000000000000 ) ) ;
#3029 = CARTESIAN_POINT ( 'NONE',  ( 23.79405755592335581, 2.235490958484726972E-15, 0.0000000000000000000 ) ) ;
#3030 = ORIENTED_EDGE ( 'NONE', *, *, #3639, .F. ) ;
#3031 = EDGE_CURVE ( 'NONE', #1532, #3025, #2303, .T. ) ;
#3032 = ADVANCED_FACE ( 'NONE', ( #3478 ), #214, .T. ) ;
#3033 = PLANE ( 'NONE',  #1268 ) ;
#3034 = DIRECTION ( 'NONE',  ( -1.000000000000000000, -1.224606353822377258E-16, -0.0000000000000000000 ) ) ;
#3035 = EDGE_LOOP ( 'NONE', ( #3693, #4514, #4053, #2587, #918, #1804 ) ) ;
#3036 = CARTESIAN_POINT ( 'NONE',  ( 27.57142857142857295, -4.172000000000000597, 0.0000000000000000000 ) ) ;
#3037 = DIRECTION ( 'NONE',  ( -1.000000000000000000, -1.224606353822377258E-16, -0.0000000000000000000 ) ) ;
#3038 = EDGE_CURVE ( 'NONE', #1440, #1532, #1232, .T. ) ;
#3039 = EDGE_CURVE ( 'NONE', #1440, #1300, #3902, .T. ) ;
#3040 = VECTOR ( 'NONE', #642, 1000.000000000000000 ) ;
#3041 = CARTESIAN_POINT ( 'NONE',  ( -31.74999999999995737, 0.0000000000000000000, 0.0000000000000000000 ) ) ;
#3042 = CARTESIAN_POINT ( 'NONE',  ( 42.96784720598139984, 6.123233995736598649E-16, -5.000000000000002665 ) ) ;
#3043 = ORIENTED_EDGE ( 'NONE', *, *, #3625, .F. ) ;
#3044 = ADVANCED_FACE ( 'NONE', ( #1524 ), #4326, .T. ) ;
#3045 = DIRECTION ( 'NONE',  ( 0.0000000000000000000, 0.0000000000000000000, 1.000000000000000000 ) ) ;
#3046 = CONICAL_SURFACE ( 'NONE', #2005, 4.172000000000002373, 0.9599310885968747042 ) ;
#3047 = EDGE_CURVE ( 'NONE', #45, #647, #211, .T. ) ;
#3048 = EDGE_CURVE ( 'NONE', #45, #575, #3415, .T. ) ;
#3049 = DIRECTION ( 'NONE',  ( 0.0000000000000000000, -1.000000000000000000, 0.0000000000000000000 ) ) ;
#3050 = DIRECTION ( 'NONE',  ( 0.0000000000000000000, 0.0000000000000000000, 1.000000000000000000 ) ) ;
#3051 = ORIENTED_EDGE ( 'NONE', *, *, #2457, .F. ) ;
#3052 = EDGE_CURVE ( 'NONE', #4262, #1416, #645, .T. ) ;
#3053 = CARTESIAN_POINT ( 'NONE',  ( 34.83333333333333570, 2.164491730381051252E-15, 0.0000000000000000000 ) ) ;
#3054 = CIRCLE ( 'NONE', #2071, 5.000000000000002665 ) ;
#3055 = DIRECTION ( 'NONE',  ( -1.000000000000000000, -0.0000000000000000000, -0.0000000000000000000 ) ) ;
#3056 = DIRECTION ( 'NONE',  ( -1.000000000000000000, -0.0000000000000000000, -0.0000000000000000000 ) ) ;
#3057 = DIRECTION ( 'NONE',  ( -1.000000000000000000, -0.0000000000000000000, -0.0000000000000000000 ) ) ;
#3058 = CIRCLE ( 'NONE', #3517, 5.000000000000002665 ) ;
#3059 = CARTESIAN_POINT ( 'NONE',  ( 5.000000000000000000, 0.0000000000000000000, 0.0000000000000000000 ) ) ;
#3060 = DIRECTION ( 'NONE',  ( 0.0000000000000000000, 0.0000000000000000000, 1.000000000000000000 ) ) ;
#3061 = CARTESIAN_POINT ( 'NONE',  ( 26.99165672979092534, 2.093492502277374743E-15, 0.0000000000000000000 ) ) ;
#3062 = EDGE_CURVE ( 'NONE', #4243, #4262, #4527, .T. ) ;
#3063 = VERTEX_POINT ( 'NONE', #4678 ) ;
#3064 = CIRCLE ( 'NONE', #1219, 6.500000000000000888 ) ;
#3065 = CYLINDRICAL_SURFACE ( 'NONE', #1962, 4.999999999999961808 ) ;
#3066 = CONICAL_SURFACE ( 'NONE', #968, 4.172000000000002373, 0.9599310885968747042 ) ;
#3067 = DIRECTION ( 'NONE',  ( 0.0000000000000000000, -1.000000000000000000, 0.0000000000000000000 ) ) ;
#3068 = DIRECTION ( 'NONE',  ( -1.000000000000000000, -0.0000000000000000000, -0.0000000000000000000 ) ) ;
#3069 = LINE ( 'NONE', #3808, #3236 ) ;
#3070 = CARTESIAN_POINT ( 'NONE',  ( 28.15120041306621346, 2.235490958484726972E-15, 0.0000000000000000000 ) ) ;
#3071 = CARTESIAN_POINT ( 'NONE',  ( 33.96072422259002366, 6.123233995736582872E-16, -5.000000000000004441 ) ) ;
#3072 = ORIENTED_EDGE ( 'NONE', *, *, #4612, .T. ) ;
#3073 = DIRECTION ( 'NONE',  ( -1.000000000000000000, -1.224606353822377258E-16, -0.0000000000000000000 ) ) ;
#3074 = DIRECTION ( 'NONE',  ( -1.000000000000000000, -1.224606353822377258E-16, -0.0000000000000000000 ) ) ;
#3075 = DIRECTION ( 'NONE',  ( 0.0000000000000000000, 0.0000000000000000000, 1.000000000000000000 ) ) ;
#3076 = ORIENTED_EDGE ( 'NONE', *, *, #3709, .F. ) ;
#3077 = ORIENTED_EDGE ( 'NONE', *, *, #2968, .T. ) ;
#3078 = DIRECTION ( 'NONE',  ( 1.000000000000000000, 1.224606353822377258E-16, 0.0000000000000000000 ) ) ;
#3079 = DIRECTION ( 'NONE',  ( 0.0000000000000000000, 0.0000000000000000000, 1.000000000000000000 ) ) ;
#3080 = CARTESIAN_POINT ( 'NONE',  ( -31.74999999999995737, 0.0000000000000000000, 0.0000000000000000000 ) ) ;
#3081 = DIRECTION ( 'NONE',  ( -1.000000000000000000, -0.0000000000000000000, -0.0000000000000000000 ) ) ;
#3082 = CIRCLE ( 'NONE', #3365, 5.000000000000003553 ) ;
#3083 = VERTEX_POINT ( 'NONE', #869 ) ;
#3084 = CARTESIAN_POINT ( 'NONE',  ( 5.000000000000000000, 0.0000000000000000000, 0.0000000000000000000 ) ) ;
#3085 = CARTESIAN_POINT ( 'NONE',  ( 36.86548612735192876, 2.235490958484726972E-15, 0.0000000000000000000 ) ) ;
#3086 = DIRECTION ( 'NONE',  ( 0.0000000000000000000, -1.000000000000000000, 0.0000000000000000000 ) ) ;
#3087 = EDGE_CURVE ( 'NONE', #3375, #609, #4107, .T. ) ;
#3088 = ORIENTED_EDGE ( 'NONE', *, *, #4636, .T. ) ;
#3089 = DIRECTION ( 'NONE',  ( 0.0000000000000000000, 1.000000000000000000, 0.0000000000000000000 ) ) ;
#3090 = CARTESIAN_POINT ( 'NONE',  ( 10.40000000000000036, 6.613092715395661121E-16, 5.399999999999962164 ) ) ;
#3091 = CARTESIAN_POINT ( 'NONE',  ( 27.57142857142857295, 2.164491730381051252E-15, 0.0000000000000000000 ) ) ;
#3092 = EDGE_LOOP ( 'NONE', ( #923, #910, #917, #989, #975 ) ) ;
#3093 = CARTESIAN_POINT ( 'NONE',  ( 5.000000000000000000, 0.0000000000000000000, 0.0000000000000000000 ) ) ;
#3094 = DIRECTION ( 'NONE',  ( -0.5735764363510515995, 0.8191520442889879128, 1.003171929053520063E-16 ) ) ;
#3095 = ORIENTED_EDGE ( 'NONE', *, *, #3339, .T. ) ;
#3096 = CYLINDRICAL_SURFACE ( 'NONE', #1946, 4.999999999999961808 ) ;
#3097 = DIRECTION ( 'NONE',  ( 1.000000000000000000, 1.224606353822377258E-16, 0.0000000000000000000 ) ) ;
#3098 = VERTEX_POINT ( 'NONE', #758 ) ;
#3099 = EDGE_CURVE ( 'NONE', #1354, #45, #3856, .T. ) ;
#3100 = VECTOR ( 'NONE', #2274, 1000.000000000000000 ) ;
#3101 = CARTESIAN_POINT ( 'NONE',  ( 15.07977184163764228, 5.000000000000006217, 0.0000000000000000000 ) ) ;
#3102 = CARTESIAN_POINT ( 'NONE',  ( 18.27737101550521004, -5.000000000000000000, 0.0000000000000000000 ) ) ;
#3103 = CARTESIAN_POINT ( 'NONE',  ( 20.30952380952381375, 4.172000000000004150, 0.0000000000000000000 ) ) ;
#3104 = DIRECTION ( 'NONE',  ( 0.0000000000000000000, 0.0000000000000000000, 1.000000000000000000 ) ) ;
#3105 = AXIS2_PLACEMENT_3D ( 'NONE', #1403, #1469, #1577 ) ;
#3106 = DIRECTION ( 'NONE',  ( 1.000000000000000000, 1.224606353822377258E-16, 0.0000000000000000000 ) ) ;
#3107 = CARTESIAN_POINT ( 'NONE',  ( 42.67500993687573896, -5.000000000000001776, 6.123233995736772199E-16 ) ) ;
#3108 = DIRECTION ( 'NONE',  ( 0.0000000000000000000, -1.000000000000000000, 0.0000000000000000000 ) ) ;
#3109 = CARTESIAN_POINT ( 'NONE',  ( 27.57142857142857295, 4.172000000000004150, 5.109226446042759579E-16 ) ) ;
#3110 = VECTOR ( 'NONE', #570, 1000.000000000000114 ) ;
#3111 = FACE_OUTER_BOUND ( 'NONE', #451, .T. ) ;
#3112 = DIRECTION ( 'NONE',  ( 0.0000000000000000000, 1.000000000000000000, 0.0000000000000000000 ) ) ;
#3113 = DIRECTION ( 'NONE',  ( -1.000000000000000000, -0.0000000000000000000, -0.0000000000000000000 ) ) ;
#3114 = ORIENTED_EDGE ( 'NONE', *, *, #4313, .T. ) ;
#3115 = ORIENTED_EDGE ( 'NONE', *, *, #342, .T. ) ;
#3116 = DIRECTION ( 'NONE',  ( -1.000000000000000000, -1.224606353822377258E-16, -0.0000000000000000000 ) ) ;
#3117 = CARTESIAN_POINT ( 'NONE',  ( 34.83333333333333570, 4.172000000000004150, 0.0000000000000000000 ) ) ;
#3118 = DIRECTION ( 'NONE',  ( 0.0000000000000000000, 1.000000000000000000, 0.0000000000000000000 ) ) ;
#3119 = CARTESIAN_POINT ( 'NONE',  ( 5.000000000000000000, 3.513898075855361292, 2.028749999999997389 ) ) ;
#3120 = EDGE_CURVE ( 'NONE', #2187, #575, #4428, .T. ) ;
#3121 = EDGE_CURVE ( 'NONE', #3098, #16, #2927, .T. ) ;
#3122 = CARTESIAN_POINT ( 'NONE',  ( 20.88929565116145426, 2.235490958484726972E-15, 0.0000000000000000000 ) ) ;
#3123 = DIRECTION ( 'NONE',  ( 0.0000000000000000000, -1.000000000000000000, 0.0000000000000000000 ) ) ;
#3124 = ADVANCED_FACE ( 'NONE', ( #2237 ), #2822, .T. ) ;
#3125 = LINE ( 'NONE', #1552, #3958 ) ;
#3126 = CARTESIAN_POINT ( 'NONE',  ( 26.11904761904761685, 4.172000000000004150, 0.0000000000000000000 ) ) ;
#3127 = CIRCLE ( 'NONE', #619, 5.000000000000003553 ) ;
#3128 = AXIS2_PLACEMENT_3D ( 'NONE', #4026, #3959, #4030 ) ;
#3129 = ORIENTED_EDGE ( 'NONE', *, *, #144, .F. ) ;
#3130 = DIRECTION ( 'NONE',  ( -1.000000000000000000, -0.0000000000000000000, -0.0000000000000000000 ) ) ;
#3131 = DIRECTION ( 'NONE',  ( -1.000000000000000000, -1.224606353822377258E-16, -0.0000000000000000000 ) ) ;
#3132 = CIRCLE ( 'NONE', #2024, 4.172000000000002373 ) ;
#3133 = ORIENTED_EDGE ( 'NONE', *, *, #59, .T. ) ;
#3134 = LINE ( 'NONE', #4114, #625 ) ;
#3135 = DIRECTION ( 'NONE',  ( -1.000000000000000000, -0.0000000000000000000, -0.0000000000000000000 ) ) ;
#3136 = CARTESIAN_POINT ( 'NONE',  ( -31.74999999999995737, 0.0000000000000000000, 0.0000000000000000000 ) ) ;
#3137 = DIRECTION ( 'NONE',  ( -0.5735764363510513775, -0.8191520442889881348, 0.0000000000000000000 ) ) ;
#3138 = CARTESIAN_POINT ( 'NONE',  ( 5.000000000000000000, 0.0000000000000000000, 0.0000000000000000000 ) ) ;
#3139 = CARTESIAN_POINT ( 'NONE',  ( 21.18213292026711514, -5.000000000000000000, 0.0000000000000000000 ) ) ;
#3140 = CARTESIAN_POINT ( 'NONE',  ( 40.64285714285713880, 4.172000000000004150, 0.0000000000000000000 ) ) ;
#3141 = CARTESIAN_POINT ( 'NONE',  ( 23.21428571428571530, 4.172000000000004150, 0.0000000000000000000 ) ) ;
#3142 = DIRECTION ( 'NONE',  ( 0.0000000000000000000, -1.000000000000000000, 0.0000000000000000000 ) ) ;
#3143 = CYLINDRICAL_SURFACE ( 'NONE', #4483, 4.999999999999961808 ) ;
#3144 = EDGE_CURVE ( 'NONE', #3761, #2247, #2601, .T. ) ;
#3145 = DIRECTION ( 'NONE',  ( -1.000000000000000000, -1.224606353822377258E-16, -0.0000000000000000000 ) ) ;
#3146 = EDGE_CURVE ( 'NONE', #1657, #4025, #3416, .T. ) ;
#3147 = DIRECTION ( 'NONE',  ( 0.0000000000000000000, 0.0000000000000000000, 1.000000000000000000 ) ) ;
#3148 = ORIENTED_EDGE ( 'NONE', *, *, #3009, .T. ) ;
#3149 = DIRECTION ( 'NONE',  ( 1.000000000000000000, 1.224606353822377258E-16, 0.0000000000000000000 ) ) ;
#3150 = ORIENTED_EDGE ( 'NONE', *, *, #3511, .T. ) ;
#3151 = CARTESIAN_POINT ( 'NONE',  ( 42.96784720598139984, 2.093492502277374743E-15, 0.0000000000000000000 ) ) ;
#3152 = CARTESIAN_POINT ( 'NONE',  ( 31.92857142857143060, 2.164491730381051252E-15, 0.0000000000000000000 ) ) ;
#3153 = EDGE_CURVE ( 'NONE', #485, #105, #2697, .T. ) ;
#3154 = CARTESIAN_POINT ( 'NONE',  ( 44.17199999999996152, 6.123233995736671619E-16, -4.999999999999922728 ) ) ;
#3155 = ORIENTED_EDGE ( 'NONE', *, *, #4367, .F. ) ;
#3156 = CIRCLE ( 'NONE', #1620, 5.000000000000002665 ) ;
#3157 = CARTESIAN_POINT ( 'NONE',  ( -31.74999999999995737, 0.0000000000000000000, 0.0000000000000000000 ) ) ;
#3158 = LINE ( 'NONE', #2635, #3790 ) ;
#3159 = DIRECTION ( 'NONE',  ( 0.0000000000000000000, -1.000000000000000000, 0.0000000000000000000 ) ) ;
#3160 = CARTESIAN_POINT ( 'NONE',  ( 16.82499006312425749, -5.000000000000000000, 0.0000000000000000000 ) ) ;
#3161 = ORIENTED_EDGE ( 'NONE', *, *, #2668, .T. ) ;
#3162 = EDGE_CURVE ( 'NONE', #1755, #647, #497, .T. ) ;
#3163 = ORIENTED_EDGE ( 'NONE', *, *, #393, .F. ) ;
#3164 = EDGE_CURVE ( 'NONE', #2124, #2322, #2176, .T. ) ;
#3165 = ORIENTED_EDGE ( 'NONE', *, *, #2751, .F. ) ;
#3166 = VECTOR ( 'NONE', #3200, 1000.000000000000114 ) ;
#3167 = CARTESIAN_POINT ( 'NONE',  ( 42.09523809523809490, 2.164491730381051252E-15, 0.0000000000000000000 ) ) ;
#3168 = ORIENTED_EDGE ( 'NONE', *, *, #342, .F. ) ;
#3169 = EDGE_CURVE ( 'NONE', #1525, #1755, #1527, .T. ) ;
#3170 = FACE_OUTER_BOUND ( 'NONE', #148, .T. ) ;
#3171 = LINE ( 'NONE', #1055, #177 ) ;
#3172 = EDGE_CURVE ( 'NONE', #2703, #3745, #4532, .T. ) ;
#3173 = LINE ( 'NONE', #3624, #2659 ) ;
#3174 = CONICAL_SURFACE ( 'NONE', #1251, 5.000000000000003553, 0.9599310885968808105 ) ;
#3175 = DIRECTION ( 'NONE',  ( -1.000000000000000000, -1.224606353822377258E-16, -0.0000000000000000000 ) ) ;
#3176 = DIRECTION ( 'NONE',  ( -1.000000000000000000, -1.224606353822377258E-16, -0.0000000000000000000 ) ) ;
#3177 = EDGE_LOOP ( 'NONE', ( #475, #3885, #35, #593, #1441 ) ) ;
#3178 = EDGE_LOOP ( 'NONE', ( #1271, #966, #1000, #970, #859, #1582 ) ) ;
#3179 = DIRECTION ( 'NONE',  ( 1.000000000000000000, 1.224606353822377258E-16, 0.0000000000000000000 ) ) ;
#3180 = CARTESIAN_POINT ( 'NONE',  ( -31.74999999999995737, 0.0000000000000000000, 4.999999999999961808 ) ) ;
#3181 = EDGE_LOOP ( 'NONE', ( #286, #379, #2715, #2730, #494 ) ) ;
#3182 = AXIS2_PLACEMENT_3D ( 'NONE', #4354, #4351, #4348 ) ;
#3183 = EDGE_CURVE ( 'NONE', #4438, #2418, #10, .T. ) ;
#3184 = DIRECTION ( 'NONE',  ( 0.5735764363510466035, -0.8191520442889914655, 1.003171929053524500E-16 ) ) ;
#3185 = CARTESIAN_POINT ( 'NONE',  ( 16.53215279401859661, 2.235490958484726972E-15, 0.0000000000000000000 ) ) ;
#3186 = DIRECTION ( 'NONE',  ( 0.0000000000000000000, -0.5000000000000014433, -0.8660254037844378194 ) ) ;
#3187 = ORIENTED_EDGE ( 'NONE', *, *, #386, .F. ) ;
#3188 = VERTEX_POINT ( 'NONE', #110 ) ;
#3189 = EDGE_CURVE ( 'NONE', #4480, #3025, #1665, .T. ) ;
#3190 = DIRECTION ( 'NONE',  ( 0.5735764363510466035, -0.8191520442889914655, 1.003171929053524500E-16 ) ) ;
#3191 = CARTESIAN_POINT ( 'NONE',  ( 31.92857142857143060, 2.164491730381051252E-15, 0.0000000000000000000 ) ) ;
#3192 = CARTESIAN_POINT ( 'NONE',  ( 5.000000000000000000, 4.685197434473813871, -6.505213034913026604E-15 ) ) ;
#3193 = VECTOR ( 'NONE', #3471, 1000.000000000000000 ) ;
#3194 = VERTEX_POINT ( 'NONE', #93 ) ;
#3195 = CARTESIAN_POINT ( 'NONE',  ( 29.89641863455282689, 6.123233995736598649E-16, -5.000000000000002665 ) ) ;
#3196 = CARTESIAN_POINT ( 'NONE',  ( 5.000000000000000000, 4.685197434473813871, -6.505213034913026604E-15 ) ) ;
#3197 = ADVANCED_FACE ( 'NONE', ( #1903 ), #3143, .T. ) ;
#3198 = CARTESIAN_POINT ( 'NONE',  ( -31.74999999999995737, 0.0000000000000000000, 4.999999999999961808 ) ) ;
#3199 = PRODUCT ( 'M10X35', 'M10X35', '', ( #2754 ) ) ;
#3200 = DIRECTION ( 'NONE',  ( 0.0000000000000000000, -0.5000000000000014433, -0.8660254037844378194 ) ) ;
#3201 = EDGE_CURVE ( 'NONE', #105, #4025, #2987, .T. ) ;
#3202 = CARTESIAN_POINT ( 'NONE',  ( 42.09523809523809490, 2.164491730381051252E-15, 0.0000000000000000000 ) ) ;
#3203 = CARTESIAN_POINT ( 'NONE',  ( -31.74999999999995737, 0.0000000000000000000, 0.0000000000000000000 ) ) ;
#3204 = CARTESIAN_POINT ( 'NONE',  ( 5.000000000000000000, 2.342598717236898942, -4.057500000000005436 ) ) ;
#3205 = ORIENTED_EDGE ( 'NONE', *, *, #4619, .F. ) ;
#3206 = CIRCLE ( 'NONE', #2136, 5.000000000000002665 ) ;
#3207 = ORIENTED_EDGE ( 'NONE', *, *, #4751, .F. ) ;
#3208 = ORIENTED_EDGE ( 'NONE', *, *, #3871, .F. ) ;
#3209 = DIRECTION ( 'NONE',  ( -0.0000000000000000000, -1.000000000000000000, 1.110768649713240727E-15 ) ) ;
#3210 = CARTESIAN_POINT ( 'NONE',  ( 27.57142857142857295, -4.172000000000000597, 5.616230220889765396E-16 ) ) ;
#3211 = EDGE_CURVE ( 'NONE', #3793, #2200, #3759, .T. ) ;
#3212 = ORIENTED_EDGE ( 'NONE', *, *, #350, .T. ) ;
#3213 = DIRECTION ( 'NONE',  ( -1.000000000000000000, -1.224606353822377258E-16, -0.0000000000000000000 ) ) ;
#3214 = FACE_BOUND ( 'NONE', #693, .T. ) ;
#3215 = DIRECTION ( 'NONE',  ( -0.0000000000000000000, -1.000000000000000000, 1.110768649713240727E-15 ) ) ;
#3216 = VERTEX_POINT ( 'NONE', #4802 ) ;
#3217 = ORIENTED_EDGE ( 'NONE', *, *, #3120, .T. ) ;
#3218 = EDGE_CURVE ( 'NONE', #3745, #609, #2817, .T. ) ;
#3219 = VECTOR ( 'NONE', #732, 1000.000000000000000 ) ;
#3220 = CARTESIAN_POINT ( 'NONE',  ( -31.74999999999995737, 0.0000000000000000000, 4.999999999999961808 ) ) ;
#3221 = LINE ( 'NONE', #779, #3110 ) ;
#3222 = FACE_OUTER_BOUND ( 'NONE', #3273, .T. ) ;
#3223 = CARTESIAN_POINT ( 'NONE',  ( 1.500000000000001332, 7.960204194457796463E-16, -6.500000000000000888 ) ) ;
#3224 = DIRECTION ( 'NONE',  ( 0.0000000000000000000, -1.000000000000000000, 0.0000000000000000000 ) ) ;
#3225 = CARTESIAN_POINT ( 'NONE',  ( 5.000000000000000000, -2.342598717236917594, -4.057500000000000107 ) ) ;
#3226 = VERTEX_POINT ( 'NONE', #4248 ) ;
#3227 = VECTOR ( 'NONE', #3235, 1000.000000000000000 ) ;
#3228 = EDGE_CURVE ( 'NONE', #4508, #4510, #3535, .T. ) ;
#3229 = DIRECTION ( 'NONE',  ( -1.000000000000000000, -0.0000000000000000000, -0.0000000000000000000 ) ) ;
#3230 = CIRCLE ( 'NONE', #4278, 5.000000000000003553 ) ;
#3231 = CARTESIAN_POINT ( 'NONE',  ( 5.000000000000000000, 2.342598717236898942, -4.057500000000005436 ) ) ;
#3232 = FACE_OUTER_BOUND ( 'NONE', #651, .T. ) ;
#3233 = CARTESIAN_POINT ( 'NONE',  ( -31.74999999999995737, 0.0000000000000000000, 0.0000000000000000000 ) ) ;
#3234 = DIRECTION ( 'NONE',  ( 0.0000000000000000000, -1.000000000000000000, 0.0000000000000000000 ) ) ;
#3235 = DIRECTION ( 'NONE',  ( -1.000000000000000000, -0.0000000000000000000, -0.0000000000000000000 ) ) ;
#3236 = VECTOR ( 'NONE', #2376, 1000.000000000000000 ) ;
#3237 = DIRECTION ( 'NONE',  ( -1.000000000000000000, -0.0000000000000000000, -0.0000000000000000000 ) ) ;
#3238 = ORIENTED_EDGE ( 'NONE', *, *, #831, .F. ) ;
#3239 = LINE ( 'NONE', #3710, #1651 ) ;
#3240 = CARTESIAN_POINT ( 'NONE',  ( -31.74999999999995737, 0.0000000000000000000, 0.0000000000000000000 ) ) ;
#3241 = DIRECTION ( 'NONE',  ( -1.000000000000000000, -0.0000000000000000000, -0.0000000000000000000 ) ) ;
#3242 = CONICAL_SURFACE ( 'NONE', #4472, 4.172000000000002373, 0.9599310885968747042 ) ;
#3243 = LINE ( 'NONE', #4277, #3522 ) ;
#3244 = CARTESIAN_POINT ( 'NONE',  ( 41.51546625360044374, 2.093492502277374743E-15, 0.0000000000000000000 ) ) ;
#3245 = CARTESIAN_POINT ( 'NONE',  ( 5.000000000000000000, 2.342598717236898942, -4.057500000000005436 ) ) ;
#3246 = DIRECTION ( 'NONE',  ( 0.0000000000000000000, 0.0000000000000000000, 1.000000000000000000 ) ) ;
#3247 = EDGE_LOOP ( 'NONE', ( #77, #129, #261, #319, #243, #268 ) ) ;
#3248 = EDGE_CURVE ( 'NONE', #3324, #825, #2068, .T. ) ;
#3249 = CARTESIAN_POINT ( 'NONE',  ( 18.85714285714285765, 2.164491730381051252E-15, 0.0000000000000000000 ) ) ;
#3250 = DIRECTION ( 'NONE',  ( 0.0000000000000000000, -1.000000000000000000, 0.0000000000000000000 ) ) ;
#3251 = AXIS2_PLACEMENT_3D ( 'NONE', #3752, #1553, #65 ) ;
#3252 = AXIS2_PLACEMENT_3D ( 'NONE', #2739, #2733, #2729 ) ;
#3253 = DIRECTION ( 'NONE',  ( 0.0000000000000000000, -1.000000000000000000, 0.0000000000000000000 ) ) ;
#3254 = DIRECTION ( 'NONE',  ( -1.000000000000000000, -0.0000000000000000000, -0.0000000000000000000 ) ) ;
#3255 = EDGE_LOOP ( 'NONE', ( #4230, #2049, #1368, #1770 ) ) ;
#3256 = FACE_OUTER_BOUND ( 'NONE', #4171, .T. ) ;
#3257 = CARTESIAN_POINT ( 'NONE',  ( -31.74999999999995737, 0.0000000000000000000, 4.999999999999961808 ) ) ;
#3258 = DIRECTION ( 'NONE',  ( -1.000000000000000000, -1.224606353822377258E-16, -0.0000000000000000000 ) ) ;
#3259 = DIRECTION ( 'NONE',  ( -1.000000000000000000, -1.224606353822377258E-16, -0.0000000000000000000 ) ) ;
#3260 = DIRECTION ( 'NONE',  ( -1.000000000000000000, -1.224606353822377258E-16, -0.0000000000000000000 ) ) ;
#3261 = EDGE_LOOP ( 'NONE', ( #4790, #700, #3114, #1364, #2528 ) ) ;
#3262 = DIRECTION ( 'NONE',  ( 0.0000000000000000000, -1.000000000000000000, 0.0000000000000000000 ) ) ;
#3263 = AXIS2_PLACEMENT_3D ( 'NONE', #3402, #3396, #3423 ) ;
#3264 = EDGE_CURVE ( 'NONE', #825, #4659, #3462, .T. ) ;
#3265 = DIRECTION ( 'NONE',  ( 0.0000000000000000000, 0.0000000000000000000, 1.000000000000000000 ) ) ;
#3266 = CYLINDRICAL_SURFACE ( 'NONE', #1661, 4.999999999999961808 ) ;
#3267 = CARTESIAN_POINT ( 'NONE',  ( 10.40000000000000036, 0.0000000000000000000, 0.0000000000000000000 ) ) ;
#3268 = CARTESIAN_POINT ( 'NONE',  ( 23.79405755592335581, 2.235490958484726972E-15, 0.0000000000000000000 ) ) ;
#3269 = CONICAL_SURFACE ( 'NONE', #1007, 5.000000000000003553, 0.9599310885968808105 ) ;
#3270 = AXIS2_PLACEMENT_3D ( 'NONE', #2979, #2963, #2980 ) ;
#3271 = ORIENTED_EDGE ( 'NONE', *, *, #2423, .T. ) ;
#3272 = CIRCLE ( 'NONE', #1390, 4.172000000000002373 ) ;
#3273 = EDGE_LOOP ( 'NONE', ( #4185, #3952 ) ) ;
#3274 = CARTESIAN_POINT ( 'NONE',  ( 13.92022815836235239, 6.123233995736600622E-16, -5.000000000000002665 ) ) ;
#3275 = DIRECTION ( 'NONE',  ( -1.000000000000000000, -0.0000000000000000000, -0.0000000000000000000 ) ) ;
#3276 = ADVANCED_FACE ( 'NONE', ( #3256 ), #4361, .T. ) ;
#3277 = CIRCLE ( 'NONE', #2079, 5.000000000000002665 ) ;
#3278 = LINE ( 'NONE', #3286, #3374 ) ;
#3279 = CARTESIAN_POINT ( 'NONE',  ( 1.500000000000001332, 0.0000000000000000000, 0.0000000000000000000 ) ) ;
#3280 = DIRECTION ( 'NONE',  ( -1.000000000000000000, -1.224606353822377258E-16, -0.0000000000000000000 ) ) ;
#3281 = DIRECTION ( 'NONE',  ( -1.000000000000000000, -0.0000000000000000000, -0.0000000000000000000 ) ) ;
#3282 = EDGE_CURVE ( 'NONE', #1494, #2462, #1835, .T. ) ;
#3283 = VERTEX_POINT ( 'NONE', #4547 ) ;
#3284 = ORIENTED_EDGE ( 'NONE', *, *, #3189, .F. ) ;
#3285 = DIRECTION ( 'NONE',  ( -1.000000000000000000, -0.0000000000000000000, -0.0000000000000000000 ) ) ;
#3286 = CARTESIAN_POINT ( 'NONE',  ( 5.000000000000000000, -2.342598717236917594, -4.057500000000000107 ) ) ;
#3287 = TOROIDAL_SURFACE ( 'NONE', #76, 6.500000000000000888, 1.500000000000000000 ) ;
#3288 = AXIS2_PLACEMENT_3D ( 'NONE', #1857, #1853, #1845 ) ;
#3289 = CONICAL_SURFACE ( 'NONE', #1258, 5.000000000000003553, 0.9599310885968808105 ) ;
#3290 = AXIS2_PLACEMENT_3D ( 'NONE', #444, #4702, #983 ) ;
#3291 = EDGE_LOOP ( 'NONE', ( #3238, #3023, #2806, #2634, #2542 ) ) ;
#3292 = FACE_OUTER_BOUND ( 'NONE', #2453, .T. ) ;
#3293 = VECTOR ( 'NONE', #1327, 1000.000000000000000 ) ;
#3294 = CARTESIAN_POINT ( 'NONE',  ( 16.82499006312425749, -1.694818351060767551E-29, 5.000000000000002665 ) ) ;
#3295 = DIRECTION ( 'NONE',  ( -1.000000000000000000, -1.224606353822377258E-16, -0.0000000000000000000 ) ) ;
#3296 = ORIENTED_EDGE ( 'NONE', *, *, #3087, .F. ) ;
#3297 = VECTOR ( 'NONE', #560, 1000.000000000000000 ) ;
#3298 = CONICAL_SURFACE ( 'NONE', #689, 4.172000000000002373, 0.9599310885968747042 ) ;
#3299 = EDGE_CURVE ( 'NONE', #4659, #2418, #3794, .T. ) ;
#3300 = EDGE_CURVE ( 'NONE', #4508, #4524, #4316, .T. ) ;
#3301 = DIRECTION ( 'NONE',  ( 0.0000000000000000000, 0.4999999999999992784, -0.8660254037844390407 ) ) ;
#3302 = AXIS2_PLACEMENT_3D ( 'NONE', #1821, #623, #615 ) ;
#3303 = CARTESIAN_POINT ( 'NONE',  ( -31.74999999999995737, 0.0000000000000000000, 0.0000000000000000000 ) ) ;
#3304 = CARTESIAN_POINT ( 'NONE',  ( 26.69881946068526091, -5.000000000000001776, 6.123233995736772199E-16 ) ) ;
#3305 = CARTESIAN_POINT ( 'NONE',  ( 33.96072422259002366, 5.000000000000005329, 0.0000000000000000000 ) ) ;
#3306 = EDGE_CURVE ( 'NONE', #640, #4438, #141, .T. ) ;
#3307 = AXIS2_PLACEMENT_3D ( 'NONE', #1478, #1467, #1450 ) ;
#3308 = DIRECTION ( 'NONE',  ( 0.0000000000000000000, -1.000000000000000000, 0.0000000000000000000 ) ) ;
#3309 = DIRECTION ( 'NONE',  ( 0.0000000000000000000, 1.000000000000000000, 0.0000000000000000000 ) ) ;
#3310 = COLOUR_RGB ( '',0.7764705882352941346, 0.7568627450980391913, 0.7372549019607843590 ) ;
#3311 = ORIENTED_EDGE ( 'NONE', *, *, #241, .T. ) ;
#3312 = EDGE_CURVE ( 'NONE', #2247, #956, #554, .T. ) ;
#3313 = EDGE_CURVE ( 'NONE', #647, #105, #3797, .T. ) ;
#3314 = DIRECTION ( 'NONE',  ( 1.000000000000000000, 1.224606353822377258E-16, 0.0000000000000000000 ) ) ;
#3315 = CIRCLE ( 'NONE', #89, 5.000000000000002665 ) ;
#3316 = CARTESIAN_POINT ( 'NONE',  ( 5.000000000000000000, 0.0000000000000000000, 0.0000000000000000000 ) ) ;
#3317 = ORIENTED_EDGE ( 'NONE', *, *, #4204, .F. ) ;
#3318 = CARTESIAN_POINT ( 'NONE',  ( 5.000000000000000000, -4.685197434473821865, 3.469446951953614189E-15 ) ) ;
#3319 = EDGE_CURVE ( 'NONE', #2462, #4364, #4515, .T. ) ;
#3320 = DIRECTION ( 'NONE',  ( 0.0000000000000000000, 0.4999999999999992784, -0.8660254037844390407 ) ) ;
#3321 = ORIENTED_EDGE ( 'NONE', *, *, #3698, .F. ) ;
#3322 = DIRECTION ( 'NONE',  ( 0.0000000000000000000, -1.000000000000000000, 0.0000000000000000000 ) ) ;
#3323 = EDGE_LOOP ( 'NONE', ( #4477, #937, #1228, #1572, #4208 ) ) ;
#3324 = VERTEX_POINT ( 'NONE', #4337 ) ;
#3325 = CARTESIAN_POINT ( 'NONE',  ( 5.000000000000000000, -4.685197434473821865, 3.469446951953614189E-15 ) ) ;
#3326 = DIRECTION ( 'NONE',  ( -1.000000000000000000, -0.0000000000000000000, -0.0000000000000000000 ) ) ;
#3327 = EDGE_LOOP ( 'NONE', ( #1830, #720, #1688, #4218, #679 ) ) ;
#3328 = FACE_OUTER_BOUND ( 'NONE', #1158, .T. ) ;
#3329 = EDGE_CURVE ( 'NONE', #3761, #640, #2054, .T. ) ;
#3330 = EDGE_CURVE ( 'NONE', #3194, #4364, #4214, .T. ) ;
#3331 = CIRCLE ( 'NONE', #1445, 6.500000000000000888 ) ;
#3332 = ORIENTED_EDGE ( 'NONE', *, *, #3146, .F. ) ;
#3333 = CARTESIAN_POINT ( 'NONE',  ( 28.15120041306621346, 2.235490958484726972E-15, 0.0000000000000000000 ) ) ;
#3334 = FACE_OUTER_BOUND ( 'NONE', #4174, .T. ) ;
#3335 = DIRECTION ( 'NONE',  ( 0.0000000000000000000, 1.000000000000000000, 0.0000000000000000000 ) ) ;
#3336 = CARTESIAN_POINT ( 'NONE',  ( 0.0000000000000000000, 4.685197434473813871, -6.505213034913026604E-15 ) ) ;
#3337 = LINE ( 'NONE', #2364, #3515 ) ;
#3338 = LINE ( 'NONE', #3180, #4734 ) ;
#3339 = EDGE_CURVE ( 'NONE', #913, #2928, #3243, .T. ) ;
#3340 = MECHANICAL_DESIGN_GEOMETRIC_PRESENTATION_REPRESENTATION (  '', ( #4761 ), #2973 ) ;
#3341 = EDGE_LOOP ( 'NONE', ( #1351, #216, #79, #2110, #1602 ) ) ;
#3342 = CONICAL_SURFACE ( 'NONE', #706, 5.000000000000003553, 0.9599310885968808105 ) ;
#3343 = CARTESIAN_POINT ( 'NONE',  ( 38.61070434883854574, 6.123233995736598649E-16, -5.000000000000002665 ) ) ;
#3344 = PLANE ( 'NONE',  #1516 ) ;
#3345 = ORIENTED_EDGE ( 'NONE', *, *, #4146, .F. ) ;
#3346 = VECTOR ( 'NONE', #3656, 1000.000000000000000 ) ;
#3347 = DIRECTION ( 'NONE',  ( -1.000000000000000000, -1.224606353822377258E-16, -0.0000000000000000000 ) ) ;
#3348 = DIRECTION ( 'NONE',  ( -1.000000000000000000, -1.224606353822377258E-16, -0.0000000000000000000 ) ) ;
#3349 = ORIENTED_EDGE ( 'NONE', *, *, #2707, .F. ) ;
#3350 = CARTESIAN_POINT ( 'NONE',  ( 5.000000000000000000, -4.685197434473821865, 3.469446951953614189E-15 ) ) ;
#3351 = CARTESIAN_POINT ( 'NONE',  ( 13.92022815836235239, 5.000000000000005329, 6.123233995736770227E-16 ) ) ;
#3352 = DIRECTION ( 'NONE',  ( 0.0000000000000000000, 0.0000000000000000000, -1.000000000000000000 ) ) ;
#3353 = DIRECTION ( 'NONE',  ( 1.000000000000000000, 0.0000000000000000000, 0.0000000000000000000 ) ) ;
#3354 = ADVANCED_FACE ( 'NONE', ( #3582 ), #2977, .T. ) ;
#3355 = ORIENTED_EDGE ( 'NONE', *, *, #1250, .F. ) ;
#3356 = DIRECTION ( 'NONE',  ( 0.0000000000000000000, -1.000000000000000000, 0.0000000000000000000 ) ) ;
#3357 = PLANE ( 'NONE',  #3880 ) ;
#3358 = DIRECTION ( 'NONE',  ( -0.5000000000000034417, 1.060575238724904696E-16, -0.8660254037844367092 ) ) ;
#3359 = ORIENTED_EDGE ( 'NONE', *, *, #322, .F. ) ;
#3360 = AXIS2_PLACEMENT_3D ( 'NONE', #757, #4667, #4558 ) ;
#3361 = EDGE_CURVE ( 'NONE', #4590, #1834, #3082, .T. ) ;
#3362 = DIRECTION ( 'NONE',  ( -0.0000000000000000000, -0.5000000000000011102, -0.8660254037844379305 ) ) ;
#3363 = CARTESIAN_POINT ( 'NONE',  ( 5.000000000000000000, -2.342598717236908268, 4.057500000000003659 ) ) ;
#3364 = EDGE_LOOP ( 'NONE', ( #1994, #3789, #1979, #1095, #137, #950 ) ) ;
#3365 = AXIS2_PLACEMENT_3D ( 'NONE', #4213, #4210, #4209 ) ;
#3366 = CARTESIAN_POINT ( 'NONE',  ( 5.000000000000000000, 4.969004387540385421E-16, -4.057500000000000107 ) ) ;
#3367 = EDGE_LOOP ( 'NONE', ( #1650, #1713, #1992, #1957, #1973 ) ) ;
#3368 = DIRECTION ( 'NONE',  ( 0.0000000000000000000, -1.000000000000000000, 0.0000000000000000000 ) ) ;
#3369 = CARTESIAN_POINT ( 'NONE',  ( 0.0000000000000000000, 0.0000000000000000000, 6.500000000000000888 ) ) ;
#3370 = ORIENTED_EDGE ( 'NONE', *, *, #384, .F. ) ;
#3371 = FACE_OUTER_BOUND ( 'NONE', #1259, .T. ) ;
#3373 = ADVANCED_FACE ( 'NONE', ( #341 ), #1091, .T. ) ;
#3372 = ORIENTED_EDGE ( 'NONE', *, *, #4376, .T. ) ;
#3374 = VECTOR ( 'NONE', #3275, 1000.000000000000000 ) ;
#3375 = VERTEX_POINT ( 'NONE', #4189 ) ;
#3376 = CIRCLE ( 'NONE', #4529, 5.000000000000003553 ) ;
#3377 = CIRCLE ( 'NONE', #1955, 5.000000000000003553 ) ;
#3378 = CIRCLE ( 'NONE', #2278, 4.172000000000002373 ) ;
#3379 = LINE ( 'NONE', #741, #3219 ) ;
#3380 = ORIENTED_EDGE ( 'NONE', *, *, #270, .F. ) ;
#3381 = EDGE_CURVE ( 'NONE', #66, #483, #2807, .T. ) ;
#3382 = CARTESIAN_POINT ( 'NONE',  ( 44.12739088925669506, 2.235490958484726972E-15, 0.0000000000000000000 ) ) ;
#3383 = CARTESIAN_POINT ( 'NONE',  ( 24.08689482502902024, 6.123233995736598649E-16, -5.000000000000002665 ) ) ;
#3384 = CONICAL_SURFACE ( 'NONE', #1980, 4.171999999999999709, 0.7853981633973796672 ) ;
#3385 = LINE ( 'NONE', #1108, #3737 ) ;
#3386 = ORIENTED_EDGE ( 'NONE', *, *, #3996, .T. ) ;
#3387 = CONICAL_SURFACE ( 'NONE', #354, 5.000000000000003553, 0.9599310885968808105 ) ;
#3388 = EDGE_LOOP ( 'NONE', ( #704, #676, #687, #845, #774, #834 ) ) ;
#3389 = ADVANCED_FACE ( 'NONE', ( #1832 ), #4184, .F. ) ;
#3390 = DIRECTION ( 'NONE',  ( -1.000000000000000000, -1.224606353822377258E-16, -0.0000000000000000000 ) ) ;
#3391 = AXIS2_PLACEMENT_3D ( 'NONE', #2108, #2162, #2074 ) ;
#3392 = CARTESIAN_POINT ( 'NONE',  ( 5.000000000000000000, 4.685197434473813871, -6.505213034913026604E-15 ) ) ;
#3393 = CARTESIAN_POINT ( 'NONE',  ( 1.500000000000001332, 0.0000000000000000000, 0.0000000000000000000 ) ) ;
#3394 = EDGE_CURVE ( 'NONE', #1834, #959, #2549, .T. ) ;
#3395 = FACE_OUTER_BOUND ( 'NONE', #4710, .T. ) ;
#3396 = DIRECTION ( 'NONE',  ( 1.000000000000000000, 1.224606353822377258E-16, 0.0000000000000000000 ) ) ;
#3397 = EDGE_CURVE ( 'NONE', #432, #959, #2543, .T. ) ;
#3398 = ORIENTED_EDGE ( 'NONE', *, *, #20, .T. ) ;
#3399 = EDGE_LOOP ( 'NONE', ( #4543, #4052 ) ) ;
#3400 = LINE ( 'NONE', #3723, #2917 ) ;
#3401 = CARTESIAN_POINT ( 'NONE',  ( 28.44403768217187789, -5.000000000000000000, 0.0000000000000000000 ) ) ;
#3402 = CARTESIAN_POINT ( 'NONE',  ( 31.05596231782811856, 2.235490958484726972E-15, 0.0000000000000000000 ) ) ;
#3403 = DIRECTION ( 'NONE',  ( -1.000000000000000000, -0.0000000000000000000, -0.0000000000000000000 ) ) ;
#3404 = PRODUCT_DEFINITION_FORMATION_WITH_SPECIFIED_SOURCE ( 'ANY', '', #3199, .NOT_KNOWN. ) ;
#3405 = FACE_OUTER_BOUND ( 'NONE', #1795, .T. ) ;
#3406 = EDGE_CURVE ( 'NONE', #1060, #414, #3134, .T. ) ;
#3407 = DIRECTION ( 'NONE',  ( 0.0000000000000000000, -1.000000000000000000, 0.0000000000000000000 ) ) ;
#3408 = DIRECTION ( 'NONE',  ( 0.0000000000000000000, 0.0000000000000000000, 1.000000000000000000 ) ) ;
#3409 = DIRECTION ( 'NONE',  ( -1.000000000000000000, -1.224606353822377258E-16, -0.0000000000000000000 ) ) ;
#3410 = CARTESIAN_POINT ( 'NONE',  ( 44.12739088925669506, 2.235490958484726972E-15, 0.0000000000000000000 ) ) ;
#3411 = CARTESIAN_POINT ( 'NONE',  ( 45.00000000000000000, 0.0000000000000000000, 0.0000000000000000000 ) ) ;
#3412 = DIRECTION ( 'NONE',  ( 0.5735764363510462704, 0.8191520442889915765, 0.0000000000000000000 ) ) ;
#3413 = AXIS2_PLACEMENT_3D ( 'NONE', #3786, #3783, #3778 ) ;
#3414 = ORIENTED_EDGE ( 'NONE', *, *, #4709, .T. ) ;
#3415 = CIRCLE ( 'NONE', #3931, 5.000000000000002665 ) ;
#3416 = LINE ( 'NONE', #522, #3539 ) ;
#3417 = DIRECTION ( 'NONE',  ( -1.000000000000000000, -0.0000000000000000000, -0.0000000000000000000 ) ) ;
#3418 = DIRECTION ( 'NONE',  ( -0.5000000000000034417, 0.0000000000000000000, 0.8660254037844367092 ) ) ;
#3419 = VERTEX_POINT ( 'NONE', #4075 ) ;
#3420 = EDGE_CURVE ( 'NONE', #1458, #432, #2860, .T. ) ;
#3421 = MECHANICAL_DESIGN_GEOMETRIC_PRESENTATION_REPRESENTATION (  '', ( #518 ), #4536 ) ;
#3422 = AXIS2_PLACEMENT_3D ( 'NONE', #4063, #4062, #4060 ) ;
#3423 = DIRECTION ( 'NONE',  ( 0.0000000000000000000, 1.000000000000000000, 0.0000000000000000000 ) ) ;
#3424 = CARTESIAN_POINT ( 'NONE',  ( 33.96072422259002366, 2.235490958484726972E-15, 0.0000000000000000000 ) ) ;
#3425 = VERTEX_POINT ( 'NONE', #4086 ) ;
#3426 = EDGE_LOOP ( 'NONE', ( #1155, #611, #339, #58, #3796 ) ) ;
#3427 = ORIENTED_EDGE ( 'NONE', *, *, #2981, .F. ) ;
#3428 = DIRECTION ( 'NONE',  ( -1.000000000000000000, -1.224606353822377258E-16, -0.0000000000000000000 ) ) ;
#3429 = CIRCLE ( 'NONE', #2197, 4.172000000000002373 ) ;
#3430 = VERTEX_POINT ( 'NONE', #4084 ) ;
#3431 = CIRCLE ( 'NONE', #4059, 5.000000000000003553 ) ;
#3432 = CYLINDRICAL_SURFACE ( 'NONE', #1912, 4.999999999999961808 ) ;
#3433 = CARTESIAN_POINT ( 'NONE',  ( 29.60358136544716601, 2.235490958484726972E-15, 0.0000000000000000000 ) ) ;
#3434 = ADVANCED_FACE ( 'NONE', ( #3405 ), #3894, .T. ) ;
#3435 = UNCERTAINTY_MEASURE_WITH_UNIT (LENGTH_MEASURE( 1.000000000000000082E-05 ), #4460, 'distance_accuracy_value', 'NONE');
#3436 = CARTESIAN_POINT ( 'NONE',  ( 22.63451387264806769, 6.123233995736598649E-16, -5.000000000000002665 ) ) ;
#3437 = EDGE_CURVE ( 'NONE', #1530, #4590, #2688, .T. ) ;
#3438 = FACE_OUTER_BOUND ( 'NONE', #1531, .T. ) ;
#3439 = ORIENTED_EDGE ( 'NONE', *, *, #167, .T. ) ;
#3440 = LINE ( 'NONE', #2590, #4451 ) ;
#3441 = EDGE_CURVE ( 'NONE', #2164, #66, #2499, .T. ) ;
#3442 = ORIENTED_EDGE ( 'NONE', *, *, #2251, .T. ) ;
#3443 = CARTESIAN_POINT ( 'NONE',  ( 29.60358136544716601, 5.000000000000006217, 0.0000000000000000000 ) ) ;
#3444 = DIRECTION ( 'NONE',  ( 1.000000000000000000, 0.0000000000000000000, 0.0000000000000000000 ) ) ;
#3445 = DIRECTION ( 'NONE',  ( -0.0000000000000000000, -0.5000000000000011102, -0.8660254037844379305 ) ) ;
#3446 = FACE_OUTER_BOUND ( 'NONE', #2898, .T. ) ;
#3447 = VECTOR ( 'NONE', #4110, 1000.000000000000000 ) ;
#3448 = EDGE_CURVE ( 'NONE', #2395, #2164, #1159, .T. ) ;
#3449 = FACE_OUTER_BOUND ( 'NONE', #3992, .T. ) ;
#3450 = ADVANCED_FACE ( 'NONE', ( #3467 ), #957, .T. ) ;
#3451 = EDGE_CURVE ( 'NONE', #2395, #1530, #1365, .T. ) ;
#3452 = CIRCLE ( 'NONE', #84, 4.172000000000002373 ) ;
#3453 = CARTESIAN_POINT ( 'NONE',  ( 33.38095238095237960, 2.164491730381051252E-15, 0.0000000000000000000 ) ) ;
#3454 = CIRCLE ( 'NONE', #169, 5.000000000000002665 ) ;
#3455 = VERTEX_POINT ( 'NONE', #3947 ) ;
#3456 = CIRCLE ( 'NONE', #1848, 5.000000000000002665 ) ;
#3457 = LINE ( 'NONE', #948, #3293 ) ;
#3458 = EDGE_CURVE ( 'NONE', #4243, #1354, #2856, .T. ) ;
#3459 = PLANE ( 'NONE',  #1560 ) ;
#3460 = CARTESIAN_POINT ( 'NONE',  ( 28.15120041306621346, -1.887411345499491136E-29, 5.000000000000004441 ) ) ;
#3461 = ORIENTED_EDGE ( 'NONE', *, *, #2878, .F. ) ;
#3462 = CIRCLE ( 'NONE', #2616, 5.000000000000003553 ) ;
#3463 = DIRECTION ( 'NONE',  ( -0.0000000000000000000, 1.000000000000000000, 1.224646799147353207E-16 ) ) ;
#3464 = ORIENTED_EDGE ( 'NONE', *, *, #294, .F. ) ;
#3465 = ORIENTED_EDGE ( 'NONE', *, *, #4004, .T. ) ;
#3466 = ORIENTED_EDGE ( 'NONE', *, *, #3989, .F. ) ;
#3467 = FACE_OUTER_BOUND ( 'NONE', #4801, .T. ) ;
#3468 = ORIENTED_EDGE ( 'NONE', *, *, #767, .F. ) ;
#3469 = EDGE_CURVE ( 'NONE', #16, #3745, #4050, .T. ) ;
#3470 = DIRECTION ( 'NONE',  ( -1.000000000000000000, -0.0000000000000000000, -0.0000000000000000000 ) ) ;
#3471 = DIRECTION ( 'NONE',  ( -1.000000000000000000, -0.0000000000000000000, -0.0000000000000000000 ) ) ;
#3472 = ORIENTED_EDGE ( 'NONE', *, *, #160, .F. ) ;
#3473 = EDGE_LOOP ( 'NONE', ( #457, #493, #620, #563, #582 ) ) ;
#3474 = EDGE_CURVE ( 'NONE', #3025, #2247, #1221, .T. ) ;
#3475 = CARTESIAN_POINT ( 'NONE',  ( 18.85714285714285765, -4.172000000000000597, 5.616230220889765396E-16 ) ) ;
#3476 = DIRECTION ( 'NONE',  ( -0.5735764363510513775, -0.8191520442889881348, 0.0000000000000000000 ) ) ;
#3477 = CARTESIAN_POINT ( 'NONE',  ( 5.000000000000000000, 0.0000000000000000000, 4.057500000000000107 ) ) ;
#3478 = FACE_OUTER_BOUND ( 'NONE', #1069, .T. ) ;
#3479 = ORIENTED_EDGE ( 'NONE', *, *, #4089, .T. ) ;
#3480 = CARTESIAN_POINT ( 'NONE',  ( 5.000000000000000000, -2.342598717236908268, 4.057500000000003659 ) ) ;
#3481 = DIRECTION ( 'NONE',  ( -1.000000000000000000, -1.224606353822377258E-16, -0.0000000000000000000 ) ) ;
#3482 = EDGE_CURVE ( 'NONE', #4243, #2187, #3942, .T. ) ;
#3483 = CARTESIAN_POINT ( 'NONE',  ( -31.74999999999995737, 0.0000000000000000000, 4.999999999999961808 ) ) ;
#3484 = CIRCLE ( 'NONE', #1829, 5.000000000000003553 ) ;
#3485 = DIRECTION ( 'NONE',  ( 0.0000000000000000000, -1.000000000000000000, 0.0000000000000000000 ) ) ;
#3486 = ORIENTED_EDGE ( 'NONE', *, *, #132, .F. ) ;
#3487 = EDGE_CURVE ( 'NONE', #2641, #1834, #4416, .T. ) ;
#3488 = ORIENTED_EDGE ( 'NONE', *, *, #2317, .F. ) ;
#3489 = CARTESIAN_POINT ( 'NONE',  ( 32.80118053931472843, 6.123233995736598649E-16, -5.000000000000002665 ) ) ;
#3490 = CARTESIAN_POINT ( 'NONE',  ( 5.000000000000000000, -2.342598717236908268, 4.057500000000003659 ) ) ;
#3491 = DIRECTION ( 'NONE',  ( 0.0000000000000000000, -1.000000000000000000, 0.0000000000000000000 ) ) ;
#3492 = CYLINDRICAL_SURFACE ( 'NONE', #1712, 4.999999999999961808 ) ;
#3493 = EDGE_CURVE ( 'NONE', #483, #913, #1714, .T. ) ;
#3494 = APPLICATION_PROTOCOL_DEFINITION ( 'draft international standard', 'automotive_design', 1998, #555 ) ;
#3495 = DIRECTION ( 'NONE',  ( -1.000000000000000000, -0.0000000000000000000, -0.0000000000000000000 ) ) ;
#3496 = DIRECTION ( 'NONE',  ( 0.0000000000000000000, 0.0000000000000000000, 1.000000000000000000 ) ) ;
#3497 = DIRECTION ( 'NONE',  ( -1.000000000000000000, -1.224606353822377258E-16, -0.0000000000000000000 ) ) ;
#3498 = DIRECTION ( 'NONE',  ( 0.0000000000000000000, -1.000000000000000000, 0.0000000000000000000 ) ) ;
#3499 = CYLINDRICAL_SURFACE ( 'NONE', #1975, 4.999999999999961808 ) ;
#3500 = FACE_OUTER_BOUND ( 'NONE', #2077, .T. ) ;
#3501 = CYLINDRICAL_SURFACE ( 'NONE', #14, 8.000000000000000000 ) ;
#3502 = DIRECTION ( 'NONE',  ( -1.000000000000000000, -0.0000000000000000000, -0.0000000000000000000 ) ) ;
#3503 = DIRECTION ( 'NONE',  ( -1.000000000000000000, -1.224606353822377258E-16, -0.0000000000000000000 ) ) ;
#3504 = VECTOR ( 'NONE', #876, 1000.000000000000000 ) ;
#3505 = VERTEX_POINT ( 'NONE', #3843 ) ;
#3506 = VECTOR ( 'NONE', #4321, 1000.000000000000000 ) ;
#3507 = DIRECTION ( 'NONE',  ( 0.0000000000000000000, 0.0000000000000000000, 1.000000000000000000 ) ) ;
#3508 = FACE_BOUND ( 'NONE', #1016, .T. ) ;
#3509 = CARTESIAN_POINT ( 'NONE',  ( 28.15120041306621346, 6.123233995736582872E-16, -5.000000000000004441 ) ) ;
#3510 = CIRCLE ( 'NONE', #2661, 5.000000000000002665 ) ;
#3511 = EDGE_CURVE ( 'NONE', #4594, #1003, #2447, .T. ) ;
#3512 = VECTOR ( 'NONE', #4688, 1000.000000000000000 ) ;
#3513 = CIRCLE ( 'NONE', #3360, 5.000000000000002665 ) ;
#3514 = CARTESIAN_POINT ( 'NONE',  ( 29.60358136544716601, -5.000000000000000888, 6.123233995736771213E-16 ) ) ;
#3515 = VECTOR ( 'NONE', #2336, 1000.000000000000000 ) ;
#3516 = ORIENTED_EDGE ( 'NONE', *, *, #144, .T. ) ;
#3517 = AXIS2_PLACEMENT_3D ( 'NONE', #543, #531, #529 ) ;
#3518 = DIRECTION ( 'NONE',  ( 0.5735764363510462704, 0.8191520442889915765, 0.0000000000000000000 ) ) ;
#3519 = CARTESIAN_POINT ( 'NONE',  ( 26.69881946068526091, 2.235490958484726972E-15, 0.0000000000000000000 ) ) ;
#3520 = ORIENTED_EDGE ( 'NONE', *, *, #3099, .T. ) ;
#3521 = ORIENTED_EDGE ( 'NONE', *, *, #3859, .T. ) ;
#3522 = VECTOR ( 'NONE', #4325, 1000.000000000000000 ) ;
#3523 = AXIS2_PLACEMENT_3D ( 'NONE', #1618, #1837, #1710 ) ;
#3524 = CARTESIAN_POINT ( 'NONE',  ( -31.74999999999995737, 0.0000000000000000000, 4.999999999999961808 ) ) ;
#3525 = DIRECTION ( 'NONE',  ( -1.000000000000000000, -0.0000000000000000000, -0.0000000000000000000 ) ) ;
#3526 = EDGE_CURVE ( 'NONE', #1003, #3851, #1023, .T. ) ;
#3527 = CARTESIAN_POINT ( 'NONE',  ( 17.98453374639954561, -1.925929944387235853E-29, 5.000000000000004441 ) ) ;
#3528 = ORIENTED_EDGE ( 'NONE', *, *, #119, .T. ) ;
#3529 = ADVANCED_FACE ( 'NONE', ( #1438 ), #4149, .T. ) ;
#3530 = CARTESIAN_POINT ( 'NONE',  ( 29.02380952380952550, -4.172000000000000597, 0.0000000000000000000 ) ) ;
#3531 = DIRECTION ( 'NONE',  ( 0.0000000000000000000, -1.000000000000000000, 0.0000000000000000000 ) ) ;
#3532 = EDGE_LOOP ( 'NONE', ( #571, #22, #1120, #694, #971 ) ) ;
#3533 = EDGE_CURVE ( 'NONE', #1060, #1458, #3400, .T. ) ;
#3534 = DIRECTION ( 'NONE',  ( -1.000000000000000000, -0.0000000000000000000, -0.0000000000000000000 ) ) ;
#3535 = LINE ( 'NONE', #4750, #2062 ) ;
#3536 = DIRECTION ( 'NONE',  ( -1.000000000000000000, -0.0000000000000000000, -0.0000000000000000000 ) ) ;
#3537 = VERTEX_POINT ( 'NONE', #3739 ) ;
#3538 = ORIENTED_EDGE ( 'NONE', *, *, #3047, .T. ) ;
#3539 = VECTOR ( 'NONE', #383, 1000.000000000000000 ) ;
#3540 = CARTESIAN_POINT ( 'NONE',  ( 45.00000000000000000, 5.616230220889714120E-16, -4.171999999999999709 ) ) ;
#3541 = DIRECTION ( 'NONE',  ( 0.5735764363510466035, -0.8191520442889914655, 1.003171929053524500E-16 ) ) ;
#3542 = CARTESIAN_POINT ( 'NONE',  ( 25.24643850830431191, -1.887411345499491136E-29, 5.000000000000004441 ) ) ;
#3543 = CARTESIAN_POINT ( 'NONE',  ( 18.85714285714285765, -4.172000000000000597, 0.0000000000000000000 ) ) ;
#3544 = ORIENTED_EDGE ( 'NONE', *, *, #3469, .T. ) ;
#3545 = EDGE_CURVE ( 'NONE', #1849, #2403, #3239, .T. ) ;
#3546 = DIRECTION ( 'NONE',  ( 0.0000000000000000000, -1.000000000000000000, 0.0000000000000000000 ) ) ;
#3547 = ORIENTED_EDGE ( 'NONE', *, *, #3653, .F. ) ;
#3548 = CARTESIAN_POINT ( 'NONE',  ( 15.07977184163764228, -5.000000000000000888, 6.123233995736771213E-16 ) ) ;
#3549 = EDGE_LOOP ( 'NONE', ( #3528, #3439, #3311, #3380, #3464, #3359 ) ) ;
#3550 = CARTESIAN_POINT ( 'NONE',  ( 17.98453374639954561, -5.000000000000000888, 6.123233995736771213E-16 ) ) ;
#3551 = DIRECTION ( 'NONE',  ( 0.0000000000000000000, -1.000000000000000000, 0.0000000000000000000 ) ) ;
#3552 = CIRCLE ( 'NONE', #1062, 5.000000000000002665 ) ;
#3553 = FACE_OUTER_BOUND ( 'NONE', #4624, .T. ) ;
#3554 = CARTESIAN_POINT ( 'NONE',  ( 29.60358136544716601, 5.000000000000005329, 0.0000000000000000000 ) ) ;
#3555 = DIRECTION ( 'NONE',  ( -1.000000000000000000, -1.224606353822377258E-16, -0.0000000000000000000 ) ) ;
#3556 = CIRCLE ( 'NONE', #3307, 5.000000000000003553 ) ;
#3557 = VECTOR ( 'NONE', #551, 1000.000000000000114 ) ;
#3558 = EDGE_LOOP ( 'NONE', ( #984, #1056, #1029, #1033, #1185 ) ) ;
#3559 = CARTESIAN_POINT ( 'NONE',  ( 15.37260911074330494, -1.733336949948512268E-29, 5.000000000000002665 ) ) ;
#3560 = CARTESIAN_POINT ( 'NONE',  ( 32.80118053931472843, 2.093492502277374743E-15, 0.0000000000000000000 ) ) ;
#3561 = DIRECTION ( 'NONE',  ( 0.0000000000000000000, -1.000000000000000000, 0.0000000000000000000 ) ) ;
#3562 = ORIENTED_EDGE ( 'NONE', *, *, #75, .F. ) ;
#3563 = DIRECTION ( 'NONE',  ( -1.000000000000000000, -1.224606353822377258E-16, -0.0000000000000000000 ) ) ;
#3564 = EDGE_CURVE ( 'NONE', #3844, #1849, #830, .T. ) ;
#3565 = LINE ( 'NONE', #691, #3557 ) ;
#3566 = ADVANCED_FACE ( 'NONE', ( #4365 ), #2396, .T. ) ;
#3567 = CARTESIAN_POINT ( 'NONE',  ( 15.07977184163764228, -5.000000000000001776, 6.123233995736772199E-16 ) ) ;
#3568 = DIRECTION ( 'NONE',  ( -1.000000000000000000, -1.224606353822377258E-16, -0.0000000000000000000 ) ) ;
#3569 = CARTESIAN_POINT ( 'NONE',  ( 28.44403768217187789, 2.093492502277374743E-15, 0.0000000000000000000 ) ) ;
#3570 = ORIENTED_EDGE ( 'NONE', *, *, #75, .T. ) ;
#3571 = CIRCLE ( 'NONE', #1970, 5.000000000000003553 ) ;
#3572 = EDGE_CURVE ( 'NONE', #2395, #2641, #630, .T. ) ;
#3573 = AXIS2_PLACEMENT_3D ( 'NONE', #1012, #652, #2146 ) ;
#3574 = CIRCLE ( 'NONE', #681, 5.000000000000002665 ) ;
#3575 = CARTESIAN_POINT ( 'NONE',  ( 39.19047619047618980, 2.164491730381051252E-15, 0.0000000000000000000 ) ) ;
#3576 = CARTESIAN_POINT ( 'NONE',  ( 23.21428571428571530, 2.164491730381051252E-15, 0.0000000000000000000 ) ) ;
#3577 = DIRECTION ( 'NONE',  ( -1.000000000000000000, -1.224606353822377258E-16, -0.0000000000000000000 ) ) ;
#3578 = EDGE_CURVE ( 'NONE', #2622, #3844, #3694, .T. ) ;
#3579 = ORIENTED_EDGE ( 'NONE', *, *, #120, .F. ) ;
#3580 = DIRECTION ( 'NONE',  ( 0.0000000000000000000, -1.000000000000000000, 0.0000000000000000000 ) ) ;
#3581 = CARTESIAN_POINT ( 'NONE',  ( 28.44403768217187789, 2.093492502277374743E-15, 0.0000000000000000000 ) ) ;
#3582 = FACE_OUTER_BOUND ( 'NONE', #965, .T. ) ;
#3583 = ORIENTED_EDGE ( 'NONE', *, *, #135, .T. ) ;
#3584 = PLANE ( 'NONE',  #661 ) ;
#3585 = DIRECTION ( 'NONE',  ( -1.000000000000000000, -1.224606353822377258E-16, -0.0000000000000000000 ) ) ;
#3586 = ORIENTED_EDGE ( 'NONE', *, *, #3162, .F. ) ;
#3587 = ORIENTED_EDGE ( 'NONE', *, *, #843, .F. ) ;
#3588 = CARTESIAN_POINT ( 'NONE',  ( 5.000000000000000000, 4.685197434473813871, -6.505213034913026604E-15 ) ) ;
#3589 = CARTESIAN_POINT ( 'NONE',  ( -31.74999999999995737, 0.0000000000000000000, 4.999999999999961808 ) ) ;
#3590 = DIRECTION ( 'NONE',  ( -1.000000000000000000, -0.0000000000000000000, -0.0000000000000000000 ) ) ;
#3591 = AXIS2_PLACEMENT_3D ( 'NONE', #734, #726, #723 ) ;
#3592 = ORIENTED_EDGE ( 'NONE', *, *, #97, .T. ) ;
#3593 = DIRECTION ( 'NONE',  ( -1.000000000000000000, -1.224606353822377258E-16, -0.0000000000000000000 ) ) ;
#3594 = DIRECTION ( 'NONE',  ( -1.000000000000000000, -1.224606353822377258E-16, -0.0000000000000000000 ) ) ;
#3595 = CARTESIAN_POINT ( 'NONE',  ( 39.77024803211383386, 2.235490958484726972E-15, 0.0000000000000000000 ) ) ;
#3596 = ORIENTED_EDGE ( 'NONE', *, *, #1134, .T. ) ;
#3597 = AXIS2_PLACEMENT_3D ( 'NONE', #4758, #4756, #4755 ) ;
#3598 = FACE_OUTER_BOUND ( 'NONE', #1079, .T. ) ;
#3599 = CARTESIAN_POINT ( 'NONE',  ( 22.34167660354240326, 5.000000000000006217, 0.0000000000000000000 ) ) ;
#3600 = DIRECTION ( 'NONE',  ( -1.000000000000000000, -1.224606353822377258E-16, -0.0000000000000000000 ) ) ;
#3601 = EDGE_LOOP ( 'NONE', ( #133, #140, #617, #540, #1084, #1583 ) ) ;
#3602 = CARTESIAN_POINT ( 'NONE',  ( 32.50834327020907466, 6.123233995736582872E-16, -5.000000000000004441 ) ) ;
#3603 = CARTESIAN_POINT ( 'NONE',  ( 0.0000000000000000000, -2.342598717236908268, 4.057500000000003659 ) ) ;
#3604 = DIRECTION ( 'NONE',  ( 0.0000000000000000000, -1.000000000000000000, 0.0000000000000000000 ) ) ;
#3605 = ORIENTED_EDGE ( 'NONE', *, *, #59, .F. ) ;
#3606 = AXIS2_PLACEMENT_3D ( 'NONE', #772, #223, #572 ) ;
#3607 = ORIENTED_EDGE ( 'NONE', *, *, #4366, .F. ) ;
#3608 = LINE ( 'NONE', #2363, #3913 ) ;
#3609 = EDGE_LOOP ( 'NONE', ( #271, #835, #17, #1152, #3051 ) ) ;
#3610 = DIRECTION ( 'NONE',  ( -1.000000000000000000, -1.224606353822377258E-16, -0.0000000000000000000 ) ) ;
#3611 = DIRECTION ( 'NONE',  ( -1.000000000000000000, -0.0000000000000000000, -0.0000000000000000000 ) ) ;
#3612 = DIRECTION ( 'NONE',  ( 0.0000000000000000000, -1.000000000000000000, 0.0000000000000000000 ) ) ;
#3613 = FACE_OUTER_BOUND ( 'NONE', #2723, .T. ) ;
#3614 = VERTEX_POINT ( 'NONE', #3648 ) ;
#3615 = CARTESIAN_POINT ( 'NONE',  ( 29.02380952380952550, 2.164491730381051252E-15, 0.0000000000000000000 ) ) ;
#3616 = FACE_OUTER_BOUND ( 'NONE', #3291, .T. ) ;
#3617 = CIRCLE ( 'NONE', #1828, 5.000000000000002665 ) ;
#3618 = CYLINDRICAL_SURFACE ( 'NONE', #4742, 4.999999999999961808 ) ;
#3619 = DIRECTION ( 'NONE',  ( 1.000000000000000000, 1.224606353822377258E-16, 0.0000000000000000000 ) ) ;
#3620 = CIRCLE ( 'NONE', #675, 5.000000000000003553 ) ;
#3621 = ORIENTED_EDGE ( 'NONE', *, *, #3330, .F. ) ;
#3622 = CARTESIAN_POINT ( 'NONE',  ( 41.51546625360044374, 6.123233995736598649E-16, -5.000000000000002665 ) ) ;
#3623 = EDGE_CURVE ( 'NONE', #1256, #1721, #1215, .T. ) ;
#3624 = CARTESIAN_POINT ( 'NONE',  ( 17.98453374639954561, 5.000000000000006217, 0.0000000000000000000 ) ) ;
#3625 = EDGE_CURVE ( 'NONE', #66, #2103, #4626, .T. ) ;
#3626 = DIRECTION ( 'NONE',  ( 0.0000000000000000000, -1.000000000000000000, 0.0000000000000000000 ) ) ;
#3627 = FACE_OUTER_BOUND ( 'NONE', #1104, .T. ) ;
#3628 = CARTESIAN_POINT ( 'NONE',  ( -31.74999999999995737, 0.0000000000000000000, 0.0000000000000000000 ) ) ;
#3629 = ORIENTED_EDGE ( 'NONE', *, *, #3792, .T. ) ;
#3630 = DIRECTION ( 'NONE',  ( -1.000000000000000000, -1.224606353822377258E-16, -0.0000000000000000000 ) ) ;
#3631 = TOROIDAL_SURFACE ( 'NONE', #1310, 6.500000000000000888, 1.500000000000000000 ) ;
#3632 = EDGE_LOOP ( 'NONE', ( #164, #150, #4806, #12, #26 ) ) ;
#3633 = ORIENTED_EDGE ( 'NONE', *, *, #350, .F. ) ;
#3634 = CARTESIAN_POINT ( 'NONE',  ( 38.31786707973287776, 2.235490958484726972E-15, 0.0000000000000000000 ) ) ;
#3635 = CARTESIAN_POINT ( 'NONE',  ( 24.66666666666667140, 2.164491730381051252E-15, 0.0000000000000000000 ) ) ;
#3636 = DIRECTION ( 'NONE',  ( -0.5735764363510513775, -0.8191520442889881348, 0.0000000000000000000 ) ) ;
#3637 = CARTESIAN_POINT ( 'NONE',  ( 17.98453374639954561, 2.235490958484726972E-15, 0.0000000000000000000 ) ) ;
#3638 = ORIENTED_EDGE ( 'NONE', *, *, #3771, .F. ) ;
#3639 = EDGE_CURVE ( 'NONE', #595, #414, #4256, .T. ) ;
#3640 = EDGE_CURVE ( 'NONE', #4670, #4590, #3026, .T. ) ;
#3641 = DIRECTION ( 'NONE',  ( 0.0000000000000000000, -1.000000000000000000, 0.0000000000000000000 ) ) ;
#3642 = CARTESIAN_POINT ( 'NONE',  ( 5.000000000000000000, -2.342598717236908268, 4.057500000000003659 ) ) ;
#3643 = ORIENTED_EDGE ( 'NONE', *, *, #3692, .F. ) ;
#3644 = ORIENTED_EDGE ( 'NONE', *, *, #11, .F. ) ;
#3645 = VECTOR ( 'NONE', #3018, 1000.000000000000000 ) ;
#3646 = ORIENTED_EDGE ( 'NONE', *, *, #119, .F. ) ;
#3647 = EDGE_CURVE ( 'NONE', #2622, #174, #4155, .T. ) ;
#3648 = CARTESIAN_POINT ( 'NONE',  ( 29.02380952380952550, 4.172000000000004150, 0.0000000000000000000 ) ) ;
#3649 = DIRECTION ( 'NONE',  ( 0.0000000000000000000, -1.000000000000000000, 0.0000000000000000000 ) ) ;
#3650 = DIRECTION ( 'NONE',  ( 0.0000000000000000000, 0.0000000000000000000, 1.000000000000000000 ) ) ;
#3651 = DIRECTION ( 'NONE',  ( 1.000000000000000000, 1.224606353822377258E-16, 0.0000000000000000000 ) ) ;
#3652 = CARTESIAN_POINT ( 'NONE',  ( -31.74999999999995737, 0.0000000000000000000, 4.999999999999961808 ) ) ;
#3653 = EDGE_CURVE ( 'NONE', #16, #1416, #701, .T. ) ;
#3654 = AXIS2_PLACEMENT_3D ( 'NONE', #206, #781, #1518 ) ;
#3655 = VERTEX_POINT ( 'NONE', #3527 ) ;
#3656 = DIRECTION ( 'NONE',  ( 0.0000000000000000000, 1.000000000000000000, -1.295896757998780980E-15 ) ) ;
#3657 = ORIENTED_EDGE ( 'NONE', *, *, #3910, .F. ) ;
#3658 = DIRECTION ( 'NONE',  ( 0.0000000000000000000, 0.0000000000000000000, -1.000000000000000000 ) ) ;
#3659 = EDGE_CURVE ( 'NONE', #1416, #3375, #1799, .T. ) ;
#3660 = EDGE_CURVE ( 'NONE', #2622, #1554, #868, .T. ) ;
#3661 = VECTOR ( 'NONE', #3094, 1000.000000000000000 ) ;
#3662 = CARTESIAN_POINT ( 'NONE',  ( 17.98453374639954561, 2.235490958484726972E-15, 0.0000000000000000000 ) ) ;
#3663 = ORIENTED_EDGE ( 'NONE', *, *, #3319, .T. ) ;
#3664 = ADVANCED_FACE ( 'NONE', ( #1187 ), #1617, .T. ) ;
#3665 = CIRCLE ( 'NONE', #2065, 5.000000000000003553 ) ;
#3666 = VECTOR ( 'NONE', #2779, 1000.000000000000000 ) ;
#3667 = DIRECTION ( 'NONE',  ( 0.0000000000000000000, -1.000000000000000000, 0.0000000000000000000 ) ) ;
#3668 = CARTESIAN_POINT ( 'NONE',  ( 44.17199999999996152, 0.0000000000000000000, 0.0000000000000000000 ) ) ;
#3669 = EDGE_CURVE ( 'NONE', #1554, #780, #663, .T. ) ;
#3670 = FACE_OUTER_BOUND ( 'NONE', #4440, .T. ) ;
#3671 = DIRECTION ( 'NONE',  ( -1.000000000000000000, -1.224606353822377258E-16, -0.0000000000000000000 ) ) ;
#3672 = DIRECTION ( 'NONE',  ( 0.0000000000000000000, -1.000000000000000000, 0.0000000000000000000 ) ) ;
#3673 = DIRECTION ( 'NONE',  ( 0.0000000000000000000, -1.000000000000000000, 0.0000000000000000000 ) ) ;
#3674 = DIRECTION ( 'NONE',  ( -1.000000000000000000, -1.224606353822377258E-16, -0.0000000000000000000 ) ) ;
#3675 = DIRECTION ( 'NONE',  ( 1.000000000000000000, 1.224606353822377258E-16, 0.0000000000000000000 ) ) ;
#3676 = CIRCLE ( 'NONE', #1230, 5.000000000000002665 ) ;
#3677 = ORIENTED_EDGE ( 'NONE', *, *, #3996, .F. ) ;
#3678 = ADVANCED_FACE ( 'NONE', ( #442 ), #3357, .F. ) ;
#3679 = ORIENTED_EDGE ( 'NONE', *, *, #4661, .F. ) ;
#3680 = VECTOR ( 'NONE', #2293, 1000.000000000000114 ) ;
#3681 = EDGE_CURVE ( 'NONE', #780, #3226, #2523, .T. ) ;
#3682 = AXIS2_PLACEMENT_3D ( 'NONE', #4271, #4268, #4263 ) ;
#3683 = CARTESIAN_POINT ( 'NONE',  ( 40.64285714285713880, 2.164491730381051252E-15, 0.0000000000000000000 ) ) ;
#3684 = CARTESIAN_POINT ( 'NONE',  ( 29.02380952380952550, 4.172000000000004150, 5.109226446042759579E-16 ) ) ;
#3685 = EDGE_CURVE ( 'NONE', #780, #4443, #2256, .T. ) ;
#3686 = DIRECTION ( 'NONE',  ( -1.000000000000000000, -1.224606353822377258E-16, -0.0000000000000000000 ) ) ;
#3687 = DIRECTION ( 'NONE',  ( -1.000000000000000000, -0.0000000000000000000, -0.0000000000000000000 ) ) ;
#3688 = ADVANCED_FACE ( 'NONE', ( #3500 ), #2833, .T. ) ;
#3689 = DIRECTION ( 'NONE',  ( 0.0000000000000000000, 0.0000000000000000000, 1.000000000000000000 ) ) ;
#3690 = VERTEX_POINT ( 'NONE', #3305 ) ;
#3691 = EDGE_CURVE ( 'NONE', #4443, #1765, #4074, .T. ) ;
#3692 = EDGE_CURVE ( 'NONE', #2103, #678, #2573, .T. ) ;
#3693 = ORIENTED_EDGE ( 'NONE', *, *, #2431, .F. ) ;
#3694 = LINE ( 'NONE', #3642, #3346 ) ;
#3695 = DIRECTION ( 'NONE',  ( -1.000000000000000000, -0.0000000000000000000, -0.0000000000000000000 ) ) ;
#3696 = CARTESIAN_POINT ( 'NONE',  ( 39.19047619047618980, 4.172000000000004150, 0.0000000000000000000 ) ) ;
#3697 = CARTESIAN_POINT ( 'NONE',  ( 17.40476190476190510, -4.172000000000000597, 5.616230220889765396E-16 ) ) ;
#3698 = EDGE_CURVE ( 'NONE', #1765, #2021, #3278, .T. ) ;
#3699 = CARTESIAN_POINT ( 'NONE',  ( 19.43691469878049816, 2.235490958484726972E-15, 0.0000000000000000000 ) ) ;
#3700 = DIRECTION ( 'NONE',  ( 0.0000000000000000000, -1.000000000000000000, 0.0000000000000000000 ) ) ;
#3701 = VERTEX_POINT ( 'NONE', #3294 ) ;
#3702 = ORIENTED_EDGE ( 'NONE', *, *, #2684, .F. ) ;
#3703 = PRODUCT_DEFINITION ( 'UNKNOWN', '', #3404, #3805 ) ;
#3704 = DIRECTION ( 'NONE',  ( -1.000000000000000000, -0.0000000000000000000, -0.0000000000000000000 ) ) ;
#3705 = DIRECTION ( 'NONE',  ( 0.0000000000000000000, 1.000000000000000000, -1.295896757998780980E-15 ) ) ;
#3706 = ORIENTED_EDGE ( 'NONE', *, *, #4684, .F. ) ;
#3707 = VECTOR ( 'NONE', #1078, 1000.000000000000000 ) ;
#3708 = DIRECTION ( 'NONE',  ( 0.0000000000000000000, -1.000000000000000000, 0.0000000000000000000 ) ) ;
#3709 = EDGE_CURVE ( 'NONE', #1163, #1765, #305, .T. ) ;
#3710 = CARTESIAN_POINT ( 'NONE',  ( 5.000000000000000000, 2.342598717236908712, 4.057499999999997442 ) ) ;
#3711 = CARTESIAN_POINT ( 'NONE',  ( 17.98453374639954561, 2.235490958484726972E-15, 0.0000000000000000000 ) ) ;
#3712 = EDGE_CURVE ( 'NONE', #2591, #1163, #1805, .T. ) ;
#3713 = ORIENTED_EDGE ( 'NONE', *, *, #4327, .T. ) ;
#3714 = ORIENTED_EDGE ( 'NONE', *, *, #576, .F. ) ;
#3715 = EDGE_LOOP ( 'NONE', ( #4727, #3386, #279, #3466, #1533 ) ) ;
#3716 = DIRECTION ( 'NONE',  ( -0.5735764363510515995, 0.8191520442889879128, 1.003171929053520063E-16 ) ) ;
#3717 = EDGE_CURVE ( 'NONE', #2591, #1325, #795, .T. ) ;
#3718 = ORIENTED_EDGE ( 'NONE', *, *, #2568, .T. ) ;
#3719 = EDGE_CURVE ( 'NONE', #96, #2591, #2031, .T. ) ;
#3720 = ORIENTED_EDGE ( 'NONE', *, *, #3919, .T. ) ;
#3721 = DIRECTION ( 'NONE',  ( 0.0000000000000000000, -1.000000000000000000, 0.0000000000000000000 ) ) ;
#3722 = CARTESIAN_POINT ( 'NONE',  ( 32.50834327020907466, 2.235490958484726972E-15, 0.0000000000000000000 ) ) ;
#3723 = CARTESIAN_POINT ( 'NONE',  ( 26.11904761904761685, 4.172000000000004150, 5.109226446042759579E-16 ) ) ;
#3724 = LINE ( 'NONE', #4473, #3906 ) ;
#3725 = VECTOR ( 'NONE', #3241, 1000.000000000000000 ) ;
#3726 = CARTESIAN_POINT ( 'NONE',  ( 30.47619047619047450, 2.164491730381051252E-15, 0.0000000000000000000 ) ) ;
#3727 = ORIENTED_EDGE ( 'NONE', *, *, #1397, .T. ) ;
#3728 = LINE ( 'NONE', #1321, #2421 ) ;
#3729 = EDGE_LOOP ( 'NONE', ( #4371, #4669, #4370, #4167, #3922 ) ) ;
#3730 = DIRECTION ( 'NONE',  ( 0.0000000000000000000, -1.000000000000000000, 0.0000000000000000000 ) ) ;
#3731 = CIRCLE ( 'NONE', #3591, 5.000000000000002665 ) ;
#3732 = DIRECTION ( 'NONE',  ( -1.000000000000000000, -1.224606353822377258E-16, -0.0000000000000000000 ) ) ;
#3733 = CARTESIAN_POINT ( 'NONE',  ( 15.37260911074330494, 2.093492502277374743E-15, 0.0000000000000000000 ) ) ;
#3734 = EDGE_CURVE ( 'NONE', #3890, #96, #3772, .T. ) ;
#3735 = ORIENTED_EDGE ( 'NONE', *, *, #3698, .T. ) ;
#3736 = ORIENTED_EDGE ( 'NONE', *, *, #4153, .F. ) ;
#3737 = VECTOR ( 'NONE', #2562, 1000.000000000000000 ) ;
#3738 = DIRECTION ( 'NONE',  ( -1.000000000000000000, 0.0000000000000000000, -0.0000000000000000000 ) ) ;
#3739 = CARTESIAN_POINT ( 'NONE',  ( 31.34879958693378299, 6.123233995736608510E-16, -5.000000000000002665 ) ) ;
#3740 = CIRCLE ( 'NONE', #626, 5.000000000000002665 ) ;
#3741 = EDGE_CURVE ( 'NONE', #3844, #1715, #3874, .T. ) ;
#3742 = EDGE_CURVE ( 'NONE', #1715, #96, #4182, .T. ) ;
#3743 = ORIENTED_EDGE ( 'NONE', *, *, #2758, .T. ) ;
#3744 = LINE ( 'NONE', #2244, #3680 ) ;
#3745 = VERTEX_POINT ( 'NONE', #3154 ) ;
#3746 = ORIENTED_EDGE ( 'NONE', *, *, #3734, .T. ) ;
#3747 = EDGE_CURVE ( 'NONE', #96, #1163, #4287, .T. ) ;
#3748 = CARTESIAN_POINT ( 'NONE',  ( 35.41310517497097266, 6.123233995736582872E-16, -5.000000000000004441 ) ) ;
#3749 = CARTESIAN_POINT ( 'NONE',  ( 21.76190476190476275, 4.172000000000004150, 0.0000000000000000000 ) ) ;
#3750 = CYLINDRICAL_SURFACE ( 'NONE', #2712, 4.999999999999961808 ) ;
#3751 = VERTEX_POINT ( 'NONE', #3102 ) ;
#3752 = CARTESIAN_POINT ( 'NONE',  ( 37.73809523809524080, 2.164491730381051252E-15, 0.0000000000000000000 ) ) ;
#3753 = ORIENTED_EDGE ( 'NONE', *, *, #3691, .T. ) ;
#3754 = ADVANCED_FACE ( 'NONE', ( #3968 ), #1481, .T. ) ;
#3755 = ORIENTED_EDGE ( 'NONE', *, *, #3062, .F. ) ;
#3756 = CARTESIAN_POINT ( 'NONE',  ( 19.43691469878049816, 2.235490958484726972E-15, 0.0000000000000000000 ) ) ;
#3757 = EDGE_CURVE ( 'NONE', #4463, #4247, #4542, .T. ) ;
#3758 = ORIENTED_EDGE ( 'NONE', *, *, #3685, .T. ) ;
#3759 = CIRCLE ( 'NONE', #3597, 5.000000000000002665 ) ;
#3760 = PLANE ( 'NONE',  #179 ) ;
#3761 = VERTEX_POINT ( 'NONE', #3140 ) ;
#3762 = CONICAL_SURFACE ( 'NONE', #1959, 5.000000000000003553, 0.9599310885968808105 ) ;
#3763 = EDGE_CURVE ( 'NONE', #301, #4556, #4649, .T. ) ;
#3764 = DIRECTION ( 'NONE',  ( 0.0000000000000000000, 1.000000000000000000, 0.0000000000000000000 ) ) ;
#3765 = CARTESIAN_POINT ( 'NONE',  ( 36.86548612735192876, -1.887411345499491136E-29, 5.000000000000004441 ) ) ;
#3766 = EDGE_CURVE ( 'NONE', #738, #775, #1054, .T. ) ;
#3767 = EDGE_LOOP ( 'NONE', ( #2642, #2630, #2596, #2571, #2552, #2531 ) ) ;
#3768 = DIRECTION ( 'NONE',  ( 1.000000000000000000, 1.224606353822377258E-16, 0.0000000000000000000 ) ) ;
#3769 = ORIENTED_EDGE ( 'NONE', *, *, #4775, .F. ) ;
#3770 = CARTESIAN_POINT ( 'NONE',  ( 5.000000000000000000, -2.342598717236908268, 4.057500000000003659 ) ) ;
#3771 = EDGE_CURVE ( 'NONE', #678, #2928, #2372, .T. ) ;
#3772 = LINE ( 'NONE', #3192, #3166 ) ;
#3773 = CIRCLE ( 'NONE', #288, 4.171999999999999709 ) ;
#3774 = ORIENTED_EDGE ( 'NONE', *, *, #2557, .F. ) ;
#3775 = EDGE_CURVE ( 'NONE', #3991, #559, #932, .T. ) ;
#3776 = AXIS2_PLACEMENT_3D ( 'NONE', #3519, #3503, #3498 ) ;
#3777 = LINE ( 'NONE', #1963, #1690 ) ;
#3778 = DIRECTION ( 'NONE',  ( 0.0000000000000000000, -1.000000000000000000, 0.0000000000000000000 ) ) ;
#3779 = DIRECTION ( 'NONE',  ( 1.000000000000000000, 1.224606353822377258E-16, 0.0000000000000000000 ) ) ;
#3780 = EDGE_LOOP ( 'NONE', ( #941, #364, #2637, #1031, #443 ) ) ;
#3781 = VERTEX_POINT ( 'NONE', #2920 ) ;
#3782 = CONICAL_SURFACE ( 'NONE', #98, 5.000000000000003553, 0.9599310885968808105 ) ;
#3783 = DIRECTION ( 'NONE',  ( -1.000000000000000000, -1.224606353822377258E-16, -0.0000000000000000000 ) ) ;
#3784 = VERTEX_POINT ( 'NONE', #2875 ) ;
#3785 = DIRECTION ( 'NONE',  ( 0.0000000000000000000, 1.000000000000000000, 0.0000000000000000000 ) ) ;
#3786 = CARTESIAN_POINT ( 'NONE',  ( 26.99165672979092534, 2.093492502277374743E-15, 0.0000000000000000000 ) ) ;
#3787 = LINE ( 'NONE', #2295, #4308 ) ;
#3788 = LINE ( 'NONE', #3530, #4131 ) ;
#3789 = ORIENTED_EDGE ( 'NONE', *, *, #2609, .T. ) ;
#3790 = VECTOR ( 'NONE', #4224, 1000.000000000000000 ) ;
#3791 = DIRECTION ( 'NONE',  ( -0.5735764363510515995, 0.8191520442889879128, 1.003171929053520063E-16 ) ) ;
#3792 = EDGE_CURVE ( 'NONE', #463, #4395, #2473, .T. ) ;
#3793 = VERTEX_POINT ( 'NONE', #2865 ) ;
#3794 = CIRCLE ( 'NONE', #1124, 5.000000000000003553 ) ;
#3795 = EDGE_LOOP ( 'NONE', ( #2290, #995, #1610, #1941, #2039 ) ) ;
#3796 = ORIENTED_EDGE ( 'NONE', *, *, #3747, .T. ) ;
#3797 = CIRCLE ( 'NONE', #3182, 5.000000000000003553 ) ;
#3798 = PLANE ( 'NONE',  #1694 ) ;
#3799 = DIRECTION ( 'NONE',  ( -1.000000000000000000, -1.224606353822377258E-16, -0.0000000000000000000 ) ) ;
#3800 = CARTESIAN_POINT ( 'NONE',  ( 29.60358136544716601, 2.235490958484726972E-15, 0.0000000000000000000 ) ) ;
#3801 = DIRECTION ( 'NONE',  ( -1.000000000000000000, -0.0000000000000000000, -0.0000000000000000000 ) ) ;
#3802 = CARTESIAN_POINT ( 'NONE',  ( 31.92857142857143060, 2.164491730381051252E-15, 0.0000000000000000000 ) ) ;
#3803 = CARTESIAN_POINT ( 'NONE',  ( -31.74999999999995737, 6.123233995736719937E-16, -4.999999999999961808 ) ) ;
#3804 = ORIENTED_EDGE ( 'NONE', *, *, #3681, .F. ) ;
#3805 = PRODUCT_DEFINITION_CONTEXT ( 'detailed design', #555, 'design' ) ;
#3806 = CARTESIAN_POINT ( 'NONE',  ( 40.06308530121949474, 5.000000000000005329, 6.123233995736770227E-16 ) ) ;
#3807 = DIRECTION ( 'NONE',  ( 0.0000000000000000000, -1.000000000000000000, 0.0000000000000000000 ) ) ;
#3808 = CARTESIAN_POINT ( 'NONE',  ( -31.74999999999995737, 0.0000000000000000000, 4.999999999999961808 ) ) ;
#3809 = ADVANCED_FACE ( 'NONE', ( #446 ), #3005, .T. ) ;
#3810 = DIRECTION ( 'NONE',  ( -1.000000000000000000, -1.224606353822377258E-16, -0.0000000000000000000 ) ) ;
#3811 = CARTESIAN_POINT ( 'NONE',  ( 10.00000000000000178, 0.0000000000000000000, 8.000000000000000000 ) ) ;
#3812 = DIRECTION ( 'NONE',  ( -1.000000000000000000, -1.224606353822377258E-16, -0.0000000000000000000 ) ) ;
#3813 = CONICAL_SURFACE ( 'NONE', #1919, 5.000000000000003553, 0.9599310885968808105 ) ;
#3814 = CARTESIAN_POINT ( 'NONE',  ( 24.08689482502902024, 2.093492502277374743E-15, 0.0000000000000000000 ) ) ;
#3815 = CARTESIAN_POINT ( 'NONE',  ( 27.57142857142857295, 2.164491730381051252E-15, 0.0000000000000000000 ) ) ;
#3816 = DIRECTION ( 'NONE',  ( 0.0000000000000000000, 1.000000000000000000, 0.0000000000000000000 ) ) ;
#3817 = ORIENTED_EDGE ( 'NONE', *, *, #2408, .F. ) ;
#3818 = ORIENTED_EDGE ( 'NONE', *, *, #4799, .T. ) ;
#3819 = CARTESIAN_POINT ( 'NONE',  ( 0.0000000000000000000, 0.0000000000000000000, 0.0000000000000000000 ) ) ;
#3820 = CARTESIAN_POINT ( 'NONE',  ( 26.69881946068526091, -1.887411345499491136E-29, 5.000000000000004441 ) ) ;
#3821 = ORIENTED_EDGE ( 'NONE', *, *, #2801, .T. ) ;
#3822 = DIRECTION ( 'NONE',  ( 0.0000000000000000000, 0.0000000000000000000, 1.000000000000000000 ) ) ;
#3823 = VECTOR ( 'NONE', #579, 1000.000000000000000 ) ;
#3824 = DIRECTION ( 'NONE',  ( -1.000000000000000000, -0.0000000000000000000, -0.0000000000000000000 ) ) ;
#3825 = CONICAL_SURFACE ( 'NONE', #952, 4.172000000000002373, 0.9599310885968747042 ) ;
#3826 = AXIS2_PLACEMENT_3D ( 'NONE', #2360, #2355, #2351 ) ;
#3827 = VECTOR ( 'NONE', #2959, 1000.000000000000000 ) ;
#3828 = EDGE_CURVE ( 'NONE', #4548, #4712, #4723, .T. ) ;
#3829 = CARTESIAN_POINT ( 'NONE',  ( 42.67500993687573896, 2.235490958484726972E-15, 0.0000000000000000000 ) ) ;
#3830 = CARTESIAN_POINT ( 'NONE',  ( 38.61070434883854574, -5.000000000000000000, 0.0000000000000000000 ) ) ;
#3831 = CIRCLE ( 'NONE', #4016, 4.172000000000002373 ) ;
#3832 = LINE ( 'NONE', #3543, #4201 ) ;
#3833 = LINE ( 'NONE', #3477, #1408 ) ;
#3834 = EDGE_CURVE ( 'NONE', #4, #2236, #1740, .T. ) ;
#3835 = DIRECTION ( 'NONE',  ( 0.0000000000000000000, -1.000000000000000000, 0.0000000000000000000 ) ) ;
#3836 = DIRECTION ( 'NONE',  ( -1.000000000000000000, -0.0000000000000000000, -0.0000000000000000000 ) ) ;
#3837 = CIRCLE ( 'NONE', #4452, 5.000000000000003553 ) ;
#3838 = FACE_OUTER_BOUND ( 'NONE', #4410, .T. ) ;
#3839 = VECTOR ( 'NONE', #2002, 1000.000000000000114 ) ;
#3840 = CARTESIAN_POINT ( 'NONE',  ( 36.86548612735192876, 6.123233995736582872E-16, -5.000000000000004441 ) ) ;
#3841 = DIRECTION ( 'NONE',  ( -0.5735764363510515995, 0.8191520442889879128, 1.003171929053520063E-16 ) ) ;
#3842 = DIRECTION ( 'NONE',  ( 0.0000000000000000000, 0.0000000000000000000, 1.000000000000000000 ) ) ;
#3843 = CARTESIAN_POINT ( 'NONE',  ( 16.53215279401859661, 5.000000000000005329, 0.0000000000000000000 ) ) ;
#3844 = VERTEX_POINT ( 'NONE', #2829 ) ;
#3845 = CARTESIAN_POINT ( 'NONE',  ( -31.74999999999995737, 6.123233995736719937E-16, -4.999999999999961808 ) ) ;
#3846 = DIRECTION ( 'NONE',  ( 0.0000000000000000000, -1.000000000000000000, 0.0000000000000000000 ) ) ;
#3847 = EDGE_LOOP ( 'NONE', ( #477, #1145, #191, #1306, #1433, #878 ) ) ;
#3848 = EDGE_CURVE ( 'NONE', #2940, #2286, #4231, .T. ) ;
#3849 = EDGE_CURVE ( 'NONE', #773, #2182, #2138, .T. ) ;
#3850 = ADVANCED_FACE ( 'NONE', ( #3328 ), #1324, .T. ) ;
#3851 = VERTEX_POINT ( 'NONE', #2636 ) ;
#3852 = DIRECTION ( 'NONE',  ( -1.000000000000000000, -1.224606353822377258E-16, -0.0000000000000000000 ) ) ;
#3853 = VERTEX_POINT ( 'NONE', #2629 ) ;
#3854 = DIRECTION ( 'NONE',  ( 0.0000000000000000000, -1.000000000000000000, 0.0000000000000000000 ) ) ;
#3855 = CARTESIAN_POINT ( 'NONE',  ( 43.54761904761905100, 2.164491730381051252E-15, 0.0000000000000000000 ) ) ;
#3856 = CIRCLE ( 'NONE', #3302, 5.000000000000002665 ) ;
#3857 = ORIENTED_EDGE ( 'NONE', *, *, #2997, .T. ) ;
#3858 = CARTESIAN_POINT ( 'NONE',  ( 25.24643850830431191, 5.000000000000006217, 0.0000000000000000000 ) ) ;
#3859 = EDGE_CURVE ( 'NONE', #1247, #3751, #3054, .T. ) ;
#3860 = CARTESIAN_POINT ( 'NONE',  ( 33.96072422259002366, 2.235490958484726972E-15, 0.0000000000000000000 ) ) ;
#3861 = ADVANCED_FACE ( 'NONE', ( #2416 ), #1615, .T. ) ;
#3862 = EDGE_CURVE ( 'NONE', #727, #885, #3272, .T. ) ;
#3863 = EDGE_CURVE ( 'NONE', #414, #3851, #4589, .T. ) ;
#3864 = DIRECTION ( 'NONE',  ( 0.0000000000000000000, -1.000000000000000000, 0.0000000000000000000 ) ) ;
#3865 = CARTESIAN_POINT ( 'NONE',  ( -31.74999999999995737, 0.0000000000000000000, 0.0000000000000000000 ) ) ;
#3866 = ORIENTED_EDGE ( 'NONE', *, *, #1375, .F. ) ;
#3867 = DIRECTION ( 'NONE',  ( -1.000000000000000000, -1.224606353822377258E-16, -0.0000000000000000000 ) ) ;
#3868 = CONICAL_SURFACE ( 'NONE', #1969, 5.000000000000003553, 0.9599310885968808105 ) ;
#3869 = EDGE_CURVE ( 'NONE', #4332, #3013, #2613, .T. ) ;
#3870 = CARTESIAN_POINT ( 'NONE',  ( 41.22262898449478286, 2.235490958484726972E-15, 0.0000000000000000000 ) ) ;
#3871 = EDGE_CURVE ( 'NONE', #4523, #1121, #2132, .T. ) ;
#3872 = CARTESIAN_POINT ( 'NONE',  ( 15.37260911074330494, 5.000000000000005329, 6.123233995736770227E-16 ) ) ;
#3873 = ORIENTED_EDGE ( 'NONE', *, *, #3910, .T. ) ;
#3874 = CIRCLE ( 'NONE', #4572, 4.057500000000000107 ) ;
#3875 = FACE_OUTER_BOUND ( 'NONE', #4526, .T. ) ;
#3876 = CIRCLE ( 'NONE', #227, 5.000000000000003553 ) ;
#3877 = VECTOR ( 'NONE', #357, 1000.000000000000000 ) ;
#3878 = CARTESIAN_POINT ( 'NONE',  ( 28.15120041306621346, -5.000000000000000888, 6.123233995736771213E-16 ) ) ;
#3879 = CIRCLE ( 'NONE', #1780, 5.000000000000003553 ) ;
#3880 = AXIS2_PLACEMENT_3D ( 'NONE', #3392, #3353, #3352 ) ;
#3881 = LINE ( 'NONE', #154, #1984 ) ;
#3882 = DIRECTION ( 'NONE',  ( 0.0000000000000000000, 0.0000000000000000000, 1.000000000000000000 ) ) ;
#3883 = ORIENTED_EDGE ( 'NONE', *, *, #3002, .F. ) ;
#3884 = DIRECTION ( 'NONE',  ( -1.000000000000000000, -0.0000000000000000000, -0.0000000000000000000 ) ) ;
#3885 = ORIENTED_EDGE ( 'NONE', *, *, #2877, .T. ) ;
#3886 = CONICAL_SURFACE ( 'NONE', #646, 4.172000000000002373, 0.9599310885968747042 ) ;
#3887 = EDGE_CURVE ( 'NONE', #1696, #1127, #4441, .T. ) ;
#3888 = CARTESIAN_POINT ( 'NONE',  ( 25.24643850830431191, 6.123233995736582872E-16, -5.000000000000004441 ) ) ;
#3889 = CARTESIAN_POINT ( 'NONE',  ( 44.17199999999996152, 0.0000000000000000000, 0.0000000000000000000 ) ) ;
#3890 = VERTEX_POINT ( 'NONE', #2454 ) ;
#3891 = AXIS2_PLACEMENT_3D ( 'NONE', #1586, #1169, #1550 ) ;
#3892 = DIRECTION ( 'NONE',  ( 0.0000000000000000000, 0.0000000000000000000, 1.000000000000000000 ) ) ;
#3893 = EDGE_CURVE ( 'NONE', #2575, #1028, #1254, .T. ) ;
#3894 = CONICAL_SURFACE ( 'NONE', #638, 4.172000000000002373, 0.9599310885968747042 ) ;
#3895 = CARTESIAN_POINT ( 'NONE',  ( 21.18213292026711514, 6.123233995736598649E-16, -5.000000000000002665 ) ) ;
#3896 = CARTESIAN_POINT ( 'NONE',  ( 39.77024803211383386, 6.123233995736582872E-16, -5.000000000000004441 ) ) ;
#3897 = EDGE_CURVE ( 'NONE', #2159, #557, #1855, .T. ) ;
#3898 = EDGE_CURVE ( 'NONE', #2641, #483, #3608, .T. ) ;
#3899 = CARTESIAN_POINT ( 'NONE',  ( 22.34167660354240326, -1.887411345499491136E-29, 5.000000000000004441 ) ) ;
#3900 = FACE_OUTER_BOUND ( 'NONE', #2386, .T. ) ;
#3901 = EDGE_LOOP ( 'NONE', ( #415, #146, #826, #3072, #1548 ) ) ;
#3902 = LINE ( 'NONE', #1395, #356 ) ;
#3903 = DIRECTION ( 'NONE',  ( 0.0000000000000000000, -1.000000000000000000, 0.0000000000000000000 ) ) ;
#3904 = DIRECTION ( 'NONE',  ( 0.0000000000000000000, -1.000000000000000000, 0.0000000000000000000 ) ) ;
#3905 = DIRECTION ( 'NONE',  ( 0.0000000000000000000, -1.000000000000000000, 0.0000000000000000000 ) ) ;
#3906 = VECTOR ( 'NONE', #2714, 1000.000000000000000 ) ;
#3907 = EDGE_CURVE ( 'NONE', #4569, #3425, #799, .T. ) ;
#3908 = ORIENTED_EDGE ( 'NONE', *, *, #3681, .T. ) ;
#3909 = VERTEX_POINT ( 'NONE', #2382 ) ;
#3910 = EDGE_CURVE ( 'NONE', #82, #1720, #4492, .T. ) ;
#3911 = ADVANCED_FACE ( 'NONE', ( #3670 ), #3269, .T. ) ;
#3912 = ORIENTED_EDGE ( 'NONE', *, *, #4178, .F. ) ;
#3913 = VECTOR ( 'NONE', #2393, 1000.000000000000000 ) ;
#3914 = DIRECTION ( 'NONE',  ( -1.000000000000000000, -0.0000000000000000000, -0.0000000000000000000 ) ) ;
#3915 = DIRECTION ( 'NONE',  ( -0.5735764363510513775, -0.8191520442889881348, 0.0000000000000000000 ) ) ;
#3916 = CARTESIAN_POINT ( 'NONE',  ( 15.07977184163764228, 6.123233995736582872E-16, -5.000000000000004441 ) ) ;
#3917 = EDGE_LOOP ( 'NONE', ( #482, #719, #993, #324, #976 ) ) ;
#3918 = DIRECTION ( 'NONE',  ( 0.5735764363510462704, 0.8191520442889915765, 0.0000000000000000000 ) ) ;
#3919 = EDGE_CURVE ( 'NONE', #1721, #2904, #1064, .T. ) ;
#3920 = CONICAL_SURFACE ( 'NONE', #953, 5.000000000000003553, 0.9599310885968808105 ) ;
#3921 = DIRECTION ( 'NONE',  ( 0.0000000000000000000, -1.000000000000000000, 0.0000000000000000000 ) ) ;
#3922 = ORIENTED_EDGE ( 'NONE', *, *, #3647, .T. ) ;
#3923 = ORIENTED_EDGE ( 'NONE', *, *, #4223, .F. ) ;
#3924 = CARTESIAN_POINT ( 'NONE',  ( 24.08689482502902024, -1.733336949948512268E-29, 5.000000000000002665 ) ) ;
#3925 = EDGE_CURVE ( 'NONE', #3425, #2904, #1263, .T. ) ;
#3926 = VECTOR ( 'NONE', #1004, 1000.000000000000114 ) ;
#3927 = LINE ( 'NONE', #2228, #3839 ) ;
#3928 = DIRECTION ( 'NONE',  ( -1.000000000000000000, -0.0000000000000000000, -0.0000000000000000000 ) ) ;
#3929 = DIRECTION ( 'NONE',  ( -1.000000000000000000, -0.0000000000000000000, -0.0000000000000000000 ) ) ;
#3930 = LINE ( 'NONE', #4121, #3447 ) ;
#3931 = AXIS2_PLACEMENT_3D ( 'NONE', #921, #915, #905 ) ;
#3932 = CONICAL_SURFACE ( 'NONE', #754, 4.172000000000002373, 0.9599310885968747042 ) ;
#3933 = DIRECTION ( 'NONE',  ( 0.5735764363510466035, -0.8191520442889914655, 1.003171929053524500E-16 ) ) ;
#3934 = CARTESIAN_POINT ( 'NONE',  ( 25.24643850830431191, -5.000000000000000888, 6.123233995736771213E-16 ) ) ;
#3935 = CARTESIAN_POINT ( 'NONE',  ( 29.89641863455282689, 5.000000000000005329, 6.123233995736770227E-16 ) ) ;
#3936 = ORIENTED_EDGE ( 'NONE', *, *, #1621, .F. ) ;
#3937 = CIRCLE ( 'NONE', #2224, 5.000000000000003553 ) ;
#3938 = EDGE_CURVE ( 'NONE', #2664, #800, #4586, .T. ) ;
#3939 = ORIENTED_EDGE ( 'NONE', *, *, #4775, .T. ) ;
#3940 = DIRECTION ( 'NONE',  ( -1.000000000000000000, -1.224606353822377258E-16, -0.0000000000000000000 ) ) ;
#3941 = ORIENTED_EDGE ( 'NONE', *, *, #3564, .T. ) ;
#3942 = CIRCLE ( 'NONE', #1888, 4.172000000000002373 ) ;
#3943 = ADVANCED_FACE ( 'NONE', ( #3011 ), #2515, .T. ) ;
#3944 = CARTESIAN_POINT ( 'NONE',  ( -31.74999999999995737, 0.0000000000000000000, 0.0000000000000000000 ) ) ;
#3945 = DIRECTION ( 'NONE',  ( 0.0000000000000000000, -1.000000000000000000, 0.0000000000000000000 ) ) ;
#3946 = ORIENTED_EDGE ( 'NONE', *, *, #3545, .T. ) ;
#3947 = CARTESIAN_POINT ( 'NONE',  ( 41.51546625360044374, -5.000000000000000000, 0.0000000000000000000 ) ) ;
#3948 = CARTESIAN_POINT ( 'NONE',  ( 35.70594244407664064, -1.733336949948512268E-29, 5.000000000000002665 ) ) ;
#3949 = DIRECTION ( 'NONE',  ( -1.000000000000000000, -1.224606353822377258E-16, -0.0000000000000000000 ) ) ;
#3950 = ORIENTED_EDGE ( 'NONE', *, *, #1604, .T. ) ;
#3951 = EDGE_CURVE ( 'NONE', #787, #532, #3376, .T. ) ;
#3952 = ORIENTED_EDGE ( 'NONE', *, *, #891, .F. ) ;
#3953 = AXIS2_PLACEMENT_3D ( 'NONE', #426, #420, #419 ) ;
#3954 = AXIS2_PLACEMENT_3D ( 'NONE', #3683, #3674, #3672 ) ;
#3955 = DIRECTION ( 'NONE',  ( 0.0000000000000000000, 0.0000000000000000000, 1.000000000000000000 ) ) ;
#3956 = DIRECTION ( 'NONE',  ( -1.000000000000000000, -1.224606353822377258E-16, -0.0000000000000000000 ) ) ;
#3957 = CARTESIAN_POINT ( 'NONE',  ( 42.67500993687573896, 5.000000000000005329, 0.0000000000000000000 ) ) ;
#3958 = VECTOR ( 'NONE', #4671, 1000.000000000000000 ) ;
#3959 = DIRECTION ( 'NONE',  ( -1.000000000000000000, -1.224606353822377258E-16, -0.0000000000000000000 ) ) ;
#3960 = DIRECTION ( 'NONE',  ( 0.0000000000000000000, 0.0000000000000000000, 1.000000000000000000 ) ) ;
#3961 = EDGE_CURVE ( 'NONE', #895, #4569, #1057, .T. ) ;
#3962 = EDGE_CURVE ( 'NONE', #1721, #1256, #3831, .T. ) ;
#3963 = ORIENTED_EDGE ( 'NONE', *, *, #3828, .F. ) ;
#3964 = ADVANCED_FACE ( 'NONE', ( #3438 ), #4781, .T. ) ;
#3965 = CARTESIAN_POINT ( 'NONE',  ( 43.54761904761905100, -4.172000000000000597, 0.0000000000000000000 ) ) ;
#3966 = FACE_OUTER_BOUND ( 'NONE', #4503, .T. ) ;
#3967 = EDGE_CURVE ( 'NONE', #2928, #4538, #3879, .T. ) ;
#3968 = FACE_OUTER_BOUND ( 'NONE', #3092, .T. ) ;
#3969 = CIRCLE ( 'NONE', #395, 5.000000000000002665 ) ;
#3970 = ORIENTED_EDGE ( 'NONE', *, *, #1153, .T. ) ;
#3971 = VECTOR ( 'NONE', #3534, 1000.000000000000000 ) ;
#3972 = CARTESIAN_POINT ( 'NONE',  ( 45.00000000000000000, 0.0000000000000000000, 0.0000000000000000000 ) ) ;
#3973 = DIRECTION ( 'NONE',  ( 0.0000000000000000000, -1.000000000000000000, 0.0000000000000000000 ) ) ;
#3974 = LINE ( 'NONE', #448, #3877 ) ;
#3975 = ORIENTED_EDGE ( 'NONE', *, *, #3828, .T. ) ;
#3976 = DIRECTION ( 'NONE',  ( -1.000000000000000000, -1.224606353822377258E-16, -0.0000000000000000000 ) ) ;
#3977 = EDGE_CURVE ( 'NONE', #1111, #595, #1238, .T. ) ;
#3978 = DIRECTION ( 'NONE',  ( -1.000000000000000000, -1.224606353822377258E-16, -0.0000000000000000000 ) ) ;
#3979 = CYLINDRICAL_SURFACE ( 'NONE', #1297, 4.999999999999961808 ) ;
#3980 = ADVANCED_FACE ( 'NONE', ( #942 ), #2524, .T. ) ;
#3981 = FACE_OUTER_BOUND ( 'NONE', #1619, .T. ) ;
#3982 = CARTESIAN_POINT ( 'NONE',  ( 32.50834327020907466, 2.235490958484726972E-15, 0.0000000000000000000 ) ) ;
#3983 = CARTESIAN_POINT ( 'NONE',  ( 24.08689482502902024, 2.093492502277374743E-15, 0.0000000000000000000 ) ) ;
#3984 = ADVANCED_FACE ( 'NONE', ( #2702 ), #1474, .T. ) ;
#3985 = CARTESIAN_POINT ( 'NONE',  ( 33.96072422259002366, 2.235490958484726972E-15, 0.0000000000000000000 ) ) ;
#3986 = LINE ( 'NONE', #2325, #4233 ) ;
#3987 = DIRECTION ( 'NONE',  ( -0.5735764363510515995, 0.8191520442889879128, 1.003171929053520063E-16 ) ) ;
#3988 = AXIS2_PLACEMENT_3D ( 'NONE', #1442, #1461, #1312 ) ;
#3989 = EDGE_CURVE ( 'NONE', #913, #2164, #3156, .T. ) ;
#3990 = CARTESIAN_POINT ( 'NONE',  ( 15.95238095238095433, 2.164491730381051252E-15, 0.0000000000000000000 ) ) ;
#3991 = VERTEX_POINT ( 'NONE', #1966 ) ;
#3992 = EDGE_LOOP ( 'NONE', ( #650, #2509, #1387, #536, #3629 ) ) ;
#3993 = DIRECTION ( 'NONE',  ( -1.000000000000000000, -1.224606353822377258E-16, -0.0000000000000000000 ) ) ;
#3994 = DIRECTION ( 'NONE',  ( -0.5735764363510513775, -0.8191520442889881348, 0.0000000000000000000 ) ) ;
#3995 = DIRECTION ( 'NONE',  ( -1.000000000000000000, -1.224606353822377258E-16, -0.0000000000000000000 ) ) ;
#3996 = EDGE_CURVE ( 'NONE', #2641, #2395, #2995, .T. ) ;
#3997 = EDGE_LOOP ( 'NONE', ( #4682, #4726, #3718, #4773, #1472 ) ) ;
#3998 = VECTOR ( 'NONE', #4583, 1000.000000000000114 ) ;
#3999 = CARTESIAN_POINT ( 'NONE',  ( 24.66666666666667140, -4.172000000000000597, 0.0000000000000000000 ) ) ;
#4000 = DIRECTION ( 'NONE',  ( -1.000000000000000000, -1.224606353822377258E-16, -0.0000000000000000000 ) ) ;
#4001 = DIRECTION ( 'NONE',  ( 0.0000000000000000000, -1.000000000000000000, 0.0000000000000000000 ) ) ;
#4002 = DIRECTION ( 'NONE',  ( 0.0000000000000000000, -1.000000000000000000, 0.0000000000000000000 ) ) ;
#4003 = EDGE_CURVE ( 'NONE', #2832, #4670, #999, .T. ) ;
#4004 = EDGE_CURVE ( 'NONE', #3751, #927, #600, .T. ) ;
#4005 = DIRECTION ( 'NONE',  ( -1.000000000000000000, -1.224606353822377258E-16, -0.0000000000000000000 ) ) ;
#4006 = ORIENTED_EDGE ( 'NONE', *, *, #1172, .F. ) ;
#4007 = ORIENTED_EDGE ( 'NONE', *, *, #3394, .T. ) ;
#4008 = ORIENTED_EDGE ( 'NONE', *, *, #724, .T. ) ;
#4009 = ORIENTED_EDGE ( 'NONE', *, *, #3052, .F. ) ;
#4010 = EDGE_CURVE ( 'NONE', #959, #1530, #665, .T. ) ;
#4011 = CARTESIAN_POINT ( 'NONE',  ( 25.24643850830431191, 2.235490958484726972E-15, 0.0000000000000000000 ) ) ;
#4012 = CARTESIAN_POINT ( 'NONE',  ( 20.30952380952381375, 2.164491730381051252E-15, 0.0000000000000000000 ) ) ;
#4013 = EDGE_CURVE ( 'NONE', #432, #2832, #4383, .T. ) ;
#4014 = LINE ( 'NONE', #1649, #564 ) ;
#4015 = DIRECTION ( 'NONE',  ( 0.0000000000000000000, -1.000000000000000000, 0.0000000000000000000 ) ) ;
#4016 = AXIS2_PLACEMENT_3D ( 'NONE', #2099, #2096, #2082 ) ;
#4017 = AXIS2_PLACEMENT_3D ( 'NONE', #1790, #1787, #1786 ) ;
#4018 = EDGE_CURVE ( 'NONE', #1060, #1266, #3429, .T. ) ;
#4019 = CARTESIAN_POINT ( 'NONE',  ( 17.40476190476190510, 2.164491730381051252E-15, 0.0000000000000000000 ) ) ;
#4020 = CIRCLE ( 'NONE', #1743, 5.000000000000003553 ) ;
#4021 = AXIS2_PLACEMENT_3D ( 'NONE', #2728, #2500, #4384 ) ;
#4022 = EDGE_CURVE ( 'NONE', #3851, #193, #4232, .T. ) ;
#4023 = LINE ( 'NONE', #4369, #949 ) ;
#4024 = DIRECTION ( 'NONE',  ( 0.0000000000000000000, 1.000000000000000000, 0.0000000000000000000 ) ) ;
#4025 = VERTEX_POINT ( 'NONE', #1800 ) ;
#4026 = CARTESIAN_POINT ( 'NONE',  ( 34.83333333333333570, 2.164491730381051252E-15, 0.0000000000000000000 ) ) ;
#4027 = DIRECTION ( 'NONE',  ( 0.0000000000000000000, -1.000000000000000000, 0.0000000000000000000 ) ) ;
#4028 = DIRECTION ( 'NONE',  ( -1.000000000000000000, -1.224606353822377258E-16, -0.0000000000000000000 ) ) ;
#4029 = TOROIDAL_SURFACE ( 'NONE', #2217, 5.399999999999962164, 0.4000000000000000222 ) ;
#4030 = DIRECTION ( 'NONE',  ( 0.0000000000000000000, -1.000000000000000000, 0.0000000000000000000 ) ) ;
#4031 = ORIENTED_EDGE ( 'NONE', *, *, #2999, .T. ) ;
#4032 = VECTOR ( 'NONE', #842, 1000.000000000000000 ) ;
#4033 = CARTESIAN_POINT ( 'NONE',  ( 34.25356149169568454, 2.093492502277374743E-15, 0.0000000000000000000 ) ) ;
#4034 = FACE_OUTER_BOUND ( 'NONE', #4549, .T. ) ;
#4035 = VECTOR ( 'NONE', #2080, 1000.000000000000000 ) ;
#4036 = FACE_OUTER_BOUND ( 'NONE', #1144, .T. ) ;
#4037 = UNCERTAINTY_MEASURE_WITH_UNIT (LENGTH_MEASURE( 1.000000000000000082E-05 ), #2796, 'distance_accuracy_value', 'NONE');
#4038 = AXIS2_PLACEMENT_3D ( 'NONE', #1447, #1381, #1436 ) ;
#4039 = FACE_OUTER_BOUND ( 'NONE', #3035, .T. ) ;
#4040 = DIRECTION ( 'NONE',  ( 1.000000000000000000, 0.0000000000000000000, 0.0000000000000000000 ) ) ;
#4041 = DIRECTION ( 'NONE',  ( 1.000000000000000000, 1.224606353822377258E-16, 0.0000000000000000000 ) ) ;
#4042 = VERTEX_POINT ( 'NONE', #1784 ) ;
#4043 = DIRECTION ( 'NONE',  ( 1.000000000000000000, 1.224606353822377258E-16, 0.0000000000000000000 ) ) ;
#4044 = CONICAL_SURFACE ( 'NONE', #747, 5.000000000000003553, 0.9599310885968808105 ) ;
#4045 = DIRECTION ( 'NONE',  ( 0.0000000000000000000, -1.000000000000000000, 0.0000000000000000000 ) ) ;
#4046 = CARTESIAN_POINT ( 'NONE',  ( -31.74999999999995737, 0.0000000000000000000, 0.0000000000000000000 ) ) ;
#4047 = CARTESIAN_POINT ( 'NONE',  ( 42.67500993687573896, 2.235490958484726972E-15, 0.0000000000000000000 ) ) ;
#4048 = DIRECTION ( 'NONE',  ( -1.000000000000000000, -1.224606353822377258E-16, -0.0000000000000000000 ) ) ;
#4049 = VERTEX_POINT ( 'NONE', #1718 ) ;
#4050 = CIRCLE ( 'NONE', #4295, 4.999999999999922728 ) ;
#4051 = LINE ( 'NONE', #3257, #900 ) ;
#4052 = ORIENTED_EDGE ( 'NONE', *, *, #1455, .F. ) ;
#4053 = ORIENTED_EDGE ( 'NONE', *, *, #730, .T. ) ;
#4054 = EDGE_CURVE ( 'NONE', #4670, #1458, #3552, .T. ) ;
#4055 = EDGE_CURVE ( 'NONE', #1003, #2185, #3969, .T. ) ;
#4056 = ADVANCED_FACE ( 'NONE', ( #3446 ), #2017, .T. ) ;
#4057 = ORIENTED_EDGE ( 'NONE', *, *, #1175, .T. ) ;
#4058 = CARTESIAN_POINT ( 'NONE',  ( 25.53927577740996924, 6.123233995736598649E-16, -5.000000000000002665 ) ) ;
#4059 = AXIS2_PLACEMENT_3D ( 'NONE', #1362, #1357, #1348 ) ;
#4060 = DIRECTION ( 'NONE',  ( 0.0000000000000000000, -1.000000000000000000, 0.0000000000000000000 ) ) ;
#4061 = CARTESIAN_POINT ( 'NONE',  ( 15.07977184163764228, -1.887411345499491136E-29, 5.000000000000004441 ) ) ;
#4062 = DIRECTION ( 'NONE',  ( -1.000000000000000000, -1.224606353822377258E-16, -0.0000000000000000000 ) ) ;
#4063 = CARTESIAN_POINT ( 'NONE',  ( 25.53927577740996924, 2.093492502277374743E-15, 0.0000000000000000000 ) ) ;
#4064 = EDGE_LOOP ( 'NONE', ( #1162, #3720, #1369, #1213, #430 ) ) ;
#4065 = DIRECTION ( 'NONE',  ( 0.0000000000000000000, 0.0000000000000000000, 1.000000000000000000 ) ) ;
#4066 = DIRECTION ( 'NONE',  ( 0.0000000000000000000, 0.0000000000000000000, 1.000000000000000000 ) ) ;
#4067 = ORIENTED_EDGE ( 'NONE', *, *, #2450, .T. ) ;
#4068 = ADVANCED_FACE ( 'NONE', ( #520 ), #3920, .T. ) ;
#4069 = DIRECTION ( 'NONE',  ( -1.000000000000000000, -1.224606353822377258E-16, -0.0000000000000000000 ) ) ;
#4070 = FACE_OUTER_BOUND ( 'NONE', #3632, .T. ) ;
#4071 = ORIENTED_EDGE ( 'NONE', *, *, #1317, .T. ) ;
#4072 = AXIS2_PLACEMENT_3D ( 'NONE', #1367, #1538, #1366 ) ;
#4073 = VECTOR ( 'NONE', #2158, 1000.000000000000000 ) ;
#4074 = LINE ( 'NONE', #3318, #1333 ) ;
#4075 = CARTESIAN_POINT ( 'NONE',  ( 41.51546625360044374, 5.000000000000005329, 6.123233995736770227E-16 ) ) ;
#4076 = VERTEX_POINT ( 'NONE', #1551 ) ;
#4077 = LINE ( 'NONE', #649, #42 ) ;
#4078 = CARTESIAN_POINT ( 'NONE',  ( 40.64285714285713880, 2.164491730381051252E-15, 0.0000000000000000000 ) ) ;
#4079 = ORIENTED_EDGE ( 'NONE', *, *, #3766, .F. ) ;
#4080 = EDGE_CURVE ( 'NONE', #3083, #1796, #2716, .T. ) ;
#4081 = CARTESIAN_POINT ( 'NONE',  ( 26.69881946068526091, 5.000000000000005329, 0.0000000000000000000 ) ) ;
#4082 = FACE_OUTER_BOUND ( 'NONE', #2849, .T. ) ;
#4083 = FACE_OUTER_BOUND ( 'NONE', #2951, .T. ) ;
#4084 = CARTESIAN_POINT ( 'NONE',  ( 10.40000000000000036, 0.0000000000000000000, 4.999999999999961808 ) ) ;
#4085 = DIRECTION ( 'NONE',  ( 0.0000000000000000000, -1.000000000000000000, 0.0000000000000000000 ) ) ;
#4086 = CARTESIAN_POINT ( 'NONE',  ( 22.63451387264806769, -1.733336949948512268E-29, 5.000000000000002665 ) ) ;
#4087 = CIRCLE ( 'NONE', #1164, 5.000000000000003553 ) ;
#4088 = CYLINDRICAL_SURFACE ( 'NONE', #277, 4.999999999999961808 ) ;
#4089 = EDGE_CURVE ( 'NONE', #257, #1151, #3556, .T. ) ;
#4090 = AXIS2_PLACEMENT_3D ( 'NONE', #2016, #2003, #2025 ) ;
#4091 = ORIENTED_EDGE ( 'NONE', *, *, #3967, .F. ) ;
#4092 = CYLINDRICAL_SURFACE ( 'NONE', #1280, 4.999999999999961808 ) ;
#4093 = ORIENTED_EDGE ( 'NONE', *, *, #3712, .T. ) ;
#4094 = LINE ( 'NONE', #2232, #4198 ) ;
#4095 = DIRECTION ( 'NONE',  ( -1.000000000000000000, -0.0000000000000000000, -0.0000000000000000000 ) ) ;
#4096 = CARTESIAN_POINT ( 'NONE',  ( 35.41310517497097266, -1.887411345499491136E-29, 5.000000000000004441 ) ) ;
#4097 = ORIENTED_EDGE ( 'NONE', *, *, #1404, .F. ) ;
#4098 = CONICAL_SURFACE ( 'NONE', #1844, 4.172000000000002373, 0.9599310885968747042 ) ;
#4099 = AXIS2_PLACEMENT_3D ( 'NONE', #716, #2594, #592 ) ;
#4100 = CARTESIAN_POINT ( 'NONE',  ( 38.31786707973287776, -5.000000000000001776, 6.123233995736772199E-16 ) ) ;
#4101 = DIRECTION ( 'NONE',  ( 0.0000000000000000000, -1.000000000000000000, 0.0000000000000000000 ) ) ;
#4102 = DIRECTION ( 'NONE',  ( -1.000000000000000000, -1.224606353822377258E-16, -0.0000000000000000000 ) ) ;
#4103 = CARTESIAN_POINT ( 'NONE',  ( -31.74999999999995737, 0.0000000000000000000, 0.0000000000000000000 ) ) ;
#4104 = EDGE_CURVE ( 'NONE', #3013, #2424, #4020, .T. ) ;
#4105 = EDGE_CURVE ( 'NONE', #193, #595, #3431, .T. ) ;
#4106 = ORIENTED_EDGE ( 'NONE', *, *, #1337, .T. ) ;
#4107 = CIRCLE ( 'NONE', #4099, 5.000000000000003553 ) ;
#4108 = CARTESIAN_POINT ( 'NONE',  ( 37.73809523809524080, 2.164491730381051252E-15, 0.0000000000000000000 ) ) ;
#4109 = CARTESIAN_POINT ( 'NONE',  ( 25.24643850830431191, 2.235490958484726972E-15, 0.0000000000000000000 ) ) ;
#4110 = DIRECTION ( 'NONE',  ( 0.5735764363510466035, -0.8191520442889914655, 1.003171929053524500E-16 ) ) ;
#4111 = CARTESIAN_POINT ( 'NONE',  ( -31.74999999999995737, 6.123233995736719937E-16, -4.999999999999961808 ) ) ;
#4112 = VECTOR ( 'NONE', #361, 1000.000000000000000 ) ;
#4113 = AXIS2_PLACEMENT_3D ( 'NONE', #4161, #4150, #4145 ) ;
#4114 = CARTESIAN_POINT ( 'NONE',  ( 26.69881946068526091, 5.000000000000006217, 0.0000000000000000000 ) ) ;
#4115 = CARTESIAN_POINT ( 'NONE',  ( 45.00000000000000711, 4.171999999999999709, 0.0000000000000000000 ) ) ;
#4116 = DIRECTION ( 'NONE',  ( 0.5735764363510462704, 0.8191520442889915765, 0.0000000000000000000 ) ) ;
#4117 = DIRECTION ( 'NONE',  ( 0.0000000000000000000, 1.000000000000000000, 0.0000000000000000000 ) ) ;
#4118 = CARTESIAN_POINT ( 'NONE',  ( 30.47619047619047450, -4.172000000000000597, 5.616230220889765396E-16 ) ) ;
#4119 = ORIENTED_EDGE ( 'NONE', *, *, #4701, .F. ) ;
#4120 = ORIENTED_EDGE ( 'NONE', *, *, #3961, .T. ) ;
#4121 = CARTESIAN_POINT ( 'NONE',  ( 16.53215279401859661, -5.000000000000000888, 6.123233995736771213E-16 ) ) ;
#4122 = CARTESIAN_POINT ( 'NONE',  ( 31.05596231782811856, 5.000000000000006217, 0.0000000000000000000 ) ) ;
#4123 = CARTESIAN_POINT ( 'NONE',  ( 18.85714285714285765, 2.164491730381051252E-15, 0.0000000000000000000 ) ) ;
#4124 = AXIS2_PLACEMENT_3D ( 'NONE', #2125, #2084, #2870 ) ;
#4125 = AXIS2_PLACEMENT_3D ( 'NONE', #3814, #3812, #3807 ) ;
#4126 = CIRCLE ( 'NONE', #1793, 5.000000000000002665 ) ;
#4127 = CARTESIAN_POINT ( 'NONE',  ( 36.86548612735192876, 2.235490958484726972E-15, 0.0000000000000000000 ) ) ;
#4128 = DIRECTION ( 'NONE',  ( -1.000000000000000000, -0.0000000000000000000, -0.0000000000000000000 ) ) ;
#4129 = ORIENTED_EDGE ( 'NONE', *, *, #2545, .F. ) ;
#4130 = AXIS2_PLACEMENT_3D ( 'NONE', #3151, #3145, #3142 ) ;
#4131 = VECTOR ( 'NONE', #3636, 1000.000000000000000 ) ;
#4132 = DIRECTION ( 'NONE',  ( 0.0000000000000000000, 0.0000000000000000000, -1.000000000000000000 ) ) ;
#4133 = CARTESIAN_POINT ( 'NONE',  ( 5.000000000000000000, -2.342598717236908268, 4.057500000000003659 ) ) ;
#4134 = FACE_OUTER_BOUND ( 'NONE', #3364, .T. ) ;
#4135 = EDGE_LOOP ( 'NONE', ( #3115, #3212, #3370, #3187, #3163 ) ) ;
#4136 = LINE ( 'NONE', #3684, #2574 ) ;
#4137 = DIRECTION ( 'NONE',  ( 1.000000000000000000, 0.0000000000000000000, 0.0000000000000000000 ) ) ;
#4138 = CONICAL_SURFACE ( 'NONE', #2156, 4.172000000000002373, 0.9599310885968747042 ) ;
#4139 =( NAMED_UNIT ( * ) SI_UNIT ( $, .STERADIAN. ) SOLID_ANGLE_UNIT ( ) );
#4140 = VECTOR ( 'NONE', #3184, 1000.000000000000000 ) ;
#4141 = CIRCLE ( 'NONE', #731, 5.000000000000003553 ) ;
#4142 = ADVANCED_FACE ( 'NONE', ( #4296 ), #1929, .T. ) ;
#4143 = COLOUR_RGB ( '',0.7764705882352941346, 0.7568627450980391913, 0.7372549019607843590 ) ;
#4144 = PLANE ( 'NONE',  #1841 ) ;
#4145 = DIRECTION ( 'NONE',  ( 0.0000000000000000000, 0.0000000000000000000, -1.000000000000000000 ) ) ;
#4146 = EDGE_CURVE ( 'NONE', #4259, #349, #3728, .T. ) ;
#4147 = ORIENTED_EDGE ( 'NONE', *, *, #3572, .T. ) ;
#4148 = EDGE_LOOP ( 'NONE', ( #3727, #3321, #3076, #2417, #1926 ) ) ;
#4149 = CONICAL_SURFACE ( 'NONE', #254, 5.000000000000003553, 0.9599310885968808105 ) ;
#4150 = DIRECTION ( 'NONE',  ( 1.000000000000000000, 0.0000000000000000000, 0.0000000000000000000 ) ) ;
#4151 = DIRECTION ( 'NONE',  ( -1.000000000000000000, -1.224606353822377258E-16, -0.0000000000000000000 ) ) ;
#4152 = LINE ( 'NONE', #1197, #2221 ) ;
#4153 = EDGE_CURVE ( 'NONE', #1266, #2832, #809, .T. ) ;
#4154 = VERTEX_POINT ( 'NONE', #1329 ) ;
#4155 = LINE ( 'NONE', #3490, #4464 ) ;
#4156 = DIRECTION ( 'NONE',  ( 0.0000000000000000000, -1.000000000000000000, 0.0000000000000000000 ) ) ;
#4157 = DIRECTION ( 'NONE',  ( -1.000000000000000000, -1.224606353822377258E-16, -0.0000000000000000000 ) ) ;
#4158 = DIRECTION ( 'NONE',  ( -1.000000000000000000, -1.224606353822377258E-16, -0.0000000000000000000 ) ) ;
#4159 = CARTESIAN_POINT ( 'NONE',  ( 24.08689482502902024, 2.093492502277374743E-15, 0.0000000000000000000 ) ) ;
#4160 = AXIS2_PLACEMENT_3D ( 'NONE', #2067, #857, #778 ) ;
#4161 = CARTESIAN_POINT ( 'NONE',  ( 5.000000000000000000, 4.685197434473813871, -6.505213034913026604E-15 ) ) ;
#4162 = EDGE_LOOP ( 'NONE', ( #721, #4031, #4796, #4552, #931, #2905 ) ) ;
#4163 = ORIENTED_EDGE ( 'NONE', *, *, #3669, .T. ) ;
#4164 = ORIENTED_EDGE ( 'NONE', *, *, #3647, .F. ) ;
#4165 = EDGE_CURVE ( 'NONE', #1266, #193, #2035, .T. ) ;
#4166 = DIRECTION ( 'NONE',  ( 0.0000000000000000000, -1.000000000000000000, 0.0000000000000000000 ) ) ;
#4167 = ORIENTED_EDGE ( 'NONE', *, *, #3578, .F. ) ;
#4168 = CARTESIAN_POINT ( 'NONE',  ( 39.77024803211383386, -5.000000000000001776, 6.123233995736772199E-16 ) ) ;
#4169 = DIRECTION ( 'NONE',  ( 0.0000000000000000000, -1.000000000000000000, 0.0000000000000000000 ) ) ;
#4170 = ORIENTED_EDGE ( 'NONE', *, *, #4205, .F. ) ;
#4171 = EDGE_LOOP ( 'NONE', ( #3165, #64, #616, #1017, #1336 ) ) ;
#4172 = DIRECTION ( 'NONE',  ( -1.000000000000000000, -1.224606353822377258E-16, -0.0000000000000000000 ) ) ;
#4173 = DIRECTION ( 'NONE',  ( 0.0000000000000000000, -1.000000000000000000, 0.0000000000000000000 ) ) ;
#4174 = EDGE_LOOP ( 'NONE', ( #4311, #1640, #4789, #343, #3207 ) ) ;
#4175 = EDGE_CURVE ( 'NONE', #2007, #902, #2425, .T. ) ;
#4176 = DIRECTION ( 'NONE',  ( -1.000000000000000000, -1.224606353822377258E-16, -0.0000000000000000000 ) ) ;
#4177 = EDGE_CURVE ( 'NONE', #3614, #2881, #1557, .T. ) ;
#4178 = EDGE_CURVE ( 'NONE', #85, #4411, #2201, .T. ) ;
#4179 = ADVANCED_FACE ( 'NONE', ( #2092 ), #737, .T. ) ;
#4180 = ORIENTED_EDGE ( 'NONE', *, *, #3458, .T. ) ;
#4181 = CARTESIAN_POINT ( 'NONE',  ( 15.37260911074330494, 2.093492502277374743E-15, 0.0000000000000000000 ) ) ;
#4182 = CIRCLE ( 'NONE', #4385, 4.057500000000000107 ) ;
#4183 = ORIENTED_EDGE ( 'NONE', *, *, #4022, .T. ) ;
#4184 = PLANE ( 'NONE',  #4113 ) ;
#4185 = ORIENTED_EDGE ( 'NONE', *, *, #2918, .F. ) ;
#4186 = ADVANCED_FACE ( 'NONE', ( #1752 ), #1978, .T. ) ;
#4187 = EDGE_LOOP ( 'NONE', ( #860, #234, #792, #478, #761 ) ) ;
#4188 = CIRCLE ( 'NONE', #4686, 5.000000000000002665 ) ;
#4189 = CARTESIAN_POINT ( 'NONE',  ( 44.12739088925669506, 5.000000000000005329, 0.0000000000000000000 ) ) ;
#4190 = CARTESIAN_POINT ( 'NONE',  ( 0.0000000000000000000, 2.342598717236898942, -4.057500000000005436 ) ) ;
#4191 = CARTESIAN_POINT ( 'NONE',  ( 28.44403768217187789, 2.093492502277374743E-15, 0.0000000000000000000 ) ) ;
#4192 = ORIENTED_EDGE ( 'NONE', *, *, #1418, .F. ) ;
#4193 = LINE ( 'NONE', #4787, #4299 ) ;
#4194 = LINE ( 'NONE', #982, #3926 ) ;
#4195 = EDGE_CURVE ( 'NONE', #1525, #485, #3378, .T. ) ;
#4196 = AXIS2_PLACEMENT_3D ( 'NONE', #2614, #2638, #2624 ) ;
#4197 = AXIS2_PLACEMENT_3D ( 'NONE', #2820, #2818, #2816 ) ;
#4198 = VECTOR ( 'NONE', #2238, 1000.000000000000000 ) ;
#4199 = CARTESIAN_POINT ( 'NONE',  ( -31.74999999999995737, 0.0000000000000000000, 0.0000000000000000000 ) ) ;
#4200 = DIRECTION ( 'NONE',  ( -1.000000000000000000, -1.224606353822377258E-16, -0.0000000000000000000 ) ) ;
#4201 = VECTOR ( 'NONE', #3476, 1000.000000000000000 ) ;
#4202 = ORIENTED_EDGE ( 'NONE', *, *, #3300, .F. ) ;
#4203 = FACE_OUTER_BOUND ( 'NONE', #1699, .T. ) ;
#4204 = EDGE_CURVE ( 'NONE', #3419, #4563, #4188, .T. ) ;
#4205 = EDGE_CURVE ( 'NONE', #1266, #1060, #3014, .T. ) ;
#4206 = CARTESIAN_POINT ( 'NONE',  ( 31.05596231782811856, 2.235490958484726972E-15, 0.0000000000000000000 ) ) ;
#4207 = ORIENTED_EDGE ( 'NONE', *, *, #1088, .F. ) ;
#4208 = ORIENTED_EDGE ( 'NONE', *, *, #2726, .F. ) ;
#4209 = DIRECTION ( 'NONE',  ( 0.0000000000000000000, -1.000000000000000000, 0.0000000000000000000 ) ) ;
#4210 = DIRECTION ( 'NONE',  ( -1.000000000000000000, -1.224606353822377258E-16, -0.0000000000000000000 ) ) ;
#4211 = ORIENTED_EDGE ( 'NONE', *, *, #1182, .T. ) ;
#4212 = EDGE_LOOP ( 'NONE', ( #907, #3746, #208 ) ) ;
#4213 = CARTESIAN_POINT ( 'NONE',  ( 25.24643850830431191, 2.235490958484726972E-15, 0.0000000000000000000 ) ) ;
#4214 = CIRCLE ( 'NONE', #3682, 5.000000000000002665 ) ;
#4215 = EDGE_CURVE ( 'NONE', #1762, #1988, #2576, .T. ) ;
#4216 = DIRECTION ( 'NONE',  ( 0.0000000000000000000, -1.000000000000000000, 0.0000000000000000000 ) ) ;
#4217 = DIRECTION ( 'NONE',  ( -1.000000000000000000, -0.0000000000000000000, -0.0000000000000000000 ) ) ;
#4218 = ORIENTED_EDGE ( 'NONE', *, *, #3771, .T. ) ;
#4219 = DIRECTION ( 'NONE',  ( -1.000000000000000000, -0.0000000000000000000, -0.0000000000000000000 ) ) ;
#4220 =( NAMED_UNIT ( * ) PLANE_ANGLE_UNIT ( ) SI_UNIT ( $, .RADIAN. ) );
#4221 = CARTESIAN_POINT ( 'NONE',  ( -31.74999999999995737, 0.0000000000000000000, 4.999999999999961808 ) ) ;
#4222 = EDGE_CURVE ( 'NONE', #618, #404, #4786, .T. ) ;
#4223 = EDGE_CURVE ( 'NONE', #3083, #1129, #3171, .T. ) ;
#4224 = DIRECTION ( 'NONE',  ( -0.5735764363510513775, -0.8191520442889881348, 0.0000000000000000000 ) ) ;
#4225 = EDGE_CURVE ( 'NONE', #752, #1193, #1485, .T. ) ;
#4226 = ORIENTED_EDGE ( 'NONE', *, *, #4506, .T. ) ;
#4227 = CARTESIAN_POINT ( 'NONE',  ( -31.74999999999995737, 0.0000000000000000000, 0.0000000000000000000 ) ) ;
#4228 = CARTESIAN_POINT ( 'NONE',  ( 40.06308530121949474, 2.093492502277374743E-15, 0.0000000000000000000 ) ) ;
#4229 = DIRECTION ( 'NONE',  ( 0.0000000000000000000, 0.0000000000000000000, 1.000000000000000000 ) ) ;
#4230 = ORIENTED_EDGE ( 'NONE', *, *, #1082, .F. ) ;
#4231 = CIRCLE ( 'NONE', #4608, 4.172000000000002373 ) ;
#4232 = CIRCLE ( 'NONE', #2936, 5.000000000000003553 ) ;
#4233 = VECTOR ( 'NONE', #2282, 1000.000000000000114 ) ;
#4234 = DIRECTION ( 'NONE',  ( 0.0000000000000000000, 0.0000000000000000000, 1.000000000000000000 ) ) ;
#4235 = DIRECTION ( 'NONE',  ( 0.0000000000000000000, 0.0000000000000000000, 1.000000000000000000 ) ) ;
#4236 = ORIENTED_EDGE ( 'NONE', *, *, #2451, .F. ) ;
#4237 = FACE_OUTER_BOUND ( 'NONE', #1322, .T. ) ;
#4238 = DIRECTION ( 'NONE',  ( 0.0000000000000000000, -1.000000000000000000, 0.0000000000000000000 ) ) ;
#4239 = CARTESIAN_POINT ( 'NONE',  ( 39.77024803211383386, 2.235490958484726972E-15, 0.0000000000000000000 ) ) ;
#4240 = EDGE_CURVE ( 'NONE', #321, #4510, #4392, .T. ) ;
#4241 = ORIENTED_EDGE ( 'NONE', *, *, #3218, .F. ) ;
#4242 = CIRCLE ( 'NONE', #29, 4.172000000000002373 ) ;
#4243 = VERTEX_POINT ( 'NONE', #961 ) ;
#4244 = CARTESIAN_POINT ( 'NONE',  ( 18.85714285714285765, 4.172000000000004150, 0.0000000000000000000 ) ) ;
#4245 = DIRECTION ( 'NONE',  ( 0.0000000000000000000, 1.000000000000000000, 0.0000000000000000000 ) ) ;
#4246 = PRESENTATION_STYLE_ASSIGNMENT (( #4386 ) ) ;
#4247 = VERTEX_POINT ( 'NONE', #991 ) ;
#4248 = CARTESIAN_POINT ( 'NONE',  ( -0.0000000000000000000, -4.685197434473821865, 3.469446951953614189E-15 ) ) ;
#4249 = ORIENTED_EDGE ( 'NONE', *, *, #2486, .T. ) ;
#4250 = EDGE_CURVE ( 'NONE', #1256, #4569, #2379, .T. ) ;
#4251 = DIRECTION ( 'NONE',  ( -1.000000000000000000, -1.224606353822377258E-16, -0.0000000000000000000 ) ) ;
#4252 = DIRECTION ( 'NONE',  ( 0.0000000000000000000, -1.000000000000000000, 0.0000000000000000000 ) ) ;
#4253 = DIRECTION ( 'NONE',  ( -1.000000000000000000, -1.224606353822377258E-16, -0.0000000000000000000 ) ) ;
#4254 = CIRCLE ( 'NONE', #2398, 5.000000000000003553 ) ;
#4255 = EDGE_LOOP ( 'NONE', ( #1742, #1729, #1490 ) ) ;
#4256 = CIRCLE ( 'NONE', #3776, 5.000000000000003553 ) ;
#4257 = CARTESIAN_POINT ( 'NONE',  ( 15.37260911074330494, 2.093492502277374743E-15, 0.0000000000000000000 ) ) ;
#4258 = DIRECTION ( 'NONE',  ( -1.000000000000000000, -1.224606353822377258E-16, -0.0000000000000000000 ) ) ;
#4259 = VERTEX_POINT ( 'NONE', #998 ) ;
#4260 = EDGE_CURVE ( 'NONE', #1256, #4538, #4293, .T. ) ;
#4261 = CARTESIAN_POINT ( 'NONE',  ( 31.05596231782811856, 6.123233995736582872E-16, -5.000000000000004441 ) ) ;
#4262 = VERTEX_POINT ( 'NONE', #867 ) ;
#4263 = DIRECTION ( 'NONE',  ( 0.0000000000000000000, -1.000000000000000000, 0.0000000000000000000 ) ) ;
#4264 = AXIS2_PLACEMENT_3D ( 'NONE', #4011, #4005, #4001 ) ;
#4265 = AXIS2_PLACEMENT_3D ( 'NONE', #1515, #1514, #1508 ) ;
#4266 = VECTOR ( 'NONE', #81, 1000.000000000000000 ) ;
#4267 = DIRECTION ( 'NONE',  ( 0.0000000000000000000, -1.000000000000000000, 0.0000000000000000000 ) ) ;
#4268 = DIRECTION ( 'NONE',  ( -1.000000000000000000, -1.224606353822377258E-16, -0.0000000000000000000 ) ) ;
#4269 = CARTESIAN_POINT ( 'NONE',  ( 42.96784720598139984, 5.000000000000005329, 6.123233995736770227E-16 ) ) ;
#4270 = VERTEX_POINT ( 'NONE', #864 ) ;
#4271 = CARTESIAN_POINT ( 'NONE',  ( 38.61070434883854574, 2.093492502277374743E-15, 0.0000000000000000000 ) ) ;
#4272 = CARTESIAN_POINT ( 'NONE',  ( 14.50000000000000000, 2.164491730381051252E-15, 0.0000000000000000000 ) ) ;
#4273 = DIRECTION ( 'NONE',  ( -1.000000000000000000, -1.224606353822377258E-16, -0.0000000000000000000 ) ) ;
#4274 = PRESENTATION_LAYER_ASSIGNMENT (  '', '', ( #518 ) ) ;
#4275 = FACE_OUTER_BOUND ( 'NONE', #3399, .T. ) ;
#4276 = DIRECTION ( 'NONE',  ( 0.0000000000000000000, -1.000000000000000000, 0.0000000000000000000 ) ) ;
#4277 = CARTESIAN_POINT ( 'NONE',  ( -31.74999999999995737, 6.123233995736719937E-16, -4.999999999999961808 ) ) ;
#4278 = AXIS2_PLACEMENT_3D ( 'NONE', #3122, #3116, #3108 ) ;
#4279 = AXIS2_PLACEMENT_3D ( 'NONE', #284, #260, #256 ) ;
#4280 = ORIENTED_EDGE ( 'NONE', *, *, #1505, .T. ) ;
#4281 = ORIENTED_EDGE ( 'NONE', *, *, #4347, .T. ) ;
#4282 = ORIENTED_EDGE ( 'NONE', *, *, #4004, .F. ) ;
#4283 = DIRECTION ( 'NONE',  ( -0.0000000000000000000, 1.295896757998780980E-15, 1.000000000000000000 ) ) ;
#4284 = CIRCLE ( 'NONE', #768, 5.000000000000002665 ) ;
#4285 = EDGE_CURVE ( 'NONE', #1934, #1734, #391, .T. ) ;
#4286 = EDGE_CURVE ( 'NONE', #321, #422, #452, .T. ) ;
#4287 = CIRCLE ( 'NONE', #368, 4.057500000000000107 ) ;
#4288 = DIRECTION ( 'NONE',  ( 0.0000000000000000000, -1.000000000000000000, 1.295896757998780980E-15 ) ) ;
#4289 = CARTESIAN_POINT ( 'NONE',  ( -31.74999999999995737, 6.123233995736719937E-16, -4.999999999999961808 ) ) ;
#4290 = CARTESIAN_POINT ( 'NONE',  ( 32.50834327020907466, 2.235490958484726972E-15, 0.0000000000000000000 ) ) ;
#4291 = ORIENTED_EDGE ( 'NONE', *, *, #1418, .T. ) ;
#4292 = ORIENTED_EDGE ( 'NONE', *, *, #4621, .T. ) ;
#4293 = LINE ( 'NONE', #872, #2329 ) ;
#4294 = EDGE_LOOP ( 'NONE', ( #63, #4752, #145, #54, #408 ) ) ;
#4295 = AXIS2_PLACEMENT_3D ( 'NONE', #3889, #3884, #3882 ) ;
#4296 = FACE_OUTER_BOUND ( 'NONE', #3178, .T. ) ;
#4297 = ORIENTED_EDGE ( 'NONE', *, *, #1359, .T. ) ;
#4298 = AXIS2_PLACEMENT_3D ( 'NONE', #1142, #1174, #1171 ) ;
#4299 = VECTOR ( 'NONE', #7, 1000.000000000000000 ) ;
#4300 = CYLINDRICAL_SURFACE ( 'NONE', #746, 4.999999999999961808 ) ;
#4301 = ORIENTED_EDGE ( 'NONE', *, *, #1317, .F. ) ;
#4302 = LINE ( 'NONE', #509, #4502 ) ;
#4303 = PLANE ( 'NONE',  #1679 ) ;
#4304 = DIRECTION ( 'NONE',  ( -1.000000000000000000, -1.224606353822377258E-16, -0.0000000000000000000 ) ) ;
#4305 = DIRECTION ( 'NONE',  ( -1.000000000000000000, -1.224606353822377258E-16, -0.0000000000000000000 ) ) ;
#4306 = CIRCLE ( 'NONE', #2078, 5.000000000000002665 ) ;
#4307 = EDGE_CURVE ( 'NONE', #3537, #4533, #3731, .T. ) ;
#4308 = VECTOR ( 'NONE', #2023, 1000.000000000000000 ) ;
#4309 = DIRECTION ( 'NONE',  ( 0.0000000000000000000, -1.000000000000000000, 0.0000000000000000000 ) ) ;
#4310 = DIRECTION ( 'NONE',  ( 1.000000000000000000, 1.224606353822377258E-16, 0.0000000000000000000 ) ) ;
#4311 = ORIENTED_EDGE ( 'NONE', *, *, #4657, .F. ) ;
#4312 = DIRECTION ( 'NONE',  ( 0.0000000000000000000, -1.000000000000000000, 0.0000000000000000000 ) ) ;
#4313 = EDGE_CURVE ( 'NONE', #4538, #2103, #806, .T. ) ;
#4314 = DIRECTION ( 'NONE',  ( -0.5735764363510515995, 0.8191520442889879128, 1.003171929053520063E-16 ) ) ;
#4315 = ORIENTED_EDGE ( 'NONE', *, *, #3164, .T. ) ;
#4316 = LINE ( 'NONE', #4575, #3998 ) ;
#4317 = FILL_AREA_STYLE ('',( #2381 ) ) ;
#4318 = CARTESIAN_POINT ( 'NONE',  ( 18.85714285714285765, 4.172000000000004150, 5.109226446042759579E-16 ) ) ;
#4319 = DIRECTION ( 'NONE',  ( 0.0000000000000000000, -1.000000000000000000, 0.0000000000000000000 ) ) ;
#4320 = DIRECTION ( 'NONE',  ( -1.000000000000000000, -1.224606353822377258E-16, -0.0000000000000000000 ) ) ;
#4321 = DIRECTION ( 'NONE',  ( -1.000000000000000000, -0.0000000000000000000, -0.0000000000000000000 ) ) ;
#4322 = CARTESIAN_POINT ( 'NONE',  ( 10.40000000000000036, 0.0000000000000000000, 0.0000000000000000000 ) ) ;
#4323 = AXIS2_PLACEMENT_3D ( 'NONE', #1817, #1814, #1807 ) ;
#4324 = DIRECTION ( 'NONE',  ( 0.0000000000000000000, -1.000000000000000000, 0.0000000000000000000 ) ) ;
#4325 = DIRECTION ( 'NONE',  ( -1.000000000000000000, -0.0000000000000000000, -0.0000000000000000000 ) ) ;
#4326 = CYLINDRICAL_SURFACE ( 'NONE', #2112, 4.999999999999961808 ) ;
#4327 = EDGE_CURVE ( 'NONE', #4, #2809, #4546, .T. ) ;
#4328 = CARTESIAN_POINT ( 'NONE',  ( -31.74999999999995737, 0.0000000000000000000, 4.999999999999961808 ) ) ;
#4329 = DIRECTION ( 'NONE',  ( -1.000000000000000000, -1.224606353822377258E-16, -0.0000000000000000000 ) ) ;
#4330 = CIRCLE ( 'NONE', #2210, 5.000000000000003553 ) ;
#4331 = DIRECTION ( 'NONE',  ( -1.000000000000000000, -1.224606353822377258E-16, -0.0000000000000000000 ) ) ;
#4332 = VERTEX_POINT ( 'NONE', #789 ) ;
#4333 = EDGE_CURVE ( 'NONE', #4559, #705, #3876, .T. ) ;
#4334 = CARTESIAN_POINT ( 'NONE',  ( 10.00000000000000178, 9.797174393178825657E-16, -8.000000000000000000 ) ) ;
#4335 = FACE_OUTER_BOUND ( 'NONE', #3177, .T. ) ;
#4336 = VERTEX_POINT ( 'NONE', #824 ) ;
#4337 = CARTESIAN_POINT ( 'NONE',  ( 40.06308530121949474, -1.733336949948512268E-29, 5.000000000000002665 ) ) ;
#4338 = CARTESIAN_POINT ( 'NONE',  ( 16.82499006312425749, 2.093492502277374743E-15, 0.0000000000000000000 ) ) ;
#4339 = ORIENTED_EDGE ( 'NONE', *, *, #4333, .F. ) ;
#4340 = FACE_OUTER_BOUND ( 'NONE', #1053, .T. ) ;
#4341 = DIRECTION ( 'NONE',  ( 0.5735764363510466035, -0.8191520442889914655, 1.003171929053524500E-16 ) ) ;
#4342 = DIRECTION ( 'NONE',  ( 0.0000000000000000000, -1.000000000000000000, 0.0000000000000000000 ) ) ;
#4343 = ORIENTED_EDGE ( 'NONE', *, *, #1359, .F. ) ;
#4344 = EDGE_CURVE ( 'NONE', #1721, #678, #4077, .T. ) ;
#4345 = DIRECTION ( 'NONE',  ( -1.000000000000000000, -1.224606353822377258E-16, -0.0000000000000000000 ) ) ;
#4346 = CONICAL_SURFACE ( 'NONE', #1299, 5.000000000000003553, 0.9599310885968808105 ) ;
#4347 = EDGE_CURVE ( 'NONE', #508, #4654, #3058, .T. ) ;
#4348 = DIRECTION ( 'NONE',  ( 0.0000000000000000000, -1.000000000000000000, 0.0000000000000000000 ) ) ;
#4349 = LINE ( 'NONE', #3803, #736 ) ;
#4350 = ORIENTED_EDGE ( 'NONE', *, *, #4609, .F. ) ;
#4351 = DIRECTION ( 'NONE',  ( -1.000000000000000000, -1.224606353822377258E-16, -0.0000000000000000000 ) ) ;
#4352 = DIRECTION ( 'NONE',  ( 0.0000000000000000000, 0.0000000000000000000, 1.000000000000000000 ) ) ;
#4353 = EDGE_CURVE ( 'NONE', #2115, #3063, #113, .T. ) ;
#4354 = CARTESIAN_POINT ( 'NONE',  ( 42.67500993687573896, 2.235490958484726972E-15, 0.0000000000000000000 ) ) ;
#4355 = CIRCLE ( 'NONE', #636, 4.172000000000002373 ) ;
#4356 = VECTOR ( 'NONE', #4735, 1000.000000000000000 ) ;
#4357 = DIRECTION ( 'NONE',  ( -1.000000000000000000, -0.0000000000000000000, -0.0000000000000000000 ) ) ;
#4358 = CARTESIAN_POINT ( 'NONE',  ( 39.19047619047618980, 4.172000000000004150, 5.109226446042759579E-16 ) ) ;
#4359 = EDGE_CURVE ( 'NONE', #2904, #895, #2952, .T. ) ;
#4360 = EDGE_LOOP ( 'NONE', ( #3941, #3936, #1510 ) ) ;
#4361 = CONICAL_SURFACE ( 'NONE', #1190, 4.172000000000002373, 0.9599310885968747042 ) ;
#4362 = CARTESIAN_POINT ( 'NONE',  ( 40.64285714285713880, 4.172000000000004150, 5.109226446042759579E-16 ) ) ;
#4363 = DIRECTION ( 'NONE',  ( 0.0000000000000000000, -1.000000000000000000, 0.0000000000000000000 ) ) ;
#4364 = VERTEX_POINT ( 'NONE', #561 ) ;
#4365 = FACE_OUTER_BOUND ( 'NONE', #3341, .T. ) ;
#4366 = EDGE_CURVE ( 'NONE', #895, #787, #4302, .T. ) ;
#4367 = EDGE_CURVE ( 'NONE', #1668, #1998, #327, .T. ) ;
#4368 = DIRECTION ( 'NONE',  ( -1.000000000000000000, -1.224606353822377258E-16, -0.0000000000000000000 ) ) ;
#4369 = CARTESIAN_POINT ( 'NONE',  ( 16.53215279401859661, 5.000000000000006217, 0.0000000000000000000 ) ) ;
#4370 = ORIENTED_EDGE ( 'NONE', *, *, #3564, .F. ) ;
#4371 = ORIENTED_EDGE ( 'NONE', *, *, #1341, .T. ) ;
#4372 = ORIENTED_EDGE ( 'NONE', *, *, #4709, .F. ) ;
#4373 = DIRECTION ( 'NONE',  ( -1.000000000000000000, -0.0000000000000000000, -0.0000000000000000000 ) ) ;
#4374 = ORIENTED_EDGE ( 'NONE', *, *, #1337, .F. ) ;
#4375 = DIRECTION ( 'NONE',  ( -1.000000000000000000, -0.0000000000000000000, -0.0000000000000000000 ) ) ;
#4376 = EDGE_CURVE ( 'NONE', #2200, #3853, #4401, .T. ) ;
#4377 = ORIENTED_EDGE ( 'NONE', *, *, #891, .T. ) ;
#4378 = CARTESIAN_POINT ( 'NONE',  ( 29.60358136544716601, 2.235490958484726972E-15, 0.0000000000000000000 ) ) ;
#4379 = CARTESIAN_POINT ( 'NONE',  ( 41.22262898449478286, 2.235490958484726972E-15, 0.0000000000000000000 ) ) ;
#4380 = ORIENTED_EDGE ( 'NONE', *, *, #2735, .T. ) ;
#4381 = EDGE_CURVE ( 'NONE', #1734, #1934, #2433, .T. ) ;
#4382 = ADVANCED_FACE ( 'NONE', ( #538 ), #4607, .T. ) ;
#4383 = CIRCLE ( 'NONE', #4017, 5.000000000000002665 ) ;
#4384 = DIRECTION ( 'NONE',  ( 0.0000000000000000000, -1.000000000000000000, 0.0000000000000000000 ) ) ;
#4385 = AXIS2_PLACEMENT_3D ( 'NONE', #3093, #3081, #3079 ) ;
#4386 = SURFACE_STYLE_USAGE ( .BOTH. , #4433 ) ;
#4387 = AXIS2_PLACEMENT_3D ( 'NONE', #908, #904, #898 ) ;
#4388 = ORIENTED_EDGE ( 'NONE', *, *, #4540, .T. ) ;
#4389 = VECTOR ( 'NONE', #3320, 1000.000000000000000 ) ;
#4390 = DIRECTION ( 'NONE',  ( -0.5735764363510515995, 0.8191520442889879128, 1.003171929053520063E-16 ) ) ;
#4391 = EDGE_CURVE ( 'NONE', #166, #1429, #4087, .T. ) ;
#4392 = CIRCLE ( 'NONE', #4387, 5.000000000000002665 ) ;
#4393 = EDGE_CURVE ( 'NONE', #629, #787, #2484, .T. ) ;
#4394 = CARTESIAN_POINT ( 'NONE',  ( 30.47619047619047450, 4.172000000000004150, 5.109226446042759579E-16 ) ) ;
#4395 = VERTEX_POINT ( 'NONE', #367 ) ;
#4396 = LINE ( 'NONE', #2941, #1344 ) ;
#4397 = FACE_OUTER_BOUND ( 'NONE', #454, .T. ) ;
#4398 = AXIS2_PLACEMENT_3D ( 'NONE', #3870, #3867, #3864 ) ;
#4399 = ORIENTED_EDGE ( 'NONE', *, *, #1547, .F. ) ;
#4400 = CARTESIAN_POINT ( 'NONE',  ( 22.34167660354240326, 2.235490958484726972E-15, 0.0000000000000000000 ) ) ;
#4401 = CIRCLE ( 'NONE', #2367, 5.000000000000002665 ) ;
#4402 = EDGE_CURVE ( 'NONE', #44, #629, #255, .T. ) ;
#4403 = DIRECTION ( 'NONE',  ( 0.0000000000000000000, -1.000000000000000000, 0.0000000000000000000 ) ) ;
#4404 = ORIENTED_EDGE ( 'NONE', *, *, #1237, .F. ) ;
#4405 = LINE ( 'NONE', #3550, #2652 ) ;
#4406 = FACE_OUTER_BOUND ( 'NONE', #4187, .T. ) ;
#4407 = CARTESIAN_POINT ( 'NONE',  ( 35.41310517497097266, 2.235490958484726972E-15, 0.0000000000000000000 ) ) ;
#4408 = DIRECTION ( 'NONE',  ( 0.0000000000000000000, 1.000000000000000000, 0.0000000000000000000 ) ) ;
#4409 = DIRECTION ( 'NONE',  ( -1.000000000000000000, -1.224606353822377258E-16, -0.0000000000000000000 ) ) ;
#4410 = EDGE_LOOP ( 'NONE', ( #461, #1201, #853, #421, #4202 ) ) ;
#4411 = VERTEX_POINT ( 'NONE', #325 ) ;
#4412 = ORIENTED_EDGE ( 'NONE', *, *, #1250, .T. ) ;
#4413 = EDGE_LOOP ( 'NONE', ( #1380, #1068, #4732, #230, #510 ) ) ;
#4414 = CARTESIAN_POINT ( 'NONE',  ( 40.06308530121949474, 2.093492502277374743E-15, 0.0000000000000000000 ) ) ;
#4415 = ORIENTED_EDGE ( 'NONE', *, *, #1559, .T. ) ;
#4416 = LINE ( 'NONE', #3858, #1293 ) ;
#4417 = CARTESIAN_POINT ( 'NONE',  ( -31.74999999999995737, 0.0000000000000000000, 4.999999999999961808 ) ) ;
#4418 = ADVANCED_FACE ( 'NONE', ( #1275 ), #1876, .T. ) ;
#4419 = CARTESIAN_POINT ( 'NONE',  ( 16.53215279401859661, 2.235490958484726972E-15, 0.0000000000000000000 ) ) ;
#4420 = ORIENTED_EDGE ( 'NONE', *, *, #3962, .T. ) ;
#4421 = CARTESIAN_POINT ( 'NONE',  ( -31.74999999999995737, 6.123233995736719937E-16, -4.999999999999961808 ) ) ;
#4422 = ADVANCED_FACE ( 'NONE', ( #4039 ), #2044, .T. ) ;
#4423 = DIRECTION ( 'NONE',  ( 0.0000000000000000000, -1.000000000000000000, 0.0000000000000000000 ) ) ;
#4424 = CARTESIAN_POINT ( 'NONE',  ( 5.000000000000000000, 2.342598717236898942, -4.057500000000005436 ) ) ;
#4425 = ORIENTED_EDGE ( 'NONE', *, *, #1229, .F. ) ;
#4426 = DIRECTION ( 'NONE',  ( 0.0000000000000000000, 1.000000000000000000, 0.0000000000000000000 ) ) ;
#4427 = ORIENTED_EDGE ( 'NONE', *, *, #1547, .T. ) ;
#4428 = LINE ( 'NONE', #765, #3040 ) ;
#4429 = CARTESIAN_POINT ( 'NONE',  ( 24.66666666666667140, 4.172000000000004150, 0.0000000000000000000 ) ) ;
#4430 = CARTESIAN_POINT ( 'NONE',  ( 35.41310517497097266, 2.235490958484726972E-15, 0.0000000000000000000 ) ) ;
#4431 = DIRECTION ( 'NONE',  ( 0.0000000000000000000, 0.0000000000000000000, 1.000000000000000000 ) ) ;
#4432 = ORIENTED_EDGE ( 'NONE', *, *, #1172, .T. ) ;
#4433 = SURFACE_SIDE_STYLE ('',( #1761 ) ) ;
#4434 = EDGE_LOOP ( 'NONE', ( #829, #699, #1585, #307, #708, #1435 ) ) ;
#4435 = EDGE_CURVE ( 'NONE', #1502, #764, #3740, .T. ) ;
#4436 = CARTESIAN_POINT ( 'NONE',  ( 37.15832339645758964, 6.123233995736598649E-16, -5.000000000000002665 ) ) ;
#4437 = CARTESIAN_POINT ( 'NONE',  ( 16.82499006312425749, 2.093492502277374743E-15, 0.0000000000000000000 ) ) ;
#4438 = VERTEX_POINT ( 'NONE', #207 ) ;
#4439 = EDGE_CURVE ( 'NONE', #4508, #4259, #3452, .T. ) ;
#4440 = EDGE_LOOP ( 'NONE', ( #530, #666, #644, #749, #1313 ) ) ;
#4441 = CIRCLE ( 'NONE', #680, 4.172000000000002373 ) ;
#4442 = DIRECTION ( 'NONE',  ( 0.0000000000000000000, -1.000000000000000000, 0.0000000000000000000 ) ) ;
#4443 = VERTEX_POINT ( 'NONE', #184 ) ;
#4444 = ORIENTED_EDGE ( 'NONE', *, *, #4353, .F. ) ;
#4445 = EDGE_CURVE ( 'NONE', #3425, #44, #3881, .T. ) ;
#4446 = CYLINDRICAL_SURFACE ( 'NONE', #929, 4.999999999999961808 ) ;
#4447 = LINE ( 'NONE', #972, #3971 ) ;
#4448 = CARTESIAN_POINT ( 'NONE',  ( 30.47619047619047450, 2.164491730381051252E-15, 0.0000000000000000000 ) ) ;
#4449 = FILL_AREA_STYLE ('',( #4474 ) ) ;
#4450 = ORIENTED_EDGE ( 'NONE', *, *, #1146, .T. ) ;
#4451 = VECTOR ( 'NONE', #2650, 1000.000000000000000 ) ;
#4452 = AXIS2_PLACEMENT_3D ( 'NONE', #39, #33, #32 ) ;
#4453 = EDGE_LOOP ( 'NONE', ( #2937, #2953, #3095, #3638, #3643, #3043 ) ) ;
#4454 = EDGE_CURVE ( 'NONE', #800, #2664, #1420, .T. ) ;
#4455 = AXIS2_PLACEMENT_3D ( 'NONE', #2291, #2173, #2258 ) ;
#4456 =( NAMED_UNIT ( * ) SI_UNIT ( $, .STERADIAN. ) SOLID_ANGLE_UNIT ( ) );
#4457 = DIRECTION ( 'NONE',  ( -1.000000000000000000, -1.224606353822377258E-16, -0.0000000000000000000 ) ) ;
#4458 =( NAMED_UNIT ( * ) PLANE_ANGLE_UNIT ( ) SI_UNIT ( $, .RADIAN. ) );
#4459 = ORIENTED_EDGE ( 'NONE', *, *, #1341, .F. ) ;
#4460 =( LENGTH_UNIT ( ) NAMED_UNIT ( * ) SI_UNIT ( .MILLI., .METRE. ) );
#4461 = EDGE_CURVE ( 'NONE', #1028, #349, #3837, .T. ) ;
#4462 = DIRECTION ( 'NONE',  ( 0.0000000000000000000, -1.000000000000000000, 0.0000000000000000000 ) ) ;
#4463 = VERTEX_POINT ( 'NONE', #74 ) ;
#4464 = VECTOR ( 'NONE', #3495, 1000.000000000000000 ) ;
#4465 = DIRECTION ( 'NONE',  ( 0.0000000000000000000, -1.000000000000000000, 0.0000000000000000000 ) ) ;
#4466 = EDGE_CURVE ( 'NONE', #2575, #4049, #465, .T. ) ;
#4467 = AXIS2_PLACEMENT_3D ( 'NONE', #985, #978, #973 ) ;
#4468 = DIRECTION ( 'NONE',  ( -0.5735764363510515995, 0.8191520442889879128, 1.003171929053520063E-16 ) ) ;
#4469 = DIRECTION ( 'NONE',  ( -1.000000000000000000, -1.224606353822377258E-16, -0.0000000000000000000 ) ) ;
#4470 = CARTESIAN_POINT ( 'NONE',  ( 39.77024803211383386, 2.235490958484726972E-15, 0.0000000000000000000 ) ) ;
#4471 = LINE ( 'NONE', #1958, #2864 ) ;
#4472 = AXIS2_PLACEMENT_3D ( 'NONE', #1131, #1123, #3667 ) ;
#4473 = CARTESIAN_POINT ( 'NONE',  ( -31.74999999999995737, 0.0000000000000000000, 4.999999999999961808 ) ) ;
#4474 = FILL_AREA_STYLE_COLOUR ( '', #471 ) ;
#4475 = ORIENTED_EDGE ( 'NONE', *, *, #1082, .T. ) ;
#4476 = ORIENTED_EDGE ( 'NONE', *, *, #132, .T. ) ;
#4477 = ORIENTED_EDGE ( 'NONE', *, *, #2678, .F. ) ;
#4478 = AXIS2_PLACEMENT_3D ( 'NONE', #851, #2188, #2204 ) ;
#4479 = EDGE_CURVE ( 'NONE', #468, #3216, #2212, .T. ) ;
#4480 = VERTEX_POINT ( 'NONE', #24 ) ;
#4481 = DIRECTION ( 'NONE',  ( -1.000000000000000000, -1.224606353822377258E-16, -0.0000000000000000000 ) ) ;
#4482 = CARTESIAN_POINT ( 'NONE',  ( 33.96072422259002366, -1.887411345499491136E-29, 5.000000000000004441 ) ) ;
#4483 = AXIS2_PLACEMENT_3D ( 'NONE', #682, #62, #197 ) ;
#4484 = EDGE_CURVE ( 'NONE', #1269, #2575, #3513, .T. ) ;
#4485 = CARTESIAN_POINT ( 'NONE',  ( 29.89641863455282689, 2.093492502277374743E-15, 0.0000000000000000000 ) ) ;
#4486 = ORIENTED_EDGE ( 'NONE', *, *, #3938, .F. ) ;
#4487 = MANIFOLD_SOLID_BREP ( 'ThdSchPat', #4765 ) ;
#4488 = CONICAL_SURFACE ( 'NONE', #2470, 5.000000000000003553, 0.9599310885968808105 ) ;
#4489 = ORIENTED_EDGE ( 'NONE', *, *, #1257, .T. ) ;
#4490 = EDGE_CURVE ( 'NONE', #2664, #1476, #4593, .T. ) ;
#4491 = EDGE_CURVE ( 'NONE', #1464, #1476, #2370, .T. ) ;
#4492 = CIRCLE ( 'NONE', #673, 5.000000000000002665 ) ;
#4493 = DIRECTION ( 'NONE',  ( -1.000000000000000000, -0.0000000000000000000, -0.0000000000000000000 ) ) ;
#4494 = ORIENTED_EDGE ( 'NONE', *, *, #4804, .T. ) ;
#4495 = ADVANCED_FACE ( 'NONE', ( #2711 ), #1683, .T. ) ;
#4496 = CARTESIAN_POINT ( 'NONE',  ( 38.31786707973287776, 2.235490958484726972E-15, 0.0000000000000000000 ) ) ;
#4497 = CARTESIAN_POINT ( 'NONE',  ( 30.47619047619047450, -4.172000000000000597, 0.0000000000000000000 ) ) ;
#4498 = CIRCLE ( 'NONE', #1892, 5.000000000000002665 ) ;
#4499 = DIRECTION ( 'NONE',  ( 0.0000000000000000000, 0.0000000000000000000, 1.000000000000000000 ) ) ;
#4500 = EDGE_CURVE ( 'NONE', #1720, #1464, #2471, .T. ) ;
#4501 = ORIENTED_EDGE ( 'NONE', *, *, #3120, .F. ) ;
#4502 = VECTOR ( 'NONE', #449, 1000.000000000000000 ) ;
#4503 = EDGE_LOOP ( 'NONE', ( #2371, #3019, #3427, #3883, #374 ) ) ;
#4504 = LINE ( 'NONE', #1356, #3100 ) ;
#4505 = DIRECTION ( 'NONE',  ( -0.5735764363510513775, -0.8191520442889881348, 0.0000000000000000000 ) ) ;
#4506 = EDGE_CURVE ( 'NONE', #800, #1720, #1479, .T. ) ;
#4507 = EDGE_CURVE ( 'NONE', #1511, #418, #2135, .T. ) ;
#4508 = VERTEX_POINT ( 'NONE', #542 ) ;
#4509 = ORIENTED_EDGE ( 'NONE', *, *, #3747, .F. ) ;
#4510 = VERTEX_POINT ( 'NONE', #2169 ) ;
#4511 = DIRECTION ( 'NONE',  ( 0.0000000000000000000, -1.000000000000000000, 0.0000000000000000000 ) ) ;
#4512 = FACE_OUTER_BOUND ( 'NONE', #282, .T. ) ;
#4513 = AXIS2_PLACEMENT_3D ( 'NONE', #811, #808, #796 ) ;
#4514 = ORIENTED_EDGE ( 'NONE', *, *, #4435, .T. ) ;
#4515 = LINE ( 'NONE', #4358, #2972 ) ;
#4516 = EDGE_CURVE ( 'NONE', #2738, #1106, #1253, .T. ) ;
#4517 = CARTESIAN_POINT ( 'NONE',  ( -31.74999999999995737, 0.0000000000000000000, 0.0000000000000000000 ) ) ;
#4518 = ADVANCED_FACE ( 'NONE', ( #3966 ), #728, .T. ) ;
#4519 = DIRECTION ( 'NONE',  ( -1.000000000000000000, -1.224606353822377258E-16, -0.0000000000000000000 ) ) ;
#4520 = ORIENTED_EDGE ( 'NONE', *, *, #2999, .F. ) ;
#4521 = EDGE_CURVE ( 'NONE', #800, #532, #1803, .T. ) ;
#4522 = CARTESIAN_POINT ( 'NONE',  ( 32.50834327020907466, -5.000000000000000888, 6.123233995736771213E-16 ) ) ;
#4523 = VERTEX_POINT ( 'NONE', #1454 ) ;
#4524 = VERTEX_POINT ( 'NONE', #1273 ) ;
#4525 = DIRECTION ( 'NONE',  ( -1.000000000000000000, -1.224606353822377258E-16, -0.0000000000000000000 ) ) ;
#4526 = EDGE_LOOP ( 'NONE', ( #3607, #4120, #491, #1840, #1778, #1231 ) ) ;
#4527 = LINE ( 'NONE', #813, #1305 ) ;
#4528 = DIRECTION ( 'NONE',  ( 1.000000000000000000, 1.224606353822377258E-16, 0.0000000000000000000 ) ) ;
#4529 = AXIS2_PLACEMENT_3D ( 'NONE', #2133, #2123, #2121 ) ;
#4530 = ORIENTED_EDGE ( 'NONE', *, *, #28, .F. ) ;
#4531 = DIRECTION ( 'NONE',  ( 0.5735764363510466035, -0.8191520442889914655, 1.003171929053524500E-16 ) ) ;
#4532 = LINE ( 'NONE', #215, #4266 ) ;
#4533 = VERTEX_POINT ( 'NONE', #1288 ) ;
#4534 = DIRECTION ( 'NONE',  ( 0.0000000000000000000, -1.000000000000000000, 0.0000000000000000000 ) ) ;
#4535 = CARTESIAN_POINT ( 'NONE',  ( 39.19047619047618980, 2.164491730381051252E-15, 0.0000000000000000000 ) ) ;
#4536 =( GEOMETRIC_REPRESENTATION_CONTEXT ( 3 ) GLOBAL_UNCERTAINTY_ASSIGNED_CONTEXT ( ( #4037 ) ) GLOBAL_UNIT_ASSIGNED_CONTEXT ( ( #2796, #2776, #2773 ) ) REPRESENTATION_CONTEXT ( 'NONE', 'WORKASPACE' ) );
#4537 = ORIENTED_EDGE ( 'NONE', *, *, #4521, .F. ) ;
#4538 = VERTEX_POINT ( 'NONE', #1264 ) ;
#4539 = FACE_OUTER_BOUND ( 'NONE', #3388, .T. ) ;
#4540 = EDGE_CURVE ( 'NONE', #532, #44, #660, .T. ) ;
#4541 = CARTESIAN_POINT ( 'NONE',  ( 31.34879958693378299, 2.093492502277374743E-15, 0.0000000000000000000 ) ) ;
#4542 = CIRCLE ( 'NONE', #1564, 4.172000000000002373 ) ;
#4543 = ORIENTED_EDGE ( 'NONE', *, *, #1252, .F. ) ;
#4544 = AXIS2_PLACEMENT_3D ( 'NONE', #3382, #3314, #3335 ) ;
#4545 = EDGE_CURVE ( 'NONE', #2462, #1494, #1330, .T. ) ;
#4546 = CIRCLE ( 'NONE', #2072, 4.172000000000002373 ) ;
#4547 = CARTESIAN_POINT ( 'NONE',  ( 1.500000000000001332, 9.797174393178825657E-16, -8.000000000000000000 ) ) ;
#4548 = VERTEX_POINT ( 'NONE', #1282 ) ;
#4549 = EDGE_LOOP ( 'NONE', ( #3562, #3583, #3516, #3398, #3472 ) ) ;
#4550 = EDGE_CURVE ( 'NONE', #2418, #2621, #516, .T. ) ;
#4551 = CARTESIAN_POINT ( 'NONE',  ( 31.05596231782811856, -5.000000000000000888, 6.123233995736771213E-16 ) ) ;
#4552 = ORIENTED_EDGE ( 'NONE', *, *, #3201, .F. ) ;
#4553 = AXIS2_PLACEMENT_3D ( 'NONE', #1913, #1907, #3612 ) ;
#4554 = EDGE_CURVE ( 'NONE', #4438, #1300, #1915, .T. ) ;
#4555 = DIRECTION ( 'NONE',  ( 0.5735764363510466035, -0.8191520442889914655, 1.003171929053524500E-16 ) ) ;
#4556 = VERTEX_POINT ( 'NONE', #3567 ) ;
#4557 = DIRECTION ( 'NONE',  ( 0.5735764363510462704, 0.8191520442889915765, 0.0000000000000000000 ) ) ;
#4558 = DIRECTION ( 'NONE',  ( 0.0000000000000000000, -1.000000000000000000, 0.0000000000000000000 ) ) ;
#4559 = VERTEX_POINT ( 'NONE', #3602 ) ;
#4560 = EDGE_CURVE ( 'NONE', #2664, #629, #171, .T. ) ;
#4561 = ORIENTED_EDGE ( 'NONE', *, *, #3938, .T. ) ;
#4562 = DIRECTION ( 'NONE',  ( 0.0000000000000000000, -1.000000000000000000, 0.0000000000000000000 ) ) ;
#4563 = VERTEX_POINT ( 'NONE', #3622 ) ;
#4564 = ADVANCED_FACE ( 'NONE', ( #3371 ), #2028, .T. ) ;
#4565 = ORIENTED_EDGE ( 'NONE', *, *, #1455, .T. ) ;
#4566 = EDGE_CURVE ( 'NONE', #1920, #1952, #1052, .T. ) ;
#4567 = ADVANCED_FACE ( 'NONE', ( #104 ), #3499, .T. ) ;
#4568 = ORIENTED_EDGE ( 'NONE', *, *, #1397, .F. ) ;
#4569 = VERTEX_POINT ( 'NONE', #958 ) ;
#4570 = EDGE_CURVE ( 'NONE', #3761, #1440, #793, .T. ) ;
#4571 = DIRECTION ( 'NONE',  ( 0.0000000000000000000, -1.000000000000000000, 0.0000000000000000000 ) ) ;
#4572 = AXIS2_PLACEMENT_3D ( 'NONE', #3138, #3135, #3104 ) ;
#4573 = CIRCLE ( 'NONE', #2234, 5.000000000000002665 ) ;
#4574 = CARTESIAN_POINT ( 'NONE',  ( 37.73809523809524080, 4.172000000000004150, 0.0000000000000000000 ) ) ;
#4575 = CARTESIAN_POINT ( 'NONE',  ( 36.86548612735192876, 5.000000000000006217, 0.0000000000000000000 ) ) ;
#4576 = EDGE_LOOP ( 'NONE', ( #71, #552, #278, #714, #514 ) ) ;
#4577 = ORIENTED_EDGE ( 'NONE', *, *, #4165, .T. ) ;
#4578 = DIRECTION ( 'NONE',  ( 0.0000000000000000000, 0.0000000000000000000, 1.000000000000000000 ) ) ;
#4579 = VERTEX_POINT ( 'NONE', #3559 ) ;
#4580 = DIRECTION ( 'NONE',  ( -1.000000000000000000, -1.224606353822377258E-16, -0.0000000000000000000 ) ) ;
#4581 = DIRECTION ( 'NONE',  ( 1.000000000000000000, 1.224606353822377258E-16, 0.0000000000000000000 ) ) ;
#4582 = FACE_OUTER_BOUND ( 'NONE', #1437, .T. ) ;
#4583 = DIRECTION ( 'NONE',  ( 0.5735764363510462704, 0.8191520442889915765, 0.0000000000000000000 ) ) ;
#4584 = VERTEX_POINT ( 'NONE', #2506 ) ;
#4585 = DIRECTION ( 'NONE',  ( 0.0000000000000000000, -1.000000000000000000, 0.0000000000000000000 ) ) ;
#4586 = CIRCLE ( 'NONE', #539, 4.172000000000002373 ) ;
#4587 = CARTESIAN_POINT ( 'NONE',  ( 28.44403768217187789, 5.000000000000005329, 6.123233995736770227E-16 ) ) ;
#4588 = ORIENTED_EDGE ( 'NONE', *, *, #3451, .F. ) ;
#4589 = CIRCLE ( 'NONE', #2604, 5.000000000000003553 ) ;
#4590 = VERTEX_POINT ( 'NONE', #3542 ) ;
#4591 = EDGE_CURVE ( 'NONE', #1476, #82, #4284, .T. ) ;
#4592 = DIRECTION ( 'NONE',  ( -1.000000000000000000, -1.224606353822377258E-16, -0.0000000000000000000 ) ) ;
#4593 = LINE ( 'NONE', #894, #2612 ) ;
#4594 = VERTEX_POINT ( 'NONE', #1534 ) ;
#4595 = FACE_OUTER_BOUND ( 'NONE', #4064, .T. ) ;
#4596 = VERTEX_POINT ( 'NONE', #3554 ) ;
#4597 = CARTESIAN_POINT ( 'NONE',  ( -31.74999999999995737, 0.0000000000000000000, 0.0000000000000000000 ) ) ;
#4598 = CARTESIAN_POINT ( 'NONE',  ( 16.53215279401859661, 6.123233995736582872E-16, -5.000000000000004441 ) ) ;
#4599 = EDGE_CURVE ( 'NONE', #956, #1532, #1580, .T. ) ;
#4600 = ORIENTED_EDGE ( 'NONE', *, *, #4490, .T. ) ;
#4601 = CIRCLE ( 'NONE', #123, 5.000000000000003553 ) ;
#4602 = CONICAL_SURFACE ( 'NONE', #1932, 5.000000000000003553, 0.9599310885968808105 ) ;
#4603 = CARTESIAN_POINT ( 'NONE',  ( 21.76190476190476275, -4.172000000000000597, 0.0000000000000000000 ) ) ;
#4604 = CIRCLE ( 'NONE', #1318, 4.172000000000002373 ) ;
#4605 = CARTESIAN_POINT ( 'NONE',  ( 26.69881946068526091, 2.235490958484726972E-15, 0.0000000000000000000 ) ) ;
#4606 = DIRECTION ( 'NONE',  ( 0.0000000000000000000, 0.0000000000000000000, 1.000000000000000000 ) ) ;
#4607 = CYLINDRICAL_SURFACE ( 'NONE', #1622, 4.999999999999961808 ) ;
#4608 = AXIS2_PLACEMENT_3D ( 'NONE', #2673, #2662, #2658 ) ;
#4609 = EDGE_CURVE ( 'NONE', #82, #2159, #4152, .T. ) ;
#4610 = FACE_OUTER_BOUND ( 'NONE', #3558, .T. ) ;
#4611 = LINE ( 'NONE', #441, #4140 ) ;
#4612 = EDGE_CURVE ( 'NONE', #3188, #2159, #1995, .T. ) ;
#4613 = FILL_AREA_STYLE ('',( #51 ) ) ;
#4614 = DIRECTION ( 'NONE',  ( 0.0000000000000000000, -1.000000000000000000, 0.0000000000000000000 ) ) ;
#4615 = DIRECTION ( 'NONE',  ( -1.000000000000000000, -0.0000000000000000000, -0.0000000000000000000 ) ) ;
#4616 = ADVANCED_FACE ( 'NONE', ( #2885 ), #3242, .T. ) ;
#4617 = ADVANCED_FACE ( 'NONE', ( #1289 ), #3631, .T. ) ;
#4618 = ORIENTED_EDGE ( 'NONE', *, *, #438, .F. ) ;
#4619 = EDGE_CURVE ( 'NONE', #4563, #3455, #2544, .T. ) ;
#4620 = CARTESIAN_POINT ( 'NONE',  ( 19.43691469878049816, 2.235490958484726972E-15, 0.0000000000000000000 ) ) ;
#4621 = EDGE_CURVE ( 'NONE', #2827, #221, #4051, .T. ) ;
#4622 = CARTESIAN_POINT ( 'NONE',  ( 31.05596231782811856, 2.235490958484726972E-15, 0.0000000000000000000 ) ) ;
#4623 = FACE_OUTER_BOUND ( 'NONE', #3473, .T. ) ;
#4624 = EDGE_LOOP ( 'NONE', ( #1459, #1491, #2969, #188, #2476, #4091 ) ) ;
#4625 = ORIENTED_EDGE ( 'NONE', *, *, #428, .T. ) ;
#4626 = LINE ( 'NONE', #3589, #67 ) ;
#4627 = CARTESIAN_POINT ( 'NONE',  ( 39.77024803211383386, 2.235490958484726972E-15, 0.0000000000000000000 ) ) ;
#4628 = DIRECTION ( 'NONE',  ( 0.0000000000000000000, -1.000000000000000000, 0.0000000000000000000 ) ) ;
#4629 = DIRECTION ( 'NONE',  ( 0.0000000000000000000, -1.000000000000000000, 0.0000000000000000000 ) ) ;
#4630 = CARTESIAN_POINT ( 'NONE',  ( 15.07977184163764228, 2.235490958484726972E-15, 0.0000000000000000000 ) ) ;
#4631 = ORIENTED_EDGE ( 'NONE', *, *, #3087, .T. ) ;
#4632 = EDGE_CURVE ( 'NONE', #2489, #3188, #3937, .T. ) ;
#4633 = DIRECTION ( 'NONE',  ( -1.000000000000000000, -1.224606353822377258E-16, -0.0000000000000000000 ) ) ;
#4634 = DIRECTION ( 'NONE',  ( 0.0000000000000000000, -1.000000000000000000, 0.0000000000000000000 ) ) ;
#4635 = ORIENTED_EDGE ( 'NONE', *, *, #3660, .T. ) ;
#4636 = EDGE_CURVE ( 'NONE', #485, #1525, #3132, .T. ) ;
#4637 = VECTOR ( 'NONE', #298, 1000.000000000000000 ) ;
#4638 = CARTESIAN_POINT ( 'NONE',  ( 36.86548612735192876, 2.235490958484726972E-15, 0.0000000000000000000 ) ) ;
#4639 = DIRECTION ( 'NONE',  ( 0.0000000000000000000, 1.000000000000000000, 0.0000000000000000000 ) ) ;
#4640 = CARTESIAN_POINT ( 'NONE',  ( 36.86548612735192876, 2.235490958484726972E-15, 0.0000000000000000000 ) ) ;
#4641 = CARTESIAN_POINT ( 'NONE',  ( 32.50834327020907466, 5.000000000000006217, 0.0000000000000000000 ) ) ;
#4642 = CARTESIAN_POINT ( 'NONE',  ( 29.60358136544716601, 2.235490958484726972E-15, 0.0000000000000000000 ) ) ;
#4643 = EDGE_CURVE ( 'NONE', #1464, #2489, #2805, .T. ) ;
#4644 = CARTESIAN_POINT ( 'NONE',  ( 27.57142857142857295, 2.164491730381051252E-15, 0.0000000000000000000 ) ) ;
#4645 = CARTESIAN_POINT ( 'NONE',  ( -31.74999999999995737, 6.123233995736719937E-16, -4.999999999999961808 ) ) ;
#4646 = VERTEX_POINT ( 'NONE', #4797 ) ;
#4647 = ADVANCED_FACE ( 'NONE', ( #4512 ), #3750, .T. ) ;
#4648 = DIRECTION ( 'NONE',  ( -1.000000000000000000, -0.0000000000000000000, -0.0000000000000000000 ) ) ;
#4649 = CIRCLE ( 'NONE', #1125, 5.000000000000003553 ) ;
#4650 = DIRECTION ( 'NONE',  ( -1.000000000000000000, -1.224606353822377258E-16, -0.0000000000000000000 ) ) ;
#4651 = AXIS2_PLACEMENT_3D ( 'NONE', #1198, #1248, #1227 ) ;
#4652 = DIRECTION ( 'NONE',  ( -1.000000000000000000, -1.224606353822377258E-16, -0.0000000000000000000 ) ) ;
#4653 = DIRECTION ( 'NONE',  ( 0.0000000000000000000, 0.0000000000000000000, 1.000000000000000000 ) ) ;
#4654 = VERTEX_POINT ( 'NONE', #990 ) ;
#4655 = DIRECTION ( 'NONE',  ( -1.000000000000000000, -1.224606353822377258E-16, -0.0000000000000000000 ) ) ;
#4656 = CARTESIAN_POINT ( 'NONE',  ( 16.53215279401859661, -1.887411345499491136E-29, 5.000000000000004441 ) ) ;
#4657 = EDGE_CURVE ( 'NONE', #1127, #1696, #2443, .T. ) ;
#4658 = LINE ( 'NONE', #1739, #304 ) ;
#4659 = VERTEX_POINT ( 'NONE', #2503 ) ;
#4660 = FACE_OUTER_BOUND ( 'NONE', #2340, .T. ) ;
#4661 = EDGE_CURVE ( 'NONE', #4025, #1755, #4254, .T. ) ;
#4662 = CARTESIAN_POINT ( 'NONE',  ( 36.86548612735192876, 2.235490958484726972E-15, 0.0000000000000000000 ) ) ;
#4663 = DIRECTION ( 'NONE',  ( 0.0000000000000000000, 1.000000000000000000, 0.0000000000000000000 ) ) ;
#4664 = ADVANCED_FACE ( 'NONE', ( #4623 ), #1990, .T. ) ;
#4665 = ADVANCED_FACE ( 'NONE', ( #4803 ), #2906, .T. ) ;
#4666 = EDGE_CURVE ( 'NONE', #1696, #2916, #3024, .T. ) ;
#4667 = DIRECTION ( 'NONE',  ( -1.000000000000000000, -1.224606353822377258E-16, -0.0000000000000000000 ) ) ;
#4668 = EDGE_LOOP ( 'NONE', ( #265, #195, #1411, #1096, #3587, #126 ) ) ;
#4669 = ORIENTED_EDGE ( 'NONE', *, *, #3545, .F. ) ;
#4670 = VERTEX_POINT ( 'NONE', #583 ) ;
#4671 = DIRECTION ( 'NONE',  ( -0.5735764363510515995, 0.8191520442889879128, 1.003171929053520063E-16 ) ) ;
#4672 = EDGE_CURVE ( 'NONE', #1294, #2916, #2685, .T. ) ;
#4673 = CARTESIAN_POINT ( 'NONE',  ( 34.25356149169568454, 2.093492502277374743E-15, 0.0000000000000000000 ) ) ;
#4674 = CARTESIAN_POINT ( 'NONE',  ( 15.07977184163764228, 2.235490958484726972E-15, 0.0000000000000000000 ) ) ;
#4675 = DIRECTION ( 'NONE',  ( 0.0000000000000000000, -1.000000000000000000, 0.0000000000000000000 ) ) ;
#4676 = DIRECTION ( 'NONE',  ( 0.0000000000000000000, -1.000000000000000000, 0.0000000000000000000 ) ) ;
#4677 = DIRECTION ( 'NONE',  ( 0.0000000000000000000, -1.000000000000000000, 0.0000000000000000000 ) ) ;
#4678 = CARTESIAN_POINT ( 'NONE',  ( 33.38095238095237960, -4.172000000000000597, 5.616230220889765396E-16 ) ) ;
#4679 = ORIENTED_EDGE ( 'NONE', *, *, #1621, .T. ) ;
#4680 = VECTOR ( 'NONE', #924, 1000.000000000000000 ) ;
#4681 = ORIENTED_EDGE ( 'NONE', *, *, #1595, .F. ) ;
#4682 = ORIENTED_EDGE ( 'NONE', *, *, #2434, .F. ) ;
#4683 = ORIENTED_EDGE ( 'NONE', *, *, #3172, .F. ) ;
#4684 = EDGE_CURVE ( 'NONE', #1121, #1294, #4707, .T. ) ;
#4685 = CARTESIAN_POINT ( 'NONE',  ( 17.98453374639954561, 5.000000000000005329, 0.0000000000000000000 ) ) ;
#4686 = AXIS2_PLACEMENT_3D ( 'NONE', #1073, #1066, #1063 ) ;
#4687 = ORIENTED_EDGE ( 'NONE', *, *, #4222, .F. ) ;
#4688 = DIRECTION ( 'NONE',  ( 0.5735764363510466035, -0.8191520442889914655, 1.003171929053524500E-16 ) ) ;
#4689 = DIRECTION ( 'NONE',  ( -0.5735764363510513775, -0.8191520442889881348, 0.0000000000000000000 ) ) ;
#4690 = ORIENTED_EDGE ( 'NONE', *, *, #674, .F. ) ;
#4691 = ORIENTED_EDGE ( 'NONE', *, *, #3951, .T. ) ;
#4692 = ORIENTED_EDGE ( 'NONE', *, *, #1505, .F. ) ;
#4693 = CONICAL_SURFACE ( 'NONE', #2134, 4.172000000000002373, 0.9599310885968747042 ) ;
#4694 = DIRECTION ( 'NONE',  ( 1.000000000000000000, 1.224606353822377258E-16, 0.0000000000000000000 ) ) ;
#4695 = PRESENTATION_STYLE_ASSIGNMENT (( #2944 ) ) ;
#4696 = DIRECTION ( 'NONE',  ( 0.0000000000000000000, 1.000000000000000000, 0.0000000000000000000 ) ) ;
#4697 = ORIENTED_EDGE ( 'NONE', *, *, #3121, .T. ) ;
#4698 = ORIENTED_EDGE ( 'NONE', *, *, #2302, .T. ) ;
#4699 = COLOUR_RGB ( '',0.7764705882352941346, 0.7568627450980391913, 0.7372549019607843590 ) ;
#4700 = CYLINDRICAL_SURFACE ( 'NONE', #1925, 4.999999999999961808 ) ;
#4701 = EDGE_CURVE ( 'NONE', #1127, #1121, #889, .T. ) ;
#4702 = DIRECTION ( 'NONE',  ( -1.000000000000000000, -1.224606353822377258E-16, -0.0000000000000000000 ) ) ;
#4703 = EDGE_CURVE ( 'NONE', #1127, #557, #4611, .T. ) ;
#4704 = DIRECTION ( 'NONE',  ( -1.000000000000000000, -1.224606353822377258E-16, -0.0000000000000000000 ) ) ;
#4705 = CIRCLE ( 'NONE', #599, 5.000000000000003553 ) ;
#4706 = CIRCLE ( 'NONE', #4478, 5.000000000000002665 ) ;
#4707 = CIRCLE ( 'NONE', #3391, 5.000000000000002665 ) ;
#4708 = DIRECTION ( 'NONE',  ( -0.5735764363510513775, -0.8191520442889881348, 0.0000000000000000000 ) ) ;
#4709 = EDGE_CURVE ( 'NONE', #1657, #1354, #2213, .T. ) ;
#4710 = EDGE_LOOP ( 'NONE', ( #2345, #1831, #1891, #1021, #828 ) ) ;
#4711 = VECTOR ( 'NONE', #4468, 1000.000000000000000 ) ;
#4712 = VERTEX_POINT ( 'NONE', #3160 ) ;
#4713 = CARTESIAN_POINT ( 'NONE',  ( -31.74999999999995737, 0.0000000000000000000, 4.999999999999961808 ) ) ;
#4714 = DIRECTION ( 'NONE',  ( -0.5735764363510515995, 0.8191520442889879128, 1.003171929053520063E-16 ) ) ;
#4715 = CARTESIAN_POINT ( 'NONE',  ( 32.80118053931472843, 2.093492502277374743E-15, 0.0000000000000000000 ) ) ;
#4716 = DIRECTION ( 'NONE',  ( -1.000000000000000000, -1.224606353822377258E-16, -0.0000000000000000000 ) ) ;
#4717 = CARTESIAN_POINT ( 'NONE',  ( 35.41310517497097266, -5.000000000000000888, 6.123233995736771213E-16 ) ) ;
#4718 = DIRECTION ( 'NONE',  ( -1.000000000000000000, -1.224606353822377258E-16, -0.0000000000000000000 ) ) ;
#4719 = CARTESIAN_POINT ( 'NONE',  ( 20.88929565116145426, -1.887411345499491136E-29, 5.000000000000004441 ) ) ;
#4720 = ADVANCED_FACE ( 'NONE', ( #4660 ), #3618, .T. ) ;
#4721 = CARTESIAN_POINT ( 'NONE',  ( 17.98453374639954561, 2.235490958484726972E-15, 0.0000000000000000000 ) ) ;
#4722 = CARTESIAN_POINT ( 'NONE',  ( 29.02380952380952550, -4.172000000000000597, 5.616230220889765396E-16 ) ) ;
#4723 = CIRCLE ( 'NONE', #3252, 5.000000000000002665 ) ;
#4724 = DIRECTION ( 'NONE',  ( -1.000000000000000000, -1.224606353822377258E-16, -0.0000000000000000000 ) ) ;
#4725 = AXIS2_PLACEMENT_3D ( 'NONE', #4782, #4779, #4769 ) ;
#4726 = ORIENTED_EDGE ( 'NONE', *, *, #4222, .T. ) ;
#4727 = ORIENTED_EDGE ( 'NONE', *, *, #3898, .F. ) ;
#4728 = DIRECTION ( 'NONE',  ( -1.000000000000000000, -1.224606353822377258E-16, -0.0000000000000000000 ) ) ;
#4729 = DIRECTION ( 'NONE',  ( 0.0000000000000000000, -1.000000000000000000, 0.0000000000000000000 ) ) ;
#4730 = AXIS2_PLACEMENT_3D ( 'NONE', #4239, #4310, #4245 ) ;
#4731 = CONICAL_SURFACE ( 'NONE', #2150, 4.172000000000002373, 0.9599310885968747042 ) ;
#4732 = ORIENTED_EDGE ( 'NONE', *, *, #160, .T. ) ;
#4733 = EDGE_CURVE ( 'NONE', #557, #2489, #3230, .T. ) ;
#4734 = VECTOR ( 'NONE', #3836, 1000.000000000000000 ) ;
#4735 = DIRECTION ( 'NONE',  ( -0.5735764363510515995, 0.8191520442889879128, 1.003171929053520063E-16 ) ) ;
#4736 = DIRECTION ( 'NONE',  ( 0.0000000000000000000, 0.0000000000000000000, 1.000000000000000000 ) ) ;
#4737 = CONICAL_SURFACE ( 'NONE', #1352, 4.171999999999999709, 0.7853981633973796672 ) ;
#4738 = EDGE_LOOP ( 'NONE', ( #2772, #1854, #2480, #657, #3736 ) ) ;
#4739 = LINE ( 'NONE', #1098, #4746 ) ;
#4740 = AXIS2_PLACEMENT_3D ( 'NONE', #2320, #2300, #2275 ) ;
#4741 = VECTOR ( 'NONE', #3412, 1000.000000000000114 ) ;
#4742 = AXIS2_PLACEMENT_3D ( 'NONE', #3157, #3130, #862 ) ;
#4743 = CARTESIAN_POINT ( 'NONE',  ( 20.30952380952381375, -4.172000000000000597, 5.616230220889765396E-16 ) ) ;
#4744 = CARTESIAN_POINT ( 'NONE',  ( 34.83333333333333570, -4.172000000000000597, 0.0000000000000000000 ) ) ;
#4745 = LINE ( 'NONE', #3548, #436 ) ;
#4746 = VECTOR ( 'NONE', #2394, 1000.000000000000000 ) ;
#4747 = CONICAL_SURFACE ( 'NONE', #841, 5.000000000000003553, 0.9599310885968808105 ) ;
#4748 = DIRECTION ( 'NONE',  ( -1.000000000000000000, -0.0000000000000000000, -0.0000000000000000000 ) ) ;
#4749 = ORIENTED_EDGE ( 'NONE', *, *, #1156, .T. ) ;
#4750 = CARTESIAN_POINT ( 'NONE',  ( 36.28571428571429180, 4.172000000000004150, 5.109226446042759579E-16 ) ) ;
#4751 = EDGE_CURVE ( 'NONE', #1696, #3188, #4396, .T. ) ;
#4752 = ORIENTED_EDGE ( 'NONE', *, *, #4479, .F. ) ;
#4753 = CARTESIAN_POINT ( 'NONE',  ( -31.74999999999995737, 0.0000000000000000000, 0.0000000000000000000 ) ) ;
#4754 = ORIENTED_EDGE ( 'NONE', *, *, #28, .T. ) ;
#4755 = DIRECTION ( 'NONE',  ( 0.0000000000000000000, -1.000000000000000000, 0.0000000000000000000 ) ) ;
#4756 = DIRECTION ( 'NONE',  ( -1.000000000000000000, -1.224606353822377258E-16, -0.0000000000000000000 ) ) ;
#4757 = EDGE_CURVE ( 'NONE', #1734, #3793, #251, .T. ) ;
#4758 = CARTESIAN_POINT ( 'NONE',  ( 34.25356149169568454, 2.093492502277374743E-15, 0.0000000000000000000 ) ) ;
#4759 = ORIENTED_EDGE ( 'NONE', *, *, #4632, .F. ) ;
#4760 = ORIENTED_EDGE ( 'NONE', *, *, #4804, .F. ) ;
#4761 = STYLED_ITEM ( 'NONE', ( #1374 ), #3044 ) ;
#4762 = AXIS2_PLACEMENT_3D ( 'NONE', #4414, #4409, #4403 ) ;
#4763 = ADVANCED_FACE ( 'NONE', ( #3838 ), #4488, .T. ) ;
#4764 = CARTESIAN_POINT ( 'NONE',  ( 44.17199999999996152, 0.0000000000000000000, 4.999999999999922728 ) ) ;
#4765 = CLOSED_SHELL ( 'NONE', ( #2588, #235, #3809, #2449, #1587, #4518, #2174, #3197, #832, #1986, #690, #2378, #3911, #3373, #406, #316, #1501, #1226, #4763, #4142, #827, #233, #1933, #1871, #4664, #100, #3754, #435, #4418, #40, #3861, #309, #3964, #558, #1309, #229, #4056, #262, #770, #1943, #1574, #1643, #275, #1833, #4793, #1654, #291, #2203, #4564, #6, #940, #1384, #1074, #2619, #3566, #2411, #2978, #297, #143, #2656, #332, #4720, #2160, #2196, #2353, #2783, #9, #3044, #1010, #2675, #2814, #503, #1286, #23, #4617, #2226, #588, #613, #1470, #981, #2287, #887, #1323, #3389, #1444, #1453, #3678, #1684, #1965, #2268, #1599, #1379, #4665, #2061, #1223, #2643, #4179, #1484, #3850, #2901, #4186, #248, #2126, #3980, #36, #266, #797, #4805, #330, #4068, #4784, #423, #2559, #4616, #1659, #1708, #3276, #467, #2362, #4495, #2020, #3664, #180, #2923, #1308, #1909, #4647, #2770, #2872, #565, #3984, #3450, #4422, #2529, #546, #3032, #1904, #3124, #3943, #3354, #106, #4567, #2254, #3434, #1439, #3529, #1759, #4382, #3688, #2294, #397, #1255, #2184 ) ) ;
#4766 = CARTESIAN_POINT ( 'NONE',  ( -31.74999999999995737, 6.123233995736719937E-16, -4.999999999999961808 ) ) ;
#4767 = CYLINDRICAL_SURFACE ( 'NONE', #1827, 4.999999999999961808 ) ;
#4768 = ORIENTED_EDGE ( 'NONE', *, *, #1257, .F. ) ;
#4769 = DIRECTION ( 'NONE',  ( 0.0000000000000000000, -1.000000000000000000, 0.0000000000000000000 ) ) ;
#4770 = CARTESIAN_POINT ( 'NONE',  ( 29.89641863455282689, 2.093492502277374743E-15, 0.0000000000000000000 ) ) ;
#4771 = DIRECTION ( 'NONE',  ( 0.5735764363510462704, 0.8191520442889915765, 0.0000000000000000000 ) ) ;
#4772 = ORIENTED_EDGE ( 'NONE', *, *, #1156, .F. ) ;
#4773 = ORIENTED_EDGE ( 'NONE', *, *, #4215, .F. ) ;
#4774 = ORIENTED_EDGE ( 'NONE', *, *, #1375, .T. ) ;
#4775 = EDGE_CURVE ( 'NONE', #2187, #4243, #4604, .T. ) ;
#4776 = EDGE_LOOP ( 'NONE', ( #4350, #3873, #2181, #816, #1355, #1859 ) ) ;
#4777 = DIRECTION ( 'NONE',  ( 0.0000000000000000000, -1.000000000000000000, 0.0000000000000000000 ) ) ;
#4778 = VECTOR ( 'NONE', #3417, 1000.000000000000000 ) ;
#4779 = DIRECTION ( 'NONE',  ( -1.000000000000000000, -1.224606353822377258E-16, -0.0000000000000000000 ) ) ;
#4780 = CARTESIAN_POINT ( 'NONE',  ( 42.09523809523809490, 4.172000000000004150, 0.0000000000000000000 ) ) ;
#4781 = CONICAL_SURFACE ( 'NONE', #2498, 4.172000000000002373, 0.9599310885968747042 ) ;
#4782 = CARTESIAN_POINT ( 'NONE',  ( 42.67500993687573896, 2.235490958484726972E-15, 0.0000000000000000000 ) ) ;
#4783 = SURFACE_STYLE_FILL_AREA ( #4317 ) ;
#4784 = ADVANCED_FACE ( 'NONE', ( #1820 ), #3825, .T. ) ;
#4785 = FACE_OUTER_BOUND ( 'NONE', #78, .T. ) ;
#4786 = CIRCLE ( 'NONE', #4467, 4.172000000000002373 ) ;
#4787 = CARTESIAN_POINT ( 'NONE',  ( -31.74999999999995737, 6.123233995736719937E-16, -4.999999999999961808 ) ) ;
#4788 = DIRECTION ( 'NONE',  ( 0.0000000000000000000, -1.000000000000000000, 0.0000000000000000000 ) ) ;
#4789 = ORIENTED_EDGE ( 'NONE', *, *, #4733, .T. ) ;
#4790 = ORIENTED_EDGE ( 'NONE', *, *, #3623, .F. ) ;
#4791 = FACE_OUTER_BOUND ( 'NONE', #1086, .T. ) ;
#4792 = FACE_OUTER_BOUND ( 'NONE', #641, .T. ) ;
#4793 = ADVANCED_FACE ( 'NONE', ( #4595 ), #994, .T. ) ;
#4794 = DIRECTION ( 'NONE',  ( -1.000000000000000000, -1.224606353822377258E-16, -0.0000000000000000000 ) ) ;
#4795 = LINE ( 'NONE', #2305, #1931 ) ;
#4796 = ORIENTED_EDGE ( 'NONE', *, *, #3146, .T. ) ;
#4797 = CARTESIAN_POINT ( 'NONE',  ( 0.0000000000000000000, 8.878689293818310074E-16, -6.500000000000000888 ) ) ;
#4798 = CONICAL_SURFACE ( 'NONE', #840, 4.172000000000002373, 0.9599310885968747042 ) ;
#4799 = EDGE_CURVE ( 'NONE', #2916, #4523, #3510, .T. ) ;
#4800 = CARTESIAN_POINT ( 'NONE',  ( 32.50834327020907466, -1.887411345499491136E-29, 5.000000000000004441 ) ) ;
#4801 = EDGE_LOOP ( 'NONE', ( #1119, #935, #4249, #871, #733 ) ) ;
#4802 = CARTESIAN_POINT ( 'NONE',  ( 37.73809523809524080, -4.172000000000000597, 5.616230220889765396E-16 ) ) ;
#4803 = FACE_OUTER_BOUND ( 'NONE', #1791, .T. ) ;
#4804 = EDGE_CURVE ( 'NONE', #609, #4262, #1750, .T. ) ;
#4805 = ADVANCED_FACE ( 'NONE', ( #2781 ), #1861, .T. ) ;
#4806 = ORIENTED_EDGE ( 'NONE', *, *, #2242, .T. ) ;
ENDSEC;
END-ISO-10303-21;
