ISO-10303-21;
HEADER;
FILE_DESCRIPTION (( 'STEP AP214' ),
    '1' );
FILE_NAME ('M10X25.STEP',
    '2021-06-12T16:19:17',
    ( '' ),
    ( '' ),
    'SwSTEP 2.0',
    'SolidWorks 2018',
    '' );
FILE_SCHEMA (( 'AUTOMOTIVE_DESIGN' ));
ENDSEC;

DATA;
#1 = DIRECTION ( 'NONE',  ( -1.000000000000000000, -1.224606353822377258E-16, -0.0000000000000000000 ) ) ;
#2 = CONICAL_SURFACE ( 'NONE', #2088, 4.172000000000002373, 0.9599310885968742602 ) ;
#3 = ORIENTED_EDGE ( 'NONE', *, *, #1096, .T. ) ;
#4 = AXIS2_PLACEMENT_3D ( 'NONE', #3244, #289, #3237 ) ;
#5 = DIRECTION ( 'NONE',  ( 0.0000000000000000000, -1.000000000000000000, 0.0000000000000000000 ) ) ;
#6 = ORIENTED_EDGE ( 'NONE', *, *, #2393, .F. ) ;
#7 = EDGE_CURVE ( 'NONE', #131, #2901, #1256, .T. ) ;
#8 = LINE ( 'NONE', #1181, #2720 ) ;
#9 = LINE ( 'NONE', #2809, #29 ) ;
#10 = AXIS2_PLACEMENT_3D ( 'NONE', #1507, #593, #3171 ) ;
#11 = CARTESIAN_POINT ( 'NONE',  ( -31.74999999999995737, 6.123233995736533568E-16, -4.999999999999809930 ) ) ;
#12 = DIRECTION ( 'NONE',  ( 0.0000000000000000000, -1.000000000000000000, 0.0000000000000000000 ) ) ;
#13 = ORIENTED_EDGE ( 'NONE', *, *, #2141, .F. ) ;
#14 = FACE_OUTER_BOUND ( 'NONE', #318, .T. ) ;
#15 = CIRCLE ( 'NONE', #2074, 5.000000000000002665 ) ;
#16 = ORIENTED_EDGE ( 'NONE', *, *, #1184, .F. ) ;
#17 = DIRECTION ( 'NONE',  ( -1.000000000000000000, -1.224606353822377258E-16, -0.0000000000000000000 ) ) ;
#18 = DIRECTION ( 'NONE',  ( -1.000000000000000000, -1.224606353822377258E-16, -0.0000000000000000000 ) ) ;
#19 = EDGE_CURVE ( 'NONE', #2273, #701, #1236, .T. ) ;
#20 = FACE_OUTER_BOUND ( 'NONE', #2555, .T. ) ;
#21 = VERTEX_POINT ( 'NONE', #627 ) ;
#22 = ORIENTED_EDGE ( 'NONE', *, *, #2341, .F. ) ;
#23 = CARTESIAN_POINT ( 'NONE',  ( 32.65120041306621346, 5.000000000000004441, 0.0000000000000000000 ) ) ;
#24 = TOROIDAL_SURFACE ( 'NONE', #1066, 6.500000000000000888, 1.500000000000000000 ) ;
#25 = AXIS2_PLACEMENT_3D ( 'NONE', #2878, #2923, #583 ) ;
#26 = FACE_OUTER_BOUND ( 'NONE', #1942, .T. ) ;
#27 = CARTESIAN_POINT ( 'NONE',  ( 10.40000000000000036, 0.0000000000000000000, -5.399999999999810285 ) ) ;
#28 = CARTESIAN_POINT ( 'NONE',  ( 19.47262898449478286, 2.235490958484726577E-15, 0.0000000000000000000 ) ) ;
#29 = VECTOR ( 'NONE', #85, 1000.000000000000000 ) ;
#30 = AXIS2_PLACEMENT_3D ( 'NONE', #2306, #1171, #3226 ) ;
#31 = CARTESIAN_POINT ( 'NONE',  ( -31.74999999999995737, 0.0000000000000000000, 0.0000000000000000000 ) ) ;
#32 = ORIENTED_EDGE ( 'NONE', *, *, #2961, .T. ) ;
#33 = ORIENTED_EDGE ( 'NONE', *, *, #2223, .F. ) ;
#34 = CIRCLE ( 'NONE', #652, 5.000000000000002665 ) ;
#35 =( LENGTH_UNIT ( ) NAMED_UNIT ( * ) SI_UNIT ( .MILLI., .METRE. ) );
#36 = ORIENTED_EDGE ( 'NONE', *, *, #2282, .T. ) ;
#37 = AXIS2_PLACEMENT_3D ( 'NONE', #1732, #3325, #728 ) ;
#38 = ORIENTED_EDGE ( 'NONE', *, *, #2387, .T. ) ;
#39 = LINE ( 'NONE', #2547, #1277 ) ;
#40 = ORIENTED_EDGE ( 'NONE', *, *, #3138, .T. ) ;
#41 = DIRECTION ( 'NONE',  ( 0.5735764363510447161, -0.8191520442889927978, 1.003171929053526103E-16 ) ) ;
#42 = CONICAL_SURFACE ( 'NONE', #2131, 4.172000000000002373, 0.9599310885968742602 ) ;
#43 = EDGE_CURVE ( 'NONE', #368, #3115, #1261, .T. ) ;
#44 = SURFACE_SIDE_STYLE ('',( #2454 ) ) ;
#45 = ORIENTED_EDGE ( 'NONE', *, *, #3094, .T. ) ;
#46 = CARTESIAN_POINT ( 'NONE',  ( 19.47262898449478286, -5.000000000000000000, 6.123233995736770227E-16 ) ) ;
#47 = CARTESIAN_POINT ( 'NONE',  ( 28.56308530121949474, -8.050387167538645866E-29, 5.000000000000001776 ) ) ;
#48 = FACE_OUTER_BOUND ( 'NONE', #2649, .T. ) ;
#49 = CIRCLE ( 'NONE', #2105, 5.000000000000002665 ) ;
#50 = DIRECTION ( 'NONE',  ( 0.0000000000000000000, 0.0000000000000000000, 1.000000000000000000 ) ) ;
#51 = ORIENTED_EDGE ( 'NONE', *, *, #2517, .F. ) ;
#52 = DIRECTION ( 'NONE',  ( 0.0000000000000000000, 0.0000000000000000000, 1.000000000000000000 ) ) ;
#53 = CARTESIAN_POINT ( 'NONE',  ( 24.17022815836235239, 5.000000000000004441, 6.123233995736770227E-16 ) ) ;
#54 = EDGE_CURVE ( 'NONE', #2385, #2994, #1241, .T. ) ;
#55 = AXIS2_PLACEMENT_3D ( 'NONE', #3371, #2739, #308 ) ;
#56 = CIRCLE ( 'NONE', #1091, 4.057500000000000107 ) ;
#57 = FACE_OUTER_BOUND ( 'NONE', #2435, .T. ) ;
#58 = DIRECTION ( 'NONE',  ( -1.000000000000000000, -1.224606353822377258E-16, -0.0000000000000000000 ) ) ;
#59 = CIRCLE ( 'NONE', #2093, 5.000000000000001776 ) ;
#60 = AXIS2_PLACEMENT_3D ( 'NONE', #2113, #2495, #1088 ) ;
#61 = ORIENTED_EDGE ( 'NONE', *, *, #2796, .F. ) ;
#62 = CONICAL_SURFACE ( 'NONE', #1843, 5.000000000000002665, 0.9599310885968831419 ) ;
#63 = FACE_OUTER_BOUND ( 'NONE', #1393, .T. ) ;
#64 = CARTESIAN_POINT ( 'NONE',  ( 23.86548612735192521, 2.235490958484726577E-15, 0.0000000000000000000 ) ) ;
#65 = ORIENTED_EDGE ( 'NONE', *, *, #902, .F. ) ;
#66 = FACE_OUTER_BOUND ( 'NONE', #2379, .T. ) ;
#67 =( GEOMETRIC_REPRESENTATION_CONTEXT ( 3 ) GLOBAL_UNCERTAINTY_ASSIGNED_CONTEXT ( ( #3135 ) ) GLOBAL_UNIT_ASSIGNED_CONTEXT ( ( #35, #2777, #2763 ) ) REPRESENTATION_CONTEXT ( 'NONE', 'WORKASPACE' ) );
#68 = VERTEX_POINT ( 'NONE', #441 ) ;
#69 = ORIENTED_EDGE ( 'NONE', *, *, #3373, .T. ) ;
#70 = VERTEX_POINT ( 'NONE', #802 ) ;
#71 = LINE ( 'NONE', #2976, #152 ) ;
#72 = ORIENTED_EDGE ( 'NONE', *, *, #2630, .T. ) ;
#73 = EDGE_CURVE ( 'NONE', #3208, #2994, #1217, .T. ) ;
#74 = MECHANICAL_DESIGN_GEOMETRIC_PRESENTATION_REPRESENTATION (  '', ( #81 ), #67 ) ;
#75 = CARTESIAN_POINT ( 'NONE',  ( 32.07142857142856940, -4.172000000000000597, 0.0000000000000000000 ) ) ;
#76 = ORIENTED_EDGE ( 'NONE', *, *, #2215, .T. ) ;
#77 = PRESENTATION_LAYER_ASSIGNMENT (  '', '', ( #81 ) ) ;
#78 = DIRECTION ( 'NONE',  ( -1.000000000000000000, -1.224606353822377258E-16, -0.0000000000000000000 ) ) ;
#79 = DIRECTION ( 'NONE',  ( 1.000000000000000000, 1.224606353822377258E-16, 0.0000000000000000000 ) ) ;
#80 = ORIENTED_EDGE ( 'NONE', *, *, #424, .T. ) ;
#81 = STYLED_ITEM ( 'NONE', ( #1853 ), #2855 ) ;
#82 = DIRECTION ( 'NONE',  ( -1.000000000000000000, -0.0000000000000000000, -0.0000000000000000000 ) ) ;
#83 = ORIENTED_EDGE ( 'NONE', *, *, #3266, .T. ) ;
#84 = DIRECTION ( 'NONE',  ( 0.0000000000000000000, 0.0000000000000000000, 1.000000000000000000 ) ) ;
#85 = DIRECTION ( 'NONE',  ( -1.000000000000000000, -0.0000000000000000000, -0.0000000000000000000 ) ) ;
#86 = VERTEX_POINT ( 'NONE', #754 ) ;
#87 = CARTESIAN_POINT ( 'NONE',  ( 29.72262898449477930, -8.589647551967071905E-29, 5.000000000000001776 ) ) ;
#88 = EDGE_CURVE ( 'NONE', #1448, #2480, #1199, .T. ) ;
#89 = EDGE_CURVE ( 'NONE', #3198, #2701, #1225, .T. ) ;
#90 = DIRECTION ( 'NONE',  ( -1.000000000000000000, -1.224606353822377258E-16, -0.0000000000000000000 ) ) ;
#91 = EDGE_LOOP ( 'NONE', ( #3149, #1421, #1713, #76, #1898 ) ) ;
#92 = ORIENTED_EDGE ( 'NONE', *, *, #1019, .T. ) ;
#93 = DIRECTION ( 'NONE',  ( -1.000000000000000000, -0.0000000000000000000, -0.0000000000000000000 ) ) ;
#94 = CARTESIAN_POINT ( 'NONE',  ( 21.24165672979092179, 5.000000000000004441, 6.123233995736770227E-16 ) ) ;
#95 = CIRCLE ( 'NONE', #1929, 5.000000000000002665 ) ;
#96 = VECTOR ( 'NONE', #1264, 1000.000000000000000 ) ;
#97 = EDGE_CURVE ( 'NONE', #3076, #2009, #1226, .T. ) ;
#98 = AXIS2_PLACEMENT_3D ( 'NONE', #1271, #2139, #2383 ) ;
#99 = EDGE_CURVE ( 'NONE', #475, #3433, #1190, .T. ) ;
#100 = CIRCLE ( 'NONE', #493, 4.172000000000002373 ) ;
#101 = CONICAL_SURFACE ( 'NONE', #2152, 4.171999999999999709, 0.7853981633970026355 ) ;
#102 = DIRECTION ( 'NONE',  ( -1.000000000000000000, -0.0000000000000000000, -0.0000000000000000000 ) ) ;
#103 = ORIENTED_EDGE ( 'NONE', *, *, #281, .F. ) ;
#104 = AXIS2_PLACEMENT_3D ( 'NONE', #2036, #2017, #2149 ) ;
#105 = CARTESIAN_POINT ( 'NONE',  ( 0.0000000000000000000, 2.342598717236898498, -4.057500000000003659 ) ) ;
#106 = EDGE_CURVE ( 'NONE', #3476, #412, #1233, .T. ) ;
#107 = LINE ( 'NONE', #228, #1430 ) ;
#108 = CIRCLE ( 'NONE', #2143, 5.000000000000001776 ) ;
#109 = ORIENTED_EDGE ( 'NONE', *, *, #2973, .T. ) ;
#110 = CONICAL_SURFACE ( 'NONE', #330, 4.172000000000002373, 0.9599310885968742602 ) ;
#111 = ORIENTED_EDGE ( 'NONE', *, *, #338, .T. ) ;
#112 = CARTESIAN_POINT ( 'NONE',  ( 22.70594244407663709, -8.050387167538645866E-29, 5.000000000000001776 ) ) ;
#113 = ORIENTED_EDGE ( 'NONE', *, *, #2230, .T. ) ;
#114 = ADVANCED_FACE ( 'NONE', ( #1174 ), #1143, .T. ) ;
#115 = EDGE_CURVE ( 'NONE', #2712, #501, #1149, .T. ) ;
#116 = LINE ( 'NONE', #2391, #96 ) ;
#117 = APPLICATION_PROTOCOL_DEFINITION ( 'draft international standard', 'automotive_design', 1998, #1672 ) ;
#118 = DIRECTION ( 'NONE',  ( -1.000000000000000000, -1.224606353822377258E-16, -0.0000000000000000000 ) ) ;
#119 = SURFACE_SIDE_STYLE ('',( #2334 ) ) ;
#120 = VERTEX_POINT ( 'NONE', #3097 ) ;
#121 = EDGE_LOOP ( 'NONE', ( #1541, #1780, #3083, #1807, #1756 ) ) ;
#122 = EDGE_CURVE ( 'NONE', #70, #1126, #1167, .T. ) ;
#123 = CIRCLE ( 'NONE', #1036, 5.000000000000001776 ) ;
#124 = ORIENTED_EDGE ( 'NONE', *, *, #2099, .F. ) ;
#125 = ORIENTED_EDGE ( 'NONE', *, *, #3275, .F. ) ;
#126 = DIRECTION ( 'NONE',  ( -1.000000000000000000, -1.224606353822377258E-16, -0.0000000000000000000 ) ) ;
#127 = EDGE_CURVE ( 'NONE', #2353, #3462, #1151, .T. ) ;
#128 = DIRECTION ( 'NONE',  ( 0.0000000000000000000, -1.000000000000000000, 0.0000000000000000000 ) ) ;
#129 = AXIS2_PLACEMENT_3D ( 'NONE', #1301, #2760, #787 ) ;
#130 = CARTESIAN_POINT ( 'NONE',  ( 10.40000000000000036, 0.0000000000000000000, 0.0000000000000000000 ) ) ;
#131 = VERTEX_POINT ( 'NONE', #1325 ) ;
#132 = VECTOR ( 'NONE', #1103, 1000.000000000000000 ) ;
#133 = DIRECTION ( 'NONE',  ( 0.0000000000000000000, -1.000000000000000000, 0.0000000000000000000 ) ) ;
#134 = AXIS2_PLACEMENT_3D ( 'NONE', #2537, #1527, #1835 ) ;
#135 = DIRECTION ( 'NONE',  ( 0.0000000000000000000, -1.000000000000000000, 0.0000000000000000000 ) ) ;
#136 = CLOSED_SHELL ( 'NONE', ( #2404, #2359, #2761, #1533, #1585, #595, #3165, #1803, #2109, #3114, #2180, #2094, #2930, #2744, #2423, #2900, #3023, #3464, #1641, #1288, #3179, #3231, #525, #3416, #1870, #814, #1214, #839, #2856, #1303, #1436, #608, #2771, #2267, #1441, #2654, #2357, #483, #2645, #498, #2049, #114, #2974, #1224, #2106, #1624, #2244, #1020, #2996, #576, #2706, #1358, #3228, #457, #1491, #1593, #730, #3430, #2728, #1311, #2541, #3079, #3197, #3118, #2325, #2233, #1985, #981, #1888, #757, #1464, #1280, #1010, #2096, #2621, #3223, #1693, #2812, #2687, #1728, #2631, #2146, #3058, #2226, #3239, #2033, #3015, #1592, #610, #1476, #3148, #911, #1178, #702, #2112, #2026, #1849, #773, #543, #1061, #3215, #2972, #2789, #2062, #3188, #3406, #2885, #2575, #3127, #1134, #2855 ) ) ;
#137 = CARTESIAN_POINT ( 'NONE',  ( 19.47262898449478286, -5.000000000000000888, 6.123233995736771213E-16 ) ) ;
#138 = ORIENTED_EDGE ( 'NONE', *, *, #2956, .T. ) ;
#139 = CIRCLE ( 'NONE', #425, 5.399999999999810285 ) ;
#140 = ORIENTED_EDGE ( 'NONE', *, *, #3217, .F. ) ;
#141 = DIRECTION ( 'NONE',  ( 0.0000000000000000000, 1.000000000000000000, 0.0000000000000000000 ) ) ;
#142 = CARTESIAN_POINT ( 'NONE',  ( -0.0000000000000000000, -4.685197434473816536, 4.770489558936219510E-15 ) ) ;
#143 = ORIENTED_EDGE ( 'NONE', *, *, #900, .T. ) ;
#144 = ORIENTED_EDGE ( 'NONE', *, *, #703, .T. ) ;
#145 = CARTESIAN_POINT ( 'NONE',  ( 22.70594244407663709, 2.093492502277374743E-15, 0.0000000000000000000 ) ) ;
#146 = LINE ( 'NONE', #2381, #132 ) ;
#147 = FACE_OUTER_BOUND ( 'NONE', #213, .T. ) ;
#148 = CARTESIAN_POINT ( 'NONE',  ( 29.14285714285714235, 2.164491730381051252E-15, 0.0000000000000000000 ) ) ;
#149 = CARTESIAN_POINT ( 'NONE',  ( 5.000000000000000000, 6.071532165918824830E-15, 8.114999999999998437 ) ) ;
#150 = DIRECTION ( 'NONE',  ( -1.000000000000000000, -1.224606353822377258E-16, -0.0000000000000000000 ) ) ;
#151 = DIRECTION ( 'NONE',  ( 0.0000000000000000000, 0.0000000000000000000, -1.000000000000000000 ) ) ;
#152 = VECTOR ( 'NONE', #3026, 1000.000000000000114 ) ;
#153 = ORIENTED_EDGE ( 'NONE', *, *, #3312, .T. ) ;
#154 = LINE ( 'NONE', #1309, #3405 ) ;
#155 = VECTOR ( 'NONE', #2826, 1000.000000000000000 ) ;
#156 = ORIENTED_EDGE ( 'NONE', *, *, #3255, .T. ) ;
#157 = CARTESIAN_POINT ( 'NONE',  ( 20.35714285714285765, 4.172000000000004150, 0.0000000000000000000 ) ) ;
#158 = FACE_OUTER_BOUND ( 'NONE', #2389, .T. ) ;
#159 = CARTESIAN_POINT ( 'NONE',  ( 20.35714285714285765, 4.172000000000004150, 5.109226446042759579E-16 ) ) ;
#160 = AXIS2_PLACEMENT_3D ( 'NONE', #1128, #2730, #52 ) ;
#161 = CARTESIAN_POINT ( 'NONE',  ( 25.32977184163763695, 5.000000000000004441, 0.0000000000000000000 ) ) ;
#162 = VERTEX_POINT ( 'NONE', #1332 ) ;
#163 = FACE_OUTER_BOUND ( 'NONE', #1530, .T. ) ;
#164 = ORIENTED_EDGE ( 'NONE', *, *, #1569, .T. ) ;
#165 = ORIENTED_EDGE ( 'NONE', *, *, #2147, .F. ) ;
#166 = CARTESIAN_POINT ( 'NONE',  ( 27.67857142857142705, 2.164491730381051252E-15, 0.0000000000000000000 ) ) ;
#167 = ORIENTED_EDGE ( 'NONE', *, *, #1408, .F. ) ;
#168 = CARTESIAN_POINT ( 'NONE',  ( 27.67857142857142705, 2.164491730381051252E-15, 0.0000000000000000000 ) ) ;
#169 = LINE ( 'NONE', #3150, #2134 ) ;
#170 = CIRCLE ( 'NONE', #2158, 5.000000000000001776 ) ;
#171 = VERTEX_POINT ( 'NONE', #1319 ) ;
#172 = FACE_OUTER_BOUND ( 'NONE', #2364, .T. ) ;
#173 = ORIENTED_EDGE ( 'NONE', *, *, #639, .T. ) ;
#174 = AXIS2_PLACEMENT_3D ( 'NONE', #2954, #2962, #3117 ) ;
#175 = CARTESIAN_POINT ( 'NONE',  ( 28.56308530121949474, 5.000000000000004441, 6.123233995736770227E-16 ) ) ;
#176 = VECTOR ( 'NONE', #1453, 1000.000000000000000 ) ;
#177 = ORIENTED_EDGE ( 'NONE', *, *, #3249, .T. ) ;
#178 = DIRECTION ( 'NONE',  ( 0.0000000000000000000, 0.0000000000000000000, 1.000000000000000000 ) ) ;
#179 = EDGE_CURVE ( 'NONE', #2348, #1242, #1186, .T. ) ;
#180 = DIRECTION ( 'NONE',  ( 1.000000000000000000, 0.0000000000000000000, 0.0000000000000000000 ) ) ;
#181 = CIRCLE ( 'NONE', #1057, 5.000000000000001776 ) ;
#182 = ORIENTED_EDGE ( 'NONE', *, *, #3210, .T. ) ;
#183 = VECTOR ( 'NONE', #654, 1000.000000000000000 ) ;
#184 = ORIENTED_EDGE ( 'NONE', *, *, #3210, .F. ) ;
#185 = CIRCLE ( 'NONE', #2164, 4.172000000000002373 ) ;
#186 = CARTESIAN_POINT ( 'NONE',  ( 19.77737101550521004, 2.093492502277374743E-15, 0.0000000000000000000 ) ) ;
#187 = ORIENTED_EDGE ( 'NONE', *, *, #1114, .T. ) ;
#188 = CARTESIAN_POINT ( 'NONE',  ( 19.77737101550521004, 5.000000000000004441, 6.123233995736770227E-16 ) ) ;
#189 = CIRCLE ( 'NONE', #349, 5.000000000000001776 ) ;
#190 = LINE ( 'NONE', #927, #155 ) ;
#191 = PLANE ( 'NONE',  #1729 ) ;
#192 = LINE ( 'NONE', #3327, #183 ) ;
#193 = VERTEX_POINT ( 'NONE', #1413 ) ;
#194 = LINE ( 'NONE', #3057, #932 ) ;
#195 = CYLINDRICAL_SURFACE ( 'NONE', #2170, 4.999999999999809930 ) ;
#196 = EDGE_CURVE ( 'NONE', #3294, #433, #1129, .T. ) ;
#197 = AXIS2_PLACEMENT_3D ( 'NONE', #545, #1792, #2232 ) ;
#198 = CARTESIAN_POINT ( 'NONE',  ( 10.40000000000000036, 0.0000000000000000000, 0.0000000000000000000 ) ) ;
#199 = AXIS2_PLACEMENT_3D ( 'NONE', #1522, #512, #792 ) ;
#200 = LINE ( 'NONE', #714, #1407 ) ;
#201 = CIRCLE ( 'NONE', #2248, 5.000000000000002665 ) ;
#202 = ORIENTED_EDGE ( 'NONE', *, *, #827, .F. ) ;
#203 = CIRCLE ( 'NONE', #1111, 5.000000000000002665 ) ;
#204 = AXIS2_PLACEMENT_3D ( 'NONE', #2192, #522, #2979 ) ;
#205 = ORIENTED_EDGE ( 'NONE', *, *, #2446, .T. ) ;
#206 = FILL_AREA_STYLE ('',( #333 ) ) ;
#207 = DIRECTION ( 'NONE',  ( 0.0000000000000000000, -1.000000000000000000, 0.0000000000000000000 ) ) ;
#208 = LINE ( 'NONE', #1033, #2229 ) ;
#209 = VECTOR ( 'NONE', #448, 1000.000000000000114 ) ;
#210 = VERTEX_POINT ( 'NONE', #1516 ) ;
#211 = DIRECTION ( 'NONE',  ( -0.7071067811868626540, 0.0000000000000000000, 0.7071067811862323804 ) ) ;
#212 = LINE ( 'NONE', #2831, #209 ) ;
#213 = EDGE_LOOP ( 'NONE', ( #1625, #1534, #1599, #1525 ) ) ;
#214 = CARTESIAN_POINT ( 'NONE',  ( -31.74999999999995737, 0.0000000000000000000, 4.999999999999809930 ) ) ;
#215 = FACE_OUTER_BOUND ( 'NONE', #1344, .T. ) ;
#216 = DIRECTION ( 'NONE',  ( -1.000000000000000000, -1.224606353822377258E-16, -0.0000000000000000000 ) ) ;
#217 = EDGE_CURVE ( 'NONE', #1463, #2193, #1108, .T. ) ;
#218 = ORIENTED_EDGE ( 'NONE', *, *, #3155, .T. ) ;
#219 = EDGE_LOOP ( 'NONE', ( #2354, #2360, #2382, #2406, #2422, #2429 ) ) ;
#220 = DIRECTION ( 'NONE',  ( -1.000000000000000000, -0.0000000000000000000, -0.0000000000000000000 ) ) ;
#221 = DIRECTION ( 'NONE',  ( 1.000000000000000000, 1.224606353822377258E-16, 0.0000000000000000000 ) ) ;
#222 = ORIENTED_EDGE ( 'NONE', *, *, #3352, .T. ) ;
#223 = CIRCLE ( 'NONE', #2185, 5.000000000000002665 ) ;
#224 = AXIS2_PLACEMENT_3D ( 'NONE', #1766, #2032, #2013 ) ;
#225 = DIRECTION ( 'NONE',  ( 0.0000000000000000000, -1.000000000000000000, 0.0000000000000000000 ) ) ;
#226 = ORIENTED_EDGE ( 'NONE', *, *, #7, .F. ) ;
#227 = ORIENTED_EDGE ( 'NONE', *, *, #406, .T. ) ;
#228 = CARTESIAN_POINT ( 'NONE',  ( 5.000000000000000000, -4.685197434473816536, 4.770489558936219510E-15 ) ) ;
#229 = CYLINDRICAL_SURFACE ( 'NONE', #2202, 8.000000000000000000 ) ;
#230 = CIRCLE ( 'NONE', #825, 4.172000000000002373 ) ;
#231 = DIRECTION ( 'NONE',  ( 0.0000000000000000000, -1.000000000000000000, 0.0000000000000000000 ) ) ;
#232 = EDGE_CURVE ( 'NONE', #898, #1216, #1141, .T. ) ;
#233 = DIRECTION ( 'NONE',  ( 1.000000000000000000, 1.224606353822377258E-16, 0.0000000000000000000 ) ) ;
#234 = ORIENTED_EDGE ( 'NONE', *, *, #2282, .F. ) ;
#235 = ORIENTED_EDGE ( 'NONE', *, *, #3217, .T. ) ;
#236 = DIRECTION ( 'NONE',  ( -0.0000000000000000000, -1.000000000000000000, 1.110768649713241713E-15 ) ) ;
#237 = AXIS2_PLACEMENT_3D ( 'NONE', #947, #561, #1131 ) ;
#238 = AXIS2_PLACEMENT_3D ( 'NONE', #3417, #1346, #310 ) ;
#239 = FACE_OUTER_BOUND ( 'NONE', #1296, .T. ) ;
#240 = VECTOR ( 'NONE', #41, 1000.000000000000000 ) ;
#241 = EDGE_CURVE ( 'NONE', #1994, #3151, #1105, .T. ) ;
#242 = ORIENTED_EDGE ( 'NONE', *, *, #97, .F. ) ;
#243 = AXIS2_PLACEMENT_3D ( 'NONE', #2657, #3442, #1551 ) ;
#244 = CARTESIAN_POINT ( 'NONE',  ( 34.11548612735192165, -5.000000000000000000, 6.123233995736770227E-16 ) ) ;
#245 = CARTESIAN_POINT ( 'NONE',  ( -31.74999999999995737, 0.0000000000000000000, 8.000000000000000000 ) ) ;
#246 = FACE_OUTER_BOUND ( 'NONE', #1172, .T. ) ;
#247 = LINE ( 'NONE', #46, #240 ) ;
#248 = ORIENTED_EDGE ( 'NONE', *, *, #1408, .T. ) ;
#249 = EDGE_CURVE ( 'NONE', #1302, #3141, #1102, .T. ) ;
#250 = VECTOR ( 'NONE', #1193, 1000.000000000000000 ) ;
#251 = CARTESIAN_POINT ( 'NONE',  ( 15.38451387264806769, 2.093492502277374743E-15, 0.0000000000000000000 ) ) ;
#252 = AXIS2_PLACEMENT_3D ( 'NONE', #880, #2123, #1957 ) ;
#253 = ORIENTED_EDGE ( 'NONE', *, *, #2002, .F. ) ;
#254 = CYLINDRICAL_SURFACE ( 'NONE', #2218, 4.999999999999809930 ) ;
#255 = ORIENTED_EDGE ( 'NONE', *, *, #3473, .T. ) ;
#256 = DIRECTION ( 'NONE',  ( 0.0000000000000000000, -1.000000000000000000, 0.0000000000000000000 ) ) ;
#257 = AXIS2_PLACEMENT_3D ( 'NONE', #2339, #3211, #2634 ) ;
#258 = FACE_OUTER_BOUND ( 'NONE', #637, .T. ) ;
#259 = CIRCLE ( 'NONE', #2224, 5.000000000000001776 ) ;
#260 = DIRECTION ( 'NONE',  ( 0.0000000000000000000, -1.000000000000000000, 1.481024866284322219E-15 ) ) ;
#261 = ORIENTED_EDGE ( 'NONE', *, *, #2441, .F. ) ;
#262 = ORIENTED_EDGE ( 'NONE', *, *, #290, .T. ) ;
#263 = DIRECTION ( 'NONE',  ( 0.0000000000000000000, 0.0000000000000000000, 1.000000000000000000 ) ) ;
#264 = CARTESIAN_POINT ( 'NONE',  ( 20.35714285714285765, 2.164491730381051252E-15, 0.0000000000000000000 ) ) ;
#265 = ORIENTED_EDGE ( 'NONE', *, *, #2060, .T. ) ;
#266 = CARTESIAN_POINT ( 'NONE',  ( 18.89285714285714235, 2.164491730381051252E-15, 0.0000000000000000000 ) ) ;
#267 = VECTOR ( 'NONE', #1163, 1000.000000000000000 ) ;
#268 = ORIENTED_EDGE ( 'NONE', *, *, #2254, .F. ) ;
#269 = CARTESIAN_POINT ( 'NONE',  ( 32.65120041306621346, 2.235490958484726577E-15, 0.0000000000000000000 ) ) ;
#270 = CARTESIAN_POINT ( 'NONE',  ( 27.09879958693377944, -8.050387167538645866E-29, 5.000000000000001776 ) ) ;
#271 = CARTESIAN_POINT ( 'NONE',  ( 10.40000000000000036, 6.123233995736533568E-16, -4.999999999999809930 ) ) ;
#272 = ORIENTED_EDGE ( 'NONE', *, *, #2598, .F. ) ;
#273 = EDGE_CURVE ( 'NONE', #1636, #3332, #1099, .T. ) ;
#274 = AXIS2_PLACEMENT_3D ( 'NONE', #678, #1196, #1093 ) ;
#275 = EDGE_CURVE ( 'NONE', #2723, #797, #1095, .T. ) ;
#276 = CIRCLE ( 'NONE', #2210, 5.000000000000002665 ) ;
#277 = AXIS2_PLACEMENT_3D ( 'NONE', #1326, #3306, #3463 ) ;
#278 = CARTESIAN_POINT ( 'NONE',  ( 22.40120041306620990, 5.000000000000004441, 0.0000000000000000000 ) ) ;
#279 = ORIENTED_EDGE ( 'NONE', *, *, #290, .F. ) ;
#280 = CONICAL_SURFACE ( 'NONE', #2269, 5.000000000000002665, 0.9599310885968831419 ) ;
#281 = EDGE_CURVE ( 'NONE', #650, #3396, #1136, .T. ) ;
#282 = AXIS2_PLACEMENT_3D ( 'NONE', #1520, #1447, #1774 ) ;
#283 = CARTESIAN_POINT ( 'NONE',  ( 5.000000000000000000, 6.071532165918824830E-15, 8.114999999999998437 ) ) ;
#284 = ORIENTED_EDGE ( 'NONE', *, *, #1011, .T. ) ;
#285 = LINE ( 'NONE', #1284, #250 ) ;
#286 = CARTESIAN_POINT ( 'NONE',  ( 31.18691469878049460, -5.000000000000000888, 6.123233995736771213E-16 ) ) ;
#287 = VECTOR ( 'NONE', #2163, 1000.000000000000000 ) ;
#288 = DIRECTION ( 'NONE',  ( -0.5000000000000034417, 0.0000000000000000000, 0.8660254037844367092 ) ) ;
#289 = DIRECTION ( 'NONE',  ( -1.000000000000000000, -1.224606353822377258E-16, -0.0000000000000000000 ) ) ;
#290 = EDGE_CURVE ( 'NONE', #2512, #1283, #1087, .T. ) ;
#291 = CIRCLE ( 'NONE', #2305, 4.172000000000002373 ) ;
#292 = ORIENTED_EDGE ( 'NONE', *, *, #3227, .F. ) ;
#293 = DIRECTION ( 'NONE',  ( -1.000000000000000000, -1.224606353822377258E-16, -0.0000000000000000000 ) ) ;
#294 = ORIENTED_EDGE ( 'NONE', *, *, #2236, .F. ) ;
#295 = DIRECTION ( 'NONE',  ( 0.0000000000000000000, -1.000000000000000000, 0.0000000000000000000 ) ) ;
#296 = UNCERTAINTY_MEASURE_WITH_UNIT (LENGTH_MEASURE( 1.000000000000000082E-05 ), #1742, 'distance_accuracy_value', 'NONE');
#297 = VECTOR ( 'NONE', #478, 1000.000000000000000 ) ;
#298 = FACE_OUTER_BOUND ( 'NONE', #2662, .T. ) ;
#299 = FACE_OUTER_BOUND ( 'NONE', #1679, .T. ) ;
#300 = ORIENTED_EDGE ( 'NONE', *, *, #3180, .T. ) ;
#301 = DIRECTION ( 'NONE',  ( -1.000000000000000000, -0.0000000000000000000, -0.0000000000000000000 ) ) ;
#302 = DIRECTION ( 'NONE',  ( 0.0000000000000000000, 1.000000000000000000, -1.481024866284322219E-15 ) ) ;
#303 = FACE_OUTER_BOUND ( 'NONE', #393, .T. ) ;
#304 = CIRCLE ( 'NONE', #2258, 5.000000000000001776 ) ;
#305 = ORIENTED_EDGE ( 'NONE', *, *, #3304, .F. ) ;
#306 = DIRECTION ( 'NONE',  ( -1.000000000000000000, -1.224606353822377258E-16, -0.0000000000000000000 ) ) ;
#307 = CARTESIAN_POINT ( 'NONE',  ( 5.000000000000000000, -4.506943796211478869E-15, -4.057500000000000107 ) ) ;
#308 = DIRECTION ( 'NONE',  ( 0.0000000000000000000, 0.0000000000000000000, -1.000000000000000000 ) ) ;
#309 = EDGE_CURVE ( 'NONE', #2673, #3212, #1081, .T. ) ;
#310 = DIRECTION ( 'NONE',  ( 0.0000000000000000000, -1.000000000000000000, 0.0000000000000000000 ) ) ;
#311 =( LENGTH_UNIT ( ) NAMED_UNIT ( * ) SI_UNIT ( .MILLI., .METRE. ) );
#312 = EDGE_CURVE ( 'NONE', #2385, #650, #1074, .T. ) ;
#313 = AXIS2_PLACEMENT_3D ( 'NONE', #1139, #710, #1759 ) ;
#314 = ORIENTED_EDGE ( 'NONE', *, *, #845, .F. ) ;
#315 = CONICAL_SURFACE ( 'NONE', #1209, 4.172000000000002373, 0.9599310885968742602 ) ;
#316 = DIRECTION ( 'NONE',  ( 0.0000000000000000000, 1.000000000000000000, 0.0000000000000000000 ) ) ;
#317 = LINE ( 'NONE', #1055, #297 ) ;
#318 = EDGE_LOOP ( 'NONE', ( #2627, #2659, #2667, #2683, #2689, #2691 ) ) ;
#319 = ORIENTED_EDGE ( 'NONE', *, *, #639, .F. ) ;
#320 = EDGE_CURVE ( 'NONE', #3041, #650, #1090, .T. ) ;
#321 = AXIS2_PLACEMENT_3D ( 'NONE', #3422, #180, #151 ) ;
#322 = ORIENTED_EDGE ( 'NONE', *, *, #3308, .F. ) ;
#323 = CARTESIAN_POINT ( 'NONE',  ( 32.65120041306621346, 2.235490958484726577E-15, 0.0000000000000000000 ) ) ;
#324 = AXIS2_PLACEMENT_3D ( 'NONE', #2783, #2853, #3358 ) ;
#325 = DIRECTION ( 'NONE',  ( -0.0000000000000000000, 0.0000000000000000000, -1.000000000000000000 ) ) ;
#326 = DIRECTION ( 'NONE',  ( -1.000000000000000000, -0.0000000000000000000, -0.0000000000000000000 ) ) ;
#327 = CYLINDRICAL_SURFACE ( 'NONE', #257, 4.999999999999809930 ) ;
#328 = CARTESIAN_POINT ( 'NONE',  ( 28.56308530121949474, 2.093492502277374743E-15, 0.0000000000000000000 ) ) ;
#329 = ORIENTED_EDGE ( 'NONE', *, *, #3343, .T. ) ;
#330 = AXIS2_PLACEMENT_3D ( 'NONE', #2040, #1967, #1035 ) ;
#331 = CARTESIAN_POINT ( 'NONE',  ( 21.82142857142857295, 2.164491730381051252E-15, 0.0000000000000000000 ) ) ;
#332 = EDGE_LOOP ( 'NONE', ( #1926, #1982, #1710, #1417, #1449 ) ) ;
#333 = FILL_AREA_STYLE_COLOUR ( '', #2624 ) ;
#334 = FACE_OUTER_BOUND ( 'NONE', #1758, .T. ) ;
#335 = CARTESIAN_POINT ( 'NONE',  ( 28.25834327020906755, 2.235490958484726577E-15, 0.0000000000000000000 ) ) ;
#336 = DIRECTION ( 'NONE',  ( -0.5735764363510519326, 0.8191520442889876907, 1.003171929053519816E-16 ) ) ;
#337 = VECTOR ( 'NONE', #2089, 1000.000000000000000 ) ;
#338 = EDGE_CURVE ( 'NONE', #3384, #2385, #1059, .T. ) ;
#339 = CONICAL_SURFACE ( 'NONE', #2295, 5.000000000000002665, 0.9599310885968831419 ) ;
#340 = DIRECTION ( 'NONE',  ( 0.0000000000000000000, 1.000000000000000000, 0.0000000000000000000 ) ) ;
#341 = CARTESIAN_POINT ( 'NONE',  ( 15.07977184163763873, 2.235490958484726577E-15, 0.0000000000000000000 ) ) ;
#342 = CIRCLE ( 'NONE', #1996, 5.000000000000001776 ) ;
#343 = SURFACE_SIDE_STYLE ('',( #3303 ) ) ;
#344 = ORIENTED_EDGE ( 'NONE', *, *, #2141, .T. ) ;
#345 = ORIENTED_EDGE ( 'NONE', *, *, #3042, .T. ) ;
#346 = AXIS2_PLACEMENT_3D ( 'NONE', #2168, #1482, #2403 ) ;
#347 = AXIS2_PLACEMENT_3D ( 'NONE', #264, #1069, #2487 ) ;
#348 = DIRECTION ( 'NONE',  ( 0.0000000000000000000, 1.000000000000000000, 0.0000000000000000000 ) ) ;
#349 = AXIS2_PLACEMENT_3D ( 'NONE', #3398, #2329, #1450 ) ;
#350 = LINE ( 'NONE', #1045, #1902 ) ;
#351 = LINE ( 'NONE', #214, #375 ) ;
#352 = VERTEX_POINT ( 'NONE', #2133 ) ;
#353 = VERTEX_POINT ( 'NONE', #1409 ) ;
#354 = CARTESIAN_POINT ( 'NONE',  ( 31.18691469878049460, 2.235490958484726577E-15, 0.0000000000000000000 ) ) ;
#355 = CIRCLE ( 'NONE', #2290, 5.000000000000002665 ) ;
#356 = AXIS2_PLACEMENT_3D ( 'NONE', #2380, #2257, #1354 ) ;
#357 = ORIENTED_EDGE ( 'NONE', *, *, #590, .T. ) ;
#358 = ORIENTED_EDGE ( 'NONE', *, *, #3249, .F. ) ;
#359 = CIRCLE ( 'NONE', #2270, 5.000000000000002665 ) ;
#360 = DIRECTION ( 'NONE',  ( -1.000000000000000000, -0.0000000000000000000, -0.0000000000000000000 ) ) ;
#361 = ORIENTED_EDGE ( 'NONE', *, *, #3241, .F. ) ;
#362 = LINE ( 'NONE', #1831, #2854 ) ;
#363 = DIRECTION ( 'NONE',  ( -0.5735764363510517105, -0.8191520442889879128, 0.0000000000000000000 ) ) ;
#364 = ORIENTED_EDGE ( 'NONE', *, *, #1639, .T. ) ;
#365 = ORIENTED_EDGE ( 'NONE', *, *, #2065, .T. ) ;
#366 = PLANE ( 'NONE',  #926 ) ;
#367 = EDGE_CURVE ( 'NONE', #891, #2899, #1052, .T. ) ;
#368 = VERTEX_POINT ( 'NONE', #1498 ) ;
#369 = CARTESIAN_POINT ( 'NONE',  ( 17.42857142857142705, 4.172000000000004150, 0.0000000000000000000 ) ) ;
#370 = DIRECTION ( 'NONE',  ( -0.0000000000000000000, 0.8660254037844392627, 0.4999999999999988898 ) ) ;
#371 = ORIENTED_EDGE ( 'NONE', *, *, #1122, .F. ) ;
#372 = ORIENTED_EDGE ( 'NONE', *, *, #1168, .F. ) ;
#373 = CARTESIAN_POINT ( 'NONE',  ( 15.07977184163763873, 2.235490958484726577E-15, 0.0000000000000000000 ) ) ;
#374 = LINE ( 'NONE', #1583, #631 ) ;
#375 = VECTOR ( 'NONE', #220, 1000.000000000000000 ) ;
#376 = ORIENTED_EDGE ( 'NONE', *, *, #2626, .F. ) ;
#377 = ORIENTED_EDGE ( 'NONE', *, *, #3260, .T. ) ;
#378 = DIRECTION ( 'NONE',  ( 0.0000000000000000000, -1.000000000000000000, 0.0000000000000000000 ) ) ;
#379 = LINE ( 'NONE', #1628, #1897 ) ;
#380 = VERTEX_POINT ( 'NONE', #1493 ) ;
#381 = ORIENTED_EDGE ( 'NONE', *, *, #179, .T. ) ;
#382 = CARTESIAN_POINT ( 'NONE',  ( 14.50000000000000000, 2.164491730381051252E-15, 0.0000000000000000000 ) ) ;
#383 = PLANE ( 'NONE',  #282 ) ;
#384 = SURFACE_STYLE_USAGE ( .BOTH. , #44 ) ;
#385 = VECTOR ( 'NONE', #3421, 1000.000000000000000 ) ;
#386 = CARTESIAN_POINT ( 'NONE',  ( 29.72262898449477930, 5.000000000000005329, 0.0000000000000000000 ) ) ;
#387 = CIRCLE ( 'NONE', #2288, 4.172000000000002373 ) ;
#388 = DIRECTION ( 'NONE',  ( -1.000000000000000000, -1.224606353822377258E-16, -0.0000000000000000000 ) ) ;
#389 = ORIENTED_EDGE ( 'NONE', *, *, #2341, .T. ) ;
#390 = DIRECTION ( 'NONE',  ( 0.0000000000000000000, -1.000000000000000000, 0.0000000000000000000 ) ) ;
#391 = CONICAL_SURFACE ( 'NONE', #356, 4.172000000000002373, 0.9599310885968742602 ) ;
#392 = CARTESIAN_POINT ( 'NONE',  ( 18.31308530121949474, 2.093492502277374743E-15, 0.0000000000000000000 ) ) ;
#393 = EDGE_LOOP ( 'NONE', ( #2557, #2562, #2573, #2592, #2623 ) ) ;
#394 = DIRECTION ( 'NONE',  ( -1.000000000000000000, -1.224606353822377258E-16, -0.0000000000000000000 ) ) ;
#395 = CIRCLE ( 'NONE', #2301, 5.000000000000001776 ) ;
#396 = CARTESIAN_POINT ( 'NONE',  ( 21.24165672979092179, 2.093492502277374743E-15, 0.0000000000000000000 ) ) ;
#397 = VECTOR ( 'NONE', #800, 1000.000000000000000 ) ;
#398 = VERTEX_POINT ( 'NONE', #1502 ) ;
#399 = CARTESIAN_POINT ( 'NONE',  ( 15.96428571428571530, 4.172000000000004150, 0.0000000000000000000 ) ) ;
#400 = FACE_OUTER_BOUND ( 'NONE', #2186, .T. ) ;
#401 = EDGE_CURVE ( 'NONE', #120, #1250, #1051, .T. ) ;
#402 = CIRCLE ( 'NONE', #2747, 5.000000000000002665 ) ;
#403 = FACE_OUTER_BOUND ( 'NONE', #1402, .T. ) ;
#404 = ORIENTED_EDGE ( 'NONE', *, *, #3352, .F. ) ;
#405 = DIRECTION ( 'NONE',  ( -0.0000000000000000000, 1.000000000000000000, 1.224646799147353207E-16 ) ) ;
#406 = EDGE_CURVE ( 'NONE', #2348, #3396, #1071, .T. ) ;
#407 = CIRCLE ( 'NONE', #2314, 5.000000000000002665 ) ;
#408 = VERTEX_POINT ( 'NONE', #1568 ) ;
#409 = FILL_AREA_STYLE_COLOUR ( '', #563 ) ;
#410 = CARTESIAN_POINT ( 'NONE',  ( 15.38451387264806769, 5.000000000000004441, 6.123233995736770227E-16 ) ) ;
#411 = VERTEX_POINT ( 'NONE', #1577 ) ;
#412 = VERTEX_POINT ( 'NONE', #1588 ) ;
#413 = CIRCLE ( 'NONE', #2342, 5.000000000000002665 ) ;
#414 = VERTEX_POINT ( 'NONE', #1571 ) ;
#415 = EDGE_CURVE ( 'NONE', #3332, #1287, #1032, .T. ) ;
#416 = AXIS2_PLACEMENT_3D ( 'NONE', #27, #3185, #2188 ) ;
#417 =( NAMED_UNIT ( * ) PLANE_ANGLE_UNIT ( ) SI_UNIT ( $, .RADIAN. ) );
#418 = AXIS2_PLACEMENT_3D ( 'NONE', #706, #2863, #3033 ) ;
#419 = ORIENTED_EDGE ( 'NONE', *, *, #1643, .T. ) ;
#420 = VERTEX_POINT ( 'NONE', #1612 ) ;
#421 = ORIENTED_EDGE ( 'NONE', *, *, #2707, .F. ) ;
#422 = ORIENTED_EDGE ( 'NONE', *, *, #2167, .F. ) ;
#423 = CARTESIAN_POINT ( 'NONE',  ( 16.84879958693377944, 2.093492502277374743E-15, 0.0000000000000000000 ) ) ;
#424 = EDGE_CURVE ( 'NONE', #2353, #3041, #1013, .T. ) ;
#425 = AXIS2_PLACEMENT_3D ( 'NONE', #2895, #1699, #1556 ) ;
#426 = ORIENTED_EDGE ( 'NONE', *, *, #3253, .F. ) ;
#427 = EDGE_CURVE ( 'NONE', #1636, #1674, #1007, .T. ) ;
#428 = LINE ( 'NONE', #2298, #1910 ) ;
#429 = CARTESIAN_POINT ( 'NONE',  ( 19.47262898449478286, 2.235490958484726577E-15, 0.0000000000000000000 ) ) ;
#430 = ORIENTED_EDGE ( 'NONE', *, *, #890, .T. ) ;
#431 = CIRCLE ( 'NONE', #2347, 5.000000000000001776 ) ;
#432 = AXIS2_PLACEMENT_3D ( 'NONE', #2195, #3003, #5 ) ;
#433 = VERTEX_POINT ( 'NONE', #1744 ) ;
#434 = DIRECTION ( 'NONE',  ( -1.000000000000000000, -1.224606353822377258E-16, -0.0000000000000000000 ) ) ;
#435 = CONICAL_SURFACE ( 'NONE', #2390, 5.000000000000002665, 0.9599310885968831419 ) ;
#436 = DIRECTION ( 'NONE',  ( -1.000000000000000000, -1.224606353822377258E-16, -0.0000000000000000000 ) ) ;
#437 = SHAPE_DEFINITION_REPRESENTATION ( #1083, #2368 ) ;
#438 = ORIENTED_EDGE ( 'NONE', *, *, #2998, .F. ) ;
#439 = AXIS2_PLACEMENT_3D ( 'NONE', #2395, #3251, #1634 ) ;
#440 = CIRCLE ( 'NONE', #2384, 5.000000000000001776 ) ;
#441 = CARTESIAN_POINT ( 'NONE',  ( 15.07977184163763873, -8.628166150854816622E-29, 5.000000000000001776 ) ) ;
#442 = CIRCLE ( 'NONE', #2968, 4.172000000000002373 ) ;
#443 = SURFACE_STYLE_USAGE ( .BOTH. , #343 ) ;
#444 = ORIENTED_EDGE ( 'NONE', *, *, #3039, .F. ) ;
#445 = ORIENTED_EDGE ( 'NONE', *, *, #1203, .T. ) ;
#446 = CIRCLE ( 'NONE', #1459, 4.172000000000002373 ) ;
#447 = LINE ( 'NONE', #159, #474 ) ;
#448 = DIRECTION ( 'NONE',  ( 0.5735764363510444941, 0.8191520442889929088, 0.0000000000000000000 ) ) ;
#449 = DIRECTION ( 'NONE',  ( -1.000000000000000000, -1.224606353822377258E-16, -0.0000000000000000000 ) ) ;
#450 = DIRECTION ( 'NONE',  ( 0.0000000000000000000, -1.000000000000000000, 0.0000000000000000000 ) ) ;
#451 = CIRCLE ( 'NONE', #2365, 4.172000000000002373 ) ;
#452 = ORIENTED_EDGE ( 'NONE', *, *, #1972, .T. ) ;
#453 = ORIENTED_EDGE ( 'NONE', *, *, #1559, .T. ) ;
#454 = AXIS2_PLACEMENT_3D ( 'NONE', #130, #2953, #2615 ) ;
#455 = DIRECTION ( 'NONE',  ( -0.7071067811868626540, 8.659560562351073603E-17, -0.7071067811862323804 ) ) ;
#456 = LINE ( 'NONE', #1637, #2466 ) ;
#457 = ADVANCED_FACE ( 'NONE', ( #1043 ), #1002, .T. ) ;
#458 = CIRCLE ( 'NONE', #2375, 5.000000000000001776 ) ;
#459 = CARTESIAN_POINT ( 'NONE',  ( 5.000000000000000000, -4.685197434473816536, 4.770489558936219510E-15 ) ) ;
#460 = ORIENTED_EDGE ( 'NONE', *, *, #2052, .T. ) ;
#461 = CIRCLE ( 'NONE', #1392, 5.000000000000002665 ) ;
#462 = FACE_OUTER_BOUND ( 'NONE', #2412, .T. ) ;
#463 = ORIENTED_EDGE ( 'NONE', *, *, #88, .F. ) ;
#464 = VECTOR ( 'NONE', #3236, 1000.000000000000000 ) ;
#465 = DIRECTION ( 'NONE',  ( 0.0000000000000000000, -1.000000000000000000, 0.0000000000000000000 ) ) ;
#466 = ORIENTED_EDGE ( 'NONE', *, *, #628, .T. ) ;
#467 = AXIS2_PLACEMENT_3D ( 'NONE', #988, #2327, #1684 ) ;
#468 = FACE_OUTER_BOUND ( 'NONE', #2566, .T. ) ;
#469 = LINE ( 'NONE', #609, #397 ) ;
#470 = ORIENTED_EDGE ( 'NONE', *, *, #2387, .F. ) ;
#471 = DIRECTION ( 'NONE',  ( 0.0000000000000000000, -1.000000000000000000, 0.0000000000000000000 ) ) ;
#472 = DIRECTION ( 'NONE',  ( 0.0000000000000000000, -1.000000000000000000, 0.0000000000000000000 ) ) ;
#473 = LINE ( 'NONE', #767, #2732 ) ;
#474 = VECTOR ( 'NONE', #1068, 1000.000000000000000 ) ;
#475 = VERTEX_POINT ( 'NONE', #1767 ) ;
#476 = ORIENTED_EDGE ( 'NONE', *, *, #2517, .T. ) ;
#477 = ORIENTED_EDGE ( 'NONE', *, *, #1135, .T. ) ;
#478 = DIRECTION ( 'NONE',  ( -0.5735764363510519326, 0.8191520442889876907, 1.003171929053519816E-16 ) ) ;
#479 = EDGE_CURVE ( 'NONE', #2762, #743, #1017, .T. ) ;
#480 = DIRECTION ( 'NONE',  ( -0.5735764363510517105, -0.8191520442889879128, 0.0000000000000000000 ) ) ;
#481 = ORIENTED_EDGE ( 'NONE', *, *, #492, .F. ) ;
#482 = ORIENTED_EDGE ( 'NONE', *, *, #1156, .T. ) ;
#483 = ADVANCED_FACE ( 'NONE', ( #991 ), #975, .T. ) ;
#484 = CARTESIAN_POINT ( 'NONE',  ( 21.24165672979092179, 6.123233995735968547E-16, -5.000000000000001776 ) ) ;
#485 = CARTESIAN_POINT ( 'NONE',  ( 22.70594244407663709, -4.999999999999999112, 0.0000000000000000000 ) ) ;
#486 = DIRECTION ( 'NONE',  ( -1.000000000000000000, -1.224606353822377258E-16, -0.0000000000000000000 ) ) ;
#487 = ORIENTED_EDGE ( 'NONE', *, *, #2810, .F. ) ;
#488 = AXIS2_PLACEMENT_3D ( 'NONE', #1939, #2735, #910 ) ;
#489 = VECTOR ( 'NONE', #3360, 1000.000000000000000 ) ;
#490 = FACE_OUTER_BOUND ( 'NONE', #2542, .T. ) ;
#491 = CYLINDRICAL_SURFACE ( 'NONE', #2411, 4.999999999999809930 ) ;
#492 = EDGE_CURVE ( 'NONE', #2009, #3243, #984, .T. ) ;
#493 = AXIS2_PLACEMENT_3D ( 'NONE', #1632, #1689, #3375 ) ;
#494 = VECTOR ( 'NONE', #302, 1000.000000000000000 ) ;
#495 = DIRECTION ( 'NONE',  ( -1.000000000000000000, -1.224606353822377258E-16, -0.0000000000000000000 ) ) ;
#496 = VERTEX_POINT ( 'NONE', #1889 ) ;
#497 = CARTESIAN_POINT ( 'NONE',  ( 16.54405755592335225, 2.235490958484726577E-15, 0.0000000000000000000 ) ) ;
#498 = ADVANCED_FACE ( 'NONE', ( #985 ), #923, .T. ) ;
#499 = CIRCLE ( 'NONE', #2433, 5.000000000000001776 ) ;
#500 = CONICAL_SURFACE ( 'NONE', #1202, 5.000000000000002665, 0.9599310885968831419 ) ;
#501 = VERTEX_POINT ( 'NONE', #1936 ) ;
#502 = AXIS2_PLACEMENT_3D ( 'NONE', #1503, #2600, #1255 ) ;
#503 = DIRECTION ( 'NONE',  ( -1.000000000000000000, -0.0000000000000000000, -0.0000000000000000000 ) ) ;
#504 = LINE ( 'NONE', #3238, #464 ) ;
#505 = VECTOR ( 'NONE', #1746, 1000.000000000000114 ) ;
#506 = ORIENTED_EDGE ( 'NONE', *, *, #3267, .F. ) ;
#507 = AXIS2_PLACEMENT_3D ( 'NONE', #582, #2806, #2346 ) ;
#508 = ORIENTED_EDGE ( 'NONE', *, *, #427, .T. ) ;
#509 = ORIENTED_EDGE ( 'NONE', *, *, #1528, .F. ) ;
#510 = ORIENTED_EDGE ( 'NONE', *, *, #557, .T. ) ;
#511 = CARTESIAN_POINT ( 'NONE',  ( -31.74999999999995737, 0.0000000000000000000, 0.0000000000000000000 ) ) ;
#512 = DIRECTION ( 'NONE',  ( -1.000000000000000000, -1.224606353822377258E-16, -0.0000000000000000000 ) ) ;
#513 = DIRECTION ( 'NONE',  ( -1.000000000000000000, -0.0000000000000000000, -0.0000000000000000000 ) ) ;
#514 = LINE ( 'NONE', #1781, #489 ) ;
#515 = ORIENTED_EDGE ( 'NONE', *, *, #882, .T. ) ;
#516 = CARTESIAN_POINT ( 'NONE',  ( 31.18691469878049460, 2.235490958484726577E-15, 0.0000000000000000000 ) ) ;
#517 = DIRECTION ( 'NONE',  ( 1.000000000000000000, 0.0000000000000000000, -0.0000000000000000000 ) ) ;
#518 = DIRECTION ( 'NONE',  ( 0.0000000000000000000, -1.000000000000000000, 0.0000000000000000000 ) ) ;
#519 = AXIS2_PLACEMENT_3D ( 'NONE', #1098, #1579, #3096 ) ;
#520 = CONICAL_SURFACE ( 'NONE', #812, 5.000000000000002665, 0.9599310885968831419 ) ;
#521 = CONICAL_SURFACE ( 'NONE', #2472, 5.000000000000002665, 0.9599310885968831419 ) ;
#522 = DIRECTION ( 'NONE',  ( -1.000000000000000000, -0.0000000000000000000, -0.0000000000000000000 ) ) ;
#523 = ORIENTED_EDGE ( 'NONE', *, *, #424, .F. ) ;
#524 = CIRCLE ( 'NONE', #1938, 5.000000000000002665 ) ;
#525 = ADVANCED_FACE ( 'NONE', ( #951 ), #994, .T. ) ;
#526 = CIRCLE ( 'NONE', #2490, 5.000000000000001776 ) ;
#527 = DIRECTION ( 'NONE',  ( 0.0000000000000000000, -1.000000000000000000, 0.0000000000000000000 ) ) ;
#528 = ORIENTED_EDGE ( 'NONE', *, *, #2898, .F. ) ;
#529 = VECTOR ( 'NONE', #2310, 1000.000000000000114 ) ;
#530 = ORIENTED_EDGE ( 'NONE', *, *, #2432, .T. ) ;
#531 = ORIENTED_EDGE ( 'NONE', *, *, #2236, .T. ) ;
#532 = PRODUCT_DEFINITION_CONTEXT ( 'detailed design', #2179, 'design' ) ;
#533 = EDGE_CURVE ( 'NONE', #171, #2396, #933, .T. ) ;
#534 = FACE_OUTER_BOUND ( 'NONE', #2035, .T. ) ;
#535 = LINE ( 'NONE', #2692, #552 ) ;
#536 = EDGE_CURVE ( 'NONE', #2712, #3036, #970, .T. ) ;
#537 = AXIS2_PLACEMENT_3D ( 'NONE', #251, #953, #207 ) ;
#538 = CARTESIAN_POINT ( 'NONE',  ( 30.02737101550520649, 6.123233995735964602E-16, -5.000000000000001776 ) ) ;
#539 = LINE ( 'NONE', #2173, #2508 ) ;
#540 = CARTESIAN_POINT ( 'NONE',  ( 30.60714285714285410, 2.164491730381051252E-15, 0.0000000000000000000 ) ) ;
#541 = EDGE_CURVE ( 'NONE', #743, #1250, #940, .T. ) ;
#542 = FACE_OUTER_BOUND ( 'NONE', #2416, .T. ) ;
#543 = ADVANCED_FACE ( 'NONE', ( #852 ), #826, .T. ) ;
#544 = CARTESIAN_POINT ( 'NONE',  ( 18.00834327020906755, 2.235490958484726577E-15, 0.0000000000000000000 ) ) ;
#545 = CARTESIAN_POINT ( 'NONE',  ( 25.63451387264806769, 2.093492502277374743E-15, 0.0000000000000000000 ) ) ;
#546 = ORIENTED_EDGE ( 'NONE', *, *, #2092, .T. ) ;
#547 = CIRCLE ( 'NONE', #1949, 4.172000000000002373 ) ;
#548 = LINE ( 'NONE', #550, #529 ) ;
#549 = AXIS2_PLACEMENT_3D ( 'NONE', #1223, #1472, #1231 ) ;
#550 = CARTESIAN_POINT ( 'NONE',  ( 25.32977184163763695, 5.000000000000005329, 0.0000000000000000000 ) ) ;
#551 = CYLINDRICAL_SURFACE ( 'NONE', #2449, 4.999999999999809930 ) ;
#552 = VECTOR ( 'NONE', #3440, 1000.000000000000000 ) ;
#553 = VECTOR ( 'NONE', #2440, 1000.000000000000000 ) ;
#554 = FACE_OUTER_BOUND ( 'NONE', #1707, .T. ) ;
#555 = DIRECTION ( 'NONE',  ( 0.0000000000000000000, -1.000000000000000000, 0.0000000000000000000 ) ) ;
#556 = DIRECTION ( 'NONE',  ( -1.000000000000000000, -1.224606353822377258E-16, -0.0000000000000000000 ) ) ;
#557 = EDGE_CURVE ( 'NONE', #3212, #3009, #828, .T. ) ;
#558 = EDGE_CURVE ( 'NONE', #3036, #131, #834, .T. ) ;
#559 = CIRCLE ( 'NONE', #2519, 4.172000000000002373 ) ;
#560 = CARTESIAN_POINT ( 'NONE',  ( -31.74999999999995737, 6.123233995736533568E-16, -4.999999999999809930 ) ) ;
#561 = DIRECTION ( 'NONE',  ( -1.000000000000000000, -1.224606353822377258E-16, -0.0000000000000000000 ) ) ;
#562 = LINE ( 'NONE', #3338, #1827 ) ;
#563 = COLOUR_RGB ( '',0.7764705882352941346, 0.7568627450980391913, 0.7372549019607843590 ) ;
#564 = VECTOR ( 'NONE', #2219, 1000.000000000000000 ) ;
#565 = DIRECTION ( 'NONE',  ( -1.000000000000000000, -1.224606353822377258E-16, -0.0000000000000000000 ) ) ;
#566 = DIRECTION ( 'NONE',  ( -1.000000000000000000, -1.224606353822377258E-16, -0.0000000000000000000 ) ) ;
#567 = LINE ( 'NONE', #2658, #564 ) ;
#568 = DIRECTION ( 'NONE',  ( -1.000000000000000000, -0.0000000000000000000, -0.0000000000000000000 ) ) ;
#569 = CIRCLE ( 'NONE', #1771, 5.000000000000001776 ) ;
#570 = ORIENTED_EDGE ( 'NONE', *, *, #1896, .F. ) ;
#571 = CARTESIAN_POINT ( 'NONE',  ( 31.18691469878049460, 5.000000000000004441, 0.0000000000000000000 ) ) ;
#572 = DIRECTION ( 'NONE',  ( 0.0000000000000000000, 1.000000000000000000, -1.481024866284322219E-15 ) ) ;
#573 = CARTESIAN_POINT ( 'NONE',  ( 33.53571428571428470, 4.172000000000004150, 0.0000000000000000000 ) ) ;
#574 = DIRECTION ( 'NONE',  ( 0.0000000000000000000, 0.0000000000000000000, 1.000000000000000000 ) ) ;
#575 = AXIS2_PLACEMENT_3D ( 'NONE', #776, #2397, #1291 ) ;
#576 = ADVANCED_FACE ( 'NONE', ( #887 ), #804, .T. ) ;
#577 = CARTESIAN_POINT ( 'NONE',  ( 5.000000000000000000, 0.0000000000000000000, 0.0000000000000000000 ) ) ;
#578 = CONICAL_SURFACE ( 'NONE', #98, 5.000000000000002665, 0.9599310885968831419 ) ;
#579 = AXIS2_PLACEMENT_3D ( 'NONE', #1909, #405, #3014 ) ;
#580 =( NAMED_UNIT ( * ) PLANE_ANGLE_UNIT ( ) SI_UNIT ( $, .RADIAN. ) );
#581 = AXIS2_PLACEMENT_3D ( 'NONE', #2951, #1797, #1790 ) ;
#582 = CARTESIAN_POINT ( 'NONE',  ( 23.28571428571428470, 2.164491730381051252E-15, 0.0000000000000000000 ) ) ;
#583 = DIRECTION ( 'NONE',  ( 0.0000000000000000000, 0.0000000000000000000, 1.000000000000000000 ) ) ;
#584 = AXIS2_PLACEMENT_3D ( 'NONE', #168, #886, #753 ) ;
#585 = CIRCLE ( 'NONE', #1574, 5.000000000000002665 ) ;
#586 = AXIS2_PLACEMENT_3D ( 'NONE', #1314, #3209, #3340 ) ;
#587 = VECTOR ( 'NONE', #2144, 1000.000000000000000 ) ;
#588 = FACE_OUTER_BOUND ( 'NONE', #1941, .T. ) ;
#589 = FACE_OUTER_BOUND ( 'NONE', #1355, .T. ) ;
#590 = EDGE_CURVE ( 'NONE', #3061, #1126, #809, .T. ) ;
#591 = ORIENTED_EDGE ( 'NONE', *, *, #3095, .F. ) ;
#592 = DIRECTION ( 'NONE',  ( 0.0000000000000000000, -1.000000000000000000, 0.0000000000000000000 ) ) ;
#593 = DIRECTION ( 'NONE',  ( -1.000000000000000000, -0.0000000000000000000, -0.0000000000000000000 ) ) ;
#594 = LINE ( 'NONE', #560, #647 ) ;
#595 = ADVANCED_FACE ( 'NONE', ( #873 ), #771, .T. ) ;
#596 = CARTESIAN_POINT ( 'NONE',  ( 31.18691469878049460, -5.000000000000000000, 6.123233995736770227E-16 ) ) ;
#597 = CIRCLE ( 'NONE', #549, 5.000000000000001776 ) ;
#598 = LINE ( 'NONE', #1222, #553 ) ;
#599 = EDGE_CURVE ( 'NONE', #412, #3476, #778, .T. ) ;
#600 =( GEOMETRIC_REPRESENTATION_CONTEXT ( 3 ) GLOBAL_UNCERTAINTY_ASSIGNED_CONTEXT ( ( #3159 ) ) GLOBAL_UNIT_ASSIGNED_CONTEXT ( ( #1659, #2716, #1677 ) ) REPRESENTATION_CONTEXT ( 'NONE', 'WORKASPACE' ) );
#601 = CIRCLE ( 'NONE', #1854, 5.000000000000001776 ) ;
#602 = CARTESIAN_POINT ( 'NONE',  ( 20.35714285714285765, 2.164491730381051252E-15, 0.0000000000000000000 ) ) ;
#603 = DIRECTION ( 'NONE',  ( 0.0000000000000000000, 0.0000000000000000000, 1.000000000000000000 ) ) ;
#604 = VECTOR ( 'NONE', #3108, 1000.000000000000114 ) ;
#605 = MECHANICAL_DESIGN_GEOMETRIC_PRESENTATION_REPRESENTATION (  '', ( #622 ), #600 ) ;
#606 = PRESENTATION_LAYER_ASSIGNMENT (  '', '', ( #622 ) ) ;
#607 = DIRECTION ( 'NONE',  ( 0.0000000000000000000, 1.000000000000000000, 0.0000000000000000000 ) ) ;
#608 = ADVANCED_FACE ( 'NONE', ( #796 ), #768, .T. ) ;
#609 = CARTESIAN_POINT ( 'NONE',  ( -31.74999999999995737, 0.0000000000000000000, 4.999999999999809930 ) ) ;
#610 = ADVANCED_FACE ( 'NONE', ( #815 ), #737, .T. ) ;
#611 = FACE_BOUND ( 'NONE', #2161, .T. ) ;
#612 = DIRECTION ( 'NONE',  ( -1.000000000000000000, -1.224606353822377258E-16, -0.0000000000000000000 ) ) ;
#613 = DIRECTION ( 'NONE',  ( 0.0000000000000000000, -1.000000000000000000, 0.0000000000000000000 ) ) ;
#614 = FACE_OUTER_BOUND ( 'NONE', #1743, .T. ) ;
#615 = ORIENTED_EDGE ( 'NONE', *, *, #2998, .T. ) ;
#616 = CARTESIAN_POINT ( 'NONE',  ( 10.00000000000000178, 9.797174393178825657E-16, -8.000000000000000000 ) ) ;
#617 = DIRECTION ( 'NONE',  ( -1.000000000000000000, -1.224606353822377258E-16, -0.0000000000000000000 ) ) ;
#618 = CARTESIAN_POINT ( 'NONE',  ( 0.0000000000000000000, 4.685197434473809430, -7.372574772901430151E-15 ) ) ;
#619 = EDGE_CURVE ( 'NONE', #210, #3061, #752, .T. ) ;
#620 = CARTESIAN_POINT ( 'NONE',  ( 15.07977184163763873, 2.235490958484726577E-15, 0.0000000000000000000 ) ) ;
#621 =( NAMED_UNIT ( * ) SI_UNIT ( $, .STERADIAN. ) SOLID_ANGLE_UNIT ( ) );
#622 = STYLED_ITEM ( 'NONE', ( #830 ), #2404 ) ;
#623 = VERTEX_POINT ( 'NONE', #2451 ) ;
#624 = CIRCLE ( 'NONE', #197, 5.000000000000001776 ) ;
#625 = DIRECTION ( 'NONE',  ( -1.000000000000000000, -1.224606353822377258E-16, -0.0000000000000000000 ) ) ;
#626 = ORIENTED_EDGE ( 'NONE', *, *, #557, .F. ) ;
#627 = CARTESIAN_POINT ( 'NONE',  ( 15.07977184163763873, -5.000000000000000888, 6.123233995736771213E-16 ) ) ;
#628 = EDGE_CURVE ( 'NONE', #2673, #2833, #755, .T. ) ;
#629 = ORIENTED_EDGE ( 'NONE', *, *, #2956, .F. ) ;
#630 = ORIENTED_EDGE ( 'NONE', *, *, #2733, .F. ) ;
#631 = VECTOR ( 'NONE', #2791, 1000.000000000000000 ) ;
#632 = ORIENTED_EDGE ( 'NONE', *, *, #320, .F. ) ;
#633 = ORIENTED_EDGE ( 'NONE', *, *, #541, .F. ) ;
#634 = PLANE ( 'NONE',  #1990 ) ;
#635 = DIRECTION ( 'NONE',  ( 1.000000000000000000, 0.0000000000000000000, 0.0000000000000000000 ) ) ;
#636 = CARTESIAN_POINT ( 'NONE',  ( 14.50000000000000000, 4.172000000000004150, 5.109226446042759579E-16 ) ) ;
#637 = EDGE_LOOP ( 'NONE', ( #2220, #2239, #2259, #2277, #2292 ) ) ;
#638 = FACE_OUTER_BOUND ( 'NONE', #2669, .T. ) ;
#639 = EDGE_CURVE ( 'NONE', #1283, #3243, #788, .T. ) ;
#640 = CIRCLE ( 'NONE', #1642, 5.000000000000002665 ) ;
#641 = ORIENTED_EDGE ( 'NONE', *, *, #2441, .T. ) ;
#642 = CARTESIAN_POINT ( 'NONE',  ( 22.70594244407663709, 2.093492502277374743E-15, 0.0000000000000000000 ) ) ;
#643 = VECTOR ( 'NONE', #2769, 1000.000000000000000 ) ;
#644 = CARTESIAN_POINT ( 'NONE',  ( 23.86548612735192521, 5.000000000000004441, 0.0000000000000000000 ) ) ;
#645 = ORIENTED_EDGE ( 'NONE', *, *, #2065, .F. ) ;
#646 = DIRECTION ( 'NONE',  ( -1.000000000000000000, -0.0000000000000000000, -0.0000000000000000000 ) ) ;
#647 = VECTOR ( 'NONE', #3281, 1000.000000000000000 ) ;
#648 = DIRECTION ( 'NONE',  ( 0.0000000000000000000, -1.000000000000000000, 0.0000000000000000000 ) ) ;
#649 = ORIENTED_EDGE ( 'NONE', *, *, #819, .T. ) ;
#650 = VERTEX_POINT ( 'NONE', #2458 ) ;
#651 = EDGE_CURVE ( 'NONE', #2833, #70, #869, .T. ) ;
#652 = AXIS2_PLACEMENT_3D ( 'NONE', #497, #3339, #1323 ) ;
#653 = ORIENTED_EDGE ( 'NONE', *, *, #841, .T. ) ;
#654 = DIRECTION ( 'NONE',  ( -1.000000000000000000, -0.0000000000000000000, -0.0000000000000000000 ) ) ;
#655 = DIRECTION ( 'NONE',  ( 0.0000000000000000000, 0.0000000000000000000, 1.000000000000000000 ) ) ;
#656 = CARTESIAN_POINT ( 'NONE',  ( 22.40120041306620990, 2.235490958484726577E-15, 0.0000000000000000000 ) ) ;
#657 = VERTEX_POINT ( 'NONE', #2510 ) ;
#658 = DIRECTION ( 'NONE',  ( -1.000000000000000000, -1.224606353822377258E-16, -0.0000000000000000000 ) ) ;
#659 = CARTESIAN_POINT ( 'NONE',  ( 18.00834327020906755, 5.000000000000004441, 0.0000000000000000000 ) ) ;
#660 = DIRECTION ( 'NONE',  ( 0.0000000000000000000, 0.0000000000000000000, 1.000000000000000000 ) ) ;
#661 = CARTESIAN_POINT ( 'NONE',  ( 22.70594244407663709, 6.123233995735964602E-16, -5.000000000000001776 ) ) ;
#662 = ORIENTED_EDGE ( 'NONE', *, *, #851, .F. ) ;
#663 = AXIS2_PLACEMENT_3D ( 'NONE', #577, #326, #738 ) ;
#664 = DIRECTION ( 'NONE',  ( 0.0000000000000000000, 0.0000000000000000000, 1.000000000000000000 ) ) ;
#665 = AXIS2_PLACEMENT_3D ( 'NONE', #3147, #3240, #3258 ) ;
#666 = DIRECTION ( 'NONE',  ( -0.0000000000000000000, -0.5000000000000011102, -0.8660254037844380415 ) ) ;
#667 = ORIENTED_EDGE ( 'NONE', *, *, #1650, .T. ) ;
#668 = VERTEX_POINT ( 'NONE', #2580 ) ;
#669 = CARTESIAN_POINT ( 'NONE',  ( 27.67857142857142705, -4.172000000000000597, 0.0000000000000000000 ) ) ;
#670 = DIRECTION ( 'NONE',  ( 0.0000000000000000000, -1.000000000000000000, 0.0000000000000000000 ) ) ;
#671 = ORIENTED_EDGE ( 'NONE', *, *, #2758, .F. ) ;
#672 = CYLINDRICAL_SURFACE ( 'NONE', #2556, 4.999999999999809930 ) ;
#673 = ORIENTED_EDGE ( 'NONE', *, *, #1011, .F. ) ;
#674 = VECTOR ( 'NONE', #2514, 1000.000000000000000 ) ;
#675 = CIRCLE ( 'NONE', #1228, 5.000000000000001776 ) ;
#676 = ORIENTED_EDGE ( 'NONE', *, *, #2115, .F. ) ;
#677 = ORIENTED_EDGE ( 'NONE', *, *, #88, .T. ) ;
#678 = CARTESIAN_POINT ( 'NONE',  ( 5.000000000000000000, 2.342598717236898498, -4.057500000000003659 ) ) ;
#679 = CIRCLE ( 'NONE', #3282, 5.000000000000002665 ) ;
#680 = CIRCLE ( 'NONE', #1572, 4.057500000000000107 ) ;
#681 = CIRCLE ( 'NONE', #2572, 5.000000000000001776 ) ;
#682 = CARTESIAN_POINT ( 'NONE',  ( 15.07977184163763873, 6.123233995735909382E-16, -5.000000000000001776 ) ) ;
#683 = FILL_AREA_STYLE_COLOUR ( '', #3160 ) ;
#684 = AXIS2_PLACEMENT_3D ( 'NONE', #3207, #449, #1160 ) ;
#685 = CARTESIAN_POINT ( 'NONE',  ( 13.92022815836235239, -8.011868568650901149E-29, 5.000000000000001776 ) ) ;
#686 = CIRCLE ( 'NONE', #665, 4.057500000000000107 ) ;
#687 = SURFACE_STYLE_FILL_AREA ( #2698 ) ;
#688 = ORIENTED_EDGE ( 'NONE', *, *, #3308, .T. ) ;
#689 = DIRECTION ( 'NONE',  ( -1.000000000000000000, -1.224606353822377258E-16, -0.0000000000000000000 ) ) ;
#690 = CARTESIAN_POINT ( 'NONE',  ( 32.65120041306621346, 2.235490958484726577E-15, 0.0000000000000000000 ) ) ;
#691 = CARTESIAN_POINT ( 'NONE',  ( 25.63451387264806769, 2.093492502277374743E-15, 0.0000000000000000000 ) ) ;
#692 = AXIS2_PLACEMENT_3D ( 'NONE', #779, #360, #1754 ) ;
#693 = FACE_OUTER_BOUND ( 'NONE', #727, .T. ) ;
#694 = ORIENTED_EDGE ( 'NONE', *, *, #3447, .T. ) ;
#695 = DIRECTION ( 'NONE',  ( -0.5000000000000034417, 1.060575238724904696E-16, -0.8660254037844367092 ) ) ;
#696 = DIRECTION ( 'NONE',  ( -1.000000000000000000, -0.0000000000000000000, -0.0000000000000000000 ) ) ;
#697 = ORIENTED_EDGE ( 'NONE', *, *, #590, .F. ) ;
#698 = CARTESIAN_POINT ( 'NONE',  ( 33.53571428571428470, -4.172000000000000597, 5.616230220889765396E-16 ) ) ;
#699 = CARTESIAN_POINT ( 'NONE',  ( -31.74999999999995737, 6.123233995736533568E-16, -4.999999999999809930 ) ) ;
#700 = CONICAL_SURFACE ( 'NONE', #238, 4.172000000000002373, 0.9599310885968742602 ) ;
#701 = VERTEX_POINT ( 'NONE', #2619 ) ;
#702 = ADVANCED_FACE ( 'NONE', ( #786 ), #672, .T. ) ;
#703 = EDGE_CURVE ( 'NONE', #1242, #891, #681, .T. ) ;
#704 = CONICAL_SURFACE ( 'NONE', #1104, 4.172000000000002373, 0.9599310885968742602 ) ;
#705 = DIRECTION ( 'NONE',  ( -1.000000000000000000, -1.224606353822377258E-16, -0.0000000000000000000 ) ) ;
#706 = CARTESIAN_POINT ( 'NONE',  ( 18.00834327020906755, 2.235490958484726577E-15, 0.0000000000000000000 ) ) ;
#707 = ORIENTED_EDGE ( 'NONE', *, *, #2092, .F. ) ;
#708 = ORIENTED_EDGE ( 'NONE', *, *, #2825, .F. ) ;
#709 = CIRCLE ( 'NONE', #3410, 4.172000000000002373 ) ;
#710 = DIRECTION ( 'NONE',  ( -1.000000000000000000, -0.0000000000000000000, -0.0000000000000000000 ) ) ;
#711 = MANIFOLD_SOLID_BREP ( 'ThdSchPat', #136 ) ;
#712 = VERTEX_POINT ( 'NONE', #2660 ) ;
#713 = DIRECTION ( 'NONE',  ( 1.000000000000000000, 0.0000000000000000000, -0.0000000000000000000 ) ) ;
#714 = CARTESIAN_POINT ( 'NONE',  ( 5.000000000000000000, 2.342598717236907824, 4.057499999999994778 ) ) ;
#715 = CIRCLE ( 'NONE', #537, 5.000000000000001776 ) ;
#716 = CARTESIAN_POINT ( 'NONE',  ( 0.0000000000000000000, 0.0000000000000000000, 6.500000000000000888 ) ) ;
#717 = PRESENTATION_STYLE_ASSIGNMENT (( #2731 ) ) ;
#718 = DIRECTION ( 'NONE',  ( -0.5735764363510519326, 0.8191520442889876907, 1.003171929053519816E-16 ) ) ;
#719 = DIRECTION ( 'NONE',  ( 0.0000000000000000000, -0.5000000000000011102, -0.8660254037844380415 ) ) ;
#720 = EDGE_CURVE ( 'NONE', #3100, #3384, #567, .T. ) ;
#721 = CARTESIAN_POINT ( 'NONE',  ( 20.93691469878049460, 2.235490958484726577E-15, 0.0000000000000000000 ) ) ;
#722 = COLOUR_RGB ( '',0.7764705882352941346, 0.7568627450980391913, 0.7372549019607843590 ) ;
#723 = AXIS2_PLACEMENT_3D ( 'NONE', #1416, #3307, #858 ) ;
#724 = ORIENTED_EDGE ( 'NONE', *, *, #1119, .F. ) ;
#725 = CARTESIAN_POINT ( 'NONE',  ( 23.86548612735192521, 2.235490958484726577E-15, 0.0000000000000000000 ) ) ;
#726 = VECTOR ( 'NONE', #2486, 1000.000000000000000 ) ;
#727 = EDGE_LOOP ( 'NONE', ( #2130, #452, #2087, #3067, #2321 ) ) ;
#728 = DIRECTION ( 'NONE',  ( 0.0000000000000000000, -1.000000000000000000, 0.0000000000000000000 ) ) ;
#729 = DIRECTION ( 'NONE',  ( 1.000000000000000000, 0.0000000000000000000, 0.0000000000000000000 ) ) ;
#730 = ADVANCED_FACE ( 'NONE', ( #588 ), #1298, .T. ) ;
#731 = AXIS2_PLACEMENT_3D ( 'NONE', #283, #713, #3321 ) ;
#732 = ORIENTED_EDGE ( 'NONE', *, *, #338, .F. ) ;
#733 = DIRECTION ( 'NONE',  ( -1.000000000000000000, -1.224606353822377258E-16, -0.0000000000000000000 ) ) ;
#734 = CONICAL_SURFACE ( 'NONE', #1950, 5.000000000000002665, 0.9599310885968831419 ) ;
#735 = CARTESIAN_POINT ( 'NONE',  ( 24.17022815836235239, 2.093492502277374743E-15, 0.0000000000000000000 ) ) ;
#736 = LINE ( 'NONE', #2373, #2941 ) ;
#737 = CONICAL_SURFACE ( 'NONE', #2640, 5.000000000000002665, 0.9599310885968831419 ) ;
#738 = DIRECTION ( 'NONE',  ( 0.0000000000000000000, 0.0000000000000000000, 1.000000000000000000 ) ) ;
#739 = CIRCLE ( 'NONE', #1025, 5.000000000000002665 ) ;
#740 = AXIS2_PLACEMENT_3D ( 'NONE', #2182, #2169, #1794 ) ;
#741 = DIRECTION ( 'NONE',  ( 0.0000000000000000000, -1.000000000000000000, 0.0000000000000000000 ) ) ;
#742 = DIRECTION ( 'NONE',  ( 0.0000000000000000000, -1.000000000000000000, 0.0000000000000000000 ) ) ;
#743 = VERTEX_POINT ( 'NONE', #1075 ) ;
#744 = VERTEX_POINT ( 'NONE', #2401 ) ;
#745 = CARTESIAN_POINT ( 'NONE',  ( -31.74999999999995737, 0.0000000000000000000, 0.0000000000000000000 ) ) ;
#746 = DIRECTION ( 'NONE',  ( -1.000000000000000000, -0.0000000000000000000, -0.0000000000000000000 ) ) ;
#747 = ORIENTED_EDGE ( 'NONE', *, *, #2260, .T. ) ;
#748 = ORIENTED_EDGE ( 'NONE', *, *, #3296, .T. ) ;
#749 = DIRECTION ( 'NONE',  ( 0.0000000000000000000, -1.000000000000000000, 0.0000000000000000000 ) ) ;
#750 = CONICAL_SURFACE ( 'NONE', #243, 5.000000000000002665, 0.9599310885968831419 ) ;
#751 = EDGE_CURVE ( 'NONE', #2183, #1867, #559, .T. ) ;
#752 = LINE ( 'NONE', #2420, #761 ) ;
#753 = DIRECTION ( 'NONE',  ( 0.0000000000000000000, -1.000000000000000000, 0.0000000000000000000 ) ) ;
#754 = CARTESIAN_POINT ( 'NONE',  ( 27.67857142857142705, -4.172000000000000597, 5.616230220889765396E-16 ) ) ;
#755 = LINE ( 'NONE', #2437, #726 ) ;
#756 = FACE_OUTER_BOUND ( 'NONE', #1467, .T. ) ;
#757 = ADVANCED_FACE ( 'NONE', ( #554 ), #551, .T. ) ;
#758 = AXIS2_PLACEMENT_3D ( 'NONE', #1772, #2322, #2107 ) ;
#759 = CARTESIAN_POINT ( 'NONE',  ( 35.00000000000000000, 4.171999999999999709, 0.0000000000000000000 ) ) ;
#760 = EDGE_LOOP ( 'NONE', ( #2142, #2159, #2175, #2198, #2206 ) ) ;
#761 = VECTOR ( 'NONE', #2418, 1000.000000000000000 ) ;
#762 = DIRECTION ( 'NONE',  ( 0.0000000000000000000, -0.5000000000000011102, -0.8660254037844380415 ) ) ;
#763 = DIRECTION ( 'NONE',  ( 0.0000000000000000000, -1.000000000000000000, 0.0000000000000000000 ) ) ;
#764 = APPLICATION_PROTOCOL_DEFINITION ( 'draft international standard', 'automotive_design', 1998, #2179 ) ;
#765 = FACE_OUTER_BOUND ( 'NONE', #1837, .T. ) ;
#766 = EDGE_CURVE ( 'NONE', #3100, #1379, #598, .T. ) ;
#767 = CARTESIAN_POINT ( 'NONE',  ( 35.00000000000000000, 0.0000000000000000000, 4.171999999999999709 ) ) ;
#768 = CYLINDRICAL_SURFACE ( 'NONE', #2628, 4.999999999999809930 ) ;
#769 = DIRECTION ( 'NONE',  ( -1.000000000000000000, -1.224606353822377258E-16, -0.0000000000000000000 ) ) ;
#770 = DIRECTION ( 'NONE',  ( 0.0000000000000000000, 0.0000000000000000000, 1.000000000000000000 ) ) ;
#771 = CONICAL_SURFACE ( 'NONE', #2677, 4.172000000000002373, 0.9599310885968742602 ) ;
#772 = ORIENTED_EDGE ( 'NONE', *, *, #533, .F. ) ;
#773 = ADVANCED_FACE ( 'NONE', ( #589 ), #521, .T. ) ;
#774 = EDGE_CURVE ( 'NONE', #3208, #2480, #548, .T. ) ;
#775 = VERTEX_POINT ( 'NONE', #2563 ) ;
#776 = CARTESIAN_POINT ( 'NONE',  ( 0.0000000000000000000, 0.0000000000000000000, 0.0000000000000000000 ) ) ;
#777 = CYLINDRICAL_SURFACE ( 'NONE', #1024, 4.999999999999809930 ) ;
#778 = CIRCLE ( 'NONE', #2656, 4.172000000000002373 ) ;
#779 = CARTESIAN_POINT ( 'NONE',  ( 35.00000000000000000, 0.0000000000000000000, 0.0000000000000000000 ) ) ;
#780 = AXIS2_PLACEMENT_3D ( 'NONE', #1975, #2048, #2077 ) ;
#781 = VECTOR ( 'NONE', #2957, 1000.000000000000000 ) ;
#782 = CYLINDRICAL_SURFACE ( 'NONE', #3140, 4.999999999999809930 ) ;
#783 = ORIENTED_EDGE ( 'NONE', *, *, #2579, .F. ) ;
#784 = CARTESIAN_POINT ( 'NONE',  ( 26.79405755592335225, 2.235490958484726577E-15, 0.0000000000000000000 ) ) ;
#785 = SURFACE_STYLE_USAGE ( .BOTH. , #119 ) ;
#786 = FACE_OUTER_BOUND ( 'NONE', #1348, .T. ) ;
#787 = DIRECTION ( 'NONE',  ( 0.0000000000000000000, 0.0000000000000000000, 1.000000000000000000 ) ) ;
#788 = CIRCLE ( 'NONE', #2644, 5.000000000000002665 ) ;
#789 = ORIENTED_EDGE ( 'NONE', *, *, #367, .F. ) ;
#790 = VERTEX_POINT ( 'NONE', #616 ) ;
#791 = AXIS2_PLACEMENT_3D ( 'NONE', #3225, #829, #3333 ) ;
#792 = DIRECTION ( 'NONE',  ( 0.0000000000000000000, -1.000000000000000000, 0.0000000000000000000 ) ) ;
#793 = AXIS2_PLACEMENT_3D ( 'NONE', #745, #1200, #3353 ) ;
#794 = CYLINDRICAL_SURFACE ( 'NONE', #10, 4.999999999999809930 ) ;
#795 =( NAMED_UNIT ( * ) SI_UNIT ( $, .STERADIAN. ) SOLID_ANGLE_UNIT ( ) );
#796 = FACE_OUTER_BOUND ( 'NONE', #2350, .T. ) ;
#797 = VERTEX_POINT ( 'NONE', #2982 ) ;
#798 = ORIENTED_EDGE ( 'NONE', *, *, #2399, .F. ) ;
#799 = VECTOR ( 'NONE', #503, 1000.000000000000000 ) ;
#800 = DIRECTION ( 'NONE',  ( -1.000000000000000000, -0.0000000000000000000, -0.0000000000000000000 ) ) ;
#801 = CARTESIAN_POINT ( 'NONE',  ( 5.000000000000000000, -4.685197434473816536, 4.770489558936219510E-15 ) ) ;
#802 = CARTESIAN_POINT ( 'NONE',  ( 21.24165672979092179, -8.011868568650901149E-29, 5.000000000000001776 ) ) ;
#803 = CARTESIAN_POINT ( 'NONE',  ( -31.74999999999995737, 0.0000000000000000000, 4.999999999999809930 ) ) ;
#804 = CYLINDRICAL_SURFACE ( 'NONE', #2670, 8.000000000000000000 ) ;
#805 = LINE ( 'NONE', #75, #2414 ) ;
#806 = ORIENTED_EDGE ( 'NONE', *, *, #2620, .F. ) ;
#807 = DIRECTION ( 'NONE',  ( -0.5735764363510517105, -0.8191520442889879128, 0.0000000000000000000 ) ) ;
#808 = CARTESIAN_POINT ( 'NONE',  ( 23.86548612735192521, -5.000000000000000888, 6.123233995736771213E-16 ) ) ;
#809 = CIRCLE ( 'NONE', #2672, 5.000000000000002665 ) ;
#810 = EDGE_CURVE ( 'NONE', #1636, #131, #535, .T. ) ;
#811 = ORIENTED_EDGE ( 'NONE', *, *, #3296, .F. ) ;
#812 = AXIS2_PLACEMENT_3D ( 'NONE', #2679, #79, #3341 ) ;
#813 = DIRECTION ( 'NONE',  ( 1.000000000000000000, 1.224606353822377258E-16, 0.0000000000000000000 ) ) ;
#814 = ADVANCED_FACE ( 'NONE', ( #542 ), #491, .T. ) ;
#815 = FACE_OUTER_BOUND ( 'NONE', #1460, .T. ) ;
#816 = ORIENTED_EDGE ( 'NONE', *, *, #2452, .T. ) ;
#817 = EDGE_CURVE ( 'NONE', #2994, #1748, #499, .T. ) ;
#818 = CARTESIAN_POINT ( 'NONE',  ( 16.54405755592335225, 2.235490958484726577E-15, 0.0000000000000000000 ) ) ;
#819 = EDGE_CURVE ( 'NONE', #2673, #1855, #514, .T. ) ;
#820 = CIRCLE ( 'NONE', #1420, 5.000000000000002665 ) ;
#821 = VERTEX_POINT ( 'NONE', #112 ) ;
#822 = ORIENTED_EDGE ( 'NONE', *, *, #3070, .F. ) ;
#823 = CARTESIAN_POINT ( 'NONE',  ( 23.86548612735192521, 2.235490958484726577E-15, 0.0000000000000000000 ) ) ;
#824 = EDGE_CURVE ( 'NONE', #1875, #2712, #526, .T. ) ;
#825 = AXIS2_PLACEMENT_3D ( 'NONE', #382, #1313, #1733 ) ;
#826 = CONICAL_SURFACE ( 'NONE', #2682, 4.172000000000002373, 0.9599310885968742602 ) ;
#827 = EDGE_CURVE ( 'NONE', #210, #2963, #504, .T. ) ;
#828 = LINE ( 'NONE', #2108, #838 ) ;
#829 = DIRECTION ( 'NONE',  ( 1.000000000000000000, 0.0000000000000000000, 0.0000000000000000000 ) ) ;
#830 = PRESENTATION_STYLE_ASSIGNMENT (( #785 ) ) ;
#831 = ORIENTED_EDGE ( 'NONE', *, *, #3029, .T. ) ;
#832 = ORIENTED_EDGE ( 'NONE', *, *, #948, .F. ) ;
#833 = FACE_OUTER_BOUND ( 'NONE', #1399, .T. ) ;
#834 = CIRCLE ( 'NONE', #2715, 5.000000000000002665 ) ;
#835 = DIRECTION ( 'NONE',  ( 0.0000000000000000000, -1.000000000000000000, 0.0000000000000000000 ) ) ;
#836 = LINE ( 'NONE', #2892, #1911 ) ;
#837 = DIRECTION ( 'NONE',  ( 0.0000000000000000000, 0.5000000000000011102, 0.8660254037844380415 ) ) ;
#838 = VECTOR ( 'NONE', #2084, 1000.000000000000114 ) ;
#839 = ADVANCED_FACE ( 'NONE', ( #462 ), #435, .T. ) ;
#840 = CARTESIAN_POINT ( 'NONE',  ( 31.49165672979092179, -4.999999999999999112, 0.0000000000000000000 ) ) ;
#841 = EDGE_CURVE ( 'NONE', #2963, #420, #440, .T. ) ;
#842 = ORIENTED_EDGE ( 'NONE', *, *, #2147, .T. ) ;
#843 = DIRECTION ( 'NONE',  ( -1.000000000000000000, -0.0000000000000000000, -0.0000000000000000000 ) ) ;
#844 = ORIENTED_EDGE ( 'NONE', *, *, #819, .F. ) ;
#845 = EDGE_CURVE ( 'NONE', #420, #2762, #458, .T. ) ;
#846 =( GEOMETRIC_REPRESENTATION_CONTEXT ( 3 ) GLOBAL_UNCERTAINTY_ASSIGNED_CONTEXT ( ( #2608 ) ) GLOBAL_UNIT_ASSIGNED_CONTEXT ( ( #1050, #2750, #2506 ) ) REPRESENTATION_CONTEXT ( 'NONE', 'WORKASPACE' ) );
#847 = ORIENTED_EDGE ( 'NONE', *, *, #3173, .F. ) ;
#848 = DIRECTION ( 'NONE',  ( -1.000000000000000000, -1.224606353822377258E-16, -0.0000000000000000000 ) ) ;
#849 = ORIENTED_EDGE ( 'NONE', *, *, #533, .T. ) ;
#850 = MECHANICAL_DESIGN_GEOMETRIC_PRESENTATION_REPRESENTATION (  '', ( #917 ), #846 ) ;
#851 = EDGE_CURVE ( 'NONE', #2512, #2762, #447, .T. ) ;
#852 = FACE_OUTER_BOUND ( 'NONE', #3136, .T. ) ;
#853 = CIRCLE ( 'NONE', #957, 5.000000000000001776 ) ;
#854 = ORIENTED_EDGE ( 'NONE', *, *, #3184, .T. ) ;
#855 = DIRECTION ( 'NONE',  ( -0.5735764363510519326, 0.8191520442889876907, 1.003171929053519816E-16 ) ) ;
#856 = CARTESIAN_POINT ( 'NONE',  ( 5.000000000000000000, 6.071532165918824830E-15, 8.114999999999998437 ) ) ;
#857 = LINE ( 'NONE', #2340, #781 ) ;
#858 = DIRECTION ( 'NONE',  ( 0.0000000000000000000, 1.000000000000000000, 0.0000000000000000000 ) ) ;
#859 = EDGE_LOOP ( 'NONE', ( #2072, #915, #3441, #1968 ) ) ;
#860 = PRESENTATION_LAYER_ASSIGNMENT (  '', '', ( #917 ) ) ;
#861 = FACE_OUTER_BOUND ( 'NONE', #2388, .T. ) ;
#862 = CARTESIAN_POINT ( 'NONE',  ( 22.40120041306620990, 2.235490958484726577E-15, 0.0000000000000000000 ) ) ;
#863 = ORIENTED_EDGE ( 'NONE', *, *, #179, .F. ) ;
#864 = EDGE_CURVE ( 'NONE', #210, #2512, #451, .T. ) ;
#865 = DIRECTION ( 'NONE',  ( -1.000000000000000000, -1.224606353822377258E-16, -0.0000000000000000000 ) ) ;
#866 = CARTESIAN_POINT ( 'NONE',  ( 15.38451387264806769, -4.999999999999999112, 0.0000000000000000000 ) ) ;
#867 = CYLINDRICAL_SURFACE ( 'NONE', #1554, 4.999999999999809930 ) ;
#868 = DIRECTION ( 'NONE',  ( 0.0000000000000000000, 1.000000000000000000, 0.0000000000000000000 ) ) ;
#869 = CIRCLE ( 'NONE', #2594, 5.000000000000001776 ) ;
#870 = ORIENTED_EDGE ( 'NONE', *, *, #1514, .F. ) ;
#871 = LINE ( 'NONE', #3103, #1400 ) ;
#872 = VECTOR ( 'NONE', #2031, 1000.000000000000000 ) ;
#873 = FACE_OUTER_BOUND ( 'NONE', #972, .T. ) ;
#874 = FACE_OUTER_BOUND ( 'NONE', #2080, .T. ) ;
#875 = DIRECTION ( 'NONE',  ( 1.000000000000000000, 1.224606353822377258E-16, 0.0000000000000000000 ) ) ;
#876 = DIRECTION ( 'NONE',  ( -0.0000000000000000000, 0.0000000000000000000, -1.000000000000000000 ) ) ;
#877 = VERTEX_POINT ( 'NONE', #986 ) ;
#878 = DIRECTION ( 'NONE',  ( -1.000000000000000000, -1.224606353822377258E-16, -0.0000000000000000000 ) ) ;
#879 = DIRECTION ( 'NONE',  ( -1.000000000000000000, -1.224606353822377258E-16, -0.0000000000000000000 ) ) ;
#880 = CARTESIAN_POINT ( 'NONE',  ( 18.89285714285714235, 2.164491730381051252E-15, 0.0000000000000000000 ) ) ;
#881 = VECTOR ( 'NONE', #2011, 1000.000000000000000 ) ;
#882 = EDGE_CURVE ( 'NONE', #3462, #821, #431, .T. ) ;
#883 = CARTESIAN_POINT ( 'NONE',  ( 24.17022815836235239, 2.093492502277374743E-15, 0.0000000000000000000 ) ) ;
#884 = LINE ( 'NONE', #2851, #337 ) ;
#885 = CARTESIAN_POINT ( 'NONE',  ( 26.21428571428571530, 2.164491730381051252E-15, 0.0000000000000000000 ) ) ;
#886 = DIRECTION ( 'NONE',  ( -1.000000000000000000, -1.224606353822377258E-16, -0.0000000000000000000 ) ) ;
#887 = FACE_OUTER_BOUND ( 'NONE', #2063, .T. ) ;
#888 = ORIENTED_EDGE ( 'NONE', *, *, #2157, .T. ) ;
#889 = CARTESIAN_POINT ( 'NONE',  ( 18.00834327020906755, 6.123233995735909382E-16, -5.000000000000001776 ) ) ;
#890 = EDGE_CURVE ( 'NONE', #1126, #1283, #413, .T. ) ;
#891 = VERTEX_POINT ( 'NONE', #661 ) ;
#892 = AXIS2_PLACEMENT_3D ( 'NONE', #3323, #1423, #3290 ) ;
#893 = VERTEX_POINT ( 'NONE', #682 ) ;
#894 = ORIENTED_EDGE ( 'NONE', *, *, #628, .F. ) ;
#895 = LINE ( 'NONE', #996, #1880 ) ;
#896 = DIRECTION ( 'NONE',  ( -1.000000000000000000, -1.224606353822377258E-16, -0.0000000000000000000 ) ) ;
#897 = ORIENTED_EDGE ( 'NONE', *, *, #3411, .F. ) ;
#898 = VERTEX_POINT ( 'NONE', #573 ) ;
#899 = ORIENTED_EDGE ( 'NONE', *, *, #2986, .F. ) ;
#900 = EDGE_CURVE ( 'NONE', #2491, #2901, #469, .T. ) ;
#901 = AXIS2_PLACEMENT_3D ( 'NONE', #1428, #90, #256 ) ;
#902 = EDGE_CURVE ( 'NONE', #2799, #3009, #407, .T. ) ;
#903 = CARTESIAN_POINT ( 'NONE',  ( 18.00834327020906755, -5.000000000000000888, 6.123233995736771213E-16 ) ) ;
#904 = CIRCLE ( 'NONE', #2041, 4.172000000000002373 ) ;
#905 = EDGE_CURVE ( 'NONE', #411, #171, #395, .T. ) ;
#906 = CARTESIAN_POINT ( 'NONE',  ( 18.31308530121949474, 2.093492502277374743E-15, 0.0000000000000000000 ) ) ;
#907 = ORIENTED_EDGE ( 'NONE', *, *, #1040, .F. ) ;
#908 = AXIS2_PLACEMENT_3D ( 'NONE', #2117, #3280, #770 ) ;
#909 = ORIENTED_EDGE ( 'NONE', *, *, #2120, .T. ) ;
#910 = DIRECTION ( 'NONE',  ( -0.0000000000000000000, 0.0000000000000000000, -1.000000000000000000 ) ) ;
#911 = ADVANCED_FACE ( 'NONE', ( #403 ), #339, .T. ) ;
#912 = ORIENTED_EDGE ( 'NONE', *, *, #827, .T. ) ;
#913 = CARTESIAN_POINT ( 'NONE',  ( 13.92022815836235239, 2.093492502277374743E-15, 0.0000000000000000000 ) ) ;
#914 = CARTESIAN_POINT ( 'NONE',  ( 20.93691469878049460, 2.235490958484726577E-15, 0.0000000000000000000 ) ) ;
#915 = ORIENTED_EDGE ( 'NONE', *, *, #1921, .T. ) ;
#916 = DIRECTION ( 'NONE',  ( -1.000000000000000000, -1.224606353822377258E-16, -0.0000000000000000000 ) ) ;
#917 = STYLED_ITEM ( 'NONE', ( #3201 ), #2244 ) ;
#918 = VECTOR ( 'NONE', #942, 1000.000000000000000 ) ;
#919 = ORIENTED_EDGE ( 'NONE', *, *, #3184, .F. ) ;
#920 = DIRECTION ( 'NONE',  ( 0.5735764363510447161, -0.8191520442889927978, 1.003171929053526103E-16 ) ) ;
#921 = DIRECTION ( 'NONE',  ( 0.0000000000000000000, -1.000000000000000000, 0.0000000000000000000 ) ) ;
#922 = FACE_OUTER_BOUND ( 'NONE', #2160, .T. ) ;
#923 = CONICAL_SURFACE ( 'NONE', #2708, 5.000000000000002665, 0.9599310885968831419 ) ;
#924 = CARTESIAN_POINT ( 'NONE',  ( 16.84879958693377944, 5.000000000000004441, 6.123233995736770227E-16 ) ) ;
#925 = ORIENTED_EDGE ( 'NONE', *, *, #703, .F. ) ;
#926 = AXIS2_PLACEMENT_3D ( 'NONE', #3232, #3427, #3248 ) ;
#927 = CARTESIAN_POINT ( 'NONE',  ( 17.42857142857142705, 4.172000000000004150, 5.109226446042759579E-16 ) ) ;
#928 = DIRECTION ( 'NONE',  ( -0.5735764363510517105, -0.8191520442889879128, 0.0000000000000000000 ) ) ;
#929 = DIRECTION ( 'NONE',  ( -1.000000000000000000, -1.224606353822377258E-16, -0.0000000000000000000 ) ) ;
#930 = VECTOR ( 'NONE', #1969, 1000.000000000000000 ) ;
#931 = ORIENTED_EDGE ( 'NONE', *, *, #962, .T. ) ;
#932 = VECTOR ( 'NONE', #2402, 1000.000000000000114 ) ;
#933 = LINE ( 'NONE', #1977, #930 ) ;
#934 = DIRECTION ( 'NONE',  ( 0.0000000000000000000, -1.000000000000000000, 0.0000000000000000000 ) ) ;
#935 = AXIS2_PLACEMENT_3D ( 'NONE', #856, #3199, #325 ) ;
#936 = CARTESIAN_POINT ( 'NONE',  ( 24.75000000000000000, -4.172000000000000597, 5.616230220889765396E-16 ) ) ;
#937 = VERTEX_POINT ( 'NONE', #307 ) ;
#938 = EDGE_LOOP ( 'NONE', ( #1443, #1497, #667, #1660, #2955, #2319 ) ) ;
#939 = DIRECTION ( 'NONE',  ( 0.0000000000000000000, -1.000000000000000000, 0.0000000000000000000 ) ) ;
#940 = LINE ( 'NONE', #2007, #872 ) ;
#941 = DIRECTION ( 'NONE',  ( 0.0000000000000000000, -1.000000000000000000, 0.0000000000000000000 ) ) ;
#942 = DIRECTION ( 'NONE',  ( -1.000000000000000000, -0.0000000000000000000, -0.0000000000000000000 ) ) ;
#943 = ORIENTED_EDGE ( 'NONE', *, *, #3173, .T. ) ;
#944 = LINE ( 'NONE', #2988, #1336 ) ;
#945 = ORIENTED_EDGE ( 'NONE', *, *, #3047, .T. ) ;
#946 = ORIENTED_EDGE ( 'NONE', *, *, #3155, .F. ) ;
#947 = CARTESIAN_POINT ( 'NONE',  ( 16.84879958693377944, 2.093492502277374743E-15, 0.0000000000000000000 ) ) ;
#948 = EDGE_CURVE ( 'NONE', #2944, #120, #355, .T. ) ;
#949 = FACE_OUTER_BOUND ( 'NONE', #1521, .T. ) ;
#950 = ORIENTED_EDGE ( 'NONE', *, *, #3146, .F. ) ;
#951 = FACE_OUTER_BOUND ( 'NONE', #2469, .T. ) ;
#952 = DIRECTION ( 'NONE',  ( -1.000000000000000000, -1.224606353822377258E-16, -0.0000000000000000000 ) ) ;
#953 = DIRECTION ( 'NONE',  ( -1.000000000000000000, -1.224606353822377258E-16, -0.0000000000000000000 ) ) ;
#954 = LINE ( 'NONE', #669, #3380 ) ;
#955 = DIRECTION ( 'NONE',  ( 0.0000000000000000000, 0.4999999999999989453, -0.8660254037844392627 ) ) ;
#956 = ORIENTED_EDGE ( 'NONE', *, *, #127, .T. ) ;
#957 = AXIS2_PLACEMENT_3D ( 'NONE', #3060, #3153, #3156 ) ;
#958 = CARTESIAN_POINT ( 'NONE',  ( 25.63451387264806769, 5.000000000000004441, 6.123233995736770227E-16 ) ) ;
#959 = CARTESIAN_POINT ( 'NONE',  ( 32.07142857142856940, 2.164491730381051252E-15, 0.0000000000000000000 ) ) ;
#960 = ORIENTED_EDGE ( 'NONE', *, *, #122, .T. ) ;
#961 = ORIENTED_EDGE ( 'NONE', *, *, #54, .T. ) ;
#962 = EDGE_CURVE ( 'NONE', #420, #2944, #351, .T. ) ;
#963 = AXIS2_PLACEMENT_3D ( 'NONE', #2431, #965, #3349 ) ;
#964 = AXIS2_PLACEMENT_3D ( 'NONE', #3006, #2090, #1471 ) ;
#965 = DIRECTION ( 'NONE',  ( -1.000000000000000000, -1.224606353822377258E-16, -0.0000000000000000000 ) ) ;
#966 = EDGE_CURVE ( 'NONE', #2693, #2214, #387, .T. ) ;
#967 = AXIS2_PLACEMENT_3D ( 'NONE', #1082, #2651, #2681 ) ;
#968 = ORIENTED_EDGE ( 'NONE', *, *, #3030, .F. ) ;
#969 = DIRECTION ( 'NONE',  ( 1.000000000000000000, 1.224606353822377258E-16, 0.0000000000000000000 ) ) ;
#970 = LINE ( 'NONE', #2000, #881 ) ;
#971 = CARTESIAN_POINT ( 'NONE',  ( 30.60714285714285410, 2.164491730381051252E-15, 0.0000000000000000000 ) ) ;
#972 = EDGE_LOOP ( 'NONE', ( #2465, #2471, #2474, #2503, #2516 ) ) ;
#973 = DIRECTION ( 'NONE',  ( 1.000000000000000000, 0.0000000000000000000, 0.0000000000000000000 ) ) ;
#974 = CARTESIAN_POINT ( 'NONE',  ( 5.000000000000000000, 6.009258394948635336E-15, 4.057499999999998330 ) ) ;
#975 = CYLINDRICAL_SURFACE ( 'NONE', #2695, 4.999999999999809930 ) ;
#976 = FACE_OUTER_BOUND ( 'NONE', #2639, .T. ) ;
#977 = ORIENTED_EDGE ( 'NONE', *, *, #3241, .T. ) ;
#978 = CARTESIAN_POINT ( 'NONE',  ( 22.40120041306620990, 2.235490958484726577E-15, 0.0000000000000000000 ) ) ;
#979 = EDGE_CURVE ( 'NONE', #2549, #3036, #359, .T. ) ;
#980 = ORIENTED_EDGE ( 'NONE', *, *, #3253, .T. ) ;
#981 = ADVANCED_FACE ( 'NONE', ( #334 ), #280, .T. ) ;
#982 = DIRECTION ( 'NONE',  ( 0.5735764363510447161, -0.8191520442889927978, 1.003171929053526103E-16 ) ) ;
#983 = CIRCLE ( 'NONE', #1049, 5.000000000000002665 ) ;
#984 = LINE ( 'NONE', #1883, #998 ) ;
#985 = FACE_OUTER_BOUND ( 'NONE', #2242, .T. ) ;
#986 = CARTESIAN_POINT ( 'NONE',  ( 1.500000000000001332, 9.797174393178825657E-16, -8.000000000000000000 ) ) ;
#987 = AXIS2_PLACEMENT_3D ( 'NONE', #2132, #2618, #993 ) ;
#988 = CARTESIAN_POINT ( 'NONE',  ( 33.53571428571428470, 2.164491730381051252E-15, 0.0000000000000000000 ) ) ;
#989 = EDGE_CURVE ( 'NONE', #2214, #411, #317, .T. ) ;
#990 = LINE ( 'NONE', #2862, #604 ) ;
#991 = FACE_OUTER_BOUND ( 'NONE', #2246, .T. ) ;
#992 = ORIENTED_EDGE ( 'NONE', *, *, #2577, .T. ) ;
#993 = DIRECTION ( 'NONE',  ( 0.0000000000000000000, -1.000000000000000000, 0.0000000000000000000 ) ) ;
#994 = CYLINDRICAL_SURFACE ( 'NONE', #2680, 4.999999999999809930 ) ;
#995 = AXIS2_PLACEMENT_3D ( 'NONE', #2148, #1847, #84 ) ;
#996 = CARTESIAN_POINT ( 'NONE',  ( 33.53571428571428470, -4.172000000000000597, 0.0000000000000000000 ) ) ;
#997 = DIRECTION ( 'NONE',  ( 0.0000000000000000000, 0.0000000000000000000, 1.000000000000000000 ) ) ;
#998 = VECTOR ( 'NONE', #1769, 1000.000000000000000 ) ;
#999 = CARTESIAN_POINT ( 'NONE',  ( -0.0000000000000000000, -2.342598717236914485, -4.057499999999998330 ) ) ;
#1000 = SURFACE_STYLE_USAGE ( .BOTH. , #2362 ) ;
#1001 = EDGE_LOOP ( 'NONE', ( #1648, #1561 ) ) ;
#1002 = TOROIDAL_SURFACE ( 'NONE', #2724, 6.500000000000000888, 1.500000000000000000 ) ;
#1003 = AXIS2_PLACEMENT_3D ( 'NONE', #1718, #3143, #2671 ) ;
#1004 = ORIENTED_EDGE ( 'NONE', *, *, #2462, .F. ) ;
#1005 = DIRECTION ( 'NONE',  ( 0.0000000000000000000, -1.000000000000000000, 0.0000000000000000000 ) ) ;
#1006 = EDGE_CURVE ( 'NONE', #1297, #411, #304, .T. ) ;
#1007 = LINE ( 'NONE', #1682, #1023 ) ;
#1008 =( NAMED_UNIT ( * ) PLANE_ANGLE_UNIT ( ) SI_UNIT ( $, .RADIAN. ) );
#1009 = VECTOR ( 'NONE', #1631, 1000.000000000000000 ) ;
#1010 = ADVANCED_FACE ( 'NONE', ( #299 ), #254, .T. ) ;
#1011 = EDGE_CURVE ( 'NONE', #414, #1297, #259, .T. ) ;
#1012 = AXIS2_PLACEMENT_3D ( 'NONE', #2079, #1894, #1680 ) ;
#1013 = LINE ( 'NONE', #1676, #1026 ) ;
#1014 = CARTESIAN_POINT ( 'NONE',  ( 26.79405755592335225, 2.235490958484726577E-15, 0.0000000000000000000 ) ) ;
#1015 = FACE_OUTER_BOUND ( 'NONE', #2279, .T. ) ;
#1016 = DIRECTION ( 'NONE',  ( 0.0000000000000000000, -1.000000000000000000, 0.0000000000000000000 ) ) ;
#1017 = CIRCLE ( 'NONE', #2736, 5.000000000000001776 ) ;
#1018 = AXIS2_PLACEMENT_3D ( 'NONE', #2328, #2253, #2482 ) ;
#1019 = EDGE_CURVE ( 'NONE', #2693, #414, #285, .T. ) ;
#1020 = ADVANCED_FACE ( 'NONE', ( #400 ), #229, .T. ) ;
#1021 = DIRECTION ( 'NONE',  ( 0.0000000000000000000, -1.000000000000000000, 0.0000000000000000000 ) ) ;
#1022 = CARTESIAN_POINT ( 'NONE',  ( 26.79405755592335225, 2.235490958484726577E-15, 0.0000000000000000000 ) ) ;
#1023 = VECTOR ( 'NONE', #1700, 1000.000000000000000 ) ;
#1024 = AXIS2_PLACEMENT_3D ( 'NONE', #3229, #3016, #2978 ) ;
#1025 = AXIS2_PLACEMENT_3D ( 'NONE', #725, #929, #2548 ) ;
#1026 = VECTOR ( 'NONE', #1691, 1000.000000000000000 ) ;
#1027 = DIRECTION ( 'NONE',  ( -1.000000000000000000, -1.224606353822377258E-16, -0.0000000000000000000 ) ) ;
#1028 = VECTOR ( 'NONE', #1543, 1000.000000000000114 ) ;
#1029 = DIRECTION ( 'NONE',  ( 0.0000000000000000000, -1.000000000000000000, 0.0000000000000000000 ) ) ;
#1030 = DIRECTION ( 'NONE',  ( -1.000000000000000000, -0.0000000000000000000, -0.0000000000000000000 ) ) ;
#1031 = CARTESIAN_POINT ( 'NONE',  ( 31.49165672979092179, 2.093492502277374743E-15, 0.0000000000000000000 ) ) ;
#1032 = LINE ( 'NONE', #1505, #1009 ) ;
#1033 = CARTESIAN_POINT ( 'NONE',  ( 5.000000000000000000, -2.342598717236905159, 4.057500000000001883 ) ) ;
#1034 = DIRECTION ( 'NONE',  ( -1.000000000000000000, -1.224606353822377258E-16, -0.0000000000000000000 ) ) ;
#1035 = DIRECTION ( 'NONE',  ( 0.0000000000000000000, -1.000000000000000000, 0.0000000000000000000 ) ) ;
#1036 = AXIS2_PLACEMENT_3D ( 'NONE', #2272, #2247, #3005 ) ;
#1037 = DIRECTION ( 'NONE',  ( -1.000000000000000000, -1.224606353822377258E-16, -0.0000000000000000000 ) ) ;
#1038 = FACE_OUTER_BOUND ( 'NONE', #1306, .T. ) ;
#1039 = DIRECTION ( 'NONE',  ( -0.5735764363510519326, 0.8191520442889876907, 1.003171929053519816E-16 ) ) ;
#1040 = EDGE_CURVE ( 'NONE', #2693, #2622, #247, .T. ) ;
#1041 = CARTESIAN_POINT ( 'NONE',  ( 35.00000000000000000, 0.0000000000000000000, 0.0000000000000000000 ) ) ;
#1042 = AXIS2_PLACEMENT_3D ( 'NONE', #1597, #746, #603 ) ;
#1043 = FACE_OUTER_BOUND ( 'NONE', #2111, .T. ) ;
#1044 = DIRECTION ( 'NONE',  ( -1.000000000000000000, -1.224606353822377258E-16, -0.0000000000000000000 ) ) ;
#1045 = CARTESIAN_POINT ( 'NONE',  ( 18.00834327020906755, 5.000000000000005329, 0.0000000000000000000 ) ) ;
#1046 = VECTOR ( 'NONE', #1462, 1000.000000000000000 ) ;
#1047 = AXIS2_PLACEMENT_3D ( 'NONE', #3472, #2476, #592 ) ;
#1048 = CYLINDRICAL_SURFACE ( 'NONE', #160, 4.999999999999809930 ) ;
#1049 = AXIS2_PLACEMENT_3D ( 'NONE', #373, #126, #1644 ) ;
#1050 =( LENGTH_UNIT ( ) NAMED_UNIT ( * ) SI_UNIT ( .MILLI., .METRE. ) );
#1051 = CIRCLE ( 'NONE', #2776, 5.000000000000002665 ) ;
#1052 = LINE ( 'NONE', #1427, #1046 ) ;
#1053 = CIRCLE ( 'NONE', #1300, 5.000000000000002665 ) ;
#1054 = ORIENTED_EDGE ( 'NONE', *, *, #2432, .F. ) ;
#1055 = CARTESIAN_POINT ( 'NONE',  ( 18.89285714285714235, 4.172000000000004150, 5.109226446042759579E-16 ) ) ;
#1056 = CONICAL_SURFACE ( 'NONE', #1819, 4.172000000000002373, 0.9599310885968742602 ) ;
#1057 = AXIS2_PLACEMENT_3D ( 'NONE', #3068, #658, #1872 ) ;
#1058 = EDGE_CURVE ( 'NONE', #2622, #2944, #276, .T. ) ;
#1059 = CIRCLE ( 'NONE', #2782, 5.000000000000001776 ) ;
#1060 = DIRECTION ( 'NONE',  ( 0.0000000000000000000, -1.000000000000000000, 0.0000000000000000000 ) ) ;
#1061 = ADVANCED_FACE ( 'NONE', ( #239 ), #195, .T. ) ;
#1062 = LINE ( 'NONE', #1645, #3043 ) ;
#1063 = VECTOR ( 'NONE', #1562, 1000.000000000000000 ) ;
#1064 = DIRECTION ( 'NONE',  ( 0.0000000000000000000, -1.000000000000000000, 0.0000000000000000000 ) ) ;
#1065 = AXIS2_PLACEMENT_3D ( 'NONE', #2603, #1345, #2558 ) ;
#1066 = AXIS2_PLACEMENT_3D ( 'NONE', #2928, #3062, #3064 ) ;
#1067 = DIRECTION ( 'NONE',  ( 0.0000000000000000000, -1.000000000000000000, 0.0000000000000000000 ) ) ;
#1068 = DIRECTION ( 'NONE',  ( -0.5735764363510519326, 0.8191520442889876907, 1.003171929053519816E-16 ) ) ;
#1069 = DIRECTION ( 'NONE',  ( -1.000000000000000000, -1.224606353822377258E-16, -0.0000000000000000000 ) ) ;
#1070 = LINE ( 'NONE', #244, #3017 ) ;
#1071 = LINE ( 'NONE', #1540, #1028 ) ;
#1072 = DIRECTION ( 'NONE',  ( -1.000000000000000000, -1.224606353822377258E-16, -0.0000000000000000000 ) ) ;
#1073 = EDGE_CURVE ( 'NONE', #2214, #120, #212, .T. ) ;
#1074 = LINE ( 'NONE', #1351, #1063 ) ;
#1075 = CARTESIAN_POINT ( 'NONE',  ( 19.77737101550521004, 6.123233995735964602E-16, -5.000000000000001776 ) ) ;
#1076 = ORIENTED_EDGE ( 'NONE', *, *, #2616, .F. ) ;
#1077 = CONICAL_SURFACE ( 'NONE', #584, 4.172000000000002373, 0.9599310885968742602 ) ;
#1078 = PRESENTATION_STYLE_ASSIGNMENT (( #1000 ) ) ;
#1079 = VECTOR ( 'NONE', #2153, 1000.000000000000114 ) ;
#1080 = DIRECTION ( 'NONE',  ( 1.000000000000000000, 1.224606353822377258E-16, 0.0000000000000000000 ) ) ;
#1081 = CIRCLE ( 'NONE', #2821, 4.172000000000002373 ) ;
#1082 = CARTESIAN_POINT ( 'NONE',  ( 14.50000000000000000, 2.164491730381051252E-15, 0.0000000000000000000 ) ) ;
#1083 = PRODUCT_DEFINITION_SHAPE ( 'NONE', 'NONE',  #2908 ) ;
#1084 = AXIS2_PLACEMENT_3D ( 'NONE', #2103, #916, #1991 ) ;
#1085 = DIRECTION ( 'NONE',  ( 1.000000000000000000, 1.224606353822377258E-16, 0.0000000000000000000 ) ) ;
#1086 = CARTESIAN_POINT ( 'NONE',  ( 24.75000000000000000, 4.172000000000004150, 0.0000000000000000000 ) ) ;
#1087 = LINE ( 'NONE', #2122, #1079 ) ;
#1088 = DIRECTION ( 'NONE',  ( 0.0000000000000000000, 1.000000000000000000, 0.0000000000000000000 ) ) ;
#1089 = EDGE_CURVE ( 'NONE', #1212, #2396, #223, .T. ) ;
#1090 = CIRCLE ( 'NONE', #2811, 5.000000000000002665 ) ;
#1091 = AXIS2_PLACEMENT_3D ( 'NONE', #1885, #513, #997 ) ;
#1092 = DIRECTION ( 'NONE',  ( -1.000000000000000000, -1.224606353822377258E-16, -0.0000000000000000000 ) ) ;
#1093 = DIRECTION ( 'NONE',  ( 0.0000000000000000000, 1.000000000000000000, -1.110768649713241713E-15 ) ) ;
#1094 = CONICAL_SURFACE ( 'NONE', #324, 4.172000000000002373, 0.9599310885968742602 ) ;
#1095 = CIRCLE ( 'NONE', #2835, 4.999999999999617195 ) ;
#1096 = EDGE_CURVE ( 'NONE', #1356, #1212, #201, .T. ) ;
#1097 = AXIS2_PLACEMENT_3D ( 'NONE', #2569, #2392, #2019 ) ;
#1098 = CARTESIAN_POINT ( 'NONE',  ( 16.54405755592335225, 2.235490958484726577E-15, 0.0000000000000000000 ) ) ;
#1099 = CIRCLE ( 'NONE', #2838, 4.172000000000002373 ) ;
#1100 = CARTESIAN_POINT ( 'NONE',  ( 32.95594244407664064, 6.123233995735964602E-16, -5.000000000000001776 ) ) ;
#1101 = PLANE ( 'NONE',  #1177 ) ;
#1102 = CIRCLE ( 'NONE', #2839, 4.171999999999999709 ) ;
#1103 = DIRECTION ( 'NONE',  ( -0.5735764363510517105, -0.8191520442889879128, 0.0000000000000000000 ) ) ;
#1104 = AXIS2_PLACEMENT_3D ( 'NONE', #3104, #2430, #3090 ) ;
#1105 = CIRCLE ( 'NONE', #2850, 5.000000000000002665 ) ;
#1106 = CARTESIAN_POINT ( 'NONE',  ( 19.47262898449478286, 2.235490958484726577E-15, 0.0000000000000000000 ) ) ;
#1107 = CARTESIAN_POINT ( 'NONE',  ( 23.28571428571428470, 2.164491730381051252E-15, 0.0000000000000000000 ) ) ;
#1108 = CIRCLE ( 'NONE', #2864, 5.000000000000001776 ) ;
#1109 = CARTESIAN_POINT ( 'NONE',  ( -31.74999999999995737, 0.0000000000000000000, 0.0000000000000000000 ) ) ;
#1110 = DIRECTION ( 'NONE',  ( -1.000000000000000000, -1.224606353822377258E-16, -0.0000000000000000000 ) ) ;
#1111 = AXIS2_PLACEMENT_3D ( 'NONE', #1668, #3116, #3466 ) ;
#1112 = COLOUR_RGB ( '',0.7764705882352941346, 0.7568627450980391913, 0.7372549019607843590 ) ;
#1113 = DIRECTION ( 'NONE',  ( -1.000000000000000000, -0.0000000000000000000, -0.0000000000000000000 ) ) ;
#1114 = EDGE_CURVE ( 'NONE', #1297, #1356, #192, .T. ) ;
#1115 = VECTOR ( 'NONE', #719, 1000.000000000000114 ) ;
#1116 = DIRECTION ( 'NONE',  ( -1.000000000000000000, -0.0000000000000000000, -0.0000000000000000000 ) ) ;
#1117 = PLANE ( 'NONE',  #274 ) ;
#1118 = AXIS2_PLACEMENT_3D ( 'NONE', #3132, #78, #2408 ) ;
#1119 = EDGE_CURVE ( 'NONE', #2960, #1775, #185, .T. ) ;
#1120 = CIRCLE ( 'NONE', #1740, 4.172000000000002373 ) ;
#1121 = DIRECTION ( 'NONE',  ( 0.0000000000000000000, 0.0000000000000000000, 1.000000000000000000 ) ) ;
#1122 = EDGE_CURVE ( 'NONE', #1775, #1937, #190, .T. ) ;
#1123 = ORIENTED_EDGE ( 'NONE', *, *, #1396, .F. ) ;
#1124 = EDGE_CURVE ( 'NONE', #1191, #1937, #170, .T. ) ;
#1125 = DIRECTION ( 'NONE',  ( 0.5735764363510444941, 0.8191520442889929088, 0.0000000000000000000 ) ) ;
#1126 = VERTEX_POINT ( 'NONE', #3059 ) ;
#1127 = ORIENTED_EDGE ( 'NONE', *, *, #619, .F. ) ;
#1128 = CARTESIAN_POINT ( 'NONE',  ( -31.74999999999995737, 0.0000000000000000000, 0.0000000000000000000 ) ) ;
#1129 = CIRCLE ( 'NONE', #2871, 5.000000000000002665 ) ;
#1130 = CONICAL_SURFACE ( 'NONE', #1259, 4.057500000000000107, 1.047197551196593857 ) ;
#1131 = DIRECTION ( 'NONE',  ( 0.0000000000000000000, -1.000000000000000000, 0.0000000000000000000 ) ) ;
#1132 = VECTOR ( 'NONE', #3020, 1000.000000000000000 ) ;
#1133 = DIRECTION ( 'NONE',  ( -1.000000000000000000, -1.224606353822377258E-16, -0.0000000000000000000 ) ) ;
#1134 = ADVANCED_FACE ( 'NONE', ( #147 ), #101, .T. ) ;
#1135 = EDGE_CURVE ( 'NONE', #3164, #1191, #108, .T. ) ;
#1136 = CIRCLE ( 'NONE', #2823, 5.000000000000002665 ) ;
#1137 = ORIENTED_EDGE ( 'NONE', *, *, #1184, .T. ) ;
#1138 = AXIS2_PLACEMENT_3D ( 'NONE', #913, #2068, #2684 ) ;
#1139 = CARTESIAN_POINT ( 'NONE',  ( -31.74999999999995737, 0.0000000000000000000, 0.0000000000000000000 ) ) ;
#1140 = CARTESIAN_POINT ( 'NONE',  ( 15.96428571428571530, 2.164491730381051252E-15, 0.0000000000000000000 ) ) ;
#1141 = CIRCLE ( 'NONE', #2859, 4.172000000000002373 ) ;
#1142 = CYLINDRICAL_SURFACE ( 'NONE', #25, 4.999999999999809930 ) ;
#1143 = CONICAL_SURFACE ( 'NONE', #2897, 4.172000000000002373, 0.9599310885968742602 ) ;
#1144 = DIRECTION ( 'NONE',  ( 0.0000000000000000000, -1.000000000000000000, 0.0000000000000000000 ) ) ;
#1145 = CIRCLE ( 'NONE', #439, 0.4000000000000001887 ) ;
#1146 = AXIS2_PLACEMENT_3D ( 'NONE', #3111, #1286, #635 ) ;
#1147 = ORIENTED_EDGE ( 'NONE', *, *, #2260, .F. ) ;
#1148 = VECTOR ( 'NONE', #3098, 1000.000000000000000 ) ;
#1149 = CIRCLE ( 'NONE', #2886, 5.000000000000001776 ) ;
#1150 = AXIS2_PLACEMENT_3D ( 'NONE', #3092, #1919, #1005 ) ;
#1151 = LINE ( 'NONE', #3019, #1173 ) ;
#1152 = DIRECTION ( 'NONE',  ( -1.000000000000000000, -1.224606353822377258E-16, -0.0000000000000000000 ) ) ;
#1153 = CARTESIAN_POINT ( 'NONE',  ( 34.11548612735192165, 5.000000000000005329, 0.0000000000000000000 ) ) ;
#1154 = CONICAL_SURFACE ( 'NONE', #252, 4.172000000000002373, 0.9599310885968742602 ) ;
#1155 = ORIENTED_EDGE ( 'NONE', *, *, #2110, .T. ) ;
#1156 = EDGE_CURVE ( 'NONE', #2960, #3164, #146, .T. ) ;
#1157 = DIRECTION ( 'NONE',  ( 1.000000000000000000, 1.224606353822377258E-16, 0.0000000000000000000 ) ) ;
#1158 =( NAMED_UNIT ( * ) SI_UNIT ( $, .STERADIAN. ) SOLID_ANGLE_UNIT ( ) );
#1159 = CARTESIAN_POINT ( 'NONE',  ( 29.72262898449477930, 2.235490958484726577E-15, 0.0000000000000000000 ) ) ;
#1160 = DIRECTION ( 'NONE',  ( 0.0000000000000000000, -1.000000000000000000, 0.0000000000000000000 ) ) ;
#1161 = AXIS2_PLACEMENT_3D ( 'NONE', #3200, #568, #3385 ) ;
#1162 = CARTESIAN_POINT ( 'NONE',  ( 30.02737101550520649, 2.093492502277374743E-15, 0.0000000000000000000 ) ) ;
#1163 = DIRECTION ( 'NONE',  ( -1.000000000000000000, -0.0000000000000000000, -0.0000000000000000000 ) ) ;
#1164 = DIRECTION ( 'NONE',  ( -1.000000000000000000, -1.224606353822377258E-16, -0.0000000000000000000 ) ) ;
#1165 = AXIS2_PLACEMENT_3D ( 'NONE', #3032, #565, #2868 ) ;
#1166 = FACE_OUTER_BOUND ( 'NONE', #2593, .T. ) ;
#1167 = LINE ( 'NONE', #3123, #1180 ) ;
#1168 = EDGE_CURVE ( 'NONE', #2960, #1359, #116, .T. ) ;
#1169 = DIRECTION ( 'NONE',  ( 0.0000000000000000000, -1.000000000000000000, 0.0000000000000000000 ) ) ;
#1170 = CIRCLE ( 'NONE', #1118, 5.000000000000001776 ) ;
#1171 = DIRECTION ( 'NONE',  ( 1.000000000000000000, 1.224606353822377258E-16, 0.0000000000000000000 ) ) ;
#1172 = EDGE_LOOP ( 'NONE', ( #2703, #2705, #2717, #2775, #2788 ) ) ;
#1173 = VECTOR ( 'NONE', #807, 1000.000000000000000 ) ;
#1174 = FACE_OUTER_BOUND ( 'NONE', #2222, .T. ) ;
#1175 = AXIS2_PLACEMENT_3D ( 'NONE', #2245, #3364, #2837 ) ;
#1176 = DIRECTION ( 'NONE',  ( 0.0000000000000000000, 0.0000000000000000000, 1.000000000000000000 ) ) ;
#1177 = AXIS2_PLACEMENT_3D ( 'NONE', #759, #973, #2686 ) ;
#1178 = ADVANCED_FACE ( 'NONE', ( #63 ), #42, .T. ) ;
#1179 = AXIS2_PLACEMENT_3D ( 'NONE', #269, #2098, #1353 ) ;
#1180 = VECTOR ( 'NONE', #3170, 1000.000000000000000 ) ;
#1181 = CARTESIAN_POINT ( 'NONE',  ( -31.74999999999995737, 6.123233995736533568E-16, -4.999999999999809930 ) ) ;
#1182 = ORIENTED_EDGE ( 'NONE', *, *, #2577, .F. ) ;
#1183 = CARTESIAN_POINT ( 'NONE',  ( -31.74999999999995737, 0.0000000000000000000, 4.999999999999809930 ) ) ;
#1184 = EDGE_CURVE ( 'NONE', #1359, #1356, #49, .T. ) ;
#1185 = EDGE_CURVE ( 'NONE', #3332, #2549, #71, .T. ) ;
#1186 = LINE ( 'NONE', #3066, #1132 ) ;
#1187 = CARTESIAN_POINT ( 'NONE',  ( 23.86548612735192521, 2.235490958484726577E-15, 0.0000000000000000000 ) ) ;
#1188 = DIRECTION ( 'NONE',  ( 0.0000000000000000000, -0.8660254037844392627, -0.4999999999999990008 ) ) ;
#1189 = LINE ( 'NONE', #2822, #3182 ) ;
#1190 = CIRCLE ( 'NONE', #2924, 5.000000000000001776 ) ;
#1191 = VERTEX_POINT ( 'NONE', #3279 ) ;
#1192 = CARTESIAN_POINT ( 'NONE',  ( 15.96428571428571530, 2.164491730381051252E-15, 0.0000000000000000000 ) ) ;
#1193 = DIRECTION ( 'NONE',  ( -0.5735764363510517105, -0.8191520442889879128, 0.0000000000000000000 ) ) ;
#1194 = FACE_OUTER_BOUND ( 'NONE', #2439, .T. ) ;
#1195 = CARTESIAN_POINT ( 'NONE',  ( 26.79405755592335225, 2.235490958484726577E-15, 0.0000000000000000000 ) ) ;
#1196 = DIRECTION ( 'NONE',  ( 0.0000000000000000000, -1.110768649713241713E-15, -1.000000000000000000 ) ) ;
#1197 = ORIENTED_EDGE ( 'NONE', *, *, #3180, .F. ) ;
#1198 = CIRCLE ( 'NONE', #3317, 5.000000000000002665 ) ;
#1199 = CIRCLE ( 'NONE', #2946, 5.000000000000002665 ) ;
#1200 = DIRECTION ( 'NONE',  ( -1.000000000000000000, -0.0000000000000000000, -0.0000000000000000000 ) ) ;
#1201 = ORIENTED_EDGE ( 'NONE', *, *, #401, .T. ) ;
#1202 = AXIS2_PLACEMENT_3D ( 'NONE', #1187, #875, #316 ) ;
#1203 = EDGE_CURVE ( 'NONE', #70, #3076, #59, .T. ) ;
#1204 = DIRECTION ( 'NONE',  ( -1.000000000000000000, -1.224606353822377258E-16, -0.0000000000000000000 ) ) ;
#1205 = ORIENTED_EDGE ( 'NONE', *, *, #320, .T. ) ;
#1206 = LINE ( 'NONE', #1183, #643 ) ;
#1207 = CARTESIAN_POINT ( 'NONE',  ( 31.49165672979092179, 2.093492502277374743E-15, 0.0000000000000000000 ) ) ;
#1208 = ORIENTED_EDGE ( 'NONE', *, *, #1058, .F. ) ;
#1209 = AXIS2_PLACEMENT_3D ( 'NONE', #2082, #3204, #742 ) ;
#1210 = VECTOR ( 'NONE', #1039, 1000.000000000000000 ) ;
#1211 = CARTESIAN_POINT ( 'NONE',  ( 13.92022815836235239, 5.000000000000004441, 6.123233995736770227E-16 ) ) ;
#1212 = VERTEX_POINT ( 'NONE', #659 ) ;
#1213 = DIRECTION ( 'NONE',  ( 1.000000000000000000, 1.224606353822377258E-16, 0.0000000000000000000 ) ) ;
#1214 = ADVANCED_FACE ( 'NONE', ( #57 ), #2, .T. ) ;
#1215 = CIRCLE ( 'NONE', #3362, 4.172000000000002373 ) ;
#1216 = VERTEX_POINT ( 'NONE', #698 ) ;
#1217 = LINE ( 'NONE', #1292, #1210 ) ;
#1218 = CARTESIAN_POINT ( 'NONE',  ( 18.00834327020906755, 2.235490958484726577E-15, 0.0000000000000000000 ) ) ;
#1219 = CARTESIAN_POINT ( 'NONE',  ( 18.00834327020906755, 2.235490958484726577E-15, 0.0000000000000000000 ) ) ;
#1220 = LINE ( 'NONE', #1153, #3245 ) ;
#1221 = AXIS2_PLACEMENT_3D ( 'NONE', #516, #2150, #2574 ) ;
#1222 = CARTESIAN_POINT ( 'NONE',  ( 25.32977184163763695, -5.000000000000000000, 6.123233995736770227E-16 ) ) ;
#1223 = CARTESIAN_POINT ( 'NONE',  ( 15.38451387264806769, 2.093492502277374743E-15, 0.0000000000000000000 ) ) ;
#1224 = ADVANCED_FACE ( 'NONE', ( #3370 ), #1986, .F. ) ;
#1225 = CIRCLE ( 'NONE', #2931, 5.000000000000002665 ) ;
#1226 = CIRCLE ( 'NONE', #2927, 5.000000000000001776 ) ;
#1227 = ORIENTED_EDGE ( 'NONE', *, *, #3260, .F. ) ;
#1228 = AXIS2_PLACEMENT_3D ( 'NONE', #2571, #1362, #3073 ) ;
#1229 = CARTESIAN_POINT ( 'NONE',  ( 28.25834327020906755, 5.000000000000004441, 0.0000000000000000000 ) ) ;
#1230 = DIRECTION ( 'NONE',  ( 0.0000000000000000000, 0.0000000000000000000, 1.000000000000000000 ) ) ;
#1231 = DIRECTION ( 'NONE',  ( 0.0000000000000000000, -1.000000000000000000, 0.0000000000000000000 ) ) ;
#1232 = VECTOR ( 'NONE', #2154, 1000.000000000000114 ) ;
#1233 = CIRCLE ( 'NONE', #2916, 4.172000000000002373 ) ;
#1234 = ORIENTED_EDGE ( 'NONE', *, *, #3304, .T. ) ;
#1235 = CIRCLE ( 'NONE', #1371, 5.000000000000002665 ) ;
#1236 = CIRCLE ( 'NONE', #3027, 5.000000000000001776 ) ;
#1237 = CARTESIAN_POINT ( 'NONE',  ( 25.32977184163763695, 2.235490958484726577E-15, 0.0000000000000000000 ) ) ;
#1238 = AXIS2_PLACEMENT_3D ( 'NONE', #2116, #1796, #3467 ) ;
#1239 = ORIENTED_EDGE ( 'NONE', *, *, #651, .T. ) ;
#1240 = FACE_OUTER_BOUND ( 'NONE', #2977, .T. ) ;
#1241 = CIRCLE ( 'NONE', #2947, 5.000000000000001776 ) ;
#1242 = VERTEX_POINT ( 'NONE', #3107 ) ;
#1243 = DIRECTION ( 'NONE',  ( -1.000000000000000000, -1.224606353822377258E-16, -0.0000000000000000000 ) ) ;
#1244 = CIRCLE ( 'NONE', #321, 4.999999999999809930 ) ;
#1245 = CARTESIAN_POINT ( 'NONE',  ( 27.09879958693377944, 2.093492502277374743E-15, 0.0000000000000000000 ) ) ;
#1246 = DIRECTION ( 'NONE',  ( -1.000000000000000000, -0.0000000000000000000, -0.0000000000000000000 ) ) ;
#1247 = CARTESIAN_POINT ( 'NONE',  ( -31.74999999999995737, 0.0000000000000000000, 0.0000000000000000000 ) ) ;
#1248 = VERTEX_POINT ( 'NONE', #2138 ) ;
#1249 = VECTOR ( 'NONE', #646, 1000.000000000000000 ) ;
#1250 = VERTEX_POINT ( 'NONE', #2445 ) ;
#1251 = AXIS2_PLACEMENT_3D ( 'NONE', #2410, #2421, #2001 ) ;
#1252 = ORIENTED_EDGE ( 'NONE', *, *, #989, .F. ) ;
#1253 = DIRECTION ( 'NONE',  ( -1.000000000000000000, -1.224606353822377258E-16, -0.0000000000000000000 ) ) ;
#1254 = CARTESIAN_POINT ( 'NONE',  ( 25.63451387264806769, -4.999999999999999112, 0.0000000000000000000 ) ) ;
#1255 = DIRECTION ( 'NONE',  ( 0.0000000000000000000, -1.000000000000000000, 0.0000000000000000000 ) ) ;
#1256 = CIRCLE ( 'NONE', #3028, 5.000000000000002665 ) ;
#1257 = ORIENTED_EDGE ( 'NONE', *, *, #2858, .F. ) ;
#1258 = AXIS2_PLACEMENT_3D ( 'NONE', #1207, #1204, #3213 ) ;
#1259 = AXIS2_PLACEMENT_3D ( 'NONE', #2816, #82, #1734 ) ;
#1260 = CYLINDRICAL_SURFACE ( 'NONE', #1307, 4.999999999999809930 ) ;
#1261 = CIRCLE ( 'NONE', #3011, 4.172000000000002373 ) ;
#1262 = VERTEX_POINT ( 'NONE', #974 ) ;
#1263 = CARTESIAN_POINT ( 'NONE',  ( -31.74999999999995737, 6.123233995736533568E-16, -4.999999999999809930 ) ) ;
#1264 = DIRECTION ( 'NONE',  ( 0.5735764363510447161, -0.8191520442889927978, 1.003171929053526103E-16 ) ) ;
#1265 = CIRCLE ( 'NONE', #3395, 5.000000000000002665 ) ;
#1266 = EDGE_CURVE ( 'NONE', #1365, #712, #15, .T. ) ;
#1267 = EDGE_LOOP ( 'NONE', ( #2475, #1965, #1795, #1786, #1912 ) ) ;
#1268 = ORIENTED_EDGE ( 'NONE', *, *, #2579, .T. ) ;
#1269 = CONICAL_SURFACE ( 'NONE', #2067, 4.172000000000002373, 0.9599310885968742602 ) ;
#1270 = AXIS2_PLACEMENT_3D ( 'NONE', #2653, #2745, #2843 ) ;
#1271 = CARTESIAN_POINT ( 'NONE',  ( 29.72262898449477930, 2.235490958484726577E-15, 0.0000000000000000000 ) ) ;
#1272 = CIRCLE ( 'NONE', #1150, 5.000000000000002665 ) ;
#1273 = DIRECTION ( 'NONE',  ( -1.000000000000000000, -1.224606353822377258E-16, -0.0000000000000000000 ) ) ;
#1274 = DIRECTION ( 'NONE',  ( 0.0000000000000000000, -1.000000000000000000, 0.0000000000000000000 ) ) ;
#1275 = ORIENTED_EDGE ( 'NONE', *, *, #3336, .T. ) ;
#1276 = AXIS2_PLACEMENT_3D ( 'NONE', #1140, #394, #2455 ) ;
#1277 = VECTOR ( 'NONE', #1805, 1000.000000000000114 ) ;
#1278 = ORIENTED_EDGE ( 'NONE', *, *, #1539, .T. ) ;
#1279 = CARTESIAN_POINT ( 'NONE',  ( 33.53571428571428470, 4.172000000000004150, 5.109226446042759579E-16 ) ) ;
#1280 = ADVANCED_FACE ( 'NONE', ( #26 ), #1269, .T. ) ;
#1281 = AXIS2_PLACEMENT_3D ( 'NONE', #323, #150, #3257 ) ;
#1282 = LINE ( 'NONE', #2187, #2318 ) ;
#1283 = VERTEX_POINT ( 'NONE', #1438 ) ;
#1284 = CARTESIAN_POINT ( 'NONE',  ( 18.89285714285714235, -4.172000000000000597, 0.0000000000000000000 ) ) ;
#1285 = ORIENTED_EDGE ( 'NONE', *, *, #1958, .T. ) ;
#1286 = DIRECTION ( 'NONE',  ( 0.0000000000000000000, 0.0000000000000000000, 1.000000000000000000 ) ) ;
#1287 = VERTEX_POINT ( 'NONE', #958 ) ;
#1288 = ADVANCED_FACE ( 'NONE', ( #1609 ), #3126, .T. ) ;
#1289 = ORIENTED_EDGE ( 'NONE', *, *, #3266, .F. ) ;
#1290 = DIRECTION ( 'NONE',  ( -1.000000000000000000, -0.0000000000000000000, -0.0000000000000000000 ) ) ;
#1291 = DIRECTION ( 'NONE',  ( 0.0000000000000000000, 0.0000000000000000000, 1.000000000000000000 ) ) ;
#1292 = CARTESIAN_POINT ( 'NONE',  ( 24.75000000000000000, 4.172000000000004150, 5.109226446042759579E-16 ) ) ;
#1293 = CIRCLE ( 'NONE', #2424, 4.172000000000002373 ) ;
#1294 = EDGE_CURVE ( 'NONE', #3301, #775, #9, .T. ) ;
#1295 = CIRCLE ( 'NONE', #2902, 5.000000000000002665 ) ;
#1296 = EDGE_LOOP ( 'NONE', ( #1432, #1340, #2534, #2303, #2443, #292 ) ) ;
#1297 = VERTEX_POINT ( 'NONE', #3448 ) ;
#1298 = PLANE ( 'NONE',  #2504 ) ;
#1299 = AXIS2_PLACEMENT_3D ( 'NONE', #3081, #1862, #749 ) ;
#1300 = AXIS2_PLACEMENT_3D ( 'NONE', #690, #2650, #2726 ) ;
#1301 = CARTESIAN_POINT ( 'NONE',  ( 10.00000000000000178, 0.0000000000000000000, 0.0000000000000000000 ) ) ;
#1302 = VERTEX_POINT ( 'NONE', #2156 ) ;
#1303 = ADVANCED_FACE ( 'NONE', ( #158 ), #2711, .T. ) ;
#1304 = VECTOR ( 'NONE', #1322, 1000.000000000000000 ) ;
#1305 = EDGE_CURVE ( 'NONE', #86, #1907, #904, .T. ) ;
#1306 = EDGE_LOOP ( 'NONE', ( #570, #2066, #364, #1285, #3429 ) ) ;
#1307 = AXIS2_PLACEMENT_3D ( 'NONE', #2054, #301, #2882 ) ;
#1308 = DIRECTION ( 'NONE',  ( -0.5735764363510517105, -0.8191520442889879128, 0.0000000000000000000 ) ) ;
#1309 = CARTESIAN_POINT ( 'NONE',  ( 5.000000000000000000, -2.342598717236905159, 4.057500000000001883 ) ) ;
#1310 = EDGE_LOOP ( 'NONE', ( #1515, #1737, #1702, #1723, #1717 ) ) ;
#1311 = ADVANCED_FACE ( 'NONE', ( #3450 ), #634, .F. ) ;
#1312 = CARTESIAN_POINT ( 'NONE',  ( 26.79405755592335225, 5.000000000000004441, 0.0000000000000000000 ) ) ;
#1313 = DIRECTION ( 'NONE',  ( -1.000000000000000000, -1.224606353822377258E-16, -0.0000000000000000000 ) ) ;
#1314 = CARTESIAN_POINT ( 'NONE',  ( 1.500000000000001332, 0.0000000000000000000, 6.500000000000000888 ) ) ;
#1315 = VERTEX_POINT ( 'NONE', #3363 ) ;
#1316 = CARTESIAN_POINT ( 'NONE',  ( 5.000000000000000000, -2.342598717236905159, 4.057500000000001883 ) ) ;
#1317 = CIRCLE ( 'NONE', #780, 5.000000000000001776 ) ;
#1318 = DIRECTION ( 'NONE',  ( -1.000000000000000000, -0.0000000000000000000, -0.0000000000000000000 ) ) ;
#1319 = CARTESIAN_POINT ( 'NONE',  ( 18.31308530121949474, 6.123233995735964602E-16, -5.000000000000001776 ) ) ;
#1320 = ORIENTED_EDGE ( 'NONE', *, *, #2120, .F. ) ;
#1321 = VERTEX_POINT ( 'NONE', #1741 ) ;
#1322 = DIRECTION ( 'NONE',  ( -1.000000000000000000, -0.0000000000000000000, -0.0000000000000000000 ) ) ;
#1323 = DIRECTION ( 'NONE',  ( 0.0000000000000000000, -1.000000000000000000, 0.0000000000000000000 ) ) ;
#1324 = ORIENTED_EDGE ( 'NONE', *, *, #851, .T. ) ;
#1325 = CARTESIAN_POINT ( 'NONE',  ( 26.79405755592335225, -5.000000000000000888, 6.123233995736771213E-16 ) ) ;
#1326 = CARTESIAN_POINT ( 'NONE',  ( 10.00000000000000178, 0.0000000000000000000, 0.0000000000000000000 ) ) ;
#1327 = CARTESIAN_POINT ( 'NONE',  ( 5.000000000000000000, 0.0000000000000000000, 0.0000000000000000000 ) ) ;
#1328 = VERTEX_POINT ( 'NONE', #716 ) ;
#1329 = CARTESIAN_POINT ( 'NONE',  ( 5.000000000000000000, -2.342598717236905159, 4.057500000000001883 ) ) ;
#1330 = LINE ( 'NONE', #1263, #267 ) ;
#1331 = EDGE_LOOP ( 'NONE', ( #3434, #1623, #164, #2097, #3401, #1517 ) ) ;
#1332 = CARTESIAN_POINT ( 'NONE',  ( 32.95594244407664064, -8.050387167538645866E-29, 5.000000000000001776 ) ) ;
#1333 = DIRECTION ( 'NONE',  ( 0.0000000000000000000, -1.000000000000000000, 0.0000000000000000000 ) ) ;
#1334 = ORIENTED_EDGE ( 'NONE', *, *, #948, .T. ) ;
#1335 = AXIS2_PLACEMENT_3D ( 'NONE', #823, #1213, #607 ) ;
#1336 = VECTOR ( 'NONE', #3263, 1000.000000000000000 ) ;
#1337 = ORIENTED_EDGE ( 'NONE', *, *, #864, .T. ) ;
#1338 = CARTESIAN_POINT ( 'NONE',  ( -31.74999999999995737, 0.0000000000000000000, 4.999999999999809930 ) ) ;
#1339 = VECTOR ( 'NONE', #2367, 1000.000000000000000 ) ;
#1340 = ORIENTED_EDGE ( 'NONE', *, *, #19, .T. ) ;
#1341 = EDGE_CURVE ( 'NONE', #1907, #1875, #884, .T. ) ;
#1342 = CARTESIAN_POINT ( 'NONE',  ( -31.74999999999995737, 0.0000000000000000000, 4.999999999999809930 ) ) ;
#1343 = LINE ( 'NONE', #2025, #1369 ) ;
#1344 = EDGE_LOOP ( 'NONE', ( #1553, #2617, #1435, #1745, #1461 ) ) ;
#1345 = DIRECTION ( 'NONE',  ( 1.000000000000000000, 1.224606353822377258E-16, 0.0000000000000000000 ) ) ;
#1346 = DIRECTION ( 'NONE',  ( -1.000000000000000000, -1.224606353822377258E-16, -0.0000000000000000000 ) ) ;
#1347 = EDGE_CURVE ( 'NONE', #2491, #1875, #342, .T. ) ;
#1348 = EDGE_LOOP ( 'NONE', ( #3437, #2604, #1589, #143, #226, #3004 ) ) ;
#1349 = ORIENTED_EDGE ( 'NONE', *, *, #2733, .T. ) ;
#1350 = AXIS2_PLACEMENT_3D ( 'NONE', #511, #1290, #3374 ) ;
#1351 = CARTESIAN_POINT ( 'NONE',  ( -31.74999999999995737, 0.0000000000000000000, 4.999999999999809930 ) ) ;
#1352 = DIRECTION ( 'NONE',  ( 0.0000000000000000000, -1.000000000000000000, 0.0000000000000000000 ) ) ;
#1353 = DIRECTION ( 'NONE',  ( 0.0000000000000000000, -1.000000000000000000, 0.0000000000000000000 ) ) ;
#1354 = DIRECTION ( 'NONE',  ( 0.0000000000000000000, -1.000000000000000000, 0.0000000000000000000 ) ) ;
#1355 = EDGE_LOOP ( 'NONE', ( #509, #1370, #3446, #1840, #3409 ) ) ;
#1356 = VERTEX_POINT ( 'NONE', #3314 ) ;
#1357 = CARTESIAN_POINT ( 'NONE',  ( 21.82142857142857295, 2.164491730381051252E-15, 0.0000000000000000000 ) ) ;
#1358 = ADVANCED_FACE ( 'NONE', ( #3167 ), #2560, .T. ) ;
#1359 = VERTEX_POINT ( 'NONE', #903 ) ;
#1360 = ORIENTED_EDGE ( 'NONE', *, *, #2407, .F. ) ;
#1361 = CIRCLE ( 'NONE', #1138, 5.000000000000001776 ) ;
#1362 = DIRECTION ( 'NONE',  ( -1.000000000000000000, -1.224606353822377258E-16, -0.0000000000000000000 ) ) ;
#1363 = VERTEX_POINT ( 'NONE', #105 ) ;
#1364 = DIRECTION ( 'NONE',  ( -1.000000000000000000, -1.224606353822377258E-16, -0.0000000000000000000 ) ) ;
#1365 = VERTEX_POINT ( 'NONE', #1229 ) ;
#1366 = CARTESIAN_POINT ( 'NONE',  ( 5.000000000000000000, 4.685197434473809430, -7.372574772901430151E-15 ) ) ;
#1367 = CIRCLE ( 'NONE', #758, 4.057500000000000107 ) ;
#1368 = ORIENTED_EDGE ( 'NONE', *, *, #2452, .F. ) ;
#1369 = VECTOR ( 'NONE', #572, 1000.000000000000000 ) ;
#1370 = ORIENTED_EDGE ( 'NONE', *, *, #751, .F. ) ;
#1371 = AXIS2_PLACEMENT_3D ( 'NONE', #3273, #2849, #1458 ) ;
#1372 = FACE_OUTER_BOUND ( 'NONE', #1666, .T. ) ;
#1373 = PLANE ( 'NONE',  #935 ) ;
#1374 = DIRECTION ( 'NONE',  ( -1.000000000000000000, -0.0000000000000000000, -0.0000000000000000000 ) ) ;
#1375 = EDGE_LOOP ( 'NONE', ( #3346, #3331, #3357, #3246, #3453 ) ) ;
#1376 = FACE_OUTER_BOUND ( 'NONE', #1813, .T. ) ;
#1377 = EDGE_LOOP ( 'NONE', ( #2793, #3326, #1234, #3269, #2263, #3121 ) ) ;
#1378 = CARTESIAN_POINT ( 'NONE',  ( 19.77737101550521004, -4.999999999999999112, 0.0000000000000000000 ) ) ;
#1379 = VERTEX_POINT ( 'NONE', #3393 ) ;
#1380 = LINE ( 'NONE', #2521, #3449 ) ;
#1381 = DIRECTION ( 'NONE',  ( -1.000000000000000000, -0.0000000000000000000, -0.0000000000000000000 ) ) ;
#1382 = EDGE_CURVE ( 'NONE', #501, #2491, #601, .T. ) ;
#1383 = ORIENTED_EDGE ( 'NONE', *, *, #3166, .T. ) ;
#1384 = CIRCLE ( 'NONE', #791, 8.000000000000000000 ) ;
#1385 = EDGE_LOOP ( 'NONE', ( #1123, #3024, #2043, #2102, #3470 ) ) ;
#1386 = DIRECTION ( 'NONE',  ( 0.0000000000000000000, -1.000000000000000000, 0.0000000000000000000 ) ) ;
#1387 = PRODUCT_CONTEXT ( 'NONE', #1672, 'mechanical' ) ;
#1388 = AXIS2_PLACEMENT_3D ( 'NONE', #1876, #3367, #1581 ) ;
#1389 = CARTESIAN_POINT ( 'NONE',  ( 5.000000000000000000, 4.969004387540385421E-16, -4.057500000000000107 ) ) ;
#1390 = AXIS2_PLACEMENT_3D ( 'NONE', #2613, #3256, #555 ) ;
#1391 = EDGE_CURVE ( 'NONE', #86, #501, #954, .T. ) ;
#1392 = AXIS2_PLACEMENT_3D ( 'NONE', #2502, #2748, #1806 ) ;
#1393 = EDGE_LOOP ( 'NONE', ( #2371, #419, #508, #3471, #125 ) ) ;
#1394 = DIRECTION ( 'NONE',  ( -1.000000000000000000, -1.224606353822377258E-16, -0.0000000000000000000 ) ) ;
#1395 = CIRCLE ( 'NONE', #1397, 5.000000000000002665 ) ;
#1396 = EDGE_CURVE ( 'NONE', #86, #668, #3031, .T. ) ;
#1397 = AXIS2_PLACEMENT_3D ( 'NONE', #1566, #18, #3348 ) ;
#1398 = AXIS2_PLACEMENT_3D ( 'NONE', #1882, #1092, #2262 ) ;
#1399 = EDGE_LOOP ( 'NONE', ( #3420, #2586, #111, #2966, #632, #1863 ) ) ;
#1400 = VECTOR ( 'NONE', #2906, 1000.000000000000114 ) ;
#1401 = UNCERTAINTY_MEASURE_WITH_UNIT (LENGTH_MEASURE( 1.000000000000000082E-05 ), #2738, 'distance_accuracy_value', 'NONE');
#1402 = EDGE_LOOP ( 'NONE', ( #3172, #3175, #3187, #3190, #3193 ) ) ;
#1403 = AXIS2_PLACEMENT_3D ( 'NONE', #1858, #2127, #1646 ) ;
#1404 = CARTESIAN_POINT ( 'NONE',  ( 29.72262898449477930, 6.123233995735909382E-16, -5.000000000000001776 ) ) ;
#1405 = CARTESIAN_POINT ( 'NONE',  ( 27.09879958693377944, 6.123233995735964602E-16, -5.000000000000001776 ) ) ;
#1406 = ORIENTED_EDGE ( 'NONE', *, *, #3435, .T. ) ;
#1407 = VECTOR ( 'NONE', #696, 1000.000000000000000 ) ;
#1408 = EDGE_CURVE ( 'NONE', #3009, #2899, #524, .T. ) ;
#1409 = CARTESIAN_POINT ( 'NONE',  ( 31.18691469878049460, -8.628166150854816622E-29, 5.000000000000001776 ) ) ;
#1410 = ORIENTED_EDGE ( 'NONE', *, *, #3138, .F. ) ;
#1411 = CIRCLE ( 'NONE', #586, 1.499999999999999556 ) ;
#1412 = EDGE_CURVE ( 'NONE', #668, #775, #2191, .T. ) ;
#1413 = CARTESIAN_POINT ( 'NONE',  ( 16.54405755592335225, 6.123233995735909382E-16, -5.000000000000001776 ) ) ;
#1414 = CONICAL_SURFACE ( 'NONE', #1814, 4.172000000000002373, 0.9599310885968742602 ) ;
#1415 = VERTEX_POINT ( 'NONE', #2294 ) ;
#1416 = CARTESIAN_POINT ( 'NONE',  ( 18.00834327020906755, 2.235490958484726577E-15, 0.0000000000000000000 ) ) ;
#1417 = ORIENTED_EDGE ( 'NONE', *, *, #1782, .T. ) ;
#1418 = EDGE_CURVE ( 'NONE', #1907, #1365, #194, .T. ) ;
#1419 = CIRCLE ( 'NONE', #454, 4.999999999999809930 ) ;
#1420 = AXIS2_PLACEMENT_3D ( 'NONE', #2213, #865, #1698 ) ;
#1421 = ORIENTED_EDGE ( 'NONE', *, *, #1715, .T. ) ;
#1422 = EDGE_LOOP ( 'NONE', ( #1454, #1548, #1825, #3387, #3274 ) ) ;
#1423 = DIRECTION ( 'NONE',  ( -1.000000000000000000, -1.224606353822377258E-16, -0.0000000000000000000 ) ) ;
#1424 = ORIENTED_EDGE ( 'NONE', *, *, #2917, .F. ) ;
#1425 = CARTESIAN_POINT ( 'NONE',  ( 28.56308530121949474, 2.093492502277374743E-15, 0.0000000000000000000 ) ) ;
#1426 = AXIS2_PLACEMENT_3D ( 'NONE', #1106, #3262, #2525 ) ;
#1427 = CARTESIAN_POINT ( 'NONE',  ( -31.74999999999995737, 6.123233995736533568E-16, -4.999999999999809930 ) ) ;
#1428 = CARTESIAN_POINT ( 'NONE',  ( 24.75000000000000000, 2.164491730381051252E-15, 0.0000000000000000000 ) ) ;
#1429 = DIRECTION ( 'NONE',  ( -0.0000000000000000000, -1.000000000000000000, 1.110768649713241713E-15 ) ) ;
#1430 = VECTOR ( 'NONE', #3383, 1000.000000000000000 ) ;
#1431 = CIRCLE ( 'NONE', #1390, 5.000000000000001776 ) ;
#1432 = ORIENTED_EDGE ( 'NONE', *, *, #1927, .F. ) ;
#1433 = CARTESIAN_POINT ( 'NONE',  ( 23.86548612735192521, 2.235490958484726577E-15, 0.0000000000000000000 ) ) ;
#1434 = CARTESIAN_POINT ( 'NONE',  ( 13.92022815836235239, -4.999999999999999112, 0.0000000000000000000 ) ) ;
#1435 = ORIENTED_EDGE ( 'NONE', *, *, #1838, .T. ) ;
#1436 = ADVANCED_FACE ( 'NONE', ( #66 ), #62, .T. ) ;
#1437 = PRODUCT_RELATED_PRODUCT_CATEGORY ( 'part', '', ( #3102 ) ) ;
#1438 = CARTESIAN_POINT ( 'NONE',  ( 20.93691469878049460, 5.000000000000004441, 0.0000000000000000000 ) ) ;
#1439 = CIRCLE ( 'NONE', #55, 5.399999999999810285 ) ;
#1440 = EDGE_LOOP ( 'NONE', ( #789, #329, #515, #235, #968, #322 ) ) ;
#1441 = ADVANCED_FACE ( 'NONE', ( #3130 ), #1793, .T. ) ;
#1442 = CARTESIAN_POINT ( 'NONE',  ( 27.09879958693377944, 2.093492502277374743E-15, 0.0000000000000000000 ) ) ;
#1443 = ORIENTED_EDGE ( 'NONE', *, *, #1580, .F. ) ;
#1444 = DIRECTION ( 'NONE',  ( -1.000000000000000000, -1.224606353822377258E-16, -0.0000000000000000000 ) ) ;
#1445 = FACE_OUTER_BOUND ( 'NONE', #1610, .T. ) ;
#1446 = DIRECTION ( 'NONE',  ( 0.0000000000000000000, -1.000000000000000000, 0.0000000000000000000 ) ) ;
#1447 = DIRECTION ( 'NONE',  ( 1.000000000000000000, 0.0000000000000000000, 0.0000000000000000000 ) ) ;
#1448 = VERTEX_POINT ( 'NONE', #1474 ) ;
#1449 = ORIENTED_EDGE ( 'NONE', *, *, #241, .T. ) ;
#1450 = DIRECTION ( 'NONE',  ( 0.0000000000000000000, -1.000000000000000000, 0.0000000000000000000 ) ) ;
#1451 = FACE_OUTER_BOUND ( 'NONE', #1578, .T. ) ;
#1452 = CARTESIAN_POINT ( 'NONE',  ( 23.28571428571428470, 4.172000000000004150, 0.0000000000000000000 ) ) ;
#1453 = DIRECTION ( 'NONE',  ( -0.5735764363510519326, 0.8191520442889876907, 1.003171929053519816E-16 ) ) ;
#1454 = ORIENTED_EDGE ( 'NONE', *, *, #73, .F. ) ;
#1455 = DIRECTION ( 'NONE',  ( 0.0000000000000000000, -1.000000000000000000, 0.0000000000000000000 ) ) ;
#1456 = ORIENTED_EDGE ( 'NONE', *, *, #2858, .T. ) ;
#1457 = DIRECTION ( 'NONE',  ( 0.0000000000000000000, 0.0000000000000000000, 1.000000000000000000 ) ) ;
#1458 = DIRECTION ( 'NONE',  ( 0.0000000000000000000, -1.000000000000000000, 0.0000000000000000000 ) ) ;
#1459 = AXIS2_PLACEMENT_3D ( 'NONE', #166, #1850, #1791 ) ;
#1460 = EDGE_LOOP ( 'NONE', ( #2820, #897, #2975, #1406, #694 ) ) ;
#1461 = ORIENTED_EDGE ( 'NONE', *, *, #89, .T. ) ;
#1462 = DIRECTION ( 'NONE',  ( -1.000000000000000000, -0.0000000000000000000, -0.0000000000000000000 ) ) ;
#1463 = VERTEX_POINT ( 'NONE', #1100 ) ;
#1464 = ADVANCED_FACE ( 'NONE', ( #2181 ), #2841, .T. ) ;
#1465 = CARTESIAN_POINT ( 'NONE',  ( 15.07977184163763873, 5.000000000000004441, 0.0000000000000000000 ) ) ;
#1466 = AXIS2_PLACEMENT_3D ( 'NONE', #3183, #2797, #1908 ) ;
#1467 = EDGE_LOOP ( 'NONE', ( #863, #222, #956, #3293, #925 ) ) ;
#1468 = CARTESIAN_POINT ( 'NONE',  ( 24.17022815836235239, 2.093492502277374743E-15, 0.0000000000000000000 ) ) ;
#1469 = DIRECTION ( 'NONE',  ( -1.000000000000000000, -1.224606353822377258E-16, -0.0000000000000000000 ) ) ;
#1470 = ORIENTED_EDGE ( 'NONE', *, *, #2666, .F. ) ;
#1471 = DIRECTION ( 'NONE',  ( 0.0000000000000000000, -1.000000000000000000, 0.0000000000000000000 ) ) ;
#1472 = DIRECTION ( 'NONE',  ( -1.000000000000000000, -1.224606353822377258E-16, -0.0000000000000000000 ) ) ;
#1473 = CARTESIAN_POINT ( 'NONE',  ( 21.24165672979092179, 2.093492502277374743E-15, 0.0000000000000000000 ) ) ;
#1474 = CARTESIAN_POINT ( 'NONE',  ( 25.32977184163763695, -8.589647551967071905E-29, 5.000000000000001776 ) ) ;
#1475 = FACE_OUTER_BOUND ( 'NONE', #2238, .T. ) ;
#1476 = ADVANCED_FACE ( 'NONE', ( #2696 ), #1056, .T. ) ;
#1477 = EDGE_LOOP ( 'NONE', ( #481, #2877, #1239, #960, #697, #1289 ) ) ;
#1478 = CARTESIAN_POINT ( 'NONE',  ( 16.54405755592335225, -8.589647551967071905E-29, 5.000000000000001776 ) ) ;
#1479 = AXIS2_PLACEMENT_3D ( 'NONE', #2714, #1133, #2204 ) ;
#1480 = ORIENTED_EDGE ( 'NONE', *, *, #966, .F. ) ;
#1481 = CARTESIAN_POINT ( 'NONE',  ( -31.74999999999995737, 0.0000000000000000000, 0.0000000000000000000 ) ) ;
#1482 = DIRECTION ( 'NONE',  ( -1.000000000000000000, -0.0000000000000000000, -0.0000000000000000000 ) ) ;
#1483 = EDGE_CURVE ( 'NONE', #701, #3311, #2515, .T. ) ;
#1484 = CARTESIAN_POINT ( 'NONE',  ( 10.40000000000000036, 0.0000000000000000000, 0.0000000000000000000 ) ) ;
#1485 = CARTESIAN_POINT ( 'NONE',  ( 16.54405755592335225, 5.000000000000005329, 0.0000000000000000000 ) ) ;
#1486 = EDGE_CURVE ( 'NONE', #3311, #2815, #2690, .T. ) ;
#1487 = FACE_OUTER_BOUND ( 'NONE', #2524, .T. ) ;
#1488 = DIRECTION ( 'NONE',  ( -1.000000000000000000, -1.224606353822377258E-16, -0.0000000000000000000 ) ) ;
#1489 = ORIENTED_EDGE ( 'NONE', *, *, #774, .F. ) ;
#1490 = DIRECTION ( 'NONE',  ( 0.0000000000000000000, -1.000000000000000000, 0.0000000000000000000 ) ) ;
#1491 = ADVANCED_FACE ( 'NONE', ( #3460 ), #3037, .T. ) ;
#1492 = ORIENTED_EDGE ( 'NONE', *, *, #309, .F. ) ;
#1493 = CARTESIAN_POINT ( 'NONE',  ( 34.11548612735192165, -8.589647551967071905E-29, 5.000000000000001776 ) ) ;
#1494 = ORIENTED_EDGE ( 'NONE', *, *, #3095, .T. ) ;
#1495 = CARTESIAN_POINT ( 'NONE',  ( 26.21428571428571530, 2.164491730381051252E-15, 0.0000000000000000000 ) ) ;
#1496 = EDGE_CURVE ( 'NONE', #3115, #368, #1120, .T. ) ;
#1497 = ORIENTED_EDGE ( 'NONE', *, *, #99, .T. ) ;
#1498 = CARTESIAN_POINT ( 'NONE',  ( 30.60714285714285410, 4.172000000000004150, 0.0000000000000000000 ) ) ;
#1499 = ORIENTED_EDGE ( 'NONE', *, *, #905, .T. ) ;
#1500 = VERTEX_POINT ( 'NONE', #399 ) ;
#1501 = CARTESIAN_POINT ( 'NONE',  ( 24.75000000000000000, 2.164491730381051252E-15, 0.0000000000000000000 ) ) ;
#1502 = CARTESIAN_POINT ( 'NONE',  ( 15.38451387264806769, 6.123233995735964602E-16, -5.000000000000001776 ) ) ;
#1503 = CARTESIAN_POINT ( 'NONE',  ( 28.25834327020906755, 2.235490958484726577E-15, 0.0000000000000000000 ) ) ;
#1504 = CONICAL_SURFACE ( 'NONE', #467, 4.172000000000002373, 0.9599310885968742602 ) ;
#1505 = CARTESIAN_POINT ( 'NONE',  ( 26.21428571428571530, 4.172000000000004150, 5.109226446042759579E-16 ) ) ;
#1506 = DIRECTION ( 'NONE',  ( -1.000000000000000000, -1.224606353822377258E-16, -0.0000000000000000000 ) ) ;
#1507 = CARTESIAN_POINT ( 'NONE',  ( -31.74999999999995737, 0.0000000000000000000, 0.0000000000000000000 ) ) ;
#1508 = ORIENTED_EDGE ( 'NONE', *, *, #2599, .F. ) ;
#1509 = LINE ( 'NONE', #1511, #2749 ) ;
#1510 = CARTESIAN_POINT ( 'NONE',  ( 27.67857142857142705, 4.172000000000004150, 0.0000000000000000000 ) ) ;
#1511 = CARTESIAN_POINT ( 'NONE',  ( -31.74999999999995737, 6.123233995736533568E-16, -4.999999999999809930 ) ) ;
#1512 = ORIENTED_EDGE ( 'NONE', *, *, #2993, .T. ) ;
#1513 = EDGE_CURVE ( 'NONE', #3141, #1302, #1560, .T. ) ;
#1514 = EDGE_CURVE ( 'NONE', #1867, #744, #1544, .T. ) ;
#1515 = ORIENTED_EDGE ( 'NONE', *, *, #2055, .F. ) ;
#1516 = CARTESIAN_POINT ( 'NONE',  ( 20.35714285714285765, -4.172000000000000597, 5.616230220889765396E-16 ) ) ;
#1517 = ORIENTED_EDGE ( 'NONE', *, *, #2511, .F. ) ;
#1518 = AXIS2_PLACEMENT_3D ( 'NONE', #2637, #2757, #1616 ) ;
#1519 = AXIS2_PLACEMENT_3D ( 'NONE', #1484, #729, #1900 ) ;
#1520 = CARTESIAN_POINT ( 'NONE',  ( 10.00000000000000178, 8.000000000000000000, 0.0000000000000000000 ) ) ;
#1521 = EDGE_LOOP ( 'NONE', ( #523, #404, #227, #153, #69 ) ) ;
#1522 = CARTESIAN_POINT ( 'NONE',  ( 18.89285714285714235, 2.164491730381051252E-15, 0.0000000000000000000 ) ) ;
#1523 = DIRECTION ( 'NONE',  ( 0.0000000000000000000, -1.000000000000000000, 0.0000000000000000000 ) ) ;
#1524 = CARTESIAN_POINT ( 'NONE',  ( 29.72262898449477930, 2.235490958484726577E-15, 0.0000000000000000000 ) ) ;
#1525 = ORIENTED_EDGE ( 'NONE', *, *, #275, .F. ) ;
#1526 = CARTESIAN_POINT ( 'NONE',  ( 23.28571428571428470, -4.172000000000000597, 5.616230220889765396E-16 ) ) ;
#1527 = DIRECTION ( 'NONE',  ( -1.000000000000000000, -0.0000000000000000000, -0.0000000000000000000 ) ) ;
#1528 = EDGE_CURVE ( 'NONE', #1867, #1828, #1649, .T. ) ;
#1529 = AXIS2_PLACEMENT_3D ( 'NONE', #1329, #2554, #260 ) ;
#1530 = EDGE_LOOP ( 'NONE', ( #3355, #748, #466, #506, #242 ) ) ;
#1531 = CARTESIAN_POINT ( 'NONE',  ( 18.31308530121949474, 2.093492502277374743E-15, 0.0000000000000000000 ) ) ;
#1532 = VECTOR ( 'NONE', #920, 1000.000000000000000 ) ;
#1533 = ADVANCED_FACE ( 'NONE', ( #258 ), #3259, .T. ) ;
#1534 = ORIENTED_EDGE ( 'NONE', *, *, #249, .T. ) ;
#1535 = CARTESIAN_POINT ( 'NONE',  ( 19.77737101550521004, 2.093492502277374743E-15, 0.0000000000000000000 ) ) ;
#1536 = VECTOR ( 'NONE', #288, 999.9999999999998863 ) ;
#1537 = ORIENTED_EDGE ( 'NONE', *, *, #541, .T. ) ;
#1538 = AXIS2_PLACEMENT_3D ( 'NONE', #2252, #1841, #1121 ) ;
#1539 = EDGE_CURVE ( 'NONE', #1828, #2286, #640, .T. ) ;
#1540 = CARTESIAN_POINT ( 'NONE',  ( 23.86548612735192521, 5.000000000000005329, 0.0000000000000000000 ) ) ;
#1541 = ORIENTED_EDGE ( 'NONE', *, *, #1972, .F. ) ;
#1542 = EDGE_CURVE ( 'NONE', #2183, #657, #2848, .T. ) ;
#1543 = DIRECTION ( 'NONE',  ( 0.5735764363510444941, 0.8191520442889929088, 0.0000000000000000000 ) ) ;
#1544 = LINE ( 'NONE', #3452, #2409 ) ;
#1545 = DIRECTION ( 'NONE',  ( 0.0000000000000000000, -1.000000000000000000, 0.0000000000000000000 ) ) ;
#1546 = EDGE_CURVE ( 'NONE', #2756, #3077, #2583, .T. ) ;
#1547 = CIRCLE ( 'NONE', #740, 5.000000000000002665 ) ;
#1548 = ORIENTED_EDGE ( 'NONE', *, *, #3411, .T. ) ;
#1549 = CARTESIAN_POINT ( 'NONE',  ( 19.47262898449478286, 2.235490958484726577E-15, 0.0000000000000000000 ) ) ;
#1550 = CARTESIAN_POINT ( 'NONE',  ( 27.09879958693377944, 2.093492502277374743E-15, 0.0000000000000000000 ) ) ;
#1551 = DIRECTION ( 'NONE',  ( 0.0000000000000000000, 1.000000000000000000, 0.0000000000000000000 ) ) ;
#1552 = CONICAL_SURFACE ( 'NONE', #901, 4.172000000000002373, 0.9599310885968742602 ) ;
#1553 = ORIENTED_EDGE ( 'NONE', *, *, #1715, .F. ) ;
#1554 = AXIS2_PLACEMENT_3D ( 'NONE', #1973, #1374, #664 ) ;
#1555 = DIRECTION ( 'NONE',  ( -1.000000000000000000, -1.224606353822377258E-16, -0.0000000000000000000 ) ) ;
#1556 = DIRECTION ( 'NONE',  ( 0.0000000000000000000, 0.0000000000000000000, -1.000000000000000000 ) ) ;
#1557 = ORIENTED_EDGE ( 'NONE', *, *, #2610, .F. ) ;
#1558 = DIRECTION ( 'NONE',  ( 0.0000000000000000000, -1.000000000000000000, 0.0000000000000000000 ) ) ;
#1559 = EDGE_CURVE ( 'NONE', #3077, #712, #1330, .T. ) ;
#1560 = CIRCLE ( 'NONE', #1697, 4.171999999999999709 ) ;
#1561 = ORIENTED_EDGE ( 'NONE', *, *, #249, .F. ) ;
#1562 = DIRECTION ( 'NONE',  ( -1.000000000000000000, -0.0000000000000000000, -0.0000000000000000000 ) ) ;
#1563 = DIRECTION ( 'NONE',  ( 0.0000000000000000000, -1.000000000000000000, 0.0000000000000000000 ) ) ;
#1564 = CONICAL_SURFACE ( 'NONE', #1097, 5.000000000000002665, 0.9599310885968831419 ) ;
#1565 = DIRECTION ( 'NONE',  ( -1.000000000000000000, -1.224606353822377258E-16, -0.0000000000000000000 ) ) ;
#1566 = CARTESIAN_POINT ( 'NONE',  ( 34.11548612735192165, 2.235490958484726577E-15, 0.0000000000000000000 ) ) ;
#1567 = EDGE_LOOP ( 'NONE', ( #633, #177, #653, #931, #1208, #361 ) ) ;
#1568 = CARTESIAN_POINT ( 'NONE',  ( 32.65120041306621346, -8.589647551967071905E-29, 5.000000000000001776 ) ) ;
#1569 = EDGE_CURVE ( 'NONE', #744, #3301, #3162, .T. ) ;
#1570 = ORIENTED_EDGE ( 'NONE', *, *, #2961, .F. ) ;
#1571 = CARTESIAN_POINT ( 'NONE',  ( 18.31308530121949474, -4.999999999999999112, 0.0000000000000000000 ) ) ;
#1572 = AXIS2_PLACEMENT_3D ( 'NONE', #1327, #3361, #574 ) ;
#1573 = DIRECTION ( 'NONE',  ( 0.0000000000000000000, -1.000000000000000000, 0.0000000000000000000 ) ) ;
#1574 = AXIS2_PLACEMENT_3D ( 'NONE', #1859, #3000, #2664 ) ;
#1575 = FACE_OUTER_BOUND ( 'NONE', #332, .T. ) ;
#1576 = ORIENTED_EDGE ( 'NONE', *, *, #3030, .T. ) ;
#1577 = CARTESIAN_POINT ( 'NONE',  ( 18.31308530121949474, 5.000000000000004441, 6.123233995736770227E-16 ) ) ;
#1578 = EDGE_LOOP ( 'NONE', ( #844, #811, #510, #248, #688 ) ) ;
#1579 = DIRECTION ( 'NONE',  ( -1.000000000000000000, -1.224606353822377258E-16, -0.0000000000000000000 ) ) ;
#1580 = EDGE_CURVE ( 'NONE', #475, #3198, #1380, .T. ) ;
#1581 = DIRECTION ( 'NONE',  ( 0.0000000000000000000, -1.000000000000000000, 0.0000000000000000000 ) ) ;
#1582 = EDGE_CURVE ( 'NONE', #2075, #1762, #2205, .T. ) ;
#1583 = CARTESIAN_POINT ( 'NONE',  ( 5.000000000000000000, 4.685197434473809430, -7.372574772901430151E-15 ) ) ;
#1584 = ORIENTED_EDGE ( 'NONE', *, *, #2986, .T. ) ;
#1585 = ADVANCED_FACE ( 'NONE', ( #2313 ), #867, .T. ) ;
#1586 = DIRECTION ( 'NONE',  ( 0.0000000000000000000, -1.000000000000000000, 0.0000000000000000000 ) ) ;
#1587 = LINE ( 'NONE', #2685, #1148 ) ;
#1588 = CARTESIAN_POINT ( 'NONE',  ( 32.07142857142856940, -4.172000000000000597, 5.616230220889765396E-16 ) ) ;
#1589 = ORIENTED_EDGE ( 'NONE', *, *, #1382, .T. ) ;
#1590 = CARTESIAN_POINT ( 'NONE',  ( 32.65120041306621346, 2.235490958484726577E-15, 0.0000000000000000000 ) ) ;
#1591 = VECTOR ( 'NONE', #1873, 1000.000000000000000 ) ;
#1592 = ADVANCED_FACE ( 'NONE', ( #833 ), #2251, .T. ) ;
#1593 = ADVANCED_FACE ( 'NONE', ( #2798 ), #2914, .F. ) ;
#1594 = PRODUCT_DEFINITION_FORMATION_WITH_SPECIFIED_SOURCE ( 'ANY', '', #3102, .NOT_KNOWN. ) ;
#1595 = AXIS2_PLACEMENT_3D ( 'NONE', #2925, #3412, #921 ) ;
#1596 = VECTOR ( 'NONE', #982, 1000.000000000000000 ) ;
#1597 = CARTESIAN_POINT ( 'NONE',  ( 34.17199999999964888, 0.0000000000000000000, 0.0000000000000000000 ) ) ;
#1598 = DIRECTION ( 'NONE',  ( 0.0000000000000000000, -1.000000000000000000, 0.0000000000000000000 ) ) ;
#1599 = ORIENTED_EDGE ( 'NONE', *, *, #1861, .T. ) ;
#1600 = CIRCLE ( 'NONE', #1980, 5.000000000000001776 ) ;
#1601 = ORIENTED_EDGE ( 'NONE', *, *, #1626, .F. ) ;
#1602 = VECTOR ( 'NONE', #695, 999.9999999999998863 ) ;
#1603 = EDGE_CURVE ( 'NONE', #898, #2751, #1220, .T. ) ;
#1604 = EDGE_LOOP ( 'NONE', ( #662, #980, #912, #358, #2281 ) ) ;
#1605 = DIRECTION ( 'NONE',  ( 1.000000000000000000, 0.0000000000000000000, 0.0000000000000000000 ) ) ;
#1606 = CIRCLE ( 'NONE', #1595, 5.000000000000001776 ) ;
#1607 = CARTESIAN_POINT ( 'NONE',  ( 5.000000000000000000, 4.685197434473809430, -7.372574772901430151E-15 ) ) ;
#1608 = EDGE_LOOP ( 'NONE', ( #772, #854, #284, #187, #16, #1197 ) ) ;
#1609 = FACE_OUTER_BOUND ( 'NONE', #2520, .T. ) ;
#1610 = EDGE_LOOP ( 'NONE', ( #1127, #426, #262, #173, #83 ) ) ;
#1611 = CARTESIAN_POINT ( 'NONE',  ( 5.000000000000000000, -4.685197434473816536, 4.770489558936219510E-15 ) ) ;
#1612 = CARTESIAN_POINT ( 'NONE',  ( 19.77737101550521004, -8.050387167538645866E-29, 5.000000000000001776 ) ) ;
#1613 = FACE_OUTER_BOUND ( 'NONE', #1832, .T. ) ;
#1614 = ORIENTED_EDGE ( 'NONE', *, *, #2324, .T. ) ;
#1615 = DIRECTION ( 'NONE',  ( 0.0000000000000000000, -1.000000000000000000, 0.0000000000000000000 ) ) ;
#1616 = DIRECTION ( 'NONE',  ( 0.0000000000000000000, 1.000000000000000000, 0.0000000000000000000 ) ) ;
#1617 = ORIENTED_EDGE ( 'NONE', *, *, #2058, .T. ) ;
#1618 = CARTESIAN_POINT ( 'NONE',  ( -31.74999999999995737, 0.0000000000000000000, 0.0000000000000000000 ) ) ;
#1619 = CIRCLE ( 'NONE', #3356, 5.000000000000001776 ) ;
#1620 = AXIS2_PLACEMENT_3D ( 'NONE', #1031, #1044, #527 ) ;
#1621 = AXIS2_PLACEMENT_3D ( 'NONE', #328, #58, #135 ) ;
#1622 = LINE ( 'NONE', #3124, #2114 ) ;
#1623 = ORIENTED_EDGE ( 'NONE', *, *, #3300, .T. ) ;
#1624 = ADVANCED_FACE ( 'NONE', ( #2948 ), #1822, .F. ) ;
#1625 = ORIENTED_EDGE ( 'NONE', *, *, #1921, .F. ) ;
#1626 = EDGE_CURVE ( 'NONE', #3235, #1463, #1606, .T. ) ;
#1627 = AXIS2_PLACEMENT_3D ( 'NONE', #1425, #1506, #2665 ) ;
#1628 = CARTESIAN_POINT ( 'NONE',  ( 30.60714285714285410, -4.172000000000000597, 0.0000000000000000000 ) ) ;
#1629 = DIRECTION ( 'NONE',  ( 0.0000000000000000000, 1.000000000000000000, 0.0000000000000000000 ) ) ;
#1630 = ORIENTED_EDGE ( 'NONE', *, *, #2162, .T. ) ;
#1631 = DIRECTION ( 'NONE',  ( -0.5735764363510519326, 0.8191520442889876907, 1.003171929053519816E-16 ) ) ;
#1632 = CARTESIAN_POINT ( 'NONE',  ( 15.96428571428571530, 2.164491730381051252E-15, 0.0000000000000000000 ) ) ;
#1633 = DIRECTION ( 'NONE',  ( 0.0000000000000000000, 0.8660254037844380415, -0.5000000000000011102 ) ) ;
#1634 = DIRECTION ( 'NONE',  ( 0.0000000000000000000, 1.224646799147353207E-16, 1.000000000000000000 ) ) ;
#1635 = AXIS2_PLACEMENT_3D ( 'NONE', #149, #2453, #2051 ) ;
#1636 = VERTEX_POINT ( 'NONE', #1761 ) ;
#1637 = CARTESIAN_POINT ( 'NONE',  ( 5.000000000000000000, 2.342598717236898498, -4.057500000000003659 ) ) ;
#1638 = ORIENTED_EDGE ( 'NONE', *, *, #97, .T. ) ;
#1639 = EDGE_CURVE ( 'NONE', #3476, #2312, #39, .T. ) ;
#1640 = CARTESIAN_POINT ( 'NONE',  ( 10.00000000000000178, 0.0000000000000000000, -5.399999999999810285 ) ) ;
#1641 = ADVANCED_FACE ( 'NONE', ( #20 ), #3285, .T. ) ;
#1642 = AXIS2_PLACEMENT_3D ( 'NONE', #3220, #2050, #835 ) ;
#1643 = EDGE_CURVE ( 'NONE', #3332, #1636, #3299, .T. ) ;
#1644 = DIRECTION ( 'NONE',  ( 0.0000000000000000000, -1.000000000000000000, 0.0000000000000000000 ) ) ;
#1645 = CARTESIAN_POINT ( 'NONE',  ( 15.96428571428571530, -4.172000000000000597, 0.0000000000000000000 ) ) ;
#1646 = DIRECTION ( 'NONE',  ( 0.0000000000000000000, 1.000000000000000000, 0.0000000000000000000 ) ) ;
#1647 = CARTESIAN_POINT ( 'NONE',  ( 21.82142857142857295, -4.172000000000000597, 5.616230220889765396E-16 ) ) ;
#1648 = ORIENTED_EDGE ( 'NONE', *, *, #1513, .F. ) ;
#1649 = LINE ( 'NONE', #3397, #1532 ) ;
#1650 = EDGE_CURVE ( 'NONE', #3433, #2075, #2069, .T. ) ;
#1651 = DIRECTION ( 'NONE',  ( 0.0000000000000000000, -1.000000000000000000, 0.0000000000000000000 ) ) ;
#1652 = ORIENTED_EDGE ( 'NONE', *, *, #1808, .F. ) ;
#1653 = DIRECTION ( 'NONE',  ( 0.0000000000000000000, -0.5000000000000011102, -0.8660254037844380415 ) ) ;
#1654 = CARTESIAN_POINT ( 'NONE',  ( 25.63451387264806769, -8.011868568650901149E-29, 5.000000000000001776 ) ) ;
#1655 = ORIENTED_EDGE ( 'NONE', *, *, #1114, .F. ) ;
#1656 = AXIS2_PLACEMENT_3D ( 'NONE', #3458, #1085, #348 ) ;
#1657 = COLOUR_RGB ( '',0.7764705882352941346, 0.7568627450980391913, 0.7372549019607843590 ) ;
#1658 = CARTESIAN_POINT ( 'NONE',  ( 14.50000000000000000, -4.172000000000000597, 0.0000000000000000000 ) ) ;
#1659 =( LENGTH_UNIT ( ) NAMED_UNIT ( * ) SI_UNIT ( .MILLI., .METRE. ) );
#1660 = ORIENTED_EDGE ( 'NONE', *, *, #1934, .T. ) ;
#1661 = DIRECTION ( 'NONE',  ( 0.0000000000000000000, -1.000000000000000000, 0.0000000000000000000 ) ) ;
#1662 = LINE ( 'NONE', #2847, #3038 ) ;
#1663 = EDGE_CURVE ( 'NONE', #1907, #86, #446, .T. ) ;
#1664 = DIRECTION ( 'NONE',  ( -1.000000000000000000, -1.224606353822377258E-16, -0.0000000000000000000 ) ) ;
#1665 = VECTOR ( 'NONE', #3413, 1000.000000000000114 ) ;
#1666 = EDGE_LOOP ( 'NONE', ( #1252, #182, #92, #919, #3142 ) ) ;
#1667 = ORIENTED_EDGE ( 'NONE', *, *, #217, .F. ) ;
#1668 = CARTESIAN_POINT ( 'NONE',  ( 15.07977184163763873, 2.235490958484726577E-15, 0.0000000000000000000 ) ) ;
#1669 = LINE ( 'NONE', #1852, #1777 ) ;
#1670 = ORIENTED_EDGE ( 'NONE', *, *, #1124, .F. ) ;
#1671 = DIRECTION ( 'NONE',  ( -1.000000000000000000, -0.0000000000000000000, -0.0000000000000000000 ) ) ;
#1672 = APPLICATION_CONTEXT ( 'automotive_design' ) ;
#1673 = DIRECTION ( 'NONE',  ( 0.0000000000000000000, -1.000000000000000000, 0.0000000000000000000 ) ) ;
#1674 = VERTEX_POINT ( 'NONE', #1254 ) ;
#1675 = ORIENTED_EDGE ( 'NONE', *, *, #1809, .F. ) ;
#1676 = CARTESIAN_POINT ( 'NONE',  ( 23.86548612735192521, -5.000000000000000000, 6.123233995736770227E-16 ) ) ;
#1677 =( NAMED_UNIT ( * ) SI_UNIT ( $, .STERADIAN. ) SOLID_ANGLE_UNIT ( ) );
#1678 = DIRECTION ( 'NONE',  ( 0.0000000000000000000, -1.000000000000000000, 0.0000000000000000000 ) ) ;
#1679 = EDGE_LOOP ( 'NONE', ( #268, #1383, #477, #205, #1004, #946 ) ) ;
#1680 = DIRECTION ( 'NONE',  ( 0.0000000000000000000, 1.000000000000000000, 0.0000000000000000000 ) ) ;
#1681 = ORIENTED_EDGE ( 'NONE', *, *, #882, .F. ) ;
#1682 = CARTESIAN_POINT ( 'NONE',  ( 26.21428571428571530, -4.172000000000000597, 0.0000000000000000000 ) ) ;
#1683 = DIRECTION ( 'NONE',  ( -1.000000000000000000, -1.224606353822377258E-16, -0.0000000000000000000 ) ) ;
#1684 = DIRECTION ( 'NONE',  ( 0.0000000000000000000, -1.000000000000000000, 0.0000000000000000000 ) ) ;
#1685 = EDGE_CURVE ( 'NONE', #412, #3433, #805, .T. ) ;
#1686 = FACE_OUTER_BOUND ( 'NONE', #121, .T. ) ;
#1687 = ORIENTED_EDGE ( 'NONE', *, *, #232, .T. ) ;
#1688 = VERTEX_POINT ( 'NONE', #571 ) ;
#1689 = DIRECTION ( 'NONE',  ( -1.000000000000000000, -1.224606353822377258E-16, -0.0000000000000000000 ) ) ;
#1690 = CYLINDRICAL_SURFACE ( 'NONE', #204, 4.999999999999809930 ) ;
#1691 = DIRECTION ( 'NONE',  ( 0.5735764363510447161, -0.8191520442889927978, 1.003171929053526103E-16 ) ) ;
#1692 = EDGE_LOOP ( 'NONE', ( #907, #184, #2005, #1201, #977 ) ) ;
#1693 = ADVANCED_FACE ( 'NONE', ( #2873 ), #2609, .T. ) ;
#1694 = FACE_OUTER_BOUND ( 'NONE', #2308, .T. ) ;
#1695 = EDGE_CURVE ( 'NONE', #2701, #353, #820, .T. ) ;
#1696 = ORIENTED_EDGE ( 'NONE', *, *, #2909, .F. ) ;
#1697 = AXIS2_PLACEMENT_3D ( 'NONE', #2386, #3218, #2704 ) ;
#1698 = DIRECTION ( 'NONE',  ( 0.0000000000000000000, -1.000000000000000000, 0.0000000000000000000 ) ) ;
#1699 = DIRECTION ( 'NONE',  ( -1.000000000000000000, -0.0000000000000000000, -0.0000000000000000000 ) ) ;
#1700 = DIRECTION ( 'NONE',  ( -0.5735764363510517105, -0.8191520442889879128, 0.0000000000000000000 ) ) ;
#1701 = PLANE ( 'NONE',  #488 ) ;
#1702 = ORIENTED_EDGE ( 'NONE', *, *, #1750, .T. ) ;
#1703 = DIRECTION ( 'NONE',  ( -1.000000000000000000, -0.0000000000000000000, -0.0000000000000000000 ) ) ;
#1704 = EDGE_LOOP ( 'NONE', ( #371, #943, #482, #2903, #294 ) ) ;
#1705 = DIRECTION ( 'NONE',  ( 0.0000000000000000000, -1.000000000000000000, 0.0000000000000000000 ) ) ;
#1706 = CYLINDRICAL_SURFACE ( 'NONE', #908, 4.999999999999809930 ) ;
#1707 = EDGE_LOOP ( 'NONE', ( #124, #40, #816, #389, #1320, #591 ) ) ;
#1708 = ORIENTED_EDGE ( 'NONE', *, *, #2898, .T. ) ;
#1709 = LINE ( 'NONE', #11, #799 ) ;
#1710 = ORIENTED_EDGE ( 'NONE', *, *, #1603, .T. ) ;
#1711 = EDGE_LOOP ( 'NONE', ( #2021, #1696, #2527, #3310, #1963 ) ) ;
#1712 = CIRCLE ( 'NONE', #2661, 5.000000000000001776 ) ;
#1713 = ORIENTED_EDGE ( 'NONE', *, *, #1695, .T. ) ;
#1714 = DIRECTION ( 'NONE',  ( -1.000000000000000000, -1.224606353822377258E-16, -0.0000000000000000000 ) ) ;
#1715 = EDGE_CURVE ( 'NONE', #3115, #2701, #2237, .T. ) ;
#1716 = DIRECTION ( 'NONE',  ( 0.0000000000000000000, -1.000000000000000000, 0.0000000000000000000 ) ) ;
#1717 = ORIENTED_EDGE ( 'NONE', *, *, #2010, .F. ) ;
#1718 = CARTESIAN_POINT ( 'NONE',  ( 31.18691469878049460, 2.235490958484726577E-15, 0.0000000000000000000 ) ) ;
#1719 = DIRECTION ( 'NONE',  ( -1.000000000000000000, -1.224606353822377258E-16, -0.0000000000000000000 ) ) ;
#1720 = CARTESIAN_POINT ( 'NONE',  ( 5.000000000000000000, 3.513898075855359515, 2.028749999999994724 ) ) ;
#1721 = CIRCLE ( 'NONE', #2398, 5.000000000000001776 ) ;
#1722 = AXIS2_PLACEMENT_3D ( 'NONE', #1366, #1188, #3050 ) ;
#1723 = ORIENTED_EDGE ( 'NONE', *, *, #19, .F. ) ;
#1724 = DIRECTION ( 'NONE',  ( 0.0000000000000000000, 0.0000000000000000000, 1.000000000000000000 ) ) ;
#1725 = CARTESIAN_POINT ( 'NONE',  ( 17.42857142857142705, 2.164491730381051252E-15, 0.0000000000000000000 ) ) ;
#1726 = VERTEX_POINT ( 'NONE', #2366 ) ;
#1727 = DIRECTION ( 'NONE',  ( 0.0000000000000000000, -1.000000000000000000, 0.0000000000000000000 ) ) ;
#1728 = ADVANCED_FACE ( 'NONE', ( #1445 ), #3261, .T. ) ;
#1729 = AXIS2_PLACEMENT_3D ( 'NONE', #801, #370, #2428 ) ;
#1730 = CIRCLE ( 'NONE', #579, 1.499999999999999556 ) ;
#1731 = CARTESIAN_POINT ( 'NONE',  ( -31.74999999999995737, 0.0000000000000000000, 0.0000000000000000000 ) ) ;
#1732 = CARTESIAN_POINT ( 'NONE',  ( 17.42857142857142705, 2.164491730381051252E-15, 0.0000000000000000000 ) ) ;
#1733 = DIRECTION ( 'NONE',  ( 0.0000000000000000000, -1.000000000000000000, 0.0000000000000000000 ) ) ;
#1734 = DIRECTION ( 'NONE',  ( 0.0000000000000000000, 0.0000000000000000000, 1.000000000000000000 ) ) ;
#1735 = CARTESIAN_POINT ( 'NONE',  ( 1.500000000000001332, 0.0000000000000000000, 0.0000000000000000000 ) ) ;
#1736 = CARTESIAN_POINT ( 'NONE',  ( 24.75000000000000000, 2.164491730381051252E-15, 0.0000000000000000000 ) ) ;
#1737 = ORIENTED_EDGE ( 'NONE', *, *, #43, .T. ) ;
#1738 = CYLINDRICAL_SURFACE ( 'NONE', #1350, 4.999999999999809930 ) ;
#1739 = MECHANICAL_DESIGN_GEOMETRIC_PRESENTATION_REPRESENTATION (  '', ( #2330 ), #1747 ) ;
#1740 = AXIS2_PLACEMENT_3D ( 'NONE', #971, #306, #648 ) ;
#1741 = CARTESIAN_POINT ( 'NONE',  ( 14.50000000000000000, -4.172000000000000597, 5.616230220889765396E-16 ) ) ;
#1742 =( LENGTH_UNIT ( ) NAMED_UNIT ( * ) SI_UNIT ( .MILLI., .METRE. ) );
#1743 = EDGE_LOOP ( 'NONE', ( #372, #847, #992, #2795, #300 ) ) ;
#1744 = CARTESIAN_POINT ( 'NONE',  ( 32.65120041306621346, -5.000000000000000888, 6.123233995736771213E-16 ) ) ;
#1745 = ORIENTED_EDGE ( 'NONE', *, *, #2016, .T. ) ;
#1746 = DIRECTION ( 'NONE',  ( 0.5735764363510444941, 0.8191520442889929088, 0.0000000000000000000 ) ) ;
#1747 =( GEOMETRIC_REPRESENTATION_CONTEXT ( 3 ) GLOBAL_UNCERTAINTY_ASSIGNED_CONTEXT ( ( #296 ) ) GLOBAL_UNIT_ASSIGNED_CONTEXT ( ( #1742, #1008, #621 ) ) REPRESENTATION_CONTEXT ( 'NONE', 'WORKASPACE' ) );
#1748 = VERTEX_POINT ( 'NONE', #3206 ) ;
#1749 = DIRECTION ( 'NONE',  ( 0.0000000000000000000, 0.0000000000000000000, 1.000000000000000000 ) ) ;
#1750 = EDGE_CURVE ( 'NONE', #3115, #701, #379, .T. ) ;
#1751 = ORIENTED_EDGE ( 'NONE', *, *, #1546, .F. ) ;
#1752 = AXIS2_PLACEMENT_3D ( 'NONE', #1816, #1664, #1586 ) ;
#1753 = DIRECTION ( 'NONE',  ( 0.0000000000000000000, 0.0000000000000000000, 1.000000000000000000 ) ) ;
#1754 = DIRECTION ( 'NONE',  ( 0.0000000000000000000, 0.0000000000000000000, 1.000000000000000000 ) ) ;
#1755 = FACE_OUTER_BOUND ( 'NONE', #1377, .T. ) ;
#1756 = ORIENTED_EDGE ( 'NONE', *, *, #241, .F. ) ;
#1757 = EDGE_CURVE ( 'NONE', #3476, #1762, #3186, .T. ) ;
#1758 = EDGE_LOOP ( 'NONE', ( #1914, #3475, #2228, #546, #1494 ) ) ;
#1759 = DIRECTION ( 'NONE',  ( 0.0000000000000000000, 0.0000000000000000000, 1.000000000000000000 ) ) ;
#1760 = CONICAL_SURFACE ( 'NONE', #2921, 4.172000000000002373, 0.9599310885968742602 ) ;
#1761 = CARTESIAN_POINT ( 'NONE',  ( 26.21428571428571530, -4.172000000000000597, 5.616230220889765396E-16 ) ) ;
#1762 = VERTEX_POINT ( 'NONE', #2582 ) ;
#1763 = EDGE_CURVE ( 'NONE', #162, #3235, #2643, .T. ) ;
#1764 = AXIS2_PLACEMENT_3D ( 'NONE', #2881, #3086, #1629 ) ;
#1765 = VERTEX_POINT ( 'NONE', #999 ) ;
#1766 = CARTESIAN_POINT ( 'NONE',  ( 5.000000000000000000, 6.071532165918824830E-15, 8.114999999999998437 ) ) ;
#1767 = CARTESIAN_POINT ( 'NONE',  ( 31.49165672979092179, 6.123233995735974463E-16, -5.000000000000001776 ) ) ;
#1768 = ORIENTED_EDGE ( 'NONE', *, *, #1019, .F. ) ;
#1769 = DIRECTION ( 'NONE',  ( -1.000000000000000000, -0.0000000000000000000, -0.0000000000000000000 ) ) ;
#1770 = ORIENTED_EDGE ( 'NONE', *, *, #2010, .T. ) ;
#1771 = AXIS2_PLACEMENT_3D ( 'NONE', #2477, #2932, #1352 ) ;
#1772 = CARTESIAN_POINT ( 'NONE',  ( 5.000000000000000000, 0.0000000000000000000, 0.0000000000000000000 ) ) ;
#1773 = EDGE_CURVE ( 'NONE', #3151, #380, #1395, .T. ) ;
#1774 = DIRECTION ( 'NONE',  ( 0.0000000000000000000, 0.0000000000000000000, -1.000000000000000000 ) ) ;
#1775 = VERTEX_POINT ( 'NONE', #369 ) ;
#1776 = CARTESIAN_POINT ( 'NONE',  ( 33.53571428571428470, 2.164491730381051252E-15, 0.0000000000000000000 ) ) ;
#1777 = VECTOR ( 'NONE', #1820, 1000.000000000000000 ) ;
#1778 = DIRECTION ( 'NONE',  ( -1.000000000000000000, -0.0000000000000000000, -0.0000000000000000000 ) ) ;
#1779 = EDGE_CURVE ( 'NONE', #1216, #3151, #1070, .T. ) ;
#1780 = ORIENTED_EDGE ( 'NONE', *, *, #275, .T. ) ;
#1781 = CARTESIAN_POINT ( 'NONE',  ( 22.40120041306620990, -5.000000000000000000, 6.123233995736770227E-16 ) ) ;
#1782 = EDGE_CURVE ( 'NONE', #2751, #1994, #461, .T. ) ;
#1783 = EDGE_LOOP ( 'NONE', ( #51, #950, #1155, #1918, #218 ) ) ;
#1784 = AXIS2_PLACEMENT_3D ( 'NONE', #1162, #1930, #3431 ) ;
#1785 = ORIENTED_EDGE ( 'NONE', *, *, #1486, .T. ) ;
#1786 = ORIENTED_EDGE ( 'NONE', *, *, #99, .F. ) ;
#1787 = EDGE_CURVE ( 'NONE', #2193, #162, #1431, .T. ) ;
#1788 = AXIS2_PLACEMENT_3D ( 'NONE', #1947, #3247, #1753 ) ;
#1789 = CARTESIAN_POINT ( 'NONE',  ( 16.84879958693377944, 2.093492502277374743E-15, 0.0000000000000000000 ) ) ;
#1790 = DIRECTION ( 'NONE',  ( 0.0000000000000000000, 0.0000000000000000000, 1.000000000000000000 ) ) ;
#1791 = DIRECTION ( 'NONE',  ( 0.0000000000000000000, -1.000000000000000000, 0.0000000000000000000 ) ) ;
#1792 = DIRECTION ( 'NONE',  ( -1.000000000000000000, -1.224606353822377258E-16, -0.0000000000000000000 ) ) ;
#1793 = CYLINDRICAL_SURFACE ( 'NONE', #1788, 4.999999999999809930 ) ;
#1794 = DIRECTION ( 'NONE',  ( 0.0000000000000000000, -1.000000000000000000, 0.0000000000000000000 ) ) ;
#1795 = ORIENTED_EDGE ( 'NONE', *, *, #1685, .T. ) ;
#1796 = DIRECTION ( 'NONE',  ( -1.000000000000000000, -1.224606353822377258E-16, -0.0000000000000000000 ) ) ;
#1797 = DIRECTION ( 'NONE',  ( -1.000000000000000000, -0.0000000000000000000, -0.0000000000000000000 ) ) ;
#1798 = CONICAL_SURFACE ( 'NONE', #987, 4.172000000000002373, 0.9599310885968742602 ) ;
#1799 = ORIENTED_EDGE ( 'NONE', *, *, #2230, .F. ) ;
#1800 = EDGE_LOOP ( 'NONE', ( #3392, #113, #3087, #2509, #3359 ) ) ;
#1801 = DIRECTION ( 'NONE',  ( -0.5735764363510519326, 0.8191520442889876907, 1.003171929053519816E-16 ) ) ;
#1802 = DIRECTION ( 'NONE',  ( -1.000000000000000000, -1.224606353822377258E-16, -0.0000000000000000000 ) ) ;
#1803 = ADVANCED_FACE ( 'NONE', ( #14 ), #1738, .T. ) ;
#1804 = FACE_OUTER_BOUND ( 'NONE', #859, .T. ) ;
#1805 = DIRECTION ( 'NONE',  ( 0.5735764363510444941, 0.8191520442889929088, 0.0000000000000000000 ) ) ;
#1806 = DIRECTION ( 'NONE',  ( 0.0000000000000000000, -1.000000000000000000, 0.0000000000000000000 ) ) ;
#1807 = ORIENTED_EDGE ( 'NONE', *, *, #1773, .F. ) ;
#1808 = EDGE_CURVE ( 'NONE', #898, #3235, #1997, .T. ) ;
#1809 = EDGE_CURVE ( 'NONE', #1463, #3294, #594, .T. ) ;
#1810 = ORIENTED_EDGE ( 'NONE', *, *, #1787, .T. ) ;
#1811 = CARTESIAN_POINT ( 'NONE',  ( 5.000000000000000000, 3.513898075855356407, -2.028750000000003606 ) ) ;
#1812 = DIRECTION ( 'NONE',  ( 0.0000000000000000000, -1.000000000000000000, 0.0000000000000000000 ) ) ;
#1813 = EDGE_LOOP ( 'NONE', ( #1360, #45, #842, #528, #376 ) ) ;
#1814 = AXIS2_PLACEMENT_3D ( 'NONE', #1495, #1164, #1060 ) ;
#1815 = DIRECTION ( 'NONE',  ( 0.0000000000000000000, 0.0000000000000000000, 1.000000000000000000 ) ) ;
#1816 = CARTESIAN_POINT ( 'NONE',  ( 30.02737101550520649, 2.093492502277374743E-15, 0.0000000000000000000 ) ) ;
#1817 = CIRCLE ( 'NONE', #967, 4.172000000000002373 ) ;
#1818 = AXIS2_PLACEMENT_3D ( 'NONE', #818, #1080, #2266 ) ;
#1819 = AXIS2_PLACEMENT_3D ( 'NONE', #1501, #3324, #2470 ) ;
#1820 = DIRECTION ( 'NONE',  ( 0.5735764363510447161, -0.8191520442889927978, 1.003171929053526103E-16 ) ) ;
#1821 = ORIENTED_EDGE ( 'NONE', *, *, #3435, .F. ) ;
#1822 = TOROIDAL_SURFACE ( 'NONE', #1519, 5.399999999999810285, 0.4000000000000000222 ) ;
#1823 = DIRECTION ( 'NONE',  ( -1.000000000000000000, -0.0000000000000000000, -0.0000000000000000000 ) ) ;
#1824 = FACE_OUTER_BOUND ( 'NONE', #1917, .T. ) ;
#1825 = ORIENTED_EDGE ( 'NONE', *, *, #720, .T. ) ;
#1826 = DIRECTION ( 'NONE',  ( -1.000000000000000000, -0.0000000000000000000, -0.0000000000000000000 ) ) ;
#1827 = VECTOR ( 'NONE', #1801, 1000.000000000000000 ) ;
#1828 = VERTEX_POINT ( 'NONE', #2316 ) ;
#1829 = EDGE_CURVE ( 'NONE', #775, #1365, #1235, .T. ) ;
#1830 = DIRECTION ( 'NONE',  ( -1.000000000000000000, -1.224606353822377258E-16, -0.0000000000000000000 ) ) ;
#1831 = CARTESIAN_POINT ( 'NONE',  ( 0.0000000000000000000, 2.342598717236898498, -4.057500000000003659 ) ) ;
#1832 = EDGE_LOOP ( 'NONE', ( #138, #2400, #822 ) ) ;
#1833 = ORIENTED_EDGE ( 'NONE', *, *, #217, .T. ) ;
#1834 = CARTESIAN_POINT ( 'NONE',  ( 19.77737101550521004, 2.093492502277374743E-15, 0.0000000000000000000 ) ) ;
#1835 = DIRECTION ( 'NONE',  ( 0.0000000000000000000, 0.0000000000000000000, 1.000000000000000000 ) ) ;
#1836 = VECTOR ( 'NONE', #2283, 1000.000000000000000 ) ;
#1837 = EDGE_LOOP ( 'NONE', ( #2824, #32, #2488 ) ) ;
#1838 = EDGE_CURVE ( 'NONE', #368, #1688, #1913, .T. ) ;
#1839 = CIRCLE ( 'NONE', #663, 4.057500000000000107 ) ;
#1840 = ORIENTED_EDGE ( 'NONE', *, *, #2002, .T. ) ;
#1841 = DIRECTION ( 'NONE',  ( -1.000000000000000000, -0.0000000000000000000, -0.0000000000000000000 ) ) ;
#1842 = DIRECTION ( 'NONE',  ( 0.0000000000000000000, -1.000000000000000000, 0.0000000000000000000 ) ) ;
#1843 = AXIS2_PLACEMENT_3D ( 'NONE', #2355, #3399, #2866 ) ;
#1844 = AXIS2_PLACEMENT_3D ( 'NONE', #335, #3329, #2297 ) ;
#1845 = AXIS2_PLACEMENT_3D ( 'NONE', #1481, #2136, #2372 ) ;
#1846 = CARTESIAN_POINT ( 'NONE',  ( 35.00000000000000000, 0.0000000000000000000, 0.0000000000000000000 ) ) ;
#1847 = DIRECTION ( 'NONE',  ( -1.000000000000000000, -0.0000000000000000000, -0.0000000000000000000 ) ) ;
#1848 = ORIENTED_EDGE ( 'NONE', *, *, #1892, .F. ) ;
#1849 = ADVANCED_FACE ( 'NONE', ( #3268 ), #1260, .T. ) ;
#1850 = DIRECTION ( 'NONE',  ( -1.000000000000000000, -1.224606353822377258E-16, -0.0000000000000000000 ) ) ;
#1851 = CARTESIAN_POINT ( 'NONE',  ( 26.21428571428571530, 4.172000000000004150, 0.0000000000000000000 ) ) ;
#1852 = CARTESIAN_POINT ( 'NONE',  ( 32.65120041306621346, -5.000000000000000000, 6.123233995736770227E-16 ) ) ;
#1853 = PRESENTATION_STYLE_ASSIGNMENT (( #443 ) ) ;
#1854 = AXIS2_PLACEMENT_3D ( 'NONE', #2995, #625, #1705 ) ;
#1855 = VERTEX_POINT ( 'NONE', #2078 ) ;
#1856 = FACE_OUTER_BOUND ( 'NONE', #2126, .T. ) ;
#1857 = DIRECTION ( 'NONE',  ( -1.000000000000000000, -1.224606353822377258E-16, -0.0000000000000000000 ) ) ;
#1858 = CARTESIAN_POINT ( 'NONE',  ( 20.93691469878049460, 2.235490958484726577E-15, 0.0000000000000000000 ) ) ;
#1859 = CARTESIAN_POINT ( 'NONE',  ( 22.40120041306620990, 2.235490958484726577E-15, 0.0000000000000000000 ) ) ;
#1860 = ORIENTED_EDGE ( 'NONE', *, *, #2993, .F. ) ;
#1861 = EDGE_CURVE ( 'NONE', #3141, #797, #473, .T. ) ;
#1862 = DIRECTION ( 'NONE',  ( -1.000000000000000000, -1.224606353822377258E-16, -0.0000000000000000000 ) ) ;
#1863 = ORIENTED_EDGE ( 'NONE', *, *, #3373, .F. ) ;
#1864 = DIRECTION ( 'NONE',  ( 0.5735764363510447161, -0.8191520442889927978, 1.003171929053526103E-16 ) ) ;
#1865 = DIRECTION ( 'NONE',  ( 0.0000000000000000000, 0.0000000000000000000, 1.000000000000000000 ) ) ;
#1866 = FACE_OUTER_BOUND ( 'NONE', #2499, .T. ) ;
#1867 = VERTEX_POINT ( 'NONE', #2938 ) ;
#1868 = CARTESIAN_POINT ( 'NONE',  ( 29.14285714285714235, 4.172000000000004150, 0.0000000000000000000 ) ) ;
#1869 = ORIENTED_EDGE ( 'NONE', *, *, #127, .F. ) ;
#1870 = ADVANCED_FACE ( 'NONE', ( #1194 ), #3085, .T. ) ;
#1871 = ORIENTED_EDGE ( 'NONE', *, *, #2980, .T. ) ;
#1872 = DIRECTION ( 'NONE',  ( 0.0000000000000000000, -1.000000000000000000, 0.0000000000000000000 ) ) ;
#1873 = DIRECTION ( 'NONE',  ( -1.000000000000000000, -0.0000000000000000000, -0.0000000000000000000 ) ) ;
#1874 = DIRECTION ( 'NONE',  ( -1.000000000000000000, -1.224606353822377258E-16, -0.0000000000000000000 ) ) ;
#1875 = VERTEX_POINT ( 'NONE', #1891 ) ;
#1876 = CARTESIAN_POINT ( 'NONE',  ( 14.50000000000000000, 2.164491730381051252E-15, 0.0000000000000000000 ) ) ;
#1877 = CARTESIAN_POINT ( 'NONE',  ( 19.47262898449478286, -8.589647551967071905E-29, 5.000000000000001776 ) ) ;
#1878 = DIRECTION ( 'NONE',  ( 0.0000000000000000000, -1.000000000000000000, 0.0000000000000000000 ) ) ;
#1879 = EDGE_LOOP ( 'NONE', ( #1424, #3455, #2781 ) ) ;
#1880 = VECTOR ( 'NONE', #363, 1000.000000000000000 ) ;
#1881 = ORIENTED_EDGE ( 'NONE', *, *, #196, .F. ) ;
#1882 = CARTESIAN_POINT ( 'NONE',  ( 32.95594244407664064, 2.093492502277374743E-15, 0.0000000000000000000 ) ) ;
#1883 = CARTESIAN_POINT ( 'NONE',  ( -31.74999999999995737, 6.123233995736533568E-16, -4.999999999999809930 ) ) ;
#1884 = DIRECTION ( 'NONE',  ( -1.000000000000000000, -1.224606353822377258E-16, -0.0000000000000000000 ) ) ;
#1885 = CARTESIAN_POINT ( 'NONE',  ( 5.000000000000000000, 0.0000000000000000000, 0.0000000000000000000 ) ) ;
#1886 = CARTESIAN_POINT ( 'NONE',  ( 16.54405755592335225, 2.235490958484726577E-15, 0.0000000000000000000 ) ) ;
#1887 = PLANE ( 'NONE',  #3414 ) ;
#1888 = ADVANCED_FACE ( 'NONE', ( #1376 ), #2124, .T. ) ;
#1889 = CARTESIAN_POINT ( 'NONE',  ( 7.342598717236928252, 0.0000000000000000000, 0.0000000000000000000 ) ) ;
#1890 = ORIENTED_EDGE ( 'NONE', *, *, #2825, .T. ) ;
#1891 = CARTESIAN_POINT ( 'NONE',  ( 27.09879958693377944, 5.000000000000004441, 6.123233995736770227E-16 ) ) ;
#1892 = EDGE_CURVE ( 'NONE', #433, #408, #1053, .T. ) ;
#1893 = ORIENTED_EDGE ( 'NONE', *, *, #2528, .T. ) ;
#1894 = DIRECTION ( 'NONE',  ( 1.000000000000000000, 1.224606353822377258E-16, 0.0000000000000000000 ) ) ;
#1895 = VERTEX_POINT ( 'NONE', #1960 ) ;
#1896 = EDGE_CURVE ( 'NONE', #412, #433, #1669, .T. ) ;
#1897 = VECTOR ( 'NONE', #2100, 1000.000000000000000 ) ;
#1898 = ORIENTED_EDGE ( 'NONE', *, *, #1838, .F. ) ;
#1899 = FILL_AREA_STYLE_COLOUR ( '', #1657 ) ;
#1900 = DIRECTION ( 'NONE',  ( 0.0000000000000000000, 0.0000000000000000000, -1.000000000000000000 ) ) ;
#1901 = DIRECTION ( 'NONE',  ( -1.000000000000000000, -1.224606353822377258E-16, -0.0000000000000000000 ) ) ;
#1902 = VECTOR ( 'NONE', #3205, 1000.000000000000114 ) ;
#1903 = VERTEX_POINT ( 'NONE', #3459 ) ;
#1904 = EDGE_LOOP ( 'NONE', ( #2151, #2636, #2633, #444, #3152 ) ) ;
#1905 = ORIENTED_EDGE ( 'NONE', *, *, #2758, .T. ) ;
#1906 = CIRCLE ( 'NONE', #519, 5.000000000000002665 ) ;
#1907 = VERTEX_POINT ( 'NONE', #1510 ) ;
#1908 = DIRECTION ( 'NONE',  ( 0.0000000000000000000, -1.000000000000000000, 0.0000000000000000000 ) ) ;
#1909 = CARTESIAN_POINT ( 'NONE',  ( 1.500000000000001332, 7.960204194457796463E-16, -6.500000000000000888 ) ) ;
#1910 = VECTOR ( 'NONE', #1246, 1000.000000000000000 ) ;
#1911 = VECTOR ( 'NONE', #762, 1000.000000000000114 ) ;
#1912 = ORIENTED_EDGE ( 'NONE', *, *, #1989, .F. ) ;
#1913 = LINE ( 'NONE', #2450, #2568 ) ;
#1914 = ORIENTED_EDGE ( 'NONE', *, *, #2157, .F. ) ;
#1915 = DIRECTION ( 'NONE',  ( 1.000000000000000000, 1.224606353822377258E-16, 0.0000000000000000000 ) ) ;
#1916 = CARTESIAN_POINT ( 'NONE',  ( 30.02737101550520649, 5.000000000000004441, 6.123233995736770227E-16 ) ) ;
#1917 = EDGE_LOOP ( 'NONE', ( #3415, #3168, #3474, #3089, #3423 ) ) ;
#1918 = ORIENTED_EDGE ( 'NONE', *, *, #2399, .T. ) ;
#1919 = DIRECTION ( 'NONE',  ( -1.000000000000000000, -1.224606353822377258E-16, -0.0000000000000000000 ) ) ;
#1920 = CARTESIAN_POINT ( 'NONE',  ( -31.74999999999995737, 0.0000000000000000000, 4.999999999999809930 ) ) ;
#1921 = EDGE_CURVE ( 'NONE', #1302, #2723, #3330, .T. ) ;
#1922 = DIRECTION ( 'NONE',  ( 0.0000000000000000000, 1.000000000000000000, 0.0000000000000000000 ) ) ;
#1923 = CARTESIAN_POINT ( 'NONE',  ( 31.49165672979092179, -7.973349969763156432E-29, 5.000000000000001776 ) ) ;
#1924 = CARTESIAN_POINT ( 'NONE',  ( 25.63451387264806769, 6.123233995735968547E-16, -5.000000000000001776 ) ) ;
#1925 = CARTESIAN_POINT ( 'NONE',  ( 29.14285714285714235, 2.164491730381051252E-15, 0.0000000000000000000 ) ) ;
#1926 = ORIENTED_EDGE ( 'NONE', *, *, #1779, .F. ) ;
#1927 = EDGE_CURVE ( 'NONE', #2273, #2203, #8, .T. ) ;
#1928 = LINE ( 'NONE', #803, #587 ) ;
#1929 = AXIS2_PLACEMENT_3D ( 'NONE', #620, #1901, #1673 ) ;
#1930 = DIRECTION ( 'NONE',  ( -1.000000000000000000, -1.224606353822377258E-16, -0.0000000000000000000 ) ) ;
#1931 = DIRECTION ( 'NONE',  ( 0.0000000000000000000, 0.0000000000000000000, 1.000000000000000000 ) ) ;
#1932 = DIRECTION ( 'NONE',  ( 0.0000000000000000000, 1.000000000000000000, 0.0000000000000000000 ) ) ;
#1933 = FACE_OUTER_BOUND ( 'NONE', #1567, .T. ) ;
#1934 = EDGE_CURVE ( 'NONE', #2075, #353, #2879, .T. ) ;
#1935 = EDGE_LOOP ( 'NONE', ( #2880, #899, #1512, #615, #831 ) ) ;
#1936 = CARTESIAN_POINT ( 'NONE',  ( 27.09879958693377944, -4.999999999999999112, 0.0000000000000000000 ) ) ;
#1937 = VERTEX_POINT ( 'NONE', #924 ) ;
#1938 = AXIS2_PLACEMENT_3D ( 'NONE', #3053, #769, #2915 ) ;
#1939 = CARTESIAN_POINT ( 'NONE',  ( 5.000000000000000000, 6.071532165918824830E-15, 8.114999999999998437 ) ) ;
#1940 = EDGE_CURVE ( 'NONE', #2286, #657, #2522, .T. ) ;
#1941 = EDGE_LOOP ( 'NONE', ( #3007, #2461, #109, #1871, #1584 ) ) ;
#1942 = EDGE_LOOP ( 'NONE', ( #1147, #3161, #1944, #1410, #676 ) ) ;
#1943 = CARTESIAN_POINT ( 'NONE',  ( -31.74999999999995737, 0.0000000000000000000, 0.0000000000000000000 ) ) ;
#1944 = ORIENTED_EDGE ( 'NONE', *, *, #2478, .T. ) ;
#1945 = CYLINDRICAL_SURFACE ( 'NONE', #1161, 4.999999999999809930 ) ;
#1946 = ORIENTED_EDGE ( 'NONE', *, *, #2457, .F. ) ;
#1947 = CARTESIAN_POINT ( 'NONE',  ( -31.74999999999995737, 0.0000000000000000000, 0.0000000000000000000 ) ) ;
#1948 = DIRECTION ( 'NONE',  ( 0.0000000000000000000, -1.000000000000000000, 0.0000000000000000000 ) ) ;
#1949 = AXIS2_PLACEMENT_3D ( 'NONE', #2483, #3040, #3400 ) ;
#1950 = AXIS2_PLACEMENT_3D ( 'NONE', #978, #969, #3408 ) ;
#1951 = CARTESIAN_POINT ( 'NONE',  ( 26.21428571428571530, 2.164491730381051252E-15, 0.0000000000000000000 ) ) ;
#1952 = EDGE_LOOP ( 'NONE', ( #3407, #2550, #629, #1570, #2028 ) ) ;
#1953 = ORIENTED_EDGE ( 'NONE', *, *, #2462, .T. ) ;
#1954 = FILL_AREA_STYLE ('',( #409 ) ) ;
#1955 =( GEOMETRIC_REPRESENTATION_CONTEXT ( 3 ) GLOBAL_UNCERTAINTY_ASSIGNED_CONTEXT ( ( #2003 ) ) GLOBAL_UNIT_ASSIGNED_CONTEXT ( ( #2276, #580, #1158 ) ) REPRESENTATION_CONTEXT ( 'NONE', 'WORKASPACE' ) );
#1956 = DIRECTION ( 'NONE',  ( -1.000000000000000000, -0.0000000000000000000, -0.0000000000000000000 ) ) ;
#1957 = DIRECTION ( 'NONE',  ( 0.0000000000000000000, -1.000000000000000000, 0.0000000000000000000 ) ) ;
#1958 = EDGE_CURVE ( 'NONE', #2312, #3294, #3216, .T. ) ;
#1959 = CIRCLE ( 'NONE', #4, 5.000000000000001776 ) ;
#1960 = CARTESIAN_POINT ( 'NONE',  ( 16.84879958693377944, 6.123233995735968547E-16, -5.000000000000001776 ) ) ;
#1961 = LINE ( 'NONE', #459, #287 ) ;
#1962 = MECHANICAL_DESIGN_GEOMETRIC_PRESENTATION_REPRESENTATION (  '', ( #1971 ), #1955 ) ;
#1963 = ORIENTED_EDGE ( 'NONE', *, *, #2934, .T. ) ;
#1964 = DIRECTION ( 'NONE',  ( 0.0000000000000000000, -1.000000000000000000, 0.0000000000000000000 ) ) ;
#1965 = ORIENTED_EDGE ( 'NONE', *, *, #106, .T. ) ;
#1966 = PRESENTATION_LAYER_ASSIGNMENT (  '', '', ( #1971 ) ) ;
#1967 = DIRECTION ( 'NONE',  ( -1.000000000000000000, -1.224606353822377258E-16, -0.0000000000000000000 ) ) ;
#1968 = ORIENTED_EDGE ( 'NONE', *, *, #1861, .F. ) ;
#1969 = DIRECTION ( 'NONE',  ( -1.000000000000000000, -0.0000000000000000000, -0.0000000000000000000 ) ) ;
#1970 = VERTEX_POINT ( 'NONE', #1465 ) ;
#1971 = STYLED_ITEM ( 'NONE', ( #3354 ), #1358 ) ;
#1972 = EDGE_CURVE ( 'NONE', #2723, #1994, #2676, .T. ) ;
#1973 = CARTESIAN_POINT ( 'NONE',  ( -31.74999999999995737, 0.0000000000000000000, 0.0000000000000000000 ) ) ;
#1974 = LINE ( 'NONE', #1389, #1602 ) ;
#1975 = CARTESIAN_POINT ( 'NONE',  ( 25.63451387264806769, 2.093492502277374743E-15, 0.0000000000000000000 ) ) ;
#1976 = CYLINDRICAL_SURFACE ( 'NONE', #581, 4.999999999999809930 ) ;
#1977 = CARTESIAN_POINT ( 'NONE',  ( -31.74999999999995737, 6.123233995736533568E-16, -4.999999999999809930 ) ) ;
#1978 = ORIENTED_EDGE ( 'NONE', *, *, #2707, .T. ) ;
#1979 = EDGE_CURVE ( 'NONE', #1867, #2183, #2344, .T. ) ;
#1980 = AXIS2_PLACEMENT_3D ( 'NONE', #2883, #2766, #2584 ) ;
#1981 = FACE_OUTER_BOUND ( 'NONE', #1440, .T. ) ;
#1982 = ORIENTED_EDGE ( 'NONE', *, *, #232, .F. ) ;
#1983 = CARTESIAN_POINT ( 'NONE',  ( 25.32977184163763695, 2.235490958484726577E-15, 0.0000000000000000000 ) ) ;
#1984 = DIRECTION ( 'NONE',  ( -1.000000000000000000, -0.0000000000000000000, -0.0000000000000000000 ) ) ;
#1985 = ADVANCED_FACE ( 'NONE', ( #2497 ), #1130, .F. ) ;
#1986 = CONICAL_SURFACE ( 'NONE', #2086, 4.057500000000000107, 1.047197551196593857 ) ;
#1987 = FACE_OUTER_BOUND ( 'NONE', #1267, .T. ) ;
#1988 = AXIS2_PLACEMENT_3D ( 'NONE', #2356, #3365, #939 ) ;
#1989 = EDGE_CURVE ( 'NONE', #1762, #475, #2300, .T. ) ;
#1990 = AXIS2_PLACEMENT_3D ( 'NONE', #2006, #1633, #837 ) ;
#1991 = DIRECTION ( 'NONE',  ( 0.0000000000000000000, -1.000000000000000000, 0.0000000000000000000 ) ) ;
#1992 = FACE_OUTER_BOUND ( 'NONE', #938, .T. ) ;
#1993 = CARTESIAN_POINT ( 'NONE',  ( 5.000000000000000000, 0.0000000000000000000, 4.057500000000000107 ) ) ;
#1994 = VERTEX_POINT ( 'NONE', #3145 ) ;
#1995 = EDGE_CURVE ( 'NONE', #3311, #2286, #3157, .T. ) ;
#1996 = AXIS2_PLACEMENT_3D ( 'NONE', #1442, #2302, #2076 ) ;
#1997 = LINE ( 'NONE', #1279, #2201 ) ;
#1998 = CARTESIAN_POINT ( 'NONE',  ( 21.82142857142857295, 4.172000000000004150, 5.109226446042759579E-16 ) ) ;
#1999 = DIRECTION ( 'NONE',  ( -0.5735764363510517105, -0.8191520442889879128, 0.0000000000000000000 ) ) ;
#2000 = CARTESIAN_POINT ( 'NONE',  ( -31.74999999999995737, 6.123233995736533568E-16, -4.999999999999809930 ) ) ;
#2001 = DIRECTION ( 'NONE',  ( 0.0000000000000000000, 0.0000000000000000000, 1.000000000000000000 ) ) ;
#2002 = EDGE_CURVE ( 'NONE', #657, #2203, #2265, .T. ) ;
#2003 = UNCERTAINTY_MEASURE_WITH_UNIT (LENGTH_MEASURE( 1.000000000000000082E-05 ), #2276, 'distance_accuracy_value', 'NONE');
#2004 = FACE_OUTER_BOUND ( 'NONE', #2335, .T. ) ;
#2005 = ORIENTED_EDGE ( 'NONE', *, *, #1073, .T. ) ;
#2006 = CARTESIAN_POINT ( 'NONE',  ( 5.000000000000000000, 4.685197434473809430, -7.372574772901430151E-15 ) ) ;
#2007 = CARTESIAN_POINT ( 'NONE',  ( -31.74999999999995737, 6.123233995736533568E-16, -4.999999999999809930 ) ) ;
#2008 = DIRECTION ( 'NONE',  ( 0.0000000000000000000, 0.0000000000000000000, -1.000000000000000000 ) ) ;
#2009 = VERTEX_POINT ( 'NONE', #484 ) ;
#2010 = EDGE_CURVE ( 'NONE', #2815, #2273, #675, .T. ) ;
#2011 = DIRECTION ( 'NONE',  ( -1.000000000000000000, -0.0000000000000000000, -0.0000000000000000000 ) ) ;
#2012 = ORIENTED_EDGE ( 'NONE', *, *, #2254, .T. ) ;
#2013 = DIRECTION ( 'NONE',  ( -0.0000000000000000000, 0.0000000000000000000, -1.000000000000000000 ) ) ;
#2014 = CARTESIAN_POINT ( 'NONE',  ( 5.000000000000000000, -3.513898075855364844, -2.028749999999996945 ) ) ;
#2015 = CIRCLE ( 'NONE', #892, 5.000000000000002665 ) ;
#2016 = EDGE_CURVE ( 'NONE', #1688, #3198, #3277, .T. ) ;
#2017 = DIRECTION ( 'NONE',  ( 1.000000000000000000, 0.0000000000000000000, 0.0000000000000000000 ) ) ;
#2018 = EDGE_LOOP ( 'NONE', ( #2778, #945, #3122 ) ) ;
#2019 = DIRECTION ( 'NONE',  ( 0.0000000000000000000, 1.000000000000000000, 0.0000000000000000000 ) ) ;
#2020 = AXIS2_PLACEMENT_3D ( 'NONE', #2872, #1113, #1724 ) ;
#2021 = ORIENTED_EDGE ( 'NONE', *, *, #2786, .F. ) ;
#2022 = AXIS2_PLACEMENT_3D ( 'NONE', #2752, #2426, #2857 ) ;
#2023 = ORIENTED_EDGE ( 'NONE', *, *, #1156, .F. ) ;
#2024 = DIRECTION ( 'NONE',  ( 0.0000000000000000000, -1.000000000000000000, 0.0000000000000000000 ) ) ;
#2025 = CARTESIAN_POINT ( 'NONE',  ( 5.000000000000000000, -2.342598717236905159, 4.057500000000001883 ) ) ;
#2026 = ADVANCED_FACE ( 'NONE', ( #2338 ), #315, .T. ) ;
#2027 = VERTEX_POINT ( 'NONE', #2240 ) ;
#2028 = ORIENTED_EDGE ( 'NONE', *, *, #2965, .T. ) ;
#2029 = LINE ( 'NONE', #1998, #176 ) ;
#2030 = ORIENTED_EDGE ( 'NONE', *, *, #1040, .T. ) ;
#2031 = DIRECTION ( 'NONE',  ( -1.000000000000000000, -0.0000000000000000000, -0.0000000000000000000 ) ) ;
#2032 = DIRECTION ( 'NONE',  ( 1.000000000000000000, 0.0000000000000000000, -0.0000000000000000000 ) ) ;
#2033 = ADVANCED_FACE ( 'NONE', ( #949 ), #500, .T. ) ;
#2034 = CIRCLE ( 'NONE', #1251, 4.057500000000000107 ) ;
#2035 = EDGE_LOOP ( 'NONE', ( #345, #438, #6 ) ) ;
#2036 = CARTESIAN_POINT ( 'NONE',  ( 1.500000000000001332, 0.0000000000000000000, 0.0000000000000000000 ) ) ;
#2037 = ORIENTED_EDGE ( 'NONE', *, *, #1940, .T. ) ;
#2038 = CARTESIAN_POINT ( 'NONE',  ( 22.40120041306620990, 6.123233995735909382E-16, -5.000000000000001776 ) ) ;
#2039 = CARTESIAN_POINT ( 'NONE',  ( 35.00000000000000000, 5.109226446042757607E-16, -4.171999999999999709 ) ) ;
#2040 = CARTESIAN_POINT ( 'NONE',  ( 15.96428571428571530, 2.164491730381051252E-15, 0.0000000000000000000 ) ) ;
#2041 = AXIS2_PLACEMENT_3D ( 'NONE', #3189, #1027, #2567 ) ;
#2042 = EDGE_CURVE ( 'NONE', #408, #2312, #2417, .T. ) ;
#2043 = ORIENTED_EDGE ( 'NONE', *, *, #1418, .T. ) ;
#2044 = SURFACE_SIDE_STYLE ('',( #3264 ) ) ;
#2045 = FACE_OUTER_BOUND ( 'NONE', #1385, .T. ) ;
#2046 = ORIENTED_EDGE ( 'NONE', *, *, #1073, .F. ) ;
#2047 = DIRECTION ( 'NONE',  ( -1.000000000000000000, -1.224606353822377258E-16, -0.0000000000000000000 ) ) ;
#2048 = DIRECTION ( 'NONE',  ( -1.000000000000000000, -1.224606353822377258E-16, -0.0000000000000000000 ) ) ;
#2049 = ADVANCED_FACE ( 'NONE', ( #2249 ), #1945, .T. ) ;
#2050 = DIRECTION ( 'NONE',  ( -1.000000000000000000, -1.224606353822377258E-16, -0.0000000000000000000 ) ) ;
#2051 = DIRECTION ( 'NONE',  ( -0.0000000000000000000, 0.0000000000000000000, -1.000000000000000000 ) ) ;
#2052 = EDGE_CURVE ( 'NONE', #2183, #2756, #539, .T. ) ;
#2053 = EDGE_LOOP ( 'NONE', ( #272, #1470, #3418, #1257 ) ) ;
#2054 = CARTESIAN_POINT ( 'NONE',  ( -31.74999999999995737, 0.0000000000000000000, 0.0000000000000000000 ) ) ;
#2055 = EDGE_CURVE ( 'NONE', #368, #2815, #1282, .T. ) ;
#2056 = VERTEX_POINT ( 'NONE', #1316 ) ;
#2057 = EDGE_LOOP ( 'NONE', ( #1860, #3065, #470 ) ) ;
#2058 = EDGE_CURVE ( 'NONE', #3301, #2756, #2614, .T. ) ;
#2059 = CARTESIAN_POINT ( 'NONE',  ( 34.17199999999964888, 0.0000000000000000000, 0.0000000000000000000 ) ) ;
#2060 = EDGE_CURVE ( 'NONE', #496, #937, #1974, .T. ) ;
#2061 = DIRECTION ( 'NONE',  ( 0.0000000000000000000, -1.000000000000000000, 0.0000000000000000000 ) ) ;
#2062 = ADVANCED_FACE ( 'NONE', ( #1038 ), #2919, .T. ) ;
#2063 = EDGE_LOOP ( 'NONE', ( #3051, #2331, #1905, #2070 ) ) ;
#2064 = LINE ( 'NONE', #245, #3443 ) ;
#2065 = EDGE_CURVE ( 'NONE', #68, #1970, #1272, .T. ) ;
#2066 = ORIENTED_EDGE ( 'NONE', *, *, #106, .F. ) ;
#2067 = AXIS2_PLACEMENT_3D ( 'NONE', #1192, #1394, #1067 ) ;
#2068 = DIRECTION ( 'NONE',  ( -1.000000000000000000, -1.224606353822377258E-16, -0.0000000000000000000 ) ) ;
#2069 = CIRCLE ( 'NONE', #1466, 5.000000000000001776 ) ;
#2070 = ORIENTED_EDGE ( 'NONE', *, *, #2842, .T. ) ;
#2071 = CARTESIAN_POINT ( 'NONE',  ( 21.82142857142857295, 2.164491730381051252E-15, 0.0000000000000000000 ) ) ;
#2072 = ORIENTED_EDGE ( 'NONE', *, *, #1513, .T. ) ;
#2073 = DIRECTION ( 'NONE',  ( 0.0000000000000000000, 1.000000000000000000, 0.0000000000000000000 ) ) ;
#2074 = AXIS2_PLACEMENT_3D ( 'NONE', #3419, #2605, #3302 ) ;
#2075 = VERTEX_POINT ( 'NONE', #1923 ) ;
#2076 = DIRECTION ( 'NONE',  ( 0.0000000000000000000, -1.000000000000000000, 0.0000000000000000000 ) ) ;
#2077 = DIRECTION ( 'NONE',  ( 0.0000000000000000000, -1.000000000000000000, 0.0000000000000000000 ) ) ;
#2078 = CARTESIAN_POINT ( 'NONE',  ( 22.40120041306620990, -5.000000000000000888, 6.123233995736771213E-16 ) ) ;
#2079 = CARTESIAN_POINT ( 'NONE',  ( 32.65120041306621346, 2.235490958484726577E-15, 0.0000000000000000000 ) ) ;
#2080 = EDGE_LOOP ( 'NONE', ( #3335, #1890 ) ) ;
#2081 = AXIS2_PLACEMENT_3D ( 'NONE', #2481, #1984, #2307 ) ;
#2082 = CARTESIAN_POINT ( 'NONE',  ( 27.67857142857142705, 2.164491730381051252E-15, 0.0000000000000000000 ) ) ;
#2083 = CONICAL_SURFACE ( 'NONE', #723, 5.000000000000002665, 0.9599310885968831419 ) ;
#2084 = DIRECTION ( 'NONE',  ( 0.5735764363510444941, 0.8191520442889929088, 0.0000000000000000000 ) ) ;
#2085 = EDGE_CURVE ( 'NONE', #2544, #2713, #1361, .T. ) ;
#2086 = AXIS2_PLACEMENT_3D ( 'NONE', #2999, #2875, #660 ) ;
#2087 = ORIENTED_EDGE ( 'NONE', *, *, #1782, .F. ) ;
#2088 = AXIS2_PLACEMENT_3D ( 'NONE', #2071, #118, #1523 ) ;
#2089 = DIRECTION ( 'NONE',  ( -0.5735764363510519326, 0.8191520442889876907, 1.003171929053519816E-16 ) ) ;
#2090 = DIRECTION ( 'NONE',  ( -1.000000000000000000, -1.224606353822377258E-16, -0.0000000000000000000 ) ) ;
#2091 = ORIENTED_EDGE ( 'NONE', *, *, #2666, .T. ) ;
#2092 = EDGE_CURVE ( 'NONE', #1970, #893, #203, .T. ) ;
#2093 = AXIS2_PLACEMENT_3D ( 'NONE', #1473, #2494, #1615 ) ;
#2094 = ADVANCED_FACE ( 'NONE', ( #490 ), #704, .T. ) ;
#2095 = CYLINDRICAL_SURFACE ( 'NONE', #313, 4.999999999999809930 ) ;
#2096 = ADVANCED_FACE ( 'NONE', ( #614 ), #1564, .T. ) ;
#2097 = ORIENTED_EDGE ( 'NONE', *, *, #1294, .T. ) ;
#2098 = DIRECTION ( 'NONE',  ( -1.000000000000000000, -1.224606353822377258E-16, -0.0000000000000000000 ) ) ;
#2099 = EDGE_CURVE ( 'NONE', #398, #893, #1709, .T. ) ;
#2100 = DIRECTION ( 'NONE',  ( -0.5735764363510517105, -0.8191520442889879128, 0.0000000000000000000 ) ) ;
#2101 = CARTESIAN_POINT ( 'NONE',  ( 34.11548612735192165, -5.000000000000000888, 6.123233995736771213E-16 ) ) ;
#2102 = ORIENTED_EDGE ( 'NONE', *, *, #1266, .T. ) ;
#2103 = CARTESIAN_POINT ( 'NONE',  ( 30.60714285714285410, 2.164491730381051252E-15, 0.0000000000000000000 ) ) ;
#2104 = CYLINDRICAL_SURFACE ( 'NONE', #793, 4.999999999999809930 ) ;
#2105 = AXIS2_PLACEMENT_3D ( 'NONE', #544, #3072, #1727 ) ;
#2106 = ADVANCED_FACE ( 'NONE', ( #922 ), #24, .T. ) ;
#2107 = DIRECTION ( 'NONE',  ( 0.0000000000000000000, 0.0000000000000000000, 1.000000000000000000 ) ) ;
#2108 = CARTESIAN_POINT ( 'NONE',  ( 22.40120041306620990, 5.000000000000005329, 0.0000000000000000000 ) ) ;
#2109 = ADVANCED_FACE ( 'NONE', ( #246 ), #3192, .T. ) ;
#2110 = EDGE_CURVE ( 'NONE', #1500, #3250, #2255, .T. ) ;
#2111 = EDGE_LOOP ( 'NONE', ( #261, #3305, #530, #708 ) ) ;
#2112 = ADVANCED_FACE ( 'NONE', ( #2045 ), #2635, .T. ) ;
#2113 = CARTESIAN_POINT ( 'NONE',  ( 31.18691469878049460, 2.235490958484726577E-15, 0.0000000000000000000 ) ) ;
#2114 = VECTOR ( 'NONE', #2552, 1000.000000000000114 ) ;
#2115 = EDGE_CURVE ( 'NONE', #2887, #398, #181, .T. ) ;
#2116 = CARTESIAN_POINT ( 'NONE',  ( 29.72262898449477930, 2.235490958484726577E-15, 0.0000000000000000000 ) ) ;
#2117 = CARTESIAN_POINT ( 'NONE',  ( -31.74999999999995737, 0.0000000000000000000, 0.0000000000000000000 ) ) ;
#2118 = EDGE_LOOP ( 'NONE', ( #630, #3069 ) ) ;
#2119 = CARTESIAN_POINT ( 'NONE',  ( -31.74999999999995737, 0.0000000000000000000, 4.999999999999809930 ) ) ;
#2120 = EDGE_CURVE ( 'NONE', #21, #68, #983, .T. ) ;
#2121 = VECTOR ( 'NONE', #955, 1000.000000000000000 ) ;
#2122 = CARTESIAN_POINT ( 'NONE',  ( 20.93691469878049460, 5.000000000000005329, 0.0000000000000000000 ) ) ;
#2123 = DIRECTION ( 'NONE',  ( -1.000000000000000000, -1.224606353822377258E-16, -0.0000000000000000000 ) ) ;
#2124 = CONICAL_SURFACE ( 'NONE', #1388, 4.172000000000002373, 0.9599310885968742602 ) ;
#2125 = VECTOR ( 'NONE', #2468, 1000.000000000000000 ) ;
#2126 = EDGE_LOOP ( 'NONE', ( #3196, #3278, #72, #2091, #421 ) ) ;
#2127 = DIRECTION ( 'NONE',  ( 1.000000000000000000, 1.224606353822377258E-16, 0.0000000000000000000 ) ) ;
#2128 = DIRECTION ( 'NONE',  ( -1.000000000000000000, -1.224606353822377258E-16, -0.0000000000000000000 ) ) ;
#2129 = CIRCLE ( 'NONE', #1276, 4.172000000000002373 ) ;
#2130 = ORIENTED_EDGE ( 'NONE', *, *, #2174, .T. ) ;
#2131 = AXIS2_PLACEMENT_3D ( 'NONE', #885, #705, #2648 ) ;
#2132 = CARTESIAN_POINT ( 'NONE',  ( 21.82142857142857295, 2.164491730381051252E-15, 0.0000000000000000000 ) ) ;
#2133 = CARTESIAN_POINT ( 'NONE',  ( 23.86548612735192521, 6.123233995735909382E-16, -5.000000000000001776 ) ) ;
#2134 = VECTOR ( 'NONE', #3425, 1000.000000000000000 ) ;
#2135 = ORIENTED_EDGE ( 'NONE', *, *, #2274, .F. ) ;
#2136 = DIRECTION ( 'NONE',  ( -1.000000000000000000, -0.0000000000000000000, -0.0000000000000000000 ) ) ;
#2137 = VECTOR ( 'NONE', #1381, 1000.000000000000000 ) ;
#2138 = CARTESIAN_POINT ( 'NONE',  ( 10.40000000000000036, 0.0000000000000000000, 4.999999999999809930 ) ) ;
#2139 = DIRECTION ( 'NONE',  ( 1.000000000000000000, 1.224606353822377258E-16, 0.0000000000000000000 ) ) ;
#2140 = EDGE_LOOP ( 'NONE', ( #783, #2315, #1076, #806 ) ) ;
#2141 = EDGE_CURVE ( 'NONE', #2918, #2544, #2456, .T. ) ;
#2142 = ORIENTED_EDGE ( 'NONE', *, *, #2217, .T. ) ;
#2143 = AXIS2_PLACEMENT_3D ( 'NONE', #423, #1884, #1563 ) ;
#2144 = DIRECTION ( 'NONE',  ( -1.000000000000000000, -0.0000000000000000000, -0.0000000000000000000 ) ) ;
#2145 = DIRECTION ( 'NONE',  ( -0.0000000000000000000, -0.5000000000000011102, -0.8660254037844380415 ) ) ;
#2146 = ADVANCED_FACE ( 'NONE', ( #3337 ), #777, .T. ) ;
#2147 = EDGE_CURVE ( 'NONE', #1321, #2918, #2722, .T. ) ;
#2148 = CARTESIAN_POINT ( 'NONE',  ( -31.74999999999995737, 0.0000000000000000000, 0.0000000000000000000 ) ) ;
#2149 = DIRECTION ( 'NONE',  ( 0.0000000000000000000, 0.0000000000000000000, 1.000000000000000000 ) ) ;
#2150 = DIRECTION ( 'NONE',  ( -1.000000000000000000, -1.224606353822377258E-16, -0.0000000000000000000 ) ) ;
#2151 = ORIENTED_EDGE ( 'NONE', *, *, #2813, .T. ) ;
#2152 = AXIS2_PLACEMENT_3D ( 'NONE', #1041, #1318, #655 ) ;
#2153 = DIRECTION ( 'NONE',  ( 0.5735764363510444941, 0.8191520442889929088, 0.0000000000000000000 ) ) ;
#2154 = DIRECTION ( 'NONE',  ( 0.0000000000000000000, -0.4999999999999990008, 0.8660254037844391517 ) ) ;
#2155 = EDGE_LOOP ( 'NONE', ( #2299, #1708, #344, #1978, #1268 ) ) ;
#2156 = CARTESIAN_POINT ( 'NONE',  ( 35.00000000000000000, 5.616230220889527752E-16, -4.171999999999999709 ) ) ;
#2157 = EDGE_CURVE ( 'NONE', #1321, #21, #1662, .T. ) ;
#2158 = AXIS2_PLACEMENT_3D ( 'NONE', #1789, #1874, #231 ) ;
#2159 = ORIENTED_EDGE ( 'NONE', *, *, #1808, .T. ) ;
#2160 = EDGE_LOOP ( 'NONE', ( #234, #641, #2759, #1054 ) ) ;
#2161 = EDGE_LOOP ( 'NONE', ( #3034, #1456 ) ) ;
#2162 = EDGE_CURVE ( 'NONE', #1216, #2193, #895, .T. ) ;
#2163 = DIRECTION ( 'NONE',  ( 0.0000000000000000000, 0.4999999999999989453, -0.8660254037844392627 ) ) ;
#2164 = AXIS2_PLACEMENT_3D ( 'NONE', #1725, #1, #225 ) ;
#2165 = EDGE_LOOP ( 'NONE', ( #3144, #61, #2836, #3377, #487, #3080 ) ) ;
#2166 = DIRECTION ( 'NONE',  ( -1.000000000000000000, -0.0000000000000000000, -0.0000000000000000000 ) ) ;
#2167 = EDGE_CURVE ( 'NONE', #821, #1242, #123, .T. ) ;
#2168 = CARTESIAN_POINT ( 'NONE',  ( -31.74999999999995737, 0.0000000000000000000, 0.0000000000000000000 ) ) ;
#2169 = DIRECTION ( 'NONE',  ( -1.000000000000000000, -1.224606353822377258E-16, -0.0000000000000000000 ) ) ;
#2170 = AXIS2_PLACEMENT_3D ( 'NONE', #31, #102, #50 ) ;
#2171 = EDGE_LOOP ( 'NONE', ( #1799, #265, #2196, #38, #1614 ) ) ;
#2172 = CARTESIAN_POINT ( 'NONE',  ( 5.000000000000000000, 4.685197434473809430, -7.372574772901430151E-15 ) ) ;
#2173 = CARTESIAN_POINT ( 'NONE',  ( 29.14285714285714235, 4.172000000000004150, 5.109226446042759579E-16 ) ) ;
#2174 = EDGE_CURVE ( 'NONE', #797, #2723, #2363, .T. ) ;
#2175 = ORIENTED_EDGE ( 'NONE', *, *, #1763, .F. ) ;
#2176 = CARTESIAN_POINT ( 'NONE',  ( 23.86548612735192521, 2.235490958484726577E-15, 0.0000000000000000000 ) ) ;
#2177 = CARTESIAN_POINT ( 'NONE',  ( 5.000000000000000000, -4.685197434473816536, 4.770489558936219510E-15 ) ) ;
#2178 = CARTESIAN_POINT ( 'NONE',  ( -31.74999999999995737, 0.0000000000000000000, 0.0000000000000000000 ) ) ;
#2179 = APPLICATION_CONTEXT ( 'automotive_design' ) ;
#2180 = ADVANCED_FACE ( 'NONE', ( #3021 ), #2304, .T. ) ;
#2181 = FACE_OUTER_BOUND ( 'NONE', #1783, .T. ) ;
#2182 = CARTESIAN_POINT ( 'NONE',  ( 16.54405755592335225, 2.235490958484726577E-15, 0.0000000000000000000 ) ) ;
#2183 = VERTEX_POINT ( 'NONE', #1868 ) ;
#2184 = VECTOR ( 'NONE', #2227, 1000.000000000000000 ) ;
#2185 = AXIS2_PLACEMENT_3D ( 'NONE', #1218, #486, #1964 ) ;
#2186 = EDGE_LOOP ( 'NONE', ( #1349, #3347, #36, #671 ) ) ;
#2187 = CARTESIAN_POINT ( 'NONE',  ( 30.60714285714285410, 4.172000000000004150, 5.109226446042759579E-16 ) ) ;
#2188 = DIRECTION ( 'NONE',  ( 0.0000000000000000000, 0.0000000000000000000, -1.000000000000000000 ) ) ;
#2189 = LINE ( 'NONE', #2939, #1836 ) ;
#2190 = ORIENTED_EDGE ( 'NONE', *, *, #2085, .F. ) ;
#2191 = CIRCLE ( 'NONE', #1844, 5.000000000000002665 ) ;
#2192 = CARTESIAN_POINT ( 'NONE',  ( -31.74999999999995737, 0.0000000000000000000, 0.0000000000000000000 ) ) ;
#2193 = VERTEX_POINT ( 'NONE', #3270 ) ;
#2194 = DIRECTION ( 'NONE',  ( 0.0000000000000000000, 0.0000000000000000000, 1.000000000000000000 ) ) ;
#2195 = CARTESIAN_POINT ( 'NONE',  ( 24.75000000000000000, 2.164491730381051252E-15, 0.0000000000000000000 ) ) ;
#2196 = ORIENTED_EDGE ( 'NONE', *, *, #2393, .T. ) ;
#2197 = CARTESIAN_POINT ( 'NONE',  ( 5.000000000000000000, -2.342598717236914485, -4.057499999999998330 ) ) ;
#2198 = ORIENTED_EDGE ( 'NONE', *, *, #1787, .F. ) ;
#2199 = EDGE_LOOP ( 'NONE', ( #2135, #888, #909, #365, #33 ) ) ;
#2200 = DIRECTION ( 'NONE',  ( 0.0000000000000000000, -1.000000000000000000, 0.0000000000000000000 ) ) ;
#2201 = VECTOR ( 'NONE', #855, 1000.000000000000000 ) ;
#2202 = AXIS2_PLACEMENT_3D ( 'NONE', #1247, #93, #1230 ) ;
#2203 = VERTEX_POINT ( 'NONE', #1404 ) ;
#2204 = DIRECTION ( 'NONE',  ( 0.0000000000000000000, -1.000000000000000000, 0.0000000000000000000 ) ) ;
#2205 = CIRCLE ( 'NONE', #1620, 5.000000000000001776 ) ;
#2206 = ORIENTED_EDGE ( 'NONE', *, *, #2162, .F. ) ;
#2207 = CARTESIAN_POINT ( 'NONE',  ( 26.79405755592335225, 2.235490958484726577E-15, 0.0000000000000000000 ) ) ;
#2208 = FILL_AREA_STYLE ('',( #1899 ) ) ;
#2209 = CARTESIAN_POINT ( 'NONE',  ( 25.32977184163763695, 6.123233995735909382E-16, -5.000000000000001776 ) ) ;
#2210 = AXIS2_PLACEMENT_3D ( 'NONE', #28, #17, #12 ) ;
#2211 = AXIS2_PLACEMENT_3D ( 'NONE', #198, #1605, #2008 ) ;
#2212 = EDGE_LOOP ( 'NONE', ( #2529, #3109, #3056, #707, #645, #22 ) ) ;
#2213 = CARTESIAN_POINT ( 'NONE',  ( 31.18691469878049460, 2.235490958484726577E-15, 0.0000000000000000000 ) ) ;
#2214 = VERTEX_POINT ( 'NONE', #3074 ) ;
#2215 = EDGE_CURVE ( 'NONE', #353, #1688, #2801, .T. ) ;
#2216 = LINE ( 'NONE', #1611, #2125 ) ;
#2217 = EDGE_CURVE ( 'NONE', #1216, #898, #2589, .T. ) ;
#2218 = AXIS2_PLACEMENT_3D ( 'NONE', #1109, #843, #178 ) ;
#2219 = DIRECTION ( 'NONE',  ( -0.5735764363510517105, -0.8191520442889879128, 0.0000000000000000000 ) ) ;
#2220 = ORIENTED_EDGE ( 'NONE', *, *, #2217, .F. ) ;
#2221 = DIRECTION ( 'NONE',  ( 0.0000000000000000000, -1.000000000000000000, 0.0000000000000000000 ) ) ;
#2222 = EDGE_LOOP ( 'NONE', ( #2780, #2912, #2190, #13, #165 ) ) ;
#2223 = EDGE_CURVE ( 'NONE', #1315, #1970, #990, .T. ) ;
#2224 = AXIS2_PLACEMENT_3D ( 'NONE', #1531, #1253, #128 ) ;
#2225 = CARTESIAN_POINT ( 'NONE',  ( -31.74999999999995737, 0.0000000000000000000, 0.0000000000000000000 ) ) ;
#2226 = ADVANCED_FACE ( 'NONE', ( #163 ), #1798, .T. ) ;
#2227 = DIRECTION ( 'NONE',  ( -0.5735764363510519326, 0.8191520442889876907, 1.003171929053519816E-16 ) ) ;
#2228 = ORIENTED_EDGE ( 'NONE', *, *, #2223, .T. ) ;
#2229 = VECTOR ( 'NONE', #2970, 1000.000000000000000 ) ;
#2230 = EDGE_CURVE ( 'NONE', #496, #1262, #2484, .T. ) ;
#2231 = DIRECTION ( 'NONE',  ( 0.0000000000000000000, -1.000000000000000000, 0.0000000000000000000 ) ) ;
#2232 = DIRECTION ( 'NONE',  ( 0.0000000000000000000, -1.000000000000000000, 0.0000000000000000000 ) ) ;
#2233 = ADVANCED_FACE ( 'NONE', ( #3158 ), #1373, .F. ) ;
#2234 = CARTESIAN_POINT ( 'NONE',  ( 16.54405755592335225, -5.000000000000000000, 6.123233995736770227E-16 ) ) ;
#2235 = ORIENTED_EDGE ( 'NONE', *, *, #479, .T. ) ;
#2236 = EDGE_CURVE ( 'NONE', #1937, #1895, #3008, .T. ) ;
#2237 = LINE ( 'NONE', #596, #2463 ) ;
#2238 = EDGE_LOOP ( 'NONE', ( #1675, #1833, #1810, #1893, #1848, #1881 ) ) ;
#2239 = ORIENTED_EDGE ( 'NONE', *, *, #1779, .T. ) ;
#2240 = CARTESIAN_POINT ( 'NONE',  ( 16.54405755592335225, -5.000000000000000888, 6.123233995736771213E-16 ) ) ;
#2241 = DIRECTION ( 'NONE',  ( -1.000000000000000000, -0.0000000000000000000, -0.0000000000000000000 ) ) ;
#2242 = EDGE_LOOP ( 'NONE', ( #2655, #476, #1953, #2699, #2444 ) ) ;
#2243 = LINE ( 'NONE', #3045, #1665 ) ;
#2244 = ADVANCED_FACE ( 'NONE', ( #1856 ), #2104, .T. ) ;
#2245 = CARTESIAN_POINT ( 'NONE',  ( 32.65120041306621346, 2.235490958484726577E-15, 0.0000000000000000000 ) ) ;
#2246 = EDGE_LOOP ( 'NONE', ( #3046, #531, #2012, #798, #2256, #3219 ) ) ;
#2247 = DIRECTION ( 'NONE',  ( -1.000000000000000000, -1.224606353822377258E-16, -0.0000000000000000000 ) ) ;
#2248 = AXIS2_PLACEMENT_3D ( 'NONE', #1219, #3426, #1021 ) ;
#2249 = FACE_OUTER_BOUND ( 'NONE', #2212, .T. ) ;
#2250 = DIRECTION ( 'NONE',  ( -1.000000000000000000, -1.224606353822377258E-16, -0.0000000000000000000 ) ) ;
#2251 = CYLINDRICAL_SURFACE ( 'NONE', #1538, 4.999999999999809930 ) ;
#2252 = CARTESIAN_POINT ( 'NONE',  ( -31.74999999999995737, 0.0000000000000000000, 0.0000000000000000000 ) ) ;
#2253 = DIRECTION ( 'NONE',  ( -1.000000000000000000, -1.224606353822377258E-16, -0.0000000000000000000 ) ) ;
#2254 = EDGE_CURVE ( 'NONE', #1895, #193, #2597, .T. ) ;
#2255 = LINE ( 'NONE', #1485, #2351 ) ;
#2256 = ORIENTED_EDGE ( 'NONE', *, *, #2337, .F. ) ;
#2257 = DIRECTION ( 'NONE',  ( -1.000000000000000000, -1.224606353822377258E-16, -0.0000000000000000000 ) ) ;
#2258 = AXIS2_PLACEMENT_3D ( 'NONE', #392, #388, #133 ) ;
#2259 = ORIENTED_EDGE ( 'NONE', *, *, #1773, .T. ) ;
#2260 = EDGE_CURVE ( 'NONE', #1500, #2887, #562, .T. ) ;
#2261 = DIRECTION ( 'NONE',  ( -1.000000000000000000, -1.224606353822377258E-16, -0.0000000000000000000 ) ) ;
#2262 = DIRECTION ( 'NONE',  ( 0.0000000000000000000, -1.000000000000000000, 0.0000000000000000000 ) ) ;
#2263 = ORIENTED_EDGE ( 'NONE', *, *, #3255, .F. ) ;
#2264 = VERTEX_POINT ( 'NONE', #3120 ) ;
#2265 = CIRCLE ( 'NONE', #1238, 5.000000000000002665 ) ;
#2266 = DIRECTION ( 'NONE',  ( 0.0000000000000000000, 1.000000000000000000, 0.0000000000000000000 ) ) ;
#2267 = ADVANCED_FACE ( 'NONE', ( #2004 ), #520, .T. ) ;
#2268 = EDGE_LOOP ( 'NONE', ( #2394, #747, #1946, #1368, #2819 ) ) ;
#2269 = AXIS2_PLACEMENT_3D ( 'NONE', #341, #221, #340 ) ;
#2270 = AXIS2_PLACEMENT_3D ( 'NONE', #1014, #878, #518 ) ;
#2271 = DIRECTION ( 'NONE',  ( 0.0000000000000000000, -1.000000000000000000, 0.0000000000000000000 ) ) ;
#2272 = CARTESIAN_POINT ( 'NONE',  ( 22.70594244407663709, 2.093492502277374743E-15, 0.0000000000000000000 ) ) ;
#2273 = VERTEX_POINT ( 'NONE', #538 ) ;
#2274 = EDGE_CURVE ( 'NONE', #1321, #1315, #230, .T. ) ;
#2275 = VERTEX_POINT ( 'NONE', #2209 ) ;
#2276 =( LENGTH_UNIT ( ) NAMED_UNIT ( * ) SI_UNIT ( .MILLI., .METRE. ) );
#2277 = ORIENTED_EDGE ( 'NONE', *, *, #2377, .T. ) ;
#2278 = CARTESIAN_POINT ( 'NONE',  ( 32.07142857142856940, 2.164491730381051252E-15, 0.0000000000000000000 ) ) ;
#2279 = EDGE_LOOP ( 'NONE', ( #724, #3224, #1137, #3, #1182 ) ) ;
#2280 = VERTEX_POINT ( 'NONE', #2551 ) ;
#2281 = ORIENTED_EDGE ( 'NONE', *, *, #479, .F. ) ;
#2282 = EDGE_CURVE ( 'NONE', #877, #3234, #1384, .T. ) ;
#2283 = DIRECTION ( 'NONE',  ( -1.000000000000000000, -0.0000000000000000000, -0.0000000000000000000 ) ) ;
#2284 = EDGE_LOOP ( 'NONE', ( #3432, #1499, #849, #2828, #3202, #1655 ) ) ;
#2285 = CARTESIAN_POINT ( 'NONE',  ( 20.93691469878049460, 2.235490958484726577E-15, 0.0000000000000000000 ) ) ;
#2286 = VERTEX_POINT ( 'NONE', #87 ) ;
#2287 = DIRECTION ( 'NONE',  ( -1.000000000000000000, -1.224606353822377258E-16, -0.0000000000000000000 ) ) ;
#2288 = AXIS2_PLACEMENT_3D ( 'NONE', #266, #952, #378 ) ;
#2289 = DIRECTION ( 'NONE',  ( 0.0000000000000000000, -1.000000000000000000, 0.0000000000000000000 ) ) ;
#2290 = AXIS2_PLACEMENT_3D ( 'NONE', #429, #293, #295 ) ;
#2291 = CIRCLE ( 'NONE', #129, 8.000000000000000000 ) ;
#2292 = ORIENTED_EDGE ( 'NONE', *, *, #1603, .F. ) ;
#2293 = CIRCLE ( 'NONE', #418, 5.000000000000002665 ) ;
#2294 = CARTESIAN_POINT ( 'NONE',  ( 0.0000000000000000000, 2.342598717236907824, 4.057499999999994778 ) ) ;
#2295 = AXIS2_PLACEMENT_3D ( 'NONE', #784, #813, #868 ) ;
#2296 = DIRECTION ( 'NONE',  ( -1.000000000000000000, -0.0000000000000000000, -0.0000000000000000000 ) ) ;
#2297 = DIRECTION ( 'NONE',  ( 0.0000000000000000000, -1.000000000000000000, 0.0000000000000000000 ) ) ;
#2298 = CARTESIAN_POINT ( 'NONE',  ( -31.74999999999995737, 0.0000000000000000000, 4.999999999999809930 ) ) ;
#2299 = ORIENTED_EDGE ( 'NONE', *, *, #2630, .F. ) ;
#2300 = CIRCLE ( 'NONE', #1258, 5.000000000000001776 ) ;
#2301 = AXIS2_PLACEMENT_3D ( 'NONE', #906, #1034, #1029 ) ;
#2302 = DIRECTION ( 'NONE',  ( -1.000000000000000000, -1.224606353822377258E-16, -0.0000000000000000000 ) ) ;
#2303 = ORIENTED_EDGE ( 'NONE', *, *, #1995, .T. ) ;
#2304 = CYLINDRICAL_SURFACE ( 'NONE', #995, 4.999999999999809930 ) ;
#2305 = AXIS2_PLACEMENT_3D ( 'NONE', #1736, #1072, #2647 ) ;
#2306 = CARTESIAN_POINT ( 'NONE',  ( 34.11548612735192165, 2.235490958484726577E-15, 0.0000000000000000000 ) ) ;
#2307 = DIRECTION ( 'NONE',  ( 0.0000000000000000000, 0.0000000000000000000, 1.000000000000000000 ) ) ;
#2308 = EDGE_LOOP ( 'NONE', ( #2434, #2911, #1670, #3372, #2023 ) ) ;
#2309 = DIRECTION ( 'NONE',  ( 0.0000000000000000000, 1.000000000000000000, 0.0000000000000000000 ) ) ;
#2310 = DIRECTION ( 'NONE',  ( 0.5735764363510444941, 0.8191520442889929088, 0.0000000000000000000 ) ) ;
#2311 = VECTOR ( 'NONE', #1653, 1000.000000000000114 ) ;
#2312 = VERTEX_POINT ( 'NONE', #23 ) ;
#2313 = FACE_OUTER_BOUND ( 'NONE', #219, .T. ) ;
#2314 = AXIS2_PLACEMENT_3D ( 'NONE', #862, #848, #934 ) ;
#2315 = ORIENTED_EDGE ( 'NONE', *, *, #2598, .T. ) ;
#2316 = CARTESIAN_POINT ( 'NONE',  ( 29.72262898449477930, -5.000000000000000888, 6.123233995736771213E-16 ) ) ;
#2317 = DIRECTION ( 'NONE',  ( 0.0000000000000000000, -1.000000000000000000, 0.0000000000000000000 ) ) ;
#2318 = VECTOR ( 'NONE', #718, 1000.000000000000000 ) ;
#2319 = ORIENTED_EDGE ( 'NONE', *, *, #89, .F. ) ;
#2320 = DIRECTION ( 'NONE',  ( 0.0000000000000000000, 0.8660254037844380415, -0.5000000000000011102 ) ) ;
#2321 = ORIENTED_EDGE ( 'NONE', *, *, #2370, .F. ) ;
#2322 = DIRECTION ( 'NONE',  ( -1.000000000000000000, -0.0000000000000000000, -0.0000000000000000000 ) ) ;
#2323 = LINE ( 'NONE', #618, #1232 ) ;
#2324 = EDGE_CURVE ( 'NONE', #2737, #1262, #1367, .T. ) ;
#2325 = ADVANCED_FACE ( 'NONE', ( #2688 ), #2595, .F. ) ;
#2326 = ORIENTED_EDGE ( 'NONE', *, *, #766, .T. ) ;
#2327 = DIRECTION ( 'NONE',  ( -1.000000000000000000, -1.224606353822377258E-16, -0.0000000000000000000 ) ) ;
#2328 = CARTESIAN_POINT ( 'NONE',  ( 33.53571428571428470, 2.164491730381051252E-15, 0.0000000000000000000 ) ) ;
#2329 = DIRECTION ( 'NONE',  ( -1.000000000000000000, -1.224606353822377258E-16, -0.0000000000000000000 ) ) ;
#2330 = STYLED_ITEM ( 'NONE', ( #1078 ), #2368 ) ;
#2331 = ORIENTED_EDGE ( 'NONE', *, *, #2834, .T. ) ;
#2332 = DIRECTION ( 'NONE',  ( 0.0000000000000000000, 0.5000000000000011102, 0.8660254037844380415 ) ) ;
#2333 = DIRECTION ( 'NONE',  ( 0.0000000000000000000, -1.000000000000000000, 0.0000000000000000000 ) ) ;
#2334 = SURFACE_STYLE_FILL_AREA ( #2805 ) ;
#2335 = EDGE_LOOP ( 'NONE', ( #1480, #2030, #2496, #1334, #2046 ) ) ;
#2336 = CARTESIAN_POINT ( 'NONE',  ( -31.74999999999995737, 0.0000000000000000000, 0.0000000000000000000 ) ) ;
#2337 = EDGE_CURVE ( 'NONE', #2447, #3250, #1547, .T. ) ;
#2338 = FACE_OUTER_BOUND ( 'NONE', #1375, .T. ) ;
#2339 = CARTESIAN_POINT ( 'NONE',  ( -31.74999999999995737, 0.0000000000000000000, 0.0000000000000000000 ) ) ;
#2340 = CARTESIAN_POINT ( 'NONE',  ( -31.74999999999995737, 0.0000000000000000000, 4.999999999999809930 ) ) ;
#2341 = EDGE_CURVE ( 'NONE', #3272, #68, #857, .T. ) ;
#2342 = AXIS2_PLACEMENT_3D ( 'NONE', #721, #689, #741 ) ;
#2343 = ORIENTED_EDGE ( 'NONE', *, *, #406, .F. ) ;
#2344 = CIRCLE ( 'NONE', #1270, 4.172000000000002373 ) ;
#2345 = DIRECTION ( 'NONE',  ( 0.0000000000000000000, 0.0000000000000000000, 1.000000000000000000 ) ) ;
#2346 = DIRECTION ( 'NONE',  ( 0.0000000000000000000, -1.000000000000000000, 0.0000000000000000000 ) ) ;
#2347 = AXIS2_PLACEMENT_3D ( 'NONE', #642, #733, #670 ) ;
#2348 = VERTEX_POINT ( 'NONE', #1452 ) ;
#2349 = CARTESIAN_POINT ( 'NONE',  ( 32.07142857142856940, 2.164491730381051252E-15, 0.0000000000000000000 ) ) ;
#2350 = EDGE_LOOP ( 'NONE', ( #3390, #2235, #1537, #2981, #832, #2709 ) ) ;
#2351 = VECTOR ( 'NONE', #2840, 1000.000000000000114 ) ;
#2352 = DIRECTION ( 'NONE',  ( -1.000000000000000000, -1.224606353822377258E-16, -0.0000000000000000000 ) ) ;
#2353 = VERTEX_POINT ( 'NONE', #1526 ) ;
#2354 = ORIENTED_EDGE ( 'NONE', *, *, #1763, .T. ) ;
#2355 = CARTESIAN_POINT ( 'NONE',  ( 20.93691469878049460, 2.235490958484726577E-15, 0.0000000000000000000 ) ) ;
#2356 = CARTESIAN_POINT ( 'NONE',  ( 23.28571428571428470, 2.164491730381051252E-15, 0.0000000000000000000 ) ) ;
#2357 = ADVANCED_FACE ( 'NONE', ( #1015 ), #2083, .T. ) ;
#2358 = DIRECTION ( 'NONE',  ( 0.0000000000000000000, -1.000000000000000000, 0.0000000000000000000 ) ) ;
#2359 = ADVANCED_FACE ( 'NONE', ( #1804 ), #3222, .T. ) ;
#2360 = ORIENTED_EDGE ( 'NONE', *, *, #1626, .T. ) ;
#2361 = CARTESIAN_POINT ( 'NONE',  ( 34.11548612735192165, 2.235490958484726577E-15, 0.0000000000000000000 ) ) ;
#2362 = SURFACE_SIDE_STYLE ('',( #3394 ) ) ;
#2363 = CIRCLE ( 'NONE', #1042, 4.999999999999617195 ) ;
#2364 = EDGE_LOOP ( 'NONE', ( #3010, #2485, #2754, #673, #1768 ) ) ;
#2365 = AXIS2_PLACEMENT_3D ( 'NONE', #602, #617, #613 ) ;
#2366 = CARTESIAN_POINT ( 'NONE',  ( 5.000000000000000000, 2.342598717236898498, -4.057500000000003659 ) ) ;
#2367 = DIRECTION ( 'NONE',  ( 0.0000000000000000000, 1.000000000000000000, -1.481024866284322219E-15 ) ) ;
#2368 = ADVANCED_BREP_SHAPE_REPRESENTATION ( 'M10X25', ( #711, #1146 ), #2464 ) ;
#2369 = DIRECTION ( 'NONE',  ( -1.000000000000000000, -1.224606353822377258E-16, -0.0000000000000000000 ) ) ;
#2370 = EDGE_CURVE ( 'NONE', #797, #380, #1928, .T. ) ;
#2371 = ORIENTED_EDGE ( 'NONE', *, *, #415, .F. ) ;
#2372 = DIRECTION ( 'NONE',  ( 0.0000000000000000000, 0.0000000000000000000, 1.000000000000000000 ) ) ;
#2373 = CARTESIAN_POINT ( 'NONE',  ( 0.0000000000000000000, -2.342598717236905159, 4.057500000000001883 ) ) ;
#2374 = CARTESIAN_POINT ( 'NONE',  ( 15.96428571428571530, -4.172000000000000597, 5.616230220889765396E-16 ) ) ;
#2375 = AXIS2_PLACEMENT_3D ( 'NONE', #186, #434, #471 ) ;
#2376 = DIRECTION ( 'NONE',  ( 0.0000000000000000000, -1.000000000000000000, 0.0000000000000000000 ) ) ;
#2377 = EDGE_CURVE ( 'NONE', #380, #2751, #2459, .T. ) ;
#2378 = CARTESIAN_POINT ( 'NONE',  ( 25.32977184163763695, 2.235490958484726577E-15, 0.0000000000000000000 ) ) ;
#2379 = EDGE_LOOP ( 'NONE', ( #3113, #2967, #357, #430, #279 ) ) ;
#2380 = CARTESIAN_POINT ( 'NONE',  ( 17.42857142857142705, 2.164491730381051252E-15, 0.0000000000000000000 ) ) ;
#2381 = CARTESIAN_POINT ( 'NONE',  ( 17.42857142857142705, -4.172000000000000597, 0.0000000000000000000 ) ) ;
#2382 = ORIENTED_EDGE ( 'NONE', *, *, #1809, .T. ) ;
#2383 = DIRECTION ( 'NONE',  ( 0.0000000000000000000, 1.000000000000000000, 0.0000000000000000000 ) ) ;
#2384 = AXIS2_PLACEMENT_3D ( 'NONE', #1535, #436, #450 ) ;
#2385 = VERTEX_POINT ( 'NONE', #3376 ) ;
#2386 = CARTESIAN_POINT ( 'NONE',  ( 35.00000000000000000, 0.0000000000000000000, 0.0000000000000000000 ) ) ;
#2387 = EDGE_CURVE ( 'NONE', #2602, #2737, #686, .T. ) ;
#2388 = EDGE_LOOP ( 'NONE', ( #445, #1638, #2479, #319, #2997, #3013 ) ) ;
#2389 = EDGE_LOOP ( 'NONE', ( #1337, #1324, #314, #2652, #202 ) ) ;
#2390 = AXIS2_PLACEMENT_3D ( 'NONE', #3295, #3194, #3125 ) ;
#2391 = CARTESIAN_POINT ( 'NONE',  ( 18.00834327020906755, -5.000000000000000000, 6.123233995736770227E-16 ) ) ;
#2392 = DIRECTION ( 'NONE',  ( 1.000000000000000000, 1.224606353822377258E-16, 0.0000000000000000000 ) ) ;
#2393 = EDGE_CURVE ( 'NONE', #937, #2602, #1839, .T. ) ;
#2394 = ORIENTED_EDGE ( 'NONE', *, *, #2546, .T. ) ;
#2395 = CARTESIAN_POINT ( 'NONE',  ( 10.40000000000000036, 6.613092715395475739E-16, 5.399999999999810285 ) ) ;
#2396 = VERTEX_POINT ( 'NONE', #889 ) ;
#2397 = DIRECTION ( 'NONE',  ( -1.000000000000000000, -0.0000000000000000000, -0.0000000000000000000 ) ) ;
#2398 = AXIS2_PLACEMENT_3D ( 'NONE', #691, #2540, #390 ) ;
#2399 = EDGE_CURVE ( 'NONE', #3250, #193, #34, .T. ) ;
#2400 = ORIENTED_EDGE ( 'NONE', *, *, #2926, .F. ) ;
#2401 = CARTESIAN_POINT ( 'NONE',  ( 28.56308530121949474, -4.999999999999999112, 0.0000000000000000000 ) ) ;
#2402 = DIRECTION ( 'NONE',  ( 0.5735764363510444941, 0.8191520442889929088, 0.0000000000000000000 ) ) ;
#2403 = DIRECTION ( 'NONE',  ( 0.0000000000000000000, 0.0000000000000000000, 1.000000000000000000 ) ) ;
#2404 = ADVANCED_FACE ( 'NONE', ( #693 ), #1976, .T. ) ;
#2405 = CIRCLE ( 'NONE', #174, 5.000000000000001776 ) ;
#2406 = ORIENTED_EDGE ( 'NONE', *, *, #1958, .F. ) ;
#2407 = EDGE_CURVE ( 'NONE', #1315, #2713, #2740, .T. ) ;
#2408 = DIRECTION ( 'NONE',  ( 0.0000000000000000000, -1.000000000000000000, 0.0000000000000000000 ) ) ;
#2409 = VECTOR ( 'NONE', #1308, 1000.000000000000000 ) ;
#2410 = CARTESIAN_POINT ( 'NONE',  ( 5.000000000000000000, 0.0000000000000000000, 0.0000000000000000000 ) ) ;
#2411 = AXIS2_PLACEMENT_3D ( 'NONE', #2632, #3403, #2611 ) ;
#2412 = EDGE_LOOP ( 'NONE', ( #1492, #649, #1576, #2570, #626 ) ) ;
#2413 = DIRECTION ( 'NONE',  ( 1.000000000000000000, 1.224606353822377258E-16, 0.0000000000000000000 ) ) ;
#2414 = VECTOR ( 'NONE', #480, 1000.000000000000000 ) ;
#2415 = CARTESIAN_POINT ( 'NONE',  ( 0.0000000000000000000, 8.878689293818310074E-16, -6.500000000000000888 ) ) ;
#2416 = EDGE_LOOP ( 'NONE', ( #3313, #144, #3424, #167, #65, #140 ) ) ;
#2417 = CIRCLE ( 'NONE', #1179, 5.000000000000002665 ) ;
#2418 = DIRECTION ( 'NONE',  ( 0.5735764363510447161, -0.8191520442889927978, 1.003171929053526103E-16 ) ) ;
#2419 = CARTESIAN_POINT ( 'NONE',  ( 32.07142857142856940, 4.172000000000004150, 0.0000000000000000000 ) ) ;
#2420 = CARTESIAN_POINT ( 'NONE',  ( 20.93691469878049460, -5.000000000000000000, 6.123233995736770227E-16 ) ) ;
#2421 = DIRECTION ( 'NONE',  ( -1.000000000000000000, -0.0000000000000000000, -0.0000000000000000000 ) ) ;
#2422 = ORIENTED_EDGE ( 'NONE', *, *, #2042, .F. ) ;
#2423 = ADVANCED_FACE ( 'NONE', ( #298 ), #1077, .T. ) ;
#2424 = AXIS2_PLACEMENT_3D ( 'NONE', #331, #566, #1598 ) ;
#2425 = CONICAL_SURFACE ( 'NONE', #60, 5.000000000000002665, 0.9599310885968831419 ) ;
#2426 = DIRECTION ( 'NONE',  ( -1.000000000000000000, -1.224606353822377258E-16, -0.0000000000000000000 ) ) ;
#2427 = CARTESIAN_POINT ( 'NONE',  ( 28.25834327020906755, 2.235490958484726577E-15, 0.0000000000000000000 ) ) ;
#2428 = DIRECTION ( 'NONE',  ( 0.0000000000000000000, -0.4999999999999988898, 0.8660254037844392627 ) ) ;
#2429 = ORIENTED_EDGE ( 'NONE', *, *, #2528, .F. ) ;
#2430 = DIRECTION ( 'NONE',  ( -1.000000000000000000, -1.224606353822377258E-16, -0.0000000000000000000 ) ) ;
#2431 = CARTESIAN_POINT ( 'NONE',  ( 16.84879958693377944, 2.093492502277374743E-15, 0.0000000000000000000 ) ) ;
#2432 = EDGE_CURVE ( 'NONE', #3234, #1328, #1411, .T. ) ;
#2433 = AXIS2_PLACEMENT_3D ( 'NONE', #735, #3271, #3315 ) ;
#2434 = ORIENTED_EDGE ( 'NONE', *, *, #1119, .T. ) ;
#2435 = EDGE_LOOP ( 'NONE', ( #3093, #2867, #2787, #3318, #894 ) ) ;
#2436 = ORIENTED_EDGE ( 'NONE', *, *, #1528, .T. ) ;
#2437 = CARTESIAN_POINT ( 'NONE',  ( 21.82142857142857295, -4.172000000000000597, 0.0000000000000000000 ) ) ;
#2438 = CARTESIAN_POINT ( 'NONE',  ( 5.000000000000000000, 6.071532165918824830E-15, 8.114999999999998437 ) ) ;
#2439 = EDGE_LOOP ( 'NONE', ( #1227, #80, #1205, #3242, #2343 ) ) ;
#2440 = DIRECTION ( 'NONE',  ( 0.5735764363510447161, -0.8191520442889927978, 1.003171929053526103E-16 ) ) ;
#2441 = EDGE_CURVE ( 'NONE', #877, #3112, #1730, .T. ) ;
#2442 = EDGE_CURVE ( 'NONE', #1328, #3112, #3391, .T. ) ;
#2443 = ORIENTED_EDGE ( 'NONE', *, *, #1539, .F. ) ;
#2444 = ORIENTED_EDGE ( 'NONE', *, *, #2110, .F. ) ;
#2445 = CARTESIAN_POINT ( 'NONE',  ( 19.47262898449478286, 6.123233995735909382E-16, -5.000000000000001776 ) ) ;
#2446 = EDGE_CURVE ( 'NONE', #1191, #2447, #3402, .T. ) ;
#2447 = VERTEX_POINT ( 'NONE', #1478 ) ;
#2448 = CIRCLE ( 'NONE', #237, 5.000000000000001776 ) ;
#2449 = AXIS2_PLACEMENT_3D ( 'NONE', #2225, #1116, #1176 ) ;
#2450 = CARTESIAN_POINT ( 'NONE',  ( 31.18691469878049460, 5.000000000000005329, 0.0000000000000000000 ) ) ;
#2451 = CARTESIAN_POINT ( 'NONE',  ( 10.00000000000000178, 0.0000000000000000000, 8.000000000000000000 ) ) ;
#2452 = EDGE_CURVE ( 'NONE', #2784, #3272, #597, .T. ) ;
#2453 = DIRECTION ( 'NONE',  ( 1.000000000000000000, 0.0000000000000000000, -0.0000000000000000000 ) ) ;
#2454 = SURFACE_STYLE_FILL_AREA ( #206 ) ;
#2455 = DIRECTION ( 'NONE',  ( 0.0000000000000000000, -1.000000000000000000, 0.0000000000000000000 ) ) ;
#2456 = CIRCLE ( 'NONE', #1047, 5.000000000000001776 ) ;
#2457 = EDGE_CURVE ( 'NONE', #3272, #2887, #715, .T. ) ;
#2458 = CARTESIAN_POINT ( 'NONE',  ( 23.86548612735192521, -8.589647551967071905E-29, 5.000000000000001776 ) ) ;
#2459 = CIRCLE ( 'NONE', #684, 5.000000000000002665 ) ;
#2460 = CARTESIAN_POINT ( 'NONE',  ( 25.32977184163763695, 2.235490958484726577E-15, 0.0000000000000000000 ) ) ;
#2461 = ORIENTED_EDGE ( 'NONE', *, *, #2965, .F. ) ;
#2462 = EDGE_CURVE ( 'NONE', #2027, #2447, #1906, .T. ) ;
#2463 = VECTOR ( 'NONE', #3163, 1000.000000000000000 ) ;
#2464 =( GEOMETRIC_REPRESENTATION_CONTEXT ( 3 ) GLOBAL_UNCERTAINTY_ASSIGNED_CONTEXT ( ( #2943 ) ) GLOBAL_UNIT_ASSIGNED_CONTEXT ( ( #311, #417, #795 ) ) REPRESENTATION_CONTEXT ( 'NONE', 'WORKASPACE' ) );
#2465 = ORIENTED_EDGE ( 'NONE', *, *, #599, .T. ) ;
#2466 = VECTOR ( 'NONE', #236, 1000.000000000000000 ) ;
#2467 = CARTESIAN_POINT ( 'NONE',  ( 32.07142857142856940, 4.172000000000004150, 5.109226446042759579E-16 ) ) ;
#2468 = DIRECTION ( 'NONE',  ( 0.0000000000000000000, 0.4999999999999989453, -0.8660254037844392627 ) ) ;
#2469 = EDGE_LOOP ( 'NONE', ( #961, #2922, #2874, #3134, #103, #3044 ) ) ;
#2470 = DIRECTION ( 'NONE',  ( 0.0000000000000000000, -1.000000000000000000, 0.0000000000000000000 ) ) ;
#2471 = ORIENTED_EDGE ( 'NONE', *, *, #1757, .T. ) ;
#2472 = AXIS2_PLACEMENT_3D ( 'NONE', #1159, #2606, #141 ) ;
#2473 = CIRCLE ( 'NONE', #3344, 5.000000000000002665 ) ;
#2474 = ORIENTED_EDGE ( 'NONE', *, *, #1582, .F. ) ;
#2475 = ORIENTED_EDGE ( 'NONE', *, *, #1757, .F. ) ;
#2476 = DIRECTION ( 'NONE',  ( -1.000000000000000000, -1.224606353822377258E-16, -0.0000000000000000000 ) ) ;
#2477 = CARTESIAN_POINT ( 'NONE',  ( 24.17022815836235239, 2.093492502277374743E-15, 0.0000000000000000000 ) ) ;
#2478 = EDGE_CURVE ( 'NONE', #2646, #2784, #1062, .T. ) ;
#2479 = ORIENTED_EDGE ( 'NONE', *, *, #492, .T. ) ;
#2480 = VERTEX_POINT ( 'NONE', #161 ) ;
#2481 = CARTESIAN_POINT ( 'NONE',  ( -31.74999999999995737, 0.0000000000000000000, 0.0000000000000000000 ) ) ;
#2482 = DIRECTION ( 'NONE',  ( 0.0000000000000000000, -1.000000000000000000, 0.0000000000000000000 ) ) ;
#2483 = CARTESIAN_POINT ( 'NONE',  ( 23.28571428571428470, 2.164491730381051252E-15, 0.0000000000000000000 ) ) ;
#2484 = LINE ( 'NONE', #1993, #1536 ) ;
#2485 = ORIENTED_EDGE ( 'NONE', *, *, #989, .T. ) ;
#2486 = DIRECTION ( 'NONE',  ( -0.5735764363510517105, -0.8191520442889879128, 0.0000000000000000000 ) ) ;
#2487 = DIRECTION ( 'NONE',  ( 0.0000000000000000000, -1.000000000000000000, 0.0000000000000000000 ) ) ;
#2488 = ORIENTED_EDGE ( 'NONE', *, *, #2324, .F. ) ;
#2489 = CARTESIAN_POINT ( 'NONE',  ( 21.24165672979092179, -4.999999999999999112, 0.0000000000000000000 ) ) ;
#2490 = AXIS2_PLACEMENT_3D ( 'NONE', #1245, #3191, #2231 ) ;
#2491 = VERTEX_POINT ( 'NONE', #270 ) ;
#2492 = CARTESIAN_POINT ( 'NONE',  ( 30.60714285714285410, 2.164491730381051252E-15, 0.0000000000000000000 ) ) ;
#2493 = FACE_OUTER_BOUND ( 'NONE', #1704, .T. ) ;
#2494 = DIRECTION ( 'NONE',  ( -1.000000000000000000, -1.224606353822377258E-16, -0.0000000000000000000 ) ) ;
#2495 = DIRECTION ( 'NONE',  ( 1.000000000000000000, 1.224606353822377258E-16, 0.0000000000000000000 ) ) ;
#2496 = ORIENTED_EDGE ( 'NONE', *, *, #1058, .T. ) ;
#2497 = FACE_OUTER_BOUND ( 'NONE', #1800, .T. ) ;
#2498 = DIRECTION ( 'NONE',  ( -1.000000000000000000, -1.224606353822377258E-16, -0.0000000000000000000 ) ) ;
#2499 = EDGE_LOOP ( 'NONE', ( #377, #381, #422, #1681, #1869 ) ) ;
#2500 = AXIS2_PLACEMENT_3D ( 'NONE', #1983, #879, #1948 ) ;
#2501 = CIRCLE ( 'NONE', #416, 0.4000000000000001887 ) ;
#2502 = CARTESIAN_POINT ( 'NONE',  ( 34.11548612735192165, 2.235490958484726577E-15, 0.0000000000000000000 ) ) ;
#2503 = ORIENTED_EDGE ( 'NONE', *, *, #1650, .F. ) ;
#2504 = AXIS2_PLACEMENT_3D ( 'NONE', #2629, #2320, #2332 ) ;
#2505 = EDGE_LOOP ( 'NONE', ( #1508, #2326, #156, #677, #1489 ) ) ;
#2506 =( NAMED_UNIT ( * ) SI_UNIT ( $, .STERADIAN. ) SOLID_ANGLE_UNIT ( ) );
#2507 = CARTESIAN_POINT ( 'NONE',  ( 26.79405755592335225, -8.589647551967071905E-29, 5.000000000000001776 ) ) ;
#2508 = VECTOR ( 'NONE', #2729, 1000.000000000000000 ) ;
#2509 = ORIENTED_EDGE ( 'NONE', *, *, #3078, .T. ) ;
#2510 = CARTESIAN_POINT ( 'NONE',  ( 29.72262898449477930, 5.000000000000004441, 0.0000000000000000000 ) ) ;
#2511 = EDGE_CURVE ( 'NONE', #712, #668, #2596, .T. ) ;
#2512 = VERTEX_POINT ( 'NONE', #157 ) ;
#2513 = DIRECTION ( 'NONE',  ( -1.000000000000000000, -0.0000000000000000000, -0.0000000000000000000 ) ) ;
#2514 = DIRECTION ( 'NONE',  ( -1.000000000000000000, -0.0000000000000000000, -0.0000000000000000000 ) ) ;
#2515 = CIRCLE ( 'NONE', #1784, 5.000000000000001776 ) ;
#2516 = ORIENTED_EDGE ( 'NONE', *, *, #1685, .F. ) ;
#2517 = EDGE_CURVE ( 'NONE', #2646, #2027, #3035, .T. ) ;
#2518 = VERTEX_POINT ( 'NONE', #3366 ) ;
#2519 = AXIS2_PLACEMENT_3D ( 'NONE', #148, #1152, #1144 ) ;
#2520 = EDGE_LOOP ( 'NONE', ( #255, #2770, #3055, #1821, #463, #1557 ) ) ;
#2521 = CARTESIAN_POINT ( 'NONE',  ( -31.74999999999995737, 6.123233995736533568E-16, -4.999999999999809930 ) ) ;
#2522 = CIRCLE ( 'NONE', #1299, 5.000000000000002665 ) ;
#2523 = CARTESIAN_POINT ( 'NONE',  ( -31.74999999999995737, 0.0000000000000000000, 0.0000000000000000000 ) ) ;
#2524 = EDGE_LOOP ( 'NONE', ( #2539, #2742, #2792, #732, #3174 ) ) ;
#2525 = DIRECTION ( 'NONE',  ( 0.0000000000000000000, 1.000000000000000000, 0.0000000000000000000 ) ) ;
#2526 = CARTESIAN_POINT ( 'NONE',  ( 34.17199999999964888, 6.123233995736297896E-16, -4.999999999999617195 ) ) ;
#2527 = ORIENTED_EDGE ( 'NONE', *, *, #2917, .T. ) ;
#2528 = EDGE_CURVE ( 'NONE', #162, #408, #3025, .T. ) ;
#2529 = ORIENTED_EDGE ( 'NONE', *, *, #2457, .T. ) ;
#2530 = CARTESIAN_POINT ( 'NONE',  ( 20.93691469878049460, 2.235490958484726577E-15, 0.0000000000000000000 ) ) ;
#2531 = FACE_OUTER_BOUND ( 'NONE', #2199, .T. ) ;
#2532 =( GEOMETRIC_REPRESENTATION_CONTEXT ( 3 ) GLOBAL_UNCERTAINTY_ASSIGNED_CONTEXT ( ( #1401 ) ) GLOBAL_UNIT_ASSIGNED_CONTEXT ( ( #2738, #2743, #2753 ) ) REPRESENTATION_CONTEXT ( 'NONE', 'WORKASPACE' ) );
#2533 = DIRECTION ( 'NONE',  ( -1.000000000000000000, -1.224606353822377258E-16, -0.0000000000000000000 ) ) ;
#2534 = ORIENTED_EDGE ( 'NONE', *, *, #1483, .T. ) ;
#2535 = MECHANICAL_DESIGN_GEOMETRIC_PRESENTATION_REPRESENTATION (  '', ( #2585 ), #2532 ) ;
#2536 = DIRECTION ( 'NONE',  ( 0.0000000000000000000, -1.000000000000000000, 0.0000000000000000000 ) ) ;
#2537 = CARTESIAN_POINT ( 'NONE',  ( 0.0000000000000000000, 0.0000000000000000000, 0.0000000000000000000 ) ) ;
#2538 = DIRECTION ( 'NONE',  ( 0.0000000000000000000, 0.0000000000000000000, 1.000000000000000000 ) ) ;
#2539 = ORIENTED_EDGE ( 'NONE', *, *, #2599, .T. ) ;
#2540 = DIRECTION ( 'NONE',  ( -1.000000000000000000, -1.224606353822377258E-16, -0.0000000000000000000 ) ) ;
#2541 = ADVANCED_FACE ( 'NONE', ( #534 ), #1701, .F. ) ;
#2542 = EDGE_LOOP ( 'NONE', ( #2904, #460, #2829, #3320, #870 ) ) ;
#2543 = FACE_OUTER_BOUND ( 'NONE', #91, .T. ) ;
#2544 = VERTEX_POINT ( 'NONE', #685 ) ;
#2545 = PRESENTATION_LAYER_ASSIGNMENT (  '', '', ( #2585 ) ) ;
#2546 = EDGE_CURVE ( 'NONE', #2646, #1500, #100, .T. ) ;
#2547 = CARTESIAN_POINT ( 'NONE',  ( 32.65120041306621346, 5.000000000000005329, 0.0000000000000000000 ) ) ;
#2548 = DIRECTION ( 'NONE',  ( 0.0000000000000000000, -1.000000000000000000, 0.0000000000000000000 ) ) ;
#2549 = VERTEX_POINT ( 'NONE', #1312 ) ;
#2550 = ORIENTED_EDGE ( 'NONE', *, *, #2934, .F. ) ;
#2551 = CARTESIAN_POINT ( 'NONE',  ( 10.00000000000000178, 6.613092715395475739E-16, 5.399999999999810285 ) ) ;
#2552 = DIRECTION ( 'NONE',  ( 0.0000000000000000000, -0.4999999999999990008, 0.8660254037844391517 ) ) ;
#2553 = FACE_OUTER_BOUND ( 'NONE', #1935, .T. ) ;
#2554 = DIRECTION ( 'NONE',  ( -0.0000000000000000000, 1.481024866284322219E-15, 1.000000000000000000 ) ) ;
#2555 = EDGE_LOOP ( 'NONE', ( #2721, #2971, #2746, #1275, #3001 ) ) ;
#2556 = AXIS2_PLACEMENT_3D ( 'NONE', #2523, #2612, #2538 ) ;
#2557 = ORIENTED_EDGE ( 'NONE', *, *, #599, .F. ) ;
#2558 = DIRECTION ( 'NONE',  ( 0.0000000000000000000, 1.000000000000000000, 0.0000000000000000000 ) ) ;
#2559 = DIRECTION ( 'NONE',  ( 0.0000000000000000000, -1.000000000000000000, 0.0000000000000000000 ) ) ;
#2560 = CYLINDRICAL_SURFACE ( 'NONE', #1845, 4.999999999999809930 ) ;
#2561 = AXIS2_PLACEMENT_3D ( 'NONE', #2779, #1243, #1716 ) ;
#2562 = ORIENTED_EDGE ( 'NONE', *, *, #1896, .T. ) ;
#2563 = CARTESIAN_POINT ( 'NONE',  ( 28.25834327020906755, -8.589647551967071905E-29, 5.000000000000001776 ) ) ;
#2564 = CARTESIAN_POINT ( 'NONE',  ( 18.89285714285714235, 2.164491730381051252E-15, 0.0000000000000000000 ) ) ;
#2565 = LINE ( 'NONE', #1338, #3291 ) ;
#2566 = EDGE_LOOP ( 'NONE', ( #2846, #2865, #2852, #2844, #2804, #2814 ) ) ;
#2567 = DIRECTION ( 'NONE',  ( 0.0000000000000000000, -1.000000000000000000, 0.0000000000000000000 ) ) ;
#2568 = VECTOR ( 'NONE', #3286, 1000.000000000000114 ) ;
#2569 = CARTESIAN_POINT ( 'NONE',  ( 18.00834327020906755, 2.235490958484726577E-15, 0.0000000000000000000 ) ) ;
#2570 = ORIENTED_EDGE ( 'NONE', *, *, #902, .T. ) ;
#2571 = CARTESIAN_POINT ( 'NONE',  ( 30.02737101550520649, 2.093492502277374743E-15, 0.0000000000000000000 ) ) ;
#2572 = AXIS2_PLACEMENT_3D ( 'NONE', #2663, #2674, #2697 ) ;
#2573 = ORIENTED_EDGE ( 'NONE', *, *, #1892, .T. ) ;
#2574 = DIRECTION ( 'NONE',  ( 0.0000000000000000000, -1.000000000000000000, 0.0000000000000000000 ) ) ;
#2575 = ADVANCED_FACE ( 'NONE', ( #1240 ), #1504, .T. ) ;
#2576 = FILL_AREA_STYLE ('',( #2607 ) ) ;
#2577 = EDGE_CURVE ( 'NONE', #1775, #1212, #350, .T. ) ;
#2578 = CARTESIAN_POINT ( 'NONE',  ( -31.74999999999995737, 6.123233995736533568E-16, -4.999999999999809930 ) ) ;
#2579 = EDGE_CURVE ( 'NONE', #1248, #3379, #1419, .T. ) ;
#2580 = CARTESIAN_POINT ( 'NONE',  ( 28.25834327020906755, -5.000000000000000888, 6.123233995736771213E-16 ) ) ;
#2581 = CARTESIAN_POINT ( 'NONE',  ( 21.24165672979092179, 2.093492502277374743E-15, 0.0000000000000000000 ) ) ;
#2582 = CARTESIAN_POINT ( 'NONE',  ( 31.49165672979092179, 5.000000000000004441, 6.123233995736770227E-16 ) ) ;
#2583 = CIRCLE ( 'NONE', #1627, 5.000000000000001776 ) ;
#2584 = DIRECTION ( 'NONE',  ( 0.0000000000000000000, -1.000000000000000000, 0.0000000000000000000 ) ) ;
#2585 = STYLED_ITEM ( 'NONE', ( #717 ), #711 ) ;
#2586 = ORIENTED_EDGE ( 'NONE', *, *, #3382, .T. ) ;
#2587 = DIRECTION ( 'NONE',  ( -1.000000000000000000, -1.224606353822377258E-16, -0.0000000000000000000 ) ) ;
#2588 = CARTESIAN_POINT ( 'NONE',  ( 34.11548612735192165, 5.000000000000004441, 0.0000000000000000000 ) ) ;
#2589 = CIRCLE ( 'NONE', #1018, 4.172000000000002373 ) ;
#2590 = DIRECTION ( 'NONE',  ( 0.0000000000000000000, -1.000000000000000000, 0.0000000000000000000 ) ) ;
#2591 = CARTESIAN_POINT ( 'NONE',  ( 5.000000000000000000, 2.342598717236907824, 4.057499999999994778 ) ) ;
#2592 = ORIENTED_EDGE ( 'NONE', *, *, #2042, .T. ) ;
#2593 = EDGE_LOOP ( 'NONE', ( #3129, #2830, #2727, #305, #2718 ) ) ;
#2594 = AXIS2_PLACEMENT_3D ( 'NONE', #2581, #2587, #2590 ) ;
#2595 = PLANE ( 'NONE',  #731 ) ;
#2596 = CIRCLE ( 'NONE', #502, 5.000000000000002665 ) ;
#2597 = LINE ( 'NONE', #2578, #2137 ) ;
#2598 = EDGE_CURVE ( 'NONE', #1248, #2280, #1145, .T. ) ;
#2599 = EDGE_CURVE ( 'NONE', #3100, #3208, #3088, .T. ) ;
#2600 = DIRECTION ( 'NONE',  ( -1.000000000000000000, -1.224606353822377258E-16, -0.0000000000000000000 ) ) ;
#2601 = FACE_OUTER_BOUND ( 'NONE', #2268, .T. ) ;
#2602 = VERTEX_POINT ( 'NONE', #2014 ) ;
#2603 = CARTESIAN_POINT ( 'NONE',  ( 28.25834327020906755, 2.235490958484726577E-15, 0.0000000000000000000 ) ) ;
#2604 = ORIENTED_EDGE ( 'NONE', *, *, #115, .T. ) ;
#2605 = DIRECTION ( 'NONE',  ( -1.000000000000000000, -1.224606353822377258E-16, -0.0000000000000000000 ) ) ;
#2606 = DIRECTION ( 'NONE',  ( 1.000000000000000000, 1.224606353822377258E-16, 0.0000000000000000000 ) ) ;
#2607 = FILL_AREA_STYLE_COLOUR ( '', #1112 ) ;
#2608 = UNCERTAINTY_MEASURE_WITH_UNIT (LENGTH_MEASURE( 1.000000000000000082E-05 ), #1050, 'distance_accuracy_value', 'NONE');
#2609 = CONICAL_SURFACE ( 'NONE', #1426, 5.000000000000002665, 0.9599310885968831419 ) ;
#2610 = EDGE_CURVE ( 'NONE', #3214, #1448, #1206, .T. ) ;
#2611 = DIRECTION ( 'NONE',  ( 0.0000000000000000000, 0.0000000000000000000, 1.000000000000000000 ) ) ;
#2612 = DIRECTION ( 'NONE',  ( -1.000000000000000000, -0.0000000000000000000, -0.0000000000000000000 ) ) ;
#2613 = CARTESIAN_POINT ( 'NONE',  ( 32.95594244407664064, 2.093492502277374743E-15, 0.0000000000000000000 ) ) ;
#2614 = CIRCLE ( 'NONE', #1165, 5.000000000000001776 ) ;
#2615 = DIRECTION ( 'NONE',  ( 0.0000000000000000000, 0.0000000000000000000, -1.000000000000000000 ) ) ;
#2616 = EDGE_CURVE ( 'NONE', #2942, #2280, #139, .T. ) ;
#2617 = ORIENTED_EDGE ( 'NONE', *, *, #43, .F. ) ;
#2618 = DIRECTION ( 'NONE',  ( -1.000000000000000000, -1.224606353822377258E-16, -0.0000000000000000000 ) ) ;
#2619 = CARTESIAN_POINT ( 'NONE',  ( 30.02737101550520649, -4.999999999999999112, 0.0000000000000000000 ) ) ;
#2620 = EDGE_CURVE ( 'NONE', #3379, #2942, #2501, .T. ) ;
#2621 = ADVANCED_FACE ( 'NONE', ( #2493 ), #391, .T. ) ;
#2622 = VERTEX_POINT ( 'NONE', #137 ) ;
#2623 = ORIENTED_EDGE ( 'NONE', *, *, #1639, .F. ) ;
#2624 = COLOUR_RGB ( '',0.7764705882352941346, 0.7568627450980391913, 0.7372549019607843590 ) ;
#2625 = FILL_AREA_STYLE_COLOUR ( '', #722 ) ;
#2626 = EDGE_CURVE ( 'NONE', #2713, #1903, #189, .T. ) ;
#2627 = ORIENTED_EDGE ( 'NONE', *, *, #1582, .T. ) ;
#2628 = AXIS2_PLACEMENT_3D ( 'NONE', #2336, #2296, #2345 ) ;
#2629 = CARTESIAN_POINT ( 'NONE',  ( 5.000000000000000000, -2.342598717236905159, 4.057500000000001883 ) ) ;
#2630 = EDGE_CURVE ( 'NONE', #1903, #3379, #1509, .T. ) ;
#2631 = ADVANCED_FACE ( 'NONE', ( #3284 ), #3254, .T. ) ;
#2632 = CARTESIAN_POINT ( 'NONE',  ( -31.74999999999995737, 0.0000000000000000000, 0.0000000000000000000 ) ) ;
#2633 = ORIENTED_EDGE ( 'NONE', *, *, #3054, .F. ) ;
#2634 = DIRECTION ( 'NONE',  ( 0.0000000000000000000, 0.0000000000000000000, 1.000000000000000000 ) ) ;
#2635 = CONICAL_SURFACE ( 'NONE', #1065, 5.000000000000002665, 0.9599310885968831419 ) ;
#2636 = ORIENTED_EDGE ( 'NONE', *, *, #3049, .F. ) ;
#2637 = CARTESIAN_POINT ( 'NONE',  ( 26.79405755592335225, 2.235490958484726577E-15, 0.0000000000000000000 ) ) ;
#2638 = FACE_OUTER_BOUND ( 'NONE', #1608, .T. ) ;
#2639 = EDGE_LOOP ( 'NONE', ( #2933, #2876, #2890, #2869, #2870 ) ) ;
#2640 = AXIS2_PLACEMENT_3D ( 'NONE', #2378, #2413, #2309 ) ;
#2641 = CIRCLE ( 'NONE', #37, 4.172000000000002373 ) ;
#2642 = VERTEX_POINT ( 'NONE', #1924 ) ;
#2643 = CIRCLE ( 'NONE', #1398, 5.000000000000001776 ) ;
#2644 = AXIS2_PLACEMENT_3D ( 'NONE', #2530, #2533, #2536 ) ;
#2645 = ADVANCED_FACE ( 'NONE', ( #2601 ), #110, .T. ) ;
#2646 = VERTEX_POINT ( 'NONE', #2374 ) ;
#2647 = DIRECTION ( 'NONE',  ( 0.0000000000000000000, -1.000000000000000000, 0.0000000000000000000 ) ) ;
#2648 = DIRECTION ( 'NONE',  ( 0.0000000000000000000, -1.000000000000000000, 0.0000000000000000000 ) ) ;
#2649 = EDGE_LOOP ( 'NONE', ( #1617, #3091, #453, #2992, #2949, #2987 ) ) ;
#2650 = DIRECTION ( 'NONE',  ( -1.000000000000000000, -1.224606353822377258E-16, -0.0000000000000000000 ) ) ;
#2651 = DIRECTION ( 'NONE',  ( -1.000000000000000000, -1.224606353822377258E-16, -0.0000000000000000000 ) ) ;
#2652 = ORIENTED_EDGE ( 'NONE', *, *, #841, .F. ) ;
#2653 = CARTESIAN_POINT ( 'NONE',  ( 29.14285714285714235, 2.164491730381051252E-15, 0.0000000000000000000 ) ) ;
#2654 = ADVANCED_FACE ( 'NONE', ( #1694 ), #1094, .T. ) ;
#2655 = ORIENTED_EDGE ( 'NONE', *, *, #2546, .F. ) ;
#2656 = AXIS2_PLACEMENT_3D ( 'NONE', #2349, #2352, #2358 ) ;
#2657 = CARTESIAN_POINT ( 'NONE',  ( 15.07977184163763873, 2.235490958484726577E-15, 0.0000000000000000000 ) ) ;
#2658 = CARTESIAN_POINT ( 'NONE',  ( 24.75000000000000000, -4.172000000000000597, 0.0000000000000000000 ) ) ;
#2659 = ORIENTED_EDGE ( 'NONE', *, *, #1989, .T. ) ;
#2660 = CARTESIAN_POINT ( 'NONE',  ( 28.25834327020906755, 6.123233995735909382E-16, -5.000000000000001776 ) ) ;
#2661 = AXIS2_PLACEMENT_3D ( 'NONE', #3230, #3334, #3456 ) ;
#2662 = EDGE_LOOP ( 'NONE', ( #2940, #2990, #2935, #2937, #2907 ) ) ;
#2663 = CARTESIAN_POINT ( 'NONE',  ( 22.70594244407663709, 2.093492502277374743E-15, 0.0000000000000000000 ) ) ;
#2664 = DIRECTION ( 'NONE',  ( 0.0000000000000000000, -1.000000000000000000, 0.0000000000000000000 ) ) ;
#2665 = DIRECTION ( 'NONE',  ( 0.0000000000000000000, -1.000000000000000000, 0.0000000000000000000 ) ) ;
#2666 = EDGE_CURVE ( 'NONE', #3379, #1248, #1244, .T. ) ;
#2667 = ORIENTED_EDGE ( 'NONE', *, *, #1580, .T. ) ;
#2668 = LINE ( 'NONE', #2936, #494 ) ;
#2669 = EDGE_LOOP ( 'NONE', ( #3342, #2436, #1278, #2037, #3428 ) ) ;
#2670 = AXIS2_PLACEMENT_3D ( 'NONE', #2178, #2166, #2194 ) ;
#2671 = DIRECTION ( 'NONE',  ( 0.0000000000000000000, -1.000000000000000000, 0.0000000000000000000 ) ) ;
#2672 = AXIS2_PLACEMENT_3D ( 'NONE', #2285, #2287, #2289 ) ;
#2673 = VERTEX_POINT ( 'NONE', #1647 ) ;
#2674 = DIRECTION ( 'NONE',  ( -1.000000000000000000, -1.224606353822377258E-16, -0.0000000000000000000 ) ) ;
#2675 = CARTESIAN_POINT ( 'NONE',  ( 35.00000000000000000, 0.0000000000000000000, 4.171999999999999709 ) ) ;
#2676 = LINE ( 'NONE', #699, #1304 ) ;
#2677 = AXIS2_PLACEMENT_3D ( 'NONE', #2278, #2250, #2271 ) ;
#2678 = VERTEX_POINT ( 'NONE', #1720 ) ;
#2679 = CARTESIAN_POINT ( 'NONE',  ( 19.47262898449478286, 2.235490958484726577E-15, 0.0000000000000000000 ) ) ;
#2680 = AXIS2_PLACEMENT_3D ( 'NONE', #1943, #1956, #1931 ) ;
#2681 = DIRECTION ( 'NONE',  ( 0.0000000000000000000, -1.000000000000000000, 0.0000000000000000000 ) ) ;
#2682 = AXIS2_PLACEMENT_3D ( 'NONE', #1925, #2047, #2061 ) ;
#2683 = ORIENTED_EDGE ( 'NONE', *, *, #2016, .F. ) ;
#2684 = DIRECTION ( 'NONE',  ( 0.0000000000000000000, -1.000000000000000000, 0.0000000000000000000 ) ) ;
#2685 = CARTESIAN_POINT ( 'NONE',  ( 5.000000000000000000, 2.342598717236898498, -4.057500000000003659 ) ) ;
#2686 = DIRECTION ( 'NONE',  ( 0.0000000000000000000, 0.0000000000000000000, -1.000000000000000000 ) ) ;
#2687 = ADVANCED_FACE ( 'NONE', ( #1933 ), #2095, .T. ) ;
#2688 = FACE_OUTER_BOUND ( 'NONE', #1879, .T. ) ;
#2689 = ORIENTED_EDGE ( 'NONE', *, *, #2215, .F. ) ;
#2690 = CIRCLE ( 'NONE', #1752, 5.000000000000001776 ) ;
#2691 = ORIENTED_EDGE ( 'NONE', *, *, #1934, .F. ) ;
#2692 = CARTESIAN_POINT ( 'NONE',  ( 26.79405755592335225, -5.000000000000000000, 6.123233995736770227E-16 ) ) ;
#2693 = VERTEX_POINT ( 'NONE', #2959 ) ;
#2694 = CONICAL_SURFACE ( 'NONE', #30, 5.000000000000002665, 0.9599310885968831419 ) ;
#2695 = AXIS2_PLACEMENT_3D ( 'NONE', #1731, #1826, #1815 ) ;
#2696 = FACE_OUTER_BOUND ( 'NONE', #1422, .T. ) ;
#2697 = DIRECTION ( 'NONE',  ( 0.0000000000000000000, -1.000000000000000000, 0.0000000000000000000 ) ) ;
#2698 = FILL_AREA_STYLE ('',( #2625 ) ) ;
#2699 = ORIENTED_EDGE ( 'NONE', *, *, #2337, .T. ) ;
#2700 = CARTESIAN_POINT ( 'NONE',  ( 28.56308530121949474, 6.123233995735964602E-16, -5.000000000000001776 ) ) ;
#2701 = VERTEX_POINT ( 'NONE', #286 ) ;
#2702 = DIRECTION ( 'NONE',  ( -1.000000000000000000, -1.224606353822377258E-16, -0.0000000000000000000 ) ) ;
#2703 = ORIENTED_EDGE ( 'NONE', *, *, #1496, .T. ) ;
#2704 = DIRECTION ( 'NONE',  ( 0.0000000000000000000, 0.0000000000000000000, 1.000000000000000000 ) ) ;
#2705 = ORIENTED_EDGE ( 'NONE', *, *, #2055, .T. ) ;
#2706 = ADVANCED_FACE ( 'NONE', ( #611, #3101 ), #383, .T. ) ;
#2707 = EDGE_CURVE ( 'NONE', #2544, #1248, #2565, .T. ) ;
#2708 = AXIS2_PLACEMENT_3D ( 'NONE', #1886, #1915, #1922 ) ;
#2709 = ORIENTED_EDGE ( 'NONE', *, *, #962, .F. ) ;
#2710 = SURFACE_SIDE_STYLE ('',( #687 ) ) ;
#2711 = CONICAL_SURFACE ( 'NONE', #2022, 4.172000000000002373, 0.9599310885968742602 ) ;
#2712 = VERTEX_POINT ( 'NONE', #1405 ) ;
#2713 = VERTEX_POINT ( 'NONE', #1211 ) ;
#2714 = CARTESIAN_POINT ( 'NONE',  ( 26.21428571428571530, 2.164491730381051252E-15, 0.0000000000000000000 ) ) ;
#2715 = AXIS2_PLACEMENT_3D ( 'NONE', #2207, #495, #2221 ) ;
#2716 =( NAMED_UNIT ( * ) PLANE_ANGLE_UNIT ( ) SI_UNIT ( $, .RADIAN. ) );
#2717 = ORIENTED_EDGE ( 'NONE', *, *, #1486, .F. ) ;
#2718 = ORIENTED_EDGE ( 'NONE', *, *, #427, .F. ) ;
#2719 = CARTESIAN_POINT ( 'NONE',  ( 20.35714285714285765, 2.164491730381051252E-15, 0.0000000000000000000 ) ) ;
#2720 = VECTOR ( 'NONE', #1703, 1000.000000000000000 ) ;
#2721 = ORIENTED_EDGE ( 'NONE', *, *, #273, .F. ) ;
#2722 = LINE ( 'NONE', #1658, #3457 ) ;
#2723 = VERTEX_POINT ( 'NONE', #2526 ) ;
#2724 = AXIS2_PLACEMENT_3D ( 'NONE', #1735, #1671, #1749 ) ;
#2725 = FACE_OUTER_BOUND ( 'NONE', #2505, .T. ) ;
#2726 = DIRECTION ( 'NONE',  ( 0.0000000000000000000, -1.000000000000000000, 0.0000000000000000000 ) ) ;
#2727 = ORIENTED_EDGE ( 'NONE', *, *, #3473, .F. ) ;
#2728 = ADVANCED_FACE ( 'NONE', ( #1824 ), #1117, .F. ) ;
#2729 = DIRECTION ( 'NONE',  ( -0.5735764363510519326, 0.8191520442889876907, 1.003171929053519816E-16 ) ) ;
#2730 = DIRECTION ( 'NONE',  ( -1.000000000000000000, -0.0000000000000000000, -0.0000000000000000000 ) ) ;
#2731 = SURFACE_STYLE_USAGE ( .BOTH. , #2710 ) ;
#2732 = VECTOR ( 'NONE', #211, 1000.000000000000000 ) ;
#2733 = EDGE_CURVE ( 'NONE', #623, #790, #3351, .T. ) ;
#2734 = CARTESIAN_POINT ( 'NONE',  ( 31.18691469878049460, 2.235490958484726577E-15, 0.0000000000000000000 ) ) ;
#2735 = DIRECTION ( 'NONE',  ( 1.000000000000000000, 0.0000000000000000000, -0.0000000000000000000 ) ) ;
#2736 = AXIS2_PLACEMENT_3D ( 'NONE', #1834, #1857, #1878 ) ;
#2737 = VERTEX_POINT ( 'NONE', #3052 ) ;
#2738 =( LENGTH_UNIT ( ) NAMED_UNIT ( * ) SI_UNIT ( .MILLI., .METRE. ) );
#2739 = DIRECTION ( 'NONE',  ( -1.000000000000000000, -0.0000000000000000000, -0.0000000000000000000 ) ) ;
#2740 = LINE ( 'NONE', #636, #2984 ) ;
#2741 = EDGE_CURVE ( 'NONE', #790, #877, #2189, .T. ) ;
#2742 = ORIENTED_EDGE ( 'NONE', *, *, #73, .T. ) ;
#2743 =( NAMED_UNIT ( * ) PLANE_ANGLE_UNIT ( ) SI_UNIT ( $, .RADIAN. ) );
#2744 = ADVANCED_FACE ( 'NONE', ( #48 ), #1690, .T. ) ;
#2745 = DIRECTION ( 'NONE',  ( -1.000000000000000000, -1.224606353822377258E-16, -0.0000000000000000000 ) ) ;
#2746 = ORIENTED_EDGE ( 'NONE', *, *, #7, .T. ) ;
#2747 = AXIS2_PLACEMENT_3D ( 'NONE', #3283, #2702, #1545 ) ;
#2748 = DIRECTION ( 'NONE',  ( -1.000000000000000000, -1.224606353822377258E-16, -0.0000000000000000000 ) ) ;
#2749 = VECTOR ( 'NONE', #1778, 1000.000000000000000 ) ;
#2750 =( NAMED_UNIT ( * ) PLANE_ANGLE_UNIT ( ) SI_UNIT ( $, .RADIAN. ) );
#2751 = VERTEX_POINT ( 'NONE', #2588 ) ;
#2752 = CARTESIAN_POINT ( 'NONE',  ( 20.35714285714285765, 2.164491730381051252E-15, 0.0000000000000000000 ) ) ;
#2753 =( NAMED_UNIT ( * ) SI_UNIT ( $, .STERADIAN. ) SOLID_ANGLE_UNIT ( ) );
#2754 = ORIENTED_EDGE ( 'NONE', *, *, #1006, .F. ) ;
#2755 = CARTESIAN_POINT ( 'NONE',  ( 16.54405755592335225, 5.000000000000004441, 0.0000000000000000000 ) ) ;
#2756 = VERTEX_POINT ( 'NONE', #175 ) ;
#2757 = DIRECTION ( 'NONE',  ( 1.000000000000000000, 1.224606353822377258E-16, 0.0000000000000000000 ) ) ;
#2758 = EDGE_CURVE ( 'NONE', #623, #3234, #2064, .T. ) ;
#2759 = ORIENTED_EDGE ( 'NONE', *, *, #2442, .F. ) ;
#2760 = DIRECTION ( 'NONE',  ( -1.000000000000000000, -0.0000000000000000000, -0.0000000000000000000 ) ) ;
#2761 = ADVANCED_FACE ( 'NONE', ( #3137 ), #700, .T. ) ;
#2762 = VERTEX_POINT ( 'NONE', #188 ) ;
#2763 =( NAMED_UNIT ( * ) SI_UNIT ( $, .STERADIAN. ) SOLID_ANGLE_UNIT ( ) );
#2764 = FACE_BOUND ( 'NONE', #2165, .T. ) ;
#2765 = DIRECTION ( 'NONE',  ( 0.0000000000000000000, -1.000000000000000000, 0.0000000000000000000 ) ) ;
#2766 = DIRECTION ( 'NONE',  ( -1.000000000000000000, -1.224606353822377258E-16, -0.0000000000000000000 ) ) ;
#2767 = VERTEX_POINT ( 'NONE', #2591 ) ;
#2768 = DIRECTION ( 'NONE',  ( -1.000000000000000000, -1.224606353822377258E-16, -0.0000000000000000000 ) ) ;
#2769 = DIRECTION ( 'NONE',  ( -1.000000000000000000, -0.0000000000000000000, -0.0000000000000000000 ) ) ;
#2770 = ORIENTED_EDGE ( 'NONE', *, *, #3275, .T. ) ;
#2771 = ADVANCED_FACE ( 'NONE', ( #172 ), #1154, .T. ) ;
#2772 = DIRECTION ( 'NONE',  ( -1.000000000000000000, -0.0000000000000000000, -0.0000000000000000000 ) ) ;
#2773 = CARTESIAN_POINT ( 'NONE',  ( 14.50000000000000000, 2.164491730381051252E-15, 0.0000000000000000000 ) ) ;
#2774 = CARTESIAN_POINT ( 'NONE',  ( 31.49165672979092179, 2.093492502277374743E-15, 0.0000000000000000000 ) ) ;
#2775 = ORIENTED_EDGE ( 'NONE', *, *, #1483, .F. ) ;
#2776 = AXIS2_PLACEMENT_3D ( 'NONE', #1549, #1555, #1558 ) ;
#2777 =( NAMED_UNIT ( * ) PLANE_ANGLE_UNIT ( ) SI_UNIT ( $, .RADIAN. ) );
#2778 = ORIENTED_EDGE ( 'NONE', *, *, #3054, .T. ) ;
#2779 = CARTESIAN_POINT ( 'NONE',  ( 19.47262898449478286, 2.235490958484726577E-15, 0.0000000000000000000 ) ) ;
#2780 = ORIENTED_EDGE ( 'NONE', *, *, #2274, .T. ) ;
#2781 = ORIENTED_EDGE ( 'NONE', *, *, #3078, .F. ) ;
#2782 = AXIS2_PLACEMENT_3D ( 'NONE', #1468, #1488, #1490 ) ;
#2783 = CARTESIAN_POINT ( 'NONE',  ( 17.42857142857142705, 2.164491730381051252E-15, 0.0000000000000000000 ) ) ;
#2784 = VERTEX_POINT ( 'NONE', #866 ) ;
#2785 = DIRECTION ( 'NONE',  ( -1.000000000000000000, -1.224606353822377258E-16, -0.0000000000000000000 ) ) ;
#2786 = EDGE_CURVE ( 'NONE', #2894, #1415, #2323, .T. ) ;
#2787 = ORIENTED_EDGE ( 'NONE', *, *, #1203, .F. ) ;
#2788 = ORIENTED_EDGE ( 'NONE', *, *, #1750, .F. ) ;
#2789 = ADVANCED_FACE ( 'NONE', ( #1992 ), #1048, .T. ) ;
#2790 = SURFACE_STYLE_USAGE ( .BOTH. , #2044 ) ;
#2791 = DIRECTION ( 'NONE',  ( -1.000000000000000000, -0.0000000000000000000, -0.0000000000000000000 ) ) ;
#2792 = ORIENTED_EDGE ( 'NONE', *, *, #54, .F. ) ;
#2793 = ORIENTED_EDGE ( 'NONE', *, *, #3106, .F. ) ;
#2794 = EDGE_CURVE ( 'NONE', #2642, #1674, #624, .T. ) ;
#2795 = ORIENTED_EDGE ( 'NONE', *, *, #1089, .T. ) ;
#2796 = EDGE_CURVE ( 'NONE', #2518, #1415, #3082, .T. ) ;
#2797 = DIRECTION ( 'NONE',  ( -1.000000000000000000, -1.224606353822377258E-16, -0.0000000000000000000 ) ) ;
#2798 = FACE_OUTER_BOUND ( 'NONE', #1952, .T. ) ;
#2799 = VERTEX_POINT ( 'NONE', #3252 ) ;
#2800 = EDGE_CURVE ( 'NONE', #2518, #2264, #736, .T. ) ;
#2801 = CIRCLE ( 'NONE', #1003, 5.000000000000002665 ) ;
#2802 = DIRECTION ( 'NONE',  ( 0.0000000000000000000, -1.000000000000000000, 0.0000000000000000000 ) ) ;
#2803 = EDGE_CURVE ( 'NONE', #2264, #1765, #2860, .T. ) ;
#2804 = ORIENTED_EDGE ( 'NONE', *, *, #3336, .F. ) ;
#2805 = FILL_AREA_STYLE ('',( #683 ) ) ;
#2806 = DIRECTION ( 'NONE',  ( -1.000000000000000000, -1.224606353822377258E-16, -0.0000000000000000000 ) ) ;
#2807 = CIRCLE ( 'NONE', #2500, 5.000000000000002665 ) ;
#2808 = DIRECTION ( 'NONE',  ( -1.000000000000000000, -1.224606353822377258E-16, -0.0000000000000000000 ) ) ;
#2809 = CARTESIAN_POINT ( 'NONE',  ( -31.74999999999995737, 0.0000000000000000000, 4.999999999999809930 ) ) ;
#2810 = EDGE_CURVE ( 'NONE', #1363, #1765, #362, .T. ) ;
#2811 = AXIS2_PLACEMENT_3D ( 'NONE', #1433, #1444, #1446 ) ;
#2812 = ADVANCED_FACE ( 'NONE', ( #1372 ), #3389, .T. ) ;
#2813 = EDGE_CURVE ( 'NONE', #2894, #1363, #3369, .T. ) ;
#2814 = ORIENTED_EDGE ( 'NONE', *, *, #900, .F. ) ;
#2815 = VERTEX_POINT ( 'NONE', #1916 ) ;
#2816 = CARTESIAN_POINT ( 'NONE',  ( 5.000000000000000000, 0.0000000000000000000, 0.0000000000000000000 ) ) ;
#2817 = CARTESIAN_POINT ( 'NONE',  ( 32.95594244407664064, 5.000000000000004441, 6.123233995736770227E-16 ) ) ;
#2818 = CIRCLE ( 'NONE', #2561, 5.000000000000002665 ) ;
#2819 = ORIENTED_EDGE ( 'NONE', *, *, #2478, .F. ) ;
#2820 = ORIENTED_EDGE ( 'NONE', *, *, #766, .F. ) ;
#2821 = AXIS2_PLACEMENT_3D ( 'NONE', #1357, #1364, #1386 ) ;
#2822 = CARTESIAN_POINT ( 'NONE',  ( -31.74999999999995737, 6.123233995736533568E-16, -4.999999999999809930 ) ) ;
#2823 = AXIS2_PLACEMENT_3D ( 'NONE', #2176, #2128, #2952 ) ;
#2824 = ORIENTED_EDGE ( 'NONE', *, *, #2973, .F. ) ;
#2825 = EDGE_CURVE ( 'NONE', #3112, #1328, #3289, .T. ) ;
#2826 = DIRECTION ( 'NONE',  ( -0.5735764363510519326, 0.8191520442889876907, 1.003171929053519816E-16 ) ) ;
#2827 = CARTESIAN_POINT ( 'NONE',  ( 15.38451387264806769, -8.050387167538645866E-29, 5.000000000000001776 ) ) ;
#2828 = ORIENTED_EDGE ( 'NONE', *, *, #1089, .F. ) ;
#2829 = ORIENTED_EDGE ( 'NONE', *, *, #2058, .F. ) ;
#2830 = ORIENTED_EDGE ( 'NONE', *, *, #415, .T. ) ;
#2831 = CARTESIAN_POINT ( 'NONE',  ( 19.47262898449478286, 5.000000000000005329, 0.0000000000000000000 ) ) ;
#2832 = ORIENTED_EDGE ( 'NONE', *, *, #1940, .F. ) ;
#2833 = VERTEX_POINT ( 'NONE', #2489 ) ;
#2834 = EDGE_CURVE ( 'NONE', #790, #623, #2291, .T. ) ;
#2835 = AXIS2_PLACEMENT_3D ( 'NONE', #2059, #3445, #263 ) ;
#2836 = ORIENTED_EDGE ( 'NONE', *, *, #2800, .T. ) ;
#2837 = DIRECTION ( 'NONE',  ( 0.0000000000000000000, 1.000000000000000000, 0.0000000000000000000 ) ) ;
#2838 = AXIS2_PLACEMENT_3D ( 'NONE', #1951, #1683, #2024 ) ;
#2839 = AXIS2_PLACEMENT_3D ( 'NONE', #1846, #1823, #1865 ) ;
#2840 = DIRECTION ( 'NONE',  ( 0.5735764363510444941, 0.8191520442889929088, 0.0000000000000000000 ) ) ;
#2841 = CONICAL_SURFACE ( 'NONE', #1818, 5.000000000000002665, 0.9599310885968831419 ) ;
#2842 = EDGE_CURVE ( 'NONE', #3234, #877, #3345, .T. ) ;
#2843 = DIRECTION ( 'NONE',  ( 0.0000000000000000000, -1.000000000000000000, 0.0000000000000000000 ) ) ;
#2844 = ORIENTED_EDGE ( 'NONE', *, *, #979, .F. ) ;
#2845 = CARTESIAN_POINT ( 'NONE',  ( 5.000000000000000000, -2.342598717236914485, -4.057499999999998330 ) ) ;
#2846 = ORIENTED_EDGE ( 'NONE', *, *, #1347, .T. ) ;
#2847 = CARTESIAN_POINT ( 'NONE',  ( 15.07977184163763873, -5.000000000000000000, 6.123233995736770227E-16 ) ) ;
#2848 = LINE ( 'NONE', #386, #505 ) ;
#2849 = DIRECTION ( 'NONE',  ( -1.000000000000000000, -1.224606353822377258E-16, -0.0000000000000000000 ) ) ;
#2850 = AXIS2_PLACEMENT_3D ( 'NONE', #2361, #1830, #2376 ) ;
#2851 = CARTESIAN_POINT ( 'NONE',  ( 27.67857142857142705, 4.172000000000004150, 5.109226446042759579E-16 ) ) ;
#2852 = ORIENTED_EDGE ( 'NONE', *, *, #536, .T. ) ;
#2853 = DIRECTION ( 'NONE',  ( -1.000000000000000000, -1.224606353822377258E-16, -0.0000000000000000000 ) ) ;
#2854 = VECTOR ( 'NONE', #1429, 1000.000000000000000 ) ;
#2855 = ADVANCED_FACE ( 'NONE', ( #1686 ), #1142, .T. ) ;
#2856 = ADVANCED_FACE ( 'NONE', ( #861 ), #794, .T. ) ;
#2857 = DIRECTION ( 'NONE',  ( 0.0000000000000000000, -1.000000000000000000, 0.0000000000000000000 ) ) ;
#2858 = EDGE_CURVE ( 'NONE', #2280, #2942, #1439, .T. ) ;
#2859 = AXIS2_PLACEMENT_3D ( 'NONE', #1776, #1802, #1812 ) ;
#2860 = LINE ( 'NONE', #142, #2121 ) ;
#2861 = ORIENTED_EDGE ( 'NONE', *, *, #1514, .T. ) ;
#2862 = CARTESIAN_POINT ( 'NONE',  ( 15.07977184163763873, 5.000000000000005329, 0.0000000000000000000 ) ) ;
#2863 = DIRECTION ( 'NONE',  ( -1.000000000000000000, -1.224606353822377258E-16, -0.0000000000000000000 ) ) ;
#2864 = AXIS2_PLACEMENT_3D ( 'NONE', #2950, #1719, #1678 ) ;
#2865 = ORIENTED_EDGE ( 'NONE', *, *, #824, .T. ) ;
#2866 = DIRECTION ( 'NONE',  ( 0.0000000000000000000, 1.000000000000000000, 0.0000000000000000000 ) ) ;
#2867 = ORIENTED_EDGE ( 'NONE', *, *, #3110, .T. ) ;
#2868 = DIRECTION ( 'NONE',  ( 0.0000000000000000000, -1.000000000000000000, 0.0000000000000000000 ) ) ;
#2869 = ORIENTED_EDGE ( 'NONE', *, *, #1829, .T. ) ;
#2870 = ORIENTED_EDGE ( 'NONE', *, *, #1418, .F. ) ;
#2871 = AXIS2_PLACEMENT_3D ( 'NONE', #1590, #1565, #1661 ) ;
#2872 = CARTESIAN_POINT ( 'NONE',  ( -31.74999999999995737, 0.0000000000000000000, 0.0000000000000000000 ) ) ;
#2873 = FACE_OUTER_BOUND ( 'NONE', #1692, .T. ) ;
#2874 = ORIENTED_EDGE ( 'NONE', *, *, #3322, .T. ) ;
#2875 = DIRECTION ( 'NONE',  ( -1.000000000000000000, -0.0000000000000000000, -0.0000000000000000000 ) ) ;
#2876 = ORIENTED_EDGE ( 'NONE', *, *, #1396, .T. ) ;
#2877 = ORIENTED_EDGE ( 'NONE', *, *, #3267, .T. ) ;
#2878 = CARTESIAN_POINT ( 'NONE',  ( -31.74999999999995737, 0.0000000000000000000, 0.0000000000000000000 ) ) ;
#2879 = LINE ( 'NONE', #2119, #2920 ) ;
#2880 = ORIENTED_EDGE ( 'NONE', *, *, #2803, .F. ) ;
#2881 = CARTESIAN_POINT ( 'NONE',  ( 25.32977184163763695, 2.235490958484726577E-15, 0.0000000000000000000 ) ) ;
#2882 = DIRECTION ( 'NONE',  ( 0.0000000000000000000, 0.0000000000000000000, 1.000000000000000000 ) ) ;
#2883 = CARTESIAN_POINT ( 'NONE',  ( 28.56308530121949474, 2.093492502277374743E-15, 0.0000000000000000000 ) ) ;
#2884 = CYLINDRICAL_SURFACE ( 'NONE', #2081, 4.999999999999809930 ) ;
#2885 = ADVANCED_FACE ( 'NONE', ( #1575 ), #2694, .T. ) ;
#2886 = AXIS2_PLACEMENT_3D ( 'NONE', #1550, #2498, #3131 ) ;
#2887 = VERTEX_POINT ( 'NONE', #410 ) ;
#2888 = DIRECTION ( 'NONE',  ( -1.000000000000000000, -1.224606353822377258E-16, -0.0000000000000000000 ) ) ;
#2889 = FACE_OUTER_BOUND ( 'NONE', #2057, .T. ) ;
#2890 = ORIENTED_EDGE ( 'NONE', *, *, #1412, .T. ) ;
#2891 = CARTESIAN_POINT ( 'NONE',  ( 32.07142857142856940, 2.164491730381051252E-15, 0.0000000000000000000 ) ) ;
#2892 = CARTESIAN_POINT ( 'NONE',  ( 5.000000000000000000, 4.685197434473809430, -7.372574772901430151E-15 ) ) ;
#2893 = AXIS2_PLACEMENT_3D ( 'NONE', #64, #3309, #3221 ) ;
#2894 = VERTEX_POINT ( 'NONE', #2929 ) ;
#2895 = CARTESIAN_POINT ( 'NONE',  ( 10.00000000000000178, 0.0000000000000000000, 0.0000000000000000000 ) ) ;
#2896 = CARTESIAN_POINT ( 'NONE',  ( 21.82142857142857295, 4.172000000000004150, 0.0000000000000000000 ) ) ;
#2897 = AXIS2_PLACEMENT_3D ( 'NONE', #2773, #2905, #2802 ) ;
#2898 = EDGE_CURVE ( 'NONE', #1903, #2918, #1959, .T. ) ;
#2899 = VERTEX_POINT ( 'NONE', #2038 ) ;
#2900 = ADVANCED_FACE ( 'NONE', ( #976 ), #3454, .T. ) ;
#2901 = VERTEX_POINT ( 'NONE', #2507 ) ;
#2902 = AXIS2_PLACEMENT_3D ( 'NONE', #914, #2808, #2317 ) ;
#2903 = ORIENTED_EDGE ( 'NONE', *, *, #3166, .F. ) ;
#2904 = ORIENTED_EDGE ( 'NONE', *, *, #1979, .T. ) ;
#2905 = DIRECTION ( 'NONE',  ( -1.000000000000000000, -1.224606353822377258E-16, -0.0000000000000000000 ) ) ;
#2906 = DIRECTION ( 'NONE',  ( -0.0000000000000000000, -0.5000000000000011102, -0.8660254037844380415 ) ) ;
#2907 = ORIENTED_EDGE ( 'NONE', *, *, #1391, .F. ) ;
#2908 = PRODUCT_DEFINITION ( 'UNKNOWN', '', #1594, #532 ) ;
#2909 = EDGE_CURVE ( 'NONE', #2958, #2894, #374, .T. ) ;
#2910 = CYLINDRICAL_SURFACE ( 'NONE', #346, 4.999999999999809930 ) ;
#2911 = ORIENTED_EDGE ( 'NONE', *, *, #1122, .T. ) ;
#2912 = ORIENTED_EDGE ( 'NONE', *, *, #2407, .T. ) ;
#2913 = VERTEX_POINT ( 'NONE', #2197 ) ;
#2914 = PLANE ( 'NONE',  #1529 ) ;
#2915 = DIRECTION ( 'NONE',  ( 0.0000000000000000000, -1.000000000000000000, 0.0000000000000000000 ) ) ;
#2916 = AXIS2_PLACEMENT_3D ( 'NONE', #2891, #3012, #3002 ) ;
#2917 = EDGE_CURVE ( 'NONE', #2958, #2678, #1622, .T. ) ;
#2918 = VERTEX_POINT ( 'NONE', #1434 ) ;
#2919 = CONICAL_SURFACE ( 'NONE', #1175, 5.000000000000002665, 0.9599310885968831419 ) ;
#2920 = VECTOR ( 'NONE', #3292, 1000.000000000000000 ) ;
#2921 = AXIS2_PLACEMENT_3D ( 'NONE', #959, #1037, #1573 ) ;
#2922 = ORIENTED_EDGE ( 'NONE', *, *, #817, .T. ) ;
#2923 = DIRECTION ( 'NONE',  ( -1.000000000000000000, -0.0000000000000000000, -0.0000000000000000000 ) ) ;
#2924 = AXIS2_PLACEMENT_3D ( 'NONE', #2774, #2888, #2200 ) ;
#2925 = CARTESIAN_POINT ( 'NONE',  ( 32.95594244407664064, 2.093492502277374743E-15, 0.0000000000000000000 ) ) ;
#2926 = EDGE_CURVE ( 'NONE', #2678, #2767, #2243, .T. ) ;
#2927 = AXIS2_PLACEMENT_3D ( 'NONE', #396, #2785, #2765 ) ;
#2928 = CARTESIAN_POINT ( 'NONE',  ( 1.500000000000001332, 0.0000000000000000000, 0.0000000000000000000 ) ) ;
#2929 = CARTESIAN_POINT ( 'NONE',  ( 0.0000000000000000000, 4.685197434473809430, -7.372574772901430151E-15 ) ) ;
#2930 = ADVANCED_FACE ( 'NONE', ( #638 ), #578, .T. ) ;
#2931 = AXIS2_PLACEMENT_3D ( 'NONE', #2734, #2768, #1455 ) ;
#2932 = DIRECTION ( 'NONE',  ( -1.000000000000000000, -1.224606353822377258E-16, -0.0000000000000000000 ) ) ;
#2933 = ORIENTED_EDGE ( 'NONE', *, *, #1305, .F. ) ;
#2934 = EDGE_CURVE ( 'NONE', #2767, #1415, #200, .T. ) ;
#2935 = ORIENTED_EDGE ( 'NONE', *, *, #1347, .F. ) ;
#2936 = CARTESIAN_POINT ( 'NONE',  ( 5.000000000000000000, -2.342598717236905159, 4.057500000000001883 ) ) ;
#2937 = ORIENTED_EDGE ( 'NONE', *, *, #1382, .F. ) ;
#2938 = CARTESIAN_POINT ( 'NONE',  ( 29.14285714285714235, -4.172000000000000597, 5.616230220889765396E-16 ) ) ;
#2939 = CARTESIAN_POINT ( 'NONE',  ( -31.74999999999995737, 9.797174393178825657E-16, -8.000000000000000000 ) ) ;
#2940 = ORIENTED_EDGE ( 'NONE', *, *, #1305, .T. ) ;
#2941 = VECTOR ( 'NONE', #2145, 1000.000000000000114 ) ;
#2942 = VERTEX_POINT ( 'NONE', #1640 ) ;
#2943 = UNCERTAINTY_MEASURE_WITH_UNIT (LENGTH_MEASURE( 1.000000000000000082E-05 ), #311, 'distance_accuracy_value', 'NONE');
#2944 = VERTEX_POINT ( 'NONE', #1877 ) ;
#2945 = CARTESIAN_POINT ( 'NONE',  ( -31.74999999999995737, 0.0000000000000000000, 4.999999999999809930 ) ) ;
#2946 = AXIS2_PLACEMENT_3D ( 'NONE', #1237, #1273, #1274 ) ;
#2947 = AXIS2_PLACEMENT_3D ( 'NONE', #883, #896, #941 ) ;
#2948 = FACE_OUTER_BOUND ( 'NONE', #2140, .T. ) ;
#2949 = ORIENTED_EDGE ( 'NONE', *, *, #1829, .F. ) ;
#2950 = CARTESIAN_POINT ( 'NONE',  ( 32.95594244407664064, 2.093492502277374743E-15, 0.0000000000000000000 ) ) ;
#2951 = CARTESIAN_POINT ( 'NONE',  ( -31.74999999999995737, 0.0000000000000000000, 0.0000000000000000000 ) ) ;
#2952 = DIRECTION ( 'NONE',  ( 0.0000000000000000000, -1.000000000000000000, 0.0000000000000000000 ) ) ;
#2953 = DIRECTION ( 'NONE',  ( 1.000000000000000000, 0.0000000000000000000, 0.0000000000000000000 ) ) ;
#2954 = CARTESIAN_POINT ( 'NONE',  ( 18.31308530121949474, 2.093492502277374743E-15, 0.0000000000000000000 ) ) ;
#2955 = ORIENTED_EDGE ( 'NONE', *, *, #1695, .F. ) ;
#2956 = EDGE_CURVE ( 'NONE', #1262, #2767, #2668, .T. ) ;
#2957 = DIRECTION ( 'NONE',  ( -1.000000000000000000, -0.0000000000000000000, -0.0000000000000000000 ) ) ;
#2958 = VERTEX_POINT ( 'NONE', #1607 ) ;
#2959 = CARTESIAN_POINT ( 'NONE',  ( 18.89285714285714235, -4.172000000000000597, 5.616230220889765396E-16 ) ) ;
#2960 = VERTEX_POINT ( 'NONE', #3177 ) ;
#2961 = EDGE_CURVE ( 'NONE', #2056, #1262, #1343, .T. ) ;
#2962 = DIRECTION ( 'NONE',  ( -1.000000000000000000, -1.224606353822377258E-16, -0.0000000000000000000 ) ) ;
#2963 = VERTEX_POINT ( 'NONE', #1378 ) ;
#2964 = CIRCLE ( 'NONE', #964, 5.000000000000001776 ) ;
#2965 = EDGE_CURVE ( 'NONE', #2056, #2518, #208, .T. ) ;
#2966 = ORIENTED_EDGE ( 'NONE', *, *, #312, .T. ) ;
#2967 = ORIENTED_EDGE ( 'NONE', *, *, #619, .T. ) ;
#2968 = AXIS2_PLACEMENT_3D ( 'NONE', #2564, #216, #1842 ) ;
#2969 = DIRECTION ( 'NONE',  ( -1.000000000000000000, -0.0000000000000000000, -0.0000000000000000000 ) ) ;
#2970 = DIRECTION ( 'NONE',  ( -1.000000000000000000, -0.0000000000000000000, -0.0000000000000000000 ) ) ;
#2971 = ORIENTED_EDGE ( 'NONE', *, *, #810, .T. ) ;
#2972 = ADVANCED_FACE ( 'NONE', ( #3436 ), #3316, .T. ) ;
#2973 = EDGE_CURVE ( 'NONE', #2056, #2737, #871, .T. ) ;
#2974 = ADVANCED_FACE ( 'NONE', ( #2531 ), #750, .T. ) ;
#2975 = ORIENTED_EDGE ( 'NONE', *, *, #774, .T. ) ;
#2976 = CARTESIAN_POINT ( 'NONE',  ( 26.79405755592335225, 5.000000000000005329, 0.0000000000000000000 ) ) ;
#2977 = EDGE_LOOP ( 'NONE', ( #1652, #1687, #1630, #1667, #1601 ) ) ;
#2978 = DIRECTION ( 'NONE',  ( 0.0000000000000000000, 0.0000000000000000000, 1.000000000000000000 ) ) ;
#2979 = DIRECTION ( 'NONE',  ( 0.0000000000000000000, 0.0000000000000000000, 1.000000000000000000 ) ) ;
#2980 = EDGE_CURVE ( 'NONE', #2737, #3048, #154, .T. ) ;
#2981 = ORIENTED_EDGE ( 'NONE', *, *, #401, .F. ) ;
#2982 = CARTESIAN_POINT ( 'NONE',  ( 34.17199999999964888, 0.0000000000000000000, 4.999999999999617195 ) ) ;
#2983 = DIRECTION ( 'NONE',  ( -1.000000000000000000, -1.224606353822377258E-16, -0.0000000000000000000 ) ) ;
#2984 = VECTOR ( 'NONE', #336, 1000.000000000000000 ) ;
#2985 = ORIENTED_EDGE ( 'NONE', *, *, #3300, .F. ) ;
#2986 = EDGE_CURVE ( 'NONE', #3048, #2264, #107, .T. ) ;
#2987 = ORIENTED_EDGE ( 'NONE', *, *, #1294, .F. ) ;
#2988 = CARTESIAN_POINT ( 'NONE',  ( -31.74999999999995737, 6.123233995736533568E-16, -4.999999999999809930 ) ) ;
#2989 = CARTESIAN_POINT ( 'NONE',  ( 26.79405755592335225, 6.123233995735909382E-16, -5.000000000000001776 ) ) ;
#2990 = ORIENTED_EDGE ( 'NONE', *, *, #1341, .T. ) ;
#2991 = CONICAL_SURFACE ( 'NONE', #3438, 5.000000000000002665, 0.9599310885968831419 ) ;
#2992 = ORIENTED_EDGE ( 'NONE', *, *, #1266, .F. ) ;
#2993 = EDGE_CURVE ( 'NONE', #3048, #2602, #2216, .T. ) ;
#2994 = VERTEX_POINT ( 'NONE', #53 ) ;
#2995 = CARTESIAN_POINT ( 'NONE',  ( 27.09879958693377944, 2.093492502277374743E-15, 0.0000000000000000000 ) ) ;
#2996 = ADVANCED_FACE ( 'NONE', ( #2764, #874 ), #366, .T. ) ;
#2997 = ORIENTED_EDGE ( 'NONE', *, *, #890, .F. ) ;
#2998 = EDGE_CURVE ( 'NONE', #2602, #2913, #1961, .T. ) ;
#2999 = CARTESIAN_POINT ( 'NONE',  ( 5.000000000000000000, 0.0000000000000000000, 0.0000000000000000000 ) ) ;
#3000 = DIRECTION ( 'NONE',  ( -1.000000000000000000, -1.224606353822377258E-16, -0.0000000000000000000 ) ) ;
#3001 = ORIENTED_EDGE ( 'NONE', *, *, #1185, .F. ) ;
#3002 = DIRECTION ( 'NONE',  ( 0.0000000000000000000, -1.000000000000000000, 0.0000000000000000000 ) ) ;
#3003 = DIRECTION ( 'NONE',  ( -1.000000000000000000, -1.224606353822377258E-16, -0.0000000000000000000 ) ) ;
#3004 = ORIENTED_EDGE ( 'NONE', *, *, #558, .F. ) ;
#3005 = DIRECTION ( 'NONE',  ( 0.0000000000000000000, -1.000000000000000000, 0.0000000000000000000 ) ) ;
#3006 = CARTESIAN_POINT ( 'NONE',  ( 15.38451387264806769, 2.093492502277374743E-15, 0.0000000000000000000 ) ) ;
#3007 = ORIENTED_EDGE ( 'NONE', *, *, #2800, .F. ) ;
#3008 = CIRCLE ( 'NONE', #963, 5.000000000000001776 ) ;
#3009 = VERTEX_POINT ( 'NONE', #278 ) ;
#3010 = ORIENTED_EDGE ( 'NONE', *, *, #966, .T. ) ;
#3011 = AXIS2_PLACEMENT_3D ( 'NONE', #2492, #2369, #763 ) ;
#3012 = DIRECTION ( 'NONE',  ( -1.000000000000000000, -1.224606353822377258E-16, -0.0000000000000000000 ) ) ;
#3013 = ORIENTED_EDGE ( 'NONE', *, *, #122, .F. ) ;
#3014 = DIRECTION ( 'NONE',  ( 0.0000000000000000000, -1.224646799147353454E-16, 1.000000000000000000 ) ) ;
#3015 = ADVANCED_FACE ( 'NONE', ( #756 ), #3465, .T. ) ;
#3016 = DIRECTION ( 'NONE',  ( -1.000000000000000000, -0.0000000000000000000, -0.0000000000000000000 ) ) ;
#3017 = VECTOR ( 'NONE', #1864, 1000.000000000000000 ) ;
#3018 = FACE_OUTER_BOUND ( 'NONE', #1001, .T. ) ;
#3019 = CARTESIAN_POINT ( 'NONE',  ( 23.28571428571428470, -4.172000000000000597, 0.0000000000000000000 ) ) ;
#3020 = DIRECTION ( 'NONE',  ( -0.5735764363510519326, 0.8191520442889876907, 1.003171929053519816E-16 ) ) ;
#3021 = FACE_OUTER_BOUND ( 'NONE', #3451, .T. ) ;
#3022 = CARTESIAN_POINT ( 'NONE',  ( 30.02737101550520649, -8.050387167538645866E-29, 5.000000000000001776 ) ) ;
#3023 = ADVANCED_FACE ( 'NONE', ( #468 ), #327, .T. ) ;
#3024 = ORIENTED_EDGE ( 'NONE', *, *, #1663, .F. ) ;
#3025 = LINE ( 'NONE', #1920, #918 ) ;
#3026 = DIRECTION ( 'NONE',  ( 0.5735764363510444941, 0.8191520442889929088, 0.0000000000000000000 ) ) ;
#3027 = AXIS2_PLACEMENT_3D ( 'NONE', #3133, #612, #3178 ) ;
#3028 = AXIS2_PLACEMENT_3D ( 'NONE', #1022, #3176, #465 ) ;
#3029 = EDGE_CURVE ( 'NONE', #2913, #1765, #3319, .T. ) ;
#3030 = EDGE_CURVE ( 'NONE', #1855, #2799, #585, .T. ) ;
#3031 = LINE ( 'NONE', #3063, #385 ) ;
#3032 = CARTESIAN_POINT ( 'NONE',  ( 28.56308530121949474, 2.093492502277374743E-15, 0.0000000000000000000 ) ) ;
#3033 = DIRECTION ( 'NONE',  ( 0.0000000000000000000, -1.000000000000000000, 0.0000000000000000000 ) ) ;
#3034 = ORIENTED_EDGE ( 'NONE', *, *, #2616, .T. ) ;
#3035 = LINE ( 'NONE', #2234, #1596 ) ;
#3036 = VERTEX_POINT ( 'NONE', #2989 ) ;
#3037 = PLANE ( 'NONE',  #1722 ) ;
#3038 = VECTOR ( 'NONE', #3075, 1000.000000000000000 ) ;
#3039 = EDGE_CURVE ( 'NONE', #2958, #3444, #836, .T. ) ;
#3040 = DIRECTION ( 'NONE',  ( -1.000000000000000000, -1.224606353822377258E-16, -0.0000000000000000000 ) ) ;
#3041 = VERTEX_POINT ( 'NONE', #808 ) ;
#3042 = EDGE_CURVE ( 'NONE', #937, #2913, #1587, .T. ) ;
#3043 = VECTOR ( 'NONE', #3288, 1000.000000000000000 ) ;
#3044 = ORIENTED_EDGE ( 'NONE', *, *, #312, .F. ) ;
#3045 = CARTESIAN_POINT ( 'NONE',  ( 5.000000000000000000, 4.685197434473809430, -7.372574772901430151E-15 ) ) ;
#3046 = ORIENTED_EDGE ( 'NONE', *, *, #1124, .T. ) ;
#3047 = EDGE_CURVE ( 'NONE', #1726, #937, #456, .T. ) ;
#3048 = VERTEX_POINT ( 'NONE', #2177 ) ;
#3049 = EDGE_CURVE ( 'NONE', #1726, #1363, #169, .T. ) ;
#3050 = DIRECTION ( 'NONE',  ( 0.0000000000000000000, 0.4999999999999989453, -0.8660254037844391517 ) ) ;
#3051 = ORIENTED_EDGE ( 'NONE', *, *, #2741, .F. ) ;
#3052 = CARTESIAN_POINT ( 'NONE',  ( 5.000000000000000000, -3.513898075855360403, 2.028750000000005826 ) ) ;
#3053 = CARTESIAN_POINT ( 'NONE',  ( 22.40120041306620990, 2.235490958484726577E-15, 0.0000000000000000000 ) ) ;
#3054 = EDGE_CURVE ( 'NONE', #3444, #1726, #3203, .T. ) ;
#3055 = ORIENTED_EDGE ( 'NONE', *, *, #3106, .T. ) ;
#3056 = ORIENTED_EDGE ( 'NONE', *, *, #2099, .T. ) ;
#3057 = CARTESIAN_POINT ( 'NONE',  ( 28.25834327020906755, 5.000000000000005329, 0.0000000000000000000 ) ) ;
#3058 = ADVANCED_FACE ( 'NONE', ( #1451 ), #734, .T. ) ;
#3059 = CARTESIAN_POINT ( 'NONE',  ( 20.93691469878049460, -8.589647551967071905E-29, 5.000000000000001776 ) ) ;
#3060 = CARTESIAN_POINT ( 'NONE',  ( 21.24165672979092179, 2.093492502277374743E-15, 0.0000000000000000000 ) ) ;
#3061 = VERTEX_POINT ( 'NONE', #3378 ) ;
#3062 = DIRECTION ( 'NONE',  ( -1.000000000000000000, -0.0000000000000000000, -0.0000000000000000000 ) ) ;
#3063 = CARTESIAN_POINT ( 'NONE',  ( 28.25834327020906755, -5.000000000000000000, 6.123233995736770227E-16 ) ) ;
#3064 = DIRECTION ( 'NONE',  ( 0.0000000000000000000, 0.0000000000000000000, 1.000000000000000000 ) ) ;
#3065 = ORIENTED_EDGE ( 'NONE', *, *, #2980, .F. ) ;
#3066 = CARTESIAN_POINT ( 'NONE',  ( 23.28571428571428470, 4.172000000000004150, 5.109226446042759579E-16 ) ) ;
#3067 = ORIENTED_EDGE ( 'NONE', *, *, #2377, .F. ) ;
#3068 = CARTESIAN_POINT ( 'NONE',  ( 15.38451387264806769, 2.093492502277374743E-15, 0.0000000000000000000 ) ) ;
#3069 = ORIENTED_EDGE ( 'NONE', *, *, #2834, .F. ) ;
#3070 = EDGE_CURVE ( 'NONE', #1262, #2678, #56, .T. ) ;
#3071 = FACE_OUTER_BOUND ( 'NONE', #2053, .T. ) ;
#3072 = DIRECTION ( 'NONE',  ( -1.000000000000000000, -1.224606353822377258E-16, -0.0000000000000000000 ) ) ;
#3073 = DIRECTION ( 'NONE',  ( 0.0000000000000000000, -1.000000000000000000, 0.0000000000000000000 ) ) ;
#3074 = CARTESIAN_POINT ( 'NONE',  ( 18.89285714285714235, 4.172000000000004150, 0.0000000000000000000 ) ) ;
#3075 = DIRECTION ( 'NONE',  ( 0.5735764363510447161, -0.8191520442889927978, 1.003171929053526103E-16 ) ) ;
#3076 = VERTEX_POINT ( 'NONE', #94 ) ;
#3077 = VERTEX_POINT ( 'NONE', #2700 ) ;
#3078 = EDGE_CURVE ( 'NONE', #2678, #3444, #680, .T. ) ;
#3079 = ADVANCED_FACE ( 'NONE', ( #2889 ), #1887, .F. ) ;
#3080 = ORIENTED_EDGE ( 'NONE', *, *, #2813, .F. ) ;
#3081 = CARTESIAN_POINT ( 'NONE',  ( 29.72262898449477930, 2.235490958484726577E-15, 0.0000000000000000000 ) ) ;
#3082 = LINE ( 'NONE', #3154, #1339 ) ;
#3083 = ORIENTED_EDGE ( 'NONE', *, *, #2370, .T. ) ;
#3084 = EDGE_CURVE ( 'NONE', #3444, #937, #2034, .T. ) ;
#3085 = CONICAL_SURFACE ( 'NONE', #1335, 5.000000000000002665, 0.9599310885968831419 ) ;
#3086 = DIRECTION ( 'NONE',  ( 1.000000000000000000, 1.224606353822377258E-16, 0.0000000000000000000 ) ) ;
#3087 = ORIENTED_EDGE ( 'NONE', *, *, #3070, .T. ) ;
#3088 = CIRCLE ( 'NONE', #432, 4.172000000000002373 ) ;
#3089 = ORIENTED_EDGE ( 'NONE', *, *, #3047, .F. ) ;
#3090 = DIRECTION ( 'NONE',  ( 0.0000000000000000000, -1.000000000000000000, 0.0000000000000000000 ) ) ;
#3091 = ORIENTED_EDGE ( 'NONE', *, *, #1546, .T. ) ;
#3092 = CARTESIAN_POINT ( 'NONE',  ( 15.07977184163763873, 2.235490958484726577E-15, 0.0000000000000000000 ) ) ;
#3093 = ORIENTED_EDGE ( 'NONE', *, *, #309, .T. ) ;
#3094 = EDGE_CURVE ( 'NONE', #1315, #1321, #1817, .T. ) ;
#3095 = EDGE_CURVE ( 'NONE', #893, #21, #95, .T. ) ;
#3096 = DIRECTION ( 'NONE',  ( 0.0000000000000000000, -1.000000000000000000, 0.0000000000000000000 ) ) ;
#3097 = CARTESIAN_POINT ( 'NONE',  ( 19.47262898449478286, 5.000000000000004441, 0.0000000000000000000 ) ) ;
#3098 = DIRECTION ( 'NONE',  ( -0.0000000000000000000, -1.000000000000000000, 1.110768649713241713E-15 ) ) ;
#3099 = CONICAL_SURFACE ( 'NONE', #1988, 4.172000000000002373, 0.9599310885968742602 ) ;
#3100 = VERTEX_POINT ( 'NONE', #936 ) ;
#3101 = FACE_OUTER_BOUND ( 'NONE', #2118, .T. ) ;
#3102 = PRODUCT ( 'M10X25', 'M10X25', '', ( #1387 ) ) ;
#3103 = CARTESIAN_POINT ( 'NONE',  ( 5.000000000000000000, -2.342598717236905159, 4.057500000000001883 ) ) ;
#3104 = CARTESIAN_POINT ( 'NONE',  ( 29.14285714285714235, 2.164491730381051252E-15, 0.0000000000000000000 ) ) ;
#3105 = VECTOR ( 'NONE', #455, 1000.000000000000000 ) ;
#3106 = EDGE_CURVE ( 'NONE', #2642, #2275, #944, .T. ) ;
#3107 = CARTESIAN_POINT ( 'NONE',  ( 22.70594244407663709, 5.000000000000004441, 6.123233995736770227E-16 ) ) ;
#3108 = DIRECTION ( 'NONE',  ( 0.5735764363510444941, 0.8191520442889929088, 0.0000000000000000000 ) ) ;
#3109 = ORIENTED_EDGE ( 'NONE', *, *, #2115, .T. ) ;
#3110 = EDGE_CURVE ( 'NONE', #3212, #3076, #2029, .T. ) ;
#3111 = CARTESIAN_POINT ( 'NONE',  ( 0.0000000000000000000, 0.0000000000000000000, 0.0000000000000000000 ) ) ;
#3112 = VERTEX_POINT ( 'NONE', #2415 ) ;
#3113 = ORIENTED_EDGE ( 'NONE', *, *, #864, .F. ) ;
#3114 = ADVANCED_FACE ( 'NONE', ( #2543 ), #2425, .T. ) ;
#3115 = VERTEX_POINT ( 'NONE', #3276 ) ;
#3116 = DIRECTION ( 'NONE',  ( -1.000000000000000000, -1.224606353822377258E-16, -0.0000000000000000000 ) ) ;
#3117 = DIRECTION ( 'NONE',  ( 0.0000000000000000000, -1.000000000000000000, 0.0000000000000000000 ) ) ;
#3118 = ADVANCED_FACE ( 'NONE', ( #1613 ), #3265, .F. ) ;
#3119 = CARTESIAN_POINT ( 'NONE',  ( 31.18691469878049460, 6.123233995735905438E-16, -5.000000000000001776 ) ) ;
#3120 = CARTESIAN_POINT ( 'NONE',  ( -0.0000000000000000000, -4.685197434473816536, 4.770489558936219510E-15 ) ) ;
#3121 = ORIENTED_EDGE ( 'NONE', *, *, #3447, .F. ) ;
#3122 = ORIENTED_EDGE ( 'NONE', *, *, #3084, .F. ) ;
#3123 = CARTESIAN_POINT ( 'NONE',  ( -31.74999999999995737, 0.0000000000000000000, 4.999999999999809930 ) ) ;
#3124 = CARTESIAN_POINT ( 'NONE',  ( 5.000000000000000000, 4.685197434473809430, -7.372574772901430151E-15 ) ) ;
#3125 = DIRECTION ( 'NONE',  ( 0.0000000000000000000, 1.000000000000000000, 0.0000000000000000000 ) ) ;
#3126 = CYLINDRICAL_SURFACE ( 'NONE', #2020, 4.999999999999809930 ) ;
#3127 = ADVANCED_FACE ( 'NONE', ( #3018 ), #1101, .T. ) ;
#3128 = AXIS2_PLACEMENT_3D ( 'NONE', #540, #2983, #2559 ) ;
#3129 = ORIENTED_EDGE ( 'NONE', *, *, #273, .T. ) ;
#3130 = FACE_OUTER_BOUND ( 'NONE', #2284, .T. ) ;
#3131 = DIRECTION ( 'NONE',  ( 0.0000000000000000000, -1.000000000000000000, 0.0000000000000000000 ) ) ;
#3132 = CARTESIAN_POINT ( 'NONE',  ( 19.77737101550521004, 2.093492502277374743E-15, 0.0000000000000000000 ) ) ;
#3133 = CARTESIAN_POINT ( 'NONE',  ( 30.02737101550520649, 2.093492502277374743E-15, 0.0000000000000000000 ) ) ;
#3134 = ORIENTED_EDGE ( 'NONE', *, *, #3312, .F. ) ;
#3135 = UNCERTAINTY_MEASURE_WITH_UNIT (LENGTH_MEASURE( 1.000000000000000082E-05 ), #35, 'distance_accuracy_value', 'NONE');
#3136 = EDGE_LOOP ( 'NONE', ( #3439, #3468, #2861, #2985, #1751 ) ) ;
#3137 = FACE_OUTER_BOUND ( 'NONE', #760, .T. ) ;
#3138 = EDGE_CURVE ( 'NONE', #398, #2784, #2964, .T. ) ;
#3139 = CARTESIAN_POINT ( 'NONE',  ( 1.500000000000001332, 0.0000000000000000000, 8.000000000000000000 ) ) ;
#3140 = AXIS2_PLACEMENT_3D ( 'NONE', #1618, #1030, #1457 ) ;
#3141 = VERTEX_POINT ( 'NONE', #2675 ) ;
#3142 = ORIENTED_EDGE ( 'NONE', *, *, #905, .F. ) ;
#3143 = DIRECTION ( 'NONE',  ( -1.000000000000000000, -1.224606353822377258E-16, -0.0000000000000000000 ) ) ;
#3144 = ORIENTED_EDGE ( 'NONE', *, *, #2786, .T. ) ;
#3145 = CARTESIAN_POINT ( 'NONE',  ( 34.11548612735192165, 6.123233995735909382E-16, -5.000000000000001776 ) ) ;
#3146 = EDGE_CURVE ( 'NONE', #1500, #2646, #2129, .T. ) ;
#3147 = CARTESIAN_POINT ( 'NONE',  ( 5.000000000000000000, 0.0000000000000000000, 0.0000000000000000000 ) ) ;
#3148 = ADVANCED_FACE ( 'NONE', ( #1755 ), #2884, .T. ) ;
#3149 = ORIENTED_EDGE ( 'NONE', *, *, #1496, .F. ) ;
#3150 = CARTESIAN_POINT ( 'NONE',  ( 5.000000000000000000, 2.342598717236898498, -4.057500000000003659 ) ) ;
#3151 = VERTEX_POINT ( 'NONE', #2101 ) ;
#3152 = ORIENTED_EDGE ( 'NONE', *, *, #2909, .T. ) ;
#3153 = DIRECTION ( 'NONE',  ( -1.000000000000000000, -1.224606353822377258E-16, -0.0000000000000000000 ) ) ;
#3154 = CARTESIAN_POINT ( 'NONE',  ( 0.0000000000000000000, -2.342598717236905159, 4.057500000000001883 ) ) ;
#3155 = EDGE_CURVE ( 'NONE', #193, #2027, #2015, .T. ) ;
#3156 = DIRECTION ( 'NONE',  ( 0.0000000000000000000, -1.000000000000000000, 0.0000000000000000000 ) ) ;
#3157 = LINE ( 'NONE', #2945, #674 ) ;
#3158 = FACE_OUTER_BOUND ( 'NONE', #2018, .T. ) ;
#3159 = UNCERTAINTY_MEASURE_WITH_UNIT (LENGTH_MEASURE( 1.000000000000000082E-05 ), #1659, 'distance_accuracy_value', 'NONE');
#3160 = COLOUR_RGB ( '',0.7764705882352941346, 0.7568627450980391913, 0.7372549019607843590 ) ;
#3161 = ORIENTED_EDGE ( 'NONE', *, *, #3146, .T. ) ;
#3162 = CIRCLE ( 'NONE', #1621, 5.000000000000001776 ) ;
#3163 = DIRECTION ( 'NONE',  ( 0.5735764363510447161, -0.8191520442889927978, 1.003171929053526103E-16 ) ) ;
#3164 = VERTEX_POINT ( 'NONE', #3297 ) ;
#3165 = ADVANCED_FACE ( 'NONE', ( #303 ), #3287, .T. ) ;
#3166 = EDGE_CURVE ( 'NONE', #1895, #3164, #2448, .T. ) ;
#3167 = FACE_OUTER_BOUND ( 'NONE', #2155, .T. ) ;
#3168 = ORIENTED_EDGE ( 'NONE', *, *, #3029, .F. ) ;
#3169 = CARTESIAN_POINT ( 'NONE',  ( 32.65120041306621346, 6.123233995735909382E-16, -5.000000000000001776 ) ) ;
#3170 = DIRECTION ( 'NONE',  ( -1.000000000000000000, -0.0000000000000000000, -0.0000000000000000000 ) ) ;
#3171 = DIRECTION ( 'NONE',  ( 0.0000000000000000000, 0.0000000000000000000, 1.000000000000000000 ) ) ;
#3172 = ORIENTED_EDGE ( 'NONE', *, *, #810, .F. ) ;
#3173 = EDGE_CURVE ( 'NONE', #1775, #2960, #2641, .T. ) ;
#3174 = ORIENTED_EDGE ( 'NONE', *, *, #720, .F. ) ;
#3175 = ORIENTED_EDGE ( 'NONE', *, *, #1643, .F. ) ;
#3176 = DIRECTION ( 'NONE',  ( -1.000000000000000000, -1.224606353822377258E-16, -0.0000000000000000000 ) ) ;
#3177 = CARTESIAN_POINT ( 'NONE',  ( 17.42857142857142705, -4.172000000000000597, 5.616230220889765396E-16 ) ) ;
#3178 = DIRECTION ( 'NONE',  ( 0.0000000000000000000, -1.000000000000000000, 0.0000000000000000000 ) ) ;
#3179 = ADVANCED_FACE ( 'NONE', ( #1487 ), #1552, .T. ) ;
#3180 = EDGE_CURVE ( 'NONE', #2396, #1359, #2293, .T. ) ;
#3181 = AXIS2_PLACEMENT_3D ( 'NONE', #2427, #1157, #1932 ) ;
#3182 = VECTOR ( 'NONE', #2513, 1000.000000000000000 ) ;
#3183 = CARTESIAN_POINT ( 'NONE',  ( 31.49165672979092179, 2.093492502277374743E-15, 0.0000000000000000000 ) ) ;
#3184 = EDGE_CURVE ( 'NONE', #171, #414, #2405, .T. ) ;
#3185 = DIRECTION ( 'NONE',  ( 0.0000000000000000000, -1.000000000000000000, 0.0000000000000000000 ) ) ;
#3186 = LINE ( 'NONE', #2467, #2184 ) ;
#3187 = ORIENTED_EDGE ( 'NONE', *, *, #1185, .T. ) ;
#3188 = ADVANCED_FACE ( 'NONE', ( #1987 ), #1760, .T. ) ;
#3189 = CARTESIAN_POINT ( 'NONE',  ( 27.67857142857142705, 2.164491730381051252E-15, 0.0000000000000000000 ) ) ;
#3190 = ORIENTED_EDGE ( 'NONE', *, *, #979, .T. ) ;
#3191 = DIRECTION ( 'NONE',  ( -1.000000000000000000, -1.224606353822377258E-16, -0.0000000000000000000 ) ) ;
#3192 = CONICAL_SURFACE ( 'NONE', #1084, 4.172000000000002373, 0.9599310885968742602 ) ;
#3193 = ORIENTED_EDGE ( 'NONE', *, *, #558, .T. ) ;
#3194 = DIRECTION ( 'NONE',  ( 1.000000000000000000, 1.224606353822377258E-16, 0.0000000000000000000 ) ) ;
#3195 = CONICAL_SURFACE ( 'NONE', #1764, 5.000000000000002665, 0.9599310885968831419 ) ;
#3196 = ORIENTED_EDGE ( 'NONE', *, *, #2085, .T. ) ;
#3197 = ADVANCED_FACE ( 'NONE', ( #765 ), #3469, .F. ) ;
#3198 = VERTEX_POINT ( 'NONE', #3119 ) ;
#3199 = DIRECTION ( 'NONE',  ( 1.000000000000000000, 0.0000000000000000000, -0.0000000000000000000 ) ) ;
#3200 = CARTESIAN_POINT ( 'NONE',  ( -31.74999999999995737, 0.0000000000000000000, 0.0000000000000000000 ) ) ;
#3201 = PRESENTATION_STYLE_ASSIGNMENT (( #384 ) ) ;
#3202 = ORIENTED_EDGE ( 'NONE', *, *, #1096, .F. ) ;
#3203 = LINE ( 'NONE', #2172, #1115 ) ;
#3204 = DIRECTION ( 'NONE',  ( -1.000000000000000000, -1.224606353822377258E-16, -0.0000000000000000000 ) ) ;
#3205 = DIRECTION ( 'NONE',  ( 0.5735764363510444941, 0.8191520442889929088, 0.0000000000000000000 ) ) ;
#3206 = CARTESIAN_POINT ( 'NONE',  ( 24.17022815836235239, 6.123233995735964602E-16, -5.000000000000001776 ) ) ;
#3207 = CARTESIAN_POINT ( 'NONE',  ( 34.11548612735192165, 2.235490958484726577E-15, 0.0000000000000000000 ) ) ;
#3208 = VERTEX_POINT ( 'NONE', #1086 ) ;
#3209 = DIRECTION ( 'NONE',  ( 0.0000000000000000000, -1.000000000000000000, 0.0000000000000000000 ) ) ;
#3210 = EDGE_CURVE ( 'NONE', #2214, #2693, #442, .T. ) ;
#3211 = DIRECTION ( 'NONE',  ( -1.000000000000000000, -0.0000000000000000000, -0.0000000000000000000 ) ) ;
#3212 = VERTEX_POINT ( 'NONE', #2896 ) ;
#3213 = DIRECTION ( 'NONE',  ( 0.0000000000000000000, -1.000000000000000000, 0.0000000000000000000 ) ) ;
#3214 = VERTEX_POINT ( 'NONE', #1654 ) ;
#3215 = ADVANCED_FACE ( 'NONE', ( #215 ), #2991, .T. ) ;
#3216 = CIRCLE ( 'NONE', #1281, 5.000000000000002665 ) ;
#3217 = EDGE_CURVE ( 'NONE', #821, #2799, #428, .T. ) ;
#3218 = DIRECTION ( 'NONE',  ( -1.000000000000000000, -0.0000000000000000000, -0.0000000000000000000 ) ) ;
#3219 = ORIENTED_EDGE ( 'NONE', *, *, #2446, .F. ) ;
#3220 = CARTESIAN_POINT ( 'NONE',  ( 29.72262898449477930, 2.235490958484726577E-15, 0.0000000000000000000 ) ) ;
#3221 = DIRECTION ( 'NONE',  ( 0.0000000000000000000, -1.000000000000000000, 0.0000000000000000000 ) ) ;
#3222 = CONICAL_SURFACE ( 'NONE', #692, 4.171999999999999709, 0.7853981633970026355 ) ;
#3223 = ADVANCED_FACE ( 'NONE', ( #2638 ), #2910, .T. ) ;
#3224 = ORIENTED_EDGE ( 'NONE', *, *, #1168, .T. ) ;
#3225 = CARTESIAN_POINT ( 'NONE',  ( 1.500000000000001332, 0.0000000000000000000, 0.0000000000000000000 ) ) ;
#3226 = DIRECTION ( 'NONE',  ( 0.0000000000000000000, 1.000000000000000000, 0.0000000000000000000 ) ) ;
#3227 = EDGE_CURVE ( 'NONE', #2203, #1828, #1198, .T. ) ;
#3228 = ADVANCED_FACE ( 'NONE', ( #3071 ), #3233, .F. ) ;
#3229 = CARTESIAN_POINT ( 'NONE',  ( -31.74999999999995737, 0.0000000000000000000, 0.0000000000000000000 ) ) ;
#3230 = CARTESIAN_POINT ( 'NONE',  ( 25.63451387264806769, 2.093492502277374743E-15, 0.0000000000000000000 ) ) ;
#3231 = ADVANCED_FACE ( 'NONE', ( #2725 ), #3195, .T. ) ;
#3232 = CARTESIAN_POINT ( 'NONE',  ( 0.0000000000000000000, 0.0000000000000000000, 0.0000000000000000000 ) ) ;
#3233 = TOROIDAL_SURFACE ( 'NONE', #2211, 5.399999999999810285, 0.4000000000000000222 ) ;
#3234 = VERTEX_POINT ( 'NONE', #3139 ) ;
#3235 = VERTEX_POINT ( 'NONE', #2817 ) ;
#3236 = DIRECTION ( 'NONE',  ( -0.5735764363510517105, -0.8191520442889879128, 0.0000000000000000000 ) ) ;
#3237 = DIRECTION ( 'NONE',  ( 0.0000000000000000000, -1.000000000000000000, 0.0000000000000000000 ) ) ;
#3238 = CARTESIAN_POINT ( 'NONE',  ( 20.35714285714285765, -4.172000000000000597, 0.0000000000000000000 ) ) ;
#3239 = ADVANCED_FACE ( 'NONE', ( #1981 ), #782, .T. ) ;
#3240 = DIRECTION ( 'NONE',  ( -1.000000000000000000, -0.0000000000000000000, -0.0000000000000000000 ) ) ;
#3241 = EDGE_CURVE ( 'NONE', #1250, #2622, #2818, .T. ) ;
#3242 = ORIENTED_EDGE ( 'NONE', *, *, #281, .T. ) ;
#3243 = VERTEX_POINT ( 'NONE', #3404 ) ;
#3244 = CARTESIAN_POINT ( 'NONE',  ( 13.92022815836235239, 2.093492502277374743E-15, 0.0000000000000000000 ) ) ;
#3245 = VECTOR ( 'NONE', #1125, 1000.000000000000114 ) ;
#3246 = ORIENTED_EDGE ( 'NONE', *, *, #115, .F. ) ;
#3247 = DIRECTION ( 'NONE',  ( -1.000000000000000000, -0.0000000000000000000, -0.0000000000000000000 ) ) ;
#3248 = DIRECTION ( 'NONE',  ( -0.0000000000000000000, 0.0000000000000000000, 1.000000000000000000 ) ) ;
#3249 = EDGE_CURVE ( 'NONE', #743, #2963, #1170, .T. ) ;
#3250 = VERTEX_POINT ( 'NONE', #2755 ) ;
#3251 = DIRECTION ( 'NONE',  ( 0.0000000000000000000, 1.000000000000000000, -1.224646799147353207E-16 ) ) ;
#3252 = CARTESIAN_POINT ( 'NONE',  ( 22.40120041306620990, -8.589647551967071905E-29, 5.000000000000001776 ) ) ;
#3253 = EDGE_CURVE ( 'NONE', #2512, #210, #709, .T. ) ;
#3254 = CONICAL_SURFACE ( 'NONE', #347, 4.172000000000002373, 0.9599310885968742602 ) ;
#3255 = EDGE_CURVE ( 'NONE', #1379, #1448, #1265, .T. ) ;
#3256 = DIRECTION ( 'NONE',  ( -1.000000000000000000, -1.224606353822377258E-16, -0.0000000000000000000 ) ) ;
#3257 = DIRECTION ( 'NONE',  ( 0.0000000000000000000, -1.000000000000000000, 0.0000000000000000000 ) ) ;
#3258 = DIRECTION ( 'NONE',  ( 0.0000000000000000000, 0.0000000000000000000, 1.000000000000000000 ) ) ;
#3259 = CONICAL_SURFACE ( 'NONE', #1656, 5.000000000000002665, 0.9599310885968831419 ) ;
#3260 = EDGE_CURVE ( 'NONE', #2353, #2348, #1215, .T. ) ;
#3261 = CONICAL_SURFACE ( 'NONE', #1403, 5.000000000000002665, 0.9599310885968831419 ) ;
#3262 = DIRECTION ( 'NONE',  ( 1.000000000000000000, 1.224606353822377258E-16, 0.0000000000000000000 ) ) ;
#3263 = DIRECTION ( 'NONE',  ( -1.000000000000000000, -0.0000000000000000000, -0.0000000000000000000 ) ) ;
#3264 = SURFACE_STYLE_FILL_AREA ( #1954 ) ;
#3265 = PLANE ( 'NONE',  #1635 ) ;
#3266 = EDGE_CURVE ( 'NONE', #3243, #3061, #1295, .T. ) ;
#3267 = EDGE_CURVE ( 'NONE', #2009, #2833, #853, .T. ) ;
#3268 = FACE_OUTER_BOUND ( 'NONE', #1331, .T. ) ;
#3269 = ORIENTED_EDGE ( 'NONE', *, *, #2610, .T. ) ;
#3270 = CARTESIAN_POINT ( 'NONE',  ( 32.95594244407664064, -4.999999999999999112, 0.0000000000000000000 ) ) ;
#3271 = DIRECTION ( 'NONE',  ( -1.000000000000000000, -1.224606353822377258E-16, -0.0000000000000000000 ) ) ;
#3272 = VERTEX_POINT ( 'NONE', #2827 ) ;
#3273 = CARTESIAN_POINT ( 'NONE',  ( 28.25834327020906755, 2.235490958484726577E-15, 0.0000000000000000000 ) ) ;
#3274 = ORIENTED_EDGE ( 'NONE', *, *, #817, .F. ) ;
#3275 = EDGE_CURVE ( 'NONE', #1287, #2642, #1712, .T. ) ;
#3276 = CARTESIAN_POINT ( 'NONE',  ( 30.60714285714285410, -4.172000000000000597, 5.616230220889765396E-16 ) ) ;
#3277 = CIRCLE ( 'NONE', #1221, 5.000000000000002665 ) ;
#3278 = ORIENTED_EDGE ( 'NONE', *, *, #2626, .T. ) ;
#3279 = CARTESIAN_POINT ( 'NONE',  ( 16.84879958693377944, -8.011868568650901149E-29, 5.000000000000001776 ) ) ;
#3280 = DIRECTION ( 'NONE',  ( -1.000000000000000000, -0.0000000000000000000, -0.0000000000000000000 ) ) ;
#3281 = DIRECTION ( 'NONE',  ( -1.000000000000000000, -0.0000000000000000000, -0.0000000000000000000 ) ) ;
#3282 = AXIS2_PLACEMENT_3D ( 'NONE', #656, #1469, #2333 ) ;
#3283 = CARTESIAN_POINT ( 'NONE',  ( 25.32977184163763695, 2.235490958484726577E-15, 0.0000000000000000000 ) ) ;
#3284 = FACE_OUTER_BOUND ( 'NONE', #1604, .T. ) ;
#3285 = CONICAL_SURFACE ( 'NONE', #1518, 5.000000000000002665, 0.9599310885968831419 ) ;
#3286 = DIRECTION ( 'NONE',  ( 0.5735764363510444941, 0.8191520442889929088, 0.0000000000000000000 ) ) ;
#3287 = CONICAL_SURFACE ( 'NONE', #1012, 5.000000000000002665, 0.9599310885968831419 ) ;
#3288 = DIRECTION ( 'NONE',  ( -0.5735764363510517105, -0.8191520442889879128, 0.0000000000000000000 ) ) ;
#3289 = CIRCLE ( 'NONE', #134, 6.500000000000000888 ) ;
#3290 = DIRECTION ( 'NONE',  ( 0.0000000000000000000, -1.000000000000000000, 0.0000000000000000000 ) ) ;
#3291 = VECTOR ( 'NONE', #2241, 1000.000000000000000 ) ;
#3292 = DIRECTION ( 'NONE',  ( -1.000000000000000000, -0.0000000000000000000, -0.0000000000000000000 ) ) ;
#3293 = ORIENTED_EDGE ( 'NONE', *, *, #3343, .F. ) ;
#3294 = VERTEX_POINT ( 'NONE', #3169 ) ;
#3295 = CARTESIAN_POINT ( 'NONE',  ( 22.40120041306620990, 2.235490958484726577E-15, 0.0000000000000000000 ) ) ;
#3296 = EDGE_CURVE ( 'NONE', #3212, #2673, #1293, .T. ) ;
#3297 = CARTESIAN_POINT ( 'NONE',  ( 16.84879958693377944, -4.999999999999999112, 0.0000000000000000000 ) ) ;
#3298 = ORIENTED_EDGE ( 'NONE', *, *, #1995, .F. ) ;
#3299 = CIRCLE ( 'NONE', #1479, 4.172000000000002373 ) ;
#3300 = EDGE_CURVE ( 'NONE', #3077, #744, #1600, .T. ) ;
#3301 = VERTEX_POINT ( 'NONE', #47 ) ;
#3302 = DIRECTION ( 'NONE',  ( 0.0000000000000000000, -1.000000000000000000, 0.0000000000000000000 ) ) ;
#3303 = SURFACE_STYLE_FILL_AREA ( #2576 ) ;
#3304 = EDGE_CURVE ( 'NONE', #1674, #3214, #1317, .T. ) ;
#3305 = ORIENTED_EDGE ( 'NONE', *, *, #2842, .F. ) ;
#3306 = DIRECTION ( 'NONE',  ( -1.000000000000000000, -0.0000000000000000000, -0.0000000000000000000 ) ) ;
#3307 = DIRECTION ( 'NONE',  ( 1.000000000000000000, 1.224606353822377258E-16, 0.0000000000000000000 ) ) ;
#3308 = EDGE_CURVE ( 'NONE', #2899, #1855, #679, .T. ) ;
#3309 = DIRECTION ( 'NONE',  ( -1.000000000000000000, -1.224606353822377258E-16, -0.0000000000000000000 ) ) ;
#3310 = ORIENTED_EDGE ( 'NONE', *, *, #2926, .T. ) ;
#3311 = VERTEX_POINT ( 'NONE', #3022 ) ;
#3312 = EDGE_CURVE ( 'NONE', #3396, #352, #739, .T. ) ;
#3313 = ORIENTED_EDGE ( 'NONE', *, *, #2167, .T. ) ;
#3314 = CARTESIAN_POINT ( 'NONE',  ( 18.00834327020906755, -8.589647551967071905E-29, 5.000000000000001776 ) ) ;
#3315 = DIRECTION ( 'NONE',  ( 0.0000000000000000000, -1.000000000000000000, 0.0000000000000000000 ) ) ;
#3316 = CONICAL_SURFACE ( 'NONE', #3128, 4.172000000000002373, 0.9599310885968742602 ) ;
#3317 = AXIS2_PLACEMENT_3D ( 'NONE', #1524, #1110, #1064 ) ;
#3318 = ORIENTED_EDGE ( 'NONE', *, *, #651, .F. ) ;
#3319 = LINE ( 'NONE', #2845, #1591 ) ;
#3320 = ORIENTED_EDGE ( 'NONE', *, *, #1569, .F. ) ;
#3321 = DIRECTION ( 'NONE',  ( -0.0000000000000000000, 0.0000000000000000000, -1.000000000000000000 ) ) ;
#3322 = EDGE_CURVE ( 'NONE', #1748, #352, #1189, .T. ) ;
#3323 = CARTESIAN_POINT ( 'NONE',  ( 16.54405755592335225, 2.235490958484726577E-15, 0.0000000000000000000 ) ) ;
#3324 = DIRECTION ( 'NONE',  ( -1.000000000000000000, -1.224606353822377258E-16, -0.0000000000000000000 ) ) ;
#3325 = DIRECTION ( 'NONE',  ( -1.000000000000000000, -1.224606353822377258E-16, -0.0000000000000000000 ) ) ;
#3326 = ORIENTED_EDGE ( 'NONE', *, *, #2794, .T. ) ;
#3327 = CARTESIAN_POINT ( 'NONE',  ( -31.74999999999995737, 0.0000000000000000000, 4.999999999999809930 ) ) ;
#3328 = CIRCLE ( 'NONE', #2893, 5.000000000000002665 ) ;
#3329 = DIRECTION ( 'NONE',  ( -1.000000000000000000, -1.224606353822377258E-16, -0.0000000000000000000 ) ) ;
#3330 = LINE ( 'NONE', #2039, #3105 ) ;
#3331 = ORIENTED_EDGE ( 'NONE', *, *, #1663, .T. ) ;
#3332 = VERTEX_POINT ( 'NONE', #1851 ) ;
#3333 = DIRECTION ( 'NONE',  ( 0.0000000000000000000, 0.0000000000000000000, 1.000000000000000000 ) ) ;
#3334 = DIRECTION ( 'NONE',  ( -1.000000000000000000, -1.224606353822377258E-16, -0.0000000000000000000 ) ) ;
#3335 = ORIENTED_EDGE ( 'NONE', *, *, #2442, .T. ) ;
#3336 = EDGE_CURVE ( 'NONE', #2901, #2549, #2473, .T. ) ;
#3337 = FACE_OUTER_BOUND ( 'NONE', #1477, .T. ) ;
#3338 = CARTESIAN_POINT ( 'NONE',  ( 15.96428571428571530, 4.172000000000004150, 5.109226446042759579E-16 ) ) ;
#3339 = DIRECTION ( 'NONE',  ( -1.000000000000000000, -1.224606353822377258E-16, -0.0000000000000000000 ) ) ;
#3340 = DIRECTION ( 'NONE',  ( 0.0000000000000000000, 0.0000000000000000000, -1.000000000000000000 ) ) ;
#3341 = DIRECTION ( 'NONE',  ( 0.0000000000000000000, 1.000000000000000000, 0.0000000000000000000 ) ) ;
#3342 = ORIENTED_EDGE ( 'NONE', *, *, #1979, .F. ) ;
#3343 = EDGE_CURVE ( 'NONE', #891, #3462, #1619, .T. ) ;
#3344 = AXIS2_PLACEMENT_3D ( 'NONE', #1195, #1714, #1016 ) ;
#3345 = CIRCLE ( 'NONE', #104, 8.000000000000000000 ) ;
#3346 = ORIENTED_EDGE ( 'NONE', *, *, #1341, .F. ) ;
#3347 = ORIENTED_EDGE ( 'NONE', *, *, #2741, .T. ) ;
#3348 = DIRECTION ( 'NONE',  ( 0.0000000000000000000, -1.000000000000000000, 0.0000000000000000000 ) ) ;
#3349 = DIRECTION ( 'NONE',  ( 0.0000000000000000000, -1.000000000000000000, 0.0000000000000000000 ) ) ;
#3350 = CARTESIAN_POINT ( 'NONE',  ( 0.0000000000000000000, 4.685197434473809430, -7.372574772901430151E-15 ) ) ;
#3351 = CIRCLE ( 'NONE', #277, 8.000000000000000000 ) ;
#3352 = EDGE_CURVE ( 'NONE', #2348, #2353, #547, .T. ) ;
#3353 = DIRECTION ( 'NONE',  ( 0.0000000000000000000, 0.0000000000000000000, 1.000000000000000000 ) ) ;
#3354 = PRESENTATION_STYLE_ASSIGNMENT (( #2790 ) ) ;
#3355 = ORIENTED_EDGE ( 'NONE', *, *, #3110, .F. ) ;
#3356 = AXIS2_PLACEMENT_3D ( 'NONE', #145, #556, #1169 ) ;
#3357 = ORIENTED_EDGE ( 'NONE', *, *, #1391, .T. ) ;
#3358 = DIRECTION ( 'NONE',  ( 0.0000000000000000000, -1.000000000000000000, 0.0000000000000000000 ) ) ;
#3359 = ORIENTED_EDGE ( 'NONE', *, *, #3084, .T. ) ;
#3360 = DIRECTION ( 'NONE',  ( 0.5735764363510447161, -0.8191520442889927978, 1.003171929053526103E-16 ) ) ;
#3361 = DIRECTION ( 'NONE',  ( -1.000000000000000000, -0.0000000000000000000, -0.0000000000000000000 ) ) ;
#3362 = AXIS2_PLACEMENT_3D ( 'NONE', #1107, #3386, #1651 ) ;
#3363 = CARTESIAN_POINT ( 'NONE',  ( 14.50000000000000000, 4.172000000000004150, 0.0000000000000000000 ) ) ;
#3364 = DIRECTION ( 'NONE',  ( 1.000000000000000000, 1.224606353822377258E-16, 0.0000000000000000000 ) ) ;
#3365 = DIRECTION ( 'NONE',  ( -1.000000000000000000, -1.224606353822377258E-16, -0.0000000000000000000 ) ) ;
#3366 = CARTESIAN_POINT ( 'NONE',  ( 0.0000000000000000000, -2.342598717236905159, 4.057500000000001883 ) ) ;
#3367 = DIRECTION ( 'NONE',  ( -1.000000000000000000, -1.224606353822377258E-16, -0.0000000000000000000 ) ) ;
#3368 = CARTESIAN_POINT ( 'NONE',  ( 24.17022815836235239, -4.999999999999999112, 0.0000000000000000000 ) ) ;
#3369 = LINE ( 'NONE', #3350, #2311 ) ;
#3370 = FACE_OUTER_BOUND ( 'NONE', #2171, .T. ) ;
#3371 = CARTESIAN_POINT ( 'NONE',  ( 10.00000000000000178, 0.0000000000000000000, 0.0000000000000000000 ) ) ;
#3372 = ORIENTED_EDGE ( 'NONE', *, *, #1135, .F. ) ;
#3373 = EDGE_CURVE ( 'NONE', #352, #3041, #3328, .T. ) ;
#3374 = DIRECTION ( 'NONE',  ( 0.0000000000000000000, 0.0000000000000000000, 1.000000000000000000 ) ) ;
#3375 = DIRECTION ( 'NONE',  ( 0.0000000000000000000, -1.000000000000000000, 0.0000000000000000000 ) ) ;
#3376 = CARTESIAN_POINT ( 'NONE',  ( 24.17022815836235239, -8.050387167538645866E-29, 5.000000000000001776 ) ) ;
#3377 = ORIENTED_EDGE ( 'NONE', *, *, #2803, .T. ) ;
#3378 = CARTESIAN_POINT ( 'NONE',  ( 20.93691469878049460, -5.000000000000000888, 6.123233995736771213E-16 ) ) ;
#3379 = VERTEX_POINT ( 'NONE', #271 ) ;
#3380 = VECTOR ( 'NONE', #1999, 1000.000000000000000 ) ;
#3381 = ORIENTED_EDGE ( 'NONE', *, *, #1927, .T. ) ;
#3382 = EDGE_CURVE ( 'NONE', #1748, #3384, #569, .T. ) ;
#3383 = DIRECTION ( 'NONE',  ( -1.000000000000000000, -0.0000000000000000000, -0.0000000000000000000 ) ) ;
#3384 = VERTEX_POINT ( 'NONE', #3368 ) ;
#3385 = DIRECTION ( 'NONE',  ( 0.0000000000000000000, 0.0000000000000000000, 1.000000000000000000 ) ) ;
#3386 = DIRECTION ( 'NONE',  ( -1.000000000000000000, -1.224606353822377258E-16, -0.0000000000000000000 ) ) ;
#3387 = ORIENTED_EDGE ( 'NONE', *, *, #3382, .F. ) ;
#3388 = DIRECTION ( 'NONE',  ( -1.000000000000000000, -1.224606353822377258E-16, -0.0000000000000000000 ) ) ;
#3389 = CONICAL_SURFACE ( 'NONE', #199, 4.172000000000002373, 0.9599310885968742602 ) ;
#3390 = ORIENTED_EDGE ( 'NONE', *, *, #845, .T. ) ;
#3391 = CIRCLE ( 'NONE', #575, 6.500000000000000888 ) ;
#3392 = ORIENTED_EDGE ( 'NONE', *, *, #2060, .F. ) ;
#3393 = CARTESIAN_POINT ( 'NONE',  ( 25.32977184163763695, -5.000000000000000888, 6.123233995736771213E-16 ) ) ;
#3394 = SURFACE_STYLE_FILL_AREA ( #2208 ) ;
#3395 = AXIS2_PLACEMENT_3D ( 'NONE', #2460, #2261, #472 ) ;
#3396 = VERTEX_POINT ( 'NONE', #644 ) ;
#3397 = CARTESIAN_POINT ( 'NONE',  ( 29.72262898449477930, -5.000000000000000000, 6.123233995736770227E-16 ) ) ;
#3398 = CARTESIAN_POINT ( 'NONE',  ( 13.92022815836235239, 2.093492502277374743E-15, 0.0000000000000000000 ) ) ;
#3399 = DIRECTION ( 'NONE',  ( 1.000000000000000000, 1.224606353822377258E-16, 0.0000000000000000000 ) ) ;
#3400 = DIRECTION ( 'NONE',  ( 0.0000000000000000000, -1.000000000000000000, 0.0000000000000000000 ) ) ;
#3401 = ORIENTED_EDGE ( 'NONE', *, *, #1412, .F. ) ;
#3402 = LINE ( 'NONE', #1342, #1249 ) ;
#3403 = DIRECTION ( 'NONE',  ( -1.000000000000000000, -0.0000000000000000000, -0.0000000000000000000 ) ) ;
#3404 = CARTESIAN_POINT ( 'NONE',  ( 20.93691469878049460, 6.123233995735909382E-16, -5.000000000000001776 ) ) ;
#3405 = VECTOR ( 'NONE', #666, 1000.000000000000114 ) ;
#3406 = ADVANCED_FACE ( 'NONE', ( #1475 ), #1706, .T. ) ;
#3407 = ORIENTED_EDGE ( 'NONE', *, *, #2796, .T. ) ;
#3408 = DIRECTION ( 'NONE',  ( 0.0000000000000000000, 1.000000000000000000, 0.0000000000000000000 ) ) ;
#3409 = ORIENTED_EDGE ( 'NONE', *, *, #3227, .T. ) ;
#3410 = AXIS2_PLACEMENT_3D ( 'NONE', #2719, #3388, #1333 ) ;
#3411 = EDGE_CURVE ( 'NONE', #3208, #3100, #291, .T. ) ;
#3412 = DIRECTION ( 'NONE',  ( -1.000000000000000000, -1.224606353822377258E-16, -0.0000000000000000000 ) ) ;
#3413 = DIRECTION ( 'NONE',  ( 0.0000000000000000000, -0.4999999999999990008, 0.8660254037844391517 ) ) ;
#3414 = AXIS2_PLACEMENT_3D ( 'NONE', #2438, #517, #876 ) ;
#3415 = ORIENTED_EDGE ( 'NONE', *, *, #2810, .T. ) ;
#3416 = ADVANCED_FACE ( 'NONE', ( #1866 ), #3099, .T. ) ;
#3417 = CARTESIAN_POINT ( 'NONE',  ( 33.53571428571428470, 2.164491730381051252E-15, 0.0000000000000000000 ) ) ;
#3418 = ORIENTED_EDGE ( 'NONE', *, *, #2620, .T. ) ;
#3419 = CARTESIAN_POINT ( 'NONE',  ( 28.25834327020906755, 2.235490958484726577E-15, 0.0000000000000000000 ) ) ;
#3420 = ORIENTED_EDGE ( 'NONE', *, *, #3322, .F. ) ;
#3421 = DIRECTION ( 'NONE',  ( 0.5735764363510447161, -0.8191520442889927978, 1.003171929053526103E-16 ) ) ;
#3422 = CARTESIAN_POINT ( 'NONE',  ( 10.40000000000000036, 0.0000000000000000000, 0.0000000000000000000 ) ) ;
#3423 = ORIENTED_EDGE ( 'NONE', *, *, #3049, .T. ) ;
#3424 = ORIENTED_EDGE ( 'NONE', *, *, #367, .T. ) ;
#3425 = DIRECTION ( 'NONE',  ( -1.000000000000000000, -0.0000000000000000000, -0.0000000000000000000 ) ) ;
#3426 = DIRECTION ( 'NONE',  ( -1.000000000000000000, -1.224606353822377258E-16, -0.0000000000000000000 ) ) ;
#3427 = DIRECTION ( 'NONE',  ( -1.000000000000000000, 0.0000000000000000000, -0.0000000000000000000 ) ) ;
#3428 = ORIENTED_EDGE ( 'NONE', *, *, #1542, .F. ) ;
#3429 = ORIENTED_EDGE ( 'NONE', *, *, #196, .T. ) ;
#3430 = ADVANCED_FACE ( 'NONE', ( #2553 ), #191, .T. ) ;
#3431 = DIRECTION ( 'NONE',  ( 0.0000000000000000000, -1.000000000000000000, 0.0000000000000000000 ) ) ;
#3432 = ORIENTED_EDGE ( 'NONE', *, *, #1006, .T. ) ;
#3433 = VERTEX_POINT ( 'NONE', #840 ) ;
#3434 = ORIENTED_EDGE ( 'NONE', *, *, #1559, .F. ) ;
#3435 = EDGE_CURVE ( 'NONE', #2480, #2275, #2807, .T. ) ;
#3436 = FACE_OUTER_BOUND ( 'NONE', #1310, .T. ) ;
#3437 = ORIENTED_EDGE ( 'NONE', *, *, #536, .F. ) ;
#3438 = AXIS2_PLACEMENT_3D ( 'NONE', #354, #233, #2073 ) ;
#3439 = ORIENTED_EDGE ( 'NONE', *, *, #2052, .F. ) ;
#3440 = DIRECTION ( 'NONE',  ( 0.5735764363510447161, -0.8191520442889927978, 1.003171929053526103E-16 ) ) ;
#3441 = ORIENTED_EDGE ( 'NONE', *, *, #2174, .F. ) ;
#3442 = DIRECTION ( 'NONE',  ( 1.000000000000000000, 1.224606353822377258E-16, 0.0000000000000000000 ) ) ;
#3443 = VECTOR ( 'NONE', #2772, 1000.000000000000000 ) ;
#3444 = VERTEX_POINT ( 'NONE', #1811 ) ;
#3445 = DIRECTION ( 'NONE',  ( -1.000000000000000000, -0.0000000000000000000, -0.0000000000000000000 ) ) ;
#3446 = ORIENTED_EDGE ( 'NONE', *, *, #1542, .T. ) ;
#3447 = EDGE_CURVE ( 'NONE', #2275, #1379, #402, .T. ) ;
#3448 = CARTESIAN_POINT ( 'NONE',  ( 18.31308530121949474, -8.050387167538645866E-29, 5.000000000000001776 ) ) ;
#3449 = VECTOR ( 'NONE', #2969, 1000.000000000000000 ) ;
#3450 = FACE_OUTER_BOUND ( 'NONE', #1904, .T. ) ;
#3451 = EDGE_LOOP ( 'NONE', ( #1785, #1770, #3381, #253, #2832, #3298 ) ) ;
#3452 = CARTESIAN_POINT ( 'NONE',  ( 29.14285714285714235, -4.172000000000000597, 0.0000000000000000000 ) ) ;
#3453 = ORIENTED_EDGE ( 'NONE', *, *, #824, .F. ) ;
#3454 = CONICAL_SURFACE ( 'NONE', #3181, 5.000000000000002665, 0.9599310885968831419 ) ;
#3455 = ORIENTED_EDGE ( 'NONE', *, *, #3039, .T. ) ;
#3456 = DIRECTION ( 'NONE',  ( 0.0000000000000000000, -1.000000000000000000, 0.0000000000000000000 ) ) ;
#3457 = VECTOR ( 'NONE', #928, 1000.000000000000000 ) ;
#3458 = CARTESIAN_POINT ( 'NONE',  ( 34.11548612735192165, 2.235490958484726577E-15, 0.0000000000000000000 ) ) ;
#3459 = CARTESIAN_POINT ( 'NONE',  ( 13.92022815836235239, 6.123233995735968547E-16, -5.000000000000001776 ) ) ;
#3460 = FACE_OUTER_BOUND ( 'NONE', #1711, .T. ) ;
#3461 = PRESENTATION_LAYER_ASSIGNMENT (  '', '', ( #2330 ) ) ;
#3462 = VERTEX_POINT ( 'NONE', #485 ) ;
#3463 = DIRECTION ( 'NONE',  ( 0.0000000000000000000, 0.0000000000000000000, 1.000000000000000000 ) ) ;
#3464 = ADVANCED_FACE ( 'NONE', ( #1166 ), #1414, .T. ) ;
#3465 = CONICAL_SURFACE ( 'NONE', #507, 4.172000000000002373, 0.9599310885968742602 ) ;
#3466 = DIRECTION ( 'NONE',  ( 0.0000000000000000000, -1.000000000000000000, 0.0000000000000000000 ) ) ;
#3467 = DIRECTION ( 'NONE',  ( 0.0000000000000000000, -1.000000000000000000, 0.0000000000000000000 ) ) ;
#3468 = ORIENTED_EDGE ( 'NONE', *, *, #751, .T. ) ;
#3469 = PLANE ( 'NONE',  #224 ) ;
#3470 = ORIENTED_EDGE ( 'NONE', *, *, #2511, .T. ) ;
#3471 = ORIENTED_EDGE ( 'NONE', *, *, #2794, .F. ) ;
#3472 = CARTESIAN_POINT ( 'NONE',  ( 13.92022815836235239, 2.093492502277374743E-15, 0.0000000000000000000 ) ) ;
#3473 = EDGE_CURVE ( 'NONE', #3214, #1287, #1721, .T. ) ;
#3474 = ORIENTED_EDGE ( 'NONE', *, *, #3042, .F. ) ;
#3475 = ORIENTED_EDGE ( 'NONE', *, *, #3094, .F. ) ;
#3476 = VERTEX_POINT ( 'NONE', #2419 ) ;
ENDSEC;
END-ISO-10303-21;
