ISO-10303-21;
HEADER;
FILE_DESCRIPTION (( 'STEP AP214' ),
    '1' );
FILE_NAME ('M10X30.STEP',
    '2021-06-12T16:20:05',
    ( '' ),
    ( '' ),
    'SwSTEP 2.0',
    'SolidWorks 2018',
    '' );
FILE_SCHEMA (( 'AUTOMOTIVE_DESIGN' ));
ENDSEC;

DATA;
#1 = ORIENTED_EDGE ( 'NONE', *, *, #2601, .F. ) ;
#2 = CARTESIAN_POINT ( 'NONE',  ( 25.00000000000000000, -4.172000000000000597, 5.616230220889765396E-16 ) ) ;
#3 = CONICAL_SURFACE ( 'NONE', #3763, 4.172000000000002373, 0.9599310885968737050 ) ;
#4 = AXIS2_PLACEMENT_3D ( 'NONE', #637, #2809, #2548 ) ;
#5 = DIRECTION ( 'NONE',  ( -1.000000000000000000, -1.224606353822377258E-16, -0.0000000000000000000 ) ) ;
#6 = COLOUR_RGB ( '',0.7764705882352941346, 0.7568627450980391913, 0.7372549019607843590 ) ;
#7 = EDGE_CURVE ( 'NONE', #3924, #2734, #2448, .T. ) ;
#8 = CIRCLE ( 'NONE', #578, 5.000000000000002665 ) ;
#9 = ORIENTED_EDGE ( 'NONE', *, *, #2788, .T. ) ;
#10 = AXIS2_PLACEMENT_3D ( 'NONE', #2480, #1837, #2344 ) ;
#11 = CARTESIAN_POINT ( 'NONE',  ( 30.42022815836235239, 5.000000000000003553, 6.123233995736768255E-16 ) ) ;
#12 = CONICAL_SURFACE ( 'NONE', #2249, 4.057500000000000107, 1.047197551196593857 ) ;
#13 = FACE_OUTER_BOUND ( 'NONE', #2894, .T. ) ;
#14 = ORIENTED_EDGE ( 'NONE', *, *, #3076, .T. ) ;
#15 = CARTESIAN_POINT ( 'NONE',  ( 34.92022815836235594, 2.093492502277374743E-15, 0.0000000000000000000 ) ) ;
#16 = EDGE_CURVE ( 'NONE', #1044, #2584, #2436, .T. ) ;
#17 = DIRECTION ( 'NONE',  ( 0.0000000000000000000, 0.0000000000000000000, 1.000000000000000000 ) ) ;
#18 = VERTEX_POINT ( 'NONE', #2870 ) ;
#19 = CARTESIAN_POINT ( 'NONE',  ( 27.07977184163764406, -3.466673899897024536E-29, 5.000000000000003553 ) ) ;
#20 = CONICAL_SURFACE ( 'NONE', #693, 4.172000000000002373, 0.9599310885968737050 ) ;
#21 = CARTESIAN_POINT ( 'NONE',  ( 15.42022815836235239, 6.123233995736451724E-16, -5.000000000000000888 ) ) ;
#22 = CARTESIAN_POINT ( 'NONE',  ( 5.000000000000000000, -2.342598717236900718, 4.057499999999993889 ) ) ;
#23 = EDGE_CURVE ( 'NONE', #794, #3207, #2438, .T. ) ;
#24 = ORIENTED_EDGE ( 'NONE', *, *, #670, .T. ) ;
#25 = CARTESIAN_POINT ( 'NONE',  ( 21.07977184163764051, 2.235490958484726972E-15, 0.0000000000000000000 ) ) ;
#26 = DIRECTION ( 'NONE',  ( -1.000000000000000000, -1.224606353822377258E-16, -0.0000000000000000000 ) ) ;
#27 = ORIENTED_EDGE ( 'NONE', *, *, #2923, .T. ) ;
#28 = AXIS2_PLACEMENT_3D ( 'NONE', #1603, #438, #2176 ) ;
#29 = CARTESIAN_POINT ( 'NONE',  ( 16.00000000000000000, 2.164491730381051252E-15, 0.0000000000000000000 ) ) ;
#30 = DIRECTION ( 'NONE',  ( 0.0000000000000000000, -1.000000000000000000, 0.0000000000000000000 ) ) ;
#31 = CYLINDRICAL_SURFACE ( 'NONE', #3645, 4.999999999999925393 ) ;
#32 = ORIENTED_EDGE ( 'NONE', *, *, #2688, .F. ) ;
#33 = CIRCLE ( 'NONE', #685, 5.000000000000002665 ) ;
#34 = DIRECTION ( 'NONE',  ( 0.0000000000000000000, 0.0000000000000000000, 1.000000000000000000 ) ) ;
#35 = FACE_OUTER_BOUND ( 'NONE', #3267, .T. ) ;
#36 = CARTESIAN_POINT ( 'NONE',  ( 0.0000000000000000000, -2.342598717236900718, 4.057499999999993889 ) ) ;
#37 = AXIS2_PLACEMENT_3D ( 'NONE', #2881, #1288, #2342 ) ;
#38 = DIRECTION ( 'NONE',  ( -1.000000000000000000, -1.224606353822377258E-16, -0.0000000000000000000 ) ) ;
#39 = ORIENTED_EDGE ( 'NONE', *, *, #3820, .T. ) ;
#40 = DIRECTION ( 'NONE',  ( 0.0000000000000000000, 0.0000000000000000000, 1.000000000000000000 ) ) ;
#41 = CIRCLE ( 'NONE', #662, 5.000000000000000888 ) ;
#42 = DIRECTION ( 'NONE',  ( 0.0000000000000000000, 0.0000000000000000000, 1.000000000000000000 ) ) ;
#43 = CARTESIAN_POINT ( 'NONE',  ( 37.57977184163763695, -5.000000000000000888, 6.123233995736771213E-16 ) ) ;
#44 = LINE ( 'NONE', #2167, #3772 ) ;
#45 = VERTEX_POINT ( 'NONE', #3673 ) ;
#46 = VECTOR ( 'NONE', #2931, 1000.000000000000114 ) ;
#47 = EDGE_CURVE ( 'NONE', #2383, #1590, #2419, .T. ) ;
#48 = VECTOR ( 'NONE', #715, 999.9999999999998863 ) ;
#49 = ORIENTED_EDGE ( 'NONE', *, *, #2157, .T. ) ;
#50 = FILL_AREA_STYLE_COLOUR ( '', #3778 ) ;
#51 = CARTESIAN_POINT ( 'NONE',  ( 10.40000000000000036, 0.0000000000000000000, 0.0000000000000000000 ) ) ;
#52 = FACE_OUTER_BOUND ( 'NONE', #3782, .T. ) ;
#53 = ADVANCED_FACE ( 'NONE', ( #2428 ), #2357, .T. ) ;
#54 = CARTESIAN_POINT ( 'NONE',  ( -31.74999999999995737, 0.0000000000000000000, 0.0000000000000000000 ) ) ;
#55 = AXIS2_PLACEMENT_3D ( 'NONE', #3677, #2145, #3735 ) ;
#56 = CARTESIAN_POINT ( 'NONE',  ( 36.07977184163764406, 6.123233995736423128E-16, -5.000000000000003553 ) ) ;
#57 = EDGE_CURVE ( 'NONE', #469, #3924, #2377, .T. ) ;
#58 = AXIS2_PLACEMENT_3D ( 'NONE', #660, #1512, #3891 ) ;
#59 = FACE_OUTER_BOUND ( 'NONE', #1904, .T. ) ;
#60 = ORIENTED_EDGE ( 'NONE', *, *, #129, .T. ) ;
#61 = CIRCLE ( 'NONE', #1349, 5.000000000000002665 ) ;
#62 = CARTESIAN_POINT ( 'NONE',  ( 22.57977184163764051, -5.000000000000000000, 6.123233995736770227E-16 ) ) ;
#63 = ORIENTED_EDGE ( 'NONE', *, *, #367, .F. ) ;
#64 = AXIS2_PLACEMENT_3D ( 'NONE', #2905, #1631, #2023 ) ;
#65 = LINE ( 'NONE', #1047, #48 ) ;
#66 = ORIENTED_EDGE ( 'NONE', *, *, #359, .T. ) ;
#67 = CARTESIAN_POINT ( 'NONE',  ( 28.92022815836234884, 2.093492502277374743E-15, 0.0000000000000000000 ) ) ;
#68 = CONICAL_SURFACE ( 'NONE', #764, 4.172000000000002373, 0.9599310885968737050 ) ;
#69 = DIRECTION ( 'NONE',  ( -1.000000000000000000, -1.224606353822377258E-16, -0.0000000000000000000 ) ) ;
#70 = AXIS2_PLACEMENT_3D ( 'NONE', #2553, #3536, #2666 ) ;
#71 = ORIENTED_EDGE ( 'NONE', *, *, #3947, .F. ) ;
#72 = FACE_OUTER_BOUND ( 'NONE', #3666, .T. ) ;
#73 = ORIENTED_EDGE ( 'NONE', *, *, #214, .T. ) ;
#74 = EDGE_CURVE ( 'NONE', #1114, #1744, #2405, .T. ) ;
#75 = AXIS2_PLACEMENT_3D ( 'NONE', #2596, #1683, #1580 ) ;
#76 = CIRCLE ( 'NONE', #1539, 5.000000000000000888 ) ;
#77 = AXIS2_PLACEMENT_3D ( 'NONE', #51, #1655, #3378 ) ;
#78 = DIRECTION ( 'NONE',  ( -1.000000000000000000, -0.0000000000000000000, -0.0000000000000000000 ) ) ;
#79 = ADVANCED_FACE ( 'NONE', ( #2345 ), #2298, .T. ) ;
#80 = SHAPE_DEFINITION_REPRESENTATION ( #2232, #1300 ) ;
#81 = ADVANCED_FACE ( 'NONE', ( #2413 ), #2290, .T. ) ;
#82 = ORIENTED_EDGE ( 'NONE', *, *, #383, .F. ) ;
#83 = CARTESIAN_POINT ( 'NONE',  ( 29.50000000000000000, 4.172000000000004150, 0.0000000000000000000 ) ) ;
#84 = CARTESIAN_POINT ( 'NONE',  ( 5.000000000000000000, -2.342598717236900718, 4.057499999999993889 ) ) ;
#85 = AXIS2_PLACEMENT_3D ( 'NONE', #3961, #1331, #3678 ) ;
#86 = VECTOR ( 'NONE', #2103, 1000.000000000000000 ) ;
#87 = CYLINDRICAL_SURFACE ( 'NONE', #1839, 4.999999999999925393 ) ;
#88 = CARTESIAN_POINT ( 'NONE',  ( 27.42022815836235239, 6.123233995736451724E-16, -5.000000000000000888 ) ) ;
#89 = VECTOR ( 'NONE', #2655, 999.9999999999998863 ) ;
#90 = CIRCLE ( 'NONE', #3860, 5.000000000000002665 ) ;
#91 = LINE ( 'NONE', #3540, #965 ) ;
#92 = EDGE_CURVE ( 'NONE', #2584, #1454, #2294, .T. ) ;
#93 = EDGE_CURVE ( 'NONE', #3209, #2734, #2382, .T. ) ;
#94 = AXIS2_PLACEMENT_3D ( 'NONE', #2717, #2288, #286 ) ;
#95 = ORIENTED_EDGE ( 'NONE', *, *, #2477, .F. ) ;
#96 = VECTOR ( 'NONE', #1083, 999.9999999999998863 ) ;
#97 = CIRCLE ( 'NONE', #2505, 5.000000000000002665 ) ;
#98 = CARTESIAN_POINT ( 'NONE',  ( 5.000000000000000000, 0.0000000000000000000, 0.0000000000000000000 ) ) ;
#99 = LINE ( 'NONE', #1737, #3581 ) ;
#100 = ORIENTED_EDGE ( 'NONE', *, *, #3032, .F. ) ;
#101 = EDGE_CURVE ( 'NONE', #3289, #4007, #2450, .T. ) ;
#102 = LINE ( 'NONE', #2170, #3127 ) ;
#103 = AXIS2_PLACEMENT_3D ( 'NONE', #3875, #1767, #2261 ) ;
#104 = EDGE_CURVE ( 'NONE', #2136, #3387, #2314, .T. ) ;
#105 = CYLINDRICAL_SURFACE ( 'NONE', #752, 4.999999999999925393 ) ;
#106 = ORIENTED_EDGE ( 'NONE', *, *, #3047, .T. ) ;
#107 = DIRECTION ( 'NONE',  ( -0.0000000000000000000, -0.5000000000000011102, -0.8660254037844380415 ) ) ;
#108 = CARTESIAN_POINT ( 'NONE',  ( -31.74999999999995737, 0.0000000000000000000, 4.999999999999925393 ) ) ;
#109 = CIRCLE ( 'NONE', #225, 1.499999999999999556 ) ;
#110 = AXIS2_PLACEMENT_3D ( 'NONE', #2758, #1507, #1409 ) ;
#111 = EDGE_CURVE ( 'NONE', #1084, #2584, #2340, .T. ) ;
#112 = FACE_OUTER_BOUND ( 'NONE', #2963, .T. ) ;
#113 = EDGE_LOOP ( 'NONE', ( #2775, #3481, #1175, #1633, #1639 ) ) ;
#114 = DIRECTION ( 'NONE',  ( 0.0000000000000000000, -1.000000000000000000, 1.110768649713241319E-15 ) ) ;
#115 = CARTESIAN_POINT ( 'NONE',  ( 21.07977184163764051, -5.000000000000000000, 6.123233995736770227E-16 ) ) ;
#116 = DIRECTION ( 'NONE',  ( 0.0000000000000000000, -1.000000000000000000, 0.0000000000000000000 ) ) ;
#117 = EDGE_LOOP ( 'NONE', ( #900, #907, #909, #923, #931 ) ) ;
#118 = FACE_OUTER_BOUND ( 'NONE', #1980, .T. ) ;
#119 = ORIENTED_EDGE ( 'NONE', *, *, #2544, .T. ) ;
#120 = DIRECTION ( 'NONE',  ( 0.0000000000000000000, -1.000000000000000000, 0.0000000000000000000 ) ) ;
#121 = DIRECTION ( 'NONE',  ( 0.0000000000000000000, -1.000000000000000000, 0.0000000000000000000 ) ) ;
#122 = AXIS2_PLACEMENT_3D ( 'NONE', #3001, #3534, #143 ) ;
#123 = DIRECTION ( 'NONE',  ( -1.000000000000000000, -0.0000000000000000000, -0.0000000000000000000 ) ) ;
#124 = ORIENTED_EDGE ( 'NONE', *, *, #1810, .F. ) ;
#125 = DIRECTION ( 'NONE',  ( 0.0000000000000000000, 0.0000000000000000000, 1.000000000000000000 ) ) ;
#126 = CARTESIAN_POINT ( 'NONE',  ( 13.92022815836235239, 6.123233995736451724E-16, -5.000000000000000888 ) ) ;
#127 = DIRECTION ( 'NONE',  ( 0.0000000000000000000, 0.0000000000000000000, 1.000000000000000000 ) ) ;
#128 = DIRECTION ( 'NONE',  ( 0.0000000000000000000, -1.000000000000000000, 0.0000000000000000000 ) ) ;
#129 = EDGE_CURVE ( 'NONE', #3275, #1928, #2289, .T. ) ;
#130 = DIRECTION ( 'NONE',  ( 0.0000000000000000000, -1.000000000000000000, 0.0000000000000000000 ) ) ;
#131 = CYLINDRICAL_SURFACE ( 'NONE', #766, 4.999999999999925393 ) ;
#132 = ORIENTED_EDGE ( 'NONE', *, *, #2486, .T. ) ;
#133 = EDGE_CURVE ( 'NONE', #3404, #213, #2277, .T. ) ;
#134 = CARTESIAN_POINT ( 'NONE',  ( 22.57977184163764051, 2.235490958484726972E-15, 0.0000000000000000000 ) ) ;
#135 = AXIS2_PLACEMENT_3D ( 'NONE', #2605, #512, #3091 ) ;
#136 = DIRECTION ( 'NONE',  ( 0.0000000000000000000, -1.000000000000000000, 0.0000000000000000000 ) ) ;
#137 = VERTEX_POINT ( 'NONE', #19 ) ;
#138 = DIRECTION ( 'NONE',  ( -1.000000000000000000, -0.0000000000000000000, -0.0000000000000000000 ) ) ;
#139 = DIRECTION ( 'NONE',  ( -1.000000000000000000, -1.224606353822377258E-16, -0.0000000000000000000 ) ) ;
#140 = AXIS2_PLACEMENT_3D ( 'NONE', #533, #3401, #1042 ) ;
#141 = AXIS2_PLACEMENT_3D ( 'NONE', #2539, #3044, #474 ) ;
#142 = AXIS2_PLACEMENT_3D ( 'NONE', #3480, #1666, #3747 ) ;
#143 = DIRECTION ( 'NONE',  ( 0.0000000000000000000, 0.0000000000000000000, -1.000000000000000000 ) ) ;
#144 = CONICAL_SURFACE ( 'NONE', #1296, 5.000000000000002665, 0.9599310885968803664 ) ;
#145 = DIRECTION ( 'NONE',  ( -1.000000000000000000, -1.224606353822377258E-16, -0.0000000000000000000 ) ) ;
#146 = TOROIDAL_SURFACE ( 'NONE', #1206, 5.399999999999925748, 0.4000000000000000222 ) ;
#147 = VERTEX_POINT ( 'NONE', #1946 ) ;
#148 = FACE_OUTER_BOUND ( 'NONE', #3507, .T. ) ;
#149 = CARTESIAN_POINT ( 'NONE',  ( -31.74999999999995737, 0.0000000000000000000, 0.0000000000000000000 ) ) ;
#150 = CARTESIAN_POINT ( 'NONE',  ( 18.07977184163764406, 2.235490958484726972E-15, 0.0000000000000000000 ) ) ;
#151 = VECTOR ( 'NONE', #2335, 999.9999999999998863 ) ;
#152 = ORIENTED_EDGE ( 'NONE', *, *, #3665, .T. ) ;
#153 = DIRECTION ( 'NONE',  ( 0.0000000000000000000, -1.000000000000000000, 0.0000000000000000000 ) ) ;
#154 = DIRECTION ( 'NONE',  ( -1.000000000000000000, -0.0000000000000000000, -0.0000000000000000000 ) ) ;
#155 = DIRECTION ( 'NONE',  ( 1.000000000000000000, 1.224606353822377258E-16, 0.0000000000000000000 ) ) ;
#156 = ORIENTED_EDGE ( 'NONE', *, *, #2800, .T. ) ;
#157 = VERTEX_POINT ( 'NONE', #3750 ) ;
#158 = ORIENTED_EDGE ( 'NONE', *, *, #3810, .F. ) ;
#159 = DIRECTION ( 'NONE',  ( 1.000000000000000000, 0.0000000000000000000, 0.0000000000000000000 ) ) ;
#160 = CARTESIAN_POINT ( 'NONE',  ( 37.92022815836234884, -3.158525108795066799E-29, 5.000000000000000888 ) ) ;
#161 = CARTESIAN_POINT ( 'NONE',  ( 38.50000000000000000, 2.164491730381051252E-15, 0.0000000000000000000 ) ) ;
#162 = ORIENTED_EDGE ( 'NONE', *, *, #966, .T. ) ;
#163 = AXIS2_PLACEMENT_3D ( 'NONE', #2786, #2610, #4004 ) ;
#164 = CIRCLE ( 'NONE', #785, 5.000000000000000888 ) ;
#165 = ORIENTED_EDGE ( 'NONE', *, *, #2469, .F. ) ;
#166 = CARTESIAN_POINT ( 'NONE',  ( 5.000000000000000000, 0.0000000000000000000, 0.0000000000000000000 ) ) ;
#167 = CARTESIAN_POINT ( 'NONE',  ( 5.000000000000000000, 4.685197434473814759, -1.474514954580286030E-14 ) ) ;
#168 = ORIENTED_EDGE ( 'NONE', *, *, #2590, .T. ) ;
#169 = AXIS2_PLACEMENT_3D ( 'NONE', #1201, #730, #696 ) ;
#170 = DIRECTION ( 'NONE',  ( 0.0000000000000000000, -1.000000000000000000, 0.0000000000000000000 ) ) ;
#171 = CONICAL_SURFACE ( 'NONE', #824, 4.172000000000002373, 0.9599310885968737050 ) ;
#172 = ORIENTED_EDGE ( 'NONE', *, *, #2645, .T. ) ;
#173 = FACE_OUTER_BOUND ( 'NONE', #1792, .T. ) ;
#174 = CIRCLE ( 'NONE', #2422, 4.172000000000002373 ) ;
#175 = CARTESIAN_POINT ( 'NONE',  ( 18.07977184163764406, -3.466673899897024536E-29, 5.000000000000003553 ) ) ;
#176 = CIRCLE ( 'NONE', #818, 4.172000000000002373 ) ;
#177 = ORIENTED_EDGE ( 'NONE', *, *, #670, .F. ) ;
#178 = CIRCLE ( 'NONE', #3226, 4.172000000000002373 ) ;
#179 = DIRECTION ( 'NONE',  ( -1.000000000000000000, -1.224606353822377258E-16, -0.0000000000000000000 ) ) ;
#180 = CARTESIAN_POINT ( 'NONE',  ( 18.42022815836235594, 6.123233995736451724E-16, -5.000000000000000888 ) ) ;
#181 = FACE_OUTER_BOUND ( 'NONE', #3151, .T. ) ;
#182 = ADVANCED_FACE ( 'NONE', ( #2254 ), #3846, .F. ) ;
#183 = VECTOR ( 'NONE', #995, 999.9999999999998863 ) ;
#184 = AXIS2_PLACEMENT_3D ( 'NONE', #345, #3742, #3574 ) ;
#185 = DIRECTION ( 'NONE',  ( 0.0000000000000000000, -1.000000000000000000, 0.0000000000000000000 ) ) ;
#186 = VECTOR ( 'NONE', #3086, 999.9999999999998863 ) ;
#187 = DIRECTION ( 'NONE',  ( 0.0000000000000000000, -1.000000000000000000, 0.0000000000000000000 ) ) ;
#188 = DIRECTION ( 'NONE',  ( 0.0000000000000000000, -1.000000000000000000, 0.0000000000000000000 ) ) ;
#189 = FACE_OUTER_BOUND ( 'NONE', #2600, .T. ) ;
#190 = EDGE_CURVE ( 'NONE', #4007, #2914, #2250, .T. ) ;
#191 = DIRECTION ( 'NONE',  ( -1.000000000000000000, -1.224606353822377258E-16, -0.0000000000000000000 ) ) ;
#192 = DIRECTION ( 'NONE',  ( -1.000000000000000000, -0.0000000000000000000, -0.0000000000000000000 ) ) ;
#193 = FACE_BOUND ( 'NONE', #2825, .T. ) ;
#194 = FACE_OUTER_BOUND ( 'NONE', #3622, .T. ) ;
#195 = ORIENTED_EDGE ( 'NONE', *, *, #2981, .T. ) ;
#196 = ADVANCED_FACE ( 'NONE', ( #2303 ), #2196, .T. ) ;
#197 = DIRECTION ( 'NONE',  ( 0.5735764363510470476, -0.8191520442889911324, 1.003171929053524007E-16 ) ) ;
#198 = CARTESIAN_POINT ( 'NONE',  ( 0.0000000000000000000, 0.0000000000000000000, 0.0000000000000000000 ) ) ;
#199 = ORIENTED_EDGE ( 'NONE', *, *, #1453, .F. ) ;
#200 = FACE_OUTER_BOUND ( 'NONE', #3298, .T. ) ;
#201 = CARTESIAN_POINT ( 'NONE',  ( 17.50000000000000000, -4.172000000000000597, 5.616230220889765396E-16 ) ) ;
#202 = FACE_OUTER_BOUND ( 'NONE', #2782, .T. ) ;
#203 = CARTESIAN_POINT ( 'NONE',  ( 33.07977184163764406, -5.000000000000000888, 6.123233995736771213E-16 ) ) ;
#204 = VECTOR ( 'NONE', #2144, 1000.000000000000114 ) ;
#205 = CARTESIAN_POINT ( 'NONE',  ( 39.07977184163764406, 2.235490958484726972E-15, 0.0000000000000000000 ) ) ;
#206 = VECTOR ( 'NONE', #3101, 1000.000000000000000 ) ;
#207 = ORIENTED_EDGE ( 'NONE', *, *, #3727, .T. ) ;
#208 =( NAMED_UNIT ( * ) SI_UNIT ( $, .STERADIAN. ) SOLID_ANGLE_UNIT ( ) );
#209 = VECTOR ( 'NONE', #3524, 1000.000000000000000 ) ;
#210 = ADVANCED_FACE ( 'NONE', ( #2219 ), #2190, .T. ) ;
#211 = ORIENTED_EDGE ( 'NONE', *, *, #3816, .T. ) ;
#212 = LINE ( 'NONE', #3240, #206 ) ;
#213 = VERTEX_POINT ( 'NONE', #326 ) ;
#214 = EDGE_CURVE ( 'NONE', #3030, #3660, #2233, .T. ) ;
#215 = CIRCLE ( 'NONE', #368, 5.000000000000002665 ) ;
#216 = AXIS2_PLACEMENT_3D ( 'NONE', #2858, #809, #3693 ) ;
#217 = CARTESIAN_POINT ( 'NONE',  ( 19.92022815836235239, -3.120006509907322082E-29, 5.000000000000000888 ) ) ;
#218 = ADVANCED_FACE ( 'NONE', ( #2191 ), #2184, .T. ) ;
#219 = FILL_AREA_STYLE ('',( #2593 ) ) ;
#220 = AXIS2_PLACEMENT_3D ( 'NONE', #798, #1971, #3606 ) ;
#221 = FACE_OUTER_BOUND ( 'NONE', #2745, .T. ) ;
#222 = ORIENTED_EDGE ( 'NONE', *, *, #1585, .F. ) ;
#223 = DIRECTION ( 'NONE',  ( 0.0000000000000000000, -1.000000000000000000, 0.0000000000000000000 ) ) ;
#224 = CONICAL_SURFACE ( 'NONE', #858, 4.172000000000002373, 0.9599310885968737050 ) ;
#225 = AXIS2_PLACEMENT_3D ( 'NONE', #2217, #551, #278 ) ;
#226 = CARTESIAN_POINT ( 'NONE',  ( 15.42022815836235239, 2.093492502277374743E-15, 0.0000000000000000000 ) ) ;
#227 = CARTESIAN_POINT ( 'NONE',  ( 0.0000000000000000000, 4.685197434473814759, -1.474514954580286030E-14 ) ) ;
#228 = DIRECTION ( 'NONE',  ( 0.0000000000000000000, -1.000000000000000000, 0.0000000000000000000 ) ) ;
#229 = CIRCLE ( 'NONE', #849, 5.000000000000002665 ) ;
#230 = ORIENTED_EDGE ( 'NONE', *, *, #1700, .F. ) ;
#231 = CARTESIAN_POINT ( 'NONE',  ( 17.50000000000000000, 2.164491730381051252E-15, 0.0000000000000000000 ) ) ;
#232 = APPLICATION_CONTEXT ( 'automotive_design' ) ;
#233 = VERTEX_POINT ( 'NONE', #2433 ) ;
#234 = LINE ( 'NONE', #3409, #336 ) ;
#235 = DIRECTION ( 'NONE',  ( -1.000000000000000000, -1.224606353822377258E-16, -0.0000000000000000000 ) ) ;
#236 = EDGE_CURVE ( 'NONE', #1708, #862, #3162, .T. ) ;
#237 = DIRECTION ( 'NONE',  ( 0.0000000000000000000, 0.0000000000000000000, 1.000000000000000000 ) ) ;
#238 = CARTESIAN_POINT ( 'NONE',  ( 23.50000000000000000, 2.164491730381051252E-15, 0.0000000000000000000 ) ) ;
#239 = DIRECTION ( 'NONE',  ( 0.0000000000000000000, 0.0000000000000000000, -1.000000000000000000 ) ) ;
#240 = ORIENTED_EDGE ( 'NONE', *, *, #2970, .F. ) ;
#241 = AXIS2_PLACEMENT_3D ( 'NONE', #2994, #2978, #2203 ) ;
#242 = CARTESIAN_POINT ( 'NONE',  ( -31.74999999999995737, 0.0000000000000000000, 0.0000000000000000000 ) ) ;
#243 = CARTESIAN_POINT ( 'NONE',  ( 37.57977184163763695, 2.235490958484726972E-15, 0.0000000000000000000 ) ) ;
#244 = ORIENTED_EDGE ( 'NONE', *, *, #2365, .F. ) ;
#245 =( NAMED_UNIT ( * ) PLANE_ANGLE_UNIT ( ) SI_UNIT ( $, .RADIAN. ) );
#246 = UNCERTAINTY_MEASURE_WITH_UNIT (LENGTH_MEASURE( 1.000000000000000082E-05 ), #1250, 'distance_accuracy_value', 'NONE');
#247 = ADVANCED_FACE ( 'NONE', ( #2271 ), #2107, .T. ) ;
#248 = PRODUCT_DEFINITION ( 'UNKNOWN', '', #3223, #405 ) ;
#249 = DIRECTION ( 'NONE',  ( 0.0000000000000000000, 0.0000000000000000000, 1.000000000000000000 ) ) ;
#250 = CONICAL_SURFACE ( 'NONE', #3425, 5.000000000000002665, 0.9599310885968803664 ) ;
#251 = ADVANCED_FACE ( 'NONE', ( #1850 ), #2174, .T. ) ;
#252 = ORIENTED_EDGE ( 'NONE', *, *, #2962, .T. ) ;
#253 = CARTESIAN_POINT ( 'NONE',  ( -31.74999999999995737, 6.123233995736674577E-16, -4.999999999999925393 ) ) ;
#254 = CARTESIAN_POINT ( 'NONE',  ( 25.00000000000000000, 2.164491730381051252E-15, 0.0000000000000000000 ) ) ;
#255 = CIRCLE ( 'NONE', #834, 5.000000000000002665 ) ;
#256 = CIRCLE ( 'NONE', #2083, 4.172000000000002373 ) ;
#257 = EDGE_CURVE ( 'NONE', #2136, #3551, #2164, .T. ) ;
#258 = CIRCLE ( 'NONE', #1742, 5.000000000000002665 ) ;
#259 = CARTESIAN_POINT ( 'NONE',  ( 39.07977184163764406, 2.235490958484726972E-15, 0.0000000000000000000 ) ) ;
#260 = ORIENTED_EDGE ( 'NONE', *, *, #2157, .F. ) ;
#261 = DIRECTION ( 'NONE',  ( 0.0000000000000000000, 1.000000000000000000, 0.0000000000000000000 ) ) ;
#262 = DIRECTION ( 'NONE',  ( 0.0000000000000000000, -1.000000000000000000, 0.0000000000000000000 ) ) ;
#263 = CIRCLE ( 'NONE', #3048, 5.000000000000000888 ) ;
#264 = DIRECTION ( 'NONE',  ( -1.000000000000000000, -1.224606353822377258E-16, -0.0000000000000000000 ) ) ;
#265 = DIRECTION ( 'NONE',  ( 0.0000000000000000000, -1.000000000000000000, 0.0000000000000000000 ) ) ;
#266 =( GEOMETRIC_REPRESENTATION_CONTEXT ( 3 ) GLOBAL_UNCERTAINTY_ASSIGNED_CONTEXT ( ( #246 ) ) GLOBAL_UNIT_ASSIGNED_CONTEXT ( ( #1250, #3171, #2401 ) ) REPRESENTATION_CONTEXT ( 'NONE', 'WORKASPACE' ) );
#267 = AXIS2_PLACEMENT_3D ( 'NONE', #3602, #3759, #2815 ) ;
#268 = MECHANICAL_DESIGN_GEOMETRIC_PRESENTATION_REPRESENTATION (  '', ( #314 ), #266 ) ;
#269 = VERTEX_POINT ( 'NONE', #2573 ) ;
#270 = CARTESIAN_POINT ( 'NONE',  ( 32.50000000000000000, 2.164491730381051252E-15, 0.0000000000000000000 ) ) ;
#271 = DIRECTION ( 'NONE',  ( 0.0000000000000000000, -1.000000000000000000, 0.0000000000000000000 ) ) ;
#272 = CARTESIAN_POINT ( 'NONE',  ( 18.07977184163764406, 5.000000000000005329, 0.0000000000000000000 ) ) ;
#273 = VERTEX_POINT ( 'NONE', #2586 ) ;
#274 = LINE ( 'NONE', #3291, #3349 ) ;
#275 = EDGE_CURVE ( 'NONE', #213, #392, #2094, .T. ) ;
#276 = CIRCLE ( 'NONE', #3539, 4.172000000000002373 ) ;
#277 = PRESENTATION_LAYER_ASSIGNMENT (  '', '', ( #314 ) ) ;
#278 = DIRECTION ( 'NONE',  ( 0.0000000000000000000, -1.224646799147353454E-16, 1.000000000000000000 ) ) ;
#279 = CARTESIAN_POINT ( 'NONE',  ( 0.0000000000000000000, 2.342598717236912709, 4.057499999999988560 ) ) ;
#280 = LINE ( 'NONE', #3850, #186 ) ;
#281 = ORIENTED_EDGE ( 'NONE', *, *, #2378, .T. ) ;
#282 = VECTOR ( 'NONE', #1399, 999.9999999999998863 ) ;
#283 = EDGE_CURVE ( 'NONE', #862, #1708, #2102, .T. ) ;
#284 = ORIENTED_EDGE ( 'NONE', *, *, #3755, .T. ) ;
#285 = CARTESIAN_POINT ( 'NONE',  ( -31.74999999999995737, 0.0000000000000000000, 4.999999999999925393 ) ) ;
#286 = DIRECTION ( 'NONE',  ( 0.0000000000000000000, -1.000000000000000000, 0.0000000000000000000 ) ) ;
#287 = AXIS2_PLACEMENT_3D ( 'NONE', #2629, #432, #996 ) ;
#288 = VECTOR ( 'NONE', #544, 999.9999999999998863 ) ;
#289 = PRODUCT ( 'M10X30', 'M10X30', '', ( #2735 ) ) ;
#290 = ORIENTED_EDGE ( 'NONE', *, *, #3068, .F. ) ;
#291 = DIRECTION ( 'NONE',  ( 0.0000000000000000000, -1.000000000000000000, 0.0000000000000000000 ) ) ;
#292 = FACE_OUTER_BOUND ( 'NONE', #2877, .T. ) ;
#293 = DIRECTION ( 'NONE',  ( -1.000000000000000000, -0.0000000000000000000, -0.0000000000000000000 ) ) ;
#294 = MECHANICAL_DESIGN_GEOMETRIC_PRESENTATION_REPRESENTATION (  '', ( #4033 ), #475 ) ;
#295 = AXIS2_PLACEMENT_3D ( 'NONE', #1593, #1414, #2821 ) ;
#296 = VECTOR ( 'NONE', #2309, 1000.000000000000000 ) ;
#297 = ORIENTED_EDGE ( 'NONE', *, *, #3793, .F. ) ;
#298 = DIRECTION ( 'NONE',  ( 0.0000000000000000000, -1.000000000000000000, 0.0000000000000000000 ) ) ;
#299 = CARTESIAN_POINT ( 'NONE',  ( 30.07977184163764051, 2.235490958484726972E-15, 0.0000000000000000000 ) ) ;
#300 = DIRECTION ( 'NONE',  ( 0.0000000000000000000, -1.000000000000000000, 0.0000000000000000000 ) ) ;
#301 = CONICAL_SURFACE ( 'NONE', #1267, 5.000000000000002665, 0.9599310885968803664 ) ;
#302 = AXIS2_PLACEMENT_3D ( 'NONE', #2917, #3579, #988 ) ;
#303 = LINE ( 'NONE', #2604, #96 ) ;
#304 = DIRECTION ( 'NONE',  ( -1.000000000000000000, -0.0000000000000000000, -0.0000000000000000000 ) ) ;
#305 = CARTESIAN_POINT ( 'NONE',  ( 37.92022815836234884, 5.000000000000003553, 6.123233995736768255E-16 ) ) ;
#306 = CONICAL_SURFACE ( 'NONE', #3441, 5.000000000000002665, 0.9599310885968803664 ) ;
#307 = DIRECTION ( 'NONE',  ( 0.5735764363510470476, -0.8191520442889911324, 1.003171929053524007E-16 ) ) ;
#308 = LINE ( 'NONE', #2474, #296 ) ;
#309 = CARTESIAN_POINT ( 'NONE',  ( 39.99999999999999289, 5.109226446042757607E-16, -4.171999999999999709 ) ) ;
#310 = FACE_OUTER_BOUND ( 'NONE', #2982, .T. ) ;
#311 = DIRECTION ( 'NONE',  ( -1.000000000000000000, -1.224606353822377258E-16, -0.0000000000000000000 ) ) ;
#312 = DIRECTION ( 'NONE',  ( -0.5735764363510524877, 0.8191520442889874687, 1.003171929053519570E-16 ) ) ;
#313 = EDGE_CURVE ( 'NONE', #3387, #4007, #2135, .T. ) ;
#314 = STYLED_ITEM ( 'NONE', ( #2626 ), #2204 ) ;
#315 = EDGE_CURVE ( 'NONE', #2914, #3535, #2213, .T. ) ;
#316 = VERTEX_POINT ( 'NONE', #2730 ) ;
#317 = AXIS2_PLACEMENT_3D ( 'NONE', #1505, #138, #3335 ) ;
#318 = CARTESIAN_POINT ( 'NONE',  ( 1.500000000000001332, 0.0000000000000000000, 0.0000000000000000000 ) ) ;
#319 = CARTESIAN_POINT ( 'NONE',  ( 37.00000000000000000, 2.164491730381051252E-15, 0.0000000000000000000 ) ) ;
#320 = DIRECTION ( 'NONE',  ( 0.0000000000000000000, 0.0000000000000000000, 1.000000000000000000 ) ) ;
#321 = ORIENTED_EDGE ( 'NONE', *, *, #3654, .T. ) ;
#322 = EDGE_CURVE ( 'NONE', #3387, #2136, #2075, .T. ) ;
#323 = AXIS2_PLACEMENT_3D ( 'NONE', #3416, #631, #120 ) ;
#324 = ADVANCED_FACE ( 'NONE', ( #2073 ), #2043, .T. ) ;
#325 = CARTESIAN_POINT ( 'NONE',  ( 5.000000000000000000, 4.685197434473814759, -1.474514954580286030E-14 ) ) ;
#326 = CARTESIAN_POINT ( 'NONE',  ( 39.07977184163764406, -5.000000000000000888, 6.123233995736771213E-16 ) ) ;
#327 = CONICAL_SURFACE ( 'NONE', #3008, 5.000000000000002665, 0.9599310885968803664 ) ;
#328 = ORIENTED_EDGE ( 'NONE', *, *, #2724, .F. ) ;
#329 = CARTESIAN_POINT ( 'NONE',  ( 34.57977184163764406, 6.123233995736423128E-16, -5.000000000000003553 ) ) ;
#330 = VECTOR ( 'NONE', #3769, 1000.000000000000000 ) ;
#331 = DIRECTION ( 'NONE',  ( 0.0000000000000000000, -1.000000000000000000, 0.0000000000000000000 ) ) ;
#332 = CONICAL_SURFACE ( 'NONE', #897, 5.000000000000002665, 0.9599310885968803664 ) ;
#333 = CARTESIAN_POINT ( 'NONE',  ( 39.99999999999999289, 5.616230220889668760E-16, -4.171999999999999709 ) ) ;
#334 = EDGE_CURVE ( 'NONE', #1918, #3209, #2046, .T. ) ;
#335 = CONICAL_SURFACE ( 'NONE', #3250, 5.000000000000002665, 0.9599310885968803664 ) ;
#336 = VECTOR ( 'NONE', #1299, 1000.000000000000000 ) ;
#337 = VERTEX_POINT ( 'NONE', #2525 ) ;
#338 = DIRECTION ( 'NONE',  ( -1.000000000000000000, -0.0000000000000000000, -0.0000000000000000000 ) ) ;
#339 = CARTESIAN_POINT ( 'NONE',  ( 36.07977184163764406, -5.000000000000000000, 6.123233995736770227E-16 ) ) ;
#340 = AXIS2_PLACEMENT_3D ( 'NONE', #2828, #1740, #942 ) ;
#341 = CIRCLE ( 'NONE', #241, 1.499999999999999556 ) ;
#342 = ORIENTED_EDGE ( 'NONE', *, *, #236, .F. ) ;
#343 = PLANE ( 'NONE',  #692 ) ;
#344 = DIRECTION ( 'NONE',  ( 0.0000000000000000000, -1.000000000000000000, 0.0000000000000000000 ) ) ;
#345 = CARTESIAN_POINT ( 'NONE',  ( -31.74999999999995737, 0.0000000000000000000, 0.0000000000000000000 ) ) ;
#346 = DIRECTION ( 'NONE',  ( -1.000000000000000000, -0.0000000000000000000, -0.0000000000000000000 ) ) ;
#347 = LINE ( 'NONE', #272, #363 ) ;
#348 = ORIENTED_EDGE ( 'NONE', *, *, #2800, .F. ) ;
#349 = DIRECTION ( 'NONE',  ( 0.0000000000000000000, 0.0000000000000000000, 1.000000000000000000 ) ) ;
#350 = DIRECTION ( 'NONE',  ( -1.000000000000000000, -1.224606353822377258E-16, -0.0000000000000000000 ) ) ;
#351 = FACE_OUTER_BOUND ( 'NONE', #2591, .T. ) ;
#352 = ORIENTED_EDGE ( 'NONE', *, *, #2645, .F. ) ;
#353 = ADVANCED_FACE ( 'NONE', ( #2089 ), #1963, .T. ) ;
#354 = DIRECTION ( 'NONE',  ( -1.000000000000000000, -1.224606353822377258E-16, -0.0000000000000000000 ) ) ;
#355 = EDGE_CURVE ( 'NONE', #1693, #1751, #1975, .T. ) ;
#356 = CARTESIAN_POINT ( 'NONE',  ( 38.50000000000000000, 2.164491730381051252E-15, 0.0000000000000000000 ) ) ;
#357 = DIRECTION ( 'NONE',  ( 0.0000000000000000000, -1.000000000000000000, 0.0000000000000000000 ) ) ;
#358 = CARTESIAN_POINT ( 'NONE',  ( 34.57977184163764406, 5.000000000000004441, 0.0000000000000000000 ) ) ;
#359 = EDGE_CURVE ( 'NONE', #3924, #469, #2024, .T. ) ;
#360 = CARTESIAN_POINT ( 'NONE',  ( 31.92022815836235239, 6.123233995736451724E-16, -5.000000000000000888 ) ) ;
#361 = AXIS2_PLACEMENT_3D ( 'NONE', #1325, #2050, #1499 ) ;
#362 = EDGE_CURVE ( 'NONE', #3289, #3209, #2053, .T. ) ;
#363 = VECTOR ( 'NONE', #378, 999.9999999999998863 ) ;
#364 = DIRECTION ( 'NONE',  ( -1.000000000000000000, -1.224606353822377258E-16, -0.0000000000000000000 ) ) ;
#365 = ORIENTED_EDGE ( 'NONE', *, *, #456, .F. ) ;
#366 = EDGE_CURVE ( 'NONE', #1744, #1044, #1995, .T. ) ;
#367 = EDGE_CURVE ( 'NONE', #469, #1918, #1955, .T. ) ;
#368 = AXIS2_PLACEMENT_3D ( 'NONE', #413, #3095, #3248 ) ;
#369 = DIRECTION ( 'NONE',  ( 0.0000000000000000000, -1.000000000000000000, 0.0000000000000000000 ) ) ;
#370 = DIRECTION ( 'NONE',  ( 0.0000000000000000000, -1.000000000000000000, 0.0000000000000000000 ) ) ;
#371 = CARTESIAN_POINT ( 'NONE',  ( 25.92022815836235594, -3.158525108795066799E-29, 5.000000000000000888 ) ) ;
#372 = FACE_OUTER_BOUND ( 'NONE', #3102, .T. ) ;
#373 = CARTESIAN_POINT ( 'NONE',  ( 30.07977184163764051, 2.235490958484726972E-15, 0.0000000000000000000 ) ) ;
#374 = AXIS2_PLACEMENT_3D ( 'NONE', #4021, #2264, #2407 ) ;
#375 = DIRECTION ( 'NONE',  ( -1.000000000000000000, -1.224606353822377258E-16, -0.0000000000000000000 ) ) ;
#376 = DIRECTION ( 'NONE',  ( 0.0000000000000000000, -1.000000000000000000, 0.0000000000000000000 ) ) ;
#377 = VECTOR ( 'NONE', #1873, 999.9999999999998863 ) ;
#378 = DIRECTION ( 'NONE',  ( 0.5735764363510468256, 0.8191520442889913545, 0.0000000000000000000 ) ) ;
#379 = ORIENTED_EDGE ( 'NONE', *, *, #57, .T. ) ;
#380 = DIRECTION ( 'NONE',  ( -1.000000000000000000, -1.224606353822377258E-16, -0.0000000000000000000 ) ) ;
#381 = UNCERTAINTY_MEASURE_WITH_UNIT (LENGTH_MEASURE( 1.000000000000000082E-05 ), #1067, 'distance_accuracy_value', 'NONE');
#382 = CONICAL_SURFACE ( 'NONE', #945, 5.000000000000002665, 0.9599310885968803664 ) ;
#383 = EDGE_CURVE ( 'NONE', #3660, #862, #2005, .T. ) ;
#384 = LINE ( 'NONE', #1024, #3593 ) ;
#385 = ORIENTED_EDGE ( 'NONE', *, *, #2897, .T. ) ;
#386 = CONICAL_SURFACE ( 'NONE', #588, 4.172000000000002373, 0.9599310885968737050 ) ;
#387 = CARTESIAN_POINT ( 'NONE',  ( 27.07977184163764406, 5.000000000000005329, 0.0000000000000000000 ) ) ;
#388 = LINE ( 'NONE', #2631, #415 ) ;
#389 = DIRECTION ( 'NONE',  ( 0.0000000000000000000, 0.0000000000000000000, 1.000000000000000000 ) ) ;
#390 = CARTESIAN_POINT ( 'NONE',  ( 0.0000000000000000000, 0.0000000000000000000, 6.500000000000000888 ) ) ;
#391 = CIRCLE ( 'NONE', #524, 5.000000000000000888 ) ;
#392 = VERTEX_POINT ( 'NONE', #3072 ) ;
#393 = AXIS2_PLACEMENT_3D ( 'NONE', #2244, #426, #349 ) ;
#394 = CYLINDRICAL_SURFACE ( 'NONE', #1444, 4.999999999999925393 ) ;
#395 = AXIS2_PLACEMENT_3D ( 'NONE', #2138, #3722, #3748 ) ;
#396 = CARTESIAN_POINT ( 'NONE',  ( 37.92022815836234884, 2.093492502277374743E-15, 0.0000000000000000000 ) ) ;
#397 = CARTESIAN_POINT ( 'NONE',  ( 22.92022815836235239, 2.093492502277374743E-15, 0.0000000000000000000 ) ) ;
#398 = CARTESIAN_POINT ( 'NONE',  ( 36.42022815836234884, 2.093492502277374743E-15, 0.0000000000000000000 ) ) ;
#399 = CIRCLE ( 'NONE', #913, 5.000000000000002665 ) ;
#400 = CARTESIAN_POINT ( 'NONE',  ( 5.000000000000000000, 2.342598717236912709, 4.057499999999988560 ) ) ;
#401 = ORIENTED_EDGE ( 'NONE', *, *, #2820, .F. ) ;
#402 = FACE_OUTER_BOUND ( 'NONE', #3453, .T. ) ;
#403 = ORIENTED_EDGE ( 'NONE', *, *, #3074, .F. ) ;
#404 = CIRCLE ( 'NONE', #1430, 5.000000000000002665 ) ;
#405 = PRODUCT_DEFINITION_CONTEXT ( 'detailed design', #232, 'design' ) ;
#406 = ORIENTED_EDGE ( 'NONE', *, *, #3499, .F. ) ;
#407 = FACE_OUTER_BOUND ( 'NONE', #2990, .T. ) ;
#408 = AXIS2_PLACEMENT_3D ( 'NONE', #2718, #2076, #956 ) ;
#409 = VERTEX_POINT ( 'NONE', #3038 ) ;
#410 = FACE_OUTER_BOUND ( 'NONE', #2481, .T. ) ;
#411 = ORIENTED_EDGE ( 'NONE', *, *, #3236, .F. ) ;
#412 = DIRECTION ( 'NONE',  ( 0.0000000000000000000, -1.000000000000000000, 0.0000000000000000000 ) ) ;
#413 = CARTESIAN_POINT ( 'NONE',  ( 25.57977184163764406, 2.235490958484726972E-15, 0.0000000000000000000 ) ) ;
#414 = LINE ( 'NONE', #638, #89 ) ;
#415 = VECTOR ( 'NONE', #1462, 999.9999999999998863 ) ;
#416 = VERTEX_POINT ( 'NONE', #3082 ) ;
#417 = ORIENTED_EDGE ( 'NONE', *, *, #2669, .F. ) ;
#418 = FACE_OUTER_BOUND ( 'NONE', #3411, .T. ) ;
#419 =( LENGTH_UNIT ( ) NAMED_UNIT ( * ) SI_UNIT ( .MILLI., .METRE. ) );
#420 = CARTESIAN_POINT ( 'NONE',  ( 19.00000000000000355, 2.164491730381051252E-15, 0.0000000000000000000 ) ) ;
#421 = CARTESIAN_POINT ( 'NONE',  ( 28.00000000000000000, -4.172000000000000597, 5.616230220889765396E-16 ) ) ;
#422 = EDGE_CURVE ( 'NONE', #1151, #2489, #1916, .T. ) ;
#423 = ORIENTED_EDGE ( 'NONE', *, *, #2887, .T. ) ;
#424 = CARTESIAN_POINT ( 'NONE',  ( -31.74999999999995737, 0.0000000000000000000, 0.0000000000000000000 ) ) ;
#425 = DIRECTION ( 'NONE',  ( 0.0000000000000000000, -1.000000000000000000, 0.0000000000000000000 ) ) ;
#426 = DIRECTION ( 'NONE',  ( -1.000000000000000000, -0.0000000000000000000, -0.0000000000000000000 ) ) ;
#427 = CARTESIAN_POINT ( 'NONE',  ( 15.42022815836235239, 2.093492502277374743E-15, 0.0000000000000000000 ) ) ;
#428 = FACE_OUTER_BOUND ( 'NONE', #3017, .T. ) ;
#429 = ORIENTED_EDGE ( 'NONE', *, *, #2652, .F. ) ;
#430 = CIRCLE ( 'NONE', #883, 5.000000000000000888 ) ;
#431 = CARTESIAN_POINT ( 'NONE',  ( 30.07977184163764051, 2.235490958484726972E-15, 0.0000000000000000000 ) ) ;
#432 = DIRECTION ( 'NONE',  ( -1.000000000000000000, -0.0000000000000000000, -0.0000000000000000000 ) ) ;
#433 = VERTEX_POINT ( 'NONE', #3083 ) ;
#434 = CONICAL_SURFACE ( 'NONE', #999, 5.000000000000002665, 0.9599310885968803664 ) ;
#435 = CARTESIAN_POINT ( 'NONE',  ( 25.00000000000000000, 2.164491730381051252E-15, 0.0000000000000000000 ) ) ;
#436 = ORIENTED_EDGE ( 'NONE', *, *, #2970, .T. ) ;
#437 = CARTESIAN_POINT ( 'NONE',  ( -31.74999999999995737, 0.0000000000000000000, 0.0000000000000000000 ) ) ;
#438 = DIRECTION ( 'NONE',  ( -1.000000000000000000, -1.224606353822377258E-16, -0.0000000000000000000 ) ) ;
#439 = VECTOR ( 'NONE', #3455, 999.9999999999998863 ) ;
#440 = CARTESIAN_POINT ( 'NONE',  ( 37.57977184163763695, 2.235490958484726972E-15, 0.0000000000000000000 ) ) ;
#441 = LINE ( 'NONE', #3896, #2315 ) ;
#442 = ORIENTED_EDGE ( 'NONE', *, *, #3007, .T. ) ;
#443 = AXIS2_PLACEMENT_3D ( 'NONE', #1036, #2183, #40 ) ;
#444 = ORIENTED_EDGE ( 'NONE', *, *, #2477, .T. ) ;
#445 = CARTESIAN_POINT ( 'NONE',  ( 25.00000000000000000, 4.172000000000004150, 5.109226446042759579E-16 ) ) ;
#446 = DIRECTION ( 'NONE',  ( 1.000000000000000000, 1.224606353822377258E-16, 0.0000000000000000000 ) ) ;
#447 = FACE_OUTER_BOUND ( 'NONE', #3519, .T. ) ;
#448 = ORIENTED_EDGE ( 'NONE', *, *, #3047, .F. ) ;
#449 = EDGE_CURVE ( 'NONE', #1084, #1114, #1939, .T. ) ;
#450 = AXIS2_PLACEMENT_3D ( 'NONE', #3799, #3078, #3936 ) ;
#451 = LINE ( 'NONE', #2440, #439 ) ;
#452 = ORIENTED_EDGE ( 'NONE', *, *, #2820, .T. ) ;
#453 = CIRCLE ( 'NONE', #1037, 4.172000000000002373 ) ;
#454 = DIRECTION ( 'NONE',  ( -1.000000000000000000, -0.0000000000000000000, -0.0000000000000000000 ) ) ;
#455 = DIRECTION ( 'NONE',  ( 0.0000000000000000000, 0.0000000000000000000, -1.000000000000000000 ) ) ;
#456 = EDGE_CURVE ( 'NONE', #3917, #565, #1912, .T. ) ;
#457 = VERTEX_POINT ( 'NONE', #3193 ) ;
#458 = ORIENTED_EDGE ( 'NONE', *, *, #2365, .T. ) ;
#459 = DIRECTION ( 'NONE',  ( -1.000000000000000000, -0.0000000000000000000, -0.0000000000000000000 ) ) ;
#460 = ORIENTED_EDGE ( 'NONE', *, *, #3055, .T. ) ;
#461 = CIRCLE ( 'NONE', #3025, 5.000000000000000888 ) ;
#462 = FACE_OUTER_BOUND ( 'NONE', #712, .T. ) ;
#463 = ORIENTED_EDGE ( 'NONE', *, *, #2697, .T. ) ;
#464 = DIRECTION ( 'NONE',  ( -1.000000000000000000, -1.224606353822377258E-16, -0.0000000000000000000 ) ) ;
#465 = EDGE_CURVE ( 'NONE', #416, #1918, #1948, .T. ) ;
#466 = AXIS2_PLACEMENT_3D ( 'NONE', #3479, #3279, #3902 ) ;
#467 = CARTESIAN_POINT ( 'NONE',  ( -31.74999999999995737, 0.0000000000000000000, 0.0000000000000000000 ) ) ;
#468 = AXIS2_PLACEMENT_3D ( 'NONE', #2566, #2579, #291 ) ;
#469 = VERTEX_POINT ( 'NONE', #3204 ) ;
#470 = CIRCLE ( 'NONE', #2423, 5.000000000000002665 ) ;
#471 = ORIENTED_EDGE ( 'NONE', *, *, #2869, .F. ) ;
#472 = EDGE_CURVE ( 'NONE', #1708, #3404, #1886, .T. ) ;
#473 = AXIS2_PLACEMENT_3D ( 'NONE', #3355, #3216, #527 ) ;
#474 = DIRECTION ( 'NONE',  ( 0.0000000000000000000, -1.000000000000000000, 0.0000000000000000000 ) ) ;
#475 =( GEOMETRIC_REPRESENTATION_CONTEXT ( 3 ) GLOBAL_UNCERTAINTY_ASSIGNED_CONTEXT ( ( #2013 ) ) GLOBAL_UNIT_ASSIGNED_CONTEXT ( ( #419, #3403, #208 ) ) REPRESENTATION_CONTEXT ( 'NONE', 'WORKASPACE' ) );
#476 = EDGE_CURVE ( 'NONE', #3723, #1559, #2500, .T. ) ;
#477 = CIRCLE ( 'NONE', #961, 5.000000000000002665 ) ;
#478 = LINE ( 'NONE', #309, #1016 ) ;
#479 = VERTEX_POINT ( 'NONE', #3307 ) ;
#480 = CARTESIAN_POINT ( 'NONE',  ( 19.57977184163764406, 6.123233995736423128E-16, -5.000000000000003553 ) ) ;
#481 = CARTESIAN_POINT ( 'NONE',  ( 39.17199999999987625, 6.123233995736580900E-16, -4.999999999999849010 ) ) ;
#482 = CARTESIAN_POINT ( 'NONE',  ( 5.000000000000000000, 3.513898075855358627, 2.028749999999994280 ) ) ;
#483 = ADVANCED_FACE ( 'NONE', ( #462 ), #1841, .T. ) ;
#484 = AXIS2_PLACEMENT_3D ( 'NONE', #1618, #3009, #3270 ) ;
#485 = ORIENTED_EDGE ( 'NONE', *, *, #2836, .F. ) ;
#486 = DIRECTION ( 'NONE',  ( 0.0000000000000000000, 0.0000000000000000000, 1.000000000000000000 ) ) ;
#487 = CIRCLE ( 'NONE', #921, 4.172000000000002373 ) ;
#488 = VECTOR ( 'NONE', #1010, 1000.000000000000000 ) ;
#489 = AXIS2_PLACEMENT_3D ( 'NONE', #243, #1284, #2270 ) ;
#490 = VERTEX_POINT ( 'NONE', #3370 ) ;
#491 = EDGE_CURVE ( 'NONE', #2851, #1262, #3106, .T. ) ;
#492 = DIRECTION ( 'NONE',  ( -1.000000000000000000, -0.0000000000000000000, -0.0000000000000000000 ) ) ;
#493 = CONICAL_SURFACE ( 'NONE', #1026, 4.172000000000002373, 0.9599310885968737050 ) ;
#494 = DIRECTION ( 'NONE',  ( 0.0000000000000000000, 0.0000000000000000000, 1.000000000000000000 ) ) ;
#495 = FACE_OUTER_BOUND ( 'NONE', #2950, .T. ) ;
#496 = VECTOR ( 'NONE', #2471, 1000.000000000000000 ) ;
#497 = LINE ( 'NONE', #2859, #2977 ) ;
#498 = FACE_OUTER_BOUND ( 'NONE', #3389, .T. ) ;
#499 = DIRECTION ( 'NONE',  ( -1.000000000000000000, -1.224606353822377258E-16, -0.0000000000000000000 ) ) ;
#500 = ORIENTED_EDGE ( 'NONE', *, *, #2887, .F. ) ;
#501 = CARTESIAN_POINT ( 'NONE',  ( 10.40000000000000036, 0.0000000000000000000, 0.0000000000000000000 ) ) ;
#502 = ADVANCED_FACE ( 'NONE', ( #52 ), #1821, .T. ) ;
#503 = VERTEX_POINT ( 'NONE', #3440 ) ;
#504 = ORIENTED_EDGE ( 'NONE', *, *, #2903, .T. ) ;
#505 = FILL_AREA_STYLE ('',( #50 ) ) ;
#506 = AXIS2_PLACEMENT_3D ( 'NONE', #1509, #2585, #2574 ) ;
#507 = VECTOR ( 'NONE', #2452, 999.9999999999998863 ) ;
#508 = ORIENTED_EDGE ( 'NONE', *, *, #3074, .T. ) ;
#509 = FACE_OUTER_BOUND ( 'NONE', #2722, .T. ) ;
#510 = FACE_OUTER_BOUND ( 'NONE', #2778, .T. ) ;
#511 = ORIENTED_EDGE ( 'NONE', *, *, #2933, .T. ) ;
#512 = DIRECTION ( 'NONE',  ( -1.000000000000000000, -1.224606353822377258E-16, -0.0000000000000000000 ) ) ;
#513 = ORIENTED_EDGE ( 'NONE', *, *, #3144, .F. ) ;
#514 = DIRECTION ( 'NONE',  ( 0.0000000000000000000, -1.000000000000000000, 0.0000000000000000000 ) ) ;
#515 = FACE_OUTER_BOUND ( 'NONE', #736, .T. ) ;
#516 = AXIS2_PLACEMENT_3D ( 'NONE', #270, #3729, #4041 ) ;
#517 = CARTESIAN_POINT ( 'NONE',  ( 21.07977184163764051, 5.000000000000005329, 0.0000000000000000000 ) ) ;
#518 = AXIS2_PLACEMENT_3D ( 'NONE', #1609, #2554, #3377 ) ;
#519 = CARTESIAN_POINT ( 'NONE',  ( 26.50000000000000355, -4.172000000000000597, 0.0000000000000000000 ) ) ;
#520 = FACE_OUTER_BOUND ( 'NONE', #3342, .T. ) ;
#521 = VERTEX_POINT ( 'NONE', #3422 ) ;
#522 = DIRECTION ( 'NONE',  ( -0.5735764363510524877, 0.8191520442889874687, 1.003171929053519570E-16 ) ) ;
#523 = VECTOR ( 'NONE', #3153, 999.9999999999998863 ) ;
#524 = AXIS2_PLACEMENT_3D ( 'NONE', #4009, #2464, #1526 ) ;
#525 = VERTEX_POINT ( 'NONE', #3449 ) ;
#526 = CARTESIAN_POINT ( 'NONE',  ( 24.42022815836235239, 2.093492502277374743E-15, 0.0000000000000000000 ) ) ;
#527 = DIRECTION ( 'NONE',  ( 0.0000000000000000000, -1.000000000000000000, 0.0000000000000000000 ) ) ;
#528 = ORIENTED_EDGE ( 'NONE', *, *, #3155, .F. ) ;
#529 = CYLINDRICAL_SURFACE ( 'NONE', #985, 4.999999999999925393 ) ;
#530 = CIRCLE ( 'NONE', #3165, 5.000000000000000888 ) ;
#531 = EDGE_CURVE ( 'NONE', #862, #392, #1875, .T. ) ;
#532 = DIRECTION ( 'NONE',  ( 0.5735764363510470476, -0.8191520442889911324, 1.003171929053524007E-16 ) ) ;
#533 = CARTESIAN_POINT ( 'NONE',  ( 25.92022815836235594, 2.093492502277374743E-15, 0.0000000000000000000 ) ) ;
#534 = LINE ( 'NONE', #3109, #183 ) ;
#535 = DIRECTION ( 'NONE',  ( 1.000000000000000000, 0.0000000000000000000, 0.0000000000000000000 ) ) ;
#536 = CARTESIAN_POINT ( 'NONE',  ( 20.50000000000000000, 2.164491730381051252E-15, 0.0000000000000000000 ) ) ;
#537 = LINE ( 'NONE', #1993, #1306 ) ;
#538 = AXIS2_PLACEMENT_3D ( 'NONE', #3135, #1514, #3476 ) ;
#539 = ORIENTED_EDGE ( 'NONE', *, *, #3189, .F. ) ;
#540 = LINE ( 'NONE', #2182, #523 ) ;
#541 = DIRECTION ( 'NONE',  ( 0.0000000000000000000, -1.000000000000000000, 0.0000000000000000000 ) ) ;
#542 = CIRCLE ( 'NONE', #3912, 5.000000000000002665 ) ;
#543 = ORIENTED_EDGE ( 'NONE', *, *, #3805, .T. ) ;
#544 = DIRECTION ( 'NONE',  ( 0.5735764363510468256, 0.8191520442889913545, 0.0000000000000000000 ) ) ;
#545 = EDGE_CURVE ( 'NONE', #1559, #1857, #1824, .T. ) ;
#546 = AXIS2_PLACEMENT_3D ( 'NONE', #3699, #1694, #1636 ) ;
#547 = FACE_OUTER_BOUND ( 'NONE', #2941, .T. ) ;
#548 = EDGE_CURVE ( 'NONE', #3924, #1590, #1836, .T. ) ;
#549 = DIRECTION ( 'NONE',  ( 0.0000000000000000000, -1.000000000000000000, 0.0000000000000000000 ) ) ;
#550 = CIRCLE ( 'NONE', #1689, 5.000000000000000888 ) ;
#551 = DIRECTION ( 'NONE',  ( -0.0000000000000000000, 1.000000000000000000, 1.224646799147353207E-16 ) ) ;
#552 = ORIENTED_EDGE ( 'NONE', *, *, #2903, .F. ) ;
#553 = CARTESIAN_POINT ( 'NONE',  ( -31.74999999999995737, 0.0000000000000000000, 0.0000000000000000000 ) ) ;
#554 = PLANE ( 'NONE',  #1981 ) ;
#555 = CONICAL_SURFACE ( 'NONE', #1062, 5.000000000000002665, 0.9599310885968803664 ) ;
#556 = AXIS2_PLACEMENT_3D ( 'NONE', #2349, #2538, #3019 ) ;
#557 = ORIENTED_EDGE ( 'NONE', *, *, #3225, .T. ) ;
#558 = DIRECTION ( 'NONE',  ( 1.000000000000000000, 1.224606353822377258E-16, 0.0000000000000000000 ) ) ;
#559 = VECTOR ( 'NONE', #3664, 1000.000000000000000 ) ;
#560 = CIRCLE ( 'NONE', #1057, 5.000000000000002665 ) ;
#561 = AXIS2_PLACEMENT_3D ( 'NONE', #3545, #3557, #2810 ) ;
#562 = CARTESIAN_POINT ( 'NONE',  ( 5.000000000000000000, -3.513898075855364844, -2.028749999999996056 ) ) ;
#563 = ADVANCED_FACE ( 'NONE', ( #1817 ), #1793, .T. ) ;
#564 = DIRECTION ( 'NONE',  ( 0.0000000000000000000, -1.000000000000000000, 0.0000000000000000000 ) ) ;
#565 = VERTEX_POINT ( 'NONE', #3591 ) ;
#566 = CIRCLE ( 'NONE', #142, 0.4000000000000001887 ) ;
#567 = ORIENTED_EDGE ( 'NONE', *, *, #3236, .T. ) ;
#568 = CIRCLE ( 'NONE', #885, 5.000000000000000888 ) ;
#569 = CARTESIAN_POINT ( 'NONE',  ( 26.50000000000000355, 2.164491730381051252E-15, 0.0000000000000000000 ) ) ;
#570 = DIRECTION ( 'NONE',  ( -1.000000000000000000, -0.0000000000000000000, -0.0000000000000000000 ) ) ;
#571 = CARTESIAN_POINT ( 'NONE',  ( 21.07977184163764051, -3.505192498784769253E-29, 5.000000000000003553 ) ) ;
#572 = ORIENTED_EDGE ( 'NONE', *, *, #2836, .T. ) ;
#573 = CIRCLE ( 'NONE', #135, 5.000000000000002665 ) ;
#574 = DIRECTION ( 'NONE',  ( -1.000000000000000000, -1.224606353822377258E-16, -0.0000000000000000000 ) ) ;
#575 = DIRECTION ( 'NONE',  ( 0.5735764363510468256, 0.8191520442889913545, 0.0000000000000000000 ) ) ;
#576 = DIRECTION ( 'NONE',  ( -1.000000000000000000, -1.224606353822377258E-16, -0.0000000000000000000 ) ) ;
#577 = VERTEX_POINT ( 'NONE', #3613 ) ;
#578 = AXIS2_PLACEMENT_3D ( 'NONE', #3784, #642, #2447 ) ;
#579 = LINE ( 'NONE', #115, #586 ) ;
#580 = VERTEX_POINT ( 'NONE', #3464 ) ;
#581 = CARTESIAN_POINT ( 'NONE',  ( 31.92022815836235239, 5.000000000000003553, 6.123233995736768255E-16 ) ) ;
#582 = DIRECTION ( 'NONE',  ( 0.0000000000000000000, -1.000000000000000000, 0.0000000000000000000 ) ) ;
#583 = LINE ( 'NONE', #2120, #1348 ) ;
#584 = DIRECTION ( 'NONE',  ( 0.0000000000000000000, -1.000000000000000000, 0.0000000000000000000 ) ) ;
#585 = CARTESIAN_POINT ( 'NONE',  ( 22.57977184163764051, 5.000000000000005329, 0.0000000000000000000 ) ) ;
#586 = VECTOR ( 'NONE', #532, 999.9999999999998863 ) ;
#587 = ORIENTED_EDGE ( 'NONE', *, *, #74, .F. ) ;
#588 = AXIS2_PLACEMENT_3D ( 'NONE', #3124, #2792, #596 ) ;
#589 = ORIENTED_EDGE ( 'NONE', *, *, #3284, .F. ) ;
#590 = DIRECTION ( 'NONE',  ( 0.0000000000000000000, -1.000000000000000000, 0.0000000000000000000 ) ) ;
#591 = DIRECTION ( 'NONE',  ( 1.000000000000000000, 1.224606353822377258E-16, 0.0000000000000000000 ) ) ;
#592 = DIRECTION ( 'NONE',  ( 0.0000000000000000000, -1.000000000000000000, 0.0000000000000000000 ) ) ;
#593 = EDGE_CURVE ( 'NONE', #1454, #1744, #1796, .T. ) ;
#594 = CARTESIAN_POINT ( 'NONE',  ( 29.50000000000000000, 2.164491730381051252E-15, 0.0000000000000000000 ) ) ;
#595 = LINE ( 'NONE', #1488, #507 ) ;
#596 = DIRECTION ( 'NONE',  ( 0.0000000000000000000, -1.000000000000000000, 0.0000000000000000000 ) ) ;
#597 = ORIENTED_EDGE ( 'NONE', *, *, #3144, .T. ) ;
#598 = EDGE_CURVE ( 'NONE', #1751, #2489, #946, .T. ) ;
#599 = AXIS2_PLACEMENT_3D ( 'NONE', #2916, #3059, #3087 ) ;
#600 = CARTESIAN_POINT ( 'NONE',  ( 31.00000000000000000, 4.172000000000004150, 5.109226446042759579E-16 ) ) ;
#601 = FACE_OUTER_BOUND ( 'NONE', #3081, .T. ) ;
#602 = DIRECTION ( 'NONE',  ( -1.000000000000000000, -1.224606353822377258E-16, -0.0000000000000000000 ) ) ;
#603 = EDGE_CURVE ( 'NONE', #565, #1151, #1800, .T. ) ;
#604 = ORIENTED_EDGE ( 'NONE', *, *, #2601, .T. ) ;
#605 = CARTESIAN_POINT ( 'NONE',  ( 17.50000000000000000, 2.164491730381051252E-15, 0.0000000000000000000 ) ) ;
#606 = CIRCLE ( 'NONE', #2141, 5.000000000000002665 ) ;
#607 = AXIS2_PLACEMENT_3D ( 'NONE', #1563, #3367, #1445 ) ;
#608 = CIRCLE ( 'NONE', #1058, 5.000000000000002665 ) ;
#609 = STYLED_ITEM ( 'NONE', ( #3819 ), #3212 ) ;
#610 = AXIS2_PLACEMENT_3D ( 'NONE', #1252, #2069, #1521 ) ;
#611 = LINE ( 'NONE', #3344, #1725 ) ;
#612 = TOROIDAL_SURFACE ( 'NONE', #1736, 6.500000000000000888, 1.500000000000000000 ) ;
#613 = VECTOR ( 'NONE', #688, 999.9999999999998863 ) ;
#614 = ORIENTED_EDGE ( 'NONE', *, *, #3310, .T. ) ;
#615 = VECTOR ( 'NONE', #346, 1000.000000000000000 ) ;
#616 = AXIS2_PLACEMENT_3D ( 'NONE', #3383, #3413, #3446 ) ;
#617 = LINE ( 'NONE', #1966, #2177 ) ;
#618 = ORIENTED_EDGE ( 'NONE', *, *, #2697, .F. ) ;
#619 = VERTEX_POINT ( 'NONE', #3686 ) ;
#620 = CIRCLE ( 'NONE', #408, 5.000000000000000888 ) ;
#621 = ORIENTED_EDGE ( 'NONE', *, *, #2882, .T. ) ;
#622 = DIRECTION ( 'NONE',  ( 0.0000000000000000000, -1.000000000000000000, 0.0000000000000000000 ) ) ;
#623 = ORIENTED_EDGE ( 'NONE', *, *, #2850, .F. ) ;
#624 = CIRCLE ( 'NONE', #680, 4.172000000000002373 ) ;
#625 = CARTESIAN_POINT ( 'NONE',  ( -31.74999999999995737, 0.0000000000000000000, 4.999999999999925393 ) ) ;
#626 = EDGE_CURVE ( 'NONE', #2914, #416, #1805, .T. ) ;
#627 = AXIS2_PLACEMENT_3D ( 'NONE', #3000, #2817, #1979 ) ;
#628 = ADVANCED_FACE ( 'NONE', ( #1739 ), #1720, .T. ) ;
#629 = ORIENTED_EDGE ( 'NONE', *, *, #3319, .F. ) ;
#630 = LINE ( 'NONE', #2410, #2628 ) ;
#631 = DIRECTION ( 'NONE',  ( -1.000000000000000000, -1.224606353822377258E-16, -0.0000000000000000000 ) ) ;
#632 = CARTESIAN_POINT ( 'NONE',  ( 34.92022815836235594, -3.158525108795066799E-29, 5.000000000000000888 ) ) ;
#633 = FACE_OUTER_BOUND ( 'NONE', #2975, .T. ) ;
#634 = FACE_OUTER_BOUND ( 'NONE', #3164, .T. ) ;
#635 = ORIENTED_EDGE ( 'NONE', *, *, #3324, .F. ) ;
#636 = CONICAL_SURFACE ( 'NONE', #3538, 5.000000000000002665, 0.9599310885968803664 ) ;
#637 = CARTESIAN_POINT ( 'NONE',  ( -31.74999999999995737, 0.0000000000000000000, 0.0000000000000000000 ) ) ;
#638 = CARTESIAN_POINT ( 'NONE',  ( 34.57977184163764406, -5.000000000000000000, 6.123233995736770227E-16 ) ) ;
#639 = ORIENTED_EDGE ( 'NONE', *, *, #3310, .F. ) ;
#640 = VECTOR ( 'NONE', #3637, 1000.000000000000000 ) ;
#641 = ORIENTED_EDGE ( 'NONE', *, *, #3331, .T. ) ;
#642 = DIRECTION ( 'NONE',  ( -1.000000000000000000, -1.224606353822377258E-16, -0.0000000000000000000 ) ) ;
#643 = DIRECTION ( 'NONE',  ( -1.000000000000000000, -1.224606353822377258E-16, -0.0000000000000000000 ) ) ;
#644 = DIRECTION ( 'NONE',  ( 0.0000000000000000000, 0.0000000000000000000, -1.000000000000000000 ) ) ;
#645 = CARTESIAN_POINT ( 'NONE',  ( 31.57977184163764051, -3.466673899897024536E-29, 5.000000000000003553 ) ) ;
#646 = AXIS2_PLACEMENT_3D ( 'NONE', #2860, #2682, #2808 ) ;
#647 = DIRECTION ( 'NONE',  ( -1.000000000000000000, -1.224606353822377258E-16, -0.0000000000000000000 ) ) ;
#648 = CARTESIAN_POINT ( 'NONE',  ( 31.92022815836235239, -3.158525108795066799E-29, 5.000000000000000888 ) ) ;
#649 = ADVANCED_FACE ( 'NONE', ( #1743 ), #1648, .T. ) ;
#650 = LINE ( 'NONE', #3599, #640 ) ;
#651 = AXIS2_PLACEMENT_3D ( 'NONE', #2152, #2487, #2052 ) ;
#652 = AXIS2_PLACEMENT_3D ( 'NONE', #993, #869, #1519 ) ;
#653 = CARTESIAN_POINT ( 'NONE',  ( -31.74999999999995737, 0.0000000000000000000, 0.0000000000000000000 ) ) ;
#654 = CARTESIAN_POINT ( 'NONE',  ( 35.50000000000000711, 4.172000000000004150, 0.0000000000000000000 ) ) ;
#655 = DIRECTION ( 'NONE',  ( -0.0000000000000000000, 1.295896757998781966E-15, 1.000000000000000000 ) ) ;
#656 = DIRECTION ( 'NONE',  ( -1.000000000000000000, -1.224606353822377258E-16, -0.0000000000000000000 ) ) ;
#657 = AXIS2_PLACEMENT_3D ( 'NONE', #1607, #1726, #1844 ) ;
#658 = FACE_OUTER_BOUND ( 'NONE', #3469, .T. ) ;
#659 = VECTOR ( 'NONE', #3022, 1000.000000000000000 ) ;
#660 = CARTESIAN_POINT ( 'NONE',  ( 10.00000000000000178, 0.0000000000000000000, 0.0000000000000000000 ) ) ;
#661 = DIRECTION ( 'NONE',  ( 0.0000000000000000000, 0.0000000000000000000, 1.000000000000000000 ) ) ;
#662 = AXIS2_PLACEMENT_3D ( 'NONE', #398, #2823, #3424 ) ;
#663 = CARTESIAN_POINT ( 'NONE',  ( 15.07977184163764228, -5.000000000000000888, 6.123233995736771213E-16 ) ) ;
#664 = CARTESIAN_POINT ( 'NONE',  ( 24.42022815836235239, -3.158525108795066799E-29, 5.000000000000000888 ) ) ;
#665 = CIRCLE ( 'NONE', #1127, 5.000000000000000888 ) ;
#666 = VERTEX_POINT ( 'NONE', #2132 ) ;
#667 = ADVANCED_FACE ( 'NONE', ( #1621 ), #1615, .T. ) ;
#668 = VECTOR ( 'NONE', #1925, 1000.000000000000114 ) ;
#669 = VERTEX_POINT ( 'NONE', #1298 ) ;
#670 = EDGE_CURVE ( 'NONE', #1424, #1364, #1759, .T. ) ;
#671 = CIRCLE ( 'NONE', #2843, 4.172000000000002373 ) ;
#672 = ADVANCED_FACE ( 'NONE', ( #1688 ), #1606, .T. ) ;
#673 = AXIS2_PLACEMENT_3D ( 'NONE', #15, #3461, #369 ) ;
#674 = CARTESIAN_POINT ( 'NONE',  ( 24.42022815836235239, -4.999999999999998224, 0.0000000000000000000 ) ) ;
#675 = CARTESIAN_POINT ( 'NONE',  ( 17.50000000000000000, 4.172000000000004150, 5.109226446042759579E-16 ) ) ;
#676 = FACE_OUTER_BOUND ( 'NONE', #2612, .T. ) ;
#677 = FACE_BOUND ( 'NONE', #3467, .T. ) ;
#678 = CIRCLE ( 'NONE', #1064, 5.000000000000000888 ) ;
#679 = ORIENTED_EDGE ( 'NONE', *, *, #3368, .T. ) ;
#680 = AXIS2_PLACEMENT_3D ( 'NONE', #536, #3390, #3893 ) ;
#681 = CARTESIAN_POINT ( 'NONE',  ( 16.92022815836235239, -3.158525108795066799E-29, 5.000000000000000888 ) ) ;
#682 = AXIS2_PLACEMENT_3D ( 'NONE', #4034, #647, #3818 ) ;
#683 = CARTESIAN_POINT ( 'NONE',  ( 16.57977184163764051, -5.000000000000000888, 6.123233995736771213E-16 ) ) ;
#684 = EDGE_CURVE ( 'NONE', #337, #1857, #1665, .T. ) ;
#685 = AXIS2_PLACEMENT_3D ( 'NONE', #1395, #1406, #1451 ) ;
#686 = CONICAL_SURFACE ( 'NONE', #1173, 4.057500000000000107, 1.047197551196593857 ) ;
#687 = VERTEX_POINT ( 'NONE', #2273 ) ;
#688 = DIRECTION ( 'NONE',  ( 0.5735764363510468256, 0.8191520442889913545, 0.0000000000000000000 ) ) ;
#689 = CARTESIAN_POINT ( 'NONE',  ( 31.00000000000000000, 2.164491730381051252E-15, 0.0000000000000000000 ) ) ;
#690 = CIRCLE ( 'NONE', #1182, 5.000000000000002665 ) ;
#691 = EDGE_LOOP ( 'NONE', ( #3987, #1584, #3269, #1626, #1542, #3897 ) ) ;
#692 = AXIS2_PLACEMENT_3D ( 'NONE', #198, #3719, #2846 ) ;
#693 = AXIS2_PLACEMENT_3D ( 'NONE', #594, #846, #853 ) ;
#694 = CARTESIAN_POINT ( 'NONE',  ( 24.07977184163764051, 2.235490958484726972E-15, 0.0000000000000000000 ) ) ;
#695 = LINE ( 'NONE', #3258, #2062 ) ;
#696 = DIRECTION ( 'NONE',  ( 0.0000000000000000000, 0.0000000000000000000, -1.000000000000000000 ) ) ;
#697 = EDGE_CURVE ( 'NONE', #2569, #2955, #1696, .T. ) ;
#698 = DIRECTION ( 'NONE',  ( -1.000000000000000000, -0.0000000000000000000, -0.0000000000000000000 ) ) ;
#699 = FACE_OUTER_BOUND ( 'NONE', #3529, .T. ) ;
#700 = DIRECTION ( 'NONE',  ( 0.0000000000000000000, 0.0000000000000000000, -1.000000000000000000 ) ) ;
#701 = CONICAL_SURFACE ( 'NONE', #2460, 4.172000000000002373, 0.9599310885968737050 ) ;
#702 = ORIENTED_EDGE ( 'NONE', *, *, #3779, .F. ) ;
#703 = CARTESIAN_POINT ( 'NONE',  ( 24.07977184163764051, 2.235490958484726972E-15, 0.0000000000000000000 ) ) ;
#704 = DIRECTION ( 'NONE',  ( 1.000000000000000000, 1.224606353822377258E-16, 0.0000000000000000000 ) ) ;
#705 = CARTESIAN_POINT ( 'NONE',  ( 19.57977184163764406, 5.000000000000004441, 0.0000000000000000000 ) ) ;
#706 = COLOUR_RGB ( '',0.7764705882352941346, 0.7568627450980391913, 0.7372549019607843590 ) ;
#707 = ORIENTED_EDGE ( 'NONE', *, *, #3953, .F. ) ;
#708 = EDGE_CURVE ( 'NONE', #1928, #2383, #1727, .T. ) ;
#709 = CIRCLE ( 'NONE', #746, 8.000000000000000000 ) ;
#710 = DIRECTION ( 'NONE',  ( 0.0000000000000000000, -1.000000000000000000, 0.0000000000000000000 ) ) ;
#711 = CARTESIAN_POINT ( 'NONE',  ( 34.57977184163764406, 2.235490958484726972E-15, 0.0000000000000000000 ) ) ;
#712 = EDGE_LOOP ( 'NONE', ( #3454, #3918, #3286, #3283, #2168 ) ) ;
#713 = CIRCLE ( 'NONE', #3090, 5.000000000000000888 ) ;
#714 = ADVANCED_FACE ( 'NONE', ( #1600 ), #2633, .T. ) ;
#715 = DIRECTION ( 'NONE',  ( 0.5735764363510470476, -0.8191520442889911324, 1.003171929053524007E-16 ) ) ;
#716 = DIRECTION ( 'NONE',  ( -1.000000000000000000, -1.224606353822377258E-16, -0.0000000000000000000 ) ) ;
#717 = ORIENTED_EDGE ( 'NONE', *, *, #93, .T. ) ;
#718 = CIRCLE ( 'NONE', #94, 5.000000000000002665 ) ;
#719 = CYLINDRICAL_SURFACE ( 'NONE', #1154, 8.000000000000000000 ) ;
#720 = FACE_OUTER_BOUND ( 'NONE', #3311, .T. ) ;
#721 = EDGE_LOOP ( 'NONE', ( #3732, #1572, #1438, #760, #3781 ) ) ;
#722 = CIRCLE ( 'NONE', #163, 5.000000000000000888 ) ;
#723 = CARTESIAN_POINT ( 'NONE',  ( 14.50000000000000000, 2.164491730381051252E-15, 0.0000000000000000000 ) ) ;
#724 = CARTESIAN_POINT ( 'NONE',  ( 38.50000000000000000, 4.172000000000004150, 0.0000000000000000000 ) ) ;
#725 = EDGE_CURVE ( 'NONE', #3917, #1693, #1586, .T. ) ;
#726 = ORIENTED_EDGE ( 'NONE', *, *, #104, .F. ) ;
#727 = FACE_OUTER_BOUND ( 'NONE', #2483, .T. ) ;
#728 = ORIENTED_EDGE ( 'NONE', *, *, #3391, .F. ) ;
#729 = LINE ( 'NONE', #2108, #288 ) ;
#730 = DIRECTION ( 'NONE',  ( 1.000000000000000000, 0.0000000000000000000, 0.0000000000000000000 ) ) ;
#731 = FACE_OUTER_BOUND ( 'NONE', #3595, .T. ) ;
#732 = ORIENTED_EDGE ( 'NONE', *, *, #3392, .F. ) ;
#733 = DIRECTION ( 'NONE',  ( 0.0000000000000000000, 1.000000000000000000, 0.0000000000000000000 ) ) ;
#734 = DIRECTION ( 'NONE',  ( -0.5735764363510524877, 0.8191520442889874687, 1.003171929053519570E-16 ) ) ;
#735 = VERTEX_POINT ( 'NONE', #963 ) ;
#736 = EDGE_LOOP ( 'NONE', ( #66, #3605, #2630, #3792, #3688 ) ) ;
#737 = FACE_OUTER_BOUND ( 'NONE', #3832, .T. ) ;
#738 = FACE_OUTER_BOUND ( 'NONE', #2835, .T. ) ;
#739 = EDGE_CURVE ( 'NONE', #2922, #337, #1599, .T. ) ;
#740 = DIRECTION ( 'NONE',  ( 0.0000000000000000000, -1.000000000000000000, 0.0000000000000000000 ) ) ;
#741 = FACE_OUTER_BOUND ( 'NONE', #2863, .T. ) ;
#742 = CIRCLE ( 'NONE', #2435, 5.000000000000002665 ) ;
#743 = CIRCLE ( 'NONE', #1146, 5.000000000000000888 ) ;
#744 = DIRECTION ( 'NONE',  ( 1.000000000000000000, 1.224606353822377258E-16, 0.0000000000000000000 ) ) ;
#745 = ORIENTED_EDGE ( 'NONE', *, *, #3418, .F. ) ;
#746 = AXIS2_PLACEMENT_3D ( 'NONE', #3797, #3951, #1247 ) ;
#747 = CONICAL_SURFACE ( 'NONE', #1285, 4.172000000000002373, 0.9599310885968737050 ) ;
#748 = ORIENTED_EDGE ( 'NONE', *, *, #313, .F. ) ;
#749 = DIRECTION ( 'NONE',  ( -1.000000000000000000, -1.224606353822377258E-16, -0.0000000000000000000 ) ) ;
#750 = CARTESIAN_POINT ( 'NONE',  ( 17.50000000000000000, 2.164491730381051252E-15, 0.0000000000000000000 ) ) ;
#751 = EDGE_CURVE ( 'NONE', #3809, #779, #1581, .T. ) ;
#752 = AXIS2_PLACEMENT_3D ( 'NONE', #843, #2154, #1065 ) ;
#753 = DIRECTION ( 'NONE',  ( 0.0000000000000000000, -1.000000000000000000, 0.0000000000000000000 ) ) ;
#754 = DIRECTION ( 'NONE',  ( 0.0000000000000000000, 0.4999999999999990563, -0.8660254037844391517 ) ) ;
#755 = ORIENTED_EDGE ( 'NONE', *, *, #1061, .F. ) ;
#756 = DIRECTION ( 'NONE',  ( -0.5735764363510524877, 0.8191520442889874687, 1.003171929053519570E-16 ) ) ;
#757 = CARTESIAN_POINT ( 'NONE',  ( 5.000000000000000000, -4.685197434473812095, -2.602085213965210642E-15 ) ) ;
#758 = FACE_OUTER_BOUND ( 'NONE', #1202, .T. ) ;
#759 = FACE_OUTER_BOUND ( 'NONE', #3385, .T. ) ;
#760 = ORIENTED_EDGE ( 'NONE', *, *, #3978, .F. ) ;
#761 = AXIS2_PLACEMENT_3D ( 'NONE', #1046, #3113, #1920 ) ;
#762 = ADVANCED_FACE ( 'NONE', ( #1568 ), #1534, .T. ) ;
#763 = VECTOR ( 'NONE', #1973, 999.9999999999998863 ) ;
#764 = AXIS2_PLACEMENT_3D ( 'NONE', #3929, #3183, #1690 ) ;
#765 = FACE_OUTER_BOUND ( 'NONE', #2047, .T. ) ;
#766 = AXIS2_PLACEMENT_3D ( 'NONE', #3576, #3328, #941 ) ;
#767 = DIRECTION ( 'NONE',  ( 0.0000000000000000000, 1.000000000000000000, 0.0000000000000000000 ) ) ;
#768 = DIRECTION ( 'NONE',  ( -1.000000000000000000, -0.0000000000000000000, -0.0000000000000000000 ) ) ;
#769 = ORIENTED_EDGE ( 'NONE', *, *, #3331, .F. ) ;
#770 = CIRCLE ( 'NONE', #2222, 5.000000000000002665 ) ;
#771 = DIRECTION ( 'NONE',  ( -1.000000000000000000, -1.224606353822377258E-16, -0.0000000000000000000 ) ) ;
#772 = ORIENTED_EDGE ( 'NONE', *, *, #3189, .T. ) ;
#773 = VECTOR ( 'NONE', #3156, 1000.000000000000000 ) ;
#774 = ORIENTED_EDGE ( 'NONE', *, *, #3496, .T. ) ;
#775 = CIRCLE ( 'NONE', #3655, 5.000000000000000888 ) ;
#776 = CIRCLE ( 'NONE', #1211, 5.000000000000002665 ) ;
#777 = DIRECTION ( 'NONE',  ( -0.5735764363510521546, -0.8191520442889875797, 0.0000000000000000000 ) ) ;
#778 = CONICAL_SURFACE ( 'NONE', #1227, 4.172000000000002373, 0.9599310885968737050 ) ;
#779 = VERTEX_POINT ( 'NONE', #1629 ) ;
#780 = DIRECTION ( 'NONE',  ( 0.0000000000000000000, -1.000000000000000000, 0.0000000000000000000 ) ) ;
#781 = DIRECTION ( 'NONE',  ( 0.0000000000000000000, -1.000000000000000000, 0.0000000000000000000 ) ) ;
#782 = VECTOR ( 'NONE', #304, 1000.000000000000000 ) ;
#783 = FACE_OUTER_BOUND ( 'NONE', #3977, .T. ) ;
#784 = ORIENTED_EDGE ( 'NONE', *, *, #3512, .T. ) ;
#785 = AXIS2_PLACEMENT_3D ( 'NONE', #226, #915, #1624 ) ;
#786 = DIRECTION ( 'NONE',  ( -1.000000000000000000, -1.224606353822377258E-16, -0.0000000000000000000 ) ) ;
#787 = CIRCLE ( 'NONE', #1152, 5.000000000000000888 ) ;
#788 = ORIENTED_EDGE ( 'NONE', *, *, #3780, .T. ) ;
#789 = CIRCLE ( 'NONE', #3901, 5.000000000000002665 ) ;
#790 = CARTESIAN_POINT ( 'NONE',  ( 22.00000000000000000, 4.172000000000004150, 0.0000000000000000000 ) ) ;
#791 = CARTESIAN_POINT ( 'NONE',  ( 19.92022815836235239, 2.093492502277374743E-15, 0.0000000000000000000 ) ) ;
#792 = AXIS2_PLACEMENT_3D ( 'NONE', #427, #576, #3118 ) ;
#793 = CYLINDRICAL_SURFACE ( 'NONE', #1217, 4.999999999999925393 ) ;
#794 = VERTEX_POINT ( 'NONE', #1651 ) ;
#795 = CARTESIAN_POINT ( 'NONE',  ( 19.00000000000000355, 4.172000000000004150, 5.109226446042759579E-16 ) ) ;
#796 = ADVANCED_FACE ( 'NONE', ( #1545 ), #1522, .T. ) ;
#797 = CIRCLE ( 'NONE', #1184, 5.000000000000002665 ) ;
#798 = CARTESIAN_POINT ( 'NONE',  ( -31.74999999999995737, 0.0000000000000000000, 0.0000000000000000000 ) ) ;
#799 = EDGE_CURVE ( 'NONE', #3696, #3112, #1754, .T. ) ;
#800 = FACE_OUTER_BOUND ( 'NONE', #2197, .T. ) ;
#801 = CARTESIAN_POINT ( 'NONE',  ( -31.74999999999995737, 9.797174393178825657E-16, -8.000000000000000000 ) ) ;
#802 = DIRECTION ( 'NONE',  ( 0.0000000000000000000, -1.000000000000000000, 0.0000000000000000000 ) ) ;
#803 = VERTEX_POINT ( 'NONE', #1775 ) ;
#804 = CYLINDRICAL_SURFACE ( 'NONE', #1234, 4.999999999999925393 ) ;
#805 = PRESENTATION_LAYER_ASSIGNMENT (  '', '', ( #609 ) ) ;
#806 = DIRECTION ( 'NONE',  ( -1.000000000000000000, -1.224606353822377258E-16, -0.0000000000000000000 ) ) ;
#807 = ORIENTED_EDGE ( 'NONE', *, *, #3868, .F. ) ;
#808 = LINE ( 'NONE', #3429, #819 ) ;
#809 = DIRECTION ( 'NONE',  ( -1.000000000000000000, -0.0000000000000000000, -0.0000000000000000000 ) ) ;
#810 = CARTESIAN_POINT ( 'NONE',  ( 34.00000000000000000, 2.164491730381051252E-15, 0.0000000000000000000 ) ) ;
#811 = CIRCLE ( 'NONE', #1243, 4.172000000000002373 ) ;
#812 = ORIENTED_EDGE ( 'NONE', *, *, #3319, .T. ) ;
#813 = ADVANCED_FACE ( 'NONE', ( #1561 ), #1405, .T. ) ;
#814 = VECTOR ( 'NONE', #1641, 999.9999999999998863 ) ;
#815 = EDGE_CURVE ( 'NONE', #687, #3249, #1411, .T. ) ;
#816 = CONICAL_SURFACE ( 'NONE', #627, 5.000000000000002665, 0.9599310885968803664 ) ;
#817 = ORIENTED_EDGE ( 'NONE', *, *, #3621, .F. ) ;
#818 = AXIS2_PLACEMENT_3D ( 'NONE', #1553, #4020, #3814 ) ;
#819 = VECTOR ( 'NONE', #2719, 1000.000000000000000 ) ;
#820 = DIRECTION ( 'NONE',  ( -1.000000000000000000, -1.224606353822377258E-16, -0.0000000000000000000 ) ) ;
#821 = FACE_OUTER_BOUND ( 'NONE', #721, .T. ) ;
#822 = ORIENTED_EDGE ( 'NONE', *, *, #3391, .T. ) ;
#823 = DIRECTION ( 'NONE',  ( -0.5000000000000034417, 0.0000000000000000000, 0.8660254037844367092 ) ) ;
#824 = AXIS2_PLACEMENT_3D ( 'NONE', #1703, #3790, #1825 ) ;
#825 = CONICAL_SURFACE ( 'NONE', #1290, 4.172000000000002373, 0.9599310885968737050 ) ;
#826 = PLANE ( 'NONE',  #1119 ) ;
#827 = CIRCLE ( 'NONE', #1205, 5.000000000000002665 ) ;
#828 = ORIENTED_EDGE ( 'NONE', *, *, #1496, .T. ) ;
#829 = LINE ( 'NONE', #517, #613 ) ;
#830 = CARTESIAN_POINT ( 'NONE',  ( 28.57977184163764051, 2.235490958484726972E-15, 0.0000000000000000000 ) ) ;
#831 = DIRECTION ( 'NONE',  ( 0.0000000000000000000, -1.000000000000000000, 0.0000000000000000000 ) ) ;
#832 = CARTESIAN_POINT ( 'NONE',  ( 31.92022815836235239, -4.999999999999998224, 0.0000000000000000000 ) ) ;
#833 = FACE_OUTER_BOUND ( 'NONE', #691, .T. ) ;
#834 = AXIS2_PLACEMENT_3D ( 'NONE', #2195, #2059, #1647 ) ;
#835 = DIRECTION ( 'NONE',  ( 0.0000000000000000000, -1.000000000000000000, 0.0000000000000000000 ) ) ;
#836 = DIRECTION ( 'NONE',  ( 1.000000000000000000, 0.0000000000000000000, 0.0000000000000000000 ) ) ;
#837 = ORIENTED_EDGE ( 'NONE', *, *, #1061, .T. ) ;
#838 = AXIS2_PLACEMENT_3D ( 'NONE', #1237, #1731, #3134 ) ;
#839 = DIRECTION ( 'NONE',  ( -1.000000000000000000, -1.224606353822377258E-16, -0.0000000000000000000 ) ) ;
#840 = CIRCLE ( 'NONE', #1937, 5.000000000000000888 ) ;
#841 = CARTESIAN_POINT ( 'NONE',  ( 30.07977184163764051, -3.466673899897024536E-29, 5.000000000000003553 ) ) ;
#842 = DIRECTION ( 'NONE',  ( 0.0000000000000000000, -1.000000000000000000, 0.0000000000000000000 ) ) ;
#843 = CARTESIAN_POINT ( 'NONE',  ( -31.74999999999995737, 0.0000000000000000000, 0.0000000000000000000 ) ) ;
#844 = FACE_OUTER_BOUND ( 'NONE', #2692, .T. ) ;
#845 = DIRECTION ( 'NONE',  ( 1.000000000000000000, 0.0000000000000000000, 0.0000000000000000000 ) ) ;
#846 = DIRECTION ( 'NONE',  ( -1.000000000000000000, -1.224606353822377258E-16, -0.0000000000000000000 ) ) ;
#847 = LINE ( 'NONE', #285, #782 ) ;
#848 = CARTESIAN_POINT ( 'NONE',  ( -31.74999999999995737, 0.0000000000000000000, 4.999999999999925393 ) ) ;
#849 = AXIS2_PLACEMENT_3D ( 'NONE', #1668, #1195, #3620 ) ;
#850 = ORIENTED_EDGE ( 'NONE', *, *, #1063, .F. ) ;
#851 = EDGE_CURVE ( 'NONE', #3535, #3289, #1422, .T. ) ;
#852 = DIRECTION ( 'NONE',  ( -1.000000000000000000, -1.224606353822377258E-16, -0.0000000000000000000 ) ) ;
#853 = DIRECTION ( 'NONE',  ( 0.0000000000000000000, -1.000000000000000000, 0.0000000000000000000 ) ) ;
#854 = PRESENTATION_STYLE_ASSIGNMENT (( #2370 ) ) ;
#855 = ORIENTED_EDGE ( 'NONE', *, *, #2933, .F. ) ;
#856 = FACE_OUTER_BOUND ( 'NONE', #3488, .T. ) ;
#857 = DIRECTION ( 'NONE',  ( -1.000000000000000000, -1.224606353822377258E-16, -0.0000000000000000000 ) ) ;
#858 = AXIS2_PLACEMENT_3D ( 'NONE', #1941, #1884, #2603 ) ;
#859 = CARTESIAN_POINT ( 'NONE',  ( 21.07977184163764051, 2.235490958484726972E-15, 0.0000000000000000000 ) ) ;
#860 = CIRCLE ( 'NONE', #2148, 5.000000000000000888 ) ;
#861 = ADVANCED_FACE ( 'NONE', ( #1417 ), #1368, .T. ) ;
#862 = VERTEX_POINT ( 'NONE', #1924 ) ;
#863 = CARTESIAN_POINT ( 'NONE',  ( 25.57977184163764406, -3.466673899897024536E-29, 5.000000000000003553 ) ) ;
#864 = VECTOR ( 'NONE', #570, 1000.000000000000000 ) ;
#865 = UNCERTAINTY_MEASURE_WITH_UNIT (LENGTH_MEASURE( 1.000000000000000082E-05 ), #3232, 'distance_accuracy_value', 'NONE');
#866 = DIRECTION ( 'NONE',  ( -1.000000000000000000, -0.0000000000000000000, -0.0000000000000000000 ) ) ;
#867 = AXIS2_PLACEMENT_3D ( 'NONE', #526, #1544, #1906 ) ;
#868 = EDGE_CURVE ( 'NONE', #3112, #2807, #1426, .T. ) ;
#869 = DIRECTION ( 'NONE',  ( -1.000000000000000000, -1.224606353822377258E-16, -0.0000000000000000000 ) ) ;
#870 = ORIENTED_EDGE ( 'NONE', *, *, #1238, .F. ) ;
#871 = VECTOR ( 'NONE', #2678, 1000.000000000000000 ) ;
#872 = VERTEX_POINT ( 'NONE', #1950 ) ;
#873 = EDGE_CURVE ( 'NONE', #2807, #3627, #1396, .T. ) ;
#874 = MECHANICAL_DESIGN_GEOMETRIC_PRESENTATION_REPRESENTATION (  '', ( #609 ), #2509 ) ;
#875 = ORIENTED_EDGE ( 'NONE', *, *, #2457, .T. ) ;
#876 = CARTESIAN_POINT ( 'NONE',  ( 25.92022815836235594, 5.000000000000003553, 6.123233995736768255E-16 ) ) ;
#877 = CARTESIAN_POINT ( 'NONE',  ( 16.92022815836235239, 5.000000000000003553, 6.123233995736768255E-16 ) ) ;
#878 = LINE ( 'NONE', #625, #864 ) ;
#879 = ORIENTED_EDGE ( 'NONE', *, *, #1120, .F. ) ;
#880 = DIRECTION ( 'NONE',  ( 1.000000000000000000, 1.224606353822377258E-16, 0.0000000000000000000 ) ) ;
#881 = AXIS2_PLACEMENT_3D ( 'NONE', #3714, #857, #2462 ) ;
#882 = DIRECTION ( 'NONE',  ( -1.000000000000000000, -1.224606353822377258E-16, -0.0000000000000000000 ) ) ;
#883 = AXIS2_PLACEMENT_3D ( 'NONE', #3633, #3332, #1756 ) ;
#884 =( NAMED_UNIT ( * ) SI_UNIT ( $, .STERADIAN. ) SOLID_ANGLE_UNIT ( ) );
#885 = AXIS2_PLACEMENT_3D ( 'NONE', #1075, #1307, #3485 ) ;
#886 = CARTESIAN_POINT ( 'NONE',  ( 5.000000000000000000, 4.685197434473814759, -1.474514954580286030E-14 ) ) ;
#887 = CONICAL_SURFACE ( 'NONE', #1309, 5.000000000000002665, 0.9599310885968803664 ) ;
#888 = CIRCLE ( 'NONE', #1303, 4.172000000000002373 ) ;
#889 = CIRCLE ( 'NONE', #3466, 5.000000000000002665 ) ;
#890 = CARTESIAN_POINT ( 'NONE',  ( 33.07977184163764406, 2.235490958484726972E-15, 0.0000000000000000000 ) ) ;
#891 = ORIENTED_EDGE ( 'NONE', *, *, #3793, .T. ) ;
#892 = CARTESIAN_POINT ( 'NONE',  ( 16.00000000000000000, 2.164491730381051252E-15, 0.0000000000000000000 ) ) ;
#893 = CARTESIAN_POINT ( 'NONE',  ( 35.50000000000000711, -4.172000000000000597, 5.616230220889765396E-16 ) ) ;
#894 = DIRECTION ( 'NONE',  ( -1.000000000000000000, -1.224606353822377258E-16, -0.0000000000000000000 ) ) ;
#895 = VERTEX_POINT ( 'NONE', #1391 ) ;
#896 = AXIS2_PLACEMENT_3D ( 'NONE', #1253, #4003, #455 ) ;
#897 = AXIS2_PLACEMENT_3D ( 'NONE', #373, #446, #3206 ) ;
#898 = CONICAL_SURFACE ( 'NONE', #1322, 5.000000000000002665, 0.9599310885968803664 ) ;
#899 = CARTESIAN_POINT ( 'NONE',  ( -31.74999999999995737, 6.123233995736674577E-16, -4.999999999999925393 ) ) ;
#900 = ORIENTED_EDGE ( 'NONE', *, *, #1297, .T. ) ;
#901 =( NAMED_UNIT ( * ) SI_UNIT ( $, .STERADIAN. ) SOLID_ANGLE_UNIT ( ) );
#902 = DIRECTION ( 'NONE',  ( 0.0000000000000000000, -1.000000000000000000, 0.0000000000000000000 ) ) ;
#903 = TOROIDAL_SURFACE ( 'NONE', #1275, 5.399999999999925748, 0.4000000000000000222 ) ;
#904 = DIRECTION ( 'NONE',  ( -1.000000000000000000, -0.0000000000000000000, -0.0000000000000000000 ) ) ;
#905 = CARTESIAN_POINT ( 'NONE',  ( 22.57977184163764051, 2.235490958484726972E-15, 0.0000000000000000000 ) ) ;
#906 = DIRECTION ( 'NONE',  ( -1.000000000000000000, -0.0000000000000000000, -0.0000000000000000000 ) ) ;
#907 = ORIENTED_EDGE ( 'NONE', *, *, #1487, .T. ) ;
#908 = VECTOR ( 'NONE', #756, 999.9999999999998863 ) ;
#909 = ORIENTED_EDGE ( 'NONE', *, *, #1078, .F. ) ;
#910 = CARTESIAN_POINT ( 'NONE',  ( -31.74999999999995737, 0.0000000000000000000, 4.999999999999925393 ) ) ;
#911 = DIRECTION ( 'NONE',  ( -1.000000000000000000, -1.224606353822377258E-16, -0.0000000000000000000 ) ) ;
#912 = DIRECTION ( 'NONE',  ( -1.000000000000000000, -1.224606353822377258E-16, -0.0000000000000000000 ) ) ;
#913 = AXIS2_PLACEMENT_3D ( 'NONE', #3345, #3281, #3493 ) ;
#914 = CIRCLE ( 'NONE', #2431, 5.000000000000000888 ) ;
#915 = DIRECTION ( 'NONE',  ( -1.000000000000000000, -1.224606353822377258E-16, -0.0000000000000000000 ) ) ;
#916 = CARTESIAN_POINT ( 'NONE',  ( 36.42022815836234884, 2.093492502277374743E-15, 0.0000000000000000000 ) ) ;
#917 = CIRCLE ( 'NONE', #3518, 5.000000000000002665 ) ;
#918 = ORIENTED_EDGE ( 'NONE', *, *, #2869, .T. ) ;
#919 = EDGE_CURVE ( 'NONE', #18, #3842, #1378, .T. ) ;
#920 = VECTOR ( 'NONE', #1596, 999.9999999999998863 ) ;
#921 = AXIS2_PLACEMENT_3D ( 'NONE', #3158, #3159, #2285 ) ;
#922 = LINE ( 'NONE', #795, #908 ) ;
#923 = ORIENTED_EDGE ( 'NONE', *, *, #1333, .F. ) ;
#924 = CONICAL_SURFACE ( 'NONE', #323, 4.172000000000002373, 0.9599310885968737050 ) ;
#925 = CARTESIAN_POINT ( 'NONE',  ( 25.57977184163764406, -5.000000000000000888, 6.123233995736771213E-16 ) ) ;
#926 = EDGE_CURVE ( 'NONE', #3842, #3627, #1383, .T. ) ;
#927 = CARTESIAN_POINT ( 'NONE',  ( 31.57977184163764051, -5.000000000000000000, 6.123233995736770227E-16 ) ) ;
#928 = AXIS2_PLACEMENT_3D ( 'NONE', #2334, #2848, #121 ) ;
#929 = VERTEX_POINT ( 'NONE', #2021 ) ;
#930 = EDGE_CURVE ( 'NONE', #1795, #2807, #1386, .T. ) ;
#931 = ORIENTED_EDGE ( 'NONE', *, *, #1314, .F. ) ;
#932 = LINE ( 'NONE', #675, #3600 ) ;
#933 = ORIENTED_EDGE ( 'NONE', *, *, #3284, .T. ) ;
#934 = FACE_OUTER_BOUND ( 'NONE', #3684, .T. ) ;
#935 = ORIENTED_EDGE ( 'NONE', *, *, #1297, .F. ) ;
#936 = CARTESIAN_POINT ( 'NONE',  ( 21.42022815836234884, 2.093492502277374743E-15, 0.0000000000000000000 ) ) ;
#937 = CIRCLE ( 'NONE', #1324, 5.000000000000000888 ) ;
#938 = VERTEX_POINT ( 'NONE', #3999 ) ;
#939 = CARTESIAN_POINT ( 'NONE',  ( -31.74999999999995737, 6.123233995736674577E-16, -4.999999999999925393 ) ) ;
#940 = EDGE_CURVE ( 'NONE', #2265, #687, #1346, .T. ) ;
#941 = DIRECTION ( 'NONE',  ( 0.0000000000000000000, 0.0000000000000000000, 1.000000000000000000 ) ) ;
#942 = DIRECTION ( 'NONE',  ( 0.0000000000000000000, -1.000000000000000000, 0.0000000000000000000 ) ) ;
#943 = CARTESIAN_POINT ( 'NONE',  ( 30.42022815836235239, -3.158525108795066799E-29, 5.000000000000000888 ) ) ;
#944 = EDGE_CURVE ( 'NONE', #2265, #2515, #1354, .T. ) ;
#945 = AXIS2_PLACEMENT_3D ( 'NONE', #2711, #880, #2545 ) ;
#946 = LINE ( 'NONE', #3641, #1778 ) ;
#947 = AXIS2_PLACEMENT_3D ( 'NONE', #1369, #3760, #700 ) ;
#948 = EDGE_CURVE ( 'NONE', #2515, #3112, #1310, .T. ) ;
#949 = ORIENTED_EDGE ( 'NONE', *, *, #1412, .T. ) ;
#950 = DIRECTION ( 'NONE',  ( -1.000000000000000000, -1.224606353822377258E-16, -0.0000000000000000000 ) ) ;
#951 = FACE_OUTER_BOUND ( 'NONE', #3659, .T. ) ;
#952 = DIRECTION ( 'NONE',  ( -1.000000000000000000, -1.224606353822377258E-16, -0.0000000000000000000 ) ) ;
#953 = CARTESIAN_POINT ( 'NONE',  ( 19.57977184163764406, 2.235490958484726972E-15, 0.0000000000000000000 ) ) ;
#954 = DIRECTION ( 'NONE',  ( -1.000000000000000000, -1.224606353822377258E-16, -0.0000000000000000000 ) ) ;
#955 = FACE_OUTER_BOUND ( 'NONE', #2330, .T. ) ;
#956 = DIRECTION ( 'NONE',  ( 0.0000000000000000000, -1.000000000000000000, 0.0000000000000000000 ) ) ;
#957 = AXIS2_PLACEMENT_3D ( 'NONE', #67, #179, #3589 ) ;
#958 = DIRECTION ( 'NONE',  ( -1.000000000000000000, -1.224606353822377258E-16, -0.0000000000000000000 ) ) ;
#959 = DIRECTION ( 'NONE',  ( -1.000000000000000000, -1.224606353822377258E-16, -0.0000000000000000000 ) ) ;
#960 = LINE ( 'NONE', #3982, #4022 ) ;
#961 = AXIS2_PLACEMENT_3D ( 'NONE', #1959, #26, #1340 ) ;
#962 = CIRCLE ( 'NONE', #1334, 5.000000000000002665 ) ;
#963 = CARTESIAN_POINT ( 'NONE',  ( 27.07977184163764406, 5.000000000000004441, 0.0000000000000000000 ) ) ;
#964 = CARTESIAN_POINT ( 'NONE',  ( 25.00000000000000000, -4.172000000000000597, 0.0000000000000000000 ) ) ;
#965 = VECTOR ( 'NONE', #3259, 1000.000000000000227 ) ;
#966 = EDGE_CURVE ( 'NONE', #3387, #213, #1392, .T. ) ;
#967 = DIRECTION ( 'NONE',  ( -1.000000000000000000, -0.0000000000000000000, -0.0000000000000000000 ) ) ;
#968 = LINE ( 'NONE', #939, #1162 ) ;
#969 = CARTESIAN_POINT ( 'NONE',  ( 15.07977184163764228, 6.123233995736423128E-16, -5.000000000000003553 ) ) ;
#970 = CARTESIAN_POINT ( 'NONE',  ( 19.00000000000000355, 4.172000000000004150, 0.0000000000000000000 ) ) ;
#971 = VERTEX_POINT ( 'NONE', #2169 ) ;
#972 = CYLINDRICAL_SURFACE ( 'NONE', #1355, 4.999999999999925393 ) ;
#973 = ORIENTED_EDGE ( 'NONE', *, *, #1443, .T. ) ;
#974 = CIRCLE ( 'NONE', #473, 5.000000000000000888 ) ;
#975 = ORIENTED_EDGE ( 'NONE', *, *, #1238, .T. ) ;
#976 = AXIS2_PLACEMENT_3D ( 'NONE', #3471, #2251, #3205 ) ;
#977 = ADVANCED_FACE ( 'NONE', ( #1295 ), #1248, .T. ) ;
#978 = DIRECTION ( 'NONE',  ( 0.5735764363510470476, -0.8191520442889911324, 1.003171929053524007E-16 ) ) ;
#979 = DIRECTION ( 'NONE',  ( -1.000000000000000000, -1.224606353822377258E-16, -0.0000000000000000000 ) ) ;
#980 = CARTESIAN_POINT ( 'NONE',  ( -31.74999999999995737, 0.0000000000000000000, 0.0000000000000000000 ) ) ;
#981 = ADVANCED_FACE ( 'NONE', ( #3031 ), #3484, .T. ) ;
#982 = DIRECTION ( 'NONE',  ( 0.0000000000000000000, 1.000000000000000000, -1.110768649713241319E-15 ) ) ;
#983 = ORIENTED_EDGE ( 'NONE', *, *, #1351, .F. ) ;
#984 = EDGE_CURVE ( 'NONE', #3660, #3030, #1282, .T. ) ;
#985 = AXIS2_PLACEMENT_3D ( 'NONE', #2707, #2599, #3546 ) ;
#986 = CARTESIAN_POINT ( 'NONE',  ( 5.000000000000000000, 4.685197434473814759, -1.474514954580286030E-14 ) ) ;
#987 = DIRECTION ( 'NONE',  ( 0.0000000000000000000, -1.110768649713241319E-15, -1.000000000000000000 ) ) ;
#988 = DIRECTION ( 'NONE',  ( 1.000000000000000000, 0.0000000000000000000, 0.0000000000000000000 ) ) ;
#989 = ORIENTED_EDGE ( 'NONE', *, *, #1078, .T. ) ;
#990 = DIRECTION ( 'NONE',  ( 0.0000000000000000000, 0.0000000000000000000, 1.000000000000000000 ) ) ;
#991 = EDGE_CURVE ( 'NONE', #3275, #1454, #1279, .T. ) ;
#992 = ORIENTED_EDGE ( 'NONE', *, *, #919, .T. ) ;
#993 = CARTESIAN_POINT ( 'NONE',  ( 34.00000000000000000, 2.164491730381051252E-15, 0.0000000000000000000 ) ) ;
#994 = ORIENTED_EDGE ( 'NONE', *, *, #1730, .T. ) ;
#995 = DIRECTION ( 'NONE',  ( -0.5735764363510524877, 0.8191520442889874687, 1.003171929053519570E-16 ) ) ;
#996 = DIRECTION ( 'NONE',  ( 0.0000000000000000000, 0.0000000000000000000, 1.000000000000000000 ) ) ;
#997 = CIRCLE ( 'NONE', #3848, 4.172000000000002373 ) ;
#998 = EDGE_CURVE ( 'NONE', #1262, #2926, #1264, .T. ) ;
#999 = AXIS2_PLACEMENT_3D ( 'NONE', #953, #2007, #3892 ) ;
#1000 = EDGE_CURVE ( 'NONE', #2136, #3535, #1286, .T. ) ;
#1001 = CIRCLE ( 'NONE', #2276, 5.000000000000002665 ) ;
#1002 = DIRECTION ( 'NONE',  ( -0.5735764363510521546, -0.8191520442889875797, 0.0000000000000000000 ) ) ;
#1003 = CARTESIAN_POINT ( 'NONE',  ( 24.42022815836235239, 6.123233995736451724E-16, -5.000000000000000888 ) ) ;
#1004 = ADVANCED_FACE ( 'NONE', ( #1172 ), #1954, .T. ) ;
#1005 = EDGE_CURVE ( 'NONE', #3243, #1649, #2989, .T. ) ;
#1006 = FACE_OUTER_BOUND ( 'NONE', #3023, .T. ) ;
#1007 = AXIS2_PLACEMENT_3D ( 'NONE', #2012, #69, #2064 ) ;
#1008 = CARTESIAN_POINT ( 'NONE',  ( 37.57977184163763695, -5.000000000000000000, 6.123233995736770227E-16 ) ) ;
#1009 = ORIENTED_EDGE ( 'NONE', *, *, #926, .T. ) ;
#1010 = DIRECTION ( 'NONE',  ( -1.000000000000000000, -0.0000000000000000000, -0.0000000000000000000 ) ) ;
#1011 = PLANE ( 'NONE',  #1350 ) ;
#1012 = CIRCLE ( 'NONE', #673, 5.000000000000000888 ) ;
#1013 = ORIENTED_EDGE ( 'NONE', *, *, #873, .F. ) ;
#1014 = DIRECTION ( 'NONE',  ( -1.000000000000000000, -1.224606353822377258E-16, -0.0000000000000000000 ) ) ;
#1015 = AXIS2_PLACEMENT_3D ( 'NONE', #1890, #2151, #3069 ) ;
#1016 = VECTOR ( 'NONE', #2690, 1000.000000000000000 ) ;
#1017 = VECTOR ( 'NONE', #293, 1000.000000000000000 ) ;
#1018 = CARTESIAN_POINT ( 'NONE',  ( 31.57977184163764051, 5.000000000000005329, 0.0000000000000000000 ) ) ;
#1019 = CARTESIAN_POINT ( 'NONE',  ( 34.92022815836235594, 6.123233995736451724E-16, -5.000000000000000888 ) ) ;
#1020 = AXIS2_PLACEMENT_3D ( 'NONE', #2915, #2321, #2880 ) ;
#1021 = ORIENTED_EDGE ( 'NONE', *, *, #868, .F. ) ;
#1022 = LINE ( 'NONE', #2398, #330 ) ;
#1023 = CARTESIAN_POINT ( 'NONE',  ( 5.000000000000000000, 0.0000000000000000000, 4.057500000000000107 ) ) ;
#1024 = CARTESIAN_POINT ( 'NONE',  ( 23.50000000000000000, 4.172000000000004150, 5.109226446042759579E-16 ) ) ;
#1025 = CIRCLE ( 'NONE', #2106, 5.000000000000002665 ) ;
#1026 = AXIS2_PLACEMENT_3D ( 'NONE', #2299, #2280, #1880 ) ;
#1027 = ADVANCED_FACE ( 'NONE', ( #758 ), #1116, .T. ) ;
#1028 = MANIFOLD_SOLID_BREP ( 'ThdSchPat', #3577 ) ;
#1029 = ORIENTED_EDGE ( 'NONE', *, *, #799, .F. ) ;
#1030 = LINE ( 'NONE', #1879, #871 ) ;
#1031 = CIRCLE ( 'NONE', #1528, 5.000000000000000888 ) ;
#1032 = ORIENTED_EDGE ( 'NONE', *, *, #1145, .T. ) ;
#1033 = CARTESIAN_POINT ( 'NONE',  ( 33.07977184163764406, 2.235490958484726972E-15, 0.0000000000000000000 ) ) ;
#1034 = AXIS2_PLACEMENT_3D ( 'NONE', #325, #1360, #1168 ) ;
#1035 = DIRECTION ( 'NONE',  ( -1.000000000000000000, -0.0000000000000000000, -0.0000000000000000000 ) ) ;
#1036 = CARTESIAN_POINT ( 'NONE',  ( 0.0000000000000000000, 0.0000000000000000000, 0.0000000000000000000 ) ) ;
#1037 = AXIS2_PLACEMENT_3D ( 'NONE', #2420, #3152, #1123 ) ;
#1038 = CONICAL_SURFACE ( 'NONE', #2789, 4.172000000000002373, 0.9599310885968737050 ) ;
#1039 = LINE ( 'NONE', #1485, #282 ) ;
#1040 = CARTESIAN_POINT ( 'NONE',  ( 34.00000000000000000, -4.172000000000000597, 0.0000000000000000000 ) ) ;
#1041 = CARTESIAN_POINT ( 'NONE',  ( -31.74999999999995737, 0.0000000000000000000, 0.0000000000000000000 ) ) ;
#1042 = DIRECTION ( 'NONE',  ( 0.0000000000000000000, -1.000000000000000000, 0.0000000000000000000 ) ) ;
#1043 = MECHANICAL_DESIGN_GEOMETRIC_PRESENTATION_REPRESENTATION (  '', ( #1653 ), #2771 ) ;
#1044 = VERTEX_POINT ( 'NONE', #56 ) ;
#1045 = DIRECTION ( 'NONE',  ( 0.0000000000000000000, 0.0000000000000000000, 1.000000000000000000 ) ) ;
#1046 = CARTESIAN_POINT ( 'NONE',  ( 39.07977184163764406, 2.235490958484726972E-15, 0.0000000000000000000 ) ) ;
#1047 = CARTESIAN_POINT ( 'NONE',  ( 16.57977184163764051, -5.000000000000000000, 6.123233995736770227E-16 ) ) ;
#1048 = ADVANCED_FACE ( 'NONE', ( #1143 ), #972, .T. ) ;
#1049 = ADVANCED_FACE ( 'NONE', ( #1177 ), #1011, .F. ) ;
#1050 = CARTESIAN_POINT ( 'NONE',  ( 5.000000000000000000, 2.342598717236902495, -4.057500000000011653 ) ) ;
#1051 = EDGE_CURVE ( 'NONE', #1649, #779, #968, .T. ) ;
#1052 = DIRECTION ( 'NONE',  ( 0.0000000000000000000, -1.000000000000000000, 0.0000000000000000000 ) ) ;
#1053 = CARTESIAN_POINT ( 'NONE',  ( 24.42022815836235239, 2.093492502277374743E-15, 0.0000000000000000000 ) ) ;
#1054 = ADVANCED_FACE ( 'NONE', ( #955 ), #2099, .T. ) ;
#1055 = ORIENTED_EDGE ( 'NONE', *, *, #1089, .T. ) ;
#1056 =( NAMED_UNIT ( * ) SI_UNIT ( $, .STERADIAN. ) SOLID_ANGLE_UNIT ( ) );
#1057 = AXIS2_PLACEMENT_3D ( 'NONE', #2966, #2944, #3045 ) ;
#1058 = AXIS2_PLACEMENT_3D ( 'NONE', #3215, #3318, #1208 ) ;
#1059 =( NAMED_UNIT ( * ) PLANE_ANGLE_UNIT ( ) SI_UNIT ( $, .RADIAN. ) );
#1060 = ORIENTED_EDGE ( 'NONE', *, *, #3780, .F. ) ;
#1061 = EDGE_CURVE ( 'NONE', #2904, #3582, #1153, .T. ) ;
#1062 = AXIS2_PLACEMENT_3D ( 'NONE', #2255, #591, #2463 ) ;
#1063 = EDGE_CURVE ( 'NONE', #3012, #3582, #962, .T. ) ;
#1064 = AXIS2_PLACEMENT_3D ( 'NONE', #3976, #3552, #3261 ) ;
#1065 = DIRECTION ( 'NONE',  ( 0.0000000000000000000, 0.0000000000000000000, 1.000000000000000000 ) ) ;
#1066 = CARTESIAN_POINT ( 'NONE',  ( 16.00000000000000000, 2.164491730381051252E-15, 0.0000000000000000000 ) ) ;
#1067 =( LENGTH_UNIT ( ) NAMED_UNIT ( * ) SI_UNIT ( .MILLI., .METRE. ) );
#1068 = VECTOR ( 'NONE', #2133, 999.9999999999998863 ) ;
#1069 = VERTEX_POINT ( 'NONE', #877 ) ;
#1070 = SURFACE_STYLE_USAGE ( .BOTH. , #1076 ) ;
#1071 = CARTESIAN_POINT ( 'NONE',  ( 16.57977184163764051, 2.235490958484726972E-15, 0.0000000000000000000 ) ) ;
#1072 = ORIENTED_EDGE ( 'NONE', *, *, #1244, .F. ) ;
#1073 = EDGE_CURVE ( 'NONE', #1559, #3723, #1845, .T. ) ;
#1074 = VECTOR ( 'NONE', #123, 1000.000000000000000 ) ;
#1075 = CARTESIAN_POINT ( 'NONE',  ( 31.92022815836235239, 2.093492502277374743E-15, 0.0000000000000000000 ) ) ;
#1076 = SURFACE_SIDE_STYLE ('',( #1090 ) ) ;
#1077 = AXIS2_PLACEMENT_3D ( 'NONE', #29, #3570, #2455 ) ;
#1078 = EDGE_CURVE ( 'NONE', #3696, #18, #937, .T. ) ;
#1079 = FACE_OUTER_BOUND ( 'NONE', #3905, .T. ) ;
#1080 = FILL_AREA_STYLE ('',( #2343 ) ) ;
#1081 = PRESENTATION_STYLE_ASSIGNMENT (( #1070 ) ) ;
#1082 = ORIENTED_EDGE ( 'NONE', *, *, #815, .F. ) ;
#1083 = DIRECTION ( 'NONE',  ( 0.5735764363510468256, 0.8191520442889913545, 0.0000000000000000000 ) ) ;
#1084 = VERTEX_POINT ( 'NONE', #893 ) ;
#1085 = ORIENTED_EDGE ( 'NONE', *, *, #940, .F. ) ;
#1086 = CIRCLE ( 'NONE', #2001, 5.000000000000000888 ) ;
#1087 = AXIS2_PLACEMENT_3D ( 'NONE', #2696, #655, #1992 ) ;
#1088 = DIRECTION ( 'NONE',  ( 0.0000000000000000000, -1.000000000000000000, 0.0000000000000000000 ) ) ;
#1089 = EDGE_CURVE ( 'NONE', #1795, #3243, #922, .T. ) ;
#1090 = SURFACE_STYLE_FILL_AREA ( #1080 ) ;
#1091 = AXIS2_PLACEMENT_3D ( 'NONE', #1517, #2965, #1812 ) ;
#1092 = VERTEX_POINT ( 'NONE', #863 ) ;
#1093 = ADVANCED_FACE ( 'NONE', ( #951 ), #898, .T. ) ;
#1094 = CIRCLE ( 'NONE', #340, 5.000000000000002665 ) ;
#1095 = ORIENTED_EDGE ( 'NONE', *, *, #1145, .F. ) ;
#1096 = CARTESIAN_POINT ( 'NONE',  ( 33.42022815836235594, 2.093492502277374743E-15, 0.0000000000000000000 ) ) ;
#1097 = AXIS2_PLACEMENT_3D ( 'NONE', #2412, #2313, #2373 ) ;
#1098 = ADVANCED_FACE ( 'NONE', ( #934 ), #887, .T. ) ;
#1099 = DIRECTION ( 'NONE',  ( -1.000000000000000000, -1.224606353822377258E-16, -0.0000000000000000000 ) ) ;
#1100 = ORIENTED_EDGE ( 'NONE', *, *, #944, .T. ) ;
#1101 = CARTESIAN_POINT ( 'NONE',  ( 18.42022815836235594, 2.093492502277374743E-15, 0.0000000000000000000 ) ) ;
#1102 = CIRCLE ( 'NONE', #881, 5.000000000000000888 ) ;
#1103 = AXIS2_PLACEMENT_3D ( 'NONE', #2198, #2714, #2272 ) ;
#1104 = ORIENTED_EDGE ( 'NONE', *, *, #472, .F. ) ;
#1105 = CIRCLE ( 'NONE', #3211, 5.000000000000002665 ) ;
#1106 = EDGE_CURVE ( 'NONE', #1280, #1069, #932, .T. ) ;
#1107 = VERTEX_POINT ( 'NONE', #648 ) ;
#1108 = AXIS2_PLACEMENT_3D ( 'NONE', #2592, #2235, #3807 ) ;
#1109 = ORIENTED_EDGE ( 'NONE', *, *, #948, .T. ) ;
#1110 = EDGE_CURVE ( 'NONE', #1704, #1280, #888, .T. ) ;
#1111 = AXIS2_PLACEMENT_3D ( 'NONE', #3292, #3580, #541 ) ;
#1112 = LINE ( 'NONE', #1940, #1625 ) ;
#1113 = CIRCLE ( 'NONE', #443, 6.500000000000000888 ) ;
#1114 = VERTEX_POINT ( 'NONE', #654 ) ;
#1115 = DIRECTION ( 'NONE',  ( -1.000000000000000000, -0.0000000000000000000, -0.0000000000000000000 ) ) ;
#1116 = CONICAL_SURFACE ( 'NONE', #1418, 4.172000000000002373, 0.9599310885968737050 ) ;
#1117 = LINE ( 'NONE', #964, #2572 ) ;
#1118 = ORIENTED_EDGE ( 'NONE', *, *, #3225, .F. ) ;
#1119 = AXIS2_PLACEMENT_3D ( 'NONE', #2166, #2746, #754 ) ;
#1120 = EDGE_CURVE ( 'NONE', #895, #3676, #878, .T. ) ;
#1121 = VECTOR ( 'NONE', #1313, 1000.000000000000000 ) ;
#1122 = DIRECTION ( 'NONE',  ( 0.0000000000000000000, -1.000000000000000000, 0.0000000000000000000 ) ) ;
#1123 = DIRECTION ( 'NONE',  ( 0.0000000000000000000, -1.000000000000000000, 0.0000000000000000000 ) ) ;
#1124 = FACE_OUTER_BOUND ( 'NONE', #3511, .T. ) ;
#1125 = AXIS2_PLACEMENT_3D ( 'NONE', #986, #159, #1305 ) ;
#1126 = ORIENTED_EDGE ( 'NONE', *, *, #868, .T. ) ;
#1127 = AXIS2_PLACEMENT_3D ( 'NONE', #2115, #2368, #3027 ) ;
#1128 = VECTOR ( 'NONE', #3173, 1000.000000000000000 ) ;
#1129 = ORIENTED_EDGE ( 'NONE', *, *, #930, .F. ) ;
#1130 = ORIENTED_EDGE ( 'NONE', *, *, #3563, .F. ) ;
#1131 = DIRECTION ( 'NONE',  ( -1.000000000000000000, -1.224606353822377258E-16, -0.0000000000000000000 ) ) ;
#1132 = CONICAL_SURFACE ( 'NONE', #85, 4.172000000000002373, 0.9599310885968737050 ) ;
#1133 = ADVANCED_FACE ( 'NONE', ( #856 ), #825, .T. ) ;
#1134 = VECTOR ( 'NONE', #2733, 999.9999999999998863 ) ;
#1135 = ORIENTED_EDGE ( 'NONE', *, *, #1244, .T. ) ;
#1136 = CARTESIAN_POINT ( 'NONE',  ( 5.000000000000000000, 0.0000000000000000000, 0.0000000000000000000 ) ) ;
#1137 = CARTESIAN_POINT ( 'NONE',  ( 39.99999999999999289, 0.0000000000000000000, 0.0000000000000000000 ) ) ;
#1138 = ADVANCED_FACE ( 'NONE', ( #3110 ), #903, .F. ) ;
#1139 = AXIS2_PLACEMENT_3D ( 'NONE', #3245, #338, #1714 ) ;
#1140 = CARTESIAN_POINT ( 'NONE',  ( 35.50000000000000711, 2.164491730381051252E-15, 0.0000000000000000000 ) ) ;
#1141 = AXIS2_PLACEMENT_3D ( 'NONE', #54, #1423, #34 ) ;
#1142 = DIRECTION ( 'NONE',  ( 0.0000000000000000000, -1.000000000000000000, 0.0000000000000000000 ) ) ;
#1143 = FACE_OUTER_BOUND ( 'NONE', #3075, .T. ) ;
#1144 = ADVANCED_FACE ( 'NONE', ( #2465 ), #804, .T. ) ;
#1145 = EDGE_CURVE ( 'NONE', #2265, #1795, #811, .T. ) ;
#1146 = AXIS2_PLACEMENT_3D ( 'NONE', #3989, #4040, #3558 ) ;
#1147 = ORIENTED_EDGE ( 'NONE', *, *, #1005, .T. ) ;
#1148 = CARTESIAN_POINT ( 'NONE',  ( 14.50000000000000000, 2.164491730381051252E-15, 0.0000000000000000000 ) ) ;
#1149 = CARTESIAN_POINT ( 'NONE',  ( 36.07977184163764406, 2.235490958484726972E-15, 0.0000000000000000000 ) ) ;
#1150 = ADVANCED_FACE ( 'NONE', ( #833 ), #793, .T. ) ;
#1151 = VERTEX_POINT ( 'NONE', #358 ) ;
#1152 = AXIS2_PLACEMENT_3D ( 'NONE', #3983, #1246, #2568 ) ;
#1153 = LINE ( 'NONE', #899, #1199 ) ;
#1154 = AXIS2_PLACEMENT_3D ( 'NONE', #437, #154, #249 ) ;
#1155 = DIRECTION ( 'NONE',  ( -1.000000000000000000, -1.224606353822377258E-16, -0.0000000000000000000 ) ) ;
#1156 = CARTESIAN_POINT ( 'NONE',  ( 22.92022815836235239, 6.123233995736451724E-16, -5.000000000000000888 ) ) ;
#1157 = ORIENTED_EDGE ( 'NONE', *, *, #1051, .T. ) ;
#1158 = ADVANCED_FACE ( 'NONE', ( #800 ), #778, .T. ) ;
#1159 = CIRCLE ( 'NONE', #1261, 5.000000000000002665 ) ;
#1160 = ORIENTED_EDGE ( 'NONE', *, *, #751, .F. ) ;
#1161 = CARTESIAN_POINT ( 'NONE',  ( 33.07977184163764406, 2.235490958484726972E-15, 0.0000000000000000000 ) ) ;
#1162 = VECTOR ( 'NONE', #904, 1000.000000000000000 ) ;
#1163 = CARTESIAN_POINT ( 'NONE',  ( 34.57977184163764406, -5.000000000000000888, 6.123233995736771213E-16 ) ) ;
#1164 = FACE_OUTER_BOUND ( 'NONE', #2819, .T. ) ;
#1165 = ORIENTED_EDGE ( 'NONE', *, *, #2617, .T. ) ;
#1166 = LINE ( 'NONE', #2350, #2750 ) ;
#1167 = CARTESIAN_POINT ( 'NONE',  ( 5.000000000000000000, 4.685197434473814759, -1.474514954580286030E-14 ) ) ;
#1168 = DIRECTION ( 'NONE',  ( 0.0000000000000000000, 0.0000000000000000000, -1.000000000000000000 ) ) ;
#1169 = CARTESIAN_POINT ( 'NONE',  ( 28.57977184163764051, 5.000000000000004441, 0.0000000000000000000 ) ) ;
#1170 = VECTOR ( 'NONE', #1294, 999.9999999999998863 ) ;
#1171 = ADVANCED_FACE ( 'NONE', ( #783 ), #747, .T. ) ;
#1172 = FACE_OUTER_BOUND ( 'NONE', #3798, .T. ) ;
#1173 = AXIS2_PLACEMENT_3D ( 'NONE', #98, #78, #127 ) ;
#1174 = EDGE_CURVE ( 'NONE', #392, #3551, #776, .T. ) ;
#1175 = ORIENTED_EDGE ( 'NONE', *, *, #998, .T. ) ;
#1176 = DIRECTION ( 'NONE',  ( 0.0000000000000000000, -1.000000000000000000, 0.0000000000000000000 ) ) ;
#1177 = FACE_OUTER_BOUND ( 'NONE', #2583, .T. ) ;
#1178 = COLOUR_RGB ( '',0.7764705882352941346, 0.7568627450980391913, 0.7372549019607843590 ) ;
#1179 = VERTEX_POINT ( 'NONE', #279 ) ;
#1180 = FILL_AREA_STYLE_COLOUR ( '', #1178 ) ;
#1181 = DIRECTION ( 'NONE',  ( -0.5735764363510524877, 0.8191520442889874687, 1.003171929053519570E-16 ) ) ;
#1182 = AXIS2_PLACEMENT_3D ( 'NONE', #25, #5, #3965 ) ;
#1183 = CARTESIAN_POINT ( 'NONE',  ( 39.99999999999999289, 0.0000000000000000000, 0.0000000000000000000 ) ) ;
#1184 = AXIS2_PLACEMENT_3D ( 'NONE', #150, #145, #136 ) ;
#1185 = DIRECTION ( 'NONE',  ( -1.000000000000000000, -0.0000000000000000000, -0.0000000000000000000 ) ) ;
#1186 = DIRECTION ( 'NONE',  ( 0.0000000000000000000, -1.000000000000000000, 0.0000000000000000000 ) ) ;
#1187 = DIRECTION ( 'NONE',  ( -1.000000000000000000, -1.224606353822377258E-16, -0.0000000000000000000 ) ) ;
#1188 = VECTOR ( 'NONE', #1181, 999.9999999999998863 ) ;
#1189 = ORIENTED_EDGE ( 'NONE', *, *, #2616, .F. ) ;
#1190 = CARTESIAN_POINT ( 'NONE',  ( 14.50000000000000000, -4.172000000000000597, 5.616230220889765396E-16 ) ) ;
#1191 = CARTESIAN_POINT ( 'NONE',  ( 38.50000000000000000, 4.172000000000004150, 5.109226446042759579E-16 ) ) ;
#1192 = DIRECTION ( 'NONE',  ( 0.0000000000000000000, -1.000000000000000000, 0.0000000000000000000 ) ) ;
#1193 = EDGE_CURVE ( 'NONE', #3551, #3404, #827, .T. ) ;
#1194 = ORIENTED_EDGE ( 'NONE', *, *, #1216, .F. ) ;
#1195 = DIRECTION ( 'NONE',  ( -1.000000000000000000, -1.224606353822377258E-16, -0.0000000000000000000 ) ) ;
#1196 = VECTOR ( 'NONE', #1002, 1000.000000000000000 ) ;
#1197 = CARTESIAN_POINT ( 'NONE',  ( -31.74999999999995737, 0.0000000000000000000, 8.000000000000000000 ) ) ;
#1198 = DIRECTION ( 'NONE',  ( 0.0000000000000000000, -1.000000000000000000, 0.0000000000000000000 ) ) ;
#1199 = VECTOR ( 'NONE', #906, 1000.000000000000000 ) ;
#1200 = ORIENTED_EDGE ( 'NONE', *, *, #708, .F. ) ;
#1201 = CARTESIAN_POINT ( 'NONE',  ( 10.40000000000000036, 0.0000000000000000000, 0.0000000000000000000 ) ) ;
#1202 = EDGE_LOOP ( 'NONE', ( #2231, #3588, #3946, #2625, #3785 ) ) ;
#1203 = CARTESIAN_POINT ( 'NONE',  ( 32.50000000000000000, 4.172000000000004150, 0.0000000000000000000 ) ) ;
#1204 = DIRECTION ( 'NONE',  ( -1.000000000000000000, -1.224606353822377258E-16, -0.0000000000000000000 ) ) ;
#1205 = AXIS2_PLACEMENT_3D ( 'NONE', #205, #191, #185 ) ;
#1206 = AXIS2_PLACEMENT_3D ( 'NONE', #3886, #836, #3177 ) ;
#1207 = ORIENTED_EDGE ( 'NONE', *, *, #1209, .F. ) ;
#1208 = DIRECTION ( 'NONE',  ( 0.0000000000000000000, -1.000000000000000000, 0.0000000000000000000 ) ) ;
#1209 = EDGE_CURVE ( 'NONE', #3249, #1215, #847, .T. ) ;
#1210 = ORIENTED_EDGE ( 'NONE', *, *, #2495, .F. ) ;
#1211 = AXIS2_PLACEMENT_3D ( 'NONE', #259, #235, #228 ) ;
#1212 = CARTESIAN_POINT ( 'NONE',  ( 25.00000000000000000, 2.164491730381051252E-15, 0.0000000000000000000 ) ) ;
#1213 = CARTESIAN_POINT ( 'NONE',  ( -31.74999999999995737, 0.0000000000000000000, 4.999999999999925393 ) ) ;
#1214 = VECTOR ( 'NONE', #2360, 1000.000000000000000 ) ;
#1215 = VERTEX_POINT ( 'NONE', #175 ) ;
#1216 = EDGE_CURVE ( 'NONE', #1215, #3809, #797, .T. ) ;
#1217 = AXIS2_PLACEMENT_3D ( 'NONE', #424, #459, #389 ) ;
#1218 = DIRECTION ( 'NONE',  ( 0.0000000000000000000, 0.0000000000000000000, 1.000000000000000000 ) ) ;
#1219 = CARTESIAN_POINT ( 'NONE',  ( 5.000000000000000000, -2.342598717236900718, 4.057499999999993889 ) ) ;
#1220 = LINE ( 'NONE', #3826, #2366 ) ;
#1221 = ORIENTED_EDGE ( 'NONE', *, *, #1661, .T. ) ;
#1222 = DIRECTION ( 'NONE',  ( -1.000000000000000000, -0.0000000000000000000, -0.0000000000000000000 ) ) ;
#1223 = ORIENTED_EDGE ( 'NONE', *, *, #1110, .T. ) ;
#1224 = ADVANCED_FACE ( 'NONE', ( #741 ), #719, .T. ) ;
#1225 = CIRCLE ( 'NONE', #2404, 5.000000000000000888 ) ;
#1226 = DIRECTION ( 'NONE',  ( 0.0000000000000000000, -1.000000000000000000, 0.0000000000000000000 ) ) ;
#1227 = AXIS2_PLACEMENT_3D ( 'NONE', #356, #350, #370 ) ;
#1228 = VERTEX_POINT ( 'NONE', #126 ) ;
#1229 = FACE_OUTER_BOUND ( 'NONE', #2699, .T. ) ;
#1230 = CARTESIAN_POINT ( 'NONE',  ( 39.99999999999999289, 0.0000000000000000000, 0.0000000000000000000 ) ) ;
#1231 = ORIENTED_EDGE ( 'NONE', *, *, #491, .F. ) ;
#1232 = ADVANCED_FACE ( 'NONE', ( #738 ), #686, .F. ) ;
#1233 = DIRECTION ( 'NONE',  ( -1.000000000000000000, -0.0000000000000000000, -0.0000000000000000000 ) ) ;
#1234 = AXIS2_PLACEMENT_3D ( 'NONE', #467, #454, #494 ) ;
#1235 =( NAMED_UNIT ( * ) SI_UNIT ( $, .STERADIAN. ) SOLID_ANGLE_UNIT ( ) );
#1236 = COLOUR_RGB ( '',0.7764705882352941346, 0.7568627450980391913, 0.7372549019607843590 ) ;
#1237 = CARTESIAN_POINT ( 'NONE',  ( 27.42022815836235239, 2.093492502277374743E-15, 0.0000000000000000000 ) ) ;
#1238 = EDGE_CURVE ( 'NONE', #3676, #3012, #690, .T. ) ;
#1239 = PRESENTATION_LAYER_ASSIGNMENT (  '', '', ( #4033 ) ) ;
#1240 = VECTOR ( 'NONE', #1233, 1000.000000000000000 ) ;
#1241 = CARTESIAN_POINT ( 'NONE',  ( -31.74999999999995737, 0.0000000000000000000, 4.999999999999925393 ) ) ;
#1242 = ADVANCED_FACE ( 'NONE', ( #731 ), #3756, .T. ) ;
#1243 = AXIS2_PLACEMENT_3D ( 'NONE', #420, #380, #376 ) ;
#1244 = EDGE_CURVE ( 'NONE', #3249, #3243, #743, .T. ) ;
#1245 = EDGE_LOOP ( 'NONE', ( #641, #679, #728, #732, #745 ) ) ;
#1246 = DIRECTION ( 'NONE',  ( -1.000000000000000000, -1.224606353822377258E-16, -0.0000000000000000000 ) ) ;
#1247 = DIRECTION ( 'NONE',  ( 0.0000000000000000000, 0.0000000000000000000, 1.000000000000000000 ) ) ;
#1248 = CONICAL_SURFACE ( 'NONE', #1455, 5.000000000000002665, 0.9599310885968803664 ) ;
#1249 = CARTESIAN_POINT ( 'NONE',  ( -31.74999999999995737, 0.0000000000000000000, 4.999999999999925393 ) ) ;
#1250 =( LENGTH_UNIT ( ) NAMED_UNIT ( * ) SI_UNIT ( .MILLI., .METRE. ) );
#1251 = EDGE_CURVE ( 'NONE', #1704, #2812, #695, .T. ) ;
#1252 = CARTESIAN_POINT ( 'NONE',  ( -31.74999999999995737, 0.0000000000000000000, 0.0000000000000000000 ) ) ;
#1253 = CARTESIAN_POINT ( 'NONE',  ( 5.000000000000000000, 4.685197434473814759, -1.474514954580286030E-14 ) ) ;
#1254 = ORIENTED_EDGE ( 'NONE', *, *, #2923, .F. ) ;
#1255 = EDGE_CURVE ( 'NONE', #1413, #1069, #787, .T. ) ;
#1256 = UNCERTAINTY_MEASURE_WITH_UNIT (LENGTH_MEASURE( 1.000000000000000082E-05 ), #2738, 'distance_accuracy_value', 'NONE');
#1257 = ORIENTED_EDGE ( 'NONE', *, *, #1106, .T. ) ;
#1258 = CARTESIAN_POINT ( 'NONE',  ( 34.57977184163764406, 2.235490958484726972E-15, 0.0000000000000000000 ) ) ;
#1259 = FACE_OUTER_BOUND ( 'NONE', #3016, .T. ) ;
#1260 = LINE ( 'NONE', #2156, #1669 ) ;
#1261 = AXIS2_PLACEMENT_3D ( 'NONE', #4036, #952, #2540 ) ;
#1262 = VERTEX_POINT ( 'NONE', #2020 ) ;
#1263 = VECTOR ( 'NONE', #2576, 1000.000000000000000 ) ;
#1264 = LINE ( 'NONE', #1276, #1214 ) ;
#1265 = FACE_OUTER_BOUND ( 'NONE', #2960, .T. ) ;
#1266 = CARTESIAN_POINT ( 'NONE',  ( 27.07977184163764406, -5.000000000000000000, 6.123233995736770227E-16 ) ) ;
#1267 = AXIS2_PLACEMENT_3D ( 'NONE', #1428, #2181, #1815 ) ;
#1268 = ORIENTED_EDGE ( 'NONE', *, *, #2403, .F. ) ;
#1269 = ADVANCED_FACE ( 'NONE', ( #676 ), #826, .T. ) ;
#1270 = EDGE_CURVE ( 'NONE', #2812, #1413, #665, .T. ) ;
#1271 = ORIENTED_EDGE ( 'NONE', *, *, #2514, .F. ) ;
#1272 = AXIS2_PLACEMENT_3D ( 'NONE', #3498, #2458, #3353 ) ;
#1273 = FACE_OUTER_BOUND ( 'NONE', #2668, .T. ) ;
#1274 = ORIENTED_EDGE ( 'NONE', *, *, #190, .T. ) ;
#1275 = AXIS2_PLACEMENT_3D ( 'NONE', #501, #535, #644 ) ;
#1276 = CARTESIAN_POINT ( 'NONE',  ( 31.00000000000000000, -4.172000000000000597, 0.0000000000000000000 ) ) ;
#1277 = VECTOR ( 'NONE', #3178, 1000.000000000000000 ) ;
#1278 = ORIENTED_EDGE ( 'NONE', *, *, #1255, .F. ) ;
#1279 = LINE ( 'NONE', #1241, #1240 ) ;
#1280 = VERTEX_POINT ( 'NONE', #2381 ) ;
#1281 = ADVANCED_FACE ( 'NONE', ( #658 ), #3052, .T. ) ;
#1282 = CIRCLE ( 'NONE', #1448, 4.171999999999999709 ) ;
#1283 = ADVANCED_FACE ( 'NONE', ( #699 ), #3837, .F. ) ;
#1284 = DIRECTION ( 'NONE',  ( 1.000000000000000000, 1.224606353822377258E-16, 0.0000000000000000000 ) ) ;
#1285 = AXIS2_PLACEMENT_3D ( 'NONE', #319, #311, #331 ) ;
#1286 = LINE ( 'NONE', #1191, #1188 ) ;
#1287 = ORIENTED_EDGE ( 'NONE', *, *, #3116, .F. ) ;
#1288 = DIRECTION ( 'NONE',  ( -1.000000000000000000, -1.224606353822377258E-16, -0.0000000000000000000 ) ) ;
#1289 = AXIS2_PLACEMENT_3D ( 'NONE', #3716, #716, #2434 ) ;
#1290 = AXIS2_PLACEMENT_3D ( 'NONE', #569, #574, #549 ) ;
#1291 = ORIENTED_EDGE ( 'NONE', *, *, #1270, .F. ) ;
#1292 = CARTESIAN_POINT ( 'NONE',  ( 31.00000000000000000, 4.172000000000004150, 0.0000000000000000000 ) ) ;
#1293 = CARTESIAN_POINT ( 'NONE',  ( -31.74999999999995737, 0.0000000000000000000, 0.0000000000000000000 ) ) ;
#1294 = DIRECTION ( 'NONE',  ( 0.5735764363510470476, -0.8191520442889911324, 1.003171929053524007E-16 ) ) ;
#1295 = FACE_OUTER_BOUND ( 'NONE', #3137, .T. ) ;
#1296 = AXIS2_PLACEMENT_3D ( 'NONE', #1071, #155, #1709 ) ;
#1297 = EDGE_CURVE ( 'NONE', #157, #872, #1652, .T. ) ;
#1298 = CARTESIAN_POINT ( 'NONE',  ( 30.07977184163764051, 5.000000000000004441, 0.0000000000000000000 ) ) ;
#1299 = DIRECTION ( 'NONE',  ( -1.000000000000000000, -0.0000000000000000000, -0.0000000000000000000 ) ) ;
#1300 = ADVANCED_BREP_SHAPE_REPRESENTATION ( 'M10X30', ( #1028, #302 ), #2659 ) ;
#1301 = DIRECTION ( 'NONE',  ( -1.000000000000000000, -1.224606353822377258E-16, -0.0000000000000000000 ) ) ;
#1302 = DIRECTION ( 'NONE',  ( -1.000000000000000000, -1.224606353822377258E-16, -0.0000000000000000000 ) ) ;
#1303 = AXIS2_PLACEMENT_3D ( 'NONE', #605, #602, #582 ) ;
#1304 = CIRCLE ( 'NONE', #1108, 5.000000000000002665 ) ;
#1305 = DIRECTION ( 'NONE',  ( 0.0000000000000000000, 0.0000000000000000000, -1.000000000000000000 ) ) ;
#1306 = VECTOR ( 'NONE', #1686, 999.9999999999998863 ) ;
#1307 = DIRECTION ( 'NONE',  ( -1.000000000000000000, -1.224606353822377258E-16, -0.0000000000000000000 ) ) ;
#1308 = LINE ( 'NONE', #848, #1311 ) ;
#1309 = AXIS2_PLACEMENT_3D ( 'NONE', #711, #704, #733 ) ;
#1310 = CIRCLE ( 'NONE', #1481, 5.000000000000002665 ) ;
#1311 = VECTOR ( 'NONE', #2875, 1000.000000000000000 ) ;
#1312 = ORIENTED_EDGE ( 'NONE', *, *, #2658, .F. ) ;
#1313 = DIRECTION ( 'NONE',  ( -1.000000000000000000, -0.0000000000000000000, -0.0000000000000000000 ) ) ;
#1314 = EDGE_CURVE ( 'NONE', #157, #521, #650, .T. ) ;
#1315 = VECTOR ( 'NONE', #1970, 1000.000000000000000 ) ;
#1316 = DIRECTION ( 'NONE',  ( 0.0000000000000000000, -0.4999999999999990008, 0.8660254037844391517 ) ) ;
#1317 = CONICAL_SURFACE ( 'NONE', #2709, 5.000000000000002665, 0.9599310885968803664 ) ;
#1318 = CIRCLE ( 'NONE', #1853, 5.000000000000002665 ) ;
#1319 = ORIENTED_EDGE ( 'NONE', *, *, #3762, .T. ) ;
#1320 = CYLINDRICAL_SURFACE ( 'NONE', #4, 4.999999999999925393 ) ;
#1321 = VERTEX_POINT ( 'NONE', #2252 ) ;
#1322 = AXIS2_PLACEMENT_3D ( 'NONE', #890, #744, #767 ) ;
#1323 = CIRCLE ( 'NONE', #2445, 5.000000000000000888 ) ;
#1324 = AXIS2_PLACEMENT_3D ( 'NONE', #791, #786, #781 ) ;
#1325 = CARTESIAN_POINT ( 'NONE',  ( 10.00000000000000178, 8.000000000000000000, 0.0000000000000000000 ) ) ;
#1326 = AXIS2_PLACEMENT_3D ( 'NONE', #980, #967, #990 ) ;
#1327 = CIRCLE ( 'NONE', #792, 5.000000000000000888 ) ;
#1328 = ORIENTED_EDGE ( 'NONE', *, *, #3921, .F. ) ;
#1329 = FACE_OUTER_BOUND ( 'NONE', #2766, .T. ) ;
#1330 = DIRECTION ( 'NONE',  ( 0.0000000000000000000, -1.000000000000000000, 0.0000000000000000000 ) ) ;
#1331 = DIRECTION ( 'NONE',  ( -1.000000000000000000, -1.224606353822377258E-16, -0.0000000000000000000 ) ) ;
#1332 = AXIS2_PLACEMENT_3D ( 'NONE', #3596, #2432, #2051 ) ;
#1333 = EDGE_CURVE ( 'NONE', #521, #3696, #678, .T. ) ;
#1334 = AXIS2_PLACEMENT_3D ( 'NONE', #859, #852, #831 ) ;
#1335 = VERTEX_POINT ( 'NONE', #2721 ) ;
#1336 = CARTESIAN_POINT ( 'NONE',  ( 22.92022815836235239, 5.000000000000003553, 6.123233995736768255E-16 ) ) ;
#1337 = VECTOR ( 'NONE', #1484, 999.9999999999998863 ) ;
#1338 = ORIENTED_EDGE ( 'NONE', *, *, #2919, .T. ) ;
#1339 = CONICAL_SURFACE ( 'NONE', #2414, 4.172000000000002373, 0.9599310885968737050 ) ;
#1340 = DIRECTION ( 'NONE',  ( 0.0000000000000000000, -1.000000000000000000, 0.0000000000000000000 ) ) ;
#1341 = VECTOR ( 'NONE', #1494, 999.9999999999998863 ) ;
#1342 = CARTESIAN_POINT ( 'NONE',  ( 19.57977184163764406, 2.235490958484726972E-15, 0.0000000000000000000 ) ) ;
#1343 = DIRECTION ( 'NONE',  ( -1.000000000000000000, -1.224606353822377258E-16, -0.0000000000000000000 ) ) ;
#1344 = DIRECTION ( 'NONE',  ( 0.0000000000000000000, -1.000000000000000000, 0.0000000000000000000 ) ) ;
#1345 = CIRCLE ( 'NONE', #3317, 5.000000000000000888 ) ;
#1346 = LINE ( 'NONE', #2041, #1315 ) ;
#1347 = ORIENTED_EDGE ( 'NONE', *, *, #3758, .F. ) ;
#1348 = VECTOR ( 'NONE', #3909, 1000.000000000000000 ) ;
#1349 = AXIS2_PLACEMENT_3D ( 'NONE', #1537, #1602, #2208 ) ;
#1350 = AXIS2_PLACEMENT_3D ( 'NONE', #1050, #987, #982 ) ;
#1351 = EDGE_CURVE ( 'NONE', #872, #3012, #829, .T. ) ;
#1352 = ORIENTED_EDGE ( 'NONE', *, *, #1251, .F. ) ;
#1353 = DIRECTION ( 'NONE',  ( -1.000000000000000000, -1.224606353822377258E-16, -0.0000000000000000000 ) ) ;
#1354 = LINE ( 'NONE', #1692, #1337 ) ;
#1355 = AXIS2_PLACEMENT_3D ( 'NONE', #1041, #1035, #1045 ) ;
#1356 = DIRECTION ( 'NONE',  ( 0.0000000000000000000, -1.000000000000000000, 0.0000000000000000000 ) ) ;
#1357 = ORIENTED_EDGE ( 'NONE', *, *, #1110, .F. ) ;
#1358 = DIRECTION ( 'NONE',  ( 0.0000000000000000000, -1.000000000000000000, 0.0000000000000000000 ) ) ;
#1359 = CARTESIAN_POINT ( 'NONE',  ( -31.74999999999995737, 6.123233995736674577E-16, -4.999999999999925393 ) ) ;
#1360 = DIRECTION ( 'NONE',  ( 1.000000000000000000, 0.0000000000000000000, 0.0000000000000000000 ) ) ;
#1361 = VECTOR ( 'NONE', #1468, 1000.000000000000000 ) ;
#1362 = LINE ( 'NONE', #1862, #1723 ) ;
#1363 = LINE ( 'NONE', #3573, #3984 ) ;
#1364 = VERTEX_POINT ( 'NONE', #11 ) ;
#1365 = ADVANCED_FACE ( 'NONE', ( #601 ), #555, .T. ) ;
#1366 = LINE ( 'NONE', #2488, #659 ) ;
#1367 = CARTESIAN_POINT ( 'NONE',  ( 22.57977184163764051, 5.000000000000004441, 0.0000000000000000000 ) ) ;
#1368 = CONICAL_SURFACE ( 'NONE', #1548, 5.000000000000002665, 0.9599310885968803664 ) ;
#1369 = CARTESIAN_POINT ( 'NONE',  ( 5.000000000000000000, 4.685197434473814759, -1.474514954580286030E-14 ) ) ;
#1370 = DIRECTION ( 'NONE',  ( -1.000000000000000000, -0.0000000000000000000, -0.0000000000000000000 ) ) ;
#1371 = LINE ( 'NONE', #3808, #920 ) ;
#1372 = ORIENTED_EDGE ( 'NONE', *, *, #1556, .T. ) ;
#1373 = CONICAL_SURFACE ( 'NONE', #646, 4.172000000000002373, 0.9599310885968737050 ) ;
#1374 = ORIENTED_EDGE ( 'NONE', *, *, #3512, .F. ) ;
#1375 = CIRCLE ( 'NONE', #3741, 5.000000000000002665 ) ;
#1376 = AXIS2_PLACEMENT_3D ( 'NONE', #810, #806, #802 ) ;
#1377 = DIRECTION ( 'NONE',  ( -1.000000000000000000, -1.224606353822377258E-16, -0.0000000000000000000 ) ) ;
#1378 = CIRCLE ( 'NONE', #1502, 5.000000000000000888 ) ;
#1379 = ORIENTED_EDGE ( 'NONE', *, *, #1540, .T. ) ;
#1380 = LINE ( 'NONE', #3505, #209 ) ;
#1381 = ORIENTED_EDGE ( 'NONE', *, *, #1549, .T. ) ;
#1382 = CIRCLE ( 'NONE', #2891, 4.172000000000002373 ) ;
#1383 = LINE ( 'NONE', #1460, #1361 ) ;
#1384 = ORIENTED_EDGE ( 'NONE', *, *, #1216, .T. ) ;
#1385 =( GEOMETRIC_REPRESENTATION_CONTEXT ( 3 ) GLOBAL_UNCERTAINTY_ASSIGNED_CONTEXT ( ( #381 ) ) GLOBAL_UNIT_ASSIGNED_CONTEXT ( ( #1067, #1059, #1056 ) ) REPRESENTATION_CONTEXT ( 'NONE', 'WORKASPACE' ) );
#1386 = LINE ( 'NONE', #1420, #1341 ) ;
#1387 = ORIENTED_EDGE ( 'NONE', *, *, #2765, .F. ) ;
#1388 = CARTESIAN_POINT ( 'NONE',  ( 33.07977184163764406, 2.235490958484726972E-15, 0.0000000000000000000 ) ) ;
#1389 = LINE ( 'NONE', #253, #488 ) ;
#1390 = CARTESIAN_POINT ( 'NONE',  ( 0.0000000000000000000, 8.878689293818310074E-16, -6.500000000000000888 ) ) ;
#1391 = CARTESIAN_POINT ( 'NONE',  ( 21.42022815836234884, -3.158525108795066799E-29, 5.000000000000000888 ) ) ;
#1392 = LINE ( 'NONE', #1678, #1987 ) ;
#1393 = DIRECTION ( 'NONE',  ( 0.0000000000000000000, -1.000000000000000000, 0.0000000000000000000 ) ) ;
#1394 = CIRCLE ( 'NONE', #2140, 5.000000000000000888 ) ;
#1395 = CARTESIAN_POINT ( 'NONE',  ( 16.57977184163764051, 2.235490958484726972E-15, 0.0000000000000000000 ) ) ;
#1396 = CIRCLE ( 'NONE', #1527, 5.000000000000002665 ) ;
#1397 = ORIENTED_EDGE ( 'NONE', *, *, #1661, .F. ) ;
#1398 = MECHANICAL_DESIGN_GEOMETRIC_PRESENTATION_REPRESENTATION (  '', ( #1404 ), #1385 ) ;
#1399 = DIRECTION ( 'NONE',  ( -0.5735764363510524877, 0.8191520442889874687, 1.003171929053519570E-16 ) ) ;
#1400 = CARTESIAN_POINT ( 'NONE',  ( 19.57977184163764406, 2.235490958484726972E-15, 0.0000000000000000000 ) ) ;
#1401 = ORIENTED_EDGE ( 'NONE', *, *, #2652, .T. ) ;
#1402 = FACE_OUTER_BOUND ( 'NONE', #2512, .T. ) ;
#1403 = PRESENTATION_LAYER_ASSIGNMENT (  '', '', ( #1404 ) ) ;
#1404 = STYLED_ITEM ( 'NONE', ( #1081 ), #1028 ) ;
#1405 = CYLINDRICAL_SURFACE ( 'NONE', #1550, 4.999999999999925393 ) ;
#1406 = DIRECTION ( 'NONE',  ( -1.000000000000000000, -1.224606353822377258E-16, -0.0000000000000000000 ) ) ;
#1407 = ORIENTED_EDGE ( 'NONE', *, *, #2495, .T. ) ;
#1408 = FACE_OUTER_BOUND ( 'NONE', #3836, .T. ) ;
#1409 = DIRECTION ( 'NONE',  ( 0.0000000000000000000, 0.0000000000000000000, -1.000000000000000000 ) ) ;
#1410 = DIRECTION ( 'NONE',  ( -1.000000000000000000, -1.224606353822377258E-16, -0.0000000000000000000 ) ) ;
#1411 = CIRCLE ( 'NONE', #1557, 5.000000000000000888 ) ;
#1412 = EDGE_CURVE ( 'NONE', #157, #3042, #579, .T. ) ;
#1413 = VERTEX_POINT ( 'NONE', #681 ) ;
#1414 = DIRECTION ( 'NONE',  ( 1.000000000000000000, 0.0000000000000000000, 0.0000000000000000000 ) ) ;
#1415 = FACE_OUTER_BOUND ( 'NONE', #1869, .T. ) ;
#1416 = ORIENTED_EDGE ( 'NONE', *, *, #1255, .T. ) ;
#1417 = FACE_OUTER_BOUND ( 'NONE', #3934, .T. ) ;
#1418 = AXIS2_PLACEMENT_3D ( 'NONE', #1140, #1131, #1142 ) ;
#1419 = CARTESIAN_POINT ( 'NONE',  ( 39.99999999999999289, 0.0000000000000000000, 4.171999999999999709 ) ) ;
#1420 = CARTESIAN_POINT ( 'NONE',  ( 19.57977184163764406, 5.000000000000005329, 0.0000000000000000000 ) ) ;
#1421 = CARTESIAN_POINT ( 'NONE',  ( 10.00000000000000178, 6.613092715395615762E-16, 5.399999999999925748 ) ) ;
#1422 = CIRCLE ( 'NONE', #1558, 5.000000000000000888 ) ;
#1423 = DIRECTION ( 'NONE',  ( -1.000000000000000000, -0.0000000000000000000, -0.0000000000000000000 ) ) ;
#1424 = VERTEX_POINT ( 'NONE', #943 ) ;
#1425 = AXIS2_PLACEMENT_3D ( 'NONE', #1101, #1099, #1088 ) ;
#1426 = CIRCLE ( 'NONE', #1547, 5.000000000000002665 ) ;
#1427 = ORIENTED_EDGE ( 'NONE', *, *, #3067, .T. ) ;
#1428 = CARTESIAN_POINT ( 'NONE',  ( 15.07977184163764228, 2.235490958484726972E-15, 0.0000000000000000000 ) ) ;
#1429 = CYLINDRICAL_SURFACE ( 'NONE', #3271, 4.999999999999925393 ) ;
#1430 = AXIS2_PLACEMENT_3D ( 'NONE', #2909, #954, #188 ) ;
#1431 = PRESENTATION_LAYER_ASSIGNMENT (  '', '', ( #1653 ) ) ;
#1432 = AXIS2_PLACEMENT_3D ( 'NONE', #2353, #2361, #1687 ) ;
#1433 = ORIENTED_EDGE ( 'NONE', *, *, #1663, .T. ) ;
#1434 = VECTOR ( 'NONE', #522, 999.9999999999998863 ) ;
#1435 = ORIENTED_EDGE ( 'NONE', *, *, #2702, .F. ) ;
#1436 = CARTESIAN_POINT ( 'NONE',  ( 18.42022815836235594, 5.000000000000003553, 6.123233995736768255E-16 ) ) ;
#1437 = ADVANCED_FACE ( 'NONE', ( #634 ), #3811, .F. ) ;
#1438 = ORIENTED_EDGE ( 'NONE', *, *, #2638, .T. ) ;
#1439 = CIRCLE ( 'NONE', #75, 4.172000000000002373 ) ;
#1440 = CONICAL_SURFACE ( 'NONE', #2770, 4.171999999999999709, 0.7853981633972849652 ) ;
#1441 = DIRECTION ( 'NONE',  ( 0.0000000000000000000, -1.000000000000000000, 0.0000000000000000000 ) ) ;
#1442 = CARTESIAN_POINT ( 'NONE',  ( 36.42022815836234884, 5.000000000000003553, 6.123233995736768255E-16 ) ) ;
#1443 = EDGE_CURVE ( 'NONE', #3042, #3676, #560, .T. ) ;
#1444 = AXIS2_PLACEMENT_3D ( 'NONE', #149, #1896, #3802 ) ;
#1445 = DIRECTION ( 'NONE',  ( 0.0000000000000000000, 0.5000000000000011102, 0.8660254037844379305 ) ) ;
#1446 = EDGE_LOOP ( 'NONE', ( #552, #557, #567, #572, #589 ) ) ;
#1447 = ORIENTED_EDGE ( 'NONE', *, *, #3631, .F. ) ;
#1448 = AXIS2_PLACEMENT_3D ( 'NONE', #1230, #1222, #1218 ) ;
#1449 = AXIS2_PLACEMENT_3D ( 'NONE', #1212, #1187, #1176 ) ;
#1450 = VERTEX_POINT ( 'NONE', #3372 ) ;
#1451 = DIRECTION ( 'NONE',  ( 0.0000000000000000000, -1.000000000000000000, 0.0000000000000000000 ) ) ;
#1452 = LINE ( 'NONE', #585, #763 ) ;
#1453 = EDGE_CURVE ( 'NONE', #469, #1928, #540, .T. ) ;
#1454 = VERTEX_POINT ( 'NONE', #2988 ) ;
#1455 = AXIS2_PLACEMENT_3D ( 'NONE', #1591, #1566, #2146 ) ;
#1456 = DIRECTION ( 'NONE',  ( 0.0000000000000000000, -1.000000000000000000, 0.0000000000000000000 ) ) ;
#1457 = CARTESIAN_POINT ( 'NONE',  ( 19.92022815836235239, 2.093492502277374743E-15, 0.0000000000000000000 ) ) ;
#1458 = ORIENTED_EDGE ( 'NONE', *, *, #3324, .T. ) ;
#1459 = DIRECTION ( 'NONE',  ( -1.000000000000000000, -1.224606353822377258E-16, -0.0000000000000000000 ) ) ;
#1460 = CARTESIAN_POINT ( 'NONE',  ( -31.74999999999995737, 6.123233995736674577E-16, -4.999999999999925393 ) ) ;
#1461 = ORIENTED_EDGE ( 'NONE', *, *, #1679, .T. ) ;
#1462 = DIRECTION ( 'NONE',  ( -0.5735764363510524877, 0.8191520442889874687, 1.003171929053519570E-16 ) ) ;
#1463 = CIRCLE ( 'NONE', #1513, 8.000000000000000000 ) ;
#1464 = ADVANCED_FACE ( 'NONE', ( #520 ), #493, .T. ) ;
#1465 = CIRCLE ( 'NONE', #2215, 5.000000000000000888 ) ;
#1466 = VERTEX_POINT ( 'NONE', #3801 ) ;
#1467 = FACE_OUTER_BOUND ( 'NONE', #2910, .T. ) ;
#1468 = DIRECTION ( 'NONE',  ( -1.000000000000000000, -0.0000000000000000000, -0.0000000000000000000 ) ) ;
#1469 = CARTESIAN_POINT ( 'NONE',  ( -31.74999999999995737, 0.0000000000000000000, 4.999999999999925393 ) ) ;
#1470 = ORIENTED_EDGE ( 'NONE', *, *, #3155, .T. ) ;
#1471 = CYLINDRICAL_SURFACE ( 'NONE', #1899, 4.999999999999925393 ) ;
#1472 = CARTESIAN_POINT ( 'NONE',  ( 18.07977184163764406, 2.235490958484726972E-15, 0.0000000000000000000 ) ) ;
#1473 = DIRECTION ( 'NONE',  ( -1.000000000000000000, -1.224606353822377258E-16, -0.0000000000000000000 ) ) ;
#1474 = CYLINDRICAL_SURFACE ( 'NONE', #561, 8.000000000000000000 ) ;
#1475 = ORIENTED_EDGE ( 'NONE', *, *, #1699, .F. ) ;
#1476 = CARTESIAN_POINT ( 'NONE',  ( 5.000000000000000000, 2.342598717236912709, 4.057499999999988560 ) ) ;
#1477 = VERTEX_POINT ( 'NONE', #2033 ) ;
#1478 = DIRECTION ( 'NONE',  ( 0.0000000000000000000, -1.000000000000000000, 0.0000000000000000000 ) ) ;
#1479 = DIRECTION ( 'NONE',  ( -1.000000000000000000, -1.224606353822377258E-16, -0.0000000000000000000 ) ) ;
#1480 = ORIENTED_EDGE ( 'NONE', *, *, #1715, .F. ) ;
#1481 = AXIS2_PLACEMENT_3D ( 'NONE', #1342, #2186, #2201 ) ;
#1482 = ORIENTED_EDGE ( 'NONE', *, *, #1730, .F. ) ;
#1483 = CARTESIAN_POINT ( 'NONE',  ( 1.500000000000001332, 0.0000000000000000000, 8.000000000000000000 ) ) ;
#1484 = DIRECTION ( 'NONE',  ( 0.5735764363510470476, -0.8191520442889911324, 1.003171929053524007E-16 ) ) ;
#1485 = CARTESIAN_POINT ( 'NONE',  ( 32.50000000000000000, 4.172000000000004150, 5.109226446042759579E-16 ) ) ;
#1486 = ORIENTED_EDGE ( 'NONE', *, *, #3921, .T. ) ;
#1487 = EDGE_CURVE ( 'NONE', #872, #18, #595, .T. ) ;
#1488 = CARTESIAN_POINT ( 'NONE',  ( 20.50000000000000000, 4.172000000000004150, 5.109226446042759579E-16 ) ) ;
#1489 = CIRCLE ( 'NONE', #838, 5.000000000000000888 ) ;
#1490 = DIRECTION ( 'NONE',  ( 0.5735764363510470476, -0.8191520442889911324, 1.003171929053524007E-16 ) ) ;
#1491 = DIRECTION ( 'NONE',  ( 0.5735764363510470476, -0.8191520442889911324, 1.003171929053524007E-16 ) ) ;
#1492 = ORIENTED_EDGE ( 'NONE', *, *, #1578, .T. ) ;
#1493 = ADVANCED_FACE ( 'NONE', ( #547 ), #2260, .T. ) ;
#1494 = DIRECTION ( 'NONE',  ( 0.5735764363510468256, 0.8191520442889913545, 0.0000000000000000000 ) ) ;
#1495 = DIRECTION ( 'NONE',  ( 0.5735764363510470476, -0.8191520442889911324, 1.003171929053524007E-16 ) ) ;
#1496 = EDGE_CURVE ( 'NONE', #1733, #2904, #3041, .T. ) ;
#1497 = ORIENTED_EDGE ( 'NONE', *, *, #1735, .T. ) ;
#1498 = CARTESIAN_POINT ( 'NONE',  ( 19.57977184163764406, -5.000000000000000888, 6.123233995736771213E-16 ) ) ;
#1499 = DIRECTION ( 'NONE',  ( 0.0000000000000000000, 0.0000000000000000000, -1.000000000000000000 ) ) ;
#1500 = ADVANCED_FACE ( 'NONE', ( #633 ), #434, .T. ) ;
#1501 = ORIENTED_EDGE ( 'NONE', *, *, #1741, .T. ) ;
#1502 = AXIS2_PLACEMENT_3D ( 'NONE', #1457, #1459, #1441 ) ;
#1503 = ORIENTED_EDGE ( 'NONE', *, *, #3779, .T. ) ;
#1504 = DIRECTION ( 'NONE',  ( 0.0000000000000000000, 0.0000000000000000000, -1.000000000000000000 ) ) ;
#1505 = CARTESIAN_POINT ( 'NONE',  ( 5.000000000000000000, 0.0000000000000000000, 0.0000000000000000000 ) ) ;
#1506 = CARTESIAN_POINT ( 'NONE',  ( 25.57977184163764406, 2.235490958484726972E-15, 0.0000000000000000000 ) ) ;
#1507 = DIRECTION ( 'NONE',  ( 0.0000000000000000000, -1.000000000000000000, 0.0000000000000000000 ) ) ;
#1508 = AXIS2_PLACEMENT_3D ( 'NONE', #3533, #3862, #3398 ) ;
#1509 = CARTESIAN_POINT ( 'NONE',  ( -31.74999999999995737, 0.0000000000000000000, 0.0000000000000000000 ) ) ;
#1510 = VECTOR ( 'NONE', #3447, 1000.000000000000000 ) ;
#1511 = ORIENTED_EDGE ( 'NONE', *, *, #1752, .F. ) ;
#1512 = DIRECTION ( 'NONE',  ( -1.000000000000000000, -0.0000000000000000000, -0.0000000000000000000 ) ) ;
#1513 = AXIS2_PLACEMENT_3D ( 'NONE', #2945, #2165, #2683 ) ;
#1514 = DIRECTION ( 'NONE',  ( -1.000000000000000000, -1.224606353822377258E-16, -0.0000000000000000000 ) ) ;
#1515 = ORIENTED_EDGE ( 'NONE', *, *, #1765, .F. ) ;
#1516 =( LENGTH_UNIT ( ) NAMED_UNIT ( * ) SI_UNIT ( .MILLI., .METRE. ) );
#1517 = CARTESIAN_POINT ( 'NONE',  ( 17.50000000000000000, 2.164491730381051252E-15, 0.0000000000000000000 ) ) ;
#1518 = AXIS2_PLACEMENT_3D ( 'NONE', #3445, #1783, #3419 ) ;
#1519 = DIRECTION ( 'NONE',  ( 0.0000000000000000000, -1.000000000000000000, 0.0000000000000000000 ) ) ;
#1520 = ORIENTED_EDGE ( 'NONE', *, *, #1786, .F. ) ;
#1521 = DIRECTION ( 'NONE',  ( 0.0000000000000000000, 0.0000000000000000000, 1.000000000000000000 ) ) ;
#1522 = CONICAL_SURFACE ( 'NONE', #1605, 5.000000000000002665, 0.9599310885968803664 ) ;
#1523 = ORIENTED_EDGE ( 'NONE', *, *, #1735, .F. ) ;
#1524 = FACE_OUTER_BOUND ( 'NONE', #3297, .T. ) ;
#1525 = ADVANCED_FACE ( 'NONE', ( #202 ), #2791, .F. ) ;
#1526 = DIRECTION ( 'NONE',  ( 0.0000000000000000000, -1.000000000000000000, 0.0000000000000000000 ) ) ;
#1527 = AXIS2_PLACEMENT_3D ( 'NONE', #1400, #1377, #1393 ) ;
#1528 = AXIS2_PLACEMENT_3D ( 'NONE', #2732, #2058, #590 ) ;
#1529 = SURFACE_STYLE_FILL_AREA ( #1801 ) ;
#1530 = DIRECTION ( 'NONE',  ( 0.0000000000000000000, 0.0000000000000000000, 1.000000000000000000 ) ) ;
#1531 = CIRCLE ( 'NONE', #1518, 5.000000000000002665 ) ;
#1532 = CARTESIAN_POINT ( 'NONE',  ( 19.00000000000000355, 2.164491730381051252E-15, 0.0000000000000000000 ) ) ;
#1533 = ORIENTED_EDGE ( 'NONE', *, *, #1788, .T. ) ;
#1534 = CONICAL_SURFACE ( 'NONE', #1632, 4.172000000000002373, 0.9599310885968737050 ) ;
#1535 = ORIENTED_EDGE ( 'NONE', *, *, #1810, .T. ) ;
#1536 = CARTESIAN_POINT ( 'NONE',  ( 24.07977184163764051, -3.466673899897024536E-29, 5.000000000000003553 ) ) ;
#1537 = CARTESIAN_POINT ( 'NONE',  ( 22.57977184163764051, 2.235490958484726972E-15, 0.0000000000000000000 ) ) ;
#1538 = PRESENTATION_STYLE_ASSIGNMENT (( #1819 ) ) ;
#1539 = AXIS2_PLACEMENT_3D ( 'NONE', #2705, #464, #153 ) ;
#1540 = EDGE_CURVE ( 'NONE', #1704, #2327, #451, .T. ) ;
#1541 = DIRECTION ( 'NONE',  ( 0.0000000000000000000, 0.0000000000000000000, -1.000000000000000000 ) ) ;
#1542 = ORIENTED_EDGE ( 'NONE', *, *, #2954, .F. ) ;
#1543 = CARTESIAN_POINT ( 'NONE',  ( 19.92022815836235239, 6.123233995736455668E-16, -5.000000000000000888 ) ) ;
#1544 = DIRECTION ( 'NONE',  ( -1.000000000000000000, -1.224606353822377258E-16, -0.0000000000000000000 ) ) ;
#1545 = FACE_OUTER_BOUND ( 'NONE', #2689, .T. ) ;
#1546 = ORIENTED_EDGE ( 'NONE', *, *, #1715, .T. ) ;
#1547 = AXIS2_PLACEMENT_3D ( 'NONE', #2128, #2109, #1640 ) ;
#1548 = AXIS2_PLACEMENT_3D ( 'NONE', #1897, #1870, #1910 ) ;
#1549 = EDGE_CURVE ( 'NONE', #2327, #1215, #477, .T. ) ;
#1550 = AXIS2_PLACEMENT_3D ( 'NONE', #1814, #1712, #1860 ) ;
#1551 = ADVANCED_FACE ( 'NONE', ( #510 ), #382, .T. ) ;
#1552 = ORIENTED_EDGE ( 'NONE', *, *, #1847, .F. ) ;
#1553 = CARTESIAN_POINT ( 'NONE',  ( 16.00000000000000000, 2.164491730381051252E-15, 0.0000000000000000000 ) ) ;
#1554 = CARTESIAN_POINT ( 'NONE',  ( 21.42022815836234884, 6.123233995736451724E-16, -5.000000000000000888 ) ) ;
#1555 = COLOUR_RGB ( '',0.7764705882352941346, 0.7568627450980391913, 0.7372549019607843590 ) ;
#1556 = EDGE_CURVE ( 'NONE', #1617, #3937, #388, .T. ) ;
#1557 = AXIS2_PLACEMENT_3D ( 'NONE', #1871, #1915, #1901 ) ;
#1558 = AXIS2_PLACEMENT_3D ( 'NONE', #1905, #2025, #2004 ) ;
#1559 = VERTEX_POINT ( 'NONE', #2779 ) ;
#1560 = CARTESIAN_POINT ( 'NONE',  ( 16.57977184163764051, 5.000000000000005329, 0.0000000000000000000 ) ) ;
#1561 = FACE_OUTER_BOUND ( 'NONE', #2793, .T. ) ;
#1562 = DIRECTION ( 'NONE',  ( 0.0000000000000000000, -1.000000000000000000, 0.0000000000000000000 ) ) ;
#1563 = CARTESIAN_POINT ( 'NONE',  ( 5.000000000000000000, 4.685197434473814759, -1.474514954580286030E-14 ) ) ;
#1564 = ORIENTED_EDGE ( 'NONE', *, *, #1752, .T. ) ;
#1565 =( GEOMETRIC_REPRESENTATION_CONTEXT ( 3 ) GLOBAL_UNCERTAINTY_ASSIGNED_CONTEXT ( ( #3483 ) ) GLOBAL_UNIT_ASSIGNED_CONTEXT ( ( #1835, #1823, #1852 ) ) REPRESENTATION_CONTEXT ( 'NONE', 'WORKASPACE' ) );
#1566 = DIRECTION ( 'NONE',  ( 1.000000000000000000, 1.224606353822377258E-16, 0.0000000000000000000 ) ) ;
#1567 = ORIENTED_EDGE ( 'NONE', *, *, #313, .T. ) ;
#1568 = FACE_OUTER_BOUND ( 'NONE', #2406, .T. ) ;
#1569 = MECHANICAL_DESIGN_GEOMETRIC_PRESENTATION_REPRESENTATION (  '', ( #1595 ), #1565 ) ;
#1570 = DIRECTION ( 'NONE',  ( -1.000000000000000000, -1.224606353822377258E-16, -0.0000000000000000000 ) ) ;
#1571 = LINE ( 'NONE', #2188, #2117 ) ;
#1572 = ORIENTED_EDGE ( 'NONE', *, *, #3991, .T. ) ;
#1573 = CIRCLE ( 'NONE', #2857, 5.000000000000000888 ) ;
#1574 = ADVANCED_FACE ( 'NONE', ( #428 ), #1968, .T. ) ;
#1575 = VECTOR ( 'NONE', #1789, 1000.000000000000000 ) ;
#1576 = DIRECTION ( 'NONE',  ( -1.000000000000000000, -0.0000000000000000000, -0.0000000000000000000 ) ) ;
#1577 = DIRECTION ( 'NONE',  ( 0.0000000000000000000, -1.000000000000000000, 0.0000000000000000000 ) ) ;
#1578 = EDGE_CURVE ( 'NONE', #1321, #1617, #487, .T. ) ;
#1579 = CONICAL_SURFACE ( 'NONE', #1791, 5.000000000000002665, 0.9599310885968803664 ) ;
#1580 = DIRECTION ( 'NONE',  ( 0.0000000000000000000, -1.000000000000000000, 0.0000000000000000000 ) ) ;
#1581 = CIRCLE ( 'NONE', #1638, 5.000000000000002665 ) ;
#1582 = VERTEX_POINT ( 'NONE', #1828 ) ;
#1583 = CIRCLE ( 'NONE', #169, 4.999999999999925393 ) ;
#1584 = ORIENTED_EDGE ( 'NONE', *, *, #3906, .T. ) ;
#1585 = EDGE_CURVE ( 'NONE', #1887, #794, #399, .T. ) ;
#1586 = CIRCLE ( 'NONE', #1706, 5.000000000000000888 ) ;
#1587 = PRESENTATION_LAYER_ASSIGNMENT (  '', '', ( #1595 ) ) ;
#1588 = VERTEX_POINT ( 'NONE', #674 ) ;
#1589 = CIRCLE ( 'NONE', #103, 5.000000000000000888 ) ;
#1590 = VERTEX_POINT ( 'NONE', #1614 ) ;
#1591 = CARTESIAN_POINT ( 'NONE',  ( 22.57977184163764051, 2.235490958484726972E-15, 0.0000000000000000000 ) ) ;
#1592 = ORIENTED_EDGE ( 'NONE', *, *, #3341, .T. ) ;
#1593 = CARTESIAN_POINT ( 'NONE',  ( 1.500000000000001332, 0.0000000000000000000, 0.0000000000000000000 ) ) ;
#1594 = SURFACE_SIDE_STYLE ('',( #2078 ) ) ;
#1595 = STYLED_ITEM ( 'NONE', ( #1538 ), #813 ) ;
#1596 = DIRECTION ( 'NONE',  ( 0.5735764363510468256, 0.8191520442889913545, 0.0000000000000000000 ) ) ;
#1597 = DIRECTION ( 'NONE',  ( -1.000000000000000000, -1.224606353822377258E-16, -0.0000000000000000000 ) ) ;
#1598 = CARTESIAN_POINT ( 'NONE',  ( 33.42022815836235594, 2.093492502277374743E-15, 0.0000000000000000000 ) ) ;
#1599 = CIRCLE ( 'NONE', #1654, 5.000000000000000888 ) ;
#1600 = FACE_OUTER_BOUND ( 'NONE', #1659, .T. ) ;
#1601 = VERTEX_POINT ( 'NONE', #1934 ) ;
#1602 = DIRECTION ( 'NONE',  ( -1.000000000000000000, -1.224606353822377258E-16, -0.0000000000000000000 ) ) ;
#1603 = CARTESIAN_POINT ( 'NONE',  ( 30.07977184163764051, 2.235490958484726972E-15, 0.0000000000000000000 ) ) ;
#1604 = VERTEX_POINT ( 'NONE', #2374 ) ;
#1605 = AXIS2_PLACEMENT_3D ( 'NONE', #2352, #1710, #1707 ) ;
#1606 = CYLINDRICAL_SURFACE ( 'NONE', #1749, 4.999999999999925393 ) ;
#1607 = CARTESIAN_POINT ( 'NONE',  ( 34.57977184163764406, 2.235490958484726972E-15, 0.0000000000000000000 ) ) ;
#1608 = VERTEX_POINT ( 'NONE', #3517 ) ;
#1609 = CARTESIAN_POINT ( 'NONE',  ( -31.74999999999995737, 0.0000000000000000000, 0.0000000000000000000 ) ) ;
#1610 = ADVANCED_FACE ( 'NONE', ( #351 ), #3444, .F. ) ;
#1611 = FACE_OUTER_BOUND ( 'NONE', #2673, .T. ) ;
#1612 = ORIENTED_EDGE ( 'NONE', *, *, #2882, .F. ) ;
#1613 = DIRECTION ( 'NONE',  ( 0.0000000000000000000, 0.8660254037844380415, -0.5000000000000011102 ) ) ;
#1614 = CARTESIAN_POINT ( 'NONE',  ( 36.42022815836234884, -4.999999999999998224, 0.0000000000000000000 ) ) ;
#1615 = CONICAL_SURFACE ( 'NONE', #1840, 4.172000000000002373, 0.9599310885968737050 ) ;
#1616 = DIRECTION ( 'NONE',  ( -1.000000000000000000, -0.0000000000000000000, -0.0000000000000000000 ) ) ;
#1617 = VERTEX_POINT ( 'NONE', #83 ) ;
#1618 = CARTESIAN_POINT ( 'NONE',  ( 13.92022815836235239, 2.093492502277374743E-15, 0.0000000000000000000 ) ) ;
#1619 = CIRCLE ( 'NONE', #3516, 4.172000000000002373 ) ;
#1620 = ORIENTED_EDGE ( 'NONE', *, *, #1859, .T. ) ;
#1621 = FACE_OUTER_BOUND ( 'NONE', #2749, .T. ) ;
#1622 = VERTEX_POINT ( 'NONE', #3365 ) ;
#1623 = CARTESIAN_POINT ( 'NONE',  ( 23.50000000000000000, 4.172000000000004150, 0.0000000000000000000 ) ) ;
#1624 = DIRECTION ( 'NONE',  ( 0.0000000000000000000, -1.000000000000000000, 0.0000000000000000000 ) ) ;
#1625 = VECTOR ( 'NONE', #2300, 1000.000000000000114 ) ;
#1626 = ORIENTED_EDGE ( 'NONE', *, *, #3116, .T. ) ;
#1627 = CIRCLE ( 'NONE', #3092, 4.057500000000000107 ) ;
#1628 = DIRECTION ( 'NONE',  ( -1.000000000000000000, -1.224606353822377258E-16, -0.0000000000000000000 ) ) ;
#1629 = CARTESIAN_POINT ( 'NONE',  ( 18.07977184163764406, 6.123233995736423128E-16, -5.000000000000003553 ) ) ;
#1630 = CARTESIAN_POINT ( 'NONE',  ( 15.07977184163764228, -3.466673899897024536E-29, 5.000000000000003553 ) ) ;
#1631 = DIRECTION ( 'NONE',  ( 1.000000000000000000, 1.224606353822377258E-16, 0.0000000000000000000 ) ) ;
#1632 = AXIS2_PLACEMENT_3D ( 'NONE', #750, #1479, #1122 ) ;
#1633 = ORIENTED_EDGE ( 'NONE', *, *, #4019, .F. ) ;
#1634 = ORIENTED_EDGE ( 'NONE', *, *, #1868, .T. ) ;
#1635 = CARTESIAN_POINT ( 'NONE',  ( 5.000000000000000000, 0.0000000000000000000, 0.0000000000000000000 ) ) ;
#1636 = DIRECTION ( 'NONE',  ( 0.0000000000000000000, -1.000000000000000000, 0.0000000000000000000 ) ) ;
#1637 = ORIENTED_EDGE ( 'NONE', *, *, #1496, .F. ) ;
#1638 = AXIS2_PLACEMENT_3D ( 'NONE', #1472, #2320, #1344 ) ;
#1639 = ORIENTED_EDGE ( 'NONE', *, *, #2590, .F. ) ;
#1640 = DIRECTION ( 'NONE',  ( 0.0000000000000000000, -1.000000000000000000, 0.0000000000000000000 ) ) ;
#1641 = DIRECTION ( 'NONE',  ( -0.5735764363510524877, 0.8191520442889874687, 1.003171929053519570E-16 ) ) ;
#1642 = ADVANCED_FACE ( 'NONE', ( #372 ), #332, .T. ) ;
#1643 = ORIENTED_EDGE ( 'NONE', *, *, #3679, .F. ) ;
#1644 = DIRECTION ( 'NONE',  ( 0.0000000000000000000, -1.000000000000000000, 0.0000000000000000000 ) ) ;
#1645 = AXIS2_PLACEMENT_3D ( 'NONE', #1506, #3639, #1935 ) ;
#1646 = DIRECTION ( 'NONE',  ( -1.000000000000000000, -1.224606353822377258E-16, -0.0000000000000000000 ) ) ;
#1647 = DIRECTION ( 'NONE',  ( 0.0000000000000000000, -1.000000000000000000, 0.0000000000000000000 ) ) ;
#1648 = CONICAL_SURFACE ( 'NONE', #1838, 4.172000000000002373, 0.9599310885968737050 ) ;
#1649 = VERTEX_POINT ( 'NONE', #180 ) ;
#1650 = DIRECTION ( 'NONE',  ( -0.5735764363510521546, -0.8191520442889875797, 0.0000000000000000000 ) ) ;
#1651 = CARTESIAN_POINT ( 'NONE',  ( 31.57977184163764051, 6.123233995736423128E-16, -5.000000000000003553 ) ) ;
#1652 = CIRCLE ( 'NONE', #1111, 4.172000000000002373 ) ;
#1653 = STYLED_ITEM ( 'NONE', ( #854 ), #2829 ) ;
#1654 = AXIS2_PLACEMENT_3D ( 'NONE', #1598, #1473, #1644 ) ;
#1655 = DIRECTION ( 'NONE',  ( 1.000000000000000000, 0.0000000000000000000, 0.0000000000000000000 ) ) ;
#1656 = CARTESIAN_POINT ( 'NONE',  ( 25.57977184163764406, 5.000000000000005329, 0.0000000000000000000 ) ) ;
#1657 = DIRECTION ( 'NONE',  ( 0.0000000000000000000, -1.000000000000000000, 0.0000000000000000000 ) ) ;
#1658 = DIRECTION ( 'NONE',  ( -1.000000000000000000, -0.0000000000000000000, -0.0000000000000000000 ) ) ;
#1659 = EDGE_LOOP ( 'NONE', ( #3608, #3866 ) ) ;
#1660 = DIRECTION ( 'NONE',  ( -0.5735764363510521546, -0.8191520442889875797, 0.0000000000000000000 ) ) ;
#1661 = EDGE_CURVE ( 'NONE', #1280, #3809, #347, .T. ) ;
#1662 = DIRECTION ( 'NONE',  ( -1.000000000000000000, -1.224606353822377258E-16, -0.0000000000000000000 ) ) ;
#1663 = EDGE_CURVE ( 'NONE', #1069, #2685, #430, .T. ) ;
#1664 = LINE ( 'NONE', #1469, #86 ) ;
#1665 = CIRCLE ( 'NONE', #1773, 5.000000000000000888 ) ;
#1666 = DIRECTION ( 'NONE',  ( 0.0000000000000000000, 1.000000000000000000, -1.224646799147353207E-16 ) ) ;
#1667 = CARTESIAN_POINT ( 'NONE',  ( 33.07977184163764406, 6.123233995736423128E-16, -5.000000000000003553 ) ) ;
#1668 = CARTESIAN_POINT ( 'NONE',  ( 16.57977184163764051, 2.235490958484726972E-15, 0.0000000000000000000 ) ) ;
#1669 = VECTOR ( 'NONE', #3149, 999.9999999999998863 ) ;
#1670 = ORIENTED_EDGE ( 'NONE', *, *, #2981, .F. ) ;
#1671 = FACE_OUTER_BOUND ( 'NONE', #2571, .T. ) ;
#1672 = DIRECTION ( 'NONE',  ( -1.000000000000000000, -1.224606353822377258E-16, -0.0000000000000000000 ) ) ;
#1673 = CARTESIAN_POINT ( 'NONE',  ( 36.42022815836234884, 6.123233995736451724E-16, -5.000000000000000888 ) ) ;
#1674 = CARTESIAN_POINT ( 'NONE',  ( 30.42022815836235239, 2.093492502277374743E-15, 0.0000000000000000000 ) ) ;
#1675 = VERTEX_POINT ( 'NONE', #841 ) ;
#1676 = FACE_OUTER_BOUND ( 'NONE', #3160, .T. ) ;
#1677 = CARTESIAN_POINT ( 'NONE',  ( 28.92022815836234884, 5.000000000000003553, 6.123233995736768255E-16 ) ) ;
#1678 = CARTESIAN_POINT ( 'NONE',  ( 39.07977184163764406, -5.000000000000000000, 6.123233995736770227E-16 ) ) ;
#1679 = EDGE_CURVE ( 'NONE', #2685, #3188, #308, .T. ) ;
#1680 = ORIENTED_EDGE ( 'NONE', *, *, #3418, .T. ) ;
#1681 = CONICAL_SURFACE ( 'NONE', #466, 5.000000000000002665, 0.9599310885968803664 ) ;
#1682 = ORIENTED_EDGE ( 'NONE', *, *, #1911, .F. ) ;
#1683 = DIRECTION ( 'NONE',  ( -1.000000000000000000, -1.224606353822377258E-16, -0.0000000000000000000 ) ) ;
#1684 = ORIENTED_EDGE ( 'NONE', *, *, #1921, .F. ) ;
#1685 = DIRECTION ( 'NONE',  ( -1.000000000000000000, -1.224606353822377258E-16, -0.0000000000000000000 ) ) ;
#1686 = DIRECTION ( 'NONE',  ( 0.5735764363510470476, -0.8191520442889911324, 1.003171929053524007E-16 ) ) ;
#1687 = DIRECTION ( 'NONE',  ( 0.0000000000000000000, 0.0000000000000000000, 1.000000000000000000 ) ) ;
#1688 = FACE_OUTER_BOUND ( 'NONE', #3648, .T. ) ;
#1689 = AXIS2_PLACEMENT_3D ( 'NONE', #3609, #3412, #128 ) ;
#1690 = DIRECTION ( 'NONE',  ( 0.0000000000000000000, -1.000000000000000000, 0.0000000000000000000 ) ) ;
#1691 = DIRECTION ( 'NONE',  ( -0.5735764363510524877, 0.8191520442889874687, 1.003171929053519570E-16 ) ) ;
#1692 = CARTESIAN_POINT ( 'NONE',  ( 19.57977184163764406, -5.000000000000000000, 6.123233995736770227E-16 ) ) ;
#1693 = VERTEX_POINT ( 'NONE', #2646 ) ;
#1694 = DIRECTION ( 'NONE',  ( -1.000000000000000000, -1.224606353822377258E-16, -0.0000000000000000000 ) ) ;
#1695 = UNCERTAINTY_MEASURE_WITH_UNIT (LENGTH_MEASURE( 1.000000000000000082E-05 ), #1516, 'distance_accuracy_value', 'NONE');
#1696 = CIRCLE ( 'NONE', #1777, 5.000000000000002665 ) ;
#1697 = ADVANCED_FACE ( 'NONE', ( #498 ), #224, .T. ) ;
#1698 = ORIENTED_EDGE ( 'NONE', *, *, #2086, .T. ) ;
#1699 = EDGE_CURVE ( 'NONE', #2542, #3188, #229, .T. ) ;
#1700 = EDGE_CURVE ( 'NONE', #1107, #3006, #234, .T. ) ;
#1701 = ORIENTED_EDGE ( 'NONE', *, *, #1951, .F. ) ;
#1702 = APPLICATION_CONTEXT ( 'automotive_design' ) ;
#1703 = CARTESIAN_POINT ( 'NONE',  ( 35.50000000000000711, 2.164491730381051252E-15, 0.0000000000000000000 ) ) ;
#1704 = VERTEX_POINT ( 'NONE', #201 ) ;
#1705 = AXIS2_PLACEMENT_3D ( 'NONE', #3656, #845, #239 ) ;
#1706 = AXIS2_PLACEMENT_3D ( 'NONE', #1803, #979, #835 ) ;
#1707 = DIRECTION ( 'NONE',  ( 0.0000000000000000000, 1.000000000000000000, 0.0000000000000000000 ) ) ;
#1708 = VERTEX_POINT ( 'NONE', #481 ) ;
#1709 = DIRECTION ( 'NONE',  ( 0.0000000000000000000, 1.000000000000000000, 0.0000000000000000000 ) ) ;
#1710 = DIRECTION ( 'NONE',  ( 1.000000000000000000, 1.224606353822377258E-16, 0.0000000000000000000 ) ) ;
#1711 = CARTESIAN_POINT ( 'NONE',  ( 16.57977184163764051, 2.235490958484726972E-15, 0.0000000000000000000 ) ) ;
#1712 = DIRECTION ( 'NONE',  ( -1.000000000000000000, -0.0000000000000000000, -0.0000000000000000000 ) ) ;
#1713 = ORIENTED_EDGE ( 'NONE', *, *, #1986, .T. ) ;
#1714 = DIRECTION ( 'NONE',  ( 0.0000000000000000000, 0.0000000000000000000, 1.000000000000000000 ) ) ;
#1715 = EDGE_CURVE ( 'NONE', #1820, #2542, #255, .T. ) ;
#1716 = CIRCLE ( 'NONE', #3347, 5.000000000000002665 ) ;
#1717 = CYLINDRICAL_SURFACE ( 'NONE', #3531, 4.999999999999925393 ) ;
#1718 = VERTEX_POINT ( 'NONE', #1930 ) ;
#1719 = CARTESIAN_POINT ( 'NONE',  ( 0.0000000000000000000, 2.342598717236902495, -4.057500000000011653 ) ) ;
#1720 = CYLINDRICAL_SURFACE ( 'NONE', #1799, 4.999999999999925393 ) ;
#1721 = AXIS2_PLACEMENT_3D ( 'NONE', #254, #2664, #3549 ) ;
#1722 = AXIS2_PLACEMENT_3D ( 'NONE', #166, #1185, #1785 ) ;
#1723 = VECTOR ( 'NONE', #3880, 1000.000000000000000 ) ;
#1724 = ORIENTED_EDGE ( 'NONE', *, *, #3717, .T. ) ;
#1725 = VECTOR ( 'NONE', #3586, 1000.000000000000114 ) ;
#1726 = DIRECTION ( 'NONE',  ( -1.000000000000000000, -1.224606353822377258E-16, -0.0000000000000000000 ) ) ;
#1727 = CIRCLE ( 'NONE', #1729, 5.000000000000000888 ) ;
#1728 = CARTESIAN_POINT ( 'NONE',  ( 5.000000000000000000, 4.685197434473814759, -1.474514954580286030E-14 ) ) ;
#1729 = AXIS2_PLACEMENT_3D ( 'NONE', #916, #882, #298 ) ;
#1730 = EDGE_CURVE ( 'NONE', #1413, #1820, #212, .T. ) ;
#1731 = DIRECTION ( 'NONE',  ( -1.000000000000000000, -1.224606353822377258E-16, -0.0000000000000000000 ) ) ;
#1732 = CIRCLE ( 'NONE', #538, 4.172000000000002373 ) ;
#1733 = VERTEX_POINT ( 'NONE', #1745 ) ;
#1734 = ADVANCED_FACE ( 'NONE', ( #221 ), #171, .T. ) ;
#1735 = EDGE_CURVE ( 'NONE', #2400, #4012, #176, .T. ) ;
#1736 = AXIS2_PLACEMENT_3D ( 'NONE', #318, #2257, #1530 ) ;
#1737 = CARTESIAN_POINT ( 'NONE',  ( 16.00000000000000000, -4.172000000000000597, 0.0000000000000000000 ) ) ;
#1738 = ORIENTED_EDGE ( 'NONE', *, *, #3680, .F. ) ;
#1739 = FACE_OUTER_BOUND ( 'NONE', #3147, .T. ) ;
#1740 = DIRECTION ( 'NONE',  ( -1.000000000000000000, -1.224606353822377258E-16, -0.0000000000000000000 ) ) ;
#1741 = EDGE_CURVE ( 'NONE', #4012, #2667, #280, .T. ) ;
#1742 = AXIS2_PLACEMENT_3D ( 'NONE', #299, #958, #1891 ) ;
#1743 = FACE_OUTER_BOUND ( 'NONE', #1245, .T. ) ;
#1744 = VERTEX_POINT ( 'NONE', #3959 ) ;
#1745 = CARTESIAN_POINT ( 'NONE',  ( 21.42022815836234884, 5.000000000000003553, 6.123233995736768255E-16 ) ) ;
#1746 = ADVANCED_FACE ( 'NONE', ( #181 ), #131, .T. ) ;
#1747 = VECTOR ( 'NONE', #3931, 1000.000000000000000 ) ;
#1748 = ORIENTED_EDGE ( 'NONE', *, *, #2000, .T. ) ;
#1749 = AXIS2_PLACEMENT_3D ( 'NONE', #1293, #2247, #1831 ) ;
#1750 = CARTESIAN_POINT ( 'NONE',  ( -31.74999999999995737, 0.0000000000000000000, 4.999999999999925393 ) ) ;
#1751 = VERTEX_POINT ( 'NONE', #1019 ) ;
#1752 = EDGE_CURVE ( 'NONE', #45, #2667, #164, .T. ) ;
#1753 = ADVANCED_FACE ( 'NONE', ( #148 ), #105, .T. ) ;
#1754 = LINE ( 'NONE', #1750, #1575 ) ;
#1755 = DIRECTION ( 'NONE',  ( 0.0000000000000000000, 1.000000000000000000, 0.0000000000000000000 ) ) ;
#1756 = DIRECTION ( 'NONE',  ( 0.0000000000000000000, -1.000000000000000000, 0.0000000000000000000 ) ) ;
#1757 = CARTESIAN_POINT ( 'NONE',  ( 32.50000000000000000, 2.164491730381051252E-15, 0.0000000000000000000 ) ) ;
#1758 = ORIENTED_EDGE ( 'NONE', *, *, #1193, .T. ) ;
#1759 = CIRCLE ( 'NONE', #1798, 5.000000000000000888 ) ;
#1760 = CARTESIAN_POINT ( 'NONE',  ( 34.92022815836235594, -4.999999999999998224, 0.0000000000000000000 ) ) ;
#1761 = AXIS2_PLACEMENT_3D ( 'NONE', #397, #820, #1456 ) ;
#1762 = CARTESIAN_POINT ( 'NONE',  ( 36.42022815836234884, 2.093492502277374743E-15, 0.0000000000000000000 ) ) ;
#1763 = ORIENTED_EDGE ( 'NONE', *, *, #3024, .T. ) ;
#1764 = ADVANCED_FACE ( 'NONE', ( #118 ), #68, .T. ) ;
#1765 = EDGE_CURVE ( 'NONE', #3489, #45, #1327, .T. ) ;
#1766 = CARTESIAN_POINT ( 'NONE',  ( 24.07977184163764051, 5.000000000000005329, 0.0000000000000000000 ) ) ;
#1767 = DIRECTION ( 'NONE',  ( -1.000000000000000000, -1.224606353822377258E-16, -0.0000000000000000000 ) ) ;
#1768 = ORIENTED_EDGE ( 'NONE', *, *, #998, .F. ) ;
#1769 = DIRECTION ( 'NONE',  ( 1.000000000000000000, 1.224606353822377258E-16, 0.0000000000000000000 ) ) ;
#1770 = ADVANCED_FACE ( 'NONE', ( #193, #1611 ), #343, .T. ) ;
#1771 = CARTESIAN_POINT ( 'NONE',  ( 18.07977184163764406, -5.000000000000000888, 6.123233995736771213E-16 ) ) ;
#1772 = CYLINDRICAL_SURFACE ( 'NONE', #2045, 4.999999999999925393 ) ;
#1773 = AXIS2_PLACEMENT_3D ( 'NONE', #1096, #1672, #1226 ) ;
#1774 = LINE ( 'NONE', #1960, #814 ) ;
#1775 = CARTESIAN_POINT ( 'NONE',  ( 33.07977184163764406, -3.466673899897024536E-29, 5.000000000000003553 ) ) ;
#1776 = VECTOR ( 'NONE', #768, 1000.000000000000000 ) ;
#1777 = AXIS2_PLACEMENT_3D ( 'NONE', #1388, #3998, #30 ) ;
#1778 = VECTOR ( 'NONE', #3604, 1000.000000000000000 ) ;
#1779 = ORIENTED_EDGE ( 'NONE', *, *, #1578, .F. ) ;
#1780 = CYLINDRICAL_SURFACE ( 'NONE', #506, 4.999999999999925393 ) ;
#1781 = ORIENTED_EDGE ( 'NONE', *, *, #3736, .T. ) ;
#1782 = CONICAL_SURFACE ( 'NONE', #3141, 4.172000000000002373, 0.9599310885968737050 ) ;
#1783 = DIRECTION ( 'NONE',  ( -1.000000000000000000, -1.224606353822377258E-16, -0.0000000000000000000 ) ) ;
#1784 = FILL_AREA_STYLE_COLOUR ( '', #1555 ) ;
#1785 = DIRECTION ( 'NONE',  ( 0.0000000000000000000, 0.0000000000000000000, 1.000000000000000000 ) ) ;
#1786 = EDGE_CURVE ( 'NONE', #2400, #3489, #99, .T. ) ;
#1787 = CIRCLE ( 'NONE', #77, 4.999999999999925393 ) ;
#1788 = EDGE_CURVE ( 'NONE', #2400, #2310, #65, .T. ) ;
#1789 = DIRECTION ( 'NONE',  ( -1.000000000000000000, -0.0000000000000000000, -0.0000000000000000000 ) ) ;
#1790 = ADVANCED_FACE ( 'NONE', ( #2948 ), #20, .T. ) ;
#1791 = AXIS2_PLACEMENT_3D ( 'NONE', #3744, #3049, #2499 ) ;
#1792 = EDGE_LOOP ( 'NONE', ( #1953, #73, #3313, #342 ) ) ;
#1793 = CYLINDRICAL_SURFACE ( 'NONE', #1848, 4.999999999999925393 ) ;
#1794 = CARTESIAN_POINT ( 'NONE',  ( 28.57977184163764051, -5.000000000000000888, 6.123233995736771213E-16 ) ) ;
#1795 = VERTEX_POINT ( 'NONE', #970 ) ;
#1796 = CIRCLE ( 'NONE', #1856, 5.000000000000002665 ) ;
#1797 = DIRECTION ( 'NONE',  ( 0.0000000000000000000, -1.000000000000000000, 0.0000000000000000000 ) ) ;
#1798 = AXIS2_PLACEMENT_3D ( 'NONE', #1674, #1685, #1052 ) ;
#1799 = AXIS2_PLACEMENT_3D ( 'NONE', #3669, #3626, #661 ) ;
#1800 = CIRCLE ( 'NONE', #1864, 5.000000000000002665 ) ;
#1801 = FILL_AREA_STYLE ('',( #1784 ) ) ;
#1802 = ORIENTED_EDGE ( 'NONE', *, *, #2638, .F. ) ;
#1803 = CARTESIAN_POINT ( 'NONE',  ( 34.92022815836235594, 2.093492502277374743E-15, 0.0000000000000000000 ) ) ;
#1804 = DIRECTION ( 'NONE',  ( -1.000000000000000000, -1.224606353822377258E-16, -0.0000000000000000000 ) ) ;
#1805 = LINE ( 'NONE', #3148, #1747 ) ;
#1806 = ORIENTED_EDGE ( 'NONE', *, *, #3368, .F. ) ;
#1807 = CARTESIAN_POINT ( 'NONE',  ( 15.42022815836235239, 2.093492502277374743E-15, 0.0000000000000000000 ) ) ;
#1808 = DIRECTION ( 'NONE',  ( 0.0000000000000000000, 1.000000000000000000, 0.0000000000000000000 ) ) ;
#1809 = VECTOR ( 'NONE', #3541, 1000.000000000000000 ) ;
#1810 = EDGE_CURVE ( 'NONE', #2310, #1820, #33, .T. ) ;
#1811 = ORIENTED_EDGE ( 'NONE', *, *, #2008, .F. ) ;
#1812 = DIRECTION ( 'NONE',  ( 0.0000000000000000000, -1.000000000000000000, 0.0000000000000000000 ) ) ;
#1813 = EDGE_CURVE ( 'NONE', #1590, #3275, #41, .T. ) ;
#1814 = CARTESIAN_POINT ( 'NONE',  ( -31.74999999999995737, 0.0000000000000000000, 0.0000000000000000000 ) ) ;
#1815 = DIRECTION ( 'NONE',  ( 0.0000000000000000000, 1.000000000000000000, 0.0000000000000000000 ) ) ;
#1816 = EDGE_CURVE ( 'NONE', #2489, #2077, #3356, .T. ) ;
#1817 = FACE_OUTER_BOUND ( 'NONE', #3642, .T. ) ;
#1818 = ADVANCED_FACE ( 'NONE', ( #59 ), #2426, .T. ) ;
#1819 = SURFACE_STYLE_USAGE ( .BOTH. , #1855 ) ;
#1820 = VERTEX_POINT ( 'NONE', #2112 ) ;
#1821 = CONICAL_SURFACE ( 'NONE', #1865, 5.000000000000002665, 0.9599310885968803664 ) ;
#1822 = ORIENTED_EDGE ( 'NONE', *, *, #2617, .F. ) ;
#1823 =( NAMED_UNIT ( * ) PLANE_ANGLE_UNIT ( ) SI_UNIT ( $, .RADIAN. ) );
#1824 = LINE ( 'NONE', #3450, #1867 ) ;
#1825 = DIRECTION ( 'NONE',  ( 0.0000000000000000000, -1.000000000000000000, 0.0000000000000000000 ) ) ;
#1826 = CIRCLE ( 'NONE', #3616, 5.000000000000000888 ) ;
#1827 = ADVANCED_FACE ( 'NONE', ( #13 ), #2528, .T. ) ;
#1828 = CARTESIAN_POINT ( 'NONE',  ( 27.42022815836235239, -3.158525108795066799E-29, 5.000000000000000888 ) ) ;
#1829 = ORIENTED_EDGE ( 'NONE', *, *, #2019, .F. ) ;
#1830 = VECTOR ( 'NONE', #978, 999.9999999999998863 ) ;
#1831 = DIRECTION ( 'NONE',  ( 0.0000000000000000000, 0.0000000000000000000, 1.000000000000000000 ) ) ;
#1832 = DIRECTION ( 'NONE',  ( 0.0000000000000000000, -1.000000000000000000, 0.0000000000000000000 ) ) ;
#1833 = DIRECTION ( 'NONE',  ( 1.000000000000000000, 1.224606353822377258E-16, 0.0000000000000000000 ) ) ;
#1834 = ORIENTED_EDGE ( 'NONE', *, *, #1700, .T. ) ;
#1835 =( LENGTH_UNIT ( ) NAMED_UNIT ( * ) SI_UNIT ( .MILLI., .METRE. ) );
#1836 = LINE ( 'NONE', #3522, #1809 ) ;
#1837 = DIRECTION ( 'NONE',  ( -1.000000000000000000, -1.224606353822377258E-16, -0.0000000000000000000 ) ) ;
#1838 = AXIS2_PLACEMENT_3D ( 'NONE', #2207, #771, #1356 ) ;
#1839 = AXIS2_PLACEMENT_3D ( 'NONE', #3554, #4000, #17 ) ;
#1840 = AXIS2_PLACEMENT_3D ( 'NONE', #2496, #1302, #1832 ) ;
#1841 = CONICAL_SURFACE ( 'NONE', #1883, 4.172000000000002373, 0.9599310885968737050 ) ;
#1842 = ORIENTED_EDGE ( 'NONE', *, *, #2777, .F. ) ;
#1843 = ADVANCED_FACE ( 'NONE', ( #112 ), #1373, .T. ) ;
#1844 = DIRECTION ( 'NONE',  ( 0.0000000000000000000, -1.000000000000000000, 0.0000000000000000000 ) ) ;
#1845 = CIRCLE ( 'NONE', #1376, 4.172000000000002373 ) ;
#1846 = ORIENTED_EDGE ( 'NONE', *, *, #2397, .F. ) ;
#1847 = EDGE_CURVE ( 'NONE', #4012, #2542, #2937, .T. ) ;
#1848 = AXIS2_PLACEMENT_3D ( 'NONE', #3530, #3571, #3502 ) ;
#1849 = ADVANCED_FACE ( 'NONE', ( #3388 ), #3958, .T. ) ;
#1850 = FACE_OUTER_BOUND ( 'NONE', #2178, .T. ) ;
#1851 = ORIENTED_EDGE ( 'NONE', *, *, #23, .F. ) ;
#1852 =( NAMED_UNIT ( * ) SI_UNIT ( $, .STERADIAN. ) SOLID_ANGLE_UNIT ( ) );
#1853 = AXIS2_PLACEMENT_3D ( 'NONE', #2446, #3724, #425 ) ;
#1854 = CARTESIAN_POINT ( 'NONE',  ( -31.74999999999995737, 0.0000000000000000000, 0.0000000000000000000 ) ) ;
#1855 = SURFACE_SIDE_STYLE ('',( #1529 ) ) ;
#1856 = AXIS2_PLACEMENT_3D ( 'NONE', #3643, #3649, #3650 ) ;
#1857 = VERTEX_POINT ( 'NONE', #3265 ) ;
#1858 = ORIENTED_EDGE ( 'NONE', *, *, #2954, .T. ) ;
#1859 = EDGE_CURVE ( 'NONE', #2667, #3278, #2530, .T. ) ;
#1860 = DIRECTION ( 'NONE',  ( 0.0000000000000000000, 0.0000000000000000000, 1.000000000000000000 ) ) ;
#1861 = DIRECTION ( 'NONE',  ( 0.0000000000000000000, -1.000000000000000000, 0.0000000000000000000 ) ) ;
#1862 = CARTESIAN_POINT ( 'NONE',  ( 29.50000000000000000, -4.172000000000000597, 0.0000000000000000000 ) ) ;
#1863 = AXIS2_PLACEMENT_3D ( 'NONE', #2266, #912, #564 ) ;
#1864 = AXIS2_PLACEMENT_3D ( 'NONE', #2388, #2173, #262 ) ;
#1865 = AXIS2_PLACEMENT_3D ( 'NONE', #3362, #3376, #3396 ) ;
#1866 = VERTEX_POINT ( 'NONE', #3253 ) ;
#1867 = VECTOR ( 'NONE', #3459, 999.9999999999998863 ) ;
#1868 = EDGE_CURVE ( 'NONE', #3278, #2587, #2180, .T. ) ;
#1869 = EDGE_LOOP ( 'NONE', ( #1104, #3138, #3375, #2453, #3973 ) ) ;
#1870 = DIRECTION ( 'NONE',  ( 1.000000000000000000, 1.224606353822377258E-16, 0.0000000000000000000 ) ) ;
#1871 = CARTESIAN_POINT ( 'NONE',  ( 18.42022815836235594, 2.093492502277374743E-15, 0.0000000000000000000 ) ) ;
#1872 = EDGE_LOOP ( 'NONE', ( #3293, #2780, #3691, #3738, #587 ) ) ;
#1873 = DIRECTION ( 'NONE',  ( 0.5735764363510468256, 0.8191520442889913545, 0.0000000000000000000 ) ) ;
#1874 = AXIS2_PLACEMENT_3D ( 'NONE', #3399, #3405, #3407 ) ;
#1875 = LINE ( 'NONE', #3397, #1892 ) ;
#1876 = AXIS2_PLACEMENT_3D ( 'NONE', #3628, #2348, #3051 ) ;
#1877 = CIRCLE ( 'NONE', #2150, 5.000000000000000888 ) ;
#1878 = ORIENTED_EDGE ( 'NONE', *, *, #3758, .T. ) ;
#1879 = CARTESIAN_POINT ( 'NONE',  ( 0.0000000000000000000, -2.342598717236900718, 4.057499999999993889 ) ) ;
#1880 = DIRECTION ( 'NONE',  ( 0.0000000000000000000, -1.000000000000000000, 0.0000000000000000000 ) ) ;
#1881 = CIRCLE ( 'NONE', #1272, 4.172000000000002373 ) ;
#1882 = VECTOR ( 'NONE', #3277, 1000.000000000000000 ) ;
#1883 = AXIS2_PLACEMENT_3D ( 'NONE', #3303, #3219, #3308 ) ;
#1884 = DIRECTION ( 'NONE',  ( -1.000000000000000000, -1.224606353822377258E-16, -0.0000000000000000000 ) ) ;
#1885 = CARTESIAN_POINT ( 'NONE',  ( 36.42022815836234884, -3.158525108795066799E-29, 5.000000000000000888 ) ) ;
#1886 = LINE ( 'NONE', #3222, #1882 ) ;
#1887 = VERTEX_POINT ( 'NONE', #3497 ) ;
#1888 = LINE ( 'NONE', #227, #668 ) ;
#1889 = ORIENTED_EDGE ( 'NONE', *, *, #2850, .T. ) ;
#1890 = CARTESIAN_POINT ( 'NONE',  ( 32.50000000000000000, 2.164491730381051252E-15, 0.0000000000000000000 ) ) ;
#1891 = DIRECTION ( 'NONE',  ( 0.0000000000000000000, -1.000000000000000000, 0.0000000000000000000 ) ) ;
#1892 = VECTOR ( 'NONE', #3477, 1000.000000000000000 ) ;
#1893 = DIRECTION ( 'NONE',  ( 0.0000000000000000000, -1.000000000000000000, 0.0000000000000000000 ) ) ;
#1894 = FACE_OUTER_BOUND ( 'NONE', #3567, .T. ) ;
#1895 = ORIENTED_EDGE ( 'NONE', *, *, #2026, .F. ) ;
#1896 = DIRECTION ( 'NONE',  ( -1.000000000000000000, -0.0000000000000000000, -0.0000000000000000000 ) ) ;
#1897 = CARTESIAN_POINT ( 'NONE',  ( 27.07977184163764406, 2.235490958484726972E-15, 0.0000000000000000000 ) ) ;
#1898 = ORIENTED_EDGE ( 'NONE', *, *, #3621, .T. ) ;
#1899 = AXIS2_PLACEMENT_3D ( 'NONE', #653, #3908, #2139 ) ;
#1900 = ORIENTED_EDGE ( 'NONE', *, *, #2564, .T. ) ;
#1901 = DIRECTION ( 'NONE',  ( 0.0000000000000000000, -1.000000000000000000, 0.0000000000000000000 ) ) ;
#1902 = DIRECTION ( 'NONE',  ( -0.5735764363510521546, -0.8191520442889875797, 0.0000000000000000000 ) ) ;
#1903 = ADVANCED_FACE ( 'NONE', ( #1273 ), #1474, .T. ) ;
#1904 = EDGE_LOOP ( 'NONE', ( #2826, #2831, #2839, #2872, #2142 ) ) ;
#1905 = CARTESIAN_POINT ( 'NONE',  ( 37.92022815836234884, 2.093492502277374743E-15, 0.0000000000000000000 ) ) ;
#1906 = DIRECTION ( 'NONE',  ( 0.0000000000000000000, -1.000000000000000000, 0.0000000000000000000 ) ) ;
#1907 = CARTESIAN_POINT ( 'NONE',  ( 34.57977184163764406, 2.235490958484726972E-15, 0.0000000000000000000 ) ) ;
#1908 = ORIENTED_EDGE ( 'NONE', *, *, #1986, .F. ) ;
#1909 = DIRECTION ( 'NONE',  ( -1.000000000000000000, -1.224606353822377258E-16, -0.0000000000000000000 ) ) ;
#1910 = DIRECTION ( 'NONE',  ( 0.0000000000000000000, 1.000000000000000000, 0.0000000000000000000 ) ) ;
#1911 = EDGE_CURVE ( 'NONE', #2044, #2587, #8, .T. ) ;
#1912 = LINE ( 'NONE', #3175, #1277 ) ;
#1913 = ADVANCED_FACE ( 'NONE', ( #1079 ), #816, .T. ) ;
#1914 = ORIENTED_EDGE ( 'NONE', *, *, #2535, .F. ) ;
#1915 = DIRECTION ( 'NONE',  ( -1.000000000000000000, -1.224606353822377258E-16, -0.0000000000000000000 ) ) ;
#1916 = CIRCLE ( 'NONE', #1976, 5.000000000000002665 ) ;
#1917 = AXIS2_PLACEMENT_3D ( 'NONE', #2429, #2016, #3928 ) ;
#1918 = VERTEX_POINT ( 'NONE', #3827 ) ;
#1919 = VECTOR ( 'NONE', #3050, 1000.000000000000000 ) ;
#1920 = DIRECTION ( 'NONE',  ( 0.0000000000000000000, 1.000000000000000000, 0.0000000000000000000 ) ) ;
#1921 = EDGE_CURVE ( 'NONE', #2358, #2044, #3607, .T. ) ;
#1922 = ORIENTED_EDGE ( 'NONE', *, *, #3717, .F. ) ;
#1923 = AXIS2_PLACEMENT_3D ( 'NONE', #3316, #3322, #3323 ) ;
#1924 = CARTESIAN_POINT ( 'NONE',  ( 39.17199999999987625, 0.0000000000000000000, 4.999999999999849010 ) ) ;
#1925 = DIRECTION ( 'NONE',  ( 0.0000000000000000000, -0.5000000000000011102, -0.8660254037844379305 ) ) ;
#1926 = ADVANCED_FACE ( 'NONE', ( #3255 ), #2674, .T. ) ;
#1927 = CIRCLE ( 'NONE', #2322, 5.000000000000002665 ) ;
#1928 = VERTEX_POINT ( 'NONE', #1442 ) ;
#1929 = CARTESIAN_POINT ( 'NONE',  ( 5.000000000000000000, 0.0000000000000000000, 0.0000000000000000000 ) ) ;
#1930 = CARTESIAN_POINT ( 'NONE',  ( 7.342598717236928252, 0.0000000000000000000, 0.0000000000000000000 ) ) ;
#1931 = CIRCLE ( 'NONE', #3115, 5.399999999999925748 ) ;
#1932 = LINE ( 'NONE', #3899, #377 ) ;
#1933 = ORIENTED_EDGE ( 'NONE', *, *, #3496, .F. ) ;
#1934 = CARTESIAN_POINT ( 'NONE',  ( 0.0000000000000000000, -2.342598717236900718, 4.057499999999993889 ) ) ;
#1935 = DIRECTION ( 'NONE',  ( 0.0000000000000000000, -1.000000000000000000, 0.0000000000000000000 ) ) ;
#1936 = CARTESIAN_POINT ( 'NONE',  ( 21.07977184163764051, 2.235490958484726972E-15, 0.0000000000000000000 ) ) ;
#1937 = AXIS2_PLACEMENT_3D ( 'NONE', #3939, #1662, #412 ) ;
#1938 = VECTOR ( 'NONE', #1650, 1000.000000000000000 ) ;
#1939 = CIRCLE ( 'NONE', #1962, 4.172000000000002373 ) ;
#1940 = CARTESIAN_POINT ( 'NONE',  ( 5.000000000000000000, 4.685197434473814759, -1.474514954580286030E-14 ) ) ;
#1941 = CARTESIAN_POINT ( 'NONE',  ( 26.50000000000000355, 2.164491730381051252E-15, 0.0000000000000000000 ) ) ;
#1942 = EDGE_LOOP ( 'NONE', ( #3698, #3871, #2594, #2541, #2534, #365 ) ) ;
#1943 = VECTOR ( 'NONE', #2866, 999.9999999999998863 ) ;
#1944 = ORIENTED_EDGE ( 'NONE', *, *, #2030, .T. ) ;
#1945 = ORIENTED_EDGE ( 'NONE', *, *, #2765, .T. ) ;
#1946 = CARTESIAN_POINT ( 'NONE',  ( 0.0000000000000000000, -2.342598717236911376, -4.057500000000006324 ) ) ;
#1947 = CARTESIAN_POINT ( 'NONE',  ( 25.57977184163764406, 2.235490958484726972E-15, 0.0000000000000000000 ) ) ;
#1948 = CIRCLE ( 'NONE', #1956, 5.000000000000002665 ) ;
#1949 = ORIENTED_EDGE ( 'NONE', *, *, #2039, .T. ) ;
#1950 = CARTESIAN_POINT ( 'NONE',  ( 20.50000000000000000, 4.172000000000004150, 0.0000000000000000000 ) ) ;
#1951 = EDGE_CURVE ( 'NONE', #45, #2358, #3786, .T. ) ;
#1952 = CARTESIAN_POINT ( 'NONE',  ( 5.000000000000000000, -4.685197434473812095, -2.602085213965210642E-15 ) ) ;
#1953 = ORIENTED_EDGE ( 'NONE', *, *, #3884, .F. ) ;
#1954 = CONICAL_SURFACE ( 'NONE', #1449, 4.172000000000002373, 0.9599310885968737050 ) ;
#1955 = LINE ( 'NONE', #2969, #1943 ) ;
#1956 = AXIS2_PLACEMENT_3D ( 'NONE', #3230, #3237, #3242 ) ;
#1957 = ORIENTED_EDGE ( 'NONE', *, *, #3671, .F. ) ;
#1958 = CARTESIAN_POINT ( 'NONE',  ( 25.57977184163764406, 2.235490958484726972E-15, 0.0000000000000000000 ) ) ;
#1959 = CARTESIAN_POINT ( 'NONE',  ( 18.07977184163764406, 2.235490958484726972E-15, 0.0000000000000000000 ) ) ;
#1960 = CARTESIAN_POINT ( 'NONE',  ( 22.00000000000000000, 4.172000000000004150, 5.109226446042759579E-16 ) ) ;
#1961 = ORIENTED_EDGE ( 'NONE', *, *, #1921, .T. ) ;
#1962 = AXIS2_PLACEMENT_3D ( 'NONE', #3182, #3185, #3190 ) ;
#1963 = CONICAL_SURFACE ( 'NONE', #2032, 5.000000000000002665, 0.9599310885968803664 ) ;
#1964 = ADVANCED_FACE ( 'NONE', ( #402 ), #1780, .T. ) ;
#1965 = DIRECTION ( 'NONE',  ( 0.0000000000000000000, 1.000000000000000000, 0.0000000000000000000 ) ) ;
#1966 = CARTESIAN_POINT ( 'NONE',  ( 15.07977184163764228, -5.000000000000000000, 6.123233995736770227E-16 ) ) ;
#1967 = CIRCLE ( 'NONE', #2306, 4.172000000000002373 ) ;
#1968 = CONICAL_SURFACE ( 'NONE', #928, 4.172000000000002373, 0.9599310885968737050 ) ;
#1969 = CARTESIAN_POINT ( 'NONE',  ( 32.50000000000000000, -4.172000000000000597, 0.0000000000000000000 ) ) ;
#1970 = DIRECTION ( 'NONE',  ( -0.5735764363510521546, -0.8191520442889875797, 0.0000000000000000000 ) ) ;
#1971 = DIRECTION ( 'NONE',  ( -1.000000000000000000, -0.0000000000000000000, -0.0000000000000000000 ) ) ;
#1972 = ORIENTED_EDGE ( 'NONE', *, *, #2501, .F. ) ;
#1973 = DIRECTION ( 'NONE',  ( 0.5735764363510468256, 0.8191520442889913545, 0.0000000000000000000 ) ) ;
#1974 = DIRECTION ( 'NONE',  ( -0.5735764363510521546, -0.8191520442889875797, 0.0000000000000000000 ) ) ;
#1975 = CIRCLE ( 'NONE', #1991, 5.000000000000000888 ) ;
#1976 = AXIS2_PLACEMENT_3D ( 'NONE', #3143, #3146, #3167 ) ;
#1977 = AXIS2_PLACEMENT_3D ( 'NONE', #2996, #3014, #3035 ) ;
#1978 = VERTEX_POINT ( 'NONE', #2 ) ;
#1979 = DIRECTION ( 'NONE',  ( 0.0000000000000000000, 1.000000000000000000, 0.0000000000000000000 ) ) ;
#1980 = EDGE_LOOP ( 'NONE', ( #3845, #2602, #1567, #2787, #2663 ) ) ;
#1981 = AXIS2_PLACEMENT_3D ( 'NONE', #1219, #1613, #2253 ) ;
#1982 = AXIS2_PLACEMENT_3D ( 'NONE', #2952, #2957, #2964 ) ;
#1983 = EDGE_CURVE ( 'NONE', #3794, #929, #3697, .T. ) ;
#1984 = ORIENTED_EDGE ( 'NONE', *, *, #2550, .F. ) ;
#1985 = CONICAL_SURFACE ( 'NONE', #682, 4.172000000000002373, 0.9599310885968737050 ) ;
#1986 = EDGE_CURVE ( 'NONE', #3406, #2225, #1732, .T. ) ;
#1987 = VECTOR ( 'NONE', #1490, 999.9999999999998863 ) ;
#1988 = CARTESIAN_POINT ( 'NONE',  ( 21.07977184163764051, -5.000000000000000888, 6.123233995736771213E-16 ) ) ;
#1989 = VECTOR ( 'NONE', #1316, 1000.000000000000114 ) ;
#1990 = ORIENTED_EDGE ( 'NONE', *, *, #1443, .F. ) ;
#1991 = AXIS2_PLACEMENT_3D ( 'NONE', #2911, #2924, #2928 ) ;
#1992 = DIRECTION ( 'NONE',  ( 0.0000000000000000000, -1.000000000000000000, 1.295896757998781966E-15 ) ) ;
#1993 = CARTESIAN_POINT ( 'NONE',  ( 33.07977184163764406, -5.000000000000000000, 6.123233995736770227E-16 ) ) ;
#1994 = FILL_AREA_STYLE ('',( #1180 ) ) ;
#1995 = CIRCLE ( 'NONE', #1977, 5.000000000000002665 ) ;
#1996 = FACE_OUTER_BOUND ( 'NONE', #113, .T. ) ;
#1997 = ORIENTED_EDGE ( 'NONE', *, *, #2055, .F. ) ;
#1998 = ADVANCED_FACE ( 'NONE', ( #727 ), #2229, .T. ) ;
#1999 = AXIS2_PLACEMENT_3D ( 'NONE', #2565, #4030, #2606 ) ;
#2000 = EDGE_CURVE ( 'NONE', #2225, #2871, #274, .T. ) ;
#2001 = AXIS2_PLACEMENT_3D ( 'NONE', #2246, #2284, #3970 ) ;
#2002 = ORIENTED_EDGE ( 'NONE', *, *, #2056, .F. ) ;
#2003 = DIRECTION ( 'NONE',  ( -1.000000000000000000, -1.224606353822377258E-16, -0.0000000000000000000 ) ) ;
#2004 = DIRECTION ( 'NONE',  ( 0.0000000000000000000, -1.000000000000000000, 0.0000000000000000000 ) ) ;
#2005 = LINE ( 'NONE', #2991, #1919 ) ;
#2006 = VERTEX_POINT ( 'NONE', #3350 ) ;
#2007 = DIRECTION ( 'NONE',  ( 1.000000000000000000, 1.224606353822377258E-16, 0.0000000000000000000 ) ) ;
#2008 = EDGE_CURVE ( 'NONE', #2900, #2871, #2942, .T. ) ;
#2009 = DIRECTION ( 'NONE',  ( -1.000000000000000000, -1.224606353822377258E-16, -0.0000000000000000000 ) ) ;
#2010 = AXIS2_PLACEMENT_3D ( 'NONE', #2687, #2763, #2772 ) ;
#2011 = ORIENTED_EDGE ( 'NONE', *, *, #1120, .T. ) ;
#2012 = CARTESIAN_POINT ( 'NONE',  ( 21.42022815836234884, 2.093492502277374743E-15, 0.0000000000000000000 ) ) ;
#2013 = UNCERTAINTY_MEASURE_WITH_UNIT (LENGTH_MEASURE( 1.000000000000000082E-05 ), #419, 'distance_accuracy_value', 'NONE');
#2014 = ORIENTED_EDGE ( 'NONE', *, *, #2081, .T. ) ;
#2015 = DIRECTION ( 'NONE',  ( -1.000000000000000000, -0.0000000000000000000, -0.0000000000000000000 ) ) ;
#2016 = DIRECTION ( 'NONE',  ( 1.000000000000000000, 1.224606353822377258E-16, 0.0000000000000000000 ) ) ;
#2017 = ORIENTED_EDGE ( 'NONE', *, *, #3762, .F. ) ;
#2018 = AXIS2_PLACEMENT_3D ( 'NONE', #2925, #2841, #2855 ) ;
#2019 = EDGE_CURVE ( 'NONE', #479, #2900, #974, .T. ) ;
#2020 = CARTESIAN_POINT ( 'NONE',  ( 31.00000000000000000, -4.172000000000000597, 5.616230220889765396E-16 ) ) ;
#2021 = CARTESIAN_POINT ( 'NONE',  ( 32.50000000000000000, -4.172000000000000597, 5.616230220889765396E-16 ) ) ;
#2022 = ORIENTED_EDGE ( 'NONE', *, *, #3392, .T. ) ;
#2023 = DIRECTION ( 'NONE',  ( 0.0000000000000000000, 1.000000000000000000, 0.0000000000000000000 ) ) ;
#2024 = CIRCLE ( 'NONE', #1982, 4.172000000000002373 ) ;
#2025 = DIRECTION ( 'NONE',  ( -1.000000000000000000, -1.224606353822377258E-16, -0.0000000000000000000 ) ) ;
#2026 = EDGE_CURVE ( 'NONE', #3406, #479, #1380, .T. ) ;
#2027 = ORIENTED_EDGE ( 'NONE', *, *, #2093, .T. ) ;
#2028 = DIRECTION ( 'NONE',  ( -1.000000000000000000, -1.224606353822377258E-16, -0.0000000000000000000 ) ) ;
#2029 = CARTESIAN_POINT ( 'NONE',  ( 25.57977184163764406, -5.000000000000000000, 6.123233995736770227E-16 ) ) ;
#2030 = EDGE_CURVE ( 'NONE', #3406, #2979, #617, .T. ) ;
#2031 = VERTEX_POINT ( 'NONE', #1760 ) ;
#2032 = AXIS2_PLACEMENT_3D ( 'NONE', #2794, #2832, #2862 ) ;
#2033 = CARTESIAN_POINT ( 'NONE',  ( 22.92022815836235239, -3.158525108795066799E-29, 5.000000000000000888 ) ) ;
#2034 = CIRCLE ( 'NONE', #2676, 5.000000000000002665 ) ;
#2035 = CARTESIAN_POINT ( 'NONE',  ( 28.00000000000000000, 4.172000000000004150, 5.109226446042759579E-16 ) ) ;
#2036 = LINE ( 'NONE', #927, #2316 ) ;
#2037 = ORIENTED_EDGE ( 'NONE', *, *, #2111, .T. ) ;
#2038 = CONICAL_SURFACE ( 'NONE', #2556, 5.000000000000002665, 0.9599310885968803664 ) ;
#2039 = EDGE_CURVE ( 'NONE', #2979, #2358, #3873, .T. ) ;
#2040 = AXIS2_PLACEMENT_3D ( 'NONE', #2776, #2781, #2785 ) ;
#2041 = CARTESIAN_POINT ( 'NONE',  ( 19.00000000000000355, -4.172000000000000597, 0.0000000000000000000 ) ) ;
#2042 = CIRCLE ( 'NONE', #2976, 5.000000000000002665 ) ;
#2043 = CYLINDRICAL_SURFACE ( 'NONE', #2010, 4.999999999999925393 ) ;
#2044 = VERTEX_POINT ( 'NONE', #2194 ) ;
#2045 = AXIS2_PLACEMENT_3D ( 'NONE', #3252, #1115, #3220 ) ;
#2046 = CIRCLE ( 'NONE', #2018, 5.000000000000002665 ) ;
#2047 = EDGE_LOOP ( 'NONE', ( #3954, #2547, #3260, #3434, #2243, #2725 ) ) ;
#2048 = LINE ( 'NONE', #600, #1434 ) ;
#2049 = ORIENTED_EDGE ( 'NONE', *, *, #2163, .T. ) ;
#2050 = DIRECTION ( 'NONE',  ( 1.000000000000000000, 0.0000000000000000000, 0.0000000000000000000 ) ) ;
#2051 = DIRECTION ( 'NONE',  ( 0.0000000000000000000, -1.000000000000000000, 0.0000000000000000000 ) ) ;
#2052 = DIRECTION ( 'NONE',  ( 0.0000000000000000000, 1.000000000000000000, 0.0000000000000000000 ) ) ;
#2053 = LINE ( 'NONE', #2940, #2065 ) ;
#2054 = ORIENTED_EDGE ( 'NONE', *, *, #47, .F. ) ;
#2055 = EDGE_CURVE ( 'NONE', #2225, #2044, #102, .T. ) ;
#2056 = EDGE_CURVE ( 'NONE', #1718, #1608, #3993, .T. ) ;
#2057 = ORIENTED_EDGE ( 'NONE', *, *, #2202, .F. ) ;
#2058 = DIRECTION ( 'NONE',  ( -1.000000000000000000, -1.224606353822377258E-16, -0.0000000000000000000 ) ) ;
#2059 = DIRECTION ( 'NONE',  ( -1.000000000000000000, -1.224606353822377258E-16, -0.0000000000000000000 ) ) ;
#2060 = ORIENTED_EDGE ( 'NONE', *, *, #2211, .T. ) ;
#2061 = AXIS2_PLACEMENT_3D ( 'NONE', #2736, #2740, #2760 ) ;
#2062 = VECTOR ( 'NONE', #777, 1000.000000000000000 ) ;
#2063 = CARTESIAN_POINT ( 'NONE',  ( 21.07977184163764051, 5.000000000000004441, 0.0000000000000000000 ) ) ;
#2064 = DIRECTION ( 'NONE',  ( 0.0000000000000000000, -1.000000000000000000, 0.0000000000000000000 ) ) ;
#2065 = VECTOR ( 'NONE', #2892, 1000.000000000000000 ) ;
#2066 = AXIS2_PLACEMENT_3D ( 'NONE', #2493, #2503, #486 ) ;
#2067 = AXIS2_PLACEMENT_3D ( 'NONE', #2660, #2661, #2672 ) ;
#2068 = DIRECTION ( 'NONE',  ( -0.5735764363510521546, -0.8191520442889875797, 0.0000000000000000000 ) ) ;
#2069 = DIRECTION ( 'NONE',  ( -1.000000000000000000, -0.0000000000000000000, -0.0000000000000000000 ) ) ;
#2070 = SURFACE_STYLE_FILL_AREA ( #219 ) ;
#2071 = PLANE ( 'NONE',  #374 ) ;
#2072 = ORIENTED_EDGE ( 'NONE', *, *, #2220, .F. ) ;
#2073 = FACE_OUTER_BOUND ( 'NONE', #3021, .T. ) ;
#2074 = ADVANCED_FACE ( 'NONE', ( #1676 ), #1681, .T. ) ;
#2075 = CIRCLE ( 'NONE', #2040, 4.172000000000002373 ) ;
#2076 = DIRECTION ( 'NONE',  ( -1.000000000000000000, -1.224606353822377258E-16, -0.0000000000000000000 ) ) ;
#2077 = VERTEX_POINT ( 'NONE', #1163 ) ;
#2078 = SURFACE_STYLE_FILL_AREA ( #505 ) ;
#2079 = VECTOR ( 'NONE', #2648, 1000.000000000000000 ) ;
#2080 = ORIENTED_EDGE ( 'NONE', *, *, #2227, .F. ) ;
#2081 = EDGE_CURVE ( 'NONE', #1718, #433, #3915, .T. ) ;
#2082 = CYLINDRICAL_SURFACE ( 'NONE', #610, 4.999999999999925393 ) ;
#2083 = AXIS2_PLACEMENT_3D ( 'NONE', #3617, #3369, #2927 ) ;
#2084 = CIRCLE ( 'NONE', #10, 5.000000000000002665 ) ;
#2085 = ORIENTED_EDGE ( 'NONE', *, *, #2248, .F. ) ;
#2086 = EDGE_CURVE ( 'NONE', #3710, #3969, #620, .T. ) ;
#2087 = ORIENTED_EDGE ( 'NONE', *, *, #2268, .T. ) ;
#2088 = FACE_OUTER_BOUND ( 'NONE', #3104, .T. ) ;
#2089 = FACE_OUTER_BOUND ( 'NONE', #3646, .T. ) ;
#2090 = ORIENTED_EDGE ( 'NONE', *, *, #3679, .T. ) ;
#2091 = DIRECTION ( 'NONE',  ( -1.000000000000000000, -1.224606353822377258E-16, -0.0000000000000000000 ) ) ;
#2092 = CARTESIAN_POINT ( 'NONE',  ( 27.07977184163764406, 2.235490958484726972E-15, 0.0000000000000000000 ) ) ;
#2093 = EDGE_CURVE ( 'NONE', #433, #2443, #2804, .T. ) ;
#2094 = CIRCLE ( 'NONE', #2067, 5.000000000000002665 ) ;
#2095 = ORIENTED_EDGE ( 'NONE', *, *, #1983, .F. ) ;
#2096 = AXIS2_PLACEMENT_3D ( 'NONE', #2691, #2695, #2701 ) ;
#2097 = AXIS2_PLACEMENT_3D ( 'NONE', #2187, #3614, #42 ) ;
#2098 = AXIS2_PLACEMENT_3D ( 'NONE', #2466, #2472, #2485 ) ;
#2099 = CYLINDRICAL_SURFACE ( 'NONE', #1326, 4.999999999999925393 ) ;
#2100 = ORIENTED_EDGE ( 'NONE', *, *, #2282, .F. ) ;
#2101 = ADVANCED_FACE ( 'NONE', ( #407 ), #2071, .T. ) ;
#2102 = CIRCLE ( 'NONE', #2096, 4.999999999999849010 ) ;
#2103 = DIRECTION ( 'NONE',  ( -1.000000000000000000, -0.0000000000000000000, -0.0000000000000000000 ) ) ;
#2104 = AXIS2_PLACEMENT_3D ( 'NONE', #2424, #2459, #3437 ) ;
#2105 = ORIENTED_EDGE ( 'NONE', *, *, #2292, .F. ) ;
#2106 = AXIS2_PLACEMENT_3D ( 'NONE', #3423, #3692, #187 ) ;
#2107 = CONICAL_SURFACE ( 'NONE', #2104, 5.000000000000002665, 0.9599310885968803664 ) ;
#2108 = CARTESIAN_POINT ( 'NONE',  ( 33.07977184163764406, 5.000000000000005329, 0.0000000000000000000 ) ) ;
#2109 = DIRECTION ( 'NONE',  ( -1.000000000000000000, -1.224606353822377258E-16, -0.0000000000000000000 ) ) ;
#2110 = ORIENTED_EDGE ( 'NONE', *, *, #2008, .T. ) ;
#2111 = EDGE_CURVE ( 'NONE', #2443, #3085, #2853, .T. ) ;
#2112 = CARTESIAN_POINT ( 'NONE',  ( 16.57977184163764051, -3.466673899897024536E-29, 5.000000000000003553 ) ) ;
#2113 = CIRCLE ( 'NONE', #867, 5.000000000000000888 ) ;
#2114 = CARTESIAN_POINT ( 'NONE',  ( 21.07977184163764051, 6.123233995736419184E-16, -5.000000000000003553 ) ) ;
#2115 = CARTESIAN_POINT ( 'NONE',  ( 16.92022815836235239, 2.093492502277374743E-15, 0.0000000000000000000 ) ) ;
#2116 = CIRCLE ( 'NONE', #3487, 5.000000000000000888 ) ;
#2117 = VECTOR ( 'NONE', #866, 1000.000000000000000 ) ;
#2118 = ORIENTED_EDGE ( 'NONE', *, *, #2296, .T. ) ;
#2119 = LINE ( 'NONE', #519, #1938 ) ;
#2120 = CARTESIAN_POINT ( 'NONE',  ( 35.50000000000000711, -4.172000000000000597, 0.0000000000000000000 ) ) ;
#2121 = FACE_OUTER_BOUND ( 'NONE', #3093, .T. ) ;
#2122 = VECTOR ( 'NONE', #2507, 999.9999999999998863 ) ;
#2123 = ORIENTED_EDGE ( 'NONE', *, *, #2301, .T. ) ;
#2124 = VERTEX_POINT ( 'NONE', #3726 ) ;
#2125 = ADVANCED_FACE ( 'NONE', ( #677, #1229 ), #3199, .T. ) ;
#2126 = ORIENTED_EDGE ( 'NONE', *, *, #2307, .T. ) ;
#2127 = CYLINDRICAL_SURFACE ( 'NONE', #220, 4.999999999999925393 ) ;
#2128 = CARTESIAN_POINT ( 'NONE',  ( 19.57977184163764406, 2.235490958484726972E-15, 0.0000000000000000000 ) ) ;
#2129 = CARTESIAN_POINT ( 'NONE',  ( 5.000000000000000000, -2.342598717236900718, 4.057499999999993889 ) ) ;
#2130 = DIRECTION ( 'NONE',  ( -1.000000000000000000, -0.0000000000000000000, -0.0000000000000000000 ) ) ;
#2131 = ORIENTED_EDGE ( 'NONE', *, *, #3788, .T. ) ;
#2132 = CARTESIAN_POINT ( 'NONE',  ( 28.57977184163764051, -3.466673899897024536E-29, 5.000000000000003553 ) ) ;
#2133 = DIRECTION ( 'NONE',  ( -0.5735764363510524877, 0.8191520442889874687, 1.003171929053519570E-16 ) ) ;
#2134 = ORIENTED_EDGE ( 'NONE', *, *, #2317, .F. ) ;
#2135 = LINE ( 'NONE', #2521, #2079 ) ;
#2136 = VERTEX_POINT ( 'NONE', #724 ) ;
#2137 = DIRECTION ( 'NONE',  ( -1.000000000000000000, -1.224606353822377258E-16, -0.0000000000000000000 ) ) ;
#2138 = CARTESIAN_POINT ( 'NONE',  ( 5.000000000000000000, 0.0000000000000000000, 0.0000000000000000000 ) ) ;
#2139 = DIRECTION ( 'NONE',  ( 0.0000000000000000000, 0.0000000000000000000, 1.000000000000000000 ) ) ;
#2140 = AXIS2_PLACEMENT_3D ( 'NONE', #3995, #2827, #271 ) ;
#2141 = AXIS2_PLACEMENT_3D ( 'NONE', #3843, #2003, #1893 ) ;
#2142 = ORIENTED_EDGE ( 'NONE', *, *, #3108, .F. ) ;
#2143 = CARTESIAN_POINT ( 'NONE',  ( 5.000000000000000000, 4.969004387540385421E-16, -4.057500000000000107 ) ) ;
#2144 = DIRECTION ( 'NONE',  ( -0.0000000000000000000, -0.5000000000000011102, -0.8660254037844380415 ) ) ;
#2145 = DIRECTION ( 'NONE',  ( -1.000000000000000000, -0.0000000000000000000, -0.0000000000000000000 ) ) ;
#2146 = DIRECTION ( 'NONE',  ( 0.0000000000000000000, 1.000000000000000000, 0.0000000000000000000 ) ) ;
#2147 = DIRECTION ( 'NONE',  ( -1.000000000000000000, -1.224606353822377258E-16, -0.0000000000000000000 ) ) ;
#2148 = AXIS2_PLACEMENT_3D ( 'NONE', #3941, #354, #170 ) ;
#2149 = DIRECTION ( 'NONE',  ( 0.0000000000000000000, -1.000000000000000000, 0.0000000000000000000 ) ) ;
#2150 = AXIS2_PLACEMENT_3D ( 'NONE', #3721, #1628, #3381 ) ;
#2151 = DIRECTION ( 'NONE',  ( -1.000000000000000000, -1.224606353822377258E-16, -0.0000000000000000000 ) ) ;
#2152 = CARTESIAN_POINT ( 'NONE',  ( 16.57977184163764051, 2.235490958484726972E-15, 0.0000000000000000000 ) ) ;
#2153 = ORIENTED_EDGE ( 'NONE', *, *, #2355, .T. ) ;
#2154 = DIRECTION ( 'NONE',  ( -1.000000000000000000, -0.0000000000000000000, -0.0000000000000000000 ) ) ;
#2155 = CARTESIAN_POINT ( 'NONE',  ( -0.0000000000000000000, -4.685197434473812095, -2.602085213965210642E-15 ) ) ;
#2156 = CARTESIAN_POINT ( 'NONE',  ( 26.50000000000000355, 4.172000000000004150, 5.109226446042759579E-16 ) ) ;
#2157 = EDGE_CURVE ( 'NONE', #619, #3501, #215, .T. ) ;
#2158 = FACE_OUTER_BOUND ( 'NONE', #2930, .T. ) ;
#2159 = ORIENTED_EDGE ( 'NONE', *, *, #2362, .T. ) ;
#2160 = ADVANCED_FACE ( 'NONE', ( #2623 ), #924, .T. ) ;
#2161 = FACE_OUTER_BOUND ( 'NONE', #2209, .T. ) ;
#2162 = ORIENTED_EDGE ( 'NONE', *, *, #2278, .T. ) ;
#2163 = EDGE_CURVE ( 'NONE', #3085, #1608, #2430, .T. ) ;
#2164 = LINE ( 'NONE', #2516, #2122 ) ;
#2165 = DIRECTION ( 'NONE',  ( 1.000000000000000000, 0.0000000000000000000, 0.0000000000000000000 ) ) ;
#2166 = CARTESIAN_POINT ( 'NONE',  ( 5.000000000000000000, 4.685197434473814759, -1.474514954580286030E-14 ) ) ;
#2167 = CARTESIAN_POINT ( 'NONE',  ( 5.000000000000000000, 4.685197434473814759, -1.474514954580286030E-14 ) ) ;
#2168 = ORIENTED_EDGE ( 'NONE', *, *, #919, .F. ) ;
#2169 = CARTESIAN_POINT ( 'NONE',  ( 5.000000000000000000, 2.342598717236902495, -4.057500000000011653 ) ) ;
#2170 = CARTESIAN_POINT ( 'NONE',  ( 15.07977184163764228, 5.000000000000005329, 0.0000000000000000000 ) ) ;
#2171 = CARTESIAN_POINT ( 'NONE',  ( 28.00000000000000000, -4.172000000000000597, 0.0000000000000000000 ) ) ;
#2172 = LINE ( 'NONE', #1728, #46 ) ;
#2173 = DIRECTION ( 'NONE',  ( -1.000000000000000000, -1.224606353822377258E-16, -0.0000000000000000000 ) ) ;
#2174 = CYLINDRICAL_SURFACE ( 'NONE', #2066, 4.999999999999925393 ) ;
#2175 = VERTEX_POINT ( 'NONE', #664 ) ;
#2176 = DIRECTION ( 'NONE',  ( 0.0000000000000000000, -1.000000000000000000, 0.0000000000000000000 ) ) ;
#2177 = VECTOR ( 'NONE', #3470, 999.9999999999998863 ) ;
#2178 = EDGE_LOOP ( 'NONE', ( #1670, #1698, #1781, #1834, #1842, #1851 ) ) ;
#2179 = ORIENTED_EDGE ( 'NONE', *, *, #1351, .T. ) ;
#2180 = LINE ( 'NONE', #3374, #2490 ) ;
#2181 = DIRECTION ( 'NONE',  ( 1.000000000000000000, 1.224606353822377258E-16, 0.0000000000000000000 ) ) ;
#2182 = CARTESIAN_POINT ( 'NONE',  ( 37.00000000000000000, 4.172000000000004150, 5.109226446042759579E-16 ) ) ;
#2183 = DIRECTION ( 'NONE',  ( -1.000000000000000000, -0.0000000000000000000, -0.0000000000000000000 ) ) ;
#2184 = CYLINDRICAL_SURFACE ( 'NONE', #2097, 4.999999999999925393 ) ;
#2185 = EDGE_LOOP ( 'NONE', ( #3795, #3775, #3752, #3709, #3625, #3590 ) ) ;
#2186 = DIRECTION ( 'NONE',  ( -1.000000000000000000, -1.224606353822377258E-16, -0.0000000000000000000 ) ) ;
#2187 = CARTESIAN_POINT ( 'NONE',  ( -31.74999999999995737, 0.0000000000000000000, 0.0000000000000000000 ) ) ;
#2188 = CARTESIAN_POINT ( 'NONE',  ( -31.74999999999995737, 0.0000000000000000000, 4.999999999999925393 ) ) ;
#2189 = DIRECTION ( 'NONE',  ( 0.5735764363510468256, 0.8191520442889913545, 0.0000000000000000000 ) ) ;
#2190 = CONICAL_SURFACE ( 'NONE', #2226, 4.172000000000002373, 0.9599310885968737050 ) ;
#2191 = FACE_OUTER_BOUND ( 'NONE', #3221, .T. ) ;
#2192 = ORIENTED_EDGE ( 'NONE', *, *, #2030, .F. ) ;
#2193 = ADVANCED_FACE ( 'NONE', ( #3300 ), #3011, .T. ) ;
#2194 = CARTESIAN_POINT ( 'NONE',  ( 15.07977184163764228, 5.000000000000004441, 0.0000000000000000000 ) ) ;
#2195 = CARTESIAN_POINT ( 'NONE',  ( 16.57977184163764051, 2.235490958484726972E-15, 0.0000000000000000000 ) ) ;
#2196 = CONICAL_SURFACE ( 'NONE', #2238, 5.000000000000002665, 0.9599310885968803664 ) ;
#2197 = EDGE_LOOP ( 'NONE', ( #2468, #3061, #2560, #3195, #748 ) ) ;
#2198 = CARTESIAN_POINT ( 'NONE',  ( 1.500000000000001332, 0.0000000000000000000, 0.0000000000000000000 ) ) ;
#2199 = DIRECTION ( 'NONE',  ( -1.000000000000000000, -1.224606353822377258E-16, -0.0000000000000000000 ) ) ;
#2200 = ORIENTED_EDGE ( 'NONE', *, *, #2544, .F. ) ;
#2201 = DIRECTION ( 'NONE',  ( 0.0000000000000000000, -1.000000000000000000, 0.0000000000000000000 ) ) ;
#2202 = EDGE_CURVE ( 'NONE', #1450, #2987, #3783, .T. ) ;
#2203 = DIRECTION ( 'NONE',  ( 0.0000000000000000000, 0.0000000000000000000, -1.000000000000000000 ) ) ;
#2204 = ADVANCED_FACE ( 'NONE', ( #509 ), #2127, .T. ) ;
#2205 = DIRECTION ( 'NONE',  ( 0.0000000000000000000, -1.000000000000000000, 0.0000000000000000000 ) ) ;
#2206 = CARTESIAN_POINT ( 'NONE',  ( 24.07977184163764051, 6.123233995736423128E-16, -5.000000000000003553 ) ) ;
#2207 = CARTESIAN_POINT ( 'NONE',  ( 22.00000000000000000, 2.164491730381051252E-15, 0.0000000000000000000 ) ) ;
#2208 = DIRECTION ( 'NONE',  ( 0.0000000000000000000, -1.000000000000000000, 0.0000000000000000000 ) ) ;
#2209 = EDGE_LOOP ( 'NONE', ( #2784, #1130, #1221, #4001, #2712 ) ) ;
#2210 = ORIENTED_EDGE ( 'NONE', *, *, #2754, .F. ) ;
#2211 = EDGE_CURVE ( 'NONE', #1450, #3054, #109, .T. ) ;
#2212 = DIRECTION ( 'NONE',  ( 0.0000000000000000000, 1.000000000000000000, 0.0000000000000000000 ) ) ;
#2213 = CIRCLE ( 'NONE', #2061, 5.000000000000000888 ) ;
#2214 = AXIS2_PLACEMENT_3D ( 'NONE', #3839, #2527, #2824 ) ;
#2215 = AXIS2_PLACEMENT_3D ( 'NONE', #3731, #3103, #584 ) ;
#2216 = CONICAL_SURFACE ( 'NONE', #3542, 4.172000000000002373, 0.9599310885968737050 ) ;
#2217 = CARTESIAN_POINT ( 'NONE',  ( 1.500000000000001332, 7.960204194457796463E-16, -6.500000000000000888 ) ) ;
#2218 = ADVANCED_FACE ( 'NONE', ( #1524 ), #2279, .T. ) ;
#2219 = FACE_OUTER_BOUND ( 'NONE', #2968, .T. ) ;
#2220 = EDGE_CURVE ( 'NONE', #3791, #3054, #3384, .T. ) ;
#2221 = ORIENTED_EDGE ( 'NONE', *, *, #3584, .F. ) ;
#2222 = AXIS2_PLACEMENT_3D ( 'NONE', #1033, #2767, #3013 ) ;
#2223 = LINE ( 'NONE', #2256, #1830 ) ;
#2224 = LINE ( 'NONE', #3340, #1989 ) ;
#2225 = VERTEX_POINT ( 'NONE', #4029 ) ;
#2226 = AXIS2_PLACEMENT_3D ( 'NONE', #231, #1014, #3435 ) ;
#2227 = EDGE_CURVE ( 'NONE', #2987, #3791, #341, .T. ) ;
#2228 = ORIENTED_EDGE ( 'NONE', *, *, #1868, .F. ) ;
#2229 = CONICAL_SURFACE ( 'NONE', #489, 5.000000000000002665, 0.9599310885968803664 ) ;
#2230 = ORIENTED_EDGE ( 'NONE', *, *, #366, .T. ) ;
#2231 = ORIENTED_EDGE ( 'NONE', *, *, #3856, .F. ) ;
#2232 = PRODUCT_DEFINITION_SHAPE ( 'NONE', 'NONE',  #248 ) ;
#2233 = CIRCLE ( 'NONE', #2214, 4.171999999999999709 ) ;
#2234 = ORIENTED_EDGE ( 'NONE', *, *, #3262, .F. ) ;
#2235 = DIRECTION ( 'NONE',  ( -1.000000000000000000, -1.224606353822377258E-16, -0.0000000000000000000 ) ) ;
#2236 = CARTESIAN_POINT ( 'NONE',  ( 5.000000000000000000, -4.685197434473812095, -2.602085213965210642E-15 ) ) ;
#2237 = CIRCLE ( 'NONE', #3040, 4.172000000000002373 ) ;
#2238 = AXIS2_PLACEMENT_3D ( 'NONE', #4035, #4016, #1808 ) ;
#2239 = AXIS2_PLACEMENT_3D ( 'NONE', #167, #3881, #1541 ) ;
#2240 = ORIENTED_EDGE ( 'NONE', *, *, #3296, .F. ) ;
#2241 = CARTESIAN_POINT ( 'NONE',  ( -31.74999999999995737, 6.123233995736674577E-16, -4.999999999999925393 ) ) ;
#2242 = DIRECTION ( 'NONE',  ( -1.000000000000000000, -0.0000000000000000000, -0.0000000000000000000 ) ) ;
#2243 = ORIENTED_EDGE ( 'NONE', *, *, #92, .F. ) ;
#2244 = CARTESIAN_POINT ( 'NONE',  ( 5.000000000000000000, 0.0000000000000000000, 0.0000000000000000000 ) ) ;
#2245 = AXIS2_PLACEMENT_3D ( 'NONE', #3986, #4013, #2886 ) ;
#2246 = CARTESIAN_POINT ( 'NONE',  ( 19.92022815836235239, 2.093492502277374743E-15, 0.0000000000000000000 ) ) ;
#2247 = DIRECTION ( 'NONE',  ( -1.000000000000000000, -0.0000000000000000000, -0.0000000000000000000 ) ) ;
#2248 = EDGE_CURVE ( 'NONE', #580, #3670, #1583, .T. ) ;
#2249 = AXIS2_PLACEMENT_3D ( 'NONE', #1635, #3486, #3689 ) ;
#2250 = CIRCLE ( 'NONE', #2245, 5.000000000000000888 ) ;
#2251 = DIRECTION ( 'NONE',  ( -1.000000000000000000, -1.224606353822377258E-16, -0.0000000000000000000 ) ) ;
#2252 = CARTESIAN_POINT ( 'NONE',  ( 29.50000000000000000, -4.172000000000000597, 5.616230220889765396E-16 ) ) ;
#2253 = DIRECTION ( 'NONE',  ( 0.0000000000000000000, 0.5000000000000011102, 0.8660254037844380415 ) ) ;
#2254 = FACE_OUTER_BOUND ( 'NONE', #2611, .T. ) ;
#2255 = CARTESIAN_POINT ( 'NONE',  ( 39.07977184163764406, 2.235490958484726972E-15, 0.0000000000000000000 ) ) ;
#2256 = CARTESIAN_POINT ( 'NONE',  ( 24.07977184163764051, -5.000000000000000000, 6.123233995736770227E-16 ) ) ;
#2257 = DIRECTION ( 'NONE',  ( -1.000000000000000000, -0.0000000000000000000, -0.0000000000000000000 ) ) ;
#2258 = VERTEX_POINT ( 'NONE', #1336 ) ;
#2259 = AXIS2_PLACEMENT_3D ( 'NONE', #3703, #3771, #2756 ) ;
#2260 = CONICAL_SURFACE ( 'NONE', #1015, 4.172000000000002373, 0.9599310885968737050 ) ;
#2261 = DIRECTION ( 'NONE',  ( 0.0000000000000000000, -1.000000000000000000, 0.0000000000000000000 ) ) ;
#2262 = CARTESIAN_POINT ( 'NONE',  ( 27.42022815836235239, 2.093492502277374743E-15, 0.0000000000000000000 ) ) ;
#2263 = VERTEX_POINT ( 'NONE', #3114 ) ;
#2264 = DIRECTION ( 'NONE',  ( -0.0000000000000000000, 0.8660254037844393737, 0.4999999999999987232 ) ) ;
#2265 = VERTEX_POINT ( 'NONE', #3227 ) ;
#2266 = CARTESIAN_POINT ( 'NONE',  ( 21.42022815836234884, 2.093492502277374743E-15, 0.0000000000000000000 ) ) ;
#2267 = AXIS2_PLACEMENT_3D ( 'NONE', #1762, #2559, #514 ) ;
#2268 = EDGE_CURVE ( 'NONE', #580, #3526, #566, .T. ) ;
#2269 = LINE ( 'NONE', #910, #1776 ) ;
#2270 = DIRECTION ( 'NONE',  ( 0.0000000000000000000, 1.000000000000000000, 0.0000000000000000000 ) ) ;
#2271 = FACE_OUTER_BOUND ( 'NONE', #2953, .T. ) ;
#2272 = DIRECTION ( 'NONE',  ( 0.0000000000000000000, 0.0000000000000000000, 1.000000000000000000 ) ) ;
#2273 = CARTESIAN_POINT ( 'NONE',  ( 18.42022815836235594, -4.999999999999998224, 0.0000000000000000000 ) ) ;
#2274 = ORIENTED_EDGE ( 'NONE', *, *, #3366, .T. ) ;
#2275 = LINE ( 'NONE', #1766, #3379 ) ;
#2276 = AXIS2_PLACEMENT_3D ( 'NONE', #1711, #2681, #357 ) ;
#2277 = CIRCLE ( 'NONE', #2259, 5.000000000000002665 ) ;
#2278 = EDGE_CURVE ( 'NONE', #316, #2569, #573, .T. ) ;
#2279 = CYLINDRICAL_SURFACE ( 'NONE', #184, 4.999999999999925393 ) ;
#2280 = DIRECTION ( 'NONE',  ( -1.000000000000000000, -1.224606353822377258E-16, -0.0000000000000000000 ) ) ;
#2281 = ORIENTED_EDGE ( 'NONE', *, *, #2476, .F. ) ;
#2282 = EDGE_CURVE ( 'NONE', #269, #3526, #3647, .T. ) ;
#2283 = AXIS2_PLACEMENT_3D ( 'NONE', #161, #38, #130 ) ;
#2284 = DIRECTION ( 'NONE',  ( -1.000000000000000000, -1.224606353822377258E-16, -0.0000000000000000000 ) ) ;
#2285 = DIRECTION ( 'NONE',  ( 0.0000000000000000000, -1.000000000000000000, 0.0000000000000000000 ) ) ;
#2286 = VECTOR ( 'NONE', #307, 999.9999999999998863 ) ;
#2287 = VERTEX_POINT ( 'NONE', #1794 ) ;
#2288 = DIRECTION ( 'NONE',  ( -1.000000000000000000, -1.224606353822377258E-16, -0.0000000000000000000 ) ) ;
#2289 = CIRCLE ( 'NONE', #2267, 5.000000000000000888 ) ;
#2290 = CONICAL_SURFACE ( 'NONE', #2329, 5.000000000000002665, 0.9599310885968803664 ) ;
#2291 = AXIS2_PLACEMENT_3D ( 'NONE', #396, #364, #2757 ) ;
#2292 = EDGE_CURVE ( 'NONE', #3670, #269, #2901, .T. ) ;
#2293 = AXIS2_PLACEMENT_3D ( 'NONE', #440, #959, #300 ) ;
#2294 = CIRCLE ( 'NONE', #2297, 5.000000000000002665 ) ;
#2295 = EDGE_LOOP ( 'NONE', ( #2588, #4018, #2907, #2973, #1268, #3610 ) ) ;
#2296 = EDGE_CURVE ( 'NONE', #2871, #1228, #1589, .T. ) ;
#2297 = AXIS2_PLACEMENT_3D ( 'NONE', #3043, #950, #3844 ) ;
#2298 = CONICAL_SURFACE ( 'NONE', #2331, 4.172000000000002373, 0.9599310885968737050 ) ;
#2299 = CARTESIAN_POINT ( 'NONE',  ( 25.00000000000000000, 2.164491730381051252E-15, 0.0000000000000000000 ) ) ;
#2300 = DIRECTION ( 'NONE',  ( 0.0000000000000000000, -0.4999999999999990008, 0.8660254037844391517 ) ) ;
#2301 = EDGE_CURVE ( 'NONE', #1228, #3670, #3474, .T. ) ;
#2302 = ADVANCED_FACE ( 'NONE', ( #1996 ), #1132, .T. ) ;
#2303 = FACE_OUTER_BOUND ( 'NONE', #1446, .T. ) ;
#2304 = DIRECTION ( 'NONE',  ( -0.5735764363510521546, -0.8191520442889875797, 0.0000000000000000000 ) ) ;
#2305 = ORIENTED_EDGE ( 'NONE', *, *, #101, .T. ) ;
#2306 = AXIS2_PLACEMENT_3D ( 'NONE', #2555, #2199, #1577 ) ;
#2307 = EDGE_CURVE ( 'NONE', #3670, #580, #1787, .T. ) ;
#2308 = EDGE_CURVE ( 'NONE', #1114, #1084, #1439, .T. ) ;
#2309 = DIRECTION ( 'NONE',  ( -1.000000000000000000, -0.0000000000000000000, -0.0000000000000000000 ) ) ;
#2310 = VERTEX_POINT ( 'NONE', #683 ) ;
#2311 = ADVANCED_FACE ( 'NONE', ( #821 ), #3561, .T. ) ;
#2312 = CARTESIAN_POINT ( 'NONE',  ( 36.07977184163764406, -5.000000000000000888, 6.123233995736771213E-16 ) ) ;
#2313 = DIRECTION ( 'NONE',  ( -1.000000000000000000, -0.0000000000000000000, -0.0000000000000000000 ) ) ;
#2314 = CIRCLE ( 'NONE', #2283, 4.172000000000002373 ) ;
#2315 = VECTOR ( 'NONE', #3346, 1000.000000000000000 ) ;
#2316 = VECTOR ( 'NONE', #1495, 999.9999999999998863 ) ;
#2317 = EDGE_CURVE ( 'NONE', #2900, #580, #3170, .T. ) ;
#2318 = VECTOR ( 'NONE', #1902, 1000.000000000000000 ) ;
#2319 = CARTESIAN_POINT ( 'NONE',  ( 26.50000000000000355, -4.172000000000000597, 5.616230220889765396E-16 ) ) ;
#2320 = DIRECTION ( 'NONE',  ( -1.000000000000000000, -1.224606353822377258E-16, -0.0000000000000000000 ) ) ;
#2321 = DIRECTION ( 'NONE',  ( -1.000000000000000000, -1.224606353822377258E-16, -0.0000000000000000000 ) ) ;
#2322 = AXIS2_PLACEMENT_3D ( 'NONE', #3433, #1353, #1562 ) ;
#2323 = ORIENTED_EDGE ( 'NONE', *, *, #3603, .T. ) ;
#2324 = CIRCLE ( 'NONE', #2650, 5.000000000000000888 ) ;
#2325 = FACE_OUTER_BOUND ( 'NONE', #3662, .T. ) ;
#2326 = SURFACE_SIDE_STYLE ('',( #2070 ) ) ;
#2327 = VERTEX_POINT ( 'NONE', #1771 ) ;
#2328 = DIRECTION ( 'NONE',  ( -1.000000000000000000, -1.224606353822377258E-16, -0.0000000000000000000 ) ) ;
#2329 = AXIS2_PLACEMENT_3D ( 'NONE', #2643, #3550, #2653 ) ;
#2330 = EDGE_LOOP ( 'NONE', ( #755, #2090, #2022, #2011, #1990, #1957 ) ) ;
#2331 = AXIS2_PLACEMENT_3D ( 'NONE', #2727, #2679, #2671 ) ;
#2332 = LINE ( 'NONE', #2155, #2482 ) ;
#2333 = ORIENTED_EDGE ( 'NONE', *, *, #3108, .T. ) ;
#2334 = CARTESIAN_POINT ( 'NONE',  ( 22.00000000000000000, 2.164491730381051252E-15, 0.0000000000000000000 ) ) ;
#2335 = DIRECTION ( 'NONE',  ( 0.5735764363510468256, 0.8191520442889913545, 0.0000000000000000000 ) ) ;
#2336 = VERTEX_POINT ( 'NONE', #1156 ) ;
#2337 = LINE ( 'NONE', #1719, #1128 ) ;
#2338 = VERTEX_POINT ( 'NONE', #88 ) ;
#2339 = AXIS2_PLACEMENT_3D ( 'NONE', #3773, #1646, #2619 ) ;
#2340 = LINE ( 'NONE', #339, #2286 ) ;
#2341 = ORIENTED_EDGE ( 'NONE', *, *, #3978, .T. ) ;
#2342 = DIRECTION ( 'NONE',  ( 0.0000000000000000000, -1.000000000000000000, 0.0000000000000000000 ) ) ;
#2343 = FILL_AREA_STYLE_COLOUR ( '', #1236 ) ;
#2344 = DIRECTION ( 'NONE',  ( 0.0000000000000000000, -1.000000000000000000, 0.0000000000000000000 ) ) ;
#2345 = FACE_OUTER_BOUND ( 'NONE', #3630, .T. ) ;
#2346 = ORIENTED_EDGE ( 'NONE', *, *, #3080, .T. ) ;
#2347 = ADVANCED_FACE ( 'NONE', ( #1894 ), #3208, .T. ) ;
#2348 = DIRECTION ( 'NONE',  ( 1.000000000000000000, 1.224606353822377258E-16, 0.0000000000000000000 ) ) ;
#2349 = CARTESIAN_POINT ( 'NONE',  ( 15.07977184163764228, 2.235490958484726972E-15, 0.0000000000000000000 ) ) ;
#2350 = CARTESIAN_POINT ( 'NONE',  ( 23.50000000000000000, -4.172000000000000597, 0.0000000000000000000 ) ) ;
#2351 = ORIENTED_EDGE ( 'NONE', *, *, #3136, .T. ) ;
#2352 = CARTESIAN_POINT ( 'NONE',  ( 22.57977184163764051, 2.235490958484726972E-15, 0.0000000000000000000 ) ) ;
#2353 = CARTESIAN_POINT ( 'NONE',  ( -31.74999999999995737, 0.0000000000000000000, 0.0000000000000000000 ) ) ;
#2354 = AXIS2_PLACEMENT_3D ( 'NONE', #3432, #2595, #2205 ) ;
#2355 = EDGE_CURVE ( 'NONE', #233, #3121, #3694, .T. ) ;
#2356 = ORIENTED_EDGE ( 'NONE', *, *, #3263, .F. ) ;
#2357 = CONICAL_SURFACE ( 'NONE', #2380, 5.000000000000002665, 0.9599310885968803664 ) ;
#2358 = VERTEX_POINT ( 'NONE', #1630 ) ;
#2359 = DIRECTION ( 'NONE',  ( -1.000000000000000000, -1.224606353822377258E-16, -0.0000000000000000000 ) ) ;
#2360 = DIRECTION ( 'NONE',  ( -0.5735764363510521546, -0.8191520442889875797, 0.0000000000000000000 ) ) ;
#2361 = DIRECTION ( 'NONE',  ( -1.000000000000000000, -0.0000000000000000000, -0.0000000000000000000 ) ) ;
#2362 = EDGE_CURVE ( 'NONE', #3121, #1450, #3166, .T. ) ;
#2363 = ORIENTED_EDGE ( 'NONE', *, *, #3831, .F. ) ;
#2364 = DIRECTION ( 'NONE',  ( -1.000000000000000000, -0.0000000000000000000, -0.0000000000000000000 ) ) ;
#2365 = EDGE_CURVE ( 'NONE', #3006, #1887, #3828, .T. ) ;
#2366 = VECTOR ( 'NONE', #3490, 1000.000000000000000 ) ;
#2367 = EDGE_LOOP ( 'NONE', ( #2017, #2095, #2131, #2162, #2739 ) ) ;
#2368 = DIRECTION ( 'NONE',  ( -1.000000000000000000, -1.224606353822377258E-16, -0.0000000000000000000 ) ) ;
#2369 = VERTEX_POINT ( 'NONE', #1169 ) ;
#2370 = SURFACE_STYLE_USAGE ( .BOTH. , #2326 ) ;
#2371 = EDGE_CURVE ( 'NONE', #233, #2987, #3527, .T. ) ;
#2372 = EDGE_CURVE ( 'NONE', #938, #1179, #2224, .T. ) ;
#2373 = DIRECTION ( 'NONE',  ( 0.0000000000000000000, 0.0000000000000000000, 1.000000000000000000 ) ) ;
#2374 = CARTESIAN_POINT ( 'NONE',  ( 22.57977184163764051, 6.123233995736423128E-16, -5.000000000000003553 ) ) ;
#2375 = LINE ( 'NONE', #2035, #1068 ) ;
#2376 = ORIENTED_EDGE ( 'NONE', *, *, #2476, .T. ) ;
#2377 = CIRCLE ( 'NONE', #2354, 4.172000000000002373 ) ;
#2378 = EDGE_CURVE ( 'NONE', #2851, #1364, #2048, .T. ) ;
#2379 = ORIENTED_EDGE ( 'NONE', *, *, #2292, .T. ) ;
#2380 = AXIS2_PLACEMENT_3D ( 'NONE', #2913, #2837, #2920 ) ;
#2381 = CARTESIAN_POINT ( 'NONE',  ( 17.50000000000000000, 4.172000000000004150, 0.0000000000000000000 ) ) ;
#2382 = CIRCLE ( 'NONE', #2293, 5.000000000000002665 ) ;
#2383 = VERTEX_POINT ( 'NONE', #1673 ) ;
#2384 = ORIENTED_EDGE ( 'NONE', *, *, #1063, .T. ) ;
#2385 = CARTESIAN_POINT ( 'NONE',  ( 30.42022815836235239, -4.999999999999998224, 0.0000000000000000000 ) ) ;
#2386 = AXIS2_PLACEMENT_3D ( 'NONE', #2392, #2813, #2798 ) ;
#2387 = ORIENTED_EDGE ( 'NONE', *, *, #697, .F. ) ;
#2388 = CARTESIAN_POINT ( 'NONE',  ( 34.57977184163764406, 2.235490958484726972E-15, 0.0000000000000000000 ) ) ;
#2389 = ORIENTED_EDGE ( 'NONE', *, *, #984, .T. ) ;
#2390 = AXIS2_PLACEMENT_3D ( 'NONE', #2751, #3887, #2864 ) ;
#2391 = CARTESIAN_POINT ( 'NONE',  ( 33.42022815836235594, -4.999999999999998224, 0.0000000000000000000 ) ) ;
#2392 = CARTESIAN_POINT ( 'NONE',  ( 36.42022815836234884, 2.093492502277374743E-15, 0.0000000000000000000 ) ) ;
#2393 = VECTOR ( 'NONE', #2774, 999.9999999999998863 ) ;
#2394 = EDGE_CURVE ( 'NONE', #1601, #1179, #1030, .T. ) ;
#2395 = AXIS2_PLACEMENT_3D ( 'NONE', #1149, #2921, #1657 ) ;
#2396 = ORIENTED_EDGE ( 'NONE', *, *, #1816, .T. ) ;
#2397 = EDGE_CURVE ( 'NONE', #669, #457, #4038, .T. ) ;
#2398 = CARTESIAN_POINT ( 'NONE',  ( 5.000000000000000000, 2.342598717236902495, -4.057500000000011653 ) ) ;
#2399 = ADVANCED_FACE ( 'NONE', ( #2088 ), #1320, .T. ) ;
#2400 = VERTEX_POINT ( 'NONE', #3312 ) ;
#2401 =( NAMED_UNIT ( * ) SI_UNIT ( $, .STERADIAN. ) SOLID_ANGLE_UNIT ( ) );
#2402 = EDGE_CURVE ( 'NONE', #1601, #3806, #3468, .T. ) ;
#2403 = EDGE_CURVE ( 'NONE', #503, #1675, #2084, .T. ) ;
#2404 = AXIS2_PLACEMENT_3D ( 'NONE', #936, #839, #1861 ) ;
#2405 = LINE ( 'NONE', #2710, #2393 ) ;
#2406 = EDGE_LOOP ( 'NONE', ( #3975, #3885, #2622, #3667, #2529 ) ) ;
#2407 = DIRECTION ( 'NONE',  ( 0.0000000000000000000, -0.4999999999999987232, 0.8660254037844393737 ) ) ;
#2408 = EDGE_CURVE ( 'NONE', #3806, #147, #2332, .T. ) ;
#2409 = DIRECTION ( 'NONE',  ( 0.0000000000000000000, 0.0000000000000000000, 1.000000000000000000 ) ) ;
#2410 = CARTESIAN_POINT ( 'NONE',  ( 22.00000000000000000, -4.172000000000000597, 0.0000000000000000000 ) ) ;
#2411 = ORIENTED_EDGE ( 'NONE', *, *, #3632, .F. ) ;
#2412 = CARTESIAN_POINT ( 'NONE',  ( -31.74999999999995737, 0.0000000000000000000, 0.0000000000000000000 ) ) ;
#2413 = FACE_OUTER_BOUND ( 'NONE', #3491, .T. ) ;
#2414 = AXIS2_PLACEMENT_3D ( 'NONE', #3492, #1343, #223 ) ;
#2415 = EDGE_CURVE ( 'NONE', #1321, #503, #2716, .T. ) ;
#2416 = EDGE_CURVE ( 'NONE', #2549, #147, #2337, .T. ) ;
#2417 = VERTEX_POINT ( 'NONE', #3200 ) ;
#2418 = ADVANCED_FACE ( 'NONE', ( #720 ), #3635, .F. ) ;
#2419 = CIRCLE ( 'NONE', #2386, 5.000000000000000888 ) ;
#2420 = CARTESIAN_POINT ( 'NONE',  ( 26.50000000000000355, 2.164491730381051252E-15, 0.0000000000000000000 ) ) ;
#2421 = EDGE_CURVE ( 'NONE', #938, #2549, #1888, .T. ) ;
#2422 = AXIS2_PLACEMENT_3D ( 'NONE', #238, #264, #780 ) ;
#2423 = AXIS2_PLACEMENT_3D ( 'NONE', #1907, #1804, #3139 ) ;
#2424 = CARTESIAN_POINT ( 'NONE',  ( 18.07977184163764406, 2.235490958484726972E-15, 0.0000000000000000000 ) ) ;
#2425 = ORIENTED_EDGE ( 'NONE', *, *, #2227, .T. ) ;
#2426 = CONICAL_SURFACE ( 'NONE', #652, 4.172000000000002373, 0.9599310885968737050 ) ;
#2427 = EDGE_CURVE ( 'NONE', #3054, #3791, #1113, .T. ) ;
#2428 = FACE_OUTER_BOUND ( 'NONE', #3585, .T. ) ;
#2429 = CARTESIAN_POINT ( 'NONE',  ( 31.57977184163764051, 2.235490958484726972E-15, 0.0000000000000000000 ) ) ;
#2430 = CIRCLE ( 'NONE', #317, 4.057500000000000107 ) ;
#2431 = AXIS2_PLACEMENT_3D ( 'NONE', #2647, #1155, #116 ) ;
#2432 = DIRECTION ( 'NONE',  ( -1.000000000000000000, -1.224606353822377258E-16, -0.0000000000000000000 ) ) ;
#2433 = CARTESIAN_POINT ( 'NONE',  ( 10.00000000000000178, 0.0000000000000000000, 8.000000000000000000 ) ) ;
#2434 = DIRECTION ( 'NONE',  ( 0.0000000000000000000, -1.000000000000000000, 0.0000000000000000000 ) ) ;
#2435 = AXIS2_PLACEMENT_3D ( 'NONE', #2985, #3064, #3523 ) ;
#2436 = CIRCLE ( 'NONE', #2395, 5.000000000000002665 ) ;
#2437 = ADVANCED_FACE ( 'NONE', ( #495 ), #2216, .T. ) ;
#2438 = CIRCLE ( 'NONE', #2390, 5.000000000000002665 ) ;
#2439 = ORIENTED_EDGE ( 'NONE', *, *, #93, .F. ) ;
#2440 = CARTESIAN_POINT ( 'NONE',  ( 18.07977184163764406, -5.000000000000000000, 6.123233995736770227E-16 ) ) ;
#2441 = CARTESIAN_POINT ( 'NONE',  ( 24.42022815836235239, 2.093492502277374743E-15, 0.0000000000000000000 ) ) ;
#2442 = VECTOR ( 'NONE', #2451, 999.9999999999998863 ) ;
#2443 = VERTEX_POINT ( 'NONE', #562 ) ;
#2444 = EDGE_CURVE ( 'NONE', #3900, #3414, #2375, .T. ) ;
#2445 = AXIS2_PLACEMENT_3D ( 'NONE', #1807, #2359, #3914 ) ;
#2446 = CARTESIAN_POINT ( 'NONE',  ( 15.07977184163764228, 2.235490958484726972E-15, 0.0000000000000000000 ) ) ;
#2447 = DIRECTION ( 'NONE',  ( 0.0000000000000000000, -1.000000000000000000, 0.0000000000000000000 ) ) ;
#2448 = LINE ( 'NONE', #1008, #2442 ) ;
#2449 = ORIENTED_EDGE ( 'NONE', *, *, #3273, .T. ) ;
#2450 = CIRCLE ( 'NONE', #2291, 5.000000000000000888 ) ;
#2451 = DIRECTION ( 'NONE',  ( 0.5735764363510470476, -0.8191520442889911324, 1.003171929053524007E-16 ) ) ;
#2452 = DIRECTION ( 'NONE',  ( -0.5735764363510524877, 0.8191520442889874687, 1.003171929053519570E-16 ) ) ;
#2453 = ORIENTED_EDGE ( 'NONE', *, *, #275, .F. ) ;
#2454 = EDGE_CURVE ( 'NONE', #3121, #233, #709, .T. ) ;
#2455 = DIRECTION ( 'NONE',  ( 0.0000000000000000000, -1.000000000000000000, 0.0000000000000000000 ) ) ;
#2456 = ORIENTED_EDGE ( 'NONE', *, *, #1174, .F. ) ;
#2457 = EDGE_CURVE ( 'NONE', #2263, #666, #1308, .T. ) ;
#2458 = DIRECTION ( 'NONE',  ( -1.000000000000000000, -1.224606353822377258E-16, -0.0000000000000000000 ) ) ;
#2459 = DIRECTION ( 'NONE',  ( 1.000000000000000000, 1.224606353822377258E-16, 0.0000000000000000000 ) ) ;
#2460 = AXIS2_PLACEMENT_3D ( 'NONE', #2508, #3495, #265 ) ;
#2461 = EDGE_CURVE ( 'NONE', #2987, #1450, #1463, .T. ) ;
#2462 = DIRECTION ( 'NONE',  ( 0.0000000000000000000, -1.000000000000000000, 0.0000000000000000000 ) ) ;
#2463 = DIRECTION ( 'NONE',  ( 0.0000000000000000000, 1.000000000000000000, 0.0000000000000000000 ) ) ;
#2464 = DIRECTION ( 'NONE',  ( -1.000000000000000000, -1.224606353822377258E-16, -0.0000000000000000000 ) ) ;
#2465 = FACE_OUTER_BOUND ( 'NONE', #2918, .T. ) ;
#2466 = CARTESIAN_POINT ( 'NONE',  ( 39.17199999999987625, 0.0000000000000000000, 0.0000000000000000000 ) ) ;
#2467 = FACE_OUTER_BOUND ( 'NONE', #1942, .T. ) ;
#2468 = ORIENTED_EDGE ( 'NONE', *, *, #322, .T. ) ;
#2469 = EDGE_CURVE ( 'NONE', #2852, #1466, #2704, .T. ) ;
#2470 = CARTESIAN_POINT ( 'NONE',  ( 18.42022815836235594, -3.158525108795066799E-29, 5.000000000000000888 ) ) ;
#2471 = DIRECTION ( 'NONE',  ( 0.0000000000000000000, 1.000000000000000000, -1.295896757998781966E-15 ) ) ;
#2472 = DIRECTION ( 'NONE',  ( -1.000000000000000000, -0.0000000000000000000, -0.0000000000000000000 ) ) ;
#2473 = VERTEX_POINT ( 'NONE', #1623 ) ;
#2474 = CARTESIAN_POINT ( 'NONE',  ( -31.74999999999995737, 6.123233995736674577E-16, -4.999999999999925393 ) ) ;
#2475 = LINE ( 'NONE', #3142, #3822 ) ;
#2476 = EDGE_CURVE ( 'NONE', #3526, #269, #1931, .T. ) ;
#2477 = EDGE_CURVE ( 'NONE', #1092, #619, #3421, .T. ) ;
#2478 = ORIENTED_EDGE ( 'NONE', *, *, #2282, .T. ) ;
#2479 = CARTESIAN_POINT ( 'NONE',  ( 16.00000000000000000, 4.172000000000004150, 0.0000000000000000000 ) ) ;
#2480 = CARTESIAN_POINT ( 'NONE',  ( 30.07977184163764051, 2.235490958484726972E-15, 0.0000000000000000000 ) ) ;
#2481 = EDGE_LOOP ( 'NONE', ( #3548, #3089, #2752, #3629, #3456, #2387 ) ) ;
#2482 = VECTOR ( 'NONE', #3971, 1000.000000000000227 ) ;
#2483 = EDGE_LOOP ( 'NONE', ( #3882, #4006, #3932, #3927, #63 ) ) ;
#2484 = EDGE_CURVE ( 'NONE', #1228, #479, #3904, .T. ) ;
#2485 = DIRECTION ( 'NONE',  ( 0.0000000000000000000, 0.0000000000000000000, 1.000000000000000000 ) ) ;
#2486 = EDGE_CURVE ( 'NONE', #2551, #3501, #1220, .T. ) ;
#2487 = DIRECTION ( 'NONE',  ( 1.000000000000000000, 1.224606353822377258E-16, 0.0000000000000000000 ) ) ;
#2488 = CARTESIAN_POINT ( 'NONE',  ( 5.000000000000000000, -2.342598717236911376, -4.057500000000006324 ) ) ;
#2489 = VERTEX_POINT ( 'NONE', #329 ) ;
#2490 = VECTOR ( 'NONE', #3509, 1000.000000000000000 ) ;
#2491 = ADVANCED_FACE ( 'NONE', ( #2888 ), #31, .T. ) ;
#2492 = EDGE_CURVE ( 'NONE', #3638, #938, #2833, .T. ) ;
#2493 = CARTESIAN_POINT ( 'NONE',  ( -31.74999999999995737, 0.0000000000000000000, 0.0000000000000000000 ) ) ;
#2494 = CARTESIAN_POINT ( 'NONE',  ( 25.92022815836235594, 2.093492502277374743E-15, 0.0000000000000000000 ) ) ;
#2495 = EDGE_CURVE ( 'NONE', #3661, #2551, #2971, .T. ) ;
#2496 = CARTESIAN_POINT ( 'NONE',  ( 34.00000000000000000, 2.164491730381051252E-15, 0.0000000000000000000 ) ) ;
#2497 = ORIENTED_EDGE ( 'NONE', *, *, #2081, .F. ) ;
#2498 = CARTESIAN_POINT ( 'NONE',  ( 21.42022815836234884, -4.999999999999998224, 0.0000000000000000000 ) ) ;
#2499 = DIRECTION ( 'NONE',  ( 0.0000000000000000000, 1.000000000000000000, 0.0000000000000000000 ) ) ;
#2500 = CIRCLE ( 'NONE', #1923, 4.172000000000002373 ) ;
#2501 = EDGE_CURVE ( 'NONE', #3638, #2522, #44, .T. ) ;
#2502 = ORIENTED_EDGE ( 'NONE', *, *, #1073, .F. ) ;
#2503 = DIRECTION ( 'NONE',  ( -1.000000000000000000, -0.0000000000000000000, -0.0000000000000000000 ) ) ;
#2504 = DIRECTION ( 'NONE',  ( 0.0000000000000000000, -1.000000000000000000, 0.0000000000000000000 ) ) ;
#2505 = AXIS2_PLACEMENT_3D ( 'NONE', #134, #2091, #1186 ) ;
#2506 = AXIS2_PLACEMENT_3D ( 'NONE', #3304, #1909, #1198 ) ;
#2507 = DIRECTION ( 'NONE',  ( 0.5735764363510468256, 0.8191520442889913545, 0.0000000000000000000 ) ) ;
#2508 = CARTESIAN_POINT ( 'NONE',  ( 28.00000000000000000, 2.164491730381051252E-15, 0.0000000000000000000 ) ) ;
#2509 =( GEOMETRIC_REPRESENTATION_CONTEXT ( 3 ) GLOBAL_UNCERTAINTY_ASSIGNED_CONTEXT ( ( #1256 ) ) GLOBAL_UNIT_ASSIGNED_CONTEXT ( ( #2738, #245, #901 ) ) REPRESENTATION_CONTEXT ( 'NONE', 'WORKASPACE' ) );
#2510 = ORIENTED_EDGE ( 'NONE', *, *, #3870, .T. ) ;
#2511 = ORIENTED_EDGE ( 'NONE', *, *, #422, .T. ) ;
#2512 = EDGE_LOOP ( 'NONE', ( #3872, #2720, #2895 ) ) ;
#2513 = CARTESIAN_POINT ( 'NONE',  ( 27.07977184163764406, -5.000000000000000888, 6.123233995736771213E-16 ) ) ;
#2514 = EDGE_CURVE ( 'NONE', #137, #735, #606, .T. ) ;
#2515 = VERTEX_POINT ( 'NONE', #1498 ) ;
#2516 = CARTESIAN_POINT ( 'NONE',  ( 39.07977184163764406, 5.000000000000005329, 0.0000000000000000000 ) ) ;
#2517 = DIRECTION ( 'NONE',  ( 0.0000000000000000000, -1.000000000000000000, 0.0000000000000000000 ) ) ;
#2518 = ORIENTED_EDGE ( 'NONE', *, *, #991, .F. ) ;
#2519 = EDGE_LOOP ( 'NONE', ( #3301, #3046, #2639, #994, #124, #406 ) ) ;
#2520 = EDGE_LOOP ( 'NONE', ( #2654, #2578, #2379, #2281 ) ) ;
#2521 = CARTESIAN_POINT ( 'NONE',  ( 38.50000000000000000, -4.172000000000000597, 0.0000000000000000000 ) ) ;
#2522 = VERTEX_POINT ( 'NONE', #482 ) ;
#2523 = DIRECTION ( 'NONE',  ( 0.5735764363510470476, -0.8191520442889911324, 1.003171929053524007E-16 ) ) ;
#2524 = LINE ( 'NONE', #2241, #3598 ) ;
#2525 = CARTESIAN_POINT ( 'NONE',  ( 33.42022815836235594, -3.158525108795066799E-29, 5.000000000000000888 ) ) ;
#2526 = ORIENTED_EDGE ( 'NONE', *, *, #1209, .T. ) ;
#2527 = DIRECTION ( 'NONE',  ( -1.000000000000000000, -0.0000000000000000000, -0.0000000000000000000 ) ) ;
#2528 = CONICAL_SURFACE ( 'NONE', #651, 5.000000000000002665, 0.9599310885968803664 ) ;
#2529 = ORIENTED_EDGE ( 'NONE', *, *, #1663, .F. ) ;
#2530 = CIRCLE ( 'NONE', #616, 5.000000000000000888 ) ;
#2531 = ORIENTED_EDGE ( 'NONE', *, *, #1699, .T. ) ;
#2532 = DIRECTION ( 'NONE',  ( 0.0000000000000000000, 0.0000000000000000000, 1.000000000000000000 ) ) ;
#2533 = CARTESIAN_POINT ( 'NONE',  ( 16.92022815836235239, 6.123233995736451724E-16, -5.000000000000000888 ) ) ;
#2534 = ORIENTED_EDGE ( 'NONE', *, *, #603, .F. ) ;
#2535 = EDGE_CURVE ( 'NONE', #2926, #1424, #3559, .T. ) ;
#2536 = ORIENTED_EDGE ( 'NONE', *, *, #2408, .F. ) ;
#2537 = ADVANCED_FACE ( 'NONE', ( #3940 ), #3420, .T. ) ;
#2538 = DIRECTION ( 'NONE',  ( -1.000000000000000000, -1.224606353822377258E-16, -0.0000000000000000000 ) ) ;
#2539 = CARTESIAN_POINT ( 'NONE',  ( 34.92022815836235594, 2.093492502277374743E-15, 0.0000000000000000000 ) ) ;
#2540 = DIRECTION ( 'NONE',  ( 0.0000000000000000000, -1.000000000000000000, 0.0000000000000000000 ) ) ;
#2541 = ORIENTED_EDGE ( 'NONE', *, *, #422, .F. ) ;
#2542 = VERTEX_POINT ( 'NONE', #2580 ) ;
#2543 = DIRECTION ( 'NONE',  ( 0.0000000000000000000, -1.000000000000000000, 0.0000000000000000000 ) ) ;
#2544 = EDGE_CURVE ( 'NONE', #2938, #3661, #3457, .T. ) ;
#2545 = DIRECTION ( 'NONE',  ( 0.0000000000000000000, 1.000000000000000000, 0.0000000000000000000 ) ) ;
#2546 = EDGE_CURVE ( 'NONE', #2417, #1582, #1877, .T. ) ;
#2547 = ORIENTED_EDGE ( 'NONE', *, *, #47, .T. ) ;
#2548 = DIRECTION ( 'NONE',  ( 0.0000000000000000000, 0.0000000000000000000, 1.000000000000000000 ) ) ;
#2549 = VERTEX_POINT ( 'NONE', #2635 ) ;
#2550 = EDGE_CURVE ( 'NONE', #2522, #3234, #1112, .T. ) ;
#2551 = VERTEX_POINT ( 'NONE', #3751 ) ;
#2552 = ADVANCED_FACE ( 'NONE', ( #3853 ), #250, .T. ) ;
#2553 = CARTESIAN_POINT ( 'NONE',  ( 29.50000000000000000, 2.164491730381051252E-15, 0.0000000000000000000 ) ) ;
#2554 = DIRECTION ( 'NONE',  ( -1.000000000000000000, -0.0000000000000000000, -0.0000000000000000000 ) ) ;
#2555 = CARTESIAN_POINT ( 'NONE',  ( 19.00000000000000355, 2.164491730381051252E-15, 0.0000000000000000000 ) ) ;
#2556 = AXIS2_PLACEMENT_3D ( 'NONE', #2728, #3849, #1755 ) ;
#2557 = EDGE_CURVE ( 'NONE', #3234, #1179, #3426, .T. ) ;
#2558 = EDGE_CURVE ( 'NONE', #2680, #2417, #4027, .T. ) ;
#2559 = DIRECTION ( 'NONE',  ( -1.000000000000000000, -1.224606353822377258E-16, -0.0000000000000000000 ) ) ;
#2560 = ORIENTED_EDGE ( 'NONE', *, *, #315, .F. ) ;
#2561 = CARTESIAN_POINT ( 'NONE',  ( 5.000000000000000000, -2.342598717236900718, 4.057499999999993889 ) ) ;
#2562 = ORIENTED_EDGE ( 'NONE', *, *, #2402, .T. ) ;
#2563 = EDGE_CURVE ( 'NONE', #1608, #3234, #3592, .T. ) ;
#2564 = EDGE_CURVE ( 'NONE', #1675, #669, #258, .T. ) ;
#2565 = CARTESIAN_POINT ( 'NONE',  ( 5.000000000000000000, 4.685197434473814759, -1.474514954580286030E-14 ) ) ;
#2566 = CARTESIAN_POINT ( 'NONE',  ( 15.07977184163764228, 2.235490958484726972E-15, 0.0000000000000000000 ) ) ;
#2567 = CARTESIAN_POINT ( 'NONE',  ( -31.74999999999995737, 0.0000000000000000000, 0.0000000000000000000 ) ) ;
#2568 = DIRECTION ( 'NONE',  ( 0.0000000000000000000, -1.000000000000000000, 0.0000000000000000000 ) ) ;
#2569 = VERTEX_POINT ( 'NONE', #1667 ) ;
#2570 = AXIS2_PLACEMENT_3D ( 'NONE', #3436, #1576, #125 ) ;
#2571 = EDGE_LOOP ( 'NONE', ( #3395, #2874, #4024 ) ) ;
#2572 = VECTOR ( 'NONE', #1974, 1000.000000000000000 ) ;
#2573 = CARTESIAN_POINT ( 'NONE',  ( 10.00000000000000178, 0.0000000000000000000, -5.399999999999925748 ) ) ;
#2574 = DIRECTION ( 'NONE',  ( 0.0000000000000000000, 0.0000000000000000000, 1.000000000000000000 ) ) ;
#2575 = LINE ( 'NONE', #757, #3859 ) ;
#2576 = DIRECTION ( 'NONE',  ( 0.0000000000000000000, -1.000000000000000000, 1.110768649713241319E-15 ) ) ;
#2577 = CARTESIAN_POINT ( 'NONE',  ( 37.92022815836234884, -4.999999999999998224, 0.0000000000000000000 ) ) ;
#2578 = ORIENTED_EDGE ( 'NONE', *, *, #2307, .F. ) ;
#2579 = DIRECTION ( 'NONE',  ( -1.000000000000000000, -1.224606353822377258E-16, -0.0000000000000000000 ) ) ;
#2580 = CARTESIAN_POINT ( 'NONE',  ( 16.57977184163764051, 5.000000000000004441, 0.0000000000000000000 ) ) ;
#2581 = ORIENTED_EDGE ( 'NONE', *, *, #626, .T. ) ;
#2582 = CARTESIAN_POINT ( 'NONE',  ( 23.50000000000000000, 2.164491730381051252E-15, 0.0000000000000000000 ) ) ;
#2583 = EDGE_LOOP ( 'NONE', ( #2959, #2889, #2234, #2356, #2449 ) ) ;
#2584 = VERTEX_POINT ( 'NONE', #2312 ) ;
#2585 = DIRECTION ( 'NONE',  ( -1.000000000000000000, -0.0000000000000000000, -0.0000000000000000000 ) ) ;
#2586 = CARTESIAN_POINT ( 'NONE',  ( 27.07977184163764406, 6.123233995736423128E-16, -5.000000000000003553 ) ) ;
#2587 = VERTEX_POINT ( 'NONE', #969 ) ;
#2588 = ORIENTED_EDGE ( 'NONE', *, *, #3024, .F. ) ;
#2589 = ORIENTED_EDGE ( 'NONE', *, *, #362, .F. ) ;
#2590 = EDGE_CURVE ( 'NONE', #1364, #2006, #1465, .T. ) ;
#2591 = EDGE_LOOP ( 'NONE', ( #3521, #3256, #2961 ) ) ;
#2592 = CARTESIAN_POINT ( 'NONE',  ( 19.57977184163764406, 2.235490958484726972E-15, 0.0000000000000000000 ) ) ;
#2593 = FILL_AREA_STYLE_COLOUR ( '', #706 ) ;
#2594 = ORIENTED_EDGE ( 'NONE', *, *, #598, .T. ) ;
#2595 = DIRECTION ( 'NONE',  ( -1.000000000000000000, -1.224606353822377258E-16, -0.0000000000000000000 ) ) ;
#2596 = CARTESIAN_POINT ( 'NONE',  ( 35.50000000000000711, 2.164491730381051252E-15, 0.0000000000000000000 ) ) ;
#2597 = ORIENTED_EDGE ( 'NONE', *, *, #1174, .T. ) ;
#2598 = ORIENTED_EDGE ( 'NONE', *, *, #2055, .T. ) ;
#2599 = DIRECTION ( 'NONE',  ( -1.000000000000000000, -0.0000000000000000000, -0.0000000000000000000 ) ) ;
#2600 = EDGE_LOOP ( 'NONE', ( #1713, #1748, #1811, #1829, #1895 ) ) ;
#2601 = EDGE_CURVE ( 'NONE', #2851, #1887, #3333, .T. ) ;
#2602 = ORIENTED_EDGE ( 'NONE', *, *, #104, .T. ) ;
#2603 = DIRECTION ( 'NONE',  ( 0.0000000000000000000, -1.000000000000000000, 0.0000000000000000000 ) ) ;
#2604 = CARTESIAN_POINT ( 'NONE',  ( 34.57977184163764406, 5.000000000000005329, 0.0000000000000000000 ) ) ;
#2605 = CARTESIAN_POINT ( 'NONE',  ( 33.07977184163764406, 2.235490958484726972E-15, 0.0000000000000000000 ) ) ;
#2606 = DIRECTION ( 'NONE',  ( 0.0000000000000000000, 0.0000000000000000000, -1.000000000000000000 ) ) ;
#2607 = DIRECTION ( 'NONE',  ( -1.000000000000000000, -0.0000000000000000000, -0.0000000000000000000 ) ) ;
#2608 = CIRCLE ( 'NONE', #3720, 4.172000000000002373 ) ;
#2609 = ORIENTED_EDGE ( 'NONE', *, *, #472, .T. ) ;
#2610 = DIRECTION ( 'NONE',  ( -1.000000000000000000, -1.224606353822377258E-16, -0.0000000000000000000 ) ) ;
#2611 = EDGE_LOOP ( 'NONE', ( #1972, #4039, #3107 ) ) ;
#2612 = EDGE_LOOP ( 'NONE', ( #2795, #3503, #3753, #3957, #3037 ) ) ;
#2613 = CARTESIAN_POINT ( 'NONE',  ( 24.42022815836235239, 2.093492502277374743E-15, 0.0000000000000000000 ) ) ;
#2614 = VERTEX_POINT ( 'NONE', #2236 ) ;
#2615 = CARTESIAN_POINT ( 'NONE',  ( 10.40000000000000036, 6.123233995736674577E-16, -4.999999999999925393 ) ) ;
#2616 = EDGE_CURVE ( 'NONE', #1424, #1675, #1571, .T. ) ;
#2617 = EDGE_CURVE ( 'NONE', #2263, #3937, #2747, .T. ) ;
#2618 = ADVANCED_FACE ( 'NONE', ( #2467 ), #3682, .T. ) ;
#2619 = DIRECTION ( 'NONE',  ( 0.0000000000000000000, -1.000000000000000000, 0.0000000000000000000 ) ) ;
#2620 = ORIENTED_EDGE ( 'NONE', *, *, #2427, .F. ) ;
#2621 = LINE ( 'NONE', #2868, #1263 ) ;
#2622 = ORIENTED_EDGE ( 'NONE', *, *, #1251, .T. ) ;
#2623 = FACE_OUTER_BOUND ( 'NONE', #3129, .T. ) ;
#2624 = ORIENTED_EDGE ( 'NONE', *, *, #16, .T. ) ;
#2625 = ORIENTED_EDGE ( 'NONE', *, *, #2908, .F. ) ;
#2626 = PRESENTATION_STYLE_ASSIGNMENT (( #3247 ) ) ;
#2627 = ORIENTED_EDGE ( 'NONE', *, *, #3097, .F. ) ;
#2628 = VECTOR ( 'NONE', #2068, 1000.000000000000000 ) ;
#2629 = CARTESIAN_POINT ( 'NONE',  ( -31.74999999999995737, 0.0000000000000000000, 0.0000000000000000000 ) ) ;
#2630 = ORIENTED_EDGE ( 'NONE', *, *, #129, .F. ) ;
#2631 = CARTESIAN_POINT ( 'NONE',  ( 29.50000000000000000, 4.172000000000004150, 5.109226446042759579E-16 ) ) ;
#2632 = DIRECTION ( 'NONE',  ( 0.0000000000000000000, -1.000000000000000000, 0.0000000000000000000 ) ) ;
#2633 = PLANE ( 'NONE',  #1705 ) ;
#2634 = VERTEX_POINT ( 'NONE', #2206 ) ;
#2635 = CARTESIAN_POINT ( 'NONE',  ( 0.0000000000000000000, 2.342598717236902495, -4.057500000000011653 ) ) ;
#2636 = DIRECTION ( 'NONE',  ( 1.000000000000000000, 1.224606353822377258E-16, 0.0000000000000000000 ) ) ;
#2637 = EDGE_CURVE ( 'NONE', #490, #2263, #1826, .T. ) ;
#2638 = EDGE_CURVE ( 'NONE', #1321, #490, #1362, .T. ) ;
#2639 = ORIENTED_EDGE ( 'NONE', *, *, #1270, .T. ) ;
#2640 = ORIENTED_EDGE ( 'NONE', *, *, #2394, .F. ) ;
#2641 = DIRECTION ( 'NONE',  ( 0.0000000000000000000, 0.0000000000000000000, 1.000000000000000000 ) ) ;
#2642 = ORIENTED_EDGE ( 'NONE', *, *, #133, .T. ) ;
#2643 = CARTESIAN_POINT ( 'NONE',  ( 28.57977184163764051, 2.235490958484726972E-15, 0.0000000000000000000 ) ) ;
#2644 = DIRECTION ( 'NONE',  ( 0.0000000000000000000, -1.000000000000000000, 0.0000000000000000000 ) ) ;
#2645 = EDGE_CURVE ( 'NONE', #3564, #3410, #256, .T. ) ;
#2646 = CARTESIAN_POINT ( 'NONE',  ( 34.92022815836235594, 5.000000000000003553, 6.123233995736768255E-16 ) ) ;
#2647 = CARTESIAN_POINT ( 'NONE',  ( 27.42022815836235239, 2.093492502277374743E-15, 0.0000000000000000000 ) ) ;
#2648 = DIRECTION ( 'NONE',  ( -0.5735764363510521546, -0.8191520442889875797, 0.0000000000000000000 ) ) ;
#2649 = ORIENTED_EDGE ( 'NONE', *, *, #2461, .T. ) ;
#2650 = AXIS2_PLACEMENT_3D ( 'NONE', #2893, #499, #740 ) ;
#2651 = VERTEX_POINT ( 'NONE', #2498 ) ;
#2652 = EDGE_CURVE ( 'NONE', #1978, #1866, #3285, .T. ) ;
#2653 = DIRECTION ( 'NONE',  ( 0.0000000000000000000, 1.000000000000000000, 0.0000000000000000000 ) ) ;
#2654 = ORIENTED_EDGE ( 'NONE', *, *, #2268, .F. ) ;
#2655 = DIRECTION ( 'NONE',  ( 0.5735764363510470476, -0.8191520442889911324, 1.003171929053524007E-16 ) ) ;
#2656 = SURFACE_STYLE_FILL_AREA ( #2773 ) ;
#2657 = ORIENTED_EDGE ( 'NONE', *, *, #2421, .T. ) ;
#2658 = EDGE_CURVE ( 'NONE', #1262, #3207, #2036, .T. ) ;
#2659 =( GEOMETRIC_REPRESENTATION_CONTEXT ( 3 ) GLOBAL_UNCERTAINTY_ASSIGNED_CONTEXT ( ( #1695 ) ) GLOBAL_UNIT_ASSIGNED_CONTEXT ( ( #1516, #3813, #1235 ) ) REPRESENTATION_CONTEXT ( 'NONE', 'WORKASPACE' ) );
#2660 = CARTESIAN_POINT ( 'NONE',  ( 39.07977184163764406, 2.235490958484726972E-15, 0.0000000000000000000 ) ) ;
#2661 = DIRECTION ( 'NONE',  ( -1.000000000000000000, -1.224606353822377258E-16, -0.0000000000000000000 ) ) ;
#2662 = VECTOR ( 'NONE', #2741, 1000.000000000000000 ) ;
#2663 = ORIENTED_EDGE ( 'NONE', *, *, #851, .F. ) ;
#2664 = DIRECTION ( 'NONE',  ( -1.000000000000000000, -1.224606353822377258E-16, -0.0000000000000000000 ) ) ;
#2665 = ORIENTED_EDGE ( 'NONE', *, *, #2492, .T. ) ;
#2666 = DIRECTION ( 'NONE',  ( 0.0000000000000000000, -1.000000000000000000, 0.0000000000000000000 ) ) ;
#2667 = VERTEX_POINT ( 'NONE', #3361 ) ;
#2668 = EDGE_LOOP ( 'NONE', ( #3812, #2834, #2980, #2649 ) ) ;
#2669 = EDGE_CURVE ( 'NONE', #1978, #1588, #1117, .T. ) ;
#2670 = ORIENTED_EDGE ( 'NONE', *, *, #2637, .F. ) ;
#2671 = DIRECTION ( 'NONE',  ( 0.0000000000000000000, -1.000000000000000000, 0.0000000000000000000 ) ) ;
#2672 = DIRECTION ( 'NONE',  ( 0.0000000000000000000, -1.000000000000000000, 0.0000000000000000000 ) ) ;
#2673 = EDGE_LOOP ( 'NONE', ( #3448, #3360 ) ) ;
#2674 = CONICAL_SURFACE ( 'NONE', #546, 4.172000000000002373, 0.9599310885968737050 ) ;
#2675 = ORIENTED_EDGE ( 'NONE', *, *, #1333, .T. ) ;
#2676 = AXIS2_PLACEMENT_3D ( 'NONE', #4017, #3652, #1797 ) ;
#2677 = EDGE_LOOP ( 'NONE', ( #240, #158, #106, #49, #39 ) ) ;
#2678 = DIRECTION ( 'NONE',  ( 0.0000000000000000000, 1.000000000000000000, -1.295896757998781966E-15 ) ) ;
#2679 = DIRECTION ( 'NONE',  ( -1.000000000000000000, -1.224606353822377258E-16, -0.0000000000000000000 ) ) ;
#2680 = VERTEX_POINT ( 'NONE', #421 ) ;
#2681 = DIRECTION ( 'NONE',  ( -1.000000000000000000, -1.224606353822377258E-16, -0.0000000000000000000 ) ) ;
#2682 = DIRECTION ( 'NONE',  ( -1.000000000000000000, -1.224606353822377258E-16, -0.0000000000000000000 ) ) ;
#2683 = DIRECTION ( 'NONE',  ( 0.0000000000000000000, 0.0000000000000000000, 1.000000000000000000 ) ) ;
#2684 = ADVANCED_FACE ( 'NONE', ( #3329 ), #2797, .T. ) ;
#2685 = VERTEX_POINT ( 'NONE', #2533 ) ;
#2686 = FACE_OUTER_BOUND ( 'NONE', #2677, .T. ) ;
#2687 = CARTESIAN_POINT ( 'NONE',  ( -31.74999999999995737, 0.0000000000000000000, 0.0000000000000000000 ) ) ;
#2688 = EDGE_CURVE ( 'NONE', #2938, #1092, #1664, .T. ) ;
#2689 = EDGE_LOOP ( 'NONE', ( #1933, #1922, #1898, #1889, #1878 ) ) ;
#2690 = DIRECTION ( 'NONE',  ( -0.7071067811866630359, 8.659560562353517839E-17, -0.7071067811864319985 ) ) ;
#2691 = CARTESIAN_POINT ( 'NONE',  ( 39.17199999999987625, 0.0000000000000000000, 0.0000000000000000000 ) ) ;
#2692 = EDGE_LOOP ( 'NONE', ( #3817, #3320, #2425, #2620 ) ) ;
#2693 = ORIENTED_EDGE ( 'NONE', *, *, #930, .T. ) ;
#2694 = ORIENTED_EDGE ( 'NONE', *, *, #366, .F. ) ;
#2695 = DIRECTION ( 'NONE',  ( -1.000000000000000000, -0.0000000000000000000, -0.0000000000000000000 ) ) ;
#2696 = CARTESIAN_POINT ( 'NONE',  ( 5.000000000000000000, -2.342598717236900718, 4.057499999999993889 ) ) ;
#2697 = EDGE_CURVE ( 'NONE', #3823, #2634, #441, .T. ) ;
#2698 = ORIENTED_EDGE ( 'NONE', *, *, #3788, .F. ) ;
#2699 = EDGE_LOOP ( 'NONE', ( #4031, #3706 ) ) ;
#2700 = DIRECTION ( 'NONE',  ( 0.0000000000000000000, -1.000000000000000000, 0.0000000000000000000 ) ) ;
#2701 = DIRECTION ( 'NONE',  ( 0.0000000000000000000, 0.0000000000000000000, 1.000000000000000000 ) ) ;
#2702 = EDGE_CURVE ( 'NONE', #2680, #2287, #1363, .T. ) ;
#2703 = ORIENTED_EDGE ( 'NONE', *, *, #111, .F. ) ;
#2704 = LINE ( 'NONE', #3935, #3768 ) ;
#2705 = CARTESIAN_POINT ( 'NONE',  ( 25.92022815836235594, 2.093492502277374743E-15, 0.0000000000000000000 ) ) ;
#2706 = ORIENTED_EDGE ( 'NONE', *, *, #74, .T. ) ;
#2707 = CARTESIAN_POINT ( 'NONE',  ( -31.74999999999995737, 0.0000000000000000000, 0.0000000000000000000 ) ) ;
#2708 = ORIENTED_EDGE ( 'NONE', *, *, #3991, .F. ) ;
#2709 = AXIS2_PLACEMENT_3D ( 'NONE', #3922, #3352, #3728 ) ;
#2710 = CARTESIAN_POINT ( 'NONE',  ( 36.07977184163764406, 5.000000000000005329, 0.0000000000000000000 ) ) ;
#2711 = CARTESIAN_POINT ( 'NONE',  ( 21.07977184163764051, 2.235490958484726972E-15, 0.0000000000000000000 ) ) ;
#2712 = ORIENTED_EDGE ( 'NONE', *, *, #3568, .T. ) ;
#2713 = ORIENTED_EDGE ( 'NONE', *, *, #2039, .F. ) ;
#2714 = DIRECTION ( 'NONE',  ( -1.000000000000000000, -0.0000000000000000000, -0.0000000000000000000 ) ) ;
#2715 = FACE_OUTER_BOUND ( 'NONE', #3718, .T. ) ;
#2716 = LINE ( 'NONE', #3537, #3653 ) ;
#2717 = CARTESIAN_POINT ( 'NONE',  ( 27.07977184163764406, 2.235490958484726972E-15, 0.0000000000000000000 ) ) ;
#2718 = CARTESIAN_POINT ( 'NONE',  ( 31.92022815836235239, 2.093492502277374743E-15, 0.0000000000000000000 ) ) ;
#2719 = DIRECTION ( 'NONE',  ( -1.000000000000000000, -0.0000000000000000000, -0.0000000000000000000 ) ) ;
#2720 = ORIENTED_EDGE ( 'NONE', *, *, #3210, .F. ) ;
#2721 = CARTESIAN_POINT ( 'NONE',  ( 23.50000000000000000, -4.172000000000000597, 5.616230220889765396E-16 ) ) ;
#2722 = EDGE_LOOP ( 'NONE', ( #2110, #2118, #2123, #2126, #2134 ) ) ;
#2723 = ORIENTED_EDGE ( 'NONE', *, *, #465, .F. ) ;
#2724 = EDGE_CURVE ( 'NONE', #3900, #2369, #1932, .T. ) ;
#2725 = ORIENTED_EDGE ( 'NONE', *, *, #16, .F. ) ;
#2726 = DIRECTION ( 'NONE',  ( -1.000000000000000000, -0.0000000000000000000, -0.0000000000000000000 ) ) ;
#2727 = CARTESIAN_POINT ( 'NONE',  ( 31.00000000000000000, 2.164491730381051252E-15, 0.0000000000000000000 ) ) ;
#2728 = CARTESIAN_POINT ( 'NONE',  ( 30.07977184163764051, 2.235490958484726972E-15, 0.0000000000000000000 ) ) ;
#2729 = ORIENTED_EDGE ( 'NONE', *, *, #3745, .F. ) ;
#2730 = CARTESIAN_POINT ( 'NONE',  ( 33.07977184163764406, 5.000000000000004441, 0.0000000000000000000 ) ) ;
#2731 = EDGE_CURVE ( 'NONE', #2680, #3900, #2608, .T. ) ;
#2732 = CARTESIAN_POINT ( 'NONE',  ( 22.92022815836235239, 2.093492502277374743E-15, 0.0000000000000000000 ) ) ;
#2733 = DIRECTION ( 'NONE',  ( 0.5735764363510468256, 0.8191520442889913545, 0.0000000000000000000 ) ) ;
#2734 = VERTEX_POINT ( 'NONE', #43 ) ;
#2735 = PRODUCT_CONTEXT ( 'NONE', #1702, 'mechanical' ) ;
#2736 = CARTESIAN_POINT ( 'NONE',  ( 37.92022815836234884, 2.093492502277374743E-15, 0.0000000000000000000 ) ) ;
#2737 = ADVANCED_FACE ( 'NONE', ( #35 ), #144, .T. ) ;
#2738 =( LENGTH_UNIT ( ) NAMED_UNIT ( * ) SI_UNIT ( .MILLI., .METRE. ) );
#2739 = ORIENTED_EDGE ( 'NONE', *, *, #697, .T. ) ;
#2740 = DIRECTION ( 'NONE',  ( -1.000000000000000000, -1.224606353822377258E-16, -0.0000000000000000000 ) ) ;
#2741 = DIRECTION ( 'NONE',  ( -1.000000000000000000, -0.0000000000000000000, -0.0000000000000000000 ) ) ;
#2742 = EDGE_CURVE ( 'NONE', #3410, #3661, #1260, .T. ) ;
#2743 = SURFACE_STYLE_USAGE ( .BOTH. , #1594 ) ;
#2744 = FACE_OUTER_BOUND ( 'NONE', #3005, .T. ) ;
#2745 = EDGE_LOOP ( 'NONE', ( #3658, #3840, #3528, #3348, #2363 ) ) ;
#2746 = DIRECTION ( 'NONE',  ( 0.0000000000000000000, -0.8660254037844391517, -0.4999999999999990563 ) ) ;
#2747 = CIRCLE ( 'NONE', #957, 5.000000000000000888 ) ;
#2748 = CIRCLE ( 'NONE', #976, 5.000000000000002665 ) ;
#2749 = EDGE_LOOP ( 'NONE', ( #3228, #2932, #2333, #2210, #707 ) ) ;
#2750 = VECTOR ( 'NONE', #1660, 1000.000000000000000 ) ;
#2751 = CARTESIAN_POINT ( 'NONE',  ( 31.57977184163764051, 2.235490958484726972E-15, 0.0000000000000000000 ) ) ;
#2752 = ORIENTED_EDGE ( 'NONE', *, *, #739, .T. ) ;
#2753 = LINE ( 'NONE', #3100, #1074 ) ;
#2754 = EDGE_CURVE ( 'NONE', #3687, #2922, #550, .T. ) ;
#2755 = EDGE_CURVE ( 'NONE', #2287, #666, #608, .T. ) ;
#2756 = DIRECTION ( 'NONE',  ( 0.0000000000000000000, -1.000000000000000000, 0.0000000000000000000 ) ) ;
#2757 = DIRECTION ( 'NONE',  ( 0.0000000000000000000, -1.000000000000000000, 0.0000000000000000000 ) ) ;
#2758 = CARTESIAN_POINT ( 'NONE',  ( 10.40000000000000036, 0.0000000000000000000, -5.399999999999925748 ) ) ;
#2759 = VERTEX_POINT ( 'NONE', #581 ) ;
#2760 = DIRECTION ( 'NONE',  ( 0.0000000000000000000, -1.000000000000000000, 0.0000000000000000000 ) ) ;
#2761 = ORIENTED_EDGE ( 'NONE', *, *, #3890, .F. ) ;
#2762 = CONICAL_SURFACE ( 'NONE', #3861, 4.171999999999999709, 0.7853981633972849652 ) ;
#2763 = DIRECTION ( 'NONE',  ( -1.000000000000000000, -0.0000000000000000000, -0.0000000000000000000 ) ) ;
#2764 = CARTESIAN_POINT ( 'NONE',  ( 33.42022815836235594, 2.093492502277374743E-15, 0.0000000000000000000 ) ) ;
#2765 = EDGE_CURVE ( 'NONE', #3414, #2338, #914, .T. ) ;
#2766 = EDGE_LOOP ( 'NONE', ( #855, #788, #772, #702, #639 ) ) ;
#2767 = DIRECTION ( 'NONE',  ( -1.000000000000000000, -1.224606353822377258E-16, -0.0000000000000000000 ) ) ;
#2768 = EDGE_LOOP ( 'NONE', ( #2085, #2087, #2100, #2105 ) ) ;
#2769 = ORIENTED_EDGE ( 'NONE', *, *, #3341, .F. ) ;
#2770 = AXIS2_PLACEMENT_3D ( 'NONE', #1137, #1658, #3644 ) ;
#2771 =( GEOMETRIC_REPRESENTATION_CONTEXT ( 3 ) GLOBAL_UNCERTAINTY_ASSIGNED_CONTEXT ( ( #865 ) ) GLOBAL_UNIT_ASSIGNED_CONTEXT ( ( #3232, #3172, #884 ) ) REPRESENTATION_CONTEXT ( 'NONE', 'WORKASPACE' ) );
#2772 = DIRECTION ( 'NONE',  ( 0.0000000000000000000, 0.0000000000000000000, 1.000000000000000000 ) ) ;
#2773 = FILL_AREA_STYLE ('',( #3125 ) ) ;
#2774 = DIRECTION ( 'NONE',  ( 0.5735764363510468256, 0.8191520442889913545, 0.0000000000000000000 ) ) ;
#2775 = ORIENTED_EDGE ( 'NONE', *, *, #2378, .F. ) ;
#2776 = CARTESIAN_POINT ( 'NONE',  ( 38.50000000000000000, 2.164491730381051252E-15, 0.0000000000000000000 ) ) ;
#2777 = EDGE_CURVE ( 'NONE', #3207, #3006, #1716, .T. ) ;
#2778 = EDGE_LOOP ( 'NONE', ( #2999, #3923, #2179, #2384, #2849 ) ) ;
#2779 = CARTESIAN_POINT ( 'NONE',  ( 34.00000000000000000, 4.172000000000004150, 0.0000000000000000000 ) ) ;
#2780 = ORIENTED_EDGE ( 'NONE', *, *, #111, .T. ) ;
#2781 = DIRECTION ( 'NONE',  ( -1.000000000000000000, -1.224606353822377258E-16, -0.0000000000000000000 ) ) ;
#2782 = EDGE_LOOP ( 'NONE', ( #2627, #14, #3339 ) ) ;
#2783 = DIRECTION ( 'NONE',  ( 0.0000000000000000000, -1.000000000000000000, 0.0000000000000000000 ) ) ;
#2784 = ORIENTED_EDGE ( 'NONE', *, *, #1540, .F. ) ;
#2785 = DIRECTION ( 'NONE',  ( 0.0000000000000000000, -1.000000000000000000, 0.0000000000000000000 ) ) ;
#2786 = CARTESIAN_POINT ( 'NONE',  ( 31.92022815836235239, 2.093492502277374743E-15, 0.0000000000000000000 ) ) ;
#2787 = ORIENTED_EDGE ( 'NONE', *, *, #101, .F. ) ;
#2788 = EDGE_CURVE ( 'NONE', #666, #2369, #1159, .T. ) ;
#2789 = AXIS2_PLACEMENT_3D ( 'NONE', #2934, #139, #3705 ) ;
#2790 = CARTESIAN_POINT ( 'NONE',  ( 34.00000000000000000, -4.172000000000000597, 5.616230220889765396E-16 ) ) ;
#2791 = PLANE ( 'NONE',  #947 ) ;
#2792 = DIRECTION ( 'NONE',  ( -1.000000000000000000, -1.224606353822377258E-16, -0.0000000000000000000 ) ) ;
#2793 = EDGE_LOOP ( 'NONE', ( #3618, #3201, #3451, #3373, #2838 ) ) ;
#2794 = CARTESIAN_POINT ( 'NONE',  ( 24.07977184163764051, 2.235490958484726972E-15, 0.0000000000000000000 ) ) ;
#2795 = ORIENTED_EDGE ( 'NONE', *, *, #2372, .F. ) ;
#2796 = DIRECTION ( 'NONE',  ( 0.0000000000000000000, 1.000000000000000000, 0.0000000000000000000 ) ) ;
#2797 = CONICAL_SURFACE ( 'NONE', #761, 5.000000000000002665, 0.9599310885968803664 ) ;
#2798 = DIRECTION ( 'NONE',  ( 0.0000000000000000000, -1.000000000000000000, 0.0000000000000000000 ) ) ;
#2799 = CIRCLE ( 'NONE', #2912, 4.172000000000002373 ) ;
#2800 = EDGE_CURVE ( 'NONE', #735, #273, #2034, .T. ) ;
#2801 = ORIENTED_EDGE ( 'NONE', *, *, #1847, .T. ) ;
#2802 = LINE ( 'NONE', #387, #3428 ) ;
#2803 = ORIENTED_EDGE ( 'NONE', *, *, #1786, .T. ) ;
#2804 = CIRCLE ( 'NONE', #395, 4.057500000000000107 ) ;
#2805 = ORIENTED_EDGE ( 'NONE', *, *, #3473, .F. ) ;
#2806 = PLANE ( 'NONE',  #1125 ) ;
#2807 = VERTEX_POINT ( 'NONE', #705 ) ;
#2808 = DIRECTION ( 'NONE',  ( 0.0000000000000000000, -1.000000000000000000, 0.0000000000000000000 ) ) ;
#2809 = DIRECTION ( 'NONE',  ( -1.000000000000000000, -0.0000000000000000000, -0.0000000000000000000 ) ) ;
#2810 = DIRECTION ( 'NONE',  ( 0.0000000000000000000, 0.0000000000000000000, 1.000000000000000000 ) ) ;
#2811 = ORIENTED_EDGE ( 'NONE', *, *, #2403, .T. ) ;
#2812 = VERTEX_POINT ( 'NONE', #3708 ) ;
#2813 = DIRECTION ( 'NONE',  ( -1.000000000000000000, -1.224606353822377258E-16, -0.0000000000000000000 ) ) ;
#2814 = ADVANCED_FACE ( 'NONE', ( #1164 ), #3943, .T. ) ;
#2815 = DIRECTION ( 'NONE',  ( 0.0000000000000000000, 1.000000000000000000, 0.0000000000000000000 ) ) ;
#2816 = ORIENTED_EDGE ( 'NONE', *, *, #2202, .T. ) ;
#2817 = DIRECTION ( 'NONE',  ( 1.000000000000000000, 1.224606353822377258E-16, 0.0000000000000000000 ) ) ;
#2818 = CONICAL_SURFACE ( 'NONE', #450, 4.172000000000002373, 0.9599310885968737050 ) ;
#2819 = EDGE_LOOP ( 'NONE', ( #2057, #2060, #2072, #2080 ) ) ;
#2820 = EDGE_CURVE ( 'NONE', #2175, #1622, #2113, .T. ) ;
#2821 = DIRECTION ( 'NONE',  ( 0.0000000000000000000, 0.0000000000000000000, 1.000000000000000000 ) ) ;
#2822 = DIRECTION ( 'NONE',  ( 0.0000000000000000000, -1.000000000000000000, 0.0000000000000000000 ) ) ;
#2823 = DIRECTION ( 'NONE',  ( -1.000000000000000000, -1.224606353822377258E-16, -0.0000000000000000000 ) ) ;
#2824 = DIRECTION ( 'NONE',  ( 0.0000000000000000000, 0.0000000000000000000, 1.000000000000000000 ) ) ;
#2825 = EDGE_LOOP ( 'NONE', ( #3065, #2640, #2562, #3994, #3702, #3197 ) ) ;
#2826 = ORIENTED_EDGE ( 'NONE', *, *, #476, .T. ) ;
#2827 = DIRECTION ( 'NONE',  ( -1.000000000000000000, -1.224606353822377258E-16, -0.0000000000000000000 ) ) ;
#2828 = CARTESIAN_POINT ( 'NONE',  ( 33.07977184163764406, 2.235490958484726972E-15, 0.0000000000000000000 ) ) ;
#2829 = ADVANCED_FACE ( 'NONE', ( #1415 ), #1717, .T. ) ;
#2830 = CARTESIAN_POINT ( 'NONE',  ( 37.57977184163763695, 6.123233995736413267E-16, -5.000000000000003553 ) ) ;
#2831 = ORIENTED_EDGE ( 'NONE', *, *, #545, .T. ) ;
#2832 = DIRECTION ( 'NONE',  ( 1.000000000000000000, 1.224606353822377258E-16, 0.0000000000000000000 ) ) ;
#2833 = LINE ( 'NONE', #1167, #1510 ) ;
#2834 = ORIENTED_EDGE ( 'NONE', *, *, #2454, .T. ) ;
#2835 = EDGE_LOOP ( 'NONE', ( #2002, #2014, #2027, #2037, #2049 ) ) ;
#2836 = EDGE_CURVE ( 'NONE', #3619, #3796, #1927, .T. ) ;
#2837 = DIRECTION ( 'NONE',  ( 1.000000000000000000, 1.224606353822377258E-16, 0.0000000000000000000 ) ) ;
#2838 = ORIENTED_EDGE ( 'NONE', *, *, #2248, .T. ) ;
#2839 = ORIENTED_EDGE ( 'NONE', *, *, #684, .F. ) ;
#2840 = ADVANCED_FACE ( 'NONE', ( #2161 ), #327, .T. ) ;
#2841 = DIRECTION ( 'NONE',  ( -1.000000000000000000, -1.224606353822377258E-16, -0.0000000000000000000 ) ) ;
#2842 = DIRECTION ( 'NONE',  ( -1.000000000000000000, -0.0000000000000000000, -0.0000000000000000000 ) ) ;
#2843 = AXIS2_PLACEMENT_3D ( 'NONE', #1757, #3963, #2822 ) ;
#2844 = ORIENTED_EDGE ( 'NONE', *, *, #2086, .F. ) ;
#2845 = LINE ( 'NONE', #3869, #1121 ) ;
#2846 = DIRECTION ( 'NONE',  ( -0.0000000000000000000, 0.0000000000000000000, 1.000000000000000000 ) ) ;
#2847 = DIRECTION ( 'NONE',  ( 0.0000000000000000000, -1.000000000000000000, 0.0000000000000000000 ) ) ;
#2848 = DIRECTION ( 'NONE',  ( -1.000000000000000000, -1.224606353822377258E-16, -0.0000000000000000000 ) ) ;
#2849 = ORIENTED_EDGE ( 'NONE', *, *, #3671, .T. ) ;
#2850 = EDGE_CURVE ( 'NONE', #2998, #1604, #2748, .T. ) ;
#2851 = VERTEX_POINT ( 'NONE', #1292 ) ;
#2852 = VERTEX_POINT ( 'NONE', #3668 ) ;
#2853 = CIRCLE ( 'NONE', #393, 4.057500000000000107 ) ;
#2854 = ORIENTED_EDGE ( 'NONE', *, *, #531, .F. ) ;
#2855 = DIRECTION ( 'NONE',  ( 0.0000000000000000000, -1.000000000000000000, 0.0000000000000000000 ) ) ;
#2856 = ORIENTED_EDGE ( 'NONE', *, *, #548, .T. ) ;
#2857 = AXIS2_PLACEMENT_3D ( 'NONE', #2613, #3276, #2517 ) ;
#2858 = CARTESIAN_POINT ( 'NONE',  ( 0.0000000000000000000, 0.0000000000000000000, 0.0000000000000000000 ) ) ;
#2859 = CARTESIAN_POINT ( 'NONE',  ( 5.000000000000000000, 2.342598717236902495, -4.057500000000011653 ) ) ;
#2860 = CARTESIAN_POINT ( 'NONE',  ( 19.00000000000000355, 2.164491730381051252E-15, 0.0000000000000000000 ) ) ;
#2861 = ORIENTED_EDGE ( 'NONE', *, *, #2000, .F. ) ;
#2862 = DIRECTION ( 'NONE',  ( 0.0000000000000000000, 1.000000000000000000, 0.0000000000000000000 ) ) ;
#2863 = EDGE_LOOP ( 'NONE', ( #2153, #2159, #2816, #2902 ) ) ;
#2864 = DIRECTION ( 'NONE',  ( 0.0000000000000000000, -1.000000000000000000, 0.0000000000000000000 ) ) ;
#2865 = ORIENTED_EDGE ( 'NONE', *, *, #2742, .T. ) ;
#2866 = DIRECTION ( 'NONE',  ( 0.5735764363510468256, 0.8191520442889913545, 0.0000000000000000000 ) ) ;
#2867 = ORIENTED_EDGE ( 'NONE', *, *, #3597, .T. ) ;
#2868 = CARTESIAN_POINT ( 'NONE',  ( 5.000000000000000000, 2.342598717236902495, -4.057500000000011653 ) ) ;
#2869 = EDGE_CURVE ( 'NONE', #3796, #2634, #542, .T. ) ;
#2870 = CARTESIAN_POINT ( 'NONE',  ( 19.92022815836235239, 5.000000000000003553, 6.123233995736768255E-16 ) ) ;
#2871 = VERTEX_POINT ( 'NONE', #3192 ) ;
#2872 = ORIENTED_EDGE ( 'NONE', *, *, #739, .F. ) ;
#2873 = CARTESIAN_POINT ( 'NONE',  ( 5.000000000000000000, -3.513898075855353742, 2.028750000000001830 ) ) ;
#2874 = ORIENTED_EDGE ( 'NONE', *, *, #3263, .T. ) ;
#2875 = DIRECTION ( 'NONE',  ( -1.000000000000000000, -0.0000000000000000000, -0.0000000000000000000 ) ) ;
#2876 = PRESENTATION_STYLE_ASSIGNMENT (( #3764 ) ) ;
#2877 = EDGE_LOOP ( 'NONE', ( #1908, #1944, #1949, #1961, #1997 ) ) ;
#2878 = ADVANCED_FACE ( 'NONE', ( #3981 ), #146, .F. ) ;
#2879 = ORIENTED_EDGE ( 'NONE', *, *, #2557, .F. ) ;
#2880 = DIRECTION ( 'NONE',  ( 0.0000000000000000000, -1.000000000000000000, 0.0000000000000000000 ) ) ;
#2881 = CARTESIAN_POINT ( 'NONE',  ( 31.57977184163764051, 2.235490958484726972E-15, 0.0000000000000000000 ) ) ;
#2882 = EDGE_CURVE ( 'NONE', #2336, #1604, #3244, .T. ) ;
#2883 = EDGE_LOOP ( 'NONE', ( #1564, #1620, #1634, #1682, #1684, #1701 ) ) ;
#2884 = PRODUCT_RELATED_PRODUCT_CATEGORY ( 'part', '', ( #289 ) ) ;
#2885 = ORIENTED_EDGE ( 'NONE', *, *, #3080, .F. ) ;
#2886 = DIRECTION ( 'NONE',  ( 0.0000000000000000000, -1.000000000000000000, 0.0000000000000000000 ) ) ;
#2887 = EDGE_CURVE ( 'NONE', #2175, #3619, #960, .T. ) ;
#2888 = FACE_OUTER_BOUND ( 'NONE', #2295, .T. ) ;
#2889 = ORIENTED_EDGE ( 'NONE', *, *, #3238, .F. ) ;
#2890 = ADVANCED_FACE ( 'NONE', ( #2967 ), #1772, .T. ) ;
#2891 = AXIS2_PLACEMENT_3D ( 'NONE', #3948, #2328, #2700 ) ;
#2892 = DIRECTION ( 'NONE',  ( -1.000000000000000000, -0.0000000000000000000, -0.0000000000000000000 ) ) ;
#2893 = CARTESIAN_POINT ( 'NONE',  ( 16.92022815836235239, 2.093492502277374743E-15, 0.0000000000000000000 ) ) ;
#2894 = EDGE_LOOP ( 'NONE', ( #1523, #1533, #1535, #1546, #1552 ) ) ;
#2895 = ORIENTED_EDGE ( 'NONE', *, *, #2093, .F. ) ;
#2896 = LINE ( 'NONE', #22, #204 ) ;
#2897 = EDGE_CURVE ( 'NONE', #1866, #1622, #3636, .T. ) ;
#2898 = ORIENTED_EDGE ( 'NONE', *, *, #4002, .T. ) ;
#2899 = ORIENTED_EDGE ( 'NONE', *, *, #23, .T. ) ;
#2900 = VERTEX_POINT ( 'NONE', #3288 ) ;
#2901 = CIRCLE ( 'NONE', #110, 0.4000000000000001887 ) ;
#2902 = ORIENTED_EDGE ( 'NONE', *, *, #2371, .F. ) ;
#2903 = EDGE_CURVE ( 'NONE', #1335, #2473, #1619, .T. ) ;
#2904 = VERTEX_POINT ( 'NONE', #1554 ) ;
#2905 = CARTESIAN_POINT ( 'NONE',  ( 15.07977184163764228, 2.235490958484726972E-15, 0.0000000000000000000 ) ) ;
#2906 = ORIENTED_EDGE ( 'NONE', *, *, #476, .F. ) ;
#2907 = ORIENTED_EDGE ( 'NONE', *, *, #2535, .T. ) ;
#2908 = EDGE_CURVE ( 'NONE', #1751, #2031, #3060, .T. ) ;
#2909 = CARTESIAN_POINT ( 'NONE',  ( 25.57977184163764406, 2.235490958484726972E-15, 0.0000000000000000000 ) ) ;
#2910 = EDGE_LOOP ( 'NONE', ( #3990, #3804, #3800, #3325, #717 ) ) ;
#2911 = CARTESIAN_POINT ( 'NONE',  ( 34.92022815836235594, 2.093492502277374743E-15, 0.0000000000000000000 ) ) ;
#2912 = AXIS2_PLACEMENT_3D ( 'NONE', #1148, #3974, #2504 ) ;
#2913 = CARTESIAN_POINT ( 'NONE',  ( 31.57977184163764051, 2.235490958484726972E-15, 0.0000000000000000000 ) ) ;
#2914 = VERTEX_POINT ( 'NONE', #160 ) ;
#2915 = CARTESIAN_POINT ( 'NONE',  ( 22.92022815836235239, 2.093492502277374743E-15, 0.0000000000000000000 ) ) ;
#2916 = CARTESIAN_POINT ( 'NONE',  ( -31.74999999999995737, 0.0000000000000000000, 0.0000000000000000000 ) ) ;
#2917 = CARTESIAN_POINT ( 'NONE',  ( 0.0000000000000000000, 0.0000000000000000000, 0.0000000000000000000 ) ) ;
#2918 = EDGE_LOOP ( 'NONE', ( #1416, #1433, #1461, #1475, #1480, #1482 ) ) ;
#2919 = EDGE_CURVE ( 'NONE', #3937, #2852, #2116, .T. ) ;
#2920 = DIRECTION ( 'NONE',  ( 0.0000000000000000000, 1.000000000000000000, 0.0000000000000000000 ) ) ;
#2921 = DIRECTION ( 'NONE',  ( -1.000000000000000000, -1.224606353822377258E-16, -0.0000000000000000000 ) ) ;
#2922 = VERTEX_POINT ( 'NONE', #2391 ) ;
#2923 = EDGE_CURVE ( 'NONE', #2369, #1466, #90, .T. ) ;
#2924 = DIRECTION ( 'NONE',  ( -1.000000000000000000, -1.224606353822377258E-16, -0.0000000000000000000 ) ) ;
#2925 = CARTESIAN_POINT ( 'NONE',  ( 37.57977184163763695, 2.235490958484726972E-15, 0.0000000000000000000 ) ) ;
#2926 = VERTEX_POINT ( 'NONE', #2385 ) ;
#2927 = DIRECTION ( 'NONE',  ( 0.0000000000000000000, -1.000000000000000000, 0.0000000000000000000 ) ) ;
#2928 = DIRECTION ( 'NONE',  ( 0.0000000000000000000, -1.000000000000000000, 0.0000000000000000000 ) ) ;
#2929 = ORIENTED_EDGE ( 'NONE', *, *, #1005, .F. ) ;
#2930 = EDGE_LOOP ( 'NONE', ( #1497, #1501, #1511, #1515, #1520 ) ) ;
#2931 = DIRECTION ( 'NONE',  ( 0.0000000000000000000, -0.5000000000000011102, -0.8660254037844379305 ) ) ;
#2932 = ORIENTED_EDGE ( 'NONE', *, *, #1073, .T. ) ;
#2933 = EDGE_CURVE ( 'NONE', #2473, #2258, #384, .T. ) ;
#2934 = CARTESIAN_POINT ( 'NONE',  ( 23.50000000000000000, 2.164491730381051252E-15, 0.0000000000000000000 ) ) ;
#2935 = ORIENTED_EDGE ( 'NONE', *, *, #873, .T. ) ;
#2936 = LINE ( 'NONE', #3239, #1017 ) ;
#2937 = LINE ( 'NONE', #1560, #1134 ) ;
#2938 = VERTEX_POINT ( 'NONE', #371 ) ;
#2939 = DIRECTION ( 'NONE',  ( -1.000000000000000000, -1.224606353822377258E-16, -0.0000000000000000000 ) ) ;
#2940 = CARTESIAN_POINT ( 'NONE',  ( -31.74999999999995737, 6.123233995736674577E-16, -4.999999999999925393 ) ) ;
#2941 = EDGE_LOOP ( 'NONE', ( #3962, #3203, #3543, #2844, #3713 ) ) ;
#2942 = CIRCLE ( 'NONE', #484, 5.000000000000000888 ) ;
#2943 = ORIENTED_EDGE ( 'NONE', *, *, #1765, .T. ) ;
#2944 = DIRECTION ( 'NONE',  ( -1.000000000000000000, -1.224606353822377258E-16, -0.0000000000000000000 ) ) ;
#2945 = CARTESIAN_POINT ( 'NONE',  ( 1.500000000000001332, 0.0000000000000000000, 0.0000000000000000000 ) ) ;
#2946 = EDGE_CURVE ( 'NONE', #1617, #669, #1371, .T. ) ;
#2947 = DIRECTION ( 'NONE',  ( -1.000000000000000000, -0.0000000000000000000, -0.0000000000000000000 ) ) ;
#2948 = FACE_OUTER_BOUND ( 'NONE', #3569, .T. ) ;
#2949 = ADVANCED_FACE ( 'NONE', ( #2158 ), #3950, .T. ) ;
#2950 = EDGE_LOOP ( 'NONE', ( #3131, #3674, #2803, #2805, #3874 ) ) ;
#2951 = CARTESIAN_POINT ( 'NONE',  ( 28.00000000000000000, 2.164491730381051252E-15, 0.0000000000000000000 ) ) ;
#2952 = CARTESIAN_POINT ( 'NONE',  ( 37.00000000000000000, 2.164491730381051252E-15, 0.0000000000000000000 ) ) ;
#2953 = EDGE_LOOP ( 'NONE', ( #1357, #1379, #1381, #1384, #1397 ) ) ;
#2954 = EDGE_CURVE ( 'NONE', #3314, #137, #718, .T. ) ;
#2955 = VERTEX_POINT ( 'NONE', #203 ) ;
#2956 = CARTESIAN_POINT ( 'NONE',  ( 18.07977184163764406, 5.000000000000004441, 0.0000000000000000000 ) ) ;
#2957 = DIRECTION ( 'NONE',  ( -1.000000000000000000, -1.224606353822377258E-16, -0.0000000000000000000 ) ) ;
#2958 = ORIENTED_EDGE ( 'NONE', *, *, #3890, .T. ) ;
#2959 = ORIENTED_EDGE ( 'NONE', *, *, #2416, .T. ) ;
#2960 = EDGE_LOOP ( 'NONE', ( #1135, #1147, #1157, #1160, #1194, #1207 ) ) ;
#2961 = ORIENTED_EDGE ( 'NONE', *, *, #2111, .F. ) ;
#2962 = EDGE_CURVE ( 'NONE', #2338, #273, #3290, .T. ) ;
#2963 = EDGE_LOOP ( 'NONE', ( #3472, #3851, #3739, #3854, #2929 ) ) ;
#2964 = DIRECTION ( 'NONE',  ( 0.0000000000000000000, -1.000000000000000000, 0.0000000000000000000 ) ) ;
#2965 = DIRECTION ( 'NONE',  ( -1.000000000000000000, -1.224606353822377258E-16, -0.0000000000000000000 ) ) ;
#2966 = CARTESIAN_POINT ( 'NONE',  ( 21.07977184163764051, 2.235490958484726972E-15, 0.0000000000000000000 ) ) ;
#2967 = FACE_OUTER_BOUND ( 'NONE', #3566, .T. ) ;
#2968 = EDGE_LOOP ( 'NONE', ( #1223, #1257, #1278, #1291, #1352 ) ) ;
#2969 = CARTESIAN_POINT ( 'NONE',  ( 37.57977184163763695, 5.000000000000005329, 0.0000000000000000000 ) ) ;
#2970 = EDGE_CURVE ( 'NONE', #1978, #3295, #4032, .T. ) ;
#2971 = CIRCLE ( 'NONE', #2506, 5.000000000000000888 ) ;
#2972 = ADVANCED_FACE ( 'NONE', ( #3198 ), #1471, .T. ) ;
#2973 = ORIENTED_EDGE ( 'NONE', *, *, #2616, .T. ) ;
#2974 = DIRECTION ( 'NONE',  ( 0.0000000000000000000, -1.000000000000000000, 0.0000000000000000000 ) ) ;
#2975 = EDGE_LOOP ( 'NONE', ( #1095, #1100, #1109, #1126, #1129 ) ) ;
#2976 = AXIS2_PLACEMENT_3D ( 'NONE', #1947, #3681, #2149 ) ;
#2977 = VECTOR ( 'NONE', #114, 1000.000000000000000 ) ;
#2978 = DIRECTION ( 'NONE',  ( 0.0000000000000000000, -1.000000000000000000, 0.0000000000000000000 ) ) ;
#2979 = VERTEX_POINT ( 'NONE', #663 ) ;
#2980 = ORIENTED_EDGE ( 'NONE', *, *, #2371, .T. ) ;
#2981 = EDGE_CURVE ( 'NONE', #3710, #794, #2524, .T. ) ;
#2982 = EDGE_LOOP ( 'NONE', ( #989, #992, #1009, #1013, #1021, #1029 ) ) ;
#2983 = DIRECTION ( 'NONE',  ( 0.0000000000000000000, 1.000000000000000000, 0.0000000000000000000 ) ) ;
#2984 = ORIENTED_EDGE ( 'NONE', *, *, #3868, .T. ) ;
#2985 = CARTESIAN_POINT ( 'NONE',  ( 27.07977184163764406, 2.235490958484726972E-15, 0.0000000000000000000 ) ) ;
#2986 = ORIENTED_EDGE ( 'NONE', *, *, #3933, .T. ) ;
#2987 = VERTEX_POINT ( 'NONE', #1483 ) ;
#2988 = CARTESIAN_POINT ( 'NONE',  ( 36.07977184163764406, -3.466673899897024536E-29, 5.000000000000003553 ) ) ;
#2989 = CIRCLE ( 'NONE', #1425, 5.000000000000000888 ) ;
#2990 = EDGE_LOOP ( 'NONE', ( #2536, #3427, #3514, #3254, #3133 ) ) ;
#2991 = CARTESIAN_POINT ( 'NONE',  ( 39.99999999999999289, 0.0000000000000000000, 4.171999999999999709 ) ) ;
#2992 = ORIENTED_EDGE ( 'NONE', *, *, #603, .T. ) ;
#2993 = CARTESIAN_POINT ( 'NONE',  ( 25.57977184163764406, 6.123233995736423128E-16, -5.000000000000003553 ) ) ;
#2994 = CARTESIAN_POINT ( 'NONE',  ( 1.500000000000001332, 0.0000000000000000000, 6.500000000000000888 ) ) ;
#2995 = ORIENTED_EDGE ( 'NONE', *, *, #3949, .F. ) ;
#2996 = CARTESIAN_POINT ( 'NONE',  ( 36.07977184163764406, 2.235490958484726972E-15, 0.0000000000000000000 ) ) ;
#2997 = CYLINDRICAL_SURFACE ( 'NONE', #55, 4.999999999999925393 ) ;
#2998 = VERTEX_POINT ( 'NONE', #1367 ) ;
#2999 = ORIENTED_EDGE ( 'NONE', *, *, #1412, .F. ) ;
#3000 = CARTESIAN_POINT ( 'NONE',  ( 19.57977184163764406, 2.235490958484726972E-15, 0.0000000000000000000 ) ) ;
#3001 = CARTESIAN_POINT ( 'NONE',  ( 10.00000000000000178, 0.0000000000000000000, 0.0000000000000000000 ) ) ;
#3002 = ORIENTED_EDGE ( 'NONE', *, *, #3032, .T. ) ;
#3003 = CYLINDRICAL_SURFACE ( 'NONE', #2570, 4.999999999999925393 ) ;
#3004 = CARTESIAN_POINT ( 'NONE',  ( 24.07977184163764051, -5.000000000000000888, 6.123233995736771213E-16 ) ) ;
#3005 = EDGE_LOOP ( 'NONE', ( #1032, #1055, #1072, #1082, #1085 ) ) ;
#3006 = VERTEX_POINT ( 'NONE', #645 ) ;
#3007 = EDGE_CURVE ( 'NONE', #3295, #1092, #2042, .T. ) ;
#3008 = AXIS2_PLACEMENT_3D ( 'NONE', #3338, #1833, #2983 ) ;
#3009 = DIRECTION ( 'NONE',  ( -1.000000000000000000, -1.224606353822377258E-16, -0.0000000000000000000 ) ) ;
#3010 = VECTOR ( 'NONE', #1491, 999.9999999999998863 ) ;
#3011 = CYLINDRICAL_SURFACE ( 'NONE', #287, 4.999999999999925393 ) ;
#3012 = VERTEX_POINT ( 'NONE', #2063 ) ;
#3013 = DIRECTION ( 'NONE',  ( 0.0000000000000000000, -1.000000000000000000, 0.0000000000000000000 ) ) ;
#3014 = DIRECTION ( 'NONE',  ( -1.000000000000000000, -1.224606353822377258E-16, -0.0000000000000000000 ) ) ;
#3015 = SURFACE_SIDE_STYLE ('',( #2656 ) ) ;
#3016 = EDGE_LOOP ( 'NONE', ( #935, #949, #973, #975, #983 ) ) ;
#3017 = EDGE_LOOP ( 'NONE', ( #1806, #1724, #1680, #1643, #1637 ) ) ;
#3018 = VECTOR ( 'NONE', #823, 999.9999999999998863 ) ;
#3019 = DIRECTION ( 'NONE',  ( 0.0000000000000000000, -1.000000000000000000, 0.0000000000000000000 ) ) ;
#3020 = CARTESIAN_POINT ( 'NONE',  ( 5.000000000000000000, -2.342598717236911376, -4.057500000000006324 ) ) ;
#3021 = EDGE_LOOP ( 'NONE', ( #822, #828, #837, #850, #870, #879 ) ) ;
#3022 = DIRECTION ( 'NONE',  ( -1.000000000000000000, -0.0000000000000000000, -0.0000000000000000000 ) ) ;
#3023 = EDGE_LOOP ( 'NONE', ( #2497, #3458, #1592, #3306, #3634 ) ) ;
#3024 = EDGE_CURVE ( 'NONE', #2006, #457, #2753, .T. ) ;
#3025 = AXIS2_PLACEMENT_3D ( 'NONE', #2441, #3163, #2644 ) ;
#3026 = CARTESIAN_POINT ( 'NONE',  ( 28.92022815836234884, 2.093492502277374743E-15, 0.0000000000000000000 ) ) ;
#3027 = DIRECTION ( 'NONE',  ( 0.0000000000000000000, -1.000000000000000000, 0.0000000000000000000 ) ) ;
#3028 = ORIENTED_EDGE ( 'NONE', *, *, #684, .T. ) ;
#3029 = ORIENTED_EDGE ( 'NONE', *, *, #3568, .F. ) ;
#3030 = VERTEX_POINT ( 'NONE', #333 ) ;
#3031 = FACE_OUTER_BOUND ( 'NONE', #2883, .T. ) ;
#3032 = EDGE_CURVE ( 'NONE', #3410, #735, #2802, .T. ) ;
#3033 = ORIENTED_EDGE ( 'NONE', *, *, #1051, .F. ) ;
#3034 = CARTESIAN_POINT ( 'NONE',  ( -31.74999999999995737, 6.123233995736674577E-16, -4.999999999999925393 ) ) ;
#3035 = DIRECTION ( 'NONE',  ( 0.0000000000000000000, -1.000000000000000000, 0.0000000000000000000 ) ) ;
#3036 = CARTESIAN_POINT ( 'NONE',  ( -0.0000000000000000000, -4.685197434473812095, -2.602085213965210642E-15 ) ) ;
#3037 = ORIENTED_EDGE ( 'NONE', *, *, #2557, .T. ) ;
#3038 = CARTESIAN_POINT ( 'NONE',  ( 22.57977184163764051, -5.000000000000000888, 6.123233995736771213E-16 ) ) ;
#3039 = CARTESIAN_POINT ( 'NONE',  ( 33.42022815836235594, 6.123233995736451724E-16, -5.000000000000000888 ) ) ;
#3040 = AXIS2_PLACEMENT_3D ( 'NONE', #892, #3327, #2847 ) ;
#3041 = CIRCLE ( 'NONE', #1007, 5.000000000000000888 ) ;
#3042 = VERTEX_POINT ( 'NONE', #1988 ) ;
#3043 = CARTESIAN_POINT ( 'NONE',  ( 36.07977184163764406, 2.235490958484726972E-15, 0.0000000000000000000 ) ) ;
#3044 = DIRECTION ( 'NONE',  ( -1.000000000000000000, -1.224606353822377258E-16, -0.0000000000000000000 ) ) ;
#3045 = DIRECTION ( 'NONE',  ( 0.0000000000000000000, -1.000000000000000000, 0.0000000000000000000 ) ) ;
#3046 = ORIENTED_EDGE ( 'NONE', *, *, #3555, .T. ) ;
#3047 = EDGE_CURVE ( 'NONE', #1866, #619, #3863, .T. ) ;
#3048 = AXIS2_PLACEMENT_3D ( 'NONE', #1053, #1301, #344 ) ;
#3049 = DIRECTION ( 'NONE',  ( 1.000000000000000000, 1.224606353822377258E-16, 0.0000000000000000000 ) ) ;
#3050 = DIRECTION ( 'NONE',  ( -0.7071067811866630359, 0.0000000000000000000, 0.7071067811864319985 ) ) ;
#3051 = DIRECTION ( 'NONE',  ( 0.0000000000000000000, 1.000000000000000000, 0.0000000000000000000 ) ) ;
#3052 = CYLINDRICAL_SURFACE ( 'NONE', #1097, 4.999999999999925393 ) ;
#3053 = ADVANCED_FACE ( 'NONE', ( #2325 ), #394, .T. ) ;
#3054 = VERTEX_POINT ( 'NONE', #1390 ) ;
#3055 = EDGE_CURVE ( 'NONE', #1622, #3823, #263, .T. ) ;
#3056 = CARTESIAN_POINT ( 'NONE',  ( 24.07977184163764051, 5.000000000000004441, 0.0000000000000000000 ) ) ;
#3057 = DIRECTION ( 'NONE',  ( 0.5735764363510470476, -0.8191520442889911324, 1.003171929053524007E-16 ) ) ;
#3058 = ORIENTED_EDGE ( 'NONE', *, *, #851, .T. ) ;
#3059 = DIRECTION ( 'NONE',  ( -1.000000000000000000, -0.0000000000000000000, -0.0000000000000000000 ) ) ;
#3060 = CIRCLE ( 'NONE', #141, 5.000000000000000888 ) ;
#3061 = ORIENTED_EDGE ( 'NONE', *, *, #1000, .T. ) ;
#3062 = ADVANCED_FACE ( 'NONE', ( #2121 ), #386, .T. ) ;
#3063 = ORIENTED_EDGE ( 'NONE', *, *, #3953, .T. ) ;
#3064 = DIRECTION ( 'NONE',  ( -1.000000000000000000, -1.224606353822377258E-16, -0.0000000000000000000 ) ) ;
#3065 = ORIENTED_EDGE ( 'NONE', *, *, #2372, .T. ) ;
#3066 = FACE_OUTER_BOUND ( 'NONE', #2519, .T. ) ;
#3067 = EDGE_CURVE ( 'NONE', #3564, #3314, #3515, .T. ) ;
#3068 = EDGE_CURVE ( 'NONE', #3564, #525, #2119, .T. ) ;
#3069 = DIRECTION ( 'NONE',  ( 0.0000000000000000000, -1.000000000000000000, 0.0000000000000000000 ) ) ;
#3070 = ADVANCED_FACE ( 'NONE', ( #1265 ), #3003, .T. ) ;
#3071 = FACE_OUTER_BOUND ( 'NONE', #3272, .T. ) ;
#3072 = CARTESIAN_POINT ( 'NONE',  ( 39.07977184163764406, -3.543711097672513970E-29, 5.000000000000003553 ) ) ;
#3073 = ORIENTED_EDGE ( 'NONE', *, *, #4042, .T. ) ;
#3074 = EDGE_CURVE ( 'NONE', #1588, #2175, #1573, .T. ) ;
#3075 = EDGE_LOOP ( 'NONE', ( #3033, #3169, #3964, #2526, #3122, #3029 ) ) ;
#3076 = EDGE_CURVE ( 'NONE', #3380, #1608, #3690, .T. ) ;
#3077 = VECTOR ( 'NONE', #3547, 999.9999999999998863 ) ;
#3078 = DIRECTION ( 'NONE',  ( -1.000000000000000000, -1.224606353822377258E-16, -0.0000000000000000000 ) ) ;
#3079 = DIRECTION ( 'NONE',  ( 0.0000000000000000000, 1.000000000000000000, -1.295896757998781966E-15 ) ) ;
#3080 = EDGE_CURVE ( 'NONE', #3380, #1601, #2936, .T. ) ;
#3081 = EDGE_LOOP ( 'NONE', ( #3556, #162, #3438, #2597, #3997 ) ) ;
#3082 = CARTESIAN_POINT ( 'NONE',  ( 37.57977184163763695, -3.543711097672513970E-29, 5.000000000000003553 ) ) ;
#3083 = CARTESIAN_POINT ( 'NONE',  ( 5.000000000000000000, -4.506943796211477291E-15, -4.057500000000000107 ) ) ;
#3084 = ORIENTED_EDGE ( 'NONE', *, *, #2278, .F. ) ;
#3085 = VERTEX_POINT ( 'NONE', #2873 ) ;
#3086 = DIRECTION ( 'NONE',  ( -0.5735764363510524877, 0.8191520442889874687, 1.003171929053519570E-16 ) ) ;
#3087 = DIRECTION ( 'NONE',  ( 0.0000000000000000000, 0.0000000000000000000, 1.000000000000000000 ) ) ;
#3088 = ORIENTED_EDGE ( 'NONE', *, *, #3665, .F. ) ;
#3089 = ORIENTED_EDGE ( 'NONE', *, *, #2754, .T. ) ;
#3090 = AXIS2_PLACEMENT_3D ( 'NONE', #3264, #3246, #3675 ) ;
#3091 = DIRECTION ( 'NONE',  ( 0.0000000000000000000, -1.000000000000000000, 0.0000000000000000000 ) ) ;
#3092 = AXIS2_PLACEMENT_3D ( 'NONE', #1929, #2726, #320 ) ;
#3093 = EDGE_LOOP ( 'NONE', ( #3761, #1486, #3176, #3725, #1387 ) ) ;
#3094 = ORIENTED_EDGE ( 'NONE', *, *, #3824, .F. ) ;
#3095 = DIRECTION ( 'NONE',  ( -1.000000000000000000, -1.224606353822377258E-16, -0.0000000000000000000 ) ) ;
#3096 = CARTESIAN_POINT ( 'NONE',  ( 31.57977184163764051, 2.235490958484726972E-15, 0.0000000000000000000 ) ) ;
#3097 = EDGE_CURVE ( 'NONE', #3380, #3085, #2475, .T. ) ;
#3098 = AXIS2_PLACEMENT_3D ( 'NONE', #1136, #2607, #3878 ) ;
#3099 = ORIENTED_EDGE ( 'NONE', *, *, #3257, .F. ) ;
#3100 = CARTESIAN_POINT ( 'NONE',  ( -31.74999999999995737, 6.123233995736674577E-16, -4.999999999999925393 ) ) ;
#3101 = DIRECTION ( 'NONE',  ( -1.000000000000000000, -0.0000000000000000000, -0.0000000000000000000 ) ) ;
#3102 = EDGE_LOOP ( 'NONE', ( #3787, #2708, #4046, #3184, #2898 ) ) ;
#3103 = DIRECTION ( 'NONE',  ( -1.000000000000000000, -1.224606353822377258E-16, -0.0000000000000000000 ) ) ;
#3104 = EDGE_LOOP ( 'NONE', ( #1612, #1503, #1470, #1458, #1374, #1347 ) ) ;
#3105 = DIRECTION ( 'NONE',  ( 0.0000000000000000000, -0.4999999999999990008, 0.8660254037844391517 ) ) ;
#3106 = CIRCLE ( 'NONE', #1874, 4.172000000000002373 ) ;
#3107 = ORIENTED_EDGE ( 'NONE', *, *, #3354, .F. ) ;
#3108 = EDGE_CURVE ( 'NONE', #3723, #2922, #3985, .T. ) ;
#3109 = CARTESIAN_POINT ( 'NONE',  ( 35.50000000000000711, 4.172000000000004150, 5.109226446042759579E-16 ) ) ;
#3110 = FACE_OUTER_BOUND ( 'NONE', #2520, .T. ) ;
#3111 = VECTOR ( 'NONE', #3119, 1000.000000000000000 ) ;
#3112 = VERTEX_POINT ( 'NONE', #3956 ) ;
#3113 = DIRECTION ( 'NONE',  ( 1.000000000000000000, 1.224606353822377258E-16, 0.0000000000000000000 ) ) ;
#3114 = CARTESIAN_POINT ( 'NONE',  ( 28.92022815836234884, -3.158525108795066799E-29, 5.000000000000000888 ) ) ;
#3115 = AXIS2_PLACEMENT_3D ( 'NONE', #3315, #2130, #1504 ) ;
#3116 = EDGE_CURVE ( 'NONE', #1582, #137, #2845, .T. ) ;
#3117 = CIRCLE ( 'NONE', #3098, 4.057500000000000107 ) ;
#3118 = DIRECTION ( 'NONE',  ( 0.0000000000000000000, -1.000000000000000000, 0.0000000000000000000 ) ) ;
#3119 = DIRECTION ( 'NONE',  ( -1.000000000000000000, -0.0000000000000000000, -0.0000000000000000000 ) ) ;
#3120 = ORIENTED_EDGE ( 'NONE', *, *, #2755, .F. ) ;
#3121 = VERTEX_POINT ( 'NONE', #3587 ) ;
#3122 = ORIENTED_EDGE ( 'NONE', *, *, #1549, .F. ) ;
#3123 = EDGE_CURVE ( 'NONE', #3085, #2614, #2896, .T. ) ;
#3124 = CARTESIAN_POINT ( 'NONE',  ( 28.00000000000000000, 2.164491730381051252E-15, 0.0000000000000000000 ) ) ;
#3125 = FILL_AREA_STYLE_COLOUR ( '', #6 ) ;
#3126 = ORIENTED_EDGE ( 'NONE', *, *, #3473, .T. ) ;
#3127 = VECTOR ( 'NONE', #3233, 999.9999999999998863 ) ;
#3128 = ORIENTED_EDGE ( 'NONE', *, *, #2308, .F. ) ;
#3129 = EDGE_LOOP ( 'NONE', ( #2861, #3460, #3154, #3972, #3560 ) ) ;
#3131 = ORIENTED_EDGE ( 'NONE', *, *, #1741, .F. ) ;
#3130 = ADVANCED_FACE ( 'NONE', ( #765 ), #1429, .T. ) ;
#3132 = ORIENTED_EDGE ( 'NONE', *, *, #3685, .T. ) ;
#3133 = ORIENTED_EDGE ( 'NONE', *, *, #3238, .T. ) ;
#3134 = DIRECTION ( 'NONE',  ( 0.0000000000000000000, -1.000000000000000000, 0.0000000000000000000 ) ) ;
#3135 = CARTESIAN_POINT ( 'NONE',  ( 14.50000000000000000, 2.164491730381051252E-15, 0.0000000000000000000 ) ) ;
#3136 = EDGE_CURVE ( 'NONE', #2614, #3806, #3907, .T. ) ;
#3137 = EDGE_LOOP ( 'NONE', ( #769, #774, #784, #812, #817 ) ) ;
#3138 = ORIENTED_EDGE ( 'NONE', *, *, #236, .T. ) ;
#3139 = DIRECTION ( 'NONE',  ( 0.0000000000000000000, -1.000000000000000000, 0.0000000000000000000 ) ) ;
#3140 = ORIENTED_EDGE ( 'NONE', *, *, #3727, .F. ) ;
#3141 = AXIS2_PLACEMENT_3D ( 'NONE', #1532, #894, #1330 ) ;
#3142 = CARTESIAN_POINT ( 'NONE',  ( 5.000000000000000000, -2.342598717236900718, 4.057499999999993889 ) ) ;
#3143 = CARTESIAN_POINT ( 'NONE',  ( 34.57977184163764406, 2.235490958484726972E-15, 0.0000000000000000000 ) ) ;
#3144 = EDGE_CURVE ( 'NONE', #1477, #2258, #4028, .T. ) ;
#3145 = ORIENTED_EDGE ( 'NONE', *, *, #334, .F. ) ;
#3146 = DIRECTION ( 'NONE',  ( -1.000000000000000000, -1.224606353822377258E-16, -0.0000000000000000000 ) ) ;
#3147 = EDGE_LOOP ( 'NONE', ( #597, #614, #621, #623, #629, #635 ) ) ;
#3148 = CARTESIAN_POINT ( 'NONE',  ( -31.74999999999995737, 0.0000000000000000000, 4.999999999999925393 ) ) ;
#3149 = DIRECTION ( 'NONE',  ( -0.5735764363510524877, 0.8191520442889874687, 1.003171929053519570E-16 ) ) ;
#3150 = AXIS2_PLACEMENT_3D ( 'NONE', #553, #3852, #3712 ) ;
#3151 = EDGE_LOOP ( 'NONE', ( #3191, #3058, #3343, #3145, #2723, #4037 ) ) ;
#3152 = DIRECTION ( 'NONE',  ( -1.000000000000000000, -1.224606353822377258E-16, -0.0000000000000000000 ) ) ;
#3153 = DIRECTION ( 'NONE',  ( -0.5735764363510524877, 0.8191520442889874687, 1.003171929053519570E-16 ) ) ;
#3154 = ORIENTED_EDGE ( 'NONE', *, *, #2026, .T. ) ;
#3155 = EDGE_CURVE ( 'NONE', #3740, #1477, #713, .T. ) ;
#3156 = DIRECTION ( 'NONE',  ( -1.000000000000000000, -0.0000000000000000000, -0.0000000000000000000 ) ) ;
#3157 = ORIENTED_EDGE ( 'NONE', *, *, #3736, .F. ) ;
#3158 = CARTESIAN_POINT ( 'NONE',  ( 29.50000000000000000, 2.164491730381051252E-15, 0.0000000000000000000 ) ) ;
#3159 = DIRECTION ( 'NONE',  ( -1.000000000000000000, -1.224606353822377258E-16, -0.0000000000000000000 ) ) ;
#3160 = EDGE_LOOP ( 'NONE', ( #1435, #1328, #3803, #27, #3711 ) ) ;
#3161 = LINE ( 'NONE', #1213, #3594 ) ;
#3162 = CIRCLE ( 'NONE', #2098, 4.999999999999849010 ) ;
#3163 = DIRECTION ( 'NONE',  ( -1.000000000000000000, -1.224606353822377258E-16, -0.0000000000000000000 ) ) ;
#3164 = EDGE_LOOP ( 'NONE', ( #4010, #1984, #2769 ) ) ;
#3165 = AXIS2_PLACEMENT_3D ( 'NONE', #2764, #911, #2543 ) ;
#3166 = LINE ( 'NONE', #801, #3202 ) ;
#3167 = DIRECTION ( 'NONE',  ( 0.0000000000000000000, -1.000000000000000000, 0.0000000000000000000 ) ) ;
#3168 = DIRECTION ( 'NONE',  ( -1.000000000000000000, -0.0000000000000000000, -0.0000000000000000000 ) ) ;
#3169 = ORIENTED_EDGE ( 'NONE', *, *, #3583, .T. ) ;
#3170 = LINE ( 'NONE', #1249, #4045 ) ;
#3171 =( NAMED_UNIT ( * ) PLANE_ANGLE_UNIT ( ) SI_UNIT ( $, .RADIAN. ) );
#3172 =( NAMED_UNIT ( * ) PLANE_ANGLE_UNIT ( ) SI_UNIT ( $, .RADIAN. ) );
#3173 = DIRECTION ( 'NONE',  ( 0.0000000000000000000, -1.000000000000000000, 1.110768649713241319E-15 ) ) ;
#3174 = ORIENTED_EDGE ( 'NONE', *, *, #2394, .T. ) ;
#3175 = CARTESIAN_POINT ( 'NONE',  ( -31.74999999999995737, 0.0000000000000000000, 4.999999999999925393 ) ) ;
#3176 = ORIENTED_EDGE ( 'NONE', *, *, #2558, .T. ) ;
#3177 = DIRECTION ( 'NONE',  ( 0.0000000000000000000, 0.0000000000000000000, -1.000000000000000000 ) ) ;
#3178 = DIRECTION ( 'NONE',  ( -1.000000000000000000, -0.0000000000000000000, -0.0000000000000000000 ) ) ;
#3179 = ORIENTED_EDGE ( 'NONE', *, *, #2402, .F. ) ;
#3180 = ADVANCED_FACE ( 'NONE', ( #2715 ), #3734, .T. ) ;
#3181 = DIRECTION ( 'NONE',  ( 1.000000000000000000, 1.224606353822377258E-16, 0.0000000000000000000 ) ) ;
#3182 = CARTESIAN_POINT ( 'NONE',  ( 35.50000000000000711, 2.164491730381051252E-15, 0.0000000000000000000 ) ) ;
#3183 = DIRECTION ( 'NONE',  ( -1.000000000000000000, -1.224606353822377258E-16, -0.0000000000000000000 ) ) ;
#3184 = ORIENTED_EDGE ( 'NONE', *, *, #2397, .T. ) ;
#3185 = DIRECTION ( 'NONE',  ( -1.000000000000000000, -1.224606353822377258E-16, -0.0000000000000000000 ) ) ;
#3186 = APPLICATION_PROTOCOL_DEFINITION ( 'draft international standard', 'automotive_design', 1998, #1702 ) ;
#3187 = DIRECTION ( 'NONE',  ( -1.000000000000000000, -0.0000000000000000000, -0.0000000000000000000 ) ) ;
#3188 = VERTEX_POINT ( 'NONE', #3855 ) ;
#3189 = EDGE_CURVE ( 'NONE', #1335, #3740, #1166, .T. ) ;
#3190 = DIRECTION ( 'NONE',  ( 0.0000000000000000000, -1.000000000000000000, 0.0000000000000000000 ) ) ;
#3191 = ORIENTED_EDGE ( 'NONE', *, *, #315, .T. ) ;
#3192 = CARTESIAN_POINT ( 'NONE',  ( 13.92022815836235239, 5.000000000000003553, 6.123233995736768255E-16 ) ) ;
#3193 = CARTESIAN_POINT ( 'NONE',  ( 30.07977184163764051, 6.123233995736423128E-16, -5.000000000000003553 ) ) ;
#3194 = LINE ( 'NONE', #1969, #1196 ) ;
#3195 = ORIENTED_EDGE ( 'NONE', *, *, #190, .F. ) ;
#3196 = EDGE_CURVE ( 'NONE', #2614, #2443, #91, .T. ) ;
#3197 = ORIENTED_EDGE ( 'NONE', *, *, #2421, .F. ) ;
#3198 = FACE_OUTER_BOUND ( 'NONE', #4043, .T. ) ;
#3199 = PLANE ( 'NONE',  #361 ) ;
#3200 = CARTESIAN_POINT ( 'NONE',  ( 27.42022815836235239, -4.999999999999998224, 0.0000000000000000000 ) ) ;
#3201 = ORIENTED_EDGE ( 'NONE', *, *, #2484, .T. ) ;
#3202 = VECTOR ( 'NONE', #492, 1000.000000000000000 ) ;
#3203 = ORIENTED_EDGE ( 'NONE', *, *, #1983, .T. ) ;
#3204 = CARTESIAN_POINT ( 'NONE',  ( 37.00000000000000000, 4.172000000000004150, 0.0000000000000000000 ) ) ;
#3205 = DIRECTION ( 'NONE',  ( 0.0000000000000000000, -1.000000000000000000, 0.0000000000000000000 ) ) ;
#3206 = DIRECTION ( 'NONE',  ( 0.0000000000000000000, 1.000000000000000000, 0.0000000000000000000 ) ) ;
#3207 = VERTEX_POINT ( 'NONE', #3700 ) ;
#3208 = CONICAL_SURFACE ( 'NONE', #64, 5.000000000000002665, 0.9599310885968803664 ) ;
#3209 = VERTEX_POINT ( 'NONE', #2830 ) ;
#3210 = EDGE_CURVE ( 'NONE', #2443, #3766, #2575, .T. ) ;
#3211 = AXIS2_PLACEMENT_3D ( 'NONE', #1936, #656, #710 ) ;
#3212 = ADVANCED_FACE ( 'NONE', ( #200 ), #2082, .T. ) ;
#3213 = ORIENTED_EDGE ( 'NONE', *, *, #2558, .F. ) ;
#3214 = ORIENTED_EDGE ( 'NONE', *, *, #948, .F. ) ;
#3215 = CARTESIAN_POINT ( 'NONE',  ( 28.57977184163764051, 2.235490958484726972E-15, 0.0000000000000000000 ) ) ;
#3216 = DIRECTION ( 'NONE',  ( -1.000000000000000000, -1.224606353822377258E-16, -0.0000000000000000000 ) ) ;
#3217 = ORIENTED_EDGE ( 'NONE', *, *, #2731, .F. ) ;
#3218 = ORIENTED_EDGE ( 'NONE', *, *, #1911, .T. ) ;
#3219 = DIRECTION ( 'NONE',  ( -1.000000000000000000, -1.224606353822377258E-16, -0.0000000000000000000 ) ) ;
#3220 = DIRECTION ( 'NONE',  ( 0.0000000000000000000, 0.0000000000000000000, 1.000000000000000000 ) ) ;
#3221 = EDGE_LOOP ( 'NONE', ( #452, #460, #463, #471, #485, #500 ) ) ;
#3222 = CARTESIAN_POINT ( 'NONE',  ( -31.74999999999995737, 6.123233995736674577E-16, -4.999999999999925393 ) ) ;
#3223 = PRODUCT_DEFINITION_FORMATION_WITH_SPECIFIED_SOURCE ( 'ANY', '', #289, .NOT_KNOWN. ) ;
#3224 = ADVANCED_FACE ( 'NONE', ( #447 ), #2038, .T. ) ;
#3225 = EDGE_CURVE ( 'NONE', #1335, #3967, #2223, .T. ) ;
#3226 = AXIS2_PLACEMENT_3D ( 'NONE', #435, #2137, #1192 ) ;
#3227 = CARTESIAN_POINT ( 'NONE',  ( 19.00000000000000355, -4.172000000000000597, 5.616230220889765396E-16 ) ) ;
#3228 = ORIENTED_EDGE ( 'NONE', *, *, #545, .F. ) ;
#3229 = CONICAL_SURFACE ( 'NONE', #267, 5.000000000000002665, 0.9599310885968803664 ) ;
#3230 = CARTESIAN_POINT ( 'NONE',  ( 37.57977184163763695, 2.235490958484726972E-15, 0.0000000000000000000 ) ) ;
#3231 = ORIENTED_EDGE ( 'NONE', *, *, #2755, .T. ) ;
#3232 =( LENGTH_UNIT ( ) NAMED_UNIT ( * ) SI_UNIT ( .MILLI., .METRE. ) );
#3233 = DIRECTION ( 'NONE',  ( 0.5735764363510468256, 0.8191520442889913545, 0.0000000000000000000 ) ) ;
#3234 = VERTEX_POINT ( 'NONE', #400 ) ;
#3235 = ORIENTED_EDGE ( 'NONE', *, *, #2564, .F. ) ;
#3236 = EDGE_CURVE ( 'NONE', #3967, #3619, #917, .T. ) ;
#3237 = DIRECTION ( 'NONE',  ( -1.000000000000000000, -1.224606353822377258E-16, -0.0000000000000000000 ) ) ;
#3238 = EDGE_CURVE ( 'NONE', #3766, #147, #1366, .T. ) ;
#3239 = CARTESIAN_POINT ( 'NONE',  ( 5.000000000000000000, -2.342598717236900718, 4.057499999999993889 ) ) ;
#3240 = CARTESIAN_POINT ( 'NONE',  ( -31.74999999999995737, 0.0000000000000000000, 4.999999999999925393 ) ) ;
#3241 = ORIENTED_EDGE ( 'NONE', *, *, #456, .T. ) ;
#3242 = DIRECTION ( 'NONE',  ( 0.0000000000000000000, -1.000000000000000000, 0.0000000000000000000 ) ) ;
#3243 = VERTEX_POINT ( 'NONE', #1436 ) ;
#3244 = LINE ( 'NONE', #3034, #2662 ) ;
#3245 = CARTESIAN_POINT ( 'NONE',  ( -31.74999999999995737, 0.0000000000000000000, 0.0000000000000000000 ) ) ;
#3246 = DIRECTION ( 'NONE',  ( -1.000000000000000000, -1.224606353822377258E-16, -0.0000000000000000000 ) ) ;
#3247 = SURFACE_STYLE_USAGE ( .BOTH. , #3299 ) ;
#3248 = DIRECTION ( 'NONE',  ( 0.0000000000000000000, -1.000000000000000000, 0.0000000000000000000 ) ) ;
#3249 = VERTEX_POINT ( 'NONE', #2470 ) ;
#3250 = AXIS2_PLACEMENT_3D ( 'NONE', #1161, #558, #1965 ) ;
#3251 = ORIENTED_EDGE ( 'NONE', *, *, #2563, .F. ) ;
#3252 = CARTESIAN_POINT ( 'NONE',  ( -31.74999999999995737, 0.0000000000000000000, 0.0000000000000000000 ) ) ;
#3253 = CARTESIAN_POINT ( 'NONE',  ( 25.00000000000000000, 4.172000000000004150, 0.0000000000000000000 ) ) ;
#3254 = ORIENTED_EDGE ( 'NONE', *, *, #3210, .T. ) ;
#3255 = FACE_OUTER_BOUND ( 'NONE', #3266, .T. ) ;
#3256 = ORIENTED_EDGE ( 'NONE', *, *, #3123, .F. ) ;
#3257 = EDGE_CURVE ( 'NONE', #337, #803, #3161, .T. ) ;
#3258 = CARTESIAN_POINT ( 'NONE',  ( 17.50000000000000000, -4.172000000000000597, 0.0000000000000000000 ) ) ;
#3259 = DIRECTION ( 'NONE',  ( 0.0000000000000000000, 0.4999999999999986677, -0.8660254037844392627 ) ) ;
#3260 = ORIENTED_EDGE ( 'NONE', *, *, #1813, .T. ) ;
#3261 = DIRECTION ( 'NONE',  ( 0.0000000000000000000, -1.000000000000000000, 0.0000000000000000000 ) ) ;
#3262 = EDGE_CURVE ( 'NONE', #433, #3766, #2621, .T. ) ;
#3263 = EDGE_CURVE ( 'NONE', #971, #433, #497, .T. ) ;
#3264 = CARTESIAN_POINT ( 'NONE',  ( 22.92022815836235239, 2.093492502277374743E-15, 0.0000000000000000000 ) ) ;
#3265 = CARTESIAN_POINT ( 'NONE',  ( 33.42022815836235594, 5.000000000000003553, 6.123233995736768255E-16 ) ) ;
#3266 = EDGE_LOOP ( 'NONE', ( #504, #511, #513, #528, #539 ) ) ;
#3267 = EDGE_LOOP ( 'NONE', ( #3417, #4014, #2801, #2531, #3510 ) ) ;
#3268 = DIRECTION ( 'NONE',  ( -1.000000000000000000, -1.224606353822377258E-16, -0.0000000000000000000 ) ) ;
#3269 = ORIENTED_EDGE ( 'NONE', *, *, #2546, .T. ) ;
#3270 = DIRECTION ( 'NONE',  ( 0.0000000000000000000, -1.000000000000000000, 0.0000000000000000000 ) ) ;
#3271 = AXIS2_PLACEMENT_3D ( 'NONE', #1854, #2364, #2641 ) ;
#3272 = EDGE_LOOP ( 'NONE', ( #429, #436, #442, #444, #448 ) ) ;
#3273 = EDGE_CURVE ( 'NONE', #971, #2549, #1022, .T. ) ;
#3274 = ADVANCED_FACE ( 'NONE', ( #1467 ), #1579, .T. ) ;
#3275 = VERTEX_POINT ( 'NONE', #1885 ) ;
#3276 = DIRECTION ( 'NONE',  ( -1.000000000000000000, -1.224606353822377258E-16, -0.0000000000000000000 ) ) ;
#3277 = DIRECTION ( 'NONE',  ( -1.000000000000000000, -0.0000000000000000000, -0.0000000000000000000 ) ) ;
#3278 = VERTEX_POINT ( 'NONE', #21 ) ;
#3279 = DIRECTION ( 'NONE',  ( 1.000000000000000000, 1.224606353822377258E-16, 0.0000000000000000000 ) ) ;
#3280 = EDGE_CURVE ( 'NONE', #3465, #971, #611, .T. ) ;
#3281 = DIRECTION ( 'NONE',  ( -1.000000000000000000, -1.224606353822377258E-16, -0.0000000000000000000 ) ) ;
#3282 = ORIENTED_EDGE ( 'NONE', *, *, #3654, .F. ) ;
#3283 = ORIENTED_EDGE ( 'NONE', *, *, #3603, .F. ) ;
#3284 = EDGE_CURVE ( 'NONE', #2473, #3796, #2275, .T. ) ;
#3285 = CIRCLE ( 'NONE', #1721, 4.172000000000002373 ) ;
#3286 = ORIENTED_EDGE ( 'NONE', *, *, #1314, .T. ) ;
#3287 = CYLINDRICAL_SURFACE ( 'NONE', #3150, 4.999999999999925393 ) ;
#3288 = CARTESIAN_POINT ( 'NONE',  ( 13.92022815836235239, -3.120006509907322082E-29, 5.000000000000000888 ) ) ;
#3289 = VERTEX_POINT ( 'NONE', #3743 ) ;
#3290 = LINE ( 'NONE', #1359, #615 ) ;
#3291 = CARTESIAN_POINT ( 'NONE',  ( 14.50000000000000000, 4.172000000000004150, 5.109226446042759579E-16 ) ) ;
#3292 = CARTESIAN_POINT ( 'NONE',  ( 20.50000000000000000, 2.164491730381051252E-15, 0.0000000000000000000 ) ) ;
#3293 = ORIENTED_EDGE ( 'NONE', *, *, #449, .F. ) ;
#3294 = VECTOR ( 'NONE', #192, 1000.000000000000000 ) ;
#3295 = VERTEX_POINT ( 'NONE', #925 ) ;
#3296 = EDGE_CURVE ( 'NONE', #3638, #3465, #2172, .T. ) ;
#3297 = EDGE_LOOP ( 'NONE', ( #119, #1407, #132, #260, #95, #32 ) ) ;
#3298 = EDGE_LOOP ( 'NONE', ( #3475, #2609, #3443, #2456, #2854 ) ) ;
#3299 = SURFACE_SIDE_STYLE ('',( #3919 ) ) ;
#3300 = FACE_OUTER_BOUND ( 'NONE', #2185, .T. ) ;
#3301 = ORIENTED_EDGE ( 'NONE', *, *, #1679, .F. ) ;
#3302 = ADVANCED_FACE ( 'NONE', ( #3066 ), #3287, .T. ) ;
#3303 = CARTESIAN_POINT ( 'NONE',  ( 20.50000000000000000, 2.164491730381051252E-15, 0.0000000000000000000 ) ) ;
#3304 = CARTESIAN_POINT ( 'NONE',  ( 25.92022815836235594, 2.093492502277374743E-15, 0.0000000000000000000 ) ) ;
#3305 = ORIENTED_EDGE ( 'NONE', *, *, #2742, .F. ) ;
#3306 = ORIENTED_EDGE ( 'NONE', *, *, #3354, .T. ) ;
#3307 = CARTESIAN_POINT ( 'NONE',  ( 13.92022815836235239, -4.999999999999998224, 0.0000000000000000000 ) ) ;
#3308 = DIRECTION ( 'NONE',  ( 0.0000000000000000000, -1.000000000000000000, 0.0000000000000000000 ) ) ;
#3309 = ORIENTED_EDGE ( 'NONE', *, *, #2546, .F. ) ;
#3310 = EDGE_CURVE ( 'NONE', #2258, #2336, #3382, .T. ) ;
#3311 = EDGE_LOOP ( 'NONE', ( #2657, #3601, #3857, #2240, #2665 ) ) ;
#3312 = CARTESIAN_POINT ( 'NONE',  ( 16.00000000000000000, -4.172000000000000597, 5.616230220889765396E-16 ) ) ;
#3313 = ORIENTED_EDGE ( 'NONE', *, *, #383, .T. ) ;
#3314 = VERTEX_POINT ( 'NONE', #2513 ) ;
#3315 = CARTESIAN_POINT ( 'NONE',  ( 10.00000000000000178, 0.0000000000000000000, 0.0000000000000000000 ) ) ;
#3316 = CARTESIAN_POINT ( 'NONE',  ( 34.00000000000000000, 2.164491730381051252E-15, 0.0000000000000000000 ) ) ;
#3317 = AXIS2_PLACEMENT_3D ( 'NONE', #2262, #1570, #3966 ) ;
#3318 = DIRECTION ( 'NONE',  ( -1.000000000000000000, -1.224606353822377258E-16, -0.0000000000000000000 ) ) ;
#3319 = EDGE_CURVE ( 'NONE', #2124, #2998, #97, .T. ) ;
#3320 = ORIENTED_EDGE ( 'NONE', *, *, #2461, .F. ) ;
#3321 = ADVANCED_FACE ( 'NONE', ( #3737 ), #335, .T. ) ;
#3322 = DIRECTION ( 'NONE',  ( -1.000000000000000000, -1.224606353822377258E-16, -0.0000000000000000000 ) ) ;
#3323 = DIRECTION ( 'NONE',  ( 0.0000000000000000000, -1.000000000000000000, 0.0000000000000000000 ) ) ;
#3324 = EDGE_CURVE ( 'NONE', #1477, #2124, #2269, .T. ) ;
#3325 = ORIENTED_EDGE ( 'NONE', *, *, #334, .T. ) ;
#3326 = ORIENTED_EDGE ( 'NONE', *, *, #3680, .T. ) ;
#3327 = DIRECTION ( 'NONE',  ( -1.000000000000000000, -1.224606353822377258E-16, -0.0000000000000000000 ) ) ;
#3328 = DIRECTION ( 'NONE',  ( -1.000000000000000000, -0.0000000000000000000, -0.0000000000000000000 ) ) ;
#3329 = FACE_OUTER_BOUND ( 'NONE', #3532, .T. ) ;
#3330 = ORIENTED_EDGE ( 'NONE', *, *, #3097, .T. ) ;
#3331 = EDGE_CURVE ( 'NONE', #577, #3615, #1881, .T. ) ;
#3332 = DIRECTION ( 'NONE',  ( -1.000000000000000000, -1.224606353822377258E-16, -0.0000000000000000000 ) ) ;
#3333 = LINE ( 'NONE', #1018, #3858 ) ;
#3334 = ADVANCED_FACE ( 'NONE', ( #3513 ), #1985, .T. ) ;
#3335 = DIRECTION ( 'NONE',  ( 0.0000000000000000000, 0.0000000000000000000, 1.000000000000000000 ) ) ;
#3336 = ADVANCED_FACE ( 'NONE', ( #1671 ), #3979, .F. ) ;
#3337 = ORIENTED_EDGE ( 'NONE', *, *, #1951, .T. ) ;
#3338 = CARTESIAN_POINT ( 'NONE',  ( 18.07977184163764406, 2.235490958484726972E-15, 0.0000000000000000000 ) ) ;
#3339 = ORIENTED_EDGE ( 'NONE', *, *, #2163, .F. ) ;
#3340 = CARTESIAN_POINT ( 'NONE',  ( 0.0000000000000000000, 4.685197434473814759, -1.474514954580286030E-14 ) ) ;
#3341 = EDGE_CURVE ( 'NONE', #1608, #2522, #3462, .T. ) ;
#3342 = EDGE_LOOP ( 'NONE', ( #1401, #385, #401, #403, #417 ) ) ;
#3343 = ORIENTED_EDGE ( 'NONE', *, *, #362, .T. ) ;
#3344 = CARTESIAN_POINT ( 'NONE',  ( 5.000000000000000000, 4.685197434473814759, -1.474514954580286030E-14 ) ) ;
#3345 = CARTESIAN_POINT ( 'NONE',  ( 31.57977184163764051, 2.235490958484726972E-15, 0.0000000000000000000 ) ) ;
#3346 = DIRECTION ( 'NONE',  ( -1.000000000000000000, -0.0000000000000000000, -0.0000000000000000000 ) ) ;
#3347 = AXIS2_PLACEMENT_3D ( 'NONE', #3096, #3895, #3623 ) ;
#3348 = ORIENTED_EDGE ( 'NONE', *, *, #3838, .F. ) ;
#3349 = VECTOR ( 'NONE', #4008, 999.9999999999998863 ) ;
#3350 = CARTESIAN_POINT ( 'NONE',  ( 30.42022815836235239, 6.123233995736451724E-16, -5.000000000000000888 ) ) ;
#3351 = DIRECTION ( 'NONE',  ( -0.5735764363510521546, -0.8191520442889875797, 0.0000000000000000000 ) ) ;
#3352 = DIRECTION ( 'NONE',  ( 1.000000000000000000, 1.224606353822377258E-16, 0.0000000000000000000 ) ) ;
#3353 = DIRECTION ( 'NONE',  ( 0.0000000000000000000, -1.000000000000000000, 0.0000000000000000000 ) ) ;
#3354 = EDGE_CURVE ( 'NONE', #2522, #3465, #3117, .T. ) ;
#3355 = CARTESIAN_POINT ( 'NONE',  ( 13.92022815836235239, 2.093492502277374743E-15, 0.0000000000000000000 ) ) ;
#3356 = CIRCLE ( 'NONE', #657, 5.000000000000002665 ) ;
#3357 = ORIENTED_EDGE ( 'NONE', *, *, #2731, .T. ) ;
#3358 = EDGE_LOOP ( 'NONE', ( #352, #1427, #1858, #3400, #100 ) ) ;
#3359 = EDGE_CURVE ( 'NONE', #3465, #433, #1627, .T. ) ;
#3360 = ORIENTED_EDGE ( 'NONE', *, *, #2427, .T. ) ;
#3361 = CARTESIAN_POINT ( 'NONE',  ( 15.42022815836235239, 5.000000000000003553, 6.123233995736768255E-16 ) ) ;
#3362 = CARTESIAN_POINT ( 'NONE',  ( 36.07977184163764406, 2.235490958484726972E-15, 0.0000000000000000000 ) ) ;
#3363 = CARTESIAN_POINT ( 'NONE',  ( 39.07977184163764406, 5.000000000000004441, 0.0000000000000000000 ) ) ;
#3364 = EDGE_CURVE ( 'NONE', #2225, #3406, #2799, .T. ) ;
#3365 = CARTESIAN_POINT ( 'NONE',  ( 24.42022815836235239, 5.000000000000003553, 6.123233995736768255E-16 ) ) ;
#3366 = EDGE_CURVE ( 'NONE', #2587, #2979, #1318, .T. ) ;
#3367 = DIRECTION ( 'NONE',  ( 0.0000000000000000000, 0.8660254037844380415, -0.5000000000000012212 ) ) ;
#3368 = EDGE_CURVE ( 'NONE', #3615, #1733, #1774, .T. ) ;
#3369 = DIRECTION ( 'NONE',  ( -1.000000000000000000, -1.224606353822377258E-16, -0.0000000000000000000 ) ) ;
#3370 = CARTESIAN_POINT ( 'NONE',  ( 28.92022815836234884, -4.999999999999998224, 0.0000000000000000000 ) ) ;
#3371 = DIRECTION ( 'NONE',  ( 0.0000000000000000000, 0.4999999999999986677, -0.8660254037844392627 ) ) ;
#3372 = CARTESIAN_POINT ( 'NONE',  ( 1.500000000000001332, 9.797174393178825657E-16, -8.000000000000000000 ) ) ;
#3373 = ORIENTED_EDGE ( 'NONE', *, *, #2317, .T. ) ;
#3374 = CARTESIAN_POINT ( 'NONE',  ( -31.74999999999995737, 6.123233995736674577E-16, -4.999999999999925393 ) ) ;
#3375 = ORIENTED_EDGE ( 'NONE', *, *, #531, .T. ) ;
#3376 = DIRECTION ( 'NONE',  ( 1.000000000000000000, 1.224606353822377258E-16, 0.0000000000000000000 ) ) ;
#3377 = DIRECTION ( 'NONE',  ( 0.0000000000000000000, 0.0000000000000000000, 1.000000000000000000 ) ) ;
#3378 = DIRECTION ( 'NONE',  ( 0.0000000000000000000, 0.0000000000000000000, -1.000000000000000000 ) ) ;
#3379 = VECTOR ( 'NONE', #3945, 999.9999999999998863 ) ;
#3380 = VERTEX_POINT ( 'NONE', #2129 ) ;
#3381 = DIRECTION ( 'NONE',  ( 0.0000000000000000000, -1.000000000000000000, 0.0000000000000000000 ) ) ;
#3382 = CIRCLE ( 'NONE', #1020, 5.000000000000000888 ) ;
#3383 = CARTESIAN_POINT ( 'NONE',  ( 15.42022815836235239, 2.093492502277374743E-15, 0.0000000000000000000 ) ) ;
#3384 = CIRCLE ( 'NONE', #216, 6.500000000000000888 ) ;
#3385 = EDGE_LOOP ( 'NONE', ( #1312, #1231, #604, #3825, #2899 ) ) ;
#3386 = ORIENTED_EDGE ( 'NONE', *, *, #2444, .T. ) ;
#3387 = VERTEX_POINT ( 'NONE', #3754 ) ;
#3388 = FACE_OUTER_BOUND ( 'NONE', #3926, .T. ) ;
#3389 = EDGE_LOOP ( 'NONE', ( #3305, #2984, #3452, #3094, #1210 ) ) ;
#3390 = DIRECTION ( 'NONE',  ( -1.000000000000000000, -1.224606353822377258E-16, -0.0000000000000000000 ) ) ;
#3391 = EDGE_CURVE ( 'NONE', #895, #1733, #1225, .T. ) ;
#3392 = EDGE_CURVE ( 'NONE', #2651, #895, #3774, .T. ) ;
#3393 = ADVANCED_FACE ( 'NONE', ( #1124 ), #701, .T. ) ;
#3394 = ORIENTED_EDGE ( 'NONE', *, *, #2788, .F. ) ;
#3395 = ORIENTED_EDGE ( 'NONE', *, *, #3280, .T. ) ;
#3396 = DIRECTION ( 'NONE',  ( 0.0000000000000000000, 1.000000000000000000, 0.0000000000000000000 ) ) ;
#3397 = CARTESIAN_POINT ( 'NONE',  ( -31.74999999999995737, 0.0000000000000000000, 4.999999999999925393 ) ) ;
#3398 = DIRECTION ( 'NONE',  ( 0.0000000000000000000, -1.000000000000000000, 0.0000000000000000000 ) ) ;
#3399 = CARTESIAN_POINT ( 'NONE',  ( 31.00000000000000000, 2.164491730381051252E-15, 0.0000000000000000000 ) ) ;
#3400 = ORIENTED_EDGE ( 'NONE', *, *, #2514, .T. ) ;
#3401 = DIRECTION ( 'NONE',  ( -1.000000000000000000, -1.224606353822377258E-16, -0.0000000000000000000 ) ) ;
#3402 = CARTESIAN_POINT ( 'NONE',  ( -31.74999999999995737, 6.123233995736674577E-16, -4.999999999999925393 ) ) ;
#3403 =( NAMED_UNIT ( * ) PLANE_ANGLE_UNIT ( ) SI_UNIT ( $, .RADIAN. ) );
#3404 = VERTEX_POINT ( 'NONE', #3876 ) ;
#3405 = DIRECTION ( 'NONE',  ( -1.000000000000000000, -1.224606353822377258E-16, -0.0000000000000000000 ) ) ;
#3406 = VERTEX_POINT ( 'NONE', #1190 ) ;
#3407 = DIRECTION ( 'NONE',  ( 0.0000000000000000000, -1.000000000000000000, 0.0000000000000000000 ) ) ;
#3408 = ADVANCED_FACE ( 'NONE', ( #2744 ), #1782, .T. ) ;
#3409 = CARTESIAN_POINT ( 'NONE',  ( -31.74999999999995737, 0.0000000000000000000, 4.999999999999925393 ) ) ;
#3410 = VERTEX_POINT ( 'NONE', #3960 ) ;
#3411 = EDGE_LOOP ( 'NONE', ( #321, #1945, #252, #348, #1271, #1287 ) ) ;
#3412 = DIRECTION ( 'NONE',  ( -1.000000000000000000, -1.224606353822377258E-16, -0.0000000000000000000 ) ) ;
#3413 = DIRECTION ( 'NONE',  ( -1.000000000000000000, -1.224606353822377258E-16, -0.0000000000000000000 ) ) ;
#3414 = VERTEX_POINT ( 'NONE', #3988 ) ;
#3415 = DIRECTION ( 'NONE',  ( 0.0000000000000000000, -1.000000000000000000, 0.0000000000000000000 ) ) ;
#3416 = CARTESIAN_POINT ( 'NONE',  ( 14.50000000000000000, 2.164491730381051252E-15, 0.0000000000000000000 ) ) ;
#3417 = ORIENTED_EDGE ( 'NONE', *, *, #1788, .F. ) ;
#3418 = EDGE_CURVE ( 'NONE', #577, #2651, #630, .T. ) ;
#3419 = DIRECTION ( 'NONE',  ( 0.0000000000000000000, -1.000000000000000000, 0.0000000000000000000 ) ) ;
#3420 = CONICAL_SURFACE ( 'NONE', #1876, 5.000000000000002665, 0.9599310885968803664 ) ;
#3421 = CIRCLE ( 'NONE', #1645, 5.000000000000002665 ) ;
#3422 = CARTESIAN_POINT ( 'NONE',  ( 19.92022815836235239, -4.999999999999998224, 0.0000000000000000000 ) ) ;
#3423 = CARTESIAN_POINT ( 'NONE',  ( 24.07977184163764051, 2.235490958484726972E-15, 0.0000000000000000000 ) ) ;
#3424 = DIRECTION ( 'NONE',  ( 0.0000000000000000000, -1.000000000000000000, 0.0000000000000000000 ) ) ;
#3425 = AXIS2_PLACEMENT_3D ( 'NONE', #2092, #1769, #2796 ) ;
#3426 = LINE ( 'NONE', #1476, #3111 ) ;
#3427 = ORIENTED_EDGE ( 'NONE', *, *, #3136, .F. ) ;
#3428 = VECTOR ( 'NONE', #575, 999.9999999999998863 ) ;
#3429 = CARTESIAN_POINT ( 'NONE',  ( -31.74999999999995737, 6.123233995736674577E-16, -4.999999999999925393 ) ) ;
#3430 = ORIENTED_EDGE ( 'NONE', *, *, #2702, .T. ) ;
#3431 = ORIENTED_EDGE ( 'NONE', *, *, #2637, .T. ) ;
#3432 = CARTESIAN_POINT ( 'NONE',  ( 37.00000000000000000, 2.164491730381051252E-15, 0.0000000000000000000 ) ) ;
#3433 = CARTESIAN_POINT ( 'NONE',  ( 24.07977184163764051, 2.235490958484726972E-15, 0.0000000000000000000 ) ) ;
#3434 = ORIENTED_EDGE ( 'NONE', *, *, #991, .T. ) ;
#3435 = DIRECTION ( 'NONE',  ( 0.0000000000000000000, -1.000000000000000000, 0.0000000000000000000 ) ) ;
#3436 = CARTESIAN_POINT ( 'NONE',  ( -31.74999999999995737, 0.0000000000000000000, 0.0000000000000000000 ) ) ;
#3437 = DIRECTION ( 'NONE',  ( 0.0000000000000000000, 1.000000000000000000, 0.0000000000000000000 ) ) ;
#3438 = ORIENTED_EDGE ( 'NONE', *, *, #275, .T. ) ;
#3439 = CARTESIAN_POINT ( 'NONE',  ( 22.92022815836235239, -4.999999999999998224, 0.0000000000000000000 ) ) ;
#3440 = CARTESIAN_POINT ( 'NONE',  ( 30.07977184163764051, -5.000000000000000888, 6.123233995736771213E-16 ) ) ;
#3441 = AXIS2_PLACEMENT_3D ( 'NONE', #1258, #2636, #261 ) ;
#3442 = ORIENTED_EDGE ( 'NONE', *, *, #2457, .F. ) ;
#3443 = ORIENTED_EDGE ( 'NONE', *, *, #1193, .F. ) ;
#3444 = PLANE ( 'NONE',  #896 ) ;
#3445 = CARTESIAN_POINT ( 'NONE',  ( 18.07977184163764406, 2.235490958484726972E-15, 0.0000000000000000000 ) ) ;
#3446 = DIRECTION ( 'NONE',  ( 0.0000000000000000000, -1.000000000000000000, 0.0000000000000000000 ) ) ;
#3447 = DIRECTION ( 'NONE',  ( -1.000000000000000000, -0.0000000000000000000, -0.0000000000000000000 ) ) ;
#3448 = ORIENTED_EDGE ( 'NONE', *, *, #2220, .T. ) ;
#3449 = CARTESIAN_POINT ( 'NONE',  ( 25.92022815836235594, -4.999999999999998224, 0.0000000000000000000 ) ) ;
#3450 = CARTESIAN_POINT ( 'NONE',  ( 34.00000000000000000, 4.172000000000004150, 5.109226446042759579E-16 ) ) ;
#3451 = ORIENTED_EDGE ( 'NONE', *, *, #2019, .T. ) ;
#3452 = ORIENTED_EDGE ( 'NONE', *, *, #3068, .T. ) ;
#3453 = EDGE_LOOP ( 'NONE', ( #3913, #3847, #3746, #3241, #3572, #3749 ) ) ;
#3454 = ORIENTED_EDGE ( 'NONE', *, *, #1487, .F. ) ;
#3455 = DIRECTION ( 'NONE',  ( 0.5735764363510470476, -0.8191520442889911324, 1.003171929053524007E-16 ) ) ;
#3456 = ORIENTED_EDGE ( 'NONE', *, *, #3770, .F. ) ;
#3457 = CIRCLE ( 'NONE', #140, 5.000000000000000888 ) ;
#3458 = ORIENTED_EDGE ( 'NONE', *, *, #2056, .T. ) ;
#3459 = DIRECTION ( 'NONE',  ( -0.5735764363510524877, 0.8191520442889874687, 1.003171929053519570E-16 ) ) ;
#3460 = ORIENTED_EDGE ( 'NONE', *, *, #3364, .T. ) ;
#3461 = DIRECTION ( 'NONE',  ( -1.000000000000000000, -1.224606353822377258E-16, -0.0000000000000000000 ) ) ;
#3462 = CIRCLE ( 'NONE', #1722, 4.057500000000000107 ) ;
#3463 = ADVANCED_FACE ( 'NONE', ( #310 ), #2997, .T. ) ;
#3464 = CARTESIAN_POINT ( 'NONE',  ( 10.40000000000000036, 0.0000000000000000000, 4.999999999999925393 ) ) ;
#3465 = VERTEX_POINT ( 'NONE', #3952 ) ;
#3466 = AXIS2_PLACEMENT_3D ( 'NONE', #431, #3777, #1478 ) ;
#3467 = EDGE_LOOP ( 'NONE', ( #2478, #2376 ) ) ;
#3468 = LINE ( 'NONE', #36, #3565 ) ;
#3469 = EDGE_LOOP ( 'NONE', ( #3562, #2323, #2675, #3553, #3214, #3821 ) ) ;
#3470 = DIRECTION ( 'NONE',  ( 0.5735764363510470476, -0.8191520442889911324, 1.003171929053524007E-16 ) ) ;
#3471 = CARTESIAN_POINT ( 'NONE',  ( 22.57977184163764051, 2.235490958484726972E-15, 0.0000000000000000000 ) ) ;
#3472 = ORIENTED_EDGE ( 'NONE', *, *, #1089, .F. ) ;
#3473 = EDGE_CURVE ( 'NONE', #3278, #3489, #1323, .T. ) ;
#3474 = LINE ( 'NONE', #3402, #3867 ) ;
#3475 = ORIENTED_EDGE ( 'NONE', *, *, #283, .T. ) ;
#3476 = DIRECTION ( 'NONE',  ( 0.0000000000000000000, -1.000000000000000000, 0.0000000000000000000 ) ) ;
#3477 = DIRECTION ( 'NONE',  ( -1.000000000000000000, -0.0000000000000000000, -0.0000000000000000000 ) ) ;
#3478 = CIRCLE ( 'NONE', #1508, 5.000000000000002665 ) ;
#3479 = CARTESIAN_POINT ( 'NONE',  ( 28.57977184163764051, 2.235490958484726972E-15, 0.0000000000000000000 ) ) ;
#3480 = CARTESIAN_POINT ( 'NONE',  ( 10.40000000000000036, 6.613092715395615762E-16, 5.399999999999925748 ) ) ;
#3481 = ORIENTED_EDGE ( 'NONE', *, *, #491, .T. ) ;
#3482 = ORIENTED_EDGE ( 'NONE', *, *, #2469, .T. ) ;
#3483 = UNCERTAINTY_MEASURE_WITH_UNIT (LENGTH_MEASURE( 1.000000000000000082E-05 ), #1835, 'distance_accuracy_value', 'NONE');
#3484 = CYLINDRICAL_SURFACE ( 'NONE', #1432, 4.999999999999925393 ) ;
#3485 = DIRECTION ( 'NONE',  ( 0.0000000000000000000, -1.000000000000000000, 0.0000000000000000000 ) ) ;
#3486 = DIRECTION ( 'NONE',  ( -1.000000000000000000, -0.0000000000000000000, -0.0000000000000000000 ) ) ;
#3487 = AXIS2_PLACEMENT_3D ( 'NONE', #3026, #3833, #3506 ) ;
#3488 = EDGE_LOOP ( 'NONE', ( #172, #2865, #2200, #1447, #290 ) ) ;
#3489 = VERTEX_POINT ( 'NONE', #3544 ) ;
#3490 = DIRECTION ( 'NONE',  ( -1.000000000000000000, -0.0000000000000000000, -0.0000000000000000000 ) ) ;
#3491 = EDGE_LOOP ( 'NONE', ( #3217, #3430, #3231, #9, #328 ) ) ;
#3492 = CARTESIAN_POINT ( 'NONE',  ( 37.00000000000000000, 2.164491730381051252E-15, 0.0000000000000000000 ) ) ;
#3493 = DIRECTION ( 'NONE',  ( 0.0000000000000000000, -1.000000000000000000, 0.0000000000000000000 ) ) ;
#3494 = EDGE_CURVE ( 'NONE', #4012, #2400, #2237, .T. ) ;
#3495 = DIRECTION ( 'NONE',  ( -1.000000000000000000, -1.224606353822377258E-16, -0.0000000000000000000 ) ) ;
#3496 = EDGE_CURVE ( 'NONE', #577, #409, #3883, .T. ) ;
#3497 = CARTESIAN_POINT ( 'NONE',  ( 31.57977184163764051, 5.000000000000004441, 0.0000000000000000000 ) ) ;
#3498 = CARTESIAN_POINT ( 'NONE',  ( 22.00000000000000000, 2.164491730381051252E-15, 0.0000000000000000000 ) ) ;
#3499 = EDGE_CURVE ( 'NONE', #3188, #2310, #1001, .T. ) ;
#3500 = ADVANCED_FACE ( 'NONE', ( #759 ), #3695, .T. ) ;
#3501 = VERTEX_POINT ( 'NONE', #2993 ) ;
#3502 = DIRECTION ( 'NONE',  ( 0.0000000000000000000, 0.0000000000000000000, 1.000000000000000000 ) ) ;
#3503 = ORIENTED_EDGE ( 'NONE', *, *, #2492, .F. ) ;
#3504 = CARTESIAN_POINT ( 'NONE',  ( 28.92022815836234884, 2.093492502277374743E-15, 0.0000000000000000000 ) ) ;
#3505 = CARTESIAN_POINT ( 'NONE',  ( 14.50000000000000000, -4.172000000000000597, 0.0000000000000000000 ) ) ;
#3506 = DIRECTION ( 'NONE',  ( 0.0000000000000000000, -1.000000000000000000, 0.0000000000000000000 ) ) ;
#3507 = EDGE_LOOP ( 'NONE', ( #1165, #1338, #3482, #1254, #3394, #3442 ) ) ;
#3508 = ADVANCED_FACE ( 'NONE', ( #2686 ), #636, .T. ) ;
#3509 = DIRECTION ( 'NONE',  ( -1.000000000000000000, -0.0000000000000000000, -0.0000000000000000000 ) ) ;
#3510 = ORIENTED_EDGE ( 'NONE', *, *, #3499, .T. ) ;
#3511 = EDGE_LOOP ( 'NONE', ( #3357, #3386, #3282, #3309, #3213 ) ) ;
#3512 = EDGE_CURVE ( 'NONE', #409, #2124, #789, .T. ) ;
#3513 = FACE_OUTER_BOUND ( 'NONE', #117, .T. ) ;
#3514 = ORIENTED_EDGE ( 'NONE', *, *, #3196, .T. ) ;
#3515 = LINE ( 'NONE', #1266, #1170 ) ;
#3516 = AXIS2_PLACEMENT_3D ( 'NONE', #2582, #3624, #2974 ) ;
#3517 = CARTESIAN_POINT ( 'NONE',  ( 5.000000000000000000, 5.258101095580046847E-15, 4.057499999999992113 ) ) ;
#3518 = AXIS2_PLACEMENT_3D ( 'NONE', #703, #1597, #2783 ) ;
#3519 = EDGE_LOOP ( 'NONE', ( #1779, #3776, #2811, #1900, #3701 ) ) ;
#3520 = DIRECTION ( 'NONE',  ( 0.0000000000000000000, -1.000000000000000000, 0.0000000000000000000 ) ) ;
#3521 = ORIENTED_EDGE ( 'NONE', *, *, #3196, .F. ) ;
#3522 = CARTESIAN_POINT ( 'NONE',  ( 37.00000000000000000, -4.172000000000000597, 0.0000000000000000000 ) ) ;
#3523 = DIRECTION ( 'NONE',  ( 0.0000000000000000000, -1.000000000000000000, 0.0000000000000000000 ) ) ;
#3524 = DIRECTION ( 'NONE',  ( -0.5735764363510521546, -0.8191520442889875797, 0.0000000000000000000 ) ) ;
#3525 = ORIENTED_EDGE ( 'NONE', *, *, #3770, .T. ) ;
#3526 = VERTEX_POINT ( 'NONE', #1421 ) ;
#3527 = LINE ( 'NONE', #1197, #3294 ) ;
#3528 = ORIENTED_EDGE ( 'NONE', *, *, #725, .F. ) ;
#3529 = EDGE_LOOP ( 'NONE', ( #3174, #2879, #3251, #3992, #2346 ) ) ;
#3530 = CARTESIAN_POINT ( 'NONE',  ( -31.74999999999995737, 0.0000000000000000000, 0.0000000000000000000 ) ) ;
#3531 = AXIS2_PLACEMENT_3D ( 'NONE', #2567, #2842, #2532 ) ;
#3532 = EDGE_LOOP ( 'NONE', ( #3757, #726, #3663, #1758, #2642 ) ) ;
#3533 = CARTESIAN_POINT ( 'NONE',  ( 37.57977184163763695, 2.235490958484726972E-15, 0.0000000000000000000 ) ) ;
#3534 = DIRECTION ( 'NONE',  ( -1.000000000000000000, -0.0000000000000000000, -0.0000000000000000000 ) ) ;
#3535 = VERTEX_POINT ( 'NONE', #305 ) ;
#3536 = DIRECTION ( 'NONE',  ( -1.000000000000000000, -1.224606353822377258E-16, -0.0000000000000000000 ) ) ;
#3537 = CARTESIAN_POINT ( 'NONE',  ( 30.07977184163764051, -5.000000000000000000, 6.123233995736770227E-16 ) ) ;
#3538 = AXIS2_PLACEMENT_3D ( 'NONE', #1958, #3181, #2212 ) ;
#3539 = AXIS2_PLACEMENT_3D ( 'NONE', #689, #749, #3415 ) ;
#3540 = CARTESIAN_POINT ( 'NONE',  ( 5.000000000000000000, -4.685197434473812095, -2.602085213965210642E-15 ) ) ;
#3541 = DIRECTION ( 'NONE',  ( -0.5735764363510521546, -0.8191520442889875797, 0.0000000000000000000 ) ) ;
#3542 = AXIS2_PLACEMENT_3D ( 'NONE', #1066, #375, #842 ) ;
#3543 = ORIENTED_EDGE ( 'NONE', *, *, #3745, .T. ) ;
#3544 = CARTESIAN_POINT ( 'NONE',  ( 15.42022815836235239, -4.999999999999998224, 0.0000000000000000000 ) ) ;
#3545 = CARTESIAN_POINT ( 'NONE',  ( -31.74999999999995737, 0.0000000000000000000, 0.0000000000000000000 ) ) ;
#3546 = DIRECTION ( 'NONE',  ( 0.0000000000000000000, 0.0000000000000000000, 1.000000000000000000 ) ) ;
#3547 = DIRECTION ( 'NONE',  ( -0.5000000000000034417, 1.060575238724904696E-16, -0.8660254037844367092 ) ) ;
#3548 = ORIENTED_EDGE ( 'NONE', *, *, #4042, .F. ) ;
#3549 = DIRECTION ( 'NONE',  ( 0.0000000000000000000, -1.000000000000000000, 0.0000000000000000000 ) ) ;
#3550 = DIRECTION ( 'NONE',  ( 1.000000000000000000, 1.224606353822377258E-16, 0.0000000000000000000 ) ) ;
#3551 = VERTEX_POINT ( 'NONE', #3363 ) ;
#3552 = DIRECTION ( 'NONE',  ( -1.000000000000000000, -1.224606353822377258E-16, -0.0000000000000000000 ) ) ;
#3553 = ORIENTED_EDGE ( 'NONE', *, *, #799, .T. ) ;
#3554 = CARTESIAN_POINT ( 'NONE',  ( -31.74999999999995737, 0.0000000000000000000, 0.0000000000000000000 ) ) ;
#3555 = EDGE_CURVE ( 'NONE', #2685, #2812, #2324, .T. ) ;
#3556 = ORIENTED_EDGE ( 'NONE', *, *, #322, .F. ) ;
#3557 = DIRECTION ( 'NONE',  ( -1.000000000000000000, -0.0000000000000000000, -0.0000000000000000000 ) ) ;
#3558 = DIRECTION ( 'NONE',  ( 0.0000000000000000000, -1.000000000000000000, 0.0000000000000000000 ) ) ;
#3559 = CIRCLE ( 'NONE', #1289, 5.000000000000000888 ) ;
#3560 = ORIENTED_EDGE ( 'NONE', *, *, #2296, .F. ) ;
#3561 = CONICAL_SURFACE ( 'NONE', #70, 4.172000000000002373, 0.9599310885968737050 ) ;
#3562 = ORIENTED_EDGE ( 'NONE', *, *, #926, .F. ) ;
#3563 = EDGE_CURVE ( 'NONE', #1280, #1704, #3841, .T. ) ;
#3564 = VERTEX_POINT ( 'NONE', #2319 ) ;
#3565 = VECTOR ( 'NONE', #3657, 1000.000000000000114 ) ;
#3566 = EDGE_LOOP ( 'NONE', ( #24, #168, #1763, #1846, #3235, #1189 ) ) ;
#3567 = EDGE_LOOP ( 'NONE', ( #2192, #3944, #2598, #3218, #2274 ) ) ;
#3568 = EDGE_CURVE ( 'NONE', #779, #2327, #1531, .T. ) ;
#3569 = EDGE_LOOP ( 'NONE', ( #1492, #1372, #1822, #2670, #1802 ) ) ;
#3570 = DIRECTION ( 'NONE',  ( -1.000000000000000000, -1.224606353822377258E-16, -0.0000000000000000000 ) ) ;
#3571 = DIRECTION ( 'NONE',  ( -1.000000000000000000, -0.0000000000000000000, -0.0000000000000000000 ) ) ;
#3572 = ORIENTED_EDGE ( 'NONE', *, *, #3933, .F. ) ;
#3573 = CARTESIAN_POINT ( 'NONE',  ( 28.57977184163764051, -5.000000000000000000, 6.123233995736770227E-16 ) ) ;
#3574 = DIRECTION ( 'NONE',  ( 0.0000000000000000000, 0.0000000000000000000, 1.000000000000000000 ) ) ;
#3575 = ORIENTED_EDGE ( 'NONE', *, *, #3067, .F. ) ;
#3576 = CARTESIAN_POINT ( 'NONE',  ( -31.74999999999995737, 0.0000000000000000000, 0.0000000000000000000 ) ) ;
#3577 = CLOSED_SHELL ( 'NONE', ( #3212, #3704, #1158, #1365, #1746, #3829, #1998, #1849, #1734, #2537, #2618, #1818, #1098, #3053, #3707, #1093, #1242, #79, #53, #2890, #1790, #3224, #1753, #3393, #81, #3894, #1133, #2552, #2218, #1464, #3910, #218, #1926, #196, #628, #649, #977, #324, #3334, #3767, #3463, #3408, #1500, #3070, #210, #247, #1144, #2949, #1827, #981, #3911, #3864, #1232, #2814, #2878, #2204, #1224, #1770, #1903, #2125, #813, #1138, #4011, #1269, #1283, #3865, #2101, #1049, #2418, #3789, #1610, #1525, #1437, #182, #3336, #4044, #2347, #2160, #672, #2737, #2437, #3302, #2840, #762, #1048, #1913, #1843, #1281, #1551, #483, #1054, #796, #1574, #2399, #353, #4023, #2972, #3508, #1004, #2193, #861, #1697, #1150, #2074, #3062, #3180, #1642, #2311, #2491, #3500, #2302, #251, #3321, #1493, #3834, #3968, #667, #1964, #502, #1027, #3130, #3274, #1171, #563, #2684, #1764, #714, #3672, #2829 ) ) ;
#3578 = ORIENTED_EDGE ( 'NONE', *, *, #283, .F. ) ;
#3579 = DIRECTION ( 'NONE',  ( 0.0000000000000000000, 0.0000000000000000000, 1.000000000000000000 ) ) ;
#3580 = DIRECTION ( 'NONE',  ( -1.000000000000000000, -1.224606353822377258E-16, -0.0000000000000000000 ) ) ;
#3581 = VECTOR ( 'NONE', #3351, 1000.000000000000000 ) ;
#3582 = VERTEX_POINT ( 'NONE', #2114 ) ;
#3583 = EDGE_CURVE ( 'NONE', #1649, #687, #840, .T. ) ;
#3584 = EDGE_CURVE ( 'NONE', #1795, #2265, #1967, .T. ) ;
#3585 = EDGE_LOOP ( 'NONE', ( #3938, #3942, #4015, #458, #1 ) ) ;
#3586 = DIRECTION ( 'NONE',  ( 0.0000000000000000000, -0.5000000000000011102, -0.8660254037844379305 ) ) ;
#3587 = CARTESIAN_POINT ( 'NONE',  ( 10.00000000000000178, 9.797174393178825657E-16, -8.000000000000000000 ) ) ;
#3588 = ORIENTED_EDGE ( 'NONE', *, *, #2308, .T. ) ;
#3589 = DIRECTION ( 'NONE',  ( 0.0000000000000000000, -1.000000000000000000, 0.0000000000000000000 ) ) ;
#3590 = ORIENTED_EDGE ( 'NONE', *, *, #3820, .F. ) ;
#3591 = CARTESIAN_POINT ( 'NONE',  ( 34.57977184163764406, -3.466673899897024536E-29, 5.000000000000003553 ) ) ;
#3592 = LINE ( 'NONE', #84, #496 ) ;
#3593 = VECTOR ( 'NONE', #312, 999.9999999999998863 ) ;
#3594 = VECTOR ( 'NONE', #3168, 1000.000000000000000 ) ;
#3595 = EDGE_LOOP ( 'NONE', ( #207, #211, #195, #222, #244, #230 ) ) ;
#3596 = CARTESIAN_POINT ( 'NONE',  ( 22.00000000000000000, 2.164491730381051252E-15, 0.0000000000000000000 ) ) ;
#3597 = EDGE_CURVE ( 'NONE', #3627, #2515, #1304, .T. ) ;
#3598 = VECTOR ( 'NONE', #3187, 1000.000000000000000 ) ;
#3599 = CARTESIAN_POINT ( 'NONE',  ( 20.50000000000000000, -4.172000000000000597, 0.0000000000000000000 ) ) ;
#3600 = VECTOR ( 'NONE', #734, 999.9999999999998863 ) ;
#3601 = ORIENTED_EDGE ( 'NONE', *, *, #3273, .F. ) ;
#3602 = CARTESIAN_POINT ( 'NONE',  ( 21.07977184163764051, 2.235490958484726972E-15, 0.0000000000000000000 ) ) ;
#3603 = EDGE_CURVE ( 'NONE', #3842, #521, #1086, .T. ) ;
#3604 = DIRECTION ( 'NONE',  ( -1.000000000000000000, -0.0000000000000000000, -0.0000000000000000000 ) ) ;
#3605 = ORIENTED_EDGE ( 'NONE', *, *, #1453, .T. ) ;
#3606 = DIRECTION ( 'NONE',  ( 0.0000000000000000000, 0.0000000000000000000, 1.000000000000000000 ) ) ;
#3607 = CIRCLE ( 'NONE', #556, 5.000000000000002665 ) ;
#3608 = ORIENTED_EDGE ( 'NONE', *, *, #984, .F. ) ;
#3609 = CARTESIAN_POINT ( 'NONE',  ( 33.42022815836235594, 2.093492502277374743E-15, 0.0000000000000000000 ) ) ;
#3610 = ORIENTED_EDGE ( 'NONE', *, *, #4002, .F. ) ;
#3611 = CIRCLE ( 'NONE', #1332, 4.172000000000002373 ) ;
#3612 = DIRECTION ( 'NONE',  ( 0.0000000000000000000, -1.000000000000000000, 0.0000000000000000000 ) ) ;
#3613 = CARTESIAN_POINT ( 'NONE',  ( 22.00000000000000000, -4.172000000000000597, 5.616230220889765396E-16 ) ) ;
#3614 = DIRECTION ( 'NONE',  ( -1.000000000000000000, -0.0000000000000000000, -0.0000000000000000000 ) ) ;
#3615 = VERTEX_POINT ( 'NONE', #790 ) ;
#3616 = AXIS2_PLACEMENT_3D ( 'NONE', #3504, #1204, #3520 ) ;
#3617 = CARTESIAN_POINT ( 'NONE',  ( 26.50000000000000355, 2.164491730381051252E-15, 0.0000000000000000000 ) ) ;
#3618 = ORIENTED_EDGE ( 'NONE', *, *, #2301, .F. ) ;
#3619 = VERTEX_POINT ( 'NONE', #1536 ) ;
#3620 = DIRECTION ( 'NONE',  ( 0.0000000000000000000, -1.000000000000000000, 0.0000000000000000000 ) ) ;
#3621 = EDGE_CURVE ( 'NONE', #3615, #2998, #1452, .T. ) ;
#3622 = EDGE_LOOP ( 'NONE', ( #2761, #2502, #3730, #2511, #2396 ) ) ;
#3623 = DIRECTION ( 'NONE',  ( 0.0000000000000000000, -1.000000000000000000, 0.0000000000000000000 ) ) ;
#3624 = DIRECTION ( 'NONE',  ( -1.000000000000000000, -1.224606353822377258E-16, -0.0000000000000000000 ) ) ;
#3625 = ORIENTED_EDGE ( 'NONE', *, *, #3007, .F. ) ;
#3626 = DIRECTION ( 'NONE',  ( -1.000000000000000000, -0.0000000000000000000, -0.0000000000000000000 ) ) ;
#3627 = VERTEX_POINT ( 'NONE', #480 ) ;
#3628 = CARTESIAN_POINT ( 'NONE',  ( 36.07977184163764406, 2.235490958484726972E-15, 0.0000000000000000000 ) ) ;
#3629 = ORIENTED_EDGE ( 'NONE', *, *, #3257, .T. ) ;
#3630 = EDGE_LOOP ( 'NONE', ( #284, #281, #177, #1914, #1768 ) ) ;
#3631 = EDGE_CURVE ( 'NONE', #525, #2938, #775, .T. ) ;
#3632 = EDGE_CURVE ( 'NONE', #2734, #416, #3478, .T. ) ;
#3633 = CARTESIAN_POINT ( 'NONE',  ( 16.92022815836235239, 2.093492502277374743E-15, 0.0000000000000000000 ) ) ;
#3634 = ORIENTED_EDGE ( 'NONE', *, *, #3359, .T. ) ;
#3635 = PLANE ( 'NONE',  #607 ) ;
#3636 = LINE ( 'NONE', #445, #3765 ) ;
#3637 = DIRECTION ( 'NONE',  ( -0.5735764363510521546, -0.8191520442889875797, 0.0000000000000000000 ) ) ;
#3638 = VERTEX_POINT ( 'NONE', #886 ) ;
#3639 = DIRECTION ( 'NONE',  ( -1.000000000000000000, -1.224606353822377258E-16, -0.0000000000000000000 ) ) ;
#3640 = EDGE_CURVE ( 'NONE', #872, #157, #624, .T. ) ;
#3641 = CARTESIAN_POINT ( 'NONE',  ( -31.74999999999995737, 6.123233995736674577E-16, -4.999999999999925393 ) ) ;
#3642 = EDGE_LOOP ( 'NONE', ( #2589, #2305, #1274, #2581, #2411, #2439 ) ) ;
#3643 = CARTESIAN_POINT ( 'NONE',  ( 36.07977184163764406, 2.235490958484726972E-15, 0.0000000000000000000 ) ) ;
#3644 = DIRECTION ( 'NONE',  ( 0.0000000000000000000, 0.0000000000000000000, 1.000000000000000000 ) ) ;
#3645 = AXIS2_PLACEMENT_3D ( 'NONE', #242, #1616, #2409 ) ;
#3646 = EDGE_LOOP ( 'NONE', ( #1118, #1060, #933, #918, #891 ) ) ;
#3647 = CIRCLE ( 'NONE', #122, 5.399999999999925748 ) ;
#3648 = EDGE_LOOP ( 'NONE', ( #2228, #3126, #2943, #3337, #2713, #3930 ) ) ;
#3649 = DIRECTION ( 'NONE',  ( -1.000000000000000000, -1.224606353822377258E-16, -0.0000000000000000000 ) ) ;
#3650 = DIRECTION ( 'NONE',  ( 0.0000000000000000000, -1.000000000000000000, 0.0000000000000000000 ) ) ;
#3651 = CARTESIAN_POINT ( 'NONE',  ( 28.00000000000000000, 4.172000000000004150, 0.0000000000000000000 ) ) ;
#3652 = DIRECTION ( 'NONE',  ( -1.000000000000000000, -1.224606353822377258E-16, -0.0000000000000000000 ) ) ;
#3653 = VECTOR ( 'NONE', #197, 999.9999999999998863 ) ;
#3654 = EDGE_CURVE ( 'NONE', #1582, #3414, #1489, .T. ) ;
#3655 = AXIS2_PLACEMENT_3D ( 'NONE', #2494, #3898, #592 ) ;
#3656 = CARTESIAN_POINT ( 'NONE',  ( 40.00000000000000000, 4.171999999999999709, 0.0000000000000000000 ) ) ;
#3657 = DIRECTION ( 'NONE',  ( -0.0000000000000000000, -0.5000000000000011102, -0.8660254037844380415 ) ) ;
#3658 = ORIENTED_EDGE ( 'NONE', *, *, #449, .T. ) ;
#3659 = EDGE_LOOP ( 'NONE', ( #1738, #1319, #3525, #152, #2698 ) ) ;
#3660 = VERTEX_POINT ( 'NONE', #1419 ) ;
#3661 = VERTEX_POINT ( 'NONE', #876 ) ;
#3662 = EDGE_LOOP ( 'NONE', ( #3028, #3063, #3073, #3084, #3088, #3099 ) ) ;
#3663 = ORIENTED_EDGE ( 'NONE', *, *, #257, .T. ) ;
#3664 = DIRECTION ( 'NONE',  ( -1.000000000000000000, -0.0000000000000000000, -0.0000000000000000000 ) ) ;
#3665 = EDGE_CURVE ( 'NONE', #803, #316, #770, .T. ) ;
#3666 = EDGE_LOOP ( 'NONE', ( #3326, #3132, #3140, #3157, #2729 ) ) ;
#3667 = ORIENTED_EDGE ( 'NONE', *, *, #3555, .F. ) ;
#3668 = CARTESIAN_POINT ( 'NONE',  ( 28.92022815836234884, 6.123233995736451724E-16, -5.000000000000000888 ) ) ;
#3669 = CARTESIAN_POINT ( 'NONE',  ( -31.74999999999995737, 0.0000000000000000000, 0.0000000000000000000 ) ) ;
#3670 = VERTEX_POINT ( 'NONE', #2615 ) ;
#3671 = EDGE_CURVE ( 'NONE', #3582, #3042, #1105, .T. ) ;
#3672 = ADVANCED_FACE ( 'NONE', ( #173 ), #1440, .T. ) ;
#3673 = CARTESIAN_POINT ( 'NONE',  ( 15.42022815836235239, -3.158525108795066799E-29, 5.000000000000000888 ) ) ;
#3674 = ORIENTED_EDGE ( 'NONE', *, *, #3494, .T. ) ;
#3675 = DIRECTION ( 'NONE',  ( 0.0000000000000000000, -1.000000000000000000, 0.0000000000000000000 ) ) ;
#3676 = VERTEX_POINT ( 'NONE', #571 ) ;
#3677 = CARTESIAN_POINT ( 'NONE',  ( -31.74999999999995737, 0.0000000000000000000, 0.0000000000000000000 ) ) ;
#3678 = DIRECTION ( 'NONE',  ( 0.0000000000000000000, -1.000000000000000000, 0.0000000000000000000 ) ) ;
#3679 = EDGE_CURVE ( 'NONE', #2904, #2651, #391, .T. ) ;
#3680 = EDGE_CURVE ( 'NONE', #929, #3794, #671, .T. ) ;
#3681 = DIRECTION ( 'NONE',  ( -1.000000000000000000, -1.224606353822377258E-16, -0.0000000000000000000 ) ) ;
#3682 = CYLINDRICAL_SURFACE ( 'NONE', #518, 4.999999999999925393 ) ;
#3683 = VECTOR ( 'NONE', #3079, 1000.000000000000000 ) ;
#3684 = EDGE_LOOP ( 'NONE', ( #2906, #2958, #2986, #2992, #2995 ) ) ;
#3685 = EDGE_CURVE ( 'NONE', #3794, #2759, #1039, .T. ) ;
#3686 = CARTESIAN_POINT ( 'NONE',  ( 25.57977184163764406, 5.000000000000004441, 0.0000000000000000000 ) ) ;
#3687 = VERTEX_POINT ( 'NONE', #3039 ) ;
#3688 = ORIENTED_EDGE ( 'NONE', *, *, #548, .F. ) ;
#3689 = DIRECTION ( 'NONE',  ( 0.0000000000000000000, 0.0000000000000000000, 1.000000000000000000 ) ) ;
#3690 = LINE ( 'NONE', #2561, #3683 ) ;
#3691 = ORIENTED_EDGE ( 'NONE', *, *, #92, .T. ) ;
#3692 = DIRECTION ( 'NONE',  ( -1.000000000000000000, -1.224606353822377258E-16, -0.0000000000000000000 ) ) ;
#3693 = DIRECTION ( 'NONE',  ( 0.0000000000000000000, 0.0000000000000000000, 1.000000000000000000 ) ) ;
#3694 = CIRCLE ( 'NONE', #58, 8.000000000000000000 ) ;
#3695 = CONICAL_SURFACE ( 'NONE', #1917, 5.000000000000002665, 0.9599310885968803664 ) ;
#3696 = VERTEX_POINT ( 'NONE', #217 ) ;
#3697 = CIRCLE ( 'NONE', #516, 4.172000000000002373 ) ;
#3698 = ORIENTED_EDGE ( 'NONE', *, *, #725, .T. ) ;
#3699 = CARTESIAN_POINT ( 'NONE',  ( 23.50000000000000000, 2.164491730381051252E-15, 0.0000000000000000000 ) ) ;
#3700 = CARTESIAN_POINT ( 'NONE',  ( 31.57977184163764051, -5.000000000000000888, 6.123233995736771213E-16 ) ) ;
#3701 = ORIENTED_EDGE ( 'NONE', *, *, #2946, .F. ) ;
#3702 = ORIENTED_EDGE ( 'NONE', *, *, #2416, .F. ) ;
#3703 = CARTESIAN_POINT ( 'NONE',  ( 39.07977184163764406, 2.235490958484726972E-15, 0.0000000000000000000 ) ) ;
#3704 = ADVANCED_FACE ( 'NONE', ( #1408 ), #2762, .T. ) ;
#3705 = DIRECTION ( 'NONE',  ( 0.0000000000000000000, -1.000000000000000000, 0.0000000000000000000 ) ) ;
#3706 = ORIENTED_EDGE ( 'NONE', *, *, #2454, .F. ) ;
#3707 = ADVANCED_FACE ( 'NONE', ( #72 ), #2818, .T. ) ;
#3708 = CARTESIAN_POINT ( 'NONE',  ( 16.92022815836235239, -4.999999999999998224, 0.0000000000000000000 ) ) ;
#3709 = ORIENTED_EDGE ( 'NONE', *, *, #2688, .T. ) ;
#3710 = VERTEX_POINT ( 'NONE', #360 ) ;
#3711 = ORIENTED_EDGE ( 'NONE', *, *, #3947, .T. ) ;
#3712 = DIRECTION ( 'NONE',  ( 0.0000000000000000000, 0.0000000000000000000, 1.000000000000000000 ) ) ;
#3713 = ORIENTED_EDGE ( 'NONE', *, *, #3816, .F. ) ;
#3714 = CARTESIAN_POINT ( 'NONE',  ( 31.92022815836235239, 2.093492502277374743E-15, 0.0000000000000000000 ) ) ;
#3715 = VECTOR ( 'NONE', #2523, 999.9999999999998863 ) ;
#3716 = CARTESIAN_POINT ( 'NONE',  ( 30.42022815836235239, 2.093492502277374743E-15, 0.0000000000000000000 ) ) ;
#3717 = EDGE_CURVE ( 'NONE', #3615, #577, #3611, .T. ) ;
#3718 = EDGE_LOOP ( 'NONE', ( #165, #2341, #3431, #875, #3120, #71 ) ) ;
#3719 = DIRECTION ( 'NONE',  ( -1.000000000000000000, 0.0000000000000000000, -0.0000000000000000000 ) ) ;
#3720 = AXIS2_PLACEMENT_3D ( 'NONE', #3955, #2939, #2632 ) ;
#3721 = CARTESIAN_POINT ( 'NONE',  ( 27.42022815836235239, 2.093492502277374743E-15, 0.0000000000000000000 ) ) ;
#3722 = DIRECTION ( 'NONE',  ( -1.000000000000000000, -0.0000000000000000000, -0.0000000000000000000 ) ) ;
#3723 = VERTEX_POINT ( 'NONE', #2790 ) ;
#3724 = DIRECTION ( 'NONE',  ( -1.000000000000000000, -1.224606353822377258E-16, -0.0000000000000000000 ) ) ;
#3725 = ORIENTED_EDGE ( 'NONE', *, *, #3906, .F. ) ;
#3726 = CARTESIAN_POINT ( 'NONE',  ( 22.57977184163764051, -3.466673899897024536E-29, 5.000000000000003553 ) ) ;
#3727 = EDGE_CURVE ( 'NONE', #1107, #2759, #568, .T. ) ;
#3728 = DIRECTION ( 'NONE',  ( 0.0000000000000000000, 1.000000000000000000, 0.0000000000000000000 ) ) ;
#3729 = DIRECTION ( 'NONE',  ( -1.000000000000000000, -1.224606353822377258E-16, -0.0000000000000000000 ) ) ;
#3730 = ORIENTED_EDGE ( 'NONE', *, *, #3949, .T. ) ;
#3731 = CARTESIAN_POINT ( 'NONE',  ( 30.42022815836235239, 2.093492502277374743E-15, 0.0000000000000000000 ) ) ;
#3732 = ORIENTED_EDGE ( 'NONE', *, *, #1556, .F. ) ;
#3733 = ORIENTED_EDGE ( 'NONE', *, *, #3884, .T. ) ;
#3734 = CYLINDRICAL_SURFACE ( 'NONE', #1139, 4.999999999999925393 ) ;
#3735 = DIRECTION ( 'NONE',  ( 0.0000000000000000000, 0.0000000000000000000, 1.000000000000000000 ) ) ;
#3736 = EDGE_CURVE ( 'NONE', #3969, #1107, #722, .T. ) ;
#3737 = FACE_OUTER_BOUND ( 'NONE', #2367, .T. ) ;
#3738 = ORIENTED_EDGE ( 'NONE', *, *, #593, .T. ) ;
#3739 = ORIENTED_EDGE ( 'NONE', *, *, #940, .T. ) ;
#3740 = VERTEX_POINT ( 'NONE', #3439 ) ;
#3741 = AXIS2_PLACEMENT_3D ( 'NONE', #3920, #3268, #3612 ) ;
#3742 = DIRECTION ( 'NONE',  ( -1.000000000000000000, -0.0000000000000000000, -0.0000000000000000000 ) ) ;
#3743 = CARTESIAN_POINT ( 'NONE',  ( 37.92022815836234884, 6.123233995736451724E-16, -5.000000000000000888 ) ) ;
#3744 = CARTESIAN_POINT ( 'NONE',  ( 37.57977184163763695, 2.235490958484726972E-15, 0.0000000000000000000 ) ) ;
#3745 = EDGE_CURVE ( 'NONE', #929, #3969, #3194, .T. ) ;
#3746 = ORIENTED_EDGE ( 'NONE', *, *, #3838, .T. ) ;
#3747 = DIRECTION ( 'NONE',  ( 0.0000000000000000000, 1.224646799147353207E-16, 1.000000000000000000 ) ) ;
#3748 = DIRECTION ( 'NONE',  ( 0.0000000000000000000, 0.0000000000000000000, 1.000000000000000000 ) ) ;
#3749 = ORIENTED_EDGE ( 'NONE', *, *, #1816, .F. ) ;
#3750 = CARTESIAN_POINT ( 'NONE',  ( 20.50000000000000000, -4.172000000000000597, 5.616230220889765396E-16 ) ) ;
#3751 = CARTESIAN_POINT ( 'NONE',  ( 25.92022815836235594, 6.123233995736451724E-16, -5.000000000000000888 ) ) ;
#3752 = ORIENTED_EDGE ( 'NONE', *, *, #3631, .T. ) ;
#3753 = ORIENTED_EDGE ( 'NONE', *, *, #2501, .T. ) ;
#3754 = CARTESIAN_POINT ( 'NONE',  ( 38.50000000000000000, -4.172000000000000597, 5.616230220889765396E-16 ) ) ;
#3755 = EDGE_CURVE ( 'NONE', #1262, #2851, #276, .T. ) ;
#3756 = CYLINDRICAL_SURFACE ( 'NONE', #1141, 4.999999999999925393 ) ;
#3757 = ORIENTED_EDGE ( 'NONE', *, *, #966, .F. ) ;
#3758 = EDGE_CURVE ( 'NONE', #1604, #409, #61, .T. ) ;
#3759 = DIRECTION ( 'NONE',  ( 1.000000000000000000, 1.224606353822377258E-16, 0.0000000000000000000 ) ) ;
#3760 = DIRECTION ( 'NONE',  ( 1.000000000000000000, 0.0000000000000000000, 0.0000000000000000000 ) ) ;
#3761 = ORIENTED_EDGE ( 'NONE', *, *, #2444, .F. ) ;
#3762 = EDGE_CURVE ( 'NONE', #929, #2955, #537, .T. ) ;
#3763 = AXIS2_PLACEMENT_3D ( 'NONE', #723, #643, #1358 ) ;
#3764 = SURFACE_STYLE_USAGE ( .BOTH. , #3015 ) ;
#3765 = VECTOR ( 'NONE', #1691, 999.9999999999998863 ) ;
#3766 = VERTEX_POINT ( 'NONE', #3020 ) ;
#3767 = ADVANCED_FACE ( 'NONE', ( #1259 ), #3229, .T. ) ;
#3768 = VECTOR ( 'NONE', #1370, 1000.000000000000000 ) ;
#3769 = DIRECTION ( 'NONE',  ( -1.000000000000000000, -0.0000000000000000000, -0.0000000000000000000 ) ) ;
#3770 = EDGE_CURVE ( 'NONE', #2955, #803, #1094, .T. ) ;
#3771 = DIRECTION ( 'NONE',  ( -1.000000000000000000, -1.224606353822377258E-16, -0.0000000000000000000 ) ) ;
#3772 = VECTOR ( 'NONE', #3105, 1000.000000000000114 ) ;
#3773 = CARTESIAN_POINT ( 'NONE',  ( 13.92022815836235239, 2.093492502277374743E-15, 0.0000000000000000000 ) ) ;
#3774 = CIRCLE ( 'NONE', #1863, 5.000000000000000888 ) ;
#3775 = ORIENTED_EDGE ( 'NONE', *, *, #3824, .T. ) ;
#3776 = ORIENTED_EDGE ( 'NONE', *, *, #2415, .T. ) ;
#3777 = DIRECTION ( 'NONE',  ( -1.000000000000000000, -1.224606353822377258E-16, -0.0000000000000000000 ) ) ;
#3778 = COLOUR_RGB ( '',0.7764705882352941346, 0.7568627450980391913, 0.7372549019607843590 ) ;
#3779 = EDGE_CURVE ( 'NONE', #2336, #3740, #1031, .T. ) ;
#3780 = EDGE_CURVE ( 'NONE', #2473, #1335, #174, .T. ) ;
#3781 = ORIENTED_EDGE ( 'NONE', *, *, #2919, .F. ) ;
#3782 = EDGE_LOOP ( 'NONE', ( #2703, #3128, #2706, #2230, #2624 ) ) ;
#3783 = CIRCLE ( 'NONE', #295, 8.000000000000000000 ) ;
#3784 = CARTESIAN_POINT ( 'NONE',  ( 15.07977184163764228, 2.235490958484726972E-15, 0.0000000000000000000 ) ) ;
#3785 = ORIENTED_EDGE ( 'NONE', *, *, #355, .F. ) ;
#3786 = LINE ( 'NONE', #108, #773 ) ;
#3787 = ORIENTED_EDGE ( 'NONE', *, *, #2415, .F. ) ;
#3788 = EDGE_CURVE ( 'NONE', #3794, #316, #729, .T. ) ;
#3789 = ADVANCED_FACE ( 'NONE', ( #1402 ), #2806, .F. ) ;
#3790 = DIRECTION ( 'NONE',  ( -1.000000000000000000, -1.224606353822377258E-16, -0.0000000000000000000 ) ) ;
#3791 = VERTEX_POINT ( 'NONE', #390 ) ;
#3792 = ORIENTED_EDGE ( 'NONE', *, *, #1813, .F. ) ;
#3793 = EDGE_CURVE ( 'NONE', #2634, #3967, #1025, .T. ) ;
#3794 = VERTEX_POINT ( 'NONE', #1203 ) ;
#3795 = ORIENTED_EDGE ( 'NONE', *, *, #2486, .F. ) ;
#3796 = VERTEX_POINT ( 'NONE', #3056 ) ;
#3797 = CARTESIAN_POINT ( 'NONE',  ( 10.00000000000000178, 0.0000000000000000000, 0.0000000000000000000 ) ) ;
#3798 = EDGE_LOOP ( 'NONE', ( #4005, #3877, #3835, #3830, #3815 ) ) ;
#3799 = CARTESIAN_POINT ( 'NONE',  ( 32.50000000000000000, 2.164491730381051252E-15, 0.0000000000000000000 ) ) ;
#3800 = ORIENTED_EDGE ( 'NONE', *, *, #367, .T. ) ;
#3801 = CARTESIAN_POINT ( 'NONE',  ( 28.57977184163764051, 6.123233995736423128E-16, -5.000000000000003553 ) ) ;
#3802 = DIRECTION ( 'NONE',  ( 0.0000000000000000000, 0.0000000000000000000, 1.000000000000000000 ) ) ;
#3803 = ORIENTED_EDGE ( 'NONE', *, *, #2724, .T. ) ;
#3804 = ORIENTED_EDGE ( 'NONE', *, *, #57, .F. ) ;
#3805 = EDGE_CURVE ( 'NONE', #3823, #1588, #461, .T. ) ;
#3806 = VERTEX_POINT ( 'NONE', #3036 ) ;
#3807 = DIRECTION ( 'NONE',  ( 0.0000000000000000000, -1.000000000000000000, 0.0000000000000000000 ) ) ;
#3808 = CARTESIAN_POINT ( 'NONE',  ( 30.07977184163764051, 5.000000000000005329, 0.0000000000000000000 ) ) ;
#3809 = VERTEX_POINT ( 'NONE', #2956 ) ;
#3810 = EDGE_CURVE ( 'NONE', #1866, #1978, #178, .T. ) ;
#3811 = PLANE ( 'NONE',  #1034 ) ;
#3812 = ORIENTED_EDGE ( 'NONE', *, *, #2362, .F. ) ;
#3813 =( NAMED_UNIT ( * ) PLANE_ANGLE_UNIT ( ) SI_UNIT ( $, .RADIAN. ) );
#3814 = DIRECTION ( 'NONE',  ( 0.0000000000000000000, -1.000000000000000000, 0.0000000000000000000 ) ) ;
#3815 = ORIENTED_EDGE ( 'NONE', *, *, #3055, .F. ) ;
#3816 = EDGE_CURVE ( 'NONE', #2759, #3710, #1102, .T. ) ;
#3817 = ORIENTED_EDGE ( 'NONE', *, *, #2211, .F. ) ;
#3818 = DIRECTION ( 'NONE',  ( 0.0000000000000000000, -1.000000000000000000, 0.0000000000000000000 ) ) ;
#3819 = PRESENTATION_STYLE_ASSIGNMENT (( #2743 ) ) ;
#3820 = EDGE_CURVE ( 'NONE', #3501, #3295, #404, .T. ) ;
#3821 = ORIENTED_EDGE ( 'NONE', *, *, #3597, .F. ) ;
#3822 = VECTOR ( 'NONE', #107, 1000.000000000000114 ) ;
#3823 = VERTEX_POINT ( 'NONE', #1003 ) ;
#3824 = EDGE_CURVE ( 'NONE', #2551, #525, #76, .T. ) ;
#3825 = ORIENTED_EDGE ( 'NONE', *, *, #1585, .T. ) ;
#3826 = CARTESIAN_POINT ( 'NONE',  ( -31.74999999999995737, 6.123233995736674577E-16, -4.999999999999925393 ) ) ;
#3827 = CARTESIAN_POINT ( 'NONE',  ( 37.57977184163763695, 5.000000000000004441, 0.0000000000000000000 ) ) ;
#3828 = CIRCLE ( 'NONE', #37, 5.000000000000002665 ) ;
#3829 = ADVANCED_FACE ( 'NONE', ( #515 ), #1339, .T. ) ;
#3830 = ORIENTED_EDGE ( 'NONE', *, *, #3805, .F. ) ;
#3831 = EDGE_CURVE ( 'NONE', #1084, #2031, #583, .T. ) ;
#3832 = EDGE_LOOP ( 'NONE', ( #3179, #2885, #3330, #3888, #2351 ) ) ;
#3833 = DIRECTION ( 'NONE',  ( -1.000000000000000000, -1.224606353822377258E-16, -0.0000000000000000000 ) ) ;
#3834 = ADVANCED_FACE ( 'NONE', ( #410 ), #87, .T. ) ;
#3835 = ORIENTED_EDGE ( 'NONE', *, *, #2669, .T. ) ;
#3836 = EDGE_LOOP ( 'NONE', ( #2389, #3733, #3578, #82 ) ) ;
#3837 = PLANE ( 'NONE',  #1087 ) ;
#3838 = EDGE_CURVE ( 'NONE', #2031, #3917, #1012, .T. ) ;
#3839 = CARTESIAN_POINT ( 'NONE',  ( 39.99999999999999289, 0.0000000000000000000, 0.0000000000000000000 ) ) ;
#3840 = ORIENTED_EDGE ( 'NONE', *, *, #3856, .T. ) ;
#3841 = CIRCLE ( 'NONE', #1091, 4.172000000000002373 ) ;
#3842 = VERTEX_POINT ( 'NONE', #1543 ) ;
#3843 = CARTESIAN_POINT ( 'NONE',  ( 27.07977184163764406, 2.235490958484726972E-15, 0.0000000000000000000 ) ) ;
#3844 = DIRECTION ( 'NONE',  ( 0.0000000000000000000, -1.000000000000000000, 0.0000000000000000000 ) ) ;
#3845 = ORIENTED_EDGE ( 'NONE', *, *, #1000, .F. ) ;
#3846 = PLANE ( 'NONE',  #2239 ) ;
#3847 = ORIENTED_EDGE ( 'NONE', *, *, #2908, .T. ) ;
#3848 = AXIS2_PLACEMENT_3D ( 'NONE', #2951, #2147, #622 ) ;
#3849 = DIRECTION ( 'NONE',  ( 1.000000000000000000, 1.224606353822377258E-16, 0.0000000000000000000 ) ) ;
#3850 = CARTESIAN_POINT ( 'NONE',  ( 16.00000000000000000, 4.172000000000004150, 5.109226446042759579E-16 ) ) ;
#3851 = ORIENTED_EDGE ( 'NONE', *, *, #3584, .T. ) ;
#3852 = DIRECTION ( 'NONE',  ( -1.000000000000000000, -0.0000000000000000000, -0.0000000000000000000 ) ) ;
#3853 = FACE_OUTER_BOUND ( 'NONE', #3358, .T. ) ;
#3854 = ORIENTED_EDGE ( 'NONE', *, *, #3583, .F. ) ;
#3855 = CARTESIAN_POINT ( 'NONE',  ( 16.57977184163764051, 6.123233995736423128E-16, -5.000000000000003553 ) ) ;
#3856 = EDGE_CURVE ( 'NONE', #1114, #1693, #534, .T. ) ;
#3857 = ORIENTED_EDGE ( 'NONE', *, *, #3280, .F. ) ;
#3858 = VECTOR ( 'NONE', #2189, 999.9999999999998863 ) ;
#3859 = VECTOR ( 'NONE', #3371, 1000.000000000000227 ) ;
#3860 = AXIS2_PLACEMENT_3D ( 'NONE', #830, #1410, #753 ) ;
#3861 = AXIS2_PLACEMENT_3D ( 'NONE', #1183, #2015, #237 ) ;
#3862 = DIRECTION ( 'NONE',  ( -1.000000000000000000, -1.224606353822377258E-16, -0.0000000000000000000 ) ) ;
#3863 = LINE ( 'NONE', #1656, #151 ) ;
#3864 = ADVANCED_FACE ( 'NONE', ( #292 ), #301, .T. ) ;
#3865 = ADVANCED_FACE ( 'NONE', ( #737 ), #554, .T. ) ;
#3866 = ORIENTED_EDGE ( 'NONE', *, *, #214, .F. ) ;
#3867 = VECTOR ( 'NONE', #2947, 1000.000000000000000 ) ;
#3868 = EDGE_CURVE ( 'NONE', #3410, #3564, #453, .T. ) ;
#3869 = CARTESIAN_POINT ( 'NONE',  ( -31.74999999999995737, 0.0000000000000000000, 4.999999999999925393 ) ) ;
#3870 = EDGE_CURVE ( 'NONE', #273, #3314, #742, .T. ) ;
#3871 = ORIENTED_EDGE ( 'NONE', *, *, #355, .T. ) ;
#3872 = ORIENTED_EDGE ( 'NONE', *, *, #3262, .T. ) ;
#3873 = CIRCLE ( 'NONE', #468, 5.000000000000002665 ) ;
#3874 = ORIENTED_EDGE ( 'NONE', *, *, #1859, .F. ) ;
#3875 = CARTESIAN_POINT ( 'NONE',  ( 13.92022815836235239, 2.093492502277374743E-15, 0.0000000000000000000 ) ) ;
#3876 = CARTESIAN_POINT ( 'NONE',  ( 39.07977184163764406, 6.123233995736413267E-16, -5.000000000000003553 ) ) ;
#3877 = ORIENTED_EDGE ( 'NONE', *, *, #3810, .T. ) ;
#3878 = DIRECTION ( 'NONE',  ( 0.0000000000000000000, 0.0000000000000000000, 1.000000000000000000 ) ) ;
#3879 = EDGE_CURVE ( 'NONE', #2383, #1044, #1389, .T. ) ;
#3880 = DIRECTION ( 'NONE',  ( -0.5735764363510521546, -0.8191520442889875797, 0.0000000000000000000 ) ) ;
#3881 = DIRECTION ( 'NONE',  ( 1.000000000000000000, 0.0000000000000000000, 0.0000000000000000000 ) ) ;
#3882 = ORIENTED_EDGE ( 'NONE', *, *, #359, .F. ) ;
#3883 = LINE ( 'NONE', #62, #3715 ) ;
#3884 = EDGE_CURVE ( 'NONE', #3030, #1708, #478, .T. ) ;
#3885 = ORIENTED_EDGE ( 'NONE', *, *, #3563, .T. ) ;
#3886 = CARTESIAN_POINT ( 'NONE',  ( 10.40000000000000036, 0.0000000000000000000, 0.0000000000000000000 ) ) ;
#3887 = DIRECTION ( 'NONE',  ( -1.000000000000000000, -1.224606353822377258E-16, -0.0000000000000000000 ) ) ;
#3888 = ORIENTED_EDGE ( 'NONE', *, *, #3123, .T. ) ;
#3889 = DIRECTION ( 'NONE',  ( 0.0000000000000000000, -1.000000000000000000, 0.0000000000000000000 ) ) ;
#3890 = EDGE_CURVE ( 'NONE', #3723, #2077, #414, .T. ) ;
#3891 = DIRECTION ( 'NONE',  ( 0.0000000000000000000, 0.0000000000000000000, 1.000000000000000000 ) ) ;
#3892 = DIRECTION ( 'NONE',  ( 0.0000000000000000000, 1.000000000000000000, 0.0000000000000000000 ) ) ;
#3893 = DIRECTION ( 'NONE',  ( 0.0000000000000000000, -1.000000000000000000, 0.0000000000000000000 ) ) ;
#3894 = ADVANCED_FACE ( 'NONE', ( #418 ), #529, .T. ) ;
#3895 = DIRECTION ( 'NONE',  ( -1.000000000000000000, -1.224606353822377258E-16, -0.0000000000000000000 ) ) ;
#3896 = CARTESIAN_POINT ( 'NONE',  ( -31.74999999999995737, 6.123233995736674577E-16, -4.999999999999925393 ) ) ;
#3897 = ORIENTED_EDGE ( 'NONE', *, *, #3870, .F. ) ;
#3898 = DIRECTION ( 'NONE',  ( -1.000000000000000000, -1.224606353822377258E-16, -0.0000000000000000000 ) ) ;
#3899 = CARTESIAN_POINT ( 'NONE',  ( 28.57977184163764051, 5.000000000000005329, 0.0000000000000000000 ) ) ;
#3900 = VERTEX_POINT ( 'NONE', #3651 ) ;
#3901 = AXIS2_PLACEMENT_3D ( 'NONE', #905, #2009, #3889 ) ;
#3902 = DIRECTION ( 'NONE',  ( 0.0000000000000000000, 1.000000000000000000, 0.0000000000000000000 ) ) ;
#3903 = APPLICATION_PROTOCOL_DEFINITION ( 'draft international standard', 'automotive_design', 1998, #232 ) ;
#3904 = CIRCLE ( 'NONE', #2339, 5.000000000000000888 ) ;
#3905 = EDGE_LOOP ( 'NONE', ( #3916, #2221, #2693, #2935, #2867 ) ) ;
#3906 = EDGE_CURVE ( 'NONE', #2338, #2417, #1345, .T. ) ;
#3907 = LINE ( 'NONE', #1952, #559 ) ;
#3908 = DIRECTION ( 'NONE',  ( -1.000000000000000000, -0.0000000000000000000, -0.0000000000000000000 ) ) ;
#3909 = DIRECTION ( 'NONE',  ( -0.5735764363510521546, -0.8191520442889875797, 0.0000000000000000000 ) ) ;
#3910 = ADVANCED_FACE ( 'NONE', ( #3071 ), #1317, .T. ) ;
#3911 = ADVANCED_FACE ( 'NONE', ( #189 ), #3, .T. ) ;
#3912 = AXIS2_PLACEMENT_3D ( 'NONE', #694, #2028, #902 ) ;
#3913 = ORIENTED_EDGE ( 'NONE', *, *, #598, .F. ) ;
#3914 = DIRECTION ( 'NONE',  ( 0.0000000000000000000, -1.000000000000000000, 0.0000000000000000000 ) ) ;
#3915 = LINE ( 'NONE', #2143, #3077 ) ;
#3916 = ORIENTED_EDGE ( 'NONE', *, *, #944, .F. ) ;
#3917 = VERTEX_POINT ( 'NONE', #632 ) ;
#3918 = ORIENTED_EDGE ( 'NONE', *, *, #3640, .T. ) ;
#3919 = SURFACE_STYLE_FILL_AREA ( #1994 ) ;
#3920 = CARTESIAN_POINT ( 'NONE',  ( 28.57977184163764051, 2.235490958484726972E-15, 0.0000000000000000000 ) ) ;
#3921 = EDGE_CURVE ( 'NONE', #3900, #2680, #997, .T. ) ;
#3922 = CARTESIAN_POINT ( 'NONE',  ( 25.57977184163764406, 2.235490958484726972E-15, 0.0000000000000000000 ) ) ;
#3923 = ORIENTED_EDGE ( 'NONE', *, *, #3640, .F. ) ;
#3924 = VERTEX_POINT ( 'NONE', #4025 ) ;
#3925 = ORIENTED_EDGE ( 'NONE', *, *, #708, .T. ) ;
#3926 = EDGE_LOOP ( 'NONE', ( #60, #3925, #3996, #2694, #4026, #2518 ) ) ;
#3927 = ORIENTED_EDGE ( 'NONE', *, *, #465, .T. ) ;
#3928 = DIRECTION ( 'NONE',  ( 0.0000000000000000000, 1.000000000000000000, 0.0000000000000000000 ) ) ;
#3929 = CARTESIAN_POINT ( 'NONE',  ( 38.50000000000000000, 2.164491730381051252E-15, 0.0000000000000000000 ) ) ;
#3930 = ORIENTED_EDGE ( 'NONE', *, *, #3366, .F. ) ;
#3931 = DIRECTION ( 'NONE',  ( -1.000000000000000000, -0.0000000000000000000, -0.0000000000000000000 ) ) ;
#3932 = ORIENTED_EDGE ( 'NONE', *, *, #3632, .T. ) ;
#3933 = EDGE_CURVE ( 'NONE', #2077, #565, #470, .T. ) ;
#3934 = EDGE_LOOP ( 'NONE', ( #3575, #807, #3002, #156, #2510 ) ) ;
#3935 = CARTESIAN_POINT ( 'NONE',  ( -31.74999999999995737, 6.123233995736674577E-16, -4.999999999999925393 ) ) ;
#3936 = DIRECTION ( 'NONE',  ( 0.0000000000000000000, -1.000000000000000000, 0.0000000000000000000 ) ) ;
#3937 = VERTEX_POINT ( 'NONE', #1677 ) ;
#3938 = ORIENTED_EDGE ( 'NONE', *, *, #3755, .F. ) ;
#3939 = CARTESIAN_POINT ( 'NONE',  ( 18.42022815836235594, 2.093492502277374743E-15, 0.0000000000000000000 ) ) ;
#3940 = FACE_OUTER_BOUND ( 'NONE', #1872, .T. ) ;
#3941 = CARTESIAN_POINT ( 'NONE',  ( 30.42022815836235239, 2.093492502277374743E-15, 0.0000000000000000000 ) ) ;
#3942 = ORIENTED_EDGE ( 'NONE', *, *, #2658, .T. ) ;
#3943 = TOROIDAL_SURFACE ( 'NONE', #1103, 6.500000000000000888, 1.500000000000000000 ) ;
#3944 = ORIENTED_EDGE ( 'NONE', *, *, #3364, .F. ) ;
#3945 = DIRECTION ( 'NONE',  ( 0.5735764363510468256, 0.8191520442889913545, 0.0000000000000000000 ) ) ;
#3946 = ORIENTED_EDGE ( 'NONE', *, *, #3831, .T. ) ;
#3947 = EDGE_CURVE ( 'NONE', #1466, #2287, #1375, .T. ) ;
#3948 = CARTESIAN_POINT ( 'NONE',  ( 29.50000000000000000, 2.164491730381051252E-15, 0.0000000000000000000 ) ) ;
#3949 = EDGE_CURVE ( 'NONE', #1559, #1151, #303, .T. ) ;
#3950 = CONICAL_SURFACE ( 'NONE', #1077, 4.172000000000002373, 0.9599310885968737050 ) ;
#3951 = DIRECTION ( 'NONE',  ( -1.000000000000000000, -0.0000000000000000000, -0.0000000000000000000 ) ) ;
#3952 = CARTESIAN_POINT ( 'NONE',  ( 5.000000000000000000, 3.513898075855363068, -2.028750000000008047 ) ) ;
#3953 = EDGE_CURVE ( 'NONE', #1857, #3687, #530, .T. ) ;
#3954 = ORIENTED_EDGE ( 'NONE', *, *, #3879, .F. ) ;
#3955 = CARTESIAN_POINT ( 'NONE',  ( 28.00000000000000000, 2.164491730381051252E-15, 0.0000000000000000000 ) ) ;
#3956 = CARTESIAN_POINT ( 'NONE',  ( 19.57977184163764406, -3.466673899897024536E-29, 5.000000000000003553 ) ) ;
#3957 = ORIENTED_EDGE ( 'NONE', *, *, #2550, .T. ) ;
#3958 = CYLINDRICAL_SURFACE ( 'NONE', #599, 4.999999999999925393 ) ;
#3959 = CARTESIAN_POINT ( 'NONE',  ( 36.07977184163764406, 5.000000000000004441, 0.0000000000000000000 ) ) ;
#3960 = CARTESIAN_POINT ( 'NONE',  ( 26.50000000000000355, 4.172000000000004150, 0.0000000000000000000 ) ) ;
#3961 = CARTESIAN_POINT ( 'NONE',  ( 31.00000000000000000, 2.164491730381051252E-15, 0.0000000000000000000 ) ) ;
#3962 = ORIENTED_EDGE ( 'NONE', *, *, #3685, .F. ) ;
#3963 = DIRECTION ( 'NONE',  ( -1.000000000000000000, -1.224606353822377258E-16, -0.0000000000000000000 ) ) ;
#3964 = ORIENTED_EDGE ( 'NONE', *, *, #815, .T. ) ;
#3965 = DIRECTION ( 'NONE',  ( 0.0000000000000000000, -1.000000000000000000, 0.0000000000000000000 ) ) ;
#3966 = DIRECTION ( 'NONE',  ( 0.0000000000000000000, -1.000000000000000000, 0.0000000000000000000 ) ) ;
#3967 = VERTEX_POINT ( 'NONE', #3004 ) ;
#3968 = ADVANCED_FACE ( 'NONE', ( #194 ), #306, .T. ) ;
#3969 = VERTEX_POINT ( 'NONE', #832 ) ;
#3970 = DIRECTION ( 'NONE',  ( 0.0000000000000000000, -1.000000000000000000, 0.0000000000000000000 ) ) ;
#3971 = DIRECTION ( 'NONE',  ( 0.0000000000000000000, 0.4999999999999986677, -0.8660254037844392627 ) ) ;
#3972 = ORIENTED_EDGE ( 'NONE', *, *, #2484, .F. ) ;
#3973 = ORIENTED_EDGE ( 'NONE', *, *, #133, .F. ) ;
#3974 = DIRECTION ( 'NONE',  ( -1.000000000000000000, -1.224606353822377258E-16, -0.0000000000000000000 ) ) ;
#3975 = ORIENTED_EDGE ( 'NONE', *, *, #1106, .F. ) ;
#3976 = CARTESIAN_POINT ( 'NONE',  ( 19.92022815836235239, 2.093492502277374743E-15, 0.0000000000000000000 ) ) ;
#3977 = EDGE_LOOP ( 'NONE', ( #199, #379, #2856, #2054, #1200 ) ) ;
#3978 = EDGE_CURVE ( 'NONE', #2852, #490, #1394, .T. ) ;
#3979 = PLANE ( 'NONE',  #1999 ) ;
#3980 = VECTOR ( 'NONE', #2304, 1000.000000000000000 ) ;
#3981 = FACE_OUTER_BOUND ( 'NONE', #2768, .T. ) ;
#3982 = CARTESIAN_POINT ( 'NONE',  ( -31.74999999999995737, 0.0000000000000000000, 4.999999999999925393 ) ) ;
#3983 = CARTESIAN_POINT ( 'NONE',  ( 16.92022815836235239, 2.093492502277374743E-15, 0.0000000000000000000 ) ) ;
#3984 = VECTOR ( 'NONE', #3057, 999.9999999999998863 ) ;
#3985 = LINE ( 'NONE', #1040, #2318 ) ;
#3986 = CARTESIAN_POINT ( 'NONE',  ( 37.92022815836234884, 2.093492502277374743E-15, 0.0000000000000000000 ) ) ;
#3987 = ORIENTED_EDGE ( 'NONE', *, *, #2962, .F. ) ;
#3988 = CARTESIAN_POINT ( 'NONE',  ( 27.42022815836235239, 5.000000000000003553, 6.123233995736768255E-16 ) ) ;
#3989 = CARTESIAN_POINT ( 'NONE',  ( 18.42022815836235594, 2.093492502277374743E-15, 0.0000000000000000000 ) ) ;
#3990 = ORIENTED_EDGE ( 'NONE', *, *, #7, .F. ) ;
#3991 = EDGE_CURVE ( 'NONE', #1617, #1321, #1382, .T. ) ;
#3992 = ORIENTED_EDGE ( 'NONE', *, *, #3076, .F. ) ;
#3993 = LINE ( 'NONE', #1023, #3018 ) ;
#3994 = ORIENTED_EDGE ( 'NONE', *, *, #2408, .T. ) ;
#3995 = CARTESIAN_POINT ( 'NONE',  ( 28.92022815836234884, 2.093492502277374743E-15, 0.0000000000000000000 ) ) ;
#3996 = ORIENTED_EDGE ( 'NONE', *, *, #3879, .T. ) ;
#3997 = ORIENTED_EDGE ( 'NONE', *, *, #257, .F. ) ;
#3998 = DIRECTION ( 'NONE',  ( -1.000000000000000000, -1.224606353822377258E-16, -0.0000000000000000000 ) ) ;
#3999 = CARTESIAN_POINT ( 'NONE',  ( 0.0000000000000000000, 4.685197434473814759, -1.474514954580286030E-14 ) ) ;
#4000 = DIRECTION ( 'NONE',  ( -1.000000000000000000, -0.0000000000000000000, -0.0000000000000000000 ) ) ;
#4001 = ORIENTED_EDGE ( 'NONE', *, *, #751, .T. ) ;
#4002 = EDGE_CURVE ( 'NONE', #457, #503, #889, .T. ) ;
#4003 = DIRECTION ( 'NONE',  ( 1.000000000000000000, 0.0000000000000000000, 0.0000000000000000000 ) ) ;
#4004 = DIRECTION ( 'NONE',  ( 0.0000000000000000000, -1.000000000000000000, 0.0000000000000000000 ) ) ;
#4005 = ORIENTED_EDGE ( 'NONE', *, *, #2897, .F. ) ;
#4006 = ORIENTED_EDGE ( 'NONE', *, *, #7, .T. ) ;
#4007 = VERTEX_POINT ( 'NONE', #2577 ) ;
#4008 = DIRECTION ( 'NONE',  ( -0.5735764363510524877, 0.8191520442889874687, 1.003171929053519570E-16 ) ) ;
#4009 = CARTESIAN_POINT ( 'NONE',  ( 21.42022815836234884, 2.093492502277374743E-15, 0.0000000000000000000 ) ) ;
#4010 = ORIENTED_EDGE ( 'NONE', *, *, #2563, .T. ) ;
#4011 = ADVANCED_FACE ( 'NONE', ( #844 ), #612, .T. ) ;
#4012 = VERTEX_POINT ( 'NONE', #2479 ) ;
#4013 = DIRECTION ( 'NONE',  ( -1.000000000000000000, -1.224606353822377258E-16, -0.0000000000000000000 ) ) ;
#4014 = ORIENTED_EDGE ( 'NONE', *, *, #3494, .F. ) ;
#4015 = ORIENTED_EDGE ( 'NONE', *, *, #2777, .T. ) ;
#4016 = DIRECTION ( 'NONE',  ( 1.000000000000000000, 1.224606353822377258E-16, 0.0000000000000000000 ) ) ;
#4017 = CARTESIAN_POINT ( 'NONE',  ( 27.07977184163764406, 2.235490958484726972E-15, 0.0000000000000000000 ) ) ;
#4018 = ORIENTED_EDGE ( 'NONE', *, *, #4019, .T. ) ;
#4019 = EDGE_CURVE ( 'NONE', #2006, #2926, #860, .T. ) ;
#4020 = DIRECTION ( 'NONE',  ( -1.000000000000000000, -1.224606353822377258E-16, -0.0000000000000000000 ) ) ;
#4021 = CARTESIAN_POINT ( 'NONE',  ( 5.000000000000000000, -4.685197434473812095, -2.602085213965210642E-15 ) ) ;
#4022 = VECTOR ( 'NONE', #2242, 1000.000000000000000 ) ;
#4023 = ADVANCED_FACE ( 'NONE', ( #1329 ), #1038, .T. ) ;
#4024 = ORIENTED_EDGE ( 'NONE', *, *, #3359, .F. ) ;
#4025 = CARTESIAN_POINT ( 'NONE',  ( 37.00000000000000000, -4.172000000000000597, 5.616230220889765396E-16 ) ) ;
#4026 = ORIENTED_EDGE ( 'NONE', *, *, #593, .F. ) ;
#4027 = LINE ( 'NONE', #2171, #3980 ) ;
#4028 = CIRCLE ( 'NONE', #1761, 5.000000000000000888 ) ;
#4029 = CARTESIAN_POINT ( 'NONE',  ( 14.50000000000000000, 4.172000000000004150, 0.0000000000000000000 ) ) ;
#4030 = DIRECTION ( 'NONE',  ( 1.000000000000000000, 0.0000000000000000000, 0.0000000000000000000 ) ) ;
#4031 = ORIENTED_EDGE ( 'NONE', *, *, #2355, .F. ) ;
#4032 = LINE ( 'NONE', #2029, #3010 ) ;
#4033 = STYLED_ITEM ( 'NONE', ( #2876 ), #1300 ) ;
#4034 = CARTESIAN_POINT ( 'NONE',  ( 20.50000000000000000, 2.164491730381051252E-15, 0.0000000000000000000 ) ) ;
#4035 = CARTESIAN_POINT ( 'NONE',  ( 24.07977184163764051, 2.235490958484726972E-15, 0.0000000000000000000 ) ) ;
#4036 = CARTESIAN_POINT ( 'NONE',  ( 28.57977184163764051, 2.235490958484726972E-15, 0.0000000000000000000 ) ) ;
#4037 = ORIENTED_EDGE ( 'NONE', *, *, #626, .F. ) ;
#4038 = CIRCLE ( 'NONE', #28, 5.000000000000002665 ) ;
#4039 = ORIENTED_EDGE ( 'NONE', *, *, #3296, .T. ) ;
#4040 = DIRECTION ( 'NONE',  ( -1.000000000000000000, -1.224606353822377258E-16, -0.0000000000000000000 ) ) ;
#4041 = DIRECTION ( 'NONE',  ( 0.0000000000000000000, -1.000000000000000000, 0.0000000000000000000 ) ) ;
#4042 = EDGE_CURVE ( 'NONE', #3687, #2569, #808, .T. ) ;
#4044 = ADVANCED_FACE ( 'NONE', ( #1006 ), #12, .F. ) ;
#4043 = EDGE_LOOP ( 'NONE', ( #618, #543, #508, #423, #411, #297 ) ) ;
#4045 = VECTOR ( 'NONE', #698, 1000.000000000000000 ) ;
#4046 = ORIENTED_EDGE ( 'NONE', *, *, #2946, .T. ) ;
ENDSEC;
END-ISO-10303-21;
