ISO-10303-21;
HEADER;
FILE_DESCRIPTION (( 'STEP AP214' ),
    '1' );
FILE_NAME ('M16.STEP',
    '2021-06-12T16:23:10',
    ( '' ),
    ( '' ),
    'SwSTEP 2.0',
    'SolidWorks 2018',
    '' );
FILE_SCHEMA (( 'AUTOMOTIVE_DESIGN' ));
ENDSEC;

DATA;
#1 = ORIENTED_EDGE ( 'NONE', *, *, #69, .T. ) ;
#2 = ORIENTED_EDGE ( 'NONE', *, *, #291, .T. ) ;
#3 = AXIS2_PLACEMENT_3D ( 'NONE', #1534, #1535, #1536 ) ;
#4 = VERTEX_POINT ( 'NONE', #488 ) ;
#5 = AXIS2_PLACEMENT_3D ( 'NONE', #1513, #1514, #1515 ) ;
#6 = AXIS2_PLACEMENT_3D ( 'NONE', #343, #1538, #1610 ) ;
#7 = CARTESIAN_POINT ( 'NONE',  ( 7.000000000000000000, 0.0000000000000000000, -15.90000000000000036 ) ) ;
#8 = ORIENTED_EDGE ( 'NONE', *, *, #197, .F. ) ;
#9 = DIRECTION ( 'NONE',  ( 0.8191520442889974607, 1.003171929053531649E-16, -0.5735764363510380548 ) ) ;
#10 = CARTESIAN_POINT ( 'NONE',  ( 8.000000000000000000, 9.797174393178825657E-16, -2.006550000000000278 ) ) ;
#11 = ORIENTED_EDGE ( 'NONE', *, *, #65, .F. ) ;
#12 = AXIS2_PLACEMENT_3D ( 'NONE', #1886, #1883, #1683 ) ;
#13 = CARTESIAN_POINT ( 'NONE',  ( 0.0000000000000000000, 0.0000000000000000000, -2.706757538209718206 ) ) ;
#14 = ORIENTED_EDGE ( 'NONE', *, *, #592, .F. ) ;
#15 = EDGE_LOOP ( 'NONE', ( #1488, #1719, #2054, #1400 ) ) ;
#16 = ORIENTED_EDGE ( 'NONE', *, *, #1917, .T. ) ;
#17 = FACE_OUTER_BOUND ( 'NONE', #356, .T. ) ;
#18 = ORIENTED_EDGE ( 'NONE', *, *, #1189, .T. ) ;
#19 = CARTESIAN_POINT ( 'NONE',  ( 12.00000000000000178, 2.937369556047701113, -15.70266495106616844 ) ) ;
#20 = DIRECTION ( 'NONE',  ( 1.000000000000000000, 0.0000000000000000000, 0.0000000000000000000 ) ) ;
#21 = DIRECTION ( 'NONE',  ( 0.0000000000000000000, 0.0000000000000000000, 1.000000000000000000 ) ) ;
#22 = AXIS2_PLACEMENT_3D ( 'NONE', #1203, #1230, #1238 ) ;
#23 = AXIS2_PLACEMENT_3D ( 'NONE', #1200, #1223, #1222 ) ;
#24 = ORIENTED_EDGE ( 'NONE', *, *, #152, .T. ) ;
#25 = AXIS2_PLACEMENT_3D ( 'NONE', #1170, #1184, #1156 ) ;
#26 = ORIENTED_EDGE ( 'NONE', *, *, #332, .F. ) ;
#27 = DIRECTION ( 'NONE',  ( 0.0000000000000000000, 0.0000000000000000000, 1.000000000000000000 ) ) ;
#28 = DIRECTION ( 'NONE',  ( 1.000000000000000000, 0.0000000000000000000, 0.0000000000000000000 ) ) ;
#29 = AXIS2_PLACEMENT_3D ( 'NONE', #1111, #1166, #1120 ) ;
#30 = ORIENTED_EDGE ( 'NONE', *, *, #221, .F. ) ;
#31 = ORIENTED_EDGE ( 'NONE', *, *, #221, .T. ) ;
#32 = VERTEX_POINT ( 'NONE', #863 ) ;
#33 = DIRECTION ( 'NONE',  ( 0.0000000000000000000, 0.0000000000000000000, 1.000000000000000000 ) ) ;
#34 = ORIENTED_EDGE ( 'NONE', *, *, #587, .F. ) ;
#35 = AXIS2_PLACEMENT_3D ( 'NONE', #1091, #1092, #1099 ) ;
#36 = ORIENTED_EDGE ( 'NONE', *, *, #1462, .T. ) ;
#37 = ORIENTED_EDGE ( 'NONE', *, *, #550, .T. ) ;
#38 = DIRECTION ( 'NONE',  ( -0.0000000000000000000, -0.0000000000000000000, -1.000000000000000000 ) ) ;
#39 = ORIENTED_EDGE ( 'NONE', *, *, #1391, .F. ) ;
#40 = AXIS2_PLACEMENT_3D ( 'NONE', #1040, #1054, #1055 ) ;
#41 = ORIENTED_EDGE ( 'NONE', *, *, #131, .F. ) ;
#42 = ORIENTED_EDGE ( 'NONE', *, *, #1554, .T. ) ;
#43 = EDGE_LOOP ( 'NONE', ( #1542, #77, #707, #451 ) ) ;
#44 = AXIS2_PLACEMENT_3D ( 'NONE', #894, #931, #953 ) ;
#45 = CIRCLE ( 'NONE', #2030, 12.00000000000000178 ) ;
#46 = DIRECTION ( 'NONE',  ( 0.8191520442889974607, 1.003171929053531649E-16, -0.5735764363510380548 ) ) ;
#47 = CARTESIAN_POINT ( 'NONE',  ( 8.000000000000000000, 9.797174393178825657E-16, -11.91230000000000011 ) ) ;
#48 = B_SPLINE_CURVE_WITH_KNOTS ( 'NONE', 3,
 ( #1326, #1305, #1336, #1345, #1311, #1367 ),
 .UNSPECIFIED., .F., .F.,
 ( 4, 2, 4 ),
 ( 0.01236082503524027834, 0.01586526280559107105, 0.01936970057594186723 ),
 .UNSPECIFIED. ) ;
#49 = AXIS2_PLACEMENT_3D ( 'NONE', #889, #858, #903 ) ;
#50 = UNCERTAINTY_MEASURE_WITH_UNIT (LENGTH_MEASURE( 1.000000000000000082E-05 ), #1743, 'distance_accuracy_value', 'NONE');
#51 = ORIENTED_EDGE ( 'NONE', *, *, #550, .F. ) ;
#52 = CIRCLE ( 'NONE', #2011, 7.000000000000000000 ) ;
#53 = ORIENTED_EDGE ( 'NONE', *, *, #190, .T. ) ;
#54 = ORIENTED_EDGE ( 'NONE', *, *, #1374, .T. ) ;
#55 = CONICAL_SURFACE ( 'NONE', #1871, 8.000000000000000000, 0.9599310885968911355 ) ;
#56 = CONICAL_SURFACE ( 'NONE', #1951, 8.000000000000000000, 0.9599310885968911355 ) ;
#57 = AXIS2_PLACEMENT_3D ( 'NONE', #844, #809, #1595 ) ;
#58 = EDGE_CURVE ( 'NONE', #1277, #529, #673, .T. ) ;
#59 = ORIENTED_EDGE ( 'NONE', *, *, #111, .F. ) ;
#60 = DIRECTION ( 'NONE',  ( -1.000000000000000000, 0.0000000000000000000, 0.0000000000000000000 ) ) ;
#61 = ORIENTED_EDGE ( 'NONE', *, *, #518, .T. ) ;
#62 = FACE_OUTER_BOUND ( 'NONE', #1220, .T. ) ;
#63 = ORIENTED_EDGE ( 'NONE', *, *, #406, .F. ) ;
#64 = ORIENTED_EDGE ( 'NONE', *, *, #517, .T. ) ;
#65 = EDGE_CURVE ( 'NONE', #1424, #1670, #622, .T. ) ;
#66 = EDGE_CURVE ( 'NONE', #242, #298, #625, .T. ) ;
#67 = CARTESIAN_POINT ( 'NONE',  ( 0.0000000000000000000, 0.0000000000000000000, -0.7256075382097182391 ) ) ;
#68 = ORIENTED_EDGE ( 'NONE', *, *, #66, .T. ) ;
#69 = EDGE_CURVE ( 'NONE', #1333, #497, #1865, .T. ) ;
#70 = EDGE_CURVE ( 'NONE', #913, #710, #1378, .T. ) ;
#71 = CARTESIAN_POINT ( 'NONE',  ( 8.000000000000000000, 9.797174393178825657E-16, -15.87459999999999916 ) ) ;
#72 = DIRECTION ( 'NONE',  ( -1.000000000000000000, 0.0000000000000000000, 0.0000000000000000000 ) ) ;
#73 = ORIENTED_EDGE ( 'NONE', *, *, #272, .F. ) ;
#74 = DIRECTION ( 'NONE',  ( -0.0000000000000000000, -0.0000000000000000000, -1.000000000000000000 ) ) ;
#75 = VERTEX_POINT ( 'NONE', #1028 ) ;
#76 = CARTESIAN_POINT ( 'NONE',  ( 0.0000000000000000000, 0.0000000000000000000, -13.89344999999999963 ) ) ;
#77 = ORIENTED_EDGE ( 'NONE', *, *, #1681, .T. ) ;
#78 = ORIENTED_EDGE ( 'NONE', *, *, #598, .T. ) ;
#79 = CARTESIAN_POINT ( 'NONE',  ( 0.0000000000000000000, 0.0000000000000000000, -1.306342461790304998 ) ) ;
#80 = ORIENTED_EDGE ( 'NONE', *, *, #250, .F. ) ;
#81 = EDGE_CURVE ( 'NONE', #788, #791, #702, .T. ) ;
#82 = DIRECTION ( 'NONE',  ( 1.000000000000000000, 0.0000000000000000000, 0.0000000000000000000 ) ) ;
#83 = ORIENTED_EDGE ( 'NONE', *, *, #260, .T. ) ;
#84 = ORIENTED_EDGE ( 'NONE', *, *, #1730, .F. ) ;
#85 = EDGE_CURVE ( 'NONE', #310, #1019, #599, .T. ) ;
#86 = ORIENTED_EDGE ( 'NONE', *, *, #531, .F. ) ;
#87 = FACE_OUTER_BOUND ( 'NONE', #602, .T. ) ;
#88 = EDGE_CURVE ( 'NONE', #823, #1686, #520, .T. ) ;
#89 = CIRCLE ( 'NONE', #2055, 7.000000000000000000 ) ;
#90 = VERTEX_POINT ( 'NONE', #988 ) ;
#91 = ORIENTED_EDGE ( 'NONE', *, *, #606, .F. ) ;
#92 = CARTESIAN_POINT ( 'NONE',  ( 0.0000000000000000000, 0.0000000000000000000, -8.650207538209718550 ) ) ;
#93 = CIRCLE ( 'NONE', #1997, 7.000000000000000000 ) ;
#94 = B_SPLINE_CURVE_WITH_KNOTS ( 'NONE', 3,
 ( #1113, #1123, #1107, #1105, #1104, #1101, #1100, #1096 ),
 .UNSPECIFIED., .F., .F.,
 ( 4, 2, 2, 4 ),
 ( 0.007010445034807138640, 0.008756443665256690920, 0.01050244229570624147, 0.01399443955660534603 ),
 .UNSPECIFIED. ) ;
#95 = FACE_OUTER_BOUND ( 'NONE', #416, .T. ) ;
#96 = ORIENTED_EDGE ( 'NONE', *, *, #634, .T. ) ;
#97 = DIRECTION ( 'NONE',  ( 0.8191520442889909104, 1.003171929053523637E-16, -0.5735764363510472696 ) ) ;
#98 = DIRECTION ( 'NONE',  ( -1.000000000000000000, 0.0000000000000000000, 0.0000000000000000000 ) ) ;
#99 = ORIENTED_EDGE ( 'NONE', *, *, #215, .T. ) ;
#100 = ORIENTED_EDGE ( 'NONE', *, *, #176, .F. ) ;
#101 = FACE_OUTER_BOUND ( 'NONE', #1912, .T. ) ;
#102 = ORIENTED_EDGE ( 'NONE', *, *, #70, .F. ) ;
#103 = CARTESIAN_POINT ( 'NONE',  ( 8.000000000000000000, 9.797174393178825657E-16, -13.89344999999999963 ) ) ;
#104 = CONICAL_SURFACE ( 'NONE', #1947, 8.000000000000000000, 0.9599310885968798113 ) ;
#105 = ORIENTED_EDGE ( 'NONE', *, *, #256, .F. ) ;
#106 = ORIENTED_EDGE ( 'NONE', *, *, #69, .F. ) ;
#107 = EDGE_CURVE ( 'NONE', #895, #192, #563, .T. ) ;
#108 = DIRECTION ( 'NONE',  ( 0.0000000000000000000, 0.0000000000000000000, 1.000000000000000000 ) ) ;
#109 = DIRECTION ( 'NONE',  ( -1.000000000000000000, 0.0000000000000000000, 0.0000000000000000000 ) ) ;
#110 = ORIENTED_EDGE ( 'NONE', *, *, #289, .F. ) ;
#111 = EDGE_CURVE ( 'NONE', #1848, #440, #403, .T. ) ;
#112 = EDGE_LOOP ( 'NONE', ( #193, #182, #184, #309, #139, #179 ) ) ;
#113 = CARTESIAN_POINT ( 'NONE',  ( 0.0000000000000000000, 0.0000000000000000000, 0.0000000000000000000 ) ) ;
#114 = ORIENTED_EDGE ( 'NONE', *, *, #1596, .T. ) ;
#115 = EDGE_CURVE ( 'NONE', #710, #2021, #295, .T. ) ;
#116 = CARTESIAN_POINT ( 'NONE',  ( -7.000000000000000000, 8.572527594031473190E-16, -8.650207538209718550 ) ) ;
#117 = ORIENTED_EDGE ( 'NONE', *, *, #206, .F. ) ;
#118 = DIRECTION ( 'NONE',  ( -0.8191520442889885789, 1.003171929053520802E-16, 0.5735764363510507113 ) ) ;
#119 = ORIENTED_EDGE ( 'NONE', *, *, #285, .F. ) ;
#120 = EDGE_CURVE ( 'NONE', #1412, #710, #294, .T. ) ;
#121 = ORIENTED_EDGE ( 'NONE', *, *, #174, .T. ) ;
#122 = ORIENTED_EDGE ( 'NONE', *, *, #65, .T. ) ;
#123 = DIRECTION ( 'NONE',  ( 0.0000000000000000000, 0.0000000000000000000, 1.000000000000000000 ) ) ;
#124 = ORIENTED_EDGE ( 'NONE', *, *, #1667, .T. ) ;
#125 = EDGE_CURVE ( 'NONE', #1280, #913, #271, .T. ) ;
#126 = EDGE_CURVE ( 'NONE', #1277, #135, #1995, .T. ) ;
#127 = DIRECTION ( 'NONE',  ( -1.000000000000000000, 0.0000000000000000000, 0.0000000000000000000 ) ) ;
#128 = ORIENTED_EDGE ( 'NONE', *, *, #264, .T. ) ;
#129 = DIRECTION ( 'NONE',  ( 0.8191520442889974607, 1.003171929053531649E-16, -0.5735764363510380548 ) ) ;
#130 = ORIENTED_EDGE ( 'NONE', *, *, #435, .F. ) ;
#131 = EDGE_CURVE ( 'NONE', #135, #497, #329, .T. ) ;
#132 = ORIENTED_EDGE ( 'NONE', *, *, #256, .T. ) ;
#133 = DIRECTION ( 'NONE',  ( -0.0000000000000000000, -0.0000000000000000000, 1.000000000000000000 ) ) ;
#134 = CARTESIAN_POINT ( 'NONE',  ( 0.0000000000000000000, 0.0000000000000000000, -15.17439246179028700 ) ) ;
#135 = VERTEX_POINT ( 'NONE', #1319 ) ;
#136 = ORIENTED_EDGE ( 'NONE', *, *, #404, .T. ) ;
#137 = EDGE_CURVE ( 'NONE', #1280, #1527, #48, .T. ) ;
#138 = DIRECTION ( 'NONE',  ( -1.000000000000000000, 0.0000000000000000000, 0.0000000000000000000 ) ) ;
#139 = ORIENTED_EDGE ( 'NONE', *, *, #1275, .F. ) ;
#140 = CARTESIAN_POINT ( 'NONE',  ( 8.000000000000000000, 9.797174393178825657E-16, -3.987700000000000244 ) ) ;
#141 = FACE_OUTER_BOUND ( 'NONE', #917, .T. ) ;
#142 = CYLINDRICAL_SURFACE ( 'NONE', #1940, 7.000000000000000000 ) ;
#143 = CARTESIAN_POINT ( 'NONE',  ( -6.000000000000008882, 10.39230484541326227, 0.0000000000000000000 ) ) ;
#144 = CARTESIAN_POINT ( 'NONE',  ( 0.0000000000000000000, 0.0000000000000000000, -9.931150000000000588 ) ) ;
#145 = LINE ( 'NONE', #203, #762 ) ;
#146 = ORIENTED_EDGE ( 'NONE', *, *, #263, .F. ) ;
#147 = EDGE_CURVE ( 'NONE', #433, #1261, #2029, .T. ) ;
#148 = EDGE_CURVE ( 'NONE', #4, #1482, #2086, .T. ) ;
#149 = DIRECTION ( 'NONE',  ( 0.0000000000000000000, 0.0000000000000000000, -1.000000000000000000 ) ) ;
#150 = EDGE_CURVE ( 'NONE', #529, #1740, #2062, .T. ) ;
#151 = UNCERTAINTY_MEASURE_WITH_UNIT (LENGTH_MEASURE( 1.000000000000000082E-05 ), #338, 'distance_accuracy_value', 'NONE');
#152 = EDGE_CURVE ( 'NONE', #1686, #1333, #2002, .T. ) ;
#153 = DIRECTION ( 'NONE',  ( -0.0000000000000000000, -0.0000000000000000000, -1.000000000000000000 ) ) ;
#154 = ORIENTED_EDGE ( 'NONE', *, *, #1391, .T. ) ;
#155 = EDGE_CURVE ( 'NONE', #1968, #1277, #1171, .T. ) ;
#156 = CARTESIAN_POINT ( 'NONE',  ( -8.000000000000000000, 0.0000000000000000000, -15.87459999999999916 ) ) ;
#157 = DIRECTION ( 'NONE',  ( -0.8191520442889885789, 1.003171929053520802E-16, 0.5735764363510507113 ) ) ;
#158 = LINE ( 'NONE', #1362, #534 ) ;
#159 = ORIENTED_EDGE ( 'NONE', *, *, #390, .F. ) ;
#160 = EDGE_CURVE ( 'NONE', #909, #1916, #1903, .T. ) ;
#161 = CONICAL_SURFACE ( 'NONE', #2014, 8.000000000000000000, 0.9599310885968911355 ) ;
#162 = CARTESIAN_POINT ( 'NONE',  ( 12.00000000000000000, 6.928203230275500779, -15.90000000000000036 ) ) ;
#163 = CARTESIAN_POINT ( 'NONE',  ( -7.000000000000000000, 8.572527594031473190E-16, -6.669057538209719027 ) ) ;
#164 = EDGE_CURVE ( 'NONE', #1710, #394, #1926, .T. ) ;
#165 = DIRECTION ( 'NONE',  ( -0.0000000000000000000, -0.0000000000000000000, -1.000000000000000000 ) ) ;
#166 = EDGE_CURVE ( 'NONE', #457, #852, #1858, .T. ) ;
#167 = VECTOR ( 'NONE', #185, 1000.000000000000000 ) ;
#168 = CYLINDRICAL_SURFACE ( 'NONE', #1945, 7.000000000000000000 ) ;
#169 = ORIENTED_EDGE ( 'NONE', *, *, #272, .T. ) ;
#170 = EDGE_CURVE ( 'NONE', #1122, #1786, #1824, .T. ) ;
#171 = CARTESIAN_POINT ( 'NONE',  ( 0.0000000000000000000, 0.0000000000000000000, -13.89344999999999963 ) ) ;
#172 = DIRECTION ( 'NONE',  ( 0.0000000000000000000, 0.0000000000000000000, -1.000000000000000000 ) ) ;
#173 = VECTOR ( 'NONE', #1263, 1000.000000000000000 ) ;
#174 = EDGE_CURVE ( 'NONE', #1385, #401, #1674, .T. ) ;
#175 = VERTEX_POINT ( 'NONE', #1558 ) ;
#176 = EDGE_CURVE ( 'NONE', #242, #530, #1599, .T. ) ;
#177 = ORIENTED_EDGE ( 'NONE', *, *, #642, .F. ) ;
#178 = DIRECTION ( 'NONE',  ( -1.000000000000000000, 0.0000000000000000000, 0.0000000000000000000 ) ) ;
#179 = ORIENTED_EDGE ( 'NONE', *, *, #347, .F. ) ;
#180 = EDGE_CURVE ( 'NONE', #482, #1408, #1619, .T. ) ;
#181 = DIRECTION ( 'NONE',  ( 0.8191520442889974607, 1.003171929053531649E-16, -0.5735764363510380548 ) ) ;
#182 = ORIENTED_EDGE ( 'NONE', *, *, #206, .T. ) ;
#183 = SURFACE_STYLE_FILL_AREA ( #1228 ) ;
#184 = ORIENTED_EDGE ( 'NONE', *, *, #289, .T. ) ;
#185 = DIRECTION ( 'NONE',  ( 0.8191520442889885789, 0.0000000000000000000, 0.5735764363510507113 ) ) ;
#186 = CARTESIAN_POINT ( 'NONE',  ( 7.000000000000000000, 0.0000000000000000000, -10.63135753820971985 ) ) ;
#187 = ORIENTED_EDGE ( 'NONE', *, *, #1625, .F. ) ;
#188 = EDGE_CURVE ( 'NONE', #749, #175, #1555, .T. ) ;
#189 = ORIENTED_EDGE ( 'NONE', *, *, #470, .F. ) ;
#190 = EDGE_CURVE ( 'NONE', #298, #1464, #1537, .T. ) ;
#191 = ORIENTED_EDGE ( 'NONE', *, *, #597, .T. ) ;
#192 = VERTEX_POINT ( 'NONE', #1602 ) ;
#193 = ORIENTED_EDGE ( 'NONE', *, *, #85, .T. ) ;
#194 = CARTESIAN_POINT ( 'NONE',  ( 0.0000000000000000000, 0.0000000000000000000, 0.0000000000000000000 ) ) ;
#195 = DIRECTION ( 'NONE',  ( 0.0000000000000000000, 0.0000000000000000000, 1.000000000000000000 ) ) ;
#196 = ORIENTED_EDGE ( 'NONE', *, *, #528, .T. ) ;
#197 = EDGE_CURVE ( 'NONE', #1412, #1333, #1662, .T. ) ;
#198 = EDGE_CURVE ( 'NONE', #1527, #1277, #1450, .T. ) ;
#199 = CARTESIAN_POINT ( 'NONE',  ( 0.0000000000000000000, 0.0000000000000000000, -15.90000000000000036 ) ) ;
#200 = DIRECTION ( 'NONE',  ( 1.000000000000000000, 0.0000000000000000000, 0.0000000000000000000 ) ) ;
#201 = LINE ( 'NONE', #701, #1327 ) ;
#202 = EDGE_CURVE ( 'NONE', #510, #1527, #1432, .T. ) ;
#203 = CARTESIAN_POINT ( 'NONE',  ( 8.000000000000000000, 9.797174393178825657E-16, -5.968850000000000655 ) ) ;
#204 = FACE_OUTER_BOUND ( 'NONE', #1890, .T. ) ;
#205 = DIRECTION ( 'NONE',  ( -1.000000000000000000, 0.0000000000000000000, 0.0000000000000000000 ) ) ;
#206 = EDGE_CURVE ( 'NONE', #1019, #1686, #1697, .T. ) ;
#207 = FACE_OUTER_BOUND ( 'NONE', #1418, .T. ) ;
#208 = DIRECTION ( 'NONE',  ( -0.0000000000000000000, -0.0000000000000000000, -1.000000000000000000 ) ) ;
#209 = DIRECTION ( 'NONE',  ( 0.8191520442889885789, 0.0000000000000000000, 0.5735764363510507113 ) ) ;
#210 = EDGE_LOOP ( 'NONE', ( #191, #18, #51, #86 ) ) ;
#211 = DIRECTION ( 'NONE',  ( -1.000000000000000000, 0.0000000000000000000, 0.0000000000000000000 ) ) ;
#212 = CONICAL_SURFACE ( 'NONE', #1894, 12.00000000000000355, 1.047197551196596743 ) ;
#213 = DIRECTION ( 'NONE',  ( 0.0000000000000000000, 0.0000000000000000000, -1.000000000000000000 ) ) ;
#214 = ORIENTED_EDGE ( 'NONE', *, *, #413, .T. ) ;
#215 = EDGE_CURVE ( 'NONE', #913, #1412, #944, .T. ) ;
#216 = CARTESIAN_POINT ( 'NONE',  ( 0.0000000000000000000, 0.0000000000000000000, -15.87459999999999916 ) ) ;
#217 = DIRECTION ( 'NONE',  ( -1.000000000000000000, 0.0000000000000000000, 0.0000000000000000000 ) ) ;
#218 = EDGE_CURVE ( 'NONE', #2021, #823, #1493, .T. ) ;
#219 = DIRECTION ( 'NONE',  ( 0.0000000000000000000, 0.0000000000000000000, 1.000000000000000000 ) ) ;
#220 = ORIENTED_EDGE ( 'NONE', *, *, #381, .T. ) ;
#221 = EDGE_CURVE ( 'NONE', #585, #1333, #1422, .T. ) ;
#222 = VECTOR ( 'NONE', #1251, 1000.000000000000000 ) ;
#223 = CARTESIAN_POINT ( 'NONE',  ( 0.0000000000000000000, 0.0000000000000000000, -9.931150000000000588 ) ) ;
#224 = DIRECTION ( 'NONE',  ( -1.000000000000000000, 0.0000000000000000000, 0.0000000000000000000 ) ) ;
#225 = CIRCLE ( 'NONE', #1993, 8.000000000000000000 ) ;
#226 = DIRECTION ( 'NONE',  ( -0.0000000000000000000, -0.0000000000000000000, -1.000000000000000000 ) ) ;
#227 = EDGE_CURVE ( 'NONE', #32, #304, #1398, .T. ) ;
#228 = EDGE_CURVE ( 'NONE', #983, #1383, #1325, .T. ) ;
#229 = CONICAL_SURFACE ( 'NONE', #1956, 7.000000000000000000, 0.9599310885968755924 ) ;
#230 = FACE_OUTER_BOUND ( 'NONE', #1646, .T. ) ;
#231 = CARTESIAN_POINT ( 'NONE',  ( 0.0000000000000000000, 0.0000000000000000000, -14.59365753820971712 ) ) ;
#232 = VERTEX_POINT ( 'NONE', #1706 ) ;
#233 = EDGE_CURVE ( 'NONE', #369, #832, #1167, .T. ) ;
#234 = EDGE_CURVE ( 'NONE', #90, #1157, #1191, .T. ) ;
#235 = CIRCLE ( 'NONE', #1953, 7.000000000000000000 ) ;
#236 = EDGE_LOOP ( 'NONE', ( #1992, #1067, #1988, #570 ) ) ;
#237 = DIRECTION ( 'NONE',  ( 1.000000000000000000, 0.0000000000000000000, 0.0000000000000000000 ) ) ;
#238 = CARTESIAN_POINT ( 'NONE',  ( 0.0000000000000000000, 0.0000000000000000000, -15.90000000000000036 ) ) ;
#239 = AXIS2_PLACEMENT_3D ( 'NONE', #982, #997, #979 ) ;
#240 = VECTOR ( 'NONE', #1234, 1000.000000000000000 ) ;
#241 = ORIENTED_EDGE ( 'NONE', *, *, #1525, .T. ) ;
#242 = VERTEX_POINT ( 'NONE', #1727 ) ;
#243 = AXIS2_PLACEMENT_3D ( 'NONE', #962, #960, #958 ) ;
#244 = EDGE_CURVE ( 'NONE', #90, #369, #1131, .T. ) ;
#245 = ORIENTED_EDGE ( 'NONE', *, *, #267, .F. ) ;
#246 = EDGE_LOOP ( 'NONE', ( #418, #664, #1504, #767 ) ) ;
#247 = CARTESIAN_POINT ( 'NONE',  ( -8.000000000000000000, 0.0000000000000000000, -3.987700000000000244 ) ) ;
#248 = EDGE_CURVE ( 'NONE', #832, #1157, #1102, .T. ) ;
#249 = DIRECTION ( 'NONE',  ( -0.8191520442889974607, 0.0000000000000000000, -0.5735764363510380548 ) ) ;
#250 = EDGE_CURVE ( 'NONE', #1670, #2041, #1087, .T. ) ;
#251 = DIRECTION ( 'NONE',  ( 1.000000000000000000, 0.0000000000000000000, 0.0000000000000000000 ) ) ;
#252 = EDGE_CURVE ( 'NONE', #1280, #510, #284, .T. ) ;
#253 = DIRECTION ( 'NONE',  ( -0.0000000000000000000, -0.0000000000000000000, 1.000000000000000000 ) ) ;
#254 = ORIENTED_EDGE ( 'NONE', *, *, #374, .F. ) ;
#255 = CONICAL_SURFACE ( 'NONE', #1971, 7.000000000000000000, 0.9599310885968755924 ) ;
#256 = EDGE_CURVE ( 'NONE', #539, #722, #1012, .T. ) ;
#257 = CONICAL_SURFACE ( 'NONE', #2032, 7.000000000000000000, 0.9599310885968755924 ) ;
#258 = ORIENTED_EDGE ( 'NONE', *, *, #365, .T. ) ;
#259 = EDGE_CURVE ( 'NONE', #2041, #481, #1428, .T. ) ;
#260 = EDGE_CURVE ( 'NONE', #1424, #481, #1053, .T. ) ;
#261 = PRODUCT_DEFINITION_SHAPE ( 'NONE', 'NONE',  #1759 ) ;
#262 = CARTESIAN_POINT ( 'NONE',  ( 0.0000000000000000000, 0.0000000000000000000, -15.87459999999999916 ) ) ;
#263 = EDGE_CURVE ( 'NONE', #1557, #539, #970, .T. ) ;
#264 = EDGE_CURVE ( 'NONE', #743, #722, #925, .T. ) ;
#265 = ORIENTED_EDGE ( 'NONE', *, *, #148, .T. ) ;
#266 = FACE_OUTER_BOUND ( 'NONE', #1533, .T. ) ;
#267 = EDGE_CURVE ( 'NONE', #75, #791, #887, .T. ) ;
#268 = EDGE_CURVE ( 'NONE', #232, #275, #846, .T. ) ;
#269 = ORIENTED_EDGE ( 'NONE', *, *, #1614, .F. ) ;
#270 = CARTESIAN_POINT ( 'NONE',  ( 0.0000000000000000000, 0.0000000000000000000, -12.61250753820971759 ) ) ;
#271 = LINE ( 'NONE', #1134, #240 ) ;
#272 = EDGE_CURVE ( 'NONE', #839, #788, #868, .T. ) ;
#273 = CONICAL_SURFACE ( 'NONE', #1817, 8.000000000000000000, 0.9599310885968911355 ) ;
#274 = ORIENTED_EDGE ( 'NONE', *, *, #406, .T. ) ;
#275 = VERTEX_POINT ( 'NONE', #103 ) ;
#276 = EDGE_CURVE ( 'NONE', #1082, #778, #645, .T. ) ;
#277 = ORIENTED_EDGE ( 'NONE', *, *, #126, .F. ) ;
#278 = EDGE_CURVE ( 'NONE', #743, #401, #690, .T. ) ;
#279 = PRESENTATION_LAYER_ASSIGNMENT (  '', '', ( #1005 ) ) ;
#280 = EDGE_CURVE ( 'NONE', #457, #749, #541, .T. ) ;
#281 = VERTEX_POINT ( 'NONE', #156 ) ;
#282 = DIRECTION ( 'NONE',  ( -1.000000000000000000, 0.0000000000000000000, 0.0000000000000000000 ) ) ;
#283 = DIRECTION ( 'NONE',  ( -0.0000000000000000000, -0.0000000000000000000, -1.000000000000000000 ) ) ;
#284 = B_SPLINE_CURVE_WITH_KNOTS ( 'NONE', 3,
 ( #1763, #1737, #1779, #1780, #1783, #1787 ),
 .UNSPECIFIED., .F., .F.,
 ( 4, 2, 4 ),
 ( 2.380729645537341231E-07, 0.003505341553885846836, 0.007010445034807138640 ),
 .UNSPECIFIED. ) ;
#285 = EDGE_CURVE ( 'NONE', #1786, #1122, #756, .T. ) ;
#286 = CONICAL_SURFACE ( 'NONE', #1811, 7.000000000000000000, 0.9599310885968755924 ) ;
#287 = CARTESIAN_POINT ( 'NONE',  ( 0.0000000000000000000, 0.0000000000000000000, -0.7256075382097182391 ) ) ;
#288 = ORIENTED_EDGE ( 'NONE', *, *, #459, .F. ) ;
#289 = EDGE_CURVE ( 'NONE', #1686, #585, #1552, .T. ) ;
#290 = VECTOR ( 'NONE', #249, 1000.000000000000000 ) ;
#291 = EDGE_CURVE ( 'NONE', #1786, #281, #426, .T. ) ;
#292 = DIRECTION ( 'NONE',  ( 1.000000000000000000, 0.0000000000000000000, 0.0000000000000000000 ) ) ;
#293 =( NAMED_UNIT ( * ) SI_UNIT ( $, .STERADIAN. ) SOLID_ANGLE_UNIT ( ) );
#294 = CIRCLE ( 'NONE', #22, 12.00000000000000178 ) ;
#295 = CIRCLE ( 'NONE', #23, 12.00000000000000178 ) ;
#296 = DIRECTION ( 'NONE',  ( -0.8191520442889974607, 0.0000000000000000000, -0.5735764363510380548 ) ) ;
#297 = B_SPLINE_CURVE_WITH_KNOTS ( 'NONE', 3,
 ( #993, #965, #957, #955, #954, #950, #948, #943 ),
 .UNSPECIFIED., .F., .F.,
 ( 4, 2, 2, 4 ),
 ( 0.007010445034807138640, 0.008756443665256690920, 0.01050244229570624493, 0.01399443955660534603 ),
 .UNSPECIFIED. ) ;
#298 = VERTEX_POINT ( 'NONE', #1466 ) ;
#299 = EDGE_CURVE ( 'NONE', #371, #510, #469, .T. ) ;
#300 = COLOUR_RGB ( '',0.7764705882352941346, 0.7568627450980391913, 0.7372549019607843590 ) ;
#301 = DIRECTION ( 'NONE',  ( -0.0000000000000000000, -0.0000000000000000000, 1.000000000000000000 ) ) ;
#302 = EDGE_CURVE ( 'NONE', #1507, #893, #315, .T. ) ;
#303 = APPLICATION_CONTEXT ( 'automotive_design' ) ;
#304 = VERTEX_POINT ( 'NONE', #1347 ) ;
#305 = ORIENTED_EDGE ( 'NONE', *, *, #137, .T. ) ;
#306 = EDGE_CURVE ( 'NONE', #893, #2021, #2048, .T. ) ;
#307 = APPLICATION_PROTOCOL_DEFINITION ( 'draft international standard', 'automotive_design', 1998, #303 ) ;
#308 = CARTESIAN_POINT ( 'NONE',  ( 8.000000000000000000, 0.0000000000000000000, -25.03750572909317285 ) ) ;
#309 = ORIENTED_EDGE ( 'NONE', *, *, #1667, .F. ) ;
#310 = VERTEX_POINT ( 'NONE', #1377 ) ;
#311 = PRODUCT_CONTEXT ( 'NONE', #353, 'mechanical' ) ;
#312 = ORIENTED_EDGE ( 'NONE', *, *, #306, .F. ) ;
#313 = CIRCLE ( 'NONE', #1969, 7.000000000000000000 ) ;
#314 = EDGE_CURVE ( 'NONE', #2021, #405, #728, .T. ) ;
#315 = LINE ( 'NONE', #1471, #222 ) ;
#316 = CONICAL_SURFACE ( 'NONE', #239, 6.899999999999999467, 0.9599310885968826978 ) ;
#317 = EDGE_CURVE ( 'NONE', #363, #405, #158, .T. ) ;
#318 = DIRECTION ( 'NONE',  ( 0.0000000000000000000, 0.0000000000000000000, 1.000000000000000000 ) ) ;
#319 = EDGE_CURVE ( 'NONE', #371, #363, #1565, .T. ) ;
#320 = FACE_OUTER_BOUND ( 'NONE', #1711, .T. ) ;
#321 = CARTESIAN_POINT ( 'NONE',  ( -8.000000000000000000, 0.0000000000000000000, -2.006550000000000278 ) ) ;
#322 = EDGE_CURVE ( 'NONE', #1507, #371, #1952, .T. ) ;
#323 = DIRECTION ( 'NONE',  ( 1.000000000000000000, 0.0000000000000000000, 0.0000000000000000000 ) ) ;
#324 = DIRECTION ( 'NONE',  ( 1.000000000000000000, 0.0000000000000000000, 0.0000000000000000000 ) ) ;
#325 = ORIENTED_EDGE ( 'NONE', *, *, #299, .F. ) ;
#326 =( NAMED_UNIT ( * ) PLANE_ANGLE_UNIT ( ) SI_UNIT ( $, .RADIAN. ) );
#327 = ORIENTED_EDGE ( 'NONE', *, *, #594, .F. ) ;
#328 = EDGE_CURVE ( 'NONE', #405, #823, #1685, .T. ) ;
#329 = LINE ( 'NONE', #1307, #173 ) ;
#330 = EDGE_LOOP ( 'NONE', ( #1526, #1631, #1676, #1715 ) ) ;
#331 = ORIENTED_EDGE ( 'NONE', *, *, #367, .T. ) ;
#332 = EDGE_CURVE ( 'NONE', #823, #1019, #1149, .T. ) ;
#333 = FILL_AREA_STYLE ('',( #604 ) ) ;
#334 =( NAMED_UNIT ( * ) PLANE_ANGLE_UNIT ( ) SI_UNIT ( $, .RADIAN. ) );
#335 = DIRECTION ( 'NONE',  ( -0.8191520442889974607, 0.0000000000000000000, -0.5735764363510380548 ) ) ;
#336 = ORIENTED_EDGE ( 'NONE', *, *, #483, .T. ) ;
#337 = DIRECTION ( 'NONE',  ( -0.0000000000000000000, -0.0000000000000000000, 1.000000000000000000 ) ) ;
#338 =( LENGTH_UNIT ( ) NAMED_UNIT ( * ) SI_UNIT ( .MILLI., .METRE. ) );
#339 = DIRECTION ( 'NONE',  ( -0.8191520442889909104, 0.0000000000000000000, -0.5735764363510472696 ) ) ;
#340 = EDGE_CURVE ( 'NONE', #1740, #310, #1431, .T. ) ;
#341 = EDGE_CURVE ( 'NONE', #363, #1740, #1543, .T. ) ;
#342 = CARTESIAN_POINT ( 'NONE',  ( -8.000000000000000000, 0.0000000000000000000, -15.87459999999999916 ) ) ;
#343 = CARTESIAN_POINT ( 'NONE',  ( 0.0000000000000000000, 0.0000000000000000000, -15.90000000000000036 ) ) ;
#344 = LINE ( 'NONE', #402, #924 ) ;
#345 = FACE_BOUND ( 'NONE', #1762, .T. ) ;
#346 = EDGE_CURVE ( 'NONE', #749, #457, #89, .T. ) ;
#347 = EDGE_CURVE ( 'NONE', #310, #529, #2025, .T. ) ;
#348 = CIRCLE ( 'NONE', #2020, 7.000000000000000000 ) ;
#349 = EDGE_LOOP ( 'NONE', ( #1689, #1141, #1219, #269 ) ) ;
#350 = EDGE_CURVE ( 'NONE', #175, #852, #2001, .T. ) ;
#351 = LINE ( 'NONE', #247, #290 ) ;
#352 = ORIENTED_EDGE ( 'NONE', *, *, #276, .F. ) ;
#353 = APPLICATION_CONTEXT ( 'automotive_design' ) ;
#354 = SURFACE_STYLE_USAGE ( .BOTH. , #360 ) ;
#355 = LINE ( 'NONE', #186, #167 ) ;
#356 = EDGE_LOOP ( 'NONE', ( #389, #1386, #305, #745, #840, #812 ) ) ;
#357 = ORIENTED_EDGE ( 'NONE', *, *, #302, .T. ) ;
#358 = ORIENTED_EDGE ( 'NONE', *, *, #365, .F. ) ;
#359 = EDGE_CURVE ( 'NONE', #1457, #482, #2089, .T. ) ;
#360 = SURFACE_SIDE_STYLE ('',( #714 ) ) ;
#361 = ORIENTED_EDGE ( 'NONE', *, *, #559, .F. ) ;
#362 = CARTESIAN_POINT ( 'NONE',  ( 8.673617379884035472E-16, 13.85640646055102643, -1.071796769724495890 ) ) ;
#363 = VERTEX_POINT ( 'NONE', #1204 ) ;
#364 = CARTESIAN_POINT ( 'NONE',  ( 0.0000000000000000000, 0.0000000000000000000, -15.90000000000000036 ) ) ;
#365 = EDGE_CURVE ( 'NONE', #378, #1408, #1958, .T. ) ;
#366 = CARTESIAN_POINT ( 'NONE',  ( -8.000000000000000000, 0.0000000000000000000, -0.02540000000000007530 ) ) ;
#367 = EDGE_CURVE ( 'NONE', #1082, #4, #2008, .T. ) ;
#368 = DIRECTION ( 'NONE',  ( 0.0000000000000000000, 0.0000000000000000000, 1.000000000000000000 ) ) ;
#369 = VERTEX_POINT ( 'NONE', #1217 ) ;
#370 = EDGE_LOOP ( 'NONE', ( #1819, #1728, #1231, #1782 ) ) ;
#371 = VERTEX_POINT ( 'NONE', #1226 ) ;
#372 = CARTESIAN_POINT ( 'NONE',  ( 0.0000000000000000000, 0.0000000000000000000, -15.90000000000000036 ) ) ;
#373 = EDGE_LOOP ( 'NONE', ( #1837, #196, #830, #410 ) ) ;
#374 = EDGE_CURVE ( 'NONE', #778, #1482, #1898, .T. ) ;
#375 = DIRECTION ( 'NONE',  ( 0.0000000000000000000, 0.0000000000000000000, 1.000000000000000000 ) ) ;
#376 = ORIENTED_EDGE ( 'NONE', *, *, #558, .F. ) ;
#377 = DIRECTION ( 'NONE',  ( 1.000000000000000000, 0.0000000000000000000, 0.0000000000000000000 ) ) ;
#378 = VERTEX_POINT ( 'NONE', #1494 ) ;
#379 = DIRECTION ( 'NONE',  ( 1.000000000000000000, 0.0000000000000000000, 0.0000000000000000000 ) ) ;
#380 = ORIENTED_EDGE ( 'NONE', *, *, #155, .F. ) ;
#381 = EDGE_CURVE ( 'NONE', #75, #839, #1861, .T. ) ;
#382 = ORIENTED_EDGE ( 'NONE', *, *, #198, .F. ) ;
#383 = FACE_OUTER_BOUND ( 'NONE', #1840, .T. ) ;
#384 = APPLICATION_PROTOCOL_DEFINITION ( 'draft international standard', 'automotive_design', 1998, #353 ) ;
#385 = DIRECTION ( 'NONE',  ( 0.0000000000000000000, 0.0000000000000000000, 1.000000000000000000 ) ) ;
#386 = VECTOR ( 'NONE', #1453, 1000.000000000000000 ) ;
#387 =( LENGTH_UNIT ( ) NAMED_UNIT ( * ) SI_UNIT ( .MILLI., .METRE. ) );
#388 = CIRCLE ( 'NONE', #243, 7.000000000000000000 ) ;
#389 = ORIENTED_EDGE ( 'NONE', *, *, #215, .F. ) ;
#390 = EDGE_CURVE ( 'NONE', #791, #788, #1720, .T. ) ;
#391 = CONICAL_SURFACE ( 'NONE', #2027, 12.00000000000000355, 1.047197551196596743 ) ;
#392 = DIRECTION ( 'NONE',  ( -1.000000000000000000, 0.0000000000000000000, 0.0000000000000000000 ) ) ;
#393 = FACE_OUTER_BOUND ( 'NONE', #1914, .T. ) ;
#394 = VERTEX_POINT ( 'NONE', #1144 ) ;
#395 = ORIENTED_EDGE ( 'NONE', *, *, #88, .F. ) ;
#396 = FACE_OUTER_BOUND ( 'NONE', #519, .T. ) ;
#397 = DIRECTION ( 'NONE',  ( -0.0000000000000000000, -0.0000000000000000000, -1.000000000000000000 ) ) ;
#398 = DIRECTION ( 'NONE',  ( -1.000000000000000000, 0.0000000000000000000, 0.0000000000000000000 ) ) ;
#399 = CARTESIAN_POINT ( 'NONE',  ( 0.0000000000000000000, 0.0000000000000000000, -6.669057538209719027 ) ) ;
#400 = ORIENTED_EDGE ( 'NONE', *, *, #58, .F. ) ;
#401 = VERTEX_POINT ( 'NONE', #1135 ) ;
#402 = CARTESIAN_POINT ( 'NONE',  ( 7.000000000000000000, 0.0000000000000000000, -8.650207538209718550 ) ) ;
#403 = CIRCLE ( 'NONE', #25, 8.000000000000000000 ) ;
#404 = EDGE_CURVE ( 'NONE', #1557, #743, #1678, .T. ) ;
#405 = VERTEX_POINT ( 'NONE', #1126 ) ;
#406 = EDGE_CURVE ( 'NONE', #710, #893, #94, .T. ) ;
#407 = EDGE_LOOP ( 'NONE', ( #1389, #1617, #376, #1920 ) ) ;
#408 = CARTESIAN_POINT ( 'NONE',  ( 0.0000000000000000000, 0.0000000000000000000, -15.90000000000000036 ) ) ;
#409 = EDGE_CURVE ( 'NONE', #481, #2041, #1668, .T. ) ;
#410 = ORIENTED_EDGE ( 'NONE', *, *, #628, .F. ) ;
#411 = CONICAL_SURFACE ( 'NONE', #1821, 8.000000000000000000, 0.9599310885968911355 ) ;
#412 = ORIENTED_EDGE ( 'NONE', *, *, #252, .F. ) ;
#413 = EDGE_CURVE ( 'NONE', #800, #281, #1826, .T. ) ;
#414 = DIRECTION ( 'NONE',  ( 0.8191520442889885789, 0.0000000000000000000, 0.5735764363510507113 ) ) ;
#415 = EDGE_CURVE ( 'NONE', #1157, #275, #1645, .T. ) ;
#416 = EDGE_LOOP ( 'NONE', ( #130, #154, #2080, #1936 ) ) ;
#417 = ORIENTED_EDGE ( 'NONE', *, *, #475, .F. ) ;
#418 = ORIENTED_EDGE ( 'NONE', *, *, #603, .T. ) ;
#419 = ORIENTED_EDGE ( 'NONE', *, *, #306, .T. ) ;
#420 = ORIENTED_EDGE ( 'NONE', *, *, #285, .T. ) ;
#421 =( NAMED_UNIT ( * ) SI_UNIT ( $, .STERADIAN. ) SOLID_ANGLE_UNIT ( ) );
#422 = ORIENTED_EDGE ( 'NONE', *, *, #180, .T. ) ;
#423 = PRESENTATION_STYLE_ASSIGNMENT (( #354 ) ) ;
#424 = EDGE_CURVE ( 'NONE', #1457, #378, #1702, .T. ) ;
#425 = ORIENTED_EDGE ( 'NONE', *, *, #152, .F. ) ;
#426 = LINE ( 'NONE', #1467, #386 ) ;
#427 = CARTESIAN_POINT ( 'NONE',  ( 0.0000000000000000000, 0.0000000000000000000, -14.59365753820971712 ) ) ;
#428 = ORIENTED_EDGE ( 'NONE', *, *, #328, .F. ) ;
#429 = CONICAL_SURFACE ( 'NONE', #1972, 8.000000000000000000, 0.9599310885968911355 ) ;
#430 = EDGE_CURVE ( 'NONE', #1710, #983, #1577, .T. ) ;
#431 = ORIENTED_EDGE ( 'NONE', *, *, #359, .T. ) ;
#432 = DIRECTION ( 'NONE',  ( 0.8191520442889974607, 1.003171929053531649E-16, -0.5735764363510380548 ) ) ;
#433 = VERTEX_POINT ( 'NONE', #1086 ) ;
#434 = CARTESIAN_POINT ( 'NONE',  ( 8.000000000000000000, 9.797174393178825657E-16, -9.931150000000000588 ) ) ;
#435 = EDGE_CURVE ( 'NONE', #983, #1710, #1540, .T. ) ;
#436 = EDGE_CURVE ( 'NONE', #275, #232, #1621, .T. ) ;
#437 = ORIENTED_EDGE ( 'NONE', *, *, #424, .F. ) ;
#438 = ORIENTED_EDGE ( 'NONE', *, *, #150, .F. ) ;
#439 = CONICAL_SURFACE ( 'NONE', #1967, 12.00000000000000355, 1.047197551196596743 ) ;
#440 = VERTEX_POINT ( 'NONE', #1064 ) ;
#441 = CONICAL_SURFACE ( 'NONE', #1923, 8.000000000000000000, 0.9599310885968911355 ) ;
#442 = LINE ( 'NONE', #321, #661 ) ;
#443 = ORIENTED_EDGE ( 'NONE', *, *, #447, .T. ) ;
#444 = CARTESIAN_POINT ( 'NONE',  ( 0.0000000000000000000, 0.0000000000000000000, -9.931150000000000588 ) ) ;
#445 = ORIENTED_EDGE ( 'NONE', *, *, #120, .F. ) ;
#446 = DIRECTION ( 'NONE',  ( 1.000000000000000000, 0.0000000000000000000, 0.0000000000000000000 ) ) ;
#447 = EDGE_CURVE ( 'NONE', #401, #1385, #1502, .T. ) ;
#448 = EDGE_LOOP ( 'NONE', ( #574, #555, #548, #533 ) ) ;
#449 = VECTOR ( 'NONE', #9, 1000.000000000000000 ) ;
#450 = ADVANCED_FACE ( 'NONE', ( #1501 ), #654, .F. ) ;
#451 = ORIENTED_EDGE ( 'NONE', *, *, #1735, .F. ) ;
#452 = ADVANCED_FACE ( 'NONE', ( #905 ), #544, .F. ) ;
#453 = CARTESIAN_POINT ( 'NONE',  ( -8.000000000000000000, 9.797174393178825657E-16, 0.0000000000000000000 ) ) ;
#454 = ADVANCED_FACE ( 'NONE', ( #747 ), #476, .F. ) ;
#455 = DIRECTION ( 'NONE',  ( -0.0000000000000000000, -0.0000000000000000000, -1.000000000000000000 ) ) ;
#456 = ORIENTED_EDGE ( 'NONE', *, *, #390, .T. ) ;
#457 = VERTEX_POINT ( 'NONE', #995 ) ;
#458 = DIRECTION ( 'NONE',  ( 0.0000000000000000000, 0.0000000000000000000, 1.000000000000000000 ) ) ;
#459 = EDGE_CURVE ( 'NONE', #530, #1464, #609, .T. ) ;
#460 = EDGE_LOOP ( 'NONE', ( #1473, #1600, #1636, #1461 ) ) ;
#461 = EDGE_LOOP ( 'NONE', ( #2049, #2070, #2073, #59 ) ) ;
#462 = ADVANCED_FACE ( 'NONE', ( #511 ), #316, .F. ) ;
#463 = DIRECTION ( 'NONE',  ( -1.000000000000000000, 0.0000000000000000000, 0.0000000000000000000 ) ) ;
#464 = DIRECTION ( 'NONE',  ( -0.0000000000000000000, -0.0000000000000000000, -1.000000000000000000 ) ) ;
#465 = CARTESIAN_POINT ( 'NONE',  ( 0.0000000000000000000, 0.0000000000000000000, 0.0000000000000000000 ) ) ;
#466 = CARTESIAN_POINT ( 'NONE',  ( 0.0000000000000000000, 0.0000000000000000000, -11.91230000000000011 ) ) ;
#467 = ORIENTED_EDGE ( 'NONE', *, *, #350, .F. ) ;
#468 = EDGE_CURVE ( 'NONE', #394, #1383, #388, .T. ) ;
#469 = CIRCLE ( 'NONE', #2060, 12.00000000000000178 ) ;
#470 = EDGE_CURVE ( 'NONE', #510, #1507, #297, .T. ) ;
#471 = ORIENTED_EDGE ( 'NONE', *, *, #218, .F. ) ;
#472 = ORIENTED_EDGE ( 'NONE', *, *, #523, .T. ) ;
#473 = EDGE_CURVE ( 'NONE', #482, #1457, #754, .T. ) ;
#474 = ADVANCED_FACE ( 'NONE', ( #393 ), #257, .F. ) ;
#475 = EDGE_CURVE ( 'NONE', #1740, #371, #45, .T. ) ;
#476 = CONICAL_SURFACE ( 'NONE', #940, 7.000000000000000000, 0.9599310885968755924 ) ;
#477 = DIRECTION ( 'NONE',  ( -1.000000000000000000, 0.0000000000000000000, 0.0000000000000000000 ) ) ;
#478 = ORIENTED_EDGE ( 'NONE', *, *, #197, .T. ) ;
#479 = VECTOR ( 'NONE', #301, 1000.000000000000000 ) ;
#480 = DIRECTION ( 'NONE',  ( -1.000000000000000000, 0.0000000000000000000, 0.0000000000000000000 ) ) ;
#481 = VERTEX_POINT ( 'NONE', #928 ) ;
#482 = VERTEX_POINT ( 'NONE', #932 ) ;
#483 = EDGE_CURVE ( 'NONE', #4, #192, #546, .T. ) ;
#484 = ADVANCED_FACE ( 'NONE', ( #95 ), #2091, .F. ) ;
#485 = VECTOR ( 'NONE', #1023, 1000.000000000000000 ) ;
#486 = ORIENTED_EDGE ( 'NONE', *, *, #473, .F. ) ;
#487 = ORIENTED_EDGE ( 'NONE', *, *, #166, .T. ) ;
#488 = CARTESIAN_POINT ( 'NONE',  ( 7.000000000000000000, 0.0000000000000000000, -7.249792461790304898 ) ) ;
#489 = EDGE_CURVE ( 'NONE', #832, #232, #1731, .T. ) ;
#490 = ADVANCED_FACE ( 'NONE', ( #1088 ), #391, .T. ) ;
#491 = DIRECTION ( 'NONE',  ( -0.0000000000000000000, -0.0000000000000000000, -1.000000000000000000 ) ) ;
#492 = SURFACE_STYLE_FILL_AREA ( #1755 ) ;
#493 = CYLINDRICAL_SURFACE ( 'NONE', #1810, 8.000000000000000000 ) ;
#494 = EDGE_CURVE ( 'NONE', #394, #1848, #1169, .T. ) ;
#495 = ADVANCED_FACE ( 'NONE', ( #1110 ), #1559, .F. ) ;
#496 = FACE_OUTER_BOUND ( 'NONE', #1712, .T. ) ;
#497 = VERTEX_POINT ( 'NONE', #878 ) ;
#498 = EDGE_CURVE ( 'NONE', #839, #75, #348, .T. ) ;
#499 = CARTESIAN_POINT ( 'NONE',  ( -6.000000000000010658, -10.39230484541326227, 0.0000000000000000000 ) ) ;
#500 = CARTESIAN_POINT ( 'NONE',  ( 0.0000000000000000000, 0.0000000000000000000, -7.950000000000000178 ) ) ;
#501 = ORIENTED_EDGE ( 'NONE', *, *, #346, .T. ) ;
#502 = ADVANCED_FACE ( 'NONE', ( #1752 ), #879, .T. ) ;
#503 = ORIENTED_EDGE ( 'NONE', *, *, #170, .T. ) ;
#504 = ORIENTED_EDGE ( 'NONE', *, *, #267, .T. ) ;
#505 = DIRECTION ( 'NONE',  ( -0.0000000000000000000, -0.0000000000000000000, -1.000000000000000000 ) ) ;
#506 = ADVANCED_FACE ( 'NONE', ( #1983 ), #836, .T. ) ;
#507 = ADVANCED_FACE ( 'NONE', ( #758 ), #161, .F. ) ;
#508 = ORIENTED_EDGE ( 'NONE', *, *, #188, .F. ) ;
#509 = CARTESIAN_POINT ( 'NONE',  ( 8.673617379884035472E-16, 13.85640646055102643, -14.82820323027550558 ) ) ;
#510 = VERTEX_POINT ( 'NONE', #817 ) ;
#511 = FACE_OUTER_BOUND ( 'NONE', #1511, .T. ) ;
#512 = ORIENTED_EDGE ( 'NONE', *, *, #218, .T. ) ;
#513 = EDGE_CURVE ( 'NONE', #852, #175, #52, .T. ) ;
#514 = ADVANCED_FACE ( 'NONE', ( #1401 ), #1071, .F. ) ;
#515 = CIRCLE ( 'NONE', #1964, 7.000000000000000000 ) ;
#516 = EDGE_LOOP ( 'NONE', ( #1376, #1929, #1368, #1864 ) ) ;
#517 = EDGE_CURVE ( 'NONE', #1670, #1424, #1034, .T. ) ;
#518 = EDGE_CURVE ( 'NONE', #1412, #497, #537, .T. ) ;
#519 = EDGE_LOOP ( 'NONE', ( #1629, #734, #361, #1423 ) ) ;
#520 = CIRCLE ( 'NONE', #35, 12.00000000000000178 ) ;
#521 = ADVANCED_FACE ( 'NONE', ( #1346 ), #1306, .F. ) ;
#522 = CARTESIAN_POINT ( 'NONE',  ( 0.0000000000000000000, 0.0000000000000000000, -0.02540000000000007530 ) ) ;
#523 = EDGE_CURVE ( 'NONE', #75, #433, #201, .T. ) ;
#524 = CONICAL_SURFACE ( 'NONE', #1823, 6.899999999999999467, 0.9599310885968826978 ) ;
#525 = ADVANCED_FACE ( 'NONE', ( #1000 ), #869, .F. ) ;
#526 = DIRECTION ( 'NONE',  ( 1.000000000000000000, 0.0000000000000000000, 0.0000000000000000000 ) ) ;
#527 = ADVANCED_FACE ( 'NONE', ( #1476 ), #686, .T. ) ;
#528 = EDGE_CURVE ( 'NONE', #175, #32, #1805, .T. ) ;
#529 = VERTEX_POINT ( 'NONE', #676 ) ;
#530 = VERTEX_POINT ( 'NONE', #659 ) ;
#531 = EDGE_CURVE ( 'NONE', #1464, #777, #1859, .T. ) ;
#532 =( NAMED_UNIT ( * ) SI_UNIT ( $, .STERADIAN. ) SOLID_ANGLE_UNIT ( ) );
#533 = ORIENTED_EDGE ( 'NONE', *, *, #468, .F. ) ;
#534 = VECTOR ( 'NONE', #1399, 1000.000000000000000 ) ;
#535 =( NAMED_UNIT ( * ) PLANE_ANGLE_UNIT ( ) SI_UNIT ( $, .RADIAN. ) );
#536 =( LENGTH_UNIT ( ) NAMED_UNIT ( * ) SI_UNIT ( .MILLI., .METRE. ) );
#537 = B_SPLINE_CURVE_WITH_KNOTS ( 'NONE', 3,
 ( #779, #783, #761, #760, #753, #746, #744, #737 ),
 .UNSPECIFIED., .F., .F.,
 ( 4, 2, 2, 4 ),
 ( 0.01936970057594186723, 0.02112296051615075720, 0.02287622045635964371, 0.02638274033677742020 ),
 .UNSPECIFIED. ) ;
#538 = EDGE_CURVE ( 'NONE', #1408, #378, #93, .T. ) ;
#539 = VERTEX_POINT ( 'NONE', #680 ) ;
#540 = VECTOR ( 'NONE', #339, 1000.000000000000227 ) ;
#541 = CIRCLE ( 'NONE', #2064, 7.000000000000000000 ) ;
#542 = CARTESIAN_POINT ( 'NONE',  ( 8.000000000000000000, 9.797174393178825657E-16, -2.006550000000000278 ) ) ;
#543 = ADVANCED_FACE ( 'NONE', ( #1604 ), #1925, .F. ) ;
#544 = CONICAL_SURFACE ( 'NONE', #1213, 8.000000000000000000, 0.9599310885968911355 ) ;
#545 = SURFACE_STYLE_USAGE ( .BOTH. , #547 ) ;
#546 = LINE ( 'NONE', #929, #1519 ) ;
#547 = SURFACE_SIDE_STYLE ('',( #1879 ) ) ;
#548 = ORIENTED_EDGE ( 'NONE', *, *, #228, .T. ) ;
#549 = ADVANCED_FACE ( 'NONE', ( #973 ), #2004, .F. ) ;
#550 = EDGE_CURVE ( 'NONE', #777, #1286, #225, .T. ) ;
#551 = ADVANCED_FACE ( 'NONE', ( #17 ), #588, .F. ) ;
#552 = ORIENTED_EDGE ( 'NONE', *, *, #115, .F. ) ;
#553 = ADVANCED_FACE ( 'NONE', ( #951 ), #867, .F. ) ;
#554 = DIRECTION ( 'NONE',  ( 0.0000000000000000000, 0.0000000000000000000, 1.000000000000000000 ) ) ;
#555 = ORIENTED_EDGE ( 'NONE', *, *, #430, .T. ) ;
#556 = CARTESIAN_POINT ( 'NONE',  ( -8.000000000000000000, 9.797174393178825657E-16, -15.90000000000000036 ) ) ;
#557 = CARTESIAN_POINT ( 'NONE',  ( 0.0000000000000000000, 0.0000000000000000000, -15.90000000000000036 ) ) ;
#558 = EDGE_CURVE ( 'NONE', #192, #895, #886, .T. ) ;
#559 = EDGE_CURVE ( 'NONE', #440, #1848, #1013, .T. ) ;
#560 = ORIENTED_EDGE ( 'NONE', *, *, #341, .F. ) ;
#561 = ADVANCED_FACE ( 'NONE', ( #969 ), #429, .F. ) ;
#562 = EDGE_CURVE ( 'NONE', #482, #304, #845, .T. ) ;
#563 = CIRCLE ( 'NONE', #29, 8.000000000000000000 ) ;
#564 = FILL_AREA_STYLE_COLOUR ( '', #1855 ) ;
#565 = CARTESIAN_POINT ( 'NONE',  ( -11.99999999999999645, 0.0000000000000000000, -15.90000000000000036 ) ) ;
#566 = EDGE_LOOP ( 'NONE', ( #512, #428, #611 ) ) ;
#567 = ORIENTED_EDGE ( 'NONE', *, *, #115, .T. ) ;
#568 = FACE_OUTER_BOUND ( 'NONE', #2075, .T. ) ;
#569 = DIRECTION ( 'NONE',  ( 0.0000000000000000000, 0.0000000000000000000, 1.000000000000000000 ) ) ;
#570 = ORIENTED_EDGE ( 'NONE', *, *, #268, .F. ) ;
#571 = DIRECTION ( 'NONE',  ( -1.000000000000000000, 0.0000000000000000000, 0.0000000000000000000 ) ) ;
#572 = CYLINDRICAL_SURFACE ( 'NONE', #1874, 7.000000000000000000 ) ;
#573 = ADVANCED_FACE ( 'NONE', ( #692 ), #255, .F. ) ;
#574 = ORIENTED_EDGE ( 'NONE', *, *, #164, .F. ) ;
#575 = DIRECTION ( 'NONE',  ( -1.000000000000000000, 0.0000000000000000000, 0.0000000000000000000 ) ) ;
#576 = DIRECTION ( 'NONE',  ( -1.000000000000000000, 0.0000000000000000000, 0.0000000000000000000 ) ) ;
#577 = EDGE_CURVE ( 'NONE', #1482, #778, #313, .T. ) ;
#578 = DIRECTION ( 'NONE',  ( -0.0000000000000000000, -0.0000000000000000000, -1.000000000000000000 ) ) ;
#579 = CARTESIAN_POINT ( 'NONE',  ( 0.0000000000000000000, 0.0000000000000000000, -0.02540000000000007530 ) ) ;
#580 = EDGE_LOOP ( 'NONE', ( #39, #1915, #881, #729 ) ) ;
#581 = EDGE_CURVE ( 'NONE', #1408, #192, #344, .T. ) ;
#582 = ADVANCED_FACE ( 'NONE', ( #87 ), #824, .F. ) ;
#583 = ADVANCED_FACE ( 'NONE', ( #383 ), #723, .F. ) ;
#584 = DIRECTION ( 'NONE',  ( -0.0000000000000000000, -0.0000000000000000000, -1.000000000000000000 ) ) ;
#585 = VERTEX_POINT ( 'NONE', #362 ) ;
#586 = EDGE_CURVE ( 'NONE', #369, #281, #755, .T. ) ;
#587 = EDGE_CURVE ( 'NONE', #1670, #1286, #797, .T. ) ;
#588 = PLANE ( 'NONE',  #1986 ) ;
#589 = FACE_OUTER_BOUND ( 'NONE', #1016, .T. ) ;
#590 = CIRCLE ( 'NONE', #1957, 8.000000000000000000 ) ;
#591 = ADVANCED_FACE ( 'NONE', ( #593 ), #439, .T. ) ;
#592 = EDGE_CURVE ( 'NONE', #1122, #800, #617, .T. ) ;
#593 = FACE_OUTER_BOUND ( 'NONE', #1844, .T. ) ;
#594 = EDGE_CURVE ( 'NONE', #242, #909, #442, .T. ) ;
#595 = CARTESIAN_POINT ( 'NONE',  ( 0.0000000000000000000, 0.0000000000000000000, -3.287492461790304965 ) ) ;
#596 = CARTESIAN_POINT ( 'NONE',  ( 12.00000000000000000, 6.928203230275500779, -15.90000000000000036 ) ) ;
#597 = EDGE_CURVE ( 'NONE', #1464, #530, #515, .T. ) ;
#598 = EDGE_CURVE ( 'NONE', #281, #800, #590, .T. ) ;
#599 = LINE ( 'NONE', #1007, #485 ) ;
#600 = DIRECTION ( 'NONE',  ( 0.0000000000000000000, 0.0000000000000000000, 1.000000000000000000 ) ) ;
#601 = ADVANCED_FACE ( 'NONE', ( #396 ), #229, .F. ) ;
#602 = EDGE_LOOP ( 'NONE', ( #1175, #1070, #1059, #967 ) ) ;
#603 = EDGE_CURVE ( 'NONE', #1157, #832, #235, .T. ) ;
#604 = FILL_AREA_STYLE_COLOUR ( '', #715 ) ;
#605 = CARTESIAN_POINT ( 'NONE',  ( 0.0000000000000000000, 0.0000000000000000000, -15.90000000000000036 ) ) ;
#606 = EDGE_CURVE ( 'NONE', #1557, #1385, #351, .T. ) ;
#607 = DIRECTION ( 'NONE',  ( 1.000000000000000000, 0.0000000000000000000, 0.0000000000000000000 ) ) ;
#608 = VECTOR ( 'NONE', #123, 1000.000000000000000 ) ;
#609 = CIRCLE ( 'NONE', #1154, 7.000000000000000000 ) ;
#610 = DIRECTION ( 'NONE',  ( -1.000000000000000000, 0.0000000000000000000, 0.0000000000000000000 ) ) ;
#611 = ORIENTED_EDGE ( 'NONE', *, *, #314, .F. ) ;
#612 = DIRECTION ( 'NONE',  ( -0.0000000000000000000, -0.0000000000000000000, -1.000000000000000000 ) ) ;
#613 = CARTESIAN_POINT ( 'NONE',  ( 0.0000000000000000000, 0.0000000000000000000, -8.650207538209718550 ) ) ;
#614 = ADVANCED_FACE ( 'NONE', ( #320 ), #168, .F. ) ;
#615 = ORIENTED_EDGE ( 'NONE', *, *, #248, .F. ) ;
#616 = ADVANCED_FACE ( 'NONE', ( #266 ), #104, .F. ) ;
#617 = LINE ( 'NONE', #308, #479 ) ;
#618 = ADVANCED_FACE ( 'NONE', ( #204 ), #56, .F. ) ;
#619 = CARTESIAN_POINT ( 'NONE',  ( 7.020684431968923889, 9.803012413858350982, -0.02533325329314995919 ) ) ;
#620 = EDGE_LOOP ( 'NONE', ( #1201, #892, #1941, #1304 ) ) ;
#621 = ORIENTED_EDGE ( 'NONE', *, *, #227, .T. ) ;
#622 = CIRCLE ( 'NONE', #49, 7.981862520314374265 ) ;
#623 = ORIENTED_EDGE ( 'NONE', *, *, #632, .T. ) ;
#624 = DIRECTION ( 'NONE',  ( -1.000000000000000000, 0.0000000000000000000, 0.0000000000000000000 ) ) ;
#625 = CIRCLE ( 'NONE', #44, 7.000000000000000000 ) ;
#626 = ADVANCED_FACE ( 'NONE', ( #207 ), #142, .F. ) ;
#627 = CARTESIAN_POINT ( 'NONE',  ( 0.0000000000000000000, 0.0000000000000000000, -3.987700000000000244 ) ) ;
#628 = EDGE_CURVE ( 'NONE', #852, #304, #355, .T. ) ;
#629 = EDGE_CURVE ( 'NONE', #839, #1261, #145, .T. ) ;
#630 = PRESENTATION_STYLE_ASSIGNMENT (( #1164 ) ) ;
#631 = ADVANCED_FACE ( 'NONE', ( #62 ), #1121, .T. ) ;
#632 = EDGE_CURVE ( 'NONE', #778, #433, #2018, .T. ) ;
#633 = ADVANCED_FACE ( 'NONE', ( #1966 ), #1332, .F. ) ;
#634 = EDGE_CURVE ( 'NONE', #369, #90, #1384, .T. ) ;
#635 = ADVANCED_FACE ( 'NONE', ( #1836 ), #1789, .F. ) ;
#636 = ORIENTED_EDGE ( 'NONE', *, *, #409, .F. ) ;
#637 = ORIENTED_EDGE ( 'NONE', *, *, #234, .T. ) ;
#638 = DIRECTION ( 'NONE',  ( 0.8191520442889885789, 0.0000000000000000000, 0.5735764363510507113 ) ) ;
#639 = ORIENTED_EDGE ( 'NONE', *, *, #259, .F. ) ;
#640 = EDGE_CURVE ( 'NONE', #378, #895, #2056, .T. ) ;
#641 = ADVANCED_FACE ( 'NONE', ( #1260 ), #1421, .T. ) ;
#642 = EDGE_CURVE ( 'NONE', #298, #242, #1741, .T. ) ;
#643 = ORIENTED_EDGE ( 'NONE', *, *, #347, .T. ) ;
#644 = VECTOR ( 'NONE', #432, 1000.000000000000000 ) ;
#645 = LINE ( 'NONE', #2059, #608 ) ;
#646 = SHAPE_DEFINITION_REPRESENTATION ( #261, #1491 ) ;
#647 = ADVANCED_FACE ( 'NONE', ( #959 ), #802, .F. ) ;
#648 = EDGE_CURVE ( 'NONE', #457, #440, #1688, .T. ) ;
#649 = ORIENTED_EDGE ( 'NONE', *, *, #1438, .F. ) ;
#650 = EDGE_CURVE ( 'NONE', #90, #800, #1652, .T. ) ;
#651 = FILL_AREA_STYLE ('',( #564 ) ) ;
#652 = EDGE_LOOP ( 'NONE', ( #1736, #132, #1001, #884 ) ) ;
#653 = DIRECTION ( 'NONE',  ( -0.0000000000000000000, -0.0000000000000000000, -1.000000000000000000 ) ) ;
#654 = CYLINDRICAL_SURFACE ( 'NONE', #1182, 7.000000000000000000 ) ;
#655 = ADVANCED_FACE ( 'NONE', ( #672 ), #2013, .F. ) ;
#656 = EDGE_CURVE ( 'NONE', #298, #1916, #731, .T. ) ;
#657 = ORIENTED_EDGE ( 'NONE', *, *, #1387, .F. ) ;
#658 = VECTOR ( 'NONE', #335, 1000.000000000000000 ) ;
#659 = CARTESIAN_POINT ( 'NONE',  ( -7.000000000000000000, 8.572527594031473190E-16, -0.7256075382097182391 ) ) ;
#660 = DIRECTION ( 'NONE',  ( -0.8191520442889885789, 1.003171929053520802E-16, 0.5735764363510507113 ) ) ;
#661 = VECTOR ( 'NONE', #296, 1000.000000000000000 ) ;
#662 = ADVANCED_FACE ( 'NONE', ( #2033 ), #1733, .F. ) ;
#663 = ORIENTED_EDGE ( 'NONE', *, *, #244, .F. ) ;
#664 = ORIENTED_EDGE ( 'NONE', *, *, #489, .T. ) ;
#665 = CARTESIAN_POINT ( 'NONE',  ( 7.000000000000000000, 0.0000000000000000000, -4.687907538209717728 ) ) ;
#666 = CARTESIAN_POINT ( 'NONE',  ( -7.000000000000000000, 8.572527594031473190E-16, -10.63135753820971985 ) ) ;
#667 = EDGE_CURVE ( 'NONE', #1383, #394, #1781, .T. ) ;
#668 = ORIENTED_EDGE ( 'NONE', *, *, #332, .T. ) ;
#669 = EDGE_CURVE ( 'NONE', #1457, #32, #2010, .T. ) ;
#670 = ADVANCED_FACE ( 'NONE', ( #1561 ), #1416, .F. ) ;
#671 = CARTESIAN_POINT ( 'NONE',  ( -8.000000000000000000, 0.0000000000000000000, -11.91230000000000011 ) ) ;
#672 = FACE_OUTER_BOUND ( 'NONE', #210, .T. ) ;
#673 = CIRCLE ( 'NONE', #57, 12.00000000000000178 ) ;
#674 = UNCERTAINTY_MEASURE_WITH_UNIT (LENGTH_MEASURE( 1.000000000000000082E-05 ), #1174, 'distance_accuracy_value', 'NONE');
#675 = DIRECTION ( 'NONE',  ( 0.8191520442889885789, 0.0000000000000000000, 0.5735764363510507113 ) ) ;
#676 = CARTESIAN_POINT ( 'NONE',  ( -6.000000000000008882, 10.39230484541326227, -15.90000000000000036 ) ) ;
#677 = ORIENTED_EDGE ( 'NONE', *, *, #85, .F. ) ;
#678 = CARTESIAN_POINT ( 'NONE',  ( 7.000000000000000000, 0.0000000000000000000, -4.687907538209717728 ) ) ;
#679 = ADVANCED_FACE ( 'NONE', ( #1907 ), #891, .T. ) ;
#680 = CARTESIAN_POINT ( 'NONE',  ( -7.000000000000000000, 8.572527594031473190E-16, -2.706757538209718206 ) ) ;
#681 = DIRECTION ( 'NONE',  ( 0.8660254037844381525, -0.5000000000000007772, 0.0000000000000000000 ) ) ;
#682 = DIRECTION ( 'NONE',  ( -0.5000000000000008882, -0.8660254037844382635, 0.0000000000000000000 ) ) ;
#683 = ADVANCED_FACE ( 'NONE', ( #1440 ), #441, .F. ) ;
#684 = ADVANCED_FACE ( 'NONE', ( #956 ), #1038, .F. ) ;
#685 = CARTESIAN_POINT ( 'NONE',  ( 7.000000000000000000, 0.0000000000000000000, -0.7256075382097182391 ) ) ;
#686 = PLANE ( 'NONE',  #1996 ) ;
#687 = ORIENTED_EDGE ( 'NONE', *, *, #88, .T. ) ;
#688 = CARTESIAN_POINT ( 'NONE',  ( -7.000000000000000000, 8.572527594031473190E-16, -13.19324246179030524 ) ) ;
#689 = ADVANCED_FACE ( 'NONE', ( #696 ), #1690, .T. ) ;
#690 = LINE ( 'NONE', #140, #818 ) ;
#691 = ADVANCED_FACE ( 'NONE', ( #1295 ), #2076, .F. ) ;
#692 = FACE_OUTER_BOUND ( 'NONE', #246, .T. ) ;
#693 = AXIS2_PLACEMENT_3D ( 'NONE', #1077, #1076, #1072 ) ;
#694 = VECTOR ( 'NONE', #21, 1000.000000000000000 ) ;
#695 = ADVANCED_FACE ( 'NONE', ( #101 ), #1300, .F. ) ;
#696 = FACE_OUTER_BOUND ( 'NONE', #1130, .T. ) ;
#697 = CARTESIAN_POINT ( 'NONE',  ( -12.00000000000000000, -6.928203230275518543, -15.90000000000000036 ) ) ;
#698 = ADVANCED_FACE ( 'NONE', ( #1521 ), #1221, .F. ) ;
#699 = DIRECTION ( 'NONE',  ( -0.8191520442889974607, 0.0000000000000000000, -0.5735764363510380548 ) ) ;
#700 = ADVANCED_FACE ( 'NONE', ( #141 ), #1317, .F. ) ;
#701 = CARTESIAN_POINT ( 'NONE',  ( -8.000000000000000000, 0.0000000000000000000, -5.968850000000000655 ) ) ;
#702 = CIRCLE ( 'NONE', #40, 7.000000000000000000 ) ;
#703 = CARTESIAN_POINT ( 'NONE',  ( 2.536474547147479702E-15, 13.85640646055102643, -15.90000000000000036 ) ) ;
#704 = DIRECTION ( 'NONE',  ( 0.0000000000000000000, 0.0000000000000000000, 1.000000000000000000 ) ) ;
#705 = ORIENTED_EDGE ( 'NONE', *, *, #317, .T. ) ;
#706 = ADVANCED_FACE ( 'NONE', ( #1242 ), #1097, .F. ) ;
#707 = ORIENTED_EDGE ( 'NONE', *, *, #447, .F. ) ;
#708 = ADVANCED_FACE ( 'NONE', ( #1463 ), #1849, .T. ) ;
#709 = CONICAL_SURFACE ( 'NONE', #1842, 8.000000000000000000, 0.9599310885968798113 ) ;
#710 = VERTEX_POINT ( 'NONE', #1828 ) ;
#711 = ORIENTED_EDGE ( 'NONE', *, *, #233, .F. ) ;
#712 = ADVANCED_FACE ( 'NONE', ( #1649 ), #212, .T. ) ;
#713 = ADVANCED_FACE ( 'NONE', ( #1509 ), #2005, .F. ) ;
#714 = SURFACE_STYLE_FILL_AREA ( #333 ) ;
#715 = COLOUR_RGB ( '',0.7764705882352941346, 0.7568627450980391913, 0.7372549019607843590 ) ;
#716 = UNCERTAINTY_MEASURE_WITH_UNIT (LENGTH_MEASURE( 1.000000000000000082E-05 ), #1022, 'distance_accuracy_value', 'NONE');
#717 = ORIENTED_EDGE ( 'NONE', *, *, #409, .T. ) ;
#718 = ADVANCED_FACE ( 'NONE', ( #854 ), #572, .F. ) ;
#719 = VECTOR ( 'NONE', #885, 1000.000000000000000 ) ;
#720 = CARTESIAN_POINT ( 'NONE',  ( 0.0000000000000000000, 0.0000000000000000000, -0.7256075382097182391 ) ) ;
#721 = ADVANCED_FACE ( 'NONE', ( #345, #496 ), #1721, .F. ) ;
#722 = VERTEX_POINT ( 'NONE', #1729 ) ;
#723 = CYLINDRICAL_SURFACE ( 'NONE', #1962, 7.000000000000000000 ) ;
#724 = ADVANCED_FACE ( 'NONE', ( #1027 ), #1734, .F. ) ;
#725 = EDGE_LOOP ( 'NONE', ( #1725, #1764, #1831, #1229 ) ) ;
#726 = DIRECTION ( 'NONE',  ( -0.0000000000000000000, -0.0000000000000000000, -1.000000000000000000 ) ) ;
#727 = ORIENTED_EDGE ( 'NONE', *, *, #120, .T. ) ;
#728 = B_SPLINE_CURVE_WITH_KNOTS ( 'NONE', 3,
 ( #1372, #1366, #1375, #1373, #1381, #1379, #1388, #1382 ),
 .UNSPECIFIED., .F., .F.,
 ( 4, 2, 2, 4 ),
 ( 0.007010445034807174201, 0.008756443665256711736, 0.01050244229570625014, 0.01399443955660533388 ),
 .UNSPECIFIED. ) ;
#729 = ORIENTED_EDGE ( 'NONE', *, *, #268, .T. ) ;
#730 = EDGE_LOOP ( 'NONE', ( #1370, #456, #1420, #1468 ) ) ;
#731 = LINE ( 'NONE', #10, #449 ) ;
#732 = DIRECTION ( 'NONE',  ( 1.000000000000000000, 0.0000000000000000000, 0.0000000000000000000 ) ) ;
#733 = ORIENTED_EDGE ( 'NONE', *, *, #475, .T. ) ;
#734 = ORIENTED_EDGE ( 'NONE', *, *, #494, .T. ) ;
#735 = ADVANCED_FACE ( 'NONE', ( #1320 ), #55, .F. ) ;
#736 = DIRECTION ( 'NONE',  ( -0.8191520442889974607, 0.0000000000000000000, -0.5735764363510380548 ) ) ;
#737 = CARTESIAN_POINT ( 'NONE',  ( 12.00000000000000000, 6.928203230275524760, -1.071796769724495890 ) ) ;
#738 = ADVANCED_FACE ( 'NONE', ( #1673, #2093 ), #1661, .T. ) ;
#739 = ADVANCED_FACE ( 'NONE', ( #990 ), #1292, .T. ) ;
#740 = CARTESIAN_POINT ( 'NONE',  ( -8.000000000000000000, 0.0000000000000000000, -7.950000000000000178 ) ) ;
#741 = ORIENTED_EDGE ( 'NONE', *, *, #234, .F. ) ;
#742 = ADVANCED_FACE ( 'NONE', ( #589 ), #978, .F. ) ;
#743 = VERTEX_POINT ( 'NONE', #1563 ) ;
#744 = CARTESIAN_POINT ( 'NONE',  ( 12.00000000000000178, 5.807951393103192750, -0.7484079198486845996 ) ) ;
#745 = ORIENTED_EDGE ( 'NONE', *, *, #1530, .T. ) ;
#746 = CARTESIAN_POINT ( 'NONE',  ( 11.99999999999999822, 4.673005023400515157, -0.4790896970872567939 ) ) ;
#747 = FACE_OUTER_BOUND ( 'NONE', #516, .T. ) ;
#748 = CARTESIAN_POINT ( 'NONE',  ( -7.000000000000000000, 8.572527594031473190E-16, -4.687907538209717728 ) ) ;
#749 = VERTEX_POINT ( 'NONE', #1549 ) ;
#750 = ORIENTED_EDGE ( 'NONE', *, *, #322, .F. ) ;
#751 = EDGE_LOOP ( 'NONE', ( #1284, #258, #1253, #1451 ) ) ;
#752 = ADVANCED_FACE ( 'NONE', ( #1758 ), #1718, .T. ) ;
#753 = CARTESIAN_POINT ( 'NONE',  ( 12.00000000000000000, 2.937369556047701558, -0.1973350489338362157 ) ) ;
#754 = CIRCLE ( 'NONE', #2034, 7.000000000000000000 ) ;
#755 = LINE ( 'NONE', #342, #540 ) ;
#756 = CIRCLE ( 'NONE', #2063, 8.000000000000000000 ) ;
#757 = ADVANCED_FACE ( 'NONE', ( #1074 ), #1065, .F. ) ;
#758 = FACE_OUTER_BOUND ( 'NONE', #1241, .T. ) ;
#759 = ADVANCED_FACE ( 'NONE', ( #230 ), #709, .F. ) ;
#760 = CARTESIAN_POINT ( 'NONE',  ( 12.00000000000000178, 2.352228297136960578, -0.1238145317436974147 ) ) ;
#761 = CARTESIAN_POINT ( 'NONE',  ( 12.00000000000000178, 1.173324140324977227, -0.02489140746004215449 ) ) ;
#762 = VECTOR ( 'NONE', #181, 1000.000000000000000 ) ;
#763 = DIRECTION ( 'NONE',  ( -1.000000000000000000, 0.0000000000000000000, 0.0000000000000000000 ) ) ;
#764 = CARTESIAN_POINT ( 'NONE',  ( 7.000000000000000000, 0.0000000000000000000, -2.706757538209718206 ) ) ;
#765 = EDGE_LOOP ( 'NONE', ( #1771, #1659, #1576, #621 ) ) ;
#766 = ADVANCED_FACE ( 'NONE', ( #1037 ), #2058, .F. ) ;
#767 = ORIENTED_EDGE ( 'NONE', *, *, #415, .F. ) ;
#768 = DIRECTION ( 'NONE',  ( -1.000000000000000000, 0.0000000000000000000, 0.0000000000000000000 ) ) ;
#769 = ADVANCED_FACE ( 'NONE', ( #1770 ), #1635, .T. ) ;
#770 = B_SPLINE_CURVE_WITH_KNOTS ( 'NONE', 3,
 ( #1106, #1119, #1136, #1115, #1020, #1093, #1073, #1083 ),
 .UNSPECIFIED., .F., .F.,
 ( 4, 2, 2, 4 ),
 ( 0.007010445034807145578, 0.008756443665256694389, 0.01050244229570624147, 0.01399443955660533562 ),
 .UNSPECIFIED. ) ;
#771 = ORIENTED_EDGE ( 'NONE', *, *, #70, .T. ) ;
#772 = DIRECTION ( 'NONE',  ( 0.0000000000000000000, 0.0000000000000000000, 1.000000000000000000 ) ) ;
#773 = ADVANCED_FACE ( 'NONE', ( #1918 ), #1531, .T. ) ;
#774 = ORIENTED_EDGE ( 'NONE', *, *, #314, .T. ) ;
#775 = CARTESIAN_POINT ( 'NONE',  ( -6.000000000000008882, 10.39230484541326227, 0.0000000000000000000 ) ) ;
#776 = CARTESIAN_POINT ( 'NONE',  ( 0.0000000000000000000, 0.0000000000000000000, -0.01270000000000090501 ) ) ;
#777 = VERTEX_POINT ( 'NONE', #1409 ) ;
#778 = VERTEX_POINT ( 'NONE', #1430 ) ;
#779 = CARTESIAN_POINT ( 'NONE',  ( 12.00000000000000355, 0.0000000000000000000, 0.0000000000000000000 ) ) ;
#780 = ADVANCED_FACE ( 'NONE', ( #2040 ), #1485, .T. ) ;
#781 = CARTESIAN_POINT ( 'NONE',  ( -7.981862520314374265, 9.786068389958024686E-16, -0.01270000000000090501 ) ) ;
#782 = ORIENTED_EDGE ( 'NONE', *, *, #317, .F. ) ;
#783 = CARTESIAN_POINT ( 'NONE',  ( 11.99999999999999822, 0.5857239961182058030, 1.976339624181095477E-15 ) ) ;
#784 = ADVANCED_FACE ( 'NONE', ( #1870 ), #1893, .F. ) ;
#785 = ADVANCED_FACE ( 'NONE', ( #1510 ), #1143, .F. ) ;
#786 = ADVANCED_FACE ( 'NONE', ( #1588 ), #1098, .F. ) ;
#787 = CARTESIAN_POINT ( 'NONE',  ( 0.0000000000000000000, 0.0000000000000000000, -7.950000000000000178 ) ) ;
#788 = VERTEX_POINT ( 'NONE', #665 ) ;
#789 = ORIENTED_EDGE ( 'NONE', *, *, #147, .T. ) ;
#790 = DIRECTION ( 'NONE',  ( -1.000000000000000000, 0.0000000000000000000, 0.0000000000000000000 ) ) ;
#791 = VERTEX_POINT ( 'NONE', #1339 ) ;
#792 = ADVANCED_FACE ( 'NONE', ( #1765 ), #1335, .T. ) ;
#793 = DIRECTION ( 'NONE',  ( 0.0000000000000000000, 0.0000000000000000000, 1.000000000000000000 ) ) ;
#794 = DIRECTION ( 'NONE',  ( -0.8191520442889885789, 1.003171929053520802E-16, 0.5735764363510507113 ) ) ;
#795 = ORIENTED_EDGE ( 'NONE', *, *, #125, .T. ) ;
#796 = ADVANCED_FACE ( 'NONE', ( #1179 ), #935, .F. ) ;
#797 = LINE ( 'NONE', #366, #658 ) ;
#798 = CARTESIAN_POINT ( 'NONE',  ( -8.000000000000000000, 0.0000000000000000000, -11.91230000000000011 ) ) ;
#799 = DIRECTION ( 'NONE',  ( -0.0000000000000000000, -0.0000000000000000000, -1.000000000000000000 ) ) ;
#800 = VERTEX_POINT ( 'NONE', #1318 ) ;
#801 = ORIENTED_EDGE ( 'NONE', *, *, #202, .F. ) ;
#802 = CONICAL_SURFACE ( 'NONE', #1931, 7.000000000000000000, 0.9599310885968755924 ) ;
#803 = DIRECTION ( 'NONE',  ( 0.8191520442889974607, 1.003171929053531649E-16, -0.5735764363510380548 ) ) ;
#804 = CARTESIAN_POINT ( 'NONE',  ( 0.0000000000000000000, 0.0000000000000000000, -10.63135753820971985 ) ) ;
#805 = ADVANCED_FACE ( 'NONE', ( #1407 ), #835, .F. ) ;
#806 = ORIENTED_EDGE ( 'NONE', *, *, #577, .T. ) ;
#807 = DIRECTION ( 'NONE',  ( 1.000000000000000000, 0.0000000000000000000, 0.0000000000000000000 ) ) ;
#808 = ORIENTED_EDGE ( 'NONE', *, *, #328, .T. ) ;
#809 = DIRECTION ( 'NONE',  ( 0.0000000000000000000, -0.0000000000000000000, 1.000000000000000000 ) ) ;
#810 = ADVANCED_FACE ( 'NONE', ( #964 ), #524, .F. ) ;
#811 = CARTESIAN_POINT ( 'NONE',  ( 0.0000000000000000000, 0.0000000000000000000, -12.61250753820971759 ) ) ;
#812 = ORIENTED_EDGE ( 'NONE', *, *, #518, .F. ) ;
#813 = ADVANCED_FACE ( 'NONE', ( #1124 ), #411, .F. ) ;
#814 = ADVANCED_FACE ( 'NONE', ( #568 ), #273, .F. ) ;
#815 = DIRECTION ( 'NONE',  ( 0.0000000000000000000, 0.0000000000000000000, 1.000000000000000000 ) ) ;
#816 = DIRECTION ( 'NONE',  ( -1.000000000000000000, 0.0000000000000000000, 0.0000000000000000000 ) ) ;
#817 = CARTESIAN_POINT ( 'NONE',  ( 6.000000000000007105, -10.39230484541326582, -15.90000000000000036 ) ) ;
#818 = VECTOR ( 'NONE', #129, 1000.000000000000000 ) ;
#819 = ORIENTED_EDGE ( 'NONE', *, *, #170, .F. ) ;
#820 = VECTOR ( 'NONE', #1965, 1000.000000000000000 ) ;
#821 = DIRECTION ( 'NONE',  ( 0.8191520442889885789, 0.0000000000000000000, 0.5735764363510507113 ) ) ;
#822 = ORIENTED_EDGE ( 'NONE', *, *, #603, .F. ) ;
#823 = VERTEX_POINT ( 'NONE', #1165 ) ;
#824 = CYLINDRICAL_SURFACE ( 'NONE', #1963, 7.000000000000000000 ) ;
#825 = ORIENTED_EDGE ( 'NONE', *, *, #319, .F. ) ;
#826 = ADVANCED_FACE ( 'NONE', ( #1202 ), #493, .F. ) ;
#827 = ORIENTED_EDGE ( 'NONE', *, *, #233, .T. ) ;
#828 = CARTESIAN_POINT ( 'NONE',  ( 0.0000000000000000000, 0.0000000000000000000, -5.968850000000000655 ) ) ;
#829 = DIRECTION ( 'NONE',  ( 0.8660254037844384856, 0.5000000000000003331, 0.0000000000000000000 ) ) ;
#830 = ORIENTED_EDGE ( 'NONE', *, *, #1917, .F. ) ;
#831 = EDGE_LOOP ( 'NONE', ( #1291, #819, #1080, #214 ) ) ;
#832 = VERTEX_POINT ( 'NONE', #1211 ) ;
#833 = ADVANCED_FACE ( 'NONE', ( #855 ), #286, .F. ) ;
#834 = CARTESIAN_POINT ( 'NONE',  ( 6.509199954993383663, 10.09831811432649395, 9.942684493107790955E-15 ) ) ;
#835 = CYLINDRICAL_SURFACE ( 'NONE', #1818, 8.000000000000000000 ) ;
#836 = PLANE ( 'NONE',  #2012 ) ;
#837 = EDGE_LOOP ( 'NONE', ( #1051, #1456, #1426, #1586 ) ) ;
#838 = CARTESIAN_POINT ( 'NONE',  ( 8.000000000000000000, 9.797174393178825657E-16, -0.02540000000000007530 ) ) ;
#839 = VERTEX_POINT ( 'NONE', #1209 ) ;
#840 = ORIENTED_EDGE ( 'NONE', *, *, #131, .T. ) ;
#841 = DIRECTION ( 'NONE',  ( -0.0000000000000000000, -0.0000000000000000000, -1.000000000000000000 ) ) ;
#842 = CARTESIAN_POINT ( 'NONE',  ( -1.502314598737161989E-15, -13.85640646055104064, -15.90000000000000036 ) ) ;
#843 = DIRECTION ( 'NONE',  ( -0.8191520442889974607, 0.0000000000000000000, -0.5735764363510380548 ) ) ;
#844 = CARTESIAN_POINT ( 'NONE',  ( 0.0000000000000000000, 0.0000000000000000000, -15.90000000000000036 ) ) ;
#845 = LINE ( 'NONE', #434, #644 ) ;
#846 = CIRCLE ( 'NONE', #2065, 8.000000000000000000 ) ;
#847 = CARTESIAN_POINT ( 'NONE',  ( 0.9815212833345343668, 13.28972488340248681, -15.15537699138731931 ) ) ;
#848 = CARTESIAN_POINT ( 'NONE',  ( 12.00000000000000000, 6.928203230275524760, -14.82820323027550558 ) ) ;
#849 = DIRECTION ( 'NONE',  ( -1.000000000000000000, 0.0000000000000000000, 0.0000000000000000000 ) ) ;
#850 = DIRECTION ( 'NONE',  ( -0.8660254037844381525, 0.5000000000000009992, 0.0000000000000000000 ) ) ;
#851 = CARTESIAN_POINT ( 'NONE',  ( 7.000000000000000000, 0.0000000000000000000, -12.61250753820971759 ) ) ;
#852 = VERTEX_POINT ( 'NONE', #1177 ) ;
#853 = ORIENTED_EDGE ( 'NONE', *, *, #302, .F. ) ;
#854 = FACE_OUTER_BOUND ( 'NONE', #1132, .T. ) ;
#855 = FACE_OUTER_BOUND ( 'NONE', #43, .T. ) ;
#856 = CARTESIAN_POINT ( 'NONE',  ( 12.00000000000000178, 4.673005023400516045, -15.42091030291274656 ) ) ;
#857 = CARTESIAN_POINT ( 'NONE',  ( 12.00000000000000533, 5.807951393103192750, -15.15159208015131931 ) ) ;
#858 = DIRECTION ( 'NONE',  ( 0.0000000000000000000, 0.0000000000000000000, 1.000000000000000000 ) ) ;
#859 = EDGE_LOOP ( 'NONE', ( #245, #220, #169, #159 ) ) ;
#860 = DIRECTION ( 'NONE',  ( 0.5000000000000009992, 0.8660254037844381525, -0.0000000000000000000 ) ) ;
#861 = DIRECTION ( 'NONE',  ( -1.000000000000000000, 0.0000000000000000000, 0.0000000000000000000 ) ) ;
#862 = DIRECTION ( 'NONE',  ( -0.0000000000000000000, -0.0000000000000000000, -1.000000000000000000 ) ) ;
#863 = CARTESIAN_POINT ( 'NONE',  ( -8.000000000000000000, 0.0000000000000000000, -9.931150000000000588 ) ) ;
#864 = VECTOR ( 'NONE', #2035, 1000.000000000000000 ) ;
#865 = CARTESIAN_POINT ( 'NONE',  ( 0.0000000000000000000, 0.0000000000000000000, -5.268642461790305376 ) ) ;
#866 = ORIENTED_EDGE ( 'NONE', *, *, #634, .F. ) ;
#867 = CYLINDRICAL_SURFACE ( 'NONE', #1973, 7.000000000000000000 ) ;
#868 = LINE ( 'NONE', #7, #694 ) ;
#869 = CONICAL_SURFACE ( 'NONE', #1998, 7.000000000000000000, 0.9599310885968755924 ) ;
#870 = CARTESIAN_POINT ( 'NONE',  ( 12.00000000000000000, 1.173324140324977227, -15.87510859253995399 ) ) ;
#871 = DIRECTION ( 'NONE',  ( -0.0000000000000000000, -0.0000000000000000000, -1.000000000000000000 ) ) ;
#872 = EDGE_LOOP ( 'NONE', ( #42, #241, #1313, #187 ) ) ;
#873 = DIRECTION ( 'NONE',  ( 0.5000000000000003331, -0.8660254037844384856, 0.0000000000000000000 ) ) ;
#874 = EDGE_LOOP ( 'NONE', ( #1380, #1359, #1298 ) ) ;
#875 = CARTESIAN_POINT ( 'NONE',  ( 10.02978802437156425, -8.065705644765229110, -0.4750804646944187803 ) ) ;
#876 = ORIENTED_EDGE ( 'NONE', *, *, #341, .T. ) ;
#877 = EDGE_LOOP ( 'NONE', ( #1095, #1066, #472, #789 ) ) ;
#878 = CARTESIAN_POINT ( 'NONE',  ( 12.00000000000000000, 6.928203230275524760, -1.071796769724495890 ) ) ;
#879 = PLANE ( 'NONE',  #2015 ) ;
#880 = DIRECTION ( 'NONE',  ( 0.0000000000000000000, 0.0000000000000000000, 1.000000000000000000 ) ) ;
#881 = ORIENTED_EDGE ( 'NONE', *, *, #1390, .T. ) ;
#882 = CARTESIAN_POINT ( 'NONE',  ( 12.00000000000000000, 2.352228297136961466, -15.77618546825630297 ) ) ;
#883 = VECTOR ( 'NONE', #1970, 1000.000000000000000 ) ;
#884 = ORIENTED_EDGE ( 'NONE', *, *, #160, .F. ) ;
#885 = DIRECTION ( 'NONE',  ( -0.8191520442889885789, 1.003171929053520802E-16, 0.5735764363510507113 ) ) ;
#886 = CIRCLE ( 'NONE', #1975, 8.000000000000000000 ) ;
#887 = LINE ( 'NONE', #2023, #820 ) ;
#888 = CARTESIAN_POINT ( 'NONE',  ( -7.000000000000000000, 8.572527594031473190E-16, -12.61250753820971759 ) ) ;
#889 = CARTESIAN_POINT ( 'NONE',  ( 0.0000000000000000000, 0.0000000000000000000, -0.01270000000000090501 ) ) ;
#890 = CARTESIAN_POINT ( 'NONE',  ( 12.00000000000000355, 0.0000000000000000000, -15.90000000000000036 ) ) ;
#891 = CONICAL_SURFACE ( 'NONE', #1913, 12.00000000000000355, 1.047197551196596743 ) ;
#892 = ORIENTED_EDGE ( 'NONE', *, *, #367, .F. ) ;
#893 = VERTEX_POINT ( 'NONE', #1205 ) ;
#894 = CARTESIAN_POINT ( 'NONE',  ( 0.0000000000000000000, 0.0000000000000000000, -1.306342461790304998 ) ) ;
#895 = VERTEX_POINT ( 'NONE', #1195 ) ;
#896 = CARTESIAN_POINT ( 'NONE',  ( 12.00000000000000355, 0.0000000000000000000, -15.90000000000000036 ) ) ;
#897 = CARTESIAN_POINT ( 'NONE',  ( 0.0000000000000000000, 0.0000000000000000000, -14.59365753820971712 ) ) ;
#898 = DIRECTION ( 'NONE',  ( 1.000000000000000000, 0.0000000000000000000, 0.0000000000000000000 ) ) ;
#899 = CARTESIAN_POINT ( 'NONE',  ( -7.000000000000000000, 8.572527594031473190E-16, -2.706757538209718206 ) ) ;
#900 = CARTESIAN_POINT ( 'NONE',  ( 0.0000000000000000000, 0.0000000000000000000, -2.706757538209718206 ) ) ;
#901 = DIRECTION ( 'NONE',  ( -0.0000000000000000000, -0.0000000000000000000, 1.000000000000000000 ) ) ;
#902 = VECTOR ( 'NONE', #1778, 999.9999999999998863 ) ;
#903 = DIRECTION ( 'NONE',  ( -1.000000000000000000, 0.0000000000000000000, 0.0000000000000000000 ) ) ;
#904 = DIRECTION ( 'NONE',  ( -1.000000000000000000, 0.0000000000000000000, 0.0000000000000000000 ) ) ;
#905 = FACE_OUTER_BOUND ( 'NONE', #1938, .T. ) ;
#906 = CARTESIAN_POINT ( 'NONE',  ( -2.602085213965210642E-14, -13.85640646055102820, -14.82820323027550558 ) ) ;
#907 = CARTESIAN_POINT ( 'NONE',  ( 0.0000000000000000000, 0.0000000000000000000, -15.90000000000000036 ) ) ;
#908 = DIRECTION ( 'NONE',  ( 1.000000000000000000, 0.0000000000000000000, 0.0000000000000000000 ) ) ;
#909 = VERTEX_POINT ( 'NONE', #1207 ) ;
#910 = CARTESIAN_POINT ( 'NONE',  ( 7.000000000000000000, 0.0000000000000000000, -6.669057538209719027 ) ) ;
#911 = CARTESIAN_POINT ( 'NONE',  ( -7.000000000000000000, 8.572527594031473190E-16, -14.59365753820971712 ) ) ;
#912 = DIRECTION ( 'NONE',  ( -0.8191520442889885789, 1.003171929053520802E-16, 0.5735764363510507113 ) ) ;
#913 = VERTEX_POINT ( 'NONE', #1168 ) ;
#914 = CARTESIAN_POINT ( 'NONE',  ( 0.0000000000000000000, 0.0000000000000000000, -2.006550000000000278 ) ) ;
#915 = DIRECTION ( 'NONE',  ( -0.0000000000000000000, -0.0000000000000000000, -1.000000000000000000 ) ) ;
#916 = DIRECTION ( 'NONE',  ( -1.000000000000000000, 0.0000000000000000000, 0.0000000000000000000 ) ) ;
#917 = EDGE_LOOP ( 'NONE', ( #508, #501, #487, #467 ) ) ;
#918 = DIRECTION ( 'NONE',  ( -0.0000000000000000000, -0.0000000000000000000, -1.000000000000000000 ) ) ;
#919 = CARTESIAN_POINT ( 'NONE',  ( 0.0000000000000000000, 0.0000000000000000000, -13.89344999999999963 ) ) ;
#920 = B_SPLINE_CURVE_WITH_KNOTS ( 'NONE', 3,
 ( #890, #926, #870, #882, #19, #856, #857, #848 ),
 .UNSPECIFIED., .F., .F.,
 ( 4, 2, 2, 4 ),
 ( 0.01936970057594186723, 0.02112296051615075720, 0.02287622045635964371, 0.02638274033677742020 ),
 .UNSPECIFIED. ) ;
#921 = DIRECTION ( 'NONE',  ( -1.000000000000000000, 0.0000000000000000000, 0.0000000000000000000 ) ) ;
#922 = DIRECTION ( 'NONE',  ( 0.0000000000000000000, -0.0000000000000000000, 1.000000000000000000 ) ) ;
#923 = CARTESIAN_POINT ( 'NONE',  ( 0.0000000000000000000, 0.0000000000000000000, -15.90000000000000036 ) ) ;
#924 = VECTOR ( 'NONE', #414, 1000.000000000000000 ) ;
#925 = LINE ( 'NONE', #1876, #864 ) ;
#926 = CARTESIAN_POINT ( 'NONE',  ( 12.00000000000000178, 0.5857239961182046928, -15.90000000000000746 ) ) ;
#927 = DIRECTION ( 'NONE',  ( 0.8191520442889974607, 1.003171929053531649E-16, -0.5735764363510380548 ) ) ;
#928 = CARTESIAN_POINT ( 'NONE',  ( 8.000000000000000000, 0.0000000000000000000, 0.0000000000000000000 ) ) ;
#929 = CARTESIAN_POINT ( 'NONE',  ( 8.000000000000000000, 9.797174393178825657E-16, -7.950000000000000178 ) ) ;
#930 = CARTESIAN_POINT ( 'NONE',  ( 8.535034553343555430, 8.928701963635356620, -0.1959795092987672849 ) ) ;
#931 = DIRECTION ( 'NONE',  ( -0.0000000000000000000, -0.0000000000000000000, -1.000000000000000000 ) ) ;
#932 = CARTESIAN_POINT ( 'NONE',  ( 7.000000000000000000, 0.0000000000000000000, -9.230942461790306197 ) ) ;
#933 = DIRECTION ( 'NONE',  ( -1.000000000000000000, 0.0000000000000000000, 0.0000000000000000000 ) ) ;
#934 = DIRECTION ( 'NONE',  ( -0.0000000000000000000, -0.0000000000000000000, -1.000000000000000000 ) ) ;
#935 = CYLINDRICAL_SURFACE ( 'NONE', #1820, 7.000000000000000000 ) ;
#936 = DIRECTION ( 'NONE',  ( 0.8191520442889885789, 0.0000000000000000000, 0.5735764363510507113 ) ) ;
#937 = CARTESIAN_POINT ( 'NONE',  ( 0.0000000000000000000, 0.0000000000000000000, -9.230942461790306197 ) ) ;
#938 = CARTESIAN_POINT ( 'NONE',  ( 0.0000000000000000000, 0.0000000000000000000, -6.669057538209719027 ) ) ;
#939 = DIRECTION ( 'NONE',  ( 1.000000000000000000, 0.0000000000000000000, 0.0000000000000000000 ) ) ;
#940 = AXIS2_PLACEMENT_3D ( 'NONE', #1045, #999, #1003 ) ;
#941 = DIRECTION ( 'NONE',  ( -0.8191520442889885789, 1.003171929053520802E-16, 0.5735764363510507113 ) ) ;
#942 = CARTESIAN_POINT ( 'NONE',  ( 6.000000000000012434, 10.39230484541326049, 0.0000000000000000000 ) ) ;
#943 = CARTESIAN_POINT ( 'NONE',  ( -2.602085213965210642E-14, -13.85640646055102820, -14.82820323027550558 ) ) ;
#944 = B_SPLINE_CURVE_WITH_KNOTS ( 'NONE', 3,
 ( #1648, #1627, #1650, #1651, #1654, #1656 ),
 .UNSPECIFIED., .F., .F.,
 ( 4, 2, 4 ),
 ( 0.01236082503524028355, 0.01586526280559107452, 0.01936970057594186723 ),
 .UNSPECIFIED. ) ;
#945 = CARTESIAN_POINT ( 'NONE',  ( -7.000000000000000000, 8.572527594031473190E-16, -3.287492461790304965 ) ) ;
#946 = CARTESIAN_POINT ( 'NONE',  ( -7.000000000000000000, 8.572527594031473190E-16, -9.230942461790306197 ) ) ;
#947 = CARTESIAN_POINT ( 'NONE',  ( 10.03369110562687538, 8.063452199751781180, -0.4760262082327579303 ) ) ;
#948 = CARTESIAN_POINT ( 'NONE',  ( 0.9790701977573713632, -13.29114001832027547, -15.15455996286143936 ) ) ;
#949 = EDGE_LOOP ( 'NONE', ( #24, #30, #110 ) ) ;
#950 = CARTESIAN_POINT ( 'NONE',  ( 1.966308894373116845, -12.72115749107476468, -15.42397379176722971 ) ) ;
#951 = FACE_OUTER_BOUND ( 'NONE', #1999, .T. ) ;
#952 =( GEOMETRIC_REPRESENTATION_CONTEXT ( 3 ) GLOBAL_UNCERTAINTY_ASSIGNED_CONTEXT ( ( #716 ) ) GLOBAL_UNIT_ASSIGNED_CONTEXT ( ( #1022, #1021, #1017 ) ) REPRESENTATION_CONTEXT ( 'NONE', 'WORKASPACE' ) );
#953 = DIRECTION ( 'NONE',  ( -1.000000000000000000, 0.0000000000000000000, 0.0000000000000000000 ) ) ;
#954 = CARTESIAN_POINT ( 'NONE',  ( 3.464965446656450787, -11.85590772719118213, -15.70402049070122530 ) ) ;
#955 = CARTESIAN_POINT ( 'NONE',  ( 3.967492730755044494, -11.56577346444173493, -15.77662985963006470 ) ) ;
#956 = FACE_OUTER_BOUND ( 'NONE', #859, .T. ) ;
#957 = CARTESIAN_POINT ( 'NONE',  ( 4.979315568031091210, -10.98159727696819132, -15.87466674670684519 ) ) ;
#958 = DIRECTION ( 'NONE',  ( -1.000000000000000000, 0.0000000000000000000, 0.0000000000000000000 ) ) ;
#959 = FACE_OUTER_BOUND ( 'NONE', #751, .T. ) ;
#960 = DIRECTION ( 'NONE',  ( -0.0000000000000000000, -0.0000000000000000000, -1.000000000000000000 ) ) ;
#961 = CARTESIAN_POINT ( 'NONE',  ( 12.00000000000000355, 0.0000000000000000000, 0.0000000000000000000 ) ) ;
#962 = CARTESIAN_POINT ( 'NONE',  ( 0.0000000000000000000, 0.0000000000000000000, -12.61250753820971759 ) ) ;
#963 = DIRECTION ( 'NONE',  ( -0.0000000000000000000, -0.0000000000000000000, -1.000000000000000000 ) ) ;
#964 = FACE_OUTER_BOUND ( 'NONE', #1148, .T. ) ;
#965 = CARTESIAN_POINT ( 'NONE',  ( 5.490800045006637653, -10.68629157650004124, -15.89999999999999680 ) ) ;
#966 = MANIFOLD_SOLID_BREP ( 'ThdSchPat', #1455 ) ;
#967 = ORIENTED_EDGE ( 'NONE', *, *, #228, .F. ) ;
#968 = CARTESIAN_POINT ( 'NONE',  ( 11.02092980224260899, 7.493469672506269497, -0.7454400371385380142 ) ) ;
#969 = FACE_OUTER_BOUND ( 'NONE', #1447, .T. ) ;
#970 = LINE ( 'NONE', #1878, #883 ) ;
#971 = DIRECTION ( 'NONE',  ( -1.000000000000000000, 0.0000000000000000000, 0.0000000000000000000 ) ) ;
#972 = CARTESIAN_POINT ( 'NONE',  ( 0.0000000000000000000, 0.0000000000000000000, -0.02540000000000007530 ) ) ;
#973 = FACE_OUTER_BOUND ( 'NONE', #1707, .T. ) ;
#974 = CARTESIAN_POINT ( 'NONE',  ( 7.981862520314374265, 0.0000000000000000000, -0.01270000000000090501 ) ) ;
#975 = DIRECTION ( 'NONE',  ( -0.0000000000000000000, -0.0000000000000000000, -1.000000000000000000 ) ) ;
#976 = CARTESIAN_POINT ( 'NONE',  ( 11.01847871666547185, -7.494884807424061712, -0.7446230086126816028 ) ) ;
#977 = CARTESIAN_POINT ( 'NONE',  ( 0.0000000000000000000, 0.0000000000000000000, -0.7256075382097182391 ) ) ;
#978 = CYLINDRICAL_SURFACE ( 'NONE', #1846, 7.000000000000000000 ) ;
#979 = DIRECTION ( 'NONE',  ( 1.000000000000000000, 0.0000000000000000000, 0.0000000000000000000 ) ) ;
#980 = CARTESIAN_POINT ( 'NONE',  ( 7.000000000000000000, 0.0000000000000000000, -8.650207538209718550 ) ) ;
#981 = CARTESIAN_POINT ( 'NONE',  ( 7.022222184832255465, -9.802124591828771827, 7.453889935837843970E-16 ) ) ;
#982 = CARTESIAN_POINT ( 'NONE',  ( 0.0000000000000000000, 0.0000000000000000000, -0.7702282920306786629 ) ) ;
#983 = VERTEX_POINT ( 'NONE', #1214 ) ;
#984 = CARTESIAN_POINT ( 'NONE',  ( 12.00000000000000000, 6.928203230275524760, -1.071796769724495890 ) ) ;
#985 = ORIENTED_EDGE ( 'NONE', *, *, #319, .T. ) ;
#986 = DIRECTION ( 'NONE',  ( -1.000000000000000000, 0.0000000000000000000, 0.0000000000000000000 ) ) ;
#987 = DIRECTION ( 'NONE',  ( 0.8191520442889974607, 1.003171929053531649E-16, -0.5735764363510380548 ) ) ;
#988 = CARTESIAN_POINT ( 'NONE',  ( 7.000000000000000000, 0.0000000000000000000, -15.17439246179028700 ) ) ;
#989 = ORIENTED_EDGE ( 'NONE', *, *, #81, .F. ) ;
#990 = FACE_OUTER_BOUND ( 'NONE', #874, .T. ) ;
#991 = CARTESIAN_POINT ( 'NONE',  ( 8.032507269244964832, 9.218836226384809152, -0.1233701403699311583 ) ) ;
#992 = CARTESIAN_POINT ( 'NONE',  ( 8.000000000000000000, 9.797174393178825657E-16, -13.89344999999999963 ) ) ;
#993 = CARTESIAN_POINT ( 'NONE',  ( 6.000000000000007105, -10.39230484541326582, -15.90000000000000036 ) ) ;
#994 = CARTESIAN_POINT ( 'NONE',  ( 0.0000000000000000000, 0.0000000000000000000, -11.91230000000000011 ) ) ;
#995 = CARTESIAN_POINT ( 'NONE',  ( 7.000000000000000000, 0.0000000000000000000, -11.21209246179030572 ) ) ;
#996 = CARTESIAN_POINT ( 'NONE',  ( 12.00000000000000000, -6.928203230275528313, -1.071796769724495890 ) ) ;
#997 = DIRECTION ( 'NONE',  ( -0.0000000000000000000, -0.0000000000000000000, 1.000000000000000000 ) ) ;
#998 = CARTESIAN_POINT ( 'NONE',  ( 7.000000000000000000, 0.0000000000000000000, -6.669057538209719027 ) ) ;
#999 = DIRECTION ( 'NONE',  ( 0.0000000000000000000, 0.0000000000000000000, 1.000000000000000000 ) ) ;
#1000 = FACE_OUTER_BOUND ( 'NONE', #725, .T. ) ;
#1001 = ORIENTED_EDGE ( 'NONE', *, *, #1625, .T. ) ;
#1002 = CARTESIAN_POINT ( 'NONE',  ( 0.0000000000000000000, 0.0000000000000000000, -7.249792461790304898 ) ) ;
#1003 = DIRECTION ( 'NONE',  ( 1.000000000000000000, 0.0000000000000000000, 0.0000000000000000000 ) ) ;
#1004 = DIRECTION ( 'NONE',  ( -0.0000000000000000000, -0.0000000000000000000, -1.000000000000000000 ) ) ;
#1005 = STYLED_ITEM ( 'NONE', ( #1475 ), #450 ) ;
#1006 = CARTESIAN_POINT ( 'NONE',  ( 0.0000000000000000000, 0.0000000000000000000, -15.90000000000000036 ) ) ;
#1007 = CARTESIAN_POINT ( 'NONE',  ( -12.00000000000000000, 6.928203230275506108, -15.90000000000000036 ) ) ;
#1008 = DIRECTION ( 'NONE',  ( -1.000000000000000000, 0.0000000000000000000, 0.0000000000000000000 ) ) ;
#1009 = CARTESIAN_POINT ( 'NONE',  ( 6.000000000000007105, -10.39230484541326582, 0.0000000000000000000 ) ) ;
#1010 = CARTESIAN_POINT ( 'NONE',  ( -11.99999999999999645, 0.0000000000000000000, -15.90000000000000036 ) ) ;
#1011 = DIRECTION ( 'NONE',  ( -0.0000000000000000000, -0.0000000000000000000, -1.000000000000000000 ) ) ;
#1012 = CIRCLE ( 'NONE', #2067, 7.000000000000000000 ) ;
#1013 = CIRCLE ( 'NONE', #1976, 8.000000000000000000 ) ;
#1014 = VECTOR ( 'NONE', #1722, 999.9999999999998863 ) ;
#1015 = CARTESIAN_POINT ( 'NONE',  ( -8.000000000000000000, 0.0000000000000000000, -13.89344999999999963 ) ) ;
#1016 = EDGE_LOOP ( 'NONE', ( #100, #68, #53, #288 ) ) ;
#1017 =( NAMED_UNIT ( * ) SI_UNIT ( $, .STERADIAN. ) SOLID_ANGLE_UNIT ( ) );
#1018 = AXIS2_PLACEMENT_3D ( 'NONE', #1043, #1046, #1329 ) ;
#1019 = VERTEX_POINT ( 'NONE', #1180 ) ;
#1020 = CARTESIAN_POINT ( 'NONE',  ( -3.464965446656449899, 11.85590772719116792, -15.70402049070123596 ) ) ;
#1021 =( NAMED_UNIT ( * ) PLANE_ANGLE_UNIT ( ) SI_UNIT ( $, .RADIAN. ) );
#1022 =( LENGTH_UNIT ( ) NAMED_UNIT ( * ) SI_UNIT ( .MILLI., .METRE. ) );
#1023 = DIRECTION ( 'NONE',  ( 0.0000000000000000000, 0.0000000000000000000, 1.000000000000000000 ) ) ;
#1024 = SURFACE_STYLE_USAGE ( .BOTH. , #1025 ) ;
#1025 = SURFACE_SIDE_STYLE ('',( #1497 ) ) ;
#1026 = FILL_AREA_STYLE ('',( #1048 ) ) ;
#1027 = FACE_OUTER_BOUND ( 'NONE', #872, .T. ) ;
#1028 = CARTESIAN_POINT ( 'NONE',  ( -7.000000000000000000, 8.572527594031473190E-16, -5.268642461790305376 ) ) ;
#1029 = DIRECTION ( 'NONE',  ( -1.000000000000000000, 0.0000000000000000000, 0.0000000000000000000 ) ) ;
#1030 = DIRECTION ( 'NONE',  ( -0.0000000000000000000, -0.0000000000000000000, -1.000000000000000000 ) ) ;
#1031 = CARTESIAN_POINT ( 'NONE',  ( 7.000000000000000000, 0.0000000000000000000, -0.7256075382097182391 ) ) ;
#1032 = CARTESIAN_POINT ( 'NONE',  ( 0.0000000000000000000, 0.0000000000000000000, -3.987700000000000244 ) ) ;
#1033 = CARTESIAN_POINT ( 'NONE',  ( 0.0000000000000000000, 0.0000000000000000000, -15.90000000000000036 ) ) ;
#1034 = CIRCLE ( 'NONE', #2007, 7.981862520314374265 ) ;
#1035 = DIRECTION ( 'NONE',  ( 0.0000000000000000000, 0.0000000000000000000, 1.000000000000000000 ) ) ;
#1036 = SURFACE_STYLE_FILL_AREA ( #1560 ) ;
#1037 = FACE_OUTER_BOUND ( 'NONE', #407, .T. ) ;
#1038 = CYLINDRICAL_SURFACE ( 'NONE', #1904, 7.000000000000000000 ) ;
#1039 = DIRECTION ( 'NONE',  ( -1.000000000000000000, 0.0000000000000000000, 0.0000000000000000000 ) ) ;
#1040 = CARTESIAN_POINT ( 'NONE',  ( 0.0000000000000000000, 0.0000000000000000000, -4.687907538209717728 ) ) ;
#1041 = VECTOR ( 'NONE', #97, 1000.000000000000227 ) ;
#1042 = ORIENTED_EDGE ( 'NONE', *, *, #299, .T. ) ;
#1043 = CARTESIAN_POINT ( 'NONE',  ( 0.0000000000000000000, 0.0000000000000000000, -13.89344999999999963 ) ) ;
#1044 = DIRECTION ( 'NONE',  ( -0.0000000000000000000, -0.0000000000000000000, -1.000000000000000000 ) ) ;
#1045 = CARTESIAN_POINT ( 'NONE',  ( 0.0000000000000000000, 0.0000000000000000000, -10.63135753820971985 ) ) ;
#1046 = DIRECTION ( 'NONE',  ( -0.0000000000000000000, -0.0000000000000000000, -1.000000000000000000 ) ) ;
#1047 = CARTESIAN_POINT ( 'NONE',  ( 0.0000000000000000000, 0.0000000000000000000, -5.968850000000000655 ) ) ;
#1048 = FILL_AREA_STYLE_COLOUR ( '', #1496 ) ;
#1049 = DIRECTION ( 'NONE',  ( -1.000000000000000000, 0.0000000000000000000, 0.0000000000000000000 ) ) ;
#1050 = DIRECTION ( 'NONE',  ( -0.0000000000000000000, -0.0000000000000000000, -1.000000000000000000 ) ) ;
#1051 = ORIENTED_EDGE ( 'NONE', *, *, #632, .F. ) ;
#1052 = CARTESIAN_POINT ( 'NONE',  ( 0.0000000000000000000, 0.0000000000000000000, -13.19324246179030524 ) ) ;
#1053 = LINE ( 'NONE', #1746, #902 ) ;
#1054 = DIRECTION ( 'NONE',  ( -0.0000000000000000000, -0.0000000000000000000, -1.000000000000000000 ) ) ;
#1055 = DIRECTION ( 'NONE',  ( -1.000000000000000000, 0.0000000000000000000, 0.0000000000000000000 ) ) ;
#1056 = PRODUCT ( 'M16', 'M16', '', ( #311 ) ) ;
#1057 = EDGE_LOOP ( 'NONE', ( #1695, #1328, #1751, #1802 ) ) ;
#1058 = DIRECTION ( 'NONE',  ( -0.0000000000000000000, -0.0000000000000000000, -1.000000000000000000 ) ) ;
#1059 = ORIENTED_EDGE ( 'NONE', *, *, #667, .F. ) ;
#1060 = CARTESIAN_POINT ( 'NONE',  ( 0.0000000000000000000, 0.0000000000000000000, -13.19324246179030524 ) ) ;
#1061 = DIRECTION ( 'NONE',  ( -0.8191520442889974607, 0.0000000000000000000, -0.5735764363510380548 ) ) ;
#1062 = DIRECTION ( 'NONE',  ( -1.000000000000000000, 0.0000000000000000000, 0.0000000000000000000 ) ) ;
#1063 = COLOUR_RGB ( '',0.7764705882352941346, 0.7568627450980391913, 0.7372549019607843590 ) ;
#1064 = CARTESIAN_POINT ( 'NONE',  ( 8.000000000000000000, 9.797174393178825657E-16, -11.91230000000000011 ) ) ;
#1065 = CONICAL_SURFACE ( 'NONE', #1851, 7.000000000000000000, 0.9599310885968755924 ) ;
#1066 = ORIENTED_EDGE ( 'NONE', *, *, #381, .F. ) ;
#1067 = ORIENTED_EDGE ( 'NONE', *, *, #248, .T. ) ;
#1068 = DIRECTION ( 'NONE',  ( 0.0000000000000000000, 0.0000000000000000000, 1.000000000000000000 ) ) ;
#1069 = CARTESIAN_POINT ( 'NONE',  ( -7.000000000000000000, 8.572527594031473190E-16, -15.90000000000000036 ) ) ;
#1070 = ORIENTED_EDGE ( 'NONE', *, *, #164, .T. ) ;
#1071 = CONICAL_SURFACE ( 'NONE', #2009, 7.000000000000000000, 0.9599310885968755924 ) ;
#1072 = DIRECTION ( 'NONE',  ( 1.000000000000000000, 0.0000000000000000000, 0.0000000000000000000 ) ) ;
#1073 = CARTESIAN_POINT ( 'NONE',  ( -0.9790701977573793569, 13.29114001832025949, -15.15455996286145179 ) ) ;
#1074 = FACE_OUTER_BOUND ( 'NONE', #373, .T. ) ;
#1075 = CARTESIAN_POINT ( 'NONE',  ( 6.000000000000012434, 10.39230484541326049, 0.0000000000000000000 ) ) ;
#1076 = DIRECTION ( 'NONE',  ( -0.0000000000000000000, -0.0000000000000000000, 1.000000000000000000 ) ) ;
#1077 = CARTESIAN_POINT ( 'NONE',  ( 0.0000000000000000000, 0.0000000000000000000, -15.87459999999999916 ) ) ;
#1078 = CARTESIAN_POINT ( 'NONE',  ( 7.000000000000000000, 0.0000000000000000000, -14.59365753820971712 ) ) ;
#1079 = DIRECTION ( 'NONE',  ( 1.000000000000000000, 0.0000000000000000000, 0.0000000000000000000 ) ) ;
#1080 = ORIENTED_EDGE ( 'NONE', *, *, #592, .T. ) ;
#1081 = CARTESIAN_POINT ( 'NONE',  ( 7.020684431968923001, 9.803012413858347429, -15.87466674670685229 ) ) ;
#1082 = VERTEX_POINT ( 'NONE', #1190 ) ;
#1083 = CARTESIAN_POINT ( 'NONE',  ( 8.673617379884035472E-16, 13.85640646055102643, -14.82820323027550558 ) ) ;
#1084 = DIRECTION ( 'NONE',  ( -0.0000000000000000000, -0.0000000000000000000, 1.000000000000000000 ) ) ;
#1085 = CARTESIAN_POINT ( 'NONE',  ( 0.0000000000000000000, 0.0000000000000000000, 0.0000000000000000000 ) ) ;
#1086 = CARTESIAN_POINT ( 'NONE',  ( -8.000000000000000000, 0.0000000000000000000, -5.968850000000000655 ) ) ;
#1087 = LINE ( 'NONE', #1748, #1014 ) ;
#1088 = FACE_OUTER_BOUND ( 'NONE', #1312, .T. ) ;
#1089 = CARTESIAN_POINT ( 'NONE',  ( 7.000000000000000000, 0.0000000000000000000, -12.61250753820971759 ) ) ;
#1090 = ORIENTED_EDGE ( 'NONE', *, *, #260, .F. ) ;
#1091 = CARTESIAN_POINT ( 'NONE',  ( 0.0000000000000000000, 0.0000000000000000000, 0.0000000000000000000 ) ) ;
#1092 = DIRECTION ( 'NONE',  ( -0.0000000000000000000, 0.0000000000000000000, -1.000000000000000000 ) ) ;
#1093 = CARTESIAN_POINT ( 'NONE',  ( -1.966308894373120619, 12.72115749107474514, -15.42397379176723504 ) ) ;
#1094 = ORIENTED_EDGE ( 'NONE', *, *, #562, .T. ) ;
#1095 = ORIENTED_EDGE ( 'NONE', *, *, #629, .F. ) ;
#1096 = CARTESIAN_POINT ( 'NONE',  ( -2.602085213965210642E-14, -13.85640646055102820, -1.071796769724495890 ) ) ;
#1097 = CYLINDRICAL_SURFACE ( 'NONE', #1891, 7.000000000000000000 ) ;
#1098 = CONICAL_SURFACE ( 'NONE', #1833, 7.000000000000000000, 0.9599310885968755924 ) ;
#1099 = DIRECTION ( 'NONE',  ( -1.000000000000000000, 0.0000000000000000000, 0.0000000000000000000 ) ) ;
#1100 = CARTESIAN_POINT ( 'NONE',  ( 0.9790701977573719184, -13.29114001832028080, -0.7454400371385562218 ) ) ;
#1101 = CARTESIAN_POINT ( 'NONE',  ( 1.966308894373116845, -12.72115749107476645, -0.4760262082327715860 ) ) ;
#1102 = CIRCLE ( 'NONE', #2069, 7.000000000000000000 ) ;
#1103 = CARTESIAN_POINT ( 'NONE',  ( 12.00000000000000000, -6.928203230275528313, -14.82820323027550558 ) ) ;
#1104 = CARTESIAN_POINT ( 'NONE',  ( 3.464965446656449899, -11.85590772719118036, -0.1959795092987777487 ) ) ;
#1105 = CARTESIAN_POINT ( 'NONE',  ( 3.967492730755041830, -11.56577346444172960, -0.1233701403699426769 ) ) ;
#1106 = CARTESIAN_POINT ( 'NONE',  ( -6.000000000000008882, 10.39230484541326227, -15.90000000000000036 ) ) ;
#1107 = CARTESIAN_POINT ( 'NONE',  ( 4.979315568031091210, -10.98159727696819132, -0.02533325329316001018 ) ) ;
#1108 = ORIENTED_EDGE ( 'NONE', *, *, #1596, .F. ) ;
#1109 = DIRECTION ( 'NONE',  ( 0.8191520442889885789, 0.0000000000000000000, 0.5735764363510507113 ) ) ;
#1110 = FACE_OUTER_BOUND ( 'NONE', #236, .T. ) ;
#1111 = CARTESIAN_POINT ( 'NONE',  ( 0.0000000000000000000, 0.0000000000000000000, -7.950000000000000178 ) ) ;
#1112 = ORIENTED_EDGE ( 'NONE', *, *, #250, .T. ) ;
#1113 = CARTESIAN_POINT ( 'NONE',  ( 6.000000000000007105, -10.39230484541326582, 0.0000000000000000000 ) ) ;
#1114 = DIRECTION ( 'NONE',  ( -1.000000000000000000, 0.0000000000000000000, 0.0000000000000000000 ) ) ;
#1115 = CARTESIAN_POINT ( 'NONE',  ( -3.967492730755045383, 11.56577346444171539, -15.77662985963007181 ) ) ;
#1116 = ORIENTED_EDGE ( 'NONE', *, *, #404, .F. ) ;
#1117 = DIRECTION ( 'NONE',  ( -0.0000000000000000000, -0.0000000000000000000, -1.000000000000000000 ) ) ;
#1118 = ORIENTED_EDGE ( 'NONE', *, *, #322, .T. ) ;
#1119 = CARTESIAN_POINT ( 'NONE',  ( -5.490800045006634988, 10.68629157650002703, -15.90000000000001457 ) ) ;
#1120 = DIRECTION ( 'NONE',  ( -1.000000000000000000, 0.0000000000000000000, 0.0000000000000000000 ) ) ;
#1121 = CONICAL_SURFACE ( 'NONE', #1942, 12.00000000000000355, 1.047197551196596743 ) ;
#1122 = VERTEX_POINT ( 'NONE', #1158 ) ;
#1123 = CARTESIAN_POINT ( 'NONE',  ( 5.490800045006636765, -10.68629157650004124, 9.624411863176983658E-16 ) ) ;
#1124 = FACE_OUTER_BOUND ( 'NONE', #1442, .T. ) ;
#1125 = CARTESIAN_POINT ( 'NONE',  ( 8.000000000000000000, 9.797174393178825657E-16, -5.968850000000000655 ) ) ;
#1126 = CARTESIAN_POINT ( 'NONE',  ( -12.00000000000000000, -6.928203230275524760, -1.071796769724495890 ) ) ;
#1127 = CARTESIAN_POINT ( 'NONE',  ( -8.000000000000000000, 0.0000000000000000000, -0.02540000000000007530 ) ) ;
#1128 = DIRECTION ( 'NONE',  ( -1.000000000000000000, 0.0000000000000000000, 0.0000000000000000000 ) ) ;
#1129 = DIRECTION ( 'NONE',  ( -0.0000000000000000000, -0.0000000000000000000, -1.000000000000000000 ) ) ;
#1130 = EDGE_LOOP ( 'NONE', ( #26, #687, #117 ) ) ;
#1131 = CIRCLE ( 'NONE', #2077, 7.000000000000000000 ) ;
#1132 = EDGE_LOOP ( 'NONE', ( #866, #827, #822, #741 ) ) ;
#1133 = CARTESIAN_POINT ( 'NONE',  ( 0.0000000000000000000, 0.0000000000000000000, -4.687907538209717728 ) ) ;
#1134 = CARTESIAN_POINT ( 'NONE',  ( 12.00000000000000000, -6.928203230275523872, -15.90000000000000036 ) ) ;
#1135 = CARTESIAN_POINT ( 'NONE',  ( 8.000000000000000000, 9.797174393178825657E-16, -3.987700000000000244 ) ) ;
#1136 = CARTESIAN_POINT ( 'NONE',  ( -4.979315568031089434, 10.98159727696817356, -15.87466674670685229 ) ) ;
#1137 = ORIENTED_EDGE ( 'NONE', *, *, #1672, .F. ) ;
#1138 = DIRECTION ( 'NONE',  ( -1.000000000000000000, 0.0000000000000000000, 0.0000000000000000000 ) ) ;
#1139 = DIRECTION ( 'NONE',  ( -0.8191520442889885789, 1.003171929053520802E-16, 0.5735764363510507113 ) ) ;
#1140 = DIRECTION ( 'NONE',  ( -0.0000000000000000000, -0.0000000000000000000, -1.000000000000000000 ) ) ;
#1141 = ORIENTED_EDGE ( 'NONE', *, *, #648, .T. ) ;
#1142 = CARTESIAN_POINT ( 'NONE',  ( 0.0000000000000000000, 0.0000000000000000000, -5.268642461790305376 ) ) ;
#1143 = CONICAL_SURFACE ( 'NONE', #1830, 8.000000000000000000, 0.9599310885968911355 ) ;
#1144 = CARTESIAN_POINT ( 'NONE',  ( -7.000000000000000000, 8.572527594031473190E-16, -12.61250753820971759 ) ) ;
#1145 = AXIS2_PLACEMENT_3D ( 'NONE', #1085, #1084, #1079 ) ;
#1146 = VECTOR ( 'NONE', #1714, 1000.000000000000000 ) ;
#1147 = DIRECTION ( 'NONE',  ( -1.000000000000000000, 0.0000000000000000000, 0.0000000000000000000 ) ) ;
#1148 = EDGE_LOOP ( 'NONE', ( #80, #11, #83, #717 ) ) ;
#1149 = B_SPLINE_CURVE_WITH_KNOTS ( 'NONE', 3,
 ( #1283, #1395, #1417, #1302, #1301, #1299, #1434, #1405 ),
 .UNSPECIFIED., .F., .F.,
 ( 4, 2, 2, 4 ),
 ( 0.01936970057594186376, 0.02112296051615074680, 0.02287622045635963330, 0.02638274033677739938 ),
 .UNSPECIFIED. ) ;
#1150 = CARTESIAN_POINT ( 'NONE',  ( 6.000000000000012434, 10.39230484541326049, -15.90000000000000036 ) ) ;
#1151 = CARTESIAN_POINT ( 'NONE',  ( 7.000000000000000000, 0.0000000000000000000, -14.59365753820971712 ) ) ;
#1152 = ORIENTED_EDGE ( 'NONE', *, *, #470, .T. ) ;
#1153 = VECTOR ( 'NONE', #118, 1000.000000000000000 ) ;
#1154 = AXIS2_PLACEMENT_3D ( 'NONE', #977, #975, #971 ) ;
#1155 = CARTESIAN_POINT ( 'NONE',  ( -8.000000000000000000, 0.0000000000000000000, -3.987700000000000244 ) ) ;
#1156 = DIRECTION ( 'NONE',  ( -1.000000000000000000, 0.0000000000000000000, 0.0000000000000000000 ) ) ;
#1157 = VERTEX_POINT ( 'NONE', #1151 ) ;
#1158 = CARTESIAN_POINT ( 'NONE',  ( 8.000000000000000000, 0.0000000000000000000, -15.90000000000000036 ) ) ;
#1159 = DIRECTION ( 'NONE',  ( -0.0000000000000000000, -0.0000000000000000000, -1.000000000000000000 ) ) ;
#1160 = PRESENTATION_STYLE_ASSIGNMENT (( #1757 ) ) ;
#1161 = CARTESIAN_POINT ( 'NONE',  ( 0.0000000000000000000, 0.0000000000000000000, -6.669057538209719027 ) ) ;
#1162 = SURFACE_SIDE_STYLE ('',( #183 ) ) ;
#1163 = CIRCLE ( 'NONE', #1790, 8.000000000000000000 ) ;
#1164 = SURFACE_STYLE_USAGE ( .BOTH. , #1162 ) ;
#1165 = CARTESIAN_POINT ( 'NONE',  ( -12.00000000000000355, 0.0000000000000000000, 0.0000000000000000000 ) ) ;
#1166 = DIRECTION ( 'NONE',  ( -0.0000000000000000000, -0.0000000000000000000, -1.000000000000000000 ) ) ;
#1167 = LINE ( 'NONE', #1694, #1146 ) ;
#1168 = CARTESIAN_POINT ( 'NONE',  ( 12.00000000000000000, -6.928203230275528313, -1.071796769724495890 ) ) ;
#1169 = LINE ( 'NONE', #888, #719 ) ;
#1170 = CARTESIAN_POINT ( 'NONE',  ( 0.0000000000000000000, 0.0000000000000000000, -11.91230000000000011 ) ) ;
#1171 = B_SPLINE_CURVE_WITH_KNOTS ( 'NONE', 3,
 ( #1919, #847, #1518, #1520, #1522, #1524 ),
 .UNSPECIFIED., .F., .F.,
 ( 4, 2, 4 ),
 ( 2.380729645490762625E-07, 0.003505341553885857244, 0.007010445034807163793 ),
 .UNSPECIFIED. ) ;
#1172 = EDGE_LOOP ( 'NONE', ( #124, #31, #1, #41, #277, #380 ) ) ;
#1173 =( NAMED_UNIT ( * ) PLANE_ANGLE_UNIT ( ) SI_UNIT ( $, .RADIAN. ) );
#1174 =( LENGTH_UNIT ( ) NAMED_UNIT ( * ) SI_UNIT ( .MILLI., .METRE. ) );
#1175 = ORIENTED_EDGE ( 'NONE', *, *, #435, .T. ) ;
#1176 = DIRECTION ( 'NONE',  ( -1.000000000000000000, 0.0000000000000000000, 0.0000000000000000000 ) ) ;
#1177 = CARTESIAN_POINT ( 'NONE',  ( 7.000000000000000000, 0.0000000000000000000, -10.63135753820971985 ) ) ;
#1178 = DIRECTION ( 'NONE',  ( -0.0000000000000000000, -0.0000000000000000000, -1.000000000000000000 ) ) ;
#1179 = FACE_OUTER_BOUND ( 'NONE', #448, .T. ) ;
#1180 = CARTESIAN_POINT ( 'NONE',  ( -12.00000000000000000, 6.928203230275506108, -1.071796769724490117 ) ) ;
#1181 = CARTESIAN_POINT ( 'NONE',  ( -11.01847871666546475, 7.494884807424047501, -15.15537699138732641 ) ) ;
#1182 = AXIS2_PLACEMENT_3D ( 'NONE', #1033, #1035, #1499 ) ;
#1183 = CARTESIAN_POINT ( 'NONE',  ( 0.0000000000000000000, 0.0000000000000000000, -11.21209246179030572 ) ) ;
#1184 = DIRECTION ( 'NONE',  ( -0.0000000000000000000, -0.0000000000000000000, -1.000000000000000000 ) ) ;
#1185 = EDGE_LOOP ( 'NONE', ( #119, #2, #78, #14 ) ) ;
#1186 = DIRECTION ( 'NONE',  ( -0.0000000000000000000, -0.0000000000000000000, -1.000000000000000000 ) ) ;
#1187 = AXIS2_PLACEMENT_3D ( 'NONE', #1709, #1117, #1114 ) ;
#1188 = DIRECTION ( 'NONE',  ( -1.000000000000000000, 0.0000000000000000000, 0.0000000000000000000 ) ) ;
#1189 = EDGE_CURVE ( 'NONE', #530, #1286, #2083, .T. ) ;
#1190 = CARTESIAN_POINT ( 'NONE',  ( -7.000000000000000000, 8.572527594031473190E-16, -7.249792461790304898 ) ) ;
#1191 = LINE ( 'NONE', #1717, #1344 ) ;
#1192 = VECTOR ( 'NONE', #675, 1000.000000000000000 ) ;
#1193 = UNCERTAINTY_MEASURE_WITH_UNIT (LENGTH_MEASURE( 1.000000000000000082E-05 ), #536, 'distance_accuracy_value', 'NONE');
#1194 = FILL_AREA_STYLE_COLOUR ( '', #300 ) ;
#1195 = CARTESIAN_POINT ( 'NONE',  ( -8.000000000000000000, 0.0000000000000000000, -7.950000000000000178 ) ) ;
#1196 = CARTESIAN_POINT ( 'NONE',  ( -10.02978802437156070, 8.065705644765213123, -15.42491953530559456 ) ) ;
#1197 = CARTESIAN_POINT ( 'NONE',  ( -8.031737012268314047, 9.219280934457625420, -15.79785204356388562 ) ) ;
#1198 = CARTESIAN_POINT ( 'NONE',  ( -7.022222184832250136, 9.802124591828757616, -15.90000000000001101 ) ) ;
#1199 = CARTESIAN_POINT ( 'NONE',  ( -6.000000000000008882, 10.39230484541326227, -15.90000000000000036 ) ) ;
#1200 = CARTESIAN_POINT ( 'NONE',  ( 0.0000000000000000000, 0.0000000000000000000, 0.0000000000000000000 ) ) ;
#1201 = ORIENTED_EDGE ( 'NONE', *, *, #483, .F. ) ;
#1202 = FACE_OUTER_BOUND ( 'NONE', #1185, .T. ) ;
#1203 = CARTESIAN_POINT ( 'NONE',  ( 0.0000000000000000000, 0.0000000000000000000, 0.0000000000000000000 ) ) ;
#1204 = CARTESIAN_POINT ( 'NONE',  ( -12.00000000000000000, -6.928203230275524760, -14.82820323027550558 ) ) ;
#1205 = CARTESIAN_POINT ( 'NONE',  ( -2.602085213965210642E-14, -13.85640646055102820, -1.071796769724495890 ) ) ;
#1206 = CARTESIAN_POINT ( 'NONE',  ( 0.0000000000000000000, 0.0000000000000000000, -10.63135753820971985 ) ) ;
#1207 = CARTESIAN_POINT ( 'NONE',  ( -8.000000000000000000, 0.0000000000000000000, -2.006550000000000278 ) ) ;
#1208 = DIRECTION ( 'NONE',  ( -0.0000000000000000000, -0.0000000000000000000, -1.000000000000000000 ) ) ;
#1209 = CARTESIAN_POINT ( 'NONE',  ( 7.000000000000000000, 0.0000000000000000000, -5.268642461790305376 ) ) ;
#1210 = DIRECTION ( 'NONE',  ( -1.000000000000000000, 0.0000000000000000000, 0.0000000000000000000 ) ) ;
#1211 = CARTESIAN_POINT ( 'NONE',  ( -7.000000000000000000, 8.572527594031473190E-16, -14.59365753820971712 ) ) ;
#1212 = CARTESIAN_POINT ( 'NONE',  ( 0.0000000000000000000, 0.0000000000000000000, -9.230942461790306197 ) ) ;
#1213 = AXIS2_PLACEMENT_3D ( 'NONE', #1489, #1004, #1490 ) ;
#1214 = CARTESIAN_POINT ( 'NONE',  ( 7.000000000000000000, 0.0000000000000000000, -13.19324246179030524 ) ) ;
#1215 = DIRECTION ( 'NONE',  ( -0.0000000000000000000, -0.0000000000000000000, -1.000000000000000000 ) ) ;
#1216 = DIRECTION ( 'NONE',  ( -1.000000000000000000, 0.0000000000000000000, 0.0000000000000000000 ) ) ;
#1217 = CARTESIAN_POINT ( 'NONE',  ( -7.000000000000000000, 8.572527594031473190E-16, -15.17439246179028700 ) ) ;
#1218 = VECTOR ( 'NONE', #157, 1000.000000000000000 ) ;
#1219 = ORIENTED_EDGE ( 'NONE', *, *, #559, .T. ) ;
#1220 = EDGE_LOOP ( 'NONE', ( #8, #61, #106 ) ) ;
#1221 = CONICAL_SURFACE ( 'NONE', #1908, 8.000000000000000000, 0.9599310885968911355 ) ;
#1222 = DIRECTION ( 'NONE',  ( -1.000000000000000000, 0.0000000000000000000, 0.0000000000000000000 ) ) ;
#1223 = DIRECTION ( 'NONE',  ( -0.0000000000000000000, 0.0000000000000000000, -1.000000000000000000 ) ) ;
#1224 = CARTESIAN_POINT ( 'NONE',  ( 0.0000000000000000000, 0.0000000000000000000, -8.650207538209718550 ) ) ;
#1225 = DIRECTION ( 'NONE',  ( -0.0000000000000000000, -0.0000000000000000000, -1.000000000000000000 ) ) ;
#1226 = CARTESIAN_POINT ( 'NONE',  ( -6.000000000000010658, -10.39230484541326227, -15.90000000000000036 ) ) ;
#1227 = EDGE_LOOP ( 'NONE', ( #985, #876, #733 ) ) ;
#1228 = FILL_AREA_STYLE ('',( #1194 ) ) ;
#1229 = ORIENTED_EDGE ( 'NONE', *, *, #1404, .F. ) ;
#1230 = DIRECTION ( 'NONE',  ( -0.0000000000000000000, 0.0000000000000000000, -1.000000000000000000 ) ) ;
#1231 = ORIENTED_EDGE ( 'NONE', *, *, #597, .F. ) ;
#1232 = CARTESIAN_POINT ( 'NONE',  ( -5.490800045006635877, 10.68629157650002881, 8.962737959213505425E-15 ) ) ;
#1233 = CARTESIAN_POINT ( 'NONE',  ( 0.0000000000000000000, 0.0000000000000000000, -4.687907538209717728 ) ) ;
#1234 = DIRECTION ( 'NONE',  ( 0.0000000000000000000, 0.0000000000000000000, 1.000000000000000000 ) ) ;
#1235 = DIRECTION ( 'NONE',  ( 1.000000000000000000, 0.0000000000000000000, 0.0000000000000000000 ) ) ;
#1236 = CARTESIAN_POINT ( 'NONE',  ( 0.0000000000000000000, 0.0000000000000000000, -25.03750572909317285 ) ) ;
#1237 = CARTESIAN_POINT ( 'NONE',  ( -11.99999999999999645, 5.807951393103192750, -15.15159208015131220 ) ) ;
#1238 = DIRECTION ( 'NONE',  ( -1.000000000000000000, 0.0000000000000000000, 0.0000000000000000000 ) ) ;
#1239 = PRODUCT_DEFINITION_CONTEXT ( 'detailed design', #303, 'design' ) ;
#1240 = CARTESIAN_POINT ( 'NONE',  ( -12.00000000000000178, -1.170752406943651680, -15.90000000000000391 ) ) ;
#1241 = EDGE_LOOP ( 'NONE', ( #1315, #1364, #54, #1791 ) ) ;
#1242 = FACE_OUTER_BOUND ( 'NONE', #460, .T. ) ;
#1243 = DIRECTION ( 'NONE',  ( 1.000000000000000000, 0.0000000000000000000, 0.0000000000000000000 ) ) ;
#1244 = ORIENTED_EDGE ( 'NONE', *, *, #513, .F. ) ;
#1245 = AXIS2_PLACEMENT_3D ( 'NONE', #1032, #1030, #1029 ) ;
#1246 = ORIENTED_EDGE ( 'NONE', *, *, #598, .F. ) ;
#1247 = CARTESIAN_POINT ( 'NONE',  ( 6.509199954993379222, 10.09831811432648863, -15.90000000000001457 ) ) ;
#1248 = DIRECTION ( 'NONE',  ( 0.0000000000000000000, 0.0000000000000000000, 1.000000000000000000 ) ) ;
#1249 = AXIS2_PLACEMENT_3D ( 'NONE', #1052, #1050, #1049 ) ;
#1250 = ORIENTED_EDGE ( 'NONE', *, *, #259, .T. ) ;
#1251 = DIRECTION ( 'NONE',  ( 0.0000000000000000000, 0.0000000000000000000, 1.000000000000000000 ) ) ;
#1252 = ORIENTED_EDGE ( 'NONE', *, *, #166, .F. ) ;
#1253 = ORIENTED_EDGE ( 'NONE', *, *, #581, .T. ) ;
#1254 = LINE ( 'NONE', #678, #1192 ) ;
#1255 = DIRECTION ( 'NONE',  ( -0.0000000000000000000, -0.0000000000000000000, -1.000000000000000000 ) ) ;
#1256 = DIRECTION ( 'NONE',  ( -0.0000000000000000000, -0.0000000000000000000, 1.000000000000000000 ) ) ;
#1257 = ORIENTED_EDGE ( 'NONE', *, *, #650, .T. ) ;
#1258 = ORIENTED_EDGE ( 'NONE', *, *, #278, .T. ) ;
#1259 = CARTESIAN_POINT ( 'NONE',  ( 11.02092980224261609, 7.493469672506272161, -15.15455996286146600 ) ) ;
#1260 = FACE_OUTER_BOUND ( 'NONE', #949, .T. ) ;
#1261 = VERTEX_POINT ( 'NONE', #1125 ) ;
#1262 = DIRECTION ( 'NONE',  ( 0.0000000000000000000, 0.0000000000000000000, -1.000000000000000000 ) ) ;
#1263 = DIRECTION ( 'NONE',  ( 0.0000000000000000000, 0.0000000000000000000, 1.000000000000000000 ) ) ;
#1264 = CARTESIAN_POINT ( 'NONE',  ( -11.99999999999999822, -5.801387104618769719, -0.7465129729868761332 ) ) ;
#1265 = CARTESIAN_POINT ( 'NONE',  ( -7.000000000000000000, 8.572527594031473190E-16, -0.7256075382097182391 ) ) ;
#1266 = CARTESIAN_POINT ( 'NONE',  ( -3.968262987731706382, -11.56532875636890623, -15.79785204356388562 ) ) ;
#1267 = MECHANICAL_DESIGN_GEOMETRIC_PRESENTATION_REPRESENTATION (  '', ( #1005 ), #952 ) ;
#1268 = CARTESIAN_POINT ( 'NONE',  ( 6.000000000000012434, 10.39230484541326049, -15.90000000000000036 ) ) ;
#1269 = AXIS2_PLACEMENT_3D ( 'NONE', #1060, #1058, #1062 ) ;
#1270 = CARTESIAN_POINT ( 'NONE',  ( -4.977777815167772957, -10.98248509899777758, -15.90000000000000391 ) ) ;
#1271 = CARTESIAN_POINT ( 'NONE',  ( -6.000000000000010658, -10.39230484541326227, -15.90000000000000036 ) ) ;
#1272 = VECTOR ( 'NONE', #1658, 1000.000000000000000 ) ;
#1273 = CARTESIAN_POINT ( 'NONE',  ( 10.03369110562687716, 8.063452199751781180, -15.42397379176724215 ) ) ;
#1274 = CARTESIAN_POINT ( 'NONE',  ( -12.00000000000000000, -6.928203230275524760, -14.82820323027550558 ) ) ;
#1275 = EDGE_CURVE ( 'NONE', #529, #1968, #770, .T. ) ;
#1276 = CARTESIAN_POINT ( 'NONE',  ( -12.00000000000000355, 0.0000000000000000000, 0.0000000000000000000 ) ) ;
#1277 = VERTEX_POINT ( 'NONE', #1150 ) ;
#1278 = CARTESIAN_POINT ( 'NONE',  ( 8.535034553343553654, 8.928701963635354844, -15.70402049070122885 ) ) ;
#1279 = CARTESIAN_POINT ( 'NONE',  ( 8.032507269244963055, 9.218836226384805599, -15.77662985963006470 ) ) ;
#1280 = VERTEX_POINT ( 'NONE', #1103 ) ;
#1281 = EDGE_LOOP ( 'NONE', ( #567, #312, #63 ) ) ;
#1282 = DIRECTION ( 'NONE',  ( -0.0000000000000000000, -0.0000000000000000000, -1.000000000000000000 ) ) ;
#1283 = CARTESIAN_POINT ( 'NONE',  ( -12.00000000000000355, 0.0000000000000000000, 0.0000000000000000000 ) ) ;
#1284 = ORIENTED_EDGE ( 'NONE', *, *, #640, .F. ) ;
#1285 = CARTESIAN_POINT ( 'NONE',  ( -12.00000000000000178, -2.333919766284215491, -0.1006330532450305376 ) ) ;
#1286 = VERTEX_POINT ( 'NONE', #1127 ) ;
#1287 = CARTESIAN_POINT ( 'NONE',  ( -12.00000000000000178, -1.170752406943650792, 1.951563910473907981E-15 ) ) ;
#1288 = CARTESIAN_POINT ( 'NONE',  ( -12.00000000000000178, 0.5857239961182024723, -15.90000000000000391 ) ) ;
#1289 = CARTESIAN_POINT ( 'NONE',  ( -12.00000000000000178, -4.647306338817263516, -0.4736860157878109434 ) ) ;
#1290 = CARTESIAN_POINT ( 'NONE',  ( 0.0000000000000000000, 0.0000000000000000000, -2.006550000000000278 ) ) ;
#1291 = ORIENTED_EDGE ( 'NONE', *, *, #291, .F. ) ;
#1292 = CONICAL_SURFACE ( 'NONE', #1866, 12.00000000000000355, 1.047197551196596743 ) ;
#1293 = DIRECTION ( 'NONE',  ( -0.0000000000000000000, -0.0000000000000000000, 1.000000000000000000 ) ) ;
#1294 = DIRECTION ( 'NONE',  ( 0.0000000000000000000, 0.0000000000000000000, 1.000000000000000000 ) ) ;
#1295 = FACE_OUTER_BOUND ( 'NONE', #1978, .T. ) ;
#1296 = CARTESIAN_POINT ( 'NONE',  ( 0.0000000000000000000, 0.0000000000000000000, -2.006550000000000278 ) ) ;
#1297 = DIRECTION ( 'NONE',  ( 1.000000000000000000, 0.0000000000000000000, 0.0000000000000000000 ) ) ;
#1298 = ORIENTED_EDGE ( 'NONE', *, *, #137, .F. ) ;
#1299 = CARTESIAN_POINT ( 'NONE',  ( -12.00000000000000178, 4.673005023400505387, -0.4790896970872553506 ) ) ;
#1300 = CONICAL_SURFACE ( 'NONE', #1902, 8.000000000000000000, 0.9599310885968911355 ) ;
#1301 = CARTESIAN_POINT ( 'NONE',  ( -12.00000000000000178, 2.937369556047695784, -0.1973350489338357716 ) ) ;
#1302 = CARTESIAN_POINT ( 'NONE',  ( -12.00000000000000000, 2.352228297136949919, -0.1238145317436970955 ) ) ;
#1303 = CARTESIAN_POINT ( 'NONE',  ( 0.0000000000000000000, 0.0000000000000000000, -0.7702282920306786629 ) ) ;
#1304 = ORIENTED_EDGE ( 'NONE', *, *, #107, .T. ) ;
#1305 = CARTESIAN_POINT ( 'NONE',  ( 11.99999999999999822, -5.801387104618771495, -15.15348702701312256 ) ) ;
#1306 = CONICAL_SURFACE ( 'NONE', #2003, 8.000000000000000000, 0.9599310885968911355 ) ;
#1307 = CARTESIAN_POINT ( 'NONE',  ( 12.00000000000000000, 6.928203230275500779, -15.90000000000000036 ) ) ;
#1308 = DIRECTION ( 'NONE',  ( -0.0000000000000000000, -0.0000000000000000000, 1.000000000000000000 ) ) ;
#1309 = CARTESIAN_POINT ( 'NONE',  ( 0.0000000000000000000, 0.0000000000000000000, -25.03750572909317285 ) ) ;
#1310 = DIRECTION ( 'NONE',  ( 0.0000000000000000000, 0.0000000000000000000, 1.000000000000000000 ) ) ;
#1311 = CARTESIAN_POINT ( 'NONE',  ( 12.00000000000000178, -1.170752406943651680, -15.90000000000000391 ) ) ;
#1312 = EDGE_LOOP ( 'NONE', ( #1816, #1632, #1630 ) ) ;
#1313 = ORIENTED_EDGE ( 'NONE', *, *, #1462, .F. ) ;
#1314 = CARTESIAN_POINT ( 'NONE',  ( -1.970211975628462397, -12.71890404606132030, -15.42491953530558568 ) ) ;
#1315 = ORIENTED_EDGE ( 'NONE', *, *, #498, .F. ) ;
#1316 = CARTESIAN_POINT ( 'NONE',  ( -12.00000000000000000, -6.928203230275524760, -1.071796769724495890 ) ) ;
#1317 = CYLINDRICAL_SURFACE ( 'NONE', #1892, 7.000000000000000000 ) ;
#1318 = CARTESIAN_POINT ( 'NONE',  ( 8.000000000000000000, 9.797174393178825657E-16, -15.87459999999999916 ) ) ;
#1319 = CARTESIAN_POINT ( 'NONE',  ( 12.00000000000000000, 6.928203230275524760, -14.82820323027550558 ) ) ;
#1320 = FACE_OUTER_BOUND ( 'NONE', #1911, .T. ) ;
#1321 = DIRECTION ( 'NONE',  ( -1.000000000000000000, 0.0000000000000000000, 0.0000000000000000000 ) ) ;
#1322 = CARTESIAN_POINT ( 'NONE',  ( 12.00000000000000000, 6.928203230275524760, -14.82820323027550558 ) ) ;
#1323 = DIRECTION ( 'NONE',  ( -0.5000000000000006661, 0.8660254037844383745, 0.0000000000000000000 ) ) ;
#1324 = CARTESIAN_POINT ( 'NONE',  ( -3.464965446656449455, 11.85590772719117147, -0.1959795092987695331 ) ) ;
#1325 = LINE ( 'NONE', #1699, #1272 ) ;
#1326 = CARTESIAN_POINT ( 'NONE',  ( 12.00000000000000000, -6.928203230275528313, -14.82820323027550558 ) ) ;
#1327 = VECTOR ( 'NONE', #699, 1000.000000000000000 ) ;
#1328 = ORIENTED_EDGE ( 'NONE', *, *, #346, .F. ) ;
#1329 = DIRECTION ( 'NONE',  ( -1.000000000000000000, 0.0000000000000000000, 0.0000000000000000000 ) ) ;
#1330 = DIRECTION ( 'NONE',  ( 0.0000000000000000000, -0.0000000000000000000, 1.000000000000000000 ) ) ;
#1331 = CARTESIAN_POINT ( 'NONE',  ( 0.0000000000000000000, 0.0000000000000000000, -11.21209246179030572 ) ) ;
#1332 = CONICAL_SURFACE ( 'NONE', #1943, 8.000000000000000000, 0.9599310885968911355 ) ;
#1333 = VERTEX_POINT ( 'NONE', #1075 ) ;
#1334 = DIRECTION ( 'NONE',  ( -0.8660254037844382635, -0.5000000000000005551, 0.0000000000000000000 ) ) ;
#1335 = PLANE ( 'NONE',  #1822 ) ;
#1336 = CARTESIAN_POINT ( 'NONE',  ( 12.00000000000000178, -4.647306338817268845, -15.42631398421219657 ) ) ;
#1337 = CARTESIAN_POINT ( 'NONE',  ( -11.99999999999999822, 4.673005023400512492, -15.42091030291274478 ) ) ;
#1338 = CARTESIAN_POINT ( 'NONE',  ( -12.00000000000000355, 2.352228297136954360, -15.77618546825630297 ) ) ;
#1339 = CARTESIAN_POINT ( 'NONE',  ( -7.000000000000000000, 8.572527594031473190E-16, -4.687907538209717728 ) ) ;
#1340 = CARTESIAN_POINT ( 'NONE',  ( -11.99999999999999822, -5.801387104618771495, -15.15348702701312256 ) ) ;
#1341 = CARTESIAN_POINT ( 'NONE',  ( -12.00000000000000000, 1.173324140324970788, -15.87510859253995399 ) ) ;
#1342 = DIRECTION ( 'NONE',  ( 0.0000000000000000000, -0.0000000000000000000, 1.000000000000000000 ) ) ;
#1343 = CARTESIAN_POINT ( 'NONE',  ( 0.0000000000000000000, 0.0000000000000000000, -15.90000000000000036 ) ) ;
#1344 = VECTOR ( 'NONE', #1696, 1000.000000000000000 ) ;
#1345 = CARTESIAN_POINT ( 'NONE',  ( 12.00000000000000178, -2.333919766284216823, -15.79936694675497222 ) ) ;
#1346 = FACE_OUTER_BOUND ( 'NONE', #620, .T. ) ;
#1347 = CARTESIAN_POINT ( 'NONE',  ( 8.000000000000000000, 9.797174393178825657E-16, -9.931150000000000588 ) ) ;
#1348 = ORIENTED_EDGE ( 'NONE', *, *, #188, .T. ) ;
#1349 = DIRECTION ( 'NONE',  ( -1.000000000000000000, 0.0000000000000000000, 0.0000000000000000000 ) ) ;
#1350 = CARTESIAN_POINT ( 'NONE',  ( -1.970211975628462397, -12.71890404606132385, -0.4750804646944189469 ) ) ;
#1351 = CARTESIAN_POINT ( 'NONE',  ( -2.602085213965210642E-14, -13.85640646055102820, -1.071796769724495890 ) ) ;
#1352 = ORIENTED_EDGE ( 'NONE', *, *, #586, .T. ) ;
#1353 = DIRECTION ( 'NONE',  ( 0.0000000000000000000, 0.0000000000000000000, 1.000000000000000000 ) ) ;
#1354 = CARTESIAN_POINT ( 'NONE',  ( -0.9815212833345561272, -13.28972488340248681, -15.15537699138731575 ) ) ;
#1355 = CARTESIAN_POINT ( 'NONE',  ( -0.9815212833345571264, -13.28972488340249214, -0.7446230086126827130 ) ) ;
#1356 = ORIENTED_EDGE ( 'NONE', *, *, #280, .T. ) ;
#1357 = CARTESIAN_POINT ( 'NONE',  ( 0.0000000000000000000, 0.0000000000000000000, -4.687907538209717728 ) ) ;
#1358 = CARTESIAN_POINT ( 'NONE',  ( -4.977777815167772957, -10.98248509899777758, 1.317983265927691525E-15 ) ) ;
#1359 = ORIENTED_EDGE ( 'NONE', *, *, #202, .T. ) ;
#1360 = DIRECTION ( 'NONE',  ( 1.000000000000000000, 0.0000000000000000000, 0.0000000000000000000 ) ) ;
#1361 = CARTESIAN_POINT ( 'NONE',  ( -3.968262987731708158, -11.56532875636890445, -0.1021479564361193193 ) ) ;
#1362 = CARTESIAN_POINT ( 'NONE',  ( -12.00000000000000000, -6.928203230275518543, -15.90000000000000036 ) ) ;
#1363 = CARTESIAN_POINT ( 'NONE',  ( -6.000000000000010658, -10.39230484541326227, 0.0000000000000000000 ) ) ;
#1364 = ORIENTED_EDGE ( 'NONE', *, *, #629, .T. ) ;
#1365 = CARTESIAN_POINT ( 'NONE',  ( 2.536474547147479702E-15, 13.85640646055102643, -15.90000000000000036 ) ) ;
#1366 = CARTESIAN_POINT ( 'NONE',  ( -6.509199954993386328, -10.09831811432650106, 1.404945315179127767E-15 ) ) ;
#1367 = CARTESIAN_POINT ( 'NONE',  ( 12.00000000000000355, 0.0000000000000000000, -15.90000000000000036 ) ) ;
#1368 = ORIENTED_EDGE ( 'NONE', *, *, #628, .T. ) ;
#1369 = CARTESIAN_POINT ( 'NONE',  ( -7.020684431968929218, -9.803012413858358087, -15.87466674670684164 ) ) ;
#1370 = ORIENTED_EDGE ( 'NONE', *, *, #1681, .F. ) ;
#1371 = DIRECTION ( 'NONE',  ( -1.000000000000000000, 0.0000000000000000000, 0.0000000000000000000 ) ) ;
#1372 = CARTESIAN_POINT ( 'NONE',  ( -6.000000000000010658, -10.39230484541326227, 0.0000000000000000000 ) ) ;
#1373 = CARTESIAN_POINT ( 'NONE',  ( -8.032507269244970161, -9.218836226384821586, -0.1233701403699395266 ) ) ;
#1374 = EDGE_CURVE ( 'NONE', #1261, #433, #1954, .T. ) ;
#1375 = CARTESIAN_POINT ( 'NONE',  ( -7.020684431968929218, -9.803012413858358087, -0.02533325329315811933 ) ) ;
#1376 = ORIENTED_EDGE ( 'NONE', *, *, #528, .F. ) ;
#1377 = CARTESIAN_POINT ( 'NONE',  ( -12.00000000000000000, 6.928203230275524760, -14.82820323027550558 ) ) ;
#1378 = B_SPLINE_CURVE_WITH_KNOTS ( 'NONE', 3,
 ( #996, #976, #875, #2096, #981, #1009 ),
 .UNSPECIFIED., .F., .F.,
 ( 4, 2, 4 ),
 ( 2.380729645538266350E-07, 0.003505341553885845968, 0.007010445034807138640 ),
 .UNSPECIFIED. ) ;
#1379 = CARTESIAN_POINT ( 'NONE',  ( -10.03369110562688427, -8.063452199751795391, -0.4760262082327652577 ) ) ;
#1380 = ORIENTED_EDGE ( 'NONE', *, *, #252, .T. ) ;
#1381 = CARTESIAN_POINT ( 'NONE',  ( -8.535034553343564312, -8.928701963635372607, -0.1959795092987746679 ) ) ;
#1382 = CARTESIAN_POINT ( 'NONE',  ( -12.00000000000000000, -6.928203230275524760, -1.071796769724495890 ) ) ;
#1383 = VERTEX_POINT ( 'NONE', #1089 ) ;
#1384 = CIRCLE ( 'NONE', #1939, 7.000000000000000000 ) ;
#1385 = VERTEX_POINT ( 'NONE', #1155 ) ;
#1386 = ORIENTED_EDGE ( 'NONE', *, *, #125, .F. ) ;
#1387 = EDGE_CURVE ( 'NONE', #4, #1082, #1949, .T. ) ;
#1388 = CARTESIAN_POINT ( 'NONE',  ( -11.02092980224262320, -7.493469672506283707, -0.7454400371385457857 ) ) ;
#1389 = ORIENTED_EDGE ( 'NONE', *, *, #538, .T. ) ;
#1390 = EDGE_CURVE ( 'NONE', #1710, #232, #2088, .T. ) ;
#1391 = EDGE_CURVE ( 'NONE', #983, #275, #1901, .T. ) ;
#1392 = DIRECTION ( 'NONE',  ( 1.000000000000000000, 0.0000000000000000000, 0.0000000000000000000 ) ) ;
#1393 = CARTESIAN_POINT ( 'NONE',  ( -6.509199954993386328, -10.09831811432650106, -15.90000000000000391 ) ) ;
#1394 = DIRECTION ( 'NONE',  ( 1.000000000000000000, 0.0000000000000000000, 0.0000000000000000000 ) ) ;
#1395 = CARTESIAN_POINT ( 'NONE',  ( -12.00000000000000178, 0.5857239961182020282, 2.028361564358298536E-15 ) ) ;
#1396 = DIRECTION ( 'NONE',  ( -0.0000000000000000000, -0.0000000000000000000, -1.000000000000000000 ) ) ;
#1397 = DIRECTION ( 'NONE',  ( 0.0000000000000000000, 0.0000000000000000000, 1.000000000000000000 ) ) ;
#1398 = CIRCLE ( 'NONE', #2078, 8.000000000000000000 ) ;
#1399 = DIRECTION ( 'NONE',  ( 0.0000000000000000000, 0.0000000000000000000, 1.000000000000000000 ) ) ;
#1400 = ORIENTED_EDGE ( 'NONE', *, *, #148, .F. ) ;
#1401 = FACE_OUTER_BOUND ( 'NONE', #461, .T. ) ;
#1402 = CARTESIAN_POINT ( 'NONE',  ( -8.032507269244970161, -9.218836226384821586, -15.77662985963005760 ) ) ;
#1403 = CARTESIAN_POINT ( 'NONE',  ( -6.000000000000010658, -10.39230484541326227, -15.90000000000000036 ) ) ;
#1404 = EDGE_CURVE ( 'NONE', #1286, #777, #1927, .T. ) ;
#1405 = CARTESIAN_POINT ( 'NONE',  ( -12.00000000000000000, 6.928203230275506108, -1.071796769724490117 ) ) ;
#1406 = ORIENTED_EDGE ( 'NONE', *, *, #669, .F. ) ;
#1407 = FACE_OUTER_BOUND ( 'NONE', #831, .T. ) ;
#1408 = VERTEX_POINT ( 'NONE', #980 ) ;
#1409 = CARTESIAN_POINT ( 'NONE',  ( 8.000000000000000000, 9.797174393178825657E-16, -0.02540000000000007530 ) ) ;
#1410 = CARTESIAN_POINT ( 'NONE',  ( -12.00000000000000000, -6.928203230275524760, -14.82820323027550558 ) ) ;
#1411 = CARTESIAN_POINT ( 'NONE',  ( -8.535034553343564312, -8.928701963635372607, -15.70402049070122530 ) ) ;
#1412 = VERTEX_POINT ( 'NONE', #961 ) ;
#1413 = DIRECTION ( 'NONE',  ( -0.0000000000000000000, -0.0000000000000000000, 1.000000000000000000 ) ) ;
#1414 = CARTESIAN_POINT ( 'NONE',  ( -10.03369110562688427, -8.063452199751795391, -15.42397379176723682 ) ) ;
#1415 = CARTESIAN_POINT ( 'NONE',  ( -11.02092980224262497, -7.493469672506282819, -15.15455996286145535 ) ) ;
#1416 = CYLINDRICAL_SURFACE ( 'NONE', #1909, 7.000000000000000000 ) ;
#1417 = CARTESIAN_POINT ( 'NONE',  ( -12.00000000000000000, 1.173324140324970566, -0.02489140746004251531 ) ) ;
#1418 = EDGE_LOOP ( 'NONE', ( #146, #136, #128, #105 ) ) ;
#1419 = ORIENTED_EDGE ( 'NONE', *, *, #198, .T. ) ;
#1420 = ORIENTED_EDGE ( 'NONE', *, *, #1735, .T. ) ;
#1421 = CONICAL_SURFACE ( 'NONE', #1934, 12.00000000000000355, 1.047197551196596743 ) ;
#1422 = B_SPLINE_CURVE_WITH_KNOTS ( 'NONE', 3,
 ( #1644, #1660, #1671, #1675, #1684, #1692 ),
 .UNSPECIFIED., .F., .F.,
 ( 4, 2, 4 ),
 ( 2.380729645490988676E-07, 0.003505341553885855943, 0.007010445034807164660 ),
 .UNSPECIFIED. ) ;
#1423 = ORIENTED_EDGE ( 'NONE', *, *, #1605, .F. ) ;
#1424 = VERTEX_POINT ( 'NONE', #974 ) ;
#1425 = CARTESIAN_POINT ( 'NONE',  ( 0.0000000000000000000, 0.0000000000000000000, -15.90000000000000036 ) ) ;
#1426 = ORIENTED_EDGE ( 'NONE', *, *, #1438, .T. ) ;
#1427 = VECTOR ( 'NONE', #736, 1000.000000000000000 ) ;
#1428 = CIRCLE ( 'NONE', #2066, 8.000000000000000000 ) ;
#1429 = VECTOR ( 'NONE', #794, 1000.000000000000000 ) ;
#1430 = CARTESIAN_POINT ( 'NONE',  ( -7.000000000000000000, 8.572527594031473190E-16, -6.669057538209719027 ) ) ;
#1431 = B_SPLINE_CURVE_WITH_KNOTS ( 'NONE', 3,
 ( #1834, #1288, #1341, #1338, #1443, #1337, #1237, #1478 ),
 .UNSPECIFIED., .F., .F.,
 ( 4, 2, 2, 4 ),
 ( 0.01936970057594186376, 0.02112296051615075373, 0.02287622045635964024, 0.02638274033677741673 ),
 .UNSPECIFIED. ) ;
#1432 = CIRCLE ( 'NONE', #2084, 12.00000000000000178 ) ;
#1433 = DIRECTION ( 'NONE',  ( 0.0000000000000000000, 0.0000000000000000000, -1.000000000000000000 ) ) ;
#1434 = CARTESIAN_POINT ( 'NONE',  ( -12.00000000000000533, 5.807951393103179427, -0.7484079198486820461 ) ) ;
#1435 = CARTESIAN_POINT ( 'NONE',  ( -2.602085213965210642E-14, -13.85640646055102820, -14.82820323027550558 ) ) ;
#1436 = DIRECTION ( 'NONE',  ( 1.000000000000000000, 0.0000000000000000000, 0.0000000000000000000 ) ) ;
#1437 = ORIENTED_EDGE ( 'NONE', *, *, #278, .F. ) ;
#1438 = EDGE_CURVE ( 'NONE', #1482, #1261, #1852, .T. ) ;
#1439 = DIRECTION ( 'NONE',  ( -0.0000000000000000000, -0.0000000000000000000, -1.000000000000000000 ) ) ;
#1440 = FACE_OUTER_BOUND ( 'NONE', #877, .T. ) ;
#1441 = CARTESIAN_POINT ( 'NONE',  ( 0.0000000000000000000, 0.0000000000000000000, 0.0000000000000000000 ) ) ;
#1442 = EDGE_LOOP ( 'NONE', ( #177, #1639, #36, #327 ) ) ;
#1443 = CARTESIAN_POINT ( 'NONE',  ( -12.00000000000000178, 2.937369556047698893, -15.70266495106616844 ) ) ;
#1444 = CARTESIAN_POINT ( 'NONE',  ( -12.00000000000000178, -4.647306338817263516, -15.42631398421219657 ) ) ;
#1445 = UNCERTAINTY_MEASURE_WITH_UNIT (LENGTH_MEASURE( 1.000000000000000082E-05 ), #387, 'distance_accuracy_value', 'NONE');
#1446 = CARTESIAN_POINT ( 'NONE',  ( 0.0000000000000000000, 0.0000000000000000000, -8.650207538209718550 ) ) ;
#1447 = EDGE_LOOP ( 'NONE', ( #1108, #122, #1850, #1613 ) ) ;
#1448 = CIRCLE ( 'NONE', #1793, 7.000000000000000000 ) ;
#1449 = DIRECTION ( 'NONE',  ( -1.000000000000000000, 0.0000000000000000000, 0.0000000000000000000 ) ) ;
#1450 = CIRCLE ( 'NONE', #2085, 12.00000000000000355 ) ;
#1451 = ORIENTED_EDGE ( 'NONE', *, *, #107, .F. ) ;
#1452 = VECTOR ( 'NONE', #1294, 1000.000000000000000 ) ;
#1453 = DIRECTION ( 'NONE',  ( -0.0000000000000000000, -0.0000000000000000000, 1.000000000000000000 ) ) ;
#1454 = CARTESIAN_POINT ( 'NONE',  ( -0.9790701977573806891, 13.29114001832026659, -0.7454400371385452306 ) ) ;
#1455 = CLOSED_SHELL ( 'NONE', ( #573, #484, #601, #698, #757, #618, #766, #452, #474, #507, #833, #695, #724, #813, #655, #735, #826, #616, #462, #450, #784, #691, #670, #706, #614, #582, #718, #553, #796, #700, #583, #549, #684, #626, #742, #792, #502, #551, #506, #527, #708, #721, #738, #780, #490, #769, #739, #591, #712, #679, #773, #752, #631, #641, #689, #810, #759, #805, #561, #525, #814, #662, #543, #786, #683, #713, #521, #647, #635, #454, #785, #514, #633, #495 ) ) ;
#1456 = ORIENTED_EDGE ( 'NONE', *, *, #374, .T. ) ;
#1457 = VERTEX_POINT ( 'NONE', #946 ) ;
#1458 = DIRECTION ( 'NONE',  ( -0.0000000000000000000, -0.0000000000000000000, 1.000000000000000000 ) ) ;
#1459 = CARTESIAN_POINT ( 'NONE',  ( 0.0000000000000000000, 0.0000000000000000000, -15.90000000000000036 ) ) ;
#1460 = CARTESIAN_POINT ( 'NONE',  ( -1.966308894373120175, 12.72115749107475047, -0.4760262082327628708 ) ) ;
#1461 = ORIENTED_EDGE ( 'NONE', *, *, #180, .F. ) ;
#1462 = EDGE_CURVE ( 'NONE', #1916, #909, #1877, .T. ) ;
#1463 = FACE_OUTER_BOUND ( 'NONE', #1985, .T. ) ;
#1464 = VERTEX_POINT ( 'NONE', #1031 ) ;
#1465 = CARTESIAN_POINT ( 'NONE',  ( 0.0000000000000000000, 0.0000000000000000000, -11.91230000000000011 ) ) ;
#1466 = CARTESIAN_POINT ( 'NONE',  ( 7.000000000000000000, 0.0000000000000000000, -1.306342461790304998 ) ) ;
#1467 = CARTESIAN_POINT ( 'NONE',  ( -8.000000000000000000, 9.797174393178825657E-16, -25.03750572909317285 ) ) ;
#1468 = ORIENTED_EDGE ( 'NONE', *, *, #174, .F. ) ;
#1469 = CARTESIAN_POINT ( 'NONE',  ( -3.967492730755043606, 11.56577346444170828, -0.1233701403699326987 ) ) ;
#1470 = CARTESIAN_POINT ( 'NONE',  ( -4.979315568031088546, 10.98159727696817711, -0.02533325329315056634 ) ) ;
#1471 = CARTESIAN_POINT ( 'NONE',  ( -1.502314598737161989E-15, -13.85640646055104064, -15.90000000000000036 ) ) ;
#1472 = VECTOR ( 'NONE', #1585, 1000.000000000000000 ) ;
#1473 = ORIENTED_EDGE ( 'NONE', *, *, #473, .T. ) ;
#1474 = DIRECTION ( 'NONE',  ( 1.000000000000000000, 0.0000000000000000000, 0.0000000000000000000 ) ) ;
#1475 = PRESENTATION_STYLE_ASSIGNMENT (( #1024 ) ) ;
#1476 = FACE_OUTER_BOUND ( 'NONE', #1989, .T. ) ;
#1477 = DIRECTION ( 'NONE',  ( 0.0000000000000000000, 0.0000000000000000000, 1.000000000000000000 ) ) ;
#1478 = CARTESIAN_POINT ( 'NONE',  ( -12.00000000000000000, 6.928203230275524760, -14.82820323027550558 ) ) ;
#1479 = CARTESIAN_POINT ( 'NONE',  ( 8.673617379884035472E-16, 13.85640646055102643, -1.071796769724495890 ) ) ;
#1480 = DIRECTION ( 'NONE',  ( -1.000000000000000000, 0.0000000000000000000, 0.0000000000000000000 ) ) ;
#1481 = DIRECTION ( 'NONE',  ( -1.000000000000000000, 0.0000000000000000000, 0.0000000000000000000 ) ) ;
#1482 = VERTEX_POINT ( 'NONE', #910 ) ;
#1483 = CARTESIAN_POINT ( 'NONE',  ( -12.00000000000000178, -2.333919766284216379, -15.79936694675497222 ) ) ;
#1484 = ORIENTED_EDGE ( 'NONE', *, *, #558, .T. ) ;
#1485 = CONICAL_SURFACE ( 'NONE', #1835, 12.00000000000000355, 1.047197551196596743 ) ;
#1486 = CARTESIAN_POINT ( 'NONE',  ( 0.0000000000000000000, 0.0000000000000000000, -7.249792461790304898 ) ) ;
#1487 = DIRECTION ( 'NONE',  ( -1.000000000000000000, 0.0000000000000000000, 0.0000000000000000000 ) ) ;
#1488 = ORIENTED_EDGE ( 'NONE', *, *, #1387, .T. ) ;
#1489 = CARTESIAN_POINT ( 'NONE',  ( 0.0000000000000000000, 0.0000000000000000000, -7.950000000000000178 ) ) ;
#1490 = DIRECTION ( 'NONE',  ( -1.000000000000000000, 0.0000000000000000000, 0.0000000000000000000 ) ) ;
#1491 = ADVANCED_BREP_SHAPE_REPRESENTATION ( 'M16', ( #966, #1760 ), #1785 ) ;
#1492 = EDGE_LOOP ( 'NONE', ( #1583, #1546, #1419 ) ) ;
#1493 = CIRCLE ( 'NONE', #2079, 12.00000000000000178 ) ;
#1494 = CARTESIAN_POINT ( 'NONE',  ( -7.000000000000000000, 8.572527594031473190E-16, -8.650207538209718550 ) ) ;
#1495 = ORIENTED_EDGE ( 'NONE', *, *, #498, .T. ) ;
#1496 = COLOUR_RGB ( '',0.7764705882352941346, 0.7568627450980391913, 0.7372549019607843590 ) ;
#1497 = SURFACE_STYLE_FILL_AREA ( #1026 ) ;
#1498 = CARTESIAN_POINT ( 'NONE',  ( 0.0000000000000000000, 0.0000000000000000000, -15.90000000000000036 ) ) ;
#1499 = DIRECTION ( 'NONE',  ( 1.000000000000000000, 0.0000000000000000000, 0.0000000000000000000 ) ) ;
#1500 = CARTESIAN_POINT ( 'NONE',  ( -12.00000000000000000, 6.928203230275524760, -14.82820323027550558 ) ) ;
#1501 = FACE_OUTER_BOUND ( 'NONE', #370, .T. ) ;
#1502 = CIRCLE ( 'NONE', #1245, 8.000000000000000000 ) ;
#1503 = DIRECTION ( 'NONE',  ( 0.0000000000000000000, 0.0000000000000000000, -1.000000000000000000 ) ) ;
#1504 = ORIENTED_EDGE ( 'NONE', *, *, #436, .F. ) ;
#1505 = DIRECTION ( 'NONE',  ( -1.000000000000000000, 0.0000000000000000000, 0.0000000000000000000 ) ) ;
#1506 = DIRECTION ( 'NONE',  ( 0.0000000000000000000, 0.0000000000000000000, 1.000000000000000000 ) ) ;
#1507 = VERTEX_POINT ( 'NONE', #906 ) ;
#1508 = CARTESIAN_POINT ( 'NONE',  ( 0.0000000000000000000, 0.0000000000000000000, -15.87459999999999916 ) ) ;
#1509 = FACE_OUTER_BOUND ( 'NONE', #837, .T. ) ;
#1510 = FACE_OUTER_BOUND ( 'NONE', #1057, .T. ) ;
#1511 = EDGE_LOOP ( 'NONE', ( #1566, #1112, #1250, #1090 ) ) ;
#1512 = DIRECTION ( 'NONE',  ( 0.0000000000000000000, 0.0000000000000000000, 1.000000000000000000 ) ) ;
#1513 = CARTESIAN_POINT ( 'NONE',  ( 0.0000000000000000000, 0.0000000000000000000, 0.0000000000000000000 ) ) ;
#1514 = DIRECTION ( 'NONE',  ( -0.0000000000000000000, 0.0000000000000000000, -1.000000000000000000 ) ) ;
#1515 = DIRECTION ( 'NONE',  ( -1.000000000000000000, 0.0000000000000000000, 0.0000000000000000000 ) ) ;
#1516 = EDGE_LOOP ( 'NONE', ( #503, #420 ) ) ;
#1517 = VECTOR ( 'NONE', #1582, 1000.000000000000000 ) ;
#1518 = CARTESIAN_POINT ( 'NONE',  ( 1.970211975628443080, 12.71890404606131852, -15.42491953530558391 ) ) ;
#1519 = VECTOR ( 'NONE', #927, 1000.000000000000000 ) ;
#1520 = CARTESIAN_POINT ( 'NONE',  ( 3.968262987731694391, 11.56532875636889734, -15.79785204356388562 ) ) ;
#1521 = FACE_OUTER_BOUND ( 'NONE', #349, .T. ) ;
#1522 = CARTESIAN_POINT ( 'NONE',  ( 4.977777815167762299, 10.98248509899776515, -15.90000000000001101 ) ) ;
#1523 = EDGE_LOOP ( 'NONE', ( #795, #771, #274, #853, #189, #412 ) ) ;
#1524 = CARTESIAN_POINT ( 'NONE',  ( 6.000000000000012434, 10.39230484541326049, -15.90000000000000036 ) ) ;
#1525 = EDGE_CURVE ( 'NONE', #539, #909, #1825, .T. ) ;
#1526 = ORIENTED_EDGE ( 'NONE', *, *, #1730, .T. ) ;
#1527 = VERTEX_POINT ( 'NONE', #896 ) ;
#1528 = DIRECTION ( 'NONE',  ( 0.0000000000000000000, 0.0000000000000000000, 1.000000000000000000 ) ) ;
#1529 = CARTESIAN_POINT ( 'NONE',  ( 7.000000000000000000, 0.0000000000000000000, -15.90000000000000036 ) ) ;
#1530 = EDGE_CURVE ( 'NONE', #1527, #135, #920, .T. ) ;
#1531 = CONICAL_SURFACE ( 'NONE', #1838, 12.00000000000000355, 1.047197551196596743 ) ;
#1532 = CARTESIAN_POINT ( 'NONE',  ( -7.000000000000000000, 8.572527594031473190E-16, -15.90000000000000036 ) ) ;
#1533 = EDGE_LOOP ( 'NONE', ( #96, #1257, #1246, #1551 ) ) ;
#1534 = CARTESIAN_POINT ( 'NONE',  ( 0.0000000000000000000, 0.0000000000000000000, -2.006550000000000278 ) ) ;
#1535 = DIRECTION ( 'NONE',  ( -0.0000000000000000000, -0.0000000000000000000, -1.000000000000000000 ) ) ;
#1536 = DIRECTION ( 'NONE',  ( -1.000000000000000000, 0.0000000000000000000, 0.0000000000000000000 ) ) ;
#1537 = LINE ( 'NONE', #1581, #1472 ) ;
#1538 = DIRECTION ( 'NONE',  ( 0.0000000000000000000, -0.0000000000000000000, 1.000000000000000000 ) ) ;
#1539 = LINE ( 'NONE', #748, #1429 ) ;
#1540 = CIRCLE ( 'NONE', #1249, 7.000000000000000000 ) ;
#1541 = VECTOR ( 'NONE', #1068, 1000.000000000000000 ) ;
#1542 = ORIENTED_EDGE ( 'NONE', *, *, #81, .T. ) ;
#1543 = B_SPLINE_CURVE_WITH_KNOTS ( 'NONE', 3,
 ( #1274, #1340, #1444, #1483, #1240, #1010 ),
 .UNSPECIFIED., .F., .F.,
 ( 4, 2, 4 ),
 ( 0.01236082503524028181, 0.01586526280559107105, 0.01936970057594186376 ),
 .UNSPECIFIED. ) ;
#1544 = DIRECTION ( 'NONE',  ( 0.0000000000000000000, 0.0000000000000000000, -1.000000000000000000 ) ) ;
#1545 = CARTESIAN_POINT ( 'NONE',  ( 0.0000000000000000000, 0.0000000000000000000, -10.63135753820971985 ) ) ;
#1546 = ORIENTED_EDGE ( 'NONE', *, *, #1530, .F. ) ;
#1547 = DIRECTION ( 'NONE',  ( 0.0000000000000000000, 0.0000000000000000000, 1.000000000000000000 ) ) ;
#1548 = DIRECTION ( 'NONE',  ( -1.000000000000000000, 0.0000000000000000000, 0.0000000000000000000 ) ) ;
#1549 = CARTESIAN_POINT ( 'NONE',  ( -7.000000000000000000, 8.572527594031473190E-16, -11.21209246179030572 ) ) ;
#1550 = CARTESIAN_POINT ( 'NONE',  ( 0.0000000000000000000, 0.0000000000000000000, 0.0000000000000000000 ) ) ;
#1551 = ORIENTED_EDGE ( 'NONE', *, *, #586, .F. ) ;
#1552 = B_SPLINE_CURVE_WITH_KNOTS ( 'NONE', 3,
 ( #143, #1232, #1470, #1469, #1324, #1460, #1454, #1479 ),
 .UNSPECIFIED., .F., .F.,
 ( 4, 2, 2, 4 ),
 ( 0.007010445034807145578, 0.008756443665256692654, 0.01050244229570624147, 0.01399443955660533562 ),
 .UNSPECIFIED. ) ;
#1553 = VECTOR ( 'NONE', #821, 1000.000000000000000 ) ;
#1554 = EDGE_CURVE ( 'NONE', #722, #539, #1726, .T. ) ;
#1555 = LINE ( 'NONE', #1590, #1517 ) ;
#1556 = LINE ( 'NONE', #703, #1452 ) ;
#1557 = VERTEX_POINT ( 'NONE', #945 ) ;
#1558 = CARTESIAN_POINT ( 'NONE',  ( -7.000000000000000000, 8.572527594031473190E-16, -10.63135753820971985 ) ) ;
#1559 = CONICAL_SURFACE ( 'NONE', #2022, 7.000000000000000000, 0.9599310885968755924 ) ;
#1560 = FILL_AREA_STYLE ('',( #1615 ) ) ;
#1561 = FACE_OUTER_BOUND ( 'NONE', #15, .T. ) ;
#1562 = CARTESIAN_POINT ( 'NONE',  ( 7.000000000000000000, 0.0000000000000000000, -15.90000000000000036 ) ) ;
#1563 = CARTESIAN_POINT ( 'NONE',  ( 7.000000000000000000, 0.0000000000000000000, -3.287492461790304965 ) ) ;
#1564 = VECTOR ( 'NONE', #46, 1000.000000000000000 ) ;
#1565 = B_SPLINE_CURVE_WITH_KNOTS ( 'NONE', 3,
 ( #1403, #1393, #1369, #1402, #1411, #1414, #1415, #1410 ),
 .UNSPECIFIED., .F., .F.,
 ( 4, 2, 2, 4 ),
 ( 0.007010445034807172467, 0.008756443665256710002, 0.01050244229570624840, 0.01399443955660533388 ),
 .UNSPECIFIED. ) ;
#1566 = ORIENTED_EDGE ( 'NONE', *, *, #517, .F. ) ;
#1567 = CARTESIAN_POINT ( 'NONE',  ( 0.0000000000000000000, 0.0000000000000000000, -15.90000000000000036 ) ) ;
#1568 = DIRECTION ( 'NONE',  ( 0.0000000000000000000, -0.0000000000000000000, 1.000000000000000000 ) ) ;
#1569 = DIRECTION ( 'NONE',  ( -1.000000000000000000, 0.0000000000000000000, 0.0000000000000000000 ) ) ;
#1570 = CARTESIAN_POINT ( 'NONE',  ( -7.000000000000000000, 8.572527594031473190E-16, -15.90000000000000036 ) ) ;
#1571 = CARTESIAN_POINT ( 'NONE',  ( 0.0000000000000000000, 0.0000000000000000000, -3.987700000000000244 ) ) ;
#1572 = DIRECTION ( 'NONE',  ( -0.0000000000000000000, -0.0000000000000000000, -1.000000000000000000 ) ) ;
#1573 = DIRECTION ( 'NONE',  ( -1.000000000000000000, 0.0000000000000000000, 0.0000000000000000000 ) ) ;
#1574 = DIRECTION ( 'NONE',  ( 0.0000000000000000000, 0.0000000000000000000, 1.000000000000000000 ) ) ;
#1575 = VECTOR ( 'NONE', #1579, 1000.000000000000000 ) ;
#1576 = ORIENTED_EDGE ( 'NONE', *, *, #669, .T. ) ;
#1577 = CIRCLE ( 'NONE', #1269, 7.000000000000000000 ) ;
#1578 = DIRECTION ( 'NONE',  ( 1.000000000000000000, 0.0000000000000000000, 0.0000000000000000000 ) ) ;
#1579 = DIRECTION ( 'NONE',  ( 0.0000000000000000000, 0.0000000000000000000, 1.000000000000000000 ) ) ;
#1580 =( NAMED_UNIT ( * ) SI_UNIT ( $, .STERADIAN. ) SOLID_ANGLE_UNIT ( ) );
#1581 = CARTESIAN_POINT ( 'NONE',  ( 7.000000000000000000, 0.0000000000000000000, -15.90000000000000036 ) ) ;
#1582 = DIRECTION ( 'NONE',  ( 0.0000000000000000000, 0.0000000000000000000, 1.000000000000000000 ) ) ;
#1583 = ORIENTED_EDGE ( 'NONE', *, *, #126, .T. ) ;
#1584 =( NAMED_UNIT ( * ) PLANE_ANGLE_UNIT ( ) SI_UNIT ( $, .RADIAN. ) );
#1585 = DIRECTION ( 'NONE',  ( 0.0000000000000000000, 0.0000000000000000000, 1.000000000000000000 ) ) ;
#1586 = ORIENTED_EDGE ( 'NONE', *, *, #147, .F. ) ;
#1587 = CARTESIAN_POINT ( 'NONE',  ( 0.0000000000000000000, 0.0000000000000000000, -15.90000000000000036 ) ) ;
#1588 = FACE_OUTER_BOUND ( 'NONE', #730, .T. ) ;
#1589 =( LENGTH_UNIT ( ) NAMED_UNIT ( * ) SI_UNIT ( .MILLI., .METRE. ) );
#1590 = CARTESIAN_POINT ( 'NONE',  ( -7.000000000000000000, 8.572527594031473190E-16, -15.90000000000000036 ) ) ;
#1591 = CARTESIAN_POINT ( 'NONE',  ( -11.01847871666547185, 7.494884807424044837, -0.7446230086126772729 ) ) ;
#1592 = SURFACE_STYLE_USAGE ( .BOTH. , #1612 ) ;
#1593 = DIRECTION ( 'NONE',  ( 0.0000000000000000000, 0.0000000000000000000, 1.000000000000000000 ) ) ;
#1594 = DIRECTION ( 'NONE',  ( 1.000000000000000000, 0.0000000000000000000, 0.0000000000000000000 ) ) ;
#1595 = DIRECTION ( 'NONE',  ( -1.000000000000000000, -1.776356839400250465E-15, 0.0000000000000000000 ) ) ;
#1596 = EDGE_CURVE ( 'NONE', #1424, #777, #1798, .T. ) ;
#1597 = VECTOR ( 'NONE', #843, 1000.000000000000000 ) ;
#1598 = DIRECTION ( 'NONE',  ( 1.000000000000000000, 0.0000000000000000000, 0.0000000000000000000 ) ) ;
#1599 = LINE ( 'NONE', #1570, #1575 ) ;
#1600 = ORIENTED_EDGE ( 'NONE', *, *, #424, .T. ) ;
#1601 = LINE ( 'NONE', #764, #1553 ) ;
#1602 = CARTESIAN_POINT ( 'NONE',  ( 8.000000000000000000, 9.797174393178825657E-16, -7.950000000000000178 ) ) ;
#1603 = VECTOR ( 'NONE', #1109, 1000.000000000000000 ) ;
#1604 = FACE_OUTER_BOUND ( 'NONE', #1948, .T. ) ;
#1605 = EDGE_CURVE ( 'NONE', #1383, #440, #1776, .T. ) ;
#1606 = ORIENTED_EDGE ( 'NONE', *, *, #66, .F. ) ;
#1607 = EDGE_LOOP ( 'NONE', ( #643, #1889, #1869 ) ) ;
#1608 = CARTESIAN_POINT ( 'NONE',  ( 0.0000000000000000000, 0.0000000000000000000, 0.0000000000000000000 ) ) ;
#1609 = DIRECTION ( 'NONE',  ( -0.0000000000000000000, -0.0000000000000000000, 1.000000000000000000 ) ) ;
#1610 = DIRECTION ( 'NONE',  ( -1.000000000000000000, 3.552713678800500929E-15, 0.0000000000000000000 ) ) ;
#1611 = DIRECTION ( 'NONE',  ( 1.000000000000000000, 0.0000000000000000000, 0.0000000000000000000 ) ) ;
#1612 = SURFACE_SIDE_STYLE ('',( #1036 ) ) ;
#1613 = ORIENTED_EDGE ( 'NONE', *, *, #1404, .T. ) ;
#1614 = EDGE_CURVE ( 'NONE', #749, #1848, #1723, .T. ) ;
#1615 = FILL_AREA_STYLE_COLOUR ( '', #1682 ) ;
#1616 = CARTESIAN_POINT ( 'NONE',  ( 0.0000000000000000000, 0.0000000000000000000, -15.90000000000000036 ) ) ;
#1617 = ORIENTED_EDGE ( 'NONE', *, *, #640, .T. ) ;
#1618 = VECTOR ( 'NONE', #209, 1000.000000000000000 ) ;
#1619 = LINE ( 'NONE', #1562, #1749 ) ;
#1620 = DIRECTION ( 'NONE',  ( -0.0000000000000000000, -0.0000000000000000000, 1.000000000000000000 ) ) ;
#1621 = CIRCLE ( 'NONE', #1018, 8.000000000000000000 ) ;
#1622 = DIRECTION ( 'NONE',  ( 1.000000000000000000, 0.0000000000000000000, 0.0000000000000000000 ) ) ;
#1623 = CARTESIAN_POINT ( 'NONE',  ( -10.02978802437156247, 8.065705644765209570, -0.4750804646944118415 ) ) ;
#1624 = ORIENTED_EDGE ( 'NONE', *, *, #606, .T. ) ;
#1625 = EDGE_CURVE ( 'NONE', #722, #1916, #1601, .T. ) ;
#1626 = DIRECTION ( 'NONE',  ( -1.000000000000000000, 0.0000000000000000000, 0.0000000000000000000 ) ) ;
#1627 = CARTESIAN_POINT ( 'NONE',  ( 11.99999999999999822, -5.801387104618773272, -0.7465129729868764663 ) ) ;
#1628 = CARTESIAN_POINT ( 'NONE',  ( 0.0000000000000000000, 0.0000000000000000000, -15.90000000000000036 ) ) ;
#1629 = ORIENTED_EDGE ( 'NONE', *, *, #667, .T. ) ;
#1630 = ORIENTED_EDGE ( 'NONE', *, *, #58, .T. ) ;
#1631 = ORIENTED_EDGE ( 'NONE', *, *, #263, .T. ) ;
#1632 = ORIENTED_EDGE ( 'NONE', *, *, #155, .T. ) ;
#1633 = DIRECTION ( 'NONE',  ( 1.000000000000000000, 0.0000000000000000000, 0.0000000000000000000 ) ) ;
#1634 = DIRECTION ( 'NONE',  ( 0.0000000000000000000, -0.0000000000000000000, 1.000000000000000000 ) ) ;
#1635 = CONICAL_SURFACE ( 'NONE', #1839, 12.00000000000000355, 1.047197551196596743 ) ;
#1636 = ORIENTED_EDGE ( 'NONE', *, *, #538, .F. ) ;
#1637 = DIRECTION ( 'NONE',  ( -1.000000000000000000, 0.0000000000000000000, 0.0000000000000000000 ) ) ;
#1638 = CARTESIAN_POINT ( 'NONE',  ( -12.00000000000000000, 6.928203230275506108, -1.071796769724490117 ) ) ;
#1639 = ORIENTED_EDGE ( 'NONE', *, *, #656, .T. ) ;
#1640 = CARTESIAN_POINT ( 'NONE',  ( -8.031737012268317599, 9.219280934457623644, -0.1021479564361115894 ) ) ;
#1641 = CARTESIAN_POINT ( 'NONE',  ( -7.022222184832251912, 9.802124591828755840, 8.788813860710620318E-15 ) ) ;
#1642 = LINE ( 'NONE', #740, #1427 ) ;
#1643 = CARTESIAN_POINT ( 'NONE',  ( -6.000000000000008882, 10.39230484541326227, 0.0000000000000000000 ) ) ;
#1644 = CARTESIAN_POINT ( 'NONE',  ( 8.673617379884035472E-16, 13.85640646055102643, -1.071796769724495890 ) ) ;
#1645 = LINE ( 'NONE', #1078, #1603 ) ;
#1646 = EDGE_LOOP ( 'NONE', ( #1806, #1944, #1352, #1792 ) ) ;
#1647 = PRESENTATION_STYLE_ASSIGNMENT (( #1592 ) ) ;
#1648 = CARTESIAN_POINT ( 'NONE',  ( 12.00000000000000000, -6.928203230275528313, -1.071796769724495890 ) ) ;
#1649 = FACE_OUTER_BOUND ( 'NONE', #1227, .T. ) ;
#1650 = CARTESIAN_POINT ( 'NONE',  ( 12.00000000000000178, -4.647306338817265292, -0.4736860157878111655 ) ) ;
#1651 = CARTESIAN_POINT ( 'NONE',  ( 12.00000000000000178, -2.333919766284215491, -0.1006330532450302323 ) ) ;
#1652 = LINE ( 'NONE', #71, #1041 ) ;
#1653 = DIRECTION ( 'NONE',  ( -1.000000000000000000, 0.0000000000000000000, 0.0000000000000000000 ) ) ;
#1654 = CARTESIAN_POINT ( 'NONE',  ( 12.00000000000000178, -1.170752406943649904, 2.049819732355406821E-15 ) ) ;
#1655 = CARTESIAN_POINT ( 'NONE',  ( 0.0000000000000000000, 0.0000000000000000000, -15.90000000000000036 ) ) ;
#1656 = CARTESIAN_POINT ( 'NONE',  ( 12.00000000000000355, 0.0000000000000000000, 0.0000000000000000000 ) ) ;
#1657 = DIRECTION ( 'NONE',  ( -0.0000000000000000000, -0.0000000000000000000, 1.000000000000000000 ) ) ;
#1658 = DIRECTION ( 'NONE',  ( 0.0000000000000000000, 0.0000000000000000000, 1.000000000000000000 ) ) ;
#1659 = ORIENTED_EDGE ( 'NONE', *, *, #359, .F. ) ;
#1660 = CARTESIAN_POINT ( 'NONE',  ( 0.9815212833345343668, 13.28972488340248326, -0.7446230086126803815 ) ) ;
#1661 = PLANE ( 'NONE',  #1863 ) ;
#1662 = CIRCLE ( 'NONE', #2094, 12.00000000000000355 ) ;
#1663 = CARTESIAN_POINT ( 'NONE',  ( 0.0000000000000000000, 0.0000000000000000000, -0.02540000000000007530 ) ) ;
#1664 = VECTOR ( 'NONE', #638, 1000.000000000000000 ) ;
#1665 = CARTESIAN_POINT ( 'NONE',  ( 0.0000000000000000000, 0.0000000000000000000, 0.0000000000000000000 ) ) ;
#1666 = DIRECTION ( 'NONE',  ( -0.0000000000000000000, 0.0000000000000000000, -1.000000000000000000 ) ) ;
#1667 = EDGE_CURVE ( 'NONE', #1968, #585, #1556, .T. ) ;
#1668 = CIRCLE ( 'NONE', #1145, 8.000000000000000000 ) ;
#1669 = DIRECTION ( 'NONE',  ( -1.000000000000000000, 0.0000000000000000000, 0.0000000000000000000 ) ) ;
#1670 = VERTEX_POINT ( 'NONE', #781 ) ;
#1671 = CARTESIAN_POINT ( 'NONE',  ( 1.970211975628443746, 12.71890404606131852, -0.4750804646944149501 ) ) ;
#1672 = EDGE_CURVE ( 'NONE', #1082, #895, #1642, .T. ) ;
#1673 = FACE_BOUND ( 'NONE', #1516, .T. ) ;
#1674 = CIRCLE ( 'NONE', #2097, 8.000000000000000000 ) ;
#1675 = CARTESIAN_POINT ( 'NONE',  ( 3.968262987731694391, 11.56532875636889202, -0.1021479564361122971 ) ) ;
#1676 = ORIENTED_EDGE ( 'NONE', *, *, #1554, .F. ) ;
#1677 = DIRECTION ( 'NONE',  ( 0.0000000000000000000, 0.0000000000000000000, -1.000000000000000000 ) ) ;
#1678 = CIRCLE ( 'NONE', #1187, 7.000000000000000000 ) ;
#1679 = DIRECTION ( 'NONE',  ( -1.000000000000000000, 0.0000000000000000000, 0.0000000000000000000 ) ) ;
#1680 = VECTOR ( 'NONE', #912, 1000.000000000000000 ) ;
#1681 = EDGE_CURVE ( 'NONE', #791, #1385, #1539, .T. ) ;
#1682 = COLOUR_RGB ( '',0.7764705882352941346, 0.7568627450980391913, 0.7372549019607843590 ) ;
#1683 = DIRECTION ( 'NONE',  ( -1.000000000000000000, 0.0000000000000000000, 0.0000000000000000000 ) ) ;
#1684 = CARTESIAN_POINT ( 'NONE',  ( 4.977777815167764075, 10.98248509899776693, 9.815417792782830751E-15 ) ) ;
#1685 = B_SPLINE_CURVE_WITH_KNOTS ( 'NONE', 3,
 ( #1316, #1264, #1289, #1285, #1287, #1276 ),
 .UNSPECIFIED., .F., .F.,
 ( 4, 2, 4 ),
 ( 0.01236082503524028181, 0.01586526280559107105, 0.01936970057594186376 ),
 .UNSPECIFIED. ) ;
#1686 = VERTEX_POINT ( 'NONE', #775 ) ;
#1687 = DIRECTION ( 'NONE',  ( -0.0000000000000000000, -0.0000000000000000000, -1.000000000000000000 ) ) ;
#1688 = LINE ( 'NONE', #47, #1564 ) ;
#1689 = ORIENTED_EDGE ( 'NONE', *, *, #280, .F. ) ;
#1690 = CONICAL_SURFACE ( 'NONE', #1906, 12.00000000000000355, 1.047197551196596743 ) ;
#1691 = CARTESIAN_POINT ( 'NONE',  ( 6.938893903907228378E-15, 13.85640646055102287, -15.90000000000000036 ) ) ;
#1692 = CARTESIAN_POINT ( 'NONE',  ( 6.000000000000012434, 10.39230484541326049, 0.0000000000000000000 ) ) ;
#1693 = DIRECTION ( 'NONE',  ( 0.0000000000000000000, 0.0000000000000000000, 1.000000000000000000 ) ) ;
#1694 = CARTESIAN_POINT ( 'NONE',  ( -7.000000000000000000, 8.572527594031473190E-16, -15.90000000000000036 ) ) ;
#1695 = ORIENTED_EDGE ( 'NONE', *, *, #648, .F. ) ;
#1696 = DIRECTION ( 'NONE',  ( 0.0000000000000000000, 0.0000000000000000000, 1.000000000000000000 ) ) ;
#1697 = B_SPLINE_CURVE_WITH_KNOTS ( 'NONE', 3,
 ( #1638, #1591, #1623, #1640, #1641, #1643 ),
 .UNSPECIFIED., .F., .F.,
 ( 4, 2, 4 ),
 ( 2.380729645518794121E-07, 0.003505341553885849004, 0.007010445034807145578 ),
 .UNSPECIFIED. ) ;
#1698 = CARTESIAN_POINT ( 'NONE',  ( 0.0000000000000000000, 0.0000000000000000000, -2.706757538209718206 ) ) ;
#1699 = CARTESIAN_POINT ( 'NONE',  ( 7.000000000000000000, 0.0000000000000000000, -15.90000000000000036 ) ) ;
#1700 = VECTOR ( 'NONE', #803, 1000.000000000000000 ) ;
#1701 = VECTOR ( 'NONE', #1547, 1000.000000000000000 ) ;
#1702 = LINE ( 'NONE', #1069, #1541 ) ;
#1703 = CARTESIAN_POINT ( 'NONE',  ( 0.0000000000000000000, 0.0000000000000000000, -9.931150000000000588 ) ) ;
#1704 = DIRECTION ( 'NONE',  ( -0.0000000000000000000, -0.0000000000000000000, -1.000000000000000000 ) ) ;
#1705 = DIRECTION ( 'NONE',  ( -1.000000000000000000, 0.0000000000000000000, 0.0000000000000000000 ) ) ;
#1706 = CARTESIAN_POINT ( 'NONE',  ( -8.000000000000000000, 0.0000000000000000000, -13.89344999999999963 ) ) ;
#1707 = EDGE_LOOP ( 'NONE', ( #352, #331, #265, #254 ) ) ;
#1708 = DIRECTION ( 'NONE',  ( 1.000000000000000000, 0.0000000000000000000, 0.0000000000000000000 ) ) ;
#1709 = CARTESIAN_POINT ( 'NONE',  ( 0.0000000000000000000, 0.0000000000000000000, -3.287492461790304965 ) ) ;
#1710 = VERTEX_POINT ( 'NONE', #688 ) ;
#1711 = EDGE_LOOP ( 'NONE', ( #1356, #1348, #1244, #1252 ) ) ;
#1712 = EDGE_LOOP ( 'NONE', ( #395, #471, #552, #445, #478, #425 ) ) ;
#1713 = SURFACE_SIDE_STYLE ('',( #492 ) ) ;
#1714 = DIRECTION ( 'NONE',  ( 0.0000000000000000000, 0.0000000000000000000, 1.000000000000000000 ) ) ;
#1715 = ORIENTED_EDGE ( 'NONE', *, *, #264, .F. ) ;
#1716 =( NAMED_UNIT ( * ) PLANE_ANGLE_UNIT ( ) SI_UNIT ( $, .RADIAN. ) );
#1717 = CARTESIAN_POINT ( 'NONE',  ( 7.000000000000000000, 0.0000000000000000000, -15.90000000000000036 ) ) ;
#1718 = CONICAL_SURFACE ( 'NONE', #1847, 12.00000000000000355, 1.047197551196596743 ) ;
#1719 = ORIENTED_EDGE ( 'NONE', *, *, #276, .T. ) ;
#1720 = CIRCLE ( 'NONE', #2036, 7.000000000000000000 ) ;
#1721 = PLANE ( 'NONE',  #1872 ) ;
#1722 = DIRECTION ( 'NONE',  ( -0.8191520442889926867, 1.003171929053525733E-16, 0.5735764363510449382 ) ) ;
#1723 = LINE ( 'NONE', #798, #1597 ) ;
#1724 = DIRECTION ( 'NONE',  ( 1.000000000000000000, 0.0000000000000000000, 0.0000000000000000000 ) ) ;
#1725 = ORIENTED_EDGE ( 'NONE', *, *, #1189, .F. ) ;
#1726 = CIRCLE ( 'NONE', #1794, 7.000000000000000000 ) ;
#1727 = CARTESIAN_POINT ( 'NONE',  ( -7.000000000000000000, 8.572527594031473190E-16, -1.306342461790304998 ) ) ;
#1728 = ORIENTED_EDGE ( 'NONE', *, *, #176, .T. ) ;
#1729 = CARTESIAN_POINT ( 'NONE',  ( 7.000000000000000000, 0.0000000000000000000, -2.706757538209718206 ) ) ;
#1730 = EDGE_CURVE ( 'NONE', #743, #1557, #1448, .T. ) ;
#1731 = LINE ( 'NONE', #911, #1680 ) ;
#1732 = CARTESIAN_POINT ( 'NONE',  ( 6.938893903907228378E-15, 13.85640646055102287, 0.0000000000000000000 ) ) ;
#1733 = CONICAL_SURFACE ( 'NONE', #1928, 7.000000000000000000, 0.9599310885968755924 ) ;
#1734 = CONICAL_SURFACE ( 'NONE', #1875, 7.000000000000000000, 0.9599310885968755924 ) ;
#1735 = EDGE_CURVE ( 'NONE', #788, #401, #1254, .T. ) ;
#1736 = ORIENTED_EDGE ( 'NONE', *, *, #1525, .F. ) ;
#1737 = CARTESIAN_POINT ( 'NONE',  ( 11.01847871666547185, -7.494884807424061712, -15.15537699138731753 ) ) ;
#1738 =( NAMED_UNIT ( * ) SI_UNIT ( $, .STERADIAN. ) SOLID_ANGLE_UNIT ( ) );
#1739 = CARTESIAN_POINT ( 'NONE',  ( 0.0000000000000000000, 0.0000000000000000000, -15.17439246179028700 ) ) ;
#1740 = VERTEX_POINT ( 'NONE', #565 ) ;
#1741 = CIRCLE ( 'NONE', #1933, 7.000000000000000000 ) ;
#1742 = DIRECTION ( 'NONE',  ( -0.0000000000000000000, -0.0000000000000000000, 1.000000000000000000 ) ) ;
#1743 =( LENGTH_UNIT ( ) NAMED_UNIT ( * ) SI_UNIT ( .MILLI., .METRE. ) );
#1744 = DIRECTION ( 'NONE',  ( -1.000000000000000000, 0.0000000000000000000, 0.0000000000000000000 ) ) ;
#1745 = CARTESIAN_POINT ( 'NONE',  ( 7.000000000000000000, 0.0000000000000000000, -15.90000000000000036 ) ) ;
#1746 = CARTESIAN_POINT ( 'NONE',  ( 6.899999999999999467, 0.0000000000000000000, -0.7702282920306786629 ) ) ;
#1747 = PRESENTATION_STYLE_ASSIGNMENT (( #545 ) ) ;
#1748 = CARTESIAN_POINT ( 'NONE',  ( -6.899999999999999467, 8.450062914116736661E-16, -0.7702282920306786629 ) ) ;
#1749 = VECTOR ( 'NONE', #1574, 1000.000000000000000 ) ;
#1750 = CARTESIAN_POINT ( 'NONE',  ( 0.0000000000000000000, 0.0000000000000000000, -14.59365753820971712 ) ) ;
#1751 = ORIENTED_EDGE ( 'NONE', *, *, #1614, .T. ) ;
#1752 = FACE_OUTER_BOUND ( 'NONE', #1172, .T. ) ;
#1753 = PRODUCT_RELATED_PRODUCT_CATEGORY ( 'part', '', ( #1056 ) ) ;
#1754 = PRODUCT_DEFINITION_FORMATION_WITH_SPECIFIED_SOURCE ( 'ANY', '', #1056, .NOT_KNOWN. ) ;
#1755 = FILL_AREA_STYLE ('',( #1796 ) ) ;
#1756 = DIRECTION ( 'NONE',  ( -0.0000000000000000000, -0.0000000000000000000, -1.000000000000000000 ) ) ;
#1757 = SURFACE_STYLE_USAGE ( .BOTH. , #1713 ) ;
#1758 = FACE_OUTER_BOUND ( 'NONE', #2071, .T. ) ;
#1759 = PRODUCT_DEFINITION ( 'UNKNOWN', '', #1754, #1239 ) ;
#1760 = AXIS2_PLACEMENT_3D ( 'NONE', #465, #375, #323 ) ;
#1761 = DIRECTION ( 'NONE',  ( -1.000000000000000000, 0.0000000000000000000, 0.0000000000000000000 ) ) ;
#1762 = EDGE_LOOP ( 'NONE', ( #636, #639 ) ) ;
#1763 = CARTESIAN_POINT ( 'NONE',  ( 12.00000000000000000, -6.928203230275528313, -14.82820323027550558 ) ) ;
#1764 = ORIENTED_EDGE ( 'NONE', *, *, #459, .T. ) ;
#1765 = FACE_OUTER_BOUND ( 'NONE', #112, .T. ) ;
#1766 =( GEOMETRIC_REPRESENTATION_CONTEXT ( 3 ) GLOBAL_UNCERTAINTY_ASSIGNED_CONTEXT ( ( #151 ) ) GLOBAL_UNIT_ASSIGNED_CONTEXT ( ( #338, #326, #293 ) ) REPRESENTATION_CONTEXT ( 'NONE', 'WORKASPACE' ) );
#1767 = DIRECTION ( 'NONE',  ( 0.0000000000000000000, 0.0000000000000000000, -1.000000000000000000 ) ) ;
#1768 = MECHANICAL_DESIGN_GEOMETRIC_PRESENTATION_REPRESENTATION (  '', ( #1775 ), #1766 ) ;
#1769 = DIRECTION ( 'NONE',  ( -0.0000000000000000000, -0.0000000000000000000, 1.000000000000000000 ) ) ;
#1770 = FACE_OUTER_BOUND ( 'NONE', #1492, .T. ) ;
#1771 = ORIENTED_EDGE ( 'NONE', *, *, #562, .F. ) ;
#1772 = DIRECTION ( 'NONE',  ( 0.0000000000000000000, 0.0000000000000000000, 1.000000000000000000 ) ) ;
#1773 = VECTOR ( 'NONE', #941, 1000.000000000000000 ) ;
#1774 = PRESENTATION_LAYER_ASSIGNMENT (  '', '', ( #1775 ) ) ;
#1775 = STYLED_ITEM ( 'NONE', ( #423 ), #1491 ) ;
#1776 = LINE ( 'NONE', #851, #1618 ) ;
#1777 = DIRECTION ( 'NONE',  ( 0.0000000000000000000, 0.0000000000000000000, 1.000000000000000000 ) ) ;
#1778 = DIRECTION ( 'NONE',  ( 0.8191520442889926867, 0.0000000000000000000, 0.5735764363510449382 ) ) ;
#1779 = CARTESIAN_POINT ( 'NONE',  ( 10.02978802437156425, -8.065705644765230886, -15.42491953530558391 ) ) ;
#1780 = CARTESIAN_POINT ( 'NONE',  ( 8.031737012268319376, -9.219280934457641408, -15.79785204356388206 ) ) ;
#1781 = CIRCLE ( 'NONE', #1924, 7.000000000000000000 ) ;
#1782 = ORIENTED_EDGE ( 'NONE', *, *, #190, .F. ) ;
#1783 = CARTESIAN_POINT ( 'NONE',  ( 7.022222184832255465, -9.802124591828770050, -15.90000000000000036 ) ) ;
#1784 = ORIENTED_EDGE ( 'NONE', *, *, #340, .F. ) ;
#1785 =( GEOMETRIC_REPRESENTATION_CONTEXT ( 3 ) GLOBAL_UNCERTAINTY_ASSIGNED_CONTEXT ( ( #1445 ) ) GLOBAL_UNIT_ASSIGNED_CONTEXT ( ( #387, #334, #421 ) ) REPRESENTATION_CONTEXT ( 'NONE', 'WORKASPACE' ) );
#1786 = VERTEX_POINT ( 'NONE', #556 ) ;
#1787 = CARTESIAN_POINT ( 'NONE',  ( 6.000000000000007105, -10.39230484541326582, -15.90000000000000036 ) ) ;
#1788 = CARTESIAN_POINT ( 'NONE',  ( 0.0000000000000000000, 0.0000000000000000000, -15.90000000000000036 ) ) ;
#1789 = CONICAL_SURFACE ( 'NONE', #1937, 8.000000000000000000, 0.9599310885968911355 ) ;
#1790 = AXIS2_PLACEMENT_3D ( 'NONE', #444, #455, #398 ) ;
#1791 = ORIENTED_EDGE ( 'NONE', *, *, #523, .F. ) ;
#1792 = ORIENTED_EDGE ( 'NONE', *, *, #413, .F. ) ;
#1793 = AXIS2_PLACEMENT_3D ( 'NONE', #595, #584, #575 ) ;
#1794 = AXIS2_PLACEMENT_3D ( 'NONE', #900, #841, #816 ) ;
#1795 = AXIS2_PLACEMENT_3D ( 'NONE', #914, #918, #904 ) ;
#1796 = FILL_AREA_STYLE_COLOUR ( '', #1063 ) ;
#1797 = CARTESIAN_POINT ( 'NONE',  ( 0.0000000000000000000, 0.0000000000000000000, -2.706757538209718206 ) ) ;
#1798 = LINE ( 'NONE', #838, #1700 ) ;
#1799 = AXIS2_PLACEMENT_3D ( 'NONE', #972, #963, #986 ) ;
#1800 = AXIS2_PLACEMENT_3D ( 'NONE', #1002, #1011, #1008 ) ;
#1801 = AXIS2_PLACEMENT_3D ( 'NONE', #1047, #1044, #1039 ) ;
#1802 = ORIENTED_EDGE ( 'NONE', *, *, #111, .T. ) ;
#1803 = VECTOR ( 'NONE', #936, 1000.000000000000000 ) ;
#1804 = VECTOR ( 'NONE', #1528, 1000.000000000000000 ) ;
#1805 = LINE ( 'NONE', #666, #1905 ) ;
#1806 = ORIENTED_EDGE ( 'NONE', *, *, #650, .F. ) ;
#1807 =( GEOMETRIC_REPRESENTATION_CONTEXT ( 3 ) GLOBAL_UNCERTAINTY_ASSIGNED_CONTEXT ( ( #674 ) ) GLOBAL_UNIT_ASSIGNED_CONTEXT ( ( #1174, #1173, #1955 ) ) REPRESENTATION_CONTEXT ( 'NONE', 'WORKASPACE' ) );
#1808 = MECHANICAL_DESIGN_GEOMETRIC_PRESENTATION_REPRESENTATION (  '', ( #1813 ), #1807 ) ;
#1809 = PRESENTATION_LAYER_ASSIGNMENT (  '', '', ( #1813 ) ) ;
#1810 = AXIS2_PLACEMENT_3D ( 'NONE', #1236, #1256, #1243 ) ;
#1811 = AXIS2_PLACEMENT_3D ( 'NONE', #1233, #1248, #1235 ) ;
#1812 = DIRECTION ( 'NONE',  ( 1.000000000000000000, 0.0000000000000000000, 0.0000000000000000000 ) ) ;
#1813 = STYLED_ITEM ( 'NONE', ( #630 ), #966 ) ;
#1814 = CARTESIAN_POINT ( 'NONE',  ( 0.0000000000000000000, 0.0000000000000000000, -15.90000000000000036 ) ) ;
#1815 = DIRECTION ( 'NONE',  ( -0.0000000000000000000, -0.0000000000000000000, -1.000000000000000000 ) ) ;
#1816 = ORIENTED_EDGE ( 'NONE', *, *, #1275, .T. ) ;
#1817 = AXIS2_PLACEMENT_3D ( 'NONE', #1296, #1255, #60 ) ;
#1818 = AXIS2_PLACEMENT_3D ( 'NONE', #1309, #1308, #1360 ) ;
#1819 = ORIENTED_EDGE ( 'NONE', *, *, #642, .T. ) ;
#1820 = AXIS2_PLACEMENT_3D ( 'NONE', #2081, #1310, #2082 ) ;
#1821 = AXIS2_PLACEMENT_3D ( 'NONE', #1290, #1282, #1321 ) ;
#1822 = AXIS2_PLACEMENT_3D ( 'NONE', #1365, #1323, #1334 ) ;
#1823 = AXIS2_PLACEMENT_3D ( 'NONE', #1303, #1293, #1297 ) ;
#1824 = CIRCLE ( 'NONE', #2098, 8.000000000000000000 ) ;
#1825 = LINE ( 'NONE', #899, #1773 ) ;
#1826 = CIRCLE ( 'NONE', #693, 8.000000000000000000 ) ;
#1827 = AXIS2_PLACEMENT_3D ( 'NONE', #1425, #1397, #1392 ) ;
#1828 = CARTESIAN_POINT ( 'NONE',  ( 6.000000000000007105, -10.39230484541326582, 0.0000000000000000000 ) ) ;
#1829 = DIRECTION ( 'NONE',  ( 1.000000000000000000, 0.0000000000000000000, 0.0000000000000000000 ) ) ;
#1830 = AXIS2_PLACEMENT_3D ( 'NONE', #1465, #1396, #1371 ) ;
#1831 = ORIENTED_EDGE ( 'NONE', *, *, #531, .T. ) ;
#1832 = ORIENTED_EDGE ( 'NONE', *, *, #594, .T. ) ;
#1833 = AXIS2_PLACEMENT_3D ( 'NONE', #1357, #1353, #1394 ) ;
#1834 = CARTESIAN_POINT ( 'NONE',  ( -11.99999999999999645, 0.0000000000000000000, -15.90000000000000036 ) ) ;
#1835 = AXIS2_PLACEMENT_3D ( 'NONE', #1498, #1413, #1436 ) ;
#1836 = FACE_OUTER_BOUND ( 'NONE', #765, .T. ) ;
#1837 = ORIENTED_EDGE ( 'NONE', *, *, #513, .T. ) ;
#1838 = AXIS2_PLACEMENT_3D ( 'NONE', #1441, #1433, #1480 ) ;
#1839 = AXIS2_PLACEMENT_3D ( 'NONE', #1459, #1458, #1474 ) ;
#1840 = EDGE_LOOP ( 'NONE', ( #437, #431, #422, #358 ) ) ;
#1841 = AXIS2_PLACEMENT_3D ( 'NONE', #1446, #1477, #1598 ) ;
#1842 = AXIS2_PLACEMENT_3D ( 'NONE', #1508, #1503, #1505 ) ;
#1843 = DIRECTION ( 'NONE',  ( 0.0000000000000000000, 0.0000000000000000000, 1.000000000000000000 ) ) ;
#1844 = EDGE_LOOP ( 'NONE', ( #1152, #1118, #1042 ) ) ;
#1845 = CARTESIAN_POINT ( 'NONE',  ( 0.0000000000000000000, 0.0000000000000000000, -6.669057538209719027 ) ) ;
#1846 = AXIS2_PLACEMENT_3D ( 'NONE', #1587, #1593, #1578 ) ;
#1847 = AXIS2_PLACEMENT_3D ( 'NONE', #1550, #1544, #1548 ) ;
#1848 = VERTEX_POINT ( 'NONE', #671 ) ;
#1849 = PLANE ( 'NONE',  #1888 ) ;
#1850 = ORIENTED_EDGE ( 'NONE', *, *, #587, .T. ) ;
#1851 = AXIS2_PLACEMENT_3D ( 'NONE', #1545, #1512, #1594 ) ;
#1852 = LINE ( 'NONE', #998, #1803 ) ;
#1853 =( GEOMETRIC_REPRESENTATION_CONTEXT ( 3 ) GLOBAL_UNCERTAINTY_ASSIGNED_CONTEXT ( ( #2037 ) ) GLOBAL_UNIT_ASSIGNED_CONTEXT ( ( #1589, #1584, #1580 ) ) REPRESENTATION_CONTEXT ( 'NONE', 'WORKASPACE' ) );
#1854 = VECTOR ( 'NONE', #987, 1000.000000000000000 ) ;
#1855 = COLOUR_RGB ( '',0.7764705882352941346, 0.7568627450980391913, 0.7372549019607843590 ) ;
#1856 = MECHANICAL_DESIGN_GEOMETRIC_PRESENTATION_REPRESENTATION (  '', ( #1860 ), #1853 ) ;
#1857 = PRESENTATION_LAYER_ASSIGNMENT (  '', '', ( #1860 ) ) ;
#1858 = LINE ( 'NONE', #1529, #1701 ) ;
#1859 = LINE ( 'NONE', #685, #1664 ) ;
#1860 = STYLED_ITEM ( 'NONE', ( #1647 ), #742 ) ;
#1861 = CIRCLE ( 'NONE', #2038, 7.000000000000000000 ) ;
#1862 = DIRECTION ( 'NONE',  ( -1.000000000000000000, 0.0000000000000000000, 0.0000000000000000000 ) ) ;
#1863 = AXIS2_PLACEMENT_3D ( 'NONE', #1691, #1677, #1626 ) ;
#1864 = ORIENTED_EDGE ( 'NONE', *, *, #227, .F. ) ;
#1865 = B_SPLINE_CURVE_WITH_KNOTS ( 'NONE', 3,
 ( #942, #834, #619, #991, #930, #947, #968, #984 ),
 .UNSPECIFIED., .F., .F.,
 ( 4, 2, 2, 4 ),
 ( 0.007010445034807164660, 0.008756443665256704798, 0.01050244229570624147, 0.01399443955660532174 ),
 .UNSPECIFIED. ) ;
#1866 = AXIS2_PLACEMENT_3D ( 'NONE', #1655, #1657, #1633 ) ;
#1867 = ORIENTED_EDGE ( 'NONE', *, *, #656, .F. ) ;
#1868 = DIRECTION ( 'NONE',  ( -1.000000000000000000, 0.0000000000000000000, 0.0000000000000000000 ) ) ;
#1869 = ORIENTED_EDGE ( 'NONE', *, *, #340, .T. ) ;
#1870 = FACE_OUTER_BOUND ( 'NONE', #330, .T. ) ;
#1871 = AXIS2_PLACEMENT_3D ( 'NONE', #1663, #1687, #1653 ) ;
#1872 = AXIS2_PLACEMENT_3D ( 'NONE', #1732, #1767, #1679 ) ;
#1873 = DIRECTION ( 'NONE',  ( 0.0000000000000000000, 0.0000000000000000000, 1.000000000000000000 ) ) ;
#1874 = AXIS2_PLACEMENT_3D ( 'NONE', #1788, #1772, #1724 ) ;
#1875 = AXIS2_PLACEMENT_3D ( 'NONE', #1698, #1693, #1708 ) ;
#1876 = CARTESIAN_POINT ( 'NONE',  ( 7.000000000000000000, 0.0000000000000000000, -15.90000000000000036 ) ) ;
#1877 = CIRCLE ( 'NONE', #1795, 8.000000000000000000 ) ;
#1878 = CARTESIAN_POINT ( 'NONE',  ( -7.000000000000000000, 8.572527594031473190E-16, -15.90000000000000036 ) ) ;
#1879 = SURFACE_STYLE_FILL_AREA ( #651 ) ;
#1880 =( GEOMETRIC_REPRESENTATION_CONTEXT ( 3 ) GLOBAL_UNCERTAINTY_ASSIGNED_CONTEXT ( ( #50 ) ) GLOBAL_UNIT_ASSIGNED_CONTEXT ( ( #1743, #1716, #1738 ) ) REPRESENTATION_CONTEXT ( 'NONE', 'WORKASPACE' ) );
#1881 = MECHANICAL_DESIGN_GEOMETRIC_PRESENTATION_REPRESENTATION (  '', ( #1885 ), #1880 ) ;
#1882 = VECTOR ( 'NONE', #1061, 1000.000000000000000 ) ;
#1883 = DIRECTION ( 'NONE',  ( -0.0000000000000000000, -0.0000000000000000000, -1.000000000000000000 ) ) ;
#1884 = PRESENTATION_LAYER_ASSIGNMENT (  '', '', ( #1885 ) ) ;
#1885 = STYLED_ITEM ( 'NONE', ( #1160 ), #718 ) ;
#1886 = CARTESIAN_POINT ( 'NONE',  ( 0.0000000000000000000, 0.0000000000000000000, -5.968850000000000655 ) ) ;
#1887 = AXIS2_PLACEMENT_3D ( 'NONE', #1845, #1777, #1812 ) ;
#1888 = AXIS2_PLACEMENT_3D ( 'NONE', #1896, #1868, #1843 ) ;
#1889 = ORIENTED_EDGE ( 'NONE', *, *, #150, .T. ) ;
#1890 = EDGE_LOOP ( 'NONE', ( #486, #1094, #16, #1406 ) ) ;
#1891 = AXIS2_PLACEMENT_3D ( 'NONE', #1895, #1873, #1897 ) ;
#1892 = AXIS2_PLACEMENT_3D ( 'NONE', #1921, #1899, #1922 ) ;
#1893 = CYLINDRICAL_SURFACE ( 'NONE', #1827, 7.000000000000000000 ) ;
#1894 = AXIS2_PLACEMENT_3D ( 'NONE', #1814, #1769, #1829 ) ;
#1895 = CARTESIAN_POINT ( 'NONE',  ( 0.0000000000000000000, 0.0000000000000000000, -15.90000000000000036 ) ) ;
#1896 = CARTESIAN_POINT ( 'NONE',  ( -12.00000000000000000, 6.928203230275506108, -15.90000000000000036 ) ) ;
#1897 = DIRECTION ( 'NONE',  ( 1.000000000000000000, 0.0000000000000000000, 0.0000000000000000000 ) ) ;
#1898 = CIRCLE ( 'NONE', #2043, 7.000000000000000000 ) ;
#1899 = DIRECTION ( 'NONE',  ( 0.0000000000000000000, 0.0000000000000000000, 1.000000000000000000 ) ) ;
#1900 = AXIS2_PLACEMENT_3D ( 'NONE', #2017, #1987, #1960 ) ;
#1901 = LINE ( 'NONE', #992, #1854 ) ;
#1902 = AXIS2_PLACEMENT_3D ( 'NONE', #1974, #1946, #1984 ) ;
#1903 = CIRCLE ( 'NONE', #3, 8.000000000000000000 ) ;
#1904 = AXIS2_PLACEMENT_3D ( 'NONE', #2000, #2026, #1950 ) ;
#1905 = VECTOR ( 'NONE', #660, 1000.000000000000000 ) ;
#1906 = AXIS2_PLACEMENT_3D ( 'NONE', #2016, #2006, #2024 ) ;
#1907 = FACE_OUTER_BOUND ( 'NONE', #566, .T. ) ;
#1908 = AXIS2_PLACEMENT_3D ( 'NONE', #994, #1910, #1935 ) ;
#1909 = AXIS2_PLACEMENT_3D ( 'NONE', #2095, #2068, #2042 ) ;
#1910 = DIRECTION ( 'NONE',  ( -0.0000000000000000000, -0.0000000000000000000, -1.000000000000000000 ) ) ;
#1911 = EDGE_LOOP ( 'NONE', ( #64, #114, #37, #34 ) ) ;
#1912 = EDGE_LOOP ( 'NONE', ( #84, #1258, #443, #91 ) ) ;
#1913 = AXIS2_PLACEMENT_3D ( 'NONE', #2045, #1262, #2047 ) ;
#1914 = EDGE_LOOP ( 'NONE', ( #806, #623, #2019, #649 ) ) ;
#1915 = ORIENTED_EDGE ( 'NONE', *, *, #430, .F. ) ;
#1916 = VERTEX_POINT ( 'NONE', #542 ) ;
#1917 = EDGE_CURVE ( 'NONE', #304, #32, #1163, .T. ) ;
#1918 = FACE_OUTER_BOUND ( 'NONE', #1281, .T. ) ;
#1919 = CARTESIAN_POINT ( 'NONE',  ( 8.673617379884035472E-16, 13.85640646055102643, -14.82820323027550558 ) ) ;
#1920 = ORIENTED_EDGE ( 'NONE', *, *, #581, .F. ) ;
#1921 = CARTESIAN_POINT ( 'NONE',  ( 0.0000000000000000000, 0.0000000000000000000, -15.90000000000000036 ) ) ;
#1922 = DIRECTION ( 'NONE',  ( 1.000000000000000000, 0.0000000000000000000, 0.0000000000000000000 ) ) ;
#1923 = AXIS2_PLACEMENT_3D ( 'NONE', #2057, #2031, #2039 ) ;
#1924 = AXIS2_PLACEMENT_3D ( 'NONE', #2090, #2074, #2072 ) ;
#1925 = CONICAL_SURFACE ( 'NONE', #1994, 8.000000000000000000, 0.9599310885968911355 ) ;
#1926 = LINE ( 'NONE', #1532, #1804 ) ;
#1927 = CIRCLE ( 'NONE', #1799, 8.000000000000000000 ) ;
#1928 = AXIS2_PLACEMENT_3D ( 'NONE', #13, #27, #20 ) ;
#1929 = ORIENTED_EDGE ( 'NONE', *, *, #350, .T. ) ;
#1930 = AXIS2_PLACEMENT_3D ( 'NONE', #67, #33, #28 ) ;
#1931 = AXIS2_PLACEMENT_3D ( 'NONE', #92, #108, #82 ) ;
#1932 = CARTESIAN_POINT ( 'NONE',  ( 0.0000000000000000000, 0.0000000000000000000, 0.0000000000000000000 ) ) ;
#1933 = AXIS2_PLACEMENT_3D ( 'NONE', #79, #74, #72 ) ;
#1934 = AXIS2_PLACEMENT_3D ( 'NONE', #113, #149, #109 ) ;
#1935 = DIRECTION ( 'NONE',  ( -1.000000000000000000, 0.0000000000000000000, 0.0000000000000000000 ) ) ;
#1936 = ORIENTED_EDGE ( 'NONE', *, *, #1390, .F. ) ;
#1937 = AXIS2_PLACEMENT_3D ( 'NONE', #144, #153, #138 ) ;
#1938 = EDGE_LOOP ( 'NONE', ( #657, #336, #1484, #1137 ) ) ;
#1939 = AXIS2_PLACEMENT_3D ( 'NONE', #134, #133, #127 ) ;
#1940 = AXIS2_PLACEMENT_3D ( 'NONE', #199, #195, #200 ) ;
#1941 = ORIENTED_EDGE ( 'NONE', *, *, #1672, .T. ) ;
#1942 = AXIS2_PLACEMENT_3D ( 'NONE', #194, #172, #205 ) ;
#1943 = AXIS2_PLACEMENT_3D ( 'NONE', #171, #165, #178 ) ;
#1944 = ORIENTED_EDGE ( 'NONE', *, *, #244, .T. ) ;
#1945 = AXIS2_PLACEMENT_3D ( 'NONE', #238, #219, #237 ) ;
#1946 = DIRECTION ( 'NONE',  ( -0.0000000000000000000, -0.0000000000000000000, -1.000000000000000000 ) ) ;
#1947 = AXIS2_PLACEMENT_3D ( 'NONE', #216, #213, #217 ) ;
#1948 = EDGE_LOOP ( 'NONE', ( #1437, #1116, #1624, #121 ) ) ;
#1949 = CIRCLE ( 'NONE', #1800, 7.000000000000000000 ) ;
#1950 = DIRECTION ( 'NONE',  ( 1.000000000000000000, 0.0000000000000000000, 0.0000000000000000000 ) ) ;
#1951 = AXIS2_PLACEMENT_3D ( 'NONE', #223, #208, #211 ) ;
#1952 = B_SPLINE_CURVE_WITH_KNOTS ( 'NONE', 3,
 ( #1435, #1354, #1314, #1266, #1270, #1271 ),
 .UNSPECIFIED., .F., .F.,
 ( 4, 2, 4 ),
 ( 2.380729645806236605E-07, 0.003505341553885876326, 0.007010445034807172467 ),
 .UNSPECIFIED. ) ;
#1953 = AXIS2_PLACEMENT_3D ( 'NONE', #231, #226, #224 ) ;
#1954 = CIRCLE ( 'NONE', #1801, 8.000000000000000000 ) ;
#1955 =( NAMED_UNIT ( * ) SI_UNIT ( $, .STERADIAN. ) SOLID_ANGLE_UNIT ( ) );
#1956 = AXIS2_PLACEMENT_3D ( 'NONE', #270, #318, #292 ) ;
#1957 = AXIS2_PLACEMENT_3D ( 'NONE', #262, #253, #251 ) ;
#1958 = CIRCLE ( 'NONE', #2050, 7.000000000000000000 ) ;
#1959 = DIRECTION ( 'NONE',  ( -0.0000000000000000000, -0.0000000000000000000, 1.000000000000000000 ) ) ;
#1960 = DIRECTION ( 'NONE',  ( 1.000000000000000000, 0.0000000000000000000, 0.0000000000000000000 ) ) ;
#1961 = DIRECTION ( 'NONE',  ( 1.000000000000000000, 0.0000000000000000000, 0.0000000000000000000 ) ) ;
#1962 = AXIS2_PLACEMENT_3D ( 'NONE', #372, #368, #377 ) ;
#1963 = AXIS2_PLACEMENT_3D ( 'NONE', #408, #385, #379 ) ;
#1964 = AXIS2_PLACEMENT_3D ( 'NONE', #287, #283, #282 ) ;
#1965 = DIRECTION ( 'NONE',  ( 0.0000000000000000000, 0.0000000000000000000, 1.000000000000000000 ) ) ;
#1966 = FACE_OUTER_BOUND ( 'NONE', #580, .T. ) ;
#1967 = AXIS2_PLACEMENT_3D ( 'NONE', #364, #337, #324 ) ;
#1968 = VERTEX_POINT ( 'NONE', #509 ) ;
#1969 = AXIS2_PLACEMENT_3D ( 'NONE', #399, #397, #392 ) ;
#1970 = DIRECTION ( 'NONE',  ( 0.0000000000000000000, 0.0000000000000000000, 1.000000000000000000 ) ) ;
#1971 = AXIS2_PLACEMENT_3D ( 'NONE', #427, #458, #446 ) ;
#1972 = AXIS2_PLACEMENT_3D ( 'NONE', #522, #505, #477 ) ;
#1973 = AXIS2_PLACEMENT_3D ( 'NONE', #557, #554, #526 ) ;
#1974 = CARTESIAN_POINT ( 'NONE',  ( 0.0000000000000000000, 0.0000000000000000000, -3.987700000000000244 ) ) ;
#1975 = AXIS2_PLACEMENT_3D ( 'NONE', #500, #491, #480 ) ;
#1976 = AXIS2_PLACEMENT_3D ( 'NONE', #466, #464, #463 ) ;
#1977 =( GEOMETRIC_REPRESENTATION_CONTEXT ( 3 ) GLOBAL_UNCERTAINTY_ASSIGNED_CONTEXT ( ( #1193 ) ) GLOBAL_UNIT_ASSIGNED_CONTEXT ( ( #536, #535, #532 ) ) REPRESENTATION_CONTEXT ( 'NONE', 'WORKASPACE' ) );
#1978 = EDGE_LOOP ( 'NONE', ( #1495, #504, #989, #73 ) ) ;
#1979 = VECTOR ( 'NONE', #1139, 1000.000000000000000 ) ;
#1980 = VECTOR ( 'NONE', #1506, 1000.000000000000000 ) ;
#1981 = MECHANICAL_DESIGN_GEOMETRIC_PRESENTATION_REPRESENTATION (  '', ( #1990 ), #1977 ) ;
#1982 = PRESENTATION_LAYER_ASSIGNMENT (  '', '', ( #1990 ) ) ;
#1983 = FACE_OUTER_BOUND ( 'NONE', #1523, .T. ) ;
#1984 = DIRECTION ( 'NONE',  ( -1.000000000000000000, 0.0000000000000000000, 0.0000000000000000000 ) ) ;
#1985 = EDGE_LOOP ( 'NONE', ( #705, #808, #668, #677, #1784, #560 ) ) ;
#1986 = AXIS2_PLACEMENT_3D ( 'NONE', #596, #571, #569 ) ;
#1987 = DIRECTION ( 'NONE',  ( 0.0000000000000000000, 0.0000000000000000000, 1.000000000000000000 ) ) ;
#1988 = ORIENTED_EDGE ( 'NONE', *, *, #415, .T. ) ;
#1989 = EDGE_LOOP ( 'NONE', ( #357, #419, #774, #782, #825, #750 ) ) ;
#1990 = STYLED_ITEM ( 'NONE', ( #1747 ), #553 ) ;
#1991 = AXIS2_PLACEMENT_3D ( 'NONE', #605, #600, #607 ) ;
#1992 = ORIENTED_EDGE ( 'NONE', *, *, #489, .F. ) ;
#1993 = AXIS2_PLACEMENT_3D ( 'NONE', #579, #578, #576 ) ;
#1994 = AXIS2_PLACEMENT_3D ( 'NONE', #627, #653, #624 ) ;
#1995 = B_SPLINE_CURVE_WITH_KNOTS ( 'NONE', 3,
 ( #1268, #1247, #1081, #1279, #1278, #1273, #1259, #1322 ),
 .UNSPECIFIED., .F., .F.,
 ( 4, 2, 2, 4 ),
 ( 0.007010445034807163793, 0.008756443665256703063, 0.01050244229570624493, 0.01399443955660532347 ),
 .UNSPECIFIED. ) ;
#1996 = AXIS2_PLACEMENT_3D ( 'NONE', #697, #682, #681 ) ;
#1997 = AXIS2_PLACEMENT_3D ( 'NONE', #613, #612, #610 ) ;
#1998 = AXIS2_PLACEMENT_3D ( 'NONE', #720, #704, #732 ) ;
#1999 = EDGE_LOOP ( 'NONE', ( #711, #663, #637, #615 ) ) ;
#2000 = CARTESIAN_POINT ( 'NONE',  ( 0.0000000000000000000, 0.0000000000000000000, -15.90000000000000036 ) ) ;
#2001 = CIRCLE ( 'NONE', #2052, 7.000000000000000000 ) ;
#2002 = CIRCLE ( 'NONE', #5, 12.00000000000000178 ) ;
#2003 = AXIS2_PLACEMENT_3D ( 'NONE', #787, #726, #763 ) ;
#2004 = CYLINDRICAL_SURFACE ( 'NONE', #1991, 7.000000000000000000 ) ;
#2005 = CONICAL_SURFACE ( 'NONE', #1887, 7.000000000000000000, 0.9599310885968755924 ) ;
#2006 = DIRECTION ( 'NONE',  ( 0.0000000000000000000, 0.0000000000000000000, -1.000000000000000000 ) ) ;
#2007 = AXIS2_PLACEMENT_3D ( 'NONE', #776, #772, #768 ) ;
#2008 = CIRCLE ( 'NONE', #2044, 7.000000000000000000 ) ;
#2009 = AXIS2_PLACEMENT_3D ( 'NONE', #811, #815, #807 ) ;
#2010 = LINE ( 'NONE', #2092, #2053 ) ;
#2011 = AXIS2_PLACEMENT_3D ( 'NONE', #804, #799, #790 ) ;
#2012 = AXIS2_PLACEMENT_3D ( 'NONE', #842, #873, #829 ) ;
#2013 = CONICAL_SURFACE ( 'NONE', #1930, 7.000000000000000000, 0.9599310885968755924 ) ;
#2014 = AXIS2_PLACEMENT_3D ( 'NONE', #828, #871, #849 ) ;
#2015 = AXIS2_PLACEMENT_3D ( 'NONE', #162, #860, #850 ) ;
#2016 = CARTESIAN_POINT ( 'NONE',  ( 0.0000000000000000000, 0.0000000000000000000, 0.0000000000000000000 ) ) ;
#2017 = CARTESIAN_POINT ( 'NONE',  ( 0.0000000000000000000, 0.0000000000000000000, -15.90000000000000036 ) ) ;
#2018 = LINE ( 'NONE', #163, #1218 ) ;
#2019 = ORIENTED_EDGE ( 'NONE', *, *, #1374, .F. ) ;
#2020 = AXIS2_PLACEMENT_3D ( 'NONE', #865, #862, #861 ) ;
#2021 = VERTEX_POINT ( 'NONE', #499 ) ;
#2022 = AXIS2_PLACEMENT_3D ( 'NONE', #897, #880, #898 ) ;
#2023 = CARTESIAN_POINT ( 'NONE',  ( -7.000000000000000000, 8.572527594031473190E-16, -15.90000000000000036 ) ) ;
#2024 = DIRECTION ( 'NONE',  ( -1.000000000000000000, 0.0000000000000000000, 0.0000000000000000000 ) ) ;
#2025 = B_SPLINE_CURVE_WITH_KNOTS ( 'NONE', 3,
 ( #1500, #1181, #1196, #1197, #1198, #1199 ),
 .UNSPECIFIED., .F., .F.,
 ( 4, 2, 4 ),
 ( 2.380729645601590268E-07, 0.003505341553885852907, 0.007010445034807145578 ),
 .UNSPECIFIED. ) ;
#2026 = DIRECTION ( 'NONE',  ( 0.0000000000000000000, 0.0000000000000000000, 1.000000000000000000 ) ) ;
#2027 = AXIS2_PLACEMENT_3D ( 'NONE', #907, #901, #908 ) ;
#2028 = AXIS2_PLACEMENT_3D ( 'NONE', #919, #915, #916 ) ;
#2029 = CIRCLE ( 'NONE', #12, 8.000000000000000000 ) ;
#2030 = AXIS2_PLACEMENT_3D ( 'NONE', #923, #922, #921 ) ;
#2031 = DIRECTION ( 'NONE',  ( -0.0000000000000000000, -0.0000000000000000000, -1.000000000000000000 ) ) ;
#2032 = AXIS2_PLACEMENT_3D ( 'NONE', #938, #793, #939 ) ;
#2033 = FACE_OUTER_BOUND ( 'NONE', #652, .T. ) ;
#2034 = AXIS2_PLACEMENT_3D ( 'NONE', #937, #934, #933 ) ;
#2035 = DIRECTION ( 'NONE',  ( 0.0000000000000000000, 0.0000000000000000000, 1.000000000000000000 ) ) ;
#2036 = AXIS2_PLACEMENT_3D ( 'NONE', #1133, #1129, #1128 ) ;
#2037 = UNCERTAINTY_MEASURE_WITH_UNIT (LENGTH_MEASURE( 1.000000000000000082E-05 ), #1589, 'distance_accuracy_value', 'NONE');
#2038 = AXIS2_PLACEMENT_3D ( 'NONE', #1142, #1140, #1138 ) ;
#2039 = DIRECTION ( 'NONE',  ( -1.000000000000000000, 0.0000000000000000000, 0.0000000000000000000 ) ) ;
#2040 = FACE_OUTER_BOUND ( 'NONE', #1607, .T. ) ;
#2041 = VERTEX_POINT ( 'NONE', #453 ) ;
#2042 = DIRECTION ( 'NONE',  ( 1.000000000000000000, 0.0000000000000000000, 0.0000000000000000000 ) ) ;
#2043 = AXIS2_PLACEMENT_3D ( 'NONE', #1161, #1159, #1147 ) ;
#2044 = AXIS2_PLACEMENT_3D ( 'NONE', #1486, #1178, #1176 ) ;
#2045 = CARTESIAN_POINT ( 'NONE',  ( 0.0000000000000000000, 0.0000000000000000000, 0.0000000000000000000 ) ) ;
#2046 = DIRECTION ( 'NONE',  ( -0.8191520442889974607, 0.0000000000000000000, -0.5735764363510380548 ) ) ;
#2047 = DIRECTION ( 'NONE',  ( -1.000000000000000000, 0.0000000000000000000, 0.0000000000000000000 ) ) ;
#2048 = B_SPLINE_CURVE_WITH_KNOTS ( 'NONE', 3,
 ( #1351, #1355, #1350, #1361, #1358, #1363 ),
 .UNSPECIFIED., .F., .F.,
 ( 4, 2, 4 ),
 ( 2.380729645805990965E-07, 0.003505341553885878494, 0.007010445034807174201 ),
 .UNSPECIFIED. ) ;
#2049 = ORIENTED_EDGE ( 'NONE', *, *, #494, .F. ) ;
#2050 = AXIS2_PLACEMENT_3D ( 'NONE', #1224, #1225, #1487 ) ;
#2051 = AXIS2_PLACEMENT_3D ( 'NONE', #1212, #1215, #1216 ) ;
#2052 = AXIS2_PLACEMENT_3D ( 'NONE', #1206, #1208, #1210 ) ;
#2053 = VECTOR ( 'NONE', #2046, 1000.000000000000000 ) ;
#2054 = ORIENTED_EDGE ( 'NONE', *, *, #577, .F. ) ;
#2055 = AXIS2_PLACEMENT_3D ( 'NONE', #1183, #1186, #1188 ) ;
#2056 = LINE ( 'NONE', #116, #1153 ) ;
#2057 = CARTESIAN_POINT ( 'NONE',  ( 0.0000000000000000000, 0.0000000000000000000, -5.968850000000000655 ) ) ;
#2058 = CONICAL_SURFACE ( 'NONE', #1841, 7.000000000000000000, 0.9599310885968755924 ) ;
#2059 = CARTESIAN_POINT ( 'NONE',  ( -7.000000000000000000, 8.572527594031473190E-16, -15.90000000000000036 ) ) ;
#2060 = AXIS2_PLACEMENT_3D ( 'NONE', #1343, #1342, #1349 ) ;
#2061 = ORIENTED_EDGE ( 'NONE', *, *, #160, .T. ) ;
#2062 = CIRCLE ( 'NONE', #6, 12.00000000000000178 ) ;
#2063 = AXIS2_PLACEMENT_3D ( 'NONE', #1006, #1330, #1449 ) ;
#2064 = AXIS2_PLACEMENT_3D ( 'NONE', #1331, #1439, #1481 ) ;
#2065 = AXIS2_PLACEMENT_3D ( 'NONE', #76, #38, #98 ) ;
#2066 = AXIS2_PLACEMENT_3D ( 'NONE', #1932, #1959, #1961 ) ;
#2067 = AXIS2_PLACEMENT_3D ( 'NONE', #1797, #1815, #1862 ) ;
#2068 = DIRECTION ( 'NONE',  ( 0.0000000000000000000, 0.0000000000000000000, 1.000000000000000000 ) ) ;
#2069 = AXIS2_PLACEMENT_3D ( 'NONE', #1750, #1756, #1761 ) ;
#2070 = ORIENTED_EDGE ( 'NONE', *, *, #468, .T. ) ;
#2071 = EDGE_LOOP ( 'NONE', ( #99, #727, #102 ) ) ;
#2072 = DIRECTION ( 'NONE',  ( -1.000000000000000000, 0.0000000000000000000, 0.0000000000000000000 ) ) ;
#2073 = ORIENTED_EDGE ( 'NONE', *, *, #1605, .T. ) ;
#2074 = DIRECTION ( 'NONE',  ( -0.0000000000000000000, -0.0000000000000000000, -1.000000000000000000 ) ) ;
#2075 = EDGE_LOOP ( 'NONE', ( #1867, #1606, #1832, #2061 ) ) ;
#2076 = CYLINDRICAL_SURFACE ( 'NONE', #1900, 7.000000000000000000 ) ;
#2077 = AXIS2_PLACEMENT_3D ( 'NONE', #1739, #1742, #1744 ) ;
#2078 = AXIS2_PLACEMENT_3D ( 'NONE', #1703, #1704, #1705 ) ;
#2079 = AXIS2_PLACEMENT_3D ( 'NONE', #1665, #1666, #1669 ) ;
#2080 = ORIENTED_EDGE ( 'NONE', *, *, #436, .T. ) ;
#2081 = CARTESIAN_POINT ( 'NONE',  ( 0.0000000000000000000, 0.0000000000000000000, -15.90000000000000036 ) ) ;
#2082 = DIRECTION ( 'NONE',  ( 1.000000000000000000, 0.0000000000000000000, 0.0000000000000000000 ) ) ;
#2083 = LINE ( 'NONE', #1265, #1979 ) ;
#2084 = AXIS2_PLACEMENT_3D ( 'NONE', #1628, #1634, #1637 ) ;
#2085 = AXIS2_PLACEMENT_3D ( 'NONE', #1616, #1620, #1622 ) ;
#2086 = LINE ( 'NONE', #1745, #1980 ) ;
#2087 = EDGE_LOOP ( 'NONE', ( #417, #438, #400, #382, #801, #325 ) ) ;
#2088 = LINE ( 'NONE', #1015, #1882 ) ;
#2089 = CIRCLE ( 'NONE', #2051, 7.000000000000000000 ) ;
#2090 = CARTESIAN_POINT ( 'NONE',  ( 0.0000000000000000000, 0.0000000000000000000, -12.61250753820971759 ) ) ;
#2091 = CONICAL_SURFACE ( 'NONE', #2028, 8.000000000000000000, 0.9599310885968911355 ) ;
#2092 = CARTESIAN_POINT ( 'NONE',  ( -8.000000000000000000, 0.0000000000000000000, -9.931150000000000588 ) ) ;
#2093 = FACE_OUTER_BOUND ( 'NONE', #2087, .T. ) ;
#2094 = AXIS2_PLACEMENT_3D ( 'NONE', #1608, #1609, #1611 ) ;
#2095 = CARTESIAN_POINT ( 'NONE',  ( 0.0000000000000000000, 0.0000000000000000000, -15.90000000000000036 ) ) ;
#2096 = CARTESIAN_POINT ( 'NONE',  ( 8.031737012268319376, -9.219280934457639631, -0.1021479564361194442 ) ) ;
#2097 = AXIS2_PLACEMENT_3D ( 'NONE', #1571, #1572, #1573 ) ;
#2098 = AXIS2_PLACEMENT_3D ( 'NONE', #1567, #1568, #1569 ) ;
ENDSEC;
END-ISO-10303-21;
