ISO-10303-21;
HEADER;
FILE_DESCRIPTION (( 'STEP AP214' ),
    '1' );
FILE_NAME ('M16X80.STEP',
    '2022-01-19T09:46:02',
    ( '' ),
    ( '' ),
    'SwSTEP 2.0',
    'SolidWorks 2018',
    '' );
FILE_SCHEMA (( 'AUTOMOTIVE_DESIGN' ));
ENDSEC;

DATA;
#1 = CARTESIAN_POINT ( 'NONE',  ( 58.77127860333800413, 5.381689200449609928E-15, 0.000000000000000000 ) ) ;
#2 = EDGE_CURVE ( 'NONE', #2417, #5498, #2155, .T. ) ;
#3 = ORIENTED_EDGE ( 'NONE', *, *, #2628, .T. ) ;
#4 = CARTESIAN_POINT ( 'NONE',  ( 10.00000000000000178, 0.000000000000000000, 12.00000000000000000 ) ) ;
#5 = CIRCLE ( 'NONE', #1828, 8.000000000000005329 ) ;
#6 = AXIS2_PLACEMENT_3D ( 'NONE', #835, #1282, #4303 ) ;
#7 = EDGE_LOOP ( 'NONE', ( #4635, #650, #306, #383, #3430 ) ) ;
#8 = DIRECTION ( 'NONE',  ( 0.000000000000000000, 0.000000000000000000, 1.000000000000000000 ) ) ;
#9 = VECTOR ( 'NONE', #3609, 999.9999999999998863 ) ;
#10 = ADVANCED_FACE ( 'NONE', ( #3300 ), #327, .T. ) ;
#11 = CARTESIAN_POINT ( 'NONE',  ( 58.77127860333800413, 8.000000000000008882, 0.000000000000000000 ) ) ;
#12 = AXIS2_PLACEMENT_3D ( 'NONE', #4735, #2558, #2128 ) ;
#13 = ORIENTED_EDGE ( 'NONE', *, *, #1343, .F. ) ;
#14 = CONICAL_SURFACE ( 'NONE', #5558, 6.898500000000005627, 0.9599310885968754814 ) ;
#15 = DIRECTION ( 'NONE',  ( 0.000000000000000000, -1.000000000000000000, 0.000000000000000000 ) ) ;
#16 = CARTESIAN_POINT ( 'NONE',  ( 50.77127860333800413, -8.000000000000000000, 9.797174393178833546E-16 ) ) ;
#17 = ORIENTED_EDGE ( 'NONE', *, *, #1451, .F. ) ;
#18 = DIRECTION ( 'NONE',  ( 1.000000000000000000, 1.224606353822377258E-16, 0.000000000000000000 ) ) ;
#19 = EDGE_CURVE ( 'NONE', #803, #5519, #4952, .T. ) ;
#20 = DIRECTION ( 'NONE',  ( 0.000000000000000000, -1.000000000000000000, 0.000000000000000000 ) ) ;
#21 = CARTESIAN_POINT ( 'NONE',  ( 42.77127860333799703, 5.381689200449609928E-15, 0.000000000000000000 ) ) ;
#22 = DIRECTION ( 'NONE',  ( -1.000000000000000000, -1.224606353822377258E-16, -0.000000000000000000 ) ) ;
#23 = DIRECTION ( 'NONE',  ( -1.000000000000000000, -0.000000000000000000, -0.000000000000000000 ) ) ;
#24 = ORIENTED_EDGE ( 'NONE', *, *, #4034, .F. ) ;
#25 = LINE ( 'NONE', #4437, #2383 ) ;
#26 = EDGE_CURVE ( 'NONE', #2449, #459, #2625, .T. ) ;
#27 = DIRECTION ( 'NONE',  ( -0.5735764363510509334, 0.8191520442889884679, 1.003171929053520802E-16 ) ) ;
#28 = ORIENTED_EDGE ( 'NONE', *, *, #2885, .T. ) ;
#29 = TOROIDAL_SURFACE ( 'NONE', #4643, 8.599999999999617728, 0.5999999999999999778 ) ;
#30 = DIRECTION ( 'NONE',  ( -1.000000000000000000, -1.224606353822377258E-16, -0.000000000000000000 ) ) ;
#31 = CARTESIAN_POINT ( 'NONE',  ( 76.77127860333800413, -2.603857284811542873E-28, 8.000000000000005329 ) ) ;
#32 = DIRECTION ( 'NONE',  ( -1.000000000000000000, -0.000000000000000000, -0.000000000000000000 ) ) ;
#33 = CARTESIAN_POINT ( 'NONE',  ( 62.00000000000000000, 5.287237932628113655E-15, 0.000000000000000000 ) ) ;
#34 = FACE_OUTER_BOUND ( 'NONE', #2314, .T. ) ;
#35 = EDGE_CURVE ( 'NONE', #3595, #3377, #3794, .T. ) ;
#36 = ORIENTED_EDGE ( 'NONE', *, *, #1566, .T. ) ;
#37 = ADVANCED_FACE ( 'NONE', ( #730 ), #738, .T. ) ;
#38 = AXIS2_PLACEMENT_3D ( 'NONE', #4893, #2402, #1113 ) ;
#39 = DIRECTION ( 'NONE',  ( 0.000000000000000000, -1.000000000000000000, 0.000000000000000000 ) ) ;
#40 = ORIENTED_EDGE ( 'NONE', *, *, #4907, .T. ) ;
#41 = VECTOR ( 'NONE', #1753, 1000.000000000000000 ) ;
#42 = ORIENTED_EDGE ( 'NONE', *, *, #4028, .F. ) ;
#43 = ORIENTED_EDGE ( 'NONE', *, *, #876, .F. ) ;
#44 = CARTESIAN_POINT ( 'NONE',  ( 8.000000000000000000, 0.000000000000000000, 0.000000000000000000 ) ) ;
#45 = CARTESIAN_POINT ( 'NONE',  ( -31.74999999999995737, 9.797174393178358257E-16, -7.999999999999618083 ) ) ;
#46 = AXIS2_PLACEMENT_3D ( 'NONE', #569, #2428, #338 ) ;
#47 = AXIS2_PLACEMENT_3D ( 'NONE', #927, #4837, #4397 ) ;
#48 = ORIENTED_EDGE ( 'NONE', *, *, #1091, .F. ) ;
#49 = CARTESIAN_POINT ( 'NONE',  ( 46.00000000000000000, 6.898500000000010957, 8.448225943918022600E-16 ) ) ;
#50 = CIRCLE ( 'NONE', #1650, 8.000000000000005329 ) ;
#51 = ORIENTED_EDGE ( 'NONE', *, *, #5510, .T. ) ;
#52 = VECTOR ( 'NONE', #4658, 1000.000000000000000 ) ;
#53 = ORIENTED_EDGE ( 'NONE', *, *, #2516, .T. ) ;
#54 = DIRECTION ( 'NONE',  ( 0.5735764363510472696, 0.8191520442889909104, 0.000000000000000000 ) ) ;
#55 = DIRECTION ( 'NONE',  ( 0.000000000000000000, -1.000000000000000000, 0.000000000000000000 ) ) ;
#56 = DIRECTION ( 'NONE',  ( -1.000000000000000000, -1.224606353822377258E-16, -0.000000000000000000 ) ) ;
#57 = CYLINDRICAL_SURFACE ( 'NONE', #1796, 7.999999999999618083 ) ;
#58 = ORIENTED_EDGE ( 'NONE', *, *, #4272, .F. ) ;
#59 = CARTESIAN_POINT ( 'NONE',  ( 39.22872139666199587, 8.000000000000012434, 9.797174393178835518E-16 ) ) ;
#60 = DIRECTION ( 'NONE',  ( -1.000000000000000000, -1.224606353822377258E-16, -0.000000000000000000 ) ) ;
#61 = EDGE_CURVE ( 'NONE', #4261, #5459, #2968, .T. ) ;
#63 = DIRECTION ( 'NONE',  ( -1.000000000000000000, -0.000000000000000000, -0.000000000000000000 ) ) ;
#62 = CYLINDRICAL_SURFACE ( 'NONE', #3940, 7.999999999999618083 ) ;
#64 = ORIENTED_EDGE ( 'NONE', *, *, #537, .T. ) ;
#65 = CIRCLE ( 'NONE', #2460, 8.000000000000005329 ) ;
#66 = VERTEX_POINT ( 'NONE', #4325 ) ;
#67 = ADVANCED_FACE ( 'NONE', ( #2563 ), #4817, .T. ) ;
#68 = CARTESIAN_POINT ( 'NONE',  ( 84.77127860333798992, 8.000000000000010658, 0.000000000000000000 ) ) ;
#69 = AXIS2_PLACEMENT_3D ( 'NONE', #4166, #4379, #1513 ) ;
#70 = VERTEX_POINT ( 'NONE', #3019 ) ;
#71 = CONICAL_SURFACE ( 'NONE', #2896, 6.898500000000005627, 0.9599310885968754814 ) ;
#72 = EDGE_CURVE ( 'NONE', #1402, #4429, #4813, .T. ) ;
#73 = AXIS2_PLACEMENT_3D ( 'NONE', #4173, #3755, #4209 ) ;
#74 = DIRECTION ( 'NONE',  ( 0.000000000000000000, -1.000000000000000000, 0.000000000000000000 ) ) ;
#75 = ORIENTED_EDGE ( 'NONE', *, *, #2157, .F. ) ;
#76 = CIRCLE ( 'NONE', #485, 0.5999999999999998668 ) ;
#77 = EDGE_CURVE ( 'NONE', #2878, #5507, #4748, .T. ) ;
#78 = CARTESIAN_POINT ( 'NONE',  ( -31.74999999999995737, 0.000000000000000000, 0.000000000000000000 ) ) ;
#79 = EDGE_LOOP ( 'NONE', ( #5582, #3537, #3707, #3065, #3590, #13 ) ) ;
#80 = CARTESIAN_POINT ( 'NONE',  ( 0.000000000000000000, 0.000000000000000000, 11.19999999999999929 ) ) ;
#81 = CIRCLE ( 'NONE', #4580, 8.000000000000005329 ) ;
#82 = CARTESIAN_POINT ( 'NONE',  ( 73.22872139666201008, 9.797174393176315108E-16, -8.000000000000005329 ) ) ;
#83 = VERTEX_POINT ( 'NONE', #5589 ) ;
#84 = CARTESIAN_POINT ( 'NONE',  ( 62.77127860333800413, 5.381689200449609928E-15, 0.000000000000000000 ) ) ;
#85 = FACE_OUTER_BOUND ( 'NONE', #3752, .T. ) ;
#86 = AXIS2_PLACEMENT_3D ( 'NONE', #2630, #4382, #3062 ) ;
#87 = VERTEX_POINT ( 'NONE', #1730 ) ;
#88 = DIRECTION ( 'NONE',  ( -1.000000000000000000, -0.000000000000000000, -0.000000000000000000 ) ) ;
#89 = ADVANCED_BREP_SHAPE_REPRESENTATION ( 'M16X80', ( #3271, #4122 ), #4734 ) ;
#90 = LINE ( 'NONE', #3811, #3130 ) ;
#91 = CARTESIAN_POINT ( 'NONE',  ( 68.00000000000000000, 5.287237932628113655E-15, 0.000000000000000000 ) ) ;
#92 = ADVANCED_FACE ( 'NONE', ( #5158 ), #5090, .T. ) ;
#93 = ORIENTED_EDGE ( 'NONE', *, *, #1112, .T. ) ;
#94 = CARTESIAN_POINT ( 'NONE',  ( 56.77127860333799703, 5.381689200449609928E-15, 0.000000000000000000 ) ) ;
#95 = EDGE_CURVE ( 'NONE', #2652, #1458, #2099, .T. ) ;
#96 = VERTEX_POINT ( 'NONE', #4305 ) ;
#97 = CIRCLE ( 'NONE', #2279, 6.898500000000005627 ) ;
#98 = DIRECTION ( 'NONE',  ( -0.5735764363510507113, -0.8191520442889885789, 0.000000000000000000 ) ) ;
#99 = DIRECTION ( 'NONE',  ( 0.000000000000000000, -0.8660254037844393737, -0.4999999999999987788 ) ) ;
#100 = CIRCLE ( 'NONE', #2961, 8.000000000000005329 ) ;
#101 = ORIENTED_EDGE ( 'NONE', *, *, #2644, .F. ) ;
#102 = CARTESIAN_POINT ( 'NONE',  ( 61.22872139666199587, -7.999999999999998224, 0.000000000000000000 ) ) ;
#103 = EDGE_CURVE ( 'NONE', #2608, #5309, #1428, .T. ) ;
#104 = DIRECTION ( 'NONE',  ( 0.5735764363510472696, 0.8191520442889909104, 0.000000000000000000 ) ) ;
#105 = LINE ( 'NONE', #2861, #1534 ) ;
#106 = ORIENTED_EDGE ( 'NONE', *, *, #3630, .T. ) ;
#107 = ORIENTED_EDGE ( 'NONE', *, *, #5587, .F. ) ;
#108 = DIRECTION ( 'NONE',  ( 0.000000000000000000, -1.000000000000000000, 0.000000000000000000 ) ) ;
#109 = DIRECTION ( 'NONE',  ( 0.000000000000000000, -1.000000000000000000, 0.000000000000000000 ) ) ;
#110 = CARTESIAN_POINT ( 'NONE',  ( 74.77127860333800413, 5.381689200449609928E-15, 0.000000000000000000 ) ) ;
#111 = EDGE_CURVE ( 'NONE', #2637, #3911, #5294, .T. ) ;
#112 = CIRCLE ( 'NONE', #4297, 8.000000000000005329 ) ;
#113 = AXIS2_PLACEMENT_3D ( 'NONE', #3025, #1267, #823 ) ;
#114 = ORIENTED_EDGE ( 'NONE', *, *, #1889, .T. ) ;
#115 = DIRECTION ( 'NONE',  ( -1.000000000000000000, -1.224606353822377258E-16, -0.000000000000000000 ) ) ;
#116 = CARTESIAN_POINT ( 'NONE',  ( 10.59999999999999787, 0.000000000000000000, 0.000000000000000000 ) ) ;
#117 = CIRCLE ( 'NONE', #298, 8.000000000000005329 ) ;
#118 = DIRECTION ( 'NONE',  ( -1.000000000000000000, -1.224606353822377258E-16, -0.000000000000000000 ) ) ;
#119 = ORIENTED_EDGE ( 'NONE', *, *, #3251, .F. ) ;
#120 = AXIS2_PLACEMENT_3D ( 'NONE', #3649, #4975, #2352 ) ;
#121 = ADVANCED_FACE ( 'NONE', ( #263 ), #2829, .T. ) ;
#122 = DIRECTION ( 'NONE',  ( 0.000000000000000000, -1.000000000000000000, 0.000000000000000000 ) ) ;
#123 = CIRCLE ( 'NONE', #3122, 8.000000000000005329 ) ;
#124 = ORIENTED_EDGE ( 'NONE', *, *, #5263, .T. ) ;
#125 = DIRECTION ( 'NONE',  ( 0.000000000000000000, 0.000000000000000000, 1.000000000000000000 ) ) ;
#126 = ORIENTED_EDGE ( 'NONE', *, *, #5167, .F. ) ;
#127 = DIRECTION ( 'NONE',  ( 0.000000000000000000, -1.000000000000000000, 0.000000000000000000 ) ) ;
#128 = DIRECTION ( 'NONE',  ( -1.000000000000000000, -1.224606353822377258E-16, -0.000000000000000000 ) ) ;
#129 = EDGE_CURVE ( 'NONE', #4986, #5058, #3656, .T. ) ;
#130 = VERTEX_POINT ( 'NONE', #5572 ) ;
#131 = DIRECTION ( 'NONE',  ( 0.000000000000000000, 1.000000000000000000, 0.000000000000000000 ) ) ;
#132 = DIRECTION ( 'NONE',  ( -1.000000000000000000, -1.224606353822377258E-16, -0.000000000000000000 ) ) ;
#133 = VERTEX_POINT ( 'NONE', #1260 ) ;
#134 = ORIENTED_EDGE ( 'NONE', *, *, #4479, .F. ) ;
#135 = ORIENTED_EDGE ( 'NONE', *, *, #5540, .T. ) ;
#136 = CARTESIAN_POINT ( 'NONE',  ( 82.77127860333798992, 5.381689200449609928E-15, 0.000000000000000000 ) ) ;
#137 = CYLINDRICAL_SURFACE ( 'NONE', #765, 7.999999999999618083 ) ;
#138 = CARTESIAN_POINT ( 'NONE',  ( 76.00000000000001421, 6.898500000000010957, 8.448225943918022600E-16 ) ) ;
#139 = DIRECTION ( 'NONE',  ( 0.000000000000000000, 1.000000000000000000, 0.000000000000000000 ) ) ;
#140 = EDGE_CURVE ( 'NONE', #655, #1503, #1899, .T. ) ;
#141 = CARTESIAN_POINT ( 'NONE',  ( 83.99999999999998579, -6.898500000000000298, 9.122700168548426594E-16 ) ) ;
#142 = ORIENTED_EDGE ( 'NONE', *, *, #1414, .T. ) ;
#143 = DIRECTION ( 'NONE',  ( 0.000000000000000000, -1.000000000000000000, 0.000000000000000000 ) ) ;
#144 = DIRECTION ( 'NONE',  ( 0.000000000000000000, 0.000000000000000000, 1.000000000000000000 ) ) ;
#145 = EDGE_CURVE ( 'NONE', #3124, #1070, #3376, .T. ) ;
#146 = ORIENTED_EDGE ( 'NONE', *, *, #77, .T. ) ;
#147 = LINE ( 'NONE', #4732, #1641 ) ;
#148 = AXIS2_PLACEMENT_3D ( 'NONE', #3892, #4320, #3947 ) ;
#149 = CARTESIAN_POINT ( 'NONE',  ( 61.22872139666199587, 5.192786664806616592E-15, 0.000000000000000000 ) ) ;
#150 = DIRECTION ( 'NONE',  ( 0.000000000000000000, 1.000000000000000000, 0.000000000000000000 ) ) ;
#151 = ADVANCED_FACE ( 'NONE', ( #1964 ), #335, .T. ) ;
#152 = ORIENTED_EDGE ( 'NONE', *, *, #4510, .F. ) ;
#153 = LINE ( 'NONE', #4633, #1042 ) ;
#154 = PRESENTATION_LAYER_ASSIGNMENT (  '', '', ( #3338 ) ) ;
#155 = CARTESIAN_POINT ( 'NONE',  ( 51.22872139666200297, 5.192786664806616592E-15, 0.000000000000000000 ) ) ;
#156 = ORIENTED_EDGE ( 'NONE', *, *, #2228, .T. ) ;
#157 = DIRECTION ( 'NONE',  ( 0.000000000000000000, -1.000000000000000000, 0.000000000000000000 ) ) ;
#158 = AXIS2_PLACEMENT_3D ( 'NONE', #3640, #560, #1485 ) ;
#159 = EDGE_LOOP ( 'NONE', ( #527, #114, #2324, #3579, #4526, #2019 ) ) ;
#160 = LINE ( 'NONE', #549, #1051 ) ;
#161 = DIRECTION ( 'NONE',  ( -1.000000000000000000, -0.000000000000000000, -0.000000000000000000 ) ) ;
#162 = ORIENTED_EDGE ( 'NONE', *, *, #4280, .F. ) ;
#163 = EDGE_LOOP ( 'NONE', ( #4872, #3319, #2094, #2944, #4656 ) ) ;
#164 = FILL_AREA_STYLE_COLOUR ( '', #4296 ) ;
#165 = VECTOR ( 'NONE', #4445, 1000.000000000000114 ) ;
#166 = DIRECTION ( 'NONE',  ( 0.000000000000000000, 0.000000000000000000, 1.000000000000000000 ) ) ;
#167 = EDGE_CURVE ( 'NONE', #519, #5374, #3589, .T. ) ;
#168 = CARTESIAN_POINT ( 'NONE',  ( 82.77127860333798992, 9.797174393176222416E-16, -8.000000000000005329 ) ) ;
#169 = CIRCLE ( 'NONE', #2009, 6.898500000000005627 ) ;
#170 = VERTEX_POINT ( 'NONE', #2985 ) ;
#171 = ORIENTED_EDGE ( 'NONE', *, *, #499, .F. ) ;
#172 = CARTESIAN_POINT ( 'NONE',  ( 52.77127860333799703, 5.381689200449609928E-15, 0.000000000000000000 ) ) ;
#173 = CARTESIAN_POINT ( 'NONE',  ( 59.22872139666199587, 5.192786664806616592E-15, 0.000000000000000000 ) ) ;
#174 = ORIENTED_EDGE ( 'NONE', *, *, #4652, .T. ) ;
#175 = AXIS2_PLACEMENT_3D ( 'NONE', #2555, #3484, #2613 ) ;
#176 = CYLINDRICAL_SURFACE ( 'NONE', #4930, 7.999999999999618083 ) ;
#177 = EDGE_CURVE ( 'NONE', #5548, #1503, #2495, .T. ) ;
#178 = ADVANCED_FACE ( 'NONE', ( #1367 ), #3239, .T. ) ;
#179 = EDGE_LOOP ( 'NONE', ( #507, #903, #4402, #1948, #3305 ) ) ;
#180 = ORIENTED_EDGE ( 'NONE', *, *, #3064, .F. ) ;
#181 = AXIS2_PLACEMENT_3D ( 'NONE', #1614, #5478, #5086 ) ;
#182 = CARTESIAN_POINT ( 'NONE',  ( 40.00000000000000000, -6.898500000000000298, 0.000000000000000000 ) ) ;
#183 = CONICAL_SURFACE ( 'NONE', #2250, 8.000000000000005329, 0.9599310885968797002 ) ;
#184 = CARTESIAN_POINT ( 'NONE',  ( 44.77127860333800413, 9.797174393176222416E-16, -8.000000000000005329 ) ) ;
#185 = ORIENTED_EDGE ( 'NONE', *, *, #3781, .T. ) ;
#186 = CARTESIAN_POINT ( 'NONE',  ( 46.00000000000000000, -6.898500000000000298, 0.000000000000000000 ) ) ;
#187 = PRODUCT_CONTEXT ( 'NONE', #3633, 'mechanical' ) ;
#188 = CARTESIAN_POINT ( 'NONE',  ( 75.22872139666201008, 5.192786664806616592E-15, 0.000000000000000000 ) ) ;
#189 = EDGE_CURVE ( 'NONE', #5623, #4935, #5428, .T. ) ;
#190 = AXIS2_PLACEMENT_3D ( 'NONE', #1945, #4541, #144 ) ;
#191 = ORIENTED_EDGE ( 'NONE', *, *, #2954, .F. ) ;
#192 = DIRECTION ( 'NONE',  ( 0.000000000000000000, -1.000000000000000000, 0.000000000000000000 ) ) ;
#193 = CARTESIAN_POINT ( 'NONE',  ( 8.000000000000000000, 4.082443753439854994, 7.070999999999982855 ) ) ;
#195 = ORIENTED_EDGE ( 'NONE', *, *, #782, .F. ) ;
#194 = CARTESIAN_POINT ( 'NONE',  ( 47.22872139666199587, -2.511412647480955552E-28, 8.000000000000005329 ) ) ;
#196 = AXIS2_PLACEMENT_3D ( 'NONE', #805, #312, #2116 ) ;
#197 = LINE ( 'NONE', #1651, #938 ) ;
#198 = ORIENTED_EDGE ( 'NONE', *, *, #3583, .T. ) ;
#199 = DIRECTION ( 'NONE',  ( -1.000000000000000000, -1.224606353822377258E-16, -0.000000000000000000 ) ) ;
#200 = FACE_OUTER_BOUND ( 'NONE', #4356, .T. ) ;
#201 = DIRECTION ( 'NONE',  ( 0.000000000000000000, -1.000000000000000000, 0.000000000000000000 ) ) ;
#202 = CIRCLE ( 'NONE', #1435, 8.000000000000005329 ) ;
#203 = VERTEX_POINT ( 'NONE', #2190 ) ;
#204 = CARTESIAN_POINT ( 'NONE',  ( -31.74999999999995737, 9.797174393178358257E-16, -7.999999999999618083 ) ) ;
#205 = CARTESIAN_POINT ( 'NONE',  ( 65.22872139666199587, 5.192786664806616592E-15, 0.000000000000000000 ) ) ;
#206 = EDGE_CURVE ( 'NONE', #4091, #711, #611, .T. ) ;
#207 = ORIENTED_EDGE ( 'NONE', *, *, #4070, .T. ) ;
#208 = VECTOR ( 'NONE', #98, 1000.000000000000000 ) ;
#209 = ADVANCED_FACE ( 'NONE', ( #540 ), #5297, .T. ) ;
#210 = VERTEX_POINT ( 'NONE', #1824 ) ;
#211 = CARTESIAN_POINT ( 'NONE',  ( 68.77127860333798992, 5.381689200449609928E-15, 0.000000000000000000 ) ) ;
#212 = LINE ( 'NONE', #3485, #2174 ) ;
#213 = EDGE_CURVE ( 'NONE', #3696, #1396, #65, .T. ) ;
#214 = DIRECTION ( 'NONE',  ( 0.000000000000000000, -1.000000000000000000, 0.000000000000000000 ) ) ;
#215 = CARTESIAN_POINT ( 'NONE',  ( 84.77127860333798992, -8.000000000000000000, 9.797174393178833546E-16 ) ) ;
#216 = EDGE_LOOP ( 'NONE', ( #4688, #3252, #5177, #393, #911 ) ) ;
#217 = FACE_OUTER_BOUND ( 'NONE', #4951, .T. ) ;
#218 = CARTESIAN_POINT ( 'NONE',  ( 78.77127860333798992, 5.381689200449609928E-15, 0.000000000000000000 ) ) ;
#219 = CARTESIAN_POINT ( 'NONE',  ( 79.22872139666199587, 5.192786664806616592E-15, 0.000000000000000000 ) ) ;
#220 = EDGE_CURVE ( 'NONE', #1943, #4915, #1832, .T. ) ;
#221 = ORIENTED_EDGE ( 'NONE', *, *, #1168, .F. ) ;
#222 = CARTESIAN_POINT ( 'NONE',  ( 56.77127860333799703, 5.381689200449609928E-15, 0.000000000000000000 ) ) ;
#223 = PRESENTATION_STYLE_ASSIGNMENT (( #1660 ) ) ;
#224 = DIRECTION ( 'NONE',  ( 0.000000000000000000, 1.000000000000000000, 0.000000000000000000 ) ) ;
#225 = ORIENTED_EDGE ( 'NONE', *, *, #2894, .F. ) ;
#226 = FACE_OUTER_BOUND ( 'NONE', #1725, .T. ) ;
#227 = AXIS2_PLACEMENT_3D ( 'NONE', #3355, #5508, #1208 ) ;
#228 = DIRECTION ( 'NONE',  ( 0.000000000000000000, -1.000000000000000000, 0.000000000000000000 ) ) ;
#229 = PRODUCT_DEFINITION ( 'UNKNOWN', '', #5287, #4370 ) ;
#230 = CARTESIAN_POINT ( 'NONE',  ( 54.77127860333799703, -2.603857284811542873E-28, 8.000000000000005329 ) ) ;
#231 = EDGE_LOOP ( 'NONE', ( #3410, #28, #2399, #4895, #442, #5168 ) ) ;
#232 = ORIENTED_EDGE ( 'NONE', *, *, #2516, .F. ) ;
#233 = CIRCLE ( 'NONE', #2784, 8.000000000000005329 ) ;
#234 = DIRECTION ( 'NONE',  ( 1.000000000000000000, 1.224606353822377258E-16, 0.000000000000000000 ) ) ;
#235 = ADVANCED_FACE ( 'NONE', ( #477 ), #894, .F. ) ;
#236 = CONICAL_SURFACE ( 'NONE', #175, 6.898500000000005627, 0.9599310885968754814 ) ;
#237 = ORIENTED_EDGE ( 'NONE', *, *, #4464, .F. ) ;
#238 = CARTESIAN_POINT ( 'NONE',  ( 86.77127860333800413, 5.381689200449609928E-15, 0.000000000000000000 ) ) ;
#239 = DIRECTION ( 'NONE',  ( -1.000000000000000000, -0.000000000000000000, -0.000000000000000000 ) ) ;
#240 = ORIENTED_EDGE ( 'NONE', *, *, #4135, .F. ) ;
#241 = CIRCLE ( 'NONE', #557, 8.000000000000005329 ) ;
#242 = ORIENTED_EDGE ( 'NONE', *, *, #4565, .F. ) ;
#243 = ORIENTED_EDGE ( 'NONE', *, *, #4399, .T. ) ;
#244 = EDGE_LOOP ( 'NONE', ( #3859, #2520, #3370, #3827, #3768 ) ) ;
#245 = EDGE_CURVE ( 'NONE', #5290, #5378, #4962, .T. ) ;
#246 = CARTESIAN_POINT ( 'NONE',  ( 10.00000000000000178, 0.000000000000000000, 0.000000000000000000 ) ) ;
#247 = ORIENTED_EDGE ( 'NONE', *, *, #3994, .T. ) ;
#248 = AXIS2_PLACEMENT_3D ( 'NONE', #1912, #1952, #3693 ) ;
#249 = DIRECTION ( 'NONE',  ( 0.000000000000000000, -1.000000000000000000, 0.000000000000000000 ) ) ;
#250 = EDGE_CURVE ( 'NONE', #5315, #5002, #672, .T. ) ;
#251 = CIRCLE ( 'NONE', #5455, 8.000000000000005329 ) ;
#252 = MECHANICAL_DESIGN_GEOMETRIC_PRESENTATION_REPRESENTATION (  '', ( #2682 ), #4146 ) ;
#253 = VERTEX_POINT ( 'NONE', #3478 ) ;
#254 = CARTESIAN_POINT ( 'NONE',  ( 8.000000000000000000, -4.082443753439852330, -7.071000000000007724 ) ) ;
#255 = DIRECTION ( 'NONE',  ( -0.5735764363510507113, -0.8191520442889885789, 0.000000000000000000 ) ) ;
#256 = DIRECTION ( 'NONE',  ( -1.000000000000000000, -1.224606353822377258E-16, -0.000000000000000000 ) ) ;
#257 = DIRECTION ( 'NONE',  ( -1.000000000000000000, -1.224606353822377258E-16, -0.000000000000000000 ) ) ;
#258 = CIRCLE ( 'NONE', #2325, 8.000000000000005329 ) ;
#259 = ORIENTED_EDGE ( 'NONE', *, *, #620, .F. ) ;
#260 = AXIS2_PLACEMENT_3D ( 'NONE', #4680, #2863, #733 ) ;
#261 = AXIS2_PLACEMENT_3D ( 'NONE', #2884, #3815, #1613 ) ;
#262 = CIRCLE ( 'NONE', #1608, 6.898500000000005627 ) ;
#263 = FACE_OUTER_BOUND ( 'NONE', #3341, .T. ) ;
#264 = EDGE_LOOP ( 'NONE', ( #502, #3703, #1667, #1820, #5484 ) ) ;
#265 = DIRECTION ( 'NONE',  ( -0.5735764363510509334, 0.8191520442889884679, 1.003171929053520802E-16 ) ) ;
#266 =( GEOMETRIC_REPRESENTATION_CONTEXT ( 3 ) GLOBAL_UNCERTAINTY_ASSIGNED_CONTEXT ( ( #4059 ) ) GLOBAL_UNIT_ASSIGNED_CONTEXT ( ( #4009, #534, #1032 ) ) REPRESENTATION_CONTEXT ( 'NONE', 'WORKASPACE' ) );
#267 = EDGE_LOOP ( 'NONE', ( #3741, #3833, #1244, #185, #2496 ) ) ;
#268 = EDGE_LOOP ( 'NONE', ( #3207, #333, #4649, #920, #1873 ) ) ;
#269 = DIRECTION ( 'NONE',  ( 0.000000000000000000, -1.000000000000000000, 1.274768433379006694E-15 ) ) ;
#270 = CONICAL_SURFACE ( 'NONE', #2691, 6.898500000000005627, 0.9599310885968754814 ) ;
#271 = DIRECTION ( 'NONE',  ( 0.000000000000000000, -1.000000000000000000, 0.000000000000000000 ) ) ;
#272 = CARTESIAN_POINT ( 'NONE',  ( 61.22872139666199587, -2.511412647480955552E-28, 8.000000000000005329 ) ) ;
#273 = EDGE_LOOP ( 'NONE', ( #1300, #3468, #3851, #525, #3806 ) ) ;
#274 = CONICAL_SURFACE ( 'NONE', #3002, 8.000000000000005329, 0.9599310885968797002 ) ;
#275 = CARTESIAN_POINT ( 'NONE',  ( 8.000000000000000000, -4.082443753439832790, 7.070999999999992625 ) ) ;
#276 = EDGE_CURVE ( 'NONE', #3144, #1231, #3866, .T. ) ;
#277 = ORIENTED_EDGE ( 'NONE', *, *, #213, .T. ) ;
#278 = CIRCLE ( 'NONE', #3930, 0.5999999999999998668 ) ;
#279 = CARTESIAN_POINT ( 'NONE',  ( 63.22872139666199587, -7.999999999999998224, 0.000000000000000000 ) ) ;
#280 = CARTESIAN_POINT ( 'NONE',  ( 43.22872139666199587, 5.192786664806616592E-15, 0.000000000000000000 ) ) ;
#281 = CARTESIAN_POINT ( 'NONE',  ( -31.74999999999995737, 0.000000000000000000, 7.999999999999618083 ) ) ;
#282 = EDGE_CURVE ( 'NONE', #872, #5084, #5021, .T. ) ;
#283 = ORIENTED_EDGE ( 'NONE', *, *, #1856, .F. ) ;
#284 = DIRECTION ( 'NONE',  ( -1.000000000000000000, -1.224606353822377258E-16, -0.000000000000000000 ) ) ;
#285 = DIRECTION ( 'NONE',  ( 0.000000000000000000, 1.000000000000000000, 0.000000000000000000 ) ) ;
#286 = ORIENTED_EDGE ( 'NONE', *, *, #3689, .T. ) ;
#287 = CARTESIAN_POINT ( 'NONE',  ( 55.22872139666199587, 9.797174393176315108E-16, -8.000000000000005329 ) ) ;
#288 = CONICAL_SURFACE ( 'NONE', #3964, 8.000000000000005329, 0.9599310885968797002 ) ;
#289 = DIRECTION ( 'NONE',  ( -1.000000000000000000, -1.224606353822377258E-16, -0.000000000000000000 ) ) ;
#290 = EDGE_CURVE ( 'NONE', #2895, #1530, #4004, .T. ) ;
#291 = DIRECTION ( 'NONE',  ( 0.000000000000000000, 0.000000000000000000, 1.000000000000000000 ) ) ;
#293 = CARTESIAN_POINT ( 'NONE',  ( 41.22872139666199587, 9.797174393176315108E-16, -8.000000000000005329 ) ) ;
#292 = AXIS2_PLACEMENT_3D ( 'NONE', #1869, #3143, #5342 ) ;
#294 = DIRECTION ( 'NONE',  ( 0.000000000000000000, -1.000000000000000000, 0.000000000000000000 ) ) ;
#295 = ORIENTED_EDGE ( 'NONE', *, *, #4948, .F. ) ;
#296 = CYLINDRICAL_SURFACE ( 'NONE', #5019, 7.999999999999618083 ) ;
#297 = ORIENTED_EDGE ( 'NONE', *, *, #4321, .T. ) ;
#298 = AXIS2_PLACEMENT_3D ( 'NONE', #2295, #2696, #3105 ) ;
#299 = ORIENTED_EDGE ( 'NONE', *, *, #585, .T. ) ;
#300 = DIRECTION ( 'NONE',  ( -1.000000000000000000, -1.224606353822377258E-16, -0.000000000000000000 ) ) ;
#301 = CONICAL_SURFACE ( 'NONE', #3662, 8.000000000000005329, 0.9599310885968797002 ) ;
#302 = DIRECTION ( 'NONE',  ( 0.000000000000000000, -1.000000000000000000, 0.000000000000000000 ) ) ;
#303 = DIRECTION ( 'NONE',  ( 0.000000000000000000, 0.000000000000000000, 1.000000000000000000 ) ) ;
#304 = CARTESIAN_POINT ( 'NONE',  ( 71.22872139666201008, 5.192786664806616592E-15, 0.000000000000000000 ) ) ;
#305 = FACE_OUTER_BOUND ( 'NONE', #5595, .T. ) ;
#306 = ORIENTED_EDGE ( 'NONE', *, *, #1957, .T. ) ;
#307 = ORIENTED_EDGE ( 'NONE', *, *, #3689, .F. ) ;
#308 = EDGE_CURVE ( 'NONE', #1184, #1462, #809, .T. ) ;
#309 = CARTESIAN_POINT ( 'NONE',  ( -31.74999999999995737, 0.000000000000000000, 0.000000000000000000 ) ) ;
#310 = ORIENTED_EDGE ( 'NONE', *, *, #5616, .F. ) ;
#311 = ORIENTED_EDGE ( 'NONE', *, *, #2334, .T. ) ;
#312 = DIRECTION ( 'NONE',  ( 1.000000000000000000, 0.000000000000000000, 0.000000000000000000 ) ) ;
#313 = CARTESIAN_POINT ( 'NONE',  ( 70.00000000000000000, 5.287237932628113655E-15, 0.000000000000000000 ) ) ;
#314 = ADVANCED_FACE ( 'NONE', ( #4543 ), #5231, .T. ) ;
#315 = CIRCLE ( 'NONE', #961, 8.000000000000005329 ) ;
#316 = EDGE_CURVE ( 'NONE', #374, #732, #2360, .T. ) ;
#317 = ORIENTED_EDGE ( 'NONE', *, *, #705, .T. ) ;
#318 = CARTESIAN_POINT ( 'NONE',  ( 51.22872139666200297, -7.999999999999998224, 0.000000000000000000 ) ) ;
#319 = CARTESIAN_POINT ( 'NONE',  ( 8.000000000000000000, 0.000000000000000000, 0.000000000000000000 ) ) ;
#320 = DIRECTION ( 'NONE',  ( 0.000000000000000000, -1.000000000000000000, 0.000000000000000000 ) ) ;
#321 = DIRECTION ( 'NONE',  ( -1.000000000000000000, -0.000000000000000000, -0.000000000000000000 ) ) ;
#322 = LINE ( 'NONE', #1549, #5154 ) ;
#323 = VERTEX_POINT ( 'NONE', #1142 ) ;
#324 = DIRECTION ( 'NONE',  ( 0.5735764363510472696, 0.8191520442889909104, 0.000000000000000000 ) ) ;
#325 = EDGE_CURVE ( 'NONE', #5410, #4341, #2901, .T. ) ;
#326 = AXIS2_PLACEMENT_3D ( 'NONE', #2838, #4148, #1946 ) ;
#327 = CYLINDRICAL_SURFACE ( 'NONE', #764, 7.999999999999618083 ) ;
#328 = FACE_OUTER_BOUND ( 'NONE', #3069, .T. ) ;
#329 = CARTESIAN_POINT ( 'NONE',  ( 69.22872139666199587, 5.192786664806616592E-15, 0.000000000000000000 ) ) ;
#330 = VERTEX_POINT ( 'NONE', #4517 ) ;
#331 = VECTOR ( 'NONE', #2831, 1000.000000000000000 ) ;
#332 = CARTESIAN_POINT ( 'NONE',  ( 78.00000000000000000, 5.287237932628113655E-15, 0.000000000000000000 ) ) ;
#333 = ORIENTED_EDGE ( 'NONE', *, *, #5467, .F. ) ;
#334 = AXIS2_PLACEMENT_3D ( 'NONE', #1915, #3635, #1047 ) ;
#335 = CONICAL_SURFACE ( 'NONE', #3937, 8.000000000000005329, 0.9599310885968797002 ) ;
#336 = VERTEX_POINT ( 'NONE', #3155 ) ;
#337 = AXIS2_PLACEMENT_3D ( 'NONE', #476, #4762, #4376 ) ;
#338 = DIRECTION ( 'NONE',  ( 0.000000000000000000, 1.000000000000000000, 0.000000000000000000 ) ) ;
#339 = ORIENTED_EDGE ( 'NONE', *, *, #5018, .F. ) ;
#340 = CARTESIAN_POINT ( 'NONE',  ( 88.89849999999964325, 9.797174393178358257E-16, -7.999999999999618083 ) ) ;
#341 = LINE ( 'NONE', #4805, #3245 ) ;
#342 = CARTESIAN_POINT ( 'NONE',  ( 80.00000000000000000, 5.287237932628113655E-15, 0.000000000000000000 ) ) ;
#343 = ADVANCED_FACE ( 'NONE', ( #4677 ), #404, .T. ) ;
#344 = ORIENTED_EDGE ( 'NONE', *, *, #4348, .F. ) ;
#345 = FACE_OUTER_BOUND ( 'NONE', #5270, .T. ) ;
#346 = CARTESIAN_POINT ( 'NONE',  ( -31.74999999999995737, 9.797174393178358257E-16, -7.999999999999618083 ) ) ;
#347 = CARTESIAN_POINT ( 'NONE',  ( -31.74999999999995737, 9.797174393178358257E-16, -7.999999999999618083 ) ) ;
#348 = CARTESIAN_POINT ( 'NONE',  ( -31.74999999999995737, 0.000000000000000000, 0.000000000000000000 ) ) ;
#349 = EDGE_LOOP ( 'NONE', ( #1561, #4864, #3965, #5120, #3240, #1281 ) ) ;
#350 = DIRECTION ( 'NONE',  ( -1.000000000000000000, -0.000000000000000000, -0.000000000000000000 ) ) ;
#351 = CYLINDRICAL_SURFACE ( 'NONE', #1099, 12.00000000000000000 ) ;
#352 = EDGE_CURVE ( 'NONE', #877, #4765, #4890, .T. ) ;
#353 = DIRECTION ( 'NONE',  ( -1.000000000000000000, -1.224606353822377258E-16, -0.000000000000000000 ) ) ;
#354 = EDGE_LOOP ( 'NONE', ( #5336, #1041, #2902, #2168, #3299 ) ) ;
#355 = DIRECTION ( 'NONE',  ( 0.5735764363510474917, -0.8191520442889907994, 1.003171929053523514E-16 ) ) ;
#356 = AXIS2_PLACEMENT_3D ( 'NONE', #1268, #2877, #291 ) ;
#357 = CARTESIAN_POINT ( 'NONE',  ( 74.77127860333800413, 8.000000000000010658, 0.000000000000000000 ) ) ;
#358 = EDGE_CURVE ( 'NONE', #4091, #4132, #3724, .T. ) ;
#359 = DIRECTION ( 'NONE',  ( -1.000000000000000000, -1.224606353822377258E-16, -0.000000000000000000 ) ) ;
#360 = AXIS2_PLACEMENT_3D ( 'NONE', #4934, #4459, #1430 ) ;
#361 = ORIENTED_EDGE ( 'NONE', *, *, #1112, .F. ) ;
#362 = PRESENTATION_STYLE_ASSIGNMENT (( #1773 ) ) ;
#363 = DIRECTION ( 'NONE',  ( -1.000000000000000000, -1.224606353822377258E-16, -0.000000000000000000 ) ) ;
#364 = CARTESIAN_POINT ( 'NONE',  ( 8.000000000000000000, 8.164887506879688672, -2.255140518769849223E-14 ) ) ;
#365 = DIRECTION ( 'NONE',  ( -1.000000000000000000, -0.000000000000000000, -0.000000000000000000 ) ) ;
#366 = VERTEX_POINT ( 'NONE', #3192 ) ;
#367 = DIRECTION ( 'NONE',  ( -1.000000000000000000, -0.000000000000000000, -0.000000000000000000 ) ) ;
#368 = EDGE_LOOP ( 'NONE', ( #2667, #3477, #760, #2773, #427, #3878 ) ) ;
#369 = VECTOR ( 'NONE', #3607, 999.9999999999998863 ) ;
#370 = EDGE_CURVE ( 'NONE', #3147, #606, #947, .T. ) ;
#372 = DIRECTION ( 'NONE',  ( -1.000000000000000000, -1.224606353822377258E-16, -0.000000000000000000 ) ) ;
#371 = AXIS2_PLACEMENT_3D ( 'NONE', #2107, #735, #1684 ) ;
#373 = CIRCLE ( 'NONE', #4354, 8.000000000000005329 ) ;
#374 = VERTEX_POINT ( 'NONE', #4482 ) ;
#375 = AXIS2_PLACEMENT_3D ( 'NONE', #645, #1120, #5388 ) ;
#376 = CARTESIAN_POINT ( 'NONE',  ( -31.74999999999995737, 1.469576158976823947E-15, -12.00000000000000000 ) ) ;
#377 = CARTESIAN_POINT ( 'NONE',  ( 58.77127860333800413, 9.797174393176222416E-16, -8.000000000000005329 ) ) ;
#378 = ORIENTED_EDGE ( 'NONE', *, *, #2639, .T. ) ;
#379 = VERTEX_POINT ( 'NONE', #2706 ) ;
#380 = CARTESIAN_POINT ( 'NONE',  ( 86.77127860333800413, -8.000000000000000000, 9.797174393178833546E-16 ) ) ;
#381 = CIRCLE ( 'NONE', #4720, 8.000000000000005329 ) ;
#382 = CARTESIAN_POINT ( 'NONE',  ( 84.77127860333798992, 5.381689200449609928E-15, 0.000000000000000000 ) ) ;
#383 = ORIENTED_EDGE ( 'NONE', *, *, #2707, .T. ) ;
#384 = EDGE_LOOP ( 'NONE', ( #583, #2747 ) ) ;
#385 = DIRECTION ( 'NONE',  ( 0.000000000000000000, -1.000000000000000000, 0.000000000000000000 ) ) ;
#386 = LINE ( 'NONE', #2345, #2205 ) ;
#387 = VERTEX_POINT ( 'NONE', #5456 ) ;
#388 = DIRECTION ( 'NONE',  ( 0.000000000000000000, -1.000000000000000000, 0.000000000000000000 ) ) ;
#389 = EDGE_CURVE ( 'NONE', #2975, #3008, #1221, .T. ) ;
#390 = CARTESIAN_POINT ( 'NONE',  ( 53.22872139666199587, 5.192786664806616592E-15, 0.000000000000000000 ) ) ;
#391 = CARTESIAN_POINT ( 'NONE',  ( -31.74999999999995737, 0.000000000000000000, 0.000000000000000000 ) ) ;
#392 = CONICAL_SURFACE ( 'NONE', #2544, 6.898500000000005627, 0.9599310885968754814 ) ;
#393 = ORIENTED_EDGE ( 'NONE', *, *, #129, .T. ) ;
#394 = CARTESIAN_POINT ( 'NONE',  ( 40.77127860333799703, 5.381689200449609928E-15, 0.000000000000000000 ) ) ;
#395 = EDGE_CURVE ( 'NONE', #3911, #3033, #4073, .T. ) ;
#396 = VECTOR ( 'NONE', #4714, 1000.000000000000114 ) ;
#397 = ORIENTED_EDGE ( 'NONE', *, *, #4306, .T. ) ;
#398 = DIRECTION ( 'NONE',  ( -1.000000000000000000, -1.224606353822377258E-16, -0.000000000000000000 ) ) ;
#399 = DIRECTION ( 'NONE',  ( 0.000000000000000000, -1.000000000000000000, 0.000000000000000000 ) ) ;
#400 = DIRECTION ( 'NONE',  ( 0.000000000000000000, -1.000000000000000000, 0.000000000000000000 ) ) ;
#401 = CARTESIAN_POINT ( 'NONE',  ( 68.77127860333798992, 5.381689200449609928E-15, 0.000000000000000000 ) ) ;
#402 = CIRCLE ( 'NONE', #2934, 6.898500000000005627 ) ;
#403 = CARTESIAN_POINT ( 'NONE',  ( 74.77127860333800413, -8.000000000000000000, 9.797174393178833546E-16 ) ) ;
#404 = CYLINDRICAL_SURFACE ( 'NONE', #1607, 7.999999999999618083 ) ;
#405 = ORIENTED_EDGE ( 'NONE', *, *, #4538, .T. ) ;
#406 = EDGE_CURVE ( 'NONE', #1054, #336, #1495, .T. ) ;
#407 = CARTESIAN_POINT ( 'NONE',  ( -31.74999999999995737, 9.797174393178358257E-16, -7.999999999999618083 ) ) ;
#408 = DIRECTION ( 'NONE',  ( -1.000000000000000000, -1.224606353822377258E-16, -0.000000000000000000 ) ) ;
#409 = AXIS2_PLACEMENT_3D ( 'NONE', #1415, #2194, #1831 ) ;
#410 = CARTESIAN_POINT ( 'NONE',  ( 54.00000000000000000, 5.287237932628113655E-15, 0.000000000000000000 ) ) ;
#411 = ORIENTED_EDGE ( 'NONE', *, *, #2125, .T. ) ;
#412 = ORIENTED_EDGE ( 'NONE', *, *, #2379, .T. ) ;
#413 = VECTOR ( 'NONE', #2554, 1000.000000000000114 ) ;
#414 = DIRECTION ( 'NONE',  ( 0.000000000000000000, 0.000000000000000000, 1.000000000000000000 ) ) ;
#415 = ADVANCED_FACE ( 'NONE', ( #1088 ), #4959, .T. ) ;
#416 = CARTESIAN_POINT ( 'NONE',  ( 71.22872139666201008, -7.999999999999998224, 0.000000000000000000 ) ) ;
#417 = AXIS2_PLACEMENT_3D ( 'NONE', #4450, #1417, #562 ) ;
#418 = EDGE_LOOP ( 'NONE', ( #2800, #3861, #2731, #4295, #1833 ) ) ;
#419 = FACE_OUTER_BOUND ( 'NONE', #598, .T. ) ;
#420 = DIRECTION ( 'NONE',  ( -0.5735764363510507113, -0.8191520442889885789, 0.000000000000000000 ) ) ;
#421 = DIRECTION ( 'NONE',  ( 0.000000000000000000, -1.000000000000000000, 0.000000000000000000 ) ) ;
#422 = ORIENTED_EDGE ( 'NONE', *, *, #3433, .T. ) ;
#423 = CIRCLE ( 'NONE', #3294, 6.898500000000005627 ) ;
#424 = DIRECTION ( 'NONE',  ( 0.5735764363510474917, -0.8191520442889907994, 1.003171929053523514E-16 ) ) ;
#425 = EDGE_CURVE ( 'NONE', #4891, #3181, #3938, .T. ) ;
#426 = CARTESIAN_POINT ( 'NONE',  ( 78.77127860333798992, 5.381689200449609928E-15, 0.000000000000000000 ) ) ;
#427 = ORIENTED_EDGE ( 'NONE', *, *, #245, .F. ) ;
#428 = DIRECTION ( 'NONE',  ( -1.000000000000000000, -0.000000000000000000, -0.000000000000000000 ) ) ;
#429 = CONICAL_SURFACE ( 'NONE', #1673, 8.000000000000005329, 0.9599310885968797002 ) ;
#430 = DIRECTION ( 'NONE',  ( 0.000000000000000000, 1.224646799147353207E-16, 1.000000000000000000 ) ) ;
#431 = CARTESIAN_POINT ( 'NONE',  ( 46.77127860333799703, 5.381689200449609928E-15, 0.000000000000000000 ) ) ;
#432 = EDGE_CURVE ( 'NONE', #4815, #70, #202, .T. ) ;
#433 = VERTEX_POINT ( 'NONE', #5351 ) ;
#434 = CARTESIAN_POINT ( 'NONE',  ( 74.00000000000001421, 5.287237932628113655E-15, 0.000000000000000000 ) ) ;
#435 = LINE ( 'NONE', #4037, #2316 ) ;
#436 = EDGE_LOOP ( 'NONE', ( #4991, #1157, #2076, #1622, #4230 ) ) ;
#437 = DIRECTION ( 'NONE',  ( -1.000000000000000000, -0.000000000000000000, -0.000000000000000000 ) ) ;
#438 = CARTESIAN_POINT ( 'NONE',  ( 90.00000000000000000, 0.000000000000000000, 6.898500000000000298 ) ) ;
#439 = EDGE_CURVE ( 'NONE', #4514, #5410, #3518, .T. ) ;
#440 = ADVANCED_FACE ( 'NONE', ( #5554 ), #5547, .T. ) ;
#441 = PRESENTATION_LAYER_ASSIGNMENT (  '', '', ( #3074 ) ) ;
#442 = ORIENTED_EDGE ( 'NONE', *, *, #290, .F. ) ;
#443 = CARTESIAN_POINT ( 'NONE',  ( 50.77127860333800413, 5.381689200449609928E-15, 0.000000000000000000 ) ) ;
#444 = ORIENTED_EDGE ( 'NONE', *, *, #3882, .F. ) ;
#445 = CYLINDRICAL_SURFACE ( 'NONE', #5586, 7.999999999999618083 ) ;
#446 = ORIENTED_EDGE ( 'NONE', *, *, #2228, .F. ) ;
#447 = DIRECTION ( 'NONE',  ( 0.000000000000000000, -1.000000000000000000, 0.000000000000000000 ) ) ;
#448 = CARTESIAN_POINT ( 'NONE',  ( 39.22872139666199587, -7.999999999999998224, 0.000000000000000000 ) ) ;
#449 = AXIS2_PLACEMENT_3D ( 'NONE', #3876, #1285, #3837 ) ;
#450 = VECTOR ( 'NONE', #5031, 1000.000000000000000 ) ;
#451 = AXIS2_PLACEMENT_3D ( 'NONE', #2466, #300, #774 ) ;
#452 = ORIENTED_EDGE ( 'NONE', *, *, #1486, .F. ) ;
#453 = DIRECTION ( 'NONE',  ( 0.000000000000000000, -1.000000000000000000, 0.000000000000000000 ) ) ;
#454 = ORIENTED_EDGE ( 'NONE', *, *, #3028, .T. ) ;
#455 = FACE_OUTER_BOUND ( 'NONE', #2959, .T. ) ;
#456 = ORIENTED_EDGE ( 'NONE', *, *, #2809, .T. ) ;
#457 = AXIS2_PLACEMENT_3D ( 'NONE', #4804, #4345, #1378 ) ;
#458 = SURFACE_STYLE_FILL_AREA ( #3250 ) ;
#459 = VERTEX_POINT ( 'NONE', #318 ) ;
#460 = DIRECTION ( 'NONE',  ( 0.000000000000000000, -1.000000000000000000, 0.000000000000000000 ) ) ;
#461 = CARTESIAN_POINT ( 'NONE',  ( 66.00000000000000000, 5.287237932628113655E-15, 0.000000000000000000 ) ) ;
#462 = FACE_OUTER_BOUND ( 'NONE', #179, .T. ) ;
#463 = EDGE_CURVE ( 'NONE', #2232, #4910, #4409, .T. ) ;
#464 = DIRECTION ( 'NONE',  ( 0.000000000000000000, -1.000000000000000000, 0.000000000000000000 ) ) ;
#465 = ORIENTED_EDGE ( 'NONE', *, *, #4956, .T. ) ;
#466 = CARTESIAN_POINT ( 'NONE',  ( -31.74999999999995737, 0.000000000000000000, 12.00000000000000000 ) ) ;
#467 = ADVANCED_FACE ( 'NONE', ( #3103 ), #57, .T. ) ;
#468 = ORIENTED_EDGE ( 'NONE', *, *, #463, .F. ) ;
#469 = CIRCLE ( 'NONE', #5208, 8.000000000000005329 ) ;
#470 = ORIENTED_EDGE ( 'NONE', *, *, #4112, .F. ) ;
#471 = AXIS2_PLACEMENT_3D ( 'NONE', #1904, #2661, #942 ) ;
#472 = EDGE_CURVE ( 'NONE', #2131, #2200, #197, .T. ) ;
#473 = AXIS2_PLACEMENT_3D ( 'NONE', #531, #1855, #2282 ) ;
#474 = VECTOR ( 'NONE', #4283, 1000.000000000000000 ) ;
#475 = DIRECTION ( 'NONE',  ( 0.000000000000000000, -1.000000000000000000, 0.000000000000000000 ) ) ;
#476 = CARTESIAN_POINT ( 'NONE',  ( 44.00000000000000000, 5.287237932628113655E-15, 0.000000000000000000 ) ) ;
#477 = FACE_OUTER_BOUND ( 'NONE', #2717, .T. ) ;
#478 = ORIENTED_EDGE ( 'NONE', *, *, #111, .T. ) ;
#479 =( LENGTH_UNIT ( ) NAMED_UNIT ( * ) SI_UNIT ( .MILLI., .METRE. ) );
#480 = CARTESIAN_POINT ( 'NONE',  ( 46.00000000000000000, 5.287237932628113655E-15, 0.000000000000000000 ) ) ;
#481 = CARTESIAN_POINT ( 'NONE',  ( -31.74999999999995737, 0.000000000000000000, 0.000000000000000000 ) ) ;
#482 = EDGE_CURVE ( 'NONE', #253, #5323, #2293, .T. ) ;
#483 = ORIENTED_EDGE ( 'NONE', *, *, #605, .T. ) ;
#484 = VECTOR ( 'NONE', #1381, 1000.000000000000000 ) ;
#485 = AXIS2_PLACEMENT_3D ( 'NONE', #3718, #2868, #4193 ) ;
#486 = ORIENTED_EDGE ( 'NONE', *, *, #3064, .T. ) ;
#487 = DIRECTION ( 'NONE',  ( -1.000000000000000000, -0.000000000000000000, -0.000000000000000000 ) ) ;
#488 = FACE_OUTER_BOUND ( 'NONE', #4682, .T. ) ;
#489 = CARTESIAN_POINT ( 'NONE',  ( 57.22872139666199587, -7.999999999999998224, 0.000000000000000000 ) ) ;
#490 =( GEOMETRIC_REPRESENTATION_CONTEXT ( 3 ) GLOBAL_UNCERTAINTY_ASSIGNED_CONTEXT ( ( #3957 ) ) GLOBAL_UNIT_ASSIGNED_CONTEXT ( ( #1884, #2309, #5361 ) ) REPRESENTATION_CONTEXT ( 'NONE', 'WORKASPACE' ) );
#491 = ORIENTED_EDGE ( 'NONE', *, *, #2390, .F. ) ;
#492 = VECTOR ( 'NONE', #843, 1000.000000000000000 ) ;
#493 = DIRECTION ( 'NONE',  ( -1.000000000000000000, -1.224606353822377258E-16, -0.000000000000000000 ) ) ;
#494 = CARTESIAN_POINT ( 'NONE',  ( 10.00000000000000000, 0.000000000000000000, -8.599999999999617728 ) ) ;
#495 = ADVANCED_FACE ( 'NONE', ( #1082 ), #4404, .T. ) ;
#496 = ORIENTED_EDGE ( 'NONE', *, *, #1306, .F. ) ;
#497 = DIRECTION ( 'NONE',  ( -1.000000000000000000, -1.224606353822377258E-16, -0.000000000000000000 ) ) ;
#498 = LINE ( 'NONE', #2235, #3056 ) ;
#499 = EDGE_CURVE ( 'NONE', #3552, #3297, #874, .T. ) ;
#500 = CARTESIAN_POINT ( 'NONE',  ( 46.00000000000000000, 5.287237932628113655E-15, 0.000000000000000000 ) ) ;
#501 = PLANE ( 'NONE',  #4115 ) ;
#502 = ORIENTED_EDGE ( 'NONE', *, *, #3622, .F. ) ;
#503 = CONICAL_SURFACE ( 'NONE', #1710, 6.898500000000005627, 0.9599310885968754814 ) ;
#504 = FILL_AREA_STYLE_COLOUR ( '', #4250 ) ;
#505 = EDGE_CURVE ( 'NONE', #4274, #1740, #2093, .T. ) ;
#506 = CARTESIAN_POINT ( 'NONE',  ( 60.77127860333800413, 5.381689200449609928E-15, 0.000000000000000000 ) ) ;
#507 = ORIENTED_EDGE ( 'NONE', *, *, #3028, .F. ) ;
#508 = VECTOR ( 'NONE', #2431, 1000.000000000000000 ) ;
#509 = DIRECTION ( 'NONE',  ( 0.000000000000000000, 0.000000000000000000, 1.000000000000000000 ) ) ;
#510 = DIRECTION ( 'NONE',  ( -1.000000000000000000, -1.224606353822377258E-16, -0.000000000000000000 ) ) ;
#511 = CIRCLE ( 'NONE', #3821, 8.000000000000005329 ) ;
#512 = EDGE_CURVE ( 'NONE', #930, #3033, #4260, .T. ) ;
#513 = ORIENTED_EDGE ( 'NONE', *, *, #1312, .T. ) ;
#514 = AXIS2_PLACEMENT_3D ( 'NONE', #3313, #1602, #5541 ) ;
#515 = DIRECTION ( 'NONE',  ( 0.5735764363510472696, 0.8191520442889909104, 0.000000000000000000 ) ) ;
#516 = EDGE_LOOP ( 'NONE', ( #3508, #1536, #2416, #3353, #1586 ) ) ;
#517 = CYLINDRICAL_SURFACE ( 'NONE', #667, 7.999999999999618083 ) ;
#518 = VERTEX_POINT ( 'NONE', #279 ) ;
#519 = VERTEX_POINT ( 'NONE', #2465 ) ;
#520 = CARTESIAN_POINT ( 'NONE',  ( 88.77127860333800413, 8.000000000000008882, 0.000000000000000000 ) ) ;
#521 = AXIS2_PLACEMENT_3D ( 'NONE', #4396, #4416, #5292 ) ;
#522 = CARTESIAN_POINT ( 'NONE',  ( 86.77127860333800413, -2.603857284811542873E-28, 8.000000000000005329 ) ) ;
#523 = LINE ( 'NONE', #1524, #2473 ) ;
#524 = ADVANCED_FACE ( 'NONE', ( #3096 ), #3834, .F. ) ;
#525 = ORIENTED_EDGE ( 'NONE', *, *, #5155, .T. ) ;
#526 = CONICAL_SURFACE ( 'NONE', #417, 6.898500000000005627, 0.9599310885968754814 ) ;
#527 = ORIENTED_EDGE ( 'NONE', *, *, #2412, .T. ) ;
#528 = SURFACE_STYLE_USAGE ( .BOTH. , #2222 ) ;
#529 = DIRECTION ( 'NONE',  ( -1.000000000000000000, -0.000000000000000000, -0.000000000000000000 ) ) ;
#530 = EDGE_CURVE ( 'NONE', #3840, #4015, #4601, .T. ) ;
#531 = CARTESIAN_POINT ( 'NONE',  ( 72.00000000000001421, 5.287237932628113655E-15, 0.000000000000000000 ) ) ;
#532 = FACE_OUTER_BOUND ( 'NONE', #2687, .T. ) ;
#533 = VERTEX_POINT ( 'NONE', #3870 ) ;
#534 =( NAMED_UNIT ( * ) PLANE_ANGLE_UNIT ( ) SI_UNIT ( $, .RADIAN. ) );
#535 = DIRECTION ( 'NONE',  ( -1.000000000000000000, -1.224606353822377258E-16, -0.000000000000000000 ) ) ;
#536 = CARTESIAN_POINT ( 'NONE',  ( 87.22872139666199587, 5.192786664806616592E-15, 0.000000000000000000 ) ) ;
#537 = EDGE_CURVE ( 'NONE', #1520, #711, #5620, .T. ) ;
#539 = CARTESIAN_POINT ( 'NONE',  ( 41.22872139666199587, 8.000000000000012434, 9.797174393178835518E-16 ) ) ;
#538 = CIRCLE ( 'NONE', #451, 8.000000000000005329 ) ;
#540 = FACE_OUTER_BOUND ( 'NONE', #4755, .T. ) ;
#541 = ORIENTED_EDGE ( 'NONE', *, *, #5482, .F. ) ;
#542 = CARTESIAN_POINT ( 'NONE',  ( 80.77127860333798992, 8.000000000000010658, 0.000000000000000000 ) ) ;
#543 = AXIS2_PLACEMENT_3D ( 'NONE', #4576, #5073, #1167 ) ;
#544 = ORIENTED_EDGE ( 'NONE', *, *, #2373, .F. ) ;
#545 = CONICAL_SURFACE ( 'NONE', #3339, 6.898500000000005627, 0.9599310885968754814 ) ;
#546 = EDGE_CURVE ( 'NONE', #3812, #1589, #1150, .T. ) ;
#547 = AXIS2_PLACEMENT_3D ( 'NONE', #1705, #4721, #5106 ) ;
#548 =( NAMED_UNIT ( * ) SI_UNIT ( $, .STERADIAN. ) SOLID_ANGLE_UNIT ( ) );
#549 = CARTESIAN_POINT ( 'NONE',  ( -31.74999999999995737, 9.797174393178358257E-16, -7.999999999999618083 ) ) ;
#550 = ORIENTED_EDGE ( 'NONE', *, *, #2500, .T. ) ;
#551 = VECTOR ( 'NONE', #1002, 1000.000000000000000 ) ;
#552 = ADVANCED_FACE ( 'NONE', ( #3797 ), #2156, .T. ) ;
#553 = DIRECTION ( 'NONE',  ( 0.000000000000000000, -1.000000000000000000, 0.000000000000000000 ) ) ;
#554 = CARTESIAN_POINT ( 'NONE',  ( -31.74999999999995737, 0.000000000000000000, 7.999999999999618083 ) ) ;
#555 = AXIS2_PLACEMENT_3D ( 'NONE', #1839, #3558, #3966 ) ;
#556 = DIRECTION ( 'NONE',  ( -1.000000000000000000, -1.224606353822377258E-16, -0.000000000000000000 ) ) ;
#557 = AXIS2_PLACEMENT_3D ( 'NONE', #4036, #128, #3151 ) ;
#558 = ORIENTED_EDGE ( 'NONE', *, *, #2, .T. ) ;
#559 = DIRECTION ( 'NONE',  ( 0.000000000000000000, 0.4999999999999986677, -0.8660254037844392627 ) ) ;
#560 = DIRECTION ( 'NONE',  ( -1.000000000000000000, -1.224606353822377258E-16, -0.000000000000000000 ) ) ;
#561 = LINE ( 'NONE', #4065, #2307 ) ;
#562 = DIRECTION ( 'NONE',  ( 0.000000000000000000, -1.000000000000000000, 0.000000000000000000 ) ) ;
#563 = ORIENTED_EDGE ( 'NONE', *, *, #395, .T. ) ;
#564 = CONICAL_SURFACE ( 'NONE', #2649, 7.070999999999999730, 1.047197551196592746 ) ;
#565 = AXIS2_PLACEMENT_3D ( 'NONE', #1563, #5521, #2909 ) ;
#566 = EDGE_CURVE ( 'NONE', #3181, #379, #4477, .T. ) ;
#567 = VERTEX_POINT ( 'NONE', #869 ) ;
#568 = DIRECTION ( 'NONE',  ( -0.5735764363510507113, -0.8191520442889885789, 0.000000000000000000 ) ) ;
#569 = CARTESIAN_POINT ( 'NONE',  ( 80.77127860333798992, 5.381689200449609928E-15, 0.000000000000000000 ) ) ;
#570 = EDGE_CURVE ( 'NONE', #5519, #4815, #3032, .T. ) ;
#571 = ORIENTED_EDGE ( 'NONE', *, *, #941, .T. ) ;
#572 = CIRCLE ( 'NONE', #4035, 8.000000000000005329 ) ;
#573 = CARTESIAN_POINT ( 'NONE',  ( 87.22872139666199587, 5.192786664806616592E-15, 0.000000000000000000 ) ) ;
#574 = CARTESIAN_POINT ( 'NONE',  ( 61.22872139666199587, 5.192786664806616592E-15, 0.000000000000000000 ) ) ;
#575 = LINE ( 'NONE', #3311, #3695 ) ;
#576 = ORIENTED_EDGE ( 'NONE', *, *, #4079, .T. ) ;
#577 = DIRECTION ( 'NONE',  ( 0.000000000000000000, -0.4999999999999987232, 0.8660254037844392627 ) ) ;
#578 = EDGE_CURVE ( 'NONE', #1861, #1130, #4671, .T. ) ;
#579 = ADVANCED_FACE ( 'NONE', ( #3932 ), #5359, .T. ) ;
#580 = CARTESIAN_POINT ( 'NONE',  ( 47.22872139666199587, 5.192786664806616592E-15, 0.000000000000000000 ) ) ;
#581 = VECTOR ( 'NONE', #1193, 1000.000000000000000 ) ;
#582 = ORIENTED_EDGE ( 'NONE', *, *, #718, .F. ) ;
#583 = ORIENTED_EDGE ( 'NONE', *, *, #3921, .T. ) ;
#584 = CARTESIAN_POINT ( 'NONE',  ( 70.00000000000000000, 5.287237932628113655E-15, 0.000000000000000000 ) ) ;
#585 = EDGE_CURVE ( 'NONE', #1294, #2749, #3512, .T. ) ;
#586 = EDGE_LOOP ( 'NONE', ( #3018, #1751, #5389, #4286, #4029 ) ) ;
#587 = CIRCLE ( 'NONE', #5432, 6.898500000000005627 ) ;
#588 = AXIS2_PLACEMENT_3D ( 'NONE', #4508, #3166, #1459 ) ;
#589 = EDGE_LOOP ( 'NONE', ( #1599, #5140, #2938, #3596, #1668, #1161 ) ) ;
#590 = SURFACE_SIDE_STYLE ('',( #3492 ) ) ;
#591 = CARTESIAN_POINT ( 'NONE',  ( 86.77127860333800413, 8.000000000000008882, 0.000000000000000000 ) ) ;
#592 = CARTESIAN_POINT ( 'NONE',  ( 90.00000000000000000, 0.000000000000000000, 6.898500000000000298 ) ) ;
#593 = VECTOR ( 'NONE', #3270, 1000.000000000000000 ) ;
#594 = DIRECTION ( 'NONE',  ( 0.000000000000000000, 0.000000000000000000, 1.000000000000000000 ) ) ;
#595 = ORIENTED_EDGE ( 'NONE', *, *, #370, .F. ) ;
#596 = AXIS2_PLACEMENT_3D ( 'NONE', #2251, #2729, #3611 ) ;
#597 = CARTESIAN_POINT ( 'NONE',  ( 47.22872139666199587, 9.797174393176315108E-16, -8.000000000000005329 ) ) ;
#598 = EDGE_LOOP ( 'NONE', ( #2276, #42, #2280 ) ) ;
#599 = CARTESIAN_POINT ( 'NONE',  ( 8.000000000000000000, -8.164887506879685120, -3.035766082959412415E-15 ) ) ;
#600 = DIRECTION ( 'NONE',  ( 0.000000000000000000, -1.000000000000000000, 0.000000000000000000 ) ) ;
#601 = ORIENTED_EDGE ( 'NONE', *, *, #5407, .T. ) ;
#602 = CARTESIAN_POINT ( 'NONE',  ( 54.77127860333799703, 5.381689200449609928E-15, 0.000000000000000000 ) ) ;
#603 = FILL_AREA_STYLE ('',( #1027 ) ) ;
#604 = LINE ( 'NONE', #376, #2022 ) ;
#605 = EDGE_CURVE ( 'NONE', #4155, #1976, #2353, .T. ) ;
#606 = VERTEX_POINT ( 'NONE', #4743 ) ;
#607 = CARTESIAN_POINT ( 'NONE',  ( 43.22872139666199587, 8.000000000000012434, 9.797174393178835518E-16 ) ) ;
#608 = ADVANCED_FACE ( 'NONE', ( #5421 ), #2627, .T. ) ;
#609 = DIRECTION ( 'NONE',  ( 0.5735764363510472696, 0.8191520442889909104, 0.000000000000000000 ) ) ;
#610 = CONICAL_SURFACE ( 'NONE', #847, 7.070999999999999730, 1.047197551196592746 ) ;
#611 = LINE ( 'NONE', #3060, #4267 ) ;
#612 = ORIENTED_EDGE ( 'NONE', *, *, #2924, .F. ) ;
#613 = DIRECTION ( 'NONE',  ( 0.000000000000000000, -1.000000000000000000, 0.000000000000000000 ) ) ;
#614 = DIRECTION ( 'NONE',  ( 0.000000000000000000, -1.000000000000000000, 0.000000000000000000 ) ) ;
#615 = EDGE_CURVE ( 'NONE', #5084, #210, #3650, .T. ) ;
#616 = DIRECTION ( 'NONE',  ( 0.000000000000000000, 0.000000000000000000, 1.000000000000000000 ) ) ;
#617 = ORIENTED_EDGE ( 'NONE', *, *, #4306, .F. ) ;
#618 = DIRECTION ( 'NONE',  ( 0.000000000000000000, 1.000000000000000000, 0.000000000000000000 ) ) ;
#619 = DIRECTION ( 'NONE',  ( -1.000000000000000000, -0.000000000000000000, -0.000000000000000000 ) ) ;
#620 = EDGE_CURVE ( 'NONE', #96, #3684, #1214, .T. ) ;
#621 = ORIENTED_EDGE ( 'NONE', *, *, #5247, .T. ) ;
#622 = LINE ( 'NONE', #2364, #9 ) ;
#623 = AXIS2_PLACEMENT_3D ( 'NONE', #1509, #5419, #1134 ) ;
#624 = CARTESIAN_POINT ( 'NONE',  ( 45.22872139666199587, -2.511412647480955552E-28, 8.000000000000005329 ) ) ;
#625 = CARTESIAN_POINT ( 'NONE',  ( -31.74999999999995737, 0.000000000000000000, 7.999999999999618083 ) ) ;
#626 = ORIENTED_EDGE ( 'NONE', *, *, #5044, .T. ) ;
#627 = CIRCLE ( 'NONE', #38, 8.000000000000005329 ) ;
#628 = AXIS2_PLACEMENT_3D ( 'NONE', #4422, #18, #969 ) ;
#629 = DIRECTION ( 'NONE',  ( -1.000000000000000000, -1.224606353822377258E-16, -0.000000000000000000 ) ) ;
#630 = AXIS2_PLACEMENT_3D ( 'NONE', #3678, #1090, #4121 ) ;
#631 = CARTESIAN_POINT ( 'NONE',  ( 8.000000000000000000, 4.082443753439855882, 7.070999999999982855 ) ) ;
#632 = ORIENTED_EDGE ( 'NONE', *, *, #352, .F. ) ;
#633 = CONICAL_SURFACE ( 'NONE', #2380, 8.000000000000005329, 0.9599310885968797002 ) ;
#634 = DIRECTION ( 'NONE',  ( -0.5735764363510507113, -0.8191520442889885789, 0.000000000000000000 ) ) ;
#635 = ADVANCED_FACE ( 'NONE', ( #328 ), #3368, .T. ) ;
#636 = VERTEX_POINT ( 'NONE', #3431 ) ;
#637 = DIRECTION ( 'NONE',  ( 0.000000000000000000, -0.5000000000000011102, -0.8660254037844379305 ) ) ;
#638 = CONICAL_SURFACE ( 'NONE', #4914, 8.000000000000005329, 0.9599310885968797002 ) ;
#639 = DIRECTION ( 'NONE',  ( -1.000000000000000000, -1.224606353822377258E-16, -0.000000000000000000 ) ) ;
#640 =( NAMED_UNIT ( * ) PLANE_ANGLE_UNIT ( ) SI_UNIT ( $, .RADIAN. ) );
#641 = ORIENTED_EDGE ( 'NONE', *, *, #4028, .T. ) ;
#642 = ORIENTED_EDGE ( 'NONE', *, *, #5116, .T. ) ;
#643 = LINE ( 'NONE', #1196, #4301 ) ;
#644 = EDGE_CURVE ( 'NONE', #1070, #3720, #2484, .T. ) ;
#645 = CARTESIAN_POINT ( 'NONE',  ( 82.77127860333798992, 5.381689200449609928E-15, 0.000000000000000000 ) ) ;
#646 = DIRECTION ( 'NONE',  ( -1.000000000000000000, -1.224606353822377258E-16, -0.000000000000000000 ) ) ;
#647 = FACE_OUTER_BOUND ( 'NONE', #2440, .T. ) ;
#648 = ORIENTED_EDGE ( 'NONE', *, *, #1889, .F. ) ;
#649 = CARTESIAN_POINT ( 'NONE',  ( 52.77127860333799703, 5.381689200449609928E-15, 0.000000000000000000 ) ) ;
#650 = ORIENTED_EDGE ( 'NONE', *, *, #1025, .T. ) ;
#651 = AXIS2_PLACEMENT_3D ( 'NONE', #5321, #4469, #5505 ) ;
#652 = DIRECTION ( 'NONE',  ( 0.5735764363510474917, -0.8191520442889907994, 1.003171929053523514E-16 ) ) ;
#653 = CIRCLE ( 'NONE', #852, 8.000000000000005329 ) ;
#654 = EDGE_CURVE ( 'NONE', #1674, #4738, #604, .T. ) ;
#655 = VERTEX_POINT ( 'NONE', #31 ) ;
#656 = VERTEX_POINT ( 'NONE', #2663 ) ;
#657 = AXIS2_PLACEMENT_3D ( 'NONE', #91, #5326, #4418 ) ;
#658 = CARTESIAN_POINT ( 'NONE',  ( -31.74999999999995737, 0.000000000000000000, 0.000000000000000000 ) ) ;
#659 = VECTOR ( 'NONE', #4947, 1000.000000000000000 ) ;
#660 = ORIENTED_EDGE ( 'NONE', *, *, #5116, .F. ) ;
#661 = EDGE_CURVE ( 'NONE', #4313, #3918, #731, .T. ) ;
#662 = ADVANCED_FACE ( 'NONE', ( #5224 ), #4535, .T. ) ;
#663 = AXIS2_PLACEMENT_3D ( 'NONE', #382, #3856, #5535 ) ;
#664 = CIRCLE ( 'NONE', #596, 8.000000000000005329 ) ;
#665 = ORIENTED_EDGE ( 'NONE', *, *, #1384, .F. ) ;
#666 = CARTESIAN_POINT ( 'NONE',  ( 49.22872139666199587, 8.000000000000012434, 9.797174393178835518E-16 ) ) ;
#667 = AXIS2_PLACEMENT_3D ( 'NONE', #991, #4483, #3116 ) ;
#668 = CONICAL_SURFACE ( 'NONE', #3301, 8.000000000000005329, 0.9599310885968797002 ) ;
#669 = ORIENTED_EDGE ( 'NONE', *, *, #5093, .T. ) ;
#670 = CARTESIAN_POINT ( 'NONE',  ( -31.74999999999995737, 9.797174393178358257E-16, -7.999999999999618083 ) ) ;
#671 = FACE_OUTER_BOUND ( 'NONE', #1092, .T. ) ;
#672 = CIRCLE ( 'NONE', #5027, 6.898500000000005627 ) ;
#673 = VERTEX_POINT ( 'NONE', #2623 ) ;
#674 = DIRECTION ( 'NONE',  ( -1.000000000000000000, -1.224606353822377258E-16, -0.000000000000000000 ) ) ;
#675 = EDGE_CURVE ( 'NONE', #5617, #1359, #4067, .T. ) ;
#676 = ORIENTED_EDGE ( 'NONE', *, *, #2269, .T. ) ;
#677 = LINE ( 'NONE', #3176, #817 ) ;
#678 = CARTESIAN_POINT ( 'NONE',  ( 69.22872139666199587, 8.000000000000012434, 9.797174393178835518E-16 ) ) ;
#679 = ORIENTED_EDGE ( 'NONE', *, *, #5219, .T. ) ;
#680 = CARTESIAN_POINT ( 'NONE',  ( 44.00000000000000000, 5.287237932628113655E-15, 0.000000000000000000 ) ) ;
#681 = CIRCLE ( 'NONE', #663, 8.000000000000005329 ) ;
#682 = EDGE_CURVE ( 'NONE', #5575, #1077, #1893, .T. ) ;
#683 = DIRECTION ( 'NONE',  ( -1.000000000000000000, -1.224606353822377258E-16, -0.000000000000000000 ) ) ;
#684 = ADVANCED_FACE ( 'NONE', ( #1765 ), #4814, .T. ) ;
#685 = ORIENTED_EDGE ( 'NONE', *, *, #2993, .F. ) ;
#686 = FACE_OUTER_BOUND ( 'NONE', #4346, .T. ) ;
#687 = CARTESIAN_POINT ( 'NONE',  ( 88.89849999999964325, 0.000000000000000000, 0.000000000000000000 ) ) ;
#688 = CARTESIAN_POINT ( 'NONE',  ( 62.00000000000000000, 6.898500000000010957, 0.000000000000000000 ) ) ;
#689 = EDGE_CURVE ( 'NONE', #3417, #4765, #469, .T. ) ;
#690 = DIRECTION ( 'NONE',  ( 0.000000000000000000, -1.000000000000000000, 0.000000000000000000 ) ) ;
#691 = ORIENTED_EDGE ( 'NONE', *, *, #1384, .T. ) ;
#692 = DIRECTION ( 'NONE',  ( 0.000000000000000000, -1.000000000000000000, 0.000000000000000000 ) ) ;
#693 = CIRCLE ( 'NONE', #5311, 8.000000000000005329 ) ;
#694 = CARTESIAN_POINT ( 'NONE',  ( 46.77127860333799703, 5.381689200449609928E-15, 0.000000000000000000 ) ) ;
#695 = ORIENTED_EDGE ( 'NONE', *, *, #167, .T. ) ;
#696 = VECTOR ( 'NONE', #2842, 1000.000000000000000 ) ;
#697 = AXIS2_PLACEMENT_3D ( 'NONE', #2203, #161, #4057 ) ;
#698 = CARTESIAN_POINT ( 'NONE',  ( 52.77127860333799703, 8.000000000000010658, 0.000000000000000000 ) ) ;
#699 = DIRECTION ( 'NONE',  ( 0.5735764363510474917, -0.8191520442889907994, 1.003171929053523514E-16 ) ) ;
#700 = CARTESIAN_POINT ( 'NONE',  ( 8.000000000000000000, 4.082443753439834566, -7.071000000000018382 ) ) ;
#701 = VERTEX_POINT ( 'NONE', #4003 ) ;
#702 = DIRECTION ( 'NONE',  ( 0.000000000000000000, -1.000000000000000000, 0.000000000000000000 ) ) ;
#703 = FACE_OUTER_BOUND ( 'NONE', #1431, .T. ) ;
#704 = CARTESIAN_POINT ( 'NONE',  ( 88.77127860333800413, 5.381689200449609928E-15, 0.000000000000000000 ) ) ;
#705 = EDGE_CURVE ( 'NONE', #3377, #323, #2958, .T. ) ;
#706 = DIRECTION ( 'NONE',  ( -1.000000000000000000, -1.224606353822377258E-16, -0.000000000000000000 ) ) ;
#707 = CYLINDRICAL_SURFACE ( 'NONE', #4432, 7.999999999999618083 ) ;
#708 = ORIENTED_EDGE ( 'NONE', *, *, #5278, .F. ) ;
#709 = CYLINDRICAL_SURFACE ( 'NONE', #1940, 7.999999999999618083 ) ;
#710 = ADVANCED_FACE ( 'NONE', ( #801 ), #4882, .T. ) ;
#711 = VERTEX_POINT ( 'NONE', #4796 ) ;
#712 = VERTEX_POINT ( 'NONE', #1354 ) ;
#713 = EDGE_CURVE ( 'NONE', #1210, #2232, #2413, .T. ) ;
#714 = DIRECTION ( 'NONE',  ( 0.000000000000000000, -1.000000000000000000, 0.000000000000000000 ) ) ;
#715 = DIRECTION ( 'NONE',  ( 0.000000000000000000, 0.000000000000000000, -1.000000000000000000 ) ) ;
#716 = ORIENTED_EDGE ( 'NONE', *, *, #2166, .F. ) ;
#717 = CARTESIAN_POINT ( 'NONE',  ( 67.22872139666199587, 5.192786664806616592E-15, 0.000000000000000000 ) ) ;
#718 = EDGE_CURVE ( 'NONE', #5002, #533, #1291, .T. ) ;
#719 = CIRCLE ( 'NONE', #1679, 8.000000000000005329 ) ;
#720 = AXIS2_PLACEMENT_3D ( 'NONE', #3652, #1512, #4133 ) ;
#721 = ORIENTED_EDGE ( 'NONE', *, *, #5438, .T. ) ;
#722 = CARTESIAN_POINT ( 'NONE',  ( 58.00000000000000000, 5.287237932628113655E-15, 0.000000000000000000 ) ) ;
#723 = CARTESIAN_POINT ( 'NONE',  ( 41.22872139666199587, -2.511412647480955552E-28, 8.000000000000005329 ) ) ;
#724 = CARTESIAN_POINT ( 'NONE',  ( 47.22872139666199587, 5.192786664806616592E-15, 0.000000000000000000 ) ) ;
#725 = DIRECTION ( 'NONE',  ( 1.000000000000000000, 0.000000000000000000, 0.000000000000000000 ) ) ;
#726 = CIRCLE ( 'NONE', #4778, 8.000000000000005329 ) ;
#727 = ORIENTED_EDGE ( 'NONE', *, *, #4645, .T. ) ;
#728 = AXIS2_PLACEMENT_3D ( 'NONE', #5128, #5461, #3759 ) ;
#729 = AXIS2_PLACEMENT_3D ( 'NONE', #3496, #831, #1336 ) ;
#730 = FACE_OUTER_BOUND ( 'NONE', #4045, .T. ) ;
#731 = CIRCLE ( 'NONE', #4442, 6.898500000000005627 ) ;
#732 = VERTEX_POINT ( 'NONE', #1447 ) ;
#733 = DIRECTION ( 'NONE',  ( 0.000000000000000000, -1.000000000000000000, 0.000000000000000000 ) ) ;
#734 = DIRECTION ( 'NONE',  ( 1.000000000000000000, 1.224606353822377258E-16, 0.000000000000000000 ) ) ;
#735 = DIRECTION ( 'NONE',  ( -1.000000000000000000, -1.224606353822377258E-16, -0.000000000000000000 ) ) ;
#736 = AXIS2_PLACEMENT_3D ( 'NONE', #3440, #3838, #1201 ) ;
#737 = FACE_OUTER_BOUND ( 'NONE', #4203, .T. ) ;
#738 = CYLINDRICAL_SURFACE ( 'NONE', #728, 7.999999999999618083 ) ;
#739 = VERTEX_POINT ( 'NONE', #4095 ) ;
#740 = CONICAL_SURFACE ( 'NONE', #919, 8.000000000000005329, 0.9599310885968797002 ) ;
#741 = ADVANCED_FACE ( 'NONE', ( #1420 ), #3719, .T. ) ;
#742 = CARTESIAN_POINT ( 'NONE',  ( 72.77127860333800413, 5.381689200449609928E-15, 0.000000000000000000 ) ) ;
#743 = ORIENTED_EDGE ( 'NONE', *, *, #1168, .T. ) ;
#744 = CYLINDRICAL_SURFACE ( 'NONE', #2795, 7.999999999999618083 ) ;
#745 = DIRECTION ( 'NONE',  ( 0.000000000000000000, -1.000000000000000000, 0.000000000000000000 ) ) ;
#746 = DIRECTION ( 'NONE',  ( 0.000000000000000000, -1.000000000000000000, 0.000000000000000000 ) ) ;
#747 = EDGE_CURVE ( 'NONE', #3795, #567, #123, .T. ) ;
#748 = ADVANCED_FACE ( 'NONE', ( #5078 ), #5215, .T. ) ;
#749 = DIRECTION ( 'NONE',  ( 0.000000000000000000, -1.000000000000000000, 0.000000000000000000 ) ) ;
#750 = VERTEX_POINT ( 'NONE', #3168 ) ;
#751 = CYLINDRICAL_SURFACE ( 'NONE', #4216, 7.999999999999618083 ) ;
#752 = DIRECTION ( 'NONE',  ( 0.000000000000000000, 1.000000000000000000, -1.274768433379006694E-15 ) ) ;
#753 = CARTESIAN_POINT ( 'NONE',  ( 90.00000000000000000, 0.000000000000000000, 0.000000000000000000 ) ) ;
#754 = AXIS2_PLACEMENT_3D ( 'NONE', #2798, #3194, #4064 ) ;
#755 = DIRECTION ( 'NONE',  ( -0.5735764363510509334, 0.8191520442889884679, 1.003171929053520802E-16 ) ) ;
#756 = EDGE_CURVE ( 'NONE', #2695, #519, #4194, .T. ) ;
#757 = VERTEX_POINT ( 'NONE', #4897 ) ;
#758 = MECHANICAL_DESIGN_GEOMETRIC_PRESENTATION_REPRESENTATION (  '', ( #1819 ), #2790 ) ;
#759 = CARTESIAN_POINT ( 'NONE',  ( 40.77127860333799703, 8.000000000000010658, 0.000000000000000000 ) ) ;
#760 = ORIENTED_EDGE ( 'NONE', *, *, #2010, .T. ) ;
#761 = DIRECTION ( 'NONE',  ( 0.5735764363510474917, -0.8191520442889907994, 1.003171929053523514E-16 ) ) ;
#762 = VECTOR ( 'NONE', #5257, 1000.000000000000000 ) ;
#763 = DIRECTION ( 'NONE',  ( 0.000000000000000000, 1.000000000000000000, 0.000000000000000000 ) ) ;
#764 = AXIS2_PLACEMENT_3D ( 'NONE', #1200, #5053, #4666 ) ;
#765 = AXIS2_PLACEMENT_3D ( 'NONE', #1756, #1243, #2986 ) ;
#766 = ORIENTED_EDGE ( 'NONE', *, *, #1465, .T. ) ;
#767 = CARTESIAN_POINT ( 'NONE',  ( 76.00000000000001421, 5.287237932628113655E-15, 0.000000000000000000 ) ) ;
#768 = CIRCLE ( 'NONE', #1993, 8.000000000000005329 ) ;
#769 = ADVANCED_FACE ( 'NONE', ( #3164 ), #3506, .T. ) ;
#770 = ORIENTED_EDGE ( 'NONE', *, *, #1623, .F. ) ;
#771 = AXIS2_PLACEMENT_3D ( 'NONE', #5394, #5400, #1963 ) ;
#772 = ORIENTED_EDGE ( 'NONE', *, *, #4168, .F. ) ;
#773 = DIRECTION ( 'NONE',  ( 0.000000000000000000, -1.000000000000000000, 0.000000000000000000 ) ) ;
#774 = DIRECTION ( 'NONE',  ( 0.000000000000000000, -1.000000000000000000, 0.000000000000000000 ) ) ;
#775 = LINE ( 'NONE', #1664, #2996 ) ;
#776 = DIRECTION ( 'NONE',  ( -0.5735764363510509334, 0.8191520442889884679, 1.003171929053520802E-16 ) ) ;
#777 = DIRECTION ( 'NONE',  ( -1.000000000000000000, -1.224606353822377258E-16, -0.000000000000000000 ) ) ;
#778 = DIRECTION ( 'NONE',  ( -1.000000000000000000, -0.000000000000000000, -0.000000000000000000 ) ) ;
#779 = FACE_OUTER_BOUND ( 'NONE', #3084, .T. ) ;
#780 = ORIENTED_EDGE ( 'NONE', *, *, #5191, .F. ) ;
#781 = DIRECTION ( 'NONE',  ( 0.5735764363510472696, 0.8191520442889909104, 0.000000000000000000 ) ) ;
#782 = EDGE_CURVE ( 'NONE', #3297, #2118, #258, .T. ) ;
#783 = DIRECTION ( 'NONE',  ( -1.000000000000000000, -1.224606353822377258E-16, -0.000000000000000000 ) ) ;
#784 = PRESENTATION_STYLE_ASSIGNMENT (( #4750 ) ) ;
#785 = DIRECTION ( 'NONE',  ( -1.000000000000000000, -0.000000000000000000, -0.000000000000000000 ) ) ;
#786 = VERTEX_POINT ( 'NONE', #4953 ) ;
#787 = EDGE_LOOP ( 'NONE', ( #1681, #3699, #3, #1653, #1132, #4585 ) ) ;
#788 = CARTESIAN_POINT ( 'NONE',  ( 74.77127860333800413, -8.000000000000001776, 9.797174393178835518E-16 ) ) ;
#789 = FACE_OUTER_BOUND ( 'NONE', #3268, .T. ) ;
#790 = EDGE_CURVE ( 'NONE', #4725, #4891, #4741, .T. ) ;
#791 = ORIENTED_EDGE ( 'NONE', *, *, #499, .T. ) ;
#792 =( LENGTH_UNIT ( ) NAMED_UNIT ( * ) SI_UNIT ( .MILLI., .METRE. ) );
#793 = SURFACE_SIDE_STYLE ('',( #4509 ) ) ;
#794 = LINE ( 'NONE', #5254, #3713 ) ;
#795 = EDGE_LOOP ( 'NONE', ( #4573, #1155, #5232, #4056 ) ) ;
#796 = DIRECTION ( 'NONE',  ( 0.000000000000000000, 1.000000000000000000, 0.000000000000000000 ) ) ;
#797 = EDGE_CURVE ( 'NONE', #170, #4385, #2346, .T. ) ;
#798 = CARTESIAN_POINT ( 'NONE',  ( 83.22872139666198166, -7.999999999999998224, 0.000000000000000000 ) ) ;
#799 = AXIS2_PLACEMENT_3D ( 'NONE', #329, #783, #4231 ) ;
#800 = DIRECTION ( 'NONE',  ( -1.000000000000000000, -1.224606353822377258E-16, -0.000000000000000000 ) ) ;
#801 = FACE_OUTER_BOUND ( 'NONE', #4602, .T. ) ;
#802 = CARTESIAN_POINT ( 'NONE',  ( -31.74999999999995737, 0.000000000000000000, 0.000000000000000000 ) ) ;
#803 = VERTEX_POINT ( 'NONE', #1063 ) ;
#804 = CARTESIAN_POINT ( 'NONE',  ( -31.74999999999995737, 9.797174393178358257E-16, -7.999999999999618083 ) ) ;
#805 = CARTESIAN_POINT ( 'NONE',  ( 10.00000000000000178, 12.00000000000000000, 0.000000000000000000 ) ) ;
#806 = CONICAL_SURFACE ( 'NONE', #5318, 8.000000000000005329, 0.9599310885968797002 ) ;
#807 = FILL_AREA_STYLE ('',( #5062 ) ) ;
#808 = AXIS2_PLACEMENT_3D ( 'NONE', #4775, #3466, #3941 ) ;
#809 = CIRCLE ( 'NONE', #4040, 8.000000000000005329 ) ;
#810 = ORIENTED_EDGE ( 'NONE', *, *, #2258, .T. ) ;
#811 = ORIENTED_EDGE ( 'NONE', *, *, #103, .T. ) ;
#812 = DIRECTION ( 'NONE',  ( -1.000000000000000000, -1.224606353822377258E-16, -0.000000000000000000 ) ) ;
#813 = CARTESIAN_POINT ( 'NONE',  ( 81.22872139666199587, 5.192786664806616592E-15, 0.000000000000000000 ) ) ;
#814 = DIRECTION ( 'NONE',  ( 0.000000000000000000, -1.000000000000000000, 0.000000000000000000 ) ) ;
#815 = ORIENTED_EDGE ( 'NONE', *, *, #1754, .F. ) ;
#816 = DIRECTION ( 'NONE',  ( -1.000000000000000000, -0.000000000000000000, -0.000000000000000000 ) ) ;
#817 = VECTOR ( 'NONE', #3637, 1000.000000000000114 ) ;
#818 = DIRECTION ( 'NONE',  ( 0.000000000000000000, 0.000000000000000000, 1.000000000000000000 ) ) ;
#819 = CARTESIAN_POINT ( 'NONE',  ( 50.77127860333800413, 5.381689200449609928E-15, 0.000000000000000000 ) ) ;
#820 = DIRECTION ( 'NONE',  ( -1.000000000000000000, -0.000000000000000000, -0.000000000000000000 ) ) ;
#821 = ORIENTED_EDGE ( 'NONE', *, *, #4145, .F. ) ;
#822 = PRESENTATION_STYLE_ASSIGNMENT (( #3345 ) ) ;
#823 = DIRECTION ( 'NONE',  ( 0.000000000000000000, 0.000000000000000000, 1.000000000000000000 ) ) ;
#824 = ORIENTED_EDGE ( 'NONE', *, *, #1423, .F. ) ;
#825 = CARTESIAN_POINT ( 'NONE',  ( 81.22872139666199587, 5.192786664806616592E-15, 0.000000000000000000 ) ) ;
#826 = VECTOR ( 'NONE', #4988, 1000.000000000000000 ) ;
#827 = EDGE_CURVE ( 'NONE', #2708, #3696, #3646, .T. ) ;
#828 = DIRECTION ( 'NONE',  ( -1.000000000000000000, -0.000000000000000000, -0.000000000000000000 ) ) ;
#829 = ORIENTED_EDGE ( 'NONE', *, *, #5482, .T. ) ;
#830 = CONICAL_SURFACE ( 'NONE', #4880, 6.898500000000005627, 0.9599310885968754814 ) ;
#831 = DIRECTION ( 'NONE',  ( 1.000000000000000000, 1.224606353822377258E-16, 0.000000000000000000 ) ) ;
#832 = AXIS2_PLACEMENT_3D ( 'NONE', #5466, #3255, #1565 ) ;
#833 = CARTESIAN_POINT ( 'NONE',  ( 68.00000000000000000, -6.898500000000000298, 9.122700168548426594E-16 ) ) ;
#834 = EDGE_CURVE ( 'NONE', #5315, #2432, #2760, .T. ) ;
#835 = CARTESIAN_POINT ( 'NONE',  ( 56.77127860333799703, 5.381689200449609928E-15, 0.000000000000000000 ) ) ;
#836 = ADVANCED_FACE ( 'NONE', ( #532 ), #3024, .T. ) ;
#837 = AXIS2_PLACEMENT_3D ( 'NONE', #584, #3616, #4917 ) ;
#838 = ORIENTED_EDGE ( 'NONE', *, *, #2199, .F. ) ;
#839 = DIRECTION ( 'NONE',  ( 0.000000000000000000, 1.000000000000000000, 0.000000000000000000 ) ) ;
#840 = VECTOR ( 'NONE', #5423, 999.9999999999998863 ) ;
#841 = DIRECTION ( 'NONE',  ( 0.000000000000000000, -1.000000000000000000, 0.000000000000000000 ) ) ;
#842 = DIRECTION ( 'NONE',  ( -1.000000000000000000, -1.224606353822377258E-16, -0.000000000000000000 ) ) ;
#843 = DIRECTION ( 'NONE',  ( -0.000000000000000000, -0.5000000000000009992, -0.8660254037844380415 ) ) ;
#844 = ORIENTED_EDGE ( 'NONE', *, *, #1588, .F. ) ;
#845 = FACE_OUTER_BOUND ( 'NONE', #3519, .T. ) ;
#846 = AXIS2_PLACEMENT_3D ( 'NONE', #3580, #3092, #475 ) ;
#847 = AXIS2_PLACEMENT_3D ( 'NONE', #319, #1217, #3343 ) ;
#848 = DIRECTION ( 'NONE',  ( -1.000000000000000000, -1.224606353822377258E-16, -0.000000000000000000 ) ) ;
#849 = DIRECTION ( 'NONE',  ( -0.000000000000000000, 0.8660254037844393737, 0.4999999999999987232 ) ) ;
#850 = CIRCLE ( 'NONE', #471, 8.000000000000005329 ) ;
#851 = EDGE_LOOP ( 'NONE', ( #2361, #1342, #243, #3382 ) ) ;
#852 = AXIS2_PLACEMENT_3D ( 'NONE', #2286, #4465, #1860 ) ;
#853 = EDGE_CURVE ( 'NONE', #133, #1307, #2017, .T. ) ;
#854 = CARTESIAN_POINT ( 'NONE',  ( -31.74999999999995737, 0.000000000000000000, 7.999999999999618083 ) ) ;
#855 = VECTOR ( 'NONE', #3334, 1000.000000000000000 ) ;
#856 = CARTESIAN_POINT ( 'NONE',  ( 47.22872139666199587, 5.192786664806616592E-15, 0.000000000000000000 ) ) ;
#857 = VERTEX_POINT ( 'NONE', #3670 ) ;
#858 = VERTEX_POINT ( 'NONE', #624 ) ;
#859 = DIRECTION ( 'NONE',  ( 0.000000000000000000, 0.4999999999999986677, -0.8660254037844392627 ) ) ;
#860 = EDGE_LOOP ( 'NONE', ( #4549, #4435, #2659, #2830, #3416 ) ) ;
#861 = CARTESIAN_POINT ( 'NONE',  ( 42.77127860333799703, 5.381689200449609928E-15, 0.000000000000000000 ) ) ;
#862 = EDGE_CURVE ( 'NONE', #4468, #673, #5352, .T. ) ;
#863 = CIRCLE ( 'NONE', #808, 6.898500000000005627 ) ;
#864 = ADVANCED_FACE ( 'NONE', ( #1825 ), #668, .T. ) ;
#865 = EDGE_LOOP ( 'NONE', ( #4673, #1303, #3029, #1541, #1340 ) ) ;
#866 = CARTESIAN_POINT ( 'NONE',  ( 84.77127860333798992, -8.000000000000001776, 9.797174393178835518E-16 ) ) ;
#867 = EDGE_CURVE ( 'NONE', #3292, #3823, #4061, .T. ) ;
#868 = ORIENTED_EDGE ( 'NONE', *, *, #5556, .F. ) ;
#869 = CARTESIAN_POINT ( 'NONE',  ( 61.22872139666199587, 8.000000000000012434, 9.797174393178835518E-16 ) ) ;
#870 = CARTESIAN_POINT ( 'NONE',  ( 8.000000000000000000, 4.082443753439855882, 7.070999999999982855 ) ) ;
#871 = CARTESIAN_POINT ( 'NONE',  ( 78.77127860333798992, 5.381689200449609928E-15, 0.000000000000000000 ) ) ;
#872 = VERTEX_POINT ( 'NONE', #3747 ) ;
#873 = DIRECTION ( 'NONE',  ( 0.5735764363510472696, 0.8191520442889909104, 0.000000000000000000 ) ) ;
#874 = LINE ( 'NONE', #5122, #1017 ) ;
#875 = ORIENTED_EDGE ( 'NONE', *, *, #1663, .T. ) ;
#876 = EDGE_CURVE ( 'NONE', #2975, #3213, #1680, .T. ) ;
#877 = VERTEX_POINT ( 'NONE', #4152 ) ;
#878 = CARTESIAN_POINT ( 'NONE',  ( 82.00000000000000000, 5.287237932628113655E-15, 0.000000000000000000 ) ) ;
#879 = AXIS2_PLACEMENT_3D ( 'NONE', #1714, #2110, #3441 ) ;
#880 = DIRECTION ( 'NONE',  ( 0.000000000000000000, -1.000000000000000000, 0.000000000000000000 ) ) ;
#881 = CARTESIAN_POINT ( 'NONE',  ( 68.77127860333798992, 5.381689200449609928E-15, 0.000000000000000000 ) ) ;
#882 = ORIENTED_EDGE ( 'NONE', *, *, #5349, .T. ) ;
#883 = VERTEX_POINT ( 'NONE', #275 ) ;
#884 = CIRCLE ( 'NONE', #5496, 8.000000000000005329 ) ;
#885 = DIRECTION ( 'NONE',  ( 0.000000000000000000, -1.000000000000000000, 0.000000000000000000 ) ) ;
#886 = AXIS2_PLACEMENT_3D ( 'NONE', #2952, #5577, #2095 ) ;
#887 = ORIENTED_EDGE ( 'NONE', *, *, #2258, .F. ) ;
#888 = CIRCLE ( 'NONE', #3190, 8.000000000000005329 ) ;
#889 = DIRECTION ( 'NONE',  ( -1.000000000000000000, -0.000000000000000000, -0.000000000000000000 ) ) ;
#890 = DIRECTION ( 'NONE',  ( 0.000000000000000000, 0.000000000000000000, 1.000000000000000000 ) ) ;
#891 = ORIENTED_EDGE ( 'NONE', *, *, #3220, .T. ) ;
#892 = LINE ( 'NONE', #1073, #1311 ) ;
#893 = ADVANCED_FACE ( 'NONE', ( #4949 ), #5480, .T. ) ;
#894 = PLANE ( 'NONE',  #4221 ) ;
#895 = EDGE_CURVE ( 'NONE', #3702, #5298, #322, .T. ) ;
#896 = DIRECTION ( 'NONE',  ( 0.000000000000000000, -1.000000000000000000, 0.000000000000000000 ) ) ;
#897 = ORIENTED_EDGE ( 'NONE', *, *, #5219, .F. ) ;
#898 = CARTESIAN_POINT ( 'NONE',  ( 54.77127860333799703, 5.381689200449609928E-15, 0.000000000000000000 ) ) ;
#899 = CYLINDRICAL_SURFACE ( 'NONE', #1600, 7.999999999999618083 ) ;
#900 = DIRECTION ( 'NONE',  ( -1.000000000000000000, -0.000000000000000000, -0.000000000000000000 ) ) ;
#901 = DIRECTION ( 'NONE',  ( -1.000000000000000000, -1.224606353822377258E-16, -0.000000000000000000 ) ) ;
#902 = EDGE_CURVE ( 'NONE', #1272, #3795, #4471, .T. ) ;
#903 = ORIENTED_EDGE ( 'NONE', *, *, #1377, .F. ) ;
#904 = CIRCLE ( 'NONE', #3149, 8.000000000000005329 ) ;
#905 = VERTEX_POINT ( 'NONE', #4563 ) ;
#906 = CARTESIAN_POINT ( 'NONE',  ( 8.000000000000000000, 0.000000000000000000, 0.000000000000000000 ) ) ;
#907 = CONICAL_SURFACE ( 'NONE', #3254, 6.898500000000005627, 0.9599310885968754814 ) ;
#908 = DIRECTION ( 'NONE',  ( -1.000000000000000000, -1.224606353822377258E-16, -0.000000000000000000 ) ) ;
#909 = EDGE_CURVE ( 'NONE', #2229, #739, #2284, .T. ) ;
#910 = AXIS2_PLACEMENT_3D ( 'NONE', #5114, #2015, #2517 ) ;
#911 = ORIENTED_EDGE ( 'NONE', *, *, #4470, .T. ) ;
#912 = DIRECTION ( 'NONE',  ( 0.000000000000000000, 0.000000000000000000, 1.000000000000000000 ) ) ;
#913 = CARTESIAN_POINT ( 'NONE',  ( 74.00000000000001421, 6.898500000000010957, 8.448225943918022600E-16 ) ) ;
#914 = EDGE_LOOP ( 'NONE', ( #2074, #5016, #4533, #1171, #3154 ) ) ;
#915 = FACE_OUTER_BOUND ( 'NONE', #1632, .T. ) ;
#916 = DIRECTION ( 'NONE',  ( 0.5735764363510472696, 0.8191520442889909104, 0.000000000000000000 ) ) ;
#917 = AXIS2_PLACEMENT_3D ( 'NONE', #4938, #132, #1031 ) ;
#918 = VECTOR ( 'NONE', #761, 1000.000000000000114 ) ;
#919 = AXIS2_PLACEMENT_3D ( 'NONE', #4417, #4898, #3516 ) ;
#920 = ORIENTED_EDGE ( 'NONE', *, *, #1350, .T. ) ;
#921 = CARTESIAN_POINT ( 'NONE',  ( -31.74999999999995737, 9.797174393178358257E-16, -7.999999999999618083 ) ) ;
#922 = ADVANCED_FACE ( 'NONE', ( #462 ), #1482, .T. ) ;
#923 = DIRECTION ( 'NONE',  ( -1.000000000000000000, -1.224606353822377258E-16, -0.000000000000000000 ) ) ;
#924 = VERTEX_POINT ( 'NONE', #1570 ) ;
#925 = ORIENTED_EDGE ( 'NONE', *, *, #4290, .F. ) ;
#926 = CARTESIAN_POINT ( 'NONE',  ( 67.22872139666199587, 5.192786664806616592E-15, 0.000000000000000000 ) ) ;
#927 = CARTESIAN_POINT ( 'NONE',  ( 64.77127860333800413, 5.381689200449609928E-15, 0.000000000000000000 ) ) ;
#928 = VERTEX_POINT ( 'NONE', #4184 ) ;
#929 = VECTOR ( 'NONE', #2281, 1000.000000000000114 ) ;
#930 = VERTEX_POINT ( 'NONE', #1172 ) ;
#931 = DIRECTION ( 'NONE',  ( 0.000000000000000000, 0.8660254037844380415, -0.5000000000000012212 ) ) ;
#932 = DIRECTION ( 'NONE',  ( 0.000000000000000000, 1.000000000000000000, 0.000000000000000000 ) ) ;
#933 = FACE_OUTER_BOUND ( 'NONE', #273, .T. ) ;
#934 = EDGE_CURVE ( 'NONE', #4197, #3971, #4807, .T. ) ;
#935 = CARTESIAN_POINT ( 'NONE',  ( -31.74999999999995737, 9.797174393178358257E-16, -7.999999999999618083 ) ) ;
#936 = ORIENTED_EDGE ( 'NONE', *, *, #2794, .T. ) ;
#937 = DIRECTION ( 'NONE',  ( -1.000000000000000000, -1.224606353822377258E-16, -0.000000000000000000 ) ) ;
#938 = VECTOR ( 'NONE', #4640, 999.9999999999998863 ) ;
#939 = ORIENTED_EDGE ( 'NONE', *, *, #862, .T. ) ;
#940 = AXIS2_PLACEMENT_3D ( 'NONE', #3003, #3505, #1290 ) ;
#941 = EDGE_CURVE ( 'NONE', #1295, #2021, #5015, .T. ) ;
#942 = DIRECTION ( 'NONE',  ( 0.000000000000000000, -1.000000000000000000, 0.000000000000000000 ) ) ;
#943 = AXIS2_PLACEMENT_3D ( 'NONE', #4582, #5452, #4529 ) ;
#944 = CONICAL_SURFACE ( 'NONE', #1438, 6.898500000000000298, 0.7853981633971152121 ) ;
#945 =( NAMED_UNIT ( * ) PLANE_ANGLE_UNIT ( ) SI_UNIT ( $, .RADIAN. ) );
#946 = CARTESIAN_POINT ( 'NONE',  ( 47.22872139666199587, -7.999999999999998224, 0.000000000000000000 ) ) ;
#947 = CIRCLE ( 'NONE', #334, 8.599999999999617728 ) ;
#948 = ORIENTED_EDGE ( 'NONE', *, *, #1850, .T. ) ;
#949 = DIRECTION ( 'NONE',  ( 0.000000000000000000, -1.000000000000000000, 0.000000000000000000 ) ) ;
#950 = ADVANCED_FACE ( 'NONE', ( #4000 ), #3429, .T. ) ;
#951 = CARTESIAN_POINT ( 'NONE',  ( 64.00000000000000000, -6.898500000000000298, 0.000000000000000000 ) ) ;
#952 = AXIS2_PLACEMENT_3D ( 'NONE', #2471, #3306, #1638 ) ;
#953 = ORIENTED_EDGE ( 'NONE', *, *, #1129, .F. ) ;
#954 = CARTESIAN_POINT ( 'NONE',  ( 65.22872139666199587, 5.192786664806616592E-15, 0.000000000000000000 ) ) ;
#955 = FACE_OUTER_BOUND ( 'NONE', #5591, .T. ) ;
#956 = AXIS2_PLACEMENT_3D ( 'NONE', #1919, #4103, #2291 ) ;
#957 = DIRECTION ( 'NONE',  ( 0.000000000000000000, -1.000000000000000000, 0.000000000000000000 ) ) ;
#958 = CARTESIAN_POINT ( 'NONE',  ( 88.77127860333800413, 5.381689200449609928E-15, 0.000000000000000000 ) ) ;
#959 = EDGE_LOOP ( 'NONE', ( #361, #5493, #456, #1314, #5253 ) ) ;
#960 = CARTESIAN_POINT ( 'NONE',  ( 75.22872139666201008, 5.192786664806616592E-15, 0.000000000000000000 ) ) ;
#961 = AXIS2_PLACEMENT_3D ( 'NONE', #2415, #5092, #2851 ) ;
#962 = EDGE_LOOP ( 'NONE', ( #1611, #1405, #891, #2149, #2680 ) ) ;
#963 = LINE ( 'NONE', #2384, #2178 ) ;
#964 = DIRECTION ( 'NONE',  ( 1.000000000000000000, 1.224606353822377258E-16, 0.000000000000000000 ) ) ;
#965 = CARTESIAN_POINT ( 'NONE',  ( 76.00000000000001421, 6.898500000000010957, 0.000000000000000000 ) ) ;
#966 = CARTESIAN_POINT ( 'NONE',  ( 67.22872139666199587, -7.999999999999998224, 0.000000000000000000 ) ) ;
#967 = DIRECTION ( 'NONE',  ( -1.000000000000000000, -1.224606353822377258E-16, -0.000000000000000000 ) ) ;
#968 = ORIENTED_EDGE ( 'NONE', *, *, #5199, .T. ) ;
#969 = DIRECTION ( 'NONE',  ( 0.000000000000000000, 1.000000000000000000, 0.000000000000000000 ) ) ;
#970 = VECTOR ( 'NONE', #4636, 1000.000000000000000 ) ;
#971 = EDGE_CURVE ( 'NONE', #1089, #2029, #726, .T. ) ;
#972 = CARTESIAN_POINT ( 'NONE',  ( 40.00000000000000000, 5.287237932628113655E-15, 0.000000000000000000 ) ) ;
#973 = CARTESIAN_POINT ( 'NONE',  ( 8.000000000000000000, 8.164887506879688672, -2.255140518769849223E-14 ) ) ;
#974 = VERTEX_POINT ( 'NONE', #4545 ) ;
#975 = CONICAL_SURFACE ( 'NONE', #2572, 6.898500000000005627, 0.9599310885968754814 ) ;
#976 = CARTESIAN_POINT ( 'NONE',  ( 50.00000000000000000, -6.898500000000000298, 0.000000000000000000 ) ) ;
#977 = CARTESIAN_POINT ( 'NONE',  ( 60.00000000000000000, 6.898500000000010957, 0.000000000000000000 ) ) ;
#978 = DIRECTION ( 'NONE',  ( -1.000000000000000000, -1.224606353822377258E-16, -0.000000000000000000 ) ) ;
#979 = EDGE_CURVE ( 'NONE', #2551, #3213, #5615, .T. ) ;
#980 = ADVANCED_FACE ( 'NONE', ( #1886 ), #2825, .T. ) ;
#981 = DIRECTION ( 'NONE',  ( 0.000000000000000000, -1.000000000000000000, 0.000000000000000000 ) ) ;
#982 = ORIENTED_EDGE ( 'NONE', *, *, #3328, .T. ) ;
#983 = FACE_OUTER_BOUND ( 'NONE', #4957, .T. ) ;
#984 = DIRECTION ( 'NONE',  ( -1.000000000000000000, -1.224606353822377258E-16, -0.000000000000000000 ) ) ;
#985 = CARTESIAN_POINT ( 'NONE',  ( 76.00000000000001421, 5.287237932628113655E-15, 0.000000000000000000 ) ) ;
#986 = CARTESIAN_POINT ( 'NONE',  ( 60.77127860333800413, 5.381689200449609928E-15, 0.000000000000000000 ) ) ;
#987 = CIRCLE ( 'NONE', #4069, 8.000000000000005329 ) ;
#988 = EDGE_CURVE ( 'NONE', #1801, #3774, #1146, .T. ) ;
#989 = ORIENTED_EDGE ( 'NONE', *, *, #3888, .T. ) ;
#990 = AXIS2_PLACEMENT_3D ( 'NONE', #881, #3919, #4349 ) ;
#991 = CARTESIAN_POINT ( 'NONE',  ( -31.74999999999995737, 0.000000000000000000, 0.000000000000000000 ) ) ;
#992 = DIRECTION ( 'NONE',  ( -1.000000000000000000, -1.224606353822377258E-16, -0.000000000000000000 ) ) ;
#993 = VECTOR ( 'NONE', #2410, 1000.000000000000000 ) ;
#994 = ORIENTED_EDGE ( 'NONE', *, *, #3510, .T. ) ;
#995 = ORIENTED_EDGE ( 'NONE', *, *, #1360, .F. ) ;
#996 = CARTESIAN_POINT ( 'NONE',  ( -0.000000000000000000, -8.164887506879685120, -3.035766082959412415E-15 ) ) ;
#997 = DIRECTION ( 'NONE',  ( 1.000000000000000000, 1.224606353822377258E-16, 0.000000000000000000 ) ) ;
#998 = CARTESIAN_POINT ( 'NONE',  ( 82.00000000000000000, -6.898500000000000298, 9.122700168548426594E-16 ) ) ;
#999 = MECHANICAL_DESIGN_GEOMETRIC_PRESENTATION_REPRESENTATION (  '', ( #1865 ), #5358 ) ;
#1000 = FACE_OUTER_BOUND ( 'NONE', #1045, .T. ) ;
#1001 = ORIENTED_EDGE ( 'NONE', *, *, #5473, .T. ) ;
#1002 = DIRECTION ( 'NONE',  ( -1.000000000000000000, -0.000000000000000000, -0.000000000000000000 ) ) ;
#1003 = CONICAL_SURFACE ( 'NONE', #3796, 8.000000000000005329, 0.9599310885968797002 ) ;
#1004 = EDGE_LOOP ( 'NONE', ( #1775, #135, #1386, #3098, #582 ) ) ;
#1005 = DIRECTION ( 'NONE',  ( -1.000000000000000000, -1.224606353822377258E-16, -0.000000000000000000 ) ) ;
#1006 = CARTESIAN_POINT ( 'NONE',  ( 45.22872139666199587, 8.000000000000012434, 9.797174393178835518E-16 ) ) ;
#1007 = EDGE_CURVE ( 'NONE', #1861, #1231, #1010, .T. ) ;
#1008 = ADVANCED_FACE ( 'NONE', ( #2621 ), #1076, .T. ) ;
#1009 = CARTESIAN_POINT ( 'NONE',  ( 8.000000000000000000, 4.082443753439855882, 7.070999999999982855 ) ) ;
#1010 = LINE ( 'NONE', #4695, #396 ) ;
#1011 = VERTEX_POINT ( 'NONE', #3335 ) ;
#1012 = CARTESIAN_POINT ( 'NONE',  ( 80.00000000000000000, 5.287237932628113655E-15, 0.000000000000000000 ) ) ;
#1013 = DIRECTION ( 'NONE',  ( 0.000000000000000000, 0.000000000000000000, 1.000000000000000000 ) ) ;
#1014 = EDGE_CURVE ( 'NONE', #5002, #5315, #4329, .T. ) ;
#1015 = ORIENTED_EDGE ( 'NONE', *, *, #4198, .T. ) ;
#1016 = ORIENTED_EDGE ( 'NONE', *, *, #2533, .T. ) ;
#1017 = VECTOR ( 'NONE', #4662, 1000.000000000000000 ) ;
#1018 = ORIENTED_EDGE ( 'NONE', *, *, #325, .F. ) ;
#1019 = DIRECTION ( 'NONE',  ( -1.000000000000000000, -1.224606353822377258E-16, -0.000000000000000000 ) ) ;
#1020 = DIRECTION ( 'NONE',  ( -1.000000000000000000, -1.224606353822377258E-16, -0.000000000000000000 ) ) ;
#1021 = VERTEX_POINT ( 'NONE', #2038 ) ;
#1022 = EDGE_LOOP ( 'NONE', ( #665, #953, #3196, #405, #4424 ) ) ;
#1023 = ORIENTED_EDGE ( 'NONE', *, *, #1967, .T. ) ;
#1024 = FACE_OUTER_BOUND ( 'NONE', #216, .T. ) ;
#1025 = EDGE_CURVE ( 'NONE', #2449, #4935, #2278, .T. ) ;
#1026 = AXIS2_PLACEMENT_3D ( 'NONE', #1793, #1366, #4387 ) ;
#1027 = FILL_AREA_STYLE_COLOUR ( '', #5409 ) ;
#1028 = CARTESIAN_POINT ( 'NONE',  ( 84.77127860333798992, 5.381689200449609928E-15, 0.000000000000000000 ) ) ;
#1029 = ORIENTED_EDGE ( 'NONE', *, *, #4006, .F. ) ;
#1030 = LINE ( 'NONE', #182, #1309 ) ;
#1031 = DIRECTION ( 'NONE',  ( 0.000000000000000000, -1.000000000000000000, 0.000000000000000000 ) ) ;
#1032 =( NAMED_UNIT ( * ) SI_UNIT ( $, .STERADIAN. ) SOLID_ANGLE_UNIT ( ) );
#1033 = AXIS2_PLACEMENT_3D ( 'NONE', #5245, #2242, #1357 ) ;
#1034 = CARTESIAN_POINT ( 'NONE',  ( 85.22872139666198166, 8.000000000000012434, 9.797174393178835518E-16 ) ) ;
#1035 = AXIS2_PLACEMENT_3D ( 'NONE', #5584, #1840, #109 ) ;
#1036 = VERTEX_POINT ( 'NONE', #1250 ) ;
#1037 = CYLINDRICAL_SURFACE ( 'NONE', #1790, 7.999999999999618083 ) ;
#1038 = CARTESIAN_POINT ( 'NONE',  ( -31.74999999999995737, 0.000000000000000000, 7.999999999999618083 ) ) ;
#1039 = UNCERTAINTY_MEASURE_WITH_UNIT (LENGTH_MEASURE( 1.000000000000000082E-05 ), #2755, 'distance_accuracy_value', 'NONE');
#1040 = ADVANCED_FACE ( 'NONE', ( #5416, #2550 ), #3391, .T. ) ;
#1041 = ORIENTED_EDGE ( 'NONE', *, *, #1202, .T. ) ;
#1042 = VECTOR ( 'NONE', #3826, 1000.000000000000000 ) ;
#1043 = AXIS2_PLACEMENT_3D ( 'NONE', #1554, #5011, #1049 ) ;
#1044 = DIRECTION ( 'NONE',  ( 0.000000000000000000, -1.000000000000000000, 1.168537730597422967E-15 ) ) ;
#1045 = EDGE_LOOP ( 'NONE', ( #5335, #198, #743, #311, #5243, #3791 ) ) ;
#1046 = DIRECTION ( 'NONE',  ( 0.000000000000000000, -1.000000000000000000, 0.000000000000000000 ) ) ;
#1047 = DIRECTION ( 'NONE',  ( 0.000000000000000000, 0.000000000000000000, -1.000000000000000000 ) ) ;
#1048 = EDGE_CURVE ( 'NONE', #2118, #66, #4593, .T. ) ;
#1049 = DIRECTION ( 'NONE',  ( 0.000000000000000000, -1.000000000000000000, 0.000000000000000000 ) ) ;
#1050 = ORIENTED_EDGE ( 'NONE', *, *, #26, .T. ) ;
#1051 = VECTOR ( 'NONE', #3582, 1000.000000000000000 ) ;
#1052 = DIRECTION ( 'NONE',  ( -1.000000000000000000, -1.224606353822377258E-16, -0.000000000000000000 ) ) ;
#1053 = CARTESIAN_POINT ( 'NONE',  ( 80.00000000000000000, -6.898500000000000298, 0.000000000000000000 ) ) ;
#1054 = VERTEX_POINT ( 'NONE', #1605 ) ;
#1055 = ORIENTED_EDGE ( 'NONE', *, *, #5009, .F. ) ;
#1056 = CIRCLE ( 'NONE', #5307, 6.898500000000005627 ) ;
#1057 = AXIS2_PLACEMENT_3D ( 'NONE', #2322, #2743, #1518 ) ;
#1058 = DIRECTION ( 'NONE',  ( 0.5735764363510474917, -0.8191520442889907994, 1.003171929053523514E-16 ) ) ;
#1059 = EDGE_CURVE ( 'NONE', #2326, #4891, #4531, .T. ) ;
#1060 = AXIS2_PLACEMENT_3D ( 'NONE', #2756, #4078, #224 ) ;
#1061 = CIRCLE ( 'NONE', #248, 6.898500000000005627 ) ;
#1062 = EDGE_LOOP ( 'NONE', ( #1346, #3461, #4178, #4484, #152, #4833 ) ) ;
#1063 = CARTESIAN_POINT ( 'NONE',  ( 72.77127860333800413, -8.000000000000001776, 9.797174393178835518E-16 ) ) ;
#1064 = DIRECTION ( 'NONE',  ( 0.000000000000000000, -1.000000000000000000, 0.000000000000000000 ) ) ;
#1065 = EDGE_CURVE ( 'NONE', #3277, #253, #1140, .T. ) ;
#1066 = CIRCLE ( 'NONE', #2698, 8.000000000000005329 ) ;
#1067 = ADVANCED_FACE ( 'NONE', ( #3364 ), #3227, .T. ) ;
#1068 = AXIS2_PLACEMENT_3D ( 'NONE', #4011, #1412, #2690 ) ;
#1069 = VERTEX_POINT ( 'NONE', #3789 ) ;
#1070 = VERTEX_POINT ( 'NONE', #788 ) ;
#1071 = DIRECTION ( 'NONE',  ( 0.000000000000000000, 1.000000000000000000, 0.000000000000000000 ) ) ;
#1072 = CIRCLE ( 'NONE', #3267, 8.000000000000005329 ) ;
#1073 = CARTESIAN_POINT ( 'NONE',  ( 40.00000000000000000, 6.898500000000010957, 8.448225943918022600E-16 ) ) ;
#1074 = ORIENTED_EDGE ( 'NONE', *, *, #2269, .F. ) ;
#1075 = AXIS2_PLACEMENT_3D ( 'NONE', #3564, #4940, #2762 ) ;
#1076 = CYLINDRICAL_SURFACE ( 'NONE', #5258, 7.999999999999618083 ) ;
#1077 = VERTEX_POINT ( 'NONE', #2459 ) ;
#1078 = DIRECTION ( 'NONE',  ( 0.000000000000000000, -1.000000000000000000, 0.000000000000000000 ) ) ;
#1079 = DIRECTION ( 'NONE',  ( 0.000000000000000000, -1.000000000000000000, 0.000000000000000000 ) ) ;
#1080 = DIRECTION ( 'NONE',  ( 0.000000000000000000, 0.000000000000000000, 1.000000000000000000 ) ) ;
#1081 = ORIENTED_EDGE ( 'NONE', *, *, #3356, .T. ) ;
#1082 = FACE_OUTER_BOUND ( 'NONE', #5451, .T. ) ;
#1083 = EDGE_CURVE ( 'NONE', #4015, #3001, #3291, .T. ) ;
#1084 = ORIENTED_EDGE ( 'NONE', *, *, #4243, .T. ) ;
#1085 = DIRECTION ( 'NONE',  ( -1.000000000000000000, -0.000000000000000000, -0.000000000000000000 ) ) ;
#1086 = FACE_OUTER_BOUND ( 'NONE', #3893, .T. ) ;
#1087 = CARTESIAN_POINT ( 'NONE',  ( 0.000000000000000000, 4.082443753439834566, -7.071000000000018382 ) ) ;
#1088 = FACE_OUTER_BOUND ( 'NONE', #3690, .T. ) ;
#1089 = VERTEX_POINT ( 'NONE', #2542 ) ;
#1090 = DIRECTION ( 'NONE',  ( -1.000000000000000000, -1.224606353822377258E-16, -0.000000000000000000 ) ) ;
#1091 = EDGE_CURVE ( 'NONE', #4313, #4904, #3578, .T. ) ;
#1092 = EDGE_LOOP ( 'NONE', ( #119, #679, #4883, #4657, #53 ) ) ;
#1093 = CONICAL_SURFACE ( 'NONE', #3863, 8.000000000000005329, 0.9599310885968797002 ) ;
#1094 = ADVANCED_FACE ( 'NONE', ( #933 ), #1003, .T. ) ;
#1095 = CARTESIAN_POINT ( 'NONE',  ( 90.00000000000000000, 9.122700168548187963E-16, -6.898500000000000298 ) ) ;
#1096 = EDGE_CURVE ( 'NONE', #5002, #5523, #1953, .T. ) ;
#1097 = ORIENTED_EDGE ( 'NONE', *, *, #5340, .F. ) ;
#1098 = CIRCLE ( 'NONE', #5528, 8.000000000000005329 ) ;
#1099 = AXIS2_PLACEMENT_3D ( 'NONE', #1324, #2973, #5230 ) ;
#1100 = DIRECTION ( 'NONE',  ( 0.000000000000000000, -1.000000000000000000, 0.000000000000000000 ) ) ;
#1101 = DIRECTION ( 'NONE',  ( 0.000000000000000000, -1.000000000000000000, 0.000000000000000000 ) ) ;
#1102 = ORIENTED_EDGE ( 'NONE', *, *, #5278, .T. ) ;
#1103 = VECTOR ( 'NONE', #255, 1000.000000000000000 ) ;
#1104 = CARTESIAN_POINT ( 'NONE',  ( 76.77127860333800413, -8.000000000000001776, 9.797174393178835518E-16 ) ) ;
#1105 = AXIS2_PLACEMENT_3D ( 'NONE', #431, #848, #1293 ) ;
#1106 = DIRECTION ( 'NONE',  ( 1.000000000000000000, 1.224606353822377258E-16, 0.000000000000000000 ) ) ;
#1107 = CARTESIAN_POINT ( 'NONE',  ( 58.77127860333800413, 5.381689200449609928E-15, 0.000000000000000000 ) ) ;
#1108 = DIRECTION ( 'NONE',  ( 0.000000000000000000, -1.000000000000000000, 0.000000000000000000 ) ) ;
#1109 = ORIENTED_EDGE ( 'NONE', *, *, #4672, .T. ) ;
#1110 = EDGE_LOOP ( 'NONE', ( #4919, #2782, #1496, #5261, #3986 ) ) ;
#1111 = CIRCLE ( 'NONE', #4950, 8.000000000000005329 ) ;
#1112 = EDGE_CURVE ( 'NONE', #4701, #5345, #863, .T. ) ;
#1113 = DIRECTION ( 'NONE',  ( 0.000000000000000000, -1.000000000000000000, 0.000000000000000000 ) ) ;
#1114 = DIRECTION ( 'NONE',  ( -1.000000000000000000, -1.224606353822377258E-16, -0.000000000000000000 ) ) ;
#1115 = EDGE_LOOP ( 'NONE', ( #4730, #1516, #4630, #3070, #1556 ) ) ;
#1116 = ORIENTED_EDGE ( 'NONE', *, *, #5044, .F. ) ;
#1117 = CARTESIAN_POINT ( 'NONE',  ( -31.74999999999995737, 0.000000000000000000, 7.999999999999618083 ) ) ;
#1118 = VECTOR ( 'NONE', #2832, 1000.000000000000000 ) ;
#1119 = EDGE_CURVE ( 'NONE', #3456, #533, #2012, .T. ) ;
#1120 = DIRECTION ( 'NONE',  ( -1.000000000000000000, -1.224606353822377258E-16, -0.000000000000000000 ) ) ;
#1121 = CIRCLE ( 'NONE', #2677, 8.000000000000005329 ) ;
#1122 = ORIENTED_EDGE ( 'NONE', *, *, #3371, .T. ) ;
#1123 = CARTESIAN_POINT ( 'NONE',  ( 60.77127860333800413, -8.000000000000000000, 9.797174393178833546E-16 ) ) ;
#1124 = AXIS2_PLACEMENT_3D ( 'NONE', #1183, #2499, #2950 ) ;
#1125 = CARTESIAN_POINT ( 'NONE',  ( 73.22872139666201008, -7.999999999999998224, 0.000000000000000000 ) ) ;
#1126 = ORIENTED_EDGE ( 'NONE', *, *, #3915, .F. ) ;
#1127 = EDGE_LOOP ( 'NONE', ( #3663, #3006, #2591, #844, #5194 ) ) ;
#1128 = CYLINDRICAL_SURFACE ( 'NONE', #1334, 7.999999999999618083 ) ;
#1129 = EDGE_CURVE ( 'NONE', #3918, #4313, #4256, .T. ) ;
#1130 = VERTEX_POINT ( 'NONE', #3053 ) ;
#1131 = ORIENTED_EDGE ( 'NONE', *, *, #370, .T. ) ;
#1132 = ORIENTED_EDGE ( 'NONE', *, *, #3630, .F. ) ;
#1133 = MECHANICAL_DESIGN_GEOMETRIC_PRESENTATION_REPRESENTATION (  '', ( #3074 ), #1424 ) ;
#1134 = DIRECTION ( 'NONE',  ( 0.000000000000000000, 0.000000000000000000, 1.000000000000000000 ) ) ;
#1135 = VERTEX_POINT ( 'NONE', #2615 ) ;
#1136 = DIRECTION ( 'NONE',  ( 0.000000000000000000, 1.000000000000000000, 0.000000000000000000 ) ) ;
#1137 = DIRECTION ( 'NONE',  ( -1.000000000000000000, -1.224606353822377258E-16, -0.000000000000000000 ) ) ;
#1138 = AXIS2_PLACEMENT_3D ( 'NONE', #1803, #964, #4021 ) ;
#1139 = AXIS2_PLACEMENT_3D ( 'NONE', #136, #4041, #1862 ) ;
#1140 = LINE ( 'NONE', #5077, #3090 ) ;
#1141 = ORIENTED_EDGE ( 'NONE', *, *, #2720, .T. ) ;
#1142 = CARTESIAN_POINT ( 'NONE',  ( 71.22872139666201008, 8.000000000000012434, 9.797174393178835518E-16 ) ) ;
#1143 = CARTESIAN_POINT ( 'NONE',  ( 48.77127860333799703, 5.381689200449609928E-15, 0.000000000000000000 ) ) ;
#1144 = DIRECTION ( 'NONE',  ( -1.000000000000000000, -1.224606353822377258E-16, -0.000000000000000000 ) ) ;
#1145 = STYLED_ITEM ( 'NONE', ( #2337 ), #1783 ) ;
#1146 = CIRCLE ( 'NONE', #3408, 8.000000000000005329 ) ;
#1147 = EDGE_LOOP ( 'NONE', ( #2566, #5503, #3359, #2735, #1263 ) ) ;
#1148 = ORIENTED_EDGE ( 'NONE', *, *, #3393, .T. ) ;
#1149 = DIRECTION ( 'NONE',  ( -1.000000000000000000, -1.224606353822377258E-16, -0.000000000000000000 ) ) ;
#1150 = CIRCLE ( 'NONE', #3444, 8.000000000000005329 ) ;
#1151 = EDGE_LOOP ( 'NONE', ( #2645, #101, #5200 ) ) ;
#1152 = CARTESIAN_POINT ( 'NONE',  ( 42.00000000000000000, -6.898500000000000298, 9.122700168548426594E-16 ) ) ;
#1153 = CARTESIAN_POINT ( 'NONE',  ( 52.77127860333799703, 5.381689200449609928E-15, 0.000000000000000000 ) ) ;
#1154 = EDGE_CURVE ( 'NONE', #4786, #3867, #5344, .T. ) ;
#1155 = ORIENTED_EDGE ( 'NONE', *, *, #5308, .T. ) ;
#1156 = EDGE_LOOP ( 'NONE', ( #2299, #5082, #3314, #3423, #4478, #5046 ) ) ;
#1157 = ORIENTED_EDGE ( 'NONE', *, *, #3706, .T. ) ;
#1158 = VECTOR ( 'NONE', #916, 1000.000000000000000 ) ;
#1159 = SURFACE_SIDE_STYLE ('',( #3438 ) ) ;
#1160 = CARTESIAN_POINT ( 'NONE',  ( 73.22872139666201008, 5.192786664806616592E-15, 0.000000000000000000 ) ) ;
#1161 = ORIENTED_EDGE ( 'NONE', *, *, #189, .F. ) ;
#1162 = CIRCLE ( 'NONE', #3483, 8.000000000000005329 ) ;
#1163 = EDGE_CURVE ( 'NONE', #1976, #3911, #794, .T. ) ;
#1164 = DIRECTION ( 'NONE',  ( -1.000000000000000000, -1.224606353822377258E-16, -0.000000000000000000 ) ) ;
#1165 = ORIENTED_EDGE ( 'NONE', *, *, #1360, .T. ) ;
#1166 = VECTOR ( 'NONE', #63, 1000.000000000000000 ) ;
#1167 = DIRECTION ( 'NONE',  ( 0.000000000000000000, 1.000000000000000000, 0.000000000000000000 ) ) ;
#1168 = EDGE_CURVE ( 'NONE', #2387, #5402, #5472, .T. ) ;
#1170 = CARTESIAN_POINT ( 'NONE',  ( 43.22872139666199587, 5.192786664806616592E-15, 0.000000000000000000 ) ) ;
#1169 = MECHANICAL_DESIGN_GEOMETRIC_PRESENTATION_REPRESENTATION (  '', ( #1249 ), #5059 ) ;
#1171 = ORIENTED_EDGE ( 'NONE', *, *, #482, .F. ) ;
#1172 = CARTESIAN_POINT ( 'NONE',  ( 40.00000000000000000, -6.898500000000000298, 9.122700168548426594E-16 ) ) ;
#1173 = CIRCLE ( 'NONE', #2536, 8.000000000000005329 ) ;
#1174 = ADVANCED_FACE ( 'NONE', ( #2953 ), #2089, .T. ) ;
#1175 = ORIENTED_EDGE ( 'NONE', *, *, #867, .F. ) ;
#1176 = CIRCLE ( 'NONE', #360, 8.000000000000005329 ) ;
#1177 = AXIS2_PLACEMENT_3D ( 'NONE', #4985, #3683, #4505 ) ;
#1178 = DIRECTION ( 'NONE',  ( -1.000000000000000000, -1.224606353822377258E-16, -0.000000000000000000 ) ) ;
#1179 = CARTESIAN_POINT ( 'NONE',  ( 42.77127860333799703, 9.797174393176222416E-16, -8.000000000000005329 ) ) ;
#1180 = ORIENTED_EDGE ( 'NONE', *, *, #406, .T. ) ;
#1181 = CYLINDRICAL_SURFACE ( 'NONE', #148, 7.999999999999618083 ) ;
#1182 = CARTESIAN_POINT ( 'NONE',  ( -31.74999999999995737, 0.000000000000000000, 7.999999999999618083 ) ) ;
#1183 = CARTESIAN_POINT ( 'NONE',  ( 76.77127860333800413, 5.381689200449609928E-15, 0.000000000000000000 ) ) ;
#1184 = VERTEX_POINT ( 'NONE', #5234 ) ;
#1185 = EDGE_CURVE ( 'NONE', #2551, #4257, #3426, .T. ) ;
#1186 = CARTESIAN_POINT ( 'NONE',  ( 8.000000000000000000, -4.082443753439832790, 7.070999999999992625 ) ) ;
#1187 = CONICAL_SURFACE ( 'NONE', #4690, 6.898500000000005627, 0.9599310885968754814 ) ;
#1188 = DIRECTION ( 'NONE',  ( -1.000000000000000000, -1.224606353822377258E-16, -0.000000000000000000 ) ) ;
#1189 = CARTESIAN_POINT ( 'NONE',  ( 46.77127860333799703, -2.611561004589091817E-28, 8.000000000000005329 ) ) ;
#1190 = VECTOR ( 'NONE', #2477, 1000.000000000000000 ) ;
#1191 = VERTEX_POINT ( 'NONE', #4333 ) ;
#1192 = EDGE_CURVE ( 'NONE', #4904, #4197, #5284, .T. ) ;
#1193 = DIRECTION ( 'NONE',  ( 0.000000000000000000, 1.000000000000000000, -1.168537730597422967E-15 ) ) ;
#1194 = CARTESIAN_POINT ( 'NONE',  ( -31.74999999999995737, 9.797174393178358257E-16, -7.999999999999618083 ) ) ;
#1195 = CARTESIAN_POINT ( 'NONE',  ( 56.77127860333799703, 5.381689200449609928E-15, 0.000000000000000000 ) ) ;
#1196 = CARTESIAN_POINT ( 'NONE',  ( 80.00000000000000000, 6.898500000000010957, 8.448225943918022600E-16 ) ) ;
#1197 = CARTESIAN_POINT ( 'NONE',  ( 8.000000000000000000, 4.082443753439855882, 7.070999999999982855 ) ) ;
#1198 = ORIENTED_EDGE ( 'NONE', *, *, #4381, .T. ) ;
#1199 = ORIENTED_EDGE ( 'NONE', *, *, #2199, .T. ) ;
#1200 = CARTESIAN_POINT ( 'NONE',  ( -31.74999999999995737, 0.000000000000000000, 0.000000000000000000 ) ) ;
#1201 = DIRECTION ( 'NONE',  ( 0.000000000000000000, 0.000000000000000000, 1.000000000000000000 ) ) ;
#1202 = EDGE_CURVE ( 'NONE', #5309, #1567, #5147, .T. ) ;
#1203 = VECTOR ( 'NONE', #5590, 999.9999999999998863 ) ;
#1204 = AXIS2_PLACEMENT_3D ( 'NONE', #4774, #3443, #4294 ) ;
#1205 = EDGE_LOOP ( 'NONE', ( #4598, #558, #2294, #2754, #1341 ) ) ;
#1206 = CARTESIAN_POINT ( 'NONE',  ( 44.00000000000000000, 5.287237932628113655E-15, 0.000000000000000000 ) ) ;
#1207 = DIRECTION ( 'NONE',  ( -1.000000000000000000, -0.000000000000000000, -0.000000000000000000 ) ) ;
#1208 = DIRECTION ( 'NONE',  ( 0.000000000000000000, -1.000000000000000000, 0.000000000000000000 ) ) ;
#1209 = FACE_OUTER_BOUND ( 'NONE', #3525, .T. ) ;
#1210 = VERTEX_POINT ( 'NONE', #4351 ) ;
#1211 = DIRECTION ( 'NONE',  ( -1.000000000000000000, -0.000000000000000000, -0.000000000000000000 ) ) ;
#1212 = MECHANICAL_DESIGN_GEOMETRIC_PRESENTATION_REPRESENTATION (  '', ( #3338 ), #2656 ) ;
#1213 = AXIS2_PLACEMENT_3D ( 'NONE', #1955, #4623, #228 ) ;
#1214 = LINE ( 'NONE', #3891, #3234 ) ;
#1215 = ORIENTED_EDGE ( 'NONE', *, *, #2714, .T. ) ;
#1216 = CARTESIAN_POINT ( 'NONE',  ( 72.77127860333800413, 5.381689200449609928E-15, 0.000000000000000000 ) ) ;
#1217 = DIRECTION ( 'NONE',  ( -1.000000000000000000, -0.000000000000000000, -0.000000000000000000 ) ) ;
#1218 = DIRECTION ( 'NONE',  ( 0.5735764363510474917, -0.8191520442889907994, 1.003171929053523514E-16 ) ) ;
#1219 = LINE ( 'NONE', #1987, #5427 ) ;
#1220 = VERTEX_POINT ( 'NONE', #1780 ) ;
#1221 = LINE ( 'NONE', #4603, #3037 ) ;
#1222 = ORIENTED_EDGE ( 'NONE', *, *, #4799, .F. ) ;
#1223 = DIRECTION ( 'NONE',  ( -1.000000000000000000, -1.224606353822377258E-16, -0.000000000000000000 ) ) ;
#1224 = CARTESIAN_POINT ( 'NONE',  ( 88.77127860333800413, 8.000000000000010658, 0.000000000000000000 ) ) ;
#1225 = EDGE_LOOP ( 'NONE', ( #3439, #465, #4494, #5156, #3901, #2109 ) ) ;
#1226 = VECTOR ( 'NONE', #4912, 1000.000000000000000 ) ;
#1227 = CARTESIAN_POINT ( 'NONE',  ( 50.77127860333800413, 5.381689200449609928E-15, 0.000000000000000000 ) ) ;
#1228 = EDGE_CURVE ( 'NONE', #4324, #130, #719, .T. ) ;
#1229 = DIRECTION ( 'NONE',  ( -1.000000000000000000, -0.000000000000000000, -0.000000000000000000 ) ) ;
#1230 = ADVANCED_FACE ( 'NONE', ( #2819 ), #1677, .T. ) ;
#1231 = VERTEX_POINT ( 'NONE', #1798 ) ;
#1232 = CIRCLE ( 'NONE', #4801, 8.000000000000005329 ) ;
#1233 = DIRECTION ( 'NONE',  ( -1.000000000000000000, -1.224606353822377258E-16, -0.000000000000000000 ) ) ;
#1234 = CARTESIAN_POINT ( 'NONE',  ( 40.00000000000000000, 5.287237932628113655E-15, 0.000000000000000000 ) ) ;
#1235 = AXIS2_PLACEMENT_3D ( 'NONE', #5559, #2124, #2454 ) ;
#1236 = DIRECTION ( 'NONE',  ( 0.000000000000000000, -1.000000000000000000, 0.000000000000000000 ) ) ;
#1237 = EDGE_CURVE ( 'NONE', #1943, #1021, #3160, .T. ) ;
#1238 = DIRECTION ( 'NONE',  ( 0.000000000000000000, -1.000000000000000000, 0.000000000000000000 ) ) ;
#1239 = ORIENTED_EDGE ( 'NONE', *, *, #3246, .T. ) ;
#1240 = VECTOR ( 'NONE', #27, 999.9999999999998863 ) ;
#1241 = AXIS2_PLACEMENT_3D ( 'NONE', #2704, #2259, #3276 ) ;
#1242 = DIRECTION ( 'NONE',  ( 1.000000000000000000, 1.224606353822377258E-16, 0.000000000000000000 ) ) ;
#1243 = DIRECTION ( 'NONE',  ( -1.000000000000000000, -0.000000000000000000, -0.000000000000000000 ) ) ;
#1244 = ORIENTED_EDGE ( 'NONE', *, *, #2060, .T. ) ;
#1245 = CARTESIAN_POINT ( 'NONE',  ( 77.22872139666199587, 5.192786664806616592E-15, 0.000000000000000000 ) ) ;
#1246 = LINE ( 'NONE', #3865, #4026 ) ;
#1247 = DIRECTION ( 'NONE',  ( 0.000000000000000000, 0.000000000000000000, 1.000000000000000000 ) ) ;
#1248 = AXIS2_PLACEMENT_3D ( 'NONE', #2870, #284, #2908 ) ;
#1249 = STYLED_ITEM ( 'NONE', ( #822 ), #4557 ) ;
#1250 = CARTESIAN_POINT ( 'NONE',  ( 84.77127860333798992, 9.797174393176222416E-16, -8.000000000000005329 ) ) ;
#1251 = ORIENTED_EDGE ( 'NONE', *, *, #3138, .T. ) ;
#1252 = DIRECTION ( 'NONE',  ( -1.000000000000000000, -1.224606353822377258E-16, -0.000000000000000000 ) ) ;
#1253 = VECTOR ( 'NONE', #568, 1000.000000000000000 ) ;
#1254 = EDGE_LOOP ( 'NONE', ( #1618, #2788, #4731, #1441, #5422, #4795 ) ) ;
#1255 = PRESENTATION_LAYER_ASSIGNMENT (  '', '', ( #2801 ) ) ;
#1256 = DIRECTION ( 'NONE',  ( 0.000000000000000000, -1.000000000000000000, 0.000000000000000000 ) ) ;
#1257 = DIRECTION ( 'NONE',  ( 0.000000000000000000, 1.000000000000000000, -1.168537730597422967E-15 ) ) ;
#1258 = DIRECTION ( 'NONE',  ( 0.000000000000000000, -1.000000000000000000, 0.000000000000000000 ) ) ;
#1259 = CIRCLE ( 'NONE', #3853, 8.000000000000005329 ) ;
#1260 = CARTESIAN_POINT ( 'NONE',  ( 71.22872139666201008, 9.797174393176315108E-16, -8.000000000000005329 ) ) ;
#1261 = DIRECTION ( 'NONE',  ( -1.000000000000000000, -0.000000000000000000, -0.000000000000000000 ) ) ;
#1262 = CIRCLE ( 'NONE', #2350, 8.000000000000005329 ) ;
#1263 = ORIENTED_EDGE ( 'NONE', *, *, #834, .F. ) ;
#1264 = CARTESIAN_POINT ( 'NONE',  ( 80.77127860333798992, -8.000000000000000000, 9.797174393178833546E-16 ) ) ;
#1265 = DIRECTION ( 'NONE',  ( 0.000000000000000000, 0.000000000000000000, 1.000000000000000000 ) ) ;
#1266 = EDGE_CURVE ( 'NONE', #2417, #3624, #2213, .T. ) ;
#1267 = DIRECTION ( 'NONE',  ( -1.000000000000000000, -0.000000000000000000, -0.000000000000000000 ) ) ;
#1268 = CARTESIAN_POINT ( 'NONE',  ( 8.000000000000000000, 4.082443753439855882, 7.070999999999982855 ) ) ;
#1269 = VECTOR ( 'NONE', #4147, 1000.000000000000000 ) ;
#1270 = EDGE_LOOP ( 'NONE', ( #4218, #1581, #4726, #4149, #4292 ) ) ;
#1271 = ORIENTED_EDGE ( 'NONE', *, *, #3173, .F. ) ;
#1272 = VERTEX_POINT ( 'NONE', #102 ) ;
#1273 = DIRECTION ( 'NONE',  ( -1.000000000000000000, -1.224606353822377258E-16, -0.000000000000000000 ) ) ;
#1274 = ADVANCED_FACE ( 'NONE', ( #4736 ), #3017, .T. ) ;
#1275 = DIRECTION ( 'NONE',  ( 0.000000000000000000, -1.000000000000000000, 0.000000000000000000 ) ) ;
#1276 = VECTOR ( 'NONE', #269, 1000.000000000000000 ) ;
#1277 = EDGE_CURVE ( 'NONE', #1069, #3124, #3996, .T. ) ;
#1278 = ORIENTED_EDGE ( 'NONE', *, *, #5301, .T. ) ;
#1279 = CARTESIAN_POINT ( 'NONE',  ( 8.000000000000000000, -4.082443753439832790, 7.070999999999992625 ) ) ;
#1280 = DIRECTION ( 'NONE',  ( -1.000000000000000000, -1.224606353822377258E-16, -0.000000000000000000 ) ) ;
#1281 = ORIENTED_EDGE ( 'NONE', *, *, #2845, .F. ) ;
#1282 = DIRECTION ( 'NONE',  ( -1.000000000000000000, -1.224606353822377258E-16, -0.000000000000000000 ) ) ;
#1283 = VECTOR ( 'NONE', #2056, 1000.000000000000114 ) ;
#1284 = ORIENTED_EDGE ( 'NONE', *, *, #546, .F. ) ;
#1285 = DIRECTION ( 'NONE',  ( -1.000000000000000000, -1.224606353822377258E-16, -0.000000000000000000 ) ) ;
#1286 = DIRECTION ( 'NONE',  ( 0.000000000000000000, -1.000000000000000000, 0.000000000000000000 ) ) ;
#1287 = EDGE_CURVE ( 'NONE', #3552, #2878, #5543, .T. ) ;
#1288 = CARTESIAN_POINT ( 'NONE',  ( 81.22872139666199587, 8.000000000000012434, 9.797174393178835518E-16 ) ) ;
#1289 = AXIS2_PLACEMENT_3D ( 'NONE', #4110, #3256, #3272 ) ;
#1290 = DIRECTION ( 'NONE',  ( 0.000000000000000000, -1.000000000000000000, 0.000000000000000000 ) ) ;
#1291 = LINE ( 'NONE', #4375, #2699 ) ;
#1292 = ORIENTED_EDGE ( 'NONE', *, *, #2444, .F. ) ;
#1293 = DIRECTION ( 'NONE',  ( 0.000000000000000000, -1.000000000000000000, 0.000000000000000000 ) ) ;
#1294 = VERTEX_POINT ( 'NONE', #4892 ) ;
#1295 = VERTEX_POINT ( 'NONE', #1814 ) ;
#1296 = CARTESIAN_POINT ( 'NONE',  ( 40.77127860333799703, 5.381689200449609928E-15, 0.000000000000000000 ) ) ;
#1297 = AXIS2_PLACEMENT_3D ( 'NONE', #1949, #2824, #5115 ) ;
#1298 = VECTOR ( 'NONE', #1257, 1000.000000000000000 ) ;
#1299 = ORIENTED_EDGE ( 'NONE', *, *, #4426, .T. ) ;
#1300 = ORIENTED_EDGE ( 'NONE', *, *, #5050, .F. ) ;
#1301 = CARTESIAN_POINT ( 'NONE',  ( 64.00000000000000000, -6.898500000000000298, 9.122700168548426594E-16 ) ) ;
#1302 = ORIENTED_EDGE ( 'NONE', *, *, #2744, .F. ) ;
#1303 = ORIENTED_EDGE ( 'NONE', *, *, #1277, .T. ) ;
#1304 = VECTOR ( 'NONE', #4862, 999.9999999999998863 ) ;
#1305 = ADVANCED_FACE ( 'NONE', ( #2408 ), #4187, .T. ) ;
#1306 = EDGE_CURVE ( 'NONE', #203, #4251, #1880, .T. ) ;
#1307 = VERTEX_POINT ( 'NONE', #4388 ) ;
#1308 = DIRECTION ( 'NONE',  ( -1.000000000000000000, -1.224606353822377258E-16, -0.000000000000000000 ) ) ;
#1309 = VECTOR ( 'NONE', #2297, 1000.000000000000000 ) ;
#1310 = VERTEX_POINT ( 'NONE', #82 ) ;
#1311 = VECTOR ( 'NONE', #1882, 999.9999999999998863 ) ;
#1312 = EDGE_CURVE ( 'NONE', #1220, #5005, #117, .T. ) ;
#1313 =( LENGTH_UNIT ( ) NAMED_UNIT ( * ) SI_UNIT ( .MILLI., .METRE. ) );
#1314 = ORIENTED_EDGE ( 'NONE', *, *, #2193, .T. ) ;
#1315 = CYLINDRICAL_SURFACE ( 'NONE', #4291, 7.999999999999618083 ) ;
#1316 = DIRECTION ( 'NONE',  ( -1.000000000000000000, -1.224606353822377258E-16, -0.000000000000000000 ) ) ;
#1317 = EDGE_CURVE ( 'NONE', #1130, #5282, #4322, .T. ) ;
#1318 = AXIS2_PLACEMENT_3D ( 'NONE', #3642, #1487, #594 ) ;
#1319 = ORIENTED_EDGE ( 'NONE', *, *, #782, .T. ) ;
#1320 = FACE_OUTER_BOUND ( 'NONE', #244, .T. ) ;
#1321 = FILL_AREA_STYLE_COLOUR ( '', #4654 ) ;
#1322 = DIRECTION ( 'NONE',  ( -1.000000000000000000, -1.224606353822377258E-16, -0.000000000000000000 ) ) ;
#1323 = DIRECTION ( 'NONE',  ( -1.000000000000000000, -1.224606353822377258E-16, -0.000000000000000000 ) ) ;
#1324 = CARTESIAN_POINT ( 'NONE',  ( -31.74999999999995737, 0.000000000000000000, 0.000000000000000000 ) ) ;
#1325 = ORIENTED_EDGE ( 'NONE', *, *, #4832, .T. ) ;
#1326 = FACE_OUTER_BOUND ( 'NONE', #1877, .T. ) ;
#1327 = AXIS2_PLACEMENT_3D ( 'NONE', #2688, #3523, #2626 ) ;
#1328 =( GEOMETRIC_REPRESENTATION_CONTEXT ( 3 ) GLOBAL_UNCERTAINTY_ASSIGNED_CONTEXT ( ( #1039 ) ) GLOBAL_UNIT_ASSIGNED_CONTEXT ( ( #2755, #640, #5369 ) ) REPRESENTATION_CONTEXT ( 'NONE', 'WORKASPACE' ) );
#1329 = DIRECTION ( 'NONE',  ( -1.000000000000000000, -0.000000000000000000, -0.000000000000000000 ) ) ;
#1330 = ADVANCED_FACE ( 'NONE', ( #2882 ), #526, .T. ) ;
#1331 = ORIENTED_EDGE ( 'NONE', *, *, #4679, .T. ) ;
#1332 = ORIENTED_EDGE ( 'NONE', *, *, #979, .F. ) ;
#1333 = VECTOR ( 'NONE', #1903, 1000.000000000000000 ) ;
#1334 = AXIS2_PLACEMENT_3D ( 'NONE', #348, #785, #2518 ) ;
#1335 = CARTESIAN_POINT ( 'NONE',  ( 8.000000000000000000, 8.164887506879688672, -2.255140518769849223E-14 ) ) ;
#1336 = DIRECTION ( 'NONE',  ( 0.000000000000000000, 1.000000000000000000, 0.000000000000000000 ) ) ;
#1337 = DIRECTION ( 'NONE',  ( -1.000000000000000000, -1.224606353822377258E-16, -0.000000000000000000 ) ) ;
#1338 = CONICAL_SURFACE ( 'NONE', #4628, 8.000000000000005329, 0.9599310885968797002 ) ;
#1339 = EDGE_LOOP ( 'NONE', ( #716, #2567, #1572, #3904, #2425, #1126 ) ) ;
#1340 = ORIENTED_EDGE ( 'NONE', *, *, #5199, .F. ) ;
#1341 = ORIENTED_EDGE ( 'NONE', *, *, #3097, .F. ) ;
#1342 = ORIENTED_EDGE ( 'NONE', *, *, #2490, .F. ) ;
#1343 = EDGE_CURVE ( 'NONE', #1944, #1852, #664, .T. ) ;
#1344 = CARTESIAN_POINT ( 'NONE',  ( -31.74999999999995737, 9.797174393178358257E-16, -7.999999999999618083 ) ) ;
#1345 = VECTOR ( 'NONE', #324, 1000.000000000000000 ) ;
#1346 = ORIENTED_EDGE ( 'NONE', *, *, #689, .T. ) ;
#1347 = DIRECTION ( 'NONE',  ( 0.000000000000000000, 0.000000000000000000, 1.000000000000000000 ) ) ;
#1348 = DIRECTION ( 'NONE',  ( -1.000000000000000000, -1.224606353822377258E-16, -0.000000000000000000 ) ) ;
#1349 = AXIS2_PLACEMENT_3D ( 'NONE', #211, #2363, #613 ) ;
#1350 = EDGE_CURVE ( 'NONE', #1530, #1954, #251, .T. ) ;
#1352 = DIRECTION ( 'NONE',  ( 0.000000000000000000, -1.000000000000000000, 0.000000000000000000 ) ) ;
#1351 = PRESENTATION_LAYER_ASSIGNMENT (  '', '', ( #1819 ) ) ;
#1353 = EDGE_LOOP ( 'NONE', ( #4853, #2940, #1645, #1498, #3651 ) ) ;
#1354 = CARTESIAN_POINT ( 'NONE',  ( 73.22872139666201008, -2.511412647480955552E-28, 8.000000000000005329 ) ) ;
#1355 = ADVANCED_FACE ( 'NONE', ( #4394 ), #392, .T. ) ;
#1356 = ORIENTED_EDGE ( 'NONE', *, *, #4022, .F. ) ;
#1357 = DIRECTION ( 'NONE',  ( 0.000000000000000000, -1.000000000000000000, 0.000000000000000000 ) ) ;
#1358 = COLOUR_RGB ( '',0.7764705882352941346, 0.7568627450980391913, 0.7372549019607843590 ) ;
#1359 = VERTEX_POINT ( 'NONE', #3085 ) ;
#1360 = EDGE_CURVE ( 'NONE', #2874, #3812, #3857, .T. ) ;
#1361 = CARTESIAN_POINT ( 'NONE',  ( 75.22872139666201008, 8.000000000000012434, 9.797174393178835518E-16 ) ) ;
#1362 = AXIS2_PLACEMENT_3D ( 'NONE', #1206, #3101, #1108 ) ;
#1363 = DIRECTION ( 'NONE',  ( 0.000000000000000000, 0.000000000000000000, 1.000000000000000000 ) ) ;
#1364 = ORIENTED_EDGE ( 'NONE', *, *, #1917, .T. ) ;
#1366 = DIRECTION ( 'NONE',  ( -1.000000000000000000, -0.000000000000000000, -0.000000000000000000 ) ) ;
#1365 = CIRCLE ( 'NONE', #4444, 8.000000000000005329 ) ;
#1367 = FACE_OUTER_BOUND ( 'NONE', #516, .T. ) ;
#1368 = ORIENTED_EDGE ( 'NONE', *, *, #3814, .T. ) ;
#1369 = DIRECTION ( 'NONE',  ( 0.000000000000000000, -1.000000000000000000, 0.000000000000000000 ) ) ;
#1370 = CARTESIAN_POINT ( 'NONE',  ( -31.74999999999995737, 9.797174393178358257E-16, -7.999999999999618083 ) ) ;
#1371 = AXIS2_PLACEMENT_3D ( 'NONE', #4878, #1857, #150 ) ;
#1372 = EDGE_LOOP ( 'NONE', ( #1713, #3513, #2285, #3340, #1562, #2084 ) ) ;
#1373 = FACE_OUTER_BOUND ( 'NONE', #2622, .T. ) ;
#1374 = CARTESIAN_POINT ( 'NONE',  ( 80.00000000000000000, -6.898500000000000298, 9.122700168548426594E-16 ) ) ;
#1375 = EDGE_LOOP ( 'NONE', ( #897, #1619, #601, #2541, #4368 ) ) ;
#1376 = CIRCLE ( 'NONE', #3822, 6.898500000000005627 ) ;
#1377 = EDGE_CURVE ( 'NONE', #872, #1191, #1749, .T. ) ;
#1378 = DIRECTION ( 'NONE',  ( 0.000000000000000000, -1.000000000000000000, 0.000000000000000000 ) ) ;
#1379 = CARTESIAN_POINT ( 'NONE',  ( 82.00000000000000000, -6.898500000000000298, 0.000000000000000000 ) ) ;
#1380 = ORIENTED_EDGE ( 'NONE', *, *, #3275, .T. ) ;
#1381 = DIRECTION ( 'NONE',  ( -1.000000000000000000, -0.000000000000000000, -0.000000000000000000 ) ) ;
#1382 = LINE ( 'NONE', #2033, #3463 ) ;
#1383 = CARTESIAN_POINT ( 'NONE',  ( 52.00000000000000711, 5.287237932628113655E-15, 0.000000000000000000 ) ) ;
#1384 = EDGE_CURVE ( 'NONE', #4313, #3643, #1544, .T. ) ;
#1385 = ADVANCED_FACE ( 'NONE', ( #1209 ), #2686, .T. ) ;
#1386 = ORIENTED_EDGE ( 'NONE', *, *, #3389, .T. ) ;
#1387 = CARTESIAN_POINT ( 'NONE',  ( 60.00000000000000000, 5.287237932628113655E-15, 0.000000000000000000 ) ) ;
#1388 = LINE ( 'NONE', #4258, #4702 ) ;
#1389 = ORIENTED_EDGE ( 'NONE', *, *, #4578, .F. ) ;
#1390 = VECTOR ( 'NONE', #5007, 1000.000000000000000 ) ;
#1391 = CARTESIAN_POINT ( 'NONE',  ( 39.22872139666199587, 9.797174393176315108E-16, -8.000000000000005329 ) ) ;
#1392 = EDGE_CURVE ( 'NONE', #2031, #4429, #523, .T. ) ;
#1393 = AXIS2_PLACEMENT_3D ( 'NONE', #84, #4413, #3551 ) ;
#1394 = ORIENTED_EDGE ( 'NONE', *, *, #1950, .F. ) ;
#1395 = DIRECTION ( 'NONE',  ( -1.000000000000000000, -0.000000000000000000, -0.000000000000000000 ) ) ;
#1396 = VERTEX_POINT ( 'NONE', #2785 ) ;
#1397 = CYLINDRICAL_SURFACE ( 'NONE', #3470, 7.999999999999618083 ) ;
#1398 = DIRECTION ( 'NONE',  ( -1.000000000000000000, -1.224606353822377258E-16, -0.000000000000000000 ) ) ;
#1399 = DIRECTION ( 'NONE',  ( 0.000000000000000000, -1.000000000000000000, 0.000000000000000000 ) ) ;
#1400 = AXIS2_PLACEMENT_3D ( 'NONE', #1697, #487, #8 ) ;
#1401 = FACE_OUTER_BOUND ( 'NONE', #959, .T. ) ;
#1402 = VERTEX_POINT ( 'NONE', #1473 ) ;
#1403 = DIRECTION ( 'NONE',  ( 1.000000000000000000, 1.224606353822377258E-16, 0.000000000000000000 ) ) ;
#1404 = CIRCLE ( 'NONE', #3089, 8.000000000000005329 ) ;
#1405 = ORIENTED_EDGE ( 'NONE', *, *, #3665, .T. ) ;
#1406 = ORIENTED_EDGE ( 'NONE', *, *, #3401, .T. ) ;
#1407 = ORIENTED_EDGE ( 'NONE', *, *, #2238, .T. ) ;
#1408 = DIRECTION ( 'NONE',  ( -0.5735764363510509334, 0.8191520442889884679, 1.003171929053520802E-16 ) ) ;
#1409 = CARTESIAN_POINT ( 'NONE',  ( 8.000000000000000000, 8.659477516770934459E-16, -7.070999999999999730 ) ) ;
#1410 = ADVANCED_FACE ( 'NONE', ( #2816 ), #183, .T. ) ;
#1411 = ORIENTED_EDGE ( 'NONE', *, *, #4799, .T. ) ;
#1412 = DIRECTION ( 'NONE',  ( -1.000000000000000000, -1.224606353822377258E-16, -0.000000000000000000 ) ) ;
#1413 = VECTOR ( 'NONE', #4412, 1000.000000000000000 ) ;
#1414 = EDGE_CURVE ( 'NONE', #1537, #712, #112, .T. ) ;
#1415 = CARTESIAN_POINT ( 'NONE',  ( 56.00000000000000000, 5.287237932628113655E-15, 0.000000000000000000 ) ) ;
#1416 = ORIENTED_EDGE ( 'NONE', *, *, #988, .F. ) ;
#1417 = DIRECTION ( 'NONE',  ( -1.000000000000000000, -1.224606353822377258E-16, -0.000000000000000000 ) ) ;
#1418 = ORIENTED_EDGE ( 'NONE', *, *, #1881, .T. ) ;
#1419 = CARTESIAN_POINT ( 'NONE',  ( 56.00000000000000000, -6.898500000000000298, 0.000000000000000000 ) ) ;
#1420 = FACE_OUTER_BOUND ( 'NONE', #3606, .T. ) ;
#1421 = ORIENTED_EDGE ( 'NONE', *, *, #1584, .T. ) ;
#1422 = AXIS2_PLACEMENT_3D ( 'NONE', #1716, #3953, #2594 ) ;
#1423 = EDGE_CURVE ( 'NONE', #3277, #170, #386, .T. ) ;
#1424 =( GEOMETRIC_REPRESENTATION_CONTEXT ( 3 ) GLOBAL_UNCERTAINTY_ASSIGNED_CONTEXT ( ( #5475 ) ) GLOBAL_UNIT_ASSIGNED_CONTEXT ( ( #3152, #3599, #1448 ) ) REPRESENTATION_CONTEXT ( 'NONE', 'WORKASPACE' ) );
#1425 = LINE ( 'NONE', #2527, #1961 ) ;
#1426 = CARTESIAN_POINT ( 'NONE',  ( -31.74999999999995737, 0.000000000000000000, 0.000000000000000000 ) ) ;
#1427 = CARTESIAN_POINT ( 'NONE',  ( 66.77127860333800413, 8.000000000000008882, 0.000000000000000000 ) ) ;
#1428 = CIRCLE ( 'NONE', #449, 6.898500000000005627 ) ;
#1429 = ORIENTED_EDGE ( 'NONE', *, *, #167, .F. ) ;
#1430 = DIRECTION ( 'NONE',  ( 0.000000000000000000, -1.000000000000000000, 0.000000000000000000 ) ) ;
#1431 = EDGE_LOOP ( 'NONE', ( #982, #4562, #2414, #770, #5366, #4410 ) ) ;
#1432 = DIRECTION ( 'NONE',  ( 0.5735764363510474917, -0.8191520442889907994, 1.003171929053523514E-16 ) ) ;
#1433 = DIRECTION ( 'NONE',  ( 0.000000000000000000, -1.000000000000000000, 0.000000000000000000 ) ) ;
#1434 = EDGE_LOOP ( 'NONE', ( #1996, #2381, #1985, #2796, #3112 ) ) ;
#1435 = AXIS2_PLACEMENT_3D ( 'NONE', #1216, #1178, #3360 ) ;
#1436 = ORIENTED_EDGE ( 'NONE', *, *, #2106, .F. ) ;
#1437 = LINE ( 'NONE', #3082, #1304 ) ;
#1438 = AXIS2_PLACEMENT_3D ( 'NONE', #3871, #32, #890 ) ;
#1439 = CARTESIAN_POINT ( 'NONE',  ( 78.77127860333798992, 5.381689200449609928E-15, 0.000000000000000000 ) ) ;
#1440 = CARTESIAN_POINT ( 'NONE',  ( 39.22872139666199587, -2.511412647480955552E-28, 8.000000000000005329 ) ) ;
#1441 = ORIENTED_EDGE ( 'NONE', *, *, #1917, .F. ) ;
#1442 = CYLINDRICAL_SURFACE ( 'NONE', #3262, 7.999999999999618083 ) ;
#1443 = ADVANCED_FACE ( 'NONE', ( #3784 ), #2616, .T. ) ;
#1444 = AXIS2_PLACEMENT_3D ( 'NONE', #1768, #1316, #3057 ) ;
#1445 = ORIENTED_EDGE ( 'NONE', *, *, #2406, .T. ) ;
#1446 = CONICAL_SURFACE ( 'NONE', #409, 6.898500000000005627, 0.9599310885968754814 ) ;
#1447 = CARTESIAN_POINT ( 'NONE',  ( 77.22872139666199587, 8.000000000000012434, 9.797174393178835518E-16 ) ) ;
#1448 =( NAMED_UNIT ( * ) SI_UNIT ( $, .STERADIAN. ) SOLID_ANGLE_UNIT ( ) );
#1449 = VERTEX_POINT ( 'NONE', #4049 ) ;
#1450 = CYLINDRICAL_SURFACE ( 'NONE', #2965, 7.999999999999618083 ) ;
#1451 = EDGE_CURVE ( 'NONE', #3647, #1036, #3850, .T. ) ;
#1452 = DIRECTION ( 'NONE',  ( -1.000000000000000000, -1.224606353822377258E-16, -0.000000000000000000 ) ) ;
#1453 = CARTESIAN_POINT ( 'NONE',  ( 70.77127860333800413, 5.381689200449609928E-15, 0.000000000000000000 ) ) ;
#1454 = EDGE_LOOP ( 'NONE', ( #1981, #124, #4118, #2464, #2339, #1222 ) ) ;
#1455 = UNCERTAINTY_MEASURE_WITH_UNIT (LENGTH_MEASURE( 1.000000000000000082E-05 ), #3687, 'distance_accuracy_value', 'NONE');
#1456 = LINE ( 'NONE', #1409, #2592 ) ;
#1457 = EDGE_CURVE ( 'NONE', #4901, #3696, #2948, .T. ) ;
#1458 = VERTEX_POINT ( 'NONE', #4929 ) ;
#1459 = DIRECTION ( 'NONE',  ( 0.000000000000000000, 0.000000000000000000, 1.000000000000000000 ) ) ;
#1460 = LINE ( 'NONE', #4302, #1587 ) ;
#1461 = DIRECTION ( 'NONE',  ( 1.000000000000000000, 1.224606353822377258E-16, 0.000000000000000000 ) ) ;
#1462 = VERTEX_POINT ( 'NONE', #597 ) ;
#1463 = ORIENTED_EDGE ( 'NONE', *, *, #3771, .T. ) ;
#1464 = CIRCLE ( 'NONE', #4537, 0.8000000000000003775 ) ;
#1465 = EDGE_CURVE ( 'NONE', #2298, #2726, #5004, .T. ) ;
#1466 = ADVANCED_FACE ( 'NONE', ( #3422, #2274 ), #2328, .T. ) ;
#1467 = AXIS2_PLACEMENT_3D ( 'NONE', #426, #1671, #3387 ) ;
#1468 = LINE ( 'NONE', #1538, #5596 ) ;
#1469 = ORIENTED_EDGE ( 'NONE', *, *, #1457, .F. ) ;
#1470 = DIRECTION ( 'NONE',  ( 0.000000000000000000, 0.000000000000000000, -1.000000000000000000 ) ) ;
#1471 = DIRECTION ( 'NONE',  ( -1.000000000000000000, -1.224606353822377258E-16, -0.000000000000000000 ) ) ;
#1472 = AXIS2_PLACEMENT_3D ( 'NONE', #5563, #5529, #746 ) ;
#1473 = CARTESIAN_POINT ( 'NONE',  ( 58.77127860333800413, -8.000000000000001776, 9.797174393178835518E-16 ) ) ;
#1474 = VECTOR ( 'NONE', #820, 1000.000000000000000 ) ;
#1475 = ORIENTED_EDGE ( 'NONE', *, *, #3975, .T. ) ;
#1476 = DIRECTION ( 'NONE',  ( 0.000000000000000000, -1.000000000000000000, 0.000000000000000000 ) ) ;
#1477 = VECTOR ( 'NONE', #634, 1000.000000000000000 ) ;
#1478 = ORIENTED_EDGE ( 'NONE', *, *, #189, .T. ) ;
#1479 = CARTESIAN_POINT ( 'NONE',  ( 65.22872139666199587, 5.192786664806616592E-15, 0.000000000000000000 ) ) ;
#1480 = EDGE_CURVE ( 'NONE', #4385, #83, #5139, .T. ) ;
#1481 = ORIENTED_EDGE ( 'NONE', *, *, #3220, .F. ) ;
#1482 = CONICAL_SURFACE ( 'NONE', #2427, 8.000000000000005329, 0.9599310885968797002 ) ;
#1483 = ORIENTED_EDGE ( 'NONE', *, *, #2317, .F. ) ;
#1484 = DIRECTION ( 'NONE',  ( -1.000000000000000000, -1.224606353822377258E-16, -0.000000000000000000 ) ) ;
#1485 = DIRECTION ( 'NONE',  ( 0.000000000000000000, -1.000000000000000000, 0.000000000000000000 ) ) ;
#1486 = EDGE_CURVE ( 'NONE', #4765, #2551, #1672, .T. ) ;
#1488 = VECTOR ( 'NONE', #5109, 1000.000000000000000 ) ;
#1487 = DIRECTION ( 'NONE',  ( -1.000000000000000000, -0.000000000000000000, -0.000000000000000000 ) ) ;
#1489 = EDGE_LOOP ( 'NONE', ( #1506, #669, #156, #2769, #4405, #4772 ) ) ;
#1490 = DIRECTION ( 'NONE',  ( -1.000000000000000000, -0.000000000000000000, -0.000000000000000000 ) ) ;
#1491 = ADVANCED_FACE ( 'NONE', ( #4870 ), #3708, .T. ) ;
#1492 = VECTOR ( 'NONE', #5604, 1000.000000000000000 ) ;
#1493 = DIRECTION ( 'NONE',  ( -1.000000000000000000, -1.224606353822377258E-16, -0.000000000000000000 ) ) ;
#1494 = VERTEX_POINT ( 'NONE', #2472 ) ;
#1495 = CIRCLE ( 'NONE', #2359, 8.000000000000005329 ) ;
#1496 = ORIENTED_EDGE ( 'NONE', *, *, #909, .T. ) ;
#1497 = EDGE_CURVE ( 'NONE', #5345, #4701, #3086, .T. ) ;
#1498 = ORIENTED_EDGE ( 'NONE', *, *, #902, .F. ) ;
#1499 = CONICAL_SURFACE ( 'NONE', #2037, 6.898500000000005627, 0.9599310885968754814 ) ;
#1500 = AXIS2_PLACEMENT_3D ( 'NONE', #2547, #2587, #3452 ) ;
#1501 = DIRECTION ( 'NONE',  ( 0.000000000000000000, -1.000000000000000000, 0.000000000000000000 ) ) ;
#1502 = AXIS2_PLACEMENT_3D ( 'NONE', #5477, #2025, #3694 ) ;
#1503 = VERTEX_POINT ( 'NONE', #4629 ) ;
#1504 = DIRECTION ( 'NONE',  ( 0.000000000000000000, -1.000000000000000000, 0.000000000000000000 ) ) ;
#1505 = LINE ( 'NONE', #1344, #4829 ) ;
#1506 = ORIENTED_EDGE ( 'NONE', *, *, #530, .F. ) ;
#1507 = CIRCLE ( 'NONE', #2422, 8.000000000000005329 ) ;
#1508 = CARTESIAN_POINT ( 'NONE',  ( -31.74999999999995737, 9.797174393178358257E-16, -7.999999999999618083 ) ) ;
#1509 = CARTESIAN_POINT ( 'NONE',  ( -31.74999999999995737, 0.000000000000000000, 0.000000000000000000 ) ) ;
#1510 = EDGE_LOOP ( 'NONE', ( #4226, #4474, #5237, #5470, #4074 ) ) ;
#1511 = VECTOR ( 'NONE', #2881, 1000.000000000000000 ) ;
#1512 = DIRECTION ( 'NONE',  ( -1.000000000000000000, -1.224606353822377258E-16, -0.000000000000000000 ) ) ;
#1513 = DIRECTION ( 'NONE',  ( 0.000000000000000000, -1.000000000000000000, 0.000000000000000000 ) ) ;
#1514 = ADVANCED_FACE ( 'NONE', ( #3991 ), #5071, .T. ) ;
#1515 = EDGE_CURVE ( 'NONE', #974, #2637, #2403, .T. ) ;
#1516 = ORIENTED_EDGE ( 'NONE', *, *, #2734, .T. ) ;
#1517 = LINE ( 'NONE', #4664, #4637 ) ;
#1518 = DIRECTION ( 'NONE',  ( 0.000000000000000000, -1.000000000000000000, 0.000000000000000000 ) ) ;
#1519 = DIRECTION ( 'NONE',  ( 0.000000000000000000, -1.000000000000000000, 0.000000000000000000 ) ) ;
#1520 = VERTEX_POINT ( 'NONE', #5502 ) ;
#1521 = VERTEX_POINT ( 'NONE', #3783 ) ;
#1522 = FACE_OUTER_BOUND ( 'NONE', #2189, .T. ) ;
#1523 = AXIS2_PLACEMENT_3D ( 'NONE', #5227, #4824, #1792 ) ;
#1524 = CARTESIAN_POINT ( 'NONE',  ( -31.74999999999995737, 0.000000000000000000, 7.999999999999618083 ) ) ;
#1525 = EDGE_CURVE ( 'NONE', #2326, #4159, #1609, .T. ) ;
#1526 = AXIS2_PLACEMENT_3D ( 'NONE', #2482, #2900, #2859 ) ;
#1527 = DIRECTION ( 'NONE',  ( 0.000000000000000000, 0.000000000000000000, 1.000000000000000000 ) ) ;
#1528 = CARTESIAN_POINT ( 'NONE',  ( 63.22872139666199587, 9.797174393176315108E-16, -8.000000000000005329 ) ) ;
#1529 = CIRCLE ( 'NONE', #5412, 8.000000000000005329 ) ;
#1530 = VERTEX_POINT ( 'NONE', #3721 ) ;
#1531 = CARTESIAN_POINT ( 'NONE',  ( 8.000000000000000000, -8.164887506879685120, -3.035766082959412415E-15 ) ) ;
#1532 = DIRECTION ( 'NONE',  ( 0.000000000000000000, -1.000000000000000000, 0.000000000000000000 ) ) ;
#1533 = EDGE_CURVE ( 'NONE', #3774, #2652, #1947, .T. ) ;
#1534 = VECTOR ( 'NONE', #2614, 1000.000000000000000 ) ;
#1535 = AXIS2_PLACEMENT_3D ( 'NONE', #856, #2571, #3415 ) ;
#1536 = ORIENTED_EDGE ( 'NONE', *, *, #5167, .T. ) ;
#1537 = VERTEX_POINT ( 'NONE', #1125 ) ;
#1538 = CARTESIAN_POINT ( 'NONE',  ( 0.000000000000000000, 8.164887506879688672, -2.255140518769849223E-14 ) ) ;
#1539 = DIRECTION ( 'NONE',  ( 1.000000000000000000, 1.224606353822377258E-16, 0.000000000000000000 ) ) ;
#1540 = DIRECTION ( 'NONE',  ( 0.000000000000000000, -1.000000000000000000, 0.000000000000000000 ) ) ;
#1541 = ORIENTED_EDGE ( 'NONE', *, *, #2172, .F. ) ;
#1542 = AXIS2_PLACEMENT_3D ( 'NONE', #2780, #3655, #3734 ) ;
#1543 = DIRECTION ( 'NONE',  ( 0.000000000000000000, -1.000000000000000000, 0.000000000000000000 ) ) ;
#1544 = LINE ( 'NONE', #215, #4874 ) ;
#1545 = ORIENTED_EDGE ( 'NONE', *, *, #971, .T. ) ;
#1546 = CARTESIAN_POINT ( 'NONE',  ( 63.22872139666199587, 5.192786664806616592E-15, 0.000000000000000000 ) ) ;
#1547 = CARTESIAN_POINT ( 'NONE',  ( 56.77127860333799703, 8.000000000000010658, 0.000000000000000000 ) ) ;
#1548 = DIRECTION ( 'NONE',  ( -1.000000000000000000, -1.224606353822377258E-16, -0.000000000000000000 ) ) ;
#1549 = CARTESIAN_POINT ( 'NONE',  ( -31.74999999999995737, 9.797174393178358257E-16, -7.999999999999618083 ) ) ;
#1550 = EDGE_CURVE ( 'NONE', #66, #5023, #4800, .T. ) ;
#1551 = ORIENTED_EDGE ( 'NONE', *, *, #1515, .T. ) ;
#1552 = CARTESIAN_POINT ( 'NONE',  ( 71.22872139666201008, -2.511412647480955552E-28, 8.000000000000005329 ) ) ;
#1553 = CIRCLE ( 'NONE', #4700, 6.898500000000005627 ) ;
#1554 = CARTESIAN_POINT ( 'NONE',  ( 88.00000000000000000, 5.287237932628113655E-15, 0.000000000000000000 ) ) ;
#1555 = VECTOR ( 'NONE', #3172, 999.9999999999998863 ) ;
#1556 = ORIENTED_EDGE ( 'NONE', *, *, #4913, .F. ) ;
#1557 = CARTESIAN_POINT ( 'NONE',  ( 84.77127860333798992, 8.000000000000008882, 0.000000000000000000 ) ) ;
#1558 = EDGE_LOOP ( 'NONE', ( #5539, #2910, #3925, #5481, #75 ) ) ;
#1559 = DIRECTION ( 'NONE',  ( -1.000000000000000000, -1.224606353822377258E-16, -0.000000000000000000 ) ) ;
#1560 = EDGE_CURVE ( 'NONE', #4910, #4159, #315, .T. ) ;
#1561 = ORIENTED_EDGE ( 'NONE', *, *, #2570, .F. ) ;
#1562 = ORIENTED_EDGE ( 'NONE', *, *, #4769, .F. ) ;
#1563 = CARTESIAN_POINT ( 'NONE',  ( 64.77127860333800413, 5.381689200449609928E-15, 0.000000000000000000 ) ) ;
#1564 = LINE ( 'NONE', #1264, #4144 ) ;
#1565 = DIRECTION ( 'NONE',  ( 0.000000000000000000, -1.000000000000000000, 0.000000000000000000 ) ) ;
#1566 = EDGE_CURVE ( 'NONE', #5357, #3614, #3221, .T. ) ;
#1567 = VERTEX_POINT ( 'NONE', #2397 ) ;
#1568 = FACE_OUTER_BOUND ( 'NONE', #3872, .T. ) ;
#1569 = AXIS2_PLACEMENT_3D ( 'NONE', #5213, #2600, #453 ) ;
#1570 = CARTESIAN_POINT ( 'NONE',  ( 87.22872139666199587, -7.999999999999998224, 0.000000000000000000 ) ) ;
#1571 = ADVANCED_FACE ( 'NONE', ( #789 ), #3641, .T. ) ;
#1572 = ORIENTED_EDGE ( 'NONE', *, *, #3471, .T. ) ;
#1573 = FACE_OUTER_BOUND ( 'NONE', #851, .T. ) ;
#1574 = AXIS2_PLACEMENT_3D ( 'NONE', #222, #5450, #2441 ) ;
#1575 = CARTESIAN_POINT ( 'NONE',  ( 78.00000000000000000, 6.898500000000010957, 8.448225943918022600E-16 ) ) ;
#1576 = DIRECTION ( 'NONE',  ( 0.000000000000000000, 1.000000000000000000, 0.000000000000000000 ) ) ;
#1577 = DIRECTION ( 'NONE',  ( 0.000000000000000000, -1.000000000000000000, 0.000000000000000000 ) ) ;
#1578 = DIRECTION ( 'NONE',  ( -1.000000000000000000, -1.224606353822377258E-16, -0.000000000000000000 ) ) ;
#1579 = ORIENTED_EDGE ( 'NONE', *, *, #4907, .F. ) ;
#1580 = LINE ( 'NONE', #4830, #4911 ) ;
#1581 = ORIENTED_EDGE ( 'NONE', *, *, #4363, .T. ) ;
#1582 = CARTESIAN_POINT ( 'NONE',  ( 58.77127860333800413, -8.000000000000000000, 9.797174393178833546E-16 ) ) ;
#1583 = CIRCLE ( 'NONE', #1241, 8.000000000000005329 ) ;
#1584 = EDGE_CURVE ( 'NONE', #3292, #3001, #3499, .T. ) ;
#1585 = DIRECTION ( 'NONE',  ( -1.000000000000000000, -1.224606353822377258E-16, -0.000000000000000000 ) ) ;
#1586 = ORIENTED_EDGE ( 'NONE', *, *, #177, .F. ) ;
#1587 = VECTOR ( 'NONE', #3873, 1000.000000000000000 ) ;
#1588 = EDGE_CURVE ( 'NONE', #2849, #2612, #2545, .T. ) ;
#1589 = VERTEX_POINT ( 'NONE', #2434 ) ;
#1590 = VERTEX_POINT ( 'NONE', #4249 ) ;
#1591 = DIRECTION ( 'NONE',  ( 0.000000000000000000, -1.274768433379006694E-15, -1.000000000000000000 ) ) ;
#1592 = DIRECTION ( 'NONE',  ( -1.000000000000000000, -0.000000000000000000, -0.000000000000000000 ) ) ;
#1593 = LINE ( 'NONE', #4650, #918 ) ;
#1594 = ORIENTED_EDGE ( 'NONE', *, *, #5074, .F. ) ;
#1595 = CARTESIAN_POINT ( 'NONE',  ( 48.00000000000000000, 5.287237932628113655E-15, 0.000000000000000000 ) ) ;
#1596 = CONICAL_SURFACE ( 'NONE', #1444, 6.898500000000005627, 0.9599310885968754814 ) ;
#1597 = EDGE_CURVE ( 'NONE', #2889, #2695, #5279, .T. ) ;
#1598 = ADVANCED_FACE ( 'NONE', ( #2752 ), #2083, .T. ) ;
#1599 = ORIENTED_EDGE ( 'NONE', *, *, #3615, .F. ) ;
#1600 = AXIS2_PLACEMENT_3D ( 'NONE', #1799, #3489, #1347 ) ;
#1601 = DIRECTION ( 'NONE',  ( -1.000000000000000000, -0.000000000000000000, -0.000000000000000000 ) ) ;
#1602 = DIRECTION ( 'NONE',  ( -1.000000000000000000, -0.000000000000000000, -0.000000000000000000 ) ) ;
#1603 = CARTESIAN_POINT ( 'NONE',  ( 41.22872139666199587, 5.192786664806616592E-15, 0.000000000000000000 ) ) ;
#1604 = ORIENTED_EDGE ( 'NONE', *, *, #5616, .T. ) ;
#1605 = CARTESIAN_POINT ( 'NONE',  ( 88.77127860333800413, 9.797174393176222416E-16, -8.000000000000005329 ) ) ;
#1606 = CARTESIAN_POINT ( 'NONE',  ( 56.77127860333799703, 9.797174393176222416E-16, -8.000000000000005329 ) ) ;
#1607 = AXIS2_PLACEMENT_3D ( 'NONE', #2846, #5373, #166 ) ;
#1608 = AXIS2_PLACEMENT_3D ( 'NONE', #1630, #4663, #1258 ) ;
#1609 = LINE ( 'NONE', #1182, #5538 ) ;
#1610 = PRESENTATION_STYLE_ASSIGNMENT (( #2333 ) ) ;
#1611 = ORIENTED_EDGE ( 'NONE', *, *, #472, .F. ) ;
#1612 = FILL_AREA_STYLE ('',( #2063 ) ) ;
#1613 = DIRECTION ( 'NONE',  ( 0.000000000000000000, -1.000000000000000000, 0.000000000000000000 ) ) ;
#1614 = CARTESIAN_POINT ( 'NONE',  ( 45.22872139666199587, 5.192786664806616592E-15, 0.000000000000000000 ) ) ;
#1615 = CARTESIAN_POINT ( 'NONE',  ( -31.74999999999995737, 0.000000000000000000, 0.000000000000000000 ) ) ;
#1616 = AXIS2_PLACEMENT_3D ( 'NONE', #3587, #997, #139 ) ;
#1617 = VECTOR ( 'NONE', #1928, 1000.000000000000000 ) ;
#1618 = ORIENTED_EDGE ( 'NONE', *, *, #3111, .T. ) ;
#1619 = ORIENTED_EDGE ( 'NONE', *, *, #3251, .T. ) ;
#1620 = CARTESIAN_POINT ( 'NONE',  ( -31.74999999999995737, 0.000000000000000000, 7.999999999999618083 ) ) ;
#1621 = CARTESIAN_POINT ( 'NONE',  ( 66.77127860333800413, 5.381689200449609928E-15, 0.000000000000000000 ) ) ;
#1622 = ORIENTED_EDGE ( 'NONE', *, *, #35, .F. ) ;
#1623 = EDGE_CURVE ( 'NONE', #1810, #5441, #50, .T. ) ;
#1624 = LINE ( 'NONE', #1788, #4746 ) ;
#1625 = CARTESIAN_POINT ( 'NONE',  ( 85.22872139666198166, 5.192786664806616592E-15, 0.000000000000000000 ) ) ;
#1626 = VECTOR ( 'NONE', #4058, 1000.000000000000000 ) ;
#1627 = ORIENTED_EDGE ( 'NONE', *, *, #3615, .T. ) ;
#1628 = ADVANCED_FACE ( 'NONE', ( #2341 ), #4123, .T. ) ;
#1629 = DIRECTION ( 'NONE',  ( -1.000000000000000000, -0.000000000000000000, -0.000000000000000000 ) ) ;
#1630 = CARTESIAN_POINT ( 'NONE',  ( 72.00000000000001421, 5.287237932628113655E-15, 0.000000000000000000 ) ) ;
#1631 = AXIS2_PLACEMENT_3D ( 'NONE', #218, #5447, #271 ) ;
#1632 = EDGE_LOOP ( 'NONE', ( #5285, #2468, #5259, #2540, #1700, #4104 ) ) ;
#1633 = CARTESIAN_POINT ( 'NONE',  ( 74.77127860333800413, 5.381689200449609928E-15, 0.000000000000000000 ) ) ;
#1634 = CIRCLE ( 'NONE', #1068, 8.000000000000005329 ) ;
#1635 = EDGE_CURVE ( 'NONE', #1396, #3494, #4389, .T. ) ;
#1636 = CARTESIAN_POINT ( 'NONE',  ( 86.00000000000000000, 5.287237932628113655E-15, 0.000000000000000000 ) ) ;
#1637 = AXIS2_PLACEMENT_3D ( 'NONE', #5242, #4819, #3076 ) ;
#1638 = DIRECTION ( 'NONE',  ( 0.000000000000000000, -1.000000000000000000, 0.000000000000000000 ) ) ;
#1639 = DIRECTION ( 'NONE',  ( 0.000000000000000000, 0.000000000000000000, 1.000000000000000000 ) ) ;
#1640 = VERTEX_POINT ( 'NONE', #5573 ) ;
#1641 = VECTOR ( 'NONE', #2147, 1000.000000000000000 ) ;
#1642 = DIRECTION ( 'NONE',  ( 0.000000000000000000, -1.000000000000000000, 0.000000000000000000 ) ) ;
#1643 = EDGE_CURVE ( 'NONE', #3494, #2708, #1072, .T. ) ;
#1644 = AXIS2_PLACEMENT_3D ( 'NONE', #173, #4088, #5377 ) ;
#1645 = ORIENTED_EDGE ( 'NONE', *, *, #747, .F. ) ;
#1646 = CARTESIAN_POINT ( 'NONE',  ( -31.74999999999995737, 0.000000000000000000, 7.999999999999618083 ) ) ;
#1647 = CIRCLE ( 'NONE', #3043, 8.000000000000005329 ) ;
#1648 = ORIENTED_EDGE ( 'NONE', *, *, #308, .F. ) ;
#1649 = FACE_OUTER_BOUND ( 'NONE', #1147, .T. ) ;
#1650 = AXIS2_PLACEMENT_3D ( 'NONE', #5610, #5110, #1286 ) ;
#1651 = CARTESIAN_POINT ( 'NONE',  ( 60.00000000000000000, 6.898500000000010957, 8.448225943918022600E-16 ) ) ;
#1652 = SURFACE_SIDE_STYLE ('',( #2979 ) ) ;
#1653 = ORIENTED_EDGE ( 'NONE', *, *, #3520, .T. ) ;
#1654 = CARTESIAN_POINT ( 'NONE',  ( 57.22872139666199587, 5.192786664806616592E-15, 0.000000000000000000 ) ) ;
#1655 = ADVANCED_FACE ( 'NONE', ( #5469 ), #4317, .T. ) ;
#1656 = ORIENTED_EDGE ( 'NONE', *, *, #1728, .T. ) ;
#1657 = EDGE_CURVE ( 'NONE', #3614, #5360, #4384, .T. ) ;
#1658 = ORIENTED_EDGE ( 'NONE', *, *, #1185, .F. ) ;
#1659 = LINE ( 'NONE', #281, #2665 ) ;
#1660 = SURFACE_STYLE_USAGE ( .BOTH. , #3011 ) ;
#1661 = CIRCLE ( 'NONE', #4114, 6.898500000000005627 ) ;
#1662 = ORIENTED_EDGE ( 'NONE', *, *, #5018, .T. ) ;
#1663 = EDGE_CURVE ( 'NONE', #2874, #2811, #3216, .T. ) ;
#1664 = CARTESIAN_POINT ( 'NONE',  ( 8.000000000000000000, 4.082443753439854994, 7.070999999999982855 ) ) ;
#1665 = LINE ( 'NONE', #4884, #2941 ) ;
#1666 = DIRECTION ( 'NONE',  ( -1.000000000000000000, -0.000000000000000000, -0.000000000000000000 ) ) ;
#1667 = ORIENTED_EDGE ( 'NONE', *, *, #3293, .T. ) ;
#1668 = ORIENTED_EDGE ( 'NONE', *, *, #1957, .F. ) ;
#1669 =( LENGTH_UNIT ( ) NAMED_UNIT ( * ) SI_UNIT ( .MILLI., .METRE. ) );
#1670 = EDGE_CURVE ( 'NONE', #5309, #2608, #587, .T. ) ;
#1671 = DIRECTION ( 'NONE',  ( -1.000000000000000000, -1.224606353822377258E-16, -0.000000000000000000 ) ) ;
#1672 = CIRCLE ( 'NONE', #4740, 8.000000000000005329 ) ;
#1673 = AXIS2_PLACEMENT_3D ( 'NONE', #394, #1403, #2217 ) ;
#1674 = VERTEX_POINT ( 'NONE', #3385 ) ;
#1675 = DIRECTION ( 'NONE',  ( -1.000000000000000000, -1.224606353822377258E-16, -0.000000000000000000 ) ) ;
#1676 = DIRECTION ( 'NONE',  ( 0.000000000000000000, -1.000000000000000000, 0.000000000000000000 ) ) ;
#1677 = CYLINDRICAL_SURFACE ( 'NONE', #4014, 7.999999999999618083 ) ;
#1678 = ORIENTED_EDGE ( 'NONE', *, *, #1533, .F. ) ;
#1679 = AXIS2_PLACEMENT_3D ( 'NONE', #5190, #2581, #5618 ) ;
#1680 = LINE ( 'NONE', #3711, #4597 ) ;
#1681 = ORIENTED_EDGE ( 'NONE', *, *, #2068, .F. ) ;
#1682 = DIRECTION ( 'NONE',  ( 1.000000000000000000, 1.224606353822377258E-16, 0.000000000000000000 ) ) ;
#1683 = PLANE ( 'NONE',  #5417 ) ;
#1684 = DIRECTION ( 'NONE',  ( 0.000000000000000000, -1.000000000000000000, 0.000000000000000000 ) ) ;
#1685 = ADVANCED_FACE ( 'NONE', ( #2198 ), #1876, .T. ) ;
#1686 = ORIENTED_EDGE ( 'NONE', *, *, #4871, .F. ) ;
#1687 = CONICAL_SURFACE ( 'NONE', #1502, 6.898500000000005627, 0.9599310885968754814 ) ;
#1688 = DIRECTION ( 'NONE',  ( 0.000000000000000000, -1.000000000000000000, 0.000000000000000000 ) ) ;
#1689 = VECTOR ( 'NONE', #4768, 1000.000000000000114 ) ;
#1690 = ORIENTED_EDGE ( 'NONE', *, *, #654, .F. ) ;
#1691 = CARTESIAN_POINT ( 'NONE',  ( 44.00000000000000000, 5.287237932628113655E-15, 0.000000000000000000 ) ) ;
#1692 = CARTESIAN_POINT ( 'NONE',  ( 10.59999999999999787, 9.797174393178358257E-16, -7.999999999999618083 ) ) ;
#1693 = DIRECTION ( 'NONE',  ( 0.000000000000000000, -1.000000000000000000, 0.000000000000000000 ) ) ;
#1694 = DIRECTION ( 'NONE',  ( -1.000000000000000000, -1.224606353822377258E-16, -0.000000000000000000 ) ) ;
#1695 = VERTEX_POINT ( 'NONE', #5150 ) ;
#1696 = VECTOR ( 'NONE', #4518, 1000.000000000000000 ) ;
#1697 = CARTESIAN_POINT ( 'NONE',  ( -31.74999999999995737, 0.000000000000000000, 0.000000000000000000 ) ) ;
#1698 = EDGE_CURVE ( 'NONE', #1396, #5290, #3985, .T. ) ;
#1699 = CARTESIAN_POINT ( 'NONE',  ( 8.000000000000000000, -8.164887506879685120, -3.035766082959412415E-15 ) ) ;
#1700 = ORIENTED_EDGE ( 'NONE', *, *, #1480, .F. ) ;
#1701 = LINE ( 'NONE', #2716, #551 ) ;
#1702 = DIRECTION ( 'NONE',  ( -1.000000000000000000, -1.224606353822377258E-16, -0.000000000000000000 ) ) ;
#1703 = PLANE ( 'NONE',  #3051 ) ;
#1704 = AXIS2_PLACEMENT_3D ( 'NONE', #410, #1777, #5613 ) ;
#1705 = CARTESIAN_POINT ( 'NONE',  ( -31.74999999999995737, 0.000000000000000000, 0.000000000000000000 ) ) ;
#1706 = EDGE_CURVE ( 'NONE', #1567, #5290, #1066, .T. ) ;
#1707 = DIRECTION ( 'NONE',  ( 0.000000000000000000, 0.000000000000000000, 1.000000000000000000 ) ) ;
#1708 = EDGE_LOOP ( 'NONE', ( #4066, #1239, #5621, #5283, #5201, #3174 ) ) ;
#1709 = LINE ( 'NONE', #45, #1166 ) ;
#1710 = AXIS2_PLACEMENT_3D ( 'NONE', #3910, #510, #4798 ) ;
#1711 = CARTESIAN_POINT ( 'NONE',  ( 40.77127860333799703, 5.381689200449609928E-15, 0.000000000000000000 ) ) ;
#1712 = FILL_AREA_STYLE ('',( #4269 ) ) ;
#1713 = ORIENTED_EDGE ( 'NONE', *, *, #2880, .F. ) ;
#1714 = CARTESIAN_POINT ( 'NONE',  ( 42.77127860333799703, 5.381689200449609928E-15, 0.000000000000000000 ) ) ;
#1715 = ORIENTED_EDGE ( 'NONE', *, *, #1237, .F. ) ;
#1716 = CARTESIAN_POINT ( 'NONE',  ( 84.77127860333798992, 5.381689200449609928E-15, 0.000000000000000000 ) ) ;
#1717 = CIRCLE ( 'NONE', #47, 8.000000000000005329 ) ;
#1718 = AXIS2_PLACEMENT_3D ( 'NONE', #3894, #5182, #385 ) ;
#1719 = AXIS2_PLACEMENT_3D ( 'NONE', #3157, #4487, #192 ) ;
#1720 = ADVANCED_FACE ( 'NONE', ( #1000 ), #176, .T. ) ;
#1721 = ORIENTED_EDGE ( 'NONE', *, *, #3998, .F. ) ;
#1722 = DIRECTION ( 'NONE',  ( 0.000000000000000000, -0.4999999999999986677, 0.8660254037844392627 ) ) ;
#1723 = FACE_OUTER_BOUND ( 'NONE', #5580, .T. ) ;
#1724 = AXIS2_PLACEMENT_3D ( 'NONE', #3309, #2888, #1543 ) ;
#1725 = EDGE_LOOP ( 'NONE', ( #4553, #882, #2401, #4609, #3817 ) ) ;
#1726 = DIRECTION ( 'NONE',  ( 0.000000000000000000, -1.000000000000000000, 0.000000000000000000 ) ) ;
#1727 = DIRECTION ( 'NONE',  ( -1.000000000000000000, -1.224606353822377258E-16, -0.000000000000000000 ) ) ;
#1728 = EDGE_CURVE ( 'NONE', #1976, #1021, #2075, .T. ) ;
#1729 = DIRECTION ( 'NONE',  ( -1.000000000000000000, -0.000000000000000000, -0.000000000000000000 ) ) ;
#1730 = CARTESIAN_POINT ( 'NONE',  ( 42.77127860333799703, -8.000000000000001776, 9.797174393178835518E-16 ) ) ;
#1731 = DIRECTION ( 'NONE',  ( -1.000000000000000000, -1.224606353822377258E-16, -0.000000000000000000 ) ) ;
#1732 = CIRCLE ( 'NONE', #4831, 6.898500000000005627 ) ;
#1733 = EDGE_LOOP ( 'NONE', ( #3287, #5132, #791, #310, #4503 ) ) ;
#1734 = EDGE_CURVE ( 'NONE', #374, #4042, #4242, .T. ) ;
#1735 = CARTESIAN_POINT ( 'NONE',  ( 62.77127860333800413, 9.797174393176222416E-16, -8.000000000000005329 ) ) ;
#1736 = ORIENTED_EDGE ( 'NONE', *, *, #2193, .F. ) ;
#1737 = CIRCLE ( 'NONE', #1542, 6.898500000000005627 ) ;
#1738 = ORIENTED_EDGE ( 'NONE', *, *, #4860, .F. ) ;
#1739 = ORIENTED_EDGE ( 'NONE', *, *, #425, .T. ) ;
#1740 = VERTEX_POINT ( 'NONE', #59 ) ;
#1741 = CARTESIAN_POINT ( 'NONE',  ( 46.00000000000000000, 5.287237932628113655E-15, 0.000000000000000000 ) ) ;
#1742 = CIRCLE ( 'NONE', #86, 8.000000000000005329 ) ;
#1743 = EDGE_CURVE ( 'NONE', #4063, #4274, #3917, .T. ) ;
#1744 = ORIENTED_EDGE ( 'NONE', *, *, #4785, .F. ) ;
#1745 = DIRECTION ( 'NONE',  ( 0.000000000000000000, -1.000000000000000000, 0.000000000000000000 ) ) ;
#1746 = DIRECTION ( 'NONE',  ( 0.000000000000000000, -1.000000000000000000, 0.000000000000000000 ) ) ;
#1747 = DIRECTION ( 'NONE',  ( 0.000000000000000000, -1.000000000000000000, 0.000000000000000000 ) ) ;
#1748 = DIRECTION ( 'NONE',  ( -1.000000000000000000, -0.000000000000000000, -0.000000000000000000 ) ) ;
#1749 = CIRCLE ( 'NONE', #1177, 6.898500000000005627 ) ;
#1750 = ADVANCED_FACE ( 'NONE', ( #455 ), #2748, .T. ) ;
#1751 = ORIENTED_EDGE ( 'NONE', *, *, #3761, .T. ) ;
#1752 = DIRECTION ( 'NONE',  ( 0.000000000000000000, -1.000000000000000000, 0.000000000000000000 ) ) ;
#1753 = DIRECTION ( 'NONE',  ( 0.5735764363510472696, 0.8191520442889909104, 0.000000000000000000 ) ) ;
#1754 = EDGE_CURVE ( 'NONE', #2118, #5222, #1742, .T. ) ;
#1755 = DIRECTION ( 'NONE',  ( -1.000000000000000000, -0.000000000000000000, -0.000000000000000000 ) ) ;
#1756 = CARTESIAN_POINT ( 'NONE',  ( -31.74999999999995737, 0.000000000000000000, 0.000000000000000000 ) ) ;
#1757 = AXIS2_PLACEMENT_3D ( 'NONE', #4270, #3421, #2535 ) ;
#1758 = CARTESIAN_POINT ( 'NONE',  ( 74.77127860333800413, 5.381689200449609928E-15, 0.000000000000000000 ) ) ;
#1759 = CARTESIAN_POINT ( 'NONE',  ( 52.77127860333799703, 8.000000000000008882, 0.000000000000000000 ) ) ;
#1760 = VERTEX_POINT ( 'NONE', #4821 ) ;
#1761 = CARTESIAN_POINT ( 'NONE',  ( 83.99999999999998579, 5.287237932628113655E-15, 0.000000000000000000 ) ) ;
#1762 = ORIENTED_EDGE ( 'NONE', *, *, #1789, .F. ) ;
#1763 = DIRECTION ( 'NONE',  ( 0.000000000000000000, -1.000000000000000000, 0.000000000000000000 ) ) ;
#1764 = MECHANICAL_DESIGN_GEOMETRIC_PRESENTATION_REPRESENTATION (  '', ( #3715 ), #490 ) ;
#1765 = FACE_OUTER_BOUND ( 'NONE', #1254, .T. ) ;
#1766 = ORIENTED_EDGE ( 'NONE', *, *, #3725, .T. ) ;
#1767 = ORIENTED_EDGE ( 'NONE', *, *, #4610, .F. ) ;
#1768 = CARTESIAN_POINT ( 'NONE',  ( 42.00000000000000000, 5.287237932628113655E-15, 0.000000000000000000 ) ) ;
#1769 = FACE_OUTER_BOUND ( 'NONE', #1434, .T. ) ;
#1770 = ORIENTED_EDGE ( 'NONE', *, *, #4982, .T. ) ;
#1771 = VECTOR ( 'NONE', #873, 1000.000000000000000 ) ;
#1772 = ORIENTED_EDGE ( 'NONE', *, *, #4595, .T. ) ;
#1773 = SURFACE_STYLE_USAGE ( .BOTH. , #793 ) ;
#1774 = EDGE_CURVE ( 'NONE', #5441, #1070, #3284, .T. ) ;
#1775 = ORIENTED_EDGE ( 'NONE', *, *, #250, .F. ) ;
#1776 = CARTESIAN_POINT ( 'NONE',  ( 62.77127860333800413, 8.000000000000008882, 0.000000000000000000 ) ) ;
#1777 = DIRECTION ( 'NONE',  ( -1.000000000000000000, -1.224606353822377258E-16, -0.000000000000000000 ) ) ;
#1778 = DIRECTION ( 'NONE',  ( 0.000000000000000000, -1.000000000000000000, 0.000000000000000000 ) ) ;
#1779 = ORIENTED_EDGE ( 'NONE', *, *, #95, .F. ) ;
#1780 = CARTESIAN_POINT ( 'NONE',  ( 62.77127860333800413, -2.603857284811542873E-28, 8.000000000000005329 ) ) ;
#1781 = CIRCLE ( 'NONE', #2823, 6.898500000000005627 ) ;
#1782 = EDGE_CURVE ( 'NONE', #1069, #3127, #3780, .T. ) ;
#1783 = ADVANCED_FACE ( 'NONE', ( #5068 ), #5339, .T. ) ;
#1784 = DIRECTION ( 'NONE',  ( 0.5735764363510472696, 0.8191520442889909104, 0.000000000000000000 ) ) ;
#1785 = ORIENTED_EDGE ( 'NONE', *, *, #3556, .T. ) ;
#1786 = FACE_OUTER_BOUND ( 'NONE', #4926, .T. ) ;
#1787 = CARTESIAN_POINT ( 'NONE',  ( -31.74999999999995737, 0.000000000000000000, 0.000000000000000000 ) ) ;
#1788 = CARTESIAN_POINT ( 'NONE',  ( 78.00000000000000000, -6.898500000000000298, 0.000000000000000000 ) ) ;
#1789 = EDGE_CURVE ( 'NONE', #4521, #857, #1665, .T. ) ;
#1790 = AXIS2_PLACEMENT_3D ( 'NONE', #4753, #2179, #5187 ) ;
#1791 = ORIENTED_EDGE ( 'NONE', *, *, #1991, .T. ) ;
#1792 = DIRECTION ( 'NONE',  ( 0.000000000000000000, 0.000000000000000000, -1.000000000000000000 ) ) ;
#1793 = CARTESIAN_POINT ( 'NONE',  ( 90.00000000000000000, 0.000000000000000000, 0.000000000000000000 ) ) ;
#1794 = ORIENTED_EDGE ( 'NONE', *, *, #2993, .T. ) ;
#1795 = FACE_OUTER_BOUND ( 'NONE', #3437, .T. ) ;
#1796 = AXIS2_PLACEMENT_3D ( 'NONE', #4262, #2024, #5048 ) ;
#1797 = AXIS2_PLACEMENT_3D ( 'NONE', #1822, #3540, #5293 ) ;
#1798 = CARTESIAN_POINT ( 'NONE',  ( 8.000000000000000000, 6.123665630159767836, -3.535500000000012299 ) ) ;
#1799 = CARTESIAN_POINT ( 'NONE',  ( -31.74999999999995737, 0.000000000000000000, 0.000000000000000000 ) ) ;
#1800 = ORIENTED_EDGE ( 'NONE', *, *, #934, .T. ) ;
#1801 = VERTEX_POINT ( 'NONE', #3133 ) ;
#1802 = CIRCLE ( 'NONE', #1057, 8.000000000000005329 ) ;
#1803 = CARTESIAN_POINT ( 'NONE',  ( 72.77127860333800413, 5.381689200449609928E-15, 0.000000000000000000 ) ) ;
#1804 = DIRECTION ( 'NONE',  ( -1.000000000000000000, -1.224606353822377258E-16, -0.000000000000000000 ) ) ;
#1805 = CONICAL_SURFACE ( 'NONE', #4141, 8.000000000000005329, 0.9599310885968797002 ) ;
#1806 = ORIENTED_EDGE ( 'NONE', *, *, #5272, .T. ) ;
#1807 = ADVANCED_FACE ( 'NONE', ( #3352 ), #517, .T. ) ;
#1808 = CARTESIAN_POINT ( 'NONE',  ( 66.77127860333800413, 5.381689200449609928E-15, 0.000000000000000000 ) ) ;
#1809 = LINE ( 'NONE', #951, #4460 ) ;
#1810 = VERTEX_POINT ( 'NONE', #3585 ) ;
#1811 = ORIENTED_EDGE ( 'NONE', *, *, #4207, .T. ) ;
#1812 = DIRECTION ( 'NONE',  ( -1.000000000000000000, -1.224606353822377258E-16, -0.000000000000000000 ) ) ;
#1813 = EDGE_CURVE ( 'NONE', #3931, #3812, #3013, .T. ) ;
#1814 = CARTESIAN_POINT ( 'NONE',  ( 10.59999999999999787, 0.000000000000000000, 7.999999999999618083 ) ) ;
#1815 = ORIENTED_EDGE ( 'NONE', *, *, #2553, .F. ) ;
#1816 = AXIS2_PLACEMENT_3D ( 'NONE', #2972, #2052, #1265 ) ;
#1817 = EDGE_CURVE ( 'NONE', #5459, #1135, #653, .T. ) ;
#1818 = VECTOR ( 'NONE', #3509, 1000.000000000000000 ) ;
#1819 = STYLED_ITEM ( 'NONE', ( #362 ), #3067 ) ;
#1820 = ORIENTED_EDGE ( 'NONE', *, *, #432, .T. ) ;
#1821 = DIRECTION ( 'NONE',  ( -1.000000000000000000, -0.000000000000000000, -0.000000000000000000 ) ) ;
#1822 = CARTESIAN_POINT ( 'NONE',  ( 10.00000000000000178, 0.000000000000000000, 0.000000000000000000 ) ) ;
#1823 = DIRECTION ( 'NONE',  ( 0.000000000000000000, 1.000000000000000000, 0.000000000000000000 ) ) ;
#1824 = CARTESIAN_POINT ( 'NONE',  ( 86.77127860333800413, 9.797174393176222416E-16, -8.000000000000005329 ) ) ;
#1825 = FACE_OUTER_BOUND ( 'NONE', #7, .T. ) ;
#1826 = ORIENTED_EDGE ( 'NONE', *, *, #605, .F. ) ;
#1827 = EDGE_CURVE ( 'NONE', #5498, #518, #1809, .T. ) ;
#1828 = AXIS2_PLACEMENT_3D ( 'NONE', #5380, #1020, #1476 ) ;
#1829 = DIRECTION ( 'NONE',  ( 0.000000000000000000, 0.000000000000000000, -1.000000000000000000 ) ) ;
#1831 = DIRECTION ( 'NONE',  ( 0.000000000000000000, -1.000000000000000000, 0.000000000000000000 ) ) ;
#1830 = VECTOR ( 'NONE', #3303, 1000.000000000000000 ) ;
#1832 = CIRCLE ( 'NONE', #1033, 6.898500000000005627 ) ;
#1833 = ORIENTED_EDGE ( 'NONE', *, *, #3725, .F. ) ;
#1834 = ADVANCED_FACE ( 'NONE', ( #5601 ), #5198, .T. ) ;
#1835 = DIRECTION ( 'NONE',  ( 0.5735764363510474917, -0.8191520442889907994, 1.003171929053523514E-16 ) ) ;
#1836 = AXIS2_PLACEMENT_3D ( 'NONE', #1603, #3769, #4182 ) ;
#1837 = ORIENTED_EDGE ( 'NONE', *, *, #2421, .F. ) ;
#1838 = FACE_OUTER_BOUND ( 'NONE', #1733, .T. ) ;
#1839 = CARTESIAN_POINT ( 'NONE',  ( 46.77127860333799703, 5.381689200449609928E-15, 0.000000000000000000 ) ) ;
#1840 = DIRECTION ( 'NONE',  ( -1.000000000000000000, -1.224606353822377258E-16, -0.000000000000000000 ) ) ;
#1841 = VERTEX_POINT ( 'NONE', #678 ) ;
#1842 = CARTESIAN_POINT ( 'NONE',  ( 65.22872139666199587, -2.511412647480955552E-28, 8.000000000000005329 ) ) ;
#1843 = FACE_OUTER_BOUND ( 'NONE', #2681, .T. ) ;
#1844 = DIRECTION ( 'NONE',  ( -1.000000000000000000, -1.224606353822377258E-16, -0.000000000000000000 ) ) ;
#1845 = EDGE_CURVE ( 'NONE', #2029, #2833, #2143, .T. ) ;
#1846 = DIRECTION ( 'NONE',  ( -1.000000000000000000, -0.000000000000000000, -0.000000000000000000 ) ) ;
#1847 = CARTESIAN_POINT ( 'NONE',  ( 43.22872139666199587, -2.511412647480955552E-28, 8.000000000000005329 ) ) ;
#1848 = ORIENTED_EDGE ( 'NONE', *, *, #4363, .F. ) ;
#1849 = FACE_OUTER_BOUND ( 'NONE', #4001, .T. ) ;
#1850 = EDGE_CURVE ( 'NONE', #1135, #4986, #3279, .T. ) ;
#1851 = ORIENTED_EDGE ( 'NONE', *, *, #5239, .T. ) ;
#1852 = VERTEX_POINT ( 'NONE', #1104 ) ;
#1853 = DIRECTION ( 'NONE',  ( 0.000000000000000000, -1.000000000000000000, 0.000000000000000000 ) ) ;
#1854 = CONICAL_SURFACE ( 'NONE', #720, 6.898500000000005627, 0.9599310885968754814 ) ;
#1855 = DIRECTION ( 'NONE',  ( -1.000000000000000000, -1.224606353822377258E-16, -0.000000000000000000 ) ) ;
#1856 = EDGE_CURVE ( 'NONE', #1130, #1883, #1468, .T. ) ;
#1857 = DIRECTION ( 'NONE',  ( 1.000000000000000000, 1.224606353822377258E-16, 0.000000000000000000 ) ) ;
#1858 = ADVANCED_FACE ( 'NONE', ( #4117 ), #5334, .T. ) ;
#1859 = AXIS2_PLACEMENT_3D ( 'NONE', #3745, #4217, #4651 ) ;
#1860 = DIRECTION ( 'NONE',  ( 0.000000000000000000, -1.000000000000000000, 0.000000000000000000 ) ) ;
#1861 = VERTEX_POINT ( 'NONE', #4979 ) ;
#1862 = DIRECTION ( 'NONE',  ( 0.000000000000000000, 1.000000000000000000, 0.000000000000000000 ) ) ;
#1863 = DIRECTION ( 'NONE',  ( 0.000000000000000000, -1.000000000000000000, 0.000000000000000000 ) ) ;
#1864 = CARTESIAN_POINT ( 'NONE',  ( 75.22872139666201008, -2.511412647480955552E-28, 8.000000000000005329 ) ) ;
#1865 = STYLED_ITEM ( 'NONE', ( #2479 ), #710 ) ;
#1866 = FACE_OUTER_BOUND ( 'NONE', #3517, .T. ) ;
#1867 = ORIENTED_EDGE ( 'NONE', *, *, #1312, .F. ) ;
#1868 = DIRECTION ( 'NONE',  ( -1.000000000000000000, -1.224606353822377258E-16, -0.000000000000000000 ) ) ;
#1869 = CARTESIAN_POINT ( 'NONE',  ( 59.22872139666199587, 5.192786664806616592E-15, 0.000000000000000000 ) ) ;
#1870 = ORIENTED_EDGE ( 'NONE', *, *, #2628, .F. ) ;
#1871 = CONICAL_SURFACE ( 'NONE', #651, 8.000000000000005329, 0.9599310885968797002 ) ;
#1872 = EDGE_LOOP ( 'NONE', ( #3765, #4591, #695, #2332, #1837, #180 ) ) ;
#1873 = ORIENTED_EDGE ( 'NONE', *, *, #3915, .T. ) ;
#1874 = CARTESIAN_POINT ( 'NONE',  ( 49.22872139666199587, 5.192786664806616592E-15, 0.000000000000000000 ) ) ;
#1875 = EDGE_CURVE ( 'NONE', #4197, #1135, #4176, .T. ) ;
#1876 = CYLINDRICAL_SURFACE ( 'NONE', #736, 7.999999999999618083 ) ;
#1877 = EDGE_LOOP ( 'NONE', ( #4330, #691, #2145, #1278, #4199 ) ) ;
#1878 = CARTESIAN_POINT ( 'NONE',  ( 81.22872139666199587, 5.192786664806616592E-15, 0.000000000000000000 ) ) ;
#1879 = DIRECTION ( 'NONE',  ( -1.000000000000000000, -0.000000000000000000, -0.000000000000000000 ) ) ;
#1880 = CIRCLE ( 'NONE', #4661, 8.000000000000005329 ) ;
#1881 = EDGE_CURVE ( 'NONE', #2449, #4091, #1737, .T. ) ;
#1882 = DIRECTION ( 'NONE',  ( -0.5735764363510509334, 0.8191520442889884679, 1.003171929053520802E-16 ) ) ;
#1883 = VERTEX_POINT ( 'NONE', #1087 ) ;
#1884 =( LENGTH_UNIT ( ) NAMED_UNIT ( * ) SI_UNIT ( .MILLI., .METRE. ) );
#1885 = ADVANCED_FACE ( 'NONE', ( #2265 ), #709, .T. ) ;
#1886 = FACE_OUTER_BOUND ( 'NONE', #2261, .T. ) ;
#1887 = ORIENTED_EDGE ( 'NONE', *, *, #3591, .T. ) ;
#1888 = CARTESIAN_POINT ( 'NONE',  ( 77.22872139666199587, -2.511412647480955552E-28, 8.000000000000005329 ) ) ;
#1889 = EDGE_CURVE ( 'NONE', #5121, #3647, #3629, .T. ) ;
#1890 = AXIS2_PLACEMENT_3D ( 'NONE', #1741, #4777, #885 ) ;
#1891 = ORIENTED_EDGE ( 'NONE', *, *, #2186, .F. ) ;
#1892 = CARTESIAN_POINT ( 'NONE',  ( 84.77127860333798992, 5.381689200449609928E-15, 0.000000000000000000 ) ) ;
#1893 = CIRCLE ( 'NONE', #3750, 6.898500000000005627 ) ;
#1894 = ORIENTED_EDGE ( 'NONE', *, *, #4315, .F. ) ;
#1895 = CARTESIAN_POINT ( 'NONE',  ( -31.74999999999995737, 0.000000000000000000, 7.999999999999618083 ) ) ;
#1896 = DIRECTION ( 'NONE',  ( 0.000000000000000000, -1.000000000000000000, 0.000000000000000000 ) ) ;
#1897 = LINE ( 'NONE', #3598, #2097 ) ;
#1898 = AXIS2_PLACEMENT_3D ( 'NONE', #1009, #4903, #5330 ) ;
#1899 = CIRCLE ( 'NONE', #3050, 8.000000000000005329 ) ;
#1900 = ORIENTED_EDGE ( 'NONE', *, *, #2954, .T. ) ;
#1901 = CARTESIAN_POINT ( 'NONE',  ( -31.74999999999995737, 0.000000000000000000, 0.000000000000000000 ) ) ;
#1902 = CONICAL_SURFACE ( 'NONE', #2003, 6.898500000000005627, 0.9599310885968754814 ) ;
#1903 = DIRECTION ( 'NONE',  ( 0.5735764363510472696, 0.8191520442889909104, 0.000000000000000000 ) ) ;
#1904 = CARTESIAN_POINT ( 'NONE',  ( 73.22872139666201008, 5.192786664806616592E-15, 0.000000000000000000 ) ) ;
#1905 = ORIENTED_EDGE ( 'NONE', *, *, #1154, .T. ) ;
#1906 = DIRECTION ( 'NONE',  ( -1.000000000000000000, -0.000000000000000000, -0.000000000000000000 ) ) ;
#1907 = CIRCLE ( 'NONE', #4254, 8.000000000000005329 ) ;
#1908 = PLANE ( 'NONE',  #2113 ) ;
#1909 = ORIENTED_EDGE ( 'NONE', *, *, #290, .T. ) ;
#1910 = TOROIDAL_SURFACE ( 'NONE', #4365, 8.599999999999617728, 0.5999999999999999778 ) ;
#1911 = DIRECTION ( 'NONE',  ( -1.000000000000000000, -1.224606353822377258E-16, -0.000000000000000000 ) ) ;
#1912 = CARTESIAN_POINT ( 'NONE',  ( 68.00000000000000000, 5.287237932628113655E-15, 0.000000000000000000 ) ) ;
#1913 = ADVANCED_FACE ( 'NONE', ( #2741 ), #1338, .T. ) ;
#1914 = ORIENTED_EDGE ( 'NONE', *, *, #1163, .T. ) ;
#1915 = CARTESIAN_POINT ( 'NONE',  ( 10.00000000000000178, 0.000000000000000000, 0.000000000000000000 ) ) ;
#1916 = CIRCLE ( 'NONE', #799, 8.000000000000005329 ) ;
#1917 = EDGE_CURVE ( 'NONE', #1503, #1944, #1404, .T. ) ;
#1918 = CARTESIAN_POINT ( 'NONE',  ( 63.22872139666199587, 5.192786664806616592E-15, 0.000000000000000000 ) ) ;
#1919 = CARTESIAN_POINT ( 'NONE',  ( -31.74999999999995737, 0.000000000000000000, 0.000000000000000000 ) ) ;
#1920 = ORIENTED_EDGE ( 'NONE', *, *, #4426, .F. ) ;
#1921 = LINE ( 'NONE', #3792, #5113 ) ;
#1922 = AXIS2_PLACEMENT_3D ( 'NONE', #742, #800, #2514 ) ;
#1923 = DIRECTION ( 'NONE',  ( 1.000000000000000000, 1.224606353822377258E-16, 0.000000000000000000 ) ) ;
#1924 = EDGE_CURVE ( 'NONE', #2889, #1590, #169, .T. ) ;
#1925 = AXIS2_PLACEMENT_3D ( 'NONE', #767, #5489, #4170 ) ;
#1926 = ORIENTED_EDGE ( 'NONE', *, *, #4877, .F. ) ;
#1927 = VECTOR ( 'NONE', #2134, 1000.000000000000114 ) ;
#1928 = DIRECTION ( 'NONE',  ( -0.5735764363510507113, -0.8191520442889885789, 0.000000000000000000 ) ) ;
#1929 = APPLICATION_PROTOCOL_DEFINITION ( 'draft international standard', 'automotive_design', 1998, #3204 ) ;
#1930 = ORIENTED_EDGE ( 'NONE', *, *, #615, .F. ) ;
#1931 = ORIENTED_EDGE ( 'NONE', *, *, #3665, .F. ) ;
#1932 = LINE ( 'NONE', #138, #369 ) ;
#1933 = EDGE_CURVE ( 'NONE', #4861, #5282, #4583, .T. ) ;
#1934 = AXIS2_PLACEMENT_3D ( 'NONE', #2323, #4048, #1519 ) ;
#1935 = DIRECTION ( 'NONE',  ( 0.000000000000000000, -1.000000000000000000, 0.000000000000000000 ) ) ;
#1936 = CYLINDRICAL_SURFACE ( 'NONE', #3521, 7.999999999999618083 ) ;
#1937 = ORIENTED_EDGE ( 'NONE', *, *, #1827, .F. ) ;
#1938 = DIRECTION ( 'NONE',  ( -1.000000000000000000, -1.224606353822377258E-16, -0.000000000000000000 ) ) ;
#1939 = DIRECTION ( 'NONE',  ( -1.000000000000000000, -1.224606353822377258E-16, -0.000000000000000000 ) ) ;
#1940 = AXIS2_PLACEMENT_3D ( 'NONE', #5454, #2340, #3831 ) ;
#1941 = SURFACE_SIDE_STYLE ('',( #458 ) ) ;
#1942 = ADVANCED_FACE ( 'NONE', ( #4932 ), #1596, .T. ) ;
#1943 = VERTEX_POINT ( 'NONE', #1152 ) ;
#1944 = VERTEX_POINT ( 'NONE', #4616 ) ;
#1945 = CARTESIAN_POINT ( 'NONE',  ( 0.8000000000000020428, 0.000000000000000000, 0.000000000000000000 ) ) ;
#1946 = DIRECTION ( 'NONE',  ( 0.000000000000000000, -1.000000000000000000, 0.000000000000000000 ) ) ;
#1947 = CIRCLE ( 'NONE', #3577, 8.000000000000005329 ) ;
#1948 = ORIENTED_EDGE ( 'NONE', *, *, #615, .T. ) ;
#1949 = CARTESIAN_POINT ( 'NONE',  ( 66.00000000000000000, 5.287237932628113655E-15, 0.000000000000000000 ) ) ;
#1950 = EDGE_CURVE ( 'NONE', #1021, #3952, #3773, .T. ) ;
#1951 = DIRECTION ( 'NONE',  ( 0.000000000000000000, -1.000000000000000000, 0.000000000000000000 ) ) ;
#1952 = DIRECTION ( 'NONE',  ( -1.000000000000000000, -1.224606353822377258E-16, -0.000000000000000000 ) ) ;
#1953 = LINE ( 'NONE', #49, #4128 ) ;
#1954 = VERTEX_POINT ( 'NONE', #184 ) ;
#1955 = CARTESIAN_POINT ( 'NONE',  ( 62.00000000000000000, 5.287237932628113655E-15, 0.000000000000000000 ) ) ;
#1956 = DIRECTION ( 'NONE',  ( -0.5735764363510507113, -0.8191520442889885789, 0.000000000000000000 ) ) ;
#1957 = EDGE_CURVE ( 'NONE', #4935, #5372, #3569, .T. ) ;
#1958 = CARTESIAN_POINT ( 'NONE',  ( 75.22872139666201008, 9.797174393176315108E-16, -8.000000000000005329 ) ) ;
#1959 = VECTOR ( 'NONE', #1629, 1000.000000000000000 ) ;
#1960 = EDGE_LOOP ( 'NONE', ( #1772, #4542, #4788, #4706, #3354, #5583 ) ) ;
#1961 = VECTOR ( 'NONE', #3852, 1000.000000000000000 ) ;
#1962 = CARTESIAN_POINT ( 'NONE',  ( 8.000000000000000000, -8.164887506879685120, -3.035766082959412415E-15 ) ) ;
#1963 = DIRECTION ( 'NONE',  ( 0.000000000000000000, 1.000000000000000000, 0.000000000000000000 ) ) ;
#1964 = FACE_OUTER_BOUND ( 'NONE', #1004, .T. ) ;
#1965 = DIRECTION ( 'NONE',  ( 0.000000000000000000, -1.000000000000000000, 0.000000000000000000 ) ) ;
#1966 = ORIENTED_EDGE ( 'NONE', *, *, #4180, .F. ) ;
#1967 = EDGE_CURVE ( 'NONE', #3702, #636, #2002, .T. ) ;
#1968 = AXIS2_PLACEMENT_3D ( 'NONE', #5075, #1585, #4613 ) ;
#1969 = ORIENTED_EDGE ( 'NONE', *, *, #3454, .T. ) ;
#1970 = FACE_OUTER_BOUND ( 'NONE', #3710, .T. ) ;
#1971 = ADVANCED_FACE ( 'NONE', ( #3414 ), #4789, .T. ) ;
#1972 = ORIENTED_EDGE ( 'NONE', *, *, #406, .F. ) ;
#1973 = FACE_OUTER_BOUND ( 'NONE', #5446, .T. ) ;
#1974 = CARTESIAN_POINT ( 'NONE',  ( 58.77127860333800413, -2.603857284811542873E-28, 8.000000000000005329 ) ) ;
#1975 = DIRECTION ( 'NONE',  ( 1.000000000000000000, 1.224606353822377258E-16, 0.000000000000000000 ) ) ;
#1976 = VERTEX_POINT ( 'NONE', #293 ) ;
#1977 = FACE_OUTER_BOUND ( 'NONE', #3657, .T. ) ;
#1978 = EDGE_CURVE ( 'NONE', #4725, #4986, #3005, .T. ) ;
#1979 = CARTESIAN_POINT ( 'NONE',  ( 86.00000000000000000, 5.287237932628113655E-15, 0.000000000000000000 ) ) ;
#1980 = CARTESIAN_POINT ( 'NONE',  ( 44.77127860333800413, -8.000000000000001776, 9.797174393178835518E-16 ) ) ;
#1981 = ORIENTED_EDGE ( 'NONE', *, *, #4102, .F. ) ;
#1982 = LINE ( 'NONE', #5471, #970 ) ;
#1983 = DIRECTION ( 'NONE',  ( -1.000000000000000000, -1.224606353822377258E-16, -0.000000000000000000 ) ) ;
#1984 = EDGE_CURVE ( 'NONE', #750, #3624, #5531, .T. ) ;
#1985 = ORIENTED_EDGE ( 'NONE', *, *, #2157, .T. ) ;
#1986 = CIRCLE ( 'NONE', #3557, 8.000000000000005329 ) ;
#1987 = CARTESIAN_POINT ( 'NONE',  ( 8.000000000000000000, 0.000000000000000000, 7.070999999999999730 ) ) ;
#1988 = DIRECTION ( 'NONE',  ( -1.000000000000000000, -1.224606353822377258E-16, -0.000000000000000000 ) ) ;
#1989 = ORIENTED_EDGE ( 'NONE', *, *, #5331, .T. ) ;
#1990 = VECTOR ( 'NONE', #1729, 1000.000000000000000 ) ;
#1991 = EDGE_CURVE ( 'NONE', #1458, #1801, #3347, .T. ) ;
#1992 = ADVANCED_FACE ( 'NONE', ( #2331 ), #1128, .T. ) ;
#1993 = AXIS2_PLACEMENT_3D ( 'NONE', #3039, #908, #55 ) ;
#1994 = CARTESIAN_POINT ( 'NONE',  ( 81.22872139666199587, -2.511412647480955552E-28, 8.000000000000005329 ) ) ;
#1995 = DIRECTION ( 'NONE',  ( 0.000000000000000000, -1.000000000000000000, 0.000000000000000000 ) ) ;
#1996 = ORIENTED_EDGE ( 'NONE', *, *, #1597, .F. ) ;
#1997 = CIRCLE ( 'NONE', #1631, 8.000000000000005329 ) ;
#1998 = EDGE_LOOP ( 'NONE', ( #4188, #5091, #4827, #2618, #4232 ) ) ;
#1999 = DIRECTION ( 'NONE',  ( 0.000000000000000000, 0.000000000000000000, 1.000000000000000000 ) ) ;
#2000 = AXIS2_PLACEMENT_3D ( 'NONE', #1711, #4784, #4288 ) ;
#2001 = CARTESIAN_POINT ( 'NONE',  ( 87.22872139666199587, 8.000000000000012434, 9.797174393178835518E-16 ) ) ;
#2002 = CIRCLE ( 'NONE', #2980, 8.000000000000005329 ) ;
#2003 = AXIS2_PLACEMENT_3D ( 'NONE', #1012, #992, #2781 ) ;
#2004 = ORIENTED_EDGE ( 'NONE', *, *, #2963, .F. ) ;
#2005 = EDGE_LOOP ( 'NONE', ( #3493, #2004, #1766, #2928, #3167 ) ) ;
#2006 = DIRECTION ( 'NONE',  ( -1.000000000000000000, -1.224606353822377258E-16, -0.000000000000000000 ) ) ;
#2007 = ORIENTED_EDGE ( 'NONE', *, *, #472, .T. ) ;
#2008 = ORIENTED_EDGE ( 'NONE', *, *, #4097, .F. ) ;
#2009 = AXIS2_PLACEMENT_3D ( 'NONE', #5216, #30, #1352 ) ;
#2010 = EDGE_CURVE ( 'NONE', #2708, #3446, #2607, .T. ) ;
#2011 = CARTESIAN_POINT ( 'NONE',  ( 62.77127860333800413, -8.000000000000000000, 9.797174393178833546E-16 ) ) ;
#2012 = CIRCLE ( 'NONE', #1105, 8.000000000000005329 ) ;
#2013 = EDGE_LOOP ( 'NONE', ( #5619, #2445, #3548, #1331, #2485, #3140 ) ) ;
#2014 = CARTESIAN_POINT ( 'NONE',  ( 59.22872139666199587, 8.000000000000012434, 9.797174393178835518E-16 ) ) ;
#2015 = DIRECTION ( 'NONE',  ( 1.000000000000000000, 1.224606353822377258E-16, 0.000000000000000000 ) ) ;
#2016 = CARTESIAN_POINT ( 'NONE',  ( 42.77127860333799703, 5.381689200449609928E-15, 0.000000000000000000 ) ) ;
#2017 = LINE ( 'NONE', #204, #3296 ) ;
#2018 = EDGE_CURVE ( 'NONE', #87, #4468, #3844, .T. ) ;
#2019 = ORIENTED_EDGE ( 'NONE', *, *, #1845, .F. ) ;
#2020 = DIRECTION ( 'NONE',  ( 0.000000000000000000, -1.000000000000000000, 0.000000000000000000 ) ) ;
#2021 = VERTEX_POINT ( 'NONE', #1692 ) ;
#2022 = VECTOR ( 'NONE', #88, 1000.000000000000000 ) ;
#2023 = EDGE_LOOP ( 'NONE', ( #2344, #766, #5274, #1302 ) ) ;
#2024 = DIRECTION ( 'NONE',  ( -1.000000000000000000, -0.000000000000000000, -0.000000000000000000 ) ) ;
#2025 = DIRECTION ( 'NONE',  ( -1.000000000000000000, -1.224606353822377258E-16, -0.000000000000000000 ) ) ;
#2026 = CARTESIAN_POINT ( 'NONE',  ( 50.00000000000000000, 6.898500000000010957, 0.000000000000000000 ) ) ;
#2027 = EDGE_CURVE ( 'NONE', #3104, #4764, #2539, .T. ) ;
#2028 = DIRECTION ( 'NONE',  ( -1.000000000000000000, -1.224606353822377258E-16, -0.000000000000000000 ) ) ;
#2029 = VERTEX_POINT ( 'NONE', #4693 ) ;
#2030 = ORIENTED_EDGE ( 'NONE', *, *, #3740, .F. ) ;
#2031 = VERTEX_POINT ( 'NONE', #5151 ) ;
#2032 = FACE_OUTER_BOUND ( 'NONE', #1960, .T. ) ;
#2033 = CARTESIAN_POINT ( 'NONE',  ( 83.99999999999998579, 6.898500000000010957, 8.448225943918022600E-16 ) ) ;
#2034 = EDGE_CURVE ( 'NONE', #433, #387, #2398, .T. ) ;
#2035 = ORIENTED_EDGE ( 'NONE', *, *, #5184, .T. ) ;
#2036 = FACE_OUTER_BOUND ( 'NONE', #1062, .T. ) ;
#2037 = AXIS2_PLACEMENT_3D ( 'NONE', #3460, #4327, #3879 ) ;
#2038 = CARTESIAN_POINT ( 'NONE',  ( 41.22872139666199587, -7.999999999999998224, 0.000000000000000000 ) ) ;
#2039 = DIRECTION ( 'NONE',  ( 0.000000000000000000, -1.000000000000000000, 0.000000000000000000 ) ) ;
#2040 = ORIENTED_EDGE ( 'NONE', *, *, #675, .T. ) ;
#2041 = VECTOR ( 'NONE', #2767, 1000.000000000000000 ) ;
#2042 = AXIS2_PLACEMENT_3D ( 'NONE', #1892, #1461, #3225 ) ;
#2043 = DIRECTION ( 'NONE',  ( 0.000000000000000000, -1.000000000000000000, 0.000000000000000000 ) ) ;
#2044 = DIRECTION ( 'NONE',  ( -0.7071067811867830510, 8.659560562352049818E-17, -0.7071067811863120944 ) ) ;
#2045 = CARTESIAN_POINT ( 'NONE',  ( 54.77127860333799703, 5.381689200449609928E-15, 0.000000000000000000 ) ) ;
#2046 = CARTESIAN_POINT ( 'NONE',  ( 66.77127860333800413, 5.381689200449609928E-15, 0.000000000000000000 ) ) ;
#2047 = EDGE_LOOP ( 'NONE', ( #107, #58 ) ) ;
#2048 = LINE ( 'NONE', #347, #4287 ) ;
#2049 = DIRECTION ( 'NONE',  ( -1.000000000000000000, -1.224606353822377258E-16, -0.000000000000000000 ) ) ;
#2050 = ADVANCED_FACE ( 'NONE', ( #305 ), #3145, .T. ) ;
#2051 = ORIENTED_EDGE ( 'NONE', *, *, #2096, .F. ) ;
#2052 = DIRECTION ( 'NONE',  ( -1.000000000000000000, -0.000000000000000000, -0.000000000000000000 ) ) ;
#2053 = FACE_OUTER_BOUND ( 'NONE', #5181, .T. ) ;
#2054 = EDGE_CURVE ( 'NONE', #712, #5519, #3701, .T. ) ;
#2055 = CARTESIAN_POINT ( 'NONE',  ( 69.22872139666199587, 9.797174393176315108E-16, -8.000000000000005329 ) ) ;
#2056 = DIRECTION ( 'NONE',  ( 0.5735764363510474917, -0.8191520442889907994, 1.003171929053523514E-16 ) ) ;
#2057 = ADVANCED_FACE ( 'NONE', ( #4647 ), #2461, .T. ) ;
#2058 = ORIENTED_EDGE ( 'NONE', *, *, #5126, .F. ) ;
#2059 = DIRECTION ( 'NONE',  ( -0.000000000000000000, 1.000000000000000000, 1.224646799147353207E-16 ) ) ;
#2060 = EDGE_CURVE ( 'NONE', #2608, #5378, #4519, .T. ) ;
#2061 = ORIENTED_EDGE ( 'NONE', *, *, #2707, .F. ) ;
#2062 = ORIENTED_EDGE ( 'NONE', *, *, #1192, .F. ) ;
#2063 = FILL_AREA_STYLE_COLOUR ( '', #1358 ) ;
#2064 = DIRECTION ( 'NONE',  ( 0.000000000000000000, 1.000000000000000000, 0.000000000000000000 ) ) ;
#2065 = CARTESIAN_POINT ( 'NONE',  ( 8.000000000000000000, 0.000000000000000000, 0.000000000000000000 ) ) ;
#2066 = CARTESIAN_POINT ( 'NONE',  ( 52.00000000000000711, -6.898500000000000298, 0.000000000000000000 ) ) ;
#2067 = VECTOR ( 'NONE', #3723, 1000.000000000000114 ) ;
#2068 = EDGE_CURVE ( 'NONE', #1494, #210, #3486, .T. ) ;
#2069 = ORIENTED_EDGE ( 'NONE', *, *, #4464, .T. ) ;
#2070 = AXIS2_PLACEMENT_3D ( 'NONE', #2370, #5425, #3278 ) ;
#2071 = AXIS2_PLACEMENT_3D ( 'NONE', #3121, #99, #5268 ) ;
#2072 = CARTESIAN_POINT ( 'NONE',  ( 55.22872139666199587, -2.511412647480955552E-28, 8.000000000000005329 ) ) ;
#2073 = CARTESIAN_POINT ( 'NONE',  ( 77.22872139666199587, -7.999999999999998224, 0.000000000000000000 ) ) ;
#2074 = ORIENTED_EDGE ( 'NONE', *, *, #2480, .T. ) ;
#2075 = CIRCLE ( 'NONE', #457, 8.000000000000005329 ) ;
#2076 = ORIENTED_EDGE ( 'NONE', *, *, #705, .F. ) ;
#2077 = ORIENTED_EDGE ( 'NONE', *, *, #3246, .F. ) ;
#2078 = CARTESIAN_POINT ( 'NONE',  ( -31.74999999999995737, 0.000000000000000000, 0.000000000000000000 ) ) ;
#2079 = CARTESIAN_POINT ( 'NONE',  ( -31.74999999999995737, 0.000000000000000000, 7.999999999999618083 ) ) ;
#2080 = AXIS2_PLACEMENT_3D ( 'NONE', #3775, #1233, #2043 ) ;
#2081 = ADVANCED_FACE ( 'NONE', ( #34 ), #4863, .T. ) ;
#2082 = AXIS2_PLACEMENT_3D ( 'NONE', #5012, #646, #4604 ) ;
#2083 = CONICAL_SURFACE ( 'NONE', #4054, 6.898500000000005627, 0.9599310885968754814 ) ;
#2084 = ORIENTED_EDGE ( 'NONE', *, *, #2679, .F. ) ;
#2085 = CARTESIAN_POINT ( 'NONE',  ( 80.77127860333798992, 5.381689200449609928E-15, 0.000000000000000000 ) ) ;
#2086 = DIRECTION ( 'NONE',  ( 0.000000000000000000, -1.000000000000000000, 0.000000000000000000 ) ) ;
#2087 = CARTESIAN_POINT ( 'NONE',  ( 67.22872139666199587, 8.000000000000012434, 9.797174393178835518E-16 ) ) ;
#2088 = DIRECTION ( 'NONE',  ( -1.000000000000000000, 0.000000000000000000, 0.000000000000000000 ) ) ;
#2089 = CYLINDRICAL_SURFACE ( 'NONE', #1400, 7.999999999999618083 ) ;
#2090 = ORIENTED_EDGE ( 'NONE', *, *, #4070, .F. ) ;
#2091 = CARTESIAN_POINT ( 'NONE',  ( 57.22872139666199587, 5.192786664806616592E-15, 0.000000000000000000 ) ) ;
#2092 = DIRECTION ( 'NONE',  ( 1.000000000000000000, 1.224606353822377258E-16, 0.000000000000000000 ) ) ;
#2093 = CIRCLE ( 'NONE', #2080, 8.000000000000005329 ) ;
#2094 = ORIENTED_EDGE ( 'NONE', *, *, #644, .T. ) ;
#2095 = DIRECTION ( 'NONE',  ( 0.000000000000000000, -1.000000000000000000, 0.000000000000000000 ) ) ;
#2096 = EDGE_CURVE ( 'NONE', #3867, #4738, #4043, .T. ) ;
#2097 = VECTOR ( 'NONE', #529, 1000.000000000000000 ) ;
#2098 = PLANE ( 'NONE',  #3329 ) ;
#2099 = CIRCLE ( 'NONE', #4921, 8.000000000000005329 ) ;
#2100 = ORIENTED_EDGE ( 'NONE', *, *, #1950, .T. ) ;
#2101 = CARTESIAN_POINT ( 'NONE',  ( 46.00000000000000000, -6.898500000000000298, 9.122700168548426594E-16 ) ) ;
#2102 = AXIS2_PLACEMENT_3D ( 'NONE', #4779, #1348, #3498 ) ;
#2103 = ORIENTED_EDGE ( 'NONE', *, *, #4315, .T. ) ;
#2104 = DIRECTION ( 'NONE',  ( -1.000000000000000000, -1.224606353822377258E-16, -0.000000000000000000 ) ) ;
#2105 = CONICAL_SURFACE ( 'NONE', #1757, 6.898500000000005627, 0.9599310885968754814 ) ;
#2106 = EDGE_CURVE ( 'NONE', #1760, #2031, #2135, .T. ) ;
#2107 = CARTESIAN_POINT ( 'NONE',  ( 55.22872139666199587, 5.192786664806616592E-15, 0.000000000000000000 ) ) ;
#2108 = AXIS2_PLACEMENT_3D ( 'NONE', #1625, #4617, #2020 ) ;
#2109 = ORIENTED_EDGE ( 'NONE', *, *, #1048, .F. ) ;
#2110 = DIRECTION ( 'NONE',  ( -1.000000000000000000, -1.224606353822377258E-16, -0.000000000000000000 ) ) ;
#2111 = FACE_OUTER_BOUND ( 'NONE', #3175, .T. ) ;
#2112 = AXIS2_PLACEMENT_3D ( 'NONE', #304, #3327, #702 ) ;
#2114 = DIRECTION ( 'NONE',  ( 0.000000000000000000, -1.000000000000000000, 0.000000000000000000 ) ) ;
#2113 = AXIS2_PLACEMENT_3D ( 'NONE', #3219, #3627, #1044 ) ;
#2115 = ORIENTED_EDGE ( 'NONE', *, *, #4899, .T. ) ;
#2116 = DIRECTION ( 'NONE',  ( 0.000000000000000000, 0.000000000000000000, -1.000000000000000000 ) ) ;
#2117 = CIRCLE ( 'NONE', #4007, 8.000000000000005329 ) ;
#2118 = VERTEX_POINT ( 'NONE', #1842 ) ;
#2119 = LINE ( 'NONE', #3375, #1511 ) ;
#2120 = AXIS2_PLACEMENT_3D ( 'NONE', #4090, #1490, #4523 ) ;
#2121 = CARTESIAN_POINT ( 'NONE',  ( 43.22872139666199587, 5.192786664806616592E-15, 0.000000000000000000 ) ) ;
#2122 = EDGE_LOOP ( 'NONE', ( #4754, #1001, #626, #2826, #1648 ) ) ;
#2123 = LINE ( 'NONE', #4856, #1253 ) ;
#2124 = DIRECTION ( 'NONE',  ( -1.000000000000000000, -1.224606353822377258E-16, -0.000000000000000000 ) ) ;
#2125 = EDGE_CURVE ( 'NONE', #3417, #130, #105, .T. ) ;
#2126 = VERTEX_POINT ( 'NONE', #522 ) ;
#2127 = VECTOR ( 'NONE', #1956, 1000.000000000000000 ) ;
#2128 = DIRECTION ( 'NONE',  ( 0.000000000000000000, -1.000000000000000000, 0.000000000000000000 ) ) ;
#2129 = DIRECTION ( 'NONE',  ( -0.5735764363510509334, 0.8191520442889884679, 1.003171929053520802E-16 ) ) ;
#2130 = FACE_OUTER_BOUND ( 'NONE', #2122, .T. ) ;
#2131 = VERTEX_POINT ( 'NONE', #977 ) ;
#2132 = EDGE_CURVE ( 'NONE', #1462, #5570, #381, .T. ) ;
#2133 = DIRECTION ( 'NONE',  ( 0.000000000000000000, -1.000000000000000000, 0.000000000000000000 ) ) ;
#2134 = DIRECTION ( 'NONE',  ( 0.5735764363510474917, -0.8191520442889907994, 1.003171929053523514E-16 ) ) ;
#2135 = CIRCLE ( 'NONE', #2102, 8.000000000000005329 ) ;
#2136 = EDGE_LOOP ( 'NONE', ( #3832, #2812, #2525, #1891, #5033 ) ) ;
#2137 = ORIENTED_EDGE ( 'NONE', *, *, #2523, .F. ) ;
#2138 = ADVANCED_FACE ( 'NONE', ( #4311 ), #1871, .T. ) ;
#2139 = DIRECTION ( 'NONE',  ( -1.000000000000000000, -1.224606353822377258E-16, -0.000000000000000000 ) ) ;
#2140 = CARTESIAN_POINT ( 'NONE',  ( 58.77127860333800413, 5.381689200449609928E-15, 0.000000000000000000 ) ) ;
#2141 = EDGE_CURVE ( 'NONE', #877, #2975, #1061, .T. ) ;
#2142 = DIRECTION ( 'NONE',  ( 0.000000000000000000, -1.000000000000000000, 0.000000000000000000 ) ) ;
#2143 = LINE ( 'NONE', #554, #4722 ) ;
#2144 = AXIS2_PLACEMENT_3D ( 'NONE', #3536, #3983, #981 ) ;
#2145 = ORIENTED_EDGE ( 'NONE', *, *, #5443, .T. ) ;
#2146 = DIRECTION ( 'NONE',  ( 0.000000000000000000, -1.000000000000000000, 0.000000000000000000 ) ) ;
#2147 = DIRECTION ( 'NONE',  ( -1.000000000000000000, -0.000000000000000000, -0.000000000000000000 ) ) ;
#2148 = VECTOR ( 'NONE', #3027, 1000.000000000000000 ) ;
#2149 = ORIENTED_EDGE ( 'NONE', *, *, #5263, .F. ) ;
#2150 = DIRECTION ( 'NONE',  ( 0.000000000000000000, -1.000000000000000000, 0.000000000000000000 ) ) ;
#2151 = AXIS2_PLACEMENT_3D ( 'NONE', #5346, #4496, #5384 ) ;
#2152 = ORIENTED_EDGE ( 'NONE', *, *, #4243, .F. ) ;
#2153 = CARTESIAN_POINT ( 'NONE',  ( 78.00000000000000000, 5.287237932628113655E-15, 0.000000000000000000 ) ) ;
#2154 = CARTESIAN_POINT ( 'NONE',  ( 70.00000000000000000, 5.287237932628113655E-15, 0.000000000000000000 ) ) ;
#2155 = CIRCLE ( 'NONE', #952, 6.898500000000005627 ) ;
#2156 = CONICAL_SURFACE ( 'NONE', #2932, 6.898500000000005627, 0.9599310885968754814 ) ;
#2157 = EDGE_CURVE ( 'NONE', #1590, #4080, #2873, .T. ) ;
#2158 = ORIENTED_EDGE ( 'NONE', *, *, #2714, .F. ) ;
#2159 = DIRECTION ( 'NONE',  ( 1.000000000000000000, 1.224606353822377258E-16, 0.000000000000000000 ) ) ;
#2160 = DIRECTION ( 'NONE',  ( -1.000000000000000000, -1.224606353822377258E-16, -0.000000000000000000 ) ) ;
#2161 = ORIENTED_EDGE ( 'NONE', *, *, #3520, .F. ) ;
#2162 = ORIENTED_EDGE ( 'NONE', *, *, #4715, .F. ) ;
#2163 = ORIENTED_EDGE ( 'NONE', *, *, #1670, .T. ) ;
#2164 = CIRCLE ( 'NONE', #4044, 8.000000000000005329 ) ;
#2165 = DIRECTION ( 'NONE',  ( 1.000000000000000000, 1.224606353822377258E-16, 0.000000000000000000 ) ) ;
#2166 = EDGE_CURVE ( 'NONE', #4513, #1954, #5462, .T. ) ;
#2167 = ADVANCED_FACE ( 'NONE', ( #3912 ), #4093, .T. ) ;
#2168 = ORIENTED_EDGE ( 'NONE', *, *, #245, .T. ) ;
#2169 = CIRCLE ( 'NONE', #3899, 7.070999999999999730 ) ;
#2170 = DIRECTION ( 'NONE',  ( -1.000000000000000000, -1.224606353822377258E-16, -0.000000000000000000 ) ) ;
#2171 = DIRECTION ( 'NONE',  ( -0.7071067811867830510, 0.000000000000000000, 0.7071067811863120944 ) ) ;
#2172 = EDGE_CURVE ( 'NONE', #1310, #1537, #850, .T. ) ;
#2173 = VERTEX_POINT ( 'NONE', #2001 ) ;
#2174 = VECTOR ( 'NONE', #4808, 1000.000000000000000 ) ;
#2175 = AXIS2_PLACEMENT_3D ( 'NONE', #5487, #4179, #2476 ) ;
#2176 = DIRECTION ( 'NONE',  ( 1.000000000000000000, 1.224606353822377258E-16, 0.000000000000000000 ) ) ;
#2177 = ORIENTED_EDGE ( 'NONE', *, *, #2644, .T. ) ;
#2178 = VECTOR ( 'NONE', #2821, 999.9999999999998863 ) ;
#2179 = DIRECTION ( 'NONE',  ( -1.000000000000000000, -0.000000000000000000, -0.000000000000000000 ) ) ;
#2180 = AXIS2_PLACEMENT_3D ( 'NONE', #2759, #115, #4025 ) ;
#2181 = DIRECTION ( 'NONE',  ( 0.000000000000000000, -1.000000000000000000, 0.000000000000000000 ) ) ;
#2182 = ORIENTED_EDGE ( 'NONE', *, *, #4687, .F. ) ;
#2183 = VERTEX_POINT ( 'NONE', #1980 ) ;
#2184 = CARTESIAN_POINT ( 'NONE',  ( 83.99999999999998579, 5.287237932628113655E-15, 0.000000000000000000 ) ) ;
#2185 = LINE ( 'NONE', #438, #4987 ) ;
#2186 = EDGE_CURVE ( 'NONE', #3939, #4708, #987, .T. ) ;
#2187 = CARTESIAN_POINT ( 'NONE',  ( 70.77127860333800413, 5.381689200449609928E-15, 0.000000000000000000 ) ) ;
#2188 = ADVANCED_FACE ( 'NONE', ( #1866 ), #2393, .T. ) ;
#2189 = EDGE_LOOP ( 'NONE', ( #3922, #4968, #4361, #4866, #2635 ) ) ;
#2190 = CARTESIAN_POINT ( 'NONE',  ( 75.22872139666201008, -7.999999999999998224, 0.000000000000000000 ) ) ;
#2191 = ORIENTED_EDGE ( 'NONE', *, *, #5448, .T. ) ;
#2192 = FACE_OUTER_BOUND ( 'NONE', #1339, .T. ) ;
#2193 = EDGE_CURVE ( 'NONE', #4764, #4195, #5327, .T. ) ;
#2194 = DIRECTION ( 'NONE',  ( -1.000000000000000000, -1.224606353822377258E-16, -0.000000000000000000 ) ) ;
#2195 = VECTOR ( 'NONE', #2897, 1000.000000000000000 ) ;
#2196 = ORIENTED_EDGE ( 'NONE', *, *, #4390, .F. ) ;
#2197 = AXIS2_PLACEMENT_3D ( 'NONE', #1439, #1398, #2290 ) ;
#2198 = FACE_OUTER_BOUND ( 'NONE', #4278, .T. ) ;
#2199 = EDGE_CURVE ( 'NONE', #4901, #1402, #2999, .T. ) ;
#2200 = VERTEX_POINT ( 'NONE', #2014 ) ;
#2201 = VERTEX_POINT ( 'NONE', #2418 ) ;
#2202 = AXIS2_PLACEMENT_3D ( 'NONE', #313, #3828, #4659 ) ;
#2203 = CARTESIAN_POINT ( 'NONE',  ( 0.8000000000000020428, 0.000000000000000000, 0.000000000000000000 ) ) ;
#2204 = DIRECTION ( 'NONE',  ( 0.000000000000000000, -1.000000000000000000, 0.000000000000000000 ) ) ;
#2205 = VECTOR ( 'NONE', #1058, 1000.000000000000114 ) ;
#2206 = SURFACE_STYLE_FILL_AREA ( #603 ) ;
#2207 = ORIENTED_EDGE ( 'NONE', *, *, #1237, .T. ) ;
#2208 = CARTESIAN_POINT ( 'NONE',  ( 90.00000000000000000, 6.898500000000000298, 0.000000000000000000 ) ) ;
#2209 = EDGE_CURVE ( 'NONE', #3104, #2955, #5458, .T. ) ;
#2210 = DIRECTION ( 'NONE',  ( 0.000000000000000000, -1.000000000000000000, 0.000000000000000000 ) ) ;
#2211 = AXIS2_PLACEMENT_3D ( 'NONE', #4124, #4140, #1540 ) ;
#2212 = DIRECTION ( 'NONE',  ( -1.000000000000000000, -0.000000000000000000, -0.000000000000000000 ) ) ;
#2213 = LINE ( 'NONE', #3009, #4467 ) ;
#2214 = ORIENTED_EDGE ( 'NONE', *, *, #206, .T. ) ;
#2215 = CARTESIAN_POINT ( 'NONE',  ( 83.99999999999998579, 5.287237932628113655E-15, 0.000000000000000000 ) ) ;
#2216 = ADVANCED_FACE ( 'NONE', ( #2673 ), #445, .T. ) ;
#2217 = DIRECTION ( 'NONE',  ( 0.000000000000000000, 1.000000000000000000, 0.000000000000000000 ) ) ;
#2218 = AXIS2_PLACEMENT_3D ( 'NONE', #4211, #1975, #5017 ) ;
#2219 = COLOUR_RGB ( '',0.7764705882352941346, 0.7568627450980391913, 0.7372549019607843590 ) ;
#2220 = ORIENTED_EDGE ( 'NONE', *, *, #988, .T. ) ;
#2221 = FACE_OUTER_BOUND ( 'NONE', #354, .T. ) ;
#2222 = SURFACE_SIDE_STYLE ('',( #2891 ) ) ;
#2223 = DIRECTION ( 'NONE',  ( 0.000000000000000000, 1.000000000000000000, 0.000000000000000000 ) ) ;
#2224 = EDGE_LOOP ( 'NONE', ( #1418, #2214, #4525, #1920, #3162 ) ) ;
#2225 = VECTOR ( 'NONE', #265, 999.9999999999998863 ) ;
#2226 = ORIENTED_EDGE ( 'NONE', *, *, #2523, .T. ) ;
#2227 = DIRECTION ( 'NONE',  ( -1.000000000000000000, -1.224606353822377258E-16, -0.000000000000000000 ) ) ;
#2228 = EDGE_CURVE ( 'NONE', #518, #750, #4171, .T. ) ;
#2229 = VERTEX_POINT ( 'NONE', #1962 ) ;
#2230 = CIRCLE ( 'NONE', #2721, 6.898500000000005627 ) ;
#2231 = CARTESIAN_POINT ( 'NONE',  ( 76.00000000000001421, 5.287237932628113655E-15, 0.000000000000000000 ) ) ;
#2232 = VERTEX_POINT ( 'NONE', #2836 ) ;
#2233 = CIRCLE ( 'NONE', #4481, 7.070999999999999730 ) ;
#2234 = EDGE_CURVE ( 'NONE', #1449, #2229, #4448, .T. ) ;
#2235 = CARTESIAN_POINT ( 'NONE',  ( 72.00000000000001421, 6.898500000000010957, 8.448225943918022600E-16 ) ) ;
#2236 = ORIENTED_EDGE ( 'NONE', *, *, #3041, .F. ) ;
#2237 = LINE ( 'NONE', #1419, #1103 ) ;
#2238 = EDGE_CURVE ( 'NONE', #2848, #2802, #2807, .T. ) ;
#2239 = ADVANCED_FACE ( 'NONE', ( #2130 ), #4307, .T. ) ;
#2240 = AXIS2_PLACEMENT_3D ( 'NONE', #390, #3900, #1676 ) ;
#2241 = EDGE_LOOP ( 'NONE', ( #2564, #2394, #1738, #4430, #1097 ) ) ;
#2242 = DIRECTION ( 'NONE',  ( -1.000000000000000000, -1.224606353822377258E-16, -0.000000000000000000 ) ) ;
#2243 = CIRCLE ( 'NONE', #2492, 8.000000000000005329 ) ;
#2244 = DIRECTION ( 'NONE',  ( 0.000000000000000000, 0.000000000000000000, 1.000000000000000000 ) ) ;
#2245 = CARTESIAN_POINT ( 'NONE',  ( 82.77127860333798992, 8.000000000000008882, 0.000000000000000000 ) ) ;
#2246 = CARTESIAN_POINT ( 'NONE',  ( 8.000000000000000000, -9.013887592422973515E-15, -7.071000000000013053 ) ) ;
#2247 = CARTESIAN_POINT ( 'NONE',  ( 72.00000000000001421, 6.898500000000010957, 0.000000000000000000 ) ) ;
#2248 = ORIENTED_EDGE ( 'NONE', *, *, #3106, .T. ) ;
#2249 = CIRCLE ( 'NONE', #3365, 8.000000000000005329 ) ;
#2250 = AXIS2_PLACEMENT_3D ( 'NONE', #2804, #5000, #618 ) ;
#2251 = CARTESIAN_POINT ( 'NONE',  ( 76.77127860333800413, 5.381689200449609928E-15, 0.000000000000000000 ) ) ;
#2252 = CARTESIAN_POINT ( 'NONE',  ( 8.000000000000000000, -4.082443753439832790, 7.070999999999992625 ) ) ;
#2253 = VERTEX_POINT ( 'NONE', #287 ) ;
#2254 = ORIENTED_EDGE ( 'NONE', *, *, #2349, .T. ) ;
#2255 = FACE_OUTER_BOUND ( 'NONE', #4005, .T. ) ;
#2256 = ORIENTED_EDGE ( 'NONE', *, *, #5050, .T. ) ;
#2257 = CARTESIAN_POINT ( 'NONE',  ( 46.77127860333799703, 5.381689200449609928E-15, 0.000000000000000000 ) ) ;
#2258 = EDGE_CURVE ( 'NONE', #5357, #4901, #1661, .T. ) ;
#2259 = DIRECTION ( 'NONE',  ( -1.000000000000000000, -1.224606353822377258E-16, -0.000000000000000000 ) ) ;
#2260 = CIRCLE ( 'NONE', #940, 6.898500000000005627 ) ;
#2261 = EDGE_LOOP ( 'NONE', ( #3933, #4620, #815, #195, #171 ) ) ;
#2262 = CARTESIAN_POINT ( 'NONE',  ( 40.77127860333799703, 5.381689200449609928E-15, 0.000000000000000000 ) ) ;
#2263 = ORIENTED_EDGE ( 'NONE', *, *, #4989, .T. ) ;
#2264 = DIRECTION ( 'NONE',  ( 0.000000000000000000, -1.000000000000000000, 0.000000000000000000 ) ) ;
#2265 = FACE_OUTER_BOUND ( 'NONE', #5107, .T. ) ;
#2266 = EDGE_LOOP ( 'NONE', ( #3758, #4068, #2376, #1930, #5052, #2161 ) ) ;
#2267 = ORIENTED_EDGE ( 'NONE', *, *, #1266, .T. ) ;
#2268 = CARTESIAN_POINT ( 'NONE',  ( 49.22872139666199587, 5.192786664806616592E-15, 0.000000000000000000 ) ) ;
#2269 = EDGE_CURVE ( 'NONE', #3823, #5005, #575, .T. ) ;
#2270 = CARTESIAN_POINT ( 'NONE',  ( 78.77127860333798992, 9.797174393176222416E-16, -8.000000000000005329 ) ) ;
#2271 = UNCERTAINTY_MEASURE_WITH_UNIT (LENGTH_MEASURE( 1.000000000000000082E-05 ), #479, 'distance_accuracy_value', 'NONE');
#2272 = PRODUCT_DEFINITION_SHAPE ( 'NONE', 'NONE',  #229 ) ;
#2273 = DIRECTION ( 'NONE',  ( -1.000000000000000000, -1.224606353822377258E-16, -0.000000000000000000 ) ) ;
#2274 = FACE_OUTER_BOUND ( 'NONE', #384, .T. ) ;
#2275 = ADVANCED_FACE ( 'NONE', ( #4038 ), #5193, .T. ) ;
#2276 = ORIENTED_EDGE ( 'NONE', *, *, #4062, .F. ) ;
#2277 = EDGE_CURVE ( 'NONE', #3428, #4042, #1997, .T. ) ;
#2278 = LINE ( 'NONE', #4276, #1283 ) ;
#2279 = AXIS2_PLACEMENT_3D ( 'NONE', #3283, #3779, #302 ) ;
#2280 = ORIENTED_EDGE ( 'NONE', *, *, #5381, .T. ) ;
#2281 = DIRECTION ( 'NONE',  ( 0.5735764363510474917, -0.8191520442889907994, 1.003171929053523514E-16 ) ) ;
#2282 = DIRECTION ( 'NONE',  ( 0.000000000000000000, -1.000000000000000000, 0.000000000000000000 ) ) ;
#2283 = PRODUCT ( 'M16X80', 'M16X80', '', ( #187 ) ) ;
#2284 = LINE ( 'NONE', #1531, #3790 ) ;
#2285 = ORIENTED_EDGE ( 'NONE', *, *, #546, .T. ) ;
#2286 = CARTESIAN_POINT ( 'NONE',  ( 82.77127860333798992, 5.381689200449609928E-15, 0.000000000000000000 ) ) ;
#2287 = AXIS2_PLACEMENT_3D ( 'NONE', #3095, #5262, #912 ) ;
#2288 = DIRECTION ( 'NONE',  ( -0.5735764363510507113, -0.8191520442889885789, 0.000000000000000000 ) ) ;
#2289 = AXIS2_PLACEMENT_3D ( 'NONE', #906, #437, #3412 ) ;
#2290 = DIRECTION ( 'NONE',  ( 0.000000000000000000, -1.000000000000000000, 0.000000000000000000 ) ) ;
#2292 = ORIENTED_EDGE ( 'NONE', *, *, #1497, .T. ) ;
#2291 = DIRECTION ( 'NONE',  ( 0.000000000000000000, 0.000000000000000000, 1.000000000000000000 ) ) ;
#2293 = CIRCLE ( 'NONE', #5594, 8.000000000000005329 ) ;
#2294 = ORIENTED_EDGE ( 'NONE', *, *, #1827, .T. ) ;
#2295 = CARTESIAN_POINT ( 'NONE',  ( 62.77127860333800413, 5.381689200449609928E-15, 0.000000000000000000 ) ) ;
#2296 = AXIS2_PLACEMENT_3D ( 'NONE', #5506, #1114, #2439 ) ;
#2297 = DIRECTION ( 'NONE',  ( -0.5735764363510507113, -0.8191520442889885789, 0.000000000000000000 ) ) ;
#2298 = VERTEX_POINT ( 'NONE', #1095 ) ;
#2299 = ORIENTED_EDGE ( 'NONE', *, *, #3963, .F. ) ;
#2300 = VECTOR ( 'NONE', #4309, 1000.000000000000000 ) ;
#2301 = DIRECTION ( 'NONE',  ( 1.000000000000000000, 1.224606353822377258E-16, 0.000000000000000000 ) ) ;
#2302 = VERTEX_POINT ( 'NONE', #254 ) ;
#2303 = FACE_OUTER_BOUND ( 'NONE', #2601, .T. ) ;
#2304 = ADVANCED_FACE ( 'NONE', ( #4577 ), #707, .T. ) ;
#2305 = EDGE_CURVE ( 'NONE', #70, #803, #2532, .T. ) ;
#2306 = ORIENTED_EDGE ( 'NONE', *, *, #1845, .T. ) ;
#2307 = VECTOR ( 'NONE', #4983, 1000.000000000000000 ) ;
#2308 = DIRECTION ( 'NONE',  ( 0.000000000000000000, -1.000000000000000000, 0.000000000000000000 ) ) ;
#2309 =( NAMED_UNIT ( * ) PLANE_ANGLE_UNIT ( ) SI_UNIT ( $, .RADIAN. ) );
#2310 = EDGE_LOOP ( 'NONE', ( #1131, #1851 ) ) ;
#2311 = EDGE_CURVE ( 'NONE', #1521, #2641, #2865, .T. ) ;
#2312 = ORIENTED_EDGE ( 'NONE', *, *, #1317, .F. ) ;
#2313 = CONICAL_SURFACE ( 'NONE', #3632, 8.000000000000005329, 0.9599310885968797002 ) ;
#2314 = EDGE_LOOP ( 'NONE', ( #5250, #4072, #3913, #2501, #3601 ) ) ;
#2315 = CARTESIAN_POINT ( 'NONE',  ( 82.00000000000000000, 6.898500000000010957, 8.448225943918022600E-16 ) ) ;
#2316 = VECTOR ( 'NONE', #4876, 1000.000000000000000 ) ;
#2317 = EDGE_CURVE ( 'NONE', #786, #3939, #1262, .T. ) ;
#2318 = AXIS2_PLACEMENT_3D ( 'NONE', #3402, #1308, #5557 ) ;
#2319 = DIRECTION ( 'NONE',  ( 0.000000000000000000, -1.000000000000000000, 0.000000000000000000 ) ) ;
#2320 = ORIENTED_EDGE ( 'NONE', *, *, #2390, .T. ) ;
#2321 = VECTOR ( 'NONE', #4705, 1000.000000000000000 ) ;
#2322 = CARTESIAN_POINT ( 'NONE',  ( 52.77127860333799703, 5.381689200449609928E-15, 0.000000000000000000 ) ) ;
#2323 = CARTESIAN_POINT ( 'NONE',  ( 50.00000000000000000, 5.287237932628113655E-15, 0.000000000000000000 ) ) ;
#2324 = ORIENTED_EDGE ( 'NONE', *, *, #1451, .T. ) ;
#2325 = AXIS2_PLACEMENT_3D ( 'NONE', #1479, #1911, #1046 ) ;
#2326 = VERTEX_POINT ( 'NONE', #1994 ) ;
#2327 = CIRCLE ( 'NONE', #2197, 8.000000000000005329 ) ;
#2328 = PLANE ( 'NONE',  #3163 ) ;
#2329 = ADVANCED_FACE ( 'NONE', ( #1401 ), #3906, .T. ) ;
#2330 = CARTESIAN_POINT ( 'NONE',  ( 8.000000000000000000, 8.164887506879688672, -2.255140518769849223E-14 ) ) ;
#2331 = FACE_OUTER_BOUND ( 'NONE', #1225, .T. ) ;
#2332 = ORIENTED_EDGE ( 'NONE', *, *, #5155, .F. ) ;
#2333 = SURFACE_STYLE_USAGE ( .BOTH. , #3242 ) ;
#2334 = EDGE_CURVE ( 'NONE', #5402, #3428, #4377, .T. ) ;
#2335 = CARTESIAN_POINT ( 'NONE',  ( 48.77127860333799703, -2.611561004589091817E-28, 8.000000000000005329 ) ) ;
#2336 = ORIENTED_EDGE ( 'NONE', *, *, #1423, .T. ) ;
#2337 = PRESENTATION_STYLE_ASSIGNMENT (( #3618 ) ) ;
#2338 = ORIENTED_EDGE ( 'NONE', *, *, #129, .F. ) ;
#2339 = ORIENTED_EDGE ( 'NONE', *, *, #72, .F. ) ;
#2340 = DIRECTION ( 'NONE',  ( -1.000000000000000000, -0.000000000000000000, -0.000000000000000000 ) ) ;
#2341 = FACE_OUTER_BOUND ( 'NONE', #231, .T. ) ;
#2342 = EDGE_CURVE ( 'NONE', #1462, #5617, #4927, .T. ) ;
#2343 = CARTESIAN_POINT ( 'NONE',  ( 66.77127860333800413, -8.000000000000001776, 9.797174393178835518E-16 ) ) ;
#2344 = ORIENTED_EDGE ( 'NONE', *, *, #5308, .F. ) ;
#2345 = CARTESIAN_POINT ( 'NONE',  ( 54.77127860333799703, -8.000000000000000000, 9.797174393178833546E-16 ) ) ;
#2346 = CIRCLE ( 'NONE', #4698, 8.000000000000005329 ) ;
#2347 = ORIENTED_EDGE ( 'NONE', *, *, #644, .F. ) ;
#2348 = CARTESIAN_POINT ( 'NONE',  ( 88.00000000000000000, -6.898500000000000298, 9.122700168548426594E-16 ) ) ;
#2349 = EDGE_CURVE ( 'NONE', #5298, #87, #3139, .T. ) ;
#2350 = AXIS2_PLACEMENT_3D ( 'NONE', #1245, #1694, #5095 ) ;
#2351 = AXIS2_PLACEMENT_3D ( 'NONE', #2231, #3979, #4845 ) ;
#2352 = DIRECTION ( 'NONE',  ( 0.000000000000000000, 0.000000000000000000, 1.000000000000000000 ) ) ;
#2353 = CIRCLE ( 'NONE', #4618, 8.000000000000005329 ) ;
#2354 = VERTEX_POINT ( 'NONE', #2927 ) ;
#2355 = CARTESIAN_POINT ( 'NONE',  ( 72.00000000000001421, 5.287237932628113655E-15, 0.000000000000000000 ) ) ;
#2356 = ADVANCED_FACE ( 'NONE', ( #3560 ), #4236, .T. ) ;
#2357 = CIRCLE ( 'NONE', #4619, 6.898500000000005627 ) ;
#2358 = ORIENTED_EDGE ( 'NONE', *, *, #3808, .T. ) ;
#2359 = AXIS2_PLACEMENT_3D ( 'NONE', #3282, #3735, #5316 ) ;
#2360 = LINE ( 'NONE', #1575, #1555 ) ;
#2361 = ORIENTED_EDGE ( 'NONE', *, *, #4079, .F. ) ;
#2362 = AXIS2_PLACEMENT_3D ( 'NONE', #1918, #556, #4964 ) ;
#2363 = DIRECTION ( 'NONE',  ( -1.000000000000000000, -1.224606353822377258E-16, -0.000000000000000000 ) ) ;
#2364 = CARTESIAN_POINT ( 'NONE',  ( 44.00000000000000000, 6.898500000000010957, 8.448225943918022600E-16 ) ) ;
#2365 = EDGE_LOOP ( 'NONE', ( #3572, #576, #595, #2839 ) ) ;
#2366 = CARTESIAN_POINT ( 'NONE',  ( -31.74999999999995737, 0.000000000000000000, 0.000000000000000000 ) ) ;
#2367 = LINE ( 'NONE', #364, #413 ) ;
#2368 = ORIENTED_EDGE ( 'NONE', *, *, #4785, .T. ) ;
#2369 = FACE_OUTER_BOUND ( 'NONE', #1151, .T. ) ;
#2370 = CARTESIAN_POINT ( 'NONE',  ( 0.8000000000000020428, 0.000000000000000000, 0.000000000000000000 ) ) ;
#2371 = ORIENTED_EDGE ( 'NONE', *, *, #4272, .T. ) ;
#2372 = CIRCLE ( 'NONE', #3709, 8.000000000000005329 ) ;
#2373 = EDGE_CURVE ( 'NONE', #5463, #2173, #100, .T. ) ;
#2374 = CARTESIAN_POINT ( 'NONE',  ( 53.22872139666199587, 9.797174393176315108E-16, -8.000000000000005329 ) ) ;
#2375 = DIRECTION ( 'NONE',  ( 0.000000000000000000, 1.000000000000000000, 0.000000000000000000 ) ) ;
#2376 = ORIENTED_EDGE ( 'NONE', *, *, #2068, .T. ) ;
#2377 = AXIS2_PLACEMENT_3D ( 'NONE', #44, #428, #1363 ) ;
#2378 = DIRECTION ( 'NONE',  ( 0.000000000000000000, 1.000000000000000000, 0.000000000000000000 ) ) ;
#2379 = EDGE_CURVE ( 'NONE', #5345, #4195, #3409, .T. ) ;
#2380 = AXIS2_PLACEMENT_3D ( 'NONE', #5080, #5118, #5530 ) ;
#2381 = ORIENTED_EDGE ( 'NONE', *, *, #1924, .T. ) ;
#2382 = CARTESIAN_POINT ( 'NONE',  ( 8.000000000000000000, -4.082443753439832790, 7.070999999999992625 ) ) ;
#2383 = VECTOR ( 'NONE', #1408, 999.9999999999998863 ) ;
#2384 = CARTESIAN_POINT ( 'NONE',  ( 48.00000000000000000, 6.898500000000010957, 8.448225943918022600E-16 ) ) ;
#2385 = DIRECTION ( 'NONE',  ( 0.000000000000000000, 1.000000000000000000, 0.000000000000000000 ) ) ;
#2386 = ORIENTED_EDGE ( 'NONE', *, *, #3454, .F. ) ;
#2387 = VERTEX_POINT ( 'NONE', #3842 ) ;
#2388 = DIRECTION ( 'NONE',  ( 0.000000000000000000, -1.000000000000000000, 0.000000000000000000 ) ) ;
#2389 = LINE ( 'NONE', #4644, #2670 ) ;
#2390 = EDGE_CURVE ( 'NONE', #1740, #3078, #1529, .T. ) ;
#2391 = AXIS2_PLACEMENT_3D ( 'NONE', #3099, #535, #2210 ) ;
#2392 = DIRECTION ( 'NONE',  ( 0.000000000000000000, 0.000000000000000000, -1.000000000000000000 ) ) ;
#2393 = CONICAL_SURFACE ( 'NONE', #69, 6.898500000000005627, 0.9599310885968754814 ) ;
#2394 = ORIENTED_EDGE ( 'NONE', *, *, #1782, .T. ) ;
#2395 = CARTESIAN_POINT ( 'NONE',  ( 70.77127860333800413, -8.000000000000001776, 9.797174393178835518E-16 ) ) ;
#2396 = AXIS2_PLACEMENT_3D ( 'NONE', #4143, #4575, #285 ) ;
#2397 = CARTESIAN_POINT ( 'NONE',  ( 56.77127860333799703, -8.000000000000001776, 9.797174393178835518E-16 ) ) ;
#2398 = CIRCLE ( 'NONE', #158, 8.000000000000005329 ) ;
#2399 = ORIENTED_EDGE ( 'NONE', *, *, #2166, .T. ) ;
#2400 = EDGE_LOOP ( 'NONE', ( #2524, #4105, #1141, #3566, #660 ) ) ;
#2401 = ORIENTED_EDGE ( 'NONE', *, *, #5424, .T. ) ;
#2402 = DIRECTION ( 'NONE',  ( -1.000000000000000000, -1.224606353822377258E-16, -0.000000000000000000 ) ) ;
#2403 = LINE ( 'NONE', #759, #593 ) ;
#2404 = VERTEX_POINT ( 'NONE', #2072 ) ;
#2405 = DIRECTION ( 'NONE',  ( -1.000000000000000000, -0.000000000000000000, -0.000000000000000000 ) ) ;
#2406 = EDGE_CURVE ( 'NONE', #2768, #2183, #1593, .T. ) ;
#2407 = DIRECTION ( 'NONE',  ( 0.000000000000000000, 1.000000000000000000, 0.000000000000000000 ) ) ;
#2408 = FACE_OUTER_BOUND ( 'NONE', #3398, .T. ) ;
#2409 = ORIENTED_EDGE ( 'NONE', *, *, #1743, .T. ) ;
#2410 = DIRECTION ( 'NONE',  ( -0.5735764363510507113, -0.8191520442889885789, 0.000000000000000000 ) ) ;
#2411 = CARTESIAN_POINT ( 'NONE',  ( 70.77127860333800413, 8.000000000000008882, 0.000000000000000000 ) ) ;
#2412 = EDGE_CURVE ( 'NONE', #2029, #5121, #5130, .T. ) ;
#2413 = CIRCLE ( 'NONE', #521, 8.000000000000005329 ) ;
#2414 = ORIENTED_EDGE ( 'NONE', *, *, #5074, .T. ) ;
#2415 = CARTESIAN_POINT ( 'NONE',  ( 80.77127860333798992, 5.381689200449609928E-15, 0.000000000000000000 ) ) ;
#2416 = ORIENTED_EDGE ( 'NONE', *, *, #5228, .T. ) ;
#2417 = VERTEX_POINT ( 'NONE', #3331 ) ;
#2418 = CARTESIAN_POINT ( 'NONE',  ( 54.77127860333799703, 9.797174393176222416E-16, -8.000000000000005329 ) ) ;
#2419 = CARTESIAN_POINT ( 'NONE',  ( 40.77127860333799703, 9.797174393176222416E-16, -8.000000000000005329 ) ) ;
#2420 = ORIENTED_EDGE ( 'NONE', *, *, #3214, .T. ) ;
#2421 = EDGE_CURVE ( 'NONE', #3325, #3684, #1121, .T. ) ;
#2422 = AXIS2_PLACEMENT_3D ( 'NONE', #3465, #2596, #3843 ) ;
#2423 = DIRECTION ( 'NONE',  ( -1.000000000000000000, -0.000000000000000000, -0.000000000000000000 ) ) ;
#2424 = ORIENTED_EDGE ( 'NONE', *, *, #2679, .T. ) ;
#2425 = ORIENTED_EDGE ( 'NONE', *, *, #2852, .F. ) ;
#2426 = CONICAL_SURFACE ( 'NONE', #1362, 6.898500000000005627, 0.9599310885968754814 ) ;
#2427 = AXIS2_PLACEMENT_3D ( 'NONE', #238, #3770, #2385 ) ;
#2428 = DIRECTION ( 'NONE',  ( 1.000000000000000000, 1.224606353822377258E-16, 0.000000000000000000 ) ) ;
#2429 = DIRECTION ( 'NONE',  ( -1.000000000000000000, -1.224606353822377258E-16, -0.000000000000000000 ) ) ;
#2430 = ORIENTED_EDGE ( 'NONE', *, *, #5414, .F. ) ;
#2431 = DIRECTION ( 'NONE',  ( -1.000000000000000000, -0.000000000000000000, -0.000000000000000000 ) ) ;
#2432 = VERTEX_POINT ( 'NONE', #2912 ) ;
#2433 = CARTESIAN_POINT ( 'NONE',  ( 10.59999999999999787, 0.000000000000000000, 0.000000000000000000 ) ) ;
#2434 = CARTESIAN_POINT ( 'NONE',  ( 69.22872139666199587, -2.511412647480955552E-28, 8.000000000000005329 ) ) ;
#2435 = EDGE_LOOP ( 'NONE', ( #824, #708, #2103, #1016, #3571 ) ) ;
#2436 = CYLINDRICAL_SURFACE ( 'NONE', #3223, 7.999999999999618083 ) ;
#2437 = EDGE_CURVE ( 'NONE', #2878, #3552, #1732, .T. ) ;
#2438 = DIRECTION ( 'NONE',  ( -1.000000000000000000, -1.224606353822377258E-16, -0.000000000000000000 ) ) ;
#2439 = DIRECTION ( 'NONE',  ( 0.000000000000000000, -1.000000000000000000, 0.000000000000000000 ) ) ;
#2440 = EDGE_LOOP ( 'NONE', ( #4579, #4350, #4572, #2090, #3171 ) ) ;
#2441 = DIRECTION ( 'NONE',  ( 0.000000000000000000, 1.000000000000000000, 0.000000000000000000 ) ) ;
#2442 = FACE_OUTER_BOUND ( 'NONE', #4373, .T. ) ;
#2443 = CARTESIAN_POINT ( 'NONE',  ( 45.22872139666199587, 5.192786664806616592E-15, 0.000000000000000000 ) ) ;
#2444 = EDGE_CURVE ( 'NONE', #1036, #3643, #5401, .T. ) ;
#2445 = ORIENTED_EDGE ( 'NONE', *, *, #2132, .T. ) ;
#2446 = DIRECTION ( 'NONE',  ( -1.000000000000000000, -1.224606353822377258E-16, -0.000000000000000000 ) ) ;
#2447 = DIRECTION ( 'NONE',  ( -1.000000000000000000, -0.000000000000000000, -0.000000000000000000 ) ) ;
#2448 = CARTESIAN_POINT ( 'NONE',  ( -31.74999999999995737, 0.000000000000000000, 0.000000000000000000 ) ) ;
#2449 = VERTEX_POINT ( 'NONE', #4806 ) ;
#2450 = CIRCLE ( 'NONE', #837, 6.898500000000005627 ) ;
#2451 = DIRECTION ( 'NONE',  ( -1.000000000000000000, -0.000000000000000000, -0.000000000000000000 ) ) ;
#2452 = EDGE_CURVE ( 'NONE', #858, #5523, #3077, .T. ) ;
#2453 = AXIS2_PLACEMENT_3D ( 'NONE', #2556, #2160, #2537 ) ;
#2454 = DIRECTION ( 'NONE',  ( 0.000000000000000000, -1.000000000000000000, 0.000000000000000000 ) ) ;
#2455 = EDGE_LOOP ( 'NONE', ( #829, #4600, #4098, #4626, #1469 ) ) ;
#2456 = DIRECTION ( 'NONE',  ( -0.5735764363510509334, 0.8191520442889884679, 1.003171929053520802E-16 ) ) ;
#2457 = VERTEX_POINT ( 'NONE', #3063 ) ;
#2458 = LINE ( 'NONE', #4013, #3480 ) ;
#2459 = CARTESIAN_POINT ( 'NONE',  ( 80.00000000000000000, 6.898500000000010957, 0.000000000000000000 ) ) ;
#2460 = AXIS2_PLACEMENT_3D ( 'NONE', #3079, #497, #4403 ) ;
#2461 = CONICAL_SURFACE ( 'NONE', #771, 8.000000000000005329, 0.9599310885968797002 ) ;
#2462 = ADVANCED_FACE ( 'NONE', ( #5269 ), #1936, .T. ) ;
#2463 = AXIS2_PLACEMENT_3D ( 'NONE', #280, #5457, #5032 ) ;
#2464 = ORIENTED_EDGE ( 'NONE', *, *, #1392, .T. ) ;
#2465 = CARTESIAN_POINT ( 'NONE',  ( 49.22872139666199587, 9.797174393176315108E-16, -8.000000000000005329 ) ) ;
#2466 = CARTESIAN_POINT ( 'NONE',  ( 84.77127860333798992, 5.381689200449609928E-15, 0.000000000000000000 ) ) ;
#2467 = PLANE ( 'NONE',  #4771 ) ;
#2468 = ORIENTED_EDGE ( 'NONE', *, *, #4497, .T. ) ;
#2469 = ORIENTED_EDGE ( 'NONE', *, *, #2311, .F. ) ;
#2470 = ADVANCED_FACE ( 'NONE', ( #779 ), #1805, .T. ) ;
#2471 = CARTESIAN_POINT ( 'NONE',  ( 64.00000000000000000, 5.287237932628113655E-15, 0.000000000000000000 ) ) ;
#2472 = CARTESIAN_POINT ( 'NONE',  ( 87.22872139666199587, 9.797174393176315108E-16, -8.000000000000005329 ) ) ;
#2473 = VECTOR ( 'NONE', #1906, 1000.000000000000000 ) ;
#2474 = ORIENTED_EDGE ( 'NONE', *, *, #1967, .F. ) ;
#2475 = DIRECTION ( 'NONE',  ( 0.000000000000000000, 1.000000000000000000, 0.000000000000000000 ) ) ;
#2476 = DIRECTION ( 'NONE',  ( 0.000000000000000000, 0.000000000000000000, 1.000000000000000000 ) ) ;
#2477 = DIRECTION ( 'NONE',  ( -1.000000000000000000, -0.000000000000000000, -0.000000000000000000 ) ) ;
#2478 = DIRECTION ( 'NONE',  ( -0.5735764363510507113, -0.8191520442889885789, 0.000000000000000000 ) ) ;
#2479 = PRESENTATION_STYLE_ASSIGNMENT (( #528 ) ) ;
#2480 = EDGE_CURVE ( 'NONE', #3277, #4019, #3980, .T. ) ;
#2481 = ORIENTED_EDGE ( 'NONE', *, *, #4253, .F. ) ;
#2482 = CARTESIAN_POINT ( 'NONE',  ( 75.22872139666201008, 5.192786664806616592E-15, 0.000000000000000000 ) ) ;
#2483 = ORIENTED_EDGE ( 'NONE', *, *, #439, .F. ) ;
#2484 = CIRCLE ( 'NONE', #846, 8.000000000000005329 ) ;
#2485 = ORIENTED_EDGE ( 'NONE', *, *, #3389, .F. ) ;
#2486 = DIRECTION ( 'NONE',  ( -1.000000000000000000, -1.224606353822377258E-16, -0.000000000000000000 ) ) ;
#2487 = CARTESIAN_POINT ( 'NONE',  ( 48.77127860333799703, 9.797174393176216500E-16, -8.000000000000005329 ) ) ;
#2488 = AXIS2_PLACEMENT_3D ( 'NONE', #2814, #1938, #4139 ) ;
#2489 = DIRECTION ( 'NONE',  ( -1.000000000000000000, -0.000000000000000000, -0.000000000000000000 ) ) ;
#2490 = EDGE_CURVE ( 'NONE', #2021, #1295, #4111, .T. ) ;
#2491 =( LENGTH_UNIT ( ) NAMED_UNIT ( * ) SI_UNIT ( .MILLI., .METRE. ) );
#2492 = AXIS2_PLACEMENT_3D ( 'NONE', #2443, #353, #749 ) ;
#2493 = FACE_OUTER_BOUND ( 'NONE', #795, .T. ) ;
#2494 = ORIENTED_EDGE ( 'NONE', *, *, #3653, .T. ) ;
#2495 = LINE ( 'NONE', #4859, #3805 ) ;
#2496 = ORIENTED_EDGE ( 'NONE', *, *, #4578, .T. ) ;
#2497 = DIRECTION ( 'NONE',  ( -1.000000000000000000, -1.224606353822377258E-16, -0.000000000000000000 ) ) ;
#2498 = ADVANCED_FACE ( 'NONE', ( #647 ), #236, .T. ) ;
#2499 = DIRECTION ( 'NONE',  ( 1.000000000000000000, 1.224606353822377258E-16, 0.000000000000000000 ) ) ;
#2500 = EDGE_CURVE ( 'NONE', #2975, #877, #2260, .T. ) ;
#2501 = ORIENTED_EDGE ( 'NONE', *, *, #2034, .T. ) ;
#2502 = LINE ( 'NONE', #5186, #1158 ) ;
#2503 = AXIS2_PLACEMENT_3D ( 'NONE', #2745, #3161, #3623 ) ;
#2504 = EDGE_LOOP ( 'NONE', ( #1690, #2371, #1905, #4485 ) ) ;
#2505 = CONICAL_SURFACE ( 'NONE', #3114, 8.000000000000005329, 0.9599310885968797002 ) ;
#2506 = AXIS2_PLACEMENT_3D ( 'NONE', #481, #1846, #2244 ) ;
#2507 = CARTESIAN_POINT ( 'NONE',  ( 58.00000000000000000, 5.287237932628113655E-15, 0.000000000000000000 ) ) ;
#2508 = CARTESIAN_POINT ( 'NONE',  ( 8.000000000000000000, 0.000000000000000000, 0.000000000000000000 ) ) ;
#2509 = ORIENTED_EDGE ( 'NONE', *, *, #4634, .F. ) ;
#2510 = FACE_OUTER_BOUND ( 'NONE', #5072, .T. ) ;
#2511 = CARTESIAN_POINT ( 'NONE',  ( 40.77127860333799703, 5.381689200449609928E-15, 0.000000000000000000 ) ) ;
#2512 = DIRECTION ( 'NONE',  ( 0.000000000000000000, -1.000000000000000000, 0.000000000000000000 ) ) ;
#2513 = ORIENTED_EDGE ( 'NONE', *, *, #4097, .T. ) ;
#2514 = DIRECTION ( 'NONE',  ( 0.000000000000000000, -1.000000000000000000, 0.000000000000000000 ) ) ;
#2515 = CIRCLE ( 'NONE', #1569, 8.000000000000005329 ) ;
#2516 = EDGE_CURVE ( 'NONE', #1231, #2612, #2933, .T. ) ;
#2517 = DIRECTION ( 'NONE',  ( 0.000000000000000000, 1.000000000000000000, 0.000000000000000000 ) ) ;
#2518 = DIRECTION ( 'NONE',  ( 0.000000000000000000, 0.000000000000000000, 1.000000000000000000 ) ) ;
#2519 = CARTESIAN_POINT ( 'NONE',  ( 83.99999999999998579, -6.898500000000000298, 0.000000000000000000 ) ) ;
#2520 = ORIENTED_EDGE ( 'NONE', *, *, #1277, .F. ) ;
#2521 =( NAMED_UNIT ( * ) PLANE_ANGLE_UNIT ( ) SI_UNIT ( $, .RADIAN. ) );
#2522 = LINE ( 'NONE', #1895, #1390 ) ;
#2523 = EDGE_CURVE ( 'NONE', #374, #4521, #4996, .T. ) ;
#2524 = ORIENTED_EDGE ( 'NONE', *, *, #2794, .F. ) ;
#2525 = ORIENTED_EDGE ( 'NONE', *, *, #3111, .F. ) ;
#2526 = DIRECTION ( 'NONE',  ( 0.000000000000000000, -1.000000000000000000, 0.000000000000000000 ) ) ;
#2527 = CARTESIAN_POINT ( 'NONE',  ( 74.00000000000001421, -6.898500000000000298, 0.000000000000000000 ) ) ;
#2528 = FACE_OUTER_BOUND ( 'NONE', #5492, .T. ) ;
#2529 = DIRECTION ( 'NONE',  ( 0.000000000000000000, 0.000000000000000000, 1.000000000000000000 ) ) ;
#2530 = CARTESIAN_POINT ( 'NONE',  ( 76.77127860333800413, 5.381689200449609928E-15, 0.000000000000000000 ) ) ;
#2531 = DIRECTION ( 'NONE',  ( -1.000000000000000000, -1.224606353822377258E-16, -0.000000000000000000 ) ) ;
#2532 = CIRCLE ( 'NONE', #1922, 8.000000000000005329 ) ;
#2533 = EDGE_CURVE ( 'NONE', #83, #2201, #373, .T. ) ;
#2534 = ORIENTED_EDGE ( 'NONE', *, *, #2234, .T. ) ;
#2535 = DIRECTION ( 'NONE',  ( 0.000000000000000000, -1.000000000000000000, 0.000000000000000000 ) ) ;
#2536 = AXIS2_PLACEMENT_3D ( 'NONE', #3960, #4353, #1763 ) ;
#2537 = DIRECTION ( 'NONE',  ( 0.000000000000000000, -1.000000000000000000, 0.000000000000000000 ) ) ;
#2538 = ORIENTED_EDGE ( 'NONE', *, *, #3921, .F. ) ;
#2539 = LINE ( 'NONE', #4326, #2678 ) ;
#2540 = ORIENTED_EDGE ( 'NONE', *, *, #2533, .F. ) ;
#2541 = ORIENTED_EDGE ( 'NONE', *, *, #4502, .T. ) ;
#2542 = CARTESIAN_POINT ( 'NONE',  ( 85.22872139666198166, -7.999999999999998224, 0.000000000000000000 ) ) ;
#2543 = CARTESIAN_POINT ( 'NONE',  ( 8.000000000000000000, 0.000000000000000000, 0.000000000000000000 ) ) ;
#2544 = AXIS2_PLACEMENT_3D ( 'NONE', #2215, #1868, #2658 ) ;
#2545 = LINE ( 'NONE', #3346, #1276 ) ;
#2546 = ORIENTED_EDGE ( 'NONE', *, *, #4168, .T. ) ;
#2547 = CARTESIAN_POINT ( 'NONE',  ( 51.22872139666200297, 5.192786664806616592E-15, 0.000000000000000000 ) ) ;
#2548 = DIRECTION ( 'NONE',  ( 0.000000000000000000, -1.000000000000000000, 0.000000000000000000 ) ) ;
#2549 = CARTESIAN_POINT ( 'NONE',  ( 40.77127860333799703, -2.603857284811542873E-28, 8.000000000000005329 ) ) ;
#2550 = FACE_OUTER_BOUND ( 'NONE', #2047, .T. ) ;
#2551 = VERTEX_POINT ( 'NONE', #4328 ) ;
#2552 = DIRECTION ( 'NONE',  ( 0.000000000000000000, -1.000000000000000000, 0.000000000000000000 ) ) ;
#2553 = EDGE_CURVE ( 'NONE', #3971, #757, #511, .T. ) ;
#2554 = DIRECTION ( 'NONE',  ( 0.000000000000000000, -0.4999999999999987232, 0.8660254037844392627 ) ) ;
#2555 = CARTESIAN_POINT ( 'NONE',  ( 82.00000000000000000, 5.287237932628113655E-15, 0.000000000000000000 ) ) ;
#2556 = CARTESIAN_POINT ( 'NONE',  ( 54.00000000000000000, 5.287237932628113655E-15, 0.000000000000000000 ) ) ;
#2557 = ORIENTED_EDGE ( 'NONE', *, *, #3312, .T. ) ;
#2558 = DIRECTION ( 'NONE',  ( -1.000000000000000000, -1.224606353822377258E-16, -0.000000000000000000 ) ) ;
#2559 = EDGE_CURVE ( 'NONE', #4208, #3244, #3839, .T. ) ;
#2560 = ADVANCED_FACE ( 'NONE', ( #4106 ), #301, .T. ) ;
#2561 = CIRCLE ( 'NONE', #2082, 8.000000000000005329 ) ;
#2562 = DIRECTION ( 'NONE',  ( 0.000000000000000000, 0.000000000000000000, 1.000000000000000000 ) ) ;
#2563 = FACE_OUTER_BOUND ( 'NONE', #2808, .T. ) ;
#2564 = ORIENTED_EDGE ( 'NONE', *, *, #5376, .T. ) ;
#2565 = DIRECTION ( 'NONE',  ( 0.000000000000000000, -1.000000000000000000, 0.000000000000000000 ) ) ;
#2566 = ORIENTED_EDGE ( 'NONE', *, *, #250, .T. ) ;
#2567 = ORIENTED_EDGE ( 'NONE', *, *, #4752, .T. ) ;
#2568 = DIRECTION ( 'NONE',  ( -1.000000000000000000, -1.224606353822377258E-16, -0.000000000000000000 ) ) ;
#2569 = FACE_OUTER_BOUND ( 'NONE', #4776, .T. ) ;
#2570 = EDGE_CURVE ( 'NONE', #2253, #2201, #2458, .T. ) ;
#2571 = DIRECTION ( 'NONE',  ( -1.000000000000000000, -1.224606353822377258E-16, -0.000000000000000000 ) ) ;
#2572 = AXIS2_PLACEMENT_3D ( 'NONE', #2355, #5386, #3672 ) ;
#2573 = DIRECTION ( 'NONE',  ( 0.000000000000000000, -1.000000000000000000, 0.000000000000000000 ) ) ;
#2574 = ORIENTED_EDGE ( 'NONE', *, *, #1059, .T. ) ;
#2575 = CARTESIAN_POINT ( 'NONE',  ( 58.00000000000000000, -6.898500000000000298, 9.122700168548426594E-16 ) ) ;
#2576 = CARTESIAN_POINT ( 'NONE',  ( 66.00000000000000000, 5.287237932628113655E-15, 0.000000000000000000 ) ) ;
#2577 = DIRECTION ( 'NONE',  ( -1.000000000000000000, -1.224606353822377258E-16, -0.000000000000000000 ) ) ;
#2578 = AXIS2_PLACEMENT_3D ( 'NONE', #2085, #2446, #2936 ) ;
#2579 = AXIS2_PLACEMENT_3D ( 'NONE', #3036, #4744, #2548 ) ;
#2580 = ORIENTED_EDGE ( 'NONE', *, *, #5057, .F. ) ;
#2581 = DIRECTION ( 'NONE',  ( -1.000000000000000000, -1.224606353822377258E-16, -0.000000000000000000 ) ) ;
#2582 = FACE_OUTER_BOUND ( 'NONE', #4669, .T. ) ;
#2583 = CARTESIAN_POINT ( 'NONE',  ( 86.00000000000000000, -6.898500000000000298, 0.000000000000000000 ) ) ;
#2584 = ORIENTED_EDGE ( 'NONE', *, *, #4355, .F. ) ;
#2585 = CIRCLE ( 'NONE', #1925, 6.898500000000005627 ) ;
#2586 = AXIS2_PLACEMENT_3D ( 'NONE', #4703, #639, #1853 ) ;
#2587 = DIRECTION ( 'NONE',  ( -1.000000000000000000, -1.224606353822377258E-16, -0.000000000000000000 ) ) ;
#2588 = DIRECTION ( 'NONE',  ( -1.000000000000000000, -1.224606353822377258E-16, -0.000000000000000000 ) ) ;
#2589 = DIRECTION ( 'NONE',  ( 1.000000000000000000, 1.224606353822377258E-16, 0.000000000000000000 ) ) ;
#2590 = ADVANCED_FACE ( 'NONE', ( #2528 ), #1187, .T. ) ;
#2591 = ORIENTED_EDGE ( 'NONE', *, *, #5247, .F. ) ;
#2592 = VECTOR ( 'NONE', #4900, 1000.000000000000114 ) ;
#2593 = CARTESIAN_POINT ( 'NONE',  ( 72.77127860333800413, 8.000000000000008882, 0.000000000000000000 ) ) ;
#2594 = DIRECTION ( 'NONE',  ( 0.000000000000000000, -1.000000000000000000, 0.000000000000000000 ) ) ;
#2595 = EDGE_CURVE ( 'NONE', #5548, #4945, #1932, .T. ) ;
#2596 = DIRECTION ( 'NONE',  ( -1.000000000000000000, -1.224606353822377258E-16, -0.000000000000000000 ) ) ;
#2597 = ORIENTED_EDGE ( 'NONE', *, *, #3138, .F. ) ;
#2598 = LINE ( 'NONE', #16, #4781 ) ;
#2599 = DIRECTION ( 'NONE',  ( 0.5735764363510474917, -0.8191520442889907994, 1.003171929053523514E-16 ) ) ;
#2600 = DIRECTION ( 'NONE',  ( -1.000000000000000000, -1.224606353822377258E-16, -0.000000000000000000 ) ) ;
#2601 = EDGE_LOOP ( 'NONE', ( #3302, #1406, #2538, #2158 ) ) ;
#2602 = ORIENTED_EDGE ( 'NONE', *, *, #4761, .T. ) ;
#2603 = CIRCLE ( 'NONE', #1349, 8.000000000000005329 ) ;
#2604 = EDGE_CURVE ( 'NONE', #4653, #2695, #4993, .T. ) ;
#2605 = CARTESIAN_POINT ( 'NONE',  ( 74.00000000000001421, 5.287237932628113655E-15, 0.000000000000000000 ) ) ;
#2606 = CARTESIAN_POINT ( 'NONE',  ( -31.74999999999995737, 0.000000000000000000, 0.000000000000000000 ) ) ;
#2607 = LINE ( 'NONE', #804, #1190 ) ;
#2608 = VERTEX_POINT ( 'NONE', #4489 ) ;
#2609 = CARTESIAN_POINT ( 'NONE',  ( 76.00000000000001421, 5.287237932628113655E-15, 0.000000000000000000 ) ) ;
#2610 = EDGE_CURVE ( 'NONE', #857, #3428, #2327, .T. ) ;
#2611 = AXIS2_PLACEMENT_3D ( 'NONE', #3841, #1322, #1693 ) ;
#2612 = VERTEX_POINT ( 'NONE', #2246 ) ;
#2613 = DIRECTION ( 'NONE',  ( 0.000000000000000000, -1.000000000000000000, 0.000000000000000000 ) ) ;
#2614 = DIRECTION ( 'NONE',  ( -1.000000000000000000, -0.000000000000000000, -0.000000000000000000 ) ) ;
#2615 = CARTESIAN_POINT ( 'NONE',  ( 82.77127860333798992, -2.603857284811542873E-28, 8.000000000000005329 ) ) ;
#2616 = CONICAL_SURFACE ( 'NONE', #4889, 8.000000000000005329, 0.9599310885968797002 ) ;
#2617 = ADVANCED_FACE ( 'NONE', ( #3626 ), #29, .F. ) ;
#2618 = ORIENTED_EDGE ( 'NONE', *, *, #1743, .F. ) ;
#2619 = CARTESIAN_POINT ( 'NONE',  ( 86.00000000000000000, 6.898500000000010957, 8.448225943918022600E-16 ) ) ;
#2620 = AXIS2_PLACEMENT_3D ( 'NONE', #2774, #1005, #3187 ) ;
#2621 = FACE_OUTER_BOUND ( 'NONE', #159, .T. ) ;
#2622 = EDGE_LOOP ( 'NONE', ( #4308, #4335, #1407, #2358, #2248 ) ) ;
#2623 = CARTESIAN_POINT ( 'NONE',  ( 42.77127860333799703, 8.000000000000008882, 0.000000000000000000 ) ) ;
#2624 = CARTESIAN_POINT ( 'NONE',  ( 67.22872139666199587, 5.192786664806616592E-15, 0.000000000000000000 ) ) ;
#2625 = LINE ( 'NONE', #2066, #1488 ) ;
#2626 = DIRECTION ( 'NONE',  ( 0.000000000000000000, -1.000000000000000000, 0.000000000000000000 ) ) ;
#2627 = CONICAL_SURFACE ( 'NONE', #3862, 6.898500000000005627, 0.9599310885968754814 ) ;
#2628 = EDGE_CURVE ( 'NONE', #924, #5463, #1259, .T. ) ;
#2629 = ORIENTED_EDGE ( 'NONE', *, *, #72, .T. ) ;
#2630 = CARTESIAN_POINT ( 'NONE',  ( 65.22872139666199587, 5.192786664806616592E-15, 0.000000000000000000 ) ) ;
#2631 = DIRECTION ( 'NONE',  ( -1.000000000000000000, -1.224606353822377258E-16, -0.000000000000000000 ) ) ;
#2632 = DIRECTION ( 'NONE',  ( 0.000000000000000000, -1.000000000000000000, 0.000000000000000000 ) ) ;
#2634 = CARTESIAN_POINT ( 'NONE',  ( 80.77127860333798992, -2.603857284811542873E-28, 8.000000000000005329 ) ) ;
#2633 = LINE ( 'NONE', #2937, #474 ) ;
#2635 = ORIENTED_EDGE ( 'NONE', *, *, #2885, .F. ) ;
#2636 = VECTOR ( 'NONE', #609, 1000.000000000000000 ) ;
#2637 = VERTEX_POINT ( 'NONE', #4466 ) ;
#2638 = CARTESIAN_POINT ( 'NONE',  ( 48.77127860333799703, 5.381689200449609928E-15, 0.000000000000000000 ) ) ;
#2639 = EDGE_CURVE ( 'NONE', #2457, #2802, #4713, .T. ) ;
#2640 = PLANE ( 'NONE',  #3403 ) ;
#2641 = VERTEX_POINT ( 'NONE', #80 ) ;
#2642 = CIRCLE ( 'NONE', #4923, 8.000000000000005329 ) ;
#2643 = DIRECTION ( 'NONE',  ( -1.000000000000000000, -1.224606353822377258E-16, -0.000000000000000000 ) ) ;
#2644 = EDGE_CURVE ( 'NONE', #1861, #3144, #3836, .T. ) ;
#2645 = ORIENTED_EDGE ( 'NONE', *, *, #276, .F. ) ;
#2646 = CIRCLE ( 'NONE', #1026, 6.898500000000000298 ) ;
#2647 = AXIS2_PLACEMENT_3D ( 'NONE', #3881, #4310, #3442 ) ;
#2648 = ADVANCED_FACE ( 'NONE', ( #4516 ), #4854, .T. ) ;
#2649 = AXIS2_PLACEMENT_3D ( 'NONE', #2543, #5581, #2562 ) ;
#2650 = DIRECTION ( 'NONE',  ( 0.5735764363510472696, 0.8191520442889909104, 0.000000000000000000 ) ) ;
#2651 = DIRECTION ( 'NONE',  ( -0.5735764363510509334, 0.8191520442889884679, 1.003171929053520802E-16 ) ) ;
#2652 = VERTEX_POINT ( 'NONE', #3978 ) ;
#2653 = CARTESIAN_POINT ( 'NONE',  ( 88.00000000000000000, 5.287237932628113655E-15, 0.000000000000000000 ) ) ;
#2654 = CIRCLE ( 'NONE', #113, 7.070999999999999730 ) ;
#2655 = DIRECTION ( 'NONE',  ( -1.000000000000000000, -0.000000000000000000, -0.000000000000000000 ) ) ;
#2656 =( GEOMETRIC_REPRESENTATION_CONTEXT ( 3 ) GLOBAL_UNCERTAINTY_ASSIGNED_CONTEXT ( ( #3379 ) ) GLOBAL_UNIT_ASSIGNED_CONTEXT ( ( #792, #5476, #3799 ) ) REPRESENTATION_CONTEXT ( 'NONE', 'WORKASPACE' ) );
#2657 = AXIS2_PLACEMENT_3D ( 'NONE', #3835, #5123, #4240 ) ;
#2658 = DIRECTION ( 'NONE',  ( 0.000000000000000000, -1.000000000000000000, 0.000000000000000000 ) ) ;
#2659 = ORIENTED_EDGE ( 'NONE', *, *, #19, .T. ) ;
#2660 = SURFACE_STYLE_FILL_AREA ( #807 ) ;
#2661 = DIRECTION ( 'NONE',  ( -1.000000000000000000, -1.224606353822377258E-16, -0.000000000000000000 ) ) ;
#2662 = ORIENTED_EDGE ( 'NONE', *, *, #4342, .T. ) ;
#2663 = CARTESIAN_POINT ( 'NONE',  ( 76.00000000000001421, -6.898500000000000298, 9.122700168548426594E-16 ) ) ;
#2664 = CARTESIAN_POINT ( 'NONE',  ( 52.77127860333799703, 9.797174393176222416E-16, -8.000000000000005329 ) ) ;
#2665 = VECTOR ( 'NONE', #2447, 1000.000000000000000 ) ;
#2666 = DIRECTION ( 'NONE',  ( 0.000000000000000000, -1.000000000000000000, 0.000000000000000000 ) ) ;
#2667 = ORIENTED_EDGE ( 'NONE', *, *, #1635, .T. ) ;
#2668 = CARTESIAN_POINT ( 'NONE',  ( -31.74999999999995737, 0.000000000000000000, 0.000000000000000000 ) ) ;
#2669 = ORIENTED_EDGE ( 'NONE', *, *, #5467, .T. ) ;
#2670 = VECTOR ( 'NONE', #2847, 1000.000000000000000 ) ;
#2671 = DIRECTION ( 'NONE',  ( -0.5735764363510509334, 0.8191520442889884679, 1.003171929053520802E-16 ) ) ;
#2672 = EDGE_CURVE ( 'NONE', #1590, #2889, #1056, .T. ) ;
#2673 = FACE_OUTER_BOUND ( 'NONE', #5383, .T. ) ;
#2674 = ORIENTED_EDGE ( 'NONE', *, *, #4034, .T. ) ;
#2675 = ADVANCED_FACE ( 'NONE', ( #1522 ), #5397, .T. ) ;
#2676 = CARTESIAN_POINT ( 'NONE',  ( 74.77127860333800413, -2.603857284811542873E-28, 8.000000000000005329 ) ) ;
#2677 = AXIS2_PLACEMENT_3D ( 'NONE', #5112, #1323, #2632 ) ;
#2678 = VECTOR ( 'NONE', #1755, 1000.000000000000000 ) ;
#2679 = EDGE_CURVE ( 'NONE', #5536, #3008, #2603, .T. ) ;
#2680 = ORIENTED_EDGE ( 'NONE', *, *, #4342, .F. ) ;
#2681 = EDGE_LOOP ( 'NONE', ( #2574, #1739, #3257, #4724, #3948, #3981 ) ) ;
#2682 = STYLED_ITEM ( 'NONE', ( #223 ), #3535 ) ;
#2683 = CARTESIAN_POINT ( 'NONE',  ( 71.22872139666201008, 5.192786664806616592E-15, 0.000000000000000000 ) ) ;
#2684 = DIRECTION ( 'NONE',  ( 1.000000000000000000, 1.224606353822377258E-16, 0.000000000000000000 ) ) ;
#2685 = SURFACE_SIDE_STYLE ('',( #2992 ) ) ;
#2686 = CYLINDRICAL_SURFACE ( 'NONE', #4588, 7.999999999999618083 ) ;
#2687 = EDGE_LOOP ( 'NONE', ( #3584, #5624, #1299, #1081, #1678, #1416 ) ) ;
#2688 = CARTESIAN_POINT ( 'NONE',  ( 52.77127860333799703, 5.381689200449609928E-15, 0.000000000000000000 ) ) ;
#2689 = EDGE_CURVE ( 'NONE', #1883, #3244, #5124, .T. ) ;
#2690 = DIRECTION ( 'NONE',  ( 0.000000000000000000, -1.000000000000000000, 0.000000000000000000 ) ) ;
#2691 = AXIS2_PLACEMENT_3D ( 'NONE', #972, #4383, #4885 ) ;
#2692 = DIRECTION ( 'NONE',  ( -1.000000000000000000, -1.224606353822377258E-16, -0.000000000000000000 ) ) ;
#2693 = VECTOR ( 'NONE', #5271, 1000.000000000000000 ) ;
#2694 = PLANE ( 'NONE',  #2071 ) ;
#2695 = VERTEX_POINT ( 'NONE', #666 ) ;
#2696 = DIRECTION ( 'NONE',  ( -1.000000000000000000, -1.224606353822377258E-16, -0.000000000000000000 ) ) ;
#2697 = CARTESIAN_POINT ( 'NONE',  ( 65.22872139666199587, 9.797174393176315108E-16, -8.000000000000005329 ) ) ;
#2698 = AXIS2_PLACEMENT_3D ( 'NONE', #3896, #1731, #39 ) ;
#2699 = VECTOR ( 'NONE', #54, 1000.000000000000000 ) ;
#2700 = ORIENTED_EDGE ( 'NONE', *, *, #3882, .T. ) ;
#2701 = CIRCLE ( 'NONE', #337, 6.898500000000005627 ) ;
#2702 = VECTOR ( 'NONE', #515, 1000.000000000000000 ) ;
#2703 = EDGE_LOOP ( 'NONE', ( #4032, #1325, #5465, #3308, #3576 ) ) ;
#2704 = CARTESIAN_POINT ( 'NONE',  ( 88.77127860333800413, 5.381689200449609928E-15, 0.000000000000000000 ) ) ;
#2705 = ADVANCED_FACE ( 'NONE', ( #2192 ), #5453, .T. ) ;
#2706 = CARTESIAN_POINT ( 'NONE',  ( 81.22872139666199587, -7.999999999999998224, 0.000000000000000000 ) ) ;
#2707 = EDGE_CURVE ( 'NONE', #5372, #4132, #1802, .T. ) ;
#2708 = VERTEX_POINT ( 'NONE', #5393 ) ;
#2709 = ORIENTED_EDGE ( 'NONE', *, *, #1813, .F. ) ;
#2710 = DIRECTION ( 'NONE',  ( -0.5735764363510509334, 0.8191520442889884679, 1.003171929053520802E-16 ) ) ;
#2711 = CIRCLE ( 'NONE', #2611, 8.000000000000005329 ) ;
#2712 = CARTESIAN_POINT ( 'NONE',  ( -0.000000000000000000, -8.164887506879685120, -3.035766082959412415E-15 ) ) ;
#2713 = ORIENTED_EDGE ( 'NONE', *, *, #2559, .T. ) ;
#2714 = EDGE_CURVE ( 'NONE', #3867, #2641, #1464, .T. ) ;
#2715 = CARTESIAN_POINT ( 'NONE',  ( 0.8000000000000020428, 0.000000000000000000, 12.00000000000000000 ) ) ;
#2716 = CARTESIAN_POINT ( 'NONE',  ( -31.74999999999995737, 0.000000000000000000, 7.999999999999618083 ) ) ;
#2717 = EDGE_LOOP ( 'NONE', ( #4749, #3394, #5353, #5111, #4851 ) ) ;
#2718 = CONICAL_SURFACE ( 'NONE', #2503, 8.000000000000005329, 0.9599310885968797002 ) ;
#2719 = DIRECTION ( 'NONE',  ( 0.000000000000000000, -1.000000000000000000, 0.000000000000000000 ) ) ;
#2720 = EDGE_CURVE ( 'NONE', #5575, #2387, #2931, .T. ) ;
#2721 = AXIS2_PLACEMENT_3D ( 'NONE', #878, #4729, #2142 ) ;
#2722 = ORIENTED_EDGE ( 'NONE', *, *, #3433, .F. ) ;
#2723 = LINE ( 'NONE', #1370, #762 ) ;
#2724 = DIRECTION ( 'NONE',  ( 0.000000000000000000, -1.000000000000000000, 0.000000000000000000 ) ) ;
#2725 = DIRECTION ( 'NONE',  ( -0.5735764363510507113, -0.8191520442889885789, 0.000000000000000000 ) ) ;
#2726 = VERTEX_POINT ( 'NONE', #592 ) ;
#2727 = LINE ( 'NONE', #625, #4362 ) ;
#2728 = AXIS2_PLACEMENT_3D ( 'NONE', #2078, #350, #3373 ) ;
#2729 = DIRECTION ( 'NONE',  ( -1.000000000000000000, -1.224606353822377258E-16, -0.000000000000000000 ) ) ;
#2730 = ADVANCED_FACE ( 'NONE', ( #915 ), #1397, .T. ) ;
#2731 = ORIENTED_EDGE ( 'NONE', *, *, #1560, .T. ) ;
#2732 = CIRCLE ( 'NONE', #4434, 8.000000000000005329 ) ;
#2733 = ORIENTED_EDGE ( 'NONE', *, *, #2018, .T. ) ;
#2734 = EDGE_CURVE ( 'NONE', #5498, #3997, #3269, .T. ) ;
#2735 = ORIENTED_EDGE ( 'NONE', *, *, #3471, .F. ) ;
#2736 = DIRECTION ( 'NONE',  ( -1.000000000000000000, -1.224606353822377258E-16, -0.000000000000000000 ) ) ;
#2737 = VECTOR ( 'NONE', #4670, 1000.000000000000000 ) ;
#2738 = ORIENTED_EDGE ( 'NONE', *, *, #1091, .T. ) ;
#2739 = DIRECTION ( 'NONE',  ( -1.000000000000000000, -1.224606353822377258E-16, -0.000000000000000000 ) ) ;
#2740 = CARTESIAN_POINT ( 'NONE',  ( 41.22872139666199587, 5.192786664806616592E-15, 0.000000000000000000 ) ) ;
#2741 = FACE_OUTER_BOUND ( 'NONE', #2435, .T. ) ;
#2742 = ORIENTED_EDGE ( 'NONE', *, *, #2238, .F. ) ;
#2743 = DIRECTION ( 'NONE',  ( -1.000000000000000000, -1.224606353822377258E-16, -0.000000000000000000 ) ) ;
#2744 = EDGE_CURVE ( 'NONE', #2955, #3104, #4787, .T. ) ;
#2745 = CARTESIAN_POINT ( 'NONE',  ( 64.77127860333800413, 5.381689200449609928E-15, 0.000000000000000000 ) ) ;
#2746 = SURFACE_STYLE_USAGE ( .BOTH. , #1941 ) ;
#2747 = ORIENTED_EDGE ( 'NONE', *, *, #2311, .T. ) ;
#2748 = CYLINDRICAL_SURFACE ( 'NONE', #4259, 7.999999999999618083 ) ;
#2749 = VERTEX_POINT ( 'NONE', #193 ) ;
#2750 = CARTESIAN_POINT ( 'NONE',  ( -31.74999999999995737, 0.000000000000000000, 7.999999999999618083 ) ) ;
#2751 = EDGE_CURVE ( 'NONE', #877, #387, #5526, .T. ) ;
#2752 = FACE_OUTER_BOUND ( 'NONE', #4818, .T. ) ;
#2753 = AXIS2_PLACEMENT_3D ( 'NONE', #5524, #289, #1642 ) ;
#2754 = ORIENTED_EDGE ( 'NONE', *, *, #5093, .F. ) ;
#2755 =( LENGTH_UNIT ( ) NAMED_UNIT ( * ) SI_UNIT ( .MILLI., .METRE. ) );
#2756 = CARTESIAN_POINT ( 'NONE',  ( 72.77127860333800413, 5.381689200449609928E-15, 0.000000000000000000 ) ) ;
#2757 = ADVANCED_FACE ( 'NONE', ( #983 ), #3405, .T. ) ;
#2758 = ORIENTED_EDGE ( 'NONE', *, *, #5546, .F. ) ;
#2759 = CARTESIAN_POINT ( 'NONE',  ( 60.77127860333800413, 5.381689200449609928E-15, 0.000000000000000000 ) ) ;
#2760 = LINE ( 'NONE', #186, #1617 ) ;
#2761 = ORIENTED_EDGE ( 'NONE', *, *, #2720, .F. ) ;
#2762 = DIRECTION ( 'NONE',  ( 0.000000000000000000, -1.000000000000000000, 0.000000000000000000 ) ) ;
#2763 = AXIS2_PLACEMENT_3D ( 'NONE', #4622, #4239, #714 ) ;
#2764 = CARTESIAN_POINT ( 'NONE',  ( 48.00000000000000000, -6.898500000000000298, 0.000000000000000000 ) ) ;
#2765 = AXIS2_PLACEMENT_3D ( 'NONE', #5085, #3381, #2086 ) ;
#2766 = DIRECTION ( 'NONE',  ( 0.000000000000000000, -1.000000000000000000, 0.000000000000000000 ) ) ;
#2768 = VERTEX_POINT ( 'NONE', #3659 ) ;
#2767 = DIRECTION ( 'NONE',  ( -1.000000000000000000, -0.000000000000000000, -0.000000000000000000 ) ) ;
#2769 = ORIENTED_EDGE ( 'NONE', *, *, #4715, .T. ) ;
#2770 = DIRECTION ( 'NONE',  ( -0.000000000000000000, 0.000000000000000000, 1.000000000000000000 ) ) ;
#2771 = LINE ( 'NONE', #5066, #5229 ) ;
#2772 = VECTOR ( 'NONE', #424, 1000.000000000000114 ) ;
#2773 = ORIENTED_EDGE ( 'NONE', *, *, #3781, .F. ) ;
#2774 = CARTESIAN_POINT ( 'NONE',  ( 57.22872139666199587, 5.192786664806616592E-15, 0.000000000000000000 ) ) ;
#2775 =( NAMED_UNIT ( * ) SI_UNIT ( $, .STERADIAN. ) SOLID_ANGLE_UNIT ( ) );
#2776 = CARTESIAN_POINT ( 'NONE',  ( 64.77127860333800413, 5.381689200449609928E-15, 0.000000000000000000 ) ) ;
#2777 = EDGE_LOOP ( 'NONE', ( #2430, #875, #2674, #378, #2742 ) ) ;
#2778 = LINE ( 'NONE', #5574, #4896 ) ;
#2779 = EDGE_CURVE ( 'NONE', #4132, #5623, #3692, .T. ) ;
#2780 = CARTESIAN_POINT ( 'NONE',  ( 52.00000000000000711, 5.287237932628113655E-15, 0.000000000000000000 ) ) ;
#2781 = DIRECTION ( 'NONE',  ( 0.000000000000000000, -1.000000000000000000, 0.000000000000000000 ) ) ;
#2782 = ORIENTED_EDGE ( 'NONE', *, *, #4723, .F. ) ;
#2783 = CYLINDRICAL_SURFACE ( 'NONE', #956, 7.999999999999618083 ) ;
#2784 = AXIS2_PLACEMENT_3D ( 'NONE', #155, #4570, #4942 ) ;
#2785 = CARTESIAN_POINT ( 'NONE',  ( 57.22872139666199587, -2.511412647480955552E-28, 8.000000000000005329 ) ) ;
#2786 = EDGE_CURVE ( 'NONE', #3730, #459, #233, .T. ) ;
#2787 = ADVANCED_FACE ( 'NONE', ( #4233 ), #4642, .T. ) ;
#2788 = ORIENTED_EDGE ( 'NONE', *, *, #4006, .T. ) ;
#2789 = CONICAL_SURFACE ( 'NONE', #910, 8.000000000000005329, 0.9599310885968797002 ) ;
#2790 =( GEOMETRIC_REPRESENTATION_CONTEXT ( 3 ) GLOBAL_UNCERTAINTY_ASSIGNED_CONTEXT ( ( #2271 ) ) GLOBAL_UNIT_ASSIGNED_CONTEXT ( ( #479, #3476, #3989 ) ) REPRESENTATION_CONTEXT ( 'NONE', 'WORKASPACE' ) );
#2791 = ORIENTED_EDGE ( 'NONE', *, *, #2172, .T. ) ;
#2792 = FACE_OUTER_BOUND ( 'NONE', #1110, .T. ) ;
#2793 = DIRECTION ( 'NONE',  ( 1.000000000000000000, 1.224606353822377258E-16, 0.000000000000000000 ) ) ;
#2794 = EDGE_CURVE ( 'NONE', #1077, #2354, #643, .T. ) ;
#2795 = AXIS2_PLACEMENT_3D ( 'NONE', #5180, #5605, #1707 ) ;
#2796 = ORIENTED_EDGE ( 'NONE', *, *, #3371, .F. ) ;
#2797 = LINE ( 'NONE', #854, #4369 ) ;
#2798 = CARTESIAN_POINT ( 'NONE',  ( -31.74999999999995737, 0.000000000000000000, 0.000000000000000000 ) ) ;
#2799 = CARTESIAN_POINT ( 'NONE',  ( 40.00000000000000000, 5.287237932628113655E-15, 0.000000000000000000 ) ) ;
#2800 = ORIENTED_EDGE ( 'NONE', *, *, #682, .F. ) ;
#2801 = STYLED_ITEM ( 'NONE', ( #784 ), #1685 ) ;
#2802 = VERTEX_POINT ( 'NONE', #2411 ) ;
#2803 = CIRCLE ( 'NONE', #3362, 8.000000000000005329 ) ;
#2804 = CARTESIAN_POINT ( 'NONE',  ( 64.77127860333800413, 5.381689200449609928E-15, 0.000000000000000000 ) ) ;
#2805 = DIRECTION ( 'NONE',  ( -1.000000000000000000, -1.224606353822377258E-16, -0.000000000000000000 ) ) ;
#2806 = DIRECTION ( 'NONE',  ( -1.000000000000000000, -1.224606353822377258E-16, -0.000000000000000000 ) ) ;
#2807 = LINE ( 'NONE', #2876, #4857 ) ;
#2808 = EDGE_LOOP ( 'NONE', ( #4992, #4925, #3052, #5608, #1966 ) ) ;
#2809 = EDGE_CURVE ( 'NONE', #336, #4764, #2803, .T. ) ;
#2810 = ADVANCED_FACE ( 'NONE', ( #2255 ), #3071, .T. ) ;
#2811 = VERTEX_POINT ( 'NONE', #2395 ) ;
#2812 = ORIENTED_EDGE ( 'NONE', *, *, #316, .T. ) ;
#2813 = CARTESIAN_POINT ( 'NONE',  ( 65.22872139666199587, 8.000000000000012434, 9.797174393178835518E-16 ) ) ;
#2814 = CARTESIAN_POINT ( 'NONE',  ( 56.00000000000000000, 5.287237932628113655E-15, 0.000000000000000000 ) ) ;
#2815 = EDGE_LOOP ( 'NONE', ( #632, #3532, #4694, #1332, #452 ) ) ;
#2816 = FACE_OUTER_BOUND ( 'NONE', #5079, .T. ) ;
#2817 = EDGE_CURVE ( 'NONE', #5323, #5372, #3974, .T. ) ;
#2818 = ORIENTED_EDGE ( 'NONE', *, *, #3510, .F. ) ;
#2819 = FACE_OUTER_BOUND ( 'NONE', #4127, .T. ) ;
#2820 = ORIENTED_EDGE ( 'NONE', *, *, #1228, .T. ) ;
#2821 = DIRECTION ( 'NONE',  ( -0.5735764363510509334, 0.8191520442889884679, 1.003171929053520802E-16 ) ) ;
#2822 = EDGE_CURVE ( 'NONE', #701, #1530, #2389, .T. ) ;
#2823 = AXIS2_PLACEMENT_3D ( 'NONE', #3529, #4868, #1778 ) ;
#2824 = DIRECTION ( 'NONE',  ( -1.000000000000000000, -1.224606353822377258E-16, -0.000000000000000000 ) ) ;
#2825 = CONICAL_SURFACE ( 'NONE', #1297, 6.898500000000005627, 0.9599310885968754814 ) ;
#2826 = ORIENTED_EDGE ( 'NONE', *, *, #2132, .F. ) ;
#2827 = FACE_OUTER_BOUND ( 'NONE', #2224, .T. ) ;
#2828 = AXIS2_PLACEMENT_3D ( 'NONE', #825, #1273, #2915 ) ;
#2829 = CONICAL_SURFACE ( 'NONE', #4733, 8.000000000000005329, 0.9599310885968797002 ) ;
#2830 = ORIENTED_EDGE ( 'NONE', *, *, #570, .T. ) ;
#2831 = DIRECTION ( 'NONE',  ( -0.000000000000000000, -0.5000000000000009992, -0.8660254037844380415 ) ) ;
#2832 = DIRECTION ( 'NONE',  ( -1.000000000000000000, -0.000000000000000000, -0.000000000000000000 ) ) ;
#2833 = VERTEX_POINT ( 'NONE', #5460 ) ;
#2834 = DIRECTION ( 'NONE',  ( 0.000000000000000000, -1.000000000000000000, 0.000000000000000000 ) ) ;
#2835 = LINE ( 'NONE', #1379, #208 ) ;
#2836 = CARTESIAN_POINT ( 'NONE',  ( 80.77127860333798992, 9.797174393176222416E-16, -8.000000000000005329 ) ) ;
#2837 = EDGE_CURVE ( 'NONE', #4261, #4725, #97, .T. ) ;
#2838 = CARTESIAN_POINT ( 'NONE',  ( 80.77127860333798992, 5.381689200449609928E-15, 0.000000000000000000 ) ) ;
#2839 = ORIENTED_EDGE ( 'NONE', *, *, #4399, .F. ) ;
#2840 = VECTOR ( 'NONE', #637, 1000.000000000000114 ) ;
#2841 = CARTESIAN_POINT ( 'NONE',  ( 61.22872139666199587, 5.192786664806616592E-15, 0.000000000000000000 ) ) ;
#2842 = DIRECTION ( 'NONE',  ( 0.5735764363510472696, 0.8191520442889909104, 0.000000000000000000 ) ) ;
#2843 = ORIENTED_EDGE ( 'NONE', *, *, #2349, .F. ) ;
#2844 = FACE_OUTER_BOUND ( 'NONE', #3091, .T. ) ;
#2845 = EDGE_CURVE ( 'NONE', #2201, #170, #5585, .T. ) ;
#2846 = CARTESIAN_POINT ( 'NONE',  ( -31.74999999999995737, 0.000000000000000000, 0.000000000000000000 ) ) ;
#2847 = DIRECTION ( 'NONE',  ( 0.5735764363510472696, 0.8191520442889909104, 0.000000000000000000 ) ) ;
#2848 = VERTEX_POINT ( 'NONE', #4192 ) ;
#2849 = VERTEX_POINT ( 'NONE', #700 ) ;
#2850 = CONICAL_SURFACE ( 'NONE', #1890, 6.898500000000005627, 0.9599310885968754814 ) ;
#2851 = DIRECTION ( 'NONE',  ( 0.000000000000000000, -1.000000000000000000, 0.000000000000000000 ) ) ;
#2852 = EDGE_CURVE ( 'NONE', #2183, #2895, #3554, .T. ) ;
#2853 = AXIS2_PLACEMENT_3D ( 'NONE', #3432, #2104, #400 ) ;
#2854 = EDGE_LOOP ( 'NONE', ( #1594, #40, #5256, #1475, #2347, #4492 ) ) ;
#2855 = DIRECTION ( 'NONE',  ( -1.000000000000000000, -0.000000000000000000, -0.000000000000000000 ) ) ;
#2856 = CONICAL_SURFACE ( 'NONE', #5483, 8.000000000000005329, 0.9599310885968797002 ) ;
#2857 = CARTESIAN_POINT ( 'NONE',  ( -31.74999999999995737, 0.000000000000000000, 0.000000000000000000 ) ) ;
#2858 = ORIENTED_EDGE ( 'NONE', *, *, #2490, .T. ) ;
#2859 = DIRECTION ( 'NONE',  ( 0.000000000000000000, -1.000000000000000000, 0.000000000000000000 ) ) ;
#2860 = CIRCLE ( 'NONE', #2853, 6.898500000000005627 ) ;
#2861 = CARTESIAN_POINT ( 'NONE',  ( -31.74999999999995737, 0.000000000000000000, 7.999999999999618083 ) ) ;
#2862 = MECHANICAL_DESIGN_GEOMETRIC_PRESENTATION_REPRESENTATION (  '', ( #5565 ), #1328 ) ;
#2863 = DIRECTION ( 'NONE',  ( -1.000000000000000000, -1.224606353822377258E-16, -0.000000000000000000 ) ) ;
#2864 = DIRECTION ( 'NONE',  ( -1.000000000000000000, -1.224606353822377258E-16, -0.000000000000000000 ) ) ;
#2865 = CIRCLE ( 'NONE', #1816, 11.19999999999999929 ) ;
#2866 = ORIENTED_EDGE ( 'NONE', *, *, #177, .T. ) ;
#2867 = CARTESIAN_POINT ( 'NONE',  ( 88.77127860333800413, 5.381689200449609928E-15, 0.000000000000000000 ) ) ;
#2868 = DIRECTION ( 'NONE',  ( 0.000000000000000000, -1.000000000000000000, 0.000000000000000000 ) ) ;
#2869 = AXIS2_PLACEMENT_3D ( 'NONE', #4151, #5076, #690 ) ;
#2870 = CARTESIAN_POINT ( 'NONE',  ( 72.77127860333800413, 5.381689200449609928E-15, 0.000000000000000000 ) ) ;
#2871 = DIRECTION ( 'NONE',  ( 0.000000000000000000, -1.000000000000000000, 0.000000000000000000 ) ) ;
#2872 = ORIENTED_EDGE ( 'NONE', *, *, #3733, .T. ) ;
#2873 = LINE ( 'NONE', #976, #993 ) ;
#2874 = VERTEX_POINT ( 'NONE', #5067 ) ;
#2875 = ORIENTED_EDGE ( 'NONE', *, *, #1465, .F. ) ;
#2876 = CARTESIAN_POINT ( 'NONE',  ( 70.77127860333800413, 8.000000000000010658, 0.000000000000000000 ) ) ;
#2877 = DIRECTION ( 'NONE',  ( -1.000000000000000000, 0.000000000000000000, 0.000000000000000000 ) ) ;
#2878 = VERTEX_POINT ( 'NONE', #5499 ) ;
#2879 = DIRECTION ( 'NONE',  ( -1.000000000000000000, -1.224606353822377258E-16, -0.000000000000000000 ) ) ;
#2880 = EDGE_CURVE ( 'NONE', #3931, #5536, #4374, .T. ) ;
#2881 = DIRECTION ( 'NONE',  ( -1.000000000000000000, -0.000000000000000000, -0.000000000000000000 ) ) ;
#2882 = FACE_OUTER_BOUND ( 'NONE', #2136, .T. ) ;
#2883 = ORIENTED_EDGE ( 'NONE', *, *, #689, .F. ) ;
#2884 = CARTESIAN_POINT ( 'NONE',  ( 60.00000000000000000, 5.287237932628113655E-15, 0.000000000000000000 ) ) ;
#2885 = EDGE_CURVE ( 'NONE', #5523, #4513, #4441, .T. ) ;
#2886 = DIRECTION ( 'NONE',  ( 0.000000000000000000, -1.000000000000000000, 0.000000000000000000 ) ) ;
#2887 = ORIENTED_EDGE ( 'NONE', *, *, #5540, .F. ) ;
#2888 = DIRECTION ( 'NONE',  ( -1.000000000000000000, -1.224606353822377258E-16, -0.000000000000000000 ) ) ;
#2889 = VERTEX_POINT ( 'NONE', #2026 ) ;
#2890 = CARTESIAN_POINT ( 'NONE',  ( 85.22872139666198166, 5.192786664806616592E-15, 0.000000000000000000 ) ) ;
#2891 = SURFACE_STYLE_FILL_AREA ( #4836 ) ;
#2892 = CARTESIAN_POINT ( 'NONE',  ( 83.22872139666198166, 8.000000000000012434, 9.797174393178835518E-16 ) ) ;
#2893 = EDGE_LOOP ( 'NONE', ( #5511, #4449, #3847, #2263, #2424 ) ) ;
#2894 = EDGE_CURVE ( 'NONE', #2768, #701, #3209, .T. ) ;
#2895 = VERTEX_POINT ( 'NONE', #4605 ) ;
#2897 = DIRECTION ( 'NONE',  ( 0.5735764363510472696, 0.8191520442889909104, 0.000000000000000000 ) ) ;
#2896 = AXIS2_PLACEMENT_3D ( 'NONE', #461, #4406, #2264 ) ;
#2898 = DIRECTION ( 'NONE',  ( 0.000000000000000000, -1.000000000000000000, 0.000000000000000000 ) ) ;
#2899 = FACE_OUTER_BOUND ( 'NONE', #1872, .T. ) ;
#2900 = DIRECTION ( 'NONE',  ( -1.000000000000000000, -1.224606353822377258E-16, -0.000000000000000000 ) ) ;
#2901 = CIRCLE ( 'NONE', #2180, 8.000000000000005329 ) ;
#2902 = ORIENTED_EDGE ( 'NONE', *, *, #1706, .T. ) ;
#2903 = AXIS2_PLACEMENT_3D ( 'NONE', #2016, #674, #1100 ) ;
#2904 = CARTESIAN_POINT ( 'NONE',  ( 53.22872139666199587, 5.192786664806616592E-15, 0.000000000000000000 ) ) ;
#2905 = CARTESIAN_POINT ( 'NONE',  ( 0.000000000000000000, 4.082443753439854994, 7.070999999999982855 ) ) ;
#2906 = ORIENTED_EDGE ( 'NONE', *, *, #3097, .T. ) ;
#2907 = CARTESIAN_POINT ( 'NONE',  ( 45.22872139666199587, 9.797174393176315108E-16, -8.000000000000005329 ) ) ;
#2908 = DIRECTION ( 'NONE',  ( 0.000000000000000000, -1.000000000000000000, 0.000000000000000000 ) ) ;
#2909 = DIRECTION ( 'NONE',  ( 0.000000000000000000, -1.000000000000000000, 0.000000000000000000 ) ) ;
#2910 = ORIENTED_EDGE ( 'NONE', *, *, #1597, .T. ) ;
#2911 = CIRCLE ( 'NONE', #1797, 12.00000000000000000 ) ;
#2912 = CARTESIAN_POINT ( 'NONE',  ( 45.22872139666199587, -7.999999999999998224, 0.000000000000000000 ) ) ;
#2913 = EDGE_CURVE ( 'NONE', #3720, #1810, #3767, .T. ) ;
#2914 = ORIENTED_EDGE ( 'NONE', *, *, #3131, .F. ) ;
#2915 = DIRECTION ( 'NONE',  ( 0.000000000000000000, -1.000000000000000000, 0.000000000000000000 ) ) ;
#2916 = CIRCLE ( 'NONE', #1204, 8.000000000000005329 ) ;
#2917 = DIRECTION ( 'NONE',  ( -1.000000000000000000, -0.000000000000000000, -0.000000000000000000 ) ) ;
#2918 = EDGE_CURVE ( 'NONE', #1589, #433, #1659, .T. ) ;
#2919 = EDGE_LOOP ( 'NONE', ( #5474, #2320, #4638, #2858, #2386 ) ) ;
#2920 = CARTESIAN_POINT ( 'NONE',  ( 8.000000000000000000, -4.082443753439832790, 7.070999999999992625 ) ) ;
#2921 =( NAMED_UNIT ( * ) PLANE_ANGLE_UNIT ( ) SI_UNIT ( $, .RADIAN. ) );
#2922 = EDGE_LOOP ( 'NONE', ( #5295, #4711, #4676, #948, #3992 ) ) ;
#2923 = DIRECTION ( 'NONE',  ( 0.000000000000000000, -1.000000000000000000, 0.000000000000000000 ) ) ;
#2924 = EDGE_CURVE ( 'NONE', #636, #4937, #2732, .T. ) ;
#2925 = AXIS2_PLACEMENT_3D ( 'NONE', #3350, #2092, #2475 ) ;
#2926 = AXIS2_PLACEMENT_3D ( 'NONE', #5133, #2438, #2929 ) ;
#2927 = CARTESIAN_POINT ( 'NONE',  ( 79.22872139666199587, 8.000000000000012434, 9.797174393178835518E-16 ) ) ;
#2928 = ORIENTED_EDGE ( 'NONE', *, *, #713, .T. ) ;
#2929 = DIRECTION ( 'NONE',  ( 0.000000000000000000, -1.000000000000000000, 0.000000000000000000 ) ) ;
#2930 = VERTEX_POINT ( 'NONE', #2549 ) ;
#2931 = LINE ( 'NONE', #1053, #2127 ) ;
#2932 = AXIS2_PLACEMENT_3D ( 'NONE', #4358, #398, #4299 ) ;
#2933 = CIRCLE ( 'NONE', #2377, 7.070999999999999730 ) ;
#2934 = AXIS2_PLACEMENT_3D ( 'NONE', #2605, #1280, #2133 ) ;
#2935 = EDGE_LOOP ( 'NONE', ( #2914, #4639, #4961, #1791, #2220 ) ) ;
#2936 = DIRECTION ( 'NONE',  ( 0.000000000000000000, -1.000000000000000000, 0.000000000000000000 ) ) ;
#2937 = CARTESIAN_POINT ( 'NONE',  ( 8.000000000000000000, 4.082443753439834566, -7.071000000000018382 ) ) ;
#2938 = ORIENTED_EDGE ( 'NONE', *, *, #482, .T. ) ;
#2939 = FILL_AREA_STYLE ('',( #5163 ) ) ;
#2940 = ORIENTED_EDGE ( 'NONE', *, *, #5556, .T. ) ;
#2941 = VECTOR ( 'NONE', #4918, 1000.000000000000114 ) ;
#2942 = CARTESIAN_POINT ( 'NONE',  ( 78.00000000000000000, -6.898500000000000298, 9.122700168548426594E-16 ) ) ;
#2943 = ORIENTED_EDGE ( 'NONE', *, *, #4899, .F. ) ;
#2944 = ORIENTED_EDGE ( 'NONE', *, *, #2913, .T. ) ;
#2945 = CARTESIAN_POINT ( 'NONE',  ( -31.74999999999995737, 0.000000000000000000, 0.000000000000000000 ) ) ;
#2946 = ADVANCED_FACE ( 'NONE', ( #703 ), #5119, .T. ) ;
#2947 = DIRECTION ( 'NONE',  ( 0.000000000000000000, 1.000000000000000000, 0.000000000000000000 ) ) ;
#2948 = LINE ( 'NONE', #3700, #1477 ) ;
#2949 = ORIENTED_EDGE ( 'NONE', *, *, #4510, .T. ) ;
#2950 = DIRECTION ( 'NONE',  ( 0.000000000000000000, 1.000000000000000000, 0.000000000000000000 ) ) ;
#2951 = CARTESIAN_POINT ( 'NONE',  ( 50.77127860333800413, 5.381689200449609928E-15, 0.000000000000000000 ) ) ;
#2952 = CARTESIAN_POINT ( 'NONE',  ( 67.22872139666199587, 5.192786664806616592E-15, 0.000000000000000000 ) ) ;
#2953 = FACE_OUTER_BOUND ( 'NONE', #787, .T. ) ;
#2954 = EDGE_CURVE ( 'NONE', #2749, #5282, #775, .T. ) ;
#2955 = VERTEX_POINT ( 'NONE', #340 ) ;
#2956 =( NAMED_UNIT ( * ) SI_UNIT ( $, .STERADIAN. ) SOLID_ANGLE_UNIT ( ) );
#2957 = DIRECTION ( 'NONE',  ( -1.000000000000000000, -1.224606353822377258E-16, -0.000000000000000000 ) ) ;
#2958 = CIRCLE ( 'NONE', #5491, 8.000000000000005329 ) ;
#2959 = EDGE_LOOP ( 'NONE', ( #4337, #1023, #3349, #422, #4052, #2843 ) ) ;
#2960 = CARTESIAN_POINT ( 'NONE',  ( 86.77127860333800413, 5.381689200449609928E-15, 0.000000000000000000 ) ) ;
#2961 = AXIS2_PLACEMENT_3D ( 'NONE', #3824, #4252, #4271 ) ;
#2962 = DIRECTION ( 'NONE',  ( 1.000000000000000000, 1.224606353822377258E-16, 0.000000000000000000 ) ) ;
#2963 = EDGE_CURVE ( 'NONE', #1077, #5575, #2860, .T. ) ;
#2964 = FILL_AREA_STYLE ('',( #5552 ) ) ;
#2965 = AXIS2_PLACEMENT_3D ( 'NONE', #4235, #3298, #4185 ) ;
#2966 = VECTOR ( 'NONE', #4797, 1000.000000000000000 ) ;
#2967 = CARTESIAN_POINT ( 'NONE',  ( 82.77127860333798992, -8.000000000000000000, 9.797174393178833546E-16 ) ) ;
#2968 = LINE ( 'NONE', #2967, #2772 ) ;
#2969 = EDGE_LOOP ( 'NONE', ( #1015, #5395, #3714, #496, #4085 ) ) ;
#2970 = SURFACE_SIDE_STYLE ('',( #4050 ) ) ;
#2971 = CARTESIAN_POINT ( 'NONE',  ( -31.74999999999995737, 9.797174393178358257E-16, -7.999999999999618083 ) ) ;
#2972 = CARTESIAN_POINT ( 'NONE',  ( 0.000000000000000000, 0.000000000000000000, 0.000000000000000000 ) ) ;
#2973 = DIRECTION ( 'NONE',  ( -1.000000000000000000, -0.000000000000000000, -0.000000000000000000 ) ) ;
#2974 = AXIS2_PLACEMENT_3D ( 'NONE', #5218, #3035, #5568 ) ;
#2975 = VERTEX_POINT ( 'NONE', #833 ) ;
#2976 = CIRCLE ( 'NONE', #4083, 8.000000000000005329 ) ;
#2977 = AXIS2_PLACEMENT_3D ( 'NONE', #4770, #3898, #2947 ) ;
#2978 = ORIENTED_EDGE ( 'NONE', *, *, #1875, .F. ) ;
#2979 = SURFACE_STYLE_FILL_AREA ( #2964 ) ;
#2980 = AXIS2_PLACEMENT_3D ( 'NONE', #1170, #5060, #745 ) ;
#2981 = DIRECTION ( 'NONE',  ( -1.000000000000000000, -1.224606353822377258E-16, -0.000000000000000000 ) ) ;
#2982 = EDGE_LOOP ( 'NONE', ( #1175, #1421, #1811, #513, #1074 ) ) ;
#2983 = CYLINDRICAL_SURFACE ( 'NONE', #623, 7.999999999999618083 ) ;
#2984 = ADVANCED_FACE ( 'NONE', ( #1795 ), #1683, .T. ) ;
#2985 = CARTESIAN_POINT ( 'NONE',  ( 54.77127860333799703, -8.000000000000001776, 9.797174393178835518E-16 ) ) ;
#2986 = DIRECTION ( 'NONE',  ( 0.000000000000000000, 0.000000000000000000, 1.000000000000000000 ) ) ;
#2987 = ORIENTED_EDGE ( 'NONE', *, *, #282, .F. ) ;
#2988 = DIRECTION ( 'NONE',  ( -1.000000000000000000, -1.224606353822377258E-16, -0.000000000000000000 ) ) ;
#2989 = EDGE_CURVE ( 'NONE', #1069, #1810, #5390, .T. ) ;
#2990 = DIRECTION ( 'NONE',  ( 0.000000000000000000, 1.000000000000000000, -1.224646799147353207E-16 ) ) ;
#2991 = ORIENTED_EDGE ( 'NONE', *, *, #4825, .T. ) ;
#2992 = SURFACE_STYLE_FILL_AREA ( #5314 ) ;
#2993 = EDGE_CURVE ( 'NONE', #4701, #924, #1460, .T. ) ;
#2994 = ORIENTED_EDGE ( 'NONE', *, *, #566, .T. ) ;
#2995 = DIRECTION ( 'NONE',  ( 0.000000000000000000, 1.000000000000000000, 0.000000000000000000 ) ) ;
#2996 = VECTOR ( 'NONE', #2489, 1000.000000000000000 ) ;
#2997 = DIRECTION ( 'NONE',  ( -1.000000000000000000, -1.224606353822377258E-16, -0.000000000000000000 ) ) ;
#2998 = CARTESIAN_POINT ( 'NONE',  ( 56.00000000000000000, 5.287237932628113655E-15, 0.000000000000000000 ) ) ;
#2999 = LINE ( 'NONE', #1582, #2067 ) ;
#3000 = EDGE_CURVE ( 'NONE', #2302, #3244, #5324, .T. ) ;
#3001 = VERTEX_POINT ( 'NONE', #5144 ) ;
#3002 = AXIS2_PLACEMENT_3D ( 'NONE', #649, #3738, #2375 ) ;
#3003 = CARTESIAN_POINT ( 'NONE',  ( 68.00000000000000000, 5.287237932628113655E-15, 0.000000000000000000 ) ) ;
#3004 = CARTESIAN_POINT ( 'NONE',  ( 10.59999999999999787, 1.053196247266677151E-15, 8.599999999999617728 ) ) ;
#3005 = LINE ( 'NONE', #4596, #2195 ) ;
#3006 = ORIENTED_EDGE ( 'NONE', *, *, #3000, .F. ) ;
#3007 = ORIENTED_EDGE ( 'NONE', *, *, #1163, .F. ) ;
#3008 = VERTEX_POINT ( 'NONE', #5569 ) ;
#3009 = CARTESIAN_POINT ( 'NONE',  ( 64.00000000000000000, 6.898500000000010957, 8.448225943918022600E-16 ) ) ;
#3010 = ADVANCED_FACE ( 'NONE', ( #845 ), #638, .T. ) ;
#3011 = SURFACE_SIDE_STYLE ('',( #2660 ) ) ;
#3012 = AXIS2_PLACEMENT_3D ( 'NONE', #3066, #901, #5210 ) ;
#3013 = CIRCLE ( 'NONE', #1075, 8.000000000000005329 ) ;
#3014 = EDGE_LOOP ( 'NONE', ( #317, #1368, #5614, #4742, #5433, #3134 ) ) ;
#3015 = DIRECTION ( 'NONE',  ( -1.000000000000000000, -0.000000000000000000, -0.000000000000000000 ) ) ;
#3016 = CARTESIAN_POINT ( 'NONE',  ( -31.74999999999995737, 0.000000000000000000, 7.999999999999618083 ) ) ;
#3017 = CYLINDRICAL_SURFACE ( 'NONE', #4089, 7.999999999999618083 ) ;
#3018 = ORIENTED_EDGE ( 'NONE', *, *, #4479, .T. ) ;
#3019 = CARTESIAN_POINT ( 'NONE',  ( 72.77127860333800413, 9.797174393176222416E-16, -8.000000000000005329 ) ) ;
#3020 = EDGE_CURVE ( 'NONE', #4019, #5137, #1517, .T. ) ;
#3021 = CARTESIAN_POINT ( 'NONE',  ( 74.77127860333800413, 5.381689200449609928E-15, 0.000000000000000000 ) ) ;
#3022 = DIRECTION ( 'NONE',  ( 0.000000000000000000, -1.000000000000000000, 0.000000000000000000 ) ) ;
#3023 = CARTESIAN_POINT ( 'NONE',  ( -31.74999999999995737, 0.000000000000000000, 0.000000000000000000 ) ) ;
#3024 = CYLINDRICAL_SURFACE ( 'NONE', #120, 7.999999999999618083 ) ;
#3025 = CARTESIAN_POINT ( 'NONE',  ( 8.000000000000000000, 0.000000000000000000, 0.000000000000000000 ) ) ;
#3026 = EDGE_LOOP ( 'NONE', ( #541, #1199, #2629, #297, #3625 ) ) ;
#3027 = DIRECTION ( 'NONE',  ( -0.5735764363510507113, -0.8191520442889885789, 0.000000000000000000 ) ) ;
#3028 = EDGE_CURVE ( 'NONE', #1191, #4138, #3829, .T. ) ;
#3029 = ORIENTED_EDGE ( 'NONE', *, *, #5340, .T. ) ;
#3030 = CARTESIAN_POINT ( 'NONE',  ( 63.22872139666199587, 8.000000000000012434, 9.797174393178835518E-16 ) ) ;
#3031 = UNCERTAINTY_MEASURE_WITH_UNIT (LENGTH_MEASURE( 1.000000000000000082E-05 ), #5275, 'distance_accuracy_value', 'NONE');
#3032 = CIRCLE ( 'NONE', #4120, 8.000000000000005329 ) ;
#3033 = VERTEX_POINT ( 'NONE', #4683 ) ;
#3034 = CIRCLE ( 'NONE', #2579, 8.000000000000005329 ) ;
#3035 = DIRECTION ( 'NONE',  ( -1.000000000000000000, -1.224606353822377258E-16, -0.000000000000000000 ) ) ;
#3036 = CARTESIAN_POINT ( 'NONE',  ( 84.77127860333798992, 5.381689200449609928E-15, 0.000000000000000000 ) ) ;
#3037 = VECTOR ( 'NONE', #1432, 1000.000000000000114 ) ;
#3038 = ORIENTED_EDGE ( 'NONE', *, *, #5622, .T. ) ;
#3039 = CARTESIAN_POINT ( 'NONE',  ( 63.22872139666199587, 5.192786664806616592E-15, 0.000000000000000000 ) ) ;
#3040 = LINE ( 'NONE', #3226, #1626 ) ;
#3041 = EDGE_CURVE ( 'NONE', #4701, #336, #3968, .T. ) ;
#3042 = ADVANCED_FACE ( 'NONE', ( #4920 ), #907, .T. ) ;
#3043 = AXIS2_PLACEMENT_3D ( 'NONE', #4273, #2577, #464 ) ;
#3044 = CARTESIAN_POINT ( 'NONE',  ( -31.74999999999995737, 9.797174393178358257E-16, -7.999999999999618083 ) ) ;
#3045 = DIRECTION ( 'NONE',  ( -1.000000000000000000, -1.224606353822377258E-16, -0.000000000000000000 ) ) ;
#3046 = ORIENTED_EDGE ( 'NONE', *, *, #2786, .F. ) ;
#3047 = LINE ( 'NONE', #3434, #5437 ) ;
#3048 = DIRECTION ( 'NONE',  ( 0.000000000000000000, 0.000000000000000000, 1.000000000000000000 ) ) ;
#3049 = CARTESIAN_POINT ( 'NONE',  ( 55.22872139666199587, 8.000000000000012434, 9.797174393178835518E-16 ) ) ;
#3050 = AXIS2_PLACEMENT_3D ( 'NONE', #2530, #2139, #1688 ) ;
#3051 = AXIS2_PLACEMENT_3D ( 'NONE', #870, #3967, #4855 ) ;
#3052 = ORIENTED_EDGE ( 'NONE', *, *, #1533, .T. ) ;
#3053 = CARTESIAN_POINT ( 'NONE',  ( 0.000000000000000000, 8.164887506879688672, -2.255140518769849223E-14 ) ) ;
#3054 = LINE ( 'NONE', #1123, #4215 ) ;
#3055 = ORIENTED_EDGE ( 'NONE', *, *, #2744, .T. ) ;
#3056 = VECTOR ( 'NONE', #3923, 999.9999999999998863 ) ;
#3057 = DIRECTION ( 'NONE',  ( 0.000000000000000000, -1.000000000000000000, 0.000000000000000000 ) ) ;
#3058 = CARTESIAN_POINT ( 'NONE',  ( 87.22872139666199587, -2.511412647480955552E-28, 8.000000000000005329 ) ) ;
#3059 = ORIENTED_EDGE ( 'NONE', *, *, #3356, .F. ) ;
#3060 = CARTESIAN_POINT ( 'NONE',  ( 52.00000000000000711, 6.898500000000010957, 8.448225943918022600E-16 ) ) ;
#3061 = VECTOR ( 'NONE', #1085, 1000.000000000000000 ) ;
#3062 = DIRECTION ( 'NONE',  ( 0.000000000000000000, -1.000000000000000000, 0.000000000000000000 ) ) ;
#3063 = CARTESIAN_POINT ( 'NONE',  ( 70.77127860333800413, -2.603857284811542873E-28, 8.000000000000005329 ) ) ;
#3064 = EDGE_CURVE ( 'NONE', #4653, #3325, #2797, .T. ) ;
#3065 = ORIENTED_EDGE ( 'NONE', *, *, #3285, .T. ) ;
#3066 = CARTESIAN_POINT ( 'NONE',  ( 79.22872139666199587, 5.192786664806616592E-15, 0.000000000000000000 ) ) ;
#3067 = ADVANCED_FACE ( 'NONE', ( #3475 ), #1181, .T. ) ;
#3068 = CARTESIAN_POINT ( 'NONE',  ( 85.22872139666198166, 9.797174393176315108E-16, -8.000000000000005329 ) ) ;
#3069 = EDGE_LOOP ( 'NONE', ( #134, #454, #106, #5302, #2987 ) ) ;
#3070 = ORIENTED_EDGE ( 'NONE', *, *, #1550, .T. ) ;
#3071 = CONICAL_SURFACE ( 'NONE', #3555, 6.898500000000005627, 0.9599310885968754814 ) ;
#3072 = AXIS2_PLACEMENT_3D ( 'NONE', #1107, #1539, #1071 ) ;
#3073 = EDGE_CURVE ( 'NONE', #2726, #3104, #2185, .T. ) ;
#3074 = STYLED_ITEM ( 'NONE', ( #5320 ), #3271 ) ;
#3075 = CARTESIAN_POINT ( 'NONE',  ( 68.77127860333798992, 9.797174393176222416E-16, -8.000000000000005329 ) ) ;
#3076 = DIRECTION ( 'NONE',  ( 0.000000000000000000, -1.000000000000000000, 0.000000000000000000 ) ) ;
#3077 = CIRCLE ( 'NONE', #3180, 8.000000000000005329 ) ;
#3078 = VERTEX_POINT ( 'NONE', #1391 ) ;
#3079 = CARTESIAN_POINT ( 'NONE',  ( 57.22872139666199587, 5.192786664806616592E-15, 0.000000000000000000 ) ) ;
#3080 = DIRECTION ( 'NONE',  ( 0.000000000000000000, 0.000000000000000000, 1.000000000000000000 ) ) ;
#3081 = EDGE_CURVE ( 'NONE', #2404, #4385, #5189, .T. ) ;
#3082 = CARTESIAN_POINT ( 'NONE',  ( 58.00000000000000000, 6.898500000000010957, 8.448225943918022600E-16 ) ) ;
#3083 = ORIENTED_EDGE ( 'NONE', *, *, #1984, .T. ) ;
#3084 = EDGE_LOOP ( 'NONE', ( #307, #772, #5136, #2368, #2254 ) ) ;
#3085 = CARTESIAN_POINT ( 'NONE',  ( 46.77127860333799703, -8.000000000000001776, 9.797174393178835518E-16 ) ) ;
#3086 = CIRCLE ( 'NONE', #1724, 6.898500000000005627 ) ;
#3087 = VERTEX_POINT ( 'NONE', #4763 ) ;
#3088 = DIRECTION ( 'NONE',  ( 0.000000000000000000, -1.000000000000000000, 0.000000000000000000 ) ) ;
#3089 = AXIS2_PLACEMENT_3D ( 'NONE', #5141, #812, #1256 ) ;
#3090 = VECTOR ( 'NONE', #2478, 1000.000000000000000 ) ;
#3091 = EDGE_LOOP ( 'NONE', ( #4963, #483, #1914, #4183, #3680, #344 ) ) ;
#3092 = DIRECTION ( 'NONE',  ( -1.000000000000000000, -1.224606353822377258E-16, -0.000000000000000000 ) ) ;
#3093 = DIRECTION ( 'NONE',  ( 0.000000000000000000, -1.000000000000000000, 0.000000000000000000 ) ) ;
#3094 = ADVANCED_FACE ( 'NONE', ( #4847 ), #503, .T. ) ;
#3095 = CARTESIAN_POINT ( 'NONE',  ( 8.000000000000000000, 0.000000000000000000, 0.000000000000000000 ) ) ;
#3096 = FACE_OUTER_BOUND ( 'NONE', #1127, .T. ) ;
#3097 = EDGE_CURVE ( 'NONE', #3624, #3840, #768, .T. ) ;
#3098 = ORIENTED_EDGE ( 'NONE', *, *, #1119, .T. ) ;
#3099 = CARTESIAN_POINT ( 'NONE',  ( 48.77127860333799703, 5.381689200449609928E-15, 0.000000000000000000 ) ) ;
#3101 = DIRECTION ( 'NONE',  ( -1.000000000000000000, -1.224606353822377258E-16, -0.000000000000000000 ) ) ;
#3100 = CIRCLE ( 'NONE', #2765, 8.000000000000005329 ) ;
#3102 = UNCERTAINTY_MEASURE_WITH_UNIT (LENGTH_MEASURE( 1.000000000000000082E-05 ), #2491, 'distance_accuracy_value', 'NONE');
#3103 = FACE_OUTER_BOUND ( 'NONE', #5041, .T. ) ;
#3104 = VERTEX_POINT ( 'NONE', #5220 ) ;
#3105 = DIRECTION ( 'NONE',  ( 0.000000000000000000, -1.000000000000000000, 0.000000000000000000 ) ) ;
#3106 = EDGE_CURVE ( 'NONE', #1307, #2811, #3686, .T. ) ;
#3107 = DIRECTION ( 'NONE',  ( -1.000000000000000000, -1.224606353822377258E-16, -0.000000000000000000 ) ) ;
#3108 = ORIENTED_EDGE ( 'NONE', *, *, #934, .F. ) ;
#3109 = FACE_OUTER_BOUND ( 'NONE', #2013, .T. ) ;
#3110 = DIRECTION ( 'NONE',  ( -1.000000000000000000, -1.224606353822377258E-16, -0.000000000000000000 ) ) ;
#3111 = EDGE_CURVE ( 'NONE', #4708, #732, #4033, .T. ) ;
#3112 = ORIENTED_EDGE ( 'NONE', *, *, #756, .F. ) ;
#3113 = FACE_OUTER_BOUND ( 'NONE', #2400, .T. ) ;
#3114 = AXIS2_PLACEMENT_3D ( 'NONE', #958, #4888, #4367 ) ;
#3115 = CARTESIAN_POINT ( 'NONE',  ( 8.000000000000000000, 8.164887506879688672, -2.255140518769849223E-14 ) ) ;
#3116 = DIRECTION ( 'NONE',  ( 0.000000000000000000, 0.000000000000000000, 1.000000000000000000 ) ) ;
#3117 = DIRECTION ( 'NONE',  ( 0.000000000000000000, -1.000000000000000000, 0.000000000000000000 ) ) ;
#3118 = EDGE_LOOP ( 'NONE', ( #93, #1662, #544, #1870, #685 ) ) ;
#3119 = DIRECTION ( 'NONE',  ( 0.000000000000000000, -1.000000000000000000, 0.000000000000000000 ) ) ;
#3120 = CONICAL_SURFACE ( 'NONE', #5449, 6.898500000000005627, 0.9599310885968754814 ) ;
#3121 = CARTESIAN_POINT ( 'NONE',  ( 8.000000000000000000, 8.164887506879688672, -2.255140518769849223E-14 ) ) ;
#3122 = AXIS2_PLACEMENT_3D ( 'NONE', #149, #5403, #4475 ) ;
#3123 = ADVANCED_FACE ( 'NONE', ( #3760 ), #296, .T. ) ;
#3124 = VERTEX_POINT ( 'NONE', #3928 ) ;
#3125 = CARTESIAN_POINT ( 'NONE',  ( 51.22872139666200297, 9.797174393176315108E-16, -8.000000000000005329 ) ) ;
#3126 = VECTOR ( 'NONE', #828, 1000.000000000000000 ) ;
#3127 = VERTEX_POINT ( 'NONE', #3541 ) ;
#3128 = DIRECTION ( 'NONE',  ( 0.000000000000000000, -1.000000000000000000, 0.000000000000000000 ) ) ;
#3129 = DIRECTION ( 'NONE',  ( 0.000000000000000000, -1.000000000000000000, 0.000000000000000000 ) ) ;
#3130 = VECTOR ( 'NONE', #2423, 1000.000000000000000 ) ;
#3131 = EDGE_CURVE ( 'NONE', #1590, #3774, #2598, .T. ) ;
#3132 = CARTESIAN_POINT ( 'NONE',  ( 47.22872139666199587, 5.192786664806616592E-15, 0.000000000000000000 ) ) ;
#3133 = CARTESIAN_POINT ( 'NONE',  ( 50.77127860333800413, 9.797174393176216500E-16, -8.000000000000005329 ) ) ;
#3134 = ORIENTED_EDGE ( 'NONE', *, *, #3503, .F. ) ;
#3135 = VECTOR ( 'NONE', #3816, 1000.000000000000000 ) ;
#3136 = CARTESIAN_POINT ( 'NONE',  ( 53.22872139666199587, 5.192786664806616592E-15, 0.000000000000000000 ) ) ;
#3137 = DIRECTION ( 'NONE',  ( -1.000000000000000000, -1.224606353822377258E-16, -0.000000000000000000 ) ) ;
#3138 = EDGE_CURVE ( 'NONE', #3823, #3292, #3620, .T. ) ;
#3139 = CIRCLE ( 'NONE', #1235, 8.000000000000005329 ) ;
#3140 = ORIENTED_EDGE ( 'NONE', *, *, #675, .F. ) ;
#3141 = CARTESIAN_POINT ( 'NONE',  ( -31.74999999999995737, 0.000000000000000000, 0.000000000000000000 ) ) ;
#3142 = DIRECTION ( 'NONE',  ( -1.000000000000000000, -1.224606353822377258E-16, -0.000000000000000000 ) ) ;
#3143 = DIRECTION ( 'NONE',  ( -1.000000000000000000, -1.224606353822377258E-16, -0.000000000000000000 ) ) ;
#3144 = VERTEX_POINT ( 'NONE', #4838 ) ;
#3145 = CONICAL_SURFACE ( 'NONE', #1616, 8.000000000000005329, 0.9599310885968797002 ) ;
#3146 = EDGE_CURVE ( 'NONE', #3078, #4063, #572, .T. ) ;
#3147 = VERTEX_POINT ( 'NONE', #494 ) ;
#3148 = ORIENTED_EDGE ( 'NONE', *, *, #2809, .F. ) ;
#3149 = AXIS2_PLACEMENT_3D ( 'NONE', #188, #4547, #1532 ) ;
#3150 = DIRECTION ( 'NONE',  ( -1.000000000000000000, -1.224606353822377258E-16, -0.000000000000000000 ) ) ;
#3151 = DIRECTION ( 'NONE',  ( 0.000000000000000000, -1.000000000000000000, 0.000000000000000000 ) ) ;
#3152 =( LENGTH_UNIT ( ) NAMED_UNIT ( * ) SI_UNIT ( .MILLI., .METRE. ) );
#3153 = ADVANCED_FACE ( 'NONE', ( #5054 ), #5520, .T. ) ;
#3154 = ORIENTED_EDGE ( 'NONE', *, *, #1065, .F. ) ;
#3155 = CARTESIAN_POINT ( 'NONE',  ( 88.77127860333800413, -8.000000000000001776, 9.797174393178835518E-16 ) ) ;
#3156 = AXIS2_PLACEMENT_3D ( 'NONE', #3342, #1591, #752 ) ;
#3157 = CARTESIAN_POINT ( 'NONE',  ( 79.22872139666199587, 5.192786664806616592E-15, 0.000000000000000000 ) ) ;
#3158 = AXIS2_PLACEMENT_3D ( 'NONE', #5260, #493, #2204 ) ;
#3159 = DIRECTION ( 'NONE',  ( 0.000000000000000000, -1.000000000000000000, 0.000000000000000000 ) ) ;
#3160 = LINE ( 'NONE', #3958, #1413 ) ;
#3161 = DIRECTION ( 'NONE',  ( 1.000000000000000000, 1.224606353822377258E-16, 0.000000000000000000 ) ) ;
#3162 = ORIENTED_EDGE ( 'NONE', *, *, #26, .F. ) ;
#3163 = AXIS2_PLACEMENT_3D ( 'NONE', #4969, #3644, #2770 ) ;
#3164 = FACE_OUTER_BOUND ( 'NONE', #5625, .T. ) ;
#3165 = EDGE_LOOP ( 'NONE', ( #3307, #3445, #5406, #1018, #2483, #3200 ) ) ;
#3166 = DIRECTION ( 'NONE',  ( -1.000000000000000000, -0.000000000000000000, -0.000000000000000000 ) ) ;
#3167 = ORIENTED_EDGE ( 'NONE', *, *, #463, .T. ) ;
#3168 = CARTESIAN_POINT ( 'NONE',  ( 63.22872139666199587, -2.511412647480955552E-28, 8.000000000000005329 ) ) ;
#3169 = ORIENTED_EDGE ( 'NONE', *, *, #1048, .T. ) ;
#3170 = CARTESIAN_POINT ( 'NONE',  ( 0.000000000000000000, -4.082443753439852330, -7.071000000000007724 ) ) ;
#3171 = ORIENTED_EDGE ( 'NONE', *, *, #4939, .F. ) ;
#3172 = DIRECTION ( 'NONE',  ( -0.5735764363510509334, 0.8191520442889884679, 1.003171929053520802E-16 ) ) ;
#3173 = EDGE_CURVE ( 'NONE', #3181, #2232, #160, .T. ) ;
#3174 = ORIENTED_EDGE ( 'NONE', *, *, #2918, .F. ) ;
#3175 = EDGE_LOOP ( 'NONE', ( #4665, #968, #2115, #5566, #5444, #4129 ) ) ;
#3176 = CARTESIAN_POINT ( 'NONE',  ( 48.77127860333799703, -8.000000000000000000, 9.797174393178833546E-16 ) ) ;
#3177 = CIRCLE ( 'NONE', #5030, 8.000000000000005329 ) ;
#3178 = CARTESIAN_POINT ( 'NONE',  ( 68.77127860333798992, 8.000000000000010658, 0.000000000000000000 ) ) ;
#3179 = DIRECTION ( 'NONE',  ( 0.000000000000000000, -1.000000000000000000, 0.000000000000000000 ) ) ;
#3180 = AXIS2_PLACEMENT_3D ( 'NONE', #3462, #842, #447 ) ;
#3181 = VERTEX_POINT ( 'NONE', #3455 ) ;
#3182 = LINE ( 'NONE', #4285, #3450 ) ;
#3183 = EDGE_CURVE ( 'NONE', #2848, #2874, #2450, .T. ) ;
#3184 = ADVANCED_FACE ( 'NONE', ( #1326 ), #2856, .T. ) ;
#3185 = ORIENTED_EDGE ( 'NONE', *, *, #3963, .T. ) ;
#3186 = CIRCLE ( 'NONE', #2351, 6.898500000000005627 ) ;
#3187 = DIRECTION ( 'NONE',  ( 0.000000000000000000, -1.000000000000000000, 0.000000000000000000 ) ) ;
#3188 = SURFACE_STYLE_USAGE ( .BOTH. , #2685 ) ;
#3189 = EDGE_CURVE ( 'NONE', #3330, #4177, #3203, .T. ) ;
#3190 = AXIS2_PLACEMENT_3D ( 'NONE', #3266, #683, #4590 ) ;
#3191 = ORIENTED_EDGE ( 'NONE', *, *, #1014, .F. ) ;
#3192 = CARTESIAN_POINT ( 'NONE',  ( 59.22872139666199587, 9.797174393176315108E-16, -8.000000000000005329 ) ) ;
#3193 = FACE_OUTER_BOUND ( 'NONE', #79, .T. ) ;
#3194 = DIRECTION ( 'NONE',  ( -1.000000000000000000, -0.000000000000000000, -0.000000000000000000 ) ) ;
#3195 = CARTESIAN_POINT ( 'NONE',  ( 66.77127860333800413, 9.797174393176222416E-16, -8.000000000000005329 ) ) ;
#3196 = ORIENTED_EDGE ( 'NONE', *, *, #3787, .T. ) ;
#3197 = LINE ( 'NONE', #4515, #840 ) ;
#3198 = AXIS2_PLACEMENT_3D ( 'NONE', #3241, #5006, #5042 ) ;
#3199 = CARTESIAN_POINT ( 'NONE',  ( 78.77127860333798992, 5.381689200449609928E-15, 0.000000000000000000 ) ) ;
#3200 = ORIENTED_EDGE ( 'NONE', *, *, #3427, .F. ) ;
#3201 = CARTESIAN_POINT ( 'NONE',  ( 49.22872139666199587, -2.511412647480955552E-28, 8.000000000000005329 ) ) ;
#3202 = DIRECTION ( 'NONE',  ( 0.5735764363510472696, 0.8191520442889909104, 0.000000000000000000 ) ) ;
#3203 = CIRCLE ( 'NONE', #473, 6.898500000000005627 ) ;
#3204 = APPLICATION_CONTEXT ( 'automotive_design' ) ;
#3205 = ORIENTED_EDGE ( 'NONE', *, *, #827, .T. ) ;
#3206 = EDGE_CURVE ( 'NONE', #1011, #4514, #4632, .T. ) ;
#3207 = ORIENTED_EDGE ( 'NONE', *, *, #2406, .F. ) ;
#3208 = CARTESIAN_POINT ( 'NONE',  ( 72.00000000000001421, -6.898500000000000298, 9.122700168548426594E-16 ) ) ;
#3209 = CIRCLE ( 'NONE', #4539, 6.898500000000005627 ) ;
#3210 = ADVANCED_FACE ( 'NONE', ( #4569 ), #3469, .T. ) ;
#3211 = DIRECTION ( 'NONE',  ( -1.000000000000000000, -1.224606353822377258E-16, -0.000000000000000000 ) ) ;
#3212 = VECTOR ( 'NONE', #365, 1000.000000000000000 ) ;
#3213 = VERTEX_POINT ( 'NONE', #966 ) ;
#3214 = EDGE_CURVE ( 'NONE', #656, #203, #2123, .T. ) ;
#3215 = DIRECTION ( 'NONE',  ( -1.000000000000000000, 0.000000000000000000, 0.000000000000000000 ) ) ;
#3216 = LINE ( 'NONE', #3367, #5534 ) ;
#3217 = ORIENTED_EDGE ( 'NONE', *, *, #1129, .T. ) ;
#3218 = ORIENTED_EDGE ( 'NONE', *, *, #2817, .F. ) ;
#3219 = CARTESIAN_POINT ( 'NONE',  ( 8.000000000000000000, -4.082443753439832790, 7.070999999999992625 ) ) ;
#3220 = EDGE_CURVE ( 'NONE', #330, #1760, #435, .T. ) ;
#3221 = LINE ( 'NONE', #4592, #1345 ) ;
#3222 = AXIS2_PLACEMENT_3D ( 'NONE', #2890, #4229, #388 ) ;
#3223 = AXIS2_PLACEMENT_3D ( 'NONE', #4826, #900, #5252 ) ;
#3224 = ORIENTED_EDGE ( 'NONE', *, *, #3897, .T. ) ;
#3225 = DIRECTION ( 'NONE',  ( 0.000000000000000000, 1.000000000000000000, 0.000000000000000000 ) ) ;
#3226 = CARTESIAN_POINT ( 'NONE',  ( 62.00000000000000000, -6.898500000000000298, 0.000000000000000000 ) ) ;
#3227 = CYLINDRICAL_SURFACE ( 'NONE', #2728, 7.999999999999618083 ) ;
#3228 = ORIENTED_EDGE ( 'NONE', *, *, #585, .F. ) ;
#3229 = AXIS2_PLACEMENT_3D ( 'NONE', #813, #2981, #1726 ) ;
#3230 = CARTESIAN_POINT ( 'NONE',  ( 0.000000000000000000, -4.082443753439832790, 7.070999999999992625 ) ) ;
#3231 = AXIS2_PLACEMENT_3D ( 'NONE', #2257, #2684, #2223 ) ;
#3232 = CARTESIAN_POINT ( 'NONE',  ( -31.74999999999995737, 0.000000000000000000, 7.999999999999618083 ) ) ;
#3233 = DIRECTION ( 'NONE',  ( 0.000000000000000000, 0.000000000000000000, 1.000000000000000000 ) ) ;
#3234 = VECTOR ( 'NONE', #3926, 1000.000000000000000 ) ;
#3235 = ORIENTED_EDGE ( 'NONE', *, *, #530, .T. ) ;
#3236 = ADVANCED_FACE ( 'NONE', ( #1320 ), #288, .T. ) ;
#3237 = FACE_OUTER_BOUND ( 'NONE', #2023, .T. ) ;
#3238 = DIRECTION ( 'NONE',  ( 0.000000000000000000, -1.000000000000000000, 0.000000000000000000 ) ) ;
#3239 = CONICAL_SURFACE ( 'NONE', #628, 8.000000000000005329, 0.9599310885968797002 ) ;
#3240 = ORIENTED_EDGE ( 'NONE', *, *, #797, .F. ) ;
#3241 = CARTESIAN_POINT ( 'NONE',  ( 62.00000000000000000, 5.287237932628113655E-15, 0.000000000000000000 ) ) ;
#3242 = SURFACE_SIDE_STYLE ('',( #2206 ) ) ;
#3243 = CARTESIAN_POINT ( 'NONE',  ( 72.77127860333800413, 8.000000000000010658, 0.000000000000000000 ) ) ;
#3244 = VERTEX_POINT ( 'NONE', #3170 ) ;
#3245 = VECTOR ( 'NONE', #2671, 999.9999999999998863 ) ;
#3246 = EDGE_CURVE ( 'NONE', #1841, #3931, #1176, .T. ) ;
#3247 = ORIENTED_EDGE ( 'NONE', *, *, #3591, .F. ) ;
#3248 = COLOUR_RGB ( '',0.7764705882352941346, 0.7568627450980391913, 0.7372549019607843590 ) ;
#3249 = AXIS2_PLACEMENT_3D ( 'NONE', #2268, #3137, #1863 ) ;
#3250 = FILL_AREA_STYLE ('',( #504 ) ) ;
#3251 = EDGE_CURVE ( 'NONE', #1640, #2612, #1456, .T. ) ;
#3252 = ORIENTED_EDGE ( 'NONE', *, *, #4832, .F. ) ;
#3253 = LINE ( 'NONE', #2619, #1240 ) ;
#3254 = AXIS2_PLACEMENT_3D ( 'NONE', #2507, #2997, #421 ) ;
#3255 = DIRECTION ( 'NONE',  ( -1.000000000000000000, -1.224606353822377258E-16, -0.000000000000000000 ) ) ;
#3256 = DIRECTION ( 'NONE',  ( -1.000000000000000000, -1.224606353822377258E-16, -0.000000000000000000 ) ) ;
#3257 = ORIENTED_EDGE ( 'NONE', *, *, #3173, .T. ) ;
#3258 = COLOUR_RGB ( '',0.7764705882352941346, 0.7568627450980391913, 0.7372549019607843590 ) ;
#3259 = CARTESIAN_POINT ( 'NONE',  ( 62.00000000000000000, -6.898500000000000298, 9.122700168548426594E-16 ) ) ;
#3260 = AXIS2_PLACEMENT_3D ( 'NONE', #443, #5149, #5203 ) ;
#3261 = ADVANCED_FACE ( 'NONE', ( #2053 ), #3332, .T. ) ;
#3262 = AXIS2_PLACEMENT_3D ( 'NONE', #4972, #619, #125 ) ;
#3263 = ORIENTED_EDGE ( 'NONE', *, *, #1317, .T. ) ;
#3264 = LINE ( 'NONE', #3243, #696 ) ;
#3265 = DIRECTION ( 'NONE',  ( -0.5000000000000042188, 0.000000000000000000, 0.8660254037844361541 ) ) ;
#3266 = CARTESIAN_POINT ( 'NONE',  ( 82.77127860333798992, 5.381689200449609928E-15, 0.000000000000000000 ) ) ;
#3267 = AXIS2_PLACEMENT_3D ( 'NONE', #1654, #363, #5166 ) ;
#3268 = EDGE_LOOP ( 'NONE', ( #225, #1445, #4790, #1909, #5418 ) ) ;
#3269 = LINE ( 'NONE', #4924, #5266 ) ;
#3270 = DIRECTION ( 'NONE',  ( 0.5735764363510472696, 0.8191520442889909104, 0.000000000000000000 ) ) ;
#3271 = MANIFOLD_SOLID_BREP ( 'ThdSchPat', #3479 ) ;
#3272 = DIRECTION ( 'NONE',  ( 0.000000000000000000, -1.000000000000000000, 0.000000000000000000 ) ) ;
#3273 = VERTEX_POINT ( 'NONE', #607 ) ;
#3274 = DIRECTION ( 'NONE',  ( 0.000000000000000000, 0.4999999999999986677, -0.8660254037844392627 ) ) ;
#3275 = EDGE_CURVE ( 'NONE', #4195, #1054, #1583, .T. ) ;
#3276 = DIRECTION ( 'NONE',  ( 0.000000000000000000, -1.000000000000000000, 0.000000000000000000 ) ) ;
#3277 = VERTEX_POINT ( 'NONE', #4498 ) ;
#3278 = DIRECTION ( 'NONE',  ( 0.000000000000000000, 0.000000000000000000, 1.000000000000000000 ) ) ;
#3279 = CIRCLE ( 'NONE', #375, 8.000000000000005329 ) ;
#3280 = ORIENTED_EDGE ( 'NONE', *, *, #1560, .F. ) ;
#3281 = ORIENTED_EDGE ( 'NONE', *, *, #3401, .F. ) ;
#3282 = CARTESIAN_POINT ( 'NONE',  ( 88.77127860333800413, 5.381689200449609928E-15, 0.000000000000000000 ) ) ;
#3283 = CARTESIAN_POINT ( 'NONE',  ( 82.00000000000000000, 5.287237932628113655E-15, 0.000000000000000000 ) ) ;
#3284 = CIRCLE ( 'NONE', #3869, 8.000000000000005329 ) ;
#3285 = EDGE_CURVE ( 'NONE', #4708, #655, #2522, .T. ) ;
#3286 = DIRECTION ( 'NONE',  ( -1.000000000000000000, -1.224606353822377258E-16, -0.000000000000000000 ) ) ;
#3287 = ORIENTED_EDGE ( 'NONE', *, *, #4548, .F. ) ;
#3288 = ORIENTED_EDGE ( 'NONE', *, *, #5407, .F. ) ;
#3289 = DIRECTION ( 'NONE',  ( -1.000000000000000000, -1.224606353822377258E-16, -0.000000000000000000 ) ) ;
#3290 = ADVANCED_FACE ( 'NONE', ( #3895 ), #4504, .T. ) ;
#3291 = CIRCLE ( 'NONE', #227, 8.000000000000005329 ) ;
#3292 = VERTEX_POINT ( 'NONE', #3259 ) ;
#3293 = EDGE_CURVE ( 'NONE', #4177, #4815, #3264, .T. ) ;
#3294 = AXIS2_PLACEMENT_3D ( 'NONE', #5014, #1578, #5479 ) ;
#3295 = CARTESIAN_POINT ( 'NONE',  ( 10.59999999999999787, 0.000000000000000000, 0.000000000000000000 ) ) ;
#3296 = VECTOR ( 'NONE', #4116, 1000.000000000000000 ) ;
#3297 = VERTEX_POINT ( 'NONE', #5439 ) ;
#3298 = DIRECTION ( 'NONE',  ( -1.000000000000000000, -0.000000000000000000, -0.000000000000000000 ) ) ;
#3299 = ORIENTED_EDGE ( 'NONE', *, *, #2060, .F. ) ;
#3300 = FACE_OUTER_BOUND ( 'NONE', #1489, .T. ) ;
#3301 = AXIS2_PLACEMENT_3D ( 'NONE', #1153, #3728, #1136 ) ;
#3302 = ORIENTED_EDGE ( 'NONE', *, *, #4599, .F. ) ;
#3303 = DIRECTION ( 'NONE',  ( 0.000000000000000000, -1.000000000000000000, 1.274768433379006694E-15 ) ) ;
#3304 = DIRECTION ( 'NONE',  ( 1.000000000000000000, 0.000000000000000000, 0.000000000000000000 ) ) ;
#3305 = ORIENTED_EDGE ( 'NONE', *, *, #4433, .T. ) ;
#3306 = DIRECTION ( 'NONE',  ( -1.000000000000000000, -1.224606353822377258E-16, -0.000000000000000000 ) ) ;
#3307 = ORIENTED_EDGE ( 'NONE', *, *, #747, .T. ) ;
#3308 = ORIENTED_EDGE ( 'NONE', *, *, #566, .F. ) ;
#3309 = CARTESIAN_POINT ( 'NONE',  ( 88.00000000000000000, 5.287237932628113655E-15, 0.000000000000000000 ) ) ;
#3310 = VECTOR ( 'NONE', #699, 1000.000000000000114 ) ;
#3311 = CARTESIAN_POINT ( 'NONE',  ( 62.77127860333800413, 8.000000000000010658, 0.000000000000000000 ) ) ;
#3312 = EDGE_CURVE ( 'NONE', #5023, #1695, #2249, .T. ) ;
#3313 = CARTESIAN_POINT ( 'NONE',  ( -31.74999999999995737, 0.000000000000000000, 0.000000000000000000 ) ) ;
#3314 = ORIENTED_EDGE ( 'NONE', *, *, #1192, .T. ) ;
#3315 = CYLINDRICAL_SURFACE ( 'NONE', #3372, 7.999999999999618083 ) ;
#3316 = DIRECTION ( 'NONE',  ( -1.000000000000000000, -1.224606353822377258E-16, -0.000000000000000000 ) ) ;
#3317 = DIRECTION ( 'NONE',  ( -1.000000000000000000, -0.000000000000000000, -0.000000000000000000 ) ) ;
#3318 = ADVANCED_FACE ( 'NONE', ( #226 ), #975, .T. ) ;
#3319 = ORIENTED_EDGE ( 'NONE', *, *, #145, .T. ) ;
#3320 = VECTOR ( 'NONE', #3883, 1000.000000000000000 ) ;
#3321 = EDGE_CURVE ( 'NONE', #3798, #2404, #4438, .T. ) ;
#3322 = DIRECTION ( 'NONE',  ( -1.000000000000000000, -1.224606353822377258E-16, -0.000000000000000000 ) ) ;
#3323 = DIRECTION ( 'NONE',  ( 0.000000000000000000, 0.000000000000000000, 1.000000000000000000 ) ) ;
#3324 = DIRECTION ( 'NONE',  ( -1.000000000000000000, -1.224606353822377258E-16, -0.000000000000000000 ) ) ;
#3325 = VERTEX_POINT ( 'NONE', #2335 ) ;
#3326 = CIRCLE ( 'NONE', #3522, 8.000000000000005329 ) ;
#3327 = DIRECTION ( 'NONE',  ( -1.000000000000000000, -1.224606353822377258E-16, -0.000000000000000000 ) ) ;
#3328 = EDGE_CURVE ( 'NONE', #4251, #4945, #904, .T. ) ;
#3329 = AXIS2_PLACEMENT_3D ( 'NONE', #1699, #849, #1722 ) ;
#3330 = VERTEX_POINT ( 'NONE', #3208 ) ;
#3331 = CARTESIAN_POINT ( 'NONE',  ( 64.00000000000000000, 6.898500000000010957, 0.000000000000000000 ) ) ;
#3332 = CONICAL_SURFACE ( 'NONE', #657, 6.898500000000005627, 0.9599310885968754814 ) ;
#3333 = CARTESIAN_POINT ( 'NONE',  ( 54.00000000000000000, 6.898500000000010957, 0.000000000000000000 ) ) ;
#3334 = DIRECTION ( 'NONE',  ( -1.000000000000000000, -0.000000000000000000, -0.000000000000000000 ) ) ;
#3335 = CARTESIAN_POINT ( 'NONE',  ( 60.77127860333800413, -8.000000000000001776, 9.797174393178835518E-16 ) ) ;
#3336 = ORIENTED_EDGE ( 'NONE', *, *, #3653, .F. ) ;
#3337 = CARTESIAN_POINT ( 'NONE',  ( 67.22872139666199587, -2.511412647480955552E-28, 8.000000000000005329 ) ) ;
#3338 = STYLED_ITEM ( 'NONE', ( #5083 ), #467 ) ;
#3339 = AXIS2_PLACEMENT_3D ( 'NONE', #5354, #1052, #3586 ) ;
#3340 = ORIENTED_EDGE ( 'NONE', *, *, #2918, .T. ) ;
#3341 = EDGE_LOOP ( 'NONE', ( #3845, #4973, #1551, #478, #563 ) ) ;
#3342 = CARTESIAN_POINT ( 'NONE',  ( 8.000000000000000000, 4.082443753439834566, -7.071000000000018382 ) ) ;
#3343 = DIRECTION ( 'NONE',  ( 0.000000000000000000, 0.000000000000000000, 1.000000000000000000 ) ) ;
#3344 = VECTOR ( 'NONE', #559, 1000.000000000000227 ) ;
#3345 = SURFACE_STYLE_USAGE ( .BOTH. , #1652 ) ;
#3346 = CARTESIAN_POINT ( 'NONE',  ( 8.000000000000000000, 4.082443753439834566, -7.071000000000018382 ) ) ;
#3347 = CIRCLE ( 'NONE', #5214, 8.000000000000005329 ) ;
#3348 = ADVANCED_FACE ( 'NONE', ( #3753 ), #5512, .T. ) ;
#3349 = ORIENTED_EDGE ( 'NONE', *, *, #2924, .T. ) ;
#3350 = CARTESIAN_POINT ( 'NONE',  ( 88.77127860333800413, 5.381689200449609928E-15, 0.000000000000000000 ) ) ;
#3351 = DIRECTION ( 'NONE',  ( 1.000000000000000000, 1.224606353822377258E-16, 0.000000000000000000 ) ) ;
#3352 = FACE_OUTER_BOUND ( 'NONE', #3014, .T. ) ;
#3353 = ORIENTED_EDGE ( 'NONE', *, *, #140, .T. ) ;
#3354 = ORIENTED_EDGE ( 'NONE', *, *, #1119, .F. ) ;
#3355 = CARTESIAN_POINT ( 'NONE',  ( 62.77127860333800413, 5.381689200449609928E-15, 0.000000000000000000 ) ) ;
#3356 = EDGE_CURVE ( 'NONE', #1520, #2652, #2727, .T. ) ;
#3357 = CARTESIAN_POINT ( 'NONE',  ( 0.8000000000000020428, 1.371604415045035513E-15, -11.19999999999999929 ) ) ;
#3358 = LINE ( 'NONE', #3988, #929 ) ;
#3359 = ORIENTED_EDGE ( 'NONE', *, *, #2452, .F. ) ;
#3360 = DIRECTION ( 'NONE',  ( 0.000000000000000000, -1.000000000000000000, 0.000000000000000000 ) ) ;
#3361 = CARTESIAN_POINT ( 'NONE',  ( 56.77127860333799703, 8.000000000000008882, 0.000000000000000000 ) ) ;
#3362 = AXIS2_PLACEMENT_3D ( 'NONE', #2867, #1988, #5516 ) ;
#3363 = EDGE_CURVE ( 'NONE', #858, #2895, #4224, .T. ) ;
#3364 = FACE_OUTER_BOUND ( 'NONE', #2854, .T. ) ;
#3365 = AXIS2_PLACEMENT_3D ( 'NONE', #2776, #3691, #1101 ) ;
#3366 = ORIENTED_EDGE ( 'NONE', *, *, #5587, .T. ) ;
#3367 = CARTESIAN_POINT ( 'NONE',  ( 70.77127860333800413, -8.000000000000000000, 9.797174393178833546E-16 ) ) ;
#3368 = CONICAL_SURFACE ( 'NONE', #4153, 8.000000000000005329, 0.9599310885968797002 ) ;
#3369 = CARTESIAN_POINT ( 'NONE',  ( 64.77127860333800413, -8.000000000000001776, 9.797174393178835518E-16 ) ) ;
#3370 = ORIENTED_EDGE ( 'NONE', *, *, #2989, .T. ) ;
#3371 = EDGE_CURVE ( 'NONE', #519, #4080, #1986, .T. ) ;
#3372 = AXIS2_PLACEMENT_3D ( 'NONE', #2448, #3698, #3233 ) ;
#3373 = DIRECTION ( 'NONE',  ( 0.000000000000000000, 0.000000000000000000, 1.000000000000000000 ) ) ;
#3374 = CIRCLE ( 'NONE', #3531, 8.000000000000005329 ) ;
#3375 = CARTESIAN_POINT ( 'NONE',  ( -31.74999999999995737, 0.000000000000000000, 7.999999999999618083 ) ) ;
#3376 = LINE ( 'NONE', #403, #1689 ) ;
#3377 = VERTEX_POINT ( 'NONE', #1552 ) ;
#3378 = ADVANCED_FACE ( 'NONE', ( #1723 ), #5047, .T. ) ;
#3379 = UNCERTAINTY_MEASURE_WITH_UNIT (LENGTH_MEASURE( 1.000000000000000082E-05 ), #792, 'distance_accuracy_value', 'NONE');
#3380 =( GEOMETRIC_REPRESENTATION_CONTEXT ( 3 ) GLOBAL_UNCERTAINTY_ASSIGNED_CONTEXT ( ( #5411 ) ) GLOBAL_UNIT_ASSIGNED_CONTEXT ( ( #1669, #5185, #3400 ) ) REPRESENTATION_CONTEXT ( 'NONE', 'WORKASPACE' ) );
#3381 = DIRECTION ( 'NONE',  ( -1.000000000000000000, -1.224606353822377258E-16, -0.000000000000000000 ) ) ;
#3382 = ORIENTED_EDGE ( 'NONE', *, *, #5239, .F. ) ;
#3383 = CIRCLE ( 'NONE', #879, 8.000000000000005329 ) ;
#3384 = DIRECTION ( 'NONE',  ( 0.000000000000000000, -1.000000000000000000, 0.000000000000000000 ) ) ;
#3385 = CARTESIAN_POINT ( 'NONE',  ( 10.00000000000000178, 1.469576158976823947E-15, -12.00000000000000000 ) ) ;
#3386 = ORIENTED_EDGE ( 'NONE', *, *, #3673, .T. ) ;
#3387 = DIRECTION ( 'NONE',  ( 0.000000000000000000, -1.000000000000000000, 0.000000000000000000 ) ) ;
#3388 = CARTESIAN_POINT ( 'NONE',  ( 39.22872139666199587, 5.192786664806616592E-15, 0.000000000000000000 ) ) ;
#3389 = EDGE_CURVE ( 'NONE', #1359, #3456, #1111, .T. ) ;
#3390 = EDGE_LOOP ( 'NONE', ( #1762, #2137, #5064, #1785, #2991 ) ) ;
#3391 = PLANE ( 'NONE',  #196 ) ;
#3392 = LINE ( 'NONE', #68, #826 ) ;
#3393 = EDGE_CURVE ( 'NONE', #2608, #4024, #3197, .T. ) ;
#3394 = ORIENTED_EDGE ( 'NONE', *, *, #5370, .F. ) ;
#3395 = FACE_OUTER_BOUND ( 'NONE', #2919, .T. ) ;
#3396 = CARTESIAN_POINT ( 'NONE',  ( -31.74999999999995737, 0.000000000000000000, 0.000000000000000000 ) ) ;
#3397 = CARTESIAN_POINT ( 'NONE',  ( -31.74999999999995737, 0.000000000000000000, 0.000000000000000000 ) ) ;
#3398 = EDGE_LOOP ( 'NONE', ( #5273, #3619, #1721, #1284, #995 ) ) ;
#3399 = DIRECTION ( 'NONE',  ( 0.000000000000000000, -1.000000000000000000, 0.000000000000000000 ) ) ;
#3400 =( NAMED_UNIT ( * ) SI_UNIT ( $, .STERADIAN. ) SOLID_ANGLE_UNIT ( ) );
#3401 = EDGE_CURVE ( 'NONE', #4738, #1521, #4710, .T. ) ;
#3402 = CARTESIAN_POINT ( 'NONE',  ( 73.22872139666201008, 5.192786664806616592E-15, 0.000000000000000000 ) ) ;
#3403 = AXIS2_PLACEMENT_3D ( 'NONE', #2252, #5306, #3511 ) ;
#3404 = ORIENTED_EDGE ( 'NONE', *, *, #902, .T. ) ;
#3405 = CONICAL_SURFACE ( 'NONE', #2488, 6.898500000000005627, 0.9599310885968754814 ) ;
#3406 = DIRECTION ( 'NONE',  ( -1.000000000000000000, -1.224606353822377258E-16, -0.000000000000000000 ) ) ;
#3407 = ADVANCED_FACE ( 'NONE', ( #5385 ), #1854, .T. ) ;
#3408 = AXIS2_PLACEMENT_3D ( 'NONE', #1227, #1188, #4255 ) ;
#3409 = LINE ( 'NONE', #1224, #5056 ) ;
#3410 = ORIENTED_EDGE ( 'NONE', *, *, #2452, .T. ) ;
#3411 = DIRECTION ( 'NONE',  ( 0.000000000000000000, 0.000000000000000000, 1.000000000000000000 ) ) ;
#3412 = DIRECTION ( 'NONE',  ( 0.000000000000000000, 0.000000000000000000, 1.000000000000000000 ) ) ;
#3413 = CARTESIAN_POINT ( 'NONE',  ( 88.77127860333800413, -8.000000000000000000, 9.797174393178833546E-16 ) ) ;
#3414 = FACE_OUTER_BOUND ( 'NONE', #865, .T. ) ;
#3415 = DIRECTION ( 'NONE',  ( 0.000000000000000000, -1.000000000000000000, 0.000000000000000000 ) ) ;
#3416 = ORIENTED_EDGE ( 'NONE', *, *, #3293, .F. ) ;
#3417 = VERTEX_POINT ( 'NONE', #3337 ) ;
#3418 = CARTESIAN_POINT ( 'NONE',  ( 46.77127860333799703, 5.381689200449609928E-15, 0.000000000000000000 ) ) ;
#3419 = EDGE_CURVE ( 'NONE', #4521, #374, #3549, .T. ) ;
#3420 = CARTESIAN_POINT ( 'NONE',  ( -31.74999999999995737, 0.000000000000000000, 0.000000000000000000 ) ) ;
#3421 = DIRECTION ( 'NONE',  ( -1.000000000000000000, -1.224606353822377258E-16, -0.000000000000000000 ) ) ;
#3422 = FACE_BOUND ( 'NONE', #3575, .T. ) ;
#3423 = ORIENTED_EDGE ( 'NONE', *, *, #1875, .T. ) ;
#3424 = EDGE_LOOP ( 'NONE', ( #4472, #936, #3487, #221, #2761 ) ) ;
#3425 = CARTESIAN_POINT ( 'NONE',  ( 8.000000000000000000, -4.082443753439832790, 7.070999999999992625 ) ) ;
#3426 = LINE ( 'NONE', #921, #1818 ) ;
#3427 = EDGE_CURVE ( 'NONE', #3795, #4514, #90, .T. ) ;
#3428 = VERTEX_POINT ( 'NONE', #4675 ) ;
#3429 = CYLINDRICAL_SURFACE ( 'NONE', #5564, 12.00000000000000000 ) ;
#3430 = ORIENTED_EDGE ( 'NONE', *, *, #358, .F. ) ;
#3431 = CARTESIAN_POINT ( 'NONE',  ( 43.22872139666199587, -7.999999999999998224, 0.000000000000000000 ) ) ;
#3432 = CARTESIAN_POINT ( 'NONE',  ( 80.00000000000000000, 5.287237932628113655E-15, 0.000000000000000000 ) ) ;
#3433 = EDGE_CURVE ( 'NONE', #4937, #4468, #4916, .T. ) ;
#3434 = CARTESIAN_POINT ( 'NONE',  ( 66.77127860333800413, -8.000000000000000000, 9.797174393178833546E-16 ) ) ;
#3435 = ADVANCED_FACE ( 'NONE', ( #5183 ), #633, .T. ) ;
#3436 = AXIS2_PLACEMENT_3D ( 'NONE', #4566, #2793, #2407 ) ;
#3437 = EDGE_LOOP ( 'NONE', ( #3288, #621, #5159 ) ) ;
#3438 = SURFACE_STYLE_FILL_AREA ( #1612 ) ;
#3439 = ORIENTED_EDGE ( 'NONE', *, *, #1754, .T. ) ;
#3440 = CARTESIAN_POINT ( 'NONE',  ( -31.74999999999995737, 0.000000000000000000, 0.000000000000000000 ) ) ;
#3441 = DIRECTION ( 'NONE',  ( 0.000000000000000000, -1.000000000000000000, 0.000000000000000000 ) ) ;
#3442 = DIRECTION ( 'NONE',  ( 0.000000000000000000, -1.000000000000000000, 0.000000000000000000 ) ) ;
#3443 = DIRECTION ( 'NONE',  ( -1.000000000000000000, -1.224606353822377258E-16, -0.000000000000000000 ) ) ;
#3444 = AXIS2_PLACEMENT_3D ( 'NONE', #5161, #5142, #2526 ) ;
#3445 = ORIENTED_EDGE ( 'NONE', *, *, #3855, .T. ) ;
#3446 = VERTEX_POINT ( 'NONE', #1606 ) ;
#3447 = FACE_OUTER_BOUND ( 'NONE', #1353, .T. ) ;
#3448 = AXIS2_PLACEMENT_3D ( 'NONE', #5325, #2643, #2719 ) ;
#3449 = EDGE_LOOP ( 'NONE', ( #126, #4984, #2866, #1364, #3726 ) ) ;
#3450 = VECTOR ( 'NONE', #4707, 999.9999999999998863 ) ;
#3451 = AXIS2_PLACEMENT_3D ( 'NONE', #5024, #256, #3727 ) ;
#3452 = DIRECTION ( 'NONE',  ( 0.000000000000000000, -1.000000000000000000, 0.000000000000000000 ) ) ;
#3453 = CARTESIAN_POINT ( 'NONE',  ( 74.77127860333800413, 9.797174393176222416E-16, -8.000000000000005329 ) ) ;
#3454 = EDGE_CURVE ( 'NONE', #4274, #1295, #1982, .T. ) ;
#3455 = CARTESIAN_POINT ( 'NONE',  ( 81.22872139666199587, 9.797174393176315108E-16, -8.000000000000005329 ) ) ;
#3456 = VERTEX_POINT ( 'NONE', #1189 ) ;
#3457 = CARTESIAN_POINT ( 'NONE',  ( -31.74999999999995737, 9.797174393178358257E-16, -7.999999999999618083 ) ) ;
#3458 = VECTOR ( 'NONE', #4427, 1000.000000000000000 ) ;
#3459 = DIRECTION ( 'NONE',  ( -1.000000000000000000, -1.224606353822377258E-16, -0.000000000000000000 ) ) ;
#3460 = CARTESIAN_POINT ( 'NONE',  ( 82.00000000000000000, 5.287237932628113655E-15, 0.000000000000000000 ) ) ;
#3461 = ORIENTED_EDGE ( 'NONE', *, *, #1486, .T. ) ;
#3462 = CARTESIAN_POINT ( 'NONE',  ( 45.22872139666199587, 5.192786664806616592E-15, 0.000000000000000000 ) ) ;
#3463 = VECTOR ( 'NONE', #2456, 999.9999999999998863 ) ;
#3464 = EDGE_CURVE ( 'NONE', #5548, #656, #2585, .T. ) ;
#3465 = CARTESIAN_POINT ( 'NONE',  ( 81.22872139666199587, 5.192786664806616592E-15, 0.000000000000000000 ) ) ;
#3466 = DIRECTION ( 'NONE',  ( -1.000000000000000000, -1.224606353822377258E-16, -0.000000000000000000 ) ) ;
#3467 = ADVANCED_FACE ( 'NONE', ( #3543 ), #4096, .T. ) ;
#3468 = ORIENTED_EDGE ( 'NONE', *, *, #5473, .F. ) ;
#3469 = CONICAL_SURFACE ( 'NONE', #3666, 8.000000000000005329, 0.9599310885968797002 ) ;
#3470 = AXIS2_PLACEMENT_3D ( 'NONE', #4999, #5431, #4965 ) ;
#3471 = EDGE_CURVE ( 'NONE', #2432, #858, #2243, .T. ) ;
#3472 = ORIENTED_EDGE ( 'NONE', *, *, #5517, .T. ) ;
#3473 = DIRECTION ( 'NONE',  ( -1.000000000000000000, -0.000000000000000000, -0.000000000000000000 ) ) ;
#3474 = DIRECTION ( 'NONE',  ( -1.000000000000000000, -1.224606353822377258E-16, -0.000000000000000000 ) ) ;
#3475 = FACE_OUTER_BOUND ( 'NONE', #5364, .T. ) ;
#3476 =( NAMED_UNIT ( * ) PLANE_ANGLE_UNIT ( ) SI_UNIT ( $, .RADIAN. ) );
#3477 = ORIENTED_EDGE ( 'NONE', *, *, #1643, .T. ) ;
#3478 = CARTESIAN_POINT ( 'NONE',  ( 53.22872139666199587, -7.999999999999998224, 0.000000000000000000 ) ) ;
#3479 = CLOSED_SHELL ( 'NONE', ( #710, #5440, #1858, #2329, #4584, #3820, #635, #1008, #3802, #3184, #467, #2498, #2275, #4557, #5131, #440, #2462, #1330, #1443, #684, #314, #178, #2946, #3592, #2560, #4506, #552, #662, #1807, #1305, #5415, #3123, #3261, #2081, #4421, #980, #3914, #1992, #2188, #4334, #769, #5045, #3348, #579, #3094, #3435, #37, #3042, #2787, #4220, #2757, #5362, #2730, #3793, #5192, #3763, #5255, #864, #2216, #4360, #67, #5387, #2810, #5579, #5165, #3645, #151, #1628, #1598, #1571, #1274, #4879, #3942, #4082, #3407, #3674, #3617, #4699, #2617, #4051, #3535, #1466, #3067, #1040, #950, #4391, #741, #4186, #4737, #3732, #3562, #524, #235, #4530, #2167, #2984, #5495, #4237, #415, #5280, #121, #4971, #4134, #2470, #1942, #1750, #2138, #4767, #2705, #5607, #2675, #4936, #1094, #2239, #1655, #2057, #5545, #836, #4451, #92, #2304, #1913, #4023, #343, #893, #4163, #3886, #1514, #3378, #2648, #3010, #5305, #4849, #4793, #5221, #10, #1410, #3153, #4304, #2050, #4909, #3500, #4108, #1834, #3999, #4994, #3467, #4668, #3290, #3318, #1230, #3236, #1971, #1067, #2356, #5522, #3970, #3210, #608, #1720, #1491, #4480, #1685, #5101, #4820, #1783, #748, #1355, #1885, #922, #495, #1174, #4213, #2590, #209, #5329, #1385 ) ) ;
#3480 = VECTOR ( 'NONE', #2212, 1000.000000000000000 ) ;
#3481 = EDGE_CURVE ( 'NONE', #4945, #4378, #3748, .T. ) ;
#3482 = CARTESIAN_POINT ( 'NONE',  ( 42.00000000000000000, 6.898500000000010957, 0.000000000000000000 ) ) ;
#3483 = AXIS2_PLACEMENT_3D ( 'NONE', #4981, #1144, #1577 ) ;
#3484 = DIRECTION ( 'NONE',  ( -1.000000000000000000, -1.224606353822377258E-16, -0.000000000000000000 ) ) ;
#3485 = CARTESIAN_POINT ( 'NONE',  ( 50.77127860333800413, 8.000000000000010658, 0.000000000000000000 ) ) ;
#3486 = LINE ( 'NONE', #3457, #4454 ) ;
#3487 = ORIENTED_EDGE ( 'NONE', *, *, #3848, .F. ) ;
#3488 = DIRECTION ( 'NONE',  ( 0.000000000000000000, 1.000000000000000000, 0.000000000000000000 ) ) ;
#3489 = DIRECTION ( 'NONE',  ( -1.000000000000000000, -0.000000000000000000, -0.000000000000000000 ) ) ;
#3490 = AXIS2_PLACEMENT_3D ( 'NONE', #1426, #3945, #4457 ) ;
#3491 = EDGE_LOOP ( 'NONE', ( #5532, #642, #2602, #4728, #5525, #4648 ) ) ;
#3492 = SURFACE_STYLE_FILL_AREA ( #3544 ) ;
#3493 = ORIENTED_EDGE ( 'NONE', *, *, #4792, .F. ) ;
#3494 = VERTEX_POINT ( 'NONE', #3749 ) ;
#3495 = CARTESIAN_POINT ( 'NONE',  ( 80.00000000000000000, 5.287237932628113655E-15, 0.000000000000000000 ) ) ;
#3496 = CARTESIAN_POINT ( 'NONE',  ( 70.77127860333800413, 5.381689200449609928E-15, 0.000000000000000000 ) ) ;
#3497 = DIRECTION ( 'NONE',  ( 0.000000000000000000, 0.000000000000000000, 1.000000000000000000 ) ) ;
#3498 = DIRECTION ( 'NONE',  ( 0.000000000000000000, -1.000000000000000000, 0.000000000000000000 ) ) ;
#3499 = LINE ( 'NONE', #2011, #3920 ) ;
#3500 = ADVANCED_FACE ( 'NONE', ( #4160 ), #1450, .T. ) ;
#3501 = ORIENTED_EDGE ( 'NONE', *, *, #5134, .T. ) ;
#3502 = DIRECTION ( 'NONE',  ( 0.000000000000000000, -1.000000000000000000, 0.000000000000000000 ) ) ;
#3503 = EDGE_CURVE ( 'NONE', #3377, #2457, #1921, .T. ) ;
#3504 = DIRECTION ( 'NONE',  ( -1.000000000000000000, -1.224606353822377258E-16, -0.000000000000000000 ) ) ;
#3505 = DIRECTION ( 'NONE',  ( -1.000000000000000000, -1.224606353822377258E-16, -0.000000000000000000 ) ) ;
#3506 = CYLINDRICAL_SURFACE ( 'NONE', #2151, 7.999999999999618083 ) ;
#3507 = DIRECTION ( 'NONE',  ( -1.000000000000000000, -1.224606353822377258E-16, -0.000000000000000000 ) ) ;
#3508 = ORIENTED_EDGE ( 'NONE', *, *, #4198, .F. ) ;
#3509 = DIRECTION ( 'NONE',  ( -1.000000000000000000, -0.000000000000000000, -0.000000000000000000 ) ) ;
#3510 = EDGE_CURVE ( 'NONE', #3647, #1089, #4564, .T. ) ;
#3511 = DIRECTION ( 'NONE',  ( 0.000000000000000000, 0.5000000000000009992, 0.8660254037844380415 ) ) ;
#3512 = LINE ( 'NONE', #1279, #1298 ) ;
#3513 = ORIENTED_EDGE ( 'NONE', *, *, #1813, .T. ) ;
#3514 = CIRCLE ( 'NONE', #630, 8.000000000000005329 ) ;
#3515 = DIRECTION ( 'NONE',  ( -1.000000000000000000, -1.224606353822377258E-16, -0.000000000000000000 ) ) ;
#3516 = DIRECTION ( 'NONE',  ( 0.000000000000000000, 1.000000000000000000, 0.000000000000000000 ) ) ;
#3517 = EDGE_LOOP ( 'NONE', ( #1198, #2267, #5089, #446, #1937 ) ) ;
#3518 = CIRCLE ( 'NONE', #2763, 8.000000000000005329 ) ;
#3519 = EDGE_LOOP ( 'NONE', ( #1848, #1931, #3386, #4395, #1463 ) ) ;
#3520 = EDGE_CURVE ( 'NONE', #5463, #2126, #2119, .T. ) ;
#3521 = AXIS2_PLACEMENT_3D ( 'NONE', #3023, #4366, #3048 ) ;
#3522 = AXIS2_PLACEMENT_3D ( 'NONE', #4131, #4561, #1965 ) ;
#3523 = DIRECTION ( 'NONE',  ( -1.000000000000000000, -1.224606353822377258E-16, -0.000000000000000000 ) ) ;
#3524 = CARTESIAN_POINT ( 'NONE',  ( 78.77127860333798992, 8.000000000000010658, 0.000000000000000000 ) ) ;
#3525 = EDGE_LOOP ( 'NONE', ( #240, #3055, #5436, #3148, #1972 ) ) ;
#3526 = CARTESIAN_POINT ( 'NONE',  ( 80.77127860333798992, -8.000000000000001776, 9.797174393178835518E-16 ) ) ;
#3527 = CIRCLE ( 'NONE', #2391, 8.000000000000005329 ) ;
#3528 = DIRECTION ( 'NONE',  ( -1.000000000000000000, -1.224606353822377258E-16, -0.000000000000000000 ) ) ;
#3529 = CARTESIAN_POINT ( 'NONE',  ( 42.00000000000000000, 5.287237932628113655E-15, 0.000000000000000000 ) ) ;
#3530 = AXIS2_PLACEMENT_3D ( 'NONE', #94, #56, #3563 ) ;
#3531 = AXIS2_PLACEMENT_3D ( 'NONE', #205, #3671, #5404 ) ;
#3532 = ORIENTED_EDGE ( 'NONE', *, *, #2141, .T. ) ;
#3533 = CARTESIAN_POINT ( 'NONE',  ( 44.77127860333800413, 5.381689200449609928E-15, 0.000000000000000000 ) ) ;
#3534 = FACE_OUTER_BOUND ( 'NONE', #4039, .T. ) ;
#3535 = ADVANCED_FACE ( 'NONE', ( #3395 ), #3961, .T. ) ;
#3536 = CARTESIAN_POINT ( 'NONE',  ( 54.00000000000000000, 5.287237932628113655E-15, 0.000000000000000000 ) ) ;
#3537 = ORIENTED_EDGE ( 'NONE', *, *, #2317, .T. ) ;
#3538 = LINE ( 'NONE', #542, #5379 ) ;
#3539 = DIRECTION ( 'NONE',  ( 0.000000000000000000, -1.000000000000000000, 0.000000000000000000 ) ) ;
#3540 = DIRECTION ( 'NONE',  ( -1.000000000000000000, -0.000000000000000000, -0.000000000000000000 ) ) ;
#3541 = CARTESIAN_POINT ( 'NONE',  ( 73.22872139666201008, 8.000000000000012434, 9.797174393178835518E-16 ) ) ;
#3542 = ORIENTED_EDGE ( 'NONE', *, *, #4348, .T. ) ;
#3543 = FACE_OUTER_BOUND ( 'NONE', #5148, .T. ) ;
#3544 = FILL_AREA_STYLE ('',( #1321 ) ) ;
#3545 = CARTESIAN_POINT ( 'NONE',  ( 64.77127860333800413, 8.000000000000008882, 0.000000000000000000 ) ) ;
#3546 = CARTESIAN_POINT ( 'NONE',  ( 50.00000000000000000, 5.287237932628113655E-15, 0.000000000000000000 ) ) ;
#3547 = EDGE_CURVE ( 'NONE', #1191, #1089, #5178, .T. ) ;
#3548 = ORIENTED_EDGE ( 'NONE', *, *, #4565, .T. ) ;
#3549 = CIRCLE ( 'NONE', #4835, 6.898500000000005627 ) ;
#3550 = DIRECTION ( 'NONE',  ( 0.000000000000000000, -1.000000000000000000, 0.000000000000000000 ) ) ;
#3551 = DIRECTION ( 'NONE',  ( 0.000000000000000000, -1.000000000000000000, 0.000000000000000000 ) ) ;
#3552 = VERTEX_POINT ( 'NONE', #4316 ) ;
#3553 = ORIENTED_EDGE ( 'NONE', *, *, #2209, .T. ) ;
#3554 = CIRCLE ( 'NONE', #73, 8.000000000000005329 ) ;
#3555 = AXIS2_PLACEMENT_3D ( 'NONE', #1595, #1559, #4624 ) ;
#3556 = EDGE_CURVE ( 'NONE', #4042, #4164, #693, .T. ) ;
#3557 = AXIS2_PLACEMENT_3D ( 'NONE', #5026, #1137, #1064 ) ;
#3558 = DIRECTION ( 'NONE',  ( -1.000000000000000000, -1.224606353822377258E-16, -0.000000000000000000 ) ) ;
#3559 = CARTESIAN_POINT ( 'NONE',  ( 48.00000000000000000, 5.287237932628113655E-15, 0.000000000000000000 ) ) ;
#3560 = FACE_OUTER_BOUND ( 'NONE', #3449, .T. ) ;
#3561 = ORIENTED_EDGE ( 'NONE', *, *, #3771, .F. ) ;
#3562 = ADVANCED_FACE ( 'NONE', ( #2792 ), #2098, .T. ) ;
#3563 = DIRECTION ( 'NONE',  ( 0.000000000000000000, -1.000000000000000000, 0.000000000000000000 ) ) ;
#3564 = CARTESIAN_POINT ( 'NONE',  ( 69.22872139666199587, 5.192786664806616592E-15, 0.000000000000000000 ) ) ;
#3565 = AXIS2_PLACEMENT_3D ( 'NONE', #3908, #3473, #3411 ) ;
#3566 = ORIENTED_EDGE ( 'NONE', *, *, #3583, .F. ) ;
#3567 = DIRECTION ( 'NONE',  ( 0.000000000000000000, 0.000000000000000000, 1.000000000000000000 ) ) ;
#3568 = ORIENTED_EDGE ( 'NONE', *, *, #2437, .F. ) ;
#3569 = CIRCLE ( 'NONE', #2296, 8.000000000000005329 ) ;
#3570 = AXIS2_PLACEMENT_3D ( 'NONE', #4842, #22, #896 ) ;
#3571 = ORIENTED_EDGE ( 'NONE', *, *, #2845, .T. ) ;
#3572 = ORIENTED_EDGE ( 'NONE', *, *, #941, .F. ) ;
#3573 = DIRECTION ( 'NONE',  ( 0.000000000000000000, -1.000000000000000000, 0.000000000000000000 ) ) ;
#3574 = CARTESIAN_POINT ( 'NONE',  ( 83.22872139666198166, -2.511412647480955552E-28, 8.000000000000005329 ) ) ;
#3575 = EDGE_LOOP ( 'NONE', ( #3263, #4809, #2035, #2713, #4507, #283 ) ) ;
#3576 = ORIENTED_EDGE ( 'NONE', *, *, #425, .F. ) ;
#3577 = AXIS2_PLACEMENT_3D ( 'NONE', #4162, #2049, #249 ) ;
#3578 = LINE ( 'NONE', #2519, #2148 ) ;
#3579 = ORIENTED_EDGE ( 'NONE', *, *, #4538, .F. ) ;
#3580 = CARTESIAN_POINT ( 'NONE',  ( 74.77127860333800413, 5.381689200449609928E-15, 0.000000000000000000 ) ) ;
#3581 = CARTESIAN_POINT ( 'NONE',  ( 72.77127860333800413, -2.603857284811542873E-28, 8.000000000000005329 ) ) ;
#3582 = DIRECTION ( 'NONE',  ( -1.000000000000000000, -0.000000000000000000, -0.000000000000000000 ) ) ;
#3583 = EDGE_CURVE ( 'NONE', #3087, #2387, #4293, .T. ) ;
#3584 = ORIENTED_EDGE ( 'NONE', *, *, #5517, .F. ) ;
#3585 = CARTESIAN_POINT ( 'NONE',  ( 74.77127860333800413, 8.000000000000008882, 0.000000000000000000 ) ) ;
#3586 = DIRECTION ( 'NONE',  ( 0.000000000000000000, -1.000000000000000000, 0.000000000000000000 ) ) ;
#3587 = CARTESIAN_POINT ( 'NONE',  ( 66.77127860333800413, 5.381689200449609928E-15, 0.000000000000000000 ) ) ;
#3588 = ORIENTED_EDGE ( 'NONE', *, *, #5448, .F. ) ;
#3589 = LINE ( 'NONE', #3044, #4137 ) ;
#3590 = ORIENTED_EDGE ( 'NONE', *, *, #5228, .F. ) ;
#3591 = EDGE_CURVE ( 'NONE', #4915, #4155, #3613, .T. ) ;
#3592 = ADVANCED_FACE ( 'NONE', ( #4431 ), #830, .T. ) ;
#3593 = DIRECTION ( 'NONE',  ( -1.000000000000000000, -1.224606353822377258E-16, -0.000000000000000000 ) ) ;
#3594 = CARTESIAN_POINT ( 'NONE',  ( 88.77127860333800413, -2.603857284811542873E-28, 8.000000000000005329 ) ) ;
#3595 = VERTEX_POINT ( 'NONE', #416 ) ;
#3596 = ORIENTED_EDGE ( 'NONE', *, *, #2817, .T. ) ;
#3597 = LINE ( 'NONE', #1508, #484 ) ;
#3598 = CARTESIAN_POINT ( 'NONE',  ( -31.74999999999995737, 9.797174393178358257E-16, -7.999999999999618083 ) ) ;
#3599 =( NAMED_UNIT ( * ) PLANE_ANGLE_UNIT ( ) SI_UNIT ( $, .RADIAN. ) );
#3600 = EDGE_CURVE ( 'NONE', #2930, #2637, #4840, .T. ) ;
#3601 = ORIENTED_EDGE ( 'NONE', *, *, #2751, .F. ) ;
#3602 = CIRCLE ( 'NONE', #2211, 8.000000000000005329 ) ;
#3603 = AXIS2_PLACEMENT_3D ( 'NONE', #4606, #3286, #2886 ) ;
#3604 = CARTESIAN_POINT ( 'NONE',  ( 68.00000000000000000, 6.898500000000010957, 8.448225943918022600E-16 ) ) ;
#3605 = DIRECTION ( 'NONE',  ( 0.000000000000000000, -1.000000000000000000, 0.000000000000000000 ) ) ;
#3606 = EDGE_LOOP ( 'NONE', ( #3281, #2051, #1215, #2469 ) ) ;
#3607 = DIRECTION ( 'NONE',  ( -0.5735764363510509334, 0.8191520442889884679, 1.003171929053520802E-16 ) ) ;
#3608 = FACE_OUTER_BOUND ( 'NONE', #368, .T. ) ;
#3609 = DIRECTION ( 'NONE',  ( -0.5735764363510509334, 0.8191520442889884679, 1.003171929053520802E-16 ) ) ;
#3610 = AXIS2_PLACEMENT_3D ( 'NONE', #4016, #5303, #3550 ) ;
#3611 = DIRECTION ( 'NONE',  ( 0.000000000000000000, -1.000000000000000000, 0.000000000000000000 ) ) ;
#3612 = ORIENTED_EDGE ( 'NONE', *, *, #2305, .F. ) ;
#3613 = LINE ( 'NONE', #5138, #5576 ) ;
#3614 = VERTEX_POINT ( 'NONE', #11 ) ;
#3615 = EDGE_CURVE ( 'NONE', #5162, #5623, #3681, .T. ) ;
#3616 = DIRECTION ( 'NONE',  ( -1.000000000000000000, -1.224606353822377258E-16, -0.000000000000000000 ) ) ;
#3617 = ADVANCED_FACE ( 'NONE', ( #3890 ), #564, .F. ) ;
#3618 = SURFACE_STYLE_USAGE ( .BOTH. , #590 ) ;
#3619 = ORIENTED_EDGE ( 'NONE', *, *, #5160, .T. ) ;
#3620 = CIRCLE ( 'NONE', #4247, 6.898500000000005627 ) ;
#3621 = DIRECTION ( 'NONE',  ( 0.5735764363510474917, -0.8191520442889907994, 1.003171929053523514E-16 ) ) ;
#3622 = EDGE_CURVE ( 'NONE', #3330, #803, #1246, .T. ) ;
#3623 = DIRECTION ( 'NONE',  ( 0.000000000000000000, 1.000000000000000000, 0.000000000000000000 ) ) ;
#3624 = VERTEX_POINT ( 'NONE', #3030 ) ;
#3625 = ORIENTED_EDGE ( 'NONE', *, *, #1566, .F. ) ;
#3626 = FACE_OUTER_BOUND ( 'NONE', #2365, .T. ) ;
#3627 = DIRECTION ( 'NONE',  ( -0.000000000000000000, 1.168537730597422967E-15, 1.000000000000000000 ) ) ;
#3628 = ORIENTED_EDGE ( 'NONE', *, *, #2595, .F. ) ;
#3629 = CIRCLE ( 'NONE', #2586, 8.000000000000005329 ) ;
#3630 = EDGE_CURVE ( 'NONE', #4138, #2126, #2515, .T. ) ;
#3631 = ORIENTED_EDGE ( 'NONE', *, *, #1480, .T. ) ;
#3632 = AXIS2_PLACEMENT_3D ( 'NONE', #1621, #3351, #763 ) ;
#3633 = APPLICATION_CONTEXT ( 'automotive_design' ) ;
#3634 = ORIENTED_EDGE ( 'NONE', *, *, #1706, .F. ) ;
#3635 = DIRECTION ( 'NONE',  ( -1.000000000000000000, -0.000000000000000000, -0.000000000000000000 ) ) ;
#3636 = AXIS2_PLACEMENT_3D ( 'NONE', #4747, #4709, #3399 ) ;
#3637 = DIRECTION ( 'NONE',  ( 0.5735764363510474917, -0.8191520442889907994, 1.003171929053523514E-16 ) ) ;
#3638 = AXIS2_PLACEMENT_3D ( 'NONE', #2154, #3474, #399 ) ;
#3639 = DIRECTION ( 'NONE',  ( -1.000000000000000000, -0.000000000000000000, -0.000000000000000000 ) ) ;
#3640 = CARTESIAN_POINT ( 'NONE',  ( 68.77127860333798992, 5.381689200449609928E-15, 0.000000000000000000 ) ) ;
#3641 = CONICAL_SURFACE ( 'NONE', #2218, 8.000000000000005329, 0.9599310885968797002 ) ;
#3642 = CARTESIAN_POINT ( 'NONE',  ( 10.00000000000000178, 0.000000000000000000, 0.000000000000000000 ) ) ;
#3643 = VERTEX_POINT ( 'NONE', #866 ) ;
#3644 = DIRECTION ( 'NONE',  ( -1.000000000000000000, 0.000000000000000000, -0.000000000000000000 ) ) ;
#3645 = ADVANCED_FACE ( 'NONE', ( #1649 ), #2850, .T. ) ;
#3646 = CIRCLE ( 'NONE', #2620, 8.000000000000005329 ) ;
#3647 = VERTEX_POINT ( 'NONE', #3068 ) ;
#3648 = DIRECTION ( 'NONE',  ( 0.000000000000000000, -1.000000000000000000, 0.000000000000000000 ) ) ;
#3649 = CARTESIAN_POINT ( 'NONE',  ( -31.74999999999995737, 0.000000000000000000, 0.000000000000000000 ) ) ;
#3650 = CIRCLE ( 'NONE', #2974, 8.000000000000005329 ) ;
#3651 = ORIENTED_EDGE ( 'NONE', *, *, #5622, .F. ) ;
#3652 = CARTESIAN_POINT ( 'NONE',  ( 40.00000000000000000, 5.287237932628113655E-15, 0.000000000000000000 ) ) ;
#3653 = EDGE_CURVE ( 'NONE', #5005, #4015, #5043, .T. ) ;
#3654 = CIRCLE ( 'NONE', #2657, 6.898500000000005627 ) ;
#3655 = DIRECTION ( 'NONE',  ( -1.000000000000000000, -1.224606353822377258E-16, -0.000000000000000000 ) ) ;
#3656 = CIRCLE ( 'NONE', #3636, 8.000000000000005329 ) ;
#3657 = EDGE_LOOP ( 'NONE', ( #4214, #4875, #1627, #4119, #2061, #3218 ) ) ;
#3658 = DIRECTION ( 'NONE',  ( 0.000000000000000000, -1.000000000000000000, 0.000000000000000000 ) ) ;
#3659 = CARTESIAN_POINT ( 'NONE',  ( 44.00000000000000000, -6.898500000000000298, 9.122700168548426594E-16 ) ) ;
#3660 = CARTESIAN_POINT ( 'NONE',  ( 77.22872139666199587, 5.192786664806616592E-15, 0.000000000000000000 ) ) ;
#3661 = DIRECTION ( 'NONE',  ( -1.000000000000000000, -1.224606353822377258E-16, -0.000000000000000000 ) ) ;
#3662 = AXIS2_PLACEMENT_3D ( 'NONE', #1758, #2159, #4047 ) ;
#3663 = ORIENTED_EDGE ( 'NONE', *, *, #2689, .T. ) ;
#3664 = CIRCLE ( 'NONE', #2318, 8.000000000000005329 ) ;
#3665 = EDGE_CURVE ( 'NONE', #2131, #330, #3825, .T. ) ;
#3666 = AXIS2_PLACEMENT_3D ( 'NONE', #871, #2589, #5348 ) ;
#3667 = CARTESIAN_POINT ( 'NONE',  ( 82.00000000000000000, 6.898500000000010957, 0.000000000000000000 ) ) ;
#3668 = EDGE_LOOP ( 'NONE', ( #4614, #4340, #2820, #2949, #3990 ) ) ;
#3669 = VECTOR ( 'NONE', #2725, 1000.000000000000000 ) ;
#3670 = CARTESIAN_POINT ( 'NONE',  ( 78.77127860333798992, -8.000000000000001776, 9.797174393178835518E-16 ) ) ;
#3671 = DIRECTION ( 'NONE',  ( -1.000000000000000000, -1.224606353822377258E-16, -0.000000000000000000 ) ) ;
#3672 = DIRECTION ( 'NONE',  ( 0.000000000000000000, -1.000000000000000000, 0.000000000000000000 ) ) ;
#3673 = EDGE_CURVE ( 'NONE', #2131, #5410, #1388, .T. ) ;
#3674 = ADVANCED_FACE ( 'NONE', ( #85 ), #429, .T. ) ;
#3675 = AXIS2_PLACEMENT_3D ( 'NONE', #342, #359, #1238 ) ;
#3676 = ORIENTED_EDGE ( 'NONE', *, *, #206, .F. ) ;
#3677 = CIRCLE ( 'NONE', #2240, 8.000000000000005329 ) ;
#3678 = CARTESIAN_POINT ( 'NONE',  ( 59.22872139666199587, 5.192786664806616592E-15, 0.000000000000000000 ) ) ;
#3679 = DIRECTION ( 'NONE',  ( 0.000000000000000000, -1.000000000000000000, 0.000000000000000000 ) ) ;
#3680 = ORIENTED_EDGE ( 'NONE', *, *, #3600, .F. ) ;
#3681 = LINE ( 'NONE', #3849, #3126 ) ;
#3682 = AXIS2_PLACEMENT_3D ( 'NONE', #4646, #3289, #2834 ) ;
#3683 = DIRECTION ( 'NONE',  ( -1.000000000000000000, -1.224606353822377258E-16, -0.000000000000000000 ) ) ;
#3684 = VERTEX_POINT ( 'NONE', #4873 ) ;
#3685 = DIRECTION ( 'NONE',  ( 0.5735764363510472696, 0.8191520442889909104, 0.000000000000000000 ) ) ;
#3686 = CIRCLE ( 'NONE', #5202, 8.000000000000005329 ) ;
#3687 =( LENGTH_UNIT ( ) NAMED_UNIT ( * ) SI_UNIT ( .MILLI., .METRE. ) );
#3688 = ORIENTED_EDGE ( 'NONE', *, *, #5184, .F. ) ;
#3689 = EDGE_CURVE ( 'NONE', #1943, #87, #1580, .T. ) ;
#3690 = EDGE_LOOP ( 'NONE', ( #4298, #299, #1686 ) ) ;
#3691 = DIRECTION ( 'NONE',  ( -1.000000000000000000, -1.224606353822377258E-16, -0.000000000000000000 ) ) ;
#3692 = CIRCLE ( 'NONE', #5125, 8.000000000000005329 ) ;
#3693 = DIRECTION ( 'NONE',  ( 0.000000000000000000, -1.000000000000000000, 0.000000000000000000 ) ) ;
#3694 = DIRECTION ( 'NONE',  ( 0.000000000000000000, -1.000000000000000000, 0.000000000000000000 ) ) ;
#3695 = VECTOR ( 'NONE', #5435, 1000.000000000000000 ) ;
#3696 = VERTEX_POINT ( 'NONE', #489 ) ;
#3697 = EDGE_CURVE ( 'NONE', #3746, #1695, #2723, .T. ) ;
#3698 = DIRECTION ( 'NONE',  ( -1.000000000000000000, -0.000000000000000000, -0.000000000000000000 ) ) ;
#3699 = ORIENTED_EDGE ( 'NONE', *, *, #3740, .T. ) ;
#3700 = CARTESIAN_POINT ( 'NONE',  ( 58.00000000000000000, -6.898500000000000298, 0.000000000000000000 ) ) ;
#3701 = LINE ( 'NONE', #3232, #1269 ) ;
#3702 = VERTEX_POINT ( 'NONE', #4393 ) ;
#3703 = ORIENTED_EDGE ( 'NONE', *, *, #5349, .F. ) ;
#3704 = DIRECTION ( 'NONE',  ( -1.000000000000000000, -0.000000000000000000, -0.000000000000000000 ) ) ;
#3705 = CARTESIAN_POINT ( 'NONE',  ( 55.22872139666199587, -7.999999999999998224, 0.000000000000000000 ) ) ;
#3706 = EDGE_CURVE ( 'NONE', #4177, #323, #498, .T. ) ;
#3707 = ORIENTED_EDGE ( 'NONE', *, *, #2186, .T. ) ;
#3708 = CONICAL_SURFACE ( 'NONE', #2396, 8.000000000000005329, 0.9599310885968797002 ) ;
#3709 = AXIS2_PLACEMENT_3D ( 'NONE', #5235, #923, #3088 ) ;
#3710 = EDGE_LOOP ( 'NONE', ( #4846, #1887, #1055, #1394, #1715 ) ) ;
#3711 = CARTESIAN_POINT ( 'NONE',  ( 68.00000000000000000, -6.898500000000000298, 0.000000000000000000 ) ) ;
#3712 = CARTESIAN_POINT ( 'NONE',  ( 55.22872139666199587, 5.192786664806616592E-15, 0.000000000000000000 ) ) ;
#3713 = VECTOR ( 'NONE', #4812, 1000.000000000000000 ) ;
#3714 = ORIENTED_EDGE ( 'NONE', *, *, #3328, .F. ) ;
#3715 = STYLED_ITEM ( 'NONE', ( #4944 ), #1385 ) ;
#3716 = CARTESIAN_POINT ( 'NONE',  ( 8.000000000000000000, 4.082443753439834566, -7.071000000000018382 ) ) ;
#3717 = DIRECTION ( 'NONE',  ( -1.000000000000000000, -1.224606353822377258E-16, -0.000000000000000000 ) ) ;
#3718 = CARTESIAN_POINT ( 'NONE',  ( 10.59999999999999787, 0.000000000000000000, -8.599999999999617728 ) ) ;
#3719 = TOROIDAL_SURFACE ( 'NONE', #697, 11.19999999999999929, 0.8000000000000000444 ) ;
#3720 = VERTEX_POINT ( 'NONE', #2676 ) ;
#3721 = CARTESIAN_POINT ( 'NONE',  ( 44.77127860333800413, 8.000000000000008882, 0.000000000000000000 ) ) ;
#3722 = CIRCLE ( 'NONE', #4332, 8.599999999999617728 ) ;
#3723 = DIRECTION ( 'NONE',  ( 0.5735764363510474917, -0.8191520442889907994, 1.003171929053523514E-16 ) ) ;
#3724 = LINE ( 'NONE', #698, #2636 ) ;
#3725 = EDGE_CURVE ( 'NONE', #1077, #1210, #3538, .T. ) ;
#3726 = ORIENTED_EDGE ( 'NONE', *, *, #1343, .T. ) ;
#3727 = DIRECTION ( 'NONE',  ( 0.000000000000000000, -1.000000000000000000, 0.000000000000000000 ) ) ;
#3728 = DIRECTION ( 'NONE',  ( 1.000000000000000000, 1.224606353822377258E-16, 0.000000000000000000 ) ) ;
#3729 = EDGE_LOOP ( 'NONE', ( #3868, #2597, #676, #2494, #4839 ) ) ;
#3730 = VERTEX_POINT ( 'NONE', #3125 ) ;
#3731 = CYLINDRICAL_SURFACE ( 'NONE', #4843, 7.999999999999618083 ) ;
#3732 = ADVANCED_FACE ( 'NONE', ( #5251 ), #2640, .T. ) ;
#3733 = EDGE_CURVE ( 'NONE', #533, #5617, #1173, .T. ) ;
#3734 = DIRECTION ( 'NONE',  ( 0.000000000000000000, -1.000000000000000000, 0.000000000000000000 ) ) ;
#3735 = DIRECTION ( 'NONE',  ( -1.000000000000000000, -1.224606353822377258E-16, -0.000000000000000000 ) ) ;
#3736 = ORIENTED_EDGE ( 'NONE', *, *, #4595, .F. ) ;
#3737 = CYLINDRICAL_SURFACE ( 'NONE', #5249, 7.999999999999618083 ) ;
#3738 = DIRECTION ( 'NONE',  ( 1.000000000000000000, 1.224606353822377258E-16, 0.000000000000000000 ) ) ;
#3739 = CARTESIAN_POINT ( 'NONE',  ( 50.00000000000000000, 6.898500000000010957, 8.448225943918022600E-16 ) ) ;
#3740 = EDGE_CURVE ( 'NONE', #1494, #924, #2372, .T. ) ;
#3741 = ORIENTED_EDGE ( 'NONE', *, *, #1202, .F. ) ;
#3742 = LINE ( 'NONE', #1038, #2041 ) ;
#3743 = AXIS2_PLACEMENT_3D ( 'NONE', #3357, #2059, #4202 ) ;
#3744 = CARTESIAN_POINT ( 'NONE',  ( -31.74999999999995737, 0.000000000000000000, 0.000000000000000000 ) ) ;
#3745 = CARTESIAN_POINT ( 'NONE',  ( 66.77127860333800413, 5.381689200449609928E-15, 0.000000000000000000 ) ) ;
#3746 = VERTEX_POINT ( 'NONE', #2697 ) ;
#3747 = CARTESIAN_POINT ( 'NONE',  ( 86.00000000000000000, 6.898500000000010957, 0.000000000000000000 ) ) ;
#3748 = CIRCLE ( 'NONE', #1526, 8.000000000000005329 ) ;
#3749 = CARTESIAN_POINT ( 'NONE',  ( 57.22872139666199587, 8.000000000000012434, 9.797174393178835518E-16 ) ) ;
#3750 = AXIS2_PLACEMENT_3D ( 'NONE', #3495, #3110, #74 ) ;
#3751 = AXIS2_PLACEMENT_3D ( 'NONE', #4922, #4084, #2724 ) ;
#3752 = EDGE_LOOP ( 'NONE', ( #162, #4678, #2069, #4456, #3959 ) ) ;
#3753 = FACE_OUTER_BOUND ( 'NONE', #2982, .T. ) ;
#3754 = CARTESIAN_POINT ( 'NONE',  ( 54.77127860333799703, 5.381689200449609928E-15, 0.000000000000000000 ) ) ;
#3755 = DIRECTION ( 'NONE',  ( -1.000000000000000000, -1.224606353822377258E-16, -0.000000000000000000 ) ) ;
#3756 = DIRECTION ( 'NONE',  ( -1.000000000000000000, -0.000000000000000000, -0.000000000000000000 ) ) ;
#3757 = AXIS2_PLACEMENT_3D ( 'NONE', #2140, #4289, #2923 ) ;
#3758 = ORIENTED_EDGE ( 'NONE', *, *, #2373, .T. ) ;
#3759 = DIRECTION ( 'NONE',  ( 0.000000000000000000, 0.000000000000000000, 1.000000000000000000 ) ) ;
#3760 = FACE_OUTER_BOUND ( 'NONE', #1708, .T. ) ;
#3761 = EDGE_CURVE ( 'NONE', #872, #5121, #3253, .T. ) ;
#3762 = DIRECTION ( 'NONE',  ( 0.000000000000000000, 1.000000000000000000, 0.000000000000000000 ) ) ;
#3763 = ADVANCED_FACE ( 'NONE', ( #1977 ), #899, .T. ) ;
#3764 = DIRECTION ( 'NONE',  ( -1.000000000000000000, -1.224606353822377258E-16, -0.000000000000000000 ) ) ;
#3765 = ORIENTED_EDGE ( 'NONE', *, *, #2604, .T. ) ;
#3766 = ORIENTED_EDGE ( 'NONE', *, *, #4290, .T. ) ;
#3767 = CIRCLE ( 'NONE', #5240, 8.000000000000005329 ) ;
#3768 = ORIENTED_EDGE ( 'NONE', *, *, #1774, .T. ) ;
#3769 = DIRECTION ( 'NONE',  ( -1.000000000000000000, -1.224606353822377258E-16, -0.000000000000000000 ) ) ;
#3770 = DIRECTION ( 'NONE',  ( 1.000000000000000000, 1.224606353822377258E-16, 0.000000000000000000 ) ) ;
#3771 = EDGE_CURVE ( 'NONE', #4341, #1011, #5509, .T. ) ;
#3772 = CARTESIAN_POINT ( 'NONE',  ( -31.74999999999995737, 0.000000000000000000, 0.000000000000000000 ) ) ;
#3773 = CIRCLE ( 'NONE', #1836, 8.000000000000005329 ) ;
#3774 = VERTEX_POINT ( 'NONE', #4794 ) ;
#3775 = CARTESIAN_POINT ( 'NONE',  ( 39.22872139666199587, 5.192786664806616592E-15, 0.000000000000000000 ) ) ;
#3776 = CARTESIAN_POINT ( 'NONE',  ( 58.00000000000000000, 6.898500000000010957, 0.000000000000000000 ) ) ;
#3777 = ORIENTED_EDGE ( 'NONE', *, *, #578, .F. ) ;
#3778 = AXIS2_PLACEMENT_3D ( 'NONE', #1546, #1149, #4612 ) ;
#3779 = DIRECTION ( 'NONE',  ( -1.000000000000000000, -1.224606353822377258E-16, -0.000000000000000000 ) ) ;
#3780 = LINE ( 'NONE', #913, #4524 ) ;
#3781 = EDGE_CURVE ( 'NONE', #5378, #3446, #627, .T. ) ;
#3782 = ORIENTED_EDGE ( 'NONE', *, *, #661, .T. ) ;
#3783 = CARTESIAN_POINT ( 'NONE',  ( 0.000000000000000000, 1.420590287010929730E-15, -11.19999999999999929 ) ) ;
#3784 = FACE_OUTER_BOUND ( 'NONE', #1510, .T. ) ;
#3785 = SHAPE_DEFINITION_REPRESENTATION ( #2272, #89 ) ;
#3786 = ORIENTED_EDGE ( 'NONE', *, *, #1025, .F. ) ;
#3787 = EDGE_CURVE ( 'NONE', #3918, #5173, #3392, .T. ) ;
#3788 = AXIS2_PLACEMENT_3D ( 'NONE', #954, #2631, #3117 ) ;
#3789 = CARTESIAN_POINT ( 'NONE',  ( 74.00000000000001421, 6.898500000000010957, 0.000000000000000000 ) ) ;
#3790 = VECTOR ( 'NONE', #3274, 1000.000000000000227 ) ;
#3791 = ORIENTED_EDGE ( 'NONE', *, *, #4825, .F. ) ;
#3792 = CARTESIAN_POINT ( 'NONE',  ( -31.74999999999995737, 0.000000000000000000, 7.999999999999618083 ) ) ;
#3793 = ADVANCED_FACE ( 'NONE', ( #5571 ), #5310, .T. ) ;
#3794 = CIRCLE ( 'NONE', #2112, 8.000000000000005329 ) ;
#3795 = VERTEX_POINT ( 'NONE', #272 ) ;
#3796 = AXIS2_PLACEMENT_3D ( 'NONE', #2638, #2165, #3488 ) ;
#3797 = FACE_OUTER_BOUND ( 'NONE', #436, .T. ) ;
#3798 = VERTEX_POINT ( 'NONE', #3705 ) ;
#3799 =( NAMED_UNIT ( * ) SI_UNIT ( $, .STERADIAN. ) SOLID_ANGLE_UNIT ( ) );
#3800 = CARTESIAN_POINT ( 'NONE',  ( 61.22872139666199587, 9.797174393176315108E-16, -8.000000000000005329 ) ) ;
#3801 = CARTESIAN_POINT ( 'NONE',  ( -31.74999999999995737, 9.797174393178358257E-16, -7.999999999999618083 ) ) ;
#3802 = ADVANCED_FACE ( 'NONE', ( #217 ), #14, .T. ) ;
#3803 = CONICAL_SURFACE ( 'NONE', #1213, 6.898500000000005627, 0.9599310885968754814 ) ;
#3804 = ORIENTED_EDGE ( 'NONE', *, *, #1728, .F. ) ;
#3805 = VECTOR ( 'NONE', #2650, 1000.000000000000000 ) ;
#3806 = ORIENTED_EDGE ( 'NONE', *, *, #4610, .T. ) ;
#3807 = DIRECTION ( 'NONE',  ( -1.000000000000000000, -0.000000000000000000, -0.000000000000000000 ) ) ;
#3808 = EDGE_CURVE ( 'NONE', #2802, #1307, #4156, .T. ) ;
#3809 = ORIENTED_EDGE ( 'NONE', *, *, #3897, .F. ) ;
#3810 = FACE_OUTER_BOUND ( 'NONE', #3729, .T. ) ;
#3811 = CARTESIAN_POINT ( 'NONE',  ( -31.74999999999995737, 0.000000000000000000, 7.999999999999618083 ) ) ;
#3812 = VERTEX_POINT ( 'NONE', #5468 ) ;
#3813 = LINE ( 'NONE', #3425, #3320 ) ;
#3814 = EDGE_CURVE ( 'NONE', #323, #133, #81, .T. ) ;
#3815 = DIRECTION ( 'NONE',  ( -1.000000000000000000, -1.224606353822377258E-16, -0.000000000000000000 ) ) ;
#3816 = DIRECTION ( 'NONE',  ( 0.5735764363510472696, 0.8191520442889909104, 0.000000000000000000 ) ) ;
#3817 = ORIENTED_EDGE ( 'NONE', *, *, #3814, .F. ) ;
#3818 = LINE ( 'NONE', #1186, #492 ) ;
#3819 = EDGE_CURVE ( 'NONE', #4159, #1210, #4500, .T. ) ;
#3820 = ADVANCED_FACE ( 'NONE', ( #4559 ), #3120, .T. ) ;
#3821 = AXIS2_PLACEMENT_3D ( 'NONE', #4905, #4867, #5267 ) ;
#3822 = AXIS2_PLACEMENT_3D ( 'NONE', #2799, #3661, #214 ) ;
#3823 = VERTEX_POINT ( 'NONE', #688 ) ;
#3824 = CARTESIAN_POINT ( 'NONE',  ( 87.22872139666199587, 5.192786664806616592E-15, 0.000000000000000000 ) ) ;
#3825 = CIRCLE ( 'NONE', #5170, 6.898500000000005627 ) ;
#3826 = DIRECTION ( 'NONE',  ( -1.000000000000000000, -0.000000000000000000, -0.000000000000000000 ) ) ;
#3827 = ORIENTED_EDGE ( 'NONE', *, *, #1623, .T. ) ;
#3828 = DIRECTION ( 'NONE',  ( -1.000000000000000000, -1.224606353822377258E-16, -0.000000000000000000 ) ) ;
#3829 = LINE ( 'NONE', #380, #4099 ) ;
#3830 = PRESENTATION_LAYER_ASSIGNMENT (  '', '', ( #5565 ) ) ;
#3831 = DIRECTION ( 'NONE',  ( 0.000000000000000000, 0.000000000000000000, 1.000000000000000000 ) ) ;
#3832 = ORIENTED_EDGE ( 'NONE', *, *, #3419, .T. ) ;
#3833 = ORIENTED_EDGE ( 'NONE', *, *, #103, .F. ) ;
#3834 = PLANE ( 'NONE',  #3156 ) ;
#3835 = CARTESIAN_POINT ( 'NONE',  ( 54.00000000000000000, 5.287237932628113655E-15, 0.000000000000000000 ) ) ;
#3836 = LINE ( 'NONE', #973, #165 ) ;
#3837 = DIRECTION ( 'NONE',  ( 0.000000000000000000, -1.000000000000000000, 0.000000000000000000 ) ) ;
#3838 = DIRECTION ( 'NONE',  ( -1.000000000000000000, -0.000000000000000000, -0.000000000000000000 ) ) ;
#3839 = LINE ( 'NONE', #996, #3344 ) ;
#3840 = VERTEX_POINT ( 'NONE', #1528 ) ;
#3841 = CARTESIAN_POINT ( 'NONE',  ( 58.77127860333800413, 5.381689200449609928E-15, 0.000000000000000000 ) ) ;
#3842 = CARTESIAN_POINT ( 'NONE',  ( 79.22872139666199587, -7.999999999999998224, 0.000000000000000000 ) ) ;
#3843 = DIRECTION ( 'NONE',  ( 0.000000000000000000, -1.000000000000000000, 0.000000000000000000 ) ) ;
#3844 = CIRCLE ( 'NONE', #5501, 8.000000000000005329 ) ;
#3845 = ORIENTED_EDGE ( 'NONE', *, *, #512, .F. ) ;
#3846 = ORIENTED_EDGE ( 'NONE', *, *, #4948, .T. ) ;
#3847 = ORIENTED_EDGE ( 'NONE', *, *, #2751, .T. ) ;
#3848 = EDGE_CURVE ( 'NONE', #5402, #2354, #2117, .T. ) ;
#3849 = CARTESIAN_POINT ( 'NONE',  ( -31.74999999999995737, 9.797174393178358257E-16, -7.999999999999618083 ) ) ;
#3850 = LINE ( 'NONE', #670, #659 ) ;
#3851 = ORIENTED_EDGE ( 'NONE', *, *, #620, .T. ) ;
#3852 = DIRECTION ( 'NONE',  ( -0.5735764363510507113, -0.8191520442889885789, 0.000000000000000000 ) ) ;
#3853 = AXIS2_PLACEMENT_3D ( 'NONE', #536, #60, #3159 ) ;
#3854 = CARTESIAN_POINT ( 'NONE',  ( 8.000000000000000000, 4.082443753439855882, 7.070999999999982855 ) ) ;
#3855 = EDGE_CURVE ( 'NONE', #567, #5328, #3326, .T. ) ;
#3856 = DIRECTION ( 'NONE',  ( -1.000000000000000000, -1.224606353822377258E-16, -0.000000000000000000 ) ) ;
#3857 = LINE ( 'NONE', #4828, #2693 ) ;
#3858 = PRESENTATION_LAYER_ASSIGNMENT (  '', '', ( #2682 ) ) ;
#3859 = ORIENTED_EDGE ( 'NONE', *, *, #145, .F. ) ;
#3860 = DIRECTION ( 'NONE',  ( -1.000000000000000000, -1.224606353822377258E-16, -0.000000000000000000 ) ) ;
#3861 = ORIENTED_EDGE ( 'NONE', *, *, #4792, .T. ) ;
#3862 = AXIS2_PLACEMENT_3D ( 'NONE', #2153, #2170, #2565 ) ;
#3863 = AXIS2_PLACEMENT_3D ( 'NONE', #5248, #3934, #932 ) ;
#3864 = CONICAL_SURFACE ( 'NONE', #4222, 6.898500000000000298, 0.7853981633971152121 ) ;
#3865 = CARTESIAN_POINT ( 'NONE',  ( 72.77127860333800413, -8.000000000000000000, 9.797174393178833546E-16 ) ) ;
#3866 = CIRCLE ( 'NONE', #2287, 7.070999999999999730 ) ;
#3867 = VERTEX_POINT ( 'NONE', #2715 ) ;
#3868 = ORIENTED_EDGE ( 'NONE', *, *, #1584, .F. ) ;
#3869 = AXIS2_PLACEMENT_3D ( 'NONE', #3021, #3045, #460 ) ;
#3870 = CARTESIAN_POINT ( 'NONE',  ( 46.77127860333799703, 8.000000000000008882, 0.000000000000000000 ) ) ;
#3871 = CARTESIAN_POINT ( 'NONE',  ( 90.00000000000000000, 0.000000000000000000, 0.000000000000000000 ) ) ;
#3872 = EDGE_LOOP ( 'NONE', ( #2887, #3191, #5069, #2872, #2040 ) ) ;
#3873 = DIRECTION ( 'NONE',  ( -0.5735764363510507113, -0.8191520442889885789, 0.000000000000000000 ) ) ;
#3874 = FACE_OUTER_BOUND ( 'NONE', #4660, .T. ) ;
#3875 = DIRECTION ( 'NONE',  ( 0.5735764363510474917, -0.8191520442889907994, 1.003171929053523514E-16 ) ) ;
#3876 = CARTESIAN_POINT ( 'NONE',  ( 56.00000000000000000, 5.287237932628113655E-15, 0.000000000000000000 ) ) ;
#3877 = DIRECTION ( 'NONE',  ( 0.5735764363510474917, -0.8191520442889907994, 1.003171929053523514E-16 ) ) ;
#3878 = ORIENTED_EDGE ( 'NONE', *, *, #1698, .F. ) ;
#3879 = DIRECTION ( 'NONE',  ( 0.000000000000000000, -1.000000000000000000, 0.000000000000000000 ) ) ;
#3880 = VECTOR ( 'NONE', #4473, 1000.000000000000000 ) ;
#3881 = CARTESIAN_POINT ( 'NONE',  ( 78.00000000000000000, 5.287237932628113655E-15, 0.000000000000000000 ) ) ;
#3882 = EDGE_CURVE ( 'NONE', #5309, #3798, #2237, .T. ) ;
#3883 = DIRECTION ( 'NONE',  ( -1.000000000000000000, -0.000000000000000000, -0.000000000000000000 ) ) ;
#3884 = ORIENTED_EDGE ( 'NONE', *, *, #3275, .F. ) ;
#3885 = CIRCLE ( 'NONE', #1644, 8.000000000000005329 ) ;
#3886 = ADVANCED_FACE ( 'NONE', ( #1849 ), #2983, .T. ) ;
#3887 = CARTESIAN_POINT ( 'NONE',  ( 78.77127860333798992, 5.381689200449609928E-15, 0.000000000000000000 ) ) ;
#3888 = EDGE_CURVE ( 'NONE', #96, #1184, #963, .T. ) ;
#3889 = ORIENTED_EDGE ( 'NONE', *, *, #5546, .T. ) ;
#3890 = FACE_OUTER_BOUND ( 'NONE', #1375, .T. ) ;
#3891 = CARTESIAN_POINT ( 'NONE',  ( 48.77127860333799703, 8.000000000000010658, 0.000000000000000000 ) ) ;
#3892 = CARTESIAN_POINT ( 'NONE',  ( -31.74999999999995737, 0.000000000000000000, 0.000000000000000000 ) ) ;
#3893 = EDGE_LOOP ( 'NONE', ( #3628, #3987, #2420, #1579, #5117 ) ) ;
#3894 = CARTESIAN_POINT ( 'NONE',  ( 52.00000000000000711, 5.287237932628113655E-15, 0.000000000000000000 ) ) ;
#3895 = FACE_OUTER_BOUND ( 'NONE', #264, .T. ) ;
#3896 = CARTESIAN_POINT ( 'NONE',  ( 56.77127860333799703, 5.381689200449609928E-15, 0.000000000000000000 ) ) ;
#3897 = EDGE_CURVE ( 'NONE', #4257, #4324, #4357, .T. ) ;
#3898 = DIRECTION ( 'NONE',  ( 1.000000000000000000, 1.224606353822377258E-16, 0.000000000000000000 ) ) ;
#3899 = AXIS2_PLACEMENT_3D ( 'NONE', #2065, #1666, #5145 ) ;
#3900 = DIRECTION ( 'NONE',  ( -1.000000000000000000, -1.224606353822377258E-16, -0.000000000000000000 ) ) ;
#3901 = ORIENTED_EDGE ( 'NONE', *, *, #1550, .F. ) ;
#3902 = CARTESIAN_POINT ( 'NONE',  ( 56.77127860333799703, -8.000000000000000000, 9.797174393178833546E-16 ) ) ;
#3903 = DIRECTION ( 'NONE',  ( -0.5735764363510507113, -0.8191520442889885789, 0.000000000000000000 ) ) ;
#3904 = ORIENTED_EDGE ( 'NONE', *, *, #3363, .T. ) ;
#3905 = AXIS2_PLACEMENT_3D ( 'NONE', #5338, #2273, #4869 ) ;
#3906 = CONICAL_SURFACE ( 'NONE', #2925, 8.000000000000005329, 0.9599310885968797002 ) ;
#3907 = ORIENTED_EDGE ( 'NONE', *, *, #35, .T. ) ;
#3908 = CARTESIAN_POINT ( 'NONE',  ( -31.74999999999995737, 0.000000000000000000, 0.000000000000000000 ) ) ;
#3909 = DIRECTION ( 'NONE',  ( 0.000000000000000000, 0.000000000000000000, 1.000000000000000000 ) ) ;
#3910 = CARTESIAN_POINT ( 'NONE',  ( 60.00000000000000000, 5.287237932628113655E-15, 0.000000000000000000 ) ) ;
#3911 = VERTEX_POINT ( 'NONE', #2419 ) ;
#3912 = FACE_OUTER_BOUND ( 'NONE', #4461, .T. ) ;
#3913 = ORIENTED_EDGE ( 'NONE', *, *, #4769, .T. ) ;
#3914 = ADVANCED_FACE ( 'NONE', ( #5108 ), #2313, .T. ) ;
#3915 = EDGE_CURVE ( 'NONE', #1954, #2183, #5442, .T. ) ;
#3916 = ORIENTED_EDGE ( 'NONE', *, *, #352, .T. ) ;
#3917 = CIRCLE ( 'NONE', #4852, 8.000000000000005329 ) ;
#3918 = VERTEX_POINT ( 'NONE', #5560 ) ;
#3919 = DIRECTION ( 'NONE',  ( 1.000000000000000000, 1.224606353822377258E-16, 0.000000000000000000 ) ) ;
#3920 = VECTOR ( 'NONE', #5055, 1000.000000000000114 ) ;
#3921 = EDGE_CURVE ( 'NONE', #2641, #1521, #4696, .T. ) ;
#3922 = ORIENTED_EDGE ( 'NONE', *, *, #1096, .F. ) ;
#3923 = DIRECTION ( 'NONE',  ( -0.5735764363510509334, 0.8191520442889884679, 1.003171929053520802E-16 ) ) ;
#3924 = VECTOR ( 'NONE', #5368, 999.9999999999998863 ) ;
#3925 = ORIENTED_EDGE ( 'NONE', *, *, #2604, .F. ) ;
#3926 = DIRECTION ( 'NONE',  ( 0.5735764363510472696, 0.8191520442889909104, 0.000000000000000000 ) ) ;
#3927 = CARTESIAN_POINT ( 'NONE',  ( 79.22872139666199587, -2.511412647480955552E-28, 8.000000000000005329 ) ) ;
#3928 = CARTESIAN_POINT ( 'NONE',  ( 74.00000000000001421, -6.898500000000000298, 9.122700168548426594E-16 ) ) ;
#3929 = EDGE_CURVE ( 'NONE', #1695, #3997, #4092, .T. ) ;
#3930 = AXIS2_PLACEMENT_3D ( 'NONE', #3004, #2990, #430 ) ;
#3931 = VERTEX_POINT ( 'NONE', #2055 ) ;
#3932 = FACE_OUTER_BOUND ( 'NONE', #3165, .T. ) ;
#3933 = ORIENTED_EDGE ( 'NONE', *, *, #1287, .T. ) ;
#3934 = DIRECTION ( 'NONE',  ( 1.000000000000000000, 1.224606353822377258E-16, 0.000000000000000000 ) ) ;
#3936 = DIRECTION ( 'NONE',  ( 0.000000000000000000, -1.000000000000000000, 0.000000000000000000 ) ) ;
#3935 = LINE ( 'NONE', #5049, #331 ) ;
#3937 = AXIS2_PLACEMENT_3D ( 'NONE', #3418, #2176, #839 ) ;
#3938 = CIRCLE ( 'NONE', #5391, 8.000000000000005329 ) ;
#3939 = VERTEX_POINT ( 'NONE', #2073 ) ;
#3940 = AXIS2_PLACEMENT_3D ( 'NONE', #3396, #3015, #3909 ) ;
#3941 = DIRECTION ( 'NONE',  ( 0.000000000000000000, -1.000000000000000000, 0.000000000000000000 ) ) ;
#3942 = ADVANCED_FACE ( 'NONE', ( #2510 ), #2789, .T. ) ;
#3943 = ORIENTED_EDGE ( 'NONE', *, *, #2234, .F. ) ;
#3944 = CIRCLE ( 'NONE', #4154, 8.000000000000005329 ) ;
#3945 = DIRECTION ( 'NONE',  ( -1.000000000000000000, -0.000000000000000000, -0.000000000000000000 ) ) ;
#3946 = CARTESIAN_POINT ( 'NONE',  ( 60.77127860333800413, 8.000000000000008882, 0.000000000000000000 ) ) ;
#3947 = DIRECTION ( 'NONE',  ( 0.000000000000000000, 0.000000000000000000, 1.000000000000000000 ) ) ;
#3948 = ORIENTED_EDGE ( 'NONE', *, *, #3819, .F. ) ;
#3949 = CIRCLE ( 'NONE', #4401, 8.000000000000005329 ) ;
#3950 = DIRECTION ( 'NONE',  ( -1.000000000000000000, -1.224606353822377258E-16, -0.000000000000000000 ) ) ;
#3951 = DIRECTION ( 'NONE',  ( -1.000000000000000000, -0.000000000000000000, -0.000000000000000000 ) ) ;
#3952 = VERTEX_POINT ( 'NONE', #723 ) ;
#3953 = DIRECTION ( 'NONE',  ( -1.000000000000000000, -1.224606353822377258E-16, -0.000000000000000000 ) ) ;
#3954 = CONICAL_SURFACE ( 'NONE', #2453, 6.898500000000005627, 0.9599310885968754814 ) ;
#3955 = EDGE_CURVE ( 'NONE', #2126, #5084, #4425, .T. ) ;
#3956 = CARTESIAN_POINT ( 'NONE',  ( 86.77127860333800413, -8.000000000000001776, 9.797174393178835518E-16 ) ) ;
#3957 = UNCERTAINTY_MEASURE_WITH_UNIT (LENGTH_MEASURE( 1.000000000000000082E-05 ), #1884, 'distance_accuracy_value', 'NONE');
#3958 = CARTESIAN_POINT ( 'NONE',  ( 42.00000000000000000, -6.898500000000000298, 0.000000000000000000 ) ) ;
#3959 = ORIENTED_EDGE ( 'NONE', *, *, #1515, .F. ) ;
#3960 = CARTESIAN_POINT ( 'NONE',  ( 46.77127860333799703, 5.381689200449609928E-15, 0.000000000000000000 ) ) ;
#3961 = CYLINDRICAL_SURFACE ( 'NONE', #5281, 7.999999999999618083 ) ;
#3962 = AXIS2_PLACEMENT_3D ( 'NONE', #1453, #5300, #3573 ) ;
#3963 = EDGE_CURVE ( 'NONE', #757, #5058, #2048, .T. ) ;
#3964 = AXIS2_PLACEMENT_3D ( 'NONE', #110, #5371, #131 ) ;
#3965 = ORIENTED_EDGE ( 'NONE', *, *, #3321, .T. ) ;
#3966 = DIRECTION ( 'NONE',  ( 0.000000000000000000, -1.000000000000000000, 0.000000000000000000 ) ) ;
#3967 = DIRECTION ( 'NONE',  ( -1.000000000000000000, 0.000000000000000000, 0.000000000000000000 ) ) ;
#3968 = LINE ( 'NONE', #3413, #1927 ) ;
#3969 = DIRECTION ( 'NONE',  ( -1.000000000000000000, -1.224606353822377258E-16, -0.000000000000000000 ) ) ;
#3970 = ADVANCED_FACE ( 'NONE', ( #3193 ), #4834, .T. ) ;
#3971 = VERTEX_POINT ( 'NONE', #2892 ) ;
#3972 = DIRECTION ( 'NONE',  ( -1.000000000000000000, -1.224606353822377258E-16, -0.000000000000000000 ) ) ;
#3973 = EDGE_LOOP ( 'NONE', ( #2152, #2669, #3766, #2474, #4414 ) ) ;
#3974 = LINE ( 'NONE', #5034, #1118 ) ;
#3975 = EDGE_CURVE ( 'NONE', #4251, #3720, #153, .T. ) ;
#3976 = DIRECTION ( 'NONE',  ( 0.000000000000000000, -1.000000000000000000, 0.000000000000000000 ) ) ;
#3977 = AXIS2_PLACEMENT_3D ( 'NONE', #5036, #1164, #3679 ) ;
#3978 = CARTESIAN_POINT ( 'NONE',  ( 50.77127860333800413, -2.611561004589091817E-28, 8.000000000000005329 ) ) ;
#3979 = DIRECTION ( 'NONE',  ( -1.000000000000000000, -1.224606353822377258E-16, -0.000000000000000000 ) ) ;
#3980 = CIRCLE ( 'NONE', #1704, 6.898500000000005627 ) ;
#3981 = ORIENTED_EDGE ( 'NONE', *, *, #1525, .F. ) ;
#3982 = DIRECTION ( 'NONE',  ( 0.000000000000000000, -1.000000000000000000, 0.000000000000000000 ) ) ;
#3983 = DIRECTION ( 'NONE',  ( -1.000000000000000000, -1.224606353822377258E-16, -0.000000000000000000 ) ) ;
#3984 = MECHANICAL_DESIGN_GEOMETRIC_PRESENTATION_REPRESENTATION (  '', ( #2801 ), #3380 ) ;
#3985 = LINE ( 'NONE', #4667, #1474 ) ;
#3986 = ORIENTED_EDGE ( 'NONE', *, *, #3000, .T. ) ;
#3987 = ORIENTED_EDGE ( 'NONE', *, *, #3464, .T. ) ;
#3988 = CARTESIAN_POINT ( 'NONE',  ( 46.77127860333799703, -8.000000000000000000, 9.797174393178833546E-16 ) ) ;
#3989 =( NAMED_UNIT ( * ) SI_UNIT ( $, .STERADIAN. ) SOLID_ANGLE_UNIT ( ) );
#3990 = ORIENTED_EDGE ( 'NONE', *, *, #77, .F. ) ;
#3991 = FACE_OUTER_BOUND ( 'NONE', #5003, .T. ) ;
#3992 = ORIENTED_EDGE ( 'NONE', *, *, #1978, .F. ) ;
#3993 = DIRECTION ( 'NONE',  ( 1.000000000000000000, 0.000000000000000000, 0.000000000000000000 ) ) ;
#3994 = EDGE_CURVE ( 'NONE', #3918, #3971, #1382, .T. ) ;
#3995 = CARTESIAN_POINT ( 'NONE',  ( 68.00000000000000000, 5.287237932628113655E-15, 0.000000000000000000 ) ) ;
#3996 = CIRCLE ( 'NONE', #3610, 6.898500000000005627 ) ;
#3997 = VERTEX_POINT ( 'NONE', #3369 ) ;
#3998 = EDGE_CURVE ( 'NONE', #1589, #1841, #1916, .T. ) ;
#3999 = ADVANCED_FACE ( 'NONE', ( #4219 ), #1315, .T. ) ;
#4000 = FACE_OUTER_BOUND ( 'NONE', #2504, .T. ) ;
#4001 = EDGE_LOOP ( 'NONE', ( #4865, #3205, #277, #4094, #3634, #1389 ) ) ;
#4002 = LINE ( 'NONE', #3716, #1830 ) ;
#4003 = CARTESIAN_POINT ( 'NONE',  ( 44.00000000000000000, 6.898500000000010957, 0.000000000000000000 ) ) ;
#4004 = CIRCLE ( 'NONE', #917, 8.000000000000005329 ) ;
#4005 = EDGE_LOOP ( 'NONE', ( #4268, #989, #3736, #242, #1116 ) ) ;
#4006 = EDGE_CURVE ( 'NONE', #732, #786, #2916, .T. ) ;
#4007 = AXIS2_PLACEMENT_3D ( 'NONE', #219, #706, #1995 ) ;
#4008 = DIRECTION ( 'NONE',  ( 0.000000000000000000, 0.000000000000000000, -1.000000000000000000 ) ) ;
#4009 =( LENGTH_UNIT ( ) NAMED_UNIT ( * ) SI_UNIT ( .MILLI., .METRE. ) );
#4010 = ORIENTED_EDGE ( 'NONE', *, *, #2779, .T. ) ;
#4011 = CARTESIAN_POINT ( 'NONE',  ( 75.22872139666201008, 5.192786664806616592E-15, 0.000000000000000000 ) ) ;
#4012 = LINE ( 'NONE', #4534, #1696 ) ;
#4013 = CARTESIAN_POINT ( 'NONE',  ( -31.74999999999995737, 9.797174393178358257E-16, -7.999999999999618083 ) ) ;
#4014 = AXIS2_PLACEMENT_3D ( 'NONE', #5599, #4314, #414 ) ;
#4015 = VERTEX_POINT ( 'NONE', #1735 ) ;
#4016 = CARTESIAN_POINT ( 'NONE',  ( 74.00000000000001421, 5.287237932628113655E-15, 0.000000000000000000 ) ) ;
#4017 = CYLINDRICAL_SURFACE ( 'NONE', #5350, 7.999999999999618083 ) ;
#4018 = CARTESIAN_POINT ( 'NONE',  ( 83.99999999999998579, 5.287237932628113655E-15, 0.000000000000000000 ) ) ;
#4019 = VERTEX_POINT ( 'NONE', #3333 ) ;
#4020 = FACE_OUTER_BOUND ( 'NONE', #2893, .T. ) ;
#4021 = DIRECTION ( 'NONE',  ( 0.000000000000000000, 1.000000000000000000, 0.000000000000000000 ) ) ;
#4022 = EDGE_CURVE ( 'NONE', #5162, #253, #3677, .T. ) ;
#4023 = ADVANCED_FACE ( 'NONE', ( #4627 ), #3954, .T. ) ;
#4024 = VERTEX_POINT ( 'NONE', #3049 ) ;
#4025 = DIRECTION ( 'NONE',  ( 0.000000000000000000, -1.000000000000000000, 0.000000000000000000 ) ) ;
#4026 = VECTOR ( 'NONE', #4739, 1000.000000000000114 ) ;
#4027 = DIRECTION ( 'NONE',  ( -0.5735764363510507113, -0.8191520442889885789, 0.000000000000000000 ) ) ;
#4028 = EDGE_CURVE ( 'NONE', #883, #1449, #3818, .T. ) ;
#4029 = ORIENTED_EDGE ( 'NONE', *, *, #3547, .F. ) ;
#4030 = VECTOR ( 'NONE', #1211, 1000.000000000000000 ) ;
#4031 = DIRECTION ( 'NONE',  ( -1.000000000000000000, -0.000000000000000000, -0.000000000000000000 ) ) ;
#4032 = ORIENTED_EDGE ( 'NONE', *, *, #790, .F. ) ;
#4033 = CIRCLE ( 'NONE', #1637, 8.000000000000005329 ) ;
#4034 = EDGE_CURVE ( 'NONE', #2811, #2457, #1647, .T. ) ;
#4035 = AXIS2_PLACEMENT_3D ( 'NONE', #5277, #4359, #2666 ) ;
#4036 = CARTESIAN_POINT ( 'NONE',  ( 51.22872139666200297, 5.192786664806616592E-15, 0.000000000000000000 ) ) ;
#4037 = CARTESIAN_POINT ( 'NONE',  ( 60.00000000000000000, -6.898500000000000298, 0.000000000000000000 ) ) ;
#4038 = FACE_OUTER_BOUND ( 'NONE', #2922, .T. ) ;
#4039 = EDGE_LOOP ( 'NONE', ( #2236, #4536, #412, #1380, #1180 ) ) ;
#4040 = AXIS2_PLACEMENT_3D ( 'NONE', #3132, #2739, #1896 ) ;
#4041 = DIRECTION ( 'NONE',  ( 1.000000000000000000, 1.224606353822377258E-16, 0.000000000000000000 ) ) ;
#4042 = VERTEX_POINT ( 'NONE', #5207 ) ;
#4043 = CIRCLE ( 'NONE', #2070, 12.00000000000000000 ) ;
#4044 = AXIS2_PLACEMENT_3D ( 'NONE', #573, #629, #3658 ) ;
#4045 = EDGE_LOOP ( 'NONE', ( #4245, #2662, #5602, #4978, #5010, #5488 ) ) ;
#4046 = ORIENTED_EDGE ( 'NONE', *, *, #853, .F. ) ;
#4047 = DIRECTION ( 'NONE',  ( 0.000000000000000000, 1.000000000000000000, 0.000000000000000000 ) ) ;
#4048 = DIRECTION ( 'NONE',  ( -1.000000000000000000, -1.224606353822377258E-16, -0.000000000000000000 ) ) ;
#4049 = CARTESIAN_POINT ( 'NONE',  ( 8.000000000000000000, -6.123665630159753626, 3.535500000000002530 ) ) ;
#4050 = SURFACE_STYLE_FILL_AREA ( #1712 ) ;
#4051 = ADVANCED_FACE ( 'NONE', ( #1786 ), #351, .T. ) ;
#4052 = ORIENTED_EDGE ( 'NONE', *, *, #2018, .F. ) ;
#4053 = ORIENTED_EDGE ( 'NONE', *, *, #3929, .T. ) ;
#4054 = AXIS2_PLACEMENT_3D ( 'NONE', #1691, #2497, #4686 ) ;
#4055 = VECTOR ( 'NONE', #1329, 1000.000000000000000 ) ;
#4056 = ORIENTED_EDGE ( 'NONE', *, *, #3073, .F. ) ;
#4057 = DIRECTION ( 'NONE',  ( 0.000000000000000000, 0.000000000000000000, 1.000000000000000000 ) ) ;
#4058 = DIRECTION ( 'NONE',  ( -0.5735764363510507113, -0.8191520442889885789, 0.000000000000000000 ) ) ;
#4059 = UNCERTAINTY_MEASURE_WITH_UNIT (LENGTH_MEASURE( 1.000000000000000082E-05 ), #4009, 'distance_accuracy_value', 'NONE');
#4060 = DIRECTION ( 'NONE',  ( 0.000000000000000000, -1.000000000000000000, 0.000000000000000000 ) ) ;
#4061 = CIRCLE ( 'NONE', #3198, 6.898500000000005627 ) ;
#4062 = EDGE_CURVE ( 'NONE', #1449, #1294, #2654, .T. ) ;
#4063 = VERTEX_POINT ( 'NONE', #448 ) ;
#4064 = DIRECTION ( 'NONE',  ( 0.000000000000000000, 0.000000000000000000, 1.000000000000000000 ) ) ;
#4066 = ORIENTED_EDGE ( 'NONE', *, *, #3998, .T. ) ;
#4065 = CARTESIAN_POINT ( 'NONE',  ( 42.77127860333799703, 8.000000000000010658, 0.000000000000000000 ) ) ;
#4067 = CIRCLE ( 'NONE', #555, 8.000000000000005329 ) ;
#4068 = ORIENTED_EDGE ( 'NONE', *, *, #5126, .T. ) ;
#4069 = AXIS2_PLACEMENT_3D ( 'NONE', #3660, #2957, #614 ) ;
#4070 = EDGE_CURVE ( 'NONE', #379, #2326, #1507, .T. ) ;
#4071 = CONICAL_SURFACE ( 'NONE', #4997, 8.000000000000005329, 0.9599310885968797002 ) ;
#4072 = ORIENTED_EDGE ( 'NONE', *, *, #389, .T. ) ;
#4073 = CIRCLE ( 'NONE', #5317, 8.000000000000005329 ) ;
#4074 = ORIENTED_EDGE ( 'NONE', *, *, #1734, .F. ) ;
#4075 = LINE ( 'NONE', #4100, #5494 ) ;
#4076 = DIRECTION ( 'NONE',  ( 0.000000000000000000, -1.000000000000000000, 0.000000000000000000 ) ) ;
#4077 = DIRECTION ( 'NONE',  ( 1.000000000000000000, 0.000000000000000000, 0.000000000000000000 ) ) ;
#4078 = DIRECTION ( 'NONE',  ( 1.000000000000000000, 1.224606353822377258E-16, 0.000000000000000000 ) ) ;
#4079 = EDGE_CURVE ( 'NONE', #1295, #606, #278, .T. ) ;
#4080 = VERTEX_POINT ( 'NONE', #5172 ) ;
#4081 = CIRCLE ( 'NONE', #5426, 8.000000000000005329 ) ;
#4082 = ADVANCED_FACE ( 'NONE', ( #2844 ), #751, .T. ) ;
#4083 = AXIS2_PLACEMENT_3D ( 'NONE', #1808, #3504, #3976 ) ;
#4084 = DIRECTION ( 'NONE',  ( -1.000000000000000000, -1.224606353822377258E-16, -0.000000000000000000 ) ) ;
#4085 = ORIENTED_EDGE ( 'NONE', *, *, #3214, .F. ) ;
#4086 = DIRECTION ( 'NONE',  ( 0.000000000000000000, 0.000000000000000000, 1.000000000000000000 ) ) ;
#4087 = CIRCLE ( 'NONE', #3603, 8.000000000000005329 ) ;
#4088 = DIRECTION ( 'NONE',  ( -1.000000000000000000, -1.224606353822377258E-16, -0.000000000000000000 ) ) ;
#4089 = AXIS2_PLACEMENT_3D ( 'NONE', #3141, #4031, #5288 ) ;
#4090 = CARTESIAN_POINT ( 'NONE',  ( 90.00000000000000000, 0.000000000000000000, 0.000000000000000000 ) ) ;
#4091 = VERTEX_POINT ( 'NONE', #5593 ) ;
#4092 = CIRCLE ( 'NONE', #2753, 8.000000000000005329 ) ;
#4093 = PLANE ( 'NONE',  #356 ) ;
#4094 = ORIENTED_EDGE ( 'NONE', *, *, #1698, .T. ) ;
#4095 = CARTESIAN_POINT ( 'NONE',  ( 8.000000000000000000, -6.123665630159776718, -3.535499999999994980 ) ) ;
#4096 = CONICAL_SURFACE ( 'NONE', #2202, 6.898500000000005627, 0.9599310885968754814 ) ;
#4097 = EDGE_CURVE ( 'NONE', #883, #4861, #3813, .T. ) ;
#4098 = ORIENTED_EDGE ( 'NONE', *, *, #1635, .F. ) ;
#4099 = VECTOR ( 'NONE', #1218, 1000.000000000000114 ) ;
#4100 = CARTESIAN_POINT ( 'NONE',  ( 70.00000000000000000, 6.898500000000010957, 8.448225943918022600E-16 ) ) ;
#4101 = CARTESIAN_POINT ( 'NONE',  ( 88.89849999999964325, 0.000000000000000000, 0.000000000000000000 ) ) ;
#4102 = EDGE_CURVE ( 'NONE', #366, #5360, #147, .T. ) ;
#4103 = DIRECTION ( 'NONE',  ( -1.000000000000000000, -0.000000000000000000, -0.000000000000000000 ) ) ;
#4104 = ORIENTED_EDGE ( 'NONE', *, *, #3081, .F. ) ;
#4105 = ORIENTED_EDGE ( 'NONE', *, *, #2963, .T. ) ;
#4106 = FACE_OUTER_BOUND ( 'NONE', #163, .T. ) ;
#4107 = DIRECTION ( 'NONE',  ( 0.000000000000000000, 1.000000000000000000, 0.000000000000000000 ) ) ;
#4108 = ADVANCED_FACE ( 'NONE', ( #4020 ), #4689, .T. ) ;
#4109 = CARTESIAN_POINT ( 'NONE',  ( 0.8000000000000020428, 1.469576158976823947E-15, -12.00000000000000000 ) ) ;
#4110 = CARTESIAN_POINT ( 'NONE',  ( 70.77127860333800413, 5.381689200449609928E-15, 0.000000000000000000 ) ) ;
#4111 = CIRCLE ( 'NONE', #1523, 7.999999999999618083 ) ;
#4112 = EDGE_CURVE ( 'NONE', #4091, #2449, #4766, .T. ) ;
#4113 = ORIENTED_EDGE ( 'NONE', *, *, #5578, .F. ) ;
#4114 = AXIS2_PLACEMENT_3D ( 'NONE', #722, #3764, #4130 ) ;
#4115 = AXIS2_PLACEMENT_3D ( 'NONE', #631, #3215, #616 ) ;
#4116 = DIRECTION ( 'NONE',  ( -1.000000000000000000, -0.000000000000000000, -0.000000000000000000 ) ) ;
#4117 = FACE_OUTER_BOUND ( 'NONE', #3118, .T. ) ;
#4118 = ORIENTED_EDGE ( 'NONE', *, *, #2106, .T. ) ;
#4119 = ORIENTED_EDGE ( 'NONE', *, *, #2779, .F. ) ;
#4120 = AXIS2_PLACEMENT_3D ( 'NONE', #4339, #1702, #1745 ) ;
#4121 = DIRECTION ( 'NONE',  ( 0.000000000000000000, -1.000000000000000000, 0.000000000000000000 ) ) ;
#4122 = AXIS2_PLACEMENT_3D ( 'NONE', #5347, #1080, #4077 ) ;
#4123 = CYLINDRICAL_SURFACE ( 'NONE', #5037, 7.999999999999618083 ) ;
#4124 = CARTESIAN_POINT ( 'NONE',  ( 40.77127860333799703, 5.381689200449609928E-15, 0.000000000000000000 ) ) ;
#4125 = ORIENTED_EDGE ( 'NONE', *, *, #19, .F. ) ;
#4126 = DIRECTION ( 'NONE',  ( -1.000000000000000000, -0.000000000000000000, -0.000000000000000000 ) ) ;
#4127 = EDGE_LOOP ( 'NONE', ( #2943, #2791, #142, #4759, #4125, #3612 ) ) ;
#4128 = VECTOR ( 'NONE', #4757, 999.9999999999998863 ) ;
#4129 = ORIENTED_EDGE ( 'NONE', *, *, #2054, .F. ) ;
#4130 = DIRECTION ( 'NONE',  ( 0.000000000000000000, -1.000000000000000000, 0.000000000000000000 ) ) ;
#4131 = CARTESIAN_POINT ( 'NONE',  ( 61.22872139666199587, 5.192786664806616592E-15, 0.000000000000000000 ) ) ;
#4132 = VERTEX_POINT ( 'NONE', #1759 ) ;
#4133 = DIRECTION ( 'NONE',  ( 0.000000000000000000, -1.000000000000000000, 0.000000000000000000 ) ) ;
#4134 = ADVANCED_FACE ( 'NONE', ( #345 ), #1037, .T. ) ;
#4135 = EDGE_CURVE ( 'NONE', #2955, #1054, #4621, .T. ) ;
#4136 = LINE ( 'NONE', #2920, #1492 ) ;
#4137 = VECTOR ( 'NONE', #1395, 1000.000000000000000 ) ;
#4138 = VERTEX_POINT ( 'NONE', #3956 ) ;
#4139 = DIRECTION ( 'NONE',  ( 0.000000000000000000, -1.000000000000000000, 0.000000000000000000 ) ) ;
#4140 = DIRECTION ( 'NONE',  ( -1.000000000000000000, -1.224606353822377258E-16, -0.000000000000000000 ) ) ;
#4141 = AXIS2_PLACEMENT_3D ( 'NONE', #861, #5171, #5592 ) ;
#4142 = ORIENTED_EDGE ( 'NONE', *, *, #4871, .T. ) ;
#4143 = CARTESIAN_POINT ( 'NONE',  ( 80.77127860333798992, 5.381689200449609928E-15, 0.000000000000000000 ) ) ;
#4144 = VECTOR ( 'NONE', #5204, 1000.000000000000114 ) ;
#4145 = EDGE_CURVE ( 'NONE', #3078, #2021, #1709, .T. ) ;
#4146 =( GEOMETRIC_REPRESENTATION_CONTEXT ( 3 ) GLOBAL_UNCERTAINTY_ASSIGNED_CONTEXT ( ( #4476 ) ) GLOBAL_UNIT_ASSIGNED_CONTEXT ( ( #1313, #2521, #2956 ) ) REPRESENTATION_CONTEXT ( 'NONE', 'WORKASPACE' ) );
#4147 = DIRECTION ( 'NONE',  ( -1.000000000000000000, -0.000000000000000000, -0.000000000000000000 ) ) ;
#4148 = DIRECTION ( 'NONE',  ( -1.000000000000000000, -1.224606353822377258E-16, -0.000000000000000000 ) ) ;
#4149 = ORIENTED_EDGE ( 'NONE', *, *, #439, .T. ) ;
#4150 = LINE ( 'NONE', #2330, #2840 ) ;
#4151 = CARTESIAN_POINT ( 'NONE',  ( 74.00000000000001421, 5.287237932628113655E-15, 0.000000000000000000 ) ) ;
#4152 = CARTESIAN_POINT ( 'NONE',  ( 68.00000000000000000, 6.898500000000010957, 0.000000000000000000 ) ) ;
#4153 = AXIS2_PLACEMENT_3D ( 'NONE', #2960, #1682, #2995 ) ;
#4154 = AXIS2_PLACEMENT_3D ( 'NONE', #401, #967, #4281 ) ;
#4155 = VERTEX_POINT ( 'NONE', #539 ) ;
#4156 = CIRCLE ( 'NONE', #1289, 8.000000000000005329 ) ;
#4157 = DIRECTION ( 'NONE',  ( 0.000000000000000000, 0.000000000000000000, 1.000000000000000000 ) ) ;
#4158 = DIRECTION ( 'NONE',  ( 0.000000000000000000, -1.000000000000000000, 0.000000000000000000 ) ) ;
#4159 = VERTEX_POINT ( 'NONE', #2634 ) ;
#4160 = FACE_OUTER_BOUND ( 'NONE', #5212, .T. ) ;
#4161 = AXIS2_PLACEMENT_3D ( 'NONE', #3995, #5332, #1433 ) ;
#4162 = CARTESIAN_POINT ( 'NONE',  ( 50.77127860333800413, 5.381689200449609928E-15, 0.000000000000000000 ) ) ;
#4163 = ADVANCED_FACE ( 'NONE', ( #2582 ), #1446, .T. ) ;
#4164 = VERTEX_POINT ( 'NONE', #2270 ) ;
#4165 = CONICAL_SURFACE ( 'NONE', #3448, 6.898500000000005627, 0.9599310885968754814 ) ;
#4166 = CARTESIAN_POINT ( 'NONE',  ( 64.00000000000000000, 5.287237932628113655E-15, 0.000000000000000000 ) ) ;
#4167 = EDGE_LOOP ( 'NONE', ( #3688, #2008, #641, #2534, #4392 ) ) ;
#4168 = EDGE_CURVE ( 'NONE', #4915, #1943, #1781, .T. ) ;
#4169 = ORIENTED_EDGE ( 'NONE', *, *, #1850, .F. ) ;
#4170 = DIRECTION ( 'NONE',  ( 0.000000000000000000, -1.000000000000000000, 0.000000000000000000 ) ) ;
#4171 = CIRCLE ( 'NONE', #3778, 8.000000000000005329 ) ;
#4172 = ORIENTED_EDGE ( 'NONE', *, *, #4599, .T. ) ;
#4173 = CARTESIAN_POINT ( 'NONE',  ( 44.77127860333800413, 5.381689200449609928E-15, 0.000000000000000000 ) ) ;
#4174 = EDGE_CURVE ( 'NONE', #2726, #2298, #2646, .T. ) ;
#4175 = DIRECTION ( 'NONE',  ( 0.5735764363510474917, -0.8191520442889907994, 1.003171929053523514E-16 ) ) ;
#4176 = LINE ( 'NONE', #4587, #450 ) ;
#4177 = VERTEX_POINT ( 'NONE', #2247 ) ;
#4178 = ORIENTED_EDGE ( 'NONE', *, *, #1185, .T. ) ;
#4179 = DIRECTION ( 'NONE',  ( -1.000000000000000000, -0.000000000000000000, -0.000000000000000000 ) ) ;
#4180 = EDGE_CURVE ( 'NONE', #2889, #1458, #212, .T. ) ;
#4182 = DIRECTION ( 'NONE',  ( 0.000000000000000000, -1.000000000000000000, 0.000000000000000000 ) ) ;
#4181 = PRESENTATION_LAYER_ASSIGNMENT (  '', '', ( #1249 ) ) ;
#4183 = ORIENTED_EDGE ( 'NONE', *, *, #111, .F. ) ;
#4184 = CARTESIAN_POINT ( 'NONE',  ( 48.00000000000000000, -6.898500000000000298, 9.122700168548426594E-16 ) ) ;
#4185 = DIRECTION ( 'NONE',  ( 0.000000000000000000, 0.000000000000000000, 1.000000000000000000 ) ) ;
#4186 = ADVANCED_FACE ( 'NONE', ( #488 ), #2694, .T. ) ;
#4187 = CONICAL_SURFACE ( 'NONE', #3905, 6.898500000000005627, 0.9599310885968754814 ) ;
#4188 = ORIENTED_EDGE ( 'NONE', *, *, #4280, .T. ) ;
#4189 = AXIS2_PLACEMENT_3D ( 'NONE', #2841, #257, #692 ) ;
#4190 = DIRECTION ( 'NONE',  ( 0.000000000000000000, -1.000000000000000000, 0.000000000000000000 ) ) ;
#4191 = DIRECTION ( 'NONE',  ( 0.000000000000000000, -1.000000000000000000, 0.000000000000000000 ) ) ;
#4192 = CARTESIAN_POINT ( 'NONE',  ( 70.00000000000000000, 6.898500000000010957, 0.000000000000000000 ) ) ;
#4193 = DIRECTION ( 'NONE',  ( 0.000000000000000000, 0.000000000000000000, -1.000000000000000000 ) ) ;
#4194 = CIRCLE ( 'NONE', #5065, 8.000000000000005329 ) ;
#4195 = VERTEX_POINT ( 'NONE', #520 ) ;
#4196 = DIRECTION ( 'NONE',  ( -1.000000000000000000, -1.224606353822377258E-16, -0.000000000000000000 ) ) ;
#4197 = VERTEX_POINT ( 'NONE', #3574 ) ;
#4198 = EDGE_CURVE ( 'NONE', #656, #5548, #3186, .T. ) ;
#4199 = ORIENTED_EDGE ( 'NONE', *, *, #3787, .F. ) ;
#4200 = ORIENTED_EDGE ( 'NONE', *, *, #5191, .T. ) ;
#4201 = LINE ( 'NONE', #4319, #2966 ) ;
#4202 = DIRECTION ( 'NONE',  ( 0.000000000000000000, -1.224646799147353207E-16, 1.000000000000000000 ) ) ;
#4203 = EDGE_LOOP ( 'NONE', ( #868, #1251, #3038, #617, #4447 ) ) ;
#4204 = ORIENTED_EDGE ( 'NONE', *, *, #3321, .F. ) ;
#4205 = ORIENTED_EDGE ( 'NONE', *, *, #797, .T. ) ;
#4206 = CIRCLE ( 'NONE', #1719, 8.000000000000005329 ) ;
#4207 = EDGE_CURVE ( 'NONE', #3001, #1220, #1232, .T. ) ;
#4208 = VERTEX_POINT ( 'NONE', #2712 ) ;
#4209 = DIRECTION ( 'NONE',  ( 0.000000000000000000, -1.000000000000000000, 0.000000000000000000 ) ) ;
#4210 = FACE_OUTER_BOUND ( 'NONE', #4586, .T. ) ;
#4211 = CARTESIAN_POINT ( 'NONE',  ( 44.77127860333800413, 5.381689200449609928E-15, 0.000000000000000000 ) ) ;
#4212 = EDGE_CURVE ( 'NONE', #786, #1944, #1505, .T. ) ;
#4213 = ADVANCED_FACE ( 'NONE', ( #3534 ), #2505, .T. ) ;
#4214 = ORIENTED_EDGE ( 'NONE', *, *, #5081, .T. ) ;
#4215 = VECTOR ( 'NONE', #4175, 1000.000000000000114 ) ;
#4216 = AXIS2_PLACEMENT_3D ( 'NONE', #802, #23, #1247 ) ;
#4217 = DIRECTION ( 'NONE',  ( -1.000000000000000000, -1.224606353822377258E-16, -0.000000000000000000 ) ) ;
#4218 = ORIENTED_EDGE ( 'NONE', *, *, #5510, .F. ) ;
#4219 = FACE_OUTER_BOUND ( 'NONE', #1372, .T. ) ;
#4220 = ADVANCED_FACE ( 'NONE', ( #3608 ), #2436, .T. ) ;
#4221 = AXIS2_PLACEMENT_3D ( 'NONE', #3115, #931, #4380 ) ;
#4222 = AXIS2_PLACEMENT_3D ( 'NONE', #753, #5550, #3323 ) ;
#4223 = ORIENTED_EDGE ( 'NONE', *, *, #2421, .T. ) ;
#4224 = LINE ( 'NONE', #1117, #3061 ) ;
#4225 = DIRECTION ( 'NONE',  ( 0.000000000000000000, 0.000000000000000000, 1.000000000000000000 ) ) ;
#4226 = ORIENTED_EDGE ( 'NONE', *, *, #3419, .F. ) ;
#4227 = COLOUR_RGB ( '',0.7764705882352941346, 0.7568627450980391913, 0.7372549019607843590 ) ;
#4228 = CARTESIAN_POINT ( 'NONE',  ( -31.74999999999995737, 0.000000000000000000, 0.000000000000000000 ) ) ;
#4229 = DIRECTION ( 'NONE',  ( -1.000000000000000000, -1.224606353822377258E-16, -0.000000000000000000 ) ) ;
#4230 = ORIENTED_EDGE ( 'NONE', *, *, #5424, .F. ) ;
#4231 = DIRECTION ( 'NONE',  ( 0.000000000000000000, -1.000000000000000000, 0.000000000000000000 ) ) ;
#4232 = ORIENTED_EDGE ( 'NONE', *, *, #4645, .F. ) ;
#4233 = FACE_OUTER_BOUND ( 'NONE', #3026, .T. ) ;
#4234 = EDGE_CURVE ( 'NONE', #4915, #673, #561, .T. ) ;
#4235 = CARTESIAN_POINT ( 'NONE',  ( -31.74999999999995737, 0.000000000000000000, 0.000000000000000000 ) ) ;
#4236 = CONICAL_SURFACE ( 'NONE', #1124, 8.000000000000005329, 0.9599310885968797002 ) ;
#4237 = ADVANCED_FACE ( 'NONE', ( #2369 ), #501, .T. ) ;
#4238 = ORIENTED_EDGE ( 'NONE', *, *, #4502, .F. ) ;
#4239 = DIRECTION ( 'NONE',  ( -1.000000000000000000, -1.224606353822377258E-16, -0.000000000000000000 ) ) ;
#4240 = DIRECTION ( 'NONE',  ( 0.000000000000000000, -1.000000000000000000, 0.000000000000000000 ) ) ;
#4241 = AXIS2_PLACEMENT_3D ( 'NONE', #500, #3528, #957 ) ;
#4242 = LINE ( 'NONE', #3524, #41 ) ;
#4243 = EDGE_CURVE ( 'NONE', #701, #3273, #622, .T. ) ;
#4244 = DIRECTION ( 'NONE',  ( -1.000000000000000000, -0.000000000000000000, -0.000000000000000000 ) ) ;
#4245 = ORIENTED_EDGE ( 'NONE', *, *, #4687, .T. ) ;
#4246 = ORIENTED_EDGE ( 'NONE', *, *, #3020, .F. ) ;
#4247 = AXIS2_PLACEMENT_3D ( 'NONE', #33, #3969, #1747 ) ;
#4248 = CARTESIAN_POINT ( 'NONE',  ( 54.77127860333799703, 5.381689200449609928E-15, 0.000000000000000000 ) ) ;
#4249 = CARTESIAN_POINT ( 'NONE',  ( 50.00000000000000000, -6.898500000000000298, 9.122700168548426594E-16 ) ) ;
#4250 = COLOUR_RGB ( '',0.7764705882352941346, 0.7568627450980391913, 0.7372549019607843590 ) ;
#4251 = VERTEX_POINT ( 'NONE', #1864 ) ;
#4252 = DIRECTION ( 'NONE',  ( -1.000000000000000000, -1.224606353822377258E-16, -0.000000000000000000 ) ) ;
#4253 = EDGE_CURVE ( 'NONE', #974, #1740, #892, .T. ) ;
#4254 = AXIS2_PLACEMENT_3D ( 'NONE', #5363, #1493, #1078 ) ;
#4255 = DIRECTION ( 'NONE',  ( 0.000000000000000000, -1.000000000000000000, 0.000000000000000000 ) ) ;
#4256 = CIRCLE ( 'NONE', #4995, 6.898500000000005627 ) ;
#4257 = VERTEX_POINT ( 'NONE', #3195 ) ;
#4258 = CARTESIAN_POINT ( 'NONE',  ( 60.77127860333800413, 8.000000000000010658, 0.000000000000000000 ) ) ;
#4259 = AXIS2_PLACEMENT_3D ( 'NONE', #2668, #5246, #5264 ) ;
#4260 = LINE ( 'NONE', #5549, #5289 ) ;
#4261 = VERTEX_POINT ( 'NONE', #998 ) ;
#4262 = CARTESIAN_POINT ( 'NONE',  ( -31.74999999999995737, 0.000000000000000000, 0.000000000000000000 ) ) ;
#4263 = CARTESIAN_POINT ( 'NONE',  ( 8.000000000000000000, -4.082443753439852330, -7.071000000000007724 ) ) ;
#4264 = DIRECTION ( 'NONE',  ( 0.000000000000000000, -1.000000000000000000, 0.000000000000000000 ) ) ;
#4265 = ORIENTED_EDGE ( 'NONE', *, *, #3146, .F. ) ;
#4266 = CIRCLE ( 'NONE', #2289, 7.070999999999999730 ) ;
#4267 = VECTOR ( 'NONE', #4803, 999.9999999999998863 ) ;
#4268 = ORIENTED_EDGE ( 'NONE', *, *, #5527, .T. ) ;
#4269 = FILL_AREA_STYLE_COLOUR ( '', #5205 ) ;
#4270 = CARTESIAN_POINT ( 'NONE',  ( 42.00000000000000000, 5.287237932628113655E-15, 0.000000000000000000 ) ) ;
#4271 = DIRECTION ( 'NONE',  ( 0.000000000000000000, -1.000000000000000000, 0.000000000000000000 ) ) ;
#4272 = EDGE_CURVE ( 'NONE', #1674, #4786, #5504, .T. ) ;
#4273 = CARTESIAN_POINT ( 'NONE',  ( 70.77127860333800413, 5.381689200449609928E-15, 0.000000000000000000 ) ) ;
#4274 = VERTEX_POINT ( 'NONE', #1440 ) ;
#4275 = CONICAL_SURFACE ( 'NONE', #2977, 8.000000000000005329, 0.9599310885968797002 ) ;
#4276 = CARTESIAN_POINT ( 'NONE',  ( 52.77127860333799703, -8.000000000000000000, 9.797174393178833546E-16 ) ) ;
#4277 = DIRECTION ( 'NONE',  ( 0.000000000000000000, -1.000000000000000000, 0.000000000000000000 ) ) ;
#4278 = EDGE_LOOP ( 'NONE', ( #1271, #2994, #207, #5598, #3280, #468 ) ) ;
#4279 = CIRCLE ( 'NONE', #190, 12.00000000000000000 ) ;
#4280 = EDGE_CURVE ( 'NONE', #930, #974, #1376, .T. ) ;
#4281 = DIRECTION ( 'NONE',  ( 0.000000000000000000, -1.000000000000000000, 0.000000000000000000 ) ) ;
#4282 = CARTESIAN_POINT ( 'NONE',  ( 41.22872139666199587, 5.192786664806616592E-15, 0.000000000000000000 ) ) ;
#4283 = DIRECTION ( 'NONE',  ( -1.000000000000000000, -0.000000000000000000, -0.000000000000000000 ) ) ;
#4284 = DIRECTION ( 'NONE',  ( 0.000000000000000000, 0.000000000000000000, 1.000000000000000000 ) ) ;
#4285 = CARTESIAN_POINT ( 'NONE',  ( 66.00000000000000000, 6.898500000000010957, 8.448225943918022600E-16 ) ) ;
#4286 = ORIENTED_EDGE ( 'NONE', *, *, #971, .F. ) ;
#4287 = VECTOR ( 'NONE', #367, 1000.000000000000000 ) ;
#4288 = DIRECTION ( 'NONE',  ( 0.000000000000000000, -1.000000000000000000, 0.000000000000000000 ) ) ;
#4289 = DIRECTION ( 'NONE',  ( -1.000000000000000000, -1.224606353822377258E-16, -0.000000000000000000 ) ) ;
#4290 = EDGE_CURVE ( 'NONE', #2768, #636, #4974, .T. ) ;
#4291 = AXIS2_PLACEMENT_3D ( 'NONE', #309, #1207, #4692 ) ;
#4292 = ORIENTED_EDGE ( 'NONE', *, *, #3673, .F. ) ;
#4293 = CIRCLE ( 'NONE', #4990, 8.000000000000005329 ) ;
#4294 = DIRECTION ( 'NONE',  ( 0.000000000000000000, -1.000000000000000000, 0.000000000000000000 ) ) ;
#4295 = ORIENTED_EDGE ( 'NONE', *, *, #3819, .T. ) ;
#4296 = COLOUR_RGB ( '',0.7764705882352941346, 0.7568627450980391913, 0.7372549019607843590 ) ;
#4297 = AXIS2_PLACEMENT_3D ( 'NONE', #5398, #199, #157 ) ;
#4298 = ORIENTED_EDGE ( 'NONE', *, *, #4532, .F. ) ;
#4299 = DIRECTION ( 'NONE',  ( 0.000000000000000000, -1.000000000000000000, 0.000000000000000000 ) ) ;
#4300 = DIRECTION ( 'NONE',  ( 0.000000000000000000, -1.000000000000000000, 0.000000000000000000 ) ) ;
#4301 = VECTOR ( 'NONE', #755, 999.9999999999998863 ) ;
#4302 = CARTESIAN_POINT ( 'NONE',  ( 88.00000000000000000, -6.898500000000000298, 0.000000000000000000 ) ) ;
#4303 = DIRECTION ( 'NONE',  ( 0.000000000000000000, -1.000000000000000000, 0.000000000000000000 ) ) ;
#4304 = ADVANCED_FACE ( 'NONE', ( #686 ), #2783, .T. ) ;
#4305 = CARTESIAN_POINT ( 'NONE',  ( 48.00000000000000000, 6.898500000000010957, 0.000000000000000000 ) ) ;
#4306 = EDGE_CURVE ( 'NONE', #5328, #1272, #3949, .T. ) ;
#4307 = CONICAL_SURFACE ( 'NONE', #832, 6.898500000000005627, 0.9599310885968754814 ) ;
#4308 = ORIENTED_EDGE ( 'NONE', *, *, #1663, .F. ) ;
#4309 = DIRECTION ( 'NONE',  ( -1.000000000000000000, -0.000000000000000000, -0.000000000000000000 ) ) ;
#4310 = DIRECTION ( 'NONE',  ( -1.000000000000000000, -1.224606353822377258E-16, -0.000000000000000000 ) ) ;
#4311 = FACE_OUTER_BOUND ( 'NONE', #268, .T. ) ;
#4312 = ORIENTED_EDGE ( 'NONE', *, *, #2480, .F. ) ;
#4313 = VERTEX_POINT ( 'NONE', #141 ) ;
#4314 = DIRECTION ( 'NONE',  ( -1.000000000000000000, -0.000000000000000000, -0.000000000000000000 ) ) ;
#4315 = EDGE_CURVE ( 'NONE', #4019, #83, #5039, .T. ) ;
#4316 = CARTESIAN_POINT ( 'NONE',  ( 66.00000000000000000, -6.898500000000000298, 9.122700168548426594E-16 ) ) ;
#4317 = CYLINDRICAL_SURFACE ( 'NONE', #5322, 7.999999999999618083 ) ;
#4318 = ORIENTED_EDGE ( 'NONE', *, *, #3994, .F. ) ;
#4319 = CARTESIAN_POINT ( 'NONE',  ( 72.00000000000001421, -6.898500000000000298, 0.000000000000000000 ) ) ;
#4320 = DIRECTION ( 'NONE',  ( -1.000000000000000000, -0.000000000000000000, -0.000000000000000000 ) ) ;
#4321 = EDGE_CURVE ( 'NONE', #4429, #3614, #4352, .T. ) ;
#4322 = LINE ( 'NONE', #4428, #5211 ) ;
#4323 = AXIS2_PLACEMENT_3D ( 'NONE', #3712, #1983, #2388 ) ;
#4324 = VERTEX_POINT ( 'NONE', #2343 ) ;
#4325 = CARTESIAN_POINT ( 'NONE',  ( 64.77127860333800413, -2.603857284811542873E-28, 8.000000000000005329 ) ) ;
#4326 = CARTESIAN_POINT ( 'NONE',  ( -31.74999999999995737, 0.000000000000000000, 7.999999999999618083 ) ) ;
#4327 = DIRECTION ( 'NONE',  ( -1.000000000000000000, -1.224606353822377258E-16, -0.000000000000000000 ) ) ;
#4328 = CARTESIAN_POINT ( 'NONE',  ( 67.22872139666199587, 9.797174393176315108E-16, -8.000000000000005329 ) ) ;
#4329 = CIRCLE ( 'NONE', #1472, 6.898500000000005627 ) ;
#4330 = ORIENTED_EDGE ( 'NONE', *, *, #661, .F. ) ;
#4331 = AXIS2_PLACEMENT_3D ( 'NONE', #2609, #3950, #2319 ) ;
#4332 = AXIS2_PLACEMENT_3D ( 'NONE', #246, #1592, #2392 ) ;
#4333 = CARTESIAN_POINT ( 'NONE',  ( 86.00000000000000000, -6.898500000000000298, 9.122700168548426594E-16 ) ) ;
#4334 = ADVANCED_FACE ( 'NONE', ( #5174 ), #2718, .T. ) ;
#4335 = ORIENTED_EDGE ( 'NONE', *, *, #3183, .F. ) ;
#4336 = CARTESIAN_POINT ( 'NONE',  ( 79.22872139666199587, 5.192786664806616592E-15, 0.000000000000000000 ) ) ;
#4337 = ORIENTED_EDGE ( 'NONE', *, *, #895, .F. ) ;
#4338 = AXIS2_PLACEMENT_3D ( 'NONE', #5445, #5070, #3762 ) ;
#4339 = CARTESIAN_POINT ( 'NONE',  ( 72.77127860333800413, 5.381689200449609928E-15, 0.000000000000000000 ) ) ;
#4340 = ORIENTED_EDGE ( 'NONE', *, *, #4571, .T. ) ;
#4341 = VERTEX_POINT ( 'NONE', #5356 ) ;
#4342 = EDGE_CURVE ( 'NONE', #2200, #366, #3885, .T. ) ;
#4343 = VERTEX_POINT ( 'NONE', #194 ) ;
#4344 = CONICAL_SURFACE ( 'NONE', #1139, 8.000000000000005329, 0.9599310885968797002 ) ;
#4345 = DIRECTION ( 'NONE',  ( -1.000000000000000000, -1.224606353822377258E-16, -0.000000000000000000 ) ) ;
#4346 = EDGE_LOOP ( 'NONE', ( #4528, #1604, #1319, #3169, #4113, #5038 ) ) ;
#4347 = TOROIDAL_SURFACE ( 'NONE', #588, 11.19999999999999929, 0.8000000000000000444 ) ;
#4348 = EDGE_CURVE ( 'NONE', #3952, #2930, #3742, .T. ) ;
#4349 = DIRECTION ( 'NONE',  ( 0.000000000000000000, 1.000000000000000000, 0.000000000000000000 ) ) ;
#4350 = ORIENTED_EDGE ( 'NONE', *, *, #790, .T. ) ;
#4351 = CARTESIAN_POINT ( 'NONE',  ( 80.77127860333798992, 8.000000000000008882, 0.000000000000000000 ) ) ;
#4352 = CIRCLE ( 'NONE', #4691, 8.000000000000005329 ) ;
#4353 = DIRECTION ( 'NONE',  ( -1.000000000000000000, -1.224606353822377258E-16, -0.000000000000000000 ) ) ;
#4354 = AXIS2_PLACEMENT_3D ( 'NONE', #898, #4751, #2146 ) ;
#4355 = EDGE_CURVE ( 'NONE', #5328, #4341, #5375, .T. ) ;
#4356 = EDGE_LOOP ( 'NONE', ( #232, #1109, #4440 ) ) ;
#4357 = CIRCLE ( 'NONE', #1859, 8.000000000000005329 ) ;
#4358 = CARTESIAN_POINT ( 'NONE',  ( 72.00000000000001421, 5.287237932628113655E-15, 0.000000000000000000 ) ) ;
#4359 = DIRECTION ( 'NONE',  ( -1.000000000000000000, -1.224606353822377258E-16, -0.000000000000000000 ) ) ;
#4360 = ADVANCED_FACE ( 'NONE', ( #4906 ), #5244, .T. ) ;
#4361 = ORIENTED_EDGE ( 'NONE', *, *, #834, .T. ) ;
#4362 = VECTOR ( 'NONE', #239, 1000.000000000000000 ) ;
#4363 = EDGE_CURVE ( 'NONE', #330, #1011, #3054, .T. ) ;
#4364 = CARTESIAN_POINT ( 'NONE',  ( 46.00000000000000000, 6.898500000000010957, 0.000000000000000000 ) ) ;
#4365 = AXIS2_PLACEMENT_3D ( 'NONE', #2433, #3304, #715 ) ;
#4366 = DIRECTION ( 'NONE',  ( -1.000000000000000000, -0.000000000000000000, -0.000000000000000000 ) ) ;
#4367 = DIRECTION ( 'NONE',  ( 0.000000000000000000, 1.000000000000000000, 0.000000000000000000 ) ) ;
#4368 = ORIENTED_EDGE ( 'NONE', *, *, #4062, .T. ) ;
#4369 = VECTOR ( 'NONE', #816, 1000.000000000000000 ) ;
#4370 = PRODUCT_DEFINITION_CONTEXT ( 'detailed design', #3204, 'design' ) ;
#4371 = ORIENTED_EDGE ( 'NONE', *, *, #4976, .F. ) ;
#4372 = AXIS2_PLACEMENT_3D ( 'NONE', #4908, #937, #143 ) ;
#4373 = EDGE_LOOP ( 'NONE', ( #5537, #2256, #3846, #4223, #259 ) ) ;
#4374 = LINE ( 'NONE', #3801, #508 ) ;
#4375 = CARTESIAN_POINT ( 'NONE',  ( 46.77127860333799703, 8.000000000000010658, 0.000000000000000000 ) ) ;
#4376 = DIRECTION ( 'NONE',  ( 0.000000000000000000, -1.000000000000000000, 0.000000000000000000 ) ) ;
#4377 = LINE ( 'NONE', #1620, #3212 ) ;
#4378 = VERTEX_POINT ( 'NONE', #1958 ) ;
#4379 = DIRECTION ( 'NONE',  ( -1.000000000000000000, -1.224606353822377258E-16, -0.000000000000000000 ) ) ;
#4380 = DIRECTION ( 'NONE',  ( 0.000000000000000000, 0.5000000000000011102, 0.8660254037844379305 ) ) ;
#4381 = EDGE_CURVE ( 'NONE', #5498, #2417, #423, .T. ) ;
#4382 = DIRECTION ( 'NONE',  ( -1.000000000000000000, -1.224606353822377258E-16, -0.000000000000000000 ) ) ;
#4383 = DIRECTION ( 'NONE',  ( -1.000000000000000000, -1.224606353822377258E-16, -0.000000000000000000 ) ) ;
#4384 = CIRCLE ( 'NONE', #3757, 8.000000000000005329 ) ;
#4385 = VERTEX_POINT ( 'NONE', #230 ) ;
#4386 = ORIENTED_EDGE ( 'NONE', *, *, #827, .F. ) ;
#4387 = DIRECTION ( 'NONE',  ( 0.000000000000000000, 0.000000000000000000, 1.000000000000000000 ) ) ;
#4388 = CARTESIAN_POINT ( 'NONE',  ( 70.77127860333800413, 9.797174393176222416E-16, -8.000000000000005329 ) ) ;
#4389 = CIRCLE ( 'NONE', #4556, 8.000000000000005329 ) ;
#4390 = EDGE_CURVE ( 'NONE', #2253, #3798, #4087, .T. ) ;
#4391 = ADVANCED_FACE ( 'NONE', ( #1573 ), #1910, .F. ) ;
#4392 = ORIENTED_EDGE ( 'NONE', *, *, #4723, .T. ) ;
#4393 = CARTESIAN_POINT ( 'NONE',  ( 43.22872139666199587, 9.797174393176315108E-16, -8.000000000000005329 ) ) ;
#4394 = FACE_OUTER_BOUND ( 'NONE', #4933, .T. ) ;
#4395 = ORIENTED_EDGE ( 'NONE', *, *, #325, .T. ) ;
#4396 = CARTESIAN_POINT ( 'NONE',  ( 80.77127860333798992, 5.381689200449609928E-15, 0.000000000000000000 ) ) ;
#4397 = DIRECTION ( 'NONE',  ( 0.000000000000000000, -1.000000000000000000, 0.000000000000000000 ) ) ;
#4398 = CARTESIAN_POINT ( 'NONE',  ( 64.00000000000000000, 5.287237932628113655E-15, 0.000000000000000000 ) ) ;
#4399 = EDGE_CURVE ( 'NONE', #2021, #3147, #76, .T. ) ;
#4400 = AXIS2_PLACEMENT_3D ( 'NONE', #687, #1601, #5485 ) ;
#4401 = AXIS2_PLACEMENT_3D ( 'NONE', #574, #1939, #3179 ) ;
#4402 = ORIENTED_EDGE ( 'NONE', *, *, #282, .T. ) ;
#4403 = DIRECTION ( 'NONE',  ( 0.000000000000000000, -1.000000000000000000, 0.000000000000000000 ) ) ;
#4404 = CONICAL_SURFACE ( 'NONE', #260, 6.898500000000005627, 0.9599310885968754814 ) ;
#4405 = ORIENTED_EDGE ( 'NONE', *, *, #4207, .F. ) ;
#4406 = DIRECTION ( 'NONE',  ( -1.000000000000000000, -1.224606353822377258E-16, -0.000000000000000000 ) ) ;
#4407 = DIRECTION ( 'NONE',  ( 1.000000000000000000, 0.000000000000000000, 0.000000000000000000 ) ) ;
#4408 = FACE_OUTER_BOUND ( 'NONE', #962, .T. ) ;
#4409 = CIRCLE ( 'NONE', #2578, 8.000000000000005329 ) ;
#4410 = ORIENTED_EDGE ( 'NONE', *, *, #3975, .F. ) ;
#4411 = PRODUCT_RELATED_PRODUCT_CATEGORY ( 'part', '', ( #2283 ) ) ;
#4412 = DIRECTION ( 'NONE',  ( -0.5735764363510507113, -0.8191520442889885789, 0.000000000000000000 ) ) ;
#4413 = DIRECTION ( 'NONE',  ( -1.000000000000000000, -1.224606353822377258E-16, -0.000000000000000000 ) ) ;
#4414 = ORIENTED_EDGE ( 'NONE', *, *, #5134, .F. ) ;
#4415 = CIRCLE ( 'NONE', #2362, 8.000000000000005329 ) ;
#4416 = DIRECTION ( 'NONE',  ( -1.000000000000000000, -1.224606353822377258E-16, -0.000000000000000000 ) ) ;
#4417 = CARTESIAN_POINT ( 'NONE',  ( 48.77127860333799703, 5.381689200449609928E-15, 0.000000000000000000 ) ) ;
#4418 = DIRECTION ( 'NONE',  ( 0.000000000000000000, -1.000000000000000000, 0.000000000000000000 ) ) ;
#4419 = ORIENTED_EDGE ( 'NONE', *, *, #3206, .F. ) ;
#4420 = CONICAL_SURFACE ( 'NONE', #3675, 6.898500000000005627, 0.9599310885968754814 ) ;
#4421 = ADVANCED_FACE ( 'NONE', ( #2036 ), #3315, .T. ) ;
#4422 = CARTESIAN_POINT ( 'NONE',  ( 76.77127860333800413, 5.381689200449609928E-15, 0.000000000000000000 ) ) ;
#4423 = DIRECTION ( 'NONE',  ( -1.000000000000000000, -0.000000000000000000, -0.000000000000000000 ) ) ;
#4424 = ORIENTED_EDGE ( 'NONE', *, *, #2444, .T. ) ;
#4425 = CIRCLE ( 'NONE', #1968, 8.000000000000005329 ) ;
#4426 = EDGE_CURVE ( 'NONE', #459, #1520, #5238, .T. ) ;
#4427 = DIRECTION ( 'NONE',  ( -1.000000000000000000, -0.000000000000000000, -0.000000000000000000 ) ) ;
#4428 = CARTESIAN_POINT ( 'NONE',  ( 0.000000000000000000, 8.164887506879688672, -2.255140518769849223E-14 ) ) ;
#4429 = VERTEX_POINT ( 'NONE', #1974 ) ;
#4430 = ORIENTED_EDGE ( 'NONE', *, *, #1414, .F. ) ;
#4431 = FACE_OUTER_BOUND ( 'NONE', #2241, .T. ) ;
#4432 = AXIS2_PLACEMENT_3D ( 'NONE', #658, #2855, #1527 ) ;
#4433 = EDGE_CURVE ( 'NONE', #210, #4138, #4902, .T. ) ;
#4434 = AXIS2_PLACEMENT_3D ( 'NONE', #2121, #2568, #1236 ) ;
#4435 = ORIENTED_EDGE ( 'NONE', *, *, #3622, .T. ) ;
#4436 = FILL_AREA_STYLE_COLOUR ( '', #2219 ) ;
#4437 = CARTESIAN_POINT ( 'NONE',  ( 62.00000000000000000, 6.898500000000010957, 8.448225943918022600E-16 ) ) ;
#4438 = CIRCLE ( 'NONE', #4323, 8.000000000000005329 ) ;
#4439 = ORIENTED_EDGE ( 'NONE', *, *, #909, .F. ) ;
#4440 = ORIENTED_EDGE ( 'NONE', *, *, #1588, .T. ) ;
#4441 = CIRCLE ( 'NONE', #181, 8.000000000000005329 ) ;
#4442 = AXIS2_PLACEMENT_3D ( 'NONE', #2184, #984, #3539 ) ;
#4443 = CARTESIAN_POINT ( 'NONE',  ( 52.77127860333799703, -8.000000000000001776, 9.797174393178835518E-16 ) ) ;
#4444 = AXIS2_PLACEMENT_3D ( 'NONE', #2624, #1727, #1746 ) ;
#4445 = DIRECTION ( 'NONE',  ( 0.000000000000000000, -0.4999999999999987232, 0.8660254037844392627 ) ) ;
#4446 = CARTESIAN_POINT ( 'NONE',  ( 62.77127860333800413, 5.381689200449609928E-15, 0.000000000000000000 ) ) ;
#4447 = ORIENTED_EDGE ( 'NONE', *, *, #3855, .F. ) ;
#4448 = LINE ( 'NONE', #2382, #4717 ) ;
#4449 = ORIENTED_EDGE ( 'NONE', *, *, #2141, .F. ) ;
#4450 = CARTESIAN_POINT ( 'NONE',  ( 78.00000000000000000, 5.287237932628113655E-15, 0.000000000000000000 ) ) ;
#4451 = ADVANCED_FACE ( 'NONE', ( #4210 ), #274, .T. ) ;
#4452 = DIRECTION ( 'NONE',  ( 0.000000000000000000, -1.000000000000000000, 0.000000000000000000 ) ) ;
#4453 = MECHANICAL_DESIGN_GEOMETRIC_PRESENTATION_REPRESENTATION (  '', ( #1145 ), #266 ) ;
#4454 = VECTOR ( 'NONE', #1748, 1000.000000000000000 ) ;
#4455 = ORIENTED_EDGE ( 'NONE', *, *, #3547, .T. ) ;
#4456 = ORIENTED_EDGE ( 'NONE', *, *, #3600, .T. ) ;
#4457 = DIRECTION ( 'NONE',  ( 0.000000000000000000, 0.000000000000000000, 1.000000000000000000 ) ) ;
#4458 = DIRECTION ( 'NONE',  ( 0.000000000000000000, -1.000000000000000000, 0.000000000000000000 ) ) ;
#4459 = DIRECTION ( 'NONE',  ( -1.000000000000000000, -1.224606353822377258E-16, -0.000000000000000000 ) ) ;
#4460 = VECTOR ( 'NONE', #4027, 1000.000000000000000 ) ;
#4461 = EDGE_LOOP ( 'NONE', ( #4238, #4439, #3943 ) ) ;
#4462 = ORIENTED_EDGE ( 'NONE', *, *, #4497, .F. ) ;
#4463 = DIRECTION ( 'NONE',  ( -1.000000000000000000, -1.224606353822377258E-16, -0.000000000000000000 ) ) ;
#4464 = EDGE_CURVE ( 'NONE', #3033, #2930, #3602, .T. ) ;
#4465 = DIRECTION ( 'NONE',  ( -1.000000000000000000, -1.224606353822377258E-16, -0.000000000000000000 ) ) ;
#4466 = CARTESIAN_POINT ( 'NONE',  ( 40.77127860333799703, 8.000000000000008882, 0.000000000000000000 ) ) ;
#4467 = VECTOR ( 'NONE', #4848, 999.9999999999998863 ) ;
#4468 = VERTEX_POINT ( 'NONE', #4555 ) ;
#4469 = DIRECTION ( 'NONE',  ( 1.000000000000000000, 1.224606353822377258E-16, 0.000000000000000000 ) ) ;
#4470 = EDGE_CURVE ( 'NONE', #5058, #5459, #888, .T. ) ;
#4471 = CIRCLE ( 'NONE', #4189, 8.000000000000005329 ) ;
#4472 = ORIENTED_EDGE ( 'NONE', *, *, #682, .T. ) ;
#4473 = DIRECTION ( 'NONE',  ( -1.000000000000000000, -0.000000000000000000, -0.000000000000000000 ) ) ;
#4474 = ORIENTED_EDGE ( 'NONE', *, *, #1789, .T. ) ;
#4475 = DIRECTION ( 'NONE',  ( 0.000000000000000000, -1.000000000000000000, 0.000000000000000000 ) ) ;
#4476 = UNCERTAINTY_MEASURE_WITH_UNIT (LENGTH_MEASURE( 1.000000000000000082E-05 ), #1313, 'distance_accuracy_value', 'NONE');
#4477 = CIRCLE ( 'NONE', #3229, 8.000000000000005329 ) ;
#4478 = ORIENTED_EDGE ( 'NONE', *, *, #1817, .F. ) ;
#4479 = EDGE_CURVE ( 'NONE', #1191, #872, #4615, .T. ) ;
#4480 = ADVANCED_FACE ( 'NONE', ( #3113 ), #4420, .T. ) ;
#4481 = AXIS2_PLACEMENT_3D ( 'NONE', #2508, #5588, #2529 ) ;
#4482 = CARTESIAN_POINT ( 'NONE',  ( 78.00000000000000000, 6.898500000000010957, 0.000000000000000000 ) ) ;
#4483 = DIRECTION ( 'NONE',  ( -1.000000000000000000, -0.000000000000000000, -0.000000000000000000 ) ) ;
#4484 = ORIENTED_EDGE ( 'NONE', *, *, #4982, .F. ) ;
#4485 = ORIENTED_EDGE ( 'NONE', *, *, #2096, .T. ) ;
#4486 = ORIENTED_EDGE ( 'NONE', *, *, #5160, .F. ) ;
#4487 = DIRECTION ( 'NONE',  ( -1.000000000000000000, -1.224606353822377258E-16, -0.000000000000000000 ) ) ;
#4488 = LINE ( 'NONE', #5430, #3310 ) ;
#4489 = CARTESIAN_POINT ( 'NONE',  ( 56.00000000000000000, 6.898500000000010957, 0.000000000000000000 ) ) ;
#4490 = CARTESIAN_POINT ( 'NONE',  ( 58.77127860333800413, 5.381689200449609928E-15, 0.000000000000000000 ) ) ;
#4491 = AXIS2_PLACEMENT_3D ( 'NONE', #1787, #1821, #509 ) ;
#4492 = ORIENTED_EDGE ( 'NONE', *, *, #1774, .F. ) ;
#4493 = CIRCLE ( 'NONE', #1535, 8.000000000000005329 ) ;
#4494 = ORIENTED_EDGE ( 'NONE', *, *, #3697, .T. ) ;
#4495 = VECTOR ( 'NONE', #4966, 1000.000000000000000 ) ;
#4496 = DIRECTION ( 'NONE',  ( -1.000000000000000000, -0.000000000000000000, -0.000000000000000000 ) ) ;
#4497 = EDGE_CURVE ( 'NONE', #4024, #2253, #4760, .T. ) ;
#4498 = CARTESIAN_POINT ( 'NONE',  ( 54.00000000000000000, -6.898500000000000298, 9.122700168548426594E-16 ) ) ;
#4499 = ORIENTED_EDGE ( 'NONE', *, *, #4913, .T. ) ;
#4500 = CIRCLE ( 'NONE', #326, 8.000000000000005329 ) ;
#4501 = DIRECTION ( 'NONE',  ( -1.000000000000000000, -1.224606353822377258E-16, -0.000000000000000000 ) ) ;
#4502 = EDGE_CURVE ( 'NONE', #739, #1449, #2169, .T. ) ;
#4503 = ORIENTED_EDGE ( 'NONE', *, *, #4956, .F. ) ;
#4504 = CONICAL_SURFACE ( 'NONE', #1060, 8.000000000000005329, 0.9599310885968797002 ) ;
#4505 = DIRECTION ( 'NONE',  ( 0.000000000000000000, -1.000000000000000000, 0.000000000000000000 ) ) ;
#4506 = ADVANCED_FACE ( 'NONE', ( #2111 ), #3737, .T. ) ;
#4507 = ORIENTED_EDGE ( 'NONE', *, *, #2689, .F. ) ;
#4508 = CARTESIAN_POINT ( 'NONE',  ( 0.8000000000000020428, 0.000000000000000000, 0.000000000000000000 ) ) ;
#4509 = SURFACE_STYLE_FILL_AREA ( #2939 ) ;
#4510 = EDGE_CURVE ( 'NONE', #130, #5507, #4081, .T. ) ;
#4511 = AXIS2_PLACEMENT_3D ( 'NONE', #1383, #118, #1399 ) ;
#4512 = DIRECTION ( 'NONE',  ( -1.000000000000000000, -1.224606353822377258E-16, -0.000000000000000000 ) ) ;
#4513 = VERTEX_POINT ( 'NONE', #2907 ) ;
#4514 = VERTEX_POINT ( 'NONE', #5087 ) ;
#4515 = CARTESIAN_POINT ( 'NONE',  ( 56.00000000000000000, 6.898500000000010957, 8.448225943918022600E-16 ) ) ;
#4516 = FACE_OUTER_BOUND ( 'NONE', #1454, .T. ) ;
#4517 = CARTESIAN_POINT ( 'NONE',  ( 60.00000000000000000, -6.898500000000000298, 9.122700168548426594E-16 ) ) ;
#4518 = DIRECTION ( 'NONE',  ( -1.000000000000000000, -0.000000000000000000, -0.000000000000000000 ) ) ;
#4519 = LINE ( 'NONE', #1547, #5001 ) ;
#4520 = AXIS2_PLACEMENT_3D ( 'NONE', #3136, #4501, #3605 ) ;
#4521 = VERTEX_POINT ( 'NONE', #2942 ) ;
#4522 = CARTESIAN_POINT ( 'NONE',  ( 44.00000000000000000, -6.898500000000000298, 0.000000000000000000 ) ) ;
#4523 = DIRECTION ( 'NONE',  ( 0.000000000000000000, 0.000000000000000000, 1.000000000000000000 ) ) ;
#4524 = VECTOR ( 'NONE', #2651, 999.9999999999998863 ) ;
#4525 = ORIENTED_EDGE ( 'NONE', *, *, #537, .F. ) ;
#4526 = ORIENTED_EDGE ( 'NONE', *, *, #5301, .F. ) ;
#4527 = CARTESIAN_POINT ( 'NONE',  ( 71.22872139666201008, 5.192786664806616592E-15, 0.000000000000000000 ) ) ;
#4528 = ORIENTED_EDGE ( 'NONE', *, *, #3697, .F. ) ;
#4529 = DIRECTION ( 'NONE',  ( 0.000000000000000000, -1.000000000000000000, 0.000000000000000000 ) ) ;
#4530 = ADVANCED_FACE ( 'NONE', ( #419 ), #2467, .T. ) ;
#4531 = CIRCLE ( 'NONE', #2828, 8.000000000000005329 ) ;
#4532 = EDGE_CURVE ( 'NONE', #1294, #3144, #2233, .T. ) ;
#4533 = ORIENTED_EDGE ( 'NONE', *, *, #5081, .F. ) ;
#4534 = CARTESIAN_POINT ( 'NONE',  ( -31.74999999999995737, 9.797174393178358257E-16, -7.999999999999618083 ) ) ;
#4535 = CONICAL_SURFACE ( 'NONE', #1138, 8.000000000000005329, 0.9599310885968797002 ) ;
#4536 = ORIENTED_EDGE ( 'NONE', *, *, #1497, .F. ) ;
#4537 = AXIS2_PLACEMENT_3D ( 'NONE', #4554, #2766, #1470 ) ;
#4538 = EDGE_CURVE ( 'NONE', #5173, #1036, #681, .T. ) ;
#4539 = AXIS2_PLACEMENT_3D ( 'NONE', #680, #3717, #4589 ) ;
#4540 = CIRCLE ( 'NONE', #1035, 6.898500000000005627 ) ;
#4541 = DIRECTION ( 'NONE',  ( 1.000000000000000000, 0.000000000000000000, 0.000000000000000000 ) ) ;
#4542 = ORIENTED_EDGE ( 'NONE', *, *, #308, .T. ) ;
#4543 = FACE_OUTER_BOUND ( 'NONE', #2969, .T. ) ;
#4544 = ORIENTED_EDGE ( 'NONE', *, *, #4174, .F. ) ;
#4545 = CARTESIAN_POINT ( 'NONE',  ( 40.00000000000000000, 6.898500000000010957, 0.000000000000000000 ) ) ;
#4546 =( NAMED_UNIT ( * ) PLANE_ANGLE_UNIT ( ) SI_UNIT ( $, .RADIAN. ) );
#4547 = DIRECTION ( 'NONE',  ( -1.000000000000000000, -1.224606353822377258E-16, -0.000000000000000000 ) ) ;
#4548 = EDGE_CURVE ( 'NONE', #2878, #5222, #3182, .T. ) ;
#4549 = ORIENTED_EDGE ( 'NONE', *, *, #3189, .F. ) ;
#4550 = VECTOR ( 'NONE', #2288, 1000.000000000000000 ) ;
#4551 = AXIS2_PLACEMENT_3D ( 'NONE', #5152, #408, #841 ) ;
#4552 = DIRECTION ( 'NONE',  ( 0.000000000000000000, -1.000000000000000000, 0.000000000000000000 ) ) ;
#4553 = ORIENTED_EDGE ( 'NONE', *, *, #3706, .F. ) ;
#4554 = CARTESIAN_POINT ( 'NONE',  ( 0.8000000000000020428, 0.000000000000000000, 11.19999999999999929 ) ) ;
#4555 = CARTESIAN_POINT ( 'NONE',  ( 42.77127860333799703, -2.603857284811542873E-28, 8.000000000000005329 ) ) ;
#4556 = AXIS2_PLACEMENT_3D ( 'NONE', #2091, #2531, #2512 ) ;
#4557 = ADVANCED_FACE ( 'NONE', ( #1843 ), #4017, .T. ) ;
#4558 = EDGE_LOOP ( 'NONE', ( #4246, #1102, #5319, #1356, #2580 ) ) ;
#4559 = FACE_OUTER_BOUND ( 'NONE', #586, .T. ) ;
#4560 = DIRECTION ( 'NONE',  ( 0.000000000000000000, 0.000000000000000000, 1.000000000000000000 ) ) ;
#4561 = DIRECTION ( 'NONE',  ( -1.000000000000000000, -1.224606353822377258E-16, -0.000000000000000000 ) ) ;
#4562 = ORIENTED_EDGE ( 'NONE', *, *, #3481, .T. ) ;
#4563 = CARTESIAN_POINT ( 'NONE',  ( 48.77127860333799703, -8.000000000000001776, 9.797174393178835518E-16 ) ) ;
#4564 = CIRCLE ( 'NONE', #2108, 8.000000000000005329 ) ;
#4565 = EDGE_CURVE ( 'NONE', #5570, #4343, #4493, .T. ) ;
#4566 = CARTESIAN_POINT ( 'NONE',  ( 62.77127860333800413, 5.381689200449609928E-15, 0.000000000000000000 ) ) ;
#4567 = DIRECTION ( 'NONE',  ( 0.000000000000000000, -0.5000000000000011102, -0.8660254037844379305 ) ) ;
#4568 = ORIENTED_EDGE ( 'NONE', *, *, #4234, .F. ) ;
#4569 = FACE_OUTER_BOUND ( 'NONE', #3390, .T. ) ;
#4570 = DIRECTION ( 'NONE',  ( -1.000000000000000000, -1.224606353822377258E-16, -0.000000000000000000 ) ) ;
#4571 = EDGE_CURVE ( 'NONE', #3552, #4324, #3047, .T. ) ;
#4572 = ORIENTED_EDGE ( 'NONE', *, *, #1059, .F. ) ;
#4573 = ORIENTED_EDGE ( 'NONE', *, *, #4174, .T. ) ;
#4574 = VECTOR ( 'NONE', #5408, 1000.000000000000000 ) ;
#4575 = DIRECTION ( 'NONE',  ( 1.000000000000000000, 1.224606353822377258E-16, 0.000000000000000000 ) ) ;
#4576 = CARTESIAN_POINT ( 'NONE',  ( 82.77127860333798992, 5.381689200449609928E-15, 0.000000000000000000 ) ) ;
#4577 = FACE_OUTER_BOUND ( 'NONE', #589, .T. ) ;
#4578 = EDGE_CURVE ( 'NONE', #3446, #1567, #5169, .T. ) ;
#4579 = ORIENTED_EDGE ( 'NONE', *, *, #2837, .T. ) ;
#4580 = AXIS2_PLACEMENT_3D ( 'NONE', #5040, #1548, #122 ) ;
#4581 = DIRECTION ( 'NONE',  ( 0.000000000000000000, 0.000000000000000000, -1.000000000000000000 ) ) ;
#4582 = CARTESIAN_POINT ( 'NONE',  ( 58.00000000000000000, 5.287237932628113655E-15, 0.000000000000000000 ) ) ;
#4583 = LINE ( 'NONE', #3230, #581 ) ;
#4584 = ADVANCED_FACE ( 'NONE', ( #5304 ), #744, .T. ) ;
#4585 = ORIENTED_EDGE ( 'NONE', *, *, #4433, .F. ) ;
#4586 = EDGE_LOOP ( 'NONE', ( #3786, #470, #5597, #4010, #1478 ) ) ;
#4587 = CARTESIAN_POINT ( 'NONE',  ( -31.74999999999995737, 0.000000000000000000, 7.999999999999618083 ) ) ;
#4588 = AXIS2_PLACEMENT_3D ( 'NONE', #2366, #4126, #5413 ) ;
#4589 = DIRECTION ( 'NONE',  ( 0.000000000000000000, -1.000000000000000000, 0.000000000000000000 ) ) ;
#4590 = DIRECTION ( 'NONE',  ( 0.000000000000000000, -1.000000000000000000, 0.000000000000000000 ) ) ;
#4591 = ORIENTED_EDGE ( 'NONE', *, *, #756, .T. ) ;
#4592 = CARTESIAN_POINT ( 'NONE',  ( 58.77127860333800413, 8.000000000000010658, 0.000000000000000000 ) ) ;
#4593 = LINE ( 'NONE', #1646, #52 ) ;
#4594 = ORIENTED_EDGE ( 'NONE', *, *, #1457, .T. ) ;
#4595 = EDGE_CURVE ( 'NONE', #4343, #1184, #1098, .T. ) ;
#4596 = CARTESIAN_POINT ( 'NONE',  ( 82.77127860333798992, 8.000000000000010658, 0.000000000000000000 ) ) ;
#4597 = VECTOR ( 'NONE', #5061, 1000.000000000000000 ) ;
#4598 = ORIENTED_EDGE ( 'NONE', *, *, #1266, .F. ) ;
#4599 = EDGE_CURVE ( 'NONE', #4738, #3867, #4279, .T. ) ;
#4600 = ORIENTED_EDGE ( 'NONE', *, *, #4976, .T. ) ;
#4601 = LINE ( 'NONE', #1194, #1959 ) ;
#4602 = EDGE_LOOP ( 'NONE', ( #3553, #5103, #3884, #1736, #4894 ) ) ;
#4603 = CARTESIAN_POINT ( 'NONE',  ( 68.77127860333798992, -8.000000000000000000, 9.797174393178833546E-16 ) ) ;
#4604 = DIRECTION ( 'NONE',  ( 0.000000000000000000, -1.000000000000000000, 0.000000000000000000 ) ) ;
#4605 = CARTESIAN_POINT ( 'NONE',  ( 44.77127860333800413, -2.603857284811542873E-28, 8.000000000000005329 ) ) ;
#4606 = CARTESIAN_POINT ( 'NONE',  ( 55.22872139666199587, 5.192786664806616592E-15, 0.000000000000000000 ) ) ;
#4607 = ORIENTED_EDGE ( 'NONE', *, *, #895, .T. ) ;
#4608 = ORIENTED_EDGE ( 'NONE', *, *, #3146, .T. ) ;
#4609 = ORIENTED_EDGE ( 'NONE', *, *, #4652, .F. ) ;
#4610 = EDGE_CURVE ( 'NONE', #5374, #905, #1907, .T. ) ;
#4611 = AXIS2_PLACEMENT_3D ( 'NONE', #2045, #2006, #5013 ) ;
#4612 = DIRECTION ( 'NONE',  ( 0.000000000000000000, -1.000000000000000000, 0.000000000000000000 ) ) ;
#4613 = DIRECTION ( 'NONE',  ( 0.000000000000000000, -1.000000000000000000, 0.000000000000000000 ) ) ;
#4614 = ORIENTED_EDGE ( 'NONE', *, *, #1287, .F. ) ;
#4615 = CIRCLE ( 'NONE', #5135, 6.898500000000005627 ) ;
#4616 = CARTESIAN_POINT ( 'NONE',  ( 76.77127860333800413, 9.797174393176222416E-16, -8.000000000000005329 ) ) ;
#4617 = DIRECTION ( 'NONE',  ( -1.000000000000000000, -1.224606353822377258E-16, -0.000000000000000000 ) ) ;
#4618 = AXIS2_PLACEMENT_3D ( 'NONE', #4282, #5179, #15 ) ;
#4619 = AXIS2_PLACEMENT_3D ( 'NONE', #1234, #4641, #814 ) ;
#4620 = ORIENTED_EDGE ( 'NONE', *, *, #4548, .T. ) ;
#4621 = LINE ( 'NONE', #935, #3458 ) ;
#4622 = CARTESIAN_POINT ( 'NONE',  ( 60.77127860333800413, 5.381689200449609928E-15, 0.000000000000000000 ) ) ;
#4623 = DIRECTION ( 'NONE',  ( -1.000000000000000000, -1.224606353822377258E-16, -0.000000000000000000 ) ) ;
#4624 = DIRECTION ( 'NONE',  ( 0.000000000000000000, -1.000000000000000000, 0.000000000000000000 ) ) ;
#4625 = CARTESIAN_POINT ( 'NONE',  ( 51.22872139666200297, 5.192786664806616592E-15, 0.000000000000000000 ) ) ;
#4626 = ORIENTED_EDGE ( 'NONE', *, *, #213, .F. ) ;
#4627 = FACE_OUTER_BOUND ( 'NONE', #4558, .T. ) ;
#4628 = AXIS2_PLACEMENT_3D ( 'NONE', #4248, #1923, #4107 ) ;
#4629 = CARTESIAN_POINT ( 'NONE',  ( 76.77127860333800413, 8.000000000000008882, 0.000000000000000000 ) ) ;
#4630 = ORIENTED_EDGE ( 'NONE', *, *, #5578, .T. ) ;
#4631 = DIRECTION ( 'NONE',  ( -0.000000000000000000, -0.5000000000000009992, -0.8660254037844380415 ) ) ;
#4632 = CIRCLE ( 'NONE', #5518, 8.000000000000005329 ) ;
#4633 = CARTESIAN_POINT ( 'NONE',  ( -31.74999999999995737, 0.000000000000000000, 7.999999999999618083 ) ) ;
#4634 = EDGE_CURVE ( 'NONE', #757, #4904, #5, .T. ) ;
#4635 = ORIENTED_EDGE ( 'NONE', *, *, #1881, .F. ) ;
#4636 = DIRECTION ( 'NONE',  ( -1.000000000000000000, -0.000000000000000000, -0.000000000000000000 ) ) ;
#4637 = VECTOR ( 'NONE', #776, 999.9999999999998863 ) ;
#4638 = ORIENTED_EDGE ( 'NONE', *, *, #4145, .T. ) ;
#4639 = ORIENTED_EDGE ( 'NONE', *, *, #1924, .F. ) ;
#4640 = DIRECTION ( 'NONE',  ( -0.5735764363510509334, 0.8191520442889884679, 1.003171929053520802E-16 ) ) ;
#4641 = DIRECTION ( 'NONE',  ( -1.000000000000000000, -1.224606353822377258E-16, -0.000000000000000000 ) ) ;
#4642 = CONICAL_SURFACE ( 'NONE', #3072, 8.000000000000005329, 0.9599310885968797002 ) ;
#4643 = AXIS2_PLACEMENT_3D ( 'NONE', #116, #4407, #1829 ) ;
#4644 = CARTESIAN_POINT ( 'NONE',  ( 44.77127860333800413, 8.000000000000010658, 0.000000000000000000 ) ) ;
#4645 = EDGE_CURVE ( 'NONE', #930, #4063, #1030, .T. ) ;
#4646 = CARTESIAN_POINT ( 'NONE',  ( 54.77127860333799703, 5.381689200449609928E-15, 0.000000000000000000 ) ) ;
#4647 = FACE_OUTER_BOUND ( 'NONE', #2935, .T. ) ;
#4648 = ORIENTED_EDGE ( 'NONE', *, *, #2334, .F. ) ;
#4649 = ORIENTED_EDGE ( 'NONE', *, *, #2822, .T. ) ;
#4650 = CARTESIAN_POINT ( 'NONE',  ( 44.77127860333800413, -8.000000000000000000, 9.797174393178833546E-16 ) ) ;
#4651 = DIRECTION ( 'NONE',  ( 0.000000000000000000, -1.000000000000000000, 0.000000000000000000 ) ) ;
#4652 = EDGE_CURVE ( 'NONE', #133, #3595, #5500, .T. ) ;
#4653 = VERTEX_POINT ( 'NONE', #3201 ) ;
#4654 = COLOUR_RGB ( '',0.7764705882352941346, 0.7568627450980391913, 0.7372549019607843590 ) ;
#4655 = AXIS2_PLACEMENT_3D ( 'NONE', #4625, #2028, #4158 ) ;
#4656 = ORIENTED_EDGE ( 'NONE', *, *, #2989, .F. ) ;
#4657 = ORIENTED_EDGE ( 'NONE', *, *, #276, .T. ) ;
#4658 = DIRECTION ( 'NONE',  ( -1.000000000000000000, -0.000000000000000000, -0.000000000000000000 ) ) ;
#4659 = DIRECTION ( 'NONE',  ( 0.000000000000000000, -1.000000000000000000, 0.000000000000000000 ) ) ;
#4660 = EDGE_LOOP ( 'NONE', ( #5464, #191, #3228, #5405, #2513 ) ) ;
#4661 = AXIS2_PLACEMENT_3D ( 'NONE', #960, #978, #3982 ) ;
#4662 = DIRECTION ( 'NONE',  ( -0.5735764363510507113, -0.8191520442889885789, 0.000000000000000000 ) ) ;
#4663 = DIRECTION ( 'NONE',  ( -1.000000000000000000, -1.224606353822377258E-16, -0.000000000000000000 ) ) ;
#4664 = CARTESIAN_POINT ( 'NONE',  ( 54.00000000000000000, 6.898500000000010957, 8.448225943918022600E-16 ) ) ;
#4665 = ORIENTED_EDGE ( 'NONE', *, *, #4860, .T. ) ;
#4666 = DIRECTION ( 'NONE',  ( 0.000000000000000000, 0.000000000000000000, 1.000000000000000000 ) ) ;
#4667 = CARTESIAN_POINT ( 'NONE',  ( -31.74999999999995737, 0.000000000000000000, 7.999999999999618083 ) ) ;
#4668 = ADVANCED_FACE ( 'NONE', ( #1973 ), #1442, .T. ) ;
#4669 = EDGE_LOOP ( 'NONE', ( #5217, #811, #2700, #2196, #4462 ) ) ;
#4670 = DIRECTION ( 'NONE',  ( -1.000000000000000000, -0.000000000000000000, -0.000000000000000000 ) ) ;
#4671 = LINE ( 'NONE', #1335, #5486 ) ;
#4672 = EDGE_CURVE ( 'NONE', #1231, #2849, #4150, .T. ) ;
#4673 = ORIENTED_EDGE ( 'NONE', *, *, #1782, .F. ) ;
#4674 = CIRCLE ( 'NONE', #5392, 6.898500000000005627 ) ;
#4675 = CARTESIAN_POINT ( 'NONE',  ( 78.77127860333798992, -2.603857284811542873E-28, 8.000000000000005329 ) ) ;
#4676 = ORIENTED_EDGE ( 'NONE', *, *, #1817, .T. ) ;
#4677 = FACE_OUTER_BOUND ( 'NONE', #349, .T. ) ;
#4678 = ORIENTED_EDGE ( 'NONE', *, *, #512, .T. ) ;
#4679 = EDGE_CURVE ( 'NONE', #4343, #3456, #1701, .T. ) ;
#4680 = CARTESIAN_POINT ( 'NONE',  ( 86.00000000000000000, 5.287237932628113655E-15, 0.000000000000000000 ) ) ;
#4681 = DIRECTION ( 'NONE',  ( 0.000000000000000000, 1.000000000000000000, 0.000000000000000000 ) ) ;
#4682 = EDGE_LOOP ( 'NONE', ( #2312, #3777, #2177, #4142, #1900 ) ) ;
#4683 = CARTESIAN_POINT ( 'NONE',  ( 40.77127860333799703, -8.000000000000001776, 9.797174393178835518E-16 ) ) ;
#4684 = FACE_OUTER_BOUND ( 'NONE', #2703, .T. ) ;
#4685 =( NAMED_UNIT ( * ) SI_UNIT ( $, .STERADIAN. ) SOLID_ANGLE_UNIT ( ) );
#4686 = DIRECTION ( 'NONE',  ( 0.000000000000000000, -1.000000000000000000, 0.000000000000000000 ) ) ;
#4687 = EDGE_CURVE ( 'NONE', #2031, #2200, #5035, .T. ) ;
#4688 = ORIENTED_EDGE ( 'NONE', *, *, #61, .F. ) ;
#4689 = CONICAL_SURFACE ( 'NONE', #990, 8.000000000000005329, 0.9599310885968797002 ) ;
#4690 = AXIS2_PLACEMENT_3D ( 'NONE', #2653, #2692, #3119 ) ;
#4691 = AXIS2_PLACEMENT_3D ( 'NONE', #4490, #1471, #2308 ) ;
#4692 = DIRECTION ( 'NONE',  ( 0.000000000000000000, 0.000000000000000000, 1.000000000000000000 ) ) ;
#4693 = CARTESIAN_POINT ( 'NONE',  ( 85.22872139666198166, -2.511412647480955552E-28, 8.000000000000005329 ) ) ;
#4694 = ORIENTED_EDGE ( 'NONE', *, *, #876, .T. ) ;
#4695 = CARTESIAN_POINT ( 'NONE',  ( 8.000000000000000000, 8.164887506879688672, -2.255140518769849223E-14 ) ) ;
#4696 = CIRCLE ( 'NONE', #2175, 11.19999999999999929 ) ;
#4697 = DIRECTION ( 'NONE',  ( 0.000000000000000000, 0.000000000000000000, 1.000000000000000000 ) ) ;
#4698 = AXIS2_PLACEMENT_3D ( 'NONE', #602, #3150, #4076 ) ;
#4699 = ADVANCED_FACE ( 'NONE', ( #2303 ), #4347, .T. ) ;
#4700 = AXIS2_PLACEMENT_3D ( 'NONE', #5196, #2588, #4300 ) ;
#4701 = VERTEX_POINT ( 'NONE', #2348 ) ;
#4702 = VECTOR ( 'NONE', #1784, 1000.000000000000000 ) ;
#4703 = CARTESIAN_POINT ( 'NONE',  ( 85.22872139666198166, 5.192786664806616592E-15, 0.000000000000000000 ) ) ;
#4704 = CARTESIAN_POINT ( 'NONE',  ( 88.00000000000000000, 6.898500000000010957, 0.000000000000000000 ) ) ;
#4705 = DIRECTION ( 'NONE',  ( -1.000000000000000000, -0.000000000000000000, -0.000000000000000000 ) ) ;
#4706 = ORIENTED_EDGE ( 'NONE', *, *, #3733, .F. ) ;
#4707 = DIRECTION ( 'NONE',  ( -0.5735764363510509334, 0.8191520442889884679, 1.003171929053520802E-16 ) ) ;
#4708 = VERTEX_POINT ( 'NONE', #1888 ) ;
#4709 = DIRECTION ( 'NONE',  ( -1.000000000000000000, -1.224606353822377258E-16, -0.000000000000000000 ) ) ;
#4710 = CIRCLE ( 'NONE', #3743, 0.8000000000000003775 ) ;
#4711 = ORIENTED_EDGE ( 'NONE', *, *, #61, .T. ) ;
#4712 = ORIENTED_EDGE ( 'NONE', *, *, #3183, .T. ) ;
#4713 = CIRCLE ( 'NONE', #3962, 8.000000000000005329 ) ;
#4714 = DIRECTION ( 'NONE',  ( 0.000000000000000000, -0.5000000000000011102, -0.8660254037844379305 ) ) ;
#4715 = EDGE_CURVE ( 'NONE', #750, #1220, #5567, .T. ) ;
#4716 = DIRECTION ( 'NONE',  ( -1.000000000000000000, -1.224606353822377258E-16, -0.000000000000000000 ) ) ;
#4717 = VECTOR ( 'NONE', #4631, 1000.000000000000000 ) ;
#4718 = EDGE_LOOP ( 'NONE', ( #51, #2007, #2182, #1436, #1481 ) ) ;
#4719 = ORIENTED_EDGE ( 'NONE', *, *, #1154, .F. ) ;
#4720 = AXIS2_PLACEMENT_3D ( 'NONE', #724, #3316, #600 ) ;
#4721 = DIRECTION ( 'NONE',  ( -1.000000000000000000, -0.000000000000000000, -0.000000000000000000 ) ) ;
#4722 = VECTOR ( 'NONE', #4423, 1000.000000000000000 ) ;
#4723 = EDGE_CURVE ( 'NONE', #2229, #4208, #5626, .T. ) ;
#4724 = ORIENTED_EDGE ( 'NONE', *, *, #713, .F. ) ;
#4725 = VERTEX_POINT ( 'NONE', #3667 ) ;
#4726 = ORIENTED_EDGE ( 'NONE', *, *, #3206, .T. ) ;
#4727 = AXIS2_PLACEMENT_3D ( 'NONE', #4398, #2227, #949 ) ;
#4728 = ORIENTED_EDGE ( 'NONE', *, *, #3556, .F. ) ;
#4729 = DIRECTION ( 'NONE',  ( -1.000000000000000000, -1.224606353822377258E-16, -0.000000000000000000 ) ) ;
#4730 = ORIENTED_EDGE ( 'NONE', *, *, #4381, .F. ) ;
#4731 = ORIENTED_EDGE ( 'NONE', *, *, #4212, .T. ) ;
#4732 = CARTESIAN_POINT ( 'NONE',  ( -31.74999999999995737, 9.797174393178358257E-16, -7.999999999999618083 ) ) ;
#4733 = AXIS2_PLACEMENT_3D ( 'NONE', #2511, #1242, #796 ) ;
#4734 =( GEOMETRIC_REPRESENTATION_CONTEXT ( 3 ) GLOBAL_UNCERTAINTY_ASSIGNED_CONTEXT ( ( #1455 ) ) GLOBAL_UNIT_ASSIGNED_CONTEXT ( ( #3687, #4546, #2775 ) ) REPRESENTATION_CONTEXT ( 'NONE', 'WORKASPACE' ) );
#4735 = CARTESIAN_POINT ( 'NONE',  ( 83.22872139666198166, 5.192786664806616592E-15, 0.000000000000000000 ) ) ;
#4736 = FACE_OUTER_BOUND ( 'NONE', #5206, .T. ) ;
#4737 = ADVANCED_FACE ( 'NONE', ( #3874 ), #1908, .F. ) ;
#4738 = VERTEX_POINT ( 'NONE', #4109 ) ;
#4739 = DIRECTION ( 'NONE',  ( 0.5735764363510474917, -0.8191520442889907994, 1.003171929053523514E-16 ) ) ;
#4740 = AXIS2_PLACEMENT_3D ( 'NONE', #717, #4196, #2871 ) ;
#4741 = LINE ( 'NONE', #2315, #3924 ) ;
#4742 = ORIENTED_EDGE ( 'NONE', *, *, #3808, .F. ) ;
#4743 = CARTESIAN_POINT ( 'NONE',  ( 10.00000000000000000, 1.053196247266677151E-15, 8.599999999999617728 ) ) ;
#4744 = DIRECTION ( 'NONE',  ( -1.000000000000000000, -1.224606353822377258E-16, -0.000000000000000000 ) ) ;
#4745 = CARTESIAN_POINT ( 'NONE',  ( 60.77127860333800413, 5.381689200449609928E-15, 0.000000000000000000 ) ) ;
#4746 = VECTOR ( 'NONE', #420, 1000.000000000000000 ) ;
#4747 = CARTESIAN_POINT ( 'NONE',  ( 82.77127860333798992, 5.381689200449609928E-15, 0.000000000000000000 ) ) ;
#4748 = LINE ( 'NONE', #5609, #1771 ) ;
#4749 = ORIENTED_EDGE ( 'NONE', *, *, #1856, .T. ) ;
#4750 = SURFACE_STYLE_USAGE ( .BOTH. , #2970 ) ;
#4751 = DIRECTION ( 'NONE',  ( -1.000000000000000000, -1.224606353822377258E-16, -0.000000000000000000 ) ) ;
#4752 = EDGE_CURVE ( 'NONE', #4513, #2432, #1162, .T. ) ;
#4753 = CARTESIAN_POINT ( 'NONE',  ( -31.74999999999995737, 0.000000000000000000, 0.000000000000000000 ) ) ;
#4754 = ORIENTED_EDGE ( 'NONE', *, *, #3888, .F. ) ;
#4755 = EDGE_LOOP ( 'NONE', ( #4544, #2875 ) ) ;
#4756 = LINE ( 'NONE', #2971, #2300 ) ;
#4757 = DIRECTION ( 'NONE',  ( -0.5735764363510509334, 0.8191520442889884679, 1.003171929053520802E-16 ) ) ;
#4758 = DIRECTION ( 'NONE',  ( -1.000000000000000000, -1.224606353822377258E-16, -0.000000000000000000 ) ) ;
#4759 = ORIENTED_EDGE ( 'NONE', *, *, #2054, .T. ) ;
#4760 = CIRCLE ( 'NONE', #371, 8.000000000000005329 ) ;
#4761 = EDGE_CURVE ( 'NONE', #3087, #4164, #3597, .T. ) ;
#4762 = DIRECTION ( 'NONE',  ( -1.000000000000000000, -1.224606353822377258E-16, -0.000000000000000000 ) ) ;
#4763 = CARTESIAN_POINT ( 'NONE',  ( 79.22872139666199587, 9.797174393176315108E-16, -8.000000000000005329 ) ) ;
#4764 = VERTEX_POINT ( 'NONE', #3594 ) ;
#4765 = VERTEX_POINT ( 'NONE', #2087 ) ;
#4766 = CIRCLE ( 'NONE', #4511, 6.898500000000005627 ) ;
#4767 = ADVANCED_FACE ( 'NONE', ( #5434 ), #2426, .T. ) ;
#4768 = DIRECTION ( 'NONE',  ( 0.5735764363510474917, -0.8191520442889907994, 1.003171929053523514E-16 ) ) ;
#4769 = EDGE_CURVE ( 'NONE', #3008, #433, #3944, .T. ) ;
#4770 = CARTESIAN_POINT ( 'NONE',  ( 62.77127860333800413, 5.381689200449609928E-15, 0.000000000000000000 ) ) ;
#4771 = AXIS2_PLACEMENT_3D ( 'NONE', #1197, #2088, #4225 ) ;
#4772 = ORIENTED_EDGE ( 'NONE', *, *, #1083, .F. ) ;
#4773 = VECTOR ( 'NONE', #3903, 1000.000000000000000 ) ;
#4774 = CARTESIAN_POINT ( 'NONE',  ( 77.22872139666199587, 5.192786664806616592E-15, 0.000000000000000000 ) ) ;
#4775 = CARTESIAN_POINT ( 'NONE',  ( 88.00000000000000000, 5.287237932628113655E-15, 0.000000000000000000 ) ) ;
#4776 = EDGE_LOOP ( 'NONE', ( #2481, #1989, #727, #4265, #491 ) ) ;
#4777 = DIRECTION ( 'NONE',  ( -1.000000000000000000, -1.224606353822377258E-16, -0.000000000000000000 ) ) ;
#4778 = AXIS2_PLACEMENT_3D ( 'NONE', #5420, #3406, #2898 ) ;
#4779 = CARTESIAN_POINT ( 'NONE',  ( 59.22872139666199587, 5.192786664806616592E-15, 0.000000000000000000 ) ) ;
#4780 = ORIENTED_EDGE ( 'NONE', *, *, #1228, .F. ) ;
#4781 = VECTOR ( 'NONE', #4782, 1000.000000000000114 ) ;
#4782 = DIRECTION ( 'NONE',  ( 0.5735764363510474917, -0.8191520442889907994, 1.003171929053523514E-16 ) ) ;
#4783 = ORIENTED_EDGE ( 'NONE', *, *, #1657, .T. ) ;
#4784 = DIRECTION ( 'NONE',  ( -1.000000000000000000, -1.224606353822377258E-16, -0.000000000000000000 ) ) ;
#4785 = EDGE_CURVE ( 'NONE', #673, #5298, #3383, .T. ) ;
#4786 = VERTEX_POINT ( 'NONE', #4 ) ;
#4787 = CIRCLE ( 'NONE', #5515, 7.999999999999618083 ) ;
#4788 = ORIENTED_EDGE ( 'NONE', *, *, #2342, .T. ) ;
#4789 = CONICAL_SURFACE ( 'NONE', #2869, 6.898500000000005627, 0.9599310885968754814 ) ;
#4790 = ORIENTED_EDGE ( 'NONE', *, *, #2852, .T. ) ;
#4791 = DIRECTION ( 'NONE',  ( -1.000000000000000000, -1.224606353822377258E-16, -0.000000000000000000 ) ) ;
#4792 = EDGE_CURVE ( 'NONE', #5575, #4910, #1564, .T. ) ;
#4793 = ADVANCED_FACE ( 'NONE', ( #3810 ), #4275, .T. ) ;
#4794 = CARTESIAN_POINT ( 'NONE',  ( 50.77127860333800413, -8.000000000000001776, 9.797174393178835518E-16 ) ) ;
#4795 = ORIENTED_EDGE ( 'NONE', *, *, #3285, .F. ) ;
#4796 = CARTESIAN_POINT ( 'NONE',  ( 51.22872139666200297, 8.000000000000012434, 9.797174393178835518E-16 ) ) ;
#4797 = DIRECTION ( 'NONE',  ( -0.5735764363510507113, -0.8191520442889885789, 0.000000000000000000 ) ) ;
#4798 = DIRECTION ( 'NONE',  ( 0.000000000000000000, -1.000000000000000000, 0.000000000000000000 ) ) ;
#4799 = EDGE_CURVE ( 'NONE', #5360, #1402, #2711, .T. ) ;
#4800 = CIRCLE ( 'NONE', #565, 8.000000000000005329 ) ;
#4801 = AXIS2_PLACEMENT_3D ( 'NONE', #4446, #3507, #3936 ) ;
#4802 = EDGE_LOOP ( 'NONE', ( #1429, #1122, #1806, #486, #295, #1767 ) ) ;
#4803 = DIRECTION ( 'NONE',  ( -0.5735764363510509334, 0.8191520442889884679, 1.003171929053520802E-16 ) ) ;
#4804 = CARTESIAN_POINT ( 'NONE',  ( 41.22872139666199587, 5.192786664806616592E-15, 0.000000000000000000 ) ) ;
#4805 = CARTESIAN_POINT ( 'NONE',  ( 88.00000000000000000, 6.898500000000010957, 8.448225943918022600E-16 ) ) ;
#4806 = CARTESIAN_POINT ( 'NONE',  ( 52.00000000000000711, -6.898500000000000298, 9.122700168548426594E-16 ) ) ;
#4807 = CIRCLE ( 'NONE', #5286, 8.000000000000005329 ) ;
#4808 = DIRECTION ( 'NONE',  ( 0.5735764363510472696, 0.8191520442889909104, 0.000000000000000000 ) ) ;
#4809 = ORIENTED_EDGE ( 'NONE', *, *, #1933, .F. ) ;
#4810 = AXIS2_PLACEMENT_3D ( 'NONE', #1, #3459, #2552 ) ;
#4811 = AXIS2_PLACEMENT_3D ( 'NONE', #1901, #4980, #4157 ) ;
#4812 = DIRECTION ( 'NONE',  ( -1.000000000000000000, -0.000000000000000000, -0.000000000000000000 ) ) ;
#4813 = CIRCLE ( 'NONE', #4810, 8.000000000000005329 ) ;
#4814 = CYLINDRICAL_SURFACE ( 'NONE', #4491, 7.999999999999618083 ) ;
#4815 = VERTEX_POINT ( 'NONE', #2593 ) ;
#4816 = CONICAL_SURFACE ( 'NONE', #729, 8.000000000000005329, 0.9599310885968797002 ) ;
#4817 = CONICAL_SURFACE ( 'NONE', #3260, 8.000000000000005329, 0.9599310885968797002 ) ;
#4818 = EDGE_LOOP ( 'NONE', ( #5188, #1084, #780, #612, #925 ) ) ;
#4819 = DIRECTION ( 'NONE',  ( -1.000000000000000000, -1.224606353822377258E-16, -0.000000000000000000 ) ) ;
#4820 = ADVANCED_FACE ( 'NONE', ( #4684 ), #1499, .T. ) ;
#4821 = CARTESIAN_POINT ( 'NONE',  ( 59.22872139666199587, -7.999999999999998224, 0.000000000000000000 ) ) ;
#4822 = ORIENTED_EDGE ( 'NONE', *, *, #4571, .F. ) ;
#4823 = CIRCLE ( 'NONE', #4551, 8.000000000000005329 ) ;
#4824 = DIRECTION ( 'NONE',  ( 1.000000000000000000, 0.000000000000000000, 0.000000000000000000 ) ) ;
#4825 = EDGE_CURVE ( 'NONE', #4164, #857, #5097, .T. ) ;
#4826 = CARTESIAN_POINT ( 'NONE',  ( -31.74999999999995737, 0.000000000000000000, 0.000000000000000000 ) ) ;
#4827 = ORIENTED_EDGE ( 'NONE', *, *, #505, .F. ) ;
#4828 = CARTESIAN_POINT ( 'NONE',  ( 70.00000000000000000, -6.898500000000000298, 0.000000000000000000 ) ) ;
#4829 = VECTOR ( 'NONE', #2655, 1000.000000000000000 ) ;
#4830 = CARTESIAN_POINT ( 'NONE',  ( 42.77127860333799703, -8.000000000000000000, 9.797174393178833546E-16 ) ) ;
#4831 = AXIS2_PLACEMENT_3D ( 'NONE', #2576, #2988, #880 ) ;
#4832 = EDGE_CURVE ( 'NONE', #4725, #4261, #2230, .T. ) ;
#4833 = ORIENTED_EDGE ( 'NONE', *, *, #2125, .F. ) ;
#4834 = CYLINDRICAL_SURFACE ( 'NONE', #514, 7.999999999999618083 ) ;
#4835 = AXIS2_PLACEMENT_3D ( 'NONE', #332, #5099, #2039 ) ;
#4836 = FILL_AREA_STYLE ('',( #4436 ) ) ;
#4837 = DIRECTION ( 'NONE',  ( -1.000000000000000000, -1.224606353822377258E-16, -0.000000000000000000 ) ) ;
#4838 = CARTESIAN_POINT ( 'NONE',  ( 8.000000000000000000, 6.123665630159771389, 3.535499999999991871 ) ) ;
#4839 = ORIENTED_EDGE ( 'NONE', *, *, #1083, .T. ) ;
#4840 = CIRCLE ( 'NONE', #5382, 8.000000000000005329 ) ;
#4841 = EDGE_CURVE ( 'NONE', #739, #2302, #2778, .T. ) ;
#4842 = CARTESIAN_POINT ( 'NONE',  ( 68.77127860333798992, 5.381689200449609928E-15, 0.000000000000000000 ) ) ;
#4843 = AXIS2_PLACEMENT_3D ( 'NONE', #78, #3951, #3567 ) ;
#4844 = DIRECTION ( 'NONE',  ( 0.000000000000000000, -1.000000000000000000, 0.000000000000000000 ) ) ;
#4845 = DIRECTION ( 'NONE',  ( 0.000000000000000000, -1.000000000000000000, 0.000000000000000000 ) ) ;
#4846 = ORIENTED_EDGE ( 'NONE', *, *, #220, .T. ) ;
#4847 = FACE_OUTER_BOUND ( 'NONE', #4718, .T. ) ;
#4848 = DIRECTION ( 'NONE',  ( -0.5735764363510509334, 0.8191520442889884679, 1.003171929053520802E-16 ) ) ;
#4849 = ADVANCED_FACE ( 'NONE', ( #955 ), #137, .T. ) ;
#4850 = DIRECTION ( 'NONE',  ( 0.000000000000000000, -1.000000000000000000, 0.000000000000000000 ) ) ;
#4851 = ORIENTED_EDGE ( 'NONE', *, *, #578, .T. ) ;
#4852 = AXIS2_PLACEMENT_3D ( 'NONE', #5226, #3972, #20 ) ;
#4853 = ORIENTED_EDGE ( 'NONE', *, *, #867, .T. ) ;
#4854 = CYLINDRICAL_SURFACE ( 'NONE', #5236, 7.999999999999618083 ) ;
#4855 = DIRECTION ( 'NONE',  ( 0.000000000000000000, 0.000000000000000000, 1.000000000000000000 ) ) ;
#4856 = CARTESIAN_POINT ( 'NONE',  ( 76.00000000000001421, -6.898500000000000298, 0.000000000000000000 ) ) ;
#4857 = VECTOR ( 'NONE', #3685, 1000.000000000000000 ) ;
#4858 = ORIENTED_EDGE ( 'NONE', *, *, #1643, .F. ) ;
#4859 = CARTESIAN_POINT ( 'NONE',  ( 76.77127860333800413, 8.000000000000010658, 0.000000000000000000 ) ) ;
#4860 = EDGE_CURVE ( 'NONE', #712, #3127, #3664, .T. ) ;
#4861 = VERTEX_POINT ( 'NONE', #5612 ) ;
#4862 = DIRECTION ( 'NONE',  ( -0.5735764363510509334, 0.8191520442889884679, 1.003171929053520802E-16 ) ) ;
#4863 = CONICAL_SURFACE ( 'NONE', #1371, 8.000000000000005329, 0.9599310885968797002 ) ;
#4864 = ORIENTED_EDGE ( 'NONE', *, *, #4390, .T. ) ;
#4865 = ORIENTED_EDGE ( 'NONE', *, *, #2010, .F. ) ;
#4866 = ORIENTED_EDGE ( 'NONE', *, *, #4752, .F. ) ;
#4867 = DIRECTION ( 'NONE',  ( -1.000000000000000000, -1.224606353822377258E-16, -0.000000000000000000 ) ) ;
#4868 = DIRECTION ( 'NONE',  ( -1.000000000000000000, -1.224606353822377258E-16, -0.000000000000000000 ) ) ;
#4869 = DIRECTION ( 'NONE',  ( 0.000000000000000000, -1.000000000000000000, 0.000000000000000000 ) ) ;
#4870 = FACE_OUTER_BOUND ( 'NONE', #2005, .T. ) ;
#4871 = EDGE_CURVE ( 'NONE', #3144, #2749, #2367, .T. ) ;
#4872 = ORIENTED_EDGE ( 'NONE', *, *, #5376, .F. ) ;
#4873 = CARTESIAN_POINT ( 'NONE',  ( 48.77127860333799703, 8.000000000000008882, 0.000000000000000000 ) ) ;
#4874 = VECTOR ( 'NONE', #652, 1000.000000000000114 ) ;
#4875 = ORIENTED_EDGE ( 'NONE', *, *, #5057, .T. ) ;
#4876 = DIRECTION ( 'NONE',  ( -0.5735764363510507113, -0.8191520442889885789, 0.000000000000000000 ) ) ;
#4877 = EDGE_CURVE ( 'NONE', #2404, #4024, #4823, .T. ) ;
#4878 = CARTESIAN_POINT ( 'NONE',  ( 68.77127860333798992, 5.381689200449609928E-15, 0.000000000000000000 ) ) ;
#4879 = ADVANCED_FACE ( 'NONE', ( #1970 ), #2105, .T. ) ;
#4880 = AXIS2_PLACEMENT_3D ( 'NONE', #434, #4758, #1275 ) ;
#4881 = CARTESIAN_POINT ( 'NONE',  ( 86.77127860333800413, 8.000000000000010658, 0.000000000000000000 ) ) ;
#4882 = CYLINDRICAL_SURFACE ( 'NONE', #3490, 7.999999999999618083 ) ;
#4883 = ORIENTED_EDGE ( 'NONE', *, *, #4532, .T. ) ;
#4884 = CARTESIAN_POINT ( 'NONE',  ( 78.77127860333798992, -8.000000000000000000, 9.797174393178833546E-16 ) ) ;
#4885 = DIRECTION ( 'NONE',  ( 0.000000000000000000, -1.000000000000000000, 0.000000000000000000 ) ) ;
#4886 = CARTESIAN_POINT ( 'NONE',  ( -31.74999999999995737, 0.000000000000000000, 0.000000000000000000 ) ) ;
#4888 = DIRECTION ( 'NONE',  ( 1.000000000000000000, 1.224606353822377258E-16, 0.000000000000000000 ) ) ;
#4887 = CIRCLE ( 'NONE', #5209, 8.000000000000005329 ) ;
#4889 = AXIS2_PLACEMENT_3D ( 'NONE', #3199, #234, #2378 ) ;
#4890 = LINE ( 'NONE', #3604, #2225 ) ;
#4891 = VERTEX_POINT ( 'NONE', #1288 ) ;
#4892 = CARTESIAN_POINT ( 'NONE',  ( 8.000000000000000000, 8.262730293054363726E-15, 7.070999999999988184 ) ) ;
#4893 = CARTESIAN_POINT ( 'NONE',  ( 56.77127860333799703, 5.381689200449609928E-15, 0.000000000000000000 ) ) ;
#4894 = ORIENTED_EDGE ( 'NONE', *, *, #2027, .F. ) ;
#4895 = ORIENTED_EDGE ( 'NONE', *, *, #1350, .F. ) ;
#4896 = VECTOR ( 'NONE', #859, 1000.000000000000227 ) ;
#4897 = CARTESIAN_POINT ( 'NONE',  ( 83.22872139666198166, 9.797174393176315108E-16, -8.000000000000005329 ) ) ;
#4898 = DIRECTION ( 'NONE',  ( 1.000000000000000000, 1.224606353822377258E-16, 0.000000000000000000 ) ) ;
#4899 = EDGE_CURVE ( 'NONE', #1310, #70, #4756, .T. ) ;
#4900 = DIRECTION ( 'NONE',  ( -0.5000000000000042188, 1.060575238724903710E-16, -0.8660254037844361541 ) ) ;
#4901 = VERTEX_POINT ( 'NONE', #2575 ) ;
#4902 = CIRCLE ( 'NONE', #3977, 8.000000000000005329 ) ;
#4903 = DIRECTION ( 'NONE',  ( -1.000000000000000000, 0.000000000000000000, 0.000000000000000000 ) ) ;
#4904 = VERTEX_POINT ( 'NONE', #798 ) ;
#4905 = CARTESIAN_POINT ( 'NONE',  ( 83.22872139666198166, 5.192786664806616592E-15, 0.000000000000000000 ) ) ;
#4906 = FACE_OUTER_BOUND ( 'NONE', #1558, .T. ) ;
#4907 = EDGE_CURVE ( 'NONE', #4378, #203, #1634, .T. ) ;
#4908 = CARTESIAN_POINT ( 'NONE',  ( 66.00000000000000000, 5.287237932628113655E-15, 0.000000000000000000 ) ) ;
#4909 = ADVANCED_FACE ( 'NONE', ( #1838 ), #71, .T. ) ;
#4910 = VERTEX_POINT ( 'NONE', #3526 ) ;
#4911 = VECTOR ( 'NONE', #1835, 1000.000000000000114 ) ;
#4912 = DIRECTION ( 'NONE',  ( -1.000000000000000000, -0.000000000000000000, -0.000000000000000000 ) ) ;
#4913 = EDGE_CURVE ( 'NONE', #2417, #5023, #2502, .T. ) ;
#4914 = AXIS2_PLACEMENT_3D ( 'NONE', #4745, #2962, #2064 ) ;
#4915 = VERTEX_POINT ( 'NONE', #3482 ) ;
#4916 = LINE ( 'NONE', #2079, #4030 ) ;
#4917 = DIRECTION ( 'NONE',  ( 0.000000000000000000, -1.000000000000000000, 0.000000000000000000 ) ) ;
#4918 = DIRECTION ( 'NONE',  ( 0.5735764363510474917, -0.8191520442889907994, 1.003171929053523514E-16 ) ) ;
#4919 = ORIENTED_EDGE ( 'NONE', *, *, #2559, .F. ) ;
#4920 = FACE_OUTER_BOUND ( 'NONE', #2455, .T. ) ;
#4921 = AXIS2_PLACEMENT_3D ( 'NONE', #819, #3860, #1752 ) ;
#4922 = CARTESIAN_POINT ( 'NONE',  ( 53.22872139666199587, 5.192786664806616592E-15, 0.000000000000000000 ) ) ;
#4923 = AXIS2_PLACEMENT_3D ( 'NONE', #2740, #1452, #1501 ) ;
#4924 = CARTESIAN_POINT ( 'NONE',  ( 64.77127860333800413, -8.000000000000000000, 9.797174393178833546E-16 ) ) ;
#4925 = ORIENTED_EDGE ( 'NONE', *, *, #3131, .T. ) ;
#4926 = EDGE_LOOP ( 'NONE', ( #3366, #5365, #4172, #4719 ) ) ;
#4927 = LINE ( 'NONE', #346, #2737 ) ;
#4928 = ORIENTED_EDGE ( 'NONE', *, *, #4112, .T. ) ;
#4929 = CARTESIAN_POINT ( 'NONE',  ( 50.77127860333800413, 8.000000000000008882, 0.000000000000000000 ) ) ;
#4930 = AXIS2_PLACEMENT_3D ( 'NONE', #4228, #778, #3080 ) ;
#4931 = DIRECTION ( 'NONE',  ( -1.000000000000000000, -1.224606353822377258E-16, -0.000000000000000000 ) ) ;
#4932 = FACE_OUTER_BOUND ( 'NONE', #5096, .T. ) ;
#4933 = EDGE_LOOP ( 'NONE', ( #4318, #3217, #2738, #2509, #1815 ) ) ;
#4934 = CARTESIAN_POINT ( 'NONE',  ( 69.22872139666199587, 5.192786664806616592E-15, 0.000000000000000000 ) ) ;
#4935 = VERTEX_POINT ( 'NONE', #4443 ) ;
#4936 = ADVANCED_FACE ( 'NONE', ( #3109 ), #3731, .T. ) ;
#4937 = VERTEX_POINT ( 'NONE', #1847 ) ;
#4938 = CARTESIAN_POINT ( 'NONE',  ( 44.77127860333800413, 5.381689200449609928E-15, 0.000000000000000000 ) ) ;
#4939 = EDGE_CURVE ( 'NONE', #4261, #379, #2835, .T. ) ;
#4940 = DIRECTION ( 'NONE',  ( -1.000000000000000000, -1.224606353822377258E-16, -0.000000000000000000 ) ) ;
#4941 = CARTESIAN_POINT ( 'NONE',  ( 43.22872139666199587, 5.192786664806616592E-15, 0.000000000000000000 ) ) ;
#4942 = DIRECTION ( 'NONE',  ( 0.000000000000000000, -1.000000000000000000, 0.000000000000000000 ) ) ;
#4943 = ORIENTED_EDGE ( 'NONE', *, *, #3106, .F. ) ;
#4944 = PRESENTATION_STYLE_ASSIGNMENT (( #2746 ) ) ;
#4945 = VERTEX_POINT ( 'NONE', #1361 ) ;
#4946 = AXIS2_PLACEMENT_3D ( 'NONE', #704, #2805, #3238 ) ;
#4947 = DIRECTION ( 'NONE',  ( -1.000000000000000000, -0.000000000000000000, -0.000000000000000000 ) ) ;
#4948 = EDGE_CURVE ( 'NONE', #905, #3325, #3527, .T. ) ;
#4949 = FACE_OUTER_BOUND ( 'NONE', #267, .T. ) ;
#4950 = AXIS2_PLACEMENT_3D ( 'NONE', #694, #4977, #1951 ) ;
#4951 = EDGE_LOOP ( 'NONE', ( #3782, #247, #3108, #2062, #48 ) ) ;
#4952 = CIRCLE ( 'NONE', #1248, 8.000000000000005329 ) ;
#4953 = CARTESIAN_POINT ( 'NONE',  ( 77.22872139666199587, 9.797174393176315108E-16, -8.000000000000005329 ) ) ;
#4954 = APPLICATION_PROTOCOL_DEFINITION ( 'draft international standard', 'automotive_design', 1998, #3633 ) ;
#4955 = ORIENTED_EDGE ( 'NONE', *, *, #5443, .F. ) ;
#4956 = EDGE_CURVE ( 'NONE', #5222, #3746, #5562, .T. ) ;
#4957 = EDGE_LOOP ( 'NONE', ( #2163, #1148, #1926, #4204, #444 ) ) ;
#4958 = AXIS2_PLACEMENT_3D ( 'NONE', #4527, #5399, #201 ) ;
#4959 = PLANE ( 'NONE',  #1898 ) ;
#4960 = CONICAL_SURFACE ( 'NONE', #261, 6.898500000000005627, 0.9599310885968754814 ) ;
#4961 = ORIENTED_EDGE ( 'NONE', *, *, #4180, .T. ) ;
#4962 = CIRCLE ( 'NONE', #3530, 8.000000000000005329 ) ;
#4963 = ORIENTED_EDGE ( 'NONE', *, *, #5009, .T. ) ;
#4964 = DIRECTION ( 'NONE',  ( 0.000000000000000000, -1.000000000000000000, 0.000000000000000000 ) ) ;
#4965 = DIRECTION ( 'NONE',  ( 0.000000000000000000, 0.000000000000000000, 1.000000000000000000 ) ) ;
#4966 = DIRECTION ( 'NONE',  ( 0.5735764363510472696, 0.8191520442889909104, 0.000000000000000000 ) ) ;
#4967 = PRESENTATION_LAYER_ASSIGNMENT (  '', '', ( #1865 ) ) ;
#4968 = ORIENTED_EDGE ( 'NONE', *, *, #1014, .T. ) ;
#4969 = CARTESIAN_POINT ( 'NONE',  ( 0.000000000000000000, 0.000000000000000000, 0.000000000000000000 ) ) ;
#4970 = CIRCLE ( 'NONE', #3570, 8.000000000000005329 ) ;
#4971 = ADVANCED_FACE ( 'NONE', ( #2569 ), #270, .T. ) ;
#4972 = CARTESIAN_POINT ( 'NONE',  ( -31.74999999999995737, 0.000000000000000000, 0.000000000000000000 ) ) ;
#4973 = ORIENTED_EDGE ( 'NONE', *, *, #5331, .F. ) ;
#4974 = LINE ( 'NONE', #4522, #3669 ) ;
#4975 = DIRECTION ( 'NONE',  ( -1.000000000000000000, -0.000000000000000000, -0.000000000000000000 ) ) ;
#4976 = EDGE_CURVE ( 'NONE', #5357, #3494, #1437, .T. ) ;
#4977 = DIRECTION ( 'NONE',  ( -1.000000000000000000, -1.224606353822377258E-16, -0.000000000000000000 ) ) ;
#4978 = ORIENTED_EDGE ( 'NONE', *, *, #1657, .F. ) ;
#4979 = CARTESIAN_POINT ( 'NONE',  ( 8.000000000000000000, 8.164887506879688672, -2.255140518769849223E-14 ) ) ;
#4980 = DIRECTION ( 'NONE',  ( -1.000000000000000000, -0.000000000000000000, -0.000000000000000000 ) ) ;
#4981 = CARTESIAN_POINT ( 'NONE',  ( 45.22872139666199587, 5.192786664806616592E-15, 0.000000000000000000 ) ) ;
#4982 = EDGE_CURVE ( 'NONE', #5507, #4257, #2976, .T. ) ;
#4983 = DIRECTION ( 'NONE',  ( 0.5735764363510472696, 0.8191520442889909104, 0.000000000000000000 ) ) ;
#4984 = ORIENTED_EDGE ( 'NONE', *, *, #3464, .F. ) ;
#4985 = CARTESIAN_POINT ( 'NONE',  ( 86.00000000000000000, 5.287237932628113655E-15, 0.000000000000000000 ) ) ;
#4986 = VERTEX_POINT ( 'NONE', #2245 ) ;
#4987 = VECTOR ( 'NONE', #2171, 999.9999999999998863 ) ;
#4988 = DIRECTION ( 'NONE',  ( 0.5735764363510472696, 0.8191520442889909104, 0.000000000000000000 ) ) ;
#4989 = EDGE_CURVE ( 'NONE', #387, #5536, #4970, .T. ) ;
#4990 = AXIS2_PLACEMENT_3D ( 'NONE', #4336, #5175, #4277 ) ;
#4991 = ORIENTED_EDGE ( 'NONE', *, *, #3189, .T. ) ;
#4992 = ORIENTED_EDGE ( 'NONE', *, *, #2672, .F. ) ;
#4993 = CIRCLE ( 'NONE', #3249, 8.000000000000005329 ) ;
#4994 = ADVANCED_FACE ( 'NONE', ( #1373 ), #1093, .T. ) ;
#4995 = AXIS2_PLACEMENT_3D ( 'NONE', #1761, #4791, #2181 ) ;
#4996 = CIRCLE ( 'NONE', #2647, 6.898500000000005627 ) ;
#4997 = AXIS2_PLACEMENT_3D ( 'NONE', #3754, #1106, #1576 ) ;
#4998 = EDGE_LOOP ( 'NONE', ( #5555, #2226, #721, #1483, #1029 ) ) ;
#4999 = CARTESIAN_POINT ( 'NONE',  ( -31.74999999999995737, 0.000000000000000000, 0.000000000000000000 ) ) ;
#5000 = DIRECTION ( 'NONE',  ( 1.000000000000000000, 1.224606353822377258E-16, 0.000000000000000000 ) ) ;
#5001 = VECTOR ( 'NONE', #3202, 1000.000000000000000 ) ;
#5002 = VERTEX_POINT ( 'NONE', #4364 ) ;
#5003 = EDGE_LOOP ( 'NONE', ( #838, #887, #36, #4783, #1411 ) ) ;
#5004 = CIRCLE ( 'NONE', #2120, 6.898500000000000298 ) ;
#5005 = VERTEX_POINT ( 'NONE', #1776 ) ;
#5006 = DIRECTION ( 'NONE',  ( -1.000000000000000000, -1.224606353822377258E-16, -0.000000000000000000 ) ) ;
#5007 = DIRECTION ( 'NONE',  ( -1.000000000000000000, -0.000000000000000000, -0.000000000000000000 ) ) ;
#5008 = CONICAL_SURFACE ( 'NONE', #5102, 6.898500000000005627, 0.9599310885968754814 ) ;
#5009 = EDGE_CURVE ( 'NONE', #3952, #4155, #2642, .T. ) ;
#5010 = ORIENTED_EDGE ( 'NONE', *, *, #4321, .F. ) ;
#5011 = DIRECTION ( 'NONE',  ( -1.000000000000000000, -1.224606353822377258E-16, -0.000000000000000000 ) ) ;
#5012 = CARTESIAN_POINT ( 'NONE',  ( 76.77127860333800413, 5.381689200449609928E-15, 0.000000000000000000 ) ) ;
#5013 = DIRECTION ( 'NONE',  ( 0.000000000000000000, -1.000000000000000000, 0.000000000000000000 ) ) ;
#5014 = CARTESIAN_POINT ( 'NONE',  ( 64.00000000000000000, 5.287237932628113655E-15, 0.000000000000000000 ) ) ;
#5015 = CIRCLE ( 'NONE', #5176, 7.999999999999618083 ) ;
#5016 = ORIENTED_EDGE ( 'NONE', *, *, #3020, .T. ) ;
#5017 = DIRECTION ( 'NONE',  ( 0.000000000000000000, 1.000000000000000000, 0.000000000000000000 ) ) ;
#5018 = EDGE_CURVE ( 'NONE', #5345, #2173, #341, .T. ) ;
#5019 = AXIS2_PLACEMENT_3D ( 'NONE', #2606, #5197, #3497 ) ;
#5020 = CIRCLE ( 'NONE', #3158, 6.898500000000005627 ) ;
#5021 = LINE ( 'NONE', #4881, #2702 ) ;
#5022 = DIRECTION ( 'NONE',  ( 0.000000000000000000, -1.000000000000000000, 0.000000000000000000 ) ) ;
#5023 = VERTEX_POINT ( 'NONE', #3545 ) ;
#5024 = CARTESIAN_POINT ( 'NONE',  ( 63.22872139666199587, 5.192786664806616592E-15, 0.000000000000000000 ) ) ;
#5025 = CARTESIAN_POINT ( 'NONE',  ( 83.22872139666198166, 5.192786664806616592E-15, 0.000000000000000000 ) ) ;
#5026 = CARTESIAN_POINT ( 'NONE',  ( 49.22872139666199587, 5.192786664806616592E-15, 0.000000000000000000 ) ) ;
#5027 = AXIS2_PLACEMENT_3D ( 'NONE', #480, #1844, #3502 ) ;
#5028 = ORIENTED_EDGE ( 'NONE', *, *, #979, .T. ) ;
#5029 = LINE ( 'NONE', #2764, #4550 ) ;
#5030 = AXIS2_PLACEMENT_3D ( 'NONE', #4941, #3211, #1935 ) ;
#5031 = DIRECTION ( 'NONE',  ( -1.000000000000000000, -0.000000000000000000, -0.000000000000000000 ) ) ;
#5032 = DIRECTION ( 'NONE',  ( 0.000000000000000000, -1.000000000000000000, 0.000000000000000000 ) ) ;
#5033 = ORIENTED_EDGE ( 'NONE', *, *, #5438, .F. ) ;
#5034 = CARTESIAN_POINT ( 'NONE',  ( -31.74999999999995737, 0.000000000000000000, 7.999999999999618083 ) ) ;
#5035 = CIRCLE ( 'NONE', #292, 8.000000000000005329 ) ;
#5036 = CARTESIAN_POINT ( 'NONE',  ( 86.77127860333800413, 5.381689200449609928E-15, 0.000000000000000000 ) ) ;
#5037 = AXIS2_PLACEMENT_3D ( 'NONE', #3420, #1261, #5129 ) ;
#5038 = ORIENTED_EDGE ( 'NONE', *, *, #3929, .F. ) ;
#5039 = LINE ( 'NONE', #5337, #4495 ) ;
#5040 = CARTESIAN_POINT ( 'NONE',  ( 71.22872139666201008, 5.192786664806616592E-15, 0.000000000000000000 ) ) ;
#5041 = EDGE_LOOP ( 'NONE', ( #1800, #5223, #3185, #2338, #4169, #2978 ) ) ;
#5042 = DIRECTION ( 'NONE',  ( 0.000000000000000000, -1.000000000000000000, 0.000000000000000000 ) ) ;
#5043 = CIRCLE ( 'NONE', #1393, 8.000000000000005329 ) ;
#5044 = EDGE_CURVE ( 'NONE', #928, #5570, #5029, .T. ) ;
#5045 = ADVANCED_FACE ( 'NONE', ( #3447 ), #545, .T. ) ;
#5046 = ORIENTED_EDGE ( 'NONE', *, *, #4470, .F. ) ;
#5047 = CONICAL_SURFACE ( 'NONE', #943, 6.898500000000005627, 0.9599310885968754814 ) ;
#5048 = DIRECTION ( 'NONE',  ( 0.000000000000000000, 0.000000000000000000, 1.000000000000000000 ) ) ;
#5049 = CARTESIAN_POINT ( 'NONE',  ( 0.000000000000000000, -4.082443753439832790, 7.070999999999992625 ) ) ;
#5050 = EDGE_CURVE ( 'NONE', #928, #905, #677, .T. ) ;
#5051 = CARTESIAN_POINT ( 'NONE',  ( -31.74999999999995737, 9.797174393178358257E-16, -7.999999999999618083 ) ) ;
#5052 = ORIENTED_EDGE ( 'NONE', *, *, #3955, .F. ) ;
#5053 = DIRECTION ( 'NONE',  ( -1.000000000000000000, -0.000000000000000000, -0.000000000000000000 ) ) ;
#5054 = FACE_OUTER_BOUND ( 'NONE', #1205, .T. ) ;
#5055 = DIRECTION ( 'NONE',  ( 0.5735764363510474917, -0.8191520442889907994, 1.003171929053523514E-16 ) ) ;
#5056 = VECTOR ( 'NONE', #781, 1000.000000000000000 ) ;
#5057 = EDGE_CURVE ( 'NONE', #5137, #5162, #5299, .T. ) ;
#5058 = VERTEX_POINT ( 'NONE', #168 ) ;
#5060 = DIRECTION ( 'NONE',  ( -1.000000000000000000, -1.224606353822377258E-16, -0.000000000000000000 ) ) ;
#5059 =( GEOMETRIC_REPRESENTATION_CONTEXT ( 3 ) GLOBAL_UNCERTAINTY_ASSIGNED_CONTEXT ( ( #3102 ) ) GLOBAL_UNIT_ASSIGNED_CONTEXT ( ( #2491, #2921, #4685 ) ) REPRESENTATION_CONTEXT ( 'NONE', 'WORKASPACE' ) );
#5061 = DIRECTION ( 'NONE',  ( -0.5735764363510507113, -0.8191520442889885789, 0.000000000000000000 ) ) ;
#5062 = FILL_AREA_STYLE_COLOUR ( '', #3258 ) ;
#5063 = CONICAL_SURFACE ( 'NONE', #3231, 8.000000000000005329, 0.9599310885968797002 ) ;
#5064 = ORIENTED_EDGE ( 'NONE', *, *, #1734, .T. ) ;
#5065 = AXIS2_PLACEMENT_3D ( 'NONE', #1874, #4512, #127 ) ;
#5066 = CARTESIAN_POINT ( 'NONE',  ( 90.00000000000000000, 8.448225943918016683E-16, -6.898500000000000298 ) ) ;
#5067 = CARTESIAN_POINT ( 'NONE',  ( 70.00000000000000000, -6.898500000000000298, 9.122700168548426594E-16 ) ) ;
#5068 = FACE_OUTER_BOUND ( 'NONE', #1156, .T. ) ;
#5069 = ORIENTED_EDGE ( 'NONE', *, *, #718, .T. ) ;
#5070 = DIRECTION ( 'NONE',  ( 1.000000000000000000, 1.224606353822377258E-16, 0.000000000000000000 ) ) ;
#5071 = CONICAL_SURFACE ( 'NONE', #4338, 8.000000000000005329, 0.9599310885968797002 ) ;
#5072 = EDGE_LOOP ( 'NONE', ( #5296, #286, #2733, #939, #4568 ) ) ;
#5073 = DIRECTION ( 'NONE',  ( 1.000000000000000000, 1.224606353822377258E-16, 0.000000000000000000 ) ) ;
#5074 = EDGE_CURVE ( 'NONE', #4378, #5441, #4012, .T. ) ;
#5075 = CARTESIAN_POINT ( 'NONE',  ( 86.77127860333800413, 5.381689200449609928E-15, 0.000000000000000000 ) ) ;
#5076 = DIRECTION ( 'NONE',  ( -1.000000000000000000, -1.224606353822377258E-16, -0.000000000000000000 ) ) ;
#5077 = CARTESIAN_POINT ( 'NONE',  ( 54.00000000000000000, -6.898500000000000298, 0.000000000000000000 ) ) ;
#5078 = FACE_OUTER_BOUND ( 'NONE', #1022, .T. ) ;
#5079 = EDGE_LOOP ( 'NONE', ( #5490, #5146, #4499, #2557, #4053 ) ) ;
#5080 = CARTESIAN_POINT ( 'NONE',  ( 60.77127860333800413, 5.381689200449609928E-15, 0.000000000000000000 ) ) ;
#5081 = EDGE_CURVE ( 'NONE', #5323, #5137, #5164, .T. ) ;
#5082 = ORIENTED_EDGE ( 'NONE', *, *, #4634, .T. ) ;
#5083 = PRESENTATION_STYLE_ASSIGNMENT (( #5513 ) ) ;
#5084 = VERTEX_POINT ( 'NONE', #591 ) ;
#5085 = CARTESIAN_POINT ( 'NONE',  ( 49.22872139666199587, 5.192786664806616592E-15, 0.000000000000000000 ) ) ;
#5086 = DIRECTION ( 'NONE',  ( 0.000000000000000000, -1.000000000000000000, 0.000000000000000000 ) ) ;
#5087 = CARTESIAN_POINT ( 'NONE',  ( 60.77127860333800413, -2.603857284811542873E-28, 8.000000000000005329 ) ) ;
#5088 = FACE_OUTER_BOUND ( 'NONE', #2777, .T. ) ;
#5089 = ORIENTED_EDGE ( 'NONE', *, *, #1984, .F. ) ;
#5090 = CONICAL_SURFACE ( 'NONE', #1718, 6.898500000000005627, 0.9599310885968754814 ) ;
#5091 = ORIENTED_EDGE ( 'NONE', *, *, #4253, .T. ) ;
#5092 = DIRECTION ( 'NONE',  ( -1.000000000000000000, -1.224606353822377258E-16, -0.000000000000000000 ) ) ;
#5093 = EDGE_CURVE ( 'NONE', #3840, #518, #4415, .T. ) ;
#5094 = AXIS2_PLACEMENT_3D ( 'NONE', #506, #2806, #5022 ) ;
#5095 = DIRECTION ( 'NONE',  ( 0.000000000000000000, -1.000000000000000000, 0.000000000000000000 ) ) ;
#5096 = EDGE_LOOP ( 'NONE', ( #3247, #2546, #2207, #3804, #1826 ) ) ;
#5097 = CIRCLE ( 'NONE', #1467, 8.000000000000005329 ) ;
#5098 = DIRECTION ( 'NONE',  ( 0.000000000000000000, 0.000000000000000000, 1.000000000000000000 ) ) ;
#5099 = DIRECTION ( 'NONE',  ( -1.000000000000000000, -1.224606353822377258E-16, -0.000000000000000000 ) ) ;
#5100 = AXIS2_PLACEMENT_3D ( 'NONE', #2208, #3993, #4008 ) ;
#5101 = ADVANCED_FACE ( 'NONE', ( #1024 ), #4344, .T. ) ;
#5102 = AXIS2_PLACEMENT_3D ( 'NONE', #985, #5313, #4458 ) ;
#5103 = ORIENTED_EDGE ( 'NONE', *, *, #4135, .T. ) ;
#5104 = VECTOR ( 'NONE', #3756, 1000.000000000000000 ) ;
#5105 = CARTESIAN_POINT ( 'NONE',  ( 52.77127860333799703, -2.603857284811542873E-28, 8.000000000000005329 ) ) ;
#5106 = DIRECTION ( 'NONE',  ( 0.000000000000000000, 0.000000000000000000, 1.000000000000000000 ) ) ;
#5107 = EDGE_LOOP ( 'NONE', ( #17, #994, #1545, #2306, #4955, #1292 ) ) ;
#5108 = FACE_OUTER_BOUND ( 'NONE', #3668, .T. ) ;
#5109 = DIRECTION ( 'NONE',  ( -0.5735764363510507113, -0.8191520442889885789, 0.000000000000000000 ) ) ;
#5110 = DIRECTION ( 'NONE',  ( -1.000000000000000000, -1.224606353822377258E-16, -0.000000000000000000 ) ) ;
#5111 = ORIENTED_EDGE ( 'NONE', *, *, #1007, .F. ) ;
#5112 = CARTESIAN_POINT ( 'NONE',  ( 48.77127860333799703, 5.381689200449609928E-15, 0.000000000000000000 ) ) ;
#5113 = VECTOR ( 'NONE', #2917, 1000.000000000000000 ) ;
#5114 = CARTESIAN_POINT ( 'NONE',  ( 42.77127860333799703, 5.381689200449609928E-15, 0.000000000000000000 ) ) ;
#5115 = DIRECTION ( 'NONE',  ( 0.000000000000000000, -1.000000000000000000, 0.000000000000000000 ) ) ;
#5116 = EDGE_CURVE ( 'NONE', #2354, #3087, #4206, .T. ) ;
#5117 = ORIENTED_EDGE ( 'NONE', *, *, #3481, .F. ) ;
#5118 = DIRECTION ( 'NONE',  ( 1.000000000000000000, 1.224606353822377258E-16, 0.000000000000000000 ) ) ;
#5119 = CYLINDRICAL_SURFACE ( 'NONE', #547, 7.999999999999618083 ) ;
#5120 = ORIENTED_EDGE ( 'NONE', *, *, #3081, .T. ) ;
#5121 = VERTEX_POINT ( 'NONE', #1034 ) ;
#5122 = CARTESIAN_POINT ( 'NONE',  ( 66.00000000000000000, -6.898500000000000298, 0.000000000000000000 ) ) ;
#5123 = DIRECTION ( 'NONE',  ( -1.000000000000000000, -1.224606353822377258E-16, -0.000000000000000000 ) ) ;
#5124 = LINE ( 'NONE', #5355, #4574 ) ;
#5125 = AXIS2_PLACEMENT_3D ( 'NONE', #172, #1484, #1504 ) ;
#5126 = EDGE_CURVE ( 'NONE', #2173, #1494, #2164, .T. ) ;
#5127 = DIRECTION ( 'NONE',  ( -1.000000000000000000, -1.224606353822377258E-16, -0.000000000000000000 ) ) ;
#5128 = CARTESIAN_POINT ( 'NONE',  ( -31.74999999999995737, 0.000000000000000000, 0.000000000000000000 ) ) ;
#5129 = DIRECTION ( 'NONE',  ( 0.000000000000000000, 0.000000000000000000, 1.000000000000000000 ) ) ;
#5130 = CIRCLE ( 'NONE', #3222, 8.000000000000005329 ) ;
#5131 = ADVANCED_FACE ( 'NONE', ( #5233 ), #1902, .T. ) ;
#5132 = ORIENTED_EDGE ( 'NONE', *, *, #2437, .T. ) ;
#5133 = CARTESIAN_POINT ( 'NONE',  ( 44.77127860333800413, 5.381689200449609928E-15, 0.000000000000000000 ) ) ;
#5134 = EDGE_CURVE ( 'NONE', #3273, #3702, #3177, .T. ) ;
#5135 = AXIS2_PLACEMENT_3D ( 'NONE', #1636, #5127, #4264 ) ;
#5136 = ORIENTED_EDGE ( 'NONE', *, *, #4234, .T. ) ;
#5137 = VERTEX_POINT ( 'NONE', #5333 ) ;
#5138 = CARTESIAN_POINT ( 'NONE',  ( 42.00000000000000000, 6.898500000000010957, 8.448225943918022600E-16 ) ) ;
#5139 = CIRCLE ( 'NONE', #3682, 8.000000000000005329 ) ;
#5140 = ORIENTED_EDGE ( 'NONE', *, *, #4022, .T. ) ;
#5141 = CARTESIAN_POINT ( 'NONE',  ( 76.77127860333800413, 5.381689200449609928E-15, 0.000000000000000000 ) ) ;
#5142 = DIRECTION ( 'NONE',  ( -1.000000000000000000, -1.224606353822377258E-16, -0.000000000000000000 ) ) ;
#5143 = CARTESIAN_POINT ( 'NONE',  ( 56.00000000000000000, -6.898500000000000298, 9.122700168548426594E-16 ) ) ;
#5144 = CARTESIAN_POINT ( 'NONE',  ( 62.77127860333800413, -8.000000000000001776, 9.797174393178835518E-16 ) ) ;
#5145 = DIRECTION ( 'NONE',  ( 0.000000000000000000, 0.000000000000000000, 1.000000000000000000 ) ) ;
#5146 = ORIENTED_EDGE ( 'NONE', *, *, #2, .F. ) ;
#5147 = LINE ( 'NONE', #3902, #5606 ) ;
#5148 = EDGE_LOOP ( 'NONE', ( #4486, #4712, #1165, #2709, #2077 ) ) ;
#5149 = DIRECTION ( 'NONE',  ( 1.000000000000000000, 1.224606353822377258E-16, 0.000000000000000000 ) ) ;
#5150 = CARTESIAN_POINT ( 'NONE',  ( 64.77127860333800413, 9.797174393176222416E-16, -8.000000000000005329 ) ) ;
#5151 = CARTESIAN_POINT ( 'NONE',  ( 59.22872139666199587, -2.511412647480955552E-28, 8.000000000000005329 ) ) ;
#5152 = CARTESIAN_POINT ( 'NONE',  ( 55.22872139666199587, 5.192786664806616592E-15, 0.000000000000000000 ) ) ;
#5153 = DIRECTION ( 'NONE',  ( 0.000000000000000000, -1.000000000000000000, 0.000000000000000000 ) ) ;
#5154 = VECTOR ( 'NONE', #2405, 1000.000000000000000 ) ;
#5155 = EDGE_CURVE ( 'NONE', #3684, #5374, #884, .T. ) ;
#5156 = ORIENTED_EDGE ( 'NONE', *, *, #3312, .F. ) ;
#5157 = CIRCLE ( 'NONE', #2463, 8.000000000000005329 ) ;
#5158 = FACE_OUTER_BOUND ( 'NONE', #5225, .T. ) ;
#5159 = ORIENTED_EDGE ( 'NONE', *, *, #4841, .F. ) ;
#5160 = EDGE_CURVE ( 'NONE', #2848, #1841, #4075, .T. ) ;
#5161 = CARTESIAN_POINT ( 'NONE',  ( 69.22872139666199587, 5.192786664806616592E-15, 0.000000000000000000 ) ) ;
#5162 = VERTEX_POINT ( 'NONE', #2374 ) ;
#5163 = FILL_AREA_STYLE_COLOUR ( '', #4227 ) ;
#5164 = CIRCLE ( 'NONE', #4520, 8.000000000000005329 ) ;
#5165 = ADVANCED_FACE ( 'NONE', ( #2032 ), #5367, .T. ) ;
#5166 = DIRECTION ( 'NONE',  ( 0.000000000000000000, -1.000000000000000000, 0.000000000000000000 ) ) ;
#5167 = EDGE_CURVE ( 'NONE', #656, #1852, #4488, .T. ) ;
#5168 = ORIENTED_EDGE ( 'NONE', *, *, #3363, .F. ) ;
#5169 = CIRCLE ( 'NONE', #6, 8.000000000000005329 ) ;
#5170 = AXIS2_PLACEMENT_3D ( 'NONE', #1387, #3107, #4850 ) ;
#5171 = DIRECTION ( 'NONE',  ( 1.000000000000000000, 1.224606353822377258E-16, 0.000000000000000000 ) ) ;
#5172 = CARTESIAN_POINT ( 'NONE',  ( 49.22872139666199587, -7.999999999999998224, 0.000000000000000000 ) ) ;
#5173 = VERTEX_POINT ( 'NONE', #1557 ) ;
#5174 = FACE_OUTER_BOUND ( 'NONE', #1115, .T. ) ;
#5175 = DIRECTION ( 'NONE',  ( -1.000000000000000000, -1.224606353822377258E-16, -0.000000000000000000 ) ) ;
#5176 = AXIS2_PLACEMENT_3D ( 'NONE', #3295, #725, #4581 ) ;
#5177 = ORIENTED_EDGE ( 'NONE', *, *, #1978, .T. ) ;
#5178 = LINE ( 'NONE', #2583, #4773 ) ;
#5179 = DIRECTION ( 'NONE',  ( -1.000000000000000000, -1.224606353822377258E-16, -0.000000000000000000 ) ) ;
#5180 = CARTESIAN_POINT ( 'NONE',  ( -31.74999999999995737, 0.000000000000000000, 0.000000000000000000 ) ) ;
#5181 = EDGE_LOOP ( 'NONE', ( #550, #3916, #2883, #3588, #43 ) ) ;
#5182 = DIRECTION ( 'NONE',  ( -1.000000000000000000, -1.224606353822377258E-16, -0.000000000000000000 ) ) ;
#5183 = FACE_OUTER_BOUND ( 'NONE', #1270, .T. ) ;
#5184 = EDGE_CURVE ( 'NONE', #4861, #4208, #3935, .T. ) ;
#5185 =( NAMED_UNIT ( * ) PLANE_ANGLE_UNIT ( ) SI_UNIT ( $, .RADIAN. ) );
#5186 = CARTESIAN_POINT ( 'NONE',  ( 64.77127860333800413, 8.000000000000010658, 0.000000000000000000 ) ) ;
#5187 = DIRECTION ( 'NONE',  ( 0.000000000000000000, 0.000000000000000000, 1.000000000000000000 ) ) ;
#5188 = ORIENTED_EDGE ( 'NONE', *, *, #2894, .T. ) ;
#5189 = LINE ( 'NONE', #3016, #1990 ) ;
#5190 = CARTESIAN_POINT ( 'NONE',  ( 66.77127860333800413, 5.381689200449609928E-15, 0.000000000000000000 ) ) ;
#5191 = EDGE_CURVE ( 'NONE', #4937, #3273, #5157, .T. ) ;
#5192 = ADVANCED_FACE ( 'NONE', ( #5553 ), #4071, .T. ) ;
#5193 = CONICAL_SURFACE ( 'NONE', #543, 8.000000000000005329, 0.9599310885968797002 ) ;
#5194 = ORIENTED_EDGE ( 'NONE', *, *, #5370, .T. ) ;
#5195 = ORIENTED_EDGE ( 'NONE', *, *, #3761, .F. ) ;
#5196 = CARTESIAN_POINT ( 'NONE',  ( 48.00000000000000000, 5.287237932628113655E-15, 0.000000000000000000 ) ) ;
#5197 = DIRECTION ( 'NONE',  ( -1.000000000000000000, -0.000000000000000000, -0.000000000000000000 ) ) ;
#5198 = CONICAL_SURFACE ( 'NONE', #4161, 6.898500000000005627, 0.9599310885968754814 ) ;
#5199 = EDGE_CURVE ( 'NONE', #3127, #1310, #4887, .T. ) ;
#5200 = ORIENTED_EDGE ( 'NONE', *, *, #1007, .T. ) ;
#5201 = ORIENTED_EDGE ( 'NONE', *, *, #2034, .F. ) ;
#5202 = AXIS2_PLACEMENT_3D ( 'NONE', #2187, #1337, #3093 ) ;
#5203 = DIRECTION ( 'NONE',  ( 0.000000000000000000, 1.000000000000000000, 0.000000000000000000 ) ) ;
#5204 = DIRECTION ( 'NONE',  ( 0.5735764363510474917, -0.8191520442889907994, 1.003171929053523514E-16 ) ) ;
#5205 = COLOUR_RGB ( '',0.7764705882352941346, 0.7568627450980391913, 0.7372549019607843590 ) ;
#5206 = EDGE_LOOP ( 'NONE', ( #4200, #3501, #4607, #1744, #5265, #2722 ) ) ;
#5207 = CARTESIAN_POINT ( 'NONE',  ( 78.77127860333798992, 8.000000000000008882, 0.000000000000000000 ) ) ;
#5208 = AXIS2_PLACEMENT_3D ( 'NONE', #926, #3515, #108 ) ;
#5209 = AXIS2_PLACEMENT_3D ( 'NONE', #1160, #2429, #4191 ) ;
#5210 = DIRECTION ( 'NONE',  ( 0.000000000000000000, -1.000000000000000000, 0.000000000000000000 ) ) ;
#5211 = VECTOR ( 'NONE', #577, 1000.000000000000114 ) ;
#5212 = EDGE_LOOP ( 'NONE', ( #1658, #5028, #2191, #411, #4780, #3809 ) ) ;
#5213 = CARTESIAN_POINT ( 'NONE',  ( 86.77127860333800413, 5.381689200449609928E-15, 0.000000000000000000 ) ) ;
#5214 = AXIS2_PLACEMENT_3D ( 'NONE', #2951, #372, #2114 ) ;
#5215 = CONICAL_SURFACE ( 'NONE', #2042, 8.000000000000005329, 0.9599310885968797002 ) ;
#5216 = CARTESIAN_POINT ( 'NONE',  ( 50.00000000000000000, 5.287237932628113655E-15, 0.000000000000000000 ) ) ;
#5217 = ORIENTED_EDGE ( 'NONE', *, *, #3393, .F. ) ;
#5218 = CARTESIAN_POINT ( 'NONE',  ( 86.77127860333800413, 5.381689200449609928E-15, 0.000000000000000000 ) ) ;
#5219 = EDGE_CURVE ( 'NONE', #1640, #1294, #1219, .T. ) ;
#5220 = CARTESIAN_POINT ( 'NONE',  ( 88.89849999999964325, 0.000000000000000000, 7.999999999999618083 ) ) ;
#5221 = ADVANCED_FACE ( 'NONE', ( #737 ), #3803, .T. ) ;
#5222 = VERTEX_POINT ( 'NONE', #2813 ) ;
#5223 = ORIENTED_EDGE ( 'NONE', *, *, #2553, .T. ) ;
#5224 = FACE_OUTER_BOUND ( 'NONE', #860, .T. ) ;
#5225 = EDGE_LOOP ( 'NONE', ( #3676, #4928, #1050, #3046, #2758 ) ) ;
#5226 = CARTESIAN_POINT ( 'NONE',  ( 39.22872139666199587, 5.192786664806616592E-15, 0.000000000000000000 ) ) ;
#5227 = CARTESIAN_POINT ( 'NONE',  ( 10.59999999999999787, 0.000000000000000000, 0.000000000000000000 ) ) ;
#5228 = EDGE_CURVE ( 'NONE', #1852, #655, #2561, .T. ) ;
#5230 = DIRECTION ( 'NONE',  ( 0.000000000000000000, 0.000000000000000000, 1.000000000000000000 ) ) ;
#5229 = VECTOR ( 'NONE', #2044, 999.9999999999998863 ) ;
#5231 = CONICAL_SURFACE ( 'NONE', #4331, 6.898500000000005627, 0.9599310885968754814 ) ;
#5232 = ORIENTED_EDGE ( 'NONE', *, *, #2209, .F. ) ;
#5233 = FACE_OUTER_BOUND ( 'NONE', #3424, .T. ) ;
#5234 = CARTESIAN_POINT ( 'NONE',  ( 47.22872139666199587, 8.000000000000012434, 9.797174393178835518E-16 ) ) ;
#5235 = CARTESIAN_POINT ( 'NONE',  ( 87.22872139666199587, 5.192786664806616592E-15, 0.000000000000000000 ) ) ;
#5236 = AXIS2_PLACEMENT_3D ( 'NONE', #4886, #1879, #1013 ) ;
#5237 = ORIENTED_EDGE ( 'NONE', *, *, #2610, .T. ) ;
#5238 = CIRCLE ( 'NONE', #4655, 8.000000000000005329 ) ;
#5239 = EDGE_CURVE ( 'NONE', #606, #3147, #3722, .T. ) ;
#5240 = AXIS2_PLACEMENT_3D ( 'NONE', #1633, #3324, #320 ) ;
#5241 = CARTESIAN_POINT ( 'NONE',  ( 82.77127860333798992, -8.000000000000001776, 9.797174393178835518E-16 ) ) ;
#5242 = CARTESIAN_POINT ( 'NONE',  ( 77.22872139666199587, 5.192786664806616592E-15, 0.000000000000000000 ) ) ;
#5243 = ORIENTED_EDGE ( 'NONE', *, *, #2610, .F. ) ;
#5244 = CONICAL_SURFACE ( 'NONE', #1934, 6.898500000000005627, 0.9599310885968754814 ) ;
#5245 = CARTESIAN_POINT ( 'NONE',  ( 42.00000000000000000, 5.287237932628113655E-15, 0.000000000000000000 ) ) ;
#5246 = DIRECTION ( 'NONE',  ( -1.000000000000000000, -0.000000000000000000, -0.000000000000000000 ) ) ;
#5247 = EDGE_CURVE ( 'NONE', #2612, #2302, #4002, .T. ) ;
#5248 = CARTESIAN_POINT ( 'NONE',  ( 70.77127860333800413, 5.381689200449609928E-15, 0.000000000000000000 ) ) ;
#5249 = AXIS2_PLACEMENT_3D ( 'NONE', #1615, #4244, #818 ) ;
#5250 = ORIENTED_EDGE ( 'NONE', *, *, #2500, .F. ) ;
#5251 = FACE_OUTER_BOUND ( 'NONE', #4167, .T. ) ;
#5252 = DIRECTION ( 'NONE',  ( 0.000000000000000000, 0.000000000000000000, 1.000000000000000000 ) ) ;
#5253 = ORIENTED_EDGE ( 'NONE', *, *, #2379, .F. ) ;
#5254 = CARTESIAN_POINT ( 'NONE',  ( -31.74999999999995737, 9.797174393178358257E-16, -7.999999999999618083 ) ) ;
#5255 = ADVANCED_FACE ( 'NONE', ( #2827 ), #1687, .T. ) ;
#5256 = ORIENTED_EDGE ( 'NONE', *, *, #1306, .T. ) ;
#5257 = DIRECTION ( 'NONE',  ( -1.000000000000000000, -0.000000000000000000, -0.000000000000000000 ) ) ;
#5258 = AXIS2_PLACEMENT_3D ( 'NONE', #391, #5542, #5098 ) ;
#5259 = ORIENTED_EDGE ( 'NONE', *, *, #2570, .T. ) ;
#5260 = CARTESIAN_POINT ( 'NONE',  ( 60.00000000000000000, 5.287237932628113655E-15, 0.000000000000000000 ) ) ;
#5261 = ORIENTED_EDGE ( 'NONE', *, *, #4841, .T. ) ;
#5262 = DIRECTION ( 'NONE',  ( -1.000000000000000000, -0.000000000000000000, -0.000000000000000000 ) ) ;
#5263 = EDGE_CURVE ( 'NONE', #366, #1760, #3514, .T. ) ;
#5264 = DIRECTION ( 'NONE',  ( 0.000000000000000000, 0.000000000000000000, 1.000000000000000000 ) ) ;
#5265 = ORIENTED_EDGE ( 'NONE', *, *, #862, .F. ) ;
#5266 = VECTOR ( 'NONE', #3621, 1000.000000000000114 ) ;
#5267 = DIRECTION ( 'NONE',  ( 0.000000000000000000, -1.000000000000000000, 0.000000000000000000 ) ) ;
#5268 = DIRECTION ( 'NONE',  ( 0.000000000000000000, 0.4999999999999987232, -0.8660254037844392627 ) ) ;
#5269 = FACE_OUTER_BOUND ( 'NONE', #3491, .T. ) ;
#5270 = EDGE_LOOP ( 'NONE', ( #3007, #1656, #2100, #3542, #237, #5429 ) ) ;
#5271 = DIRECTION ( 'NONE',  ( -0.5735764363510507113, -0.8191520442889885789, 0.000000000000000000 ) ) ;
#5272 = EDGE_CURVE ( 'NONE', #4080, #4653, #3100, .T. ) ;
#5273 = ORIENTED_EDGE ( 'NONE', *, *, #5414, .T. ) ;
#5274 = ORIENTED_EDGE ( 'NONE', *, *, #3073, .T. ) ;
#5275 =( LENGTH_UNIT ( ) NAMED_UNIT ( * ) SI_UNIT ( .MILLI., .METRE. ) );
#5276 = CARTESIAN_POINT ( 'NONE',  ( 46.77127860333799703, 9.797174393176216500E-16, -8.000000000000005329 ) ) ;
#5277 = CARTESIAN_POINT ( 'NONE',  ( 39.22872139666199587, 5.192786664806616592E-15, 0.000000000000000000 ) ) ;
#5278 = EDGE_CURVE ( 'NONE', #4019, #3277, #3654, .T. ) ;
#5279 = LINE ( 'NONE', #3739, #1203 ) ;
#5280 = ADVANCED_FACE ( 'NONE', ( #671 ), #610, .F. ) ;
#5281 = AXIS2_PLACEMENT_3D ( 'NONE', #3772, #1229, #4697 ) ;
#5282 = VERTEX_POINT ( 'NONE', #2905 ) ;
#5283 = ORIENTED_EDGE ( 'NONE', *, *, #4989, .F. ) ;
#5284 = CIRCLE ( 'NONE', #12, 8.000000000000005329 ) ;
#5285 = ORIENTED_EDGE ( 'NONE', *, *, #4877, .T. ) ;
#5286 = AXIS2_PLACEMENT_3D ( 'NONE', #5025, #2879, #294 ) ;
#5287 = PRODUCT_DEFINITION_FORMATION_WITH_SPECIFIED_SOURCE ( 'ANY', '', #2283, .NOT_KNOWN. ) ;
#5288 = DIRECTION ( 'NONE',  ( 0.000000000000000000, 0.000000000000000000, 1.000000000000000000 ) ) ;
#5289 = VECTOR ( 'NONE', #355, 1000.000000000000114 ) ;
#5290 = VERTEX_POINT ( 'NONE', #5497 ) ;
#5291 = CIRCLE ( 'NONE', #3638, 6.898500000000005627 ) ;
#5292 = DIRECTION ( 'NONE',  ( 0.000000000000000000, -1.000000000000000000, 0.000000000000000000 ) ) ;
#5293 = DIRECTION ( 'NONE',  ( 0.000000000000000000, 0.000000000000000000, 1.000000000000000000 ) ) ;
#5294 = CIRCLE ( 'NONE', #2000, 8.000000000000005329 ) ;
#5295 = ORIENTED_EDGE ( 'NONE', *, *, #2837, .F. ) ;
#5296 = ORIENTED_EDGE ( 'NONE', *, *, #220, .F. ) ;
#5297 = PLANE ( 'NONE',  #5100 ) ;
#5298 = VERTEX_POINT ( 'NONE', #1179 ) ;
#5299 = CIRCLE ( 'NONE', #3751, 8.000000000000005329 ) ;
#5300 = DIRECTION ( 'NONE',  ( -1.000000000000000000, -1.224606353822377258E-16, -0.000000000000000000 ) ) ;
#5301 = EDGE_CURVE ( 'NONE', #2833, #5173, #538, .T. ) ;
#5302 = ORIENTED_EDGE ( 'NONE', *, *, #3955, .T. ) ;
#5303 = DIRECTION ( 'NONE',  ( -1.000000000000000000, -1.224606353822377258E-16, -0.000000000000000000 ) ) ;
#5304 = FACE_OUTER_BOUND ( 'NONE', #2266, .T. ) ;
#5305 = ADVANCED_FACE ( 'NONE', ( #4408 ), #4960, .T. ) ;
#5306 = DIRECTION ( 'NONE',  ( 0.000000000000000000, 0.8660254037844380415, -0.5000000000000009992 ) ) ;
#5307 = AXIS2_PLACEMENT_3D ( 'NONE', #3546, #1812, #4844 ) ;
#5308 = EDGE_CURVE ( 'NONE', #2298, #2955, #2771, .T. ) ;
#5309 = VERTEX_POINT ( 'NONE', #5143 ) ;
#5310 = CONICAL_SURFACE ( 'NONE', #2144, 6.898500000000005627, 0.9599310885968754814 ) ;
#5311 = AXIS2_PLACEMENT_3D ( 'NONE', #3887, #4716, #5600 ) ;
#5312 = DIRECTION ( 'NONE',  ( -1.000000000000000000, -1.224606353822377258E-16, -0.000000000000000000 ) ) ;
#5313 = DIRECTION ( 'NONE',  ( -1.000000000000000000, -1.224606353822377258E-16, -0.000000000000000000 ) ) ;
#5314 = FILL_AREA_STYLE ('',( #164 ) ) ;
#5315 = VERTEX_POINT ( 'NONE', #2101 ) ;
#5316 = DIRECTION ( 'NONE',  ( 0.000000000000000000, -1.000000000000000000, 0.000000000000000000 ) ) ;
#5317 = AXIS2_PLACEMENT_3D ( 'NONE', #2262, #4463, #553 ) ;
#5318 = AXIS2_PLACEMENT_3D ( 'NONE', #1195, #734, #4681 ) ;
#5319 = ORIENTED_EDGE ( 'NONE', *, *, #1065, .T. ) ;
#5320 = PRESENTATION_STYLE_ASSIGNMENT (( #3188 ) ) ;
#5321 = CARTESIAN_POINT ( 'NONE',  ( 44.77127860333800413, 5.381689200449609928E-15, 0.000000000000000000 ) ) ;
#5322 = AXIS2_PLACEMENT_3D ( 'NONE', #2945, #3807, #1639 ) ;
#5323 = VERTEX_POINT ( 'NONE', #5514 ) ;
#5324 = LINE ( 'NONE', #4263, #2321 ) ;
#5325 = CARTESIAN_POINT ( 'NONE',  ( 50.00000000000000000, 5.287237932628113655E-15, 0.000000000000000000 ) ) ;
#5326 = DIRECTION ( 'NONE',  ( -1.000000000000000000, -1.224606353822377258E-16, -0.000000000000000000 ) ) ;
#5327 = CIRCLE ( 'NONE', #4946, 8.000000000000005329 ) ;
#5328 = VERTEX_POINT ( 'NONE', #3800 ) ;
#5329 = ADVANCED_FACE ( 'NONE', ( #3237 ), #3864, .T. ) ;
#5330 = DIRECTION ( 'NONE',  ( 0.000000000000000000, 0.000000000000000000, 1.000000000000000000 ) ) ;
#5331 = EDGE_CURVE ( 'NONE', #974, #930, #2357, .T. ) ;
#5332 = DIRECTION ( 'NONE',  ( -1.000000000000000000, -1.224606353822377258E-16, -0.000000000000000000 ) ) ;
#5333 = CARTESIAN_POINT ( 'NONE',  ( 53.22872139666199587, 8.000000000000012434, 9.797174393178835518E-16 ) ) ;
#5334 = CONICAL_SURFACE ( 'NONE', #1043, 6.898500000000005627, 0.9599310885968754814 ) ;
#5335 = ORIENTED_EDGE ( 'NONE', *, *, #4761, .F. ) ;
#5336 = ORIENTED_EDGE ( 'NONE', *, *, #1670, .F. ) ;
#5337 = CARTESIAN_POINT ( 'NONE',  ( 54.77127860333799703, 8.000000000000010658, 0.000000000000000000 ) ) ;
#5338 = CARTESIAN_POINT ( 'NONE',  ( 70.00000000000000000, 5.287237932628113655E-15, 0.000000000000000000 ) ) ;
#5339 = CYLINDRICAL_SURFACE ( 'NONE', #2506, 7.999999999999618083 ) ;
#5340 = EDGE_CURVE ( 'NONE', #3124, #1537, #1425, .T. ) ;
#5341 = EDGE_LOOP ( 'NONE', ( #4312, #2336, #4205, #3631, #1894 ) ) ;
#5342 = DIRECTION ( 'NONE',  ( 0.000000000000000000, -1.000000000000000000, 0.000000000000000000 ) ) ;
#5343 = ORIENTED_EDGE ( 'NONE', *, *, #1377, .T. ) ;
#5344 = LINE ( 'NONE', #466, #4055 ) ;
#5345 = VERTEX_POINT ( 'NONE', #4704 ) ;
#5346 = CARTESIAN_POINT ( 'NONE',  ( -31.74999999999995737, 0.000000000000000000, 0.000000000000000000 ) ) ;
#5347 = CARTESIAN_POINT ( 'NONE',  ( 0.000000000000000000, 0.000000000000000000, 0.000000000000000000 ) ) ;
#5348 = DIRECTION ( 'NONE',  ( 0.000000000000000000, 1.000000000000000000, 0.000000000000000000 ) ) ;
#5349 = EDGE_CURVE ( 'NONE', #4177, #3330, #262, .T. ) ;
#5350 = AXIS2_PLACEMENT_3D ( 'NONE', #3397, #321, #303 ) ;
#5351 = CARTESIAN_POINT ( 'NONE',  ( 68.77127860333798992, -2.603857284811542873E-28, 8.000000000000005329 ) ) ;
#5352 = CIRCLE ( 'NONE', #2903, 8.000000000000005329 ) ;
#5353 = ORIENTED_EDGE ( 'NONE', *, *, #4672, .F. ) ;
#5354 = CARTESIAN_POINT ( 'NONE',  ( 62.00000000000000000, 5.287237932628113655E-15, 0.000000000000000000 ) ) ;
#5355 = CARTESIAN_POINT ( 'NONE',  ( 0.000000000000000000, 4.082443753439834566, -7.071000000000018382 ) ) ;
#5357 = VERTEX_POINT ( 'NONE', #3776 ) ;
#5356 = CARTESIAN_POINT ( 'NONE',  ( 60.77127860333800413, 9.797174393176222416E-16, -8.000000000000005329 ) ) ;
#5358 =( GEOMETRIC_REPRESENTATION_CONTEXT ( 3 ) GLOBAL_UNCERTAINTY_ASSIGNED_CONTEXT ( ( #3031 ) ) GLOBAL_UNIT_ASSIGNED_CONTEXT ( ( #5275, #945, #548 ) ) REPRESENTATION_CONTEXT ( 'NONE', 'WORKASPACE' ) );
#5359 = CYLINDRICAL_SURFACE ( 'NONE', #3565, 7.999999999999618083 ) ;
#5360 = VERTEX_POINT ( 'NONE', #377 ) ;
#5361 =( NAMED_UNIT ( * ) SI_UNIT ( $, .STERADIAN. ) SOLID_ANGLE_UNIT ( ) );
#5362 = ADVANCED_FACE ( 'NONE', ( #2221 ), #806, .T. ) ;
#5363 = CARTESIAN_POINT ( 'NONE',  ( 48.77127860333799703, 5.381689200449609928E-15, 0.000000000000000000 ) ) ;
#5364 = EDGE_LOOP ( 'NONE', ( #821, #4608, #2409, #1969, #571 ) ) ;
#5365 = ORIENTED_EDGE ( 'NONE', *, *, #654, .T. ) ;
#5366 = ORIENTED_EDGE ( 'NONE', *, *, #2913, .F. ) ;
#5367 = CYLINDRICAL_SURFACE ( 'NONE', #4811, 7.999999999999618083 ) ;
#5368 = DIRECTION ( 'NONE',  ( -0.5735764363510509334, 0.8191520442889884679, 1.003171929053520802E-16 ) ) ;
#5369 =( NAMED_UNIT ( * ) SI_UNIT ( $, .STERADIAN. ) SOLID_ANGLE_UNIT ( ) );
#5370 = EDGE_CURVE ( 'NONE', #2849, #1883, #2633, .T. ) ;
#5371 = DIRECTION ( 'NONE',  ( 1.000000000000000000, 1.224606353822377258E-16, 0.000000000000000000 ) ) ;
#5372 = VERTEX_POINT ( 'NONE', #5105 ) ;
#5373 = DIRECTION ( 'NONE',  ( -1.000000000000000000, -0.000000000000000000, -0.000000000000000000 ) ) ;
#5374 = VERTEX_POINT ( 'NONE', #2487 ) ;
#5375 = LINE ( 'NONE', #5051, #5104 ) ;
#5376 = EDGE_CURVE ( 'NONE', #3124, #1069, #402, .T. ) ;
#5377 = DIRECTION ( 'NONE',  ( 0.000000000000000000, -1.000000000000000000, 0.000000000000000000 ) ) ;
#5378 = VERTEX_POINT ( 'NONE', #3361 ) ;
#5379 = VECTOR ( 'NONE', #104, 1000.000000000000000 ) ;
#5380 = CARTESIAN_POINT ( 'NONE',  ( 83.22872139666198166, 5.192786664806616592E-15, 0.000000000000000000 ) ) ;
#5381 = EDGE_CURVE ( 'NONE', #883, #1294, #4136, .T. ) ;
#5382 = AXIS2_PLACEMENT_3D ( 'NONE', #1296, #1252, #2150 ) ;
#5383 = EDGE_LOOP ( 'NONE', ( #64, #3889, #3472, #5544, #1779, #3059 ) ) ;
#5384 = DIRECTION ( 'NONE',  ( 0.000000000000000000, 0.000000000000000000, 1.000000000000000000 ) ) ;
#5385 = FACE_OUTER_BOUND ( 'NONE', #1998, .T. ) ;
#5386 = DIRECTION ( 'NONE',  ( -1.000000000000000000, -1.224606353822377258E-16, -0.000000000000000000 ) ) ;
#5387 = ADVANCED_FACE ( 'NONE', ( #2899 ), #62, .T. ) ;
#5388 = DIRECTION ( 'NONE',  ( 0.000000000000000000, -1.000000000000000000, 0.000000000000000000 ) ) ;
#5389 = ORIENTED_EDGE ( 'NONE', *, *, #2412, .F. ) ;
#5390 = LINE ( 'NONE', #357, #3135 ) ;
#5391 = AXIS2_PLACEMENT_3D ( 'NONE', #1878, #3322, #4190 ) ;
#5392 = AXIS2_PLACEMENT_3D ( 'NONE', #3559, #1804, #3129 ) ;
#5393 = CARTESIAN_POINT ( 'NONE',  ( 57.22872139666199587, 9.797174393176315108E-16, -8.000000000000005329 ) ) ;
#5394 = CARTESIAN_POINT ( 'NONE',  ( 50.77127860333800413, 5.381689200449609928E-15, 0.000000000000000000 ) ) ;
#5395 = ORIENTED_EDGE ( 'NONE', *, *, #2595, .T. ) ;
#5396 = ORIENTED_EDGE ( 'NONE', *, *, #3427, .T. ) ;
#5397 = CONICAL_SURFACE ( 'NONE', #4241, 6.898500000000005627, 0.9599310885968754814 ) ;
#5398 = CARTESIAN_POINT ( 'NONE',  ( 73.22872139666201008, 5.192786664806616592E-15, 0.000000000000000000 ) ) ;
#5399 = DIRECTION ( 'NONE',  ( -1.000000000000000000, -1.224606353822377258E-16, -0.000000000000000000 ) ) ;
#5400 = DIRECTION ( 'NONE',  ( 1.000000000000000000, 1.224606353822377258E-16, 0.000000000000000000 ) ) ;
#5401 = CIRCLE ( 'NONE', #1422, 8.000000000000005329 ) ;
#5402 = VERTEX_POINT ( 'NONE', #3927 ) ;
#5403 = DIRECTION ( 'NONE',  ( -1.000000000000000000, -1.224606353822377258E-16, -0.000000000000000000 ) ) ;
#5404 = DIRECTION ( 'NONE',  ( 0.000000000000000000, -1.000000000000000000, 0.000000000000000000 ) ) ;
#5405 = ORIENTED_EDGE ( 'NONE', *, *, #5381, .F. ) ;
#5406 = ORIENTED_EDGE ( 'NONE', *, *, #4355, .T. ) ;
#5407 = EDGE_CURVE ( 'NONE', #2612, #739, #4266, .T. ) ;
#5408 = DIRECTION ( 'NONE',  ( 0.000000000000000000, -1.000000000000000000, 1.274768433379006694E-15 ) ) ;
#5409 = COLOUR_RGB ( '',0.7764705882352941346, 0.7568627450980391913, 0.7372549019607843590 ) ;
#5410 = VERTEX_POINT ( 'NONE', #3946 ) ;
#5411 = UNCERTAINTY_MEASURE_WITH_UNIT (LENGTH_MEASURE( 1.000000000000000082E-05 ), #1669, 'distance_accuracy_value', 'NONE');
#5412 = AXIS2_PLACEMENT_3D ( 'NONE', #3388, #1675, #5153 ) ;
#5413 = DIRECTION ( 'NONE',  ( 0.000000000000000000, 0.000000000000000000, 1.000000000000000000 ) ) ;
#5414 = EDGE_CURVE ( 'NONE', #2874, #2848, #5291, .T. ) ;
#5415 = ADVANCED_FACE ( 'NONE', ( #5088 ), #4816, .T. ) ;
#5416 = FACE_BOUND ( 'NONE', #2310, .T. ) ;
#5417 = AXIS2_PLACEMENT_3D ( 'NONE', #3854, #5551, #4284 ) ;
#5418 = ORIENTED_EDGE ( 'NONE', *, *, #2822, .F. ) ;
#5419 = DIRECTION ( 'NONE',  ( -1.000000000000000000, -0.000000000000000000, -0.000000000000000000 ) ) ;
#5420 = CARTESIAN_POINT ( 'NONE',  ( 85.22872139666198166, 5.192786664806616592E-15, 0.000000000000000000 ) ) ;
#5421 = FACE_OUTER_BOUND ( 'NONE', #4998, .T. ) ;
#5422 = ORIENTED_EDGE ( 'NONE', *, *, #140, .F. ) ;
#5423 = DIRECTION ( 'NONE',  ( -0.5735764363510509334, 0.8191520442889884679, 1.003171929053520802E-16 ) ) ;
#5424 = EDGE_CURVE ( 'NONE', #3330, #3595, #4201, .T. ) ;
#5425 = DIRECTION ( 'NONE',  ( 1.000000000000000000, 0.000000000000000000, 0.000000000000000000 ) ) ;
#5426 = AXIS2_PLACEMENT_3D ( 'NONE', #2046, #777, #3384 ) ;
#5427 = VECTOR ( 'NONE', #3265, 1000.000000000000114 ) ;
#5428 = CIRCLE ( 'NONE', #1327, 8.000000000000005329 ) ;
#5429 = ORIENTED_EDGE ( 'NONE', *, *, #395, .F. ) ;
#5430 = CARTESIAN_POINT ( 'NONE',  ( 76.77127860333800413, -8.000000000000000000, 9.797174393178833546E-16 ) ) ;
#5431 = DIRECTION ( 'NONE',  ( -1.000000000000000000, -0.000000000000000000, -0.000000000000000000 ) ) ;
#5432 = AXIS2_PLACEMENT_3D ( 'NONE', #2998, #1223, #2573 ) ;
#5433 = ORIENTED_EDGE ( 'NONE', *, *, #2639, .F. ) ;
#5434 = FACE_OUTER_BOUND ( 'NONE', #3973, .T. ) ;
#5435 = DIRECTION ( 'NONE',  ( 0.5735764363510472696, 0.8191520442889909104, 0.000000000000000000 ) ) ;
#5436 = ORIENTED_EDGE ( 'NONE', *, *, #2027, .T. ) ;
#5437 = VECTOR ( 'NONE', #3875, 1000.000000000000114 ) ;
#5438 = EDGE_CURVE ( 'NONE', #4521, #3939, #1624, .T. ) ;
#5439 = CARTESIAN_POINT ( 'NONE',  ( 65.22872139666199587, -7.999999999999998224, 0.000000000000000000 ) ) ;
#5440 = ADVANCED_FACE ( 'NONE', ( #2493 ), #944, .T. ) ;
#5441 = VERTEX_POINT ( 'NONE', #3453 ) ;
#5442 = CIRCLE ( 'NONE', #2926, 8.000000000000005329 ) ;
#5443 = EDGE_CURVE ( 'NONE', #3643, #2833, #3034, .T. ) ;
#5444 = ORIENTED_EDGE ( 'NONE', *, *, #570, .F. ) ;
#5445 = CARTESIAN_POINT ( 'NONE',  ( 58.77127860333800413, 5.381689200449609928E-15, 0.000000000000000000 ) ) ;
#5446 = EDGE_LOOP ( 'NONE', ( #4046, #174, #3907, #5561, #24, #4943 ) ) ;
#5447 = DIRECTION ( 'NONE',  ( -1.000000000000000000, -1.224606353822377258E-16, -0.000000000000000000 ) ) ;
#5448 = EDGE_CURVE ( 'NONE', #3213, #3417, #1365, .T. ) ;
#5449 = AXIS2_PLACEMENT_3D ( 'NONE', #1979, #3142, #1079 ) ;
#5450 = DIRECTION ( 'NONE',  ( 1.000000000000000000, 1.224606353822377258E-16, 0.000000000000000000 ) ) ;
#5451 = EDGE_LOOP ( 'NONE', ( #5195, #5343, #4455, #2818, #648 ) ) ;
#5452 = DIRECTION ( 'NONE',  ( -1.000000000000000000, -1.224606353822377258E-16, -0.000000000000000000 ) ) ;
#5453 = CYLINDRICAL_SURFACE ( 'NONE', #754, 7.999999999999618083 ) ;
#5454 = CARTESIAN_POINT ( 'NONE',  ( -31.74999999999995737, 0.000000000000000000, 0.000000000000000000 ) ) ;
#5455 = AXIS2_PLACEMENT_3D ( 'NONE', #3533, #1019, #1369 ) ;
#5456 = CARTESIAN_POINT ( 'NONE',  ( 68.77127860333798992, 8.000000000000008882, 0.000000000000000000 ) ) ;
#5457 = DIRECTION ( 'NONE',  ( -1.000000000000000000, -1.224606353822377258E-16, -0.000000000000000000 ) ) ;
#5458 = CIRCLE ( 'NONE', #4400, 7.999999999999618083 ) ;
#5459 = VERTEX_POINT ( 'NONE', #5241 ) ;
#5460 = CARTESIAN_POINT ( 'NONE',  ( 84.77127860333798992, -2.603857284811542873E-28, 8.000000000000005329 ) ) ;
#5461 = DIRECTION ( 'NONE',  ( -1.000000000000000000, -0.000000000000000000, -0.000000000000000000 ) ) ;
#5462 = LINE ( 'NONE', #407, #855 ) ;
#5463 = VERTEX_POINT ( 'NONE', #3058 ) ;
#5464 = ORIENTED_EDGE ( 'NONE', *, *, #1933, .T. ) ;
#5465 = ORIENTED_EDGE ( 'NONE', *, *, #4939, .T. ) ;
#5466 = CARTESIAN_POINT ( 'NONE',  ( 48.00000000000000000, 5.287237932628113655E-15, 0.000000000000000000 ) ) ;
#5467 = EDGE_CURVE ( 'NONE', #701, #2768, #2701, .T. ) ;
#5468 = CARTESIAN_POINT ( 'NONE',  ( 69.22872139666199587, -7.999999999999998224, 0.000000000000000000 ) ) ;
#5469 = FACE_OUTER_BOUND ( 'NONE', #4802, .T. ) ;
#5470 = ORIENTED_EDGE ( 'NONE', *, *, #2277, .T. ) ;
#5471 = CARTESIAN_POINT ( 'NONE',  ( -31.74999999999995737, 0.000000000000000000, 7.999999999999618083 ) ) ;
#5472 = CIRCLE ( 'NONE', #3012, 8.000000000000005329 ) ;
#5473 = EDGE_CURVE ( 'NONE', #96, #928, #1553, .T. ) ;
#5474 = ORIENTED_EDGE ( 'NONE', *, *, #505, .T. ) ;
#5475 = UNCERTAINTY_MEASURE_WITH_UNIT (LENGTH_MEASURE( 1.000000000000000082E-05 ), #3152, 'distance_accuracy_value', 'NONE');
#5476 =( NAMED_UNIT ( * ) PLANE_ANGLE_UNIT ( ) SI_UNIT ( $, .RADIAN. ) );
#5477 = CARTESIAN_POINT ( 'NONE',  ( 52.00000000000000711, 5.287237932628113655E-15, 0.000000000000000000 ) ) ;
#5478 = DIRECTION ( 'NONE',  ( -1.000000000000000000, -1.224606353822377258E-16, -0.000000000000000000 ) ) ;
#5479 = DIRECTION ( 'NONE',  ( 0.000000000000000000, -1.000000000000000000, 0.000000000000000000 ) ) ;
#5480 = CONICAL_SURFACE ( 'NONE', #1574, 8.000000000000005329, 0.9599310885968797002 ) ;
#5481 = ORIENTED_EDGE ( 'NONE', *, *, #5272, .F. ) ;
#5482 = EDGE_CURVE ( 'NONE', #4901, #5357, #4540, .T. ) ;
#5483 = AXIS2_PLACEMENT_3D ( 'NONE', #1028, #2301, #1823 ) ;
#5484 = ORIENTED_EDGE ( 'NONE', *, *, #2305, .T. ) ;
#5485 = DIRECTION ( 'NONE',  ( 0.000000000000000000, 0.000000000000000000, 1.000000000000000000 ) ) ;
#5486 = VECTOR ( 'NONE', #889, 1000.000000000000000 ) ;
#5487 = CARTESIAN_POINT ( 'NONE',  ( 0.000000000000000000, 0.000000000000000000, 0.000000000000000000 ) ) ;
#5488 = ORIENTED_EDGE ( 'NONE', *, *, #1392, .F. ) ;
#5489 = DIRECTION ( 'NONE',  ( -1.000000000000000000, -1.224606353822377258E-16, -0.000000000000000000 ) ) ;
#5490 = ORIENTED_EDGE ( 'NONE', *, *, #2734, .F. ) ;
#5491 = AXIS2_PLACEMENT_3D ( 'NONE', #2683, #5312, #3128 ) ;
#5492 = EDGE_LOOP ( 'NONE', ( #339, #2292, #1794, #2030, #2058 ) ) ;
#5493 = ORIENTED_EDGE ( 'NONE', *, *, #3041, .T. ) ;
#5494 = VECTOR ( 'NONE', #2710, 999.9999999999998863 ) ;
#5495 = ADVANCED_FACE ( 'NONE', ( #200 ), #1703, .T. ) ;
#5496 = AXIS2_PLACEMENT_3D ( 'NONE', #1143, #2864, #4552 ) ;
#5497 = CARTESIAN_POINT ( 'NONE',  ( 56.77127860333799703, -2.603857284811542873E-28, 8.000000000000005329 ) ) ;
#5498 = VERTEX_POINT ( 'NONE', #1301 ) ;
#5499 = CARTESIAN_POINT ( 'NONE',  ( 66.00000000000000000, 6.898500000000010957, 0.000000000000000000 ) ) ;
#5500 = CIRCLE ( 'NONE', #4958, 8.000000000000005329 ) ;
#5501 = AXIS2_PLACEMENT_3D ( 'NONE', #21, #5611, #3022 ) ;
#5502 = CARTESIAN_POINT ( 'NONE',  ( 51.22872139666200297, -2.511412647480955552E-28, 8.000000000000005329 ) ) ;
#5503 = ORIENTED_EDGE ( 'NONE', *, *, #1096, .T. ) ;
#5504 = CIRCLE ( 'NONE', #1318, 12.00000000000000000 ) ;
#5505 = DIRECTION ( 'NONE',  ( 0.000000000000000000, 1.000000000000000000, 0.000000000000000000 ) ) ;
#5506 = CARTESIAN_POINT ( 'NONE',  ( 52.77127860333799703, 5.381689200449609928E-15, 0.000000000000000000 ) ) ;
#5507 = VERTEX_POINT ( 'NONE', #1427 ) ;
#5508 = DIRECTION ( 'NONE',  ( -1.000000000000000000, -1.224606353822377258E-16, -0.000000000000000000 ) ) ;
#5509 = CIRCLE ( 'NONE', #5094, 8.000000000000005329 ) ;
#5510 = EDGE_CURVE ( 'NONE', #330, #2131, #5020, .T. ) ;
#5511 = ORIENTED_EDGE ( 'NONE', *, *, #389, .F. ) ;
#5512 = CONICAL_SURFACE ( 'NONE', #3436, 8.000000000000005329, 0.9599310885968797002 ) ;
#5513 = SURFACE_STYLE_USAGE ( .BOTH. , #1159 ) ;
#5514 = CARTESIAN_POINT ( 'NONE',  ( 53.22872139666199587, -2.511412647480955552E-28, 8.000000000000005329 ) ) ;
#5515 = AXIS2_PLACEMENT_3D ( 'NONE', #4101, #3639, #4086 ) ;
#5516 = DIRECTION ( 'NONE',  ( 0.000000000000000000, -1.000000000000000000, 0.000000000000000000 ) ) ;
#5517 = EDGE_CURVE ( 'NONE', #3730, #1801, #1897, .T. ) ;
#5518 = AXIS2_PLACEMENT_3D ( 'NONE', #986, #2736, #4060 ) ;
#5519 = VERTEX_POINT ( 'NONE', #3581 ) ;
#5520 = CONICAL_SURFACE ( 'NONE', #4727, 6.898500000000005627, 0.9599310885968754814 ) ;
#5521 = DIRECTION ( 'NONE',  ( -1.000000000000000000, -1.224606353822377258E-16, -0.000000000000000000 ) ) ;
#5522 = ADVANCED_FACE ( 'NONE', ( #1086 ), #5008, .T. ) ;
#5523 = VERTEX_POINT ( 'NONE', #1006 ) ;
#5524 = CARTESIAN_POINT ( 'NONE',  ( 64.77127860333800413, 5.381689200449609928E-15, 0.000000000000000000 ) ) ;
#5525 = ORIENTED_EDGE ( 'NONE', *, *, #2277, .F. ) ;
#5526 = LINE ( 'NONE', #3178, #1333 ) ;
#5527 = EDGE_CURVE ( 'NONE', #928, #96, #4674, .T. ) ;
#5528 = AXIS2_PLACEMENT_3D ( 'NONE', #580, #4931, #3648 ) ;
#5529 = DIRECTION ( 'NONE',  ( -1.000000000000000000, -1.224606353822377258E-16, -0.000000000000000000 ) ) ;
#5530 = DIRECTION ( 'NONE',  ( 0.000000000000000000, 1.000000000000000000, 0.000000000000000000 ) ) ;
#5531 = CIRCLE ( 'NONE', #3451, 8.000000000000005329 ) ;
#5532 = ORIENTED_EDGE ( 'NONE', *, *, #3848, .T. ) ;
#5533 = PRESENTATION_LAYER_ASSIGNMENT (  '', '', ( #3715 ) ) ;
#5534 = VECTOR ( 'NONE', #3877, 1000.000000000000114 ) ;
#5535 = DIRECTION ( 'NONE',  ( 0.000000000000000000, -1.000000000000000000, 0.000000000000000000 ) ) ;
#5536 = VERTEX_POINT ( 'NONE', #3075 ) ;
#5537 = ORIENTED_EDGE ( 'NONE', *, *, #5527, .F. ) ;
#5538 = VECTOR ( 'NONE', #2451, 1000.000000000000000 ) ;
#5539 = ORIENTED_EDGE ( 'NONE', *, *, #2672, .T. ) ;
#5540 = EDGE_CURVE ( 'NONE', #5315, #1359, #3358, .T. ) ;
#5541 = DIRECTION ( 'NONE',  ( 0.000000000000000000, 0.000000000000000000, 1.000000000000000000 ) ) ;
#5542 = DIRECTION ( 'NONE',  ( -1.000000000000000000, -0.000000000000000000, -0.000000000000000000 ) ) ;
#5543 = CIRCLE ( 'NONE', #4372, 6.898500000000005627 ) ;
#5544 = ORIENTED_EDGE ( 'NONE', *, *, #1991, .F. ) ;
#5545 = ADVANCED_FACE ( 'NONE', ( #1769 ), #4165, .T. ) ;
#5546 = EDGE_CURVE ( 'NONE', #711, #3730, #241, .T. ) ;
#5547 = CONICAL_SURFACE ( 'NONE', #46, 8.000000000000005329, 0.9599310885968797002 ) ;
#5548 = VERTEX_POINT ( 'NONE', #965 ) ;
#5549 = CARTESIAN_POINT ( 'NONE',  ( 40.77127860333799703, -8.000000000000000000, 9.797174393178833546E-16 ) ) ;
#5550 = DIRECTION ( 'NONE',  ( -1.000000000000000000, -0.000000000000000000, -0.000000000000000000 ) ) ;
#5551 = DIRECTION ( 'NONE',  ( -1.000000000000000000, 0.000000000000000000, 0.000000000000000000 ) ) ;
#5552 = FILL_AREA_STYLE_COLOUR ( '', #3248 ) ;
#5553 = FACE_OUTER_BOUND ( 'NONE', #5341, .T. ) ;
#5554 = FACE_OUTER_BOUND ( 'NONE', #418, .T. ) ;
#5555 = ORIENTED_EDGE ( 'NONE', *, *, #316, .F. ) ;
#5556 = EDGE_CURVE ( 'NONE', #3823, #567, #25, .T. ) ;
#5557 = DIRECTION ( 'NONE',  ( 0.000000000000000000, -1.000000000000000000, 0.000000000000000000 ) ) ;
#5558 = AXIS2_PLACEMENT_3D ( 'NONE', #4018, #3593, #4452 ) ;
#5559 = CARTESIAN_POINT ( 'NONE',  ( 42.77127860333799703, 5.381689200449609928E-15, 0.000000000000000000 ) ) ;
#5560 = CARTESIAN_POINT ( 'NONE',  ( 83.99999999999998579, 6.898500000000010957, 0.000000000000000000 ) ) ;
#5561 = ORIENTED_EDGE ( 'NONE', *, *, #3503, .T. ) ;
#5562 = CIRCLE ( 'NONE', #3788, 8.000000000000005329 ) ;
#5563 = CARTESIAN_POINT ( 'NONE',  ( 46.00000000000000000, 5.287237932628113655E-15, 0.000000000000000000 ) ) ;
#5564 = AXIS2_PLACEMENT_3D ( 'NONE', #2857, #3317, #1999 ) ;
#5565 = STYLED_ITEM ( 'NONE', ( #1610 ), #89 ) ;
#5566 = ORIENTED_EDGE ( 'NONE', *, *, #432, .F. ) ;
#5567 = LINE ( 'NONE', #2750, #3880 ) ;
#5568 = DIRECTION ( 'NONE',  ( 0.000000000000000000, -1.000000000000000000, 0.000000000000000000 ) ) ;
#5569 = CARTESIAN_POINT ( 'NONE',  ( 68.77127860333798992, -8.000000000000001776, 9.797174393178835518E-16 ) ) ;
#5570 = VERTEX_POINT ( 'NONE', #946 ) ;
#5571 = FACE_OUTER_BOUND ( 'NONE', #914, .T. ) ;
#5572 = CARTESIAN_POINT ( 'NONE',  ( 66.77127860333800413, -2.603857284811542873E-28, 8.000000000000005329 ) ) ;
#5573 = CARTESIAN_POINT ( 'NONE',  ( 12.08244375343989141, 0.000000000000000000, 0.000000000000000000 ) ) ;
#5574 = CARTESIAN_POINT ( 'NONE',  ( 8.000000000000000000, -8.164887506879685120, -3.035766082959412415E-15 ) ) ;
#5575 = VERTEX_POINT ( 'NONE', #1374 ) ;
#5576 = VECTOR ( 'NONE', #2129, 999.9999999999998863 ) ;
#5577 = DIRECTION ( 'NONE',  ( -1.000000000000000000, -1.224606353822377258E-16, -0.000000000000000000 ) ) ;
#5578 = EDGE_CURVE ( 'NONE', #3997, #66, #1717, .T. ) ;
#5579 = ADVANCED_FACE ( 'NONE', ( #2442 ), #740, .T. ) ;
#5580 = EDGE_LOOP ( 'NONE', ( #4371, #810, #4594, #4386, #4858 ) ) ;
#5581 = DIRECTION ( 'NONE',  ( -1.000000000000000000, -0.000000000000000000, -0.000000000000000000 ) ) ;
#5582 = ORIENTED_EDGE ( 'NONE', *, *, #4212, .F. ) ;
#5583 = ORIENTED_EDGE ( 'NONE', *, *, #4679, .F. ) ;
#5584 = CARTESIAN_POINT ( 'NONE',  ( 58.00000000000000000, 5.287237932628113655E-15, 0.000000000000000000 ) ) ;
#5585 = CIRCLE ( 'NONE', #4611, 8.000000000000005329 ) ;
#5586 = AXIS2_PLACEMENT_3D ( 'NONE', #3744, #3704, #4560 ) ;
#5587 = EDGE_CURVE ( 'NONE', #4786, #1674, #2911, .T. ) ;
#5588 = DIRECTION ( 'NONE',  ( -1.000000000000000000, -0.000000000000000000, -0.000000000000000000 ) ) ;
#5589 = CARTESIAN_POINT ( 'NONE',  ( 54.77127860333799703, 8.000000000000008882, 0.000000000000000000 ) ) ;
#5590 = DIRECTION ( 'NONE',  ( -0.5735764363510509334, 0.8191520442889884679, 1.003171929053520802E-16 ) ) ;
#5591 = EDGE_LOOP ( 'NONE', ( #2584, #397, #3404, #5396, #4419, #3561 ) ) ;
#5592 = DIRECTION ( 'NONE',  ( 0.000000000000000000, 1.000000000000000000, 0.000000000000000000 ) ) ;
#5593 = CARTESIAN_POINT ( 'NONE',  ( 52.00000000000000711, 6.898500000000010957, 0.000000000000000000 ) ) ;
#5594 = AXIS2_PLACEMENT_3D ( 'NONE', #2904, #2486, #773 ) ;
#5595 = EDGE_LOOP ( 'NONE', ( #4822, #3568, #146, #1770, #3224 ) ) ;
#5596 = VECTOR ( 'NONE', #4567, 1000.000000000000114 ) ;
#5597 = ORIENTED_EDGE ( 'NONE', *, *, #358, .T. ) ;
#5598 = ORIENTED_EDGE ( 'NONE', *, *, #1525, .T. ) ;
#5599 = CARTESIAN_POINT ( 'NONE',  ( -31.74999999999995737, 0.000000000000000000, 0.000000000000000000 ) ) ;
#5600 = DIRECTION ( 'NONE',  ( 0.000000000000000000, -1.000000000000000000, 0.000000000000000000 ) ) ;
#5601 = FACE_OUTER_BOUND ( 'NONE', #2815, .T. ) ;
#5602 = ORIENTED_EDGE ( 'NONE', *, *, #4102, .T. ) ;
#5603 = PRESENTATION_LAYER_ASSIGNMENT (  '', '', ( #1145 ) ) ;
#5604 = DIRECTION ( 'NONE',  ( 0.000000000000000000, 1.000000000000000000, -1.168537730597422967E-15 ) ) ;
#5605 = DIRECTION ( 'NONE',  ( -1.000000000000000000, -0.000000000000000000, -0.000000000000000000 ) ) ;
#5606 = VECTOR ( 'NONE', #2599, 1000.000000000000114 ) ;
#5607 = ADVANCED_FACE ( 'NONE', ( #1568 ), #5063, .T. ) ;
#5608 = ORIENTED_EDGE ( 'NONE', *, *, #95, .T. ) ;
#5609 = CARTESIAN_POINT ( 'NONE',  ( 66.77127860333800413, 8.000000000000010658, 0.000000000000000000 ) ) ;
#5610 = CARTESIAN_POINT ( 'NONE',  ( 74.77127860333800413, 5.381689200449609928E-15, 0.000000000000000000 ) ) ;
#5611 = DIRECTION ( 'NONE',  ( -1.000000000000000000, -1.224606353822377258E-16, -0.000000000000000000 ) ) ;
#5612 = CARTESIAN_POINT ( 'NONE',  ( 0.000000000000000000, -4.082443753439832790, 7.070999999999992625 ) ) ;
#5613 = DIRECTION ( 'NONE',  ( 0.000000000000000000, -1.000000000000000000, 0.000000000000000000 ) ) ;
#5614 = ORIENTED_EDGE ( 'NONE', *, *, #853, .T. ) ;
#5615 = CIRCLE ( 'NONE', #886, 8.000000000000005329 ) ;
#5616 = EDGE_CURVE ( 'NONE', #3746, #3297, #3374, .T. ) ;
#5617 = VERTEX_POINT ( 'NONE', #5276 ) ;
#5618 = DIRECTION ( 'NONE',  ( 0.000000000000000000, -1.000000000000000000, 0.000000000000000000 ) ) ;
#5619 = ORIENTED_EDGE ( 'NONE', *, *, #2342, .F. ) ;
#5620 = CIRCLE ( 'NONE', #1500, 8.000000000000005329 ) ;
#5621 = ORIENTED_EDGE ( 'NONE', *, *, #2880, .T. ) ;
#5622 = EDGE_CURVE ( 'NONE', #3292, #1272, #3040, .T. ) ;
#5623 = VERTEX_POINT ( 'NONE', #2664 ) ;
#5624 = ORIENTED_EDGE ( 'NONE', *, *, #2786, .T. ) ;
#5625 = EDGE_LOOP ( 'NONE', ( #3083, #2906, #3235, #3336, #1867, #2162 ) ) ;
#5626 = LINE ( 'NONE', #599, #1226 ) ;
ENDSEC;
END-ISO-10303-21;
