ISO-10303-21;
HEADER;
FILE_DESCRIPTION (( 'STEP AP214' ),
    '1' );
FILE_NAME ('M16X50.STEP',
    '2021-06-12T16:23:31',
    ( '' ),
    ( '' ),
    'SwSTEP 2.0',
    'SolidWorks 2018',
    '' );
FILE_SCHEMA (( 'AUTOMOTIVE_DESIGN' ));
ENDSEC;

DATA;
#1 = CIRCLE ( 'NONE', #1418, 8.000000000000003553 ) ;
#2 = PRODUCT ( 'M16X50', 'M16X50', '', ( #955 ) ) ;
#3 = ORIENTED_EDGE ( 'NONE', *, *, #3255, .F. ) ;
#4 = AXIS2_PLACEMENT_3D ( 'NONE', #2694, #2202, #4772 ) ;
#5 = DIRECTION ( 'NONE',  ( -1.000000000000000000, -1.224606353822377258E-16, -0.0000000000000000000 ) ) ;
#6 = CIRCLE ( 'NONE', #9, 8.000000000000003553 ) ;
#7 = DIRECTION ( 'NONE',  ( -0.5735764363510507113, -0.8191520442889885789, 0.0000000000000000000 ) ) ;
#8 = CONICAL_SURFACE ( 'NONE', #2141, 8.000000000000003553, 0.9599310885968797002 ) ;
#9 = AXIS2_PLACEMENT_3D ( 'NONE', #2850, #43, #4788 ) ;
#10 = LINE ( 'NONE', #142, #3941 ) ;
#11 = CARTESIAN_POINT ( 'NONE',  ( 34.77127860333798992, 3.177397763569330469E-15, 0.0000000000000000000 ) ) ;
#12 = ORIENTED_EDGE ( 'NONE', *, *, #3094, .T. ) ;
#13 = VECTOR ( 'NONE', #4432, 1000.000000000000000 ) ;
#14 = EDGE_LOOP ( 'NONE', ( #961, #824, #3447, #1517, #4721, #3825 ) ) ;
#15 = AXIS2_PLACEMENT_3D ( 'NONE', #1946, #409, #1903 ) ;
#16 = ORIENTED_EDGE ( 'NONE', *, *, #1303, .T. ) ;
#17 = CARTESIAN_POINT ( 'NONE',  ( 8.000000000000000000, 8.262730293054363726E-15, 7.070999999999988184 ) ) ;
#18 = FACE_OUTER_BOUND ( 'NONE', #187, .T. ) ;
#19 = LINE ( 'NONE', #1285, #2355 ) ;
#20 = CARTESIAN_POINT ( 'NONE',  ( -31.74999999999995737, 0.0000000000000000000, 0.0000000000000000000 ) ) ;
#21 = AXIS2_PLACEMENT_3D ( 'NONE', #3074, #2997, #3571 ) ;
#22 = AXIS2_PLACEMENT_3D ( 'NONE', #3057, #3744, #4077 ) ;
#23 = CARTESIAN_POINT ( 'NONE',  ( 27.22872139666199232, -7.999999999999998224, 0.0000000000000000000 ) ) ;
#24 = ORIENTED_EDGE ( 'NONE', *, *, #3474, .F. ) ;
#25 = AXIS2_PLACEMENT_3D ( 'NONE', #797, #2260, #4927 ) ;
#26 = AXIS2_PLACEMENT_3D ( 'NONE', #949, #516, #1110 ) ;
#27 = FACE_OUTER_BOUND ( 'NONE', #509, .T. ) ;
#28 = DIRECTION ( 'NONE',  ( -1.000000000000000000, -1.224606353822377258E-16, -0.0000000000000000000 ) ) ;
#29 = CARTESIAN_POINT ( 'NONE',  ( 12.08244375343989141, 0.0000000000000000000, 0.0000000000000000000 ) ) ;
#30 = VERTEX_POINT ( 'NONE', #1199 ) ;
#31 = LINE ( 'NONE', #1854, #13 ) ;
#32 = CARTESIAN_POINT ( 'NONE',  ( 38.77127860333799703, 8.000000000000007105, 0.0000000000000000000 ) ) ;
#33 = CIRCLE ( 'NONE', #905, 8.000000000000003553 ) ;
#34 = ORIENTED_EDGE ( 'NONE', *, *, #2947, .T. ) ;
#35 = AXIS2_PLACEMENT_3D ( 'NONE', #1463, #1693, #1417 ) ;
#36 = AXIS2_PLACEMENT_3D ( 'NONE', #2225, #831, #768 ) ;
#37 = ORIENTED_EDGE ( 'NONE', *, *, #3896, .F. ) ;
#38 = CIRCLE ( 'NONE', #1449, 6.898500000000003851 ) ;
#39 = CIRCLE ( 'NONE', #1644, 8.000000000000003553 ) ;
#40 = DIRECTION ( 'NONE',  ( 0.0000000000000000000, 1.000000000000000000, 0.0000000000000000000 ) ) ;
#41 = CIRCLE ( 'NONE', #807, 8.000000000000003553 ) ;
#42 = DIRECTION ( 'NONE',  ( -1.000000000000000000, -0.0000000000000000000, -0.0000000000000000000 ) ) ;
#43 = DIRECTION ( 'NONE',  ( -1.000000000000000000, -1.224606353822377258E-16, -0.0000000000000000000 ) ) ;
#44 = VERTEX_POINT ( 'NONE', #4869 ) ;
#45 = CIRCLE ( 'NONE', #1468, 8.000000000000003553 ) ;
#46 = ORIENTED_EDGE ( 'NONE', *, *, #2581, .F. ) ;
#47 = AXIS2_PLACEMENT_3D ( 'NONE', #3499, #4441, #1207 ) ;
#48 = LINE ( 'NONE', #4941, #4785 ) ;
#49 = CARTESIAN_POINT ( 'NONE',  ( 30.00000000000000000, -6.898500000000000298, 9.122700168548424621E-16 ) ) ;
#50 = CARTESIAN_POINT ( 'NONE',  ( 36.00000000000000000, -6.898500000000000298, 9.122700168548424621E-16 ) ) ;
#51 = CONICAL_SURFACE ( 'NONE', #1497, 6.898500000000003851, 0.9599310885968754814 ) ;
#52 = ORIENTED_EDGE ( 'NONE', *, *, #3890, .T. ) ;
#53 = ORIENTED_EDGE ( 'NONE', *, *, #3325, .T. ) ;
#54 = AXIS2_PLACEMENT_3D ( 'NONE', #345, #335, #304 ) ;
#55 = ADVANCED_FACE ( 'NONE', ( #3632 ), #1339, .T. ) ;
#56 = CARTESIAN_POINT ( 'NONE',  ( 60.00000000000000000, -6.898500000000000298, 0.0000000000000000000 ) ) ;
#57 = CARTESIAN_POINT ( 'NONE',  ( 26.77127860333799703, 3.177397763569330469E-15, 0.0000000000000000000 ) ) ;
#58 = AXIS2_PLACEMENT_3D ( 'NONE', #2286, #1883, #880 ) ;
#59 = AXIS2_PLACEMENT_3D ( 'NONE', #252, #1600, #1438 ) ;
#60 = ORIENTED_EDGE ( 'NONE', *, *, #4227, .F. ) ;
#61 = CIRCLE ( 'NONE', #1492, 8.000000000000003553 ) ;
#62 = VECTOR ( 'NONE', #3838, 1000.000000000000000 ) ;
#63 = EDGE_LOOP ( 'NONE', ( #4484, #2987, #4519, #3278, #1744, #788 ) ) ;
#64 = ORIENTED_EDGE ( 'NONE', *, *, #3659, .T. ) ;
#65 = APPLICATION_PROTOCOL_DEFINITION ( 'draft international standard', 'automotive_design', 1998, #3965 ) ;
#66 = CARTESIAN_POINT ( 'NONE',  ( 58.00000000000000000, 3.082946495747834590E-15, 0.0000000000000000000 ) ) ;
#67 = CIRCLE ( 'NONE', #1436, 8.000000000000003553 ) ;
#68 = AXIS2_PLACEMENT_3D ( 'NONE', #1336, #1374, #1408 ) ;
#69 = FACE_OUTER_BOUND ( 'NONE', #2632, .T. ) ;
#70 = AXIS2_PLACEMENT_3D ( 'NONE', #3956, #4102, #4033 ) ;
#71 = ORIENTED_EDGE ( 'NONE', *, *, #2212, .T. ) ;
#72 = CIRCLE ( 'NONE', #1475, 6.898500000000003851 ) ;
#73 = DIRECTION ( 'NONE',  ( -0.5735764363510507113, -0.8191520442889885789, 0.0000000000000000000 ) ) ;
#74 = CIRCLE ( 'NONE', #36, 8.000000000000003553 ) ;
#75 = ORIENTED_EDGE ( 'NONE', *, *, #2584, .T. ) ;
#76 =( GEOMETRIC_REPRESENTATION_CONTEXT ( 3 ) GLOBAL_UNCERTAINTY_ASSIGNED_CONTEXT ( ( #3561 ) ) GLOBAL_UNIT_ASSIGNED_CONTEXT ( ( #1437, #1421, #4759 ) ) REPRESENTATION_CONTEXT ( 'NONE', 'WORKASPACE' ) );
#77 = MECHANICAL_DESIGN_GEOMETRIC_PRESENTATION_REPRESENTATION (  '', ( #84 ), #76 ) ;
#78 = PRESENTATION_LAYER_ASSIGNMENT (  '', '', ( #84 ) ) ;
#79 = CIRCLE ( 'NONE', #1479, 8.000000000000003553 ) ;
#80 =( NAMED_UNIT ( * ) SI_UNIT ( $, .STERADIAN. ) SOLID_ANGLE_UNIT ( ) );
#81 = CARTESIAN_POINT ( 'NONE',  ( 34.77127860333798992, -2.619264724366640760E-29, 8.000000000000003553 ) ) ;
#82 = ORIENTED_EDGE ( 'NONE', *, *, #4340, .T. ) ;
#83 = VERTEX_POINT ( 'NONE', #50 ) ;
#84 = STYLED_ITEM ( 'NONE', ( #608 ), #4191 ) ;
#85 = CARTESIAN_POINT ( 'NONE',  ( 41.99999999999999289, 3.082946495747834590E-15, 0.0000000000000000000 ) ) ;
#86 = AXIS2_PLACEMENT_3D ( 'NONE', #1387, #1401, #1396 ) ;
#87 = FACE_OUTER_BOUND ( 'NONE', #2468, .T. ) ;
#88 = ORIENTED_EDGE ( 'NONE', *, *, #2852, .T. ) ;
#89 = DIRECTION ( 'NONE',  ( 0.0000000000000000000, 1.000000000000000000, 0.0000000000000000000 ) ) ;
#90 = CYLINDRICAL_SURFACE ( 'NONE', #4603, 7.999999999999937828 ) ;
#91 = LINE ( 'NONE', #2204, #2819 ) ;
#92 = CIRCLE ( 'NONE', #1506, 6.898500000000003851 ) ;
#93 = DIRECTION ( 'NONE',  ( -0.5735764363510509334, 0.8191520442889884679, 1.003171929053520802E-16 ) ) ;
#94 = DIRECTION ( 'NONE',  ( -1.000000000000000000, -0.0000000000000000000, -0.0000000000000000000 ) ) ;
#95 = AXIS2_PLACEMENT_3D ( 'NONE', #1708, #1697, #1535 ) ;
#96 = DIRECTION ( 'NONE',  ( 0.0000000000000000000, -1.000000000000000000, 0.0000000000000000000 ) ) ;
#97 = ORIENTED_EDGE ( 'NONE', *, *, #3720, .F. ) ;
#98 = CARTESIAN_POINT ( 'NONE',  ( 31.22872139666199587, 2.988495227926337133E-15, 0.0000000000000000000 ) ) ;
#99 = CARTESIAN_POINT ( 'NONE',  ( -31.74999999999995737, 0.0000000000000000000, 0.0000000000000000000 ) ) ;
#100 = VERTEX_POINT ( 'NONE', #4964 ) ;
#101 = CIRCLE ( 'NONE', #1063, 8.000000000000003553 ) ;
#102 = AXIS2_PLACEMENT_3D ( 'NONE', #1748, #3753, #312 ) ;
#103 = AXIS2_PLACEMENT_3D ( 'NONE', #1572, #1637, #3879 ) ;
#104 = DIRECTION ( 'NONE',  ( 0.0000000000000000000, -1.000000000000000000, 0.0000000000000000000 ) ) ;
#105 =( NAMED_UNIT ( * ) PLANE_ANGLE_UNIT ( ) SI_UNIT ( $, .RADIAN. ) );
#106 = CONICAL_SURFACE ( 'NONE', #1910, 6.898500000000003851, 0.9599310885968754814 ) ;
#107 = VERTEX_POINT ( 'NONE', #2088 ) ;
#108 = ORIENTED_EDGE ( 'NONE', *, *, #3123, .T. ) ;
#109 = CIRCLE ( 'NONE', #1212, 8.000000000000003553 ) ;
#110 = ORIENTED_EDGE ( 'NONE', *, *, #2939, .F. ) ;
#111 = ORIENTED_EDGE ( 'NONE', *, *, #4356, .T. ) ;
#112 = CIRCLE ( 'NONE', #1902, 8.000000000000003553 ) ;
#113 = VERTEX_POINT ( 'NONE', #1787 ) ;
#114 = AXIS2_PLACEMENT_3D ( 'NONE', #2495, #2492, #2534 ) ;
#115 = CARTESIAN_POINT ( 'NONE',  ( 44.77127860333799703, 8.000000000000007105, 0.0000000000000000000 ) ) ;
#116 = EDGE_LOOP ( 'NONE', ( #4952, #435, #754, #1193, #782 ) ) ;
#117 = AXIS2_PLACEMENT_3D ( 'NONE', #3567, #4564, #323 ) ;
#118 = LINE ( 'NONE', #4491, #4337 ) ;
#119 = DIRECTION ( 'NONE',  ( -1.000000000000000000, -1.224606353822377258E-16, -0.0000000000000000000 ) ) ;
#120 = CIRCLE ( 'NONE', #1476, 8.000000000000003553 ) ;
#121 = ORIENTED_EDGE ( 'NONE', *, *, #2774, .T. ) ;
#122 = ORIENTED_EDGE ( 'NONE', *, *, #4232, .F. ) ;
#123 = DIRECTION ( 'NONE',  ( -1.000000000000000000, -1.224606353822377258E-16, -0.0000000000000000000 ) ) ;
#124 =( LENGTH_UNIT ( ) NAMED_UNIT ( * ) SI_UNIT ( .MILLI., .METRE. ) );
#125 = VERTEX_POINT ( 'NONE', #1211 ) ;
#126 = ORIENTED_EDGE ( 'NONE', *, *, #4247, .F. ) ;
#127 = ORIENTED_EDGE ( 'NONE', *, *, #2996, .T. ) ;
#128 = AXIS2_PLACEMENT_3D ( 'NONE', #4865, #4903, #4944 ) ;
#129 = ORIENTED_EDGE ( 'NONE', *, *, #3542, .T. ) ;
#130 = SURFACE_STYLE_USAGE ( .BOTH. , #923 ) ;
#131 = VERTEX_POINT ( 'NONE', #4921 ) ;
#132 = ORIENTED_EDGE ( 'NONE', *, *, #4167, .T. ) ;
#133 = VERTEX_POINT ( 'NONE', #1456 ) ;
#134 = AXIS2_PLACEMENT_3D ( 'NONE', #2428, #2425, #3075 ) ;
#135 = DIRECTION ( 'NONE',  ( -1.000000000000000000, -1.224606353822377258E-16, -0.0000000000000000000 ) ) ;
#136 = AXIS2_PLACEMENT_3D ( 'NONE', #99, #1022, #2902 ) ;
#137 = CYLINDRICAL_SURFACE ( 'NONE', #1499, 7.999999999999937828 ) ;
#138 = EDGE_LOOP ( 'NONE', ( #4383, #4508, #4394, #4587 ) ) ;
#139 = CARTESIAN_POINT ( 'NONE',  ( 59.22872139666199587, 2.988495227926337133E-15, 0.0000000000000000000 ) ) ;
#140 = CIRCLE ( 'NONE', #1505, 8.000000000000003553 ) ;
#141 = CARTESIAN_POINT ( 'NONE',  ( -31.74999999999995737, 0.0000000000000000000, 0.0000000000000000000 ) ) ;
#142 = CARTESIAN_POINT ( 'NONE',  ( -31.74999999999995737, 0.0000000000000000000, 7.999999999999937828 ) ) ;
#143 = AXIS2_PLACEMENT_3D ( 'NONE', #2471, #2511, #4507 ) ;
#144 = ORIENTED_EDGE ( 'NONE', *, *, #4147, .T. ) ;
#145 = LINE ( 'NONE', #2434, #2157 ) ;
#146 = ORIENTED_EDGE ( 'NONE', *, *, #4087, .F. ) ;
#147 = LINE ( 'NONE', #2974, #1864 ) ;
#148 = CARTESIAN_POINT ( 'NONE',  ( -31.74999999999995737, 0.0000000000000000000, 7.999999999999937828 ) ) ;
#149 = CARTESIAN_POINT ( 'NONE',  ( 58.00000000000000000, 6.898500000000007404, 8.448225943918020627E-16 ) ) ;
#150 = LINE ( 'NONE', #4436, #4933 ) ;
#151 = VECTOR ( 'NONE', #4646, 1000.000000000000114 ) ;
#152 = AXIS2_PLACEMENT_3D ( 'NONE', #2528, #2525, #2635 ) ;
#153 = DIRECTION ( 'NONE',  ( -1.000000000000000000, -0.0000000000000000000, -0.0000000000000000000 ) ) ;
#154 = DIRECTION ( 'NONE',  ( 0.0000000000000000000, -1.000000000000000000, 0.0000000000000000000 ) ) ;
#155 = VECTOR ( 'NONE', #2590, 1000.000000000000114 ) ;
#156 = ORIENTED_EDGE ( 'NONE', *, *, #4224, .F. ) ;
#157 = LINE ( 'NONE', #1158, #476 ) ;
#158 = LINE ( 'NONE', #4822, #927 ) ;
#159 = AXIS2_PLACEMENT_3D ( 'NONE', #2678, #2608, #2600 ) ;
#160 = CARTESIAN_POINT ( 'NONE',  ( 35.22872139666199587, 2.988495227926337133E-15, 0.0000000000000000000 ) ) ;
#161 = AXIS2_PLACEMENT_3D ( 'NONE', #2848, #2804, #1685 ) ;
#162 = LINE ( 'NONE', #1850, #479 ) ;
#163 = CARTESIAN_POINT ( 'NONE',  ( 57.22872139666199587, -7.999999999999998224, 0.0000000000000000000 ) ) ;
#164 = ORIENTED_EDGE ( 'NONE', *, *, #2901, .F. ) ;
#165 = EDGE_LOOP ( 'NONE', ( #1342, #188, #422, #1378, #1320 ) ) ;
#166 = CARTESIAN_POINT ( 'NONE',  ( -31.74999999999995737, 9.797174393178750716E-16, -7.999999999999937828 ) ) ;
#167 = CONICAL_SURFACE ( 'NONE', #1923, 8.000000000000003553, 0.9599310885968797002 ) ;
#168 = CIRCLE ( 'NONE', #211, 8.000000000000003553 ) ;
#169 = CARTESIAN_POINT ( 'NONE',  ( 44.00000000000000000, 3.082946495747834590E-15, 0.0000000000000000000 ) ) ;
#170 = AXIS2_PLACEMENT_3D ( 'NONE', #2782, #2357, #2621 ) ;
#171 = ORIENTED_EDGE ( 'NONE', *, *, #4003, .T. ) ;
#172 = AXIS2_PLACEMENT_3D ( 'NONE', #2878, #2857, #2741 ) ;
#173 = AXIS2_PLACEMENT_3D ( 'NONE', #2760, #2593, #2565 ) ;
#174 = DIRECTION ( 'NONE',  ( -0.5735764363510509334, 0.8191520442889884679, 1.003171929053520802E-16 ) ) ;
#175 = CIRCLE ( 'NONE', #914, 8.000000000000003553 ) ;
#176 = ORIENTED_EDGE ( 'NONE', *, *, #3654, .T. ) ;
#177 = ORIENTED_EDGE ( 'NONE', *, *, #2215, .F. ) ;
#178 = DIRECTION ( 'NONE',  ( -1.000000000000000000, -1.224606353822377258E-16, -0.0000000000000000000 ) ) ;
#179 = ORIENTED_EDGE ( 'NONE', *, *, #4186, .T. ) ;
#180 = ORIENTED_EDGE ( 'NONE', *, *, #3692, .T. ) ;
#181 = ORIENTED_EDGE ( 'NONE', *, *, #2767, .F. ) ;
#182 = AXIS2_PLACEMENT_3D ( 'NONE', #2854, #3059, #2943 ) ;
#183 = CIRCLE ( 'NONE', #804, 8.000000000000003553 ) ;
#184 = PRODUCT_DEFINITION ( 'UNKNOWN', '', #669, #1276 ) ;
#185 = VERTEX_POINT ( 'NONE', #4828 ) ;
#186 = ORIENTED_EDGE ( 'NONE', *, *, #4262, .T. ) ;
#187 = EDGE_LOOP ( 'NONE', ( #4159, #2414, #2640, #1615, #1317, #803 ) ) ;
#188 = ORIENTED_EDGE ( 'NONE', *, *, #2774, .F. ) ;
#189 = CIRCLE ( 'NONE', #1367, 8.000000000000003553 ) ;
#190 = CIRCLE ( 'NONE', #1467, 8.000000000000003553 ) ;
#191 = DIRECTION ( 'NONE',  ( 0.0000000000000000000, -1.000000000000000000, 0.0000000000000000000 ) ) ;
#192 = ORIENTED_EDGE ( 'NONE', *, *, #2266, .T. ) ;
#193 = CARTESIAN_POINT ( 'NONE',  ( -31.74999999999995737, 0.0000000000000000000, 7.999999999999937828 ) ) ;
#194 = CARTESIAN_POINT ( 'NONE',  ( 64.77127860333800413, 3.177397763569330469E-15, 0.0000000000000000000 ) ) ;
#195 = AXIS2_PLACEMENT_3D ( 'NONE', #2412, #4460, #2333 ) ;
#196 = AXIS2_PLACEMENT_3D ( 'NONE', #2307, #2327, #2089 ) ;
#197 = AXIS2_PLACEMENT_3D ( 'NONE', #2006, #2159, #2263 ) ;
#198 = UNCERTAINTY_MEASURE_WITH_UNIT (LENGTH_MEASURE( 1.000000000000000082E-05 ), #124, 'distance_accuracy_value', 'NONE');
#199 = ORIENTED_EDGE ( 'NONE', *, *, #3754, .F. ) ;
#200 = CARTESIAN_POINT ( 'NONE',  ( 58.00000000000000000, -6.898500000000000298, 0.0000000000000000000 ) ) ;
#201 = DIRECTION ( 'NONE',  ( 0.0000000000000000000, -1.000000000000000000, 0.0000000000000000000 ) ) ;
#202 = LINE ( 'NONE', #32, #2150 ) ;
#203 = AXIS2_PLACEMENT_3D ( 'NONE', #3126, #3111, #2106 ) ;
#204 = AXIS2_PLACEMENT_3D ( 'NONE', #11, #601, #900 ) ;
#205 = CONICAL_SURFACE ( 'NONE', #2147, 6.898500000000003851, 0.9599310885968754814 ) ;
#206 = CYLINDRICAL_SURFACE ( 'NONE', #2123, 7.999999999999937828 ) ;
#207 = SURFACE_SIDE_STYLE ('',( #1042 ) ) ;
#208 = AXIS2_PLACEMENT_3D ( 'NONE', #160, #135, #3670 ) ;
#209 = VECTOR ( 'NONE', #3150, 1000.000000000000000 ) ;
#210 = CARTESIAN_POINT ( 'NONE',  ( 0.0000000000000000000, -4.082443753439852330, -7.071000000000007724 ) ) ;
#211 = AXIS2_PLACEMENT_3D ( 'NONE', #3689, #3691, #3717 ) ;
#212 = ORIENTED_EDGE ( 'NONE', *, *, #4154, .F. ) ;
#213 = EDGE_LOOP ( 'NONE', ( #1370, #4351, #557, #4612, #1141 ) ) ;
#214 = VECTOR ( 'NONE', #2354, 1000.000000000000000 ) ;
#215 = ORIENTED_EDGE ( 'NONE', *, *, #2754, .T. ) ;
#216 = AXIS2_PLACEMENT_3D ( 'NONE', #4067, #4004, #4089 ) ;
#218 = ORIENTED_EDGE ( 'NONE', *, *, #3221, .F. ) ;
#217 = LINE ( 'NONE', #1256, #2557 ) ;
#219 = DIRECTION ( 'NONE',  ( 0.0000000000000000000, -1.000000000000000000, 0.0000000000000000000 ) ) ;
#220 = ORIENTED_EDGE ( 'NONE', *, *, #4167, .F. ) ;
#221 = CYLINDRICAL_SURFACE ( 'NONE', #1634, 7.999999999999937828 ) ;
#222 = ORIENTED_EDGE ( 'NONE', *, *, #3593, .T. ) ;
#223 = CYLINDRICAL_SURFACE ( 'NONE', #242, 7.999999999999937828 ) ;
#224 = UNCERTAINTY_MEASURE_WITH_UNIT (LENGTH_MEASURE( 1.000000000000000082E-05 ), #702, 'distance_accuracy_value', 'NONE');
#225 = AXIS2_PLACEMENT_3D ( 'NONE', #4249, #4210, #4203 ) ;
#226 = DIRECTION ( 'NONE',  ( 0.0000000000000000000, -1.000000000000000000, 0.0000000000000000000 ) ) ;
#227 = ORIENTED_EDGE ( 'NONE', *, *, #3474, .T. ) ;
#228 = DIRECTION ( 'NONE',  ( 0.0000000000000000000, -1.000000000000000000, 0.0000000000000000000 ) ) ;
#229 = EDGE_LOOP ( 'NONE', ( #445, #4481, #4619, #1371, #615 ) ) ;
#230 = CONICAL_SURFACE ( 'NONE', #594, 6.898500000000003851, 0.9599310885968754814 ) ;
#231 = ORIENTED_EDGE ( 'NONE', *, *, #4170, .T. ) ;
#232 = DIRECTION ( 'NONE',  ( -1.000000000000000000, -0.0000000000000000000, -0.0000000000000000000 ) ) ;
#233 = ORIENTED_EDGE ( 'NONE', *, *, #4241, .T. ) ;
#234 = ORIENTED_EDGE ( 'NONE', *, *, #2535, .F. ) ;
#235 = CIRCLE ( 'NONE', #1035, 8.000000000000003553 ) ;
#236 = DIRECTION ( 'NONE',  ( 0.0000000000000000000, 0.0000000000000000000, 1.000000000000000000 ) ) ;
#237 = CIRCLE ( 'NONE', #1287, 8.000000000000003553 ) ;
#238 = DIRECTION ( 'NONE',  ( 0.5735764363510472696, 0.8191520442889909104, 0.0000000000000000000 ) ) ;
#239 = ORIENTED_EDGE ( 'NONE', *, *, #3803, .T. ) ;
#240 = CARTESIAN_POINT ( 'NONE',  ( 40.00000000000000000, 3.082946495747834590E-15, 0.0000000000000000000 ) ) ;
#241 = AXIS2_PLACEMENT_3D ( 'NONE', #3760, #472, #4326 ) ;
#242 = AXIS2_PLACEMENT_3D ( 'NONE', #2661, #3706, #2226 ) ;
#243 = AXIS2_PLACEMENT_3D ( 'NONE', #4330, #4323, #4319 ) ;
#244 = ORIENTED_EDGE ( 'NONE', *, *, #3240, .T. ) ;
#245 = ORIENTED_EDGE ( 'NONE', *, *, #3174, .T. ) ;
#246 = SURFACE_STYLE_FILL_AREA ( #4535 ) ;
#247 = CARTESIAN_POINT ( 'NONE',  ( 60.77127860333799703, 8.000000000000007105, 0.0000000000000000000 ) ) ;
#248 = ORIENTED_EDGE ( 'NONE', *, *, #4390, .F. ) ;
#249 = EDGE_LOOP ( 'NONE', ( #4400, #4770, #814, #4582, #3218 ) ) ;
#250 = AXIS2_PLACEMENT_3D ( 'NONE', #4239, #4309, #4281 ) ;
#251 = AXIS2_PLACEMENT_3D ( 'NONE', #3107, #3266, #3231 ) ;
#252 = CARTESIAN_POINT ( 'NONE',  ( -31.74999999999995737, 0.0000000000000000000, 0.0000000000000000000 ) ) ;
#253 = ORIENTED_EDGE ( 'NONE', *, *, #4158, .T. ) ;
#254 = DIRECTION ( 'NONE',  ( 1.000000000000000000, 1.224606353822377258E-16, 0.0000000000000000000 ) ) ;
#255 = ORIENTED_EDGE ( 'NONE', *, *, #3563, .F. ) ;
#256 = AXIS2_PLACEMENT_3D ( 'NONE', #3312, #3364, #3307 ) ;
#257 = AXIS2_PLACEMENT_3D ( 'NONE', #2187, #2393, #2684 ) ;
#258 = DIRECTION ( 'NONE',  ( 0.0000000000000000000, -1.000000000000000000, 0.0000000000000000000 ) ) ;
#259 = AXIS2_PLACEMENT_3D ( 'NONE', #3586, #809, #4967 ) ;
#260 = CARTESIAN_POINT ( 'NONE',  ( 36.77127860333799703, 3.177397763569330469E-15, 0.0000000000000000000 ) ) ;
#261 = CIRCLE ( 'NONE', #114, 8.000000000000003553 ) ;
#262 = DIRECTION ( 'NONE',  ( 0.0000000000000000000, -1.000000000000000000, 0.0000000000000000000 ) ) ;
#263 = AXIS2_PLACEMENT_3D ( 'NONE', #4972, #3933, #226 ) ;
#264 = AXIS2_PLACEMENT_3D ( 'NONE', #3297, #3292, #3277 ) ;
#265 = FACE_OUTER_BOUND ( 'NONE', #2832, .T. ) ;
#266 = CONICAL_SURFACE ( 'NONE', #457, 6.898500000000003851, 0.9599310885968754814 ) ;
#267 = AXIS2_PLACEMENT_3D ( 'NONE', #3343, #3335, #3330 ) ;
#268 = AXIS2_PLACEMENT_3D ( 'NONE', #141, #3220, #1838 ) ;
#269 = FACE_OUTER_BOUND ( 'NONE', #3687, .T. ) ;
#270 = VERTEX_POINT ( 'NONE', #1038 ) ;
#271 = CARTESIAN_POINT ( 'NONE',  ( 24.77127860333799703, 3.177397763569330469E-15, 0.0000000000000000000 ) ) ;
#272 = DIRECTION ( 'NONE',  ( -1.000000000000000000, -1.224606353822377258E-16, -0.0000000000000000000 ) ) ;
#273 = CIRCLE ( 'NONE', #344, 8.000000000000003553 ) ;
#274 = CARTESIAN_POINT ( 'NONE',  ( 55.22872139666199587, -7.999999999999998224, 0.0000000000000000000 ) ) ;
#275 = AXIS2_PLACEMENT_3D ( 'NONE', #630, #642, #962 ) ;
#276 = AXIS2_PLACEMENT_3D ( 'NONE', #3405, #3394, #3387 ) ;
#277 = VERTEX_POINT ( 'NONE', #1094 ) ;
#278 = ORIENTED_EDGE ( 'NONE', *, *, #4157, .T. ) ;
#279 = FILL_AREA_STYLE_COLOUR ( '', #2580 ) ;
#280 = AXIS2_PLACEMENT_3D ( 'NONE', #1958, #1544, #1941 ) ;
#281 = LINE ( 'NONE', #3361, #2563 ) ;
#282 = CARTESIAN_POINT ( 'NONE',  ( 60.77127860333799703, 3.177397763569330469E-15, 0.0000000000000000000 ) ) ;
#283 = ORIENTED_EDGE ( 'NONE', *, *, #2892, .T. ) ;
#284 = CARTESIAN_POINT ( 'NONE',  ( 59.22872139666199587, -7.999999999999998224, 0.0000000000000000000 ) ) ;
#285 = VERTEX_POINT ( 'NONE', #4784 ) ;
#286 = CIRCLE ( 'NONE', #925, 6.898500000000003851 ) ;
#287 = ORIENTED_EDGE ( 'NONE', *, *, #4322, .F. ) ;
#288 = ORIENTED_EDGE ( 'NONE', *, *, #2599, .F. ) ;
#289 = AXIS2_PLACEMENT_3D ( 'NONE', #2087, #2065, #1490 ) ;
#290 = CARTESIAN_POINT ( 'NONE',  ( 49.22872139666199587, 8.000000000000008882, 9.797174393178831574E-16 ) ) ;
#291 = ORIENTED_EDGE ( 'NONE', *, *, #3439, .F. ) ;
#292 = CARTESIAN_POINT ( 'NONE',  ( 41.99999999999999289, -6.898500000000000298, 9.122700168548424621E-16 ) ) ;
#293 = VECTOR ( 'NONE', #3795, 1000.000000000000000 ) ;
#294 = ADVANCED_FACE ( 'NONE', ( #1612 ), #1203, .T. ) ;
#295 = ORIENTED_EDGE ( 'NONE', *, *, #2664, .T. ) ;
#296 = CARTESIAN_POINT ( 'NONE',  ( -31.74999999999995737, 0.0000000000000000000, 0.0000000000000000000 ) ) ;
#297 = ORIENTED_EDGE ( 'NONE', *, *, #4157, .F. ) ;
#298 = ORIENTED_EDGE ( 'NONE', *, *, #3065, .F. ) ;
#299 = ORIENTED_EDGE ( 'NONE', *, *, #3963, .T. ) ;
#300 = AXIS2_PLACEMENT_3D ( 'NONE', #4183, #3773, #1622 ) ;
#301 = CIRCLE ( 'NONE', #1391, 6.898500000000003851 ) ;
#302 = AXIS2_PLACEMENT_3D ( 'NONE', #3332, #2968, #201 ) ;
#303 = AXIS2_PLACEMENT_3D ( 'NONE', #3726, #3725, #3721 ) ;
#304 = DIRECTION ( 'NONE',  ( 0.0000000000000000000, -1.000000000000000000, 0.0000000000000000000 ) ) ;
#305 = SURFACE_STYLE_FILL_AREA ( #3463 ) ;
#306 = CARTESIAN_POINT ( 'NONE',  ( 35.22872139666199587, -7.999999999999998224, 0.0000000000000000000 ) ) ;
#307 = ORIENTED_EDGE ( 'NONE', *, *, #2279, .F. ) ;
#308 = VERTEX_POINT ( 'NONE', #1072 ) ;
#309 = ORIENTED_EDGE ( 'NONE', *, *, #3496, .F. ) ;
#310 = EDGE_LOOP ( 'NONE', ( #5008, #3574, #4707, #3901, #5022 ) ) ;
#311 = AXIS2_PLACEMENT_3D ( 'NONE', #1990, #1430, #3062 ) ;
#312 = DIRECTION ( 'NONE',  ( 0.0000000000000000000, 0.0000000000000000000, 1.000000000000000000 ) ) ;
#313 = CARTESIAN_POINT ( 'NONE',  ( -31.74999999999995737, 0.0000000000000000000, 0.0000000000000000000 ) ) ;
#314 = DIRECTION ( 'NONE',  ( 0.0000000000000000000, -1.000000000000000000, 0.0000000000000000000 ) ) ;
#315 = ORIENTED_EDGE ( 'NONE', *, *, #3401, .T. ) ;
#316 = PLANE ( 'NONE',  #2877 ) ;
#317 = DIRECTION ( 'NONE',  ( 0.0000000000000000000, -1.000000000000000000, 0.0000000000000000000 ) ) ;
#318 = AXIS2_PLACEMENT_3D ( 'NONE', #4717, #3943, #1250 ) ;
#319 = VERTEX_POINT ( 'NONE', #4763 ) ;
#320 = CARTESIAN_POINT ( 'NONE',  ( 52.77127860333799703, -2.619264724366640760E-29, 8.000000000000003553 ) ) ;
#321 = ORIENTED_EDGE ( 'NONE', *, *, #2861, .F. ) ;
#322 = CONICAL_SURFACE ( 'NONE', #2156, 6.898500000000003851, 0.9599310885968754814 ) ;
#323 = DIRECTION ( 'NONE',  ( 0.0000000000000000000, -1.000000000000000000, 0.0000000000000000000 ) ) ;
#324 = DIRECTION ( 'NONE',  ( -1.000000000000000000, -1.224606353822377258E-16, -0.0000000000000000000 ) ) ;
#325 = LINE ( 'NONE', #502, #1446 ) ;
#326 = CARTESIAN_POINT ( 'NONE',  ( 30.00000000000000000, 6.898500000000007404, 0.0000000000000000000 ) ) ;
#327 = CARTESIAN_POINT ( 'NONE',  ( 38.77127860333799703, 3.177397763569330469E-15, 0.0000000000000000000 ) ) ;
#328 = VERTEX_POINT ( 'NONE', #1055 ) ;
#329 = AXIS2_PLACEMENT_3D ( 'NONE', #1372, #1349, #1343 ) ;
#330 = VERTEX_POINT ( 'NONE', #1127 ) ;
#331 = AXIS2_PLACEMENT_3D ( 'NONE', #1805, #1389, #660 ) ;
#332 = CARTESIAN_POINT ( 'NONE',  ( 30.00000000000000000, -6.898500000000000298, 0.0000000000000000000 ) ) ;
#333 = CYLINDRICAL_SURFACE ( 'NONE', #1767, 7.999999999999937828 ) ;
#334 = CARTESIAN_POINT ( 'NONE',  ( 40.00000000000000000, 3.082946495747834590E-15, 0.0000000000000000000 ) ) ;
#335 = DIRECTION ( 'NONE',  ( -1.000000000000000000, -1.224606353822377258E-16, -0.0000000000000000000 ) ) ;
#336 = CARTESIAN_POINT ( 'NONE',  ( 41.22872139666198876, 9.797174393178585055E-16, -8.000000000000003553 ) ) ;
#337 = DIRECTION ( 'NONE',  ( 0.0000000000000000000, 1.000000000000000000, 0.0000000000000000000 ) ) ;
#338 = VECTOR ( 'NONE', #2431, 1000.000000000000000 ) ;
#339 = AXIS2_PLACEMENT_3D ( 'NONE', #4651, #4650, #2050 ) ;
#340 = ORIENTED_EDGE ( 'NONE', *, *, #3056, .T. ) ;
#341 = CIRCLE ( 'NONE', #381, 6.898500000000003851 ) ;
#342 = AXIS2_PLACEMENT_3D ( 'NONE', #3039, #2891, #4360 ) ;
#343 = EDGE_LOOP ( 'NONE', ( #4161, #3097, #1144, #3329, #1237 ) ) ;
#344 = AXIS2_PLACEMENT_3D ( 'NONE', #1669, #1672, #4729 ) ;
#345 = CARTESIAN_POINT ( 'NONE',  ( 29.22872139666199587, 2.988495227926337133E-15, 0.0000000000000000000 ) ) ;
#346 = AXIS2_PLACEMENT_3D ( 'NONE', #1478, #3627, #1454 ) ;
#347 = DIRECTION ( 'NONE',  ( -1.000000000000000000, -1.224606353822377258E-16, -0.0000000000000000000 ) ) ;
#348 = EDGE_LOOP ( 'NONE', ( #1531, #1189, #2409, #3514, #4926 ) ) ;
#349 = DIRECTION ( 'NONE',  ( -1.000000000000000000, -1.224606353822377258E-16, -0.0000000000000000000 ) ) ;
#350 = CARTESIAN_POINT ( 'NONE',  ( 64.89849999999991326, 9.797174393178673802E-16, -7.999999999999875655 ) ) ;
#351 = VECTOR ( 'NONE', #746, 999.9999999999998863 ) ;
#352 = ORIENTED_EDGE ( 'NONE', *, *, #4389, .F. ) ;
#353 = CARTESIAN_POINT ( 'NONE',  ( 50.77127860333799703, 3.177397763569330469E-15, 0.0000000000000000000 ) ) ;
#354 = AXIS2_PLACEMENT_3D ( 'NONE', #2270, #1536, #1639 ) ;
#355 = CARTESIAN_POINT ( 'NONE',  ( 27.99999999999999645, 6.898500000000007404, 8.448225943918020627E-16 ) ) ;
#356 = EDGE_LOOP ( 'NONE', ( #3666, #1975, #3377, #1896, #1551 ) ) ;
#357 = DIRECTION ( 'NONE',  ( -0.5735764363510509334, 0.8191520442889884679, 1.003171929053520802E-16 ) ) ;
#358 = AXIS2_PLACEMENT_3D ( 'NONE', #1802, #1614, #1852 ) ;
#359 = AXIS2_PLACEMENT_3D ( 'NONE', #3642, #3653, #3665 ) ;
#360 = VERTEX_POINT ( 'NONE', #1026 ) ;
#361 = DIRECTION ( 'NONE',  ( -0.0000000000000000000, 0.0000000000000000000, 1.000000000000000000 ) ) ;
#362 = DIRECTION ( 'NONE',  ( 0.0000000000000000000, 1.000000000000000000, 0.0000000000000000000 ) ) ;
#363 = CIRCLE ( 'NONE', #1161, 8.000000000000003553 ) ;
#364 = DIRECTION ( 'NONE',  ( 1.000000000000000000, 1.224606353822377258E-16, 0.0000000000000000000 ) ) ;
#365 = AXIS2_PLACEMENT_3D ( 'NONE', #1973, #4716, #447 ) ;
#366 = AXIS2_PLACEMENT_3D ( 'NONE', #327, #1866, #362 ) ;
#367 = CARTESIAN_POINT ( 'NONE',  ( 30.77127860333799703, 8.000000000000007105, 0.0000000000000000000 ) ) ;
#368 = CIRCLE ( 'NONE', #1348, 8.000000000000003553 ) ;
#369 = ORIENTED_EDGE ( 'NONE', *, *, #2794, .F. ) ;
#370 = ORIENTED_EDGE ( 'NONE', *, *, #2757, .F. ) ;
#371 = VERTEX_POINT ( 'NONE', #1129 ) ;
#372 = DIRECTION ( 'NONE',  ( 0.0000000000000000000, -1.000000000000000000, 0.0000000000000000000 ) ) ;
#373 = ADVANCED_FACE ( 'NONE', ( #1546 ), #1414, .T. ) ;
#374 = DIRECTION ( 'NONE',  ( -1.000000000000000000, -1.224606353822377258E-16, -0.0000000000000000000 ) ) ;
#375 = ORIENTED_EDGE ( 'NONE', *, *, #3031, .F. ) ;
#376 = ORIENTED_EDGE ( 'NONE', *, *, #3675, .T. ) ;
#377 = DIRECTION ( 'NONE',  ( -0.5735764363510507113, -0.8191520442889885789, 0.0000000000000000000 ) ) ;
#378 = ORIENTED_EDGE ( 'NONE', *, *, #3954, .F. ) ;
#379 = AXIS2_PLACEMENT_3D ( 'NONE', #3570, #349, #317 ) ;
#380 = CARTESIAN_POINT ( 'NONE',  ( 52.77127860333799703, -8.000000000000001776, 9.797174393178833546E-16 ) ) ;
#381 = AXIS2_PLACEMENT_3D ( 'NONE', #3179, #347, #154 ) ;
#382 = AXIS2_PLACEMENT_3D ( 'NONE', #2319, #2277, #2120 ) ;
#383 = ORIENTED_EDGE ( 'NONE', *, *, #4188, .T. ) ;
#384 = DIRECTION ( 'NONE',  ( 0.0000000000000000000, -1.000000000000000000, 0.0000000000000000000 ) ) ;
#385 = AXIS2_PLACEMENT_3D ( 'NONE', #3859, #3685, #2184 ) ;
#386 = CIRCLE ( 'NONE', #1617, 12.00000000000000000 ) ;
#387 = DIRECTION ( 'NONE',  ( 0.5735764363510472696, 0.8191520442889909104, 0.0000000000000000000 ) ) ;
#388 = VERTEX_POINT ( 'NONE', #3623 ) ;
#389 = CARTESIAN_POINT ( 'NONE',  ( 32.00000000000000000, 3.082946495747834590E-15, 0.0000000000000000000 ) ) ;
#390 = CARTESIAN_POINT ( 'NONE',  ( 60.00000000000000000, 3.082946495747834590E-15, 0.0000000000000000000 ) ) ;
#391 = PRESENTATION_STYLE_ASSIGNMENT (( #4304 ) ) ;
#392 = ORIENTED_EDGE ( 'NONE', *, *, #4254, .F. ) ;
#393 = FILL_AREA_STYLE ('',( #3885 ) ) ;
#394 = DIRECTION ( 'NONE',  ( 0.0000000000000000000, -1.000000000000000000, 0.0000000000000000000 ) ) ;
#395 = FACE_OUTER_BOUND ( 'NONE', #3807, .T. ) ;
#396 = VECTOR ( 'NONE', #3922, 1000.000000000000114 ) ;
#397 = DIRECTION ( 'NONE',  ( 0.0000000000000000000, -1.000000000000000000, 0.0000000000000000000 ) ) ;
#398 = LINE ( 'NONE', #3612, #3186 ) ;
#399 = AXIS2_PLACEMENT_3D ( 'NONE', #139, #28, #3386 ) ;
#400 = AXIS2_PLACEMENT_3D ( 'NONE', #282, #4920, #262 ) ;
#401 = ORIENTED_EDGE ( 'NONE', *, *, #3823, .F. ) ;
#402 = DIRECTION ( 'NONE',  ( 1.000000000000000000, 0.0000000000000000000, 0.0000000000000000000 ) ) ;
#403 = CARTESIAN_POINT ( 'NONE',  ( 44.77127860333799703, -8.000000000000000000, 9.797174393178831574E-16 ) ) ;
#404 = CIRCLE ( 'NONE', #382, 8.000000000000003553 ) ;
#405 = CARTESIAN_POINT ( 'NONE',  ( 53.22872139666199587, 9.797174393178585055E-16, -8.000000000000003553 ) ) ;
#406 = DIRECTION ( 'NONE',  ( 1.000000000000000000, 1.224606353822377258E-16, 0.0000000000000000000 ) ) ;
#407 = AXIS2_PLACEMENT_3D ( 'NONE', #3238, #119, #258 ) ;
#408 = AXIS2_PLACEMENT_3D ( 'NONE', #1904, #1968, #1971 ) ;
#409 = DIRECTION ( 'NONE',  ( -1.000000000000000000, -1.224606353822377258E-16, -0.0000000000000000000 ) ) ;
#410 = CYLINDRICAL_SURFACE ( 'NONE', #102, 7.999999999999937828 ) ;
#411 = AXIS2_PLACEMENT_3D ( 'NONE', #981, #1028, #948 ) ;
#412 = CARTESIAN_POINT ( 'NONE',  ( 64.77127860333800413, -8.000000000000001776, 9.797174393178833546E-16 ) ) ;
#413 = ORIENTED_EDGE ( 'NONE', *, *, #3633, .T. ) ;
#414 = CARTESIAN_POINT ( 'NONE',  ( -31.74999999999995737, 0.0000000000000000000, 0.0000000000000000000 ) ) ;
#415 = ADVANCED_FACE ( 'NONE', ( #1483 ), #930, .T. ) ;
#416 = DIRECTION ( 'NONE',  ( 0.5735764363510474917, -0.8191520442889907994, 1.003171929053523514E-16 ) ) ;
#417 = DIRECTION ( 'NONE',  ( -1.000000000000000000, -1.224606353822377258E-16, -0.0000000000000000000 ) ) ;
#418 = AXIS2_PLACEMENT_3D ( 'NONE', #4963, #4969, #4974 ) ;
#419 = EDGE_LOOP ( 'NONE', ( #703, #3414, #707, #870, #1066 ) ) ;
#420 = AXIS2_PLACEMENT_3D ( 'NONE', #4882, #4891, #4893 ) ;
#421 = CIRCLE ( 'NONE', #1888, 8.000000000000003553 ) ;
#422 = ORIENTED_EDGE ( 'NONE', *, *, #3564, .T. ) ;
#423 = LINE ( 'NONE', #3256, #469 ) ;
#424 = VERTEX_POINT ( 'NONE', #1136 ) ;
#425 = CARTESIAN_POINT ( 'NONE',  ( 24.77127860333799703, 3.177397763569330469E-15, 0.0000000000000000000 ) ) ;
#426 = ORIENTED_EDGE ( 'NONE', *, *, #2247, .F. ) ;
#427 = AXIS2_PLACEMENT_3D ( 'NONE', #4684, #4688, #4726 ) ;
#428 = CIRCLE ( 'NONE', #976, 8.000000000000003553 ) ;
#429 = ORIENTED_EDGE ( 'NONE', *, *, #4194, .F. ) ;
#430 = ORIENTED_EDGE ( 'NONE', *, *, #4120, .F. ) ;
#431 = DIRECTION ( 'NONE',  ( -0.5735764363510507113, -0.8191520442889885789, 0.0000000000000000000 ) ) ;
#432 = LINE ( 'NONE', #2735, #4211 ) ;
#433 = CONICAL_SURFACE ( 'NONE', #1916, 8.000000000000003553, 0.9599310885968797002 ) ;
#434 = VERTEX_POINT ( 'NONE', #4715 ) ;
#435 = ORIENTED_EDGE ( 'NONE', *, *, #2821, .F. ) ;
#436 = DIRECTION ( 'NONE',  ( -1.000000000000000000, -0.0000000000000000000, -0.0000000000000000000 ) ) ;
#437 = LINE ( 'NONE', #4018, #3651 ) ;
#438 = AXIS2_PLACEMENT_3D ( 'NONE', #4556, #4579, #4581 ) ;
#439 = AXIS2_PLACEMENT_3D ( 'NONE', #4476, #4483, #3747 ) ;
#440 = AXIS2_PLACEMENT_3D ( 'NONE', #4345, #4366, #2611 ) ;
#441 = ORIENTED_EDGE ( 'NONE', *, *, #3835, .T. ) ;
#442 = ORIENTED_EDGE ( 'NONE', *, *, #2475, .F. ) ;
#443 = DIRECTION ( 'NONE',  ( 0.0000000000000000000, 1.000000000000000000, 0.0000000000000000000 ) ) ;
#444 = CIRCLE ( 'NONE', #1362, 8.000000000000003553 ) ;
#445 = ORIENTED_EDGE ( 'NONE', *, *, #3783, .F. ) ;
#446 = CARTESIAN_POINT ( 'NONE',  ( 43.22872139666199587, 2.988495227926337133E-15, 0.0000000000000000000 ) ) ;
#447 = DIRECTION ( 'NONE',  ( 0.0000000000000000000, -1.000000000000000000, 0.0000000000000000000 ) ) ;
#448 = DIRECTION ( 'NONE',  ( 0.0000000000000000000, 1.000000000000000000, 0.0000000000000000000 ) ) ;
#449 = VERTEX_POINT ( 'NONE', #5006 ) ;
#450 = EDGE_CURVE ( 'NONE', #1845, #1855, #1486, .T. ) ;
#451 = ORIENTED_EDGE ( 'NONE', *, *, #4170, .F. ) ;
#452 = VERTEX_POINT ( 'NONE', #2879 ) ;
#453 = VERTEX_POINT ( 'NONE', #1014 ) ;
#454 = ORIENTED_EDGE ( 'NONE', *, *, #3424, .F. ) ;
#455 = EDGE_CURVE ( 'NONE', #3600, #1845, #1082, .T. ) ;
#456 = DIRECTION ( 'NONE',  ( 1.000000000000000000, 1.224606353822377258E-16, 0.0000000000000000000 ) ) ;
#457 = AXIS2_PLACEMENT_3D ( 'NONE', #4575, #4173, #4072 ) ;
#458 = ORIENTED_EDGE ( 'NONE', *, *, #3437, .F. ) ;
#459 = DIRECTION ( 'NONE',  ( -0.5735764363510507113, -0.8191520442889885789, 0.0000000000000000000 ) ) ;
#460 = TOROIDAL_SURFACE ( 'NONE', #2929, 11.19999999999999929, 0.8000000000000000444 ) ;
#461 = EDGE_LOOP ( 'NONE', ( #199, #4110, #3060, #2078, #3410, #1358 ) ) ;
#462 = CARTESIAN_POINT ( 'NONE',  ( 48.77127860333799703, 3.177397763569330469E-15, 0.0000000000000000000 ) ) ;
#463 = CONICAL_SURFACE ( 'NONE', #2158, 6.898500000000003851, 0.9599310885968754814 ) ;
#464 = FACE_OUTER_BOUND ( 'NONE', #712, .T. ) ;
#465 = AXIS2_PLACEMENT_3D ( 'NONE', #4848, #4122, #4092 ) ;
#466 = DIRECTION ( 'NONE',  ( -1.000000000000000000, -1.224606353822377258E-16, -0.0000000000000000000 ) ) ;
#467 = CARTESIAN_POINT ( 'NONE',  ( -31.74999999999995737, 0.0000000000000000000, 0.0000000000000000000 ) ) ;
#468 = DIRECTION ( 'NONE',  ( 0.0000000000000000000, 0.0000000000000000000, 1.000000000000000000 ) ) ;
#469 = VECTOR ( 'NONE', #1880, 1000.000000000000000 ) ;
#470 = DIRECTION ( 'NONE',  ( 0.0000000000000000000, -1.000000000000000000, 0.0000000000000000000 ) ) ;
#471 = LINE ( 'NONE', #4189, #1873 ) ;
#472 = DIRECTION ( 'NONE',  ( -1.000000000000000000, -0.0000000000000000000, -0.0000000000000000000 ) ) ;
#473 = CARTESIAN_POINT ( 'NONE',  ( 48.77127860333799703, -8.000000000000001776, 9.797174393178833546E-16 ) ) ;
#474 = AXIS2_PLACEMENT_3D ( 'NONE', #4820, #4697, #4658 ) ;
#475 = ORIENTED_EDGE ( 'NONE', *, *, #4078, .T. ) ;
#476 = VECTOR ( 'NONE', #1405, 1000.000000000000114 ) ;
#477 = CARTESIAN_POINT ( 'NONE',  ( 0.8000000000000020428, 0.0000000000000000000, 0.0000000000000000000 ) ) ;
#478 = FACE_OUTER_BOUND ( 'NONE', #3844, .T. ) ;
#479 = VECTOR ( 'NONE', #1987, 1000.000000000000000 ) ;
#480 = AXIS2_PLACEMENT_3D ( 'NONE', #4780, #4796, #4819 ) ;
#481 = AXIS2_PLACEMENT_3D ( 'NONE', #4069, #3614, #4009 ) ;
#482 = ORIENTED_EDGE ( 'NONE', *, *, #3073, .F. ) ;
#483 = CIRCLE ( 'NONE', #276, 8.000000000000003553 ) ;
#484 = CARTESIAN_POINT ( 'NONE',  ( 48.77127860333799703, -2.696301922142130194E-29, 8.000000000000003553 ) ) ;
#485 = ORIENTED_EDGE ( 'NONE', *, *, #3823, .T. ) ;
#486 = ORIENTED_EDGE ( 'NONE', *, *, #4160, .F. ) ;
#487 = FACE_OUTER_BOUND ( 'NONE', #343, .T. ) ;
#488 = FACE_OUTER_BOUND ( 'NONE', #1299, .T. ) ;
#489 = ORIENTED_EDGE ( 'NONE', *, *, #3728, .T. ) ;
#490 = CIRCLE ( 'NONE', #1139, 8.000000000000003553 ) ;
#491 = DIRECTION ( 'NONE',  ( -1.000000000000000000, -0.0000000000000000000, -0.0000000000000000000 ) ) ;
#492 = VECTOR ( 'NONE', #4733, 1000.000000000000000 ) ;
#493 = CIRCLE ( 'NONE', #1293, 8.000000000000003553 ) ;
#494 = VERTEX_POINT ( 'NONE', #1275 ) ;
#495 = CARTESIAN_POINT ( 'NONE',  ( 33.22872139666199587, 9.797174393178585055E-16, -8.000000000000003553 ) ) ;
#496 = CARTESIAN_POINT ( 'NONE',  ( 54.00000000000000000, 6.898500000000007404, 0.0000000000000000000 ) ) ;
#497 = AXIS2_PLACEMENT_3D ( 'NONE', #3871, #3882, #3906 ) ;
#498 = ORIENTED_EDGE ( 'NONE', *, *, #3849, .T. ) ;
#499 = AXIS2_PLACEMENT_3D ( 'NONE', #3818, #3820, #3827 ) ;
#500 = VERTEX_POINT ( 'NONE', #1150 ) ;
#501 = CARTESIAN_POINT ( 'NONE',  ( 52.77127860333799703, 3.177397763569330469E-15, 0.0000000000000000000 ) ) ;
#502 = CARTESIAN_POINT ( 'NONE',  ( 30.77127860333799703, -8.000000000000000000, 9.797174393178831574E-16 ) ) ;
#503 = ORIENTED_EDGE ( 'NONE', *, *, #3056, .F. ) ;
#504 = DIRECTION ( 'NONE',  ( 0.0000000000000000000, 0.0000000000000000000, 1.000000000000000000 ) ) ;
#505 = CIRCLE ( 'NONE', #1407, 8.000000000000003553 ) ;
#506 = AXIS2_PLACEMENT_3D ( 'NONE', #3708, #3716, #3718 ) ;
#507 = AXIS2_PLACEMENT_3D ( 'NONE', #3242, #3282, #3293 ) ;
#508 = CARTESIAN_POINT ( 'NONE',  ( 43.22872139666199587, 2.988495227926337133E-15, 0.0000000000000000000 ) ) ;
#509 = EDGE_LOOP ( 'NONE', ( #1893, #983, #2868, #2799, #591 ) ) ;
#510 = DIRECTION ( 'NONE',  ( 0.0000000000000000000, 1.000000000000000000, 0.0000000000000000000 ) ) ;
#511 = DIRECTION ( 'NONE',  ( -1.000000000000000000, -1.224606353822377258E-16, -0.0000000000000000000 ) ) ;
#512 = ORIENTED_EDGE ( 'NONE', *, *, #2786, .F. ) ;
#513 = CARTESIAN_POINT ( 'NONE',  ( 45.22872139666199587, -7.999999999999998224, 0.0000000000000000000 ) ) ;
#514 = AXIS2_PLACEMENT_3D ( 'NONE', #3486, #3515, #3523 ) ;
#515 = VERTEX_POINT ( 'NONE', #1281 ) ;
#516 = DIRECTION ( 'NONE',  ( 1.000000000000000000, 1.224606353822377258E-16, 0.0000000000000000000 ) ) ;
#517 = CARTESIAN_POINT ( 'NONE',  ( 40.77127860333799703, 9.797174393178569278E-16, -8.000000000000003553 ) ) ;
#518 = CIRCLE ( 'NONE', #4970, 8.000000000000003553 ) ;
#519 = EDGE_LOOP ( 'NONE', ( #2726, #4878, #3507, #889, #4601 ) ) ;
#520 = FACE_OUTER_BOUND ( 'NONE', #3709, .T. ) ;
#521 = CARTESIAN_POINT ( 'NONE',  ( 44.00000000000000000, -6.898500000000000298, 0.0000000000000000000 ) ) ;
#522 = CIRCLE ( 'NONE', #427, 6.898500000000003851 ) ;
#523 = DIRECTION ( 'NONE',  ( -1.000000000000000000, -0.0000000000000000000, -0.0000000000000000000 ) ) ;
#524 = ORIENTED_EDGE ( 'NONE', *, *, #3855, .F. ) ;
#525 = AXIS2_PLACEMENT_3D ( 'NONE', #3180, #3213, #3216 ) ;
#526 =( NAMED_UNIT ( * ) PLANE_ANGLE_UNIT ( ) SI_UNIT ( $, .RADIAN. ) );
#527 = AXIS2_PLACEMENT_3D ( 'NONE', #3037, #3058, #3093 ) ;
#528 = DIRECTION ( 'NONE',  ( 0.0000000000000000000, -1.000000000000000000, 0.0000000000000000000 ) ) ;
#529 = CARTESIAN_POINT ( 'NONE',  ( 58.00000000000000000, -6.898500000000000298, 9.122700168548424621E-16 ) ) ;
#530 = ORIENTED_EDGE ( 'NONE', *, *, #2539, .F. ) ;
#531 = CARTESIAN_POINT ( 'NONE',  ( 61.22872139666199587, 8.000000000000008882, 9.797174393178831574E-16 ) ) ;
#532 = VECTOR ( 'NONE', #2028, 1000.000000000000000 ) ;
#533 = AXIS2_PLACEMENT_3D ( 'NONE', #2896, #2906, #2933 ) ;
#534 = EDGE_CURVE ( 'NONE', #3739, #434, #796, .T. ) ;
#535 = CARTESIAN_POINT ( 'NONE',  ( -31.74999999999995737, 0.0000000000000000000, 0.0000000000000000000 ) ) ;
#536 = VERTEX_POINT ( 'NONE', #1157 ) ;
#537 = FACE_OUTER_BOUND ( 'NONE', #4712, .T. ) ;
#538 = CARTESIAN_POINT ( 'NONE',  ( -31.74999999999995737, 0.0000000000000000000, 7.999999999999937828 ) ) ;
#539 = CARTESIAN_POINT ( 'NONE',  ( 32.00000000000000000, -6.898500000000000298, 9.122700168548424621E-16 ) ) ;
#540 = LINE ( 'NONE', #4689, #151 ) ;
#541 = CARTESIAN_POINT ( 'NONE',  ( 54.00000000000000000, -6.898500000000000298, 9.122700168548424621E-16 ) ) ;
#542 = AXIS2_PLACEMENT_3D ( 'NONE', #2814, #3701, #3606 ) ;
#543 = ORIENTED_EDGE ( 'NONE', *, *, #3628, .T. ) ;
#544 = CARTESIAN_POINT ( 'NONE',  ( 32.77127860333799703, 8.000000000000007105, 0.0000000000000000000 ) ) ;
#545 = DIRECTION ( 'NONE',  ( 0.0000000000000000000, 0.0000000000000000000, 1.000000000000000000 ) ) ;
#546 = CARTESIAN_POINT ( 'NONE',  ( 33.22872139666199587, -2.465190328815661892E-29, 8.000000000000003553 ) ) ;
#547 = ORIENTED_EDGE ( 'NONE', *, *, #2869, .T. ) ;
#548 = ORIENTED_EDGE ( 'NONE', *, *, #3113, .T. ) ;
#549 = CONICAL_SURFACE ( 'NONE', #152, 8.000000000000003553, 0.9599310885968797002 ) ;
#550 = AXIS2_PLACEMENT_3D ( 'NONE', #2665, #2689, #2704 ) ;
#551 = AXIS2_PLACEMENT_3D ( 'NONE', #2483, #2491, #2527 ) ;
#552 = EDGE_LOOP ( 'NONE', ( #1575, #1591, #4984, #24, #4628 ) ) ;
#553 = CARTESIAN_POINT ( 'NONE',  ( 26.77127860333799703, 3.177397763569330469E-15, 0.0000000000000000000 ) ) ;
#554 = ORIENTED_EDGE ( 'NONE', *, *, #2383, .F. ) ;
#555 = CARTESIAN_POINT ( 'NONE',  ( 30.77127860333799703, 8.000000000000005329, 0.0000000000000000000 ) ) ;
#556 = VECTOR ( 'NONE', #1709, 1000.000000000000000 ) ;
#557 = ORIENTED_EDGE ( 'NONE', *, *, #3790, .T. ) ;
#558 = ORIENTED_EDGE ( 'NONE', *, *, #4261, .F. ) ;
#559 = EDGE_LOOP ( 'NONE', ( #4610, #4131, #3982, #4604, #3697, #2768 ) ) ;
#560 =( GEOMETRIC_REPRESENTATION_CONTEXT ( 3 ) GLOBAL_UNCERTAINTY_ASSIGNED_CONTEXT ( ( #198 ) ) GLOBAL_UNIT_ASSIGNED_CONTEXT ( ( #124, #105, #80 ) ) REPRESENTATION_CONTEXT ( 'NONE', 'WORKASPACE' ) );
#561 = EDGE_LOOP ( 'NONE', ( #2378, #3582, #129, #4335, #2693, #1835 ) ) ;
#562 = VECTOR ( 'NONE', #3806, 1000.000000000000000 ) ;
#563 = DIRECTION ( 'NONE',  ( -1.000000000000000000, -1.224606353822377258E-16, -0.0000000000000000000 ) ) ;
#564 = CARTESIAN_POINT ( 'NONE',  ( 40.77127860333799703, -8.000000000000001776, 9.797174393178833546E-16 ) ) ;
#565 = LINE ( 'NONE', #4719, #492 ) ;
#566 = CARTESIAN_POINT ( 'NONE',  ( 22.00000000000000000, 6.898500000000007404, 0.0000000000000000000 ) ) ;
#567 = DIRECTION ( 'NONE',  ( 0.5735764363510472696, 0.8191520442889909104, 0.0000000000000000000 ) ) ;
#568 = CARTESIAN_POINT ( 'NONE',  ( 38.00000000000000000, 3.082946495747834590E-15, 0.0000000000000000000 ) ) ;
#569 = VERTEX_POINT ( 'NONE', #1688 ) ;
#570 = AXIS2_PLACEMENT_3D ( 'NONE', #2376, #2394, #2427 ) ;
#571 = DIRECTION ( 'NONE',  ( 0.0000000000000000000, -1.000000000000000000, 0.0000000000000000000 ) ) ;
#572 = VERTEX_POINT ( 'NONE', #1181 ) ;
#573 = VERTEX_POINT ( 'NONE', #3327 ) ;
#574 = AXIS2_PLACEMENT_3D ( 'NONE', #2135, #2164, #2197 ) ;
#575 = AXIS2_PLACEMENT_3D ( 'NONE', #2032, #2035, #2051 ) ;
#576 = VERTEX_POINT ( 'NONE', #1205 ) ;
#577 = CARTESIAN_POINT ( 'NONE',  ( 25.22872139666199232, -2.426671729927917175E-29, 8.000000000000003553 ) ) ;
#578 = DIRECTION ( 'NONE',  ( -1.000000000000000000, -1.224606353822377258E-16, -0.0000000000000000000 ) ) ;
#579 = CONICAL_SURFACE ( 'NONE', #3908, 6.898500000000003851, 0.9599310885968754814 ) ;
#580 = CARTESIAN_POINT ( 'NONE',  ( 48.77127860333799703, 3.177397763569330469E-15, 0.0000000000000000000 ) ) ;
#581 = CARTESIAN_POINT ( 'NONE',  ( 56.00000000000000000, -6.898500000000000298, 9.122700168548424621E-16 ) ) ;
#582 = VERTEX_POINT ( 'NONE', #4685 ) ;
#583 = AXIS2_PLACEMENT_3D ( 'NONE', #1927, #1907, #1780 ) ;
#584 = VERTEX_POINT ( 'NONE', #1182 ) ;
#585 = DIRECTION ( 'NONE',  ( 0.0000000000000000000, 0.0000000000000000000, -1.000000000000000000 ) ) ;
#586 = DIRECTION ( 'NONE',  ( 1.000000000000000000, 0.0000000000000000000, 0.0000000000000000000 ) ) ;
#587 = AXIS2_PLACEMENT_3D ( 'NONE', #657, #658, #671 ) ;
#588 = AXIS2_PLACEMENT_3D ( 'NONE', #508, #751, #888 ) ;
#589 = DIRECTION ( 'NONE',  ( -1.000000000000000000, -0.0000000000000000000, -0.0000000000000000000 ) ) ;
#590 = CARTESIAN_POINT ( 'NONE',  ( 32.00000000000000000, 6.898500000000007404, 8.448225943918020627E-16 ) ) ;
#591 = ORIENTED_EDGE ( 'NONE', *, *, #2591, .T. ) ;
#592 = AXIS2_PLACEMENT_3D ( 'NONE', #4260, #232, #236 ) ;
#593 = FACE_OUTER_BOUND ( 'NONE', #2082, .T. ) ;
#594 = AXIS2_PLACEMENT_3D ( 'NONE', #334, #272, #219 ) ;
#595 = AXIS2_PLACEMENT_3D ( 'NONE', #446, #466, #384 ) ;
#596 = CARTESIAN_POINT ( 'NONE',  ( 60.77127860333799703, -8.000000000000001776, 9.797174393178833546E-16 ) ) ;
#597 = ORIENTED_EDGE ( 'NONE', *, *, #3030, .T. ) ;
#598 = VECTOR ( 'NONE', #1935, 999.9999999999998863 ) ;
#599 = EDGE_LOOP ( 'NONE', ( #834, #3204 ) ) ;
#600 = DIRECTION ( 'NONE',  ( 0.5735764363510474917, -0.8191520442889907994, 1.003171929053523514E-16 ) ) ;
#601 = DIRECTION ( 'NONE',  ( 1.000000000000000000, 1.224606353822377258E-16, 0.0000000000000000000 ) ) ;
#602 = CARTESIAN_POINT ( 'NONE',  ( 32.77127860333799703, -8.000000000000001776, 9.797174393178833546E-16 ) ) ;
#603 = DIRECTION ( 'NONE',  ( 0.0000000000000000000, -1.000000000000000000, 0.0000000000000000000 ) ) ;
#604 = EDGE_LOOP ( 'NONE', ( #97, #3517, #690, #4915, #918, #3010 ) ) ;
#605 = FACE_OUTER_BOUND ( 'NONE', #3756, .T. ) ;
#606 = EDGE_LOOP ( 'NONE', ( #1191, #234, #1213, #1924, #1248 ) ) ;
#607 = ORIENTED_EDGE ( 'NONE', *, *, #3430, .T. ) ;
#608 = PRESENTATION_STYLE_ASSIGNMENT (( #2654 ) ) ;
#609 = FACE_OUTER_BOUND ( 'NONE', #2561, .T. ) ;
#610 = AXIS2_PLACEMENT_3D ( 'NONE', #169, #178, #191 ) ;
#611 = CARTESIAN_POINT ( 'NONE',  ( 32.00000000000000000, 3.082946495747834590E-15, 0.0000000000000000000 ) ) ;
#612 = ORIENTED_EDGE ( 'NONE', *, *, #3699, .T. ) ;
#613 = ADVANCED_FACE ( 'NONE', ( #659 ), #463, .T. ) ;
#614 = ORIENTED_EDGE ( 'NONE', *, *, #3096, .T. ) ;
#615 = ORIENTED_EDGE ( 'NONE', *, *, #2964, .T. ) ;
#616 = CONICAL_SURFACE ( 'NONE', #58, 8.000000000000003553, 0.9599310885968797002 ) ;
#617 = VERTEX_POINT ( 'NONE', #2062 ) ;
#618 = AXIS2_PLACEMENT_3D ( 'NONE', #85, #5, #1660 ) ;
#619 = DIRECTION ( 'NONE',  ( 1.000000000000000000, 0.0000000000000000000, 0.0000000000000000000 ) ) ;
#620 = AXIS2_PLACEMENT_3D ( 'NONE', #4945, #4946, #4949 ) ;
#621 = ORIENTED_EDGE ( 'NONE', *, *, #3976, .T. ) ;
#622 = AXIS2_PLACEMENT_3D ( 'NONE', #580, #417, #228 ) ;
#623 = ORIENTED_EDGE ( 'NONE', *, *, #3422, .T. ) ;
#624 = VECTOR ( 'NONE', #589, 1000.000000000000000 ) ;
#625 = ORIENTED_EDGE ( 'NONE', *, *, #2986, .F. ) ;
#626 = AXIS2_PLACEMENT_3D ( 'NONE', #4886, #4912, #4914 ) ;
#627 = FACE_OUTER_BOUND ( 'NONE', #2770, .T. ) ;
#628 = AXIS2_PLACEMENT_3D ( 'NONE', #4871, #4873, #4875 ) ;
#629 = DIRECTION ( 'NONE',  ( -1.000000000000000000, -0.0000000000000000000, -0.0000000000000000000 ) ) ;
#630 = CARTESIAN_POINT ( 'NONE',  ( 27.99999999999999645, 3.082946495747834590E-15, 0.0000000000000000000 ) ) ;
#631 = DIRECTION ( 'NONE',  ( 0.0000000000000000000, 1.000000000000000000, 0.0000000000000000000 ) ) ;
#632 = FACE_OUTER_BOUND ( 'NONE', #685, .T. ) ;
#633 = VERTEX_POINT ( 'NONE', #2350 ) ;
#634 = ORIENTED_EDGE ( 'NONE', *, *, #4256, .F. ) ;
#635 = CIRCLE ( 'NONE', #620, 8.000000000000003553 ) ;
#636 = AXIS2_PLACEMENT_3D ( 'NONE', #4842, #4847, #4851 ) ;
#637 = ORIENTED_EDGE ( 'NONE', *, *, #3698, .F. ) ;
#638 = DIRECTION ( 'NONE',  ( 0.0000000000000000000, -1.000000000000000000, 0.0000000000000000000 ) ) ;
#639 = CIRCLE ( 'NONE', #1363, 8.000000000000003553 ) ;
#640 = VERTEX_POINT ( 'NONE', #2137 ) ;
#641 = ORIENTED_EDGE ( 'NONE', *, *, #3352, .T. ) ;
#642 = DIRECTION ( 'NONE',  ( -1.000000000000000000, -1.224606353822377258E-16, -0.0000000000000000000 ) ) ;
#643 = VERTEX_POINT ( 'NONE', #4738 ) ;
#644 = DIRECTION ( 'NONE',  ( 1.000000000000000000, 1.224606353822377258E-16, 0.0000000000000000000 ) ) ;
#645 = CARTESIAN_POINT ( 'NONE',  ( 27.22872139666199232, 9.797174393178585055E-16, -8.000000000000003553 ) ) ;
#646 = AXIS2_PLACEMENT_3D ( 'NONE', #4531, #4652, #4656 ) ;
#647 = ORIENTED_EDGE ( 'NONE', *, *, #2287, .F. ) ;
#648 = VERTEX_POINT ( 'NONE', #4835 ) ;
#649 = CARTESIAN_POINT ( 'NONE',  ( 53.22872139666199587, 2.988495227926337133E-15, 0.0000000000000000000 ) ) ;
#650 = ADVANCED_FACE ( 'NONE', ( #1087 ), #322, .T. ) ;
#651 = CARTESIAN_POINT ( 'NONE',  ( 62.77127860333800413, 3.177397763569330469E-15, 0.0000000000000000000 ) ) ;
#652 = VECTOR ( 'NONE', #2885, 1000.000000000000114 ) ;
#653 = ORIENTED_EDGE ( 'NONE', *, *, #2209, .F. ) ;
#654 = ORIENTED_EDGE ( 'NONE', *, *, #4147, .F. ) ;
#655 = AXIS2_PLACEMENT_3D ( 'NONE', #4765, #4767, #4773 ) ;
#656 = ADVANCED_FACE ( 'NONE', ( #723 ), #205, .T. ) ;
#657 = CARTESIAN_POINT ( 'NONE',  ( 44.77127860333799703, 3.177397763569330469E-15, 0.0000000000000000000 ) ) ;
#658 = DIRECTION ( 'NONE',  ( -1.000000000000000000, -1.224606353822377258E-16, -0.0000000000000000000 ) ) ;
#659 = FACE_OUTER_BOUND ( 'NONE', #1459, .T. ) ;
#660 = DIRECTION ( 'NONE',  ( 0.0000000000000000000, -1.000000000000000000, 0.0000000000000000000 ) ) ;
#661 = DIRECTION ( 'NONE',  ( -1.000000000000000000, -1.224606353822377258E-16, -0.0000000000000000000 ) ) ;
#662 = LINE ( 'NONE', #2217, #2000 ) ;
#663 = DIRECTION ( 'NONE',  ( 0.0000000000000000000, 1.000000000000000000, 0.0000000000000000000 ) ) ;
#664 = DIRECTION ( 'NONE',  ( 0.0000000000000000000, -1.000000000000000000, 0.0000000000000000000 ) ) ;
#665 = ADVANCED_FACE ( 'NONE', ( #395 ), #8, .T. ) ;
#666 = AXIS2_PLACEMENT_3D ( 'NONE', #4487, #4521, #4585 ) ;
#667 = CIRCLE ( 'NONE', #134, 8.000000000000003553 ) ;
#668 = AXIS2_PLACEMENT_3D ( 'NONE', #4634, #4639, #4935 ) ;
#669 = PRODUCT_DEFINITION_FORMATION_WITH_SPECIFIED_SOURCE ( 'ANY', '', #2, .NOT_KNOWN. ) ;
#670 = ORIENTED_EDGE ( 'NONE', *, *, #3353, .F. ) ;
#671 = DIRECTION ( 'NONE',  ( 0.0000000000000000000, -1.000000000000000000, 0.0000000000000000000 ) ) ;
#672 = DIRECTION ( 'NONE',  ( 0.0000000000000000000, 0.0000000000000000000, 1.000000000000000000 ) ) ;
#673 = ADVANCED_FACE ( 'NONE', ( #593 ), #206, .T. ) ;
#674 = FACE_OUTER_BOUND ( 'NONE', #1826, .T. ) ;
#675 = CARTESIAN_POINT ( 'NONE',  ( 58.00000000000000000, 3.082946495747834590E-15, 0.0000000000000000000 ) ) ;
#676 = CIRCLE ( 'NONE', #3072, 6.898500000000003851 ) ;
#677 = CYLINDRICAL_SURFACE ( 'NONE', #1555, 7.999999999999937828 ) ;
#678 = CYLINDRICAL_SURFACE ( 'NONE', #1556, 12.00000000000000000 ) ;
#679 = AXIS2_PLACEMENT_3D ( 'NONE', #4866, #4834, #4644 ) ;
#680 = CARTESIAN_POINT ( 'NONE',  ( 54.00000000000000000, 3.082946495747834590E-15, 0.0000000000000000000 ) ) ;
#681 =( NAMED_UNIT ( * ) SI_UNIT ( $, .STERADIAN. ) SOLID_ANGLE_UNIT ( ) );
#682 =( GEOMETRIC_REPRESENTATION_CONTEXT ( 3 ) GLOBAL_UNCERTAINTY_ASSIGNED_CONTEXT ( ( #1764 ) ) GLOBAL_UNIT_ASSIGNED_CONTEXT ( ( #4550, #4561, #4568 ) ) REPRESENTATION_CONTEXT ( 'NONE', 'WORKASPACE' ) );
#683 = CIRCLE ( 'NONE', #1273, 8.000000000000003553 ) ;
#684 = DIRECTION ( 'NONE',  ( -1.000000000000000000, -1.224606353822377258E-16, -0.0000000000000000000 ) ) ;
#685 = EDGE_LOOP ( 'NONE', ( #4071, #4149, #952, #743 ) ) ;
#686 = CIRCLE ( 'NONE', #1210, 8.000000000000003553 ) ;
#687 = DIRECTION ( 'NONE',  ( 0.0000000000000000000, -1.000000000000000000, 0.0000000000000000000 ) ) ;
#688 = ORIENTED_EDGE ( 'NONE', *, *, #4059, .T. ) ;
#689 = MECHANICAL_DESIGN_GEOMETRIC_PRESENTATION_REPRESENTATION (  '', ( #692 ), #682 ) ;
#690 = ORIENTED_EDGE ( 'NONE', *, *, #2676, .T. ) ;
#691 = PRESENTATION_LAYER_ASSIGNMENT (  '', '', ( #692 ) ) ;
#692 = STYLED_ITEM ( 'NONE', ( #1386 ), #3392 ) ;
#693 = AXIS2_PLACEMENT_3D ( 'NONE', #4505, #4515, #4517 ) ;
#694 = ORIENTED_EDGE ( 'NONE', *, *, #3853, .F. ) ;
#695 = ORIENTED_EDGE ( 'NONE', *, *, #3112, .F. ) ;
#696 = VECTOR ( 'NONE', #3918, 1000.000000000000114 ) ;
#697 =( NAMED_UNIT ( * ) PLANE_ANGLE_UNIT ( ) SI_UNIT ( $, .RADIAN. ) );
#698 = EDGE_LOOP ( 'NONE', ( #634, #3342, #3166, #781, #1472, #1815 ) ) ;
#699 = AXIS2_PLACEMENT_3D ( 'NONE', #4455, #4459, #4464 ) ;
#700 = VERTEX_POINT ( 'NONE', #566 ) ;
#701 = ORIENTED_EDGE ( 'NONE', *, *, #2853, .T. ) ;
#702 =( LENGTH_UNIT ( ) NAMED_UNIT ( * ) SI_UNIT ( .MILLI., .METRE. ) );
#703 = ORIENTED_EDGE ( 'NONE', *, *, #3495, .F. ) ;
#704 = VERTEX_POINT ( 'NONE', #473 ) ;
#705 = CARTESIAN_POINT ( 'NONE',  ( 16.00000000000000000, 0.0000000000000000000, 0.0000000000000000000 ) ) ;
#706 = ORIENTED_EDGE ( 'NONE', *, *, #4022, .F. ) ;
#707 = ORIENTED_EDGE ( 'NONE', *, *, #3502, .T. ) ;
#708 = ORIENTED_EDGE ( 'NONE', *, *, #2336, .T. ) ;
#709 = CARTESIAN_POINT ( 'NONE',  ( 21.22872139666199232, 2.988495227926337133E-15, 0.0000000000000000000 ) ) ;
#710 = SURFACE_SIDE_STYLE ('',( #2613 ) ) ;
#711 = CARTESIAN_POINT ( 'NONE',  ( 54.77127860333799703, 3.177397763569330469E-15, 0.0000000000000000000 ) ) ;
#712 = EDGE_LOOP ( 'NONE', ( #1451, #4381, #3033, #625, #4559 ) ) ;
#713 = DIRECTION ( 'NONE',  ( -1.000000000000000000, -1.224606353822377258E-16, -0.0000000000000000000 ) ) ;
#714 = AXIS2_PLACEMENT_3D ( 'NONE', #4411, #4415, #4419 ) ;
#715 = AXIS2_PLACEMENT_3D ( 'NONE', #4299, #4313, #4325 ) ;
#716 = CIRCLE ( 'NONE', #588, 8.000000000000003553 ) ;
#717 = EDGE_LOOP ( 'NONE', ( #761, #808, #816, #838, #1425 ) ) ;
#718 =( LENGTH_UNIT ( ) NAMED_UNIT ( * ) SI_UNIT ( .MILLI., .METRE. ) );
#719 = SURFACE_STYLE_USAGE ( .BOTH. , #734 ) ;
#720 = VECTOR ( 'NONE', #3792, 1000.000000000000000 ) ;
#721 = ORIENTED_EDGE ( 'NONE', *, *, #3359, .F. ) ;
#722 = ORIENTED_EDGE ( 'NONE', *, *, #4030, .T. ) ;
#723 = FACE_OUTER_BOUND ( 'NONE', #3605, .T. ) ;
#724 = CIRCLE ( 'NONE', #339, 6.898500000000000298 ) ;
#725 = VERTEX_POINT ( 'NONE', #495 ) ;
#726 = DIRECTION ( 'NONE',  ( 0.0000000000000000000, -1.000000000000000000, 0.0000000000000000000 ) ) ;
#727 = DIRECTION ( 'NONE',  ( 0.0000000000000000000, -1.000000000000000000, 0.0000000000000000000 ) ) ;
#728 = DIRECTION ( 'NONE',  ( 0.0000000000000000000, -1.000000000000000000, 0.0000000000000000000 ) ) ;
#729 = EDGE_LOOP ( 'NONE', ( #3250, #1321, #623, #3733, #1455 ) ) ;
#730 = VECTOR ( 'NONE', #4019, 1000.000000000000000 ) ;
#731 = ORIENTED_EDGE ( 'NONE', *, *, #4375, .T. ) ;
#732 = ADVANCED_FACE ( 'NONE', ( #520 ), #5007, .T. ) ;
#733 = EDGE_LOOP ( 'NONE', ( #2587, #1766, #980, #3233, #127 ) ) ;
#734 = SURFACE_SIDE_STYLE ('',( #4958 ) ) ;
#735 = AXIS2_PLACEMENT_3D ( 'NONE', #4275, #4277, #4282 ) ;
#736 = AXIS2_PLACEMENT_3D ( 'NONE', #4228, #4233, #4238 ) ;
#737 = ORIENTED_EDGE ( 'NONE', *, *, #3384, .F. ) ;
#738 = VECTOR ( 'NONE', #238, 1000.000000000000000 ) ;
#739 = VECTOR ( 'NONE', #1899, 1000.000000000000000 ) ;
#740 = DIRECTION ( 'NONE',  ( -1.000000000000000000, -0.0000000000000000000, -0.0000000000000000000 ) ) ;
#741 = ORIENTED_EDGE ( 'NONE', *, *, #4111, .T. ) ;
#742 = FILL_AREA_STYLE ('',( #758 ) ) ;
#743 = ORIENTED_EDGE ( 'NONE', *, *, #3001, .F. ) ;
#744 = AXIS2_PLACEMENT_3D ( 'NONE', #4109, #4114, #4132 ) ;
#745 = AXIS2_PLACEMENT_3D ( 'NONE', #3948, #3971, #3983 ) ;
#746 = DIRECTION ( 'NONE',  ( -0.5735764363510509334, 0.8191520442889884679, 1.003171929053520802E-16 ) ) ;
#747 = ORIENTED_EDGE ( 'NONE', *, *, #3388, .T. ) ;
#748 = VECTOR ( 'NONE', #7, 1000.000000000000000 ) ;
#749 = AXIS2_PLACEMENT_3D ( 'NONE', #3957, #3964, #3969 ) ;
#750 = ADVANCED_FACE ( 'NONE', ( #1344 ), #4799, .T. ) ;
#751 = DIRECTION ( 'NONE',  ( -1.000000000000000000, -1.224606353822377258E-16, -0.0000000000000000000 ) ) ;
#752 = CARTESIAN_POINT ( 'NONE',  ( -31.74999999999995737, 0.0000000000000000000, 0.0000000000000000000 ) ) ;
#753 = EDGE_LOOP ( 'NONE', ( #1502, #1464, #1413, #1388, #1257 ) ) ;
#754 = ORIENTED_EDGE ( 'NONE', *, *, #3424, .T. ) ;
#755 = ORIENTED_EDGE ( 'NONE', *, *, #2581, .T. ) ;
#756 = CIRCLE ( 'NONE', #1101, 8.000000000000003553 ) ;
#757 = CARTESIAN_POINT ( 'NONE',  ( 55.22872139666199587, 2.988495227926337133E-15, 0.0000000000000000000 ) ) ;
#758 = FILL_AREA_STYLE_COLOUR ( '', #4324 ) ;
#759 = AXIS2_PLACEMENT_3D ( 'NONE', #3927, #3932, #3938 ) ;
#760 = ORIENTED_EDGE ( 'NONE', *, *, #2583, .F. ) ;
#761 = ORIENTED_EDGE ( 'NONE', *, *, #2947, .F. ) ;
#762 = LINE ( 'NONE', #3369, #903 ) ;
#763 = CARTESIAN_POINT ( 'NONE',  ( 32.77127860333799703, -8.000000000000000000, 9.797174393178831574E-16 ) ) ;
#764 = ORIENTED_EDGE ( 'NONE', *, *, #3855, .T. ) ;
#765 = VERTEX_POINT ( 'NONE', #405 ) ;
#766 = AXIS2_PLACEMENT_3D ( 'NONE', #3892, #3899, #3910 ) ;
#767 = ORIENTED_EDGE ( 'NONE', *, *, #2549, .T. ) ;
#768 = DIRECTION ( 'NONE',  ( 0.0000000000000000000, -1.000000000000000000, 0.0000000000000000000 ) ) ;
#769 = DIRECTION ( 'NONE',  ( -1.000000000000000000, -1.224606353822377258E-16, -0.0000000000000000000 ) ) ;
#770 = ADVANCED_FACE ( 'NONE', ( #1200 ), #4553, .T. ) ;
#771 = ORIENTED_EDGE ( 'NONE', *, *, #4126, .T. ) ;
#772 = DIRECTION ( 'NONE',  ( 0.0000000000000000000, -1.000000000000000000, 0.0000000000000000000 ) ) ;
#773 = VERTEX_POINT ( 'NONE', #484 ) ;
#774 = VERTEX_POINT ( 'NONE', #29 ) ;
#775 = VERTEX_POINT ( 'NONE', #17 ) ;
#776 = AXIS2_PLACEMENT_3D ( 'NONE', #3863, #3864, #3869 ) ;
#777 = DIRECTION ( 'NONE',  ( -1.000000000000000000, -1.224606353822377258E-16, -0.0000000000000000000 ) ) ;
#778 = CARTESIAN_POINT ( 'NONE',  ( 0.0000000000000000000, 0.0000000000000000000, 0.0000000000000000000 ) ) ;
#779 = CARTESIAN_POINT ( 'NONE',  ( 8.000000000000000000, 8.164887506879688672, -2.255140518769849223E-14 ) ) ;
#780 = CARTESIAN_POINT ( 'NONE',  ( -31.74999999999995737, 0.0000000000000000000, 0.0000000000000000000 ) ) ;
#781 = ORIENTED_EDGE ( 'NONE', *, *, #455, .T. ) ;
#782 = ORIENTED_EDGE ( 'NONE', *, *, #2839, .T. ) ;
#783 = AXIS2_PLACEMENT_3D ( 'NONE', #3832, #3847, #3848 ) ;
#784 = FACE_OUTER_BOUND ( 'NONE', #733, .T. ) ;
#785 = AXIS2_PLACEMENT_3D ( 'NONE', #3770, #3772, #3774 ) ;
#786 = EDGE_LOOP ( 'NONE', ( #2829, #2285, #3215, #3349, #3128, #3860 ) ) ;
#787 = CARTESIAN_POINT ( 'NONE',  ( 49.22872139666199587, -2.465190328815661892E-29, 8.000000000000003553 ) ) ;
#788 = ORIENTED_EDGE ( 'NONE', *, *, #2894, .F. ) ;
#789 = CIRCLE ( 'NONE', #203, 8.000000000000003553 ) ;
#790 = CARTESIAN_POINT ( 'NONE',  ( 8.000000000000000000, 6.123665630159771389, 3.535499999999991871 ) ) ;
#791 = CARTESIAN_POINT ( 'NONE',  ( 56.00000000000000000, 3.082946495747834590E-15, 0.0000000000000000000 ) ) ;
#792 = ORIENTED_EDGE ( 'NONE', *, *, #3389, .T. ) ;
#793 = CARTESIAN_POINT ( 'NONE',  ( 48.00000000000000000, -6.898500000000000298, 9.122700168548424621E-16 ) ) ;
#794 = AXIS2_PLACEMENT_3D ( 'NONE', #3729, #3735, #3740 ) ;
#795 = ORIENTED_EDGE ( 'NONE', *, *, #3995, .T. ) ;
#796 = CIRCLE ( 'NONE', #2160, 6.898500000000003851 ) ;
#797 = CARTESIAN_POINT ( 'NONE',  ( 30.77127860333799703, 3.177397763569330469E-15, 0.0000000000000000000 ) ) ;
#798 = DIRECTION ( 'NONE',  ( -1.000000000000000000, -1.224606353822377258E-16, -0.0000000000000000000 ) ) ;
#799 = FILL_AREA_STYLE_COLOUR ( '', #2788 ) ;
#800 = ORIENTED_EDGE ( 'NONE', *, *, #2273, .T. ) ;
#801 = CARTESIAN_POINT ( 'NONE',  ( 16.00000000000000000, 1.469576158976823947E-15, -12.00000000000000000 ) ) ;
#802 = DIRECTION ( 'NONE',  ( -1.000000000000000000, -1.224606353822377258E-16, -0.0000000000000000000 ) ) ;
#803 = ORIENTED_EDGE ( 'NONE', *, *, #2697, .F. ) ;
#804 = AXIS2_PLACEMENT_3D ( 'NONE', #3684, #3690, #3714 ) ;
#805 = VERTEX_POINT ( 'NONE', #4996 ) ;
#806 = CIRCLE ( 'NONE', #365, 8.000000000000003553 ) ;
#807 = AXIS2_PLACEMENT_3D ( 'NONE', #3635, #3636, #3639 ) ;
#808 = ORIENTED_EDGE ( 'NONE', *, *, #2569, .T. ) ;
#809 = DIRECTION ( 'NONE',  ( -1.000000000000000000, -1.224606353822377258E-16, -0.0000000000000000000 ) ) ;
#810 = AXIS2_PLACEMENT_3D ( 'NONE', #3579, #3587, #3597 ) ;
#811 = DIRECTION ( 'NONE',  ( 0.0000000000000000000, -1.000000000000000000, 0.0000000000000000000 ) ) ;
#812 = CARTESIAN_POINT ( 'NONE',  ( -31.74999999999995737, 0.0000000000000000000, 7.999999999999937828 ) ) ;
#813 = ORIENTED_EDGE ( 'NONE', *, *, #3096, .F. ) ;
#814 = ORIENTED_EDGE ( 'NONE', *, *, #3873, .T. ) ;
#815 = CONICAL_SURFACE ( 'NONE', #2921, 6.898500000000003851, 0.9599310885968754814 ) ;
#816 = ORIENTED_EDGE ( 'NONE', *, *, #4271, .T. ) ;
#817 = DIRECTION ( 'NONE',  ( -1.000000000000000000, -0.0000000000000000000, -0.0000000000000000000 ) ) ;
#818 = VERTEX_POINT ( 'NONE', #210 ) ;
#819 = CARTESIAN_POINT ( 'NONE',  ( 16.60000000000000497, 0.0000000000000000000, 0.0000000000000000000 ) ) ;
#820 = AXIS2_PLACEMENT_3D ( 'NONE', #3540, #3545, #3549 ) ;
#821 = DIRECTION ( 'NONE',  ( 0.0000000000000000000, -1.000000000000000000, 0.0000000000000000000 ) ) ;
#822 = ORIENTED_EDGE ( 'NONE', *, *, #3400, .F. ) ;
#823 = VERTEX_POINT ( 'NONE', #163 ) ;
#824 = ORIENTED_EDGE ( 'NONE', *, *, #2675, .T. ) ;
#825 = DIRECTION ( 'NONE',  ( 0.0000000000000000000, 0.0000000000000000000, -1.000000000000000000 ) ) ;
#826 = ORIENTED_EDGE ( 'NONE', *, *, #3401, .F. ) ;
#827 = CIRCLE ( 'NONE', #263, 8.000000000000003553 ) ;
#828 = AXIS2_PLACEMENT_3D ( 'NONE', #3505, #3509, #3526 ) ;
#829 = EDGE_LOOP ( 'NONE', ( #451, #1664, #1602, #2978, #1329 ) ) ;
#830 = CONICAL_SURFACE ( 'NONE', #1925, 8.000000000000003553, 0.9599310885968797002 ) ;
#831 = DIRECTION ( 'NONE',  ( -1.000000000000000000, -1.224606353822377258E-16, -0.0000000000000000000 ) ) ;
#832 = ORIENTED_EDGE ( 'NONE', *, *, #2836, .F. ) ;
#833 = CIRCLE ( 'NONE', #1271, 8.000000000000003553 ) ;
#834 = ORIENTED_EDGE ( 'NONE', *, *, #3883, .F. ) ;
#835 = FACE_OUTER_BOUND ( 'NONE', #1058, .T. ) ;
#836 = ORIENTED_EDGE ( 'NONE', *, *, #4028, .T. ) ;
#837 = CARTESIAN_POINT ( 'NONE',  ( 56.77127860333799703, 3.177397763569330469E-15, 0.0000000000000000000 ) ) ;
#838 = ORIENTED_EDGE ( 'NONE', *, *, #2568, .F. ) ;
#839 = CIRCLE ( 'NONE', #1093, 8.000000000000003553 ) ;
#840 = CARTESIAN_POINT ( 'NONE',  ( 46.77127860333799703, 9.797174393178561389E-16, -8.000000000000003553 ) ) ;
#841 = ORIENTED_EDGE ( 'NONE', *, *, #3212, .F. ) ;
#842 = DIRECTION ( 'NONE',  ( -1.000000000000000000, -1.224606353822377258E-16, -0.0000000000000000000 ) ) ;
#843 = VERTEX_POINT ( 'NONE', #5025 ) ;
#844 = VERTEX_POINT ( 'NONE', #4987 ) ;
#845 = VERTEX_POINT ( 'NONE', #4983 ) ;
#846 = VECTOR ( 'NONE', #4050, 999.9999999999998863 ) ;
#847 = DIRECTION ( 'NONE',  ( 0.0000000000000000000, -1.000000000000000000, 0.0000000000000000000 ) ) ;
#848 = ORIENTED_EDGE ( 'NONE', *, *, #2932, .T. ) ;
#849 = CARTESIAN_POINT ( 'NONE',  ( 45.22872139666199587, 9.797174393178585055E-16, -8.000000000000003553 ) ) ;
#850 = AXIS2_PLACEMENT_3D ( 'NONE', #3428, #3481, #3491 ) ;
#851 = DIRECTION ( 'NONE',  ( 1.000000000000000000, 0.0000000000000000000, 0.0000000000000000000 ) ) ;
#852 = ORIENTED_EDGE ( 'NONE', *, *, #2535, .T. ) ;
#853 = VERTEX_POINT ( 'NONE', #5018 ) ;
#854 = ORIENTED_EDGE ( 'NONE', *, *, #2324, .T. ) ;
#855 = VERTEX_POINT ( 'NONE', #2718 ) ;
#856 = CARTESIAN_POINT ( 'NONE',  ( 64.00000000000000000, -6.898500000000000298, 0.0000000000000000000 ) ) ;
#857 = ORIENTED_EDGE ( 'NONE', *, *, #3408, .F. ) ;
#858 = ORIENTED_EDGE ( 'NONE', *, *, #4144, .F. ) ;
#859 = ORIENTED_EDGE ( 'NONE', *, *, #4208, .T. ) ;
#860 = ORIENTED_EDGE ( 'NONE', *, *, #3019, .T. ) ;
#861 = CARTESIAN_POINT ( 'NONE',  ( 25.22872139666199232, 9.797174393178588999E-16, -8.000000000000003553 ) ) ;
#862 = ORIENTED_EDGE ( 'NONE', *, *, #3388, .F. ) ;
#863 = DIRECTION ( 'NONE',  ( -1.000000000000000000, -0.0000000000000000000, -0.0000000000000000000 ) ) ;
#864 = DIRECTION ( 'NONE',  ( 0.0000000000000000000, -1.000000000000000000, 0.0000000000000000000 ) ) ;
#865 = CARTESIAN_POINT ( 'NONE',  ( 16.60000000000000497, 0.0000000000000000000, 0.0000000000000000000 ) ) ;
#866 = ADVANCED_FACE ( 'NONE', ( #5016 ), #4430, .T. ) ;
#867 = AXIS2_PLACEMENT_3D ( 'NONE', #296, #2034, #3978 ) ;
#868 = DIRECTION ( 'NONE',  ( -1.000000000000000000, -1.224606353822377258E-16, -0.0000000000000000000 ) ) ;
#869 = CARTESIAN_POINT ( 'NONE',  ( 64.89849999999991326, 0.0000000000000000000, 0.0000000000000000000 ) ) ;
#870 = ORIENTED_EDGE ( 'NONE', *, *, #3432, .T. ) ;
#871 = DIRECTION ( 'NONE',  ( 1.000000000000000000, 1.224606353822377258E-16, 0.0000000000000000000 ) ) ;
#872 = VECTOR ( 'NONE', #3366, 1000.000000000000114 ) ;
#873 = ORIENTED_EDGE ( 'NONE', *, *, #1940, .T. ) ;
#874 = AXIS2_PLACEMENT_3D ( 'NONE', #3453, #3455, #3462 ) ;
#875 = ORIENTED_EDGE ( 'NONE', *, *, #3417, .T. ) ;
#876 = EDGE_LOOP ( 'NONE', ( #854, #2955, #3020, #3306, #3519 ) ) ;
#877 = CARTESIAN_POINT ( 'NONE',  ( 40.77127860333799703, 3.177397763569330469E-15, 0.0000000000000000000 ) ) ;
#878 = AXIS2_PLACEMENT_3D ( 'NONE', #3336, #3344, #3357 ) ;
#879 = AXIS2_PLACEMENT_3D ( 'NONE', #20, #5001, #2085 ) ;
#880 = DIRECTION ( 'NONE',  ( 0.0000000000000000000, 1.000000000000000000, 0.0000000000000000000 ) ) ;
#881 = DIRECTION ( 'NONE',  ( -0.5735764363510507113, -0.8191520442889885789, 0.0000000000000000000 ) ) ;
#882 = CIRCLE ( 'NONE', #143, 8.000000000000003553 ) ;
#883 = DIRECTION ( 'NONE',  ( 0.0000000000000000000, 1.000000000000000000, 0.0000000000000000000 ) ) ;
#884 = ORIENTED_EDGE ( 'NONE', *, *, #3952, .T. ) ;
#885 = AXIS2_PLACEMENT_3D ( 'NONE', #3253, #3258, #3272 ) ;
#886 = FACE_OUTER_BOUND ( 'NONE', #1184, .T. ) ;
#887 = AXIS2_PLACEMENT_3D ( 'NONE', #3302, #3308, #3313 ) ;
#888 = DIRECTION ( 'NONE',  ( 0.0000000000000000000, -1.000000000000000000, 0.0000000000000000000 ) ) ;
#889 = ORIENTED_EDGE ( 'NONE', *, *, #2967, .F. ) ;
#890 = ADVANCED_FACE ( 'NONE', ( #4906 ), #4954, .T. ) ;
#891 = CARTESIAN_POINT ( 'NONE',  ( 34.00000000000000000, 3.082946495747834590E-15, 0.0000000000000000000 ) ) ;
#892 = ORIENTED_EDGE ( 'NONE', *, *, #2271, .F. ) ;
#893 = FACE_OUTER_BOUND ( 'NONE', #4014, .T. ) ;
#894 = EDGE_LOOP ( 'NONE', ( #352, #1246, #215, #82, #1172 ) ) ;
#895 = DIRECTION ( 'NONE',  ( 0.0000000000000000000, -1.000000000000000000, 0.0000000000000000000 ) ) ;
#896 = AXIS2_PLACEMENT_3D ( 'NONE', #2104, #2117, #2219 ) ;
#897 = LINE ( 'NONE', #4385, #4853 ) ;
#898 = EDGE_LOOP ( 'NONE', ( #3443, #1095, #3261, #764, #1427, #4966 ) ) ;
#899 = CARTESIAN_POINT ( 'NONE',  ( -31.74999999999995737, 9.797174393178750716E-16, -7.999999999999937828 ) ) ;
#900 = DIRECTION ( 'NONE',  ( 0.0000000000000000000, 1.000000000000000000, 0.0000000000000000000 ) ) ;
#901 = ORIENTED_EDGE ( 'NONE', *, *, #3133, .T. ) ;
#902 = ORIENTED_EDGE ( 'NONE', *, *, #2875, .T. ) ;
#903 = VECTOR ( 'NONE', #3376, 1000.000000000000000 ) ;
#904 = ADVANCED_FACE ( 'NONE', ( #4438 ), #4331, .T. ) ;
#905 = AXIS2_PLACEMENT_3D ( 'NONE', #4422, #4676, #4699 ) ;
#906 = DIRECTION ( 'NONE',  ( 0.0000000000000000000, 0.0000000000000000000, 1.000000000000000000 ) ) ;
#907 = ORIENTED_EDGE ( 'NONE', *, *, #3030, .F. ) ;
#908 = AXIS2_PLACEMENT_3D ( 'NONE', #1103, #939, #864 ) ;
#909 = CARTESIAN_POINT ( 'NONE',  ( 57.22872139666199587, 2.988495227926337133E-15, 0.0000000000000000000 ) ) ;
#910 = ORIENTED_EDGE ( 'NONE', *, *, #4178, .F. ) ;
#911 = LINE ( 'NONE', #4670, #1894 ) ;
#912 = ORIENTED_EDGE ( 'NONE', *, *, #3183, .F. ) ;
#913 = ORIENTED_EDGE ( 'NONE', *, *, #4003, .F. ) ;
#914 = AXIS2_PLACEMENT_3D ( 'NONE', #2674, #2639, #2575 ) ;
#915 = CARTESIAN_POINT ( 'NONE',  ( 8.000000000000000000, 8.164887506879688672, -2.255140518769849223E-14 ) ) ;
#916 = AXIS2_PLACEMENT_3D ( 'NONE', #1875, #1920, #1929 ) ;
#917 = DIRECTION ( 'NONE',  ( -1.000000000000000000, -1.224606353822377258E-16, -0.0000000000000000000 ) ) ;
#918 = ORIENTED_EDGE ( 'NONE', *, *, #3963, .F. ) ;
#919 = AXIS2_PLACEMENT_3D ( 'NONE', #260, #1552, #40 ) ;
#920 = ORIENTED_EDGE ( 'NONE', *, *, #3221, .T. ) ;
#921 = VERTEX_POINT ( 'NONE', #942 ) ;
#922 = VERTEX_POINT ( 'NONE', #936 ) ;
#923 = SURFACE_SIDE_STYLE ('',( #2604 ) ) ;
#924 = DIRECTION ( 'NONE',  ( -1.000000000000000000, -1.224606353822377258E-16, -0.0000000000000000000 ) ) ;
#925 = AXIS2_PLACEMENT_3D ( 'NONE', #1800, #1806, #1811 ) ;
#926 = CIRCLE ( 'NONE', #21, 8.000000000000003553 ) ;
#927 = VECTOR ( 'NONE', #4894, 1000.000000000000000 ) ;
#928 = DIRECTION ( 'NONE',  ( 0.0000000000000000000, 0.0000000000000000000, 1.000000000000000000 ) ) ;
#929 = EDGE_LOOP ( 'NONE', ( #3264, #4810 ) ) ;
#930 = CONICAL_SURFACE ( 'NONE', #2169, 6.898500000000003851, 0.9599310885968754814 ) ;
#931 = CYLINDRICAL_SURFACE ( 'NONE', #1024, 7.999999999999937828 ) ;
#932 = AXIS2_PLACEMENT_3D ( 'NONE', #66, #1675, #1714 ) ;
#933 = DIRECTION ( 'NONE',  ( 0.0000000000000000000, -1.000000000000000000, 0.0000000000000000000 ) ) ;
#934 = DIRECTION ( 'NONE',  ( 1.000000000000000000, 1.224606353822377258E-16, 0.0000000000000000000 ) ) ;
#935 = ADVANCED_FACE ( 'NONE', ( #4547 ), #4142, .T. ) ;
#936 = CARTESIAN_POINT ( 'NONE',  ( 60.00000000000000000, 6.898500000000007404, 0.0000000000000000000 ) ) ;
#937 = VECTOR ( 'NONE', #3092, 999.9999999999998863 ) ;
#938 = ORIENTED_EDGE ( 'NONE', *, *, #2805, .F. ) ;
#939 = DIRECTION ( 'NONE',  ( -1.000000000000000000, -1.224606353822377258E-16, -0.0000000000000000000 ) ) ;
#940 = ORIENTED_EDGE ( 'NONE', *, *, #4053, .T. ) ;
#941 = AXIS2_PLACEMENT_3D ( 'NONE', #1613, #1621, #1628 ) ;
#942 = CARTESIAN_POINT ( 'NONE',  ( 61.22872139666199587, 9.797174393178585055E-16, -8.000000000000003553 ) ) ;
#943 = VECTOR ( 'NONE', #3931, 1000.000000000000000 ) ;
#944 = ORIENTED_EDGE ( 'NONE', *, *, #4086, .T. ) ;
#945 = ORIENTED_EDGE ( 'NONE', *, *, #3408, .T. ) ;
#946 = ADVANCED_FACE ( 'NONE', ( #4647 ), #3953, .T. ) ;
#947 = DIRECTION ( 'NONE',  ( -1.000000000000000000, -0.0000000000000000000, -0.0000000000000000000 ) ) ;
#948 = DIRECTION ( 'NONE',  ( 0.0000000000000000000, -1.000000000000000000, 0.0000000000000000000 ) ) ;
#949 = CARTESIAN_POINT ( 'NONE',  ( 32.77127860333799703, 3.177397763569330469E-15, 0.0000000000000000000 ) ) ;
#950 = CARTESIAN_POINT ( 'NONE',  ( 58.00000000000000000, 3.082946495747834590E-15, 0.0000000000000000000 ) ) ;
#951 = VECTOR ( 'NONE', #600, 1000.000000000000114 ) ;
#952 = ORIENTED_EDGE ( 'NONE', *, *, #3962, .T. ) ;
#953 = ORIENTED_EDGE ( 'NONE', *, *, #4055, .T. ) ;
#954 = AXIS2_PLACEMENT_3D ( 'NONE', #1521, #1528, #1534 ) ;
#955 = PRODUCT_CONTEXT ( 'NONE', #3965, 'mechanical' ) ;
#956 = DIRECTION ( 'NONE',  ( -1.000000000000000000, -0.0000000000000000000, -0.0000000000000000000 ) ) ;
#957 = DIRECTION ( 'NONE',  ( -1.000000000000000000, -0.0000000000000000000, -0.0000000000000000000 ) ) ;
#958 = VECTOR ( 'NONE', #2167, 1000.000000000000000 ) ;
#959 = EDGE_LOOP ( 'NONE', ( #3814, #71, #1543, #1469, #1399 ) ) ;
#960 = ADVANCED_FACE ( 'NONE', ( #4392 ), #3902, .T. ) ;
#961 = ORIENTED_EDGE ( 'NONE', *, *, #1918, .T. ) ;
#962 = DIRECTION ( 'NONE',  ( 0.0000000000000000000, -1.000000000000000000, 0.0000000000000000000 ) ) ;
#963 = AXIS2_PLACEMENT_3D ( 'NONE', #1411, #1424, #1462 ) ;
#964 = DIRECTION ( 'NONE',  ( 0.0000000000000000000, 0.0000000000000000000, -1.000000000000000000 ) ) ;
#965 = DIRECTION ( 'NONE',  ( -1.000000000000000000, -1.224606353822377258E-16, -0.0000000000000000000 ) ) ;
#966 = CARTESIAN_POINT ( 'NONE',  ( 28.77127860333799347, 3.177397763569330469E-15, 0.0000000000000000000 ) ) ;
#967 = EDGE_LOOP ( 'NONE', ( #3861, #3916, #4222, #4562, #4708 ) ) ;
#968 = ORIENTED_EDGE ( 'NONE', *, *, #3295, .F. ) ;
#969 = CONICAL_SURFACE ( 'NONE', #1931, 6.898500000000003851, 0.9599310885968754814 ) ;
#970 = DIRECTION ( 'NONE',  ( 0.0000000000000000000, -1.000000000000000000, 0.0000000000000000000 ) ) ;
#971 = ORIENTED_EDGE ( 'NONE', *, *, #3418, .T. ) ;
#972 = CIRCLE ( 'NONE', #1020, 8.000000000000003553 ) ;
#973 = DIRECTION ( 'NONE',  ( 0.0000000000000000000, -1.000000000000000000, 0.0000000000000000000 ) ) ;
#974 = DIRECTION ( 'NONE',  ( 0.5735764363510474917, -0.8191520442889907994, 1.003171929053523514E-16 ) ) ;
#975 = CYLINDRICAL_SURFACE ( 'NONE', #1915, 7.999999999999937828 ) ;
#976 = AXIS2_PLACEMENT_3D ( 'NONE', #1263, #1270, #1277 ) ;
#977 = ORIENTED_EDGE ( 'NONE', *, *, #2494, .T. ) ;
#978 = ORIENTED_EDGE ( 'NONE', *, *, #3815, .T. ) ;
#979 = VECTOR ( 'NONE', #4168, 1000.000000000000000 ) ;
#980 = ORIENTED_EDGE ( 'NONE', *, *, #3014, .T. ) ;
#981 = CARTESIAN_POINT ( 'NONE',  ( 64.00000000000000000, 3.082946495747834590E-15, 0.0000000000000000000 ) ) ;
#982 = ORIENTED_EDGE ( 'NONE', *, *, #2440, .F. ) ;
#983 = ORIENTED_EDGE ( 'NONE', *, *, #2584, .F. ) ;
#984 = DIRECTION ( 'NONE',  ( -1.000000000000000000, -0.0000000000000000000, -0.0000000000000000000 ) ) ;
#985 = VERTEX_POINT ( 'NONE', #849 ) ;
#986 = ORIENTED_EDGE ( 'NONE', *, *, #4112, .T. ) ;
#987 = ADVANCED_FACE ( 'NONE', ( #3909 ), #4321, .F. ) ;
#988 = AXIS2_PLACEMENT_3D ( 'NONE', #869, #956, #1056 ) ;
#989 = VERTEX_POINT ( 'NONE', #2647 ) ;
#990 = AXIS2_PLACEMENT_3D ( 'NONE', #194, #3239, #3232 ) ;
#991 = ORIENTED_EDGE ( 'NONE', *, *, #3359, .T. ) ;
#992 = CARTESIAN_POINT ( 'NONE',  ( 50.00000000000000000, 6.898500000000007404, 0.0000000000000000000 ) ) ;
#993 = CARTESIAN_POINT ( 'NONE',  ( 50.00000000000000000, -6.898500000000000298, 9.122700168548424621E-16 ) ) ;
#994 = DIRECTION ( 'NONE',  ( 0.0000000000000000000, -1.000000000000000000, 0.0000000000000000000 ) ) ;
#995 = ORIENTED_EDGE ( 'NONE', *, *, #3811, .T. ) ;
#996 = EDGE_LOOP ( 'NONE', ( #3393, #3176, #3052, #2993, #288 ) ) ;
#997 = DIRECTION ( 'NONE',  ( 1.000000000000000000, 1.224606353822377258E-16, 0.0000000000000000000 ) ) ;
#998 = CARTESIAN_POINT ( 'NONE',  ( 58.77127860333800413, 3.177397763569330469E-15, 0.0000000000000000000 ) ) ;
#999 = DIRECTION ( 'NONE',  ( -1.000000000000000000, -0.0000000000000000000, -0.0000000000000000000 ) ) ;
#1000 = AXIS2_PLACEMENT_3D ( 'NONE', #3196, #3205, #3208 ) ;
#1001 = DIRECTION ( 'NONE',  ( -1.000000000000000000, -1.224606353822377258E-16, -0.0000000000000000000 ) ) ;
#1002 = AXIS2_PLACEMENT_3D ( 'NONE', #1722, #1728, #372 ) ;
#1003 = VERTEX_POINT ( 'NONE', #793 ) ;
#1004 = DIRECTION ( 'NONE',  ( 0.0000000000000000000, -1.000000000000000000, 0.0000000000000000000 ) ) ;
#1005 = CONICAL_SURFACE ( 'NONE', #346, 8.000000000000003553, 0.9599310885968797002 ) ;
#1006 = AXIS2_PLACEMENT_3D ( 'NONE', #1681, #1683, #1686 ) ;
#1007 = EDGE_LOOP ( 'NONE', ( #3877, #16, #4725, #3667, #3624 ) ) ;
#1008 = CARTESIAN_POINT ( 'NONE',  ( 26.00000000000000000, 6.898500000000007404, 8.448225943918020627E-16 ) ) ;
#1009 = AXIS2_PLACEMENT_3D ( 'NONE', #1485, #1507, #1540 ) ;
#1010 = AXIS2_PLACEMENT_3D ( 'NONE', #778, #4826, #361 ) ;
#1011 = CARTESIAN_POINT ( 'NONE',  ( 26.00000000000000000, 3.082946495747834590E-15, 0.0000000000000000000 ) ) ;
#1012 = DIRECTION ( 'NONE',  ( 1.000000000000000000, 1.224606353822377258E-16, 0.0000000000000000000 ) ) ;
#1013 = CIRCLE ( 'NONE', #542, 8.000000000000003553 ) ;
#1014 = CARTESIAN_POINT ( 'NONE',  ( 64.00000000000000000, -6.898500000000000298, 9.122700168548424621E-16 ) ) ;
#1015 = DIRECTION ( 'NONE',  ( -1.000000000000000000, -1.224606353822377258E-16, -0.0000000000000000000 ) ) ;
#1016 = ORIENTED_EDGE ( 'NONE', *, *, #3565, .F. ) ;
#1017 = CYLINDRICAL_SURFACE ( 'NONE', #1846, 7.999999999999937828 ) ;
#1018 = ORIENTED_EDGE ( 'NONE', *, *, #2683, .F. ) ;
#1019 = VECTOR ( 'NONE', #73, 1000.000000000000000 ) ;
#1020 = AXIS2_PLACEMENT_3D ( 'NONE', #1604, #1607, #1610 ) ;
#1021 = DIRECTION ( 'NONE',  ( 0.0000000000000000000, -1.000000000000000000, 0.0000000000000000000 ) ) ;
#1022 = DIRECTION ( 'NONE',  ( -1.000000000000000000, -0.0000000000000000000, -0.0000000000000000000 ) ) ;
#1023 = AXIS2_PLACEMENT_3D ( 'NONE', #1632, #1638, #1641 ) ;
#1024 = AXIS2_PLACEMENT_3D ( 'NONE', #3577, #817, #2738 ) ;
#1025 = ORIENTED_EDGE ( 'NONE', *, *, #4136, .T. ) ;
#1026 = CARTESIAN_POINT ( 'NONE',  ( 64.77127860333800413, 9.797174393178569278E-16, -8.000000000000003553 ) ) ;
#1027 = ORIENTED_EDGE ( 'NONE', *, *, #3648, .T. ) ;
#1028 = DIRECTION ( 'NONE',  ( -1.000000000000000000, -1.224606353822377258E-16, -0.0000000000000000000 ) ) ;
#1029 = AXIS2_PLACEMENT_3D ( 'NONE', #1545, #1550, #1557 ) ;
#1030 = DIRECTION ( 'NONE',  ( -1.000000000000000000, -1.224606353822377258E-16, -0.0000000000000000000 ) ) ;
#1031 = AXIS2_PLACEMENT_3D ( 'NONE', #1395, #1429, #1431 ) ;
#1032 = EDGE_LOOP ( 'NONE', ( #4327, #4434, #4493, #4599, #4693 ) ) ;
#1034 = VERTEX_POINT ( 'NONE', #801 ) ;
#1033 = FACE_OUTER_BOUND ( 'NONE', #3371, .T. ) ;
#1035 = AXIS2_PLACEMENT_3D ( 'NONE', #1493, #1495, #1501 ) ;
#1036 = EDGE_LOOP ( 'NONE', ( #3590, #3682, #1434, #1985, #1885 ) ) ;
#1037 = CARTESIAN_POINT ( 'NONE',  ( 54.00000000000000000, -6.898500000000000298, 0.0000000000000000000 ) ) ;
#1038 = CARTESIAN_POINT ( 'NONE',  ( 45.22872139666199587, 8.000000000000008882, 9.797174393178831574E-16 ) ) ;
#1039 = CARTESIAN_POINT ( 'NONE',  ( -31.74999999999995737, 0.0000000000000000000, 0.0000000000000000000 ) ) ;
#1040 = VERTEX_POINT ( 'NONE', #790 ) ;
#1041 = EDGE_LOOP ( 'NONE', ( #110, #5026, #4065, #2863, #2544 ) ) ;
#1042 = SURFACE_STYLE_FILL_AREA ( #1412 ) ;
#1043 = AXIS2_PLACEMENT_3D ( 'NONE', #1406, #1416, #1422 ) ;
#1044 = AXIS2_PLACEMENT_3D ( 'NONE', #1097, #1085, #1319 ) ;
#1045 = VERTEX_POINT ( 'NONE', #787 ) ;
#1046 = DIRECTION ( 'NONE',  ( -0.5735764363510509334, 0.8191520442889884679, 1.003171929053520802E-16 ) ) ;
#1047 = ORIENTED_EDGE ( 'NONE', *, *, #4006, .T. ) ;
#1048 = LINE ( 'NONE', #4090, #4013 ) ;
#1049 = ADVANCED_FACE ( 'NONE', ( #4270 ), #2908, .T. ) ;
#1050 = ORIENTED_EDGE ( 'NONE', *, *, #3862, .F. ) ;
#1051 = CARTESIAN_POINT ( 'NONE',  ( 38.77127860333799703, 3.177397763569330469E-15, 0.0000000000000000000 ) ) ;
#1052 = AXIS2_PLACEMENT_3D ( 'NONE', #1337, #1345, #1359 ) ;
#1053 = ORIENTED_EDGE ( 'NONE', *, *, #4079, .T. ) ;
#1054 = LINE ( 'NONE', #3391, #4959 ) ;
#1055 = CARTESIAN_POINT ( 'NONE',  ( 25.22872139666199232, 8.000000000000008882, 9.797174393178831574E-16 ) ) ;
#1056 = DIRECTION ( 'NONE',  ( 0.0000000000000000000, 0.0000000000000000000, 1.000000000000000000 ) ) ;
#1057 = ADVANCED_FACE ( 'NONE', ( #2962 ), #2749, .T. ) ;
#1058 = EDGE_LOOP ( 'NONE', ( #4338, #64, #375, #2284 ) ) ;
#1059 = LINE ( 'NONE', #4667, #2017 ) ;
#1060 = DIRECTION ( 'NONE',  ( -1.000000000000000000, -1.224606353822377258E-16, -0.0000000000000000000 ) ) ;
#1061 = DIRECTION ( 'NONE',  ( 0.0000000000000000000, 1.000000000000000000, 0.0000000000000000000 ) ) ;
#1062 = DIRECTION ( 'NONE',  ( 0.0000000000000000000, -1.000000000000000000, 0.0000000000000000000 ) ) ;
#1063 = AXIS2_PLACEMENT_3D ( 'NONE', #1280, #1297, #1300 ) ;
#1064 = AXIS2_PLACEMENT_3D ( 'NONE', #1231, #1239, #1249 ) ;
#1065 = DIRECTION ( 'NONE',  ( 1.000000000000000000, 1.224606353822377258E-16, 0.0000000000000000000 ) ) ;
#1066 = ORIENTED_EDGE ( 'NONE', *, *, #2792, .T. ) ;
#1067 = EDGE_LOOP ( 'NONE', ( #4824, #4870, #299, #489, #695 ) ) ;
#1068 = AXIS2_PLACEMENT_3D ( 'NONE', #1163, #1204, #1208 ) ;
#1069 = ORIENTED_EDGE ( 'NONE', *, *, #3928, .T. ) ;
#1070 = CARTESIAN_POINT ( 'NONE',  ( 59.22872139666199587, 2.988495227926337133E-15, 0.0000000000000000000 ) ) ;
#1071 = VERTEX_POINT ( 'NONE', #596 ) ;
#1072 = CARTESIAN_POINT ( 'NONE',  ( 16.00000000000000000, 0.0000000000000000000, -8.599999999999937472 ) ) ;
#1073 = CARTESIAN_POINT ( 'NONE',  ( 37.22872139666199587, -7.999999999999998224, 0.0000000000000000000 ) ) ;
#1074 = CYLINDRICAL_SURFACE ( 'NONE', #385, 7.999999999999937828 ) ;
#1075 = DIRECTION ( 'NONE',  ( -1.000000000000000000, -1.224606353822377258E-16, -0.0000000000000000000 ) ) ;
#1076 = AXIS2_PLACEMENT_3D ( 'NONE', #1124, #1125, #1145 ) ;
#1077 = EDGE_LOOP ( 'NONE', ( #2595, #2601 ) ) ;
#1078 = DIRECTION ( 'NONE',  ( 0.0000000000000000000, -0.8660254037844393737, -0.4999999999999987788 ) ) ;
#1079 = AXIS2_PLACEMENT_3D ( 'NONE', #1051, #1065, #1061 ) ;
#1080 = DIRECTION ( 'NONE',  ( 0.0000000000000000000, -1.000000000000000000, 0.0000000000000000000 ) ) ;
#1081 = AXIS2_PLACEMENT_3D ( 'NONE', #1070, #1075, #1080 ) ;
#1082 = LINE ( 'NONE', #1233, #1283 ) ;
#1083 = VECTOR ( 'NONE', #3415, 1000.000000000000114 ) ;
#1084 = ORIENTED_EDGE ( 'NONE', *, *, #3422, .F. ) ;
#1085 = DIRECTION ( 'NONE',  ( -1.000000000000000000, -1.224606353822377258E-16, -0.0000000000000000000 ) ) ;
#1086 = DIRECTION ( 'NONE',  ( -1.000000000000000000, -0.0000000000000000000, -0.0000000000000000000 ) ) ;
#1087 = FACE_OUTER_BOUND ( 'NONE', #2388, .T. ) ;
#1088 = FACE_OUTER_BOUND ( 'NONE', #829, .T. ) ;
#1089 = ORIENTED_EDGE ( 'NONE', *, *, #3301, .T. ) ;
#1090 = CARTESIAN_POINT ( 'NONE',  ( 62.77127860333800413, 3.177397763569330469E-15, 0.0000000000000000000 ) ) ;
#1091 = CIRCLE ( 'NONE', #259, 8.000000000000003553 ) ;
#1092 = AXIS2_PLACEMENT_3D ( 'NONE', #1011, #1015, #1021 ) ;
#1093 = AXIS2_PLACEMENT_3D ( 'NONE', #998, #1001, #1004 ) ;
#1094 = CARTESIAN_POINT ( 'NONE',  ( 54.77127860333799703, -2.619264724366640760E-29, 8.000000000000003553 ) ) ;
#1095 = ORIENTED_EDGE ( 'NONE', *, *, #2745, .T. ) ;
#1096 = FACE_OUTER_BOUND ( 'NONE', #2724, .T. ) ;
#1097 = CARTESIAN_POINT ( 'NONE',  ( 41.99999999999999289, 3.082946495747834590E-15, 0.0000000000000000000 ) ) ;
#1098 = CARTESIAN_POINT ( 'NONE',  ( -31.74999999999995737, 0.0000000000000000000, 7.999999999999937828 ) ) ;
#1099 = AXIS2_PLACEMENT_3D ( 'NONE', #950, #965, #973 ) ;
#1100 = CONICAL_SURFACE ( 'NONE', #225, 6.898500000000003851, 0.9599310885968754814 ) ;
#1101 = AXIS2_PLACEMENT_3D ( 'NONE', #909, #924, #933 ) ;
#1102 = CYLINDRICAL_SURFACE ( 'NONE', #1587, 7.999999999999937828 ) ;
#1103 = CARTESIAN_POINT ( 'NONE',  ( 61.22872139666199587, 2.988495227926337133E-15, 0.0000000000000000000 ) ) ;
#1104 = ORIENTED_EDGE ( 'NONE', *, *, #2683, .T. ) ;
#1105 = AXIS2_PLACEMENT_3D ( 'NONE', #837, #842, #847 ) ;
#1106 = DIRECTION ( 'NONE',  ( 0.0000000000000000000, 0.0000000000000000000, 1.000000000000000000 ) ) ;
#1107 = AXIS2_PLACEMENT_3D ( 'NONE', #1645, #4998, #2360 ) ;
#1108 = AXIS2_PLACEMENT_3D ( 'NONE', #791, #798, #811 ) ;
#1109 = CONICAL_SURFACE ( 'NONE', #1934, 8.000000000000003553, 0.9599310885968797002 ) ;
#1110 = DIRECTION ( 'NONE',  ( 0.0000000000000000000, 1.000000000000000000, 0.0000000000000000000 ) ) ;
#1111 = VECTOR ( 'NONE', #1046, 999.9999999999998863 ) ;
#1112 = CARTESIAN_POINT ( 'NONE',  ( -31.74999999999995737, 0.0000000000000000000, 0.0000000000000000000 ) ) ;
#1113 = FACE_OUTER_BOUND ( 'NONE', #2448, .T. ) ;
#1114 = AXIS2_PLACEMENT_3D ( 'NONE', #757, #769, #772 ) ;
#1115 = CONICAL_SURFACE ( 'NONE', #4932, 8.000000000000003553, 0.9599310885968797002 ) ;
#1116 = AXIS2_PLACEMENT_3D ( 'NONE', #711, #713, #726 ) ;
#1117 = DIRECTION ( 'NONE',  ( -1.000000000000000000, -0.0000000000000000000, -0.0000000000000000000 ) ) ;
#1118 = VERTEX_POINT ( 'NONE', #602 ) ;
#1119 = VECTOR ( 'NONE', #3066, 1000.000000000000114 ) ;
#1120 = ORIENTED_EDGE ( 'NONE', *, *, #2892, .F. ) ;
#1121 = ORIENTED_EDGE ( 'NONE', *, *, #3951, .T. ) ;
#1122 = LINE ( 'NONE', #4240, #3368 ) ;
#1123 = ADVANCED_FACE ( 'NONE', ( #2763 ), #3246, .F. ) ;
#1124 = CARTESIAN_POINT ( 'NONE',  ( 22.77127860333799703, 3.177397763569330469E-15, 0.0000000000000000000 ) ) ;
#1125 = DIRECTION ( 'NONE',  ( -1.000000000000000000, -1.224606353822377258E-16, -0.0000000000000000000 ) ) ;
#1126 = AXIS2_PLACEMENT_3D ( 'NONE', #680, #684, #687 ) ;
#1127 = CARTESIAN_POINT ( 'NONE',  ( 16.60000000000000497, 0.0000000000000000000, 7.999999999999937828 ) ) ;
#1128 = ORIENTED_EDGE ( 'NONE', *, *, #2859, .F. ) ;
#1129 = CARTESIAN_POINT ( 'NONE',  ( 41.22872139666198876, 8.000000000000008882, 9.797174393178831574E-16 ) ) ;
#1130 = DIRECTION ( 'NONE',  ( 0.0000000000000000000, -0.4999999999999987232, 0.8660254037844392627 ) ) ;
#1131 = AXIS2_PLACEMENT_3D ( 'NONE', #649, #661, #664 ) ;
#1132 = VERTEX_POINT ( 'NONE', #564 ) ;
#1133 = ORIENTED_EDGE ( 'NONE', *, *, #2524, .F. ) ;
#1134 = CARTESIAN_POINT ( 'NONE',  ( 52.00000000000000000, 3.082946495747834590E-15, 0.0000000000000000000 ) ) ;
#1135 = DIRECTION ( 'NONE',  ( -1.000000000000000000, -1.224606353822377258E-16, -0.0000000000000000000 ) ) ;
#1136 = CARTESIAN_POINT ( 'NONE',  ( 35.22872139666199587, -2.388153131040172458E-29, 8.000000000000003553 ) ) ;
#1137 = ORIENTED_EDGE ( 'NONE', *, *, #2521, .F. ) ;
#1138 = ORIENTED_EDGE ( 'NONE', *, *, #3919, .T. ) ;
#1139 = AXIS2_PLACEMENT_3D ( 'NONE', #553, #563, #571 ) ;
#1140 = AXIS2_PLACEMENT_3D ( 'NONE', #3385, #2769, #2813 ) ;
#1141 = ORIENTED_EDGE ( 'NONE', *, *, #3683, .F. ) ;
#1142 = VECTOR ( 'NONE', #1948, 1000.000000000000000 ) ;
#1143 = ADVANCED_FACE ( 'NONE', ( #3082 ), #2520, .T. ) ;
#1144 = ORIENTED_EDGE ( 'NONE', *, *, #3785, .T. ) ;
#1145 = DIRECTION ( 'NONE',  ( 0.0000000000000000000, -1.000000000000000000, 0.0000000000000000000 ) ) ;
#1146 = AXIS2_PLACEMENT_3D ( 'NONE', #4611, #4623, #4678 ) ;
#1147 = VECTOR ( 'NONE', #1351, 1000.000000000000000 ) ;
#1148 = DIRECTION ( 'NONE',  ( 0.0000000000000000000, -1.000000000000000000, 0.0000000000000000000 ) ) ;
#1149 = CARTESIAN_POINT ( 'NONE',  ( 56.77127860333799703, 9.797174393178569278E-16, -8.000000000000003553 ) ) ;
#1150 = CARTESIAN_POINT ( 'NONE',  ( 43.22872139666199587, 8.000000000000008882, 9.797174393178831574E-16 ) ) ;
#1151 = AXIS2_PLACEMENT_3D ( 'NONE', #3559, #3779, #4058 ) ;
#1152 = CIRCLE ( 'NONE', #95, 8.000000000000003553 ) ;
#1153 = AXIS2_PLACEMENT_3D ( 'NONE', #501, #511, #528 ) ;
#1154 = VERTEX_POINT ( 'NONE', #539 ) ;
#1155 = CARTESIAN_POINT ( 'NONE',  ( 27.99999999999999645, 3.082946495747834590E-15, 0.0000000000000000000 ) ) ;
#1156 = AXIS2_PLACEMENT_3D ( 'NONE', #1134, #1504, #470 ) ;
#1157 = CARTESIAN_POINT ( 'NONE',  ( 46.77127860333799703, -2.696301922142130194E-29, 8.000000000000003553 ) ) ;
#1158 = CARTESIAN_POINT ( 'NONE',  ( 8.000000000000000000, 8.164887506879688672, -2.255140518769849223E-14 ) ) ;
#1159 = CIRCLE ( 'NONE', #533, 8.000000000000003553 ) ;
#1160 = VERTEX_POINT ( 'NONE', #531 ) ;
#1161 = AXIS2_PLACEMENT_3D ( 'NONE', #3185, #3189, #1900 ) ;
#1162 = ORIENTED_EDGE ( 'NONE', *, *, #3087, .T. ) ;
#1163 = CARTESIAN_POINT ( 'NONE',  ( 60.00000000000000000, 3.082946495747834590E-15, 0.0000000000000000000 ) ) ;
#1164 = DIRECTION ( 'NONE',  ( -0.5735764363510507113, -0.8191520442889885789, 0.0000000000000000000 ) ) ;
#1165 = CONICAL_SURFACE ( 'NONE', #1955, 8.000000000000003553, 0.9599310885968797002 ) ;
#1166 = AXIS2_PLACEMENT_3D ( 'NONE', #3158, #3160, #3168 ) ;
#1167 = EDGE_LOOP ( 'NONE', ( #1578, #3421, #3426, #3473, #3518 ) ) ;
#1168 = ORIENTED_EDGE ( 'NONE', *, *, #3089, .T. ) ;
#1169 = VECTOR ( 'NONE', #881, 1000.000000000000000 ) ;
#1170 = ORIENTED_EDGE ( 'NONE', *, *, #2859, .T. ) ;
#1171 = AXIS2_PLACEMENT_3D ( 'NONE', #3132, #3137, #3144 ) ;
#1172 = ORIENTED_EDGE ( 'NONE', *, *, #2558, .T. ) ;
#1173 = EDGE_LOOP ( 'NONE', ( #982, #852, #2643, #1583, #892 ) ) ;
#1174 = ORIENTED_EDGE ( 'NONE', *, *, #2266, .F. ) ;
#1175 = CIRCLE ( 'NONE', #810, 8.000000000000003553 ) ;
#1176 = DIRECTION ( 'NONE',  ( -1.000000000000000000, -0.0000000000000000000, -0.0000000000000000000 ) ) ;
#1177 = ORIENTED_EDGE ( 'NONE', *, *, #3805, .T. ) ;
#1178 = ORIENTED_EDGE ( 'NONE', *, *, #3325, .F. ) ;
#1179 = AXIS2_PLACEMENT_3D ( 'NONE', #2937, #3734, #3263 ) ;
#1180 = CARTESIAN_POINT ( 'NONE',  ( 36.00000000000000000, 6.898500000000007404, 8.448225943918020627E-16 ) ) ;
#1181 = CARTESIAN_POINT ( 'NONE',  ( 43.22872139666199587, -2.465190328815661892E-29, 8.000000000000003553 ) ) ;
#1182 = CARTESIAN_POINT ( 'NONE',  ( 22.00000000000000000, -6.898500000000000298, 9.122700168548424621E-16 ) ) ;
#1183 = ORIENTED_EDGE ( 'NONE', *, *, #3913, .F. ) ;
#1184 = EDGE_LOOP ( 'NONE', ( #2136, #4762, #4758, #3310, #977 ) ) ;
#1185 = UNCERTAINTY_MEASURE_WITH_UNIT (LENGTH_MEASURE( 1.000000000000000082E-05 ), #2320, 'distance_accuracy_value', 'NONE');
#1186 = EDGE_LOOP ( 'NONE', ( #177, #1654, #2531 ) ) ;
#1187 = ORIENTED_EDGE ( 'NONE', *, *, #4068, .F. ) ;
#1188 = ORIENTED_EDGE ( 'NONE', *, *, #3183, .T. ) ;
#1189 = ORIENTED_EDGE ( 'NONE', *, *, #2628, .T. ) ;
#1190 = AXIS2_PLACEMENT_3D ( 'NONE', #2880, #2942, #2809 ) ;
#1191 = ORIENTED_EDGE ( 'NONE', *, *, #2200, .F. ) ;
#1192 = AXIS2_PLACEMENT_3D ( 'NONE', #3016, #3046, #3064 ) ;
#1193 = ORIENTED_EDGE ( 'NONE', *, *, #3439, .T. ) ;
#1194 = AXIS2_PLACEMENT_3D ( 'NONE', #3080, #3085, #3088 ) ;
#1196 = ORIENTED_EDGE ( 'NONE', *, *, #2400, .F. ) ;
#1195 = VECTOR ( 'NONE', #2542, 1000.000000000000000 ) ;
#1197 = EDGE_LOOP ( 'NONE', ( #2536, #2473, #2467, #2338 ) ) ;
#1198 = CARTESIAN_POINT ( 'NONE',  ( -31.74999999999995737, 0.0000000000000000000, 0.0000000000000000000 ) ) ;
#1199 = CARTESIAN_POINT ( 'NONE',  ( 32.77127860333799703, -2.619264724366640760E-29, 8.000000000000003553 ) ) ;
#1200 = FACE_OUTER_BOUND ( 'NONE', #1715, .T. ) ;
#1201 = AXIS2_PLACEMENT_3D ( 'NONE', #2948, #2954, #2959 ) ;
#1202 = AXIS2_PLACEMENT_3D ( 'NONE', #2890, #2897, #2913 ) ;
#1203 = CONICAL_SURFACE ( 'NONE', #2178, 8.000000000000003553, 0.9599310885968797002 ) ;
#1204 = DIRECTION ( 'NONE',  ( -1.000000000000000000, -1.224606353822377258E-16, -0.0000000000000000000 ) ) ;
#1205 = CARTESIAN_POINT ( 'NONE',  ( 42.77127860333799703, -2.619264724366640760E-29, 8.000000000000003553 ) ) ;
#1206 = VECTOR ( 'NONE', #2576, 1000.000000000000000 ) ;
#1207 = DIRECTION ( 'NONE',  ( 0.0000000000000000000, 1.000000000000000000, 0.0000000000000000000 ) ) ;
#1208 = DIRECTION ( 'NONE',  ( 0.0000000000000000000, -1.000000000000000000, 0.0000000000000000000 ) ) ;
#1209 = VERTEX_POINT ( 'NONE', #555 ) ;
#1210 = AXIS2_PLACEMENT_3D ( 'NONE', #2856, #2858, #2862 ) ;
#1211 = CARTESIAN_POINT ( 'NONE',  ( 39.22872139666199587, 8.000000000000008882, 9.797174393178831574E-16 ) ) ;
#1212 = AXIS2_PLACEMENT_3D ( 'NONE', #2816, #2824, #2833 ) ;
#1213 = ORIENTED_EDGE ( 'NONE', *, *, #2210, .T. ) ;
#1214 = ORIENTED_EDGE ( 'NONE', *, *, #3400, .T. ) ;
#1215 = VERTEX_POINT ( 'NONE', #546 ) ;
#1216 = ORIENTED_EDGE ( 'NONE', *, *, #3503, .F. ) ;
#1217 = CIRCLE ( 'NONE', #575, 8.000000000000003553 ) ;
#1218 = DIRECTION ( 'NONE',  ( -1.000000000000000000, -0.0000000000000000000, -0.0000000000000000000 ) ) ;
#1219 = VERTEX_POINT ( 'NONE', #541 ) ;
#1220 = DIRECTION ( 'NONE',  ( 0.0000000000000000000, -1.000000000000000000, 0.0000000000000000000 ) ) ;
#1221 = AXIS2_PLACEMENT_3D ( 'NONE', #2795, #2797, #2803 ) ;
#1222 = AXIS2_PLACEMENT_3D ( 'NONE', #2773, #2776, #2783 ) ;
#1223 = VERTEX_POINT ( 'NONE', #513 ) ;
#1224 = CONICAL_SURFACE ( 'NONE', #4197, 8.000000000000003553, 0.9599310885968797002 ) ;
#1225 = CARTESIAN_POINT ( 'NONE',  ( 40.77127860333799703, 8.000000000000005329, 0.0000000000000000000 ) ) ;
#1226 = VERTEX_POINT ( 'NONE', #517 ) ;
#1227 = VERTEX_POINT ( 'NONE', #496 ) ;
#1228 = EDGE_LOOP ( 'NONE', ( #1791, #2084, #2140, #3214, #3755, #3813 ) ) ;
#1229 = AXIS2_PLACEMENT_3D ( 'NONE', #2510, #2609, #2660 ) ;
#1230 = DIRECTION ( 'NONE',  ( 0.0000000000000000000, -1.000000000000000000, 0.0000000000000000000 ) ) ;
#1231 = CARTESIAN_POINT ( 'NONE',  ( 60.77127860333799703, 3.177397763569330469E-15, 0.0000000000000000000 ) ) ;
#1232 = ORIENTED_EDGE ( 'NONE', *, *, #4124, .F. ) ;
#1233 = CARTESIAN_POINT ( 'NONE',  ( -31.74999999999995737, 0.0000000000000000000, 7.999999999999937828 ) ) ;
#1234 = FACE_OUTER_BOUND ( 'NONE', #3575, .T. ) ;
#1235 = EDGE_LOOP ( 'NONE', ( #3322, #2027, #244, #291, #503, #907 ) ) ;
#1236 = FACE_OUTER_BOUND ( 'NONE', #552, .T. ) ;
#1237 = ORIENTED_EDGE ( 'NONE', *, *, #3737, .F. ) ;
#1238 = CIRCLE ( 'NONE', #1076, 8.000000000000003553 ) ;
#1239 = DIRECTION ( 'NONE',  ( -1.000000000000000000, -1.224606353822377258E-16, -0.0000000000000000000 ) ) ;
#1240 = DIRECTION ( 'NONE',  ( -1.000000000000000000, -0.0000000000000000000, -0.0000000000000000000 ) ) ;
#1241 = ADVANCED_FACE ( 'NONE', ( #2953 ), #2636, .T. ) ;
#1242 = FACE_OUTER_BOUND ( 'NONE', #2194, .T. ) ;
#1243 = AXIS2_PLACEMENT_3D ( 'NONE', #2715, #2720, #2725 ) ;
#1244 = CONICAL_SURFACE ( 'NONE', #1965, 6.898500000000003851, 0.9599310885968754814 ) ;
#1245 = ORIENTED_EDGE ( 'NONE', *, *, #4358, .F. ) ;
#1246 = ORIENTED_EDGE ( 'NONE', *, *, #2553, .F. ) ;
#1247 = CIRCLE ( 'NONE', #1006, 7.999999999999875655 ) ;
#1248 = ORIENTED_EDGE ( 'NONE', *, *, #2539, .T. ) ;
#1249 = DIRECTION ( 'NONE',  ( 0.0000000000000000000, -1.000000000000000000, 0.0000000000000000000 ) ) ;
#1250 = DIRECTION ( 'NONE',  ( 0.0000000000000000000, -1.000000000000000000, 0.0000000000000000000 ) ) ;
#1251 = FACE_OUTER_BOUND ( 'NONE', #165, .T. ) ;
#1252 = ORIENTED_EDGE ( 'NONE', *, *, #2675, .F. ) ;
#1253 = LINE ( 'NONE', #4454, #2460 ) ;
#1254 = AXIS2_PLACEMENT_3D ( 'NONE', #2734, #2739, #2752 ) ;
#1255 = AXIS2_PLACEMENT_3D ( 'NONE', #2662, #2671, #2679 ) ;
#1256 = CARTESIAN_POINT ( 'NONE',  ( 40.77127860333799703, -8.000000000000000000, 9.797174393178831574E-16 ) ) ;
#1257 = ORIENTED_EDGE ( 'NONE', *, *, #4040, .F. ) ;
#1258 = CARTESIAN_POINT ( 'NONE',  ( 48.00000000000000000, 3.082946495747834590E-15, 0.0000000000000000000 ) ) ;
#1259 = VERTEX_POINT ( 'NONE', #529 ) ;
#1260 = CARTESIAN_POINT ( 'NONE',  ( 8.000000000000000000, 8.164887506879688672, -2.255140518769849223E-14 ) ) ;
#1261 = ORIENTED_EDGE ( 'NONE', *, *, #3001, .T. ) ;
#1262 = AXIS2_PLACEMENT_3D ( 'NONE', #2618, #2622, #2641 ) ;
#1263 = CARTESIAN_POINT ( 'NONE',  ( 63.22872139666199587, 2.988495227926337133E-15, 0.0000000000000000000 ) ) ;
#1264 = CARTESIAN_POINT ( 'NONE',  ( -31.74999999999995737, 0.0000000000000000000, 7.999999999999937828 ) ) ;
#1265 = ORIENTED_EDGE ( 'NONE', *, *, #4303, .T. ) ;
#1266 = CARTESIAN_POINT ( 'NONE',  ( 50.77127860333799703, -2.619264724366640760E-29, 8.000000000000003553 ) ) ;
#1267 = ORIENTED_EDGE ( 'NONE', *, *, #2820, .T. ) ;
#1268 = ORIENTED_EDGE ( 'NONE', *, *, #3262, .F. ) ;
#1269 = AXIS2_PLACEMENT_3D ( 'NONE', #2586, #2594, #2607 ) ;
#1270 = DIRECTION ( 'NONE',  ( -1.000000000000000000, -1.224606353822377258E-16, -0.0000000000000000000 ) ) ;
#1271 = AXIS2_PLACEMENT_3D ( 'NONE', #2541, #2555, #2564 ) ;
#1272 = EDGE_LOOP ( 'NONE', ( #3850, #4075, #3897, #4336, #4387 ) ) ;
#1273 = AXIS2_PLACEMENT_3D ( 'NONE', #2496, #2498, #2501 ) ;
#1274 = ORIENTED_EDGE ( 'NONE', *, *, #3445, .T. ) ;
#1275 = CARTESIAN_POINT ( 'NONE',  ( 47.22872139666199587, -7.999999999999998224, 0.0000000000000000000 ) ) ;
#1276 = PRODUCT_DEFINITION_CONTEXT ( 'detailed design', #3006, 'design' ) ;
#1277 = DIRECTION ( 'NONE',  ( 0.0000000000000000000, -1.000000000000000000, 0.0000000000000000000 ) ) ;
#1278 = VECTOR ( 'NONE', #3440, 999.9999999999998863 ) ;
#1279 = CARTESIAN_POINT ( 'NONE',  ( 52.77127860333799703, 3.177397763569330469E-15, 0.0000000000000000000 ) ) ;
#1280 = CARTESIAN_POINT ( 'NONE',  ( 61.22872139666199587, 2.988495227926337133E-15, 0.0000000000000000000 ) ) ;
#1281 = CARTESIAN_POINT ( 'NONE',  ( 35.22872139666199587, 9.797174393178592943E-16, -8.000000000000003553 ) ) ;
#1282 = AXIS2_PLACEMENT_3D ( 'NONE', #2429, #2441, #2455 ) ;
#1283 = VECTOR ( 'NONE', #1218, 1000.000000000000000 ) ;
#1284 = LINE ( 'NONE', #3836, #4532 ) ;
#1285 = CARTESIAN_POINT ( 'NONE',  ( 60.77127860333799703, -8.000000000000000000, 9.797174393178831574E-16 ) ) ;
#1286 = ADVANCED_FACE ( 'NONE', ( #2756 ), #2177, .T. ) ;
#1287 = AXIS2_PLACEMENT_3D ( 'NONE', #2413, #2415, #2419 ) ;
#1288 = CIRCLE ( 'NONE', #54, 8.000000000000003553 ) ;
#1289 = AXIS2_PLACEMENT_3D ( 'NONE', #2356, #2361, #2364 ) ;
#1290 = DIRECTION ( 'NONE',  ( -1.000000000000000000, -0.0000000000000000000, -0.0000000000000000000 ) ) ;
#1291 = COLOUR_RGB ( '',0.7764705882352941346, 0.7568627450980391913, 0.7372549019607843590 ) ;
#1292 = PLANE ( 'NONE',  #1585 ) ;
#1293 = AXIS2_PLACEMENT_3D ( 'NONE', #2339, #2345, #2347 ) ;
#1294 = ADVANCED_FACE ( 'NONE', ( #2696 ), #2118, .T. ) ;
#1295 = DIRECTION ( 'NONE',  ( 0.0000000000000000000, 0.4999999999999987232, -0.8660254037844392627 ) ) ;
#1296 = AXIS2_PLACEMENT_3D ( 'NONE', #2280, #2288, #2269 ) ;
#1297 = DIRECTION ( 'NONE',  ( -1.000000000000000000, -1.224606353822377258E-16, -0.0000000000000000000 ) ) ;
#1298 = ADVANCED_FACE ( 'NONE', ( #2250 ), #2067, .T. ) ;
#1299 = EDGE_LOOP ( 'NONE', ( #1601, #1905, #1376, #1699, #1827 ) ) ;
#1300 = DIRECTION ( 'NONE',  ( 0.0000000000000000000, -1.000000000000000000, 0.0000000000000000000 ) ) ;
#1301 = ORIENTED_EDGE ( 'NONE', *, *, #2612, .F. ) ;
#1302 = LINE ( 'NONE', #3700, #3822 ) ;
#1303 = EDGE_CURVE ( 'NONE', #434, #2731, #2077, .T. ) ;
#1304 = AXIS2_PLACEMENT_3D ( 'NONE', #2235, #2146, #2242 ) ;
#1305 = VERTEX_POINT ( 'NONE', #336 ) ;
#1306 = ORIENTED_EDGE ( 'NONE', *, *, #3351, .T. ) ;
#1307 = AXIS2_PLACEMENT_3D ( 'NONE', #2244, #2256, #2262 ) ;
#1308 = AXIS2_PLACEMENT_3D ( 'NONE', #2020, #2186, #2190 ) ;
#1309 = AXIS2_PLACEMENT_3D ( 'NONE', #2221, #2228, #2232 ) ;
#1310 = ORIENTED_EDGE ( 'NONE', *, *, #4389, .T. ) ;
#1311 = VECTOR ( 'NONE', #1565, 999.9999999999998863 ) ;
#1312 = CARTESIAN_POINT ( 'NONE',  ( 47.22872139666199587, 9.797174393178585055E-16, -8.000000000000003553 ) ) ;
#1313 = ORIENTED_EDGE ( 'NONE', *, *, #3804, .T. ) ;
#1314 = ORIENTED_EDGE ( 'NONE', *, *, #3281, .T. ) ;
#1315 = VECTOR ( 'NONE', #4630, 1000.000000000000227 ) ;
#1316 = VERTEX_POINT ( 'NONE', #350 ) ;
#1317 = ORIENTED_EDGE ( 'NONE', *, *, #3998, .F. ) ;
#1318 = LINE ( 'NONE', #3786, #293 ) ;
#1319 = DIRECTION ( 'NONE',  ( 0.0000000000000000000, -1.000000000000000000, 0.0000000000000000000 ) ) ;
#1320 = ORIENTED_EDGE ( 'NONE', *, *, #2778, .T. ) ;
#1321 = ORIENTED_EDGE ( 'NONE', *, *, #2802, .F. ) ;
#1322 = FACE_OUTER_BOUND ( 'NONE', #3791, .T. ) ;
#1323 = ORIENTED_EDGE ( 'NONE', *, *, #3106, .T. ) ;
#1324 = CARTESIAN_POINT ( 'NONE',  ( 24.77127860333799703, -8.000000000000000000, 9.797174393178831574E-16 ) ) ;
#1325 = AXIS2_PLACEMENT_3D ( 'NONE', #2173, #2181, #2182 ) ;
#1326 = CIRCLE ( 'NONE', #1526, 6.898500000000003851 ) ;
#1327 = VERTEX_POINT ( 'NONE', #320 ) ;
#1328 = ORIENTED_EDGE ( 'NONE', *, *, #3130, .F. ) ;
#1329 = ORIENTED_EDGE ( 'NONE', *, *, #2633, .T. ) ;
#1330 = AXIS2_PLACEMENT_3D ( 'NONE', #2074, #2019, #2080 ) ;
#1331 = CARTESIAN_POINT ( 'NONE',  ( 23.22872139666199587, 2.988495227926337133E-15, 0.0000000000000000000 ) ) ;
#1332 = AXIS2_PLACEMENT_3D ( 'NONE', #2091, #2093, #2098 ) ;
#1333 = DIRECTION ( 'NONE',  ( 0.0000000000000000000, -1.000000000000000000, 0.0000000000000000000 ) ) ;
#1334 = VERTEX_POINT ( 'NONE', #326 ) ;
#1335 = ORIENTED_EDGE ( 'NONE', *, *, #4241, .F. ) ;
#1336 = CARTESIAN_POINT ( 'NONE',  ( 30.77127860333799703, 3.177397763569330469E-15, 0.0000000000000000000 ) ) ;
#1337 = CARTESIAN_POINT ( 'NONE',  ( 62.00000000000000000, 3.082946495747834590E-15, 0.0000000000000000000 ) ) ;
#1338 = AXIS2_PLACEMENT_3D ( 'NONE', #2030, #2038, #2059 ) ;
#1339 = CONICAL_SURFACE ( 'NONE', #2192, 6.898500000000003851, 0.9599310885968754814 ) ;
#1340 = AXIS2_PLACEMENT_3D ( 'NONE', #1913, #1936, #1981 ) ;
#1341 = LINE ( 'NONE', #367, #4305 ) ;
#1342 = ORIENTED_EDGE ( 'NONE', *, *, #3552, .F. ) ;
#1343 = DIRECTION ( 'NONE',  ( 0.0000000000000000000, -1.000000000000000000, 0.0000000000000000000 ) ) ;
#1344 = FACE_OUTER_BOUND ( 'NONE', #894, .T. ) ;
#1345 = DIRECTION ( 'NONE',  ( -1.000000000000000000, -1.224606353822377258E-16, -0.0000000000000000000 ) ) ;
#1346 = VECTOR ( 'NONE', #2537, 1000.000000000000000 ) ;
#1347 = AXIS2_PLACEMENT_3D ( 'NONE', #1986, #1991, #1997 ) ;
#1348 = AXIS2_PLACEMENT_3D ( 'NONE', #1952, #1960, #1978 ) ;
#1349 = DIRECTION ( 'NONE',  ( -1.000000000000000000, -1.224606353822377258E-16, -0.0000000000000000000 ) ) ;
#1350 = CARTESIAN_POINT ( 'NONE',  ( 58.77127860333800413, 9.797174393178569278E-16, -8.000000000000003553 ) ) ;
#1351 = DIRECTION ( 'NONE',  ( -1.000000000000000000, -0.0000000000000000000, -0.0000000000000000000 ) ) ;
#1352 = ORIENTED_EDGE ( 'NONE', *, *, #3437, .T. ) ;
#1353 = CYLINDRICAL_SURFACE ( 'NONE', #867, 7.999999999999937828 ) ;
#1354 = VERTEX_POINT ( 'NONE', #306 ) ;
#1355 = AXIS2_PLACEMENT_3D ( 'NONE', #1847, #1752, #1891 ) ;
#1356 = AXIS2_PLACEMENT_3D ( 'NONE', #1831, #42, #1841 ) ;
#1357 = AXIS2_PLACEMENT_3D ( 'NONE', #1859, #1876, #1882 ) ;
#1358 = ORIENTED_EDGE ( 'NONE', *, *, #2932, .F. ) ;
#1359 = DIRECTION ( 'NONE',  ( 0.0000000000000000000, -1.000000000000000000, 0.0000000000000000000 ) ) ;
#1360 = DIRECTION ( 'NONE',  ( 0.5735764363510474917, -0.8191520442889907994, 1.003171929053523514E-16 ) ) ;
#1361 = CIRCLE ( 'NONE', #506, 8.000000000000003553 ) ;
#1362 = AXIS2_PLACEMENT_3D ( 'NONE', #1898, #1909, #1911 ) ;
#1363 = AXIS2_PLACEMENT_3D ( 'NONE', #1817, #1821, #1825 ) ;
#1364 = SURFACE_STYLE_FILL_AREA ( #4657 ) ;
#1365 = PLANE ( 'NONE',  #1031 ) ;
#1366 = CARTESIAN_POINT ( 'NONE',  ( 30.00000000000000000, 6.898500000000007404, 8.448225943918020627E-16 ) ) ;
#1367 = AXIS2_PLACEMENT_3D ( 'NONE', #1777, #1785, #1793 ) ;
#1368 = AXIS2_PLACEMENT_3D ( 'NONE', #4863, #4680, #3620 ) ;
#1369 = CIRCLE ( 'NONE', #1029, 6.898500000000003851 ) ;
#1370 = ORIENTED_EDGE ( 'NONE', *, *, #3804, .F. ) ;
#1371 = ORIENTED_EDGE ( 'NONE', *, *, #3764, .T. ) ;
#1372 = CARTESIAN_POINT ( 'NONE',  ( 58.77127860333800413, 3.177397763569330469E-15, 0.0000000000000000000 ) ) ;
#1373 = VECTOR ( 'NONE', #4586, 1000.000000000000000 ) ;
#1374 = DIRECTION ( 'NONE',  ( -1.000000000000000000, -1.224606353822377258E-16, -0.0000000000000000000 ) ) ;
#1375 = FACE_OUTER_BOUND ( 'NONE', #1706, .T. ) ;
#1376 = ORIENTED_EDGE ( 'NONE', *, *, #3130, .T. ) ;
#1377 = VERTEX_POINT ( 'NONE', #290 ) ;
#1378 = ORIENTED_EDGE ( 'NONE', *, *, #3522, .T. ) ;
#1379 = CIRCLE ( 'NONE', #1309, 8.000000000000003553 ) ;
#1380 = VERTEX_POINT ( 'NONE', #284 ) ;
#1381 = AXIS2_PLACEMENT_3D ( 'NONE', #98, #123, #104 ) ;
#1382 = LINE ( 'NONE', #4621, #1315 ) ;
#1383 = FACE_OUTER_BOUND ( 'NONE', #2240, .T. ) ;
#1384 = EDGE_LOOP ( 'NONE', ( #4554, #3023, #1518 ) ) ;
#1385 = ORIENTED_EDGE ( 'NONE', *, *, #4037, .T. ) ;
#1386 = PRESENTATION_STYLE_ASSIGNMENT (( #4544 ) ) ;
#1387 = CARTESIAN_POINT ( 'NONE',  ( 30.77127860333799703, 3.177397763569330469E-15, 0.0000000000000000000 ) ) ;
#1388 = ORIENTED_EDGE ( 'NONE', *, *, #3999, .F. ) ;
#1389 = DIRECTION ( 'NONE',  ( -1.000000000000000000, -1.224606353822377258E-16, -0.0000000000000000000 ) ) ;
#1390 = AXIS2_PLACEMENT_3D ( 'NONE', #4399, #4542, #4198 ) ;
#1391 = AXIS2_PLACEMENT_3D ( 'NONE', #389, #1742, #1747 ) ;
#1392 = ORIENTED_EDGE ( 'NONE', *, *, #4040, .T. ) ;
#1393 = ORIENTED_EDGE ( 'NONE', *, *, #4107, .T. ) ;
#1394 = ORIENTED_EDGE ( 'NONE', *, *, #3255, .T. ) ;
#1395 = CARTESIAN_POINT ( 'NONE',  ( 8.000000000000000000, 4.082443753439855882, 7.070999999999982855 ) ) ;
#1396 = DIRECTION ( 'NONE',  ( 0.0000000000000000000, -1.000000000000000000, 0.0000000000000000000 ) ) ;
#1397 = VERTEX_POINT ( 'NONE', #292 ) ;
#1398 = ORIENTED_EDGE ( 'NONE', *, *, #3279, .F. ) ;
#1399 = ORIENTED_EDGE ( 'NONE', *, *, #2513, .T. ) ;
#1400 = AXIS2_PLACEMENT_3D ( 'NONE', #4576, #4287, #4846 ) ;
#1401 = DIRECTION ( 'NONE',  ( -1.000000000000000000, -1.224606353822377258E-16, -0.0000000000000000000 ) ) ;
#1402 = FACE_OUTER_BOUND ( 'NONE', #519, .T. ) ;
#1403 = ADVANCED_FACE ( 'NONE', ( #2826 ), #1887, .T. ) ;
#1404 = CONICAL_SURFACE ( 'NONE', #1642, 6.898500000000003851, 0.9599310885968754814 ) ;
#1405 = DIRECTION ( 'NONE',  ( 0.0000000000000000000, -0.4999999999999987232, 0.8660254037844392627 ) ) ;
#1406 = CARTESIAN_POINT ( 'NONE',  ( 62.77127860333800413, 3.177397763569330469E-15, 0.0000000000000000000 ) ) ;
#1407 = AXIS2_PLACEMENT_3D ( 'NONE', #3934, #4805, #4753 ) ;
#1408 = DIRECTION ( 'NONE',  ( 0.0000000000000000000, -1.000000000000000000, 0.0000000000000000000 ) ) ;
#1409 = FACE_OUTER_BOUND ( 'NONE', #1753, .T. ) ;
#1410 = AXIS2_PLACEMENT_3D ( 'NONE', #467, #4530, #4063 ) ;
#1411 = CARTESIAN_POINT ( 'NONE',  ( 49.22872139666199587, 2.988495227926337133E-15, 0.0000000000000000000 ) ) ;
#1412 = FILL_AREA_STYLE ('',( #3738 ) ) ;
#1413 = ORIENTED_EDGE ( 'NONE', *, *, #3952, .F. ) ;
#1414 = CYLINDRICAL_SURFACE ( 'NONE', #2163, 7.999999999999937828 ) ;
#1415 = VERTEX_POINT ( 'NONE', #2341 ) ;
#1416 = DIRECTION ( 'NONE',  ( -1.000000000000000000, -1.224606353822377258E-16, -0.0000000000000000000 ) ) ;
#1417 = DIRECTION ( 'NONE',  ( 0.0000000000000000000, 1.000000000000000000, 0.0000000000000000000 ) ) ;
#1418 = AXIS2_PLACEMENT_3D ( 'NONE', #4537, #4804, #5011 ) ;
#1419 = FACE_OUTER_BOUND ( 'NONE', #3083, .T. ) ;
#1420 = ORIENTED_EDGE ( 'NONE', *, *, #3432, .F. ) ;
#1421 =( NAMED_UNIT ( * ) PLANE_ANGLE_UNIT ( ) SI_UNIT ( $, .RADIAN. ) );
#1422 = DIRECTION ( 'NONE',  ( 0.0000000000000000000, -1.000000000000000000, 0.0000000000000000000 ) ) ;
#1423 = ORIENTED_EDGE ( 'NONE', *, *, #2614, .F. ) ;
#1424 = DIRECTION ( 'NONE',  ( -1.000000000000000000, -1.224606353822377258E-16, -0.0000000000000000000 ) ) ;
#1425 = ORIENTED_EDGE ( 'NONE', *, *, #4314, .F. ) ;
#1426 = FACE_OUTER_BOUND ( 'NONE', #249, .T. ) ;
#1427 = ORIENTED_EDGE ( 'NONE', *, *, #3828, .F. ) ;
#1428 = VERTEX_POINT ( 'NONE', #2008 ) ;
#1429 = DIRECTION ( 'NONE',  ( -1.000000000000000000, 0.0000000000000000000, 0.0000000000000000000 ) ) ;
#1430 = DIRECTION ( 'NONE',  ( -1.000000000000000000, -1.224606353822377258E-16, -0.0000000000000000000 ) ) ;
#1431 = DIRECTION ( 'NONE',  ( 0.0000000000000000000, 0.0000000000000000000, 1.000000000000000000 ) ) ;
#1433 = EDGE_LOOP ( 'NONE', ( #1832, #1842, #1938, #1949, #2010 ) ) ;
#1432 = COLOUR_RGB ( '',0.7764705882352941346, 0.7568627450980391913, 0.7372549019607843590 ) ;
#1434 = ORIENTED_EDGE ( 'NONE', *, *, #3086, .F. ) ;
#1435 = AXIS2_PLACEMENT_3D ( 'NONE', #4115, #324, #3663 ) ;
#1436 = AXIS2_PLACEMENT_3D ( 'NONE', #4462, #4480, #4450 ) ;
#1437 =( LENGTH_UNIT ( ) NAMED_UNIT ( * ) SI_UNIT ( .MILLI., .METRE. ) );
#1438 = DIRECTION ( 'NONE',  ( 0.0000000000000000000, 0.0000000000000000000, 1.000000000000000000 ) ) ;
#1439 = FACE_OUTER_BOUND ( 'NONE', #5002, .T. ) ;
#1440 = ORIENTED_EDGE ( 'NONE', *, *, #2996, .F. ) ;
#1441 = CONICAL_SURFACE ( 'NONE', #1661, 6.898500000000003851, 0.9599310885968754814 ) ;
#1442 = CARTESIAN_POINT ( 'NONE',  ( -31.74999999999995737, 9.797174393178750716E-16, -7.999999999999937828 ) ) ;
#1443 = FACE_OUTER_BOUND ( 'NONE', #63, .T. ) ;
#1444 = ORIENTED_EDGE ( 'NONE', *, *, #2553, .T. ) ;
#1445 = ORIENTED_EDGE ( 'NONE', *, *, #4390, .T. ) ;
#1446 = VECTOR ( 'NONE', #4379, 1000.000000000000114 ) ;
#1447 = CARTESIAN_POINT ( 'NONE',  ( 37.22872139666199587, 8.000000000000008882, 9.797174393178831574E-16 ) ) ;
#1448 = ORIENTED_EDGE ( 'NONE', *, *, #3752, .T. ) ;
#1449 = AXIS2_PLACEMENT_3D ( 'NONE', #4829, #4732, #4745 ) ;
#1450 = LINE ( 'NONE', #4843, #1582 ) ;
#1451 = ORIENTED_EDGE ( 'NONE', *, *, #3763, .F. ) ;
#1452 = CARTESIAN_POINT ( 'NONE',  ( 16.00000000000000000, 1.053196247266716200E-15, 8.599999999999937472 ) ) ;
#1453 = CIRCLE ( 'NONE', #932, 6.898500000000003851 ) ;
#1454 = DIRECTION ( 'NONE',  ( 0.0000000000000000000, 1.000000000000000000, 0.0000000000000000000 ) ) ;
#1455 = ORIENTED_EDGE ( 'NONE', *, *, #2810, .T. ) ;
#1456 = CARTESIAN_POINT ( 'NONE',  ( 22.77127860333799703, 9.797174393178569278E-16, -8.000000000000003553 ) ) ;
#1457 = ORIENTED_EDGE ( 'NONE', *, *, #2634, .T. ) ;
#1458 = FACE_OUTER_BOUND ( 'NONE', #606, .T. ) ;
#1459 = EDGE_LOOP ( 'NONE', ( #968, #4803, #1957, #1128, #4868 ) ) ;
#1460 = ORIENTED_EDGE ( 'NONE', *, *, #4349, .T. ) ;
#1461 = CIRCLE ( 'NONE', #776, 6.898500000000003851 ) ;
#1462 = DIRECTION ( 'NONE',  ( 0.0000000000000000000, -1.000000000000000000, 0.0000000000000000000 ) ) ;
#1463 = CARTESIAN_POINT ( 'NONE',  ( 36.77127860333799703, 3.177397763569330469E-15, 0.0000000000000000000 ) ) ;
#1464 = ORIENTED_EDGE ( 'NONE', *, *, #3977, .T. ) ;
#1465 = ORIENTED_EDGE ( 'NONE', *, *, #2754, .F. ) ;
#1466 = VECTOR ( 'NONE', #4930, 1000.000000000000000 ) ;
#1467 = AXIS2_PLACEMENT_3D ( 'NONE', #4718, #4437, #4695 ) ;
#1468 = AXIS2_PLACEMENT_3D ( 'NONE', #4362, #4398, #4367 ) ;
#1469 = ORIENTED_EDGE ( 'NONE', *, *, #2521, .T. ) ;
#1470 = DIRECTION ( 'NONE',  ( -0.5735764363510509334, 0.8191520442889884679, 1.003171929053520802E-16 ) ) ;
#1471 = DIRECTION ( 'NONE',  ( -1.000000000000000000, -0.0000000000000000000, -0.0000000000000000000 ) ) ;
#1472 = ORIENTED_EDGE ( 'NONE', *, *, #2559, .F. ) ;
#1473 = ORIENTED_EDGE ( 'NONE', *, *, #2583, .T. ) ;
#1474 = DIRECTION ( 'NONE',  ( -1.000000000000000000, -1.224606353822377258E-16, -0.0000000000000000000 ) ) ;
#1475 = AXIS2_PLACEMENT_3D ( 'NONE', #4268, #4116, #2588 ) ;
#1476 = AXIS2_PLACEMENT_3D ( 'NONE', #3866, #4140, #4252 ) ;
#1477 = ORIENTED_EDGE ( 'NONE', *, *, #3431, .F. ) ;
#1478 = CARTESIAN_POINT ( 'NONE',  ( 60.77127860333799703, 3.177397763569330469E-15, 0.0000000000000000000 ) ) ;
#1479 = AXIS2_PLACEMENT_3D ( 'NONE', #2066, #3884, #4074 ) ;
#1480 = VERTEX_POINT ( 'NONE', #2340 ) ;
#1481 = ORIENTED_EDGE ( 'NONE', *, *, #3086, .T. ) ;
#1482 = EDGE_LOOP ( 'NONE', ( #1525, #1457, #741, #3476, #4294, #1895 ) ) ;
#1483 = FACE_OUTER_BOUND ( 'NONE', #1007, .T. ) ;
#1484 = CONICAL_SURFACE ( 'NONE', #47, 8.000000000000003553, 0.9599310885968797002 ) ;
#1485 = CARTESIAN_POINT ( 'NONE',  ( -31.74999999999995737, 0.0000000000000000000, 0.0000000000000000000 ) ) ;
#1486 = CIRCLE ( 'NONE', #2176, 8.000000000000003553 ) ;
#1487 = CARTESIAN_POINT ( 'NONE',  ( 43.22872139666199587, -7.999999999999998224, 0.0000000000000000000 ) ) ;
#1488 = LINE ( 'NONE', #521, #3350 ) ;
#1489 = ORIENTED_EDGE ( 'NONE', *, *, #3874, .F. ) ;
#1490 = DIRECTION ( 'NONE',  ( 0.0000000000000000000, -1.000000000000000000, 0.0000000000000000000 ) ) ;
#1491 = LINE ( 'NONE', #4924, #4255 ) ;
#1492 = AXIS2_PLACEMENT_3D ( 'NONE', #3935, #4007, #4020 ) ;
#1493 = CARTESIAN_POINT ( 'NONE',  ( 63.22872139666199587, 2.988495227926337133E-15, 0.0000000000000000000 ) ) ;
#1494 = MANIFOLD_SOLID_BREP ( 'ThdSchPat', #3485 ) ;
#1495 = DIRECTION ( 'NONE',  ( -1.000000000000000000, -1.224606353822377258E-16, -0.0000000000000000000 ) ) ;
#1496 = CARTESIAN_POINT ( 'NONE',  ( 8.000000000000000000, 4.082443753439854994, 7.070999999999982855 ) ) ;
#1497 = AXIS2_PLACEMENT_3D ( 'NONE', #3646, #4195, #314 ) ;
#1498 = ORIENTED_EDGE ( 'NONE', *, *, #3141, .F. ) ;
#1499 = AXIS2_PLACEMENT_3D ( 'NONE', #3535, #3259, #3674 ) ;
#1500 = DIRECTION ( 'NONE',  ( 0.5735764363510472696, 0.8191520442889909104, 0.0000000000000000000 ) ) ;
#1501 = DIRECTION ( 'NONE',  ( 0.0000000000000000000, -1.000000000000000000, 0.0000000000000000000 ) ) ;
#1502 = ORIENTED_EDGE ( 'NONE', *, *, #3913, .T. ) ;
#1503 = DIRECTION ( 'NONE',  ( -1.000000000000000000, -0.0000000000000000000, -0.0000000000000000000 ) ) ;
#1504 = DIRECTION ( 'NONE',  ( -1.000000000000000000, -1.224606353822377258E-16, -0.0000000000000000000 ) ) ;
#1505 = AXIS2_PLACEMENT_3D ( 'NONE', #3940, #4206, #3946 ) ;
#1506 = AXIS2_PLACEMENT_3D ( 'NONE', #3979, #3994, #4352 ) ;
#1507 = DIRECTION ( 'NONE',  ( -1.000000000000000000, -0.0000000000000000000, -0.0000000000000000000 ) ) ;
#1508 = DIRECTION ( 'NONE',  ( -1.000000000000000000, -1.224606353822377258E-16, -0.0000000000000000000 ) ) ;
#1509 = FACE_OUTER_BOUND ( 'NONE', #3617, .T. ) ;
#1510 = VERTEX_POINT ( 'NONE', #2002 ) ;
#1511 = ORIENTED_EDGE ( 'NONE', *, *, #2634, .F. ) ;
#1512 = CIRCLE ( 'NONE', #1171, 6.898500000000003851 ) ;
#1513 =( GEOMETRIC_REPRESENTATION_CONTEXT ( 3 ) GLOBAL_UNCERTAINTY_ASSIGNED_CONTEXT ( ( #1594 ) ) GLOBAL_UNIT_ASSIGNED_CONTEXT ( ( #3557, #3637, #3546 ) ) REPRESENTATION_CONTEXT ( 'NONE', 'WORKASPACE' ) );
#1514 = ORIENTED_EDGE ( 'NONE', *, *, #4373, .T. ) ;
#1515 = MECHANICAL_DESIGN_GEOMETRIC_PRESENTATION_REPRESENTATION (  '', ( #1522 ), #1513 ) ;
#1516 = PRESENTATION_LAYER_ASSIGNMENT (  '', '', ( #1522 ) ) ;
#1517 = ORIENTED_EDGE ( 'NONE', *, *, #2755, .F. ) ;
#1518 = ORIENTED_EDGE ( 'NONE', *, *, #2488, .T. ) ;
#1519 = ORIENTED_EDGE ( 'NONE', *, *, #2791, .T. ) ;
#1520 = FACE_OUTER_BOUND ( 'NONE', #604, .T. ) ;
#1521 = CARTESIAN_POINT ( 'NONE',  ( 48.77127860333799703, 3.177397763569330469E-15, 0.0000000000000000000 ) ) ;
#1522 = STYLED_ITEM ( 'NONE', ( #2042 ), #2546 ) ;
#1523 = ORIENTED_EDGE ( 'NONE', *, *, #3318, .T. ) ;
#1524 = AXIS2_PLACEMENT_3D ( 'NONE', #3399, #3289, #3527 ) ;
#1525 = ORIENTED_EDGE ( 'NONE', *, *, #4136, .F. ) ;
#1526 = AXIS2_PLACEMENT_3D ( 'NONE', #3346, #3378, #3382 ) ;
#1527 = ORIENTED_EDGE ( 'NONE', *, *, #3679, .F. ) ;
#1528 = DIRECTION ( 'NONE',  ( -1.000000000000000000, -1.224606353822377258E-16, -0.0000000000000000000 ) ) ;
#1529 = ORIENTED_EDGE ( 'NONE', *, *, #3318, .F. ) ;
#1530 = VERTEX_POINT ( 'NONE', #2252 ) ;
#1531 = ORIENTED_EDGE ( 'NONE', *, *, #4158, .F. ) ;
#1532 = AXIS2_PLACEMENT_3D ( 'NONE', #3081, #3108, #3190 ) ;
#1533 = EDGE_LOOP ( 'NONE', ( #3024, #3015, #2916, #2842, #2835 ) ) ;
#1534 = DIRECTION ( 'NONE',  ( 0.0000000000000000000, -1.000000000000000000, 0.0000000000000000000 ) ) ;
#1535 = DIRECTION ( 'NONE',  ( 0.0000000000000000000, -1.000000000000000000, 0.0000000000000000000 ) ) ;
#1536 = DIRECTION ( 'NONE',  ( -1.000000000000000000, -1.224606353822377258E-16, -0.0000000000000000000 ) ) ;
#1537 = CONICAL_SURFACE ( 'NONE', #366, 8.000000000000003553, 0.9599310885968797002 ) ;
#1538 = ORIENTED_EDGE ( 'NONE', *, *, #3446, .F. ) ;
#1539 = AXIS2_PLACEMENT_3D ( 'NONE', #2798, #2934, #2846 ) ;
#1540 = DIRECTION ( 'NONE',  ( 0.0000000000000000000, 0.0000000000000000000, 1.000000000000000000 ) ) ;
#1541 = AXIS2_PLACEMENT_3D ( 'NONE', #3992, #3950, #3812 ) ;
#1542 = FACE_OUTER_BOUND ( 'NONE', #3926, .T. ) ;
#1543 = ORIENTED_EDGE ( 'NONE', *, *, #2524, .T. ) ;
#1544 = DIRECTION ( 'NONE',  ( -1.000000000000000000, -1.224606353822377258E-16, -0.0000000000000000000 ) ) ;
#1545 = CARTESIAN_POINT ( 'NONE',  ( 64.00000000000000000, 3.082946495747834590E-15, 0.0000000000000000000 ) ) ;
#1546 = FACE_OUTER_BOUND ( 'NONE', #4408, .T. ) ;
#1547 = AXIS2_PLACEMENT_3D ( 'NONE', #2642, #2545, #2446 ) ;
#1549 = EDGE_LOOP ( 'NONE', ( #4555, #4653, #4594, #1174 ) ) ;
#1548 = CIRCLE ( 'NONE', #407, 8.000000000000003553 ) ;
#1550 = DIRECTION ( 'NONE',  ( -1.000000000000000000, -1.224606353822377258E-16, -0.0000000000000000000 ) ) ;
#1551 = ORIENTED_EDGE ( 'NONE', *, *, #2980, .T. ) ;
#1552 = DIRECTION ( 'NONE',  ( 1.000000000000000000, 1.224606353822377258E-16, 0.0000000000000000000 ) ) ;
#1553 = VERTEX_POINT ( 'NONE', #1994 ) ;
#1554 = AXIS2_PLACEMENT_3D ( 'NONE', #2572, #2840, #2743 ) ;
#1555 = AXIS2_PLACEMENT_3D ( 'NONE', #2129, #1982, #2081 ) ;
#1556 = AXIS2_PLACEMENT_3D ( 'NONE', #1703, #1833, #1884 ) ;
#1557 = DIRECTION ( 'NONE',  ( 0.0000000000000000000, -1.000000000000000000, 0.0000000000000000000 ) ) ;
#1558 = ORIENTED_EDGE ( 'NONE', *, *, #4209, .F. ) ;
#1559 = CARTESIAN_POINT ( 'NONE',  ( 8.000000000000000000, 4.082443753439855882, 7.070999999999982855 ) ) ;
#1560 = ORIENTED_EDGE ( 'NONE', *, *, #4186, .F. ) ;
#1561 = ORIENTED_EDGE ( 'NONE', *, *, #3141, .T. ) ;
#1562 = VERTEX_POINT ( 'NONE', #2258 ) ;
#1563 = ORIENTED_EDGE ( 'NONE', *, *, #3347, .F. ) ;
#1564 = ORIENTED_EDGE ( 'NONE', *, *, #2918, .T. ) ;
#1565 = DIRECTION ( 'NONE',  ( -0.5735764363510509334, 0.8191520442889884679, 1.003171929053520802E-16 ) ) ;
#1566 = VERTEX_POINT ( 'NONE', #380 ) ;
#1567 = AXIS2_PLACEMENT_3D ( 'NONE', #2538, #1705, #1843 ) ;
#1568 = AXIS2_PLACEMENT_3D ( 'NONE', #2516, #2504, #4806 ) ;
#1569 = AXIS2_PLACEMENT_3D ( 'NONE', #1559, #1652, #1762 ) ;
#1570 = AXIS2_PLACEMENT_3D ( 'NONE', #2851, #3138, #2903 ) ;
#1571 = ORIENTED_EDGE ( 'NONE', *, *, #3446, .T. ) ;
#1572 = CARTESIAN_POINT ( 'NONE',  ( 31.22872139666199587, 2.988495227926337133E-15, 0.0000000000000000000 ) ) ;
#1573 = CYLINDRICAL_SURFACE ( 'NONE', #1410, 7.999999999999937828 ) ;
#1574 = VERTEX_POINT ( 'NONE', #2334 ) ;
#1575 = ORIENTED_EDGE ( 'NONE', *, *, #3458, .T. ) ;
#1576 = VECTOR ( 'NONE', #740, 1000.000000000000000 ) ;
#1577 = LINE ( 'NONE', #4781, #1939 ) ;
#1578 = ORIENTED_EDGE ( 'NONE', *, *, #2410, .T. ) ;
#1579 = CARTESIAN_POINT ( 'NONE',  ( 22.00000000000000000, 3.082946495747834590E-15, 0.0000000000000000000 ) ) ;
#1580 = ORIENTED_EDGE ( 'NONE', *, *, #2805, .T. ) ;
#1581 = CIRCLE ( 'NONE', #759, 8.000000000000003553 ) ;
#1582 = VECTOR ( 'NONE', #4492, 1000.000000000000114 ) ;
#1583 = ORIENTED_EDGE ( 'NONE', *, *, #2369, .F. ) ;
#1584 = DIRECTION ( 'NONE',  ( -1.000000000000000000, -0.0000000000000000000, -0.0000000000000000000 ) ) ;
#1585 = AXIS2_PLACEMENT_3D ( 'NONE', #915, #1078, #1295 ) ;
#1586 = CARTESIAN_POINT ( 'NONE',  ( 62.77127860333800413, -8.000000000000000000, 9.797174393178831574E-16 ) ) ;
#1587 = AXIS2_PLACEMENT_3D ( 'NONE', #1112, #984, #928 ) ;
#1588 = ORIENTED_EDGE ( 'NONE', *, *, #2289, .T. ) ;
#1589 = PLANE ( 'NONE',  #1569 ) ;
#1590 = LINE ( 'NONE', #4940, #1466 ) ;
#1591 = ORIENTED_EDGE ( 'NONE', *, *, #3449, .T. ) ;
#1592 = CARTESIAN_POINT ( 'NONE',  ( 40.00000000000000000, -6.898500000000000298, 9.122700168548424621E-16 ) ) ;
#1593 = EDGE_LOOP ( 'NONE', ( #4832, #2722, #1069, #2203, #1489 ) ) ;
#1594 = UNCERTAINTY_MEASURE_WITH_UNIT (LENGTH_MEASURE( 1.000000000000000082E-05 ), #3557, 'distance_accuracy_value', 'NONE');
#1595 = VERTEX_POINT ( 'NONE', #2243 ) ;
#1596 = EDGE_LOOP ( 'NONE', ( #884, #836, #722, #706, #694, #524 ) ) ;
#1597 = AXIS2_PLACEMENT_3D ( 'NONE', #1579, #1629, #1333 ) ;
#1598 = ADVANCED_FACE ( 'NONE', ( #1509 ), #1244, .T. ) ;
#1599 = ORIENTED_EDGE ( 'NONE', *, *, #3903, .F. ) ;
#1600 = DIRECTION ( 'NONE',  ( -1.000000000000000000, -0.0000000000000000000, -0.0000000000000000000 ) ) ;
#1601 = ORIENTED_EDGE ( 'NONE', *, *, #3351, .F. ) ;
#1602 = ORIENTED_EDGE ( 'NONE', *, *, #4178, .T. ) ;
#1603 = CIRCLE ( 'NONE', #514, 8.000000000000003553 ) ;
#1604 = CARTESIAN_POINT ( 'NONE',  ( 64.77127860333800413, 3.177397763569330469E-15, 0.0000000000000000000 ) ) ;
#1605 = EDGE_LOOP ( 'NONE', ( #2905, #554, #3098, #3090, #3034 ) ) ;
#1606 = DIRECTION ( 'NONE',  ( -1.000000000000000000, -0.0000000000000000000, -0.0000000000000000000 ) ) ;
#1607 = DIRECTION ( 'NONE',  ( -1.000000000000000000, -1.224606353822377258E-16, -0.0000000000000000000 ) ) ;
#1608 = AXIS2_PLACEMENT_3D ( 'NONE', #709, #1030, #1062 ) ;
#1609 = AXIS2_PLACEMENT_3D ( 'NONE', #705, #957, #964 ) ;
#1610 = DIRECTION ( 'NONE',  ( 0.0000000000000000000, -1.000000000000000000, 0.0000000000000000000 ) ) ;
#1611 = ORIENTED_EDGE ( 'NONE', *, *, #2778, .F. ) ;
#1612 = FACE_OUTER_BOUND ( 'NONE', #1067, .T. ) ;
#1613 = CARTESIAN_POINT ( 'NONE',  ( 64.77127860333800413, 3.177397763569330469E-15, 0.0000000000000000000 ) ) ;
#1614 = DIRECTION ( 'NONE',  ( -1.000000000000000000, -1.224606353822377258E-16, -0.0000000000000000000 ) ) ;
#1615 = ORIENTED_EDGE ( 'NONE', *, *, #3896, .T. ) ;
#1616 = PRESENTATION_STYLE_ASSIGNMENT (( #4663 ) ) ;
#1617 = AXIS2_PLACEMENT_3D ( 'NONE', #4777, #619, #504 ) ;
#1618 = AXIS2_PLACEMENT_3D ( 'NONE', #4960, #4965, #4973 ) ;
#1619 = CIRCLE ( 'NONE', #499, 8.000000000000003553 ) ;
#1620 = VERTEX_POINT ( 'NONE', #2372 ) ;
#1621 = DIRECTION ( 'NONE',  ( -1.000000000000000000, -1.224606353822377258E-16, -0.0000000000000000000 ) ) ;
#1622 = DIRECTION ( 'NONE',  ( 0.0000000000000000000, -1.000000000000000000, 0.0000000000000000000 ) ) ;
#1623 = CYLINDRICAL_SURFACE ( 'NONE', #1863, 7.999999999999937828 ) ;
#1624 = AXIS2_PLACEMENT_3D ( 'NONE', #4925, #4897, #4905 ) ;
#1625 = AXIS2_PLACEMENT_3D ( 'NONE', #4929, #4931, #4936 ) ;
#1626 = PRODUCT_RELATED_PRODUCT_CATEGORY ( 'part', '', ( #2 ) ) ;
#1627 = CARTESIAN_POINT ( 'NONE',  ( 38.00000000000000000, -6.898500000000000298, 9.122700168548424621E-16 ) ) ;
#1628 = DIRECTION ( 'NONE',  ( 0.0000000000000000000, -1.000000000000000000, 0.0000000000000000000 ) ) ;
#1629 = DIRECTION ( 'NONE',  ( -1.000000000000000000, -1.224606353822377258E-16, -0.0000000000000000000 ) ) ;
#1630 = VECTOR ( 'NONE', #2007, 1000.000000000000000 ) ;
#1631 = ORIENTED_EDGE ( 'NONE', *, *, #3198, .F. ) ;
#1632 = CARTESIAN_POINT ( 'NONE',  ( 66.00000000000000000, 0.0000000000000000000, 0.0000000000000000000 ) ) ;
#1633 = DIRECTION ( 'NONE',  ( 0.5735764363510472696, 0.8191520442889909104, 0.0000000000000000000 ) ) ;
#1634 = AXIS2_PLACEMENT_3D ( 'NONE', #4573, #4626, #4682 ) ;
#1635 = FACE_OUTER_BOUND ( 'NONE', #3373, .T. ) ;
#1636 = LINE ( 'NONE', #4722, #1373 ) ;
#1637 = DIRECTION ( 'NONE',  ( -1.000000000000000000, -1.224606353822377258E-16, -0.0000000000000000000 ) ) ;
#1638 = DIRECTION ( 'NONE',  ( -1.000000000000000000, -0.0000000000000000000, -0.0000000000000000000 ) ) ;
#1639 = DIRECTION ( 'NONE',  ( 0.0000000000000000000, -1.000000000000000000, 0.0000000000000000000 ) ) ;
#1640 = CIRCLE ( 'NONE', #1116, 8.000000000000003553 ) ;
#1641 = DIRECTION ( 'NONE',  ( 0.0000000000000000000, 0.0000000000000000000, 1.000000000000000000 ) ) ;
#1642 = AXIS2_PLACEMENT_3D ( 'NONE', #4710, #4769, #4700 ) ;
#1643 = AXIS2_PLACEMENT_3D ( 'NONE', #4529, #4518, #3161 ) ;
#1644 = AXIS2_PLACEMENT_3D ( 'NONE', #4859, #4864, #4872 ) ;
#1645 = CARTESIAN_POINT ( 'NONE',  ( 22.00000000000000000, 3.082946495747834590E-15, 0.0000000000000000000 ) ) ;
#1646 = CIRCLE ( 'NONE', #1338, 8.000000000000003553 ) ;
#1647 = ORIENTED_EDGE ( 'NONE', *, *, #3763, .T. ) ;
#1648 =( GEOMETRIC_REPRESENTATION_CONTEXT ( 3 ) GLOBAL_UNCERTAINTY_ASSIGNED_CONTEXT ( ( #2128 ) ) GLOBAL_UNIT_ASSIGNED_CONTEXT ( ( #4664, #4669, #4672 ) ) REPRESENTATION_CONTEXT ( 'NONE', 'WORKASPACE' ) );
#1649 = ORIENTED_EDGE ( 'NONE', *, *, #2886, .T. ) ;
#1650 = MECHANICAL_DESIGN_GEOMETRIC_PRESENTATION_REPRESENTATION (  '', ( #1659 ), #1648 ) ;
#1651 = LINE ( 'NONE', #4783, #4655 ) ;
#1652 = DIRECTION ( 'NONE',  ( -1.000000000000000000, 0.0000000000000000000, 0.0000000000000000000 ) ) ;
#1653 = ADVANCED_FACE ( 'NONE', ( #1251 ), #1165, .T. ) ;
#1654 = ORIENTED_EDGE ( 'NONE', *, *, #2487, .T. ) ;
#1655 = CIRCLE ( 'NONE', #1221, 6.898500000000003851 ) ;
#1656 = DIRECTION ( 'NONE',  ( -1.000000000000000000, -0.0000000000000000000, -0.0000000000000000000 ) ) ;
#1657 = VERTEX_POINT ( 'NONE', #81 ) ;
#1658 = PRESENTATION_LAYER_ASSIGNMENT (  '', '', ( #1659 ) ) ;
#1659 = STYLED_ITEM ( 'NONE', ( #1616 ), #2316 ) ;
#1660 = DIRECTION ( 'NONE',  ( 0.0000000000000000000, -1.000000000000000000, 0.0000000000000000000 ) ) ;
#1661 = AXIS2_PLACEMENT_3D ( 'NONE', #4552, #4899, #4503 ) ;
#1662 = DIRECTION ( 'NONE',  ( 1.000000000000000000, 0.0000000000000000000, 0.0000000000000000000 ) ) ;
#1663 = CARTESIAN_POINT ( 'NONE',  ( 62.77127860333800413, -2.619264724366640760E-29, 8.000000000000003553 ) ) ;
#1664 = ORIENTED_EDGE ( 'NONE', *, *, #2628, .F. ) ;
#1665 = VERTEX_POINT ( 'NONE', #3051 ) ;
#1666 = AXIS2_PLACEMENT_3D ( 'NONE', #4329, #4403, #4353 ) ;
#1667 = AXIS2_PLACEMENT_3D ( 'NONE', #4465, #1662, #4473 ) ;
#1668 = CIRCLE ( 'NONE', #551, 8.000000000000003553 ) ;
#1669 = CARTESIAN_POINT ( 'NONE',  ( 36.77127860333799703, 3.177397763569330469E-15, 0.0000000000000000000 ) ) ;
#1670 = ORIENTED_EDGE ( 'NONE', *, *, #3281, .F. ) ;
#1671 = DIRECTION ( 'NONE',  ( -1.000000000000000000, -0.0000000000000000000, -0.0000000000000000000 ) ) ;
#1672 = DIRECTION ( 'NONE',  ( -1.000000000000000000, -1.224606353822377258E-16, -0.0000000000000000000 ) ) ;
#1673 = CONICAL_SURFACE ( 'NONE', #4, 6.898500000000003851, 0.9599310885968754814 ) ;
#1674 = AXIS2_PLACEMENT_3D ( 'NONE', #4516, #4520, #4523 ) ;
#1675 = DIRECTION ( 'NONE',  ( -1.000000000000000000, -1.224606353822377258E-16, -0.0000000000000000000 ) ) ;
#1676 = CARTESIAN_POINT ( 'NONE',  ( 0.0000000000000000000, 0.0000000000000000000, 0.0000000000000000000 ) ) ;
#1677 = CARTESIAN_POINT ( 'NONE',  ( -31.74999999999995737, 9.797174393178750716E-16, -7.999999999999937828 ) ) ;
#1679 = ORIENTED_EDGE ( 'NONE', *, *, #4361, .F. ) ;
#1678 = CIRCLE ( 'NONE', #497, 8.000000000000003553 ) ;
#1680 = VERTEX_POINT ( 'NONE', #4608 ) ;
#1681 = CARTESIAN_POINT ( 'NONE',  ( 64.89849999999991326, 0.0000000000000000000, 0.0000000000000000000 ) ) ;
#1682 = DIRECTION ( 'NONE',  ( 0.0000000000000000000, 0.0000000000000000000, 1.000000000000000000 ) ) ;
#1683 = DIRECTION ( 'NONE',  ( -1.000000000000000000, -0.0000000000000000000, -0.0000000000000000000 ) ) ;
#1684 = CIRCLE ( 'NONE', #208, 8.000000000000003553 ) ;
#1685 = DIRECTION ( 'NONE',  ( 0.0000000000000000000, 1.000000000000000000, 0.0000000000000000000 ) ) ;
#1686 = DIRECTION ( 'NONE',  ( 0.0000000000000000000, 0.0000000000000000000, 1.000000000000000000 ) ) ;
#1687 = VECTOR ( 'NONE', #2403, 1000.000000000000000 ) ;
#1688 = CARTESIAN_POINT ( 'NONE',  ( -0.0000000000000000000, -8.164887506879685120, -3.035766082959412415E-15 ) ) ;
#1689 = AXIS2_PLACEMENT_3D ( 'NONE', #4370, #4372, #4378 ) ;
#1690 = ADVANCED_FACE ( 'NONE', ( #1458 ), #1109, .T. ) ;
#1691 = AXIS2_PLACEMENT_3D ( 'NONE', #4298, #4339, #4346 ) ;
#1692 = VECTOR ( 'NONE', #4617, 1000.000000000000000 ) ;
#1693 = DIRECTION ( 'NONE',  ( 1.000000000000000000, 1.224606353822377258E-16, 0.0000000000000000000 ) ) ;
#1694 = VERTEX_POINT ( 'NONE', #3120 ) ;
#1695 = ORIENTED_EDGE ( 'NONE', *, *, #2802, .T. ) ;
#1696 = AXIS2_PLACEMENT_3D ( 'NONE', #3886, #3923, #4478 ) ;
#1697 = DIRECTION ( 'NONE',  ( -1.000000000000000000, -1.224606353822377258E-16, -0.0000000000000000000 ) ) ;
#1699 = ORIENTED_EDGE ( 'NONE', *, *, #3222, .T. ) ;
#1698 = LINE ( 'NONE', #200, #1019 ) ;
#1700 = AXIS2_PLACEMENT_3D ( 'NONE', #4424, #4235, #4242 ) ;
#1701 = CARTESIAN_POINT ( 'NONE',  ( 64.77127860333800413, 8.000000000000007105, 0.0000000000000000000 ) ) ;
#1702 = ORIENTED_EDGE ( 'NONE', *, *, #2853, .F. ) ;
#1703 = CARTESIAN_POINT ( 'NONE',  ( -31.74999999999995737, 0.0000000000000000000, 0.0000000000000000000 ) ) ;
#1704 = LINE ( 'NONE', #1963, #4690 ) ;
#1705 = DIRECTION ( 'NONE',  ( -1.000000000000000000, -0.0000000000000000000, -0.0000000000000000000 ) ) ;
#1706 = EDGE_LOOP ( 'NONE', ( #3202, #3245, #860, #1188, #1732 ) ) ;
#1707 = CIRCLE ( 'NONE', #1222, 8.000000000000003553 ) ;
#1708 = CARTESIAN_POINT ( 'NONE',  ( 31.22872139666199587, 2.988495227926337133E-15, 0.0000000000000000000 ) ) ;
#1709 = DIRECTION ( 'NONE',  ( 0.5735764363510472696, 0.8191520442889909104, 0.0000000000000000000 ) ) ;
#1710 = VERTEX_POINT ( 'NONE', #3634 ) ;
#1711 = CIRCLE ( 'NONE', #988, 7.999999999999875655 ) ;
#1712 = ORIENTED_EDGE ( 'NONE', *, *, #3951, .F. ) ;
#1713 = ORIENTED_EDGE ( 'NONE', *, *, #4271, .F. ) ;
#1714 = DIRECTION ( 'NONE',  ( 0.0000000000000000000, -1.000000000000000000, 0.0000000000000000000 ) ) ;
#1715 = EDGE_LOOP ( 'NONE', ( #3041, #4377, #2523, #1770, #701 ) ) ;
#1716 = ORIENTED_EDGE ( 'NONE', *, *, #3584, .T. ) ;
#1717 = AXIS2_PLACEMENT_3D ( 'NONE', #4214, #4225, #4558 ) ;
#1718 = CIRCLE ( 'NONE', #749, 8.000000000000003553 ) ;
#1719 = AXIS2_PLACEMENT_3D ( 'NONE', #4171, #4175, #4176 ) ;
#1720 = VECTOR ( 'NONE', #4566, 1000.000000000000000 ) ;
#1721 = ORIENTED_EDGE ( 'NONE', *, *, #2766, .T. ) ;
#1722 = CARTESIAN_POINT ( 'NONE',  ( 21.22872139666199232, 2.988495227926337133E-15, 0.0000000000000000000 ) ) ;
#1723 = VERTEX_POINT ( 'NONE', #2421 ) ;
#1724 = ORIENTED_EDGE ( 'NONE', *, *, #2836, .T. ) ;
#1725 = ORIENTED_EDGE ( 'NONE', *, *, #3054, .T. ) ;
#1726 = EDGE_LOOP ( 'NONE', ( #832, #767, #731, #708, #653, #530 ) ) ;
#1727 = AXIS2_PLACEMENT_3D ( 'NONE', #4093, #4105, #4133 ) ;
#1728 = DIRECTION ( 'NONE',  ( -1.000000000000000000, -1.224606353822377258E-16, -0.0000000000000000000 ) ) ;
#1729 = DIRECTION ( 'NONE',  ( 0.5735764363510474917, -0.8191520442889907994, 1.003171929053523514E-16 ) ) ;
#1730 = DIRECTION ( 'NONE',  ( -1.000000000000000000, -1.224606353822377258E-16, -0.0000000000000000000 ) ) ;
#1731 = ORIENTED_EDGE ( 'NONE', *, *, #3638, .F. ) ;
#1732 = ORIENTED_EDGE ( 'NONE', *, *, #3014, .F. ) ;
#1733 = ORIENTED_EDGE ( 'NONE', *, *, #3418, .F. ) ;
#1734 = ORIENTED_EDGE ( 'NONE', *, *, #3991, .T. ) ;
#1735 = AXIS2_PLACEMENT_3D ( 'NONE', #4060, #4081, #4083 ) ;
#1736 = DIRECTION ( 'NONE',  ( 1.000000000000000000, 1.224606353822377258E-16, 0.0000000000000000000 ) ) ;
#1737 = AXIS2_PLACEMENT_3D ( 'NONE', #4035, #4036, #4045 ) ;
#1738 = AXIS2_PLACEMENT_3D ( 'NONE', #3984, #3986, #4010 ) ;
#1739 = ORIENTED_EDGE ( 'NONE', *, *, #4053, .F. ) ;
#1740 = VERTEX_POINT ( 'NONE', #2459 ) ;
#1741 = CIRCLE ( 'NONE', #25, 8.000000000000003553 ) ;
#1742 = DIRECTION ( 'NONE',  ( -1.000000000000000000, -1.224606353822377258E-16, -0.0000000000000000000 ) ) ;
#1743 = AXIS2_PLACEMENT_3D ( 'NONE', #3939, #3959, #3966 ) ;
#1744 = ORIENTED_EDGE ( 'NONE', *, *, #3105, .F. ) ;
#1745 = DIRECTION ( 'NONE',  ( 0.0000000000000000000, -1.000000000000000000, 0.0000000000000000000 ) ) ;
#1746 = VECTOR ( 'NONE', #1729, 1000.000000000000114 ) ;
#1747 = DIRECTION ( 'NONE',  ( 0.0000000000000000000, -1.000000000000000000, 0.0000000000000000000 ) ) ;
#1748 = CARTESIAN_POINT ( 'NONE',  ( -31.74999999999995737, 0.0000000000000000000, 0.0000000000000000000 ) ) ;
#1749 = VERTEX_POINT ( 'NONE', #2435 ) ;
#1750 = CYLINDRICAL_SURFACE ( 'NONE', #1140, 7.999999999999937828 ) ;
#1751 = AXIS2_PLACEMENT_3D ( 'NONE', #3893, #3907, #3912 ) ;
#1752 = DIRECTION ( 'NONE',  ( -1.000000000000000000, -0.0000000000000000000, -0.0000000000000000000 ) ) ;
#1753 = EDGE_LOOP ( 'NONE', ( #122, #1423, #2670, #383, #3608 ) ) ;
#1754 = LINE ( 'NONE', #4620, #1692 ) ;
#1755 = AXIS2_PLACEMENT_3D ( 'NONE', #3710, #3719, #3702 ) ;
#1756 = AXIS2_PLACEMENT_3D ( 'NONE', #3630, #3589, #4190 ) ;
#1757 = CARTESIAN_POINT ( 'NONE',  ( 54.00000000000000000, 6.898500000000007404, 8.448225943918020627E-16 ) ) ;
#1758 = FACE_OUTER_BOUND ( 'NONE', #2592, .T. ) ;
#1759 = ORIENTED_EDGE ( 'NONE', *, *, #3705, .F. ) ;
#1760 = ORIENTED_EDGE ( 'NONE', *, *, #3584, .F. ) ;
#1761 = FACE_OUTER_BOUND ( 'NONE', #2359, .T. ) ;
#1762 = DIRECTION ( 'NONE',  ( 0.0000000000000000000, 0.0000000000000000000, 1.000000000000000000 ) ) ;
#1763 = VERTEX_POINT ( 'NONE', #3375 ) ;
#1764 = UNCERTAINTY_MEASURE_WITH_UNIT (LENGTH_MEASURE( 1.000000000000000082E-05 ), #4550, 'distance_accuracy_value', 'NONE');
#1765 = FACE_OUTER_BOUND ( 'NONE', #3573, .T. ) ;
#1766 = ORIENTED_EDGE ( 'NONE', *, *, #2994, .F. ) ;
#1767 = AXIS2_PLACEMENT_3D ( 'NONE', #1198, #1117, #3009 ) ;
#1768 = EDGE_LOOP ( 'NONE', ( #1245, #1310, #1445, #1460, #1465 ) ) ;
#1769 = FACE_OUTER_BOUND ( 'NONE', #2111, .T. ) ;
#1770 = ORIENTED_EDGE ( 'NONE', *, *, #3262, .T. ) ;
#1771 = AXIS2_PLACEMENT_3D ( 'NONE', #3868, #3872, #3876 ) ;
#1772 = CARTESIAN_POINT ( 'NONE',  ( 60.77127860333799703, -2.619264724366640760E-29, 8.000000000000003553 ) ) ;
#1773 = AXIS2_PLACEMENT_3D ( 'NONE', #3580, #3603, #3616 ) ;
#1774 = ORIENTED_EDGE ( 'NONE', *, *, #4340, .F. ) ;
#1775 = CIRCLE ( 'NONE', #1126, 6.898500000000003851 ) ;
#1776 = VERTEX_POINT ( 'NONE', #2464 ) ;
#1777 = CARTESIAN_POINT ( 'NONE',  ( 32.77127860333799703, 3.177397763569330469E-15, 0.0000000000000000000 ) ) ;
#1778 = ORIENTED_EDGE ( 'NONE', *, *, #4349, .F. ) ;
#1779 = CIRCLE ( 'NONE', #1381, 8.000000000000003553 ) ;
#1780 = DIRECTION ( 'NONE',  ( 0.0000000000000000000, -1.000000000000000000, 0.0000000000000000000 ) ) ;
#1781 = ORIENTED_EDGE ( 'NONE', *, *, #3065, .T. ) ;
#1782 = AXIS2_PLACEMENT_3D ( 'NONE', #3796, #3802, #3809 ) ;
#1783 = ORIENTED_EDGE ( 'NONE', *, *, #4356, .F. ) ;
#1784 = CYLINDRICAL_SURFACE ( 'NONE', #666, 7.999999999999937828 ) ;
#1785 = DIRECTION ( 'NONE',  ( -1.000000000000000000, -1.224606353822377258E-16, -0.0000000000000000000 ) ) ;
#1786 = AXIS2_PLACEMENT_3D ( 'NONE', #3441, #3551, #3506 ) ;
#1787 = CARTESIAN_POINT ( 'NONE',  ( 0.0000000000000000000, 8.164887506879688672, -2.255140518769849223E-14 ) ) ;
#1788 = VERTEX_POINT ( 'NONE', #1266 ) ;
#1789 = AXIS2_PLACEMENT_3D ( 'NONE', #3568, #3578, #3562 ) ;
#1790 = CARTESIAN_POINT ( 'NONE',  ( 24.77127860333799703, 3.177397763569330469E-15, 0.0000000000000000000 ) ) ;
#1791 = ORIENTED_EDGE ( 'NONE', *, *, #3047, .T. ) ;
#1792 = ORIENTED_EDGE ( 'NONE', *, *, #3919, .F. ) ;
#1793 = DIRECTION ( 'NONE',  ( 0.0000000000000000000, -1.000000000000000000, 0.0000000000000000000 ) ) ;
#1794 = VERTEX_POINT ( 'NONE', #2045 ) ;
#1795 = ORIENTED_EDGE ( 'NONE', *, *, #2273, .F. ) ;
#1796 = AXIS2_PLACEMENT_3D ( 'NONE', #3516, #4471, #3510 ) ;
#1797 = DIRECTION ( 'NONE',  ( 0.0000000000000000000, 1.000000000000000000, -1.168537730597422967E-15 ) ) ;
#1798 = FACE_OUTER_BOUND ( 'NONE', #3178, .T. ) ;
#1799 = AXIS2_PLACEMENT_3D ( 'NONE', #3456, #3467, #3471 ) ;
#1800 = CARTESIAN_POINT ( 'NONE',  ( 54.00000000000000000, 3.082946495747834590E-15, 0.0000000000000000000 ) ) ;
#1801 = CIRCLE ( 'NONE', #311, 6.898500000000003851 ) ;
#1802 = CARTESIAN_POINT ( 'NONE',  ( 38.00000000000000000, 3.082946495747834590E-15, 0.0000000000000000000 ) ) ;
#1803 = CARTESIAN_POINT ( 'NONE',  ( 34.77127860333798992, 9.797174393178569278E-16, -8.000000000000003553 ) ) ;
#1804 = AXIS2_PLACEMENT_3D ( 'NONE', #3479, #3501, #3475 ) ;
#1805 = CARTESIAN_POINT ( 'NONE',  ( 57.22872139666199587, 2.988495227926337133E-15, 0.0000000000000000000 ) ) ;
#1806 = DIRECTION ( 'NONE',  ( -1.000000000000000000, -1.224606353822377258E-16, -0.0000000000000000000 ) ) ;
#1807 = LINE ( 'NONE', #4296, #4622 ) ;
#1808 = AXIS2_PLACEMENT_3D ( 'NONE', #3416, #3433, #727 ) ;
#1809 = AXIS2_PLACEMENT_3D ( 'NONE', #3008, #3147, #3323 ) ;
#1810 = CIRCLE ( 'NONE', #1146, 8.000000000000003553 ) ;
#1811 = DIRECTION ( 'NONE',  ( 0.0000000000000000000, -1.000000000000000000, 0.0000000000000000000 ) ) ;
#1812 = VECTOR ( 'NONE', #2631, 1000.000000000000000 ) ;
#1813 = ADVANCED_FACE ( 'NONE', ( #2172 ), #969, .T. ) ;
#1814 = EDGE_LOOP ( 'NONE', ( #1514, #1580, #1724, #4746, #3360, #4525 ) ) ;
#1815 = ORIENTED_EDGE ( 'NONE', *, *, #2591, .F. ) ;
#1816 = AXIS2_PLACEMENT_3D ( 'NONE', #3340, #802, #4597 ) ;
#1817 = CARTESIAN_POINT ( 'NONE',  ( 33.22872139666199587, 2.988495227926337133E-15, 0.0000000000000000000 ) ) ;
#1818 = ORIENTED_EDGE ( 'NONE', *, *, #3389, .F. ) ;
#1819 = CARTESIAN_POINT ( 'NONE',  ( 8.000000000000000000, -4.082443753439832790, 7.070999999999992625 ) ) ;
#1820 = AXIS2_PLACEMENT_3D ( 'NONE', #240, #3413, #728 ) ;
#1821 = DIRECTION ( 'NONE',  ( -1.000000000000000000, -1.224606353822377258E-16, -0.0000000000000000000 ) ) ;
#1822 = VECTOR ( 'NONE', #93, 999.9999999999998863 ) ;
#1823 = FACE_OUTER_BOUND ( 'NONE', #1197, .T. ) ;
#1824 = VECTOR ( 'NONE', #4416, 1000.000000000000000 ) ;
#1825 = DIRECTION ( 'NONE',  ( 0.0000000000000000000, -1.000000000000000000, 0.0000000000000000000 ) ) ;
#1826 = EDGE_LOOP ( 'NONE', ( #862, #875, #971, #991, #1084 ) ) ;
#1827 = ORIENTED_EDGE ( 'NONE', *, *, #3235, .F. ) ;
#1828 = VERTEX_POINT ( 'NONE', #2466 ) ;
#1829 = AXIS2_PLACEMENT_3D ( 'NONE', #3025, #3036, #4300 ) ;
#1830 = CIRCLE ( 'NONE', #1255, 8.000000000000003553 ) ;
#1831 = CARTESIAN_POINT ( 'NONE',  ( -31.74999999999995737, 0.0000000000000000000, 0.0000000000000000000 ) ) ;
#1832 = ORIENTED_EDGE ( 'NONE', *, *, #4358, .T. ) ;
#1833 = DIRECTION ( 'NONE',  ( -1.000000000000000000, -0.0000000000000000000, -0.0000000000000000000 ) ) ;
#1834 = CYLINDRICAL_SURFACE ( 'NONE', #1009, 7.999999999999937828 ) ;
#1835 = ORIENTED_EDGE ( 'NONE', *, *, #2766, .F. ) ;
#1836 = ORIENTED_EDGE ( 'NONE', *, *, #2664, .F. ) ;
#1837 = AXIS2_PLACEMENT_3D ( 'NONE', #3012, #3044, #3175 ) ;
#1838 = DIRECTION ( 'NONE',  ( 0.0000000000000000000, 0.0000000000000000000, 1.000000000000000000 ) ) ;
#1839 = EDGE_LOOP ( 'NONE', ( #2873, #995, #1878, #912, #1498 ) ) ;
#1840 = CONICAL_SURFACE ( 'NONE', #745, 8.000000000000003553, 0.9599310885968797002 ) ;
#1841 = DIRECTION ( 'NONE',  ( 0.0000000000000000000, 0.0000000000000000000, 1.000000000000000000 ) ) ;
#1842 = ORIENTED_EDGE ( 'NONE', *, *, #4361, .T. ) ;
#1843 = DIRECTION ( 'NONE',  ( 0.0000000000000000000, 0.0000000000000000000, 1.000000000000000000 ) ) ;
#1844 = ORIENTED_EDGE ( 'NONE', *, *, #3295, .T. ) ;
#1845 = VERTEX_POINT ( 'NONE', #5010 ) ;
#1846 = AXIS2_PLACEMENT_3D ( 'NONE', #3217, #3226, #3127 ) ;
#1847 = CARTESIAN_POINT ( 'NONE',  ( 8.000000000000000000, 0.0000000000000000000, 0.0000000000000000000 ) ) ;
#1848 = VERTEX_POINT ( 'NONE', #3852 ) ;
#1849 = ORIENTED_EDGE ( 'NONE', *, *, #3300, .T. ) ;
#1850 = CARTESIAN_POINT ( 'NONE',  ( 8.000000000000000000, -4.082443753439832790, 7.070999999999992625 ) ) ;
#1851 = AXIS2_PLACEMENT_3D ( 'NONE', #3244, #1730, #3252 ) ;
#1852 = DIRECTION ( 'NONE',  ( 0.0000000000000000000, -1.000000000000000000, 0.0000000000000000000 ) ) ;
#1853 = EDGE_LOOP ( 'NONE', ( #4703, #4896, #4916, #4961, #4858 ) ) ;
#1854 = CARTESIAN_POINT ( 'NONE',  ( 28.77127860333799347, 8.000000000000007105, 0.0000000000000000000 ) ) ;
#1855 = VERTEX_POINT ( 'NONE', #4218 ) ;
#1856 = VERTEX_POINT ( 'NONE', #3048 ) ;
#1857 = VECTOR ( 'NONE', #974, 1000.000000000000114 ) ;
#1858 = ORIENTED_EDGE ( 'NONE', *, *, #2666, .T. ) ;
#1859 = CARTESIAN_POINT ( 'NONE',  ( 34.00000000000000000, 3.082946495747834590E-15, 0.0000000000000000000 ) ) ;
#1860 = CARTESIAN_POINT ( 'NONE',  ( -31.74999999999995737, 0.0000000000000000000, 7.999999999999937828 ) ) ;
#1861 = AXIS2_PLACEMENT_3D ( 'NONE', #3184, #3171, #4641 ) ;
#1862 = FACE_OUTER_BOUND ( 'NONE', #2236, .T. ) ;
#1863 = AXIS2_PLACEMENT_3D ( 'NONE', #752, #2785, #2076 ) ;
#1864 = VECTOR ( 'NONE', #1164, 1000.000000000000000 ) ;
#1865 = DIRECTION ( 'NONE',  ( 0.0000000000000000000, -1.000000000000000000, 0.0000000000000000000 ) ) ;
#1866 = DIRECTION ( 'NONE',  ( 1.000000000000000000, 1.224606353822377258E-16, 0.0000000000000000000 ) ) ;
#1867 = ADVANCED_FACE ( 'NONE', ( #1375 ), #830, .T. ) ;
#1868 = CARTESIAN_POINT ( 'NONE',  ( 36.77127860333799703, -8.000000000000000000, 9.797174393178831574E-16 ) ) ;
#1869 = FACE_OUTER_BOUND ( 'NONE', #2570, .T. ) ;
#1870 = ADVANCED_FACE ( 'NONE', ( #1443 ), #975, .T. ) ;
#1871 = VERTEX_POINT ( 'NONE', #2917 ) ;
#1872 = FACE_OUTER_BOUND ( 'NONE', #1482, .T. ) ;
#1873 = VECTOR ( 'NONE', #4192, 1000.000000000000000 ) ;
#1874 = AXIS2_PLACEMENT_3D ( 'NONE', #4615, #3163, #2740 ) ;
#1875 = CARTESIAN_POINT ( 'NONE',  ( 53.22872139666199587, 2.988495227926337133E-15, 0.0000000000000000000 ) ) ;
#1876 = DIRECTION ( 'NONE',  ( -1.000000000000000000, -1.224606353822377258E-16, -0.0000000000000000000 ) ) ;
#1877 = AXIS2_PLACEMENT_3D ( 'NONE', #3276, #3273, #3070 ) ;
#1878 = ORIENTED_EDGE ( 'NONE', *, *, #3063, .F. ) ;
#1879 = VERTEX_POINT ( 'NONE', #2998 ) ;
#1880 = DIRECTION ( 'NONE',  ( 0.5735764363510472696, 0.8191520442889909104, 0.0000000000000000000 ) ) ;
#1881 = CYLINDRICAL_SURFACE ( 'NONE', #879, 7.999999999999937828 ) ;
#1882 = DIRECTION ( 'NONE',  ( 0.0000000000000000000, -1.000000000000000000, 0.0000000000000000000 ) ) ;
#1883 = DIRECTION ( 'NONE',  ( 1.000000000000000000, 1.224606353822377258E-16, 0.0000000000000000000 ) ) ;
#1884 = DIRECTION ( 'NONE',  ( 0.0000000000000000000, 0.0000000000000000000, 1.000000000000000000 ) ) ;
#1885 = ORIENTED_EDGE ( 'NONE', *, *, #3094, .F. ) ;
#1886 = AXIS2_PLACEMENT_3D ( 'NONE', #2926, #2762, #2811 ) ;
#1887 = CYLINDRICAL_SURFACE ( 'NONE', #1972, 7.999999999999937828 ) ;
#1888 = AXIS2_PLACEMENT_3D ( 'NONE', #2775, #2784, #1937 ) ;
#1889 = ORIENTED_EDGE ( 'NONE', *, *, #3764, .F. ) ;
#1890 = CIRCLE ( 'NONE', #828, 8.000000000000003553 ) ;
#1891 = DIRECTION ( 'NONE',  ( 0.0000000000000000000, 0.0000000000000000000, 1.000000000000000000 ) ) ;
#1892 = ADVANCED_FACE ( 'NONE', ( #1383 ), #433, .T. ) ;
#1893 = ORIENTED_EDGE ( 'NONE', *, *, #2131, .F. ) ;
#1894 = VECTOR ( 'NONE', #4679, 1000.000000000000000 ) ;
#1895 = ORIENTED_EDGE ( 'NONE', *, *, #2633, .F. ) ;
#1896 = ORIENTED_EDGE ( 'NONE', *, *, #3173, .T. ) ;
#1897 = ORIENTED_EDGE ( 'NONE', *, *, #3187, .F. ) ;
#1898 = CARTESIAN_POINT ( 'NONE',  ( 34.77127860333798992, 3.177397763569330469E-15, 0.0000000000000000000 ) ) ;
#1899 = DIRECTION ( 'NONE',  ( -1.000000000000000000, -0.0000000000000000000, -0.0000000000000000000 ) ) ;
#1900 = DIRECTION ( 'NONE',  ( 0.0000000000000000000, -1.000000000000000000, 0.0000000000000000000 ) ) ;
#1901 = AXIS2_PLACEMENT_3D ( 'NONE', #2911, #2915, #2881 ) ;
#1902 = AXIS2_PLACEMENT_3D ( 'NONE', #2860, #2866, #2827 ) ;
#1903 = DIRECTION ( 'NONE',  ( 0.0000000000000000000, -1.000000000000000000, 0.0000000000000000000 ) ) ;
#1904 = CARTESIAN_POINT ( 'NONE',  ( 60.77127860333799703, 3.177397763569330469E-15, 0.0000000000000000000 ) ) ;
#1905 = ORIENTED_EDGE ( 'NONE', *, *, #3212, .T. ) ;
#1906 = VERTEX_POINT ( 'NONE', #2970 ) ;
#1907 = DIRECTION ( 'NONE',  ( -1.000000000000000000, -1.224606353822377258E-16, -0.0000000000000000000 ) ) ;
#1908 = LINE ( 'NONE', #2562, #4312 ) ;
#1909 = DIRECTION ( 'NONE',  ( -1.000000000000000000, -1.224606353822377258E-16, -0.0000000000000000000 ) ) ;
#1910 = AXIS2_PLACEMENT_3D ( 'NONE', #2945, #2893, #2960 ) ;
#1911 = DIRECTION ( 'NONE',  ( 0.0000000000000000000, -1.000000000000000000, 0.0000000000000000000 ) ) ;
#1912 = CIRCLE ( 'NONE', #438, 8.000000000000003553 ) ;
#1913 = CARTESIAN_POINT ( 'NONE',  ( 34.77127860333798992, 3.177397763569330469E-15, 0.0000000000000000000 ) ) ;
#1914 = ADVANCED_FACE ( 'NONE', ( #488 ), #167, .T. ) ;
#1915 = AXIS2_PLACEMENT_3D ( 'NONE', #3315, #1471, #3911 ) ;
#1916 = AXIS2_PLACEMENT_3D ( 'NONE', #2983, #3703, #3005 ) ;
#1917 = ADVANCED_FACE ( 'NONE', ( #1236 ), #106, .T. ) ;
#1918 = EDGE_CURVE ( 'NONE', #582, #2731, #112, .T. ) ;
#1919 = CONICAL_SURFACE ( 'NONE', #251, 8.000000000000003553, 0.9599310885968797002 ) ;
#1920 = DIRECTION ( 'NONE',  ( -1.000000000000000000, -1.224606353822377258E-16, -0.0000000000000000000 ) ) ;
#1921 = ADVANCED_FACE ( 'NONE', ( #835 ), #4895, .T. ) ;
#1922 = CARTESIAN_POINT ( 'NONE',  ( 40.00000000000000000, 6.898500000000007404, 8.448225943918020627E-16 ) ) ;
#1923 = AXIS2_PLACEMENT_3D ( 'NONE', #2984, #2979, #2969 ) ;
#1924 = ORIENTED_EDGE ( 'NONE', *, *, #2957, .T. ) ;
#1925 = AXIS2_PLACEMENT_3D ( 'NONE', #3900, #3905, #3887 ) ;
#1926 = DIRECTION ( 'NONE',  ( 0.0000000000000000000, 0.0000000000000000000, 1.000000000000000000 ) ) ;
#1927 = CARTESIAN_POINT ( 'NONE',  ( 43.22872139666199587, 2.988495227926337133E-15, 0.0000000000000000000 ) ) ;
#1928 = LINE ( 'NONE', #4546, #1720 ) ;
#1929 = DIRECTION ( 'NONE',  ( 0.0000000000000000000, -1.000000000000000000, 0.0000000000000000000 ) ) ;
#1930 = FACE_OUTER_BOUND ( 'NONE', #4219, .T. ) ;
#1931 = AXIS2_PLACEMENT_3D ( 'NONE', #2443, #1060, #2348 ) ;
#1932 = LINE ( 'NONE', #2070, #2898 ) ;
#1933 = ORIENTED_EDGE ( 'NONE', *, *, #3581, .T. ) ;
#1934 = AXIS2_PLACEMENT_3D ( 'NONE', #3061, #3370, #3121 ) ;
#1935 = DIRECTION ( 'NONE',  ( -0.5735764363510509334, 0.8191520442889884679, 1.003171929053520802E-16 ) ) ;
#1936 = DIRECTION ( 'NONE',  ( 1.000000000000000000, 1.224606353822377258E-16, 0.0000000000000000000 ) ) ;
#1937 = DIRECTION ( 'NONE',  ( 0.0000000000000000000, -1.000000000000000000, 0.0000000000000000000 ) ) ;
#1938 = ORIENTED_EDGE ( 'NONE', *, *, #4373, .F. ) ;
#1939 = VECTOR ( 'NONE', #4577, 1000.000000000000000 ) ;
#1940 = EDGE_CURVE ( 'NONE', #4295, #582, #421, .T. ) ;
#1941 = DIRECTION ( 'NONE',  ( 0.0000000000000000000, -1.000000000000000000, 0.0000000000000000000 ) ) ;
#1942 = PRESENTATION_LAYER_ASSIGNMENT (  '', '', ( #4991 ) ) ;
#1943 = CIRCLE ( 'NONE', #1192, 8.000000000000003553 ) ;
#1944 = VERTEX_POINT ( 'NONE', #2817 ) ;
#1945 = ADVANCED_FACE ( 'NONE', ( #27 ), #2109, .T. ) ;
#1946 = CARTESIAN_POINT ( 'NONE',  ( 25.22872139666199232, 2.988495227926337133E-15, 0.0000000000000000000 ) ) ;
#1947 = SURFACE_STYLE_FILL_AREA ( #2337 ) ;
#1948 = DIRECTION ( 'NONE',  ( -0.5735764363510507113, -0.8191520442889885789, 0.0000000000000000000 ) ) ;
#1949 = ORIENTED_EDGE ( 'NONE', *, *, #4375, .F. ) ;
#1950 = VECTOR ( 'NONE', #4023, 1000.000000000000000 ) ;
#1951 = CARTESIAN_POINT ( 'NONE',  ( 8.000000000000000000, -4.082443753439832790, 7.070999999999992625 ) ) ;
#1952 = CARTESIAN_POINT ( 'NONE',  ( 27.22872139666199232, 2.988495227926337133E-15, 0.0000000000000000000 ) ) ;
#1953 = DIRECTION ( 'NONE',  ( -1.000000000000000000, -1.224606353822377258E-16, -0.0000000000000000000 ) ) ;
#1954 = ORIENTED_EDGE ( 'NONE', *, *, #2245, .T. ) ;
#1955 = AXIS2_PLACEMENT_3D ( 'NONE', #2416, #2397, #2408 ) ;
#1956 = VECTOR ( 'NONE', #4444, 1000.000000000000000 ) ;
#1957 = ORIENTED_EDGE ( 'NONE', *, *, #4068, .T. ) ;
#1958 = CARTESIAN_POINT ( 'NONE',  ( 35.22872139666199587, 2.988495227926337133E-15, 0.0000000000000000000 ) ) ;
#1959 = CIRCLE ( 'NONE', #628, 8.000000000000003553 ) ;
#1960 = DIRECTION ( 'NONE',  ( -1.000000000000000000, -1.224606353822377258E-16, -0.0000000000000000000 ) ) ;
#1961 = CARTESIAN_POINT ( 'NONE',  ( 42.77127860333799703, 3.177397763569330469E-15, 0.0000000000000000000 ) ) ;
#1962 = ORIENTED_EDGE ( 'NONE', *, *, #2297, .F. ) ;
#1963 = CARTESIAN_POINT ( 'NONE',  ( 22.00000000000000000, 6.898500000000007404, 8.448225943918020627E-16 ) ) ;
#1964 = ORIENTED_EDGE ( 'NONE', *, *, #2569, .F. ) ;
#1965 = AXIS2_PLACEMENT_3D ( 'NONE', #2358, #2352, #4320 ) ;
#1966 = VERTEX_POINT ( 'NONE', #2753 ) ;
#1967 =( GEOMETRIC_REPRESENTATION_CONTEXT ( 3 ) GLOBAL_UNCERTAINTY_ASSIGNED_CONTEXT ( ( #1185 ) ) GLOBAL_UNIT_ASSIGNED_CONTEXT ( ( #2320, #2314, #2309 ) ) REPRESENTATION_CONTEXT ( 'NONE', 'WORKASPACE' ) );
#1968 = DIRECTION ( 'NONE',  ( -1.000000000000000000, -1.224606353822377258E-16, -0.0000000000000000000 ) ) ;
#1969 = DIRECTION ( 'NONE',  ( -0.5735764363510509334, 0.8191520442889884679, 1.003171929053520802E-16 ) ) ;
#1970 = MECHANICAL_DESIGN_GEOMETRIC_PRESENTATION_REPRESENTATION (  '', ( #1976 ), #1967 ) ;
#1971 = DIRECTION ( 'NONE',  ( 0.0000000000000000000, -1.000000000000000000, 0.0000000000000000000 ) ) ;
#1972 = AXIS2_PLACEMENT_3D ( 'NONE', #313, #1176, #1682 ) ;
#1973 = CARTESIAN_POINT ( 'NONE',  ( 38.77127860333799703, 3.177397763569330469E-15, 0.0000000000000000000 ) ) ;
#1974 = ORIENTED_EDGE ( 'NONE', *, *, #3002, .T. ) ;
#1975 = ORIENTED_EDGE ( 'NONE', *, *, #2975, .F. ) ;
#1976 = STYLED_ITEM ( 'NONE', ( #2323 ), #1494 ) ;
#1977 = VECTOR ( 'NONE', #3228, 1000.000000000000000 ) ;
#1978 = DIRECTION ( 'NONE',  ( 0.0000000000000000000, -1.000000000000000000, 0.0000000000000000000 ) ) ;
#1979 = CARTESIAN_POINT ( 'NONE',  ( -31.74999999999995737, 0.0000000000000000000, 7.999999999999937828 ) ) ;
#1980 = ORIENTED_EDGE ( 'NONE', *, *, #1303, .F. ) ;
#1981 = DIRECTION ( 'NONE',  ( 0.0000000000000000000, 1.000000000000000000, 0.0000000000000000000 ) ) ;
#1982 = DIRECTION ( 'NONE',  ( -1.000000000000000000, -0.0000000000000000000, -0.0000000000000000000 ) ) ;
#1983 = PRESENTATION_LAYER_ASSIGNMENT (  '', '', ( #1976 ) ) ;
#1984 = CYLINDRICAL_SURFACE ( 'NONE', #1666, 7.999999999999937828 ) ;
#1985 = ORIENTED_EDGE ( 'NONE', *, *, #3087, .F. ) ;
#1986 = CARTESIAN_POINT ( 'NONE',  ( 63.22872139666199587, 2.988495227926337133E-15, 0.0000000000000000000 ) ) ;
#1987 = DIRECTION ( 'NONE',  ( -0.0000000000000000000, -0.5000000000000009992, -0.8660254037844380415 ) ) ;
#1988 = FACE_OUTER_BOUND ( 'NONE', #3543, .T. ) ;
#1989 = VERTEX_POINT ( 'NONE', #2748 ) ;
#1990 = CARTESIAN_POINT ( 'NONE',  ( 40.00000000000000000, 3.082946495747834590E-15, 0.0000000000000000000 ) ) ;
#1991 = DIRECTION ( 'NONE',  ( -1.000000000000000000, -1.224606353822377258E-16, -0.0000000000000000000 ) ) ;
#1992 = AXIS2_PLACEMENT_3D ( 'NONE', #390, #374, #397 ) ;
#1993 = CONICAL_SURFACE ( 'NONE', #1643, 6.898500000000003851, 0.9599310885968754814 ) ;
#1994 = CARTESIAN_POINT ( 'NONE',  ( 40.77127860333799703, -2.619264724366640760E-29, 8.000000000000003553 ) ) ;
#1995 = ADVANCED_FACE ( 'NONE', ( #1113 ), #1623, .T. ) ;
#1996 = CIRCLE ( 'NONE', #408, 8.000000000000003553 ) ;
#1997 = DIRECTION ( 'NONE',  ( 0.0000000000000000000, -1.000000000000000000, 0.0000000000000000000 ) ) ;
#1998 = VERTEX_POINT ( 'NONE', #4625 ) ;
#1999 = ADVANCED_FACE ( 'NONE', ( #87 ), #5020, .T. ) ;
#2000 = VECTOR ( 'NONE', #459, 1000.000000000000000 ) ;
#2001 = ORIENTED_EDGE ( 'NONE', *, *, #3191, .F. ) ;
#2002 = CARTESIAN_POINT ( 'NONE',  ( 34.00000000000000000, 6.898500000000007404, 0.0000000000000000000 ) ) ;
#2003 = ADVANCED_FACE ( 'NONE', ( #2238 ), #4953, .T. ) ;
#2004 = AXIS2_PLACEMENT_3D ( 'NONE', #425, #406, #448 ) ;
#2005 = CIRCLE ( 'NONE', #885, 8.000000000000003553 ) ;
#2006 = CARTESIAN_POINT ( 'NONE',  ( 34.77127860333798992, 3.177397763569330469E-15, 0.0000000000000000000 ) ) ;
#2007 = DIRECTION ( 'NONE',  ( -1.000000000000000000, -0.0000000000000000000, -0.0000000000000000000 ) ) ;
#2008 = CARTESIAN_POINT ( 'NONE',  ( 61.22872139666199587, -7.999999999999998224, 0.0000000000000000000 ) ) ;
#2009 = CYLINDRICAL_SURFACE ( 'NONE', #1547, 7.999999999999937828 ) ;
#2010 = ORIENTED_EDGE ( 'NONE', *, *, #4376, .F. ) ;
#2011 = ADVANCED_FACE ( 'NONE', ( #1872 ), #1017, .T. ) ;
#2012 = CIRCLE ( 'NONE', #874, 8.000000000000003553 ) ;
#2013 = CARTESIAN_POINT ( 'NONE',  ( 41.99999999999999289, 6.898500000000007404, 0.0000000000000000000 ) ) ;
#2014 = AXIS2_PLACEMENT_3D ( 'NONE', #477, #491, #468 ) ;
#2015 = VERTEX_POINT ( 'NONE', #3243 ) ;
#2016 = ORIENTED_EDGE ( 'NONE', *, *, #4209, .T. ) ;
#2017 = VECTOR ( 'NONE', #4662, 1000.000000000000114 ) ;
#2018 = CARTESIAN_POINT ( 'NONE',  ( 52.00000000000000000, -6.898500000000000298, 9.122700168548424621E-16 ) ) ;
#2019 = DIRECTION ( 'NONE',  ( -1.000000000000000000, -1.224606353822377258E-16, -0.0000000000000000000 ) ) ;
#2020 = CARTESIAN_POINT ( 'NONE',  ( 8.000000000000000000, 4.082443753439855882, 7.070999999999982855 ) ) ;
#2021 = AXIS2_PLACEMENT_3D ( 'NONE', #462, #456, #443 ) ;
#2022 = AXIS2_PLACEMENT_3D ( 'NONE', #819, #586, #585 ) ;
#2023 = ORIENTED_EDGE ( 'NONE', *, *, #3296, .F. ) ;
#2024 = EDGE_LOOP ( 'NONE', ( #4001, #295, #986, #1511, #3997 ) ) ;
#2025 = DIRECTION ( 'NONE',  ( 0.5735764363510474917, -0.8191520442889907994, 1.003171929053523514E-16 ) ) ;
#2026 = CARTESIAN_POINT ( 'NONE',  ( -31.74999999999995737, 9.797174393178750716E-16, -7.999999999999937828 ) ) ;
#2027 = ORIENTED_EDGE ( 'NONE', *, *, #3254, .T. ) ;
#2028 = DIRECTION ( 'NONE',  ( -1.000000000000000000, -0.0000000000000000000, -0.0000000000000000000 ) ) ;
#2029 = AXIS2_PLACEMENT_3D ( 'NONE', #780, #863, #672 ) ;
#2030 = CARTESIAN_POINT ( 'NONE',  ( 35.22872139666199587, 2.988495227926337133E-15, 0.0000000000000000000 ) ) ;
#2031 = CIRCLE ( 'NONE', #300, 8.000000000000003553 ) ;
#2032 = CARTESIAN_POINT ( 'NONE',  ( 42.77127860333799703, 3.177397763569330469E-15, 0.0000000000000000000 ) ) ;
#2033 = VERTEX_POINT ( 'NONE', #3116 ) ;
#2034 = DIRECTION ( 'NONE',  ( -1.000000000000000000, -0.0000000000000000000, -0.0000000000000000000 ) ) ;
#2035 = DIRECTION ( 'NONE',  ( -1.000000000000000000, -1.224606353822377258E-16, -0.0000000000000000000 ) ) ;
#2036 = VECTOR ( 'NONE', #1969, 999.9999999999998863 ) ;
#2037 = AXIS2_PLACEMENT_3D ( 'NONE', #651, #644, #663 ) ;
#2038 = DIRECTION ( 'NONE',  ( -1.000000000000000000, -1.224606353822377258E-16, -0.0000000000000000000 ) ) ;
#2039 = ADVANCED_FACE ( 'NONE', ( #1234 ), #4881, .T. ) ;
#2040 = AXIS2_PLACEMENT_3D ( 'NONE', #568, #1953, #603 ) ;
#2041 = ORIENTED_EDGE ( 'NONE', *, *, #3565, .T. ) ;
#2042 = PRESENTATION_STYLE_ASSIGNMENT (( #3234 ) ) ;
#2043 = VERTEX_POINT ( 'NONE', #3181 ) ;
#2044 = VECTOR ( 'NONE', #2143, 1000.000000000000000 ) ;
#2045 = CARTESIAN_POINT ( 'NONE',  ( 41.22872139666198876, -2.465190328815661892E-29, 8.000000000000003553 ) ) ;
#2046 = ORIENTED_EDGE ( 'NONE', *, *, #3489, .T. ) ;
#2047 =( GEOMETRIC_REPRESENTATION_CONTEXT ( 3 ) GLOBAL_UNCERTAINTY_ASSIGNED_CONTEXT ( ( #4413 ) ) GLOBAL_UNIT_ASSIGNED_CONTEXT ( ( #718, #697, #681 ) ) REPRESENTATION_CONTEXT ( 'NONE', 'WORKASPACE' ) );
#2048 = MECHANICAL_DESIGN_GEOMETRIC_PRESENTATION_REPRESENTATION (  '', ( #2072 ), #2047 ) ;
#2049 = CONICAL_SURFACE ( 'NONE', #22, 6.898500000000003851, 0.9599310885968754814 ) ;
#2050 = DIRECTION ( 'NONE',  ( 0.0000000000000000000, 0.0000000000000000000, 1.000000000000000000 ) ) ;
#2051 = DIRECTION ( 'NONE',  ( 0.0000000000000000000, -1.000000000000000000, 0.0000000000000000000 ) ) ;
#2052 = LINE ( 'NONE', #4443, #1956 ) ;
#2053 = CARTESIAN_POINT ( 'NONE',  ( 42.77127860333799703, 9.797174393178569278E-16, -8.000000000000003553 ) ) ;
#2054 = ORIENTED_EDGE ( 'NONE', *, *, #2939, .T. ) ;
#2055 = ADVANCED_FACE ( 'NONE', ( #632 ), #4814, .T. ) ;
#2056 = PRESENTATION_LAYER_ASSIGNMENT (  '', '', ( #2072 ) ) ;
#2057 = AXIS2_PLACEMENT_3D ( 'NONE', #865, #851, #825 ) ;
#2058 = DIRECTION ( 'NONE',  ( 0.0000000000000000000, 0.0000000000000000000, 1.000000000000000000 ) ) ;
#2059 = DIRECTION ( 'NONE',  ( 0.0000000000000000000, -1.000000000000000000, 0.0000000000000000000 ) ) ;
#2060 = CARTESIAN_POINT ( 'NONE',  ( 8.000000000000000000, -4.082443753439832790, 7.070999999999992625 ) ) ;
#2061 = LINE ( 'NONE', #4510, #1824 ) ;
#2062 = CARTESIAN_POINT ( 'NONE',  ( 49.22872139666199587, 9.797174393178585055E-16, -8.000000000000003553 ) ) ;
#2063 = EDGE_LOOP ( 'NONE', ( #430, #1836, #2552, #1053, #1858 ) ) ;
#2064 = LINE ( 'NONE', #1260, #4428 ) ;
#2065 = DIRECTION ( 'NONE',  ( -1.000000000000000000, -1.224606353822377258E-16, -0.0000000000000000000 ) ) ;
#2066 = CARTESIAN_POINT ( 'NONE',  ( 28.77127860333799347, 3.177397763569330469E-15, 0.0000000000000000000 ) ) ;
#2067 = CONICAL_SURFACE ( 'NONE', #1992, 6.898500000000003851, 0.9599310885968754814 ) ;
#2068 = ADVANCED_FACE ( 'NONE', ( #4900 ), #4749, .T. ) ;
#2069 = CIRCLE ( 'NONE', #1081, 8.000000000000003553 ) ;
#2070 = CARTESIAN_POINT ( 'NONE',  ( 8.000000000000000000, -4.082443753439832790, 7.070999999999992625 ) ) ;
#2071 = ORIENTED_EDGE ( 'NONE', *, *, #3047, .F. ) ;
#2072 = STYLED_ITEM ( 'NONE', ( #3960 ), #1049 ) ;
#2073 = ORIENTED_EDGE ( 'NONE', *, *, #4121, .T. ) ;
#2074 = CARTESIAN_POINT ( 'NONE',  ( 22.00000000000000000, 3.082946495747834590E-15, 0.0000000000000000000 ) ) ;
#2075 = CYLINDRICAL_SURFACE ( 'NONE', #1190, 7.999999999999937828 ) ;
#2076 = DIRECTION ( 'NONE',  ( 0.0000000000000000000, 0.0000000000000000000, 1.000000000000000000 ) ) ;
#2077 = LINE ( 'NONE', #355, #2447 ) ;
#2078 = ORIENTED_EDGE ( 'NONE', *, *, #3280, .T. ) ;
#2079 = CIRCLE ( 'NONE', #714, 8.000000000000003553 ) ;
#2080 = DIRECTION ( 'NONE',  ( 0.0000000000000000000, -1.000000000000000000, 0.0000000000000000000 ) ) ;
#2081 = DIRECTION ( 'NONE',  ( 0.0000000000000000000, 0.0000000000000000000, 1.000000000000000000 ) ) ;
#2082 = EDGE_LOOP ( 'NONE', ( #4193, #3464, #227, #2560, #255, #1611 ) ) ;
#2083 = ORIENTED_EDGE ( 'NONE', *, *, #4262, .F. ) ;
#2084 = ORIENTED_EDGE ( 'NONE', *, *, #3713, .T. ) ;
#2085 = DIRECTION ( 'NONE',  ( 0.0000000000000000000, 0.0000000000000000000, 1.000000000000000000 ) ) ;
#2086 = ADVANCED_FACE ( 'NONE', ( #4997 ), #4696, .T. ) ;
#2087 = CARTESIAN_POINT ( 'NONE',  ( 62.77127860333800413, 3.177397763569330469E-15, 0.0000000000000000000 ) ) ;
#2088 = CARTESIAN_POINT ( 'NONE',  ( 57.22872139666199587, 9.797174393178585055E-16, -8.000000000000003553 ) ) ;
#2089 = DIRECTION ( 'NONE',  ( 0.0000000000000000000, -1.000000000000000000, 0.0000000000000000000 ) ) ;
#2090 = VERTEX_POINT ( 'NONE', #3629 ) ;
#2091 = CARTESIAN_POINT ( 'NONE',  ( 36.00000000000000000, 3.082946495747834590E-15, 0.0000000000000000000 ) ) ;
#2092 = ADVANCED_FACE ( 'NONE', ( #4691 ), #4850, .T. ) ;
#2093 = DIRECTION ( 'NONE',  ( -1.000000000000000000, -1.224606353822377258E-16, -0.0000000000000000000 ) ) ;
#2094 = ADVANCED_FACE ( 'NONE', ( #4911 ), #4624, .T. ) ;
#2095 = EDGE_CURVE ( 'NONE', #3739, #4295, #4807, .T. ) ;
#2096 = AXIS2_PLACEMENT_3D ( 'NONE', #877, #871, #883 ) ;
#2097 = AXIS2_PLACEMENT_3D ( 'NONE', #2619, #4989, #2625 ) ;
#2098 = DIRECTION ( 'NONE',  ( 0.0000000000000000000, -1.000000000000000000, 0.0000000000000000000 ) ) ;
#2099 = ADVANCED_FACE ( 'NONE', ( #4728 ), #4265, .T. ) ;
#2100 = FACE_OUTER_BOUND ( 'NONE', #2367, .T. ) ;
#2101 = AXIS2_PLACEMENT_3D ( 'NONE', #2707, #2695, #2690 ) ;
#2102 = AXIS2_PLACEMENT_3D ( 'NONE', #891, #917, #895 ) ;
#2103 = LINE ( 'NONE', #2382, #2630 ) ;
#2104 = CARTESIAN_POINT ( 'NONE',  ( 47.22872139666199587, 2.988495227926337133E-15, 0.0000000000000000000 ) ) ;
#2105 = ADVANCED_FACE ( 'NONE', ( #4683 ), #4196, .T. ) ;
#2106 = DIRECTION ( 'NONE',  ( 0.0000000000000000000, -1.000000000000000000, 0.0000000000000000000 ) ) ;
#2107 = CARTESIAN_POINT ( 'NONE',  ( 41.99999999999999289, 6.898500000000007404, 8.448225943918020627E-16 ) ) ;
#2108 = AXIS2_PLACEMENT_3D ( 'NONE', #966, #934, #4631 ) ;
#2109 = CONICAL_SURFACE ( 'NONE', #1886, 8.000000000000003553, 0.9599310885968797002 ) ;
#2110 = CIRCLE ( 'NONE', #289, 8.000000000000003553 ) ;
#2111 = EDGE_LOOP ( 'NONE', ( #2951, #3136, #1631, #4427, #3194 ) ) ;
#2112 = AXIS2_PLACEMENT_3D ( 'NONE', #4995, #4978, #2730 ) ;
#2113 = DIRECTION ( 'NONE',  ( -0.7071067811866159625, 0.0000000000000000000, 0.7071067811864790720 ) ) ;
#2114 = LINE ( 'NONE', #2371, #214 ) ;
#2115 = AXIS2_PLACEMENT_3D ( 'NONE', #414, #436, #4245 ) ;
#2116 = VERTEX_POINT ( 'NONE', #3438 ) ;
#2117 = DIRECTION ( 'NONE',  ( -1.000000000000000000, -1.224606353822377258E-16, -0.0000000000000000000 ) ) ;
#2118 = CONICAL_SURFACE ( 'NONE', #2004, 8.000000000000003553, 0.9599310885968797002 ) ;
#2119 = CIRCLE ( 'NONE', #195, 6.898500000000003851 ) ;
#2120 = DIRECTION ( 'NONE',  ( 0.0000000000000000000, -1.000000000000000000, 0.0000000000000000000 ) ) ;
#2121 = ORIENTED_EDGE ( 'NONE', *, *, #2666, .F. ) ;
#2122 = STYLED_ITEM ( 'NONE', ( #2220 ), #4883 ) ;
#2123 = AXIS2_PLACEMENT_3D ( 'NONE', #535, #523, #545 ) ;
#2124 = VECTOR ( 'NONE', #4118, 1000.000000000000000 ) ;
#2125 = ORIENTED_EDGE ( 'NONE', *, *, #3895, .F. ) ;
#2126 = ADVANCED_FACE ( 'NONE', ( #4201, #4938 ), #3435, .T. ) ;
#2127 = AXIS2_PLACEMENT_3D ( 'NONE', #353, #254, #510 ) ;
#2128 = UNCERTAINTY_MEASURE_WITH_UNIT (LENGTH_MEASURE( 1.000000000000000082E-05 ), #4664, 'distance_accuracy_value', 'NONE');
#2129 = CARTESIAN_POINT ( 'NONE',  ( -31.74999999999995737, 0.0000000000000000000, 0.0000000000000000000 ) ) ;
#2130 = CIRCLE ( 'NONE', #820, 8.000000000000003553 ) ;
#2131 = EDGE_CURVE ( 'NONE', #3739, #4979, #4421, .T. ) ;
#2132 = ORIENTED_EDGE ( 'NONE', *, *, #3013, .T. ) ;
#2133 = ADVANCED_FACE ( 'NONE', ( #4334 ), #3777, .T. ) ;
#2134 = EDGE_LOOP ( 'NONE', ( #1980, #75, #4913, #760, #1252 ) ) ;
#2135 = CARTESIAN_POINT ( 'NONE',  ( 42.77127860333799703, 3.177397763569330469E-15, 0.0000000000000000000 ) ) ;
#2136 = ORIENTED_EDGE ( 'NONE', *, *, #2322, .T. ) ;
#2137 = CARTESIAN_POINT ( 'NONE',  ( 22.77127860333799703, 8.000000000000005329, 0.0000000000000000000 ) ) ;
#2138 = AXIS2_PLACEMENT_3D ( 'NONE', #271, #364, #337 ) ;
#2139 = AXIS2_PLACEMENT_3D ( 'NONE', #4993, #868, #1745 ) ;
#2140 = ORIENTED_EDGE ( 'NONE', *, *, #3720, .T. ) ;
#2141 = AXIS2_PLACEMENT_3D ( 'NONE', #1279, #4148, #631 ) ;
#2142 = CARTESIAN_POINT ( 'NONE',  ( 51.22872139666199587, -7.999999999999998224, 0.0000000000000000000 ) ) ;
#2143 = DIRECTION ( 'NONE',  ( -1.000000000000000000, -0.0000000000000000000, -0.0000000000000000000 ) ) ;
#2144 = CARTESIAN_POINT ( 'NONE',  ( 8.000000000000000000, 4.082443753439834566, -7.071000000000018382 ) ) ;
#2145 = CONICAL_SURFACE ( 'NONE', #2175, 7.070999999999999730, 1.047197551196592746 ) ;
#2146 = DIRECTION ( 'NONE',  ( -1.000000000000000000, -1.224606353822377258E-16, -0.0000000000000000000 ) ) ;
#2147 = AXIS2_PLACEMENT_3D ( 'NONE', #611, #578, #821 ) ;
#2148 = ADVANCED_FACE ( 'NONE', ( #4005 ), #3678, .T. ) ;
#2149 = VERTEX_POINT ( 'NONE', #1627 ) ;
#2150 = VECTOR ( 'NONE', #1633, 1000.000000000000000 ) ;
#2151 = PLANE ( 'NONE',  #1308 ) ;
#2152 = CARTESIAN_POINT ( 'NONE',  ( 8.000000000000000000, -8.164887506879685120, -3.035766082959412415E-15 ) ) ;
#2153 = FACE_OUTER_BOUND ( 'NONE', #1228, .T. ) ;
#2154 = VERTEX_POINT ( 'NONE', #3541 ) ;
#2155 = ADVANCED_FACE ( 'NONE', ( #4113 ), #4501, .T. ) ;
#2156 = AXIS2_PLACEMENT_3D ( 'NONE', #675, #2686, #638 ) ;
#2157 = VECTOR ( 'NONE', #2276, 1000.000000000000000 ) ;
#2158 = AXIS2_PLACEMENT_3D ( 'NONE', #3673, #4917, #1230 ) ;
#2159 = DIRECTION ( 'NONE',  ( -1.000000000000000000, -1.224606353822377258E-16, -0.0000000000000000000 ) ) ;
#2160 = AXIS2_PLACEMENT_3D ( 'NONE', #3017, #3299, #994 ) ;
#2161 = FACE_OUTER_BOUND ( 'NONE', #3732, .T. ) ;
#2162 = CARTESIAN_POINT ( 'NONE',  ( 52.00000000000000000, 6.898500000000007404, 0.0000000000000000000 ) ) ;
#2163 = AXIS2_PLACEMENT_3D ( 'NONE', #1039, #1086, #1106 ) ;
#2164 = DIRECTION ( 'NONE',  ( -1.000000000000000000, -1.224606353822377258E-16, -0.0000000000000000000 ) ) ;
#2165 = ADVANCED_FACE ( 'NONE', ( #3596 ), #3504, .T. ) ;
#2166 = VERTEX_POINT ( 'NONE', #3591 ) ;
#2167 = DIRECTION ( 'NONE',  ( -0.0000000000000000000, -0.5000000000000009992, -0.8660254037844380415 ) ) ;
#2168 = FACE_OUTER_BOUND ( 'NONE', #5003, .T. ) ;
#2169 = AXIS2_PLACEMENT_3D ( 'NONE', #1155, #4904, #4975 ) ;
#2170 = ADVANCED_FACE ( 'NONE', ( #3451 ), #3601, .F. ) ;
#2171 = CARTESIAN_POINT ( 'NONE',  ( 57.22872139666199587, 8.000000000000008882, 9.797174393178831574E-16 ) ) ;
#2172 = FACE_OUTER_BOUND ( 'NONE', #1433, .T. ) ;
#2173 = CARTESIAN_POINT ( 'NONE',  ( 36.77127860333799703, 3.177397763569330469E-15, 0.0000000000000000000 ) ) ;
#2174 = LINE ( 'NONE', #115, #4686 ) ;
#2175 = AXIS2_PLACEMENT_3D ( 'NONE', #4342, #4482, #4369 ) ;
#2176 = AXIS2_PLACEMENT_3D ( 'NONE', #4797, #1135, #1148 ) ;
#2177 = CONICAL_SURFACE ( 'NONE', #2021, 8.000000000000003553, 0.9599310885968797002 ) ;
#2178 = AXIS2_PLACEMENT_3D ( 'NONE', #1090, #4815, #4636 ) ;
#2179 = ADVANCED_FACE ( 'NONE', ( #4134 ), #3858, .T. ) ;
#2180 = CIRCLE ( 'NONE', #1068, 6.898500000000003851 ) ;
#2181 = DIRECTION ( 'NONE',  ( -1.000000000000000000, -1.224606353822377258E-16, -0.0000000000000000000 ) ) ;
#2182 = DIRECTION ( 'NONE',  ( 0.0000000000000000000, -1.000000000000000000, 0.0000000000000000000 ) ) ;
#2183 = ORIENTED_EDGE ( 'NONE', *, *, #2482, .T. ) ;
#2184 = DIRECTION ( 'NONE',  ( 0.0000000000000000000, 0.0000000000000000000, 1.000000000000000000 ) ) ;
#2185 = FACE_OUTER_BOUND ( 'NONE', #2313, .T. ) ;
#2186 = DIRECTION ( 'NONE',  ( -1.000000000000000000, 0.0000000000000000000, 0.0000000000000000000 ) ) ;
#2187 = CARTESIAN_POINT ( 'NONE',  ( 60.00000000000000000, 3.082946495747834590E-15, 0.0000000000000000000 ) ) ;
#2188 = ORIENTED_EDGE ( 'NONE', *, *, #2676, .F. ) ;
#2189 = AXIS2_PLACEMENT_3D ( 'NONE', #5023, #2831, #2822 ) ;
#2190 = DIRECTION ( 'NONE',  ( 0.0000000000000000000, 0.0000000000000000000, 1.000000000000000000 ) ) ;
#2191 = CONICAL_SURFACE ( 'NONE', #1554, 8.000000000000003553, 0.9599310885968797002 ) ;
#2192 = AXIS2_PLACEMENT_3D ( 'NONE', #1258, #4849, #1220 ) ;
#2193 = ADVANCED_FACE ( 'NONE', ( #3742 ), #3348, .T. ) ;
#2194 = EDGE_LOOP ( 'NONE', ( #3662, #1261, #1561, #4702, #1440 ) ) ;
#2195 = VECTOR ( 'NONE', #4288, 1000.000000000000000 ) ;
#2196 = ORIENTED_EDGE ( 'NONE', *, *, #3805, .F. ) ;
#2197 = DIRECTION ( 'NONE',  ( 0.0000000000000000000, -1.000000000000000000, 0.0000000000000000000 ) ) ;
#2198 = EDGE_CURVE ( 'NONE', #584, #2550, #3354, .T. ) ;
#2199 = CARTESIAN_POINT ( 'NONE',  ( 8.000000000000000000, -9.013887592422973515E-15, -7.071000000000013053 ) ) ;
#2200 = EDGE_CURVE ( 'NONE', #584, #3649, #3520, .T. ) ;
#2201 = VERTEX_POINT ( 'NONE', #3757 ) ;
#2202 = DIRECTION ( 'NONE',  ( -1.000000000000000000, -1.224606353822377258E-16, -0.0000000000000000000 ) ) ;
#2203 = ORIENTED_EDGE ( 'NONE', *, *, #2711, .F. ) ;
#2204 = CARTESIAN_POINT ( 'NONE',  ( 8.000000000000000000, -8.164887506879685120, -3.035766082959412415E-15 ) ) ;
#2205 = CARTESIAN_POINT ( 'NONE',  ( 48.00000000000000000, 6.898500000000007404, 0.0000000000000000000 ) ) ;
#2206 = VERTEX_POINT ( 'NONE', #3762 ) ;
#2207 = VERTEX_POINT ( 'NONE', #3775 ) ;
#2208 = ORIENTED_EDGE ( 'NONE', *, *, #4376, .T. ) ;
#2209 = EDGE_CURVE ( 'NONE', #3649, #2721, #3290, .T. ) ;
#2210 = EDGE_CURVE ( 'NONE', #700, #640, #3338, .T. ) ;
#2211 = CARTESIAN_POINT ( 'NONE',  ( 52.77127860333799703, 8.000000000000005329, 0.0000000000000000000 ) ) ;
#2212 = EDGE_CURVE ( 'NONE', #774, #775, #3260, .T. ) ;
#2213 = DIRECTION ( 'NONE',  ( 0.0000000000000000000, -1.274768433379006694E-15, -1.000000000000000000 ) ) ;
#2214 = EDGE_CURVE ( 'NONE', #774, #2472, #3560, .T. ) ;
#2215 = EDGE_CURVE ( 'NONE', #2472, #4674, #3021, .T. ) ;
#2216 = LINE ( 'NONE', #1979, #1206 ) ;
#2217 = CARTESIAN_POINT ( 'NONE',  ( 38.00000000000000000, -6.898500000000000298, 0.0000000000000000000 ) ) ;
#2218 = VERTEX_POINT ( 'NONE', #4127 ) ;
#2219 = DIRECTION ( 'NONE',  ( 0.0000000000000000000, -1.000000000000000000, 0.0000000000000000000 ) ) ;
#2220 = PRESENTATION_STYLE_ASSIGNMENT (( #130 ) ) ;
#2221 = CARTESIAN_POINT ( 'NONE',  ( 37.22872139666199587, 2.988495227926337133E-15, 0.0000000000000000000 ) ) ;
#2222 = EDGE_CURVE ( 'NONE', #4674, #3894, #2952, .T. ) ;
#2223 = EDGE_CURVE ( 'NONE', #3894, #775, #2888, .T. ) ;
#2224 = EDGE_CURVE ( 'NONE', #3314, #2517, #2841, .T. ) ;
#2225 = CARTESIAN_POINT ( 'NONE',  ( 29.22872139666199587, 2.988495227926337133E-15, 0.0000000000000000000 ) ) ;
#2226 = DIRECTION ( 'NONE',  ( 0.0000000000000000000, 0.0000000000000000000, 1.000000000000000000 ) ) ;
#2227 = CYLINDRICAL_SURFACE ( 'NONE', #241, 7.999999999999937828 ) ;
#2228 = DIRECTION ( 'NONE',  ( -1.000000000000000000, -1.224606353822377258E-16, -0.0000000000000000000 ) ) ;
#2229 = CIRCLE ( 'NONE', #1674, 12.00000000000000000 ) ;
#2230 = CARTESIAN_POINT ( 'NONE',  ( 58.00000000000000000, 6.898500000000007404, 0.0000000000000000000 ) ) ;
#2231 = LINE ( 'NONE', #763, #1857 ) ;
#2232 = DIRECTION ( 'NONE',  ( 0.0000000000000000000, -1.000000000000000000, 0.0000000000000000000 ) ) ;
#2233 = VECTOR ( 'NONE', #4395, 1000.000000000000000 ) ;
#2234 = EDGE_CURVE ( 'NONE', #3314, #4405, #2899, .T. ) ;
#2235 = CARTESIAN_POINT ( 'NONE',  ( 50.00000000000000000, 3.082946495747834590E-15, 0.0000000000000000000 ) ) ;
#2236 = EDGE_LOOP ( 'NONE', ( #239, #3968, #4591, #4205, #4910, #3647 ) ) ;
#2237 = EDGE_CURVE ( 'NONE', #4172, #4405, #2830, .T. ) ;
#2238 = FACE_OUTER_BOUND ( 'NONE', #3681, .T. ) ;
#2239 = EDGE_CURVE ( 'NONE', #2517, #4172, #2823, .T. ) ;
#2240 = EDGE_LOOP ( 'NONE', ( #482, #614, #4130, #4185, #4494 ) ) ;
#2241 = DIRECTION ( 'NONE',  ( -0.5735764363510509334, 0.8191520442889884679, 1.003171929053520802E-16 ) ) ;
#2242 = DIRECTION ( 'NONE',  ( 0.0000000000000000000, -1.000000000000000000, 0.0000000000000000000 ) ) ;
#2243 = CARTESIAN_POINT ( 'NONE',  ( 63.22872139666199587, 8.000000000000008882, 9.797174393178831574E-16 ) ) ;
#2244 = CARTESIAN_POINT ( 'NONE',  ( 38.00000000000000000, 3.082946495747834590E-15, 0.0000000000000000000 ) ) ;
#2245 = EDGE_CURVE ( 'NONE', #330, #4571, #2708, .T. ) ;
#2246 = LINE ( 'NONE', #2626, #1346 ) ;
#2247 = EDGE_CURVE ( 'NONE', #330, #4742, #2566, .T. ) ;
#2248 = CARTESIAN_POINT ( 'NONE',  ( 0.0000000000000000000, -4.082443753439832790, 7.070999999999992625 ) ) ;
#2249 = CIRCLE ( 'NONE', #1667, 7.999999999999937828 ) ;
#2250 = FACE_OUTER_BOUND ( 'NONE', #1032, .T. ) ;
#2251 = ORIENTED_EDGE ( 'NONE', *, *, #2476, .T. ) ;
#2252 = CARTESIAN_POINT ( 'NONE',  ( 61.22872139666199587, -2.465190328815661892E-29, 8.000000000000003553 ) ) ;
#2253 = LINE ( 'NONE', #1860, #2124 ) ;
#2254 = VERTEX_POINT ( 'NONE', #4153 ) ;
#2255 = EDGE_CURVE ( 'NONE', #308, #4742, #2529, .T. ) ;
#2256 = DIRECTION ( 'NONE',  ( -1.000000000000000000, -1.224606353822377258E-16, -0.0000000000000000000 ) ) ;
#2257 = CIRCLE ( 'NONE', #794, 8.000000000000003553 ) ;
#2258 = CARTESIAN_POINT ( 'NONE',  ( 24.00000000000000000, 6.898500000000007404, 0.0000000000000000000 ) ) ;
#2259 = ADVANCED_FACE ( 'NONE', ( #2500 ), #2304, .T. ) ;
#2260 = DIRECTION ( 'NONE',  ( -1.000000000000000000, -1.224606353822377258E-16, -0.0000000000000000000 ) ) ;
#2261 = EDGE_LOOP ( 'NONE', ( #2925, #1964, #1265, #3974, #755 ) ) ;
#2262 = DIRECTION ( 'NONE',  ( 0.0000000000000000000, -1.000000000000000000, 0.0000000000000000000 ) ) ;
#2263 = DIRECTION ( 'NONE',  ( 0.0000000000000000000, -1.000000000000000000, 0.0000000000000000000 ) ) ;
#2264 = EDGE_LOOP ( 'NONE', ( #4706, #283, #12, #4818, #4737 ) ) ;
#2265 = FACE_OUTER_BOUND ( 'NONE', #1272, .T. ) ;
#2266 = EDGE_CURVE ( 'NONE', #4571, #308, #2310, .T. ) ;
#2267 = EDGE_LOOP ( 'NONE', ( #1679, #1444, #2208, #2399, #938 ) ) ;
#2268 = ORIENTED_EDGE ( 'NONE', *, *, #3347, .T. ) ;
#2269 = DIRECTION ( 'NONE',  ( 0.0000000000000000000, 1.000000000000000000, 0.0000000000000000000 ) ) ;
#2270 = CARTESIAN_POINT ( 'NONE',  ( 38.77127860333799703, 3.177397763569330469E-15, 0.0000000000000000000 ) ) ;
#2271 = EDGE_CURVE ( 'NONE', #1828, #4598, #2444, .T. ) ;
#2272 = EDGE_CURVE ( 'NONE', #4598, #4571, #2315, .T. ) ;
#2273 = EDGE_CURVE ( 'NONE', #3745, #4404, #2424, .T. ) ;
#2274 = ADVANCED_FACE ( 'NONE', ( #2497 ), #1984, .T. ) ;
#2275 = ORIENTED_EDGE ( 'NONE', *, *, #2869, .F. ) ;
#2276 = DIRECTION ( 'NONE',  ( -0.5735764363510507113, -0.8191520442889885789, 0.0000000000000000000 ) ) ;
#2277 = DIRECTION ( 'NONE',  ( -1.000000000000000000, -1.224606353822377258E-16, -0.0000000000000000000 ) ) ;
#2278 = VERTEX_POINT ( 'NONE', #4417 ) ;
#2279 = EDGE_CURVE ( 'NONE', #4571, #330, #2249, .T. ) ;
#2280 = CARTESIAN_POINT ( 'NONE',  ( 26.77127860333799703, 3.177397763569330469E-15, 0.0000000000000000000 ) ) ;
#2281 = CARTESIAN_POINT ( 'NONE',  ( -31.74999999999995737, 0.0000000000000000000, 7.999999999999937828 ) ) ;
#2282 = CIRCLE ( 'NONE', #1609, 8.599999999999937472 ) ;
#2283 = CARTESIAN_POINT ( 'NONE',  ( 8.000000000000000000, -8.164887506879685120, -3.035766082959412415E-15 ) ) ;
#2284 = ORIENTED_EDGE ( 'NONE', *, *, #3962, .F. ) ;
#2285 = ORIENTED_EDGE ( 'NONE', *, *, #2967, .T. ) ;
#2286 = CARTESIAN_POINT ( 'NONE',  ( 64.77127860333800413, 3.177397763569330469E-15, 0.0000000000000000000 ) ) ;
#2287 = EDGE_CURVE ( 'NONE', #2154, #330, #2052, .T. ) ;
#2288 = DIRECTION ( 'NONE',  ( 1.000000000000000000, 1.224606353822377258E-16, 0.0000000000000000000 ) ) ;
#2289 = EDGE_CURVE ( 'NONE', #3206, #1034, #2229, .T. ) ;
#2290 = ORIENTED_EDGE ( 'NONE', *, *, #3977, .F. ) ;
#2291 = VECTOR ( 'NONE', #1360, 1000.000000000000114 ) ;
#2292 = VECTOR ( 'NONE', #2294, 1000.000000000000000 ) ;
#2293 = CARTESIAN_POINT ( 'NONE',  ( -31.74999999999995737, 9.797174393178750716E-16, -7.999999999999937828 ) ) ;
#2294 = DIRECTION ( 'NONE',  ( 0.0000000000000000000, -1.000000000000000000, 1.274768433379006694E-15 ) ) ;
#2295 = LINE ( 'NONE', #3829, #720 ) ;
#2296 = EDGE_CURVE ( 'NONE', #1034, #3314, #2061, .T. ) ;
#2297 = EDGE_CURVE ( 'NONE', #3206, #2517, #1928, .T. ) ;
#2298 = ORIENTED_EDGE ( 'NONE', *, *, #4080, .T. ) ;
#2299 = CARTESIAN_POINT ( 'NONE',  ( 27.22872139666199232, 8.000000000000008882, 9.797174393178831574E-16 ) ) ;
#2300 = CARTESIAN_POINT ( 'NONE',  ( 22.77127860333799703, -2.619264724366640760E-29, 8.000000000000003553 ) ) ;
#2301 = ADVANCED_FACE ( 'NONE', ( #1761 ), #1441, .T. ) ;
#2302 = ORIENTED_EDGE ( 'NONE', *, *, #3536, .T. ) ;
#2303 = EDGE_CURVE ( 'NONE', #113, #4661, #1450, .T. ) ;
#2304 = CONICAL_SURFACE ( 'NONE', #1696, 8.000000000000003553, 0.9599310885968797002 ) ;
#2305 = EDGE_CURVE ( 'NONE', #4589, #4661, #1577, .T. ) ;
#2306 = EDGE_CURVE ( 'NONE', #4589, #569, #1636, .T. ) ;
#2307 = CARTESIAN_POINT ( 'NONE',  ( 34.77127860333798992, 3.177397763569330469E-15, 0.0000000000000000000 ) ) ;
#2308 = CONICAL_SURFACE ( 'NONE', #481, 8.000000000000003553, 0.9599310885968797002 ) ;
#2309 =( NAMED_UNIT ( * ) SI_UNIT ( $, .STERADIAN. ) SOLID_ANGLE_UNIT ( ) );
#2310 = CIRCLE ( 'NONE', #1691, 0.5999999999999998668 ) ;
#2311 = LINE ( 'NONE', #3412, #1083 ) ;
#2312 = EDGE_CURVE ( 'NONE', #569, #818, #1382, .T. ) ;
#2313 = EDGE_LOOP ( 'NONE', ( #1560, #2808, #132, #859, #1335, #4666 ) ) ;
#2314 =( NAMED_UNIT ( * ) PLANE_ANGLE_UNIT ( ) SI_UNIT ( $, .RADIAN. ) );
#2315 = LINE ( 'NONE', #4357, #2554 ) ;
#2316 = ADVANCED_FACE ( 'NONE', ( #1242 ), #221, .T. ) ;
#2317 = CARTESIAN_POINT ( 'NONE',  ( -31.74999999999995737, 9.797174393178750716E-16, -7.999999999999937828 ) ) ;
#2318 = CONICAL_SURFACE ( 'NONE', #1079, 8.000000000000003553, 0.9599310885968797002 ) ;
#2319 = CARTESIAN_POINT ( 'NONE',  ( 57.22872139666199587, 2.988495227926337133E-15, 0.0000000000000000000 ) ) ;
#2320 =( LENGTH_UNIT ( ) NAMED_UNIT ( * ) SI_UNIT ( .MILLI., .METRE. ) );
#2321 = SURFACE_STYLE_USAGE ( .BOTH. , #2328 ) ;
#2322 = EDGE_CURVE ( 'NONE', #844, #818, #565, .T. ) ;
#2323 = PRESENTATION_STYLE_ASSIGNMENT (( #2321 ) ) ;
#2324 = EDGE_CURVE ( 'NONE', #113, #844, #540, .T. ) ;
#2325 = ADVANCED_FACE ( 'NONE', ( #487 ), #1404, .T. ) ;
#2326 = CIRCLE ( 'NONE', #1332, 6.898500000000003851 ) ;
#2327 = DIRECTION ( 'NONE',  ( -1.000000000000000000, -1.224606353822377258E-16, -0.0000000000000000000 ) ) ;
#2328 = SURFACE_SIDE_STYLE ('',( #1947 ) ) ;
#2329 = VECTOR ( 'NONE', #2844, 1000.000000000000000 ) ;
#2330 = ORIENTED_EDGE ( 'NONE', *, *, #2475, .T. ) ;
#2331 = CIRCLE ( 'NONE', #693, 6.898500000000003851 ) ;
#2332 = EDGE_CURVE ( 'NONE', #2721, #640, #39, .T. ) ;
#2333 = DIRECTION ( 'NONE',  ( 0.0000000000000000000, -1.000000000000000000, 0.0000000000000000000 ) ) ;
#2334 = CARTESIAN_POINT ( 'NONE',  ( 53.22872139666199587, -2.465190328815661892E-29, 8.000000000000003553 ) ) ;
#2335 = VERTEX_POINT ( 'NONE', #4757 ) ;
#2336 = EDGE_CURVE ( 'NONE', #3920, #2721, #158, .T. ) ;
#2337 = FILL_AREA_STYLE ('',( #279 ) ) ;
#2338 = ORIENTED_EDGE ( 'NONE', *, *, #2363, .T. ) ;
#2339 = CARTESIAN_POINT ( 'NONE',  ( 38.77127860333799703, 3.177397763569330469E-15, 0.0000000000000000000 ) ) ;
#2340 = CARTESIAN_POINT ( 'NONE',  ( 31.22872139666199587, -7.999999999999998224, 0.0000000000000000000 ) ) ;
#2341 = CARTESIAN_POINT ( 'NONE',  ( 66.00000000000000000, 9.122700168548343763E-16, -6.898500000000000298 ) ) ;
#2342 = CONICAL_SURFACE ( 'NONE', #216, 6.898500000000003851, 0.9599310885968754814 ) ;
#2343 = EDGE_CURVE ( 'NONE', #4405, #4172, #3114, .T. ) ;
#2344 = ADVANCED_FACE ( 'NONE', ( #4976 ), #2864, .T. ) ;
#2345 = DIRECTION ( 'NONE',  ( -1.000000000000000000, -1.224606353822377258E-16, -0.0000000000000000000 ) ) ;
#2346 = CIRCLE ( 'NONE', #128, 6.898500000000003851 ) ;
#2347 = DIRECTION ( 'NONE',  ( 0.0000000000000000000, -1.000000000000000000, 0.0000000000000000000 ) ) ;
#2348 = DIRECTION ( 'NONE',  ( 0.0000000000000000000, -1.000000000000000000, 0.0000000000000000000 ) ) ;
#2349 = FACE_OUTER_BOUND ( 'NONE', #4184, .T. ) ;
#2350 = CARTESIAN_POINT ( 'NONE',  ( 29.22872139666199587, 8.000000000000008882, 9.797174393178831574E-16 ) ) ;
#2351 = CARTESIAN_POINT ( 'NONE',  ( 24.77127860333799703, 8.000000000000007105, 0.0000000000000000000 ) ) ;
#2352 = DIRECTION ( 'NONE',  ( -1.000000000000000000, -1.224606353822377258E-16, -0.0000000000000000000 ) ) ;
#2353 = VERTEX_POINT ( 'NONE', #4937 ) ;
#2354 = DIRECTION ( 'NONE',  ( -0.5735764363510507113, -0.8191520442889885789, 0.0000000000000000000 ) ) ;
#2355 = VECTOR ( 'NONE', #3192, 1000.000000000000114 ) ;
#2356 = CARTESIAN_POINT ( 'NONE',  ( 39.22872139666199587, 2.988495227926337133E-15, 0.0000000000000000000 ) ) ;
#2357 = DIRECTION ( 'NONE',  ( -1.000000000000000000, -0.0000000000000000000, -0.0000000000000000000 ) ) ;
#2358 = CARTESIAN_POINT ( 'NONE',  ( 38.00000000000000000, 3.082946495747834590E-15, 0.0000000000000000000 ) ) ;
#2359 = EDGE_LOOP ( 'NONE', ( #4343, #3477, #2551, #1301, #392 ) ) ;
#2360 = DIRECTION ( 'NONE',  ( 0.0000000000000000000, -1.000000000000000000, 0.0000000000000000000 ) ) ;
#2361 = DIRECTION ( 'NONE',  ( -1.000000000000000000, -1.224606353822377258E-16, -0.0000000000000000000 ) ) ;
#2362 = EDGE_CURVE ( 'NONE', #1034, #3206, #3045, .T. ) ;
#2363 = EDGE_CURVE ( 'NONE', #2517, #3314, #386, .T. ) ;
#2364 = DIRECTION ( 'NONE',  ( 0.0000000000000000000, -1.000000000000000000, 0.0000000000000000000 ) ) ;
#2365 = LINE ( 'NONE', #2060, #4790 ) ;
#2366 = DIRECTION ( 'NONE',  ( 0.0000000000000000000, 0.4999999999999986677, -0.8660254037844392627 ) ) ;
#2367 = EDGE_LOOP ( 'NONE', ( #1306, #1844, #218, #5000, #1187 ) ) ;
#2368 = EDGE_CURVE ( 'NONE', #4742, #308, #2282, .T. ) ;
#2369 = EDGE_CURVE ( 'NONE', #4598, #2550, #4100, .T. ) ;
#2370 = DIRECTION ( 'NONE',  ( 0.5735764363510472696, 0.8191520442889909104, 0.0000000000000000000 ) ) ;
#2371 = CARTESIAN_POINT ( 'NONE',  ( 34.00000000000000000, -6.898500000000000298, 0.0000000000000000000 ) ) ;
#2372 = CARTESIAN_POINT ( 'NONE',  ( 24.77127860333799703, 8.000000000000005329, 0.0000000000000000000 ) ) ;
#2373 = CONICAL_SURFACE ( 'NONE', #3040, 6.898500000000003851, 0.9599310885968754814 ) ;
#2374 = ORIENTED_EDGE ( 'NONE', *, *, #2279, .T. ) ;
#2375 = CIRCLE ( 'NONE', #916, 8.000000000000003553 ) ;
#2376 = CARTESIAN_POINT ( 'NONE',  ( 41.22872139666198876, 2.988495227926337133E-15, 0.0000000000000000000 ) ) ;
#2377 = ORIENTED_EDGE ( 'NONE', *, *, #2368, .F. ) ;
#2378 = ORIENTED_EDGE ( 'NONE', *, *, #3581, .F. ) ;
#2379 = CARTESIAN_POINT ( 'NONE',  ( 39.22872139666199587, -2.388153131040172458E-29, 8.000000000000003553 ) ) ;
#2380 = CIRCLE ( 'NONE', #785, 8.000000000000003553 ) ;
#2381 = DIRECTION ( 'NONE',  ( -0.5735764363510509334, 0.8191520442889884679, 1.003171929053520802E-16 ) ) ;
#2382 = CARTESIAN_POINT ( 'NONE',  ( 60.00000000000000000, 6.898500000000007404, 8.448225943918020627E-16 ) ) ;
#2383 = EDGE_CURVE ( 'NONE', #1848, #113, #2406, .T. ) ;
#2384 = VERTEX_POINT ( 'NONE', #840 ) ;
#2385 = ORIENTED_EDGE ( 'NONE', *, *, #2469, .F. ) ;
#2386 = CARTESIAN_POINT ( 'NONE',  ( 32.77127860333799703, 3.177397763569330469E-15, 0.0000000000000000000 ) ) ;
#2387 = CIRCLE ( 'NONE', #480, 8.000000000000003553 ) ;
#2388 = EDGE_LOOP ( 'NONE', ( #1781, #1313, #2196, #2709, #4272 ) ) ;
#2389 = CARTESIAN_POINT ( 'NONE',  ( -31.74999999999995737, 0.0000000000000000000, 0.0000000000000000000 ) ) ;
#2390 = ADVANCED_FACE ( 'NONE', ( #3615 ), #1102, .T. ) ;
#2391 = CIRCLE ( 'NONE', #1541, 7.070999999999999730 ) ;
#2392 = ORIENTED_EDGE ( 'NONE', *, *, #3495, .T. ) ;
#2393 = DIRECTION ( 'NONE',  ( -1.000000000000000000, -1.224606353822377258E-16, -0.0000000000000000000 ) ) ;
#2394 = DIRECTION ( 'NONE',  ( -1.000000000000000000, -1.224606353822377258E-16, -0.0000000000000000000 ) ) ;
#2395 = ADVANCED_FACE ( 'NONE', ( #3484 ), #1292, .T. ) ;
#2396 = ORIENTED_EDGE ( 'NONE', *, *, #3472, .T. ) ;
#2397 = DIRECTION ( 'NONE',  ( 1.000000000000000000, 1.224606353822377258E-16, 0.0000000000000000000 ) ) ;
#2398 = CARTESIAN_POINT ( 'NONE',  ( 56.77127860333799703, -8.000000000000001776, 9.797174393178833546E-16 ) ) ;
#2399 = ORIENTED_EDGE ( 'NONE', *, *, #2549, .F. ) ;
#2400 = EDGE_CURVE ( 'NONE', #1848, #1040, #2064, .T. ) ;
#2401 = CARTESIAN_POINT ( 'NONE',  ( 8.000000000000000000, -4.082443753439852330, -7.071000000000007724 ) ) ;
#2402 = EDGE_CURVE ( 'NONE', #1040, #2254, #157, .T. ) ;
#2403 = DIRECTION ( 'NONE',  ( -1.000000000000000000, -0.0000000000000000000, -0.0000000000000000000 ) ) ;
#2404 = VERTEX_POINT ( 'NONE', #1312 ) ;
#2405 = CIRCLE ( 'NONE', #329, 8.000000000000003553 ) ;
#2406 = LINE ( 'NONE', #779, #2606 ) ;
#2407 = ORIENTED_EDGE ( 'NONE', *, *, #2745, .F. ) ;
#2408 = DIRECTION ( 'NONE',  ( 0.0000000000000000000, 1.000000000000000000, 0.0000000000000000000 ) ) ;
#2409 = ORIENTED_EDGE ( 'NONE', *, *, #4169, .T. ) ;
#2410 = EDGE_CURVE ( 'NONE', #584, #700, #4488, .T. ) ;
#2411 = VECTOR ( 'NONE', #629, 1000.000000000000000 ) ;
#2412 = CARTESIAN_POINT ( 'NONE',  ( 34.00000000000000000, 3.082946495747834590E-15, 0.0000000000000000000 ) ) ;
#2413 = CARTESIAN_POINT ( 'NONE',  ( 26.77127860333799703, 3.177397763569330469E-15, 0.0000000000000000000 ) ) ;
#2414 = ORIENTED_EDGE ( 'NONE', *, *, #2711, .T. ) ;
#2415 = DIRECTION ( 'NONE',  ( -1.000000000000000000, -1.224606353822377258E-16, -0.0000000000000000000 ) ) ;
#2416 = CARTESIAN_POINT ( 'NONE',  ( 42.77127860333799703, 3.177397763569330469E-15, 0.0000000000000000000 ) ) ;
#2417 = LINE ( 'NONE', #247, #738 ) ;
#2418 = EDGE_CURVE ( 'NONE', #2254, #4661, #4485, .T. ) ;
#2419 = DIRECTION ( 'NONE',  ( 0.0000000000000000000, -1.000000000000000000, 0.0000000000000000000 ) ) ;
#2420 = CIRCLE ( 'NONE', #342, 8.000000000000003553 ) ;
#2421 = CARTESIAN_POINT ( 'NONE',  ( 66.00000000000000000, 0.0000000000000000000, 6.898500000000000298 ) ) ;
#2422 = ORIENTED_EDGE ( 'NONE', *, *, #3654, .F. ) ;
#2423 = ADVANCED_FACE ( 'NONE', ( #1096 ), #1589, .T. ) ;
#2424 = LINE ( 'NONE', #4382, #2233 ) ;
#2425 = DIRECTION ( 'NONE',  ( -1.000000000000000000, -1.224606353822377258E-16, -0.0000000000000000000 ) ) ;
#2426 = VECTOR ( 'NONE', #999, 1000.000000000000000 ) ;
#2427 = DIRECTION ( 'NONE',  ( 0.0000000000000000000, -1.000000000000000000, 0.0000000000000000000 ) ) ;
#2428 = CARTESIAN_POINT ( 'NONE',  ( 32.77127860333799703, 3.177397763569330469E-15, 0.0000000000000000000 ) ) ;
#2429 = CARTESIAN_POINT ( 'NONE',  ( 40.00000000000000000, 3.082946495747834590E-15, 0.0000000000000000000 ) ) ;
#2430 = EDGE_CURVE ( 'NONE', #775, #2254, #4534, .T. ) ;
#2431 = DIRECTION ( 'NONE',  ( -1.000000000000000000, -0.0000000000000000000, -0.0000000000000000000 ) ) ;
#2432 = CARTESIAN_POINT ( 'NONE',  ( 8.000000000000000000, -6.123665630159776718, -3.535499999999994980 ) ) ;
#2433 = LINE ( 'NONE', #403, #951 ) ;
#2434 = CARTESIAN_POINT ( 'NONE',  ( 41.99999999999999289, -6.898500000000000298, 0.0000000000000000000 ) ) ;
#2435 = CARTESIAN_POINT ( 'NONE',  ( 40.00000000000000000, 6.898500000000007404, 0.0000000000000000000 ) ) ;
#2436 = ORIENTED_EDGE ( 'NONE', *, *, #3564, .F. ) ;
#2437 = EDGE_LOOP ( 'NONE', ( #1214, #1274, #1352, #1420, #1477, #1538 ) ) ;
#2438 = FACE_OUTER_BOUND ( 'NONE', #1384, .T. ) ;
#2439 = EDGE_CURVE ( 'NONE', #44, #775, #2365, .T. ) ;
#2440 = EDGE_CURVE ( 'NONE', #700, #1828, #1704, .T. ) ;
#2441 = DIRECTION ( 'NONE',  ( -1.000000000000000000, -1.224606353822377258E-16, -0.0000000000000000000 ) ) ;
#2442 = CARTESIAN_POINT ( 'NONE',  ( 62.77127860333800413, 9.797174393178569278E-16, -8.000000000000003553 ) ) ;
#2443 = CARTESIAN_POINT ( 'NONE',  ( 24.00000000000000000, 3.082946495747834590E-15, 0.0000000000000000000 ) ) ;
#2444 = CIRCLE ( 'NONE', #1689, 8.000000000000003553 ) ;
#2445 = ADVANCED_FACE ( 'NONE', ( #2747 ), #3843, .T. ) ;
#2446 = DIRECTION ( 'NONE',  ( 0.0000000000000000000, 0.0000000000000000000, 1.000000000000000000 ) ) ;
#2447 = VECTOR ( 'NONE', #357, 999.9999999999998863 ) ;
#2448 = EDGE_LOOP ( 'NONE', ( #3328, #2474, #186, #111, #248, #4922 ) ) ;
#2449 = ORIENTED_EDGE ( 'NONE', *, *, #2312, .F. ) ;
#2450 = CONICAL_SURFACE ( 'NONE', #1340, 8.000000000000003553, 0.9599310885968797002 ) ;
#2451 = ADVANCED_FACE ( 'NONE', ( #1823 ), #678, .T. ) ;
#2452 = EDGE_CURVE ( 'NONE', #44, #4589, #1932, .T. ) ;
#2453 = CARTESIAN_POINT ( 'NONE',  ( -31.74999999999995737, 9.797174393178750716E-16, -7.999999999999937828 ) ) ;
#2454 = EDGE_CURVE ( 'NONE', #44, #3894, #3949, .T. ) ;
#2455 = DIRECTION ( 'NONE',  ( 0.0000000000000000000, -1.000000000000000000, 0.0000000000000000000 ) ) ;
#2456 = EDGE_CURVE ( 'NONE', #3894, #1944, #162, .T. ) ;
#2457 = ORIENTED_EDGE ( 'NONE', *, *, #3661, .T. ) ;
#2458 = ORIENTED_EDGE ( 'NONE', *, *, #2469, .T. ) ;
#2459 = CARTESIAN_POINT ( 'NONE',  ( 53.22872139666199587, 8.000000000000008882, 9.797174393178831574E-16 ) ) ;
#2460 = VECTOR ( 'NONE', #4291, 1000.000000000000000 ) ;
#2461 = DIRECTION ( 'NONE',  ( 0.0000000000000000000, 1.000000000000000000, 0.0000000000000000000 ) ) ;
#2462 = ORIENTED_EDGE ( 'NONE', *, *, #3530, .T. ) ;
#2463 = ADVANCED_FACE ( 'NONE', ( #609 ), #677, .T. ) ;
#2464 = CARTESIAN_POINT ( 'NONE',  ( 58.77127860333800413, -2.619264724366640760E-29, 8.000000000000003553 ) ) ;
#2465 = VERTEX_POINT ( 'NONE', #2162 ) ;
#2466 = CARTESIAN_POINT ( 'NONE',  ( 21.22872139666199232, 8.000000000000008882, 9.797174393178831574E-16 ) ) ;
#2467 = ORIENTED_EDGE ( 'NONE', *, *, #2297, .T. ) ;
#2468 = EDGE_LOOP ( 'NONE', ( #1558, #2989, #233, #4412, #126 ) ) ;
#2469 = EDGE_CURVE ( 'NONE', #1944, #569, #3076, .T. ) ;
#2470 = CARTESIAN_POINT ( 'NONE',  ( 42.77127860333799703, -8.000000000000000000, 9.797174393178831574E-16 ) ) ;
#2471 = CARTESIAN_POINT ( 'NONE',  ( 32.77127860333799703, 3.177397763569330469E-15, 0.0000000000000000000 ) ) ;
#2472 = VERTEX_POINT ( 'NONE', #2199 ) ;
#2473 = ORIENTED_EDGE ( 'NONE', *, *, #2362, .T. ) ;
#2474 = ORIENTED_EDGE ( 'NONE', *, *, #2568, .T. ) ;
#2475 = EDGE_CURVE ( 'NONE', #1944, #4674, #91, .T. ) ;
#2476 = EDGE_CURVE ( 'NONE', #4674, #3841, #2506, .T. ) ;
#2477 = VECTOR ( 'NONE', #5005, 1000.000000000000000 ) ;
#2478 = EDGE_LOOP ( 'NONE', ( #4097, #442, #4923 ) ) ;
#2479 = EDGE_LOOP ( 'NONE', ( #1133, #4606, #3042 ) ) ;
#2480 = CARTESIAN_POINT ( 'NONE',  ( 56.77127860333799703, 3.177397763569330469E-15, 0.0000000000000000000 ) ) ;
#2481 = FACE_OUTER_BOUND ( 'NONE', #729, .T. ) ;
#2482 = EDGE_CURVE ( 'NONE', #3841, #818, #4179, .T. ) ;
#2483 = CARTESIAN_POINT ( 'NONE',  ( 41.22872139666198876, 2.988495227926337133E-15, 0.0000000000000000000 ) ) ;
#2484 = EDGE_CURVE ( 'NONE', #2033, #1680, #4306, .T. ) ;
#2485 = DIRECTION ( 'NONE',  ( -1.000000000000000000, -0.0000000000000000000, -0.0000000000000000000 ) ) ;
#2486 = CIRCLE ( 'NONE', #86, 8.000000000000003553 ) ;
#2487 = EDGE_CURVE ( 'NONE', #2472, #3841, #4985, .T. ) ;
#2488 = EDGE_CURVE ( 'NONE', #3425, #2472, #3448, .T. ) ;
#2489 = ADVANCED_FACE ( 'NONE', ( #2161 ), #2009, .T. ) ;
#2490 = FACE_OUTER_BOUND ( 'NONE', #959, .T. ) ;
#2491 = DIRECTION ( 'NONE',  ( -1.000000000000000000, -1.224606353822377258E-16, -0.0000000000000000000 ) ) ;
#2492 = DIRECTION ( 'NONE',  ( -1.000000000000000000, -1.224606353822377258E-16, -0.0000000000000000000 ) ) ;
#2493 = FACE_OUTER_BOUND ( 'NONE', #310, .T. ) ;
#2494 = EDGE_CURVE ( 'NONE', #3425, #844, #4593, .T. ) ;
#2495 = CARTESIAN_POINT ( 'NONE',  ( 32.77127860333799703, 3.177397763569330469E-15, 0.0000000000000000000 ) ) ;
#2496 = CARTESIAN_POINT ( 'NONE',  ( 40.77127860333799703, 3.177397763569330469E-15, 0.0000000000000000000 ) ) ;
#2497 = FACE_OUTER_BOUND ( 'NONE', #4393, .T. ) ;
#2498 = DIRECTION ( 'NONE',  ( -1.000000000000000000, -1.224606353822377258E-16, -0.0000000000000000000 ) ) ;
#2499 = VERTEX_POINT ( 'NONE', #2789 ) ;
#2500 = FACE_OUTER_BOUND ( 'NONE', #4711, .T. ) ;
#2501 = DIRECTION ( 'NONE',  ( 0.0000000000000000000, -1.000000000000000000, 0.0000000000000000000 ) ) ;
#2502 = ADVANCED_FACE ( 'NONE', ( #4269 ), #2191, .T. ) ;
#2503 = EDGE_CURVE ( 'NONE', #989, #3425, #432, .T. ) ;
#2504 = DIRECTION ( 'NONE',  ( -1.000000000000000000, -1.224606353822377258E-16, -0.0000000000000000000 ) ) ;
#2505 = ADVANCED_FACE ( 'NONE', ( #5014 ), #4283, .T. ) ;
#2506 = LINE ( 'NONE', #2283, #3889 ) ;
#2507 = EDGE_CURVE ( 'NONE', #1848, #989, #4207, .T. ) ;
#2508 = EDGE_LOOP ( 'NONE', ( #1481, #2548, #1974, #1670, #4874, #1563 ) ) ;
#2509 = ORIENTED_EDGE ( 'NONE', *, *, #3563, .T. ) ;
#2510 = CARTESIAN_POINT ( 'NONE',  ( -31.74999999999995737, 0.0000000000000000000, 0.0000000000000000000 ) ) ;
#2511 = DIRECTION ( 'NONE',  ( -1.000000000000000000, -1.224606353822377258E-16, -0.0000000000000000000 ) ) ;
#2512 = LINE ( 'NONE', #2107, #2036 ) ;
#2513 = EDGE_CURVE ( 'NONE', #989, #2472, #2391, .T. ) ;
#2514 = ORIENTED_EDGE ( 'NONE', *, *, #3169, .F. ) ;
#2515 = CIRCLE ( 'NONE', #941, 8.000000000000003553 ) ;
#2516 = CARTESIAN_POINT ( 'NONE',  ( 62.00000000000000000, 3.082946495747834590E-15, 0.0000000000000000000 ) ) ;
#2517 = VERTEX_POINT ( 'NONE', #2950 ) ;
#2518 = CARTESIAN_POINT ( 'NONE',  ( 8.000000000000000000, 4.082443753439834566, -7.071000000000018382 ) ) ;
#2519 = ORIENTED_EDGE ( 'NONE', *, *, #2234, .F. ) ;
#2520 = CONICAL_SURFACE ( 'NONE', #2040, 6.898500000000003851, 0.9599310885968754814 ) ;
#2521 = EDGE_CURVE ( 'NONE', #1040, #989, #3434, .T. ) ;
#2522 = VERTEX_POINT ( 'NONE', #3095 ) ;
#2523 = ORIENTED_EDGE ( 'NONE', *, *, #3296, .T. ) ;
#2524 = EDGE_CURVE ( 'NONE', #775, #1040, #4402, .T. ) ;
#2525 = DIRECTION ( 'NONE',  ( 1.000000000000000000, 1.224606353822377258E-16, 0.0000000000000000000 ) ) ;
#2526 = VECTOR ( 'NONE', #3761, 1000.000000000000000 ) ;
#2527 = DIRECTION ( 'NONE',  ( 0.0000000000000000000, -1.000000000000000000, 0.0000000000000000000 ) ) ;
#2528 = CARTESIAN_POINT ( 'NONE',  ( 48.77127860333799703, 3.177397763569330469E-15, 0.0000000000000000000 ) ) ;
#2529 = CIRCLE ( 'NONE', #1700, 8.599999999999937472 ) ;
#2530 = VERTEX_POINT ( 'NONE', #3134 ) ;
#2531 = ORIENTED_EDGE ( 'NONE', *, *, #2476, .F. ) ;
#2532 = ORIENTED_EDGE ( 'NONE', *, *, #2456, .T. ) ;
#2533 = CIRCLE ( 'NONE', #622, 8.000000000000003553 ) ;
#2534 = DIRECTION ( 'NONE',  ( 0.0000000000000000000, -1.000000000000000000, 0.0000000000000000000 ) ) ;
#2535 = EDGE_CURVE ( 'NONE', #700, #584, #1326, .T. ) ;
#2536 = ORIENTED_EDGE ( 'NONE', *, *, #2296, .F. ) ;
#2537 = DIRECTION ( 'NONE',  ( 0.5735764363510472696, 0.8191520442889909104, 0.0000000000000000000 ) ) ;
#2538 = CARTESIAN_POINT ( 'NONE',  ( -31.74999999999995737, 0.0000000000000000000, 0.0000000000000000000 ) ) ;
#2539 = EDGE_CURVE ( 'NONE', #133, #3649, #4048, .T. ) ;
#2540 = ORIENTED_EDGE ( 'NONE', *, *, #3188, .T. ) ;
#2541 = CARTESIAN_POINT ( 'NONE',  ( 41.22872139666198876, 2.988495227926337133E-15, 0.0000000000000000000 ) ) ;
#2542 = DIRECTION ( 'NONE',  ( -1.000000000000000000, -0.0000000000000000000, -0.0000000000000000000 ) ) ;
#2543 = VERTEX_POINT ( 'NONE', #3011 ) ;
#2544 = ORIENTED_EDGE ( 'NONE', *, *, #4303, .F. ) ;
#2545 = DIRECTION ( 'NONE',  ( -1.000000000000000000, -0.0000000000000000000, -0.0000000000000000000 ) ) ;
#2546 = ADVANCED_FACE ( 'NONE', ( #2153 ), #137, .T. ) ;
#2547 = CIRCLE ( 'NONE', #439, 8.000000000000003553 ) ;
#2548 = ORIENTED_EDGE ( 'NONE', *, *, #3219, .T. ) ;
#2549 = EDGE_CURVE ( 'NONE', #4560, #845, #140, .T. ) ;
#2550 = VERTEX_POINT ( 'NONE', #3452 ) ;
#2551 = ORIENTED_EDGE ( 'NONE', *, *, #4227, .T. ) ;
#2552 = ORIENTED_EDGE ( 'NONE', *, *, #4124, .T. ) ;
#2553 = EDGE_CURVE ( 'NONE', #1562, #2867, #92, .T. ) ;
#2554 = VECTOR ( 'NONE', #4264, 1000.000000000000000 ) ;
#2555 = DIRECTION ( 'NONE',  ( -1.000000000000000000, -1.224606353822377258E-16, -0.0000000000000000000 ) ) ;
#2556 = ADVANCED_FACE ( 'NONE', ( #3816 ), #51, .T. ) ;
#2557 = VECTOR ( 'NONE', #2025, 1000.000000000000114 ) ;
#2558 = EDGE_CURVE ( 'NONE', #3155, #2278, #61, .T. ) ;
#2559 = EDGE_CURVE ( 'NONE', #4979, #1845, #79, .T. ) ;
#2560 = ORIENTED_EDGE ( 'NONE', *, *, #3459, .T. ) ;
#2561 = EDGE_LOOP ( 'NONE', ( #2396, #4310, #4467, #3101, #3211, #3197 ) ) ;
#2562 = CARTESIAN_POINT ( 'NONE',  ( 34.77127860333798992, 8.000000000000007105, 0.0000000000000000000 ) ) ;
#2563 = VECTOR ( 'NONE', #4811, 1000.000000000000000 ) ;
#2564 = DIRECTION ( 'NONE',  ( 0.0000000000000000000, -1.000000000000000000, 0.0000000000000000000 ) ) ;
#2565 = DIRECTION ( 'NONE',  ( 0.0000000000000000000, -1.000000000000000000, 0.0000000000000000000 ) ) ;
#2566 = CIRCLE ( 'NONE', #1717, 0.5999999999999998668 ) ;
#2567 = ORIENTED_EDGE ( 'NONE', *, *, #2930, .F. ) ;
#2568 = EDGE_CURVE ( 'NONE', #2872, #2090, #120, .T. ) ;
#2569 = EDGE_CURVE ( 'NONE', #4049, #4216, #72, .T. ) ;
#2570 = EDGE_LOOP ( 'NONE', ( #4713, #53, #3103, #3917, #1795 ) ) ;
#2571 = VERTEX_POINT ( 'NONE', #3840 ) ;
#2572 = CARTESIAN_POINT ( 'NONE',  ( 58.77127860333800413, 3.177397763569330469E-15, 0.0000000000000000000 ) ) ;
#2573 = ORIENTED_EDGE ( 'NONE', *, *, #3131, .T. ) ;
#2574 = VERTEX_POINT ( 'NONE', #4029 ) ;
#2575 = DIRECTION ( 'NONE',  ( 0.0000000000000000000, -1.000000000000000000, 0.0000000000000000000 ) ) ;
#2576 = DIRECTION ( 'NONE',  ( -1.000000000000000000, -0.0000000000000000000, -0.0000000000000000000 ) ) ;
#2577 =( GEOMETRIC_REPRESENTATION_CONTEXT ( 3 ) GLOBAL_UNCERTAINTY_ASSIGNED_CONTEXT ( ( #224 ) ) GLOBAL_UNIT_ASSIGNED_CONTEXT ( ( #702, #2663, #4743 ) ) REPRESENTATION_CONTEXT ( 'NONE', 'WORKASPACE' ) );
#2578 = CIRCLE ( 'NONE', #1166, 8.000000000000003553 ) ;
#2579 = CARTESIAN_POINT ( 'NONE',  ( 31.22872139666199587, 8.000000000000008882, 9.797174393178831574E-16 ) ) ;
#2580 = COLOUR_RGB ( '',0.7764705882352941346, 0.7568627450980391913, 0.7372549019607843590 ) ;
#2581 = EDGE_CURVE ( 'NONE', #4062, #185, #45, .T. ) ;
#2582 = CIRCLE ( 'NONE', #1347, 8.000000000000003553 ) ;
#2583 = EDGE_CURVE ( 'NONE', #2914, #4295, #190, .T. ) ;
#2584 = EDGE_CURVE ( 'NONE', #434, #3739, #38, .T. ) ;
#2585 = CARTESIAN_POINT ( 'NONE',  ( 48.77127860333799703, 8.000000000000005329, 0.0000000000000000000 ) ) ;
#2586 = CARTESIAN_POINT ( 'NONE',  ( 41.99999999999999289, 3.082946495747834590E-15, 0.0000000000000000000 ) ) ;
#2587 = ORIENTED_EDGE ( 'NONE', *, *, #3139, .F. ) ;
#2588 = DIRECTION ( 'NONE',  ( 0.0000000000000000000, -1.000000000000000000, 0.0000000000000000000 ) ) ;
#2589 = COLOUR_RGB ( '',0.7764705882352941346, 0.7568627450980391913, 0.7372549019607843590 ) ;
#2590 = DIRECTION ( 'NONE',  ( 0.5735764363510474917, -0.8191520442889907994, 1.003171929053523514E-16 ) ) ;
#2591 = EDGE_CURVE ( 'NONE', #1856, #4979, #67, .T. ) ;
#2592 = EDGE_LOOP ( 'NONE', ( #2449, #2385, #2330, #2251, #2183 ) ) ;
#2593 = DIRECTION ( 'NONE',  ( -1.000000000000000000, -1.224606353822377258E-16, -0.0000000000000000000 ) ) ;
#2594 = DIRECTION ( 'NONE',  ( -1.000000000000000000, -1.224606353822377258E-16, -0.0000000000000000000 ) ) ;
#2595 = ORIENTED_EDGE ( 'NONE', *, *, #2237, .T. ) ;
#2596 = ORIENTED_EDGE ( 'NONE', *, *, #3187, .T. ) ;
#2597 = ORIENTED_EDGE ( 'NONE', *, *, #3131, .F. ) ;
#2598 = DIRECTION ( 'NONE',  ( 1.000000000000000000, 1.224606353822377258E-16, 0.0000000000000000000 ) ) ;
#2599 = EDGE_CURVE ( 'NONE', #434, #1855, #31, .T. ) ;
#2600 = DIRECTION ( 'NONE',  ( 0.0000000000000000000, -1.000000000000000000, 0.0000000000000000000 ) ) ;
#2601 = ORIENTED_EDGE ( 'NONE', *, *, #2343, .T. ) ;
#2602 = EDGE_LOOP ( 'NONE', ( #146, #4504, #2073, #2298, #1232 ) ) ;
#2603 = DIRECTION ( 'NONE',  ( 0.0000000000000000000, 0.0000000000000000000, 1.000000000000000000 ) ) ;
#2604 = SURFACE_STYLE_FILL_AREA ( #393 ) ;
#2605 = CARTESIAN_POINT ( 'NONE',  ( 59.22872139666199587, -2.465190328815661892E-29, 8.000000000000003553 ) ) ;
#2606 = VECTOR ( 'NONE', #947, 1000.000000000000000 ) ;
#2607 = DIRECTION ( 'NONE',  ( 0.0000000000000000000, -1.000000000000000000, 0.0000000000000000000 ) ) ;
#2608 = DIRECTION ( 'NONE',  ( -1.000000000000000000, -1.224606353822377258E-16, -0.0000000000000000000 ) ) ;
#2609 = DIRECTION ( 'NONE',  ( -1.000000000000000000, -0.0000000000000000000, -0.0000000000000000000 ) ) ;
#2610 = ADVANCED_FACE ( 'NONE', ( #18 ), #1573, .T. ) ;
#2611 = DIRECTION ( 'NONE',  ( 0.0000000000000000000, -1.000000000000000000, 0.0000000000000000000 ) ) ;
#2612 = EDGE_CURVE ( 'NONE', #843, #452, #1, .T. ) ;
#2613 = SURFACE_STYLE_FILL_AREA ( #4675 ) ;
#2614 = EDGE_CURVE ( 'NONE', #1334, #2651, #2638, .T. ) ;
#2615 = EDGE_CURVE ( 'NONE', #2166, #3576, #505, .T. ) ;
#2616 = ADVANCED_FACE ( 'NONE', ( #3955 ), #5021, .T. ) ;
#2617 = VERTEX_POINT ( 'NONE', #4461 ) ;
#2618 = CARTESIAN_POINT ( 'NONE',  ( 42.77127860333799703, 3.177397763569330469E-15, 0.0000000000000000000 ) ) ;
#2619 = CARTESIAN_POINT ( 'NONE',  ( -31.74999999999995737, 0.0000000000000000000, 0.0000000000000000000 ) ) ;
#2620 = LINE ( 'NONE', #1180, #3731 ) ;
#2621 = DIRECTION ( 'NONE',  ( 0.0000000000000000000, 0.0000000000000000000, 1.000000000000000000 ) ) ;
#2622 = DIRECTION ( 'NONE',  ( -1.000000000000000000, -1.224606353822377258E-16, -0.0000000000000000000 ) ) ;
#2623 = DIRECTION ( 'NONE',  ( 0.5735764363510472696, 0.8191520442889909104, 0.0000000000000000000 ) ) ;
#2624 = ADVANCED_FACE ( 'NONE', ( #4150 ), #3316, .T. ) ;
#2625 = DIRECTION ( 'NONE',  ( 0.0000000000000000000, 0.0000000000000000000, 1.000000000000000000 ) ) ;
#2626 = CARTESIAN_POINT ( 'NONE',  ( 42.77127860333799703, 8.000000000000007105, 0.0000000000000000000 ) ) ;
#2627 = EDGE_CURVE ( 'NONE', #4350, #1480, #1779, .T. ) ;
#2628 = EDGE_CURVE ( 'NONE', #4583, #1154, #301, .T. ) ;
#2629 = CARTESIAN_POINT ( 'NONE',  ( 38.77127860333799703, -8.000000000000001776, 9.797174393178833546E-16 ) ) ;
#2630 = VECTOR ( 'NONE', #4423, 999.9999999999998863 ) ;
#2631 = DIRECTION ( 'NONE',  ( 0.0000000000000000000, 1.000000000000000000, -1.168537730597422967E-15 ) ) ;
#2632 = EDGE_LOOP ( 'NONE', ( #920, #2540, #2596, #1268, #1398, #1529 ) ) ;
#2633 = EDGE_CURVE ( 'NONE', #1665, #1118, #189, .T. ) ;
#2634 = EDGE_CURVE ( 'NONE', #725, #4333, #639, .T. ) ;
#2635 = DIRECTION ( 'NONE',  ( 0.0000000000000000000, 1.000000000000000000, 0.0000000000000000000 ) ) ;
#2636 = TOROIDAL_SURFACE ( 'NONE', #2014, 11.19999999999999929, 0.8000000000000000444 ) ;
#2637 = ORIENTED_EDGE ( 'NONE', *, *, #2454, .T. ) ;
#2638 = CIRCLE ( 'NONE', #1435, 6.898500000000003851 ) ;
#2639 = DIRECTION ( 'NONE',  ( -1.000000000000000000, -1.224606353822377258E-16, -0.0000000000000000000 ) ) ;
#2640 = ORIENTED_EDGE ( 'NONE', *, *, #3954, .T. ) ;
#2641 = DIRECTION ( 'NONE',  ( 0.0000000000000000000, -1.000000000000000000, 0.0000000000000000000 ) ) ;
#2642 = CARTESIAN_POINT ( 'NONE',  ( -31.74999999999995737, 0.0000000000000000000, 0.0000000000000000000 ) ) ;
#2643 = ORIENTED_EDGE ( 'NONE', *, *, #2198, .T. ) ;
#2644 = LINE ( 'NONE', #193, #1576 ) ;
#2645 = ORIENTED_EDGE ( 'NONE', *, *, #2363, .F. ) ;
#2646 = ORIENTED_EDGE ( 'NONE', *, *, #3043, .F. ) ;
#2647 = CARTESIAN_POINT ( 'NONE',  ( 8.000000000000000000, 6.123665630159767836, -3.535500000000012299 ) ) ;
#2648 = CARTESIAN_POINT ( 'NONE',  ( 30.77127860333799703, -8.000000000000001776, 9.797174393178833546E-16 ) ) ;
#2649 = ORIENTED_EDGE ( 'NONE', *, *, #3552, .T. ) ;
#2650 = ORIENTED_EDGE ( 'NONE', *, *, #3699, .F. ) ;
#2651 = VERTEX_POINT ( 'NONE', #49 ) ;
#2652 = CIRCLE ( 'NONE', #766, 8.000000000000003553 ) ;
#2653 = CARTESIAN_POINT ( 'NONE',  ( -31.74999999999995737, 0.0000000000000000000, 7.999999999999937828 ) ) ;
#2654 = SURFACE_STYLE_USAGE ( .BOTH. , #207 ) ;
#2655 = VERTEX_POINT ( 'NONE', #1803 ) ;
#2656 = DIRECTION ( 'NONE',  ( 0.0000000000000000000, -1.000000000000000000, 0.0000000000000000000 ) ) ;
#2657 = ORIENTED_EDGE ( 'NONE', *, *, #2324, .F. ) ;
#2658 = ADVANCED_FACE ( 'NONE', ( #1322 ), #3801, .T. ) ;
#2659 = ORIENTED_EDGE ( 'NONE', *, *, #2306, .T. ) ;
#2660 = DIRECTION ( 'NONE',  ( 0.0000000000000000000, 0.0000000000000000000, 1.000000000000000000 ) ) ;
#2661 = CARTESIAN_POINT ( 'NONE',  ( -31.74999999999995737, 0.0000000000000000000, 0.0000000000000000000 ) ) ;
#2662 = CARTESIAN_POINT ( 'NONE',  ( 43.22872139666199587, 2.988495227926337133E-15, 0.0000000000000000000 ) ) ;
#2663 =( NAMED_UNIT ( * ) PLANE_ANGLE_UNIT ( ) SI_UNIT ( $, .RADIAN. ) );
#2664 = EDGE_CURVE ( 'NONE', #1510, #4908, #4548, .T. ) ;
#2665 = CARTESIAN_POINT ( 'NONE',  ( 42.77127860333799703, 3.177397763569330469E-15, 0.0000000000000000000 ) ) ;
#2666 = EDGE_CURVE ( 'NONE', #2655, #853, #444, .T. ) ;
#2667 = DIRECTION ( 'NONE',  ( 0.0000000000000000000, -1.000000000000000000, 1.274768433379006694E-15 ) ) ;
#2668 = VECTOR ( 'NONE', #1240, 1000.000000000000000 ) ;
#2669 = EDGE_LOOP ( 'NONE', ( #426, #307, #192, #2377 ) ) ;
#2670 = ORIENTED_EDGE ( 'NONE', *, *, #4247, .T. ) ;
#2671 = DIRECTION ( 'NONE',  ( -1.000000000000000000, -1.224606353822377258E-16, -0.0000000000000000000 ) ) ;
#2672 = ADVANCED_FACE ( 'NONE', ( #2265 ), #4649, .F. ) ;
#2673 = FACE_OUTER_BOUND ( 'NONE', #1186, .T. ) ;
#2674 = CARTESIAN_POINT ( 'NONE',  ( 53.22872139666199587, 2.988495227926337133E-15, 0.0000000000000000000 ) ) ;
#2675 = EDGE_CURVE ( 'NONE', #2731, #2914, #368, .T. ) ;
#2676 = EDGE_CURVE ( 'NONE', #3750, #3146, #2582, .T. ) ;
#2677 = ORIENTED_EDGE ( 'NONE', *, *, #2821, .T. ) ;
#2678 = CARTESIAN_POINT ( 'NONE',  ( 33.22872139666199587, 2.988495227926337133E-15, 0.0000000000000000000 ) ) ;
#2679 = DIRECTION ( 'NONE',  ( 0.0000000000000000000, -1.000000000000000000, 0.0000000000000000000 ) ) ;
#2680 = CARTESIAN_POINT ( 'NONE',  ( 64.00000000000000000, 3.082946495747834590E-15, 0.0000000000000000000 ) ) ;
#2681 = ADVANCED_FACE ( 'NONE', ( #3469 ), #2450, .T. ) ;
#2682 = VERTEX_POINT ( 'NONE', #2142 ) ;
#2683 = EDGE_CURVE ( 'NONE', #515, #1354, #1646, .T. ) ;
#2684 = DIRECTION ( 'NONE',  ( 0.0000000000000000000, -1.000000000000000000, 0.0000000000000000000 ) ) ;
#2685 = LINE ( 'NONE', #5013, #3842 ) ;
#2686 = DIRECTION ( 'NONE',  ( -1.000000000000000000, -1.224606353822377258E-16, -0.0000000000000000000 ) ) ;
#2687 = EDGE_CURVE ( 'NONE', #2914, #4062, #4279, .T. ) ;
#2688 = EDGE_CURVE ( 'NONE', #3419, #83, #2326, .T. ) ;
#2689 = DIRECTION ( 'NONE',  ( -1.000000000000000000, -1.224606353822377258E-16, -0.0000000000000000000 ) ) ;
#2690 = DIRECTION ( 'NONE',  ( 0.0000000000000000000, 0.0000000000000000000, 1.000000000000000000 ) ) ;
#2691 = FACE_OUTER_BOUND ( 'NONE', #3379, .T. ) ;
#2692 = ADVANCED_FACE ( 'NONE', ( #2843 ), #4440, .T. ) ;
#2693 = ORIENTED_EDGE ( 'NONE', *, *, #4006, .F. ) ;
#2694 = CARTESIAN_POINT ( 'NONE',  ( 36.00000000000000000, 3.082946495747834590E-15, 0.0000000000000000000 ) ) ;
#2695 = DIRECTION ( 'NONE',  ( -1.000000000000000000, -0.0000000000000000000, -0.0000000000000000000 ) ) ;
#2696 = FACE_OUTER_BOUND ( 'NONE', #1768, .T. ) ;
#2697 = EDGE_CURVE ( 'NONE', #2206, #4648, #4752, .T. ) ;
#2698 = EDGE_LOOP ( 'NONE', ( #3975, #3269, #2758, #1018, #3819 ) ) ;
#2699 = ORIENTED_EDGE ( 'NONE', *, *, #3156, .F. ) ;
#2700 = CARTESIAN_POINT ( 'NONE',  ( 8.000000000000000000, 4.082443753439834566, -7.071000000000018382 ) ) ;
#2701 = CIRCLE ( 'NONE', #1114, 8.000000000000003553 ) ;
#2702 = ORIENTED_EDGE ( 'NONE', *, *, #2239, .T. ) ;
#2703 = ADVANCED_FACE ( 'NONE', ( #2706 ), #2151, .T. ) ;
#2704 = DIRECTION ( 'NONE',  ( 0.0000000000000000000, -1.000000000000000000, 0.0000000000000000000 ) ) ;
#2705 = ORIENTED_EDGE ( 'NONE', *, *, #2452, .F. ) ;
#2706 = FACE_OUTER_BOUND ( 'NONE', #2479, .T. ) ;
#2707 = CARTESIAN_POINT ( 'NONE',  ( -31.74999999999995737, 0.0000000000000000000, 0.0000000000000000000 ) ) ;
#2708 = CIRCLE ( 'NONE', #1719, 7.999999999999937828 ) ;
#2709 = ORIENTED_EDGE ( 'NONE', *, *, #3888, .F. ) ;
#2710 = ORIENTED_EDGE ( 'NONE', *, *, #2306, .F. ) ;
#2711 = EDGE_CURVE ( 'NONE', #3944, #4513, #1379, .T. ) ;
#2712 = EDGE_CURVE ( 'NONE', #388, #2149, #3534, .T. ) ;
#2713 = VERTEX_POINT ( 'NONE', #2211 ) ;
#2714 = ADVANCED_FACE ( 'NONE', ( #627 ), #4793, .T. ) ;
#2715 = CARTESIAN_POINT ( 'NONE',  ( 44.00000000000000000, 3.082946495747834590E-15, 0.0000000000000000000 ) ) ;
#2716 = ORIENTED_EDGE ( 'NONE', *, *, #2322, .F. ) ;
#2717 = ADVANCED_FACE ( 'NONE', ( #3251 ), #4425, .T. ) ;
#2718 = CARTESIAN_POINT ( 'NONE',  ( 46.00000000000000000, 6.898500000000007404, 0.0000000000000000000 ) ) ;
#2719 = ORIENTED_EDGE ( 'NONE', *, *, #2312, .T. ) ;
#2720 = DIRECTION ( 'NONE',  ( -1.000000000000000000, -1.224606353822377258E-16, -0.0000000000000000000 ) ) ;
#2721 = VERTEX_POINT ( 'NONE', #2300 ) ;
#2722 = ORIENTED_EDGE ( 'NONE', *, *, #2712, .T. ) ;
#2723 = CONICAL_SURFACE ( 'NONE', #465, 8.000000000000003553, 0.9599310885968797002 ) ;
#2724 = EDGE_LOOP ( 'NONE', ( #3798, #4442, #3372 ) ) ;
#2725 = DIRECTION ( 'NONE',  ( 0.0000000000000000000, -1.000000000000000000, 0.0000000000000000000 ) ) ;
#2726 = ORIENTED_EDGE ( 'NONE', *, *, #3317, .F. ) ;
#2727 = ORIENTED_EDGE ( 'NONE', *, *, #3874, .T. ) ;
#2728 = CARTESIAN_POINT ( 'NONE',  ( 23.22872139666199587, 9.797174393178585055E-16, -8.000000000000003553 ) ) ;
#2729 = CARTESIAN_POINT ( 'NONE',  ( 16.60000000000000497, 9.797174393178750716E-16, -7.999999999999937828 ) ) ;
#2730 = DIRECTION ( 'NONE',  ( 0.0000000000000000000, -1.000000000000000000, 0.0000000000000000000 ) ) ;
#2731 = VERTEX_POINT ( 'NONE', #2299 ) ;
#2732 = LINE ( 'NONE', #2293, #1687 ) ;
#2733 = CARTESIAN_POINT ( 'NONE',  ( 8.000000000000000000, 4.082443753439855882, 7.070999999999982855 ) ) ;
#2734 = CARTESIAN_POINT ( 'NONE',  ( 44.77127860333799703, 3.177397763569330469E-15, 0.0000000000000000000 ) ) ;
#2735 = CARTESIAN_POINT ( 'NONE',  ( 8.000000000000000000, 8.164887506879688672, -2.255140518769849223E-14 ) ) ;
#2736 = LINE ( 'NONE', #3660, #2874 ) ;
#2737 = EDGE_CURVE ( 'NONE', #2530, #3583, #493, .T. ) ;
#2738 = DIRECTION ( 'NONE',  ( 0.0000000000000000000, 0.0000000000000000000, 1.000000000000000000 ) ) ;
#2739 = DIRECTION ( 'NONE',  ( -1.000000000000000000, -1.224606353822377258E-16, -0.0000000000000000000 ) ) ;
#2740 = DIRECTION ( 'NONE',  ( 0.0000000000000000000, 1.000000000000000000, 0.0000000000000000000 ) ) ;
#2741 = DIRECTION ( 'NONE',  ( 0.0000000000000000000, -1.000000000000000000, 0.0000000000000000000 ) ) ;
#2742 = CARTESIAN_POINT ( 'NONE',  ( -31.74999999999995737, 9.797174393178750716E-16, -7.999999999999937828 ) ) ;
#2743 = DIRECTION ( 'NONE',  ( 0.0000000000000000000, 1.000000000000000000, 0.0000000000000000000 ) ) ;
#2744 = FACE_OUTER_BOUND ( 'NONE', #1167, .T. ) ;
#2745 = EDGE_CURVE ( 'NONE', #3028, #3298, #3592, .T. ) ;
#2746 = DIRECTION ( 'NONE',  ( 0.5735764363510472696, 0.8191520442889909104, 0.0000000000000000000 ) ) ;
#2747 = FACE_OUTER_BOUND ( 'NONE', #786, .T. ) ;
#2748 = CARTESIAN_POINT ( 'NONE',  ( 46.77127860333799703, 8.000000000000005329, 0.0000000000000000000 ) ) ;
#2749 = CONICAL_SURFACE ( 'NONE', #2037, 8.000000000000003553, 0.9599310885968797002 ) ;
#2750 = VERTEX_POINT ( 'NONE', #2205 ) ;
#2751 = FACE_OUTER_BOUND ( 'NONE', #14, .T. ) ;
#2752 = DIRECTION ( 'NONE',  ( 0.0000000000000000000, -1.000000000000000000, 0.0000000000000000000 ) ) ;
#2753 = CARTESIAN_POINT ( 'NONE',  ( 54.77127860333799703, 9.797174393178569278E-16, -8.000000000000003553 ) ) ;
#2754 = EDGE_CURVE ( 'NONE', #1562, #1620, #4694, .T. ) ;
#2755 = EDGE_CURVE ( 'NONE', #3164, #4062, #237, .T. ) ;
#2756 = FACE_OUTER_BOUND ( 'NONE', #116, .T. ) ;
#2757 = EDGE_CURVE ( 'NONE', #1749, #3767, #3846, .T. ) ;
#2758 = ORIENTED_EDGE ( 'NONE', *, *, #3942, .T. ) ;
#2759 = LINE ( 'NONE', #1701, #556 ) ;
#2760 = CARTESIAN_POINT ( 'NONE',  ( 34.77127860333798992, 3.177397763569330469E-15, 0.0000000000000000000 ) ) ;
#2761 = ORIENTED_EDGE ( 'NONE', *, *, #2343, .F. ) ;
#2762 = DIRECTION ( 'NONE',  ( 1.000000000000000000, 1.224606353822377258E-16, 0.0000000000000000000 ) ) ;
#2763 = FACE_OUTER_BOUND ( 'NONE', #2669, .T. ) ;
#2764 = VERTEX_POINT ( 'NONE', #2379 ) ;
#2765 = LINE ( 'NONE', #4213, #3157 ) ;
#2766 = EDGE_CURVE ( 'NONE', #1226, #1132, #683, .T. ) ;
#2767 = EDGE_CURVE ( 'NONE', #1305, #4217, #833, .T. ) ;
#2768 = ORIENTED_EDGE ( 'NONE', *, *, #2918, .F. ) ;
#2769 = DIRECTION ( 'NONE',  ( -1.000000000000000000, -0.0000000000000000000, -0.0000000000000000000 ) ) ;
#2770 = EDGE_LOOP ( 'NONE', ( #1178, #88, #800, #4456, #3656 ) ) ;
#2771 = ORIENTED_EDGE ( 'NONE', *, *, #2305, .F. ) ;
#2772 = CARTESIAN_POINT ( 'NONE',  ( 37.22872139666199587, -2.388153131040172458E-29, 8.000000000000003553 ) ) ;
#2773 = CARTESIAN_POINT ( 'NONE',  ( 45.22872139666199587, 2.988495227926337133E-15, 0.0000000000000000000 ) ) ;
#2774 = EDGE_CURVE ( 'NONE', #3538, #1397, #4332, .T. ) ;
#2775 = CARTESIAN_POINT ( 'NONE',  ( 27.22872139666199232, 2.988495227926337133E-15, 0.0000000000000000000 ) ) ;
#2776 = DIRECTION ( 'NONE',  ( -1.000000000000000000, -1.224606353822377258E-16, -0.0000000000000000000 ) ) ;
#2777 = ORIENTED_EDGE ( 'NONE', *, *, #3113, .F. ) ;
#2778 = EDGE_CURVE ( 'NONE', #3115, #2201, #3945, .T. ) ;
#2779 = VERTEX_POINT ( 'NONE', #2579 ) ;
#2780 = EDGE_LOOP ( 'NONE', ( #4600, #795, #3248, #4884, #4106 ) ) ;
#2781 = EDGE_LOOP ( 'NONE', ( #1137, #1196, #4344 ) ) ;
#2782 = CARTESIAN_POINT ( 'NONE',  ( -31.74999999999995737, 0.0000000000000000000, 0.0000000000000000000 ) ) ;
#2783 = DIRECTION ( 'NONE',  ( 0.0000000000000000000, -1.000000000000000000, 0.0000000000000000000 ) ) ;
#2784 = DIRECTION ( 'NONE',  ( -1.000000000000000000, -1.224606353822377258E-16, -0.0000000000000000000 ) ) ;
#2785 = DIRECTION ( 'NONE',  ( -1.000000000000000000, -0.0000000000000000000, -0.0000000000000000000 ) ) ;
#2786 = EDGE_CURVE ( 'NONE', #643, #4220, #1830, .T. ) ;
#2787 = AXIS2_PLACEMENT_3D ( 'NONE', #2733, #4867, #906 ) ;
#2788 = COLOUR_RGB ( '',0.7764705882352941346, 0.7568627450980391913, 0.7372549019607843590 ) ;
#2789 = CARTESIAN_POINT ( 'NONE',  ( 50.77127860333799703, -8.000000000000001776, 9.797174393178833546E-16 ) ) ;
#2790 = ADVANCED_FACE ( 'NONE', ( #2751 ), #4801, .T. ) ;
#2791 = EDGE_CURVE ( 'NONE', #2883, #4692, #3851, .T. ) ;
#2792 = EDGE_CURVE ( 'NONE', #2043, #3320, #4509, .T. ) ;
#2793 = CARTESIAN_POINT ( 'NONE',  ( 26.77127860333799703, -2.657783323254385477E-29, 8.000000000000003553 ) ) ;
#2794 = EDGE_CURVE ( 'NONE', #985, #1223, #1707, .T. ) ;
#2795 = CARTESIAN_POINT ( 'NONE',  ( 46.00000000000000000, 3.082946495747834590E-15, 0.0000000000000000000 ) ) ;
#2796 = VECTOR ( 'NONE', #3626, 1000.000000000000000 ) ;
#2797 = DIRECTION ( 'NONE',  ( -1.000000000000000000, -1.224606353822377258E-16, -0.0000000000000000000 ) ) ;
#2798 = CARTESIAN_POINT ( 'NONE',  ( -31.74999999999995737, 0.0000000000000000000, 0.0000000000000000000 ) ) ;
#2799 = ORIENTED_EDGE ( 'NONE', *, *, #4322, .T. ) ;
#2800 = CARTESIAN_POINT ( 'NONE',  ( 0.0000000000000000000, 4.082443753439854994, 7.070999999999982855 ) ) ;
#2801 = CONICAL_SURFACE ( 'NONE', #4947, 6.898500000000003851, 0.9599310885968754814 ) ;
#2802 = EDGE_CURVE ( 'NONE', #855, #3664, #1655, .T. ) ;
#2803 = DIRECTION ( 'NONE',  ( 0.0000000000000000000, -1.000000000000000000, 0.0000000000000000000 ) ) ;
#2804 = DIRECTION ( 'NONE',  ( 1.000000000000000000, 1.224606353822377258E-16, 0.0000000000000000000 ) ) ;
#2805 = EDGE_CURVE ( 'NONE', #3921, #4560, #109, .T. ) ;
#2806 = EDGE_LOOP ( 'NONE', ( #4259, #2392, #4831, #4439, #4088 ) ) ;
#2807 = CIRCLE ( 'NONE', #331, 8.000000000000003553 ) ;
#2808 = ORIENTED_EDGE ( 'NONE', *, *, #2627, .T. ) ;
#2809 = DIRECTION ( 'NONE',  ( 0.0000000000000000000, 0.0000000000000000000, 1.000000000000000000 ) ) ;
#2810 = EDGE_CURVE ( 'NONE', #2384, #3162, #686, .T. ) ;
#2811 = DIRECTION ( 'NONE',  ( 0.0000000000000000000, 1.000000000000000000, 0.0000000000000000000 ) ) ;
#2812 =( GEOMETRIC_REPRESENTATION_CONTEXT ( 3 ) GLOBAL_UNCERTAINTY_ASSIGNED_CONTEXT ( ( #3079 ) ) GLOBAL_UNIT_ASSIGNED_CONTEXT ( ( #3539, #526, #3241 ) ) REPRESENTATION_CONTEXT ( 'NONE', 'WORKASPACE' ) );
#2813 = DIRECTION ( 'NONE',  ( 0.0000000000000000000, 0.0000000000000000000, 1.000000000000000000 ) ) ;
#2814 = CARTESIAN_POINT ( 'NONE',  ( 41.22872139666198876, 2.988495227926337133E-15, 0.0000000000000000000 ) ) ;
#2815 = EDGE_LOOP ( 'NONE', ( #2290, #4056, #1392, #2407, #3789 ) ) ;
#2816 = CARTESIAN_POINT ( 'NONE',  ( 23.22872139666199587, 2.988495227926337133E-15, 0.0000000000000000000 ) ) ;
#2817 = CARTESIAN_POINT ( 'NONE',  ( 8.000000000000000000, -8.164887506879685120, -3.035766082959412415E-15 ) ) ;
#2818 = FACE_OUTER_BOUND ( 'NONE', #2806, .T. ) ;
#2819 = VECTOR ( 'NONE', #2366, 1000.000000000000227 ) ;
#2820 = EDGE_CURVE ( 'NONE', #2404, #494, #3018, .T. ) ;
#2821 = EDGE_CURVE ( 'NONE', #2750, #1003, #3961, .T. ) ;
#2822 = DIRECTION ( 'NONE',  ( 0.0000000000000000000, -0.4999999999999986677, 0.8660254037844392627 ) ) ;
#2823 = CIRCLE ( 'NONE', #1727, 0.8000000000000003775 ) ;
#2824 = DIRECTION ( 'NONE',  ( -1.000000000000000000, -1.224606353822377258E-16, -0.0000000000000000000 ) ) ;
#2825 = ORIENTED_EDGE ( 'NONE', *, *, #2810, .F. ) ;
#2826 = FACE_OUTER_BOUND ( 'NONE', #3291, .T. ) ;
#2827 = DIRECTION ( 'NONE',  ( 0.0000000000000000000, -1.000000000000000000, 0.0000000000000000000 ) ) ;
#2828 = CIRCLE ( 'NONE', #318, 8.000000000000003553 ) ;
#2829 = ORIENTED_EDGE ( 'NONE', *, *, #4037, .F. ) ;
#2830 = CIRCLE ( 'NONE', #1735, 11.19999999999999929 ) ;
#2831 = DIRECTION ( 'NONE',  ( -0.0000000000000000000, 0.8660254037844393737, 0.4999999999999987232 ) ) ;
#2832 = EDGE_LOOP ( 'NONE', ( #3529, #3524, #3533, #3800, #3748 ) ) ;
#2833 = DIRECTION ( 'NONE',  ( 0.0000000000000000000, -1.000000000000000000, 0.0000000000000000000 ) ) ;
#2834 = ADVANCED_FACE ( 'NONE', ( #2185 ), #2075, .T. ) ;
#2835 = ORIENTED_EDGE ( 'NONE', *, *, #2452, .T. ) ;
#2836 = EDGE_CURVE ( 'NONE', #4560, #133, #4204, .T. ) ;
#2837 = CIRCLE ( 'NONE', #1108, 6.898500000000003851 ) ;
#2838 = CARTESIAN_POINT ( 'NONE',  ( -31.74999999999995737, 9.797174393178750716E-16, -7.999999999999937828 ) ) ;
#2839 = EDGE_CURVE ( 'NONE', #449, #704, #1943, .T. ) ;
#2840 = DIRECTION ( 'NONE',  ( 1.000000000000000000, 1.224606353822377258E-16, 0.0000000000000000000 ) ) ;
#2841 = CIRCLE ( 'NONE', #1738, 12.00000000000000000 ) ;
#2842 = ORIENTED_EDGE ( 'NONE', *, *, #2439, .F. ) ;
#2843 = FACE_OUTER_BOUND ( 'NONE', #1173, .T. ) ;
#2844 = DIRECTION ( 'NONE',  ( -1.000000000000000000, -0.0000000000000000000, -0.0000000000000000000 ) ) ;
#2845 = DIRECTION ( 'NONE',  ( -0.5735764363510509334, 0.8191520442889884679, 1.003171929053520802E-16 ) ) ;
#2846 = DIRECTION ( 'NONE',  ( 0.0000000000000000000, 0.0000000000000000000, 1.000000000000000000 ) ) ;
#2847 = EDGE_CURVE ( 'NONE', #617, #4404, #2904, .T. ) ;
#2848 = CARTESIAN_POINT ( 'NONE',  ( 44.77127860333799703, 3.177397763569330469E-15, 0.0000000000000000000 ) ) ;
#2849 = LINE ( 'NONE', #4794, #4401 ) ;
#2850 = CARTESIAN_POINT ( 'NONE',  ( 25.22872139666199232, 2.988495227926337133E-15, 0.0000000000000000000 ) ) ;
#2851 = CARTESIAN_POINT ( 'NONE',  ( 8.000000000000000000, 0.0000000000000000000, 0.0000000000000000000 ) ) ;
#2852 = EDGE_CURVE ( 'NONE', #2940, #3745, #1512, .T. ) ;
#2853 = EDGE_CURVE ( 'NONE', #1694, #2499, #2578, .T. ) ;
#2854 = CARTESIAN_POINT ( 'NONE',  ( 33.22872139666199587, 2.988495227926337133E-15, 0.0000000000000000000 ) ) ;
#2855 = ORIENTED_EDGE ( 'NONE', *, *, #2303, .T. ) ;
#2856 = CARTESIAN_POINT ( 'NONE',  ( 46.77127860333799703, 3.177397763569330469E-15, 0.0000000000000000000 ) ) ;
#2857 = DIRECTION ( 'NONE',  ( -1.000000000000000000, -1.224606353822377258E-16, -0.0000000000000000000 ) ) ;
#2858 = DIRECTION ( 'NONE',  ( -1.000000000000000000, -1.224606353822377258E-16, -0.0000000000000000000 ) ) ;
#2859 = EDGE_CURVE ( 'NONE', #1710, #2682, #363, .T. ) ;
#2860 = CARTESIAN_POINT ( 'NONE',  ( 27.22872139666199232, 2.988495227926337133E-15, 0.0000000000000000000 ) ) ;
#2861 = EDGE_CURVE ( 'NONE', #2465, #4468, #4543, .T. ) ;
#2862 = DIRECTION ( 'NONE',  ( 0.0000000000000000000, -1.000000000000000000, 0.0000000000000000000 ) ) ;
#2863 = ORIENTED_EDGE ( 'NONE', *, *, #2871, .T. ) ;
#2864 = CONICAL_SURFACE ( 'NONE', #1624, 6.898500000000003851, 0.9599310885968754814 ) ;
#2865 = ORIENTED_EDGE ( 'NONE', *, *, #3450, .F. ) ;
#2866 = DIRECTION ( 'NONE',  ( -1.000000000000000000, -1.224606353822377258E-16, -0.0000000000000000000 ) ) ;
#2867 = VERTEX_POINT ( 'NONE', #3154 ) ;
#2868 = ORIENTED_EDGE ( 'NONE', *, *, #2599, .T. ) ;
#2869 = EDGE_CURVE ( 'NONE', #1906, #1566, #3585, .T. ) ;
#2870 = COLOUR_RGB ( '',0.7764705882352941346, 0.7568627450980391913, 0.7372549019607843590 ) ;
#2871 = EDGE_CURVE ( 'NONE', #4795, #3164, #490, .T. ) ;
#2872 = VERTEX_POINT ( 'NONE', #861 ) ;
#2873 = ORIENTED_EDGE ( 'NONE', *, *, #3031, .T. ) ;
#2874 = VECTOR ( 'NONE', #416, 1000.000000000000114 ) ;
#2875 = EDGE_CURVE ( 'NONE', #582, #4795, #4642, .T. ) ;
#2876 = ORIENTED_EDGE ( 'NONE', *, *, #3544, .F. ) ;
#2877 = AXIS2_PLACEMENT_3D ( 'NONE', #4463, #4407, #4368 ) ;
#2878 = CARTESIAN_POINT ( 'NONE',  ( 33.22872139666199587, 2.988495227926337133E-15, 0.0000000000000000000 ) ) ;
#2879 = CARTESIAN_POINT ( 'NONE',  ( 29.22872139666199587, -7.999999999999998224, 0.0000000000000000000 ) ) ;
#2880 = CARTESIAN_POINT ( 'NONE',  ( -31.74999999999995737, 0.0000000000000000000, 0.0000000000000000000 ) ) ;
#2881 = DIRECTION ( 'NONE',  ( 0.0000000000000000000, 0.0000000000000000000, 1.000000000000000000 ) ) ;
#2882 = CONICAL_SURFACE ( 'NONE', #161, 8.000000000000003553, 0.9599310885968797002 ) ;
#2883 = VERTEX_POINT ( 'NONE', #3172 ) ;
#2884 = DIRECTION ( 'NONE',  ( -1.000000000000000000, -0.0000000000000000000, -0.0000000000000000000 ) ) ;
#2885 = DIRECTION ( 'NONE',  ( 0.5735764363510474917, -0.8191520442889907994, 1.003171929053523514E-16 ) ) ;
#2886 = EDGE_CURVE ( 'NONE', #765, #3109, #3688, .T. ) ;
#2887 = VERTEX_POINT ( 'NONE', #577 ) ;
#2888 = CIRCLE ( 'NONE', #1743, 7.070999999999999730 ) ;
#2889 = LINE ( 'NONE', #149, #1822 ) ;
#2890 = CARTESIAN_POINT ( 'NONE',  ( 47.22872139666199587, 2.988495227926337133E-15, 0.0000000000000000000 ) ) ;
#2891 = DIRECTION ( 'NONE',  ( -1.000000000000000000, -1.224606353822377258E-16, -0.0000000000000000000 ) ) ;
#2892 = EDGE_CURVE ( 'NONE', #1227, #1219, #1775, .T. ) ;
#2893 = DIRECTION ( 'NONE',  ( -1.000000000000000000, -1.224606353822377258E-16, -0.0000000000000000000 ) ) ;
#2894 = EDGE_CURVE ( 'NONE', #1966, #805, #1640, .T. ) ;
#2895 = AXIS2_PLACEMENT_3D ( 'NONE', #1331, #1474, #1865 ) ;
#2896 = CARTESIAN_POINT ( 'NONE',  ( 40.77127860333799703, 3.177397763569330469E-15, 0.0000000000000000000 ) ) ;
#2897 = DIRECTION ( 'NONE',  ( -1.000000000000000000, -1.224606353822377258E-16, -0.0000000000000000000 ) ) ;
#2898 = VECTOR ( 'NONE', #153, 1000.000000000000000 ) ;
#2899 = CIRCLE ( 'NONE', #1737, 0.8000000000000003775 ) ;
#2900 = VECTOR ( 'NONE', #2370, 1000.000000000000000 ) ;
#2901 = EDGE_CURVE ( 'NONE', #4457, #3468, #2701, .T. ) ;
#2902 = DIRECTION ( 'NONE',  ( 0.0000000000000000000, 0.0000000000000000000, 1.000000000000000000 ) ) ;
#2903 = DIRECTION ( 'NONE',  ( 0.0000000000000000000, 0.0000000000000000000, 1.000000000000000000 ) ) ;
#2904 = CIRCLE ( 'NONE', #1194, 8.000000000000003553 ) ;
#2905 = ORIENTED_EDGE ( 'NONE', *, *, #2303, .F. ) ;
#2906 = DIRECTION ( 'NONE',  ( -1.000000000000000000, -1.224606353822377258E-16, -0.0000000000000000000 ) ) ;
#2907 = CARTESIAN_POINT ( 'NONE',  ( 32.00000000000000000, 6.898500000000007404, 0.0000000000000000000 ) ) ;
#2908 = CYLINDRICAL_SURFACE ( 'NONE', #2029, 7.999999999999937828 ) ;
#2909 = EDGE_CURVE ( 'NONE', #2543, #5017, #2837, .T. ) ;
#2910 = ORIENTED_EDGE ( 'NONE', *, *, #3704, .F. ) ;
#2911 = CARTESIAN_POINT ( 'NONE',  ( 66.00000000000000000, 0.0000000000000000000, 0.0000000000000000000 ) ) ;
#2912 = CIRCLE ( 'NONE', #744, 8.000000000000003553 ) ;
#2913 = DIRECTION ( 'NONE',  ( 0.0000000000000000000, -1.000000000000000000, 0.0000000000000000000 ) ) ;
#2914 = VERTEX_POINT ( 'NONE', #645 ) ;
#2915 = DIRECTION ( 'NONE',  ( -1.000000000000000000, -0.0000000000000000000, -0.0000000000000000000 ) ) ;
#2916 = ORIENTED_EDGE ( 'NONE', *, *, #2430, .F. ) ;
#2917 = CARTESIAN_POINT ( 'NONE',  ( 58.77127860333800413, -8.000000000000001776, 9.797174393178833546E-16 ) ) ;
#2918 = EDGE_CURVE ( 'NONE', #3049, #4101, #4747, .T. ) ;
#2919 = EDGE_CURVE ( 'NONE', #107, #823, #756, .T. ) ;
#2920 = ORIENTED_EDGE ( 'NONE', *, *, #2368, .T. ) ;
#2921 = AXIS2_PLACEMENT_3D ( 'NONE', #3409, #1508, #394 ) ;
#2922 = CARTESIAN_POINT ( 'NONE',  ( 34.77127860333798992, -8.000000000000000000, 9.797174393178831574E-16 ) ) ;
#2923 = ORIENTED_EDGE ( 'NONE', *, *, #3542, .F. ) ;
#2924 = DIRECTION ( 'NONE',  ( -1.000000000000000000, -0.0000000000000000000, -0.0000000000000000000 ) ) ;
#2925 = ORIENTED_EDGE ( 'NONE', *, *, #4274, .F. ) ;
#2926 = CARTESIAN_POINT ( 'NONE',  ( 28.77127860333799347, 3.177397763569330469E-15, 0.0000000000000000000 ) ) ;
#2927 = ORIENTED_EDGE ( 'NONE', *, *, #2255, .T. ) ;
#2928 = EDGE_LOOP ( 'NONE', ( #4163, #1734, #4469, #3766, #4073 ) ) ;
#2929 = AXIS2_PLACEMENT_3D ( 'NONE', #3618, #2485, #2058 ) ;
#2930 = EDGE_CURVE ( 'NONE', #4155, #1259, #3797, .T. ) ;
#2931 = CARTESIAN_POINT ( 'NONE',  ( 28.77127860333799347, -8.000000000000001776, 9.797174393178833546E-16 ) ) ;
#2932 = EDGE_CURVE ( 'NONE', #3758, #1871, #839, .T. ) ;
#2933 = DIRECTION ( 'NONE',  ( 0.0000000000000000000, -1.000000000000000000, 0.0000000000000000000 ) ) ;
#2934 = DIRECTION ( 'NONE',  ( -1.000000000000000000, -0.0000000000000000000, -0.0000000000000000000 ) ) ;
#2935 = LINE ( 'NONE', #3069, #62 ) ;
#2936 = ORIENTED_EDGE ( 'NONE', *, *, #3544, .T. ) ;
#2937 = CARTESIAN_POINT ( 'NONE',  ( 54.77127860333799703, 3.177397763569330469E-15, 0.0000000000000000000 ) ) ;
#2938 = DIRECTION ( 'NONE',  ( 0.0000000000000000000, -0.5000000000000011102, -0.8660254037844379305 ) ) ;
#2939 = EDGE_CURVE ( 'NONE', #4216, #4049, #3152, .T. ) ;
#2940 = VERTEX_POINT ( 'NONE', #992 ) ;
#2941 = FACE_OUTER_BOUND ( 'NONE', #4567, .T. ) ;
#2942 = DIRECTION ( 'NONE',  ( -1.000000000000000000, -0.0000000000000000000, -0.0000000000000000000 ) ) ;
#2943 = DIRECTION ( 'NONE',  ( 0.0000000000000000000, -1.000000000000000000, 0.0000000000000000000 ) ) ;
#2944 = VECTOR ( 'NONE', #3833, 1000.000000000000114 ) ;
#2945 = CARTESIAN_POINT ( 'NONE',  ( 44.00000000000000000, 3.082946495747834590E-15, 0.0000000000000000000 ) ) ;
#2946 = LINE ( 'NONE', #2281, #2044 ) ;
#2947 = EDGE_CURVE ( 'NONE', #4049, #328, #5009, .T. ) ;
#2948 = CARTESIAN_POINT ( 'NONE',  ( 48.00000000000000000, 3.082946495747834590E-15, 0.0000000000000000000 ) ) ;
#2949 = EDGE_CURVE ( 'NONE', #3604, #1380, #2069, .T. ) ;
#2950 = CARTESIAN_POINT ( 'NONE',  ( 0.8000000000000020428, 0.0000000000000000000, 12.00000000000000000 ) ) ;
#2951 = ORIENTED_EDGE ( 'NONE', *, *, #3705, .T. ) ;
#2952 = CIRCLE ( 'NONE', #1751, 7.070999999999999730 ) ;
#2953 = FACE_OUTER_BOUND ( 'NONE', #138, .T. ) ;
#2954 = DIRECTION ( 'NONE',  ( -1.000000000000000000, -1.224606353822377258E-16, -0.0000000000000000000 ) ) ;
#2955 = ORIENTED_EDGE ( 'NONE', *, *, #2494, .F. ) ;
#2956 = ADVANCED_FACE ( 'NONE', ( #3148 ), #2318, .T. ) ;
#2957 = EDGE_CURVE ( 'NONE', #640, #133, #1238, .T. ) ;
#2958 = LINE ( 'NONE', #4741, #3904 ) ;
#2959 = DIRECTION ( 'NONE',  ( 0.0000000000000000000, -1.000000000000000000, 0.0000000000000000000 ) ) ;
#2960 = DIRECTION ( 'NONE',  ( 0.0000000000000000000, -1.000000000000000000, 0.0000000000000000000 ) ) ;
#2961 = VECTOR ( 'NONE', #3821, 1000.000000000000114 ) ;
#2962 = FACE_OUTER_BOUND ( 'NONE', #356, .T. ) ;
#2963 = EDGE_CURVE ( 'NONE', #922, #4665, #2180, .T. ) ;
#2964 = EDGE_CURVE ( 'NONE', #3457, #1071, #3249, .T. ) ;
#2965 = DIRECTION ( 'NONE',  ( 1.000000000000000000, 1.224606353822377258E-16, 0.0000000000000000000 ) ) ;
#2966 = LINE ( 'NONE', #3326, #3091 ) ;
#2967 = EDGE_CURVE ( 'NONE', #921, #1428, #101, .T. ) ;
#2968 = DIRECTION ( 'NONE',  ( -1.000000000000000000, -1.224606353822377258E-16, -0.0000000000000000000 ) ) ;
#2969 = DIRECTION ( 'NONE',  ( 0.0000000000000000000, 1.000000000000000000, 0.0000000000000000000 ) ) ;
#2970 = CARTESIAN_POINT ( 'NONE',  ( 52.77127860333799703, 9.797174393178569278E-16, -8.000000000000003553 ) ) ;
#2971 = ORIENTED_EDGE ( 'NONE', *, *, #3683, .T. ) ;
#2972 = VERTEX_POINT ( 'NONE', #1225 ) ;
#2973 = CIRCLE ( 'NONE', #626, 8.000000000000003553 ) ;
#2974 = CARTESIAN_POINT ( 'NONE',  ( 26.00000000000000000, -6.898500000000000298, 0.0000000000000000000 ) ) ;
#2975 = EDGE_CURVE ( 'NONE', #1680, #2033, #4076, .T. ) ;
#2976 = CARTESIAN_POINT ( 'NONE',  ( -31.74999999999995737, 9.797174393178750716E-16, -7.999999999999937828 ) ) ;
#2977 = ADVANCED_FACE ( 'NONE', ( #3356 ), #4435, .T. ) ;
#2978 = ORIENTED_EDGE ( 'NONE', *, *, #4144, .T. ) ;
#2979 = DIRECTION ( 'NONE',  ( 1.000000000000000000, 1.224606353822377258E-16, 0.0000000000000000000 ) ) ;
#2980 = EDGE_CURVE ( 'NONE', #4156, #3657, #3465, .T. ) ;
#2981 = EDGE_LOOP ( 'NONE', ( #978, #621, #3914, #1712, #4918 ) ) ;
#2982 = ADVANCED_FACE ( 'NONE', ( #2438 ), #1365, .T. ) ;
#2983 = CARTESIAN_POINT ( 'NONE',  ( 54.77127860333799703, 3.177397763569330469E-15, 0.0000000000000000000 ) ) ;
#2984 = CARTESIAN_POINT ( 'NONE',  ( 52.77127860333799703, 3.177397763569330469E-15, 0.0000000000000000000 ) ) ;
#2985 = LINE ( 'NONE', #590, #937 ) ;
#2986 = EDGE_CURVE ( 'NONE', #3339, #3750, #235, .T. ) ;
#2987 = ORIENTED_EDGE ( 'NONE', *, *, #2901, .T. ) ;
#2988 = PLANE ( 'NONE',  #507 ) ;
#2989 = ORIENTED_EDGE ( 'NONE', *, *, #4232, .T. ) ;
#2990 = CARTESIAN_POINT ( 'NONE',  ( 8.000000000000000000, 8.164887506879688672, -2.255140518769849223E-14 ) ) ;
#2991 = LINE ( 'NONE', #3284, #4588 ) ;
#2992 = VERTEX_POINT ( 'NONE', #1447 ) ;
#2993 = ORIENTED_EDGE ( 'NONE', *, *, #450, .T. ) ;
#2994 = EDGE_CURVE ( 'NONE', #2207, #453, #1369, .T. ) ;
#2995 = ADVANCED_FACE ( 'NONE', ( #4328 ), #1834, .T. ) ;
#2996 = EDGE_CURVE ( 'NONE', #360, #3480, #972, .T. ) ;
#2997 = DIRECTION ( 'NONE',  ( -1.000000000000000000, -1.224606353822377258E-16, -0.0000000000000000000 ) ) ;
#2998 = CARTESIAN_POINT ( 'NONE',  ( 64.77127860333800413, -2.619264724366640760E-29, 8.000000000000003553 ) ) ;
#2999 = EDGE_CURVE ( 'NONE', #1415, #1723, #4202, .T. ) ;
#3000 = ORIENTED_EDGE ( 'NONE', *, *, #4086, .F. ) ;
#3001 = EDGE_CURVE ( 'NONE', #1316, #4292, #1247, .T. ) ;
#3002 = EDGE_CURVE ( 'NONE', #765, #1906, #3362, .T. ) ;
#3003 = VECTOR ( 'NONE', #3398, 1000.000000000000000 ) ;
#3004 = PLANE ( 'NONE',  #3230 ) ;
#3005 = DIRECTION ( 'NONE',  ( 0.0000000000000000000, 1.000000000000000000, 0.0000000000000000000 ) ) ;
#3006 = APPLICATION_CONTEXT ( 'automotive_design' ) ;
#3007 = EDGE_CURVE ( 'NONE', #2550, #2154, #4082, .T. ) ;
#3008 = CARTESIAN_POINT ( 'NONE',  ( -31.74999999999995737, 0.0000000000000000000, 0.0000000000000000000 ) ) ;
#3009 = DIRECTION ( 'NONE',  ( 0.0000000000000000000, 0.0000000000000000000, 1.000000000000000000 ) ) ;
#3010 = ORIENTED_EDGE ( 'NONE', *, *, #2980, .F. ) ;
#3011 = CARTESIAN_POINT ( 'NONE',  ( 56.00000000000000000, 6.898500000000007404, 0.0000000000000000000 ) ) ;
#3012 = CARTESIAN_POINT ( 'NONE',  ( 54.00000000000000000, 3.082946495747834590E-15, 0.0000000000000000000 ) ) ;
#3013 = EDGE_CURVE ( 'NONE', #2154, #1828, #4902, .T. ) ;
#3014 = EDGE_CURVE ( 'NONE', #2207, #1763, #2759, .T. ) ;
#3015 = ORIENTED_EDGE ( 'NONE', *, *, #2418, .F. ) ;
#3016 = CARTESIAN_POINT ( 'NONE',  ( 48.77127860333799703, 3.177397763569330469E-15, 0.0000000000000000000 ) ) ;
#3017 = CARTESIAN_POINT ( 'NONE',  ( 27.99999999999999645, 3.082946495747834590E-15, 0.0000000000000000000 ) ) ;
#3018 = CIRCLE ( 'NONE', #1202, 8.000000000000003553 ) ;
#3019 = EDGE_CURVE ( 'NONE', #3480, #1879, #3743, .T. ) ;
#3020 = ORIENTED_EDGE ( 'NONE', *, *, #2503, .F. ) ;
#3021 = CIRCLE ( 'NONE', #1771, 7.070999999999999730 ) ;
#3022 = CARTESIAN_POINT ( 'NONE',  ( 57.22872139666199587, -2.465190328815661892E-29, 8.000000000000003553 ) ) ;
#3023 = ORIENTED_EDGE ( 'NONE', *, *, #2503, .T. ) ;
#3024 = ORIENTED_EDGE ( 'NONE', *, *, #2305, .T. ) ;
#3025 = CARTESIAN_POINT ( 'NONE',  ( 26.00000000000000000, 3.082946495747834590E-15, 0.0000000000000000000 ) ) ;
#3026 = CIRCLE ( 'NONE', #735, 8.000000000000003553 ) ;
#3027 = CARTESIAN_POINT ( 'NONE',  ( 59.22872139666199587, 9.797174393178585055E-16, -8.000000000000003553 ) ) ;
#3028 = VERTEX_POINT ( 'NONE', #3223 ) ;
#3029 = VECTOR ( 'NONE', #3781, 1000.000000000000000 ) ;
#3030 = EDGE_CURVE ( 'NONE', #1045, #773, #2644, .T. ) ;
#3031 = EDGE_CURVE ( 'NONE', #4292, #1316, #1711, .T. ) ;
#3032 = DIRECTION ( 'NONE',  ( 0.5735764363510474917, -0.8191520442889907994, 1.003171929053523514E-16 ) ) ;
#3033 = ORIENTED_EDGE ( 'NONE', *, *, #3043, .T. ) ;
#3034 = ORIENTED_EDGE ( 'NONE', *, *, #2418, .T. ) ;
#3035 = CIRCLE ( 'NONE', #610, 6.898500000000003851 ) ;
#3036 = DIRECTION ( 'NONE',  ( -1.000000000000000000, -1.224606353822377258E-16, -0.0000000000000000000 ) ) ;
#3037 = CARTESIAN_POINT ( 'NONE',  ( 48.77127860333799703, 3.177397763569330469E-15, 0.0000000000000000000 ) ) ;
#3038 = ORIENTED_EDGE ( 'NONE', *, *, #3445, .F. ) ;
#3039 = CARTESIAN_POINT ( 'NONE',  ( 37.22872139666199587, 2.988495227926337133E-15, 0.0000000000000000000 ) ) ;
#3040 = AXIS2_PLACEMENT_3D ( 'NONE', #3640, #3736, #96 ) ;
#3041 = ORIENTED_EDGE ( 'NONE', *, *, #3285, .F. ) ;
#3042 = ORIENTED_EDGE ( 'NONE', *, *, #2402, .F. ) ;
#3043 = EDGE_CURVE ( 'NONE', #453, #3750, #4590, .T. ) ;
#3044 = DIRECTION ( 'NONE',  ( -1.000000000000000000, -1.224606353822377258E-16, -0.0000000000000000000 ) ) ;
#3045 = CIRCLE ( 'NONE', #1618, 12.00000000000000000 ) ;
#3046 = DIRECTION ( 'NONE',  ( -1.000000000000000000, -1.224606353822377258E-16, -0.0000000000000000000 ) ) ;
#3047 = EDGE_CURVE ( 'NONE', #3146, #1595, #428, .T. ) ;
#3048 = CARTESIAN_POINT ( 'NONE',  ( 28.77127860333799347, 9.797174393178569278E-16, -8.000000000000003553 ) ) ;
#3049 = VERTEX_POINT ( 'NONE', #1149 ) ;
#3050 = CARTESIAN_POINT ( 'NONE',  ( 38.77127860333799703, -8.000000000000000000, 9.797174393178831574E-16 ) ) ;
#3051 = CARTESIAN_POINT ( 'NONE',  ( 32.77127860333799703, 9.797174393178569278E-16, -8.000000000000003553 ) ) ;
#3052 = ORIENTED_EDGE ( 'NONE', *, *, #2559, .T. ) ;
#3053 = ORIENTED_EDGE ( 'NONE', *, *, #4121, .F. ) ;
#3054 = EDGE_CURVE ( 'NONE', #4404, #1045, #3525, .T. ) ;
#3055 = CIRCLE ( 'NONE', #527, 8.000000000000003553 ) ;
#3056 = EDGE_CURVE ( 'NONE', #773, #4852, #3645, .T. ) ;
#3057 = CARTESIAN_POINT ( 'NONE',  ( 64.00000000000000000, 3.082946495747834590E-15, 0.0000000000000000000 ) ) ;
#3058 = DIRECTION ( 'NONE',  ( -1.000000000000000000, -1.224606353822377258E-16, -0.0000000000000000000 ) ) ;
#3059 = DIRECTION ( 'NONE',  ( -1.000000000000000000, -1.224606353822377258E-16, -0.0000000000000000000 ) ) ;
#3060 = ORIENTED_EDGE ( 'NONE', *, *, #3830, .T. ) ;
#3061 = CARTESIAN_POINT ( 'NONE',  ( 22.77127860333799703, 3.177397763569330469E-15, 0.0000000000000000000 ) ) ;
#3062 = DIRECTION ( 'NONE',  ( 0.0000000000000000000, -1.000000000000000000, 0.0000000000000000000 ) ) ;
#3063 = EDGE_CURVE ( 'NONE', #1763, #360, #2515, .T. ) ;
#3064 = DIRECTION ( 'NONE',  ( 0.0000000000000000000, -1.000000000000000000, 0.0000000000000000000 ) ) ;
#3065 = EDGE_CURVE ( 'NONE', #1259, #4155, #1453, .T. ) ;
#3066 = DIRECTION ( 'NONE',  ( 0.0000000000000000000, -0.5000000000000011102, -0.8660254037844379305 ) ) ;
#3067 = CONICAL_SURFACE ( 'NONE', #275, 6.898500000000003851, 0.9599310885968754814 ) ;
#3068 = ORIENTED_EDGE ( 'NONE', *, *, #4177, .T. ) ;
#3069 = CARTESIAN_POINT ( 'NONE',  ( 36.00000000000000000, -6.898500000000000298, 0.0000000000000000000 ) ) ;
#3070 = DIRECTION ( 'NONE',  ( 0.0000000000000000000, 1.000000000000000000, 0.0000000000000000000 ) ) ;
#3071 = VECTOR ( 'NONE', #3420, 1000.000000000000000 ) ;
#3072 = AXIS2_PLACEMENT_3D ( 'NONE', #4827, #4146, #4475 ) ;
#3073 = EDGE_CURVE ( 'NONE', #1219, #1227, #286, .T. ) ;
#3074 = CARTESIAN_POINT ( 'NONE',  ( 29.22872139666199587, 2.988495227926337133E-15, 0.0000000000000000000 ) ) ;
#3075 = DIRECTION ( 'NONE',  ( 0.0000000000000000000, -1.000000000000000000, 0.0000000000000000000 ) ) ;
#3076 = LINE ( 'NONE', #2152, #739 ) ;
#3077 = EDGE_CURVE ( 'NONE', #1227, #1740, #3423, .T. ) ;
#3078 = AXIS2_PLACEMENT_3D ( 'NONE', #4448, #2213, #3193 ) ;
#3079 = UNCERTAINTY_MEASURE_WITH_UNIT (LENGTH_MEASURE( 1.000000000000000082E-05 ), #3539, 'distance_accuracy_value', 'NONE');
#3080 = CARTESIAN_POINT ( 'NONE',  ( 49.22872139666199587, 2.988495227926337133E-15, 0.0000000000000000000 ) ) ;
#3081 = CARTESIAN_POINT ( 'NONE',  ( 8.000000000000000000, 0.0000000000000000000, 0.0000000000000000000 ) ) ;
#3082 = FACE_OUTER_BOUND ( 'NONE', #1593, .T. ) ;
#3083 = EDGE_LOOP ( 'NONE', ( #1448, #1647, #2071, #2188, #2646 ) ) ;
#3084 = CIRCLE ( 'NONE', #896, 8.000000000000003553 ) ;
#3085 = DIRECTION ( 'NONE',  ( -1.000000000000000000, -1.224606353822377258E-16, -0.0000000000000000000 ) ) ;
#3086 = EDGE_CURVE ( 'NONE', #1574, #1740, #2375, .T. ) ;
#3087 = EDGE_CURVE ( 'NONE', #3109, #1574, #175, .T. ) ;
#3088 = DIRECTION ( 'NONE',  ( 0.0000000000000000000, -1.000000000000000000, 0.0000000000000000000 ) ) ;
#3089 = EDGE_CURVE ( 'NONE', #1160, #921, #4266, .T. ) ;
#3090 = ORIENTED_EDGE ( 'NONE', *, *, #2402, .T. ) ;
#3091 = VECTOR ( 'NONE', #3275, 1000.000000000000114 ) ;
#3092 = DIRECTION ( 'NONE',  ( -0.5735764363510509334, 0.8191520442889884679, 1.003171929053520802E-16 ) ) ;
#3093 = DIRECTION ( 'NONE',  ( 0.0000000000000000000, -1.000000000000000000, 0.0000000000000000000 ) ) ;
#3094 = EDGE_CURVE ( 'NONE', #1219, #3109, #4388, .T. ) ;
#3095 = CARTESIAN_POINT ( 'NONE',  ( 47.22872139666199587, 8.000000000000008882, 9.797174393178831574E-16 ) ) ;
#3096 = EDGE_CURVE ( 'NONE', #1219, #805, #3305, .T. ) ;
#3097 = ORIENTED_EDGE ( 'NONE', *, *, #2963, .T. ) ;
#3098 = ORIENTED_EDGE ( 'NONE', *, *, #2400, .T. ) ;
#3099 = CIRCLE ( 'NONE', #655, 8.000000000000003553 ) ;
#3100 = CARTESIAN_POINT ( 'NONE',  ( 29.22872139666199587, -2.465190328815661892E-29, 8.000000000000003553 ) ) ;
#3101 = ORIENTED_EDGE ( 'NONE', *, *, #3522, .F. ) ;
#3102 = ORIENTED_EDGE ( 'NONE', *, *, #3430, .F. ) ;
#3103 = ORIENTED_EDGE ( 'NONE', *, *, #3333, .F. ) ;
#3104 = EDGE_CURVE ( 'NONE', #573, #277, #2253, .T. ) ;
#3105 = EDGE_CURVE ( 'NONE', #805, #277, #33, .T. ) ;
#3106 = EDGE_CURVE ( 'NONE', #1227, #2015, #1048, .T. ) ;
#3107 = CARTESIAN_POINT ( 'NONE',  ( 44.77127860333799703, 3.177397763569330469E-15, 0.0000000000000000000 ) ) ;
#3108 = DIRECTION ( 'NONE',  ( -1.000000000000000000, -0.0000000000000000000, -0.0000000000000000000 ) ) ;
#3109 = VERTEX_POINT ( 'NONE', #4365 ) ;
#3110 = VERTEX_POINT ( 'NONE', #4705 ) ;
#3111 = DIRECTION ( 'NONE',  ( -1.000000000000000000, -1.224606353822377258E-16, -0.0000000000000000000 ) ) ;
#3112 = EDGE_CURVE ( 'NONE', #1680, #4257, #897, .T. ) ;
#3113 = EDGE_CURVE ( 'NONE', #2353, #2522, #3084, .T. ) ;
#3114 = CIRCLE ( 'NONE', #1625, 11.19999999999999929 ) ;
#3115 = VERTEX_POINT ( 'NONE', #2053 ) ;
#3116 = CARTESIAN_POINT ( 'NONE',  ( 62.00000000000000000, -6.898500000000000298, 9.122700168548424621E-16 ) ) ;
#3117 = COLOUR_RGB ( '',0.7764705882352941346, 0.7568627450980391913, 0.7372549019607843590 ) ;
#3118 = ADVANCED_FACE ( 'NONE', ( #3898 ), #1881, .T. ) ;
#3119 = CONICAL_SURFACE ( 'NONE', #4047, 8.000000000000003553, 0.9599310885968797002 ) ;
#3120 = CARTESIAN_POINT ( 'NONE',  ( 50.77127860333799703, 9.797174393178569278E-16, -8.000000000000003553 ) ) ;
#3121 = DIRECTION ( 'NONE',  ( 0.0000000000000000000, 1.000000000000000000, 0.0000000000000000000 ) ) ;
#3122 = VERTEX_POINT ( 'NONE', #3022 ) ;
#3123 = EDGE_CURVE ( 'NONE', #1003, #704, #2958, .T. ) ;
#3124 = PLANE ( 'NONE',  #2787 ) ;
#3125 = LINE ( 'NONE', #4397, #4308 ) ;
#3126 = CARTESIAN_POINT ( 'NONE',  ( 51.22872139666199587, 2.988495227926337133E-15, 0.0000000000000000000 ) ) ;
#3127 = DIRECTION ( 'NONE',  ( 0.0000000000000000000, 0.0000000000000000000, 1.000000000000000000 ) ) ;
#3128 = ORIENTED_EDGE ( 'NONE', *, *, #3782, .F. ) ;
#3129 = FACE_OUTER_BOUND ( 'NONE', #2063, .T. ) ;
#3130 = EDGE_CURVE ( 'NONE', #1566, #1327, #2005, .T. ) ;
#3131 = EDGE_CURVE ( 'NONE', #494, #2353, #3201, .T. ) ;
#3132 = CARTESIAN_POINT ( 'NONE',  ( 50.00000000000000000, 3.082946495747834590E-15, 0.0000000000000000000 ) ) ;
#3133 = EDGE_CURVE ( 'NONE', #1530, #1160, #4956, .T. ) ;
#3134 = CARTESIAN_POINT ( 'NONE',  ( 38.77127860333799703, 9.797174393178569278E-16, -8.000000000000003553 ) ) ;
#3135 = CIRCLE ( 'NONE', #1400, 8.000000000000003553 ) ;
#3136 = ORIENTED_EDGE ( 'NONE', *, *, #3594, .T. ) ;
#3137 = DIRECTION ( 'NONE',  ( -1.000000000000000000, -1.224606353822377258E-16, -0.0000000000000000000 ) ) ;
#3138 = DIRECTION ( 'NONE',  ( -1.000000000000000000, -0.0000000000000000000, -0.0000000000000000000 ) ) ;
#3139 = EDGE_CURVE ( 'NONE', #453, #3480, #2966, .T. ) ;
#3140 = LINE ( 'NONE', #2653, #1195 ) ;
#3141 = EDGE_CURVE ( 'NONE', #4292, #1879, #762, .T. ) ;
#3142 = DIRECTION ( 'NONE',  ( 1.000000000000000000, 1.224606353822377258E-16, 0.0000000000000000000 ) ) ;
#3143 = ORIENTED_EDGE ( 'NONE', *, *, #3661, .F. ) ;
#3144 = DIRECTION ( 'NONE',  ( 0.0000000000000000000, -1.000000000000000000, 0.0000000000000000000 ) ) ;
#3145 = CARTESIAN_POINT ( 'NONE',  ( 62.77127860333800413, 8.000000000000005329, 0.0000000000000000000 ) ) ;
#3146 = VERTEX_POINT ( 'NONE', #3374 ) ;
#3147 = DIRECTION ( 'NONE',  ( -1.000000000000000000, -0.0000000000000000000, -0.0000000000000000000 ) ) ;
#3148 = FACE_OUTER_BOUND ( 'NONE', #2928, .T. ) ;
#3149 = ORIENTED_EDGE ( 'NONE', *, *, #3536, .F. ) ;
#3150 = DIRECTION ( 'NONE',  ( -1.000000000000000000, -0.0000000000000000000, -0.0000000000000000000 ) ) ;
#3151 = VERTEX_POINT ( 'NONE', #3380 ) ;
#3152 = CIRCLE ( 'NONE', #1092, 6.898500000000003851 ) ;
#3153 = CARTESIAN_POINT ( 'NONE',  ( -31.74999999999995737, 9.797174393178750716E-16, -7.999999999999937828 ) ) ;
#3154 = CARTESIAN_POINT ( 'NONE',  ( 24.00000000000000000, -6.898500000000000298, 9.122700168548424621E-16 ) ) ;
#3155 = VERTEX_POINT ( 'NONE', #3395 ) ;
#3156 = EDGE_CURVE ( 'NONE', #1530, #4278, #1054, .T. ) ;
#3157 = VECTOR ( 'NONE', #4223, 999.9999999999998863 ) ;
#3158 = CARTESIAN_POINT ( 'NONE',  ( 50.77127860333799703, 3.177397763569330469E-15, 0.0000000000000000000 ) ) ;
#3159 = APPLICATION_PROTOCOL_DEFINITION ( 'draft international standard', 'automotive_design', 1998, #3006 ) ;
#3160 = DIRECTION ( 'NONE',  ( -1.000000000000000000, -1.224606353822377258E-16, -0.0000000000000000000 ) ) ;
#3161 = DIRECTION ( 'NONE',  ( 0.0000000000000000000, -1.000000000000000000, 0.0000000000000000000 ) ) ;
#3162 = VERTEX_POINT ( 'NONE', #3404 ) ;
#3163 = DIRECTION ( 'NONE',  ( 1.000000000000000000, 1.224606353822377258E-16, 0.0000000000000000000 ) ) ;
#3164 = VERTEX_POINT ( 'NONE', #3319 ) ;
#3165 = ORIENTED_EDGE ( 'NONE', *, *, #2224, .T. ) ;
#3166 = ORIENTED_EDGE ( 'NONE', *, *, #4226, .T. ) ;
#3167 = DIRECTION ( 'NONE',  ( -1.000000000000000000, -1.224606353822377258E-16, -0.0000000000000000000 ) ) ;
#3168 = DIRECTION ( 'NONE',  ( 0.0000000000000000000, -1.000000000000000000, 0.0000000000000000000 ) ) ;
#3169 = EDGE_CURVE ( 'NONE', #4278, #2335, #2012, .T. ) ;
#3170 = CARTESIAN_POINT ( 'NONE',  ( 56.00000000000000000, -6.898500000000000298, 0.0000000000000000000 ) ) ;
#3171 = DIRECTION ( 'NONE',  ( -1.000000000000000000, -0.0000000000000000000, -0.0000000000000000000 ) ) ;
#3172 = CARTESIAN_POINT ( 'NONE',  ( 44.00000000000000000, 6.898500000000007404, 0.0000000000000000000 ) ) ;
#3173 = EDGE_CURVE ( 'NONE', #4257, #4156, #4017, .T. ) ;
#3174 = EDGE_CURVE ( 'NONE', #1776, #648, #1890, .T. ) ;
#3175 = DIRECTION ( 'NONE',  ( 0.0000000000000000000, -1.000000000000000000, 0.0000000000000000000 ) ) ;
#3176 = ORIENTED_EDGE ( 'NONE', *, *, #2131, .T. ) ;
#3178 = EDGE_LOOP ( 'NONE', ( #4955, #4860, #3429, #4817, #1954 ) ) ;
#3177 = VECTOR ( 'NONE', #5015, 1000.000000000000000 ) ;
#3179 = CARTESIAN_POINT ( 'NONE',  ( 36.00000000000000000, 3.082946495747834590E-15, 0.0000000000000000000 ) ) ;
#3180 = CARTESIAN_POINT ( 'NONE',  ( 55.22872139666199587, 2.988495227926337133E-15, 0.0000000000000000000 ) ) ;
#3181 = CARTESIAN_POINT ( 'NONE',  ( 44.77127860333799703, 9.797174393178561389E-16, -8.000000000000003553 ) ) ;
#3182 = LINE ( 'NONE', #2742, #3071 ) ;
#3183 = EDGE_CURVE ( 'NONE', #1879, #1763, #2130, .T. ) ;
#3184 = CARTESIAN_POINT ( 'NONE',  ( 66.00000000000000000, 0.0000000000000000000, 0.0000000000000000000 ) ) ;
#3185 = CARTESIAN_POINT ( 'NONE',  ( 51.22872139666199587, 2.988495227926337133E-15, 0.0000000000000000000 ) ) ;
#3186 = VECTOR ( 'NONE', #3381, 1000.000000000000000 ) ;
#3187 = EDGE_CURVE ( 'NONE', #1710, #1694, #4857, .T. ) ;
#3188 = EDGE_CURVE ( 'NONE', #3151, #1710, #1175, .T. ) ;
#3189 = DIRECTION ( 'NONE',  ( -1.000000000000000000, -1.224606353822377258E-16, -0.0000000000000000000 ) ) ;
#3190 = DIRECTION ( 'NONE',  ( 0.0000000000000000000, 0.0000000000000000000, 1.000000000000000000 ) ) ;
#3191 = EDGE_CURVE ( 'NONE', #2750, #2522, #3207, .T. ) ;
#3192 = DIRECTION ( 'NONE',  ( 0.5735764363510474917, -0.8191520442889907994, 1.003171929053523514E-16 ) ) ;
#3193 = DIRECTION ( 'NONE',  ( 0.0000000000000000000, 1.000000000000000000, -1.274768433379006694E-15 ) ) ;
#3194 = ORIENTED_EDGE ( 'NONE', *, *, #3610, .F. ) ;
#3195 = CIRCLE ( 'NONE', #196, 8.000000000000003553 ) ;
#3196 = CARTESIAN_POINT ( 'NONE',  ( 21.22872139666199232, 2.988495227926337133E-15, 0.0000000000000000000 ) ) ;
#3197 = ORIENTED_EDGE ( 'NONE', *, *, #3459, .F. ) ;
#3198 = EDGE_CURVE ( 'NONE', #573, #4452, #41, .T. ) ;
#3199 = ORIENTED_EDGE ( 'NONE', *, *, #4215, .T. ) ;
#3200 = ORIENTED_EDGE ( 'NONE', *, *, #2820, .F. ) ;
#3201 = CIRCLE ( 'NONE', #887, 8.000000000000003553 ) ;
#3202 = ORIENTED_EDGE ( 'NONE', *, *, #3752, .F. ) ;
#3203 = CARTESIAN_POINT ( 'NONE',  ( 45.22872139666199587, -2.465190328815661892E-29, 8.000000000000003553 ) ) ;
#3204 = ORIENTED_EDGE ( 'NONE', *, *, #2999, .F. ) ;
#3205 = DIRECTION ( 'NONE',  ( -1.000000000000000000, -1.224606353822377258E-16, -0.0000000000000000000 ) ) ;
#3206 = VERTEX_POINT ( 'NONE', #3622 ) ;
#3207 = LINE ( 'NONE', #3555, #4273 ) ;
#3208 = DIRECTION ( 'NONE',  ( 0.0000000000000000000, -1.000000000000000000, 0.0000000000000000000 ) ) ;
#3209 = ORIENTED_EDGE ( 'NONE', *, *, #3532, .F. ) ;
#3210 = FACE_OUTER_BOUND ( 'NONE', #213, .T. ) ;
#3211 = ORIENTED_EDGE ( 'NONE', *, *, #3530, .F. ) ;
#3212 = EDGE_CURVE ( 'NONE', #4468, #1566, #3311, .T. ) ;
#3213 = DIRECTION ( 'NONE',  ( -1.000000000000000000, -1.224606353822377258E-16, -0.0000000000000000000 ) ) ;
#3214 = ORIENTED_EDGE ( 'NONE', *, *, #3173, .F. ) ;
#3215 = ORIENTED_EDGE ( 'NONE', *, *, #3769, .T. ) ;
#3216 = DIRECTION ( 'NONE',  ( 0.0000000000000000000, -1.000000000000000000, 0.0000000000000000000 ) ) ;
#3217 = CARTESIAN_POINT ( 'NONE',  ( -31.74999999999995737, 0.0000000000000000000, 0.0000000000000000000 ) ) ;
#3218 = ORIENTED_EDGE ( 'NONE', *, *, #2737, .T. ) ;
#3219 = EDGE_CURVE ( 'NONE', #1740, #765, #183, .T. ) ;
#3220 = DIRECTION ( 'NONE',  ( -1.000000000000000000, -0.0000000000000000000, -0.0000000000000000000 ) ) ;
#3221 = EDGE_CURVE ( 'NONE', #4633, #3151, #2257, .T. ) ;
#3222 = EDGE_CURVE ( 'NONE', #1327, #2713, #2380, .T. ) ;
#3223 = CARTESIAN_POINT ( 'NONE',  ( 39.22872139666199587, 9.797174393178592943E-16, -8.000000000000003553 ) ) ;
#3224 = CYLINDRICAL_SURFACE ( 'NONE', #59, 7.999999999999937828 ) ;
#3225 = DIRECTION ( 'NONE',  ( -0.5735764363510507113, -0.8191520442889885789, 0.0000000000000000000 ) ) ;
#3226 = DIRECTION ( 'NONE',  ( -1.000000000000000000, -0.0000000000000000000, -0.0000000000000000000 ) ) ;
#3227 = ORIENTED_EDGE ( 'NONE', *, *, #3450, .T. ) ;
#3228 = DIRECTION ( 'NONE',  ( -0.5735764363510507113, -0.8191520442889885789, 0.0000000000000000000 ) ) ;
#3229 = CARTESIAN_POINT ( 'NONE',  ( 56.00000000000000000, 3.082946495747834590E-15, 0.0000000000000000000 ) ) ;
#3230 = AXIS2_PLACEMENT_3D ( 'NONE', #3650, #3588, #4016 ) ;
#3231 = DIRECTION ( 'NONE',  ( 0.0000000000000000000, 1.000000000000000000, 0.0000000000000000000 ) ) ;
#3232 = DIRECTION ( 'NONE',  ( 0.0000000000000000000, -1.000000000000000000, 0.0000000000000000000 ) ) ;
#3233 = ORIENTED_EDGE ( 'NONE', *, *, #3063, .T. ) ;
#3234 = SURFACE_STYLE_USAGE ( .BOTH. , #3500 ) ;
#3235 = EDGE_CURVE ( 'NONE', #2465, #2713, #3427, .T. ) ;
#3236 = FACE_OUTER_BOUND ( 'NONE', #898, .T. ) ;
#3237 = CARTESIAN_POINT ( 'NONE',  ( 50.77127860333799703, 3.177397763569330469E-15, 0.0000000000000000000 ) ) ;
#3238 = CARTESIAN_POINT ( 'NONE',  ( 61.22872139666199587, 2.988495227926337133E-15, 0.0000000000000000000 ) ) ;
#3239 = DIRECTION ( 'NONE',  ( -1.000000000000000000, -1.224606353822377258E-16, -0.0000000000000000000 ) ) ;
#3240 = EDGE_CURVE ( 'NONE', #617, #449, #1318, .T. ) ;
#3241 =( NAMED_UNIT ( * ) SI_UNIT ( $, .STERADIAN. ) SOLID_ANGLE_UNIT ( ) );
#3242 = CARTESIAN_POINT ( 'NONE',  ( 66.00000000000000000, 6.898500000000000298, 0.0000000000000000000 ) ) ;
#3243 = CARTESIAN_POINT ( 'NONE',  ( 54.77127860333799703, 8.000000000000005329, 0.0000000000000000000 ) ) ;
#3244 = CARTESIAN_POINT ( 'NONE',  ( 48.00000000000000000, 3.082946495747834590E-15, 0.0000000000000000000 ) ) ;
#3245 = ORIENTED_EDGE ( 'NONE', *, *, #3139, .T. ) ;
#3246 = TOROIDAL_SURFACE ( 'NONE', #2022, 8.599999999999937472, 0.5999999999999999778 ) ;
#3247 = DIRECTION ( 'NONE',  ( 0.0000000000000000000, 1.000000000000000000, 0.0000000000000000000 ) ) ;
#3248 = ORIENTED_EDGE ( 'NONE', *, *, #3998, .T. ) ;
#3249 = CIRCLE ( 'NONE', #1064, 8.000000000000003553 ) ;
#3250 = ORIENTED_EDGE ( 'NONE', *, *, #3417, .F. ) ;
#3251 = FACE_OUTER_BOUND ( 'NONE', #2261, .T. ) ;
#3252 = DIRECTION ( 'NONE',  ( 0.0000000000000000000, -1.000000000000000000, 0.0000000000000000000 ) ) ;
#3253 = CARTESIAN_POINT ( 'NONE',  ( 52.77127860333799703, 3.177397763569330469E-15, 0.0000000000000000000 ) ) ;
#3254 = EDGE_CURVE ( 'NONE', #1377, #617, #3531, .T. ) ;
#3255 = EDGE_CURVE ( 'NONE', #1003, #2750, #1461, .T. ) ;
#3256 = CARTESIAN_POINT ( 'NONE',  ( 36.77127860333799703, 8.000000000000007105, 0.0000000000000000000 ) ) ;
#3257 = LINE ( 'NONE', #4258, #2195 ) ;
#3258 = DIRECTION ( 'NONE',  ( -1.000000000000000000, -1.224606353822377258E-16, -0.0000000000000000000 ) ) ;
#3259 = DIRECTION ( 'NONE',  ( -1.000000000000000000, -0.0000000000000000000, -0.0000000000000000000 ) ) ;
#3260 = LINE ( 'NONE', #3793, #2961 ) ;
#3261 = ORIENTED_EDGE ( 'NONE', *, *, #3999, .T. ) ;
#3262 = EDGE_CURVE ( 'NONE', #2617, #1694, #2652, .T. ) ;
#3263 = DIRECTION ( 'NONE',  ( 0.0000000000000000000, 1.000000000000000000, 0.0000000000000000000 ) ) ;
#3264 = ORIENTED_EDGE ( 'NONE', *, *, #2289, .F. ) ;
#3265 = ORIENTED_EDGE ( 'NONE', *, *, #3285, .T. ) ;
#3266 = DIRECTION ( 'NONE',  ( 1.000000000000000000, 1.224606353822377258E-16, 0.0000000000000000000 ) ) ;
#3267 = FILL_AREA_STYLE_COLOUR ( '', #3117 ) ;
#3268 = EDGE_LOOP ( 'NONE', ( #3367, #4253, #413, #4724, #1564 ) ) ;
#3269 = ORIENTED_EDGE ( 'NONE', *, *, #2688, .T. ) ;
#3270 = ORIENTED_EDGE ( 'NONE', *, *, #3279, .T. ) ;
#3271 = ORIENTED_EDGE ( 'NONE', *, *, #3300, .F. ) ;
#3272 = DIRECTION ( 'NONE',  ( 0.0000000000000000000, -1.000000000000000000, 0.0000000000000000000 ) ) ;
#3273 = DIRECTION ( 'NONE',  ( 1.000000000000000000, 1.224606353822377258E-16, 0.0000000000000000000 ) ) ;
#3274 = PRESENTATION_LAYER_ASSIGNMENT (  '', '', ( #2122 ) ) ;
#3275 = DIRECTION ( 'NONE',  ( 0.5735764363510474917, -0.8191520442889907994, 1.003171929053523514E-16 ) ) ;
#3276 = CARTESIAN_POINT ( 'NONE',  ( 56.77127860333799703, 3.177397763569330469E-15, 0.0000000000000000000 ) ) ;
#3277 = DIRECTION ( 'NONE',  ( 0.0000000000000000000, -1.000000000000000000, 0.0000000000000000000 ) ) ;
#3278 = ORIENTED_EDGE ( 'NONE', *, *, #3104, .T. ) ;
#3279 = EDGE_CURVE ( 'NONE', #1788, #2617, #1581, .T. ) ;
#3280 = EDGE_CURVE ( 'NONE', #3556, #1776, #4502, .T. ) ;
#3281 = EDGE_CURVE ( 'NONE', #2713, #1906, #1718, .T. ) ;
#3282 = DIRECTION ( 'NONE',  ( 1.000000000000000000, 0.0000000000000000000, 0.0000000000000000000 ) ) ;
#3283 = FACE_OUTER_BOUND ( 'NONE', #229, .T. ) ;
#3284 = CARTESIAN_POINT ( 'NONE',  ( 56.00000000000000000, 6.898500000000007404, 8.448225943918020627E-16 ) ) ;
#3285 = EDGE_CURVE ( 'NONE', #3745, #2499, #4595, .T. ) ;
#3286 = ADVANCED_FACE ( 'NONE', ( #3749 ), #1840, .T. ) ;
#3287 = CONICAL_SURFACE ( 'NONE', #1107, 6.898500000000003851, 0.9599310885968754814 ) ;
#3288 = AXIS2_PLACEMENT_3D ( 'NONE', #4813, #3831, #1926 ) ;
#3289 = DIRECTION ( 'NONE',  ( -1.000000000000000000, -1.224606353822377258E-16, -0.0000000000000000000 ) ) ;
#3290 = CIRCLE ( 'NONE', #1782, 8.000000000000003553 ) ;
#3291 = EDGE_LOOP ( 'NONE', ( #2302, #2041, #1933, #1760, #1739, #1599 ) ) ;
#3292 = DIRECTION ( 'NONE',  ( -1.000000000000000000, -1.224606353822377258E-16, -0.0000000000000000000 ) ) ;
#3293 = DIRECTION ( 'NONE',  ( 0.0000000000000000000, 0.0000000000000000000, -1.000000000000000000 ) ) ;
#3294 = DIRECTION ( 'NONE',  ( -1.000000000000000000, -1.224606353822377258E-16, -0.0000000000000000000 ) ) ;
#3295 = EDGE_CURVE ( 'NONE', #2465, #3151, #4704, .T. ) ;
#3296 = EDGE_CURVE ( 'NONE', #2940, #2617, #437, .T. ) ;
#3297 = CARTESIAN_POINT ( 'NONE',  ( 40.77127860333799703, 3.177397763569330469E-15, 0.0000000000000000000 ) ) ;
#3298 = VERTEX_POINT ( 'NONE', #4034 ) ;
#3299 = DIRECTION ( 'NONE',  ( -1.000000000000000000, -1.224606353822377258E-16, -0.0000000000000000000 ) ) ;
#3300 = EDGE_CURVE ( 'NONE', #2499, #1788, #2912, .T. ) ;
#3301 = EDGE_CURVE ( 'NONE', #1003, #494, #3857, .T. ) ;
#3302 = CARTESIAN_POINT ( 'NONE',  ( 47.22872139666199587, 2.988495227926337133E-15, 0.0000000000000000000 ) ) ;
#3303 = VECTOR ( 'NONE', #3746, 1000.000000000000114 ) ;
#3304 = ORIENTED_EDGE ( 'NONE', *, *, #3593, .F. ) ;
#3305 = LINE ( 'NONE', #4085, #4138 ) ;
#3306 = ORIENTED_EDGE ( 'NONE', *, *, #2507, .F. ) ;
#3307 = DIRECTION ( 'NONE',  ( 0.0000000000000000000, 0.0000000000000000000, 1.000000000000000000 ) ) ;
#3308 = DIRECTION ( 'NONE',  ( -1.000000000000000000, -1.224606353822377258E-16, -0.0000000000000000000 ) ) ;
#3309 = ORIENTED_EDGE ( 'NONE', *, *, #4079, .F. ) ;
#3310 = ORIENTED_EDGE ( 'NONE', *, *, #2488, .F. ) ;
#3311 = LINE ( 'NONE', #3643, #4396 ) ;
#3312 = CARTESIAN_POINT ( 'NONE',  ( -31.74999999999995737, 0.0000000000000000000, 0.0000000000000000000 ) ) ;
#3313 = DIRECTION ( 'NONE',  ( 0.0000000000000000000, -1.000000000000000000, 0.0000000000000000000 ) ) ;
#3314 = VERTEX_POINT ( 'NONE', #4104 ) ;
#3315 = CARTESIAN_POINT ( 'NONE',  ( -31.74999999999995737, 0.0000000000000000000, 0.0000000000000000000 ) ) ;
#3316 = CYLINDRICAL_SURFACE ( 'NONE', #1368, 7.999999999999937828 ) ;
#3317 = EDGE_CURVE ( 'NONE', #1680, #1160, #4909, .T. ) ;
#3318 = EDGE_CURVE ( 'NONE', #4633, #1788, #4809, .T. ) ;
#3319 = CARTESIAN_POINT ( 'NONE',  ( 26.77127860333799703, 8.000000000000005329, 0.0000000000000000000 ) ) ;
#3320 = VERTEX_POINT ( 'NONE', #4145 ) ;
#3321 = EDGE_CURVE ( 'NONE', #3745, #2940, #4084, .T. ) ;
#3322 = ORIENTED_EDGE ( 'NONE', *, *, #3333, .T. ) ;
#3323 = DIRECTION ( 'NONE',  ( 0.0000000000000000000, 0.0000000000000000000, 1.000000000000000000 ) ) ;
#3324 = FACE_OUTER_BOUND ( 'NONE', #1077, .T. ) ;
#3325 = EDGE_CURVE ( 'NONE', #2940, #1377, #2765, .T. ) ;
#3326 = CARTESIAN_POINT ( 'NONE',  ( 64.77127860333800413, -8.000000000000000000, 9.797174393178831574E-16 ) ) ;
#3327 = CARTESIAN_POINT ( 'NONE',  ( 55.22872139666199587, -2.465190328815661892E-29, 8.000000000000003553 ) ) ;
#3328 = ORIENTED_EDGE ( 'NONE', *, *, #4315, .F. ) ;
#3329 = ORIENTED_EDGE ( 'NONE', *, *, #2949, .F. ) ;
#3330 = DIRECTION ( 'NONE',  ( 0.0000000000000000000, -1.000000000000000000, 0.0000000000000000000 ) ) ;
#3331 = FACE_BOUND ( 'NONE', #4854, .T. ) ;
#3332 = CARTESIAN_POINT ( 'NONE',  ( 39.22872139666199587, 2.988495227926337133E-15, 0.0000000000000000000 ) ) ;
#3333 = EDGE_CURVE ( 'NONE', #1045, #1377, #3026, .T. ) ;
#3334 = CONICAL_SURFACE ( 'NONE', #4406, 6.898500000000003851, 0.9599310885968754814 ) ;
#3335 = DIRECTION ( 'NONE',  ( -1.000000000000000000, -1.224606353822377258E-16, -0.0000000000000000000 ) ) ;
#3336 = CARTESIAN_POINT ( 'NONE',  ( 61.22872139666199587, 2.988495227926337133E-15, 0.0000000000000000000 ) ) ;
#3337 = DIRECTION ( 'NONE',  ( -1.000000000000000000, -1.224606353822377258E-16, -0.0000000000000000000 ) ) ;
#3338 = LINE ( 'NONE', #3730, #3029 ) ;
#3339 = VERTEX_POINT ( 'NONE', #4182 ) ;
#3340 = CARTESIAN_POINT ( 'NONE',  ( 54.00000000000000000, 3.082946495747834590E-15, 0.0000000000000000000 ) ) ;
#3341 = CIRCLE ( 'NONE', #4838, 8.000000000000003553 ) ;
#3342 = ORIENTED_EDGE ( 'NONE', *, *, #2612, .T. ) ;
#3343 = CARTESIAN_POINT ( 'NONE',  ( 39.22872139666199587, 2.988495227926337133E-15, 0.0000000000000000000 ) ) ;
#3344 = DIRECTION ( 'NONE',  ( -1.000000000000000000, -1.224606353822377258E-16, -0.0000000000000000000 ) ) ;
#3345 = CARTESIAN_POINT ( 'NONE',  ( 33.22872139666199587, -7.999999999999998224, 0.0000000000000000000 ) ) ;
#3346 = CARTESIAN_POINT ( 'NONE',  ( 22.00000000000000000, 3.082946495747834590E-15, 0.0000000000000000000 ) ) ;
#3347 = EDGE_CURVE ( 'NONE', #1574, #1327, #3257, .T. ) ;
#3348 = CYLINDRICAL_SURFACE ( 'NONE', #1755, 7.999999999999937828 ) ;
#3349 = ORIENTED_EDGE ( 'NONE', *, *, #3156, .T. ) ;
#3350 = VECTOR ( 'NONE', #377, 1000.000000000000000 ) ;
#3351 = EDGE_CURVE ( 'NONE', #4468, #2465, #4212, .T. ) ;
#3352 = EDGE_CURVE ( 'NONE', #2404, #2384, #1122, .T. ) ;
#3353 = EDGE_CURVE ( 'NONE', #1989, #2384, #2079, .T. ) ;
#3354 = LINE ( 'NONE', #3686, #4129 ) ;
#3355 = ORIENTED_EDGE ( 'NONE', *, *, #3002, .F. ) ;
#3356 = FACE_OUTER_BOUND ( 'NONE', #4128, .T. ) ;
#3357 = DIRECTION ( 'NONE',  ( 0.0000000000000000000, -1.000000000000000000, 0.0000000000000000000 ) ) ;
#3358 = ORIENTED_EDGE ( 'NONE', *, *, #455, .F. ) ;
#3359 = EDGE_CURVE ( 'NONE', #536, #1989, #5019, .T. ) ;
#3360 = ORIENTED_EDGE ( 'NONE', *, *, #2332, .F. ) ;
#3361 = CARTESIAN_POINT ( 'NONE',  ( 40.77127860333799703, 8.000000000000007105, 0.0000000000000000000 ) ) ;
#3362 = LINE ( 'NONE', #1677, #4698 ) ;
#3363 = MECHANICAL_DESIGN_GEOMETRIC_PRESENTATION_REPRESENTATION (  '', ( #2122 ), #560 ) ;
#3364 = DIRECTION ( 'NONE',  ( -1.000000000000000000, -0.0000000000000000000, -0.0000000000000000000 ) ) ;
#3365 = ORIENTED_EDGE ( 'NONE', *, *, #4261, .T. ) ;
#3366 = DIRECTION ( 'NONE',  ( 0.5735764363510474917, -0.8191520442889907994, 1.003171929053523514E-16 ) ) ;
#3367 = ORIENTED_EDGE ( 'NONE', *, *, #3619, .F. ) ;
#3368 = VECTOR ( 'NONE', #4285, 1000.000000000000000 ) ;
#3369 = CARTESIAN_POINT ( 'NONE',  ( -31.74999999999995737, 0.0000000000000000000, 7.999999999999937828 ) ) ;
#3370 = DIRECTION ( 'NONE',  ( 1.000000000000000000, 1.224606353822377258E-16, 0.0000000000000000000 ) ) ;
#3371 = EDGE_LOOP ( 'NONE', ( #4355, #1519, #2046, #512, #1216 ) ) ;
#3372 = ORIENTED_EDGE ( 'NONE', *, *, #2439, .T. ) ;
#3373 = EDGE_LOOP ( 'NONE', ( #2054, #34, #558, #2083, #1713 ) ) ;
#3374 = CARTESIAN_POINT ( 'NONE',  ( 63.22872139666199587, -2.465190328815661892E-29, 8.000000000000003553 ) ) ;
#3375 = CARTESIAN_POINT ( 'NONE',  ( 64.77127860333800413, 8.000000000000005329, 0.0000000000000000000 ) ) ;
#3376 = DIRECTION ( 'NONE',  ( -1.000000000000000000, -0.0000000000000000000, -0.0000000000000000000 ) ) ;
#3377 = ORIENTED_EDGE ( 'NONE', *, *, #3112, .T. ) ;
#3378 = DIRECTION ( 'NONE',  ( -1.000000000000000000, -1.224606353822377258E-16, -0.0000000000000000000 ) ) ;
#3379 = EDGE_LOOP ( 'NONE', ( #4165, #4280, #4044, #287, #3987, #3358 ) ) ;
#3380 = CARTESIAN_POINT ( 'NONE',  ( 51.22872139666199587, 8.000000000000008882, 9.797174393178831574E-16 ) ) ;
#3381 = DIRECTION ( 'NONE',  ( -1.000000000000000000, -0.0000000000000000000, -0.0000000000000000000 ) ) ;
#3382 = DIRECTION ( 'NONE',  ( 0.0000000000000000000, -1.000000000000000000, 0.0000000000000000000 ) ) ;
#3383 = FACE_OUTER_BOUND ( 'NONE', #1041, .T. ) ;
#3384 = EDGE_CURVE ( 'NONE', #2353, #536, #1253, .T. ) ;
#3385 = CARTESIAN_POINT ( 'NONE',  ( -31.74999999999995737, 0.0000000000000000000, 0.0000000000000000000 ) ) ;
#3386 = DIRECTION ( 'NONE',  ( 0.0000000000000000000, -1.000000000000000000, 0.0000000000000000000 ) ) ;
#3387 = DIRECTION ( 'NONE',  ( 0.0000000000000000000, -1.000000000000000000, 0.0000000000000000000 ) ) ;
#3388 = EDGE_CURVE ( 'NONE', #3664, #855, #2331, .T. ) ;
#3389 = EDGE_CURVE ( 'NONE', #855, #270, #118, .T. ) ;
#3390 = VECTOR ( 'NONE', #3032, 1000.000000000000114 ) ;
#3391 = CARTESIAN_POINT ( 'NONE',  ( -31.74999999999995737, 0.0000000000000000000, 7.999999999999937828 ) ) ;
#3392 = ADVANCED_FACE ( 'NONE', ( #1520 ), #1784, .T. ) ;
#3393 = ORIENTED_EDGE ( 'NONE', *, *, #534, .F. ) ;
#3394 = DIRECTION ( 'NONE',  ( -1.000000000000000000, -1.224606353822377258E-16, -0.0000000000000000000 ) ) ;
#3395 = CARTESIAN_POINT ( 'NONE',  ( 24.77127860333799703, 9.797174393178569278E-16, -8.000000000000003553 ) ) ;
#3396 = LINE ( 'NONE', #812, #1147 ) ;
#3397 = CARTESIAN_POINT ( 'NONE',  ( 27.99999999999999645, -6.898500000000000298, 0.0000000000000000000 ) ) ;
#3398 = DIRECTION ( 'NONE',  ( 0.5735764363510472696, 0.8191520442889909104, 0.0000000000000000000 ) ) ;
#3399 = CARTESIAN_POINT ( 'NONE',  ( 22.77127860333799703, 3.177397763569330469E-15, 0.0000000000000000000 ) ) ;
#3400 = EDGE_CURVE ( 'NONE', #4098, #270, #4962, .T. ) ;
#3401 = EDGE_CURVE ( 'NONE', #1223, #4098, #3696, .T. ) ;
#3402 = ADVANCED_FACE ( 'NONE', ( #4862 ), #4607, .T. ) ;
#3403 = VECTOR ( 'NONE', #4744, 1000.000000000000000 ) ;
#3404 = CARTESIAN_POINT ( 'NONE',  ( 46.77127860333799703, -8.000000000000001776, 9.797174393178833546E-16 ) ) ;
#3405 = CARTESIAN_POINT ( 'NONE',  ( 36.77127860333799703, 3.177397763569330469E-15, 0.0000000000000000000 ) ) ;
#3406 = DIRECTION ( 'NONE',  ( -0.5735764363510507113, -0.8191520442889885789, 0.0000000000000000000 ) ) ;
#3407 = EDGE_LOOP ( 'NONE', ( #1183, #1138, #1047, #940, #913 ) ) ;
#3408 = EDGE_CURVE ( 'NONE', #3664, #1223, #911, .T. ) ;
#3409 = CARTESIAN_POINT ( 'NONE',  ( 46.00000000000000000, 3.082946495747834590E-15, 0.0000000000000000000 ) ) ;
#3410 = ORIENTED_EDGE ( 'NONE', *, *, #3675, .F. ) ;
#3411 = DIRECTION ( 'NONE',  ( -1.000000000000000000, -0.0000000000000000000, -0.0000000000000000000 ) ) ;
#3412 = CARTESIAN_POINT ( 'NONE',  ( 56.77127860333799703, -8.000000000000000000, 9.797174393178831574E-16 ) ) ;
#3413 = DIRECTION ( 'NONE',  ( -1.000000000000000000, -1.224606353822377258E-16, -0.0000000000000000000 ) ) ;
#3414 = ORIENTED_EDGE ( 'NONE', *, *, #2791, .F. ) ;
#3415 = DIRECTION ( 'NONE',  ( 0.5735764363510474917, -0.8191520442889907994, 1.003171929053523514E-16 ) ) ;
#3416 = CARTESIAN_POINT ( 'NONE',  ( 46.00000000000000000, 3.082946495747834590E-15, 0.0000000000000000000 ) ) ;
#3417 = EDGE_CURVE ( 'NONE', #3664, #3162, #1059, .T. ) ;
#3418 = EDGE_CURVE ( 'NONE', #3162, #536, #3099, .T. ) ;
#3419 = VERTEX_POINT ( 'NONE', #4756 ) ;
#3420 = DIRECTION ( 'NONE',  ( -1.000000000000000000, -0.0000000000000000000, -0.0000000000000000000 ) ) ;
#3421 = ORIENTED_EDGE ( 'NONE', *, *, #2440, .T. ) ;
#3422 = EDGE_CURVE ( 'NONE', #855, #1989, #3808, .T. ) ;
#3423 = LINE ( 'NONE', #1757, #1311 ) ;
#3424 = EDGE_CURVE ( 'NONE', #2750, #4852, #1651, .T. ) ;
#3425 = VERTEX_POINT ( 'NONE', #4775 ) ;
#3426 = ORIENTED_EDGE ( 'NONE', *, *, #3013, .F. ) ;
#3427 = LINE ( 'NONE', #3759, #2526 ) ;
#3428 = CARTESIAN_POINT ( 'NONE',  ( 62.77127860333800413, 3.177397763569330469E-15, 0.0000000000000000000 ) ) ;
#3429 = ORIENTED_EDGE ( 'NONE', *, *, #3007, .T. ) ;
#3430 = EDGE_CURVE ( 'NONE', #2522, #2404, #4021, .T. ) ;
#3431 = EDGE_CURVE ( 'NONE', #3936, #3958, #1959, .T. ) ;
#3432 = EDGE_CURVE ( 'NONE', #3958, #2043, #2973, .T. ) ;
#3433 = DIRECTION ( 'NONE',  ( -1.000000000000000000, -1.224606353822377258E-16, -0.0000000000000000000 ) ) ;
#3434 = CIRCLE ( 'NONE', #1570, 7.070999999999999730 ) ;
#3435 = PLANE ( 'NONE',  #1799 ) ;
#3436 = CARTESIAN_POINT ( 'NONE',  ( 56.77127860333799703, 8.000000000000007105, 0.0000000000000000000 ) ) ;
#3437 = EDGE_CURVE ( 'NONE', #985, #2043, #2849, .T. ) ;
#3438 = CARTESIAN_POINT ( 'NONE',  ( 30.77127860333799703, -2.619264724366640760E-29, 8.000000000000003553 ) ) ;
#3439 = EDGE_CURVE ( 'NONE', #4852, #449, #2533, .T. ) ;
#3440 = DIRECTION ( 'NONE',  ( -0.5735764363510509334, 0.8191520442889884679, 1.003171929053520802E-16 ) ) ;
#3441 = CARTESIAN_POINT ( 'NONE',  ( -31.74999999999995737, 0.0000000000000000000, 0.0000000000000000000 ) ) ;
#3442 = DIRECTION ( 'NONE',  ( -1.000000000000000000, -0.0000000000000000000, -0.0000000000000000000 ) ) ;
#3443 = ORIENTED_EDGE ( 'NONE', *, *, #4030, .F. ) ;
#3444 = LINE ( 'NONE', #4730, #1278 ) ;
#3445 = EDGE_CURVE ( 'NONE', #270, #985, #635, .T. ) ;
#3446 = EDGE_CURVE ( 'NONE', #4098, #3936, #1590, .T. ) ;
#3447 = ORIENTED_EDGE ( 'NONE', *, *, #2687, .T. ) ;
#3448 = LINE ( 'NONE', #2144, #4808 ) ;
#3449 = EDGE_CURVE ( 'NONE', #2883, #500, #48, .T. ) ;
#3450 = EDGE_CURVE ( 'NONE', #1397, #3538, #4660, .T. ) ;
#3451 = FACE_OUTER_BOUND ( 'NONE', #876, .T. ) ;
#3452 = CARTESIAN_POINT ( 'NONE',  ( 21.22872139666199232, -7.999999999999998224, 0.0000000000000000000 ) ) ;
#3453 = CARTESIAN_POINT ( 'NONE',  ( 60.77127860333799703, 3.177397763569330469E-15, 0.0000000000000000000 ) ) ;
#3454 = CIRCLE ( 'NONE', #172, 8.000000000000003553 ) ;
#3455 = DIRECTION ( 'NONE',  ( -1.000000000000000000, -1.224606353822377258E-16, -0.0000000000000000000 ) ) ;
#3456 = CARTESIAN_POINT ( 'NONE',  ( 16.00000000000000000, 12.00000000000000000, 0.0000000000000000000 ) ) ;
#3457 = VERTEX_POINT ( 'NONE', #4986 ) ;
#3458 = EDGE_CURVE ( 'NONE', #4692, #2883, #3035, .T. ) ;
#3459 = EDGE_CURVE ( 'NONE', #572, #576, #4632, .T. ) ;
#3460 = ADVANCED_FACE ( 'NONE', ( #3839 ), #4720, .T. ) ;
#3461 = CYLINDRICAL_SURFACE ( 'NONE', #3288, 7.999999999999937828 ) ;
#3462 = DIRECTION ( 'NONE',  ( 0.0000000000000000000, -1.000000000000000000, 0.0000000000000000000 ) ) ;
#3463 = FILL_AREA_STYLE ('',( #3267 ) ) ;
#3464 = ORIENTED_EDGE ( 'NONE', *, *, #2786, .T. ) ;
#3465 = CIRCLE ( 'NONE', #1043, 8.000000000000003553 ) ;
#3466 = ADVANCED_FACE ( 'NONE', ( #3613 ), #230, .T. ) ;
#3467 = DIRECTION ( 'NONE',  ( 1.000000000000000000, 0.0000000000000000000, 0.0000000000000000000 ) ) ;
#3468 = VERTEX_POINT ( 'NONE', #274 ) ;
#3469 = FACE_OUTER_BOUND ( 'NONE', #2602, .T. ) ;
#3470 = CARTESIAN_POINT ( 'NONE',  ( -31.74999999999995737, 9.797174393178750716E-16, -7.999999999999937828 ) ) ;
#3471 = DIRECTION ( 'NONE',  ( 0.0000000000000000000, 0.0000000000000000000, -1.000000000000000000 ) ) ;
#3472 = EDGE_CURVE ( 'NONE', #572, #500, #4844, .T. ) ;
#3473 = ORIENTED_EDGE ( 'NONE', *, *, #3007, .F. ) ;
#3474 = EDGE_CURVE ( 'NONE', #4220, #572, #716, .T. ) ;
#3475 = DIRECTION ( 'NONE',  ( 0.0000000000000000000, -1.000000000000000000, 0.0000000000000000000 ) ) ;
#3476 = ORIENTED_EDGE ( 'NONE', *, *, #4154, .T. ) ;
#3477 = ORIENTED_EDGE ( 'NONE', *, *, #2614, .T. ) ;
#3478 = CARTESIAN_POINT ( 'NONE',  ( 22.77127860333799703, -8.000000000000001776, 9.797174393178833546E-16 ) ) ;
#3479 = CARTESIAN_POINT ( 'NONE',  ( 30.00000000000000000, 3.082946495747834590E-15, 0.0000000000000000000 ) ) ;
#3480 = VERTEX_POINT ( 'NONE', #412 ) ;
#3481 = DIRECTION ( 'NONE',  ( -1.000000000000000000, -1.224606353822377258E-16, -0.0000000000000000000 ) ) ;
#3482 = MECHANICAL_DESIGN_GEOMETRIC_PRESENTATION_REPRESENTATION (  '', ( #4991 ), #2577 ) ;
#3483 = LINE ( 'NONE', #3837, #396 ) ;
#3484 = FACE_OUTER_BOUND ( 'NONE', #1605, .T. ) ;
#3485 = CLOSED_SHELL ( 'NONE', ( #1049, #1921, #4499, #1867, #2546, #4052, #294, #4166, #1298, #2165, #4409, #650, #2502, #4479, #4635, #2003, #2489, #2094, #1892, #2995, #4426, #1914, #4108, #4907, #4779, #4892, #2039, #4135, #2658, #4453, #3669, #3980, #1917, #4123, #2463, #4307, #4841, #1403, #3466, #3286, #2179, #1598, #2956, #732, #4286, #4371, #4026, #2148, #2681, #4889, #656, #4539, #373, #2133, #1999, #4526, #415, #935, #2790, #4031, #4898, #2193, #1813, #1294, #4347, #4551, #4317, #2672, #1241, #987, #4191, #904, #4364, #2451, #2126, #4883, #1123, #4640, #2395, #4791, #3402, #4527, #4522, #2170, #2423, #2616, #4276, #2982, #4500, #2703, #4302, #1690, #2692, #2505, #750, #2556, #1995, #2717, #2086, #890, #1945, #3981, #2155, #3676, #2301, #2834, #4236, #866, #2011, #4506, #946, #4533, #4229, #2344, #2610, #3824, #1143, #4839, #960, #2099, #2092, #1653, #2977, #673, #4025, #3680, #2274, #4433, #2105, #4545, #1286, #55, #3460, #770, #2714, #3118, #665, #613, #4012, #4654, #2068, #1870, #4861, #4038, #2390, #2259, #4919, #2624, #3856, #2325, #2445, #1057, #4787, #3392, #4221, #4248, #3611, #2055, #2316 ) ) ;
#3486 = CARTESIAN_POINT ( 'NONE',  ( 56.77127860333799703, 3.177397763569330469E-15, 0.0000000000000000000 ) ) ;
#3487 = CIRCLE ( 'NONE', #550, 8.000000000000003553 ) ;
#3488 = CARTESIAN_POINT ( 'NONE',  ( 28.77127860333799347, -8.000000000000000000, 9.797174393178831574E-16 ) ) ;
#3489 = EDGE_CURVE ( 'NONE', #4692, #4220, #1488, .T. ) ;
#3490 = CARTESIAN_POINT ( 'NONE',  ( 32.00000000000000000, -6.898500000000000298, 0.0000000000000000000 ) ) ;
#3491 = DIRECTION ( 'NONE',  ( 0.0000000000000000000, -1.000000000000000000, 0.0000000000000000000 ) ) ;
#3492 = CONICAL_SURFACE ( 'NONE', #4511, 8.000000000000003553, 0.9599310885968797002 ) ;
#3493 = PRODUCT_DEFINITION_SHAPE ( 'NONE', 'NONE',  #184 ) ;
#3494 = DIRECTION ( 'NONE',  ( 0.5735764363510474917, -0.8191520442889907994, 1.003171929053523514E-16 ) ) ;
#3495 = EDGE_CURVE ( 'NONE', #4692, #3320, #2433, .T. ) ;
#3496 = EDGE_CURVE ( 'NONE', #3320, #3936, #4200, .T. ) ;
#3497 = CARTESIAN_POINT ( 'NONE',  ( 21.22872139666199232, 9.797174393178585055E-16, -8.000000000000003553 ) ) ;
#3498 = CIRCLE ( 'NONE', #173, 8.000000000000003553 ) ;
#3499 = CARTESIAN_POINT ( 'NONE',  ( 46.77127860333799703, 3.177397763569330469E-15, 0.0000000000000000000 ) ) ;
#3500 = SURFACE_SIDE_STYLE ('',( #305 ) ) ;
#3501 = DIRECTION ( 'NONE',  ( -1.000000000000000000, -1.224606353822377258E-16, -0.0000000000000000000 ) ) ;
#3502 = EDGE_CURVE ( 'NONE', #2883, #3958, #2174, .T. ) ;
#3503 = EDGE_CURVE ( 'NONE', #500, #643, #5004, .T. ) ;
#3504 = CONICAL_SURFACE ( 'NONE', #1789, 8.000000000000003553, 0.9599310885968797002 ) ;
#3505 = CARTESIAN_POINT ( 'NONE',  ( 58.77127860333800413, 3.177397763569330469E-15, 0.0000000000000000000 ) ) ;
#3506 = DIRECTION ( 'NONE',  ( 0.0000000000000000000, 0.0000000000000000000, 1.000000000000000000 ) ) ;
#3507 = ORIENTED_EDGE ( 'NONE', *, *, #3724, .T. ) ;
#3508 = LINE ( 'NONE', #332, #3780 ) ;
#3509 = DIRECTION ( 'NONE',  ( -1.000000000000000000, -1.224606353822377258E-16, -0.0000000000000000000 ) ) ;
#3510 = DIRECTION ( 'NONE',  ( 0.0000000000000000000, -1.000000000000000000, 0.0000000000000000000 ) ) ;
#3511 = AXIS2_PLACEMENT_3D ( 'NONE', #2386, #2598, #4043 ) ;
#3512 = VECTOR ( 'NONE', #1606, 1000.000000000000000 ) ;
#3513 = EDGE_CURVE ( 'NONE', #643, #3115, #4489, .T. ) ;
#3514 = ORIENTED_EDGE ( 'NONE', *, *, #2627, .F. ) ;
#3515 = DIRECTION ( 'NONE',  ( -1.000000000000000000, -1.224606353822377258E-16, -0.0000000000000000000 ) ) ;
#3516 = CARTESIAN_POINT ( 'NONE',  ( 34.00000000000000000, 3.082946495747834590E-15, 0.0000000000000000000 ) ) ;
#3517 = ORIENTED_EDGE ( 'NONE', *, *, #2986, .T. ) ;
#3518 = ORIENTED_EDGE ( 'NONE', *, *, #2198, .F. ) ;
#3519 = ORIENTED_EDGE ( 'NONE', *, *, #2383, .T. ) ;
#3520 = LINE ( 'NONE', #3722, #3303 ) ;
#3521 = AXIS2_PLACEMENT_3D ( 'NONE', #1676, #4565, #402 ) ;
#3522 = EDGE_CURVE ( 'NONE', #131, #3115, #1217, .T. ) ;
#3523 = DIRECTION ( 'NONE',  ( 0.0000000000000000000, -1.000000000000000000, 0.0000000000000000000 ) ) ;
#3524 = ORIENTED_EDGE ( 'NONE', *, *, #2200, .T. ) ;
#3525 = CIRCLE ( 'NONE', #963, 8.000000000000003553 ) ;
#3526 = DIRECTION ( 'NONE',  ( 0.0000000000000000000, -1.000000000000000000, 0.0000000000000000000 ) ) ;
#3527 = DIRECTION ( 'NONE',  ( 0.0000000000000000000, -1.000000000000000000, 0.0000000000000000000 ) ) ;
#3528 = DIRECTION ( 'NONE',  ( -0.5735764363510509334, 0.8191520442889884679, 1.003171929053520802E-16 ) ) ;
#3529 = ORIENTED_EDGE ( 'NONE', *, *, #2410, .F. ) ;
#3530 = EDGE_CURVE ( 'NONE', #576, #131, #4677, .T. ) ;
#3531 = CIRCLE ( 'NONE', #783, 8.000000000000003553 ) ;
#3532 = EDGE_CURVE ( 'NONE', #3538, #371, #2512, .T. ) ;
#3533 = ORIENTED_EDGE ( 'NONE', *, *, #2209, .T. ) ;
#3534 = CIRCLE ( 'NONE', #1307, 6.898500000000003851 ) ;
#3535 = CARTESIAN_POINT ( 'NONE',  ( -31.74999999999995737, 0.0000000000000000000, 0.0000000000000000000 ) ) ;
#3536 = EDGE_CURVE ( 'NONE', #1794, #371, #4880, .T. ) ;
#3537 = ORIENTED_EDGE ( 'NONE', *, *, #2794, .T. ) ;
#3538 = VERTEX_POINT ( 'NONE', #2013 ) ;
#3539 =( LENGTH_UNIT ( ) NAMED_UNIT ( * ) SI_UNIT ( .MILLI., .METRE. ) );
#3540 = CARTESIAN_POINT ( 'NONE',  ( 64.77127860333800413, 3.177397763569330469E-15, 0.0000000000000000000 ) ) ;
#3541 = CARTESIAN_POINT ( 'NONE',  ( 21.22872139666199232, -2.465190328815661892E-29, 8.000000000000003553 ) ) ;
#3542 = EDGE_CURVE ( 'NONE', #4217, #1794, #1668, .T. ) ;
#3543 = EDGE_LOOP ( 'NONE', ( #1393, #771, #1025, #858, #654, #212 ) ) ;
#3544 = EDGE_CURVE ( 'NONE', #1397, #4217, #145, .T. ) ;
#3545 = DIRECTION ( 'NONE',  ( -1.000000000000000000, -1.224606353822377258E-16, -0.0000000000000000000 ) ) ;
#3546 =( NAMED_UNIT ( * ) SI_UNIT ( $, .STERADIAN. ) SOLID_ANGLE_UNIT ( ) );
#3547 = CARTESIAN_POINT ( 'NONE',  ( 62.00000000000000000, 3.082946495747834590E-15, 0.0000000000000000000 ) ) ;
#3548 = ORIENTED_EDGE ( 'NONE', *, *, #3352, .F. ) ;
#3549 = DIRECTION ( 'NONE',  ( 0.0000000000000000000, -1.000000000000000000, 0.0000000000000000000 ) ) ;
#3550 = CARTESIAN_POINT ( 'NONE',  ( 34.00000000000000000, 6.898500000000007404, 8.448225943918020627E-16 ) ) ;
#3551 = DIRECTION ( 'NONE',  ( -1.000000000000000000, -0.0000000000000000000, -0.0000000000000000000 ) ) ;
#3552 = EDGE_CURVE ( 'NONE', #1397, #2201, #4230, .T. ) ;
#3553 = ORIENTED_EDGE ( 'NONE', *, *, #4180, .T. ) ;
#3554 = VECTOR ( 'NONE', #2241, 999.9999999999998863 ) ;
#3555 = CARTESIAN_POINT ( 'NONE',  ( 48.00000000000000000, 6.898500000000007404, 8.448225943918020627E-16 ) ) ;
#3556 = VERTEX_POINT ( 'NONE', #2605 ) ;
#3557 =( LENGTH_UNIT ( ) NAMED_UNIT ( * ) SI_UNIT ( .MILLI., .METRE. ) );
#3558 = LINE ( 'NONE', #4549, #3512 ) ;
#3559 = CARTESIAN_POINT ( 'NONE',  ( 52.00000000000000000, 3.082946495747834590E-15, 0.0000000000000000000 ) ) ;
#3560 = LINE ( 'NONE', #3787, #2944 ) ;
#3561 = UNCERTAINTY_MEASURE_WITH_UNIT (LENGTH_MEASURE( 1.000000000000000082E-05 ), #1437, 'distance_accuracy_value', 'NONE');
#3562 = DIRECTION ( 'NONE',  ( 0.0000000000000000000, 1.000000000000000000, 0.0000000000000000000 ) ) ;
#3563 = EDGE_CURVE ( 'NONE', #2201, #576, #3487, .T. ) ;
#3564 = EDGE_CURVE ( 'NONE', #3538, #131, #2246, .T. ) ;
#3565 = EDGE_CURVE ( 'NONE', #371, #1305, #1013, .T. ) ;
#3566 = CARTESIAN_POINT ( 'NONE',  ( 60.00000000000000000, -6.898500000000000298, 9.122700168548424621E-16 ) ) ;
#3567 = CARTESIAN_POINT ( 'NONE',  ( 31.22872139666199587, 2.988495227926337133E-15, 0.0000000000000000000 ) ) ;
#3568 = CARTESIAN_POINT ( 'NONE',  ( 60.77127860333799703, 3.177397763569330469E-15, 0.0000000000000000000 ) ) ;
#3569 = VECTOR ( 'NONE', #1671, 1000.000000000000000 ) ;
#3570 = CARTESIAN_POINT ( 'NONE',  ( 37.22872139666199587, 2.988495227926337133E-15, 0.0000000000000000000 ) ) ;
#3571 = DIRECTION ( 'NONE',  ( 0.0000000000000000000, -1.000000000000000000, 0.0000000000000000000 ) ) ;
#3572 = ORIENTED_EDGE ( 'NONE', *, *, #3198, .T. ) ;
#3573 = EDGE_LOOP ( 'NONE', ( #4032, #3265, #1849, #3270, #2023 ) ) ;
#3574 = ORIENTED_EDGE ( 'NONE', *, *, #2688, .F. ) ;
#3575 = EDGE_LOOP ( 'NONE', ( #1394, #5024, #2777, #2597, #3865 ) ) ;
#3576 = VERTEX_POINT ( 'NONE', #2648 ) ;
#3577 = CARTESIAN_POINT ( 'NONE',  ( -31.74999999999995737, 0.0000000000000000000, 0.0000000000000000000 ) ) ;
#3578 = DIRECTION ( 'NONE',  ( 1.000000000000000000, 1.224606353822377258E-16, 0.0000000000000000000 ) ) ;
#3579 = CARTESIAN_POINT ( 'NONE',  ( 51.22872139666199587, 2.988495227926337133E-15, 0.0000000000000000000 ) ) ;
#3580 = CARTESIAN_POINT ( 'NONE',  ( 8.000000000000000000, 8.164887506879688672, -2.255140518769849223E-14 ) ) ;
#3581 = EDGE_CURVE ( 'NONE', #1305, #1226, #3182, .T. ) ;
#3582 = ORIENTED_EDGE ( 'NONE', *, *, #2767, .T. ) ;
#3583 = VERTEX_POINT ( 'NONE', #2629 ) ;
#3584 = EDGE_CURVE ( 'NONE', #2972, #1226, #1159, .T. ) ;
#3585 = CIRCLE ( 'NONE', #1153, 8.000000000000003553 ) ;
#3586 = CARTESIAN_POINT ( 'NONE',  ( 38.77127860333799703, 3.177397763569330469E-15, 0.0000000000000000000 ) ) ;
#3587 = DIRECTION ( 'NONE',  ( -1.000000000000000000, -1.224606353822377258E-16, -0.0000000000000000000 ) ) ;
#3588 = DIRECTION ( 'NONE',  ( -1.000000000000000000, 0.0000000000000000000, 0.0000000000000000000 ) ) ;
#3589 = DIRECTION ( 'NONE',  ( -1.000000000000000000, -0.0000000000000000000, -0.0000000000000000000 ) ) ;
#3590 = ORIENTED_EDGE ( 'NONE', *, *, #3073, .T. ) ;
#3591 = CARTESIAN_POINT ( 'NONE',  ( 30.77127860333799703, 9.797174393178569278E-16, -8.000000000000003553 ) ) ;
#3592 = CIRCLE ( 'NONE', #1289, 8.000000000000003553 ) ;
#3593 = EDGE_CURVE ( 'NONE', #704, #773, #3055, .T. ) ;
#3594 = EDGE_CURVE ( 'NONE', #2543, #4452, #2991, .T. ) ;
#3595 = CARTESIAN_POINT ( 'NONE',  ( 8.000000000000000000, -4.082443753439852330, -7.071000000000007724 ) ) ;
#3596 = FACE_OUTER_BOUND ( 'NONE', #1853, .T. ) ;
#3597 = DIRECTION ( 'NONE',  ( 0.0000000000000000000, -1.000000000000000000, 0.0000000000000000000 ) ) ;
#3598 = CARTESIAN_POINT ( 'NONE',  ( 55.22872139666199587, 8.000000000000008882, 9.797174393178831574E-16 ) ) ;
#3599 = CARTESIAN_POINT ( 'NONE',  ( -31.74999999999995737, 9.797174393178750716E-16, -7.999999999999937828 ) ) ;
#3600 = VERTEX_POINT ( 'NONE', #3100 ) ;
#3601 = PLANE ( 'NONE',  #1773 ) ;
#3602 = EDGE_CURVE ( 'NONE', #3468, #573, #4066, .T. ) ;
#3603 = DIRECTION ( 'NONE',  ( 0.0000000000000000000, 0.8660254037844380415, -0.5000000000000012212 ) ) ;
#3604 = VERTEX_POINT ( 'NONE', #3027 ) ;
#3605 = EDGE_LOOP ( 'NONE', ( #278, #253, #486, #220, #3707 ) ) ;
#3606 = DIRECTION ( 'NONE',  ( 0.0000000000000000000, -1.000000000000000000, 0.0000000000000000000 ) ) ;
#3607 = DIRECTION ( 'NONE',  ( 0.0000000000000000000, 0.4999999999999986677, -0.8660254037844392627 ) ) ;
#3608 = ORIENTED_EDGE ( 'NONE', *, *, #2615, .T. ) ;
#3609 = EDGE_LOOP ( 'NONE', ( #4614, #4681, #4755, #4496, #4855 ) ) ;
#3610 = EDGE_CURVE ( 'NONE', #5017, #3468, #4410, .T. ) ;
#3611 = ADVANCED_FACE ( 'NONE', ( #4572 ), #2988, .T. ) ;
#3612 = CARTESIAN_POINT ( 'NONE',  ( -31.74999999999995737, 0.0000000000000000000, 7.999999999999937828 ) ) ;
#3613 = FACE_OUTER_BOUND ( 'NONE', #753, .T. ) ;
#3614 = DIRECTION ( 'NONE',  ( 1.000000000000000000, 1.224606353822377258E-16, 0.0000000000000000000 ) ) ;
#3615 = FACE_OUTER_BOUND ( 'NONE', #559, .T. ) ;
#3616 = DIRECTION ( 'NONE',  ( 0.0000000000000000000, 0.5000000000000011102, 0.8660254037844379305 ) ) ;
#3617 = EDGE_LOOP ( 'NONE', ( #498, #441, #401, #378, #3768 ) ) ;
#3618 = CARTESIAN_POINT ( 'NONE',  ( 0.8000000000000020428, 0.0000000000000000000, 0.0000000000000000000 ) ) ;
#3619 = EDGE_CURVE ( 'NONE', #5017, #4101, #2311, .T. ) ;
#3620 = DIRECTION ( 'NONE',  ( 0.0000000000000000000, 0.0000000000000000000, 1.000000000000000000 ) ) ;
#3621 = CIRCLE ( 'NONE', #420, 8.000000000000003553 ) ;
#3622 = CARTESIAN_POINT ( 'NONE',  ( 16.00000000000000000, 0.0000000000000000000, 12.00000000000000000 ) ) ;
#3623 = CARTESIAN_POINT ( 'NONE',  ( 38.00000000000000000, 6.898500000000007404, 0.0000000000000000000 ) ) ;
#3624 = ORIENTED_EDGE ( 'NONE', *, *, #2095, .F. ) ;
#3625 = CIRCLE ( 'NONE', #257, 6.898500000000003851 ) ;
#3626 = DIRECTION ( 'NONE',  ( -1.000000000000000000, -0.0000000000000000000, -0.0000000000000000000 ) ) ;
#3627 = DIRECTION ( 'NONE',  ( 1.000000000000000000, 1.224606353822377258E-16, 0.0000000000000000000 ) ) ;
#3628 = EDGE_CURVE ( 'NONE', #4101, #2574, #1603, .T. ) ;
#3629 = CARTESIAN_POINT ( 'NONE',  ( 25.22872139666199232, -7.999999999999998224, 0.0000000000000000000 ) ) ;
#3630 = CARTESIAN_POINT ( 'NONE',  ( -31.74999999999995737, 0.0000000000000000000, 0.0000000000000000000 ) ) ;
#3631 = LINE ( 'NONE', #3550, #3554 ) ;
#3632 = FACE_OUTER_BOUND ( 'NONE', #4451, .T. ) ;
#3633 = EDGE_CURVE ( 'NONE', #2543, #1998, #4629, .T. ) ;
#3634 = CARTESIAN_POINT ( 'NONE',  ( 51.22872139666199587, 9.797174393178585055E-16, -8.000000000000003553 ) ) ;
#3635 = CARTESIAN_POINT ( 'NONE',  ( 55.22872139666199587, 2.988495227926337133E-15, 0.0000000000000000000 ) ) ;
#3636 = DIRECTION ( 'NONE',  ( -1.000000000000000000, -1.224606353822377258E-16, -0.0000000000000000000 ) ) ;
#3637 =( NAMED_UNIT ( * ) PLANE_ANGLE_UNIT ( ) SI_UNIT ( $, .RADIAN. ) );
#3638 = EDGE_CURVE ( 'NONE', #4452, #4457, #1361, .T. ) ;
#3639 = DIRECTION ( 'NONE',  ( 0.0000000000000000000, -1.000000000000000000, 0.0000000000000000000 ) ) ;
#3640 = CARTESIAN_POINT ( 'NONE',  ( 50.00000000000000000, 3.082946495747834590E-15, 0.0000000000000000000 ) ) ;
#3641 = ORIENTED_EDGE ( 'NONE', *, *, #3638, .T. ) ;
#3642 = CARTESIAN_POINT ( 'NONE',  ( 59.22872139666199587, 2.988495227926337133E-15, 0.0000000000000000000 ) ) ;
#3643 = CARTESIAN_POINT ( 'NONE',  ( 52.77127860333799703, -8.000000000000000000, 9.797174393178831574E-16 ) ) ;
#3644 = CIRCLE ( 'NONE', #182, 8.000000000000003553 ) ;
#3645 = CIRCLE ( 'NONE', #954, 8.000000000000003553 ) ;
#3646 = CARTESIAN_POINT ( 'NONE',  ( 24.00000000000000000, 3.082946495747834590E-15, 0.0000000000000000000 ) ) ;
#3647 = ORIENTED_EDGE ( 'NONE', *, *, #3280, .F. ) ;
#3648 = EDGE_CURVE ( 'NONE', #4457, #1966, #4739, .T. ) ;
#3649 = VERTEX_POINT ( 'NONE', #3478 ) ;
#3650 = CARTESIAN_POINT ( 'NONE',  ( 8.000000000000000000, 4.082443753439855882, 7.070999999999982855 ) ) ;
#3651 = VECTOR ( 'NONE', #3990, 1000.000000000000000 ) ;
#3652 = DIRECTION ( 'NONE',  ( 0.5735764363510474917, -0.8191520442889907994, 1.003171929053523514E-16 ) ) ;
#3653 = DIRECTION ( 'NONE',  ( -1.000000000000000000, -1.224606353822377258E-16, -0.0000000000000000000 ) ) ;
#3654 = EDGE_CURVE ( 'NONE', #2015, #1966, #1619, .T. ) ;
#3655 = CARTESIAN_POINT ( 'NONE',  ( -31.74999999999995737, 9.797174393178750716E-16, -7.999999999999937828 ) ) ;
#3656 = ORIENTED_EDGE ( 'NONE', *, *, #3254, .F. ) ;
#3657 = VERTEX_POINT ( 'NONE', #3741 ) ;
#3658 = EDGE_CURVE ( 'NONE', #277, #2015, #1678, .T. ) ;
#3659 = EDGE_CURVE ( 'NONE', #1415, #1316, #2295, .T. ) ;
#3660 = CARTESIAN_POINT ( 'NONE',  ( 26.77127860333799703, -8.000000000000000000, 9.797174393178831574E-16 ) ) ;
#3661 = EDGE_CURVE ( 'NONE', #1259, #1871, #3483, .T. ) ;
#3662 = ORIENTED_EDGE ( 'NONE', *, *, #3811, .F. ) ;
#3663 = DIRECTION ( 'NONE',  ( 0.0000000000000000000, -1.000000000000000000, 0.0000000000000000000 ) ) ;
#3664 = VERTEX_POINT ( 'NONE', #3985 ) ;
#3665 = DIRECTION ( 'NONE',  ( 0.0000000000000000000, -1.000000000000000000, 0.0000000000000000000 ) ) ;
#3666 = ORIENTED_EDGE ( 'NONE', *, *, #3776, .F. ) ;
#3667 = ORIENTED_EDGE ( 'NONE', *, *, #1940, .F. ) ;
#3668 = CONICAL_SURFACE ( 'NONE', #1151, 6.898500000000003851, 0.9599310885968754814 ) ;
#3669 = ADVANCED_FACE ( 'NONE', ( #674 ), #2308, .T. ) ;
#3670 = DIRECTION ( 'NONE',  ( 0.0000000000000000000, -1.000000000000000000, 0.0000000000000000000 ) ) ;
#3671 = CARTESIAN_POINT ( 'NONE',  ( 8.000000000000000000, -6.123665630159753626, 3.535500000000002530 ) ) ;
#3672 = CIRCLE ( 'NONE', #68, 8.000000000000003553 ) ;
#3673 = CARTESIAN_POINT ( 'NONE',  ( 52.00000000000000000, 3.082946495747834590E-15, 0.0000000000000000000 ) ) ;
#3674 = DIRECTION ( 'NONE',  ( 0.0000000000000000000, 0.0000000000000000000, 1.000000000000000000 ) ) ;
#3675 = EDGE_CURVE ( 'NONE', #1871, #1776, #4418, .T. ) ;
#3676 = ADVANCED_FACE ( 'NONE', ( #1409 ), #2723, .T. ) ;
#3677 = CIRCLE ( 'NONE', #302, 8.000000000000003553 ) ;
#3678 = CONICAL_SURFACE ( 'NONE', #1796, 6.898500000000003851, 0.9599310885968754814 ) ;
#3679 = EDGE_CURVE ( 'NONE', #4155, #648, #471, .T. ) ;
#3680 = ADVANCED_FACE ( 'NONE', ( #1033 ), #266, .T. ) ;
#3681 = EDGE_LOOP ( 'NONE', ( #1759, #4740, #543, #612, #4845 ) ) ;
#3682 = ORIENTED_EDGE ( 'NONE', *, *, #3077, .T. ) ;
#3683 = EDGE_CURVE ( 'NONE', #4094, #107, #4928, .T. ) ;
#3684 = CARTESIAN_POINT ( 'NONE',  ( 53.22872139666199587, 2.988495227926337133E-15, 0.0000000000000000000 ) ) ;
#3685 = DIRECTION ( 'NONE',  ( -1.000000000000000000, -0.0000000000000000000, -0.0000000000000000000 ) ) ;
#3686 = CARTESIAN_POINT ( 'NONE',  ( 22.00000000000000000, -6.898500000000000298, 0.0000000000000000000 ) ) ;
#3687 = EDGE_LOOP ( 'NONE', ( #747, #792, #822, #826, #857 ) ) ;
#3688 = CIRCLE ( 'NONE', #1131, 8.000000000000003553 ) ;
#3689 = CARTESIAN_POINT ( 'NONE',  ( 40.77127860333799703, 3.177397763569330469E-15, 0.0000000000000000000 ) ) ;
#3690 = DIRECTION ( 'NONE',  ( -1.000000000000000000, -1.224606353822377258E-16, -0.0000000000000000000 ) ) ;
#3691 = DIRECTION ( 'NONE',  ( -1.000000000000000000, -1.224606353822377258E-16, -0.0000000000000000000 ) ) ;
#3692 = EDGE_CURVE ( 'NONE', #107, #3049, #3723, .T. ) ;
#3693 = DIRECTION ( 'NONE',  ( -0.5735764363510507113, -0.8191520442889885789, 0.0000000000000000000 ) ) ;
#3694 = VECTOR ( 'NONE', #2884, 1000.000000000000000 ) ;
#3695 = EDGE_LOOP ( 'NONE', ( #3929, #3973, #1725, #597, #3304, #4901 ) ) ;
#3696 = CIRCLE ( 'NONE', #679, 8.000000000000003553 ) ;
#3697 = ORIENTED_EDGE ( 'NONE', *, *, #3628, .F. ) ;
#3698 = EDGE_CURVE ( 'NONE', #1998, #3049, #2547, .T. ) ;
#3699 = EDGE_CURVE ( 'NONE', #2574, #1998, #1912, .T. ) ;
#3700 = CARTESIAN_POINT ( 'NONE',  ( 52.00000000000000000, -6.898500000000000298, 0.0000000000000000000 ) ) ;
#3701 = DIRECTION ( 'NONE',  ( -1.000000000000000000, -1.224606353822377258E-16, -0.0000000000000000000 ) ) ;
#3702 = DIRECTION ( 'NONE',  ( 0.0000000000000000000, 0.0000000000000000000, 1.000000000000000000 ) ) ;
#3703 = DIRECTION ( 'NONE',  ( 1.000000000000000000, 1.224606353822377258E-16, 0.0000000000000000000 ) ) ;
#3704 = EDGE_CURVE ( 'NONE', #3122, #2574, #150, .T. ) ;
#3705 = EDGE_CURVE ( 'NONE', #5017, #2543, #522, .T. ) ;
#3706 = DIRECTION ( 'NONE',  ( -1.000000000000000000, -0.0000000000000000000, -0.0000000000000000000 ) ) ;
#3707 = ORIENTED_EDGE ( 'NONE', *, *, #4169, .F. ) ;
#3708 = CARTESIAN_POINT ( 'NONE',  ( 55.22872139666199587, 2.988495227926337133E-15, 0.0000000000000000000 ) ) ;
#3709 = EDGE_LOOP ( 'NONE', ( #485, #2727, #4971, #1050, #2125, #37 ) ) ;
#3710 = CARTESIAN_POINT ( 'NONE',  ( -31.74999999999995737, 0.0000000000000000000, 0.0000000000000000000 ) ) ;
#3711 = CARTESIAN_POINT ( 'NONE',  ( 0.0000000000000000000, 0.0000000000000000000, 11.19999999999999929 ) ) ;
#3712 = FACE_OUTER_BOUND ( 'NONE', #2437, .T. ) ;
#3713 = EDGE_CURVE ( 'NONE', #1595, #3339, #2387, .T. ) ;
#3714 = DIRECTION ( 'NONE',  ( 0.0000000000000000000, -1.000000000000000000, 0.0000000000000000000 ) ) ;
#3715 = CIRCLE ( 'NONE', #264, 8.000000000000003553 ) ;
#3716 = DIRECTION ( 'NONE',  ( -1.000000000000000000, -1.224606353822377258E-16, -0.0000000000000000000 ) ) ;
#3717 = DIRECTION ( 'NONE',  ( 0.0000000000000000000, -1.000000000000000000, 0.0000000000000000000 ) ) ;
#3718 = DIRECTION ( 'NONE',  ( 0.0000000000000000000, -1.000000000000000000, 0.0000000000000000000 ) ) ;
#3719 = DIRECTION ( 'NONE',  ( -1.000000000000000000, -0.0000000000000000000, -0.0000000000000000000 ) ) ;
#3720 = EDGE_CURVE ( 'NONE', #3339, #4156, #1754, .T. ) ;
#3721 = DIRECTION ( 'NONE',  ( 0.0000000000000000000, -1.000000000000000000, 0.0000000000000000000 ) ) ;
#3722 = CARTESIAN_POINT ( 'NONE',  ( 22.77127860333799703, -8.000000000000000000, 9.797174393178831574E-16 ) ) ;
#3723 = LINE ( 'NONE', #4318, #2411 ) ;
#3724 = EDGE_CURVE ( 'NONE', #2033, #1428, #4057, .T. ) ;
#3725 = DIRECTION ( 'NONE',  ( -1.000000000000000000, -1.224606353822377258E-16, -0.0000000000000000000 ) ) ;
#3726 = CARTESIAN_POINT ( 'NONE',  ( 35.22872139666199587, 2.988495227926337133E-15, 0.0000000000000000000 ) ) ;
#3727 = CARTESIAN_POINT ( 'NONE',  ( 34.00000000000000000, -6.898500000000000298, 9.122700168548424621E-16 ) ) ;
#3728 = EDGE_CURVE ( 'NONE', #4673, #4257, #3621, .T. ) ;
#3729 = CARTESIAN_POINT ( 'NONE',  ( 51.22872139666199587, 2.988495227926337133E-15, 0.0000000000000000000 ) ) ;
#3730 = CARTESIAN_POINT ( 'NONE',  ( 22.77127860333799703, 8.000000000000007105, 0.0000000000000000000 ) ) ;
#3731 = VECTOR ( 'NONE', #174, 999.9999999999998863 ) ;
#3732 = EDGE_LOOP ( 'NONE', ( #3572, #3641, #1027, #2422, #4782, #4798 ) ) ;
#3733 = ORIENTED_EDGE ( 'NONE', *, *, #3353, .T. ) ;
#3734 = DIRECTION ( 'NONE',  ( 1.000000000000000000, 1.224606353822377258E-16, 0.0000000000000000000 ) ) ;
#3735 = DIRECTION ( 'NONE',  ( -1.000000000000000000, -1.224606353822377258E-16, -0.0000000000000000000 ) ) ;
#3736 = DIRECTION ( 'NONE',  ( -1.000000000000000000, -1.224606353822377258E-16, -0.0000000000000000000 ) ) ;
#3737 = EDGE_CURVE ( 'NONE', #3891, #3604, #4830, .T. ) ;
#3738 = FILL_AREA_STYLE_COLOUR ( '', #2870 ) ;
#3739 = VERTEX_POINT ( 'NONE', #4988 ) ;
#3740 = DIRECTION ( 'NONE',  ( 0.0000000000000000000, -1.000000000000000000, 0.0000000000000000000 ) ) ;
#3741 = CARTESIAN_POINT ( 'NONE',  ( 62.77127860333800413, -8.000000000000001776, 9.797174393178833546E-16 ) ) ;
#3742 = FACE_OUTER_BOUND ( 'NONE', #4934, .T. ) ;
#3743 = CIRCLE ( 'NONE', #990, 8.000000000000003553 ) ;
#3744 = DIRECTION ( 'NONE',  ( -1.000000000000000000, -1.224606353822377258E-16, -0.0000000000000000000 ) ) ;
#3745 = VERTEX_POINT ( 'NONE', #993 ) ;
#3746 = DIRECTION ( 'NONE',  ( 0.5735764363510474917, -0.8191520442889907994, 1.003171929053523514E-16 ) ) ;
#3747 = DIRECTION ( 'NONE',  ( 0.0000000000000000000, -1.000000000000000000, 0.0000000000000000000 ) ) ;
#3748 = ORIENTED_EDGE ( 'NONE', *, *, #2210, .F. ) ;
#3749 = FACE_OUTER_BOUND ( 'NONE', #3407, .T. ) ;
#3750 = VERTEX_POINT ( 'NONE', #4750 ) ;
#3751 = CARTESIAN_POINT ( 'NONE',  ( 51.22872139666199587, -2.465190328815661892E-29, 8.000000000000003553 ) ) ;
#3752 = EDGE_CURVE ( 'NONE', #453, #2207, #4384, .T. ) ;
#3753 = DIRECTION ( 'NONE',  ( -1.000000000000000000, -0.0000000000000000000, -0.0000000000000000000 ) ) ;
#3754 = EDGE_CURVE ( 'NONE', #3604, #3758, #4243, .T. ) ;
#3755 = ORIENTED_EDGE ( 'NONE', *, *, #3728, .F. ) ;
#3756 = EDGE_LOOP ( 'NONE', ( #4825, #4164, #4498, #164, #1731 ) ) ;
#3757 = CARTESIAN_POINT ( 'NONE',  ( 42.77127860333799703, -8.000000000000001776, 9.797174393178833546E-16 ) ) ;
#3758 = VERTEX_POINT ( 'NONE', #1350 ) ;
#3759 = CARTESIAN_POINT ( 'NONE',  ( 52.77127860333799703, 8.000000000000007105, 0.0000000000000000000 ) ) ;
#3760 = CARTESIAN_POINT ( 'NONE',  ( -31.74999999999995737, 0.0000000000000000000, 0.0000000000000000000 ) ) ;
#3761 = DIRECTION ( 'NONE',  ( 0.5735764363510472696, 0.8191520442889909104, 0.0000000000000000000 ) ) ;
#3762 = CARTESIAN_POINT ( 'NONE',  ( 36.77127860333799703, 9.797174393178569278E-16, -8.000000000000003553 ) ) ;
#3763 = EDGE_CURVE ( 'NONE', #2207, #1595, #1491, .T. ) ;
#3764 = EDGE_CURVE ( 'NONE', #2335, #3457, #1996, .T. ) ;
#3765 = PLANE ( 'NONE',  #2189 ) ;
#3766 = ORIENTED_EDGE ( 'NONE', *, *, #3853, .T. ) ;
#3767 = VERTEX_POINT ( 'NONE', #1592 ) ;
#3768 = ORIENTED_EDGE ( 'NONE', *, *, #3928, .F. ) ;
#3769 = EDGE_CURVE ( 'NONE', #1428, #1530, #1548, .T. ) ;
#3770 = CARTESIAN_POINT ( 'NONE',  ( 52.77127860333799703, 3.177397763569330469E-15, 0.0000000000000000000 ) ) ;
#3771 = CYLINDRICAL_SURFACE ( 'NONE', #170, 7.999999999999937828 ) ;
#3772 = DIRECTION ( 'NONE',  ( -1.000000000000000000, -1.224606353822377258E-16, -0.0000000000000000000 ) ) ;
#3773 = DIRECTION ( 'NONE',  ( -1.000000000000000000, -1.224606353822377258E-16, -0.0000000000000000000 ) ) ;
#3774 = DIRECTION ( 'NONE',  ( 0.0000000000000000000, -1.000000000000000000, 0.0000000000000000000 ) ) ;
#3775 = CARTESIAN_POINT ( 'NONE',  ( 64.00000000000000000, 6.898500000000007404, 0.0000000000000000000 ) ) ;
#3776 = EDGE_CURVE ( 'NONE', #2033, #3657, #4879, .T. ) ;
#3777 = CONICAL_SURFACE ( 'NONE', #1804, 6.898500000000003851, 0.9599310885968754814 ) ;
#3778 = EDGE_CURVE ( 'NONE', #922, #2335, #2417, .T. ) ;
#3779 = DIRECTION ( 'NONE',  ( -1.000000000000000000, -1.224606353822377258E-16, -0.0000000000000000000 ) ) ;
#3780 = VECTOR ( 'NONE', #431, 1000.000000000000000 ) ;
#3781 = DIRECTION ( 'NONE',  ( 0.5735764363510472696, 0.8191520442889909104, 0.0000000000000000000 ) ) ;
#3782 = EDGE_CURVE ( 'NONE', #1071, #4278, #4939, .T. ) ;
#3783 = EDGE_CURVE ( 'NONE', #4665, #1071, #19, .T. ) ;
#3784 = LINE ( 'NONE', #3490, #3403 ) ;
#3785 = EDGE_CURVE ( 'NONE', #4665, #1380, #4948, .T. ) ;
#3786 = CARTESIAN_POINT ( 'NONE',  ( -31.74999999999995737, 9.797174393178750716E-16, -7.999999999999937828 ) ) ;
#3787 = CARTESIAN_POINT ( 'NONE',  ( 8.000000000000000000, 8.659477516770934459E-16, -7.070999999999999730 ) ) ;
#3788 = CONICAL_SURFACE ( 'NONE', #204, 8.000000000000003553, 0.9599310885968797002 ) ;
#3789 = ORIENTED_EDGE ( 'NONE', *, *, #4028, .F. ) ;
#3790 = EDGE_CURVE ( 'NONE', #1259, #823, #1698, .T. ) ;
#3791 = EDGE_LOOP ( 'NONE', ( #548, #607, #641, #670, #721, #737 ) ) ;
#3792 = DIRECTION ( 'NONE',  ( -0.7071067811866159625, 8.659560562354094693E-17, -0.7071067811864790720 ) ) ;
#3793 = CARTESIAN_POINT ( 'NONE',  ( 8.000000000000000000, 0.0000000000000000000, 7.070999999999999730 ) ) ;
#3794 = FACE_OUTER_BOUND ( 'NONE', #2780, .T. ) ;
#3795 = DIRECTION ( 'NONE',  ( -1.000000000000000000, -0.0000000000000000000, -0.0000000000000000000 ) ) ;
#3796 = CARTESIAN_POINT ( 'NONE',  ( 22.77127860333799703, 3.177397763569330469E-15, 0.0000000000000000000 ) ) ;
#3797 = CIRCLE ( 'NONE', #1099, 6.898500000000003851 ) ;
#3798 = ORIENTED_EDGE ( 'NONE', *, *, #2223, .F. ) ;
#3799 = CARTESIAN_POINT ( 'NONE',  ( 50.77127860333799703, -8.000000000000000000, 9.797174393178831574E-16 ) ) ;
#3800 = ORIENTED_EDGE ( 'NONE', *, *, #2332, .T. ) ;
#3801 = CYLINDRICAL_SURFACE ( 'NONE', #1356, 7.999999999999937828 ) ;
#3802 = DIRECTION ( 'NONE',  ( -1.000000000000000000, -1.224606353822377258E-16, -0.0000000000000000000 ) ) ;
#3803 = EDGE_CURVE ( 'NONE', #3556, #3891, #4994, .T. ) ;
#3804 = EDGE_CURVE ( 'NONE', #4155, #4094, #2889, .T. ) ;
#3805 = EDGE_CURVE ( 'NONE', #3122, #4094, #404, .T. ) ;
#3806 = DIRECTION ( 'NONE',  ( -1.000000000000000000, -0.0000000000000000000, -0.0000000000000000000 ) ) ;
#3807 = EDGE_LOOP ( 'NONE', ( #841, #321, #4821, #1314, #547 ) ) ;
#3808 = LINE ( 'NONE', #4760, #4754 ) ;
#3809 = DIRECTION ( 'NONE',  ( 0.0000000000000000000, -1.000000000000000000, 0.0000000000000000000 ) ) ;
#3810 = EDGE_CURVE ( 'NONE', #3146, #4673, #10, .T. ) ;
#3811 = EDGE_CURVE ( 'NONE', #1316, #360, #2732, .T. ) ;
#3812 = DIRECTION ( 'NONE',  ( 0.0000000000000000000, 0.0000000000000000000, 1.000000000000000000 ) ) ;
#3813 = ORIENTED_EDGE ( 'NONE', *, *, #3810, .F. ) ;
#3814 = ORIENTED_EDGE ( 'NONE', *, *, #2214, .F. ) ;
#3815 = EDGE_CURVE ( 'NONE', #83, #3419, #341, .T. ) ;
#3816 = FACE_OUTER_BOUND ( 'NONE', #2267, .T. ) ;
#3817 = CARTESIAN_POINT ( 'NONE',  ( 44.77127860333799703, 8.000000000000005329, 0.0000000000000000000 ) ) ;
#3818 = CARTESIAN_POINT ( 'NONE',  ( 54.77127860333799703, 3.177397763569330469E-15, 0.0000000000000000000 ) ) ;
#3819 = ORIENTED_EDGE ( 'NONE', *, *, #4055, .F. ) ;
#3820 = DIRECTION ( 'NONE',  ( -1.000000000000000000, -1.224606353822377258E-16, -0.0000000000000000000 ) ) ;
#3821 = DIRECTION ( 'NONE',  ( -0.5000000000000042188, 0.0000000000000000000, 0.8660254037844361541 ) ) ;
#3822 = VECTOR ( 'NONE', #3989, 1000.000000000000000 ) ;
#3823 = EDGE_CURVE ( 'NONE', #4429, #2992, #4061, .T. ) ;
#3824 = ADVANCED_FACE ( 'NONE', ( #1426 ), #1537, .T. ) ;
#3825 = ORIENTED_EDGE ( 'NONE', *, *, #2875, .F. ) ;
#3826 = CIRCLE ( 'NONE', #2139, 8.000000000000003553 ) ;
#3827 = DIRECTION ( 'NONE',  ( 0.0000000000000000000, -1.000000000000000000, 0.0000000000000000000 ) ) ;
#3828 = EDGE_CURVE ( 'NONE', #3583, #4341, #806, .T. ) ;
#3829 = CARTESIAN_POINT ( 'NONE',  ( 66.00000000000000000, 8.448225943918016683E-16, -6.898500000000000298 ) ) ;
#3830 = EDGE_CURVE ( 'NONE', #1380, #3556, #3947, .T. ) ;
#3831 = DIRECTION ( 'NONE',  ( -1.000000000000000000, -0.0000000000000000000, -0.0000000000000000000 ) ) ;
#3832 = CARTESIAN_POINT ( 'NONE',  ( 49.22872139666199587, 2.988495227926337133E-15, 0.0000000000000000000 ) ) ;
#3833 = DIRECTION ( 'NONE',  ( -0.5000000000000042188, 1.060575238724903710E-16, -0.8660254037844361541 ) ) ;
#3834 = EDGE_CURVE ( 'NONE', #922, #3891, #2103, .T. ) ;
#3835 = EDGE_CURVE ( 'NONE', #388, #2992, #3125, .T. ) ;
#3836 = CARTESIAN_POINT ( 'NONE',  ( 66.00000000000000000, 0.0000000000000000000, 6.898500000000000298 ) ) ;
#3837 = CARTESIAN_POINT ( 'NONE',  ( 58.77127860333800413, -8.000000000000000000, 9.797174393178831574E-16 ) ) ;
#3838 = DIRECTION ( 'NONE',  ( -0.5735764363510507113, -0.8191520442889885789, 0.0000000000000000000 ) ) ;
#3839 = FACE_OUTER_BOUND ( 'NONE', #3695, .T. ) ;
#3840 = CARTESIAN_POINT ( 'NONE',  ( 35.22872139666199587, 8.000000000000008882, 9.797174393178831574E-16 ) ) ;
#3841 = VERTEX_POINT ( 'NONE', #3595 ) ;
#3842 = VECTOR ( 'NONE', #4992, 1000.000000000000000 ) ;
#3843 = CYLINDRICAL_SURFACE ( 'NONE', #1567, 7.999999999999937828 ) ;
#3844 = EDGE_LOOP ( 'NONE', ( #3227, #4474, #3149, #2923, #2876 ) ) ;
#3845 = CARTESIAN_POINT ( 'NONE',  ( 44.00000000000000000, -6.898500000000000298, 9.122700168548424621E-16 ) ) ;
#3846 = CIRCLE ( 'NONE', #1282, 6.898500000000003851 ) ;
#3847 = DIRECTION ( 'NONE',  ( -1.000000000000000000, -1.224606353822377258E-16, -0.0000000000000000000 ) ) ;
#3848 = DIRECTION ( 'NONE',  ( 0.0000000000000000000, -1.000000000000000000, 0.0000000000000000000 ) ) ;
#3849 = EDGE_CURVE ( 'NONE', #2149, #388, #4999, .T. ) ;
#3850 = ORIENTED_EDGE ( 'NONE', *, *, #2212, .F. ) ;
#3851 = CIRCLE ( 'NONE', #1243, 6.898500000000003851 ) ;
#3852 = CARTESIAN_POINT ( 'NONE',  ( 8.000000000000000000, 8.164887506879688672, -2.255140518769849223E-14 ) ) ;
#3853 = EDGE_CURVE ( 'NONE', #4341, #319, #3996, .T. ) ;
#3854 = ORIENTED_EDGE ( 'NONE', *, *, #2296, .T. ) ;
#3855 = EDGE_CURVE ( 'NONE', #2764, #4341, #398, .T. ) ;
#3856 = ADVANCED_FACE ( 'NONE', ( #3283 ), #1005, .T. ) ;
#3857 = LINE ( 'NONE', #4064, #1950 ) ;
#3858 = CYLINDRICAL_SURFACE ( 'NONE', #1756, 7.999999999999937828 ) ;
#3859 = CARTESIAN_POINT ( 'NONE',  ( -31.74999999999995737, 0.0000000000000000000, 0.0000000000000000000 ) ) ;
#3860 = ORIENTED_EDGE ( 'NONE', *, *, #2964, .F. ) ;
#3861 = ORIENTED_EDGE ( 'NONE', *, *, #2484, .T. ) ;
#3862 = EDGE_CURVE ( 'NONE', #4786, #2206, #273, .T. ) ;
#3863 = CARTESIAN_POINT ( 'NONE',  ( 48.00000000000000000, 3.082946495747834590E-15, 0.0000000000000000000 ) ) ;
#3864 = DIRECTION ( 'NONE',  ( -1.000000000000000000, -1.224606353822377258E-16, -0.0000000000000000000 ) ) ;
#3865 = ORIENTED_EDGE ( 'NONE', *, *, #3301, .F. ) ;
#3866 = CARTESIAN_POINT ( 'NONE',  ( 25.22872139666199232, 2.988495227926337133E-15, 0.0000000000000000000 ) ) ;
#3867 = ORIENTED_EDGE ( 'NONE', *, *, #2792, .F. ) ;
#3868 = CARTESIAN_POINT ( 'NONE',  ( 8.000000000000000000, 0.0000000000000000000, 0.0000000000000000000 ) ) ;
#3869 = DIRECTION ( 'NONE',  ( 0.0000000000000000000, -1.000000000000000000, 0.0000000000000000000 ) ) ;
#3870 = VECTOR ( 'NONE', #4618, 1000.000000000000000 ) ;
#3871 = CARTESIAN_POINT ( 'NONE',  ( 54.77127860333799703, 3.177397763569330469E-15, 0.0000000000000000000 ) ) ;
#3872 = DIRECTION ( 'NONE',  ( -1.000000000000000000, -0.0000000000000000000, -0.0000000000000000000 ) ) ;
#3873 = EDGE_CURVE ( 'NONE', #388, #319, #202, .T. ) ;
#3874 = EDGE_CURVE ( 'NONE', #2992, #3944, #2420, .T. ) ;
#3875 = CARTESIAN_POINT ( 'NONE',  ( 37.22872139666199587, 9.797174393178592943E-16, -8.000000000000003553 ) ) ;
#3876 = DIRECTION ( 'NONE',  ( 0.0000000000000000000, 0.0000000000000000000, 1.000000000000000000 ) ) ;
#3877 = ORIENTED_EDGE ( 'NONE', *, *, #534, .T. ) ;
#3878 = LINE ( 'NONE', #1324, #2291 ) ;
#3879 = DIRECTION ( 'NONE',  ( 0.0000000000000000000, -1.000000000000000000, 0.0000000000000000000 ) ) ;
#3880 = LINE ( 'NONE', #1868, #1746 ) ;
#3881 = EDGE_CURVE ( 'NONE', #3944, #2206, #3558, .T. ) ;
#3882 = DIRECTION ( 'NONE',  ( -1.000000000000000000, -1.224606353822377258E-16, -0.0000000000000000000 ) ) ;
#3883 = EDGE_CURVE ( 'NONE', #1723, #1415, #724, .T. ) ;
#3884 = DIRECTION ( 'NONE',  ( -1.000000000000000000, -1.224606353822377258E-16, -0.0000000000000000000 ) ) ;
#3885 = FILL_AREA_STYLE_COLOUR ( '', #1432 ) ;
#3886 = CARTESIAN_POINT ( 'NONE',  ( 58.77127860333800413, 3.177397763569330469E-15, 0.0000000000000000000 ) ) ;
#3887 = DIRECTION ( 'NONE',  ( 0.0000000000000000000, 1.000000000000000000, 0.0000000000000000000 ) ) ;
#3888 = EDGE_CURVE ( 'NONE', #823, #3122, #2807, .T. ) ;
#3889 = VECTOR ( 'NONE', #3607, 1000.000000000000227 ) ;
#3890 = EDGE_CURVE ( 'NONE', #648, #3758, #2405, .T. ) ;
#3891 = VERTEX_POINT ( 'NONE', #4736 ) ;
#3892 = CARTESIAN_POINT ( 'NONE',  ( 50.77127860333799703, 3.177397763569330469E-15, 0.0000000000000000000 ) ) ;
#3893 = CARTESIAN_POINT ( 'NONE',  ( 8.000000000000000000, 0.0000000000000000000, 0.0000000000000000000 ) ) ;
#3894 = VERTEX_POINT ( 'NONE', #3671 ) ;
#3895 = EDGE_CURVE ( 'NONE', #4968, #4786, #2828, .T. ) ;
#3896 = EDGE_CURVE ( 'NONE', #4429, #4968, #4540, .T. ) ;
#3897 = ORIENTED_EDGE ( 'NONE', *, *, #2215, .T. ) ;
#3898 = FACE_OUTER_BOUND ( 'NONE', #4816, .T. ) ;
#3899 = DIRECTION ( 'NONE',  ( -1.000000000000000000, -1.224606353822377258E-16, -0.0000000000000000000 ) ) ;
#3900 = CARTESIAN_POINT ( 'NONE',  ( 64.77127860333800413, 3.177397763569330469E-15, 0.0000000000000000000 ) ) ;
#3901 = ORIENTED_EDGE ( 'NONE', *, *, #3862, .T. ) ;
#3902 = CONICAL_SURFACE ( 'NONE', #2096, 8.000000000000003553, 0.9599310885968797002 ) ;
#3903 = EDGE_CURVE ( 'NONE', #1794, #1553, #2216, .T. ) ;
#3904 = VECTOR ( 'NONE', #4263, 1000.000000000000114 ) ;
#3905 = DIRECTION ( 'NONE',  ( 1.000000000000000000, 1.224606353822377258E-16, 0.0000000000000000000 ) ) ;
#3906 = DIRECTION ( 'NONE',  ( 0.0000000000000000000, -1.000000000000000000, 0.0000000000000000000 ) ) ;
#3907 = DIRECTION ( 'NONE',  ( -1.000000000000000000, -0.0000000000000000000, -0.0000000000000000000 ) ) ;
#3908 = AXIS2_PLACEMENT_3D ( 'NONE', #3547, #3337, #4580 ) ;
#3909 = FACE_OUTER_BOUND ( 'NONE', #1549, .T. ) ;
#3910 = DIRECTION ( 'NONE',  ( 0.0000000000000000000, -1.000000000000000000, 0.0000000000000000000 ) ) ;
#3911 = DIRECTION ( 'NONE',  ( 0.0000000000000000000, 0.0000000000000000000, 1.000000000000000000 ) ) ;
#3912 = DIRECTION ( 'NONE',  ( 0.0000000000000000000, 0.0000000000000000000, 1.000000000000000000 ) ) ;
#3913 = EDGE_CURVE ( 'NONE', #3767, #1749, #1801, .T. ) ;
#3914 = ORIENTED_EDGE ( 'NONE', *, *, #3970, .F. ) ;
#3915 = CARTESIAN_POINT ( 'NONE',  ( 55.22872139666199587, 9.797174393178585055E-16, -8.000000000000003553 ) ) ;
#3916 = ORIENTED_EDGE ( 'NONE', *, *, #3317, .T. ) ;
#3917 = ORIENTED_EDGE ( 'NONE', *, *, #3054, .F. ) ;
#3918 = DIRECTION ( 'NONE',  ( 0.5735764363510474917, -0.8191520442889907994, 1.003171929053523514E-16 ) ) ;
#3919 = EDGE_CURVE ( 'NONE', #3767, #1132, #217, .T. ) ;
#3920 = VERTEX_POINT ( 'NONE', #4637 ) ;
#3921 = VERTEX_POINT ( 'NONE', #4605 ) ;
#3922 = DIRECTION ( 'NONE',  ( 0.5735764363510474917, -0.8191520442889907994, 1.003171929053523514E-16 ) ) ;
#3923 = DIRECTION ( 'NONE',  ( 1.000000000000000000, 1.224606353822377258E-16, 0.0000000000000000000 ) ) ;
#3924 = CARTESIAN_POINT ( 'NONE',  ( -31.74999999999995737, 0.0000000000000000000, 7.999999999999937828 ) ) ;
#3925 = DIRECTION ( 'NONE',  ( 0.0000000000000000000, -1.000000000000000000, 0.0000000000000000000 ) ) ;
#3926 = EDGE_LOOP ( 'NONE', ( #2132, #4802, #4027, #2374, #647 ) ) ;
#3927 = CARTESIAN_POINT ( 'NONE',  ( 50.77127860333799703, 3.177397763569330469E-15, 0.0000000000000000000 ) ) ;
#3928 = EDGE_CURVE ( 'NONE', #2149, #4513, #662, .T. ) ;
#3929 = ORIENTED_EDGE ( 'NONE', *, *, #3240, .F. ) ;
#3930 = CIRCLE ( 'NONE', #2895, 8.000000000000003553 ) ;
#3931 = DIRECTION ( 'NONE',  ( -1.000000000000000000, -0.0000000000000000000, -0.0000000000000000000 ) ) ;
#3932 = DIRECTION ( 'NONE',  ( -1.000000000000000000, -1.224606353822377258E-16, -0.0000000000000000000 ) ) ;
#3933 = DIRECTION ( 'NONE',  ( -1.000000000000000000, -1.224606353822377258E-16, -0.0000000000000000000 ) ) ;
#3934 = CARTESIAN_POINT ( 'NONE',  ( 30.77127860333799703, 3.177397763569330469E-15, 0.0000000000000000000 ) ) ;
#3935 = CARTESIAN_POINT ( 'NONE',  ( 24.77127860333799703, 3.177397763569330469E-15, 0.0000000000000000000 ) ) ;
#3936 = VERTEX_POINT ( 'NONE', #4643 ) ;
#3937 = CARTESIAN_POINT ( 'NONE',  ( 36.77127860333799703, -8.000000000000001776, 9.797174393178833546E-16 ) ) ;
#3938 = DIRECTION ( 'NONE',  ( 0.0000000000000000000, -1.000000000000000000, 0.0000000000000000000 ) ) ;
#3939 = CARTESIAN_POINT ( 'NONE',  ( 8.000000000000000000, 0.0000000000000000000, 0.0000000000000000000 ) ) ;
#3940 = CARTESIAN_POINT ( 'NONE',  ( 23.22872139666199587, 2.988495227926337133E-15, 0.0000000000000000000 ) ) ;
#3941 = VECTOR ( 'NONE', #94, 1000.000000000000000 ) ;
#3942 = EDGE_CURVE ( 'NONE', #83, #1354, #2935, .T. ) ;
#3943 = DIRECTION ( 'NONE',  ( -1.000000000000000000, -1.224606353822377258E-16, -0.0000000000000000000 ) ) ;
#3944 = VERTEX_POINT ( 'NONE', #3875 ) ;
#3945 = CIRCLE ( 'NONE', #1262, 8.000000000000003553 ) ;
#3946 = DIRECTION ( 'NONE',  ( 0.0000000000000000000, -1.000000000000000000, 0.0000000000000000000 ) ) ;
#3947 = CIRCLE ( 'NONE', #359, 8.000000000000003553 ) ;
#3948 = CARTESIAN_POINT ( 'NONE',  ( 40.77127860333799703, 3.177397763569330469E-15, 0.0000000000000000000 ) ) ;
#3949 = LINE ( 'NONE', #1951, #958 ) ;
#3950 = DIRECTION ( 'NONE',  ( -1.000000000000000000, -0.0000000000000000000, -0.0000000000000000000 ) ) ;
#3951 = EDGE_CURVE ( 'NONE', #1354, #424, #4002, .T. ) ;
#3952 = EDGE_CURVE ( 'NONE', #2764, #125, #3677, .T. ) ;
#3953 = CONICAL_SURFACE ( 'NONE', #2102, 6.898500000000003851, 0.9599310885968754814 ) ;
#3954 = EDGE_CURVE ( 'NONE', #4513, #4429, #2031, .T. ) ;
#3955 = FACE_OUTER_BOUND ( 'NONE', #2478, .T. ) ;
#3956 = CARTESIAN_POINT ( 'NONE',  ( 30.00000000000000000, 3.082946495747834590E-15, 0.0000000000000000000 ) ) ;
#3957 = CARTESIAN_POINT ( 'NONE',  ( 52.77127860333799703, 3.177397763569330469E-15, 0.0000000000000000000 ) ) ;
#3958 = VERTEX_POINT ( 'NONE', #3817 ) ;
#3959 = DIRECTION ( 'NONE',  ( -1.000000000000000000, -0.0000000000000000000, -0.0000000000000000000 ) ) ;
#3960 = PRESENTATION_STYLE_ASSIGNMENT (( #719 ) ) ;
#3961 = CIRCLE ( 'NONE', #1201, 6.898500000000003851 ) ;
#3962 = EDGE_CURVE ( 'NONE', #1723, #4292, #1284, .T. ) ;
#3963 = EDGE_CURVE ( 'NONE', #3657, #4673, #2110, .T. ) ;
#3964 = DIRECTION ( 'NONE',  ( -1.000000000000000000, -1.224606353822377258E-16, -0.0000000000000000000 ) ) ;
#3965 = APPLICATION_CONTEXT ( 'automotive_design' ) ;
#3966 = DIRECTION ( 'NONE',  ( 0.0000000000000000000, 0.0000000000000000000, 1.000000000000000000 ) ) ;
#3967 = VECTOR ( 'NONE', #4152, 999.9999999999998863 ) ;
#3968 = ORIENTED_EDGE ( 'NONE', *, *, #3737, .T. ) ;
#3969 = DIRECTION ( 'NONE',  ( 0.0000000000000000000, -1.000000000000000000, 0.0000000000000000000 ) ) ;
#3970 = EDGE_CURVE ( 'NONE', #424, #2571, #4536, .T. ) ;
#3971 = DIRECTION ( 'NONE',  ( 1.000000000000000000, 1.224606353822377258E-16, 0.0000000000000000000 ) ) ;
#3972 = EDGE_LOOP ( 'NONE', ( #1818, #1695, #945, #369, #3038 ) ) ;
#3973 = ORIENTED_EDGE ( 'NONE', *, *, #2847, .T. ) ;
#3974 = ORIENTED_EDGE ( 'NONE', *, *, #2755, .T. ) ;
#3975 = ORIENTED_EDGE ( 'NONE', *, *, #3976, .F. ) ;
#3976 = EDGE_CURVE ( 'NONE', #3419, #2571, #2620, .T. ) ;
#3977 = EDGE_CURVE ( 'NONE', #1749, #125, #4627, .T. ) ;
#3978 = DIRECTION ( 'NONE',  ( 0.0000000000000000000, 0.0000000000000000000, 1.000000000000000000 ) ) ;
#3979 = CARTESIAN_POINT ( 'NONE',  ( 24.00000000000000000, 3.082946495747834590E-15, 0.0000000000000000000 ) ) ;
#3980 = ADVANCED_FACE ( 'NONE', ( #3712 ), #4414, .T. ) ;
#3981 = ADVANCED_FACE ( 'NONE', ( #4574 ), #3067, .T. ) ;
#3982 = ORIENTED_EDGE ( 'NONE', *, *, #3888, .T. ) ;
#3983 = DIRECTION ( 'NONE',  ( 0.0000000000000000000, 1.000000000000000000, 0.0000000000000000000 ) ) ;
#3984 = CARTESIAN_POINT ( 'NONE',  ( 0.8000000000000020428, 0.0000000000000000000, 0.0000000000000000000 ) ) ;
#3985 = CARTESIAN_POINT ( 'NONE',  ( 46.00000000000000000, -6.898500000000000298, 9.122700168548424621E-16 ) ) ;
#3986 = DIRECTION ( 'NONE',  ( 1.000000000000000000, 0.0000000000000000000, 0.0000000000000000000 ) ) ;
#3987 = ORIENTED_EDGE ( 'NONE', *, *, #450, .F. ) ;
#3988 = ORIENTED_EDGE ( 'NONE', *, *, #4314, .T. ) ;
#3989 = DIRECTION ( 'NONE',  ( -0.5735764363510507113, -0.8191520442889885789, 0.0000000000000000000 ) ) ;
#3990 = DIRECTION ( 'NONE',  ( 0.5735764363510472696, 0.8191520442889909104, 0.0000000000000000000 ) ) ;
#3991 = EDGE_CURVE ( 'NONE', #2149, #3583, #4980, .T. ) ;
#3992 = CARTESIAN_POINT ( 'NONE',  ( 8.000000000000000000, 0.0000000000000000000, 0.0000000000000000000 ) ) ;
#3993 = EDGE_CURVE ( 'NONE', #3419, #4786, #423, .T. ) ;
#3994 = DIRECTION ( 'NONE',  ( -1.000000000000000000, -1.224606353822377258E-16, -0.0000000000000000000 ) ) ;
#3995 = EDGE_CURVE ( 'NONE', #83, #4648, #3880, .T. ) ;
#3996 = CIRCLE ( 'NONE', #354, 8.000000000000003553 ) ;
#3997 = ORIENTED_EDGE ( 'NONE', *, *, #4126, .F. ) ;
#3998 = EDGE_CURVE ( 'NONE', #4648, #4968, #483, .T. ) ;
#3999 = EDGE_CURVE ( 'NONE', #3298, #2764, #4174, .T. ) ;
#4000 = CARTESIAN_POINT ( 'NONE',  ( 26.77127860333799703, 9.797174393178565333E-16, -8.000000000000003553 ) ) ;
#4001 = ORIENTED_EDGE ( 'NONE', *, *, #4095, .F. ) ;
#4002 = CIRCLE ( 'NONE', #303, 8.000000000000003553 ) ;
#4003 = EDGE_CURVE ( 'NONE', #1749, #2972, #281, .T. ) ;
#4004 = DIRECTION ( 'NONE',  ( -1.000000000000000000, -1.224606353822377258E-16, -0.0000000000000000000 ) ) ;
#4005 = FACE_OUTER_BOUND ( 'NONE', #3609, .T. ) ;
#4006 = EDGE_CURVE ( 'NONE', #1132, #1553, #3715, .T. ) ;
#4007 = DIRECTION ( 'NONE',  ( -1.000000000000000000, -1.224606353822377258E-16, -0.0000000000000000000 ) ) ;
#4008 = ORIENTED_EDGE ( 'NONE', *, *, #3679, .T. ) ;
#4009 = DIRECTION ( 'NONE',  ( 0.0000000000000000000, 1.000000000000000000, 0.0000000000000000000 ) ) ;
#4010 = DIRECTION ( 'NONE',  ( 0.0000000000000000000, 0.0000000000000000000, 1.000000000000000000 ) ) ;
#4011 = EDGE_LOOP ( 'NONE', ( #1792, #370, #171, #1716, #1721 ) ) ;
#4012 = ADVANCED_FACE ( 'NONE', ( #1930 ), #4771, .T. ) ;
#4013 = VECTOR ( 'NONE', #2746, 1000.000000000000000 ) ;
#4014 = EDGE_LOOP ( 'NONE', ( #2865, #2649, #2509, #2462, #2436 ) ) ;
#4015 = EDGE_CURVE ( 'NONE', #4665, #922, #3625, .T. ) ;
#4016 = DIRECTION ( 'NONE',  ( 0.0000000000000000000, 0.0000000000000000000, 1.000000000000000000 ) ) ;
#4017 = CIRCLE ( 'NONE', #850, 8.000000000000003553 ) ;
#4018 = CARTESIAN_POINT ( 'NONE',  ( 50.77127860333799703, 8.000000000000007105, 0.0000000000000000000 ) ) ;
#4019 = DIRECTION ( 'NONE',  ( -0.5735764363510507113, -0.8191520442889885789, 0.0000000000000000000 ) ) ;
#4020 = DIRECTION ( 'NONE',  ( 0.0000000000000000000, -1.000000000000000000, 0.0000000000000000000 ) ) ;
#4021 = CIRCLE ( 'NONE', #636, 8.000000000000003553 ) ;
#4022 = EDGE_CURVE ( 'NONE', #319, #2530, #1091, .T. ) ;
#4023 = DIRECTION ( 'NONE',  ( -0.5735764363510507113, -0.8191520442889885789, 0.0000000000000000000 ) ) ;
#4024 = CARTESIAN_POINT ( 'NONE',  ( 40.00000000000000000, -6.898500000000000298, 0.0000000000000000000 ) ) ;
#4025 = ADVANCED_FACE ( 'NONE', ( #4570 ), #1919, .T. ) ;
#4026 = ADVANCED_FACE ( 'NONE', ( #4237 ), #223, .T. ) ;
#4027 = ORIENTED_EDGE ( 'NONE', *, *, #2272, .T. ) ;
#4028 = EDGE_CURVE ( 'NONE', #125, #3028, #4890, .T. ) ;
#4029 = CARTESIAN_POINT ( 'NONE',  ( 56.77127860333799703, -2.619264724366640760E-29, 8.000000000000003553 ) ) ;
#4030 = EDGE_CURVE ( 'NONE', #3028, #2530, #4054, .T. ) ;
#4031 = ADVANCED_FACE ( 'NONE', ( #1635 ), #4466, .T. ) ;
#4032 = ORIENTED_EDGE ( 'NONE', *, *, #3321, .F. ) ;
#4033 = DIRECTION ( 'NONE',  ( 0.0000000000000000000, -1.000000000000000000, 0.0000000000000000000 ) ) ;
#4034 = CARTESIAN_POINT ( 'NONE',  ( 39.22872139666199587, -7.999999999999998224, 0.0000000000000000000 ) ) ;
#4035 = CARTESIAN_POINT ( 'NONE',  ( 0.8000000000000020428, 1.371604415045035513E-15, -11.19999999999999929 ) ) ;
#4036 = DIRECTION ( 'NONE',  ( -0.0000000000000000000, 1.000000000000000000, 1.224646799147353207E-16 ) ) ;
#4037 = EDGE_CURVE ( 'NONE', #921, #3457, #4885, .T. ) ;
#4038 = ADVANCED_FACE ( 'NONE', ( #605 ), #1100, .T. ) ;
#4039 = FACE_OUTER_BOUND ( 'NONE', #1533, .T. ) ;
#4040 = EDGE_CURVE ( 'NONE', #3767, #3298, #4316, .T. ) ;
#4041 = CARTESIAN_POINT ( 'NONE',  ( 26.00000000000000000, 6.898500000000007404, 0.0000000000000000000 ) ) ;
#4042 = CARTESIAN_POINT ( 'NONE',  ( 52.00000000000000000, 6.898500000000007404, 8.448225943918020627E-16 ) ) ;
#4043 = DIRECTION ( 'NONE',  ( 0.0000000000000000000, 1.000000000000000000, 0.0000000000000000000 ) ) ;
#4044 = ORIENTED_EDGE ( 'NONE', *, *, #4256, .T. ) ;
#4045 = DIRECTION ( 'NONE',  ( 0.0000000000000000000, -1.224646799147353207E-16, 1.000000000000000000 ) ) ;
#4046 = FACE_OUTER_BOUND ( 'NONE', #967, .T. ) ;
#4047 = AXIS2_PLACEMENT_3D ( 'NONE', #3237, #2965, #2461 ) ;
#4048 = CIRCLE ( 'NONE', #1524, 8.000000000000003553 ) ;
#4049 = VERTEX_POINT ( 'NONE', #4041 ) ;
#4050 = DIRECTION ( 'NONE',  ( -0.5735764363510509334, 0.8191520442889884679, 1.003171929053520802E-16 ) ) ;
#4051 = CIRCLE ( 'NONE', #103, 8.000000000000003553 ) ;
#4052 = ADVANCED_FACE ( 'NONE', ( #4046 ), #2342, .T. ) ;
#4053 = EDGE_CURVE ( 'NONE', #1553, #2972, #168, .T. ) ;
#4054 = LINE ( 'NONE', #3655, #532 ) ;
#4055 = EDGE_CURVE ( 'NONE', #2571, #515, #1684, .T. ) ;
#4056 = ORIENTED_EDGE ( 'NONE', *, *, #2757, .T. ) ;
#4057 = LINE ( 'NONE', #4833, #1142 ) ;
#4058 = DIRECTION ( 'NONE',  ( 0.0000000000000000000, -1.000000000000000000, 0.0000000000000000000 ) ) ;
#4059 = EDGE_CURVE ( 'NONE', #515, #2655, #4668, .T. ) ;
#4060 = CARTESIAN_POINT ( 'NONE',  ( 0.0000000000000000000, 0.0000000000000000000, 0.0000000000000000000 ) ) ;
#4061 = CIRCLE ( 'NONE', #379, 8.000000000000003553 ) ;
#4062 = VERTEX_POINT ( 'NONE', #4000 ) ;
#4063 = DIRECTION ( 'NONE',  ( 0.0000000000000000000, 0.0000000000000000000, 1.000000000000000000 ) ) ;
#4064 = CARTESIAN_POINT ( 'NONE',  ( 48.00000000000000000, -6.898500000000000298, 0.0000000000000000000 ) ) ;
#4065 = ORIENTED_EDGE ( 'NONE', *, *, #4293, .T. ) ;
#4066 = CIRCLE ( 'NONE', #525, 8.000000000000003553 ) ;
#4067 = CARTESIAN_POINT ( 'NONE',  ( 62.00000000000000000, 3.082946495747834590E-15, 0.0000000000000000000 ) ) ;
#4068 = EDGE_CURVE ( 'NONE', #4468, #2682, #1302, .T. ) ;
#4069 = CARTESIAN_POINT ( 'NONE',  ( 46.77127860333799703, 3.177397763569330469E-15, 0.0000000000000000000 ) ) ;
#4070 = CARTESIAN_POINT ( 'NONE',  ( 31.22872139666199587, -2.465190328815661892E-29, 8.000000000000003553 ) ) ;
#4071 = ORIENTED_EDGE ( 'NONE', *, *, #3659, .F. ) ;
#4072 = DIRECTION ( 'NONE',  ( 0.0000000000000000000, -1.000000000000000000, 0.0000000000000000000 ) ) ;
#4073 = ORIENTED_EDGE ( 'NONE', *, *, #3873, .F. ) ;
#4074 = DIRECTION ( 'NONE',  ( 0.0000000000000000000, -1.000000000000000000, 0.0000000000000000000 ) ) ;
#4075 = ORIENTED_EDGE ( 'NONE', *, *, #2214, .T. ) ;
#4076 = CIRCLE ( 'NONE', #1052, 6.898500000000003851 ) ;
#4077 = DIRECTION ( 'NONE',  ( 0.0000000000000000000, -1.000000000000000000, 0.0000000000000000000 ) ) ;
#4078 = EDGE_CURVE ( 'NONE', #2682, #4633, #789, .T. ) ;
#4079 = EDGE_CURVE ( 'NONE', #100, #2655, #4472, .T. ) ;
#4080 = EDGE_CURVE ( 'NONE', #1657, #100, #3195, .T. ) ;
#4081 = DIRECTION ( 'NONE',  ( -1.000000000000000000, -0.0000000000000000000, -0.0000000000000000000 ) ) ;
#4082 = CIRCLE ( 'NONE', #1002, 8.000000000000003553 ) ;
#4083 = DIRECTION ( 'NONE',  ( 0.0000000000000000000, 0.0000000000000000000, 1.000000000000000000 ) ) ;
#4084 = CIRCLE ( 'NONE', #736, 6.898500000000003851 ) ;
#4085 = CARTESIAN_POINT ( 'NONE',  ( 54.77127860333799703, -8.000000000000000000, 9.797174393178831574E-16 ) ) ;
#4086 = EDGE_CURVE ( 'NONE', #424, #1657, #2946, .T. ) ;
#4087 = EDGE_CURVE ( 'NONE', #4908, #1510, #2119, .T. ) ;
#4088 = ORIENTED_EDGE ( 'NONE', *, *, #3502, .F. ) ;
#4089 = DIRECTION ( 'NONE',  ( 0.0000000000000000000, -1.000000000000000000, 0.0000000000000000000 ) ) ;
#4090 = CARTESIAN_POINT ( 'NONE',  ( 54.77127860333799703, 8.000000000000007105, 0.0000000000000000000 ) ) ;
#4091 = EDGE_LOOP ( 'NONE', ( #813, #1120, #1323, #176, #4592 ) ) ;
#4092 = DIRECTION ( 'NONE',  ( 0.0000000000000000000, 1.000000000000000000, 0.0000000000000000000 ) ) ;
#4093 = CARTESIAN_POINT ( 'NONE',  ( 0.8000000000000020428, 0.0000000000000000000, 11.19999999999999929 ) ) ;
#4094 = VERTEX_POINT ( 'NONE', #2171 ) ;
#4095 = EDGE_CURVE ( 'NONE', #1510, #3110, #3631, .T. ) ;
#4096 = DIRECTION ( 'NONE',  ( 0.0000000000000000000, 1.000000000000000000, 0.0000000000000000000 ) ) ;
#4097 = ORIENTED_EDGE ( 'NONE', *, *, #2222, .F. ) ;
#4098 = VERTEX_POINT ( 'NONE', #3203 ) ;
#4099 = DIRECTION ( 'NONE',  ( 0.5735764363510474917, -0.8191520442889907994, 1.003171929053523514E-16 ) ) ;
#4100 = CIRCLE ( 'NONE', #1608, 8.000000000000003553 ) ;
#4101 = VERTEX_POINT ( 'NONE', #2398 ) ;
#4102 = DIRECTION ( 'NONE',  ( -1.000000000000000000, -1.224606353822377258E-16, -0.0000000000000000000 ) ) ;
#4103 = CIRCLE ( 'NONE', #117, 8.000000000000003553 ) ;
#4104 = CARTESIAN_POINT ( 'NONE',  ( 0.8000000000000020428, 1.469576158976823947E-15, -12.00000000000000000 ) ) ;
#4105 = DIRECTION ( 'NONE',  ( 0.0000000000000000000, -1.000000000000000000, 0.0000000000000000000 ) ) ;
#4106 = ORIENTED_EDGE ( 'NONE', *, *, #3993, .F. ) ;
#4107 = EDGE_CURVE ( 'NONE', #1215, #3110, #3644, .T. ) ;
#4108 = ADVANCED_FACE ( 'NONE', ( #69 ), #3771, .T. ) ;
#4109 = CARTESIAN_POINT ( 'NONE',  ( 50.77127860333799703, 3.177397763569330469E-15, 0.0000000000000000000 ) ) ;
#4110 = ORIENTED_EDGE ( 'NONE', *, *, #2949, .T. ) ;
#4111 = EDGE_CURVE ( 'NONE', #4333, #1215, #3454, .T. ) ;
#4112 = EDGE_CURVE ( 'NONE', #4908, #4333, #2114, .T. ) ;
#4113 = FACE_OUTER_BOUND ( 'NONE', #698, .T. ) ;
#4114 = DIRECTION ( 'NONE',  ( -1.000000000000000000, -1.224606353822377258E-16, -0.0000000000000000000 ) ) ;
#4115 = CARTESIAN_POINT ( 'NONE',  ( 30.00000000000000000, 3.082946495747834590E-15, 0.0000000000000000000 ) ) ;
#4116 = DIRECTION ( 'NONE',  ( -1.000000000000000000, -1.224606353822377258E-16, -0.0000000000000000000 ) ) ;
#4117 = CARTESIAN_POINT ( 'NONE',  ( 25.22872139666199232, 2.988495227926337133E-15, 0.0000000000000000000 ) ) ;
#4118 = DIRECTION ( 'NONE',  ( -1.000000000000000000, -0.0000000000000000000, -0.0000000000000000000 ) ) ;
#4119 = CARTESIAN_POINT ( 'NONE',  ( 22.77127860333799703, 3.177397763569330469E-15, 0.0000000000000000000 ) ) ;
#4120 = EDGE_CURVE ( 'NONE', #4908, #853, #4524, .T. ) ;
#4121 = EDGE_CURVE ( 'NONE', #853, #1657, #3498, .T. ) ;
#4122 = DIRECTION ( 'NONE',  ( 1.000000000000000000, 1.224606353822377258E-16, 0.0000000000000000000 ) ) ;
#4123 = ADVANCED_FACE ( 'NONE', ( #2818 ), #2882, .T. ) ;
#4124 = EDGE_CURVE ( 'NONE', #1510, #100, #1908, .T. ) ;
#4125 = LINE ( 'NONE', #1442, #2426 ) ;
#4126 = EDGE_CURVE ( 'NONE', #3110, #725, #4578, .T. ) ;
#4127 = CARTESIAN_POINT ( 'NONE',  ( 32.77127860333799703, 8.000000000000005329, 0.0000000000000000000 ) ) ;
#4128 = EDGE_LOOP ( 'NONE', ( #3209, #121, #2936, #181, #1016 ) ) ;
#4129 = VECTOR ( 'NONE', #3693, 1000.000000000000000 ) ;
#4130 = ORIENTED_EDGE ( 'NONE', *, *, #3105, .T. ) ;
#4131 = ORIENTED_EDGE ( 'NONE', *, *, #2919, .T. ) ;
#4132 = DIRECTION ( 'NONE',  ( 0.0000000000000000000, -1.000000000000000000, 0.0000000000000000000 ) ) ;
#4133 = DIRECTION ( 'NONE',  ( 0.0000000000000000000, 0.0000000000000000000, -1.000000000000000000 ) ) ;
#4134 = FACE_OUTER_BOUND ( 'NONE', #1596, .T. ) ;
#4135 = ADVANCED_FACE ( 'NONE', ( #2168 ), #549, .T. ) ;
#4136 = EDGE_CURVE ( 'NONE', #725, #1665, #4766, .T. ) ;
#4137 = DIRECTION ( 'NONE',  ( -1.000000000000000000, -1.224606353822377258E-16, -0.0000000000000000000 ) ) ;
#4138 = VECTOR ( 'NONE', #4099, 1000.000000000000114 ) ;
#4139 = CARTESIAN_POINT ( 'NONE',  ( -31.74999999999995737, 0.0000000000000000000, 7.999999999999937828 ) ) ;
#4140 = DIRECTION ( 'NONE',  ( -1.000000000000000000, -1.224606353822377258E-16, -0.0000000000000000000 ) ) ;
#4141 = CARTESIAN_POINT ( 'NONE',  ( 62.00000000000000000, 6.898500000000007404, 8.448225943918020627E-16 ) ) ;
#4142 = CONICAL_SURFACE ( 'NONE', #2108, 8.000000000000003553, 0.9599310885968797002 ) ;
#4143 = VECTOR ( 'NONE', #3442, 1000.000000000000000 ) ;
#4144 = EDGE_CURVE ( 'NONE', #2218, #1665, #882, .T. ) ;
#4145 = CARTESIAN_POINT ( 'NONE',  ( 44.77127860333799703, -8.000000000000001776, 9.797174393178833546E-16 ) ) ;
#4146 = DIRECTION ( 'NONE',  ( -1.000000000000000000, -1.224606353822377258E-16, -0.0000000000000000000 ) ) ;
#4147 = EDGE_CURVE ( 'NONE', #30, #2218, #667, .T. ) ;
#4148 = DIRECTION ( 'NONE',  ( 1.000000000000000000, 1.224606353822377258E-16, 0.0000000000000000000 ) ) ;
#4149 = ORIENTED_EDGE ( 'NONE', *, *, #2999, .T. ) ;
#4150 = FACE_OUTER_BOUND ( 'NONE', #461, .T. ) ;
#4151 = EDGE_LOOP ( 'NONE', ( #2710, #2705, #2637, #2532, #2458 ) ) ;
#4152 = DIRECTION ( 'NONE',  ( -0.5735764363510509334, 0.8191520442889884679, 1.003171929053520802E-16 ) ) ;
#4153 = CARTESIAN_POINT ( 'NONE',  ( 8.000000000000000000, 4.082443753439854994, 7.070999999999982855 ) ) ;
#4154 = EDGE_CURVE ( 'NONE', #1215, #30, #3140, .T. ) ;
#4155 = VERTEX_POINT ( 'NONE', #2230 ) ;
#4156 = VERTEX_POINT ( 'NONE', #2442 ) ;
#4157 = EDGE_CURVE ( 'NONE', #1154, #4583, #2346, .T. ) ;
#4158 = EDGE_CURVE ( 'NONE', #4583, #2779, #2985, .T. ) ;
#4159 = ORIENTED_EDGE ( 'NONE', *, *, #3881, .F. ) ;
#4160 = EDGE_CURVE ( 'NONE', #4792, #2779, #4103, .T. ) ;
#4161 = ORIENTED_EDGE ( 'NONE', *, *, #3834, .F. ) ;
#4162 = CONICAL_SURFACE ( 'NONE', #919, 8.000000000000003553, 0.9599310885968797002 ) ;
#4163 = ORIENTED_EDGE ( 'NONE', *, *, #3849, .F. ) ;
#4164 = ORIENTED_EDGE ( 'NONE', *, *, #2909, .T. ) ;
#4165 = ORIENTED_EDGE ( 'NONE', *, *, #4224, .T. ) ;
#4166 = ADVANCED_FACE ( 'NONE', ( #537 ), #410, .T. ) ;
#4167 = EDGE_CURVE ( 'NONE', #1480, #4792, #4051, .T. ) ;
#4168 = DIRECTION ( 'NONE',  ( -1.000000000000000000, -0.0000000000000000000, -0.0000000000000000000 ) ) ;
#4169 = EDGE_CURVE ( 'NONE', #1154, #1480, #3784, .T. ) ;
#4170 = EDGE_CURVE ( 'NONE', #1154, #1118, #2231, .T. ) ;
#4171 = CARTESIAN_POINT ( 'NONE',  ( 16.60000000000000497, 0.0000000000000000000, 0.0000000000000000000 ) ) ;
#4172 = VERTEX_POINT ( 'NONE', #3711 ) ;
#4173 = DIRECTION ( 'NONE',  ( -1.000000000000000000, -1.224606353822377258E-16, -0.0000000000000000000 ) ) ;
#4174 = CIRCLE ( 'NONE', #267, 8.000000000000003553 ) ;
#4175 = DIRECTION ( 'NONE',  ( 1.000000000000000000, 0.0000000000000000000, 0.0000000000000000000 ) ) ;
#4176 = DIRECTION ( 'NONE',  ( 0.0000000000000000000, 0.0000000000000000000, -1.000000000000000000 ) ) ;
#4177 = EDGE_CURVE ( 'NONE', #1118, #30, #261, .T. ) ;
#4178 = EDGE_CURVE ( 'NONE', #4583, #2218, #4789, .T. ) ;
#4179 = LINE ( 'NONE', #2401, #338 ) ;
#4180 = EDGE_CURVE ( 'NONE', #2779, #4350, #1152, .T. ) ;
#4181 = FACE_OUTER_BOUND ( 'NONE', #1814, .T. ) ;
#4182 = CARTESIAN_POINT ( 'NONE',  ( 63.22872139666199587, 9.797174393178585055E-16, -8.000000000000003553 ) ) ;
#4183 = CARTESIAN_POINT ( 'NONE',  ( 37.22872139666199587, 2.988495227926337133E-15, 0.0000000000000000000 ) ) ;
#4184 = EDGE_LOOP ( 'NONE', ( #4490, #1104, #1121, #944, #3053, #2121 ) ) ;
#4185 = ORIENTED_EDGE ( 'NONE', *, *, #3658, .T. ) ;
#4186 = EDGE_CURVE ( 'NONE', #4350, #2166, #4125, .T. ) ;
#4187 = CONICAL_SURFACE ( 'NONE', #4951, 8.000000000000003553, 0.9599310885968797002 ) ;
#4188 = EDGE_CURVE ( 'NONE', #1209, #2166, #2486, .T. ) ;
#4189 = CARTESIAN_POINT ( 'NONE',  ( 58.77127860333800413, 8.000000000000007105, 0.0000000000000000000 ) ) ;
#4190 = DIRECTION ( 'NONE',  ( 0.0000000000000000000, 0.0000000000000000000, 1.000000000000000000 ) ) ;
#4191 = ADVANCED_FACE ( 'NONE', ( #1542 ), #3224, .T. ) ;
#4192 = DIRECTION ( 'NONE',  ( 0.5735764363510472696, 0.8191520442889909104, 0.0000000000000000000 ) ) ;
#4193 = ORIENTED_EDGE ( 'NONE', *, *, #3513, .F. ) ;
#4194 = EDGE_CURVE ( 'NONE', #2116, #1209, #3672, .T. ) ;
#4195 = DIRECTION ( 'NONE',  ( -1.000000000000000000, -1.224606353822377258E-16, -0.0000000000000000000 ) ) ;
#4196 = CONICAL_SURFACE ( 'NONE', #1808, 6.898500000000003851, 0.9599310885968754814 ) ;
#4197 = AXIS2_PLACEMENT_3D ( 'NONE', #57, #3142, #89 ) ;
#4198 = DIRECTION ( 'NONE',  ( 0.0000000000000000000, 0.0000000000000000000, 1.000000000000000000 ) ) ;
#4199 = EDGE_LOOP ( 'NONE', ( #2927, #2920 ) ) ;
#4200 = CIRCLE ( 'NONE', #587, 8.000000000000003553 ) ;
#4201 = FACE_BOUND ( 'NONE', #4199, .T. ) ;
#4202 = CIRCLE ( 'NONE', #1023, 6.898500000000000298 ) ;
#4203 = DIRECTION ( 'NONE',  ( 0.0000000000000000000, -1.000000000000000000, 0.0000000000000000000 ) ) ;
#4204 = LINE ( 'NONE', #2976, #5012 ) ;
#4205 = ORIENTED_EDGE ( 'NONE', *, *, #3890, .F. ) ;
#4206 = DIRECTION ( 'NONE',  ( -1.000000000000000000, -1.224606353822377258E-16, -0.0000000000000000000 ) ) ;
#4207 = LINE ( 'NONE', #2990, #1119 ) ;
#4208 = EDGE_CURVE ( 'NONE', #4792, #2116, #3396, .T. ) ;
#4209 = EDGE_CURVE ( 'NONE', #2651, #1334, #4477, .T. ) ;
#4210 = DIRECTION ( 'NONE',  ( -1.000000000000000000, -1.224606353822377258E-16, -0.0000000000000000000 ) ) ;
#4211 = VECTOR ( 'NONE', #2938, 1000.000000000000114 ) ;
#4212 = CIRCLE ( 'NONE', #715, 6.898500000000003851 ) ;
#4213 = CARTESIAN_POINT ( 'NONE',  ( 50.00000000000000000, 6.898500000000007404, 8.448225943918020627E-16 ) ) ;
#4214 = CARTESIAN_POINT ( 'NONE',  ( 16.60000000000000497, 1.053196247266716200E-15, 8.599999999999937472 ) ) ;
#4215 = EDGE_CURVE ( 'NONE', #1334, #633, #4888, .T. ) ;
#4216 = VERTEX_POINT ( 'NONE', #4877 ) ;
#4217 = VERTEX_POINT ( 'NONE', #4709 ) ;
#4218 = CARTESIAN_POINT ( 'NONE',  ( 28.77127860333799347, 8.000000000000005329, 0.0000000000000000000 ) ) ;
#4219 = EDGE_LOOP ( 'NONE', ( #3355, #1649, #1162, #2268, #1328, #2275 ) ) ;
#4220 = VERTEX_POINT ( 'NONE', #1487 ) ;
#4221 = ADVANCED_FACE ( 'NONE', ( #784 ), #616, .T. ) ;
#4222 = ORIENTED_EDGE ( 'NONE', *, *, #3133, .F. ) ;
#4223 = DIRECTION ( 'NONE',  ( -0.5735764363510509334, 0.8191520442889884679, 1.003171929053520802E-16 ) ) ;
#4224 = EDGE_CURVE ( 'NONE', #3600, #633, #1288, .T. ) ;
#4225 = DIRECTION ( 'NONE',  ( 0.0000000000000000000, 1.000000000000000000, -1.224646799147353207E-16 ) ) ;
#4226 = EDGE_CURVE ( 'NONE', #452, #3600, #74, .T. ) ;
#4227 = EDGE_CURVE ( 'NONE', #2651, #452, #3508, .T. ) ;
#4228 = CARTESIAN_POINT ( 'NONE',  ( 50.00000000000000000, 3.082946495747834590E-15, 0.0000000000000000000 ) ) ;
#4229 = ADVANCED_FACE ( 'NONE', ( #2493 ), #4431, .T. ) ;
#4230 = LINE ( 'NONE', #2470, #155 ) ;
#4231 = AXIS2_PLACEMENT_3D ( 'NONE', #2389, #1290, #2603 ) ;
#4232 = EDGE_CURVE ( 'NONE', #2651, #3576, #325, .T. ) ;
#4233 = DIRECTION ( 'NONE',  ( -1.000000000000000000, -1.224606353822377258E-16, -0.0000000000000000000 ) ) ;
#4234 = CARTESIAN_POINT ( 'NONE',  ( 36.77127860333799703, 8.000000000000005329, 0.0000000000000000000 ) ) ;
#4235 = DIRECTION ( 'NONE',  ( -1.000000000000000000, -0.0000000000000000000, -0.0000000000000000000 ) ) ;
#4236 = ADVANCED_FACE ( 'NONE', ( #1088 ), #4363, .T. ) ;
#4237 = FACE_OUTER_BOUND ( 'NONE', #4563, .T. ) ;
#4238 = DIRECTION ( 'NONE',  ( 0.0000000000000000000, -1.000000000000000000, 0.0000000000000000000 ) ) ;
#4239 = CARTESIAN_POINT ( 'NONE',  ( 26.00000000000000000, 3.082946495747834590E-15, 0.0000000000000000000 ) ) ;
#4240 = CARTESIAN_POINT ( 'NONE',  ( -31.74999999999995737, 9.797174393178750716E-16, -7.999999999999937828 ) ) ;
#4241 = EDGE_CURVE ( 'NONE', #3576, #2116, #1741, .T. ) ;
#4242 = DIRECTION ( 'NONE',  ( 0.0000000000000000000, 0.0000000000000000000, -1.000000000000000000 ) ) ;
#4243 = LINE ( 'NONE', #899, #2477 ) ;
#4244 = CARTESIAN_POINT ( 'NONE',  ( 36.77127860333799703, -2.619264724366640760E-29, 8.000000000000003553 ) ) ;
#4245 = DIRECTION ( 'NONE',  ( 0.0000000000000000000, 0.0000000000000000000, 1.000000000000000000 ) ) ;
#4246 = SHAPE_DEFINITION_REPRESENTATION ( #3493, #4289 ) ;
#4247 = EDGE_CURVE ( 'NONE', #1334, #1209, #1341, .T. ) ;
#4248 = ADVANCED_FACE ( 'NONE', ( #464 ), #2049, .T. ) ;
#4249 = CARTESIAN_POINT ( 'NONE',  ( 56.00000000000000000, 3.082946495747834590E-15, 0.0000000000000000000 ) ) ;
#4250 = CARTESIAN_POINT ( 'NONE',  ( -31.74999999999995737, 9.797174393178750716E-16, -7.999999999999937828 ) ) ;
#4251 = FACE_OUTER_BOUND ( 'NONE', #1235, .T. ) ;
#4252 = DIRECTION ( 'NONE',  ( 0.0000000000000000000, -1.000000000000000000, 0.0000000000000000000 ) ) ;
#4253 = ORIENTED_EDGE ( 'NONE', *, *, #2909, .F. ) ;
#4254 = EDGE_CURVE ( 'NONE', #633, #843, #926, .T. ) ;
#4255 = VECTOR ( 'NONE', #1470, 999.9999999999998863 ) ;
#4256 = EDGE_CURVE ( 'NONE', #843, #1856, #4778, .T. ) ;
#4257 = VERTEX_POINT ( 'NONE', #3145 ) ;
#4258 = CARTESIAN_POINT ( 'NONE',  ( -31.74999999999995737, 0.0000000000000000000, 7.999999999999937828 ) ) ;
#4259 = ORIENTED_EDGE ( 'NONE', *, *, #3458, .F. ) ;
#4260 = CARTESIAN_POINT ( 'NONE',  ( -31.74999999999995737, 0.0000000000000000000, 0.0000000000000000000 ) ) ;
#4261 = EDGE_CURVE ( 'NONE', #2887, #328, #4359, .T. ) ;
#4262 = EDGE_CURVE ( 'NONE', #2090, #2887, #6, .T. ) ;
#4263 = DIRECTION ( 'NONE',  ( 0.5735764363510474917, -0.8191520442889907994, 1.003171929053523514E-16 ) ) ;
#4264 = DIRECTION ( 'NONE',  ( -1.000000000000000000, -0.0000000000000000000, -0.0000000000000000000 ) ) ;
#4265 = CONICAL_SURFACE ( 'NONE', #1820, 6.898500000000003851, 0.9599310885968754814 ) ;
#4266 = CIRCLE ( 'NONE', #908, 8.000000000000003553 ) ;
#4267 = DIRECTION ( 'NONE',  ( -1.000000000000000000, -0.0000000000000000000, -0.0000000000000000000 ) ) ;
#4268 = CARTESIAN_POINT ( 'NONE',  ( 26.00000000000000000, 3.082946495747834590E-15, 0.0000000000000000000 ) ) ;
#4269 = FACE_OUTER_BOUND ( 'NONE', #4943, .T. ) ;
#4270 = FACE_OUTER_BOUND ( 'NONE', #1839, .T. ) ;
#4271 = EDGE_CURVE ( 'NONE', #4216, #2090, #147, .T. ) ;
#4272 = ORIENTED_EDGE ( 'NONE', *, *, #3790, .F. ) ;
#4273 = VECTOR ( 'NONE', #3528, 999.9999999999998863 ) ;
#4274 = EDGE_CURVE ( 'NONE', #4216, #185, #2736, .T. ) ;
#4275 = CARTESIAN_POINT ( 'NONE',  ( 49.22872139666199587, 2.988495227926337133E-15, 0.0000000000000000000 ) ) ;
#4276 = ADVANCED_FACE ( 'NONE', ( #2673 ), #3004, .T. ) ;
#4277 = DIRECTION ( 'NONE',  ( -1.000000000000000000, -1.224606353822377258E-16, -0.0000000000000000000 ) ) ;
#4278 = VERTEX_POINT ( 'NONE', #1772 ) ;
#4279 = LINE ( 'NONE', #2026, #1630 ) ;
#4280 = ORIENTED_EDGE ( 'NONE', *, *, #4254, .T. ) ;
#4281 = DIRECTION ( 'NONE',  ( 0.0000000000000000000, -1.000000000000000000, 0.0000000000000000000 ) ) ;
#4282 = DIRECTION ( 'NONE',  ( 0.0000000000000000000, -1.000000000000000000, 0.0000000000000000000 ) ) ;
#4283 = CYLINDRICAL_SURFACE ( 'NONE', #1539, 7.999999999999937828 ) ;
#4284 = EDGE_LOOP ( 'NONE', ( #4446, #1473, #873, #902, #4348, #46 ) ) ;
#4285 = DIRECTION ( 'NONE',  ( -1.000000000000000000, -0.0000000000000000000, -0.0000000000000000000 ) ) ;
#4286 = ADVANCED_FACE ( 'NONE', ( #4735 ), #1673, .T. ) ;
#4287 = DIRECTION ( 'NONE',  ( -1.000000000000000000, -1.224606353822377258E-16, -0.0000000000000000000 ) ) ;
#4288 = DIRECTION ( 'NONE',  ( -1.000000000000000000, -0.0000000000000000000, -0.0000000000000000000 ) ) ;
#4289 = ADVANCED_BREP_SHAPE_REPRESENTATION ( 'M16X50', ( #1494, #3521 ), #2812 ) ;
#4290 = CYLINDRICAL_SURFACE ( 'NONE', #136, 7.999999999999937828 ) ;
#4291 = DIRECTION ( 'NONE',  ( -1.000000000000000000, -0.0000000000000000000, -0.0000000000000000000 ) ) ;
#4292 = VERTEX_POINT ( 'NONE', #4887 ) ;
#4293 = EDGE_CURVE ( 'NONE', #185, #4795, #3341, .T. ) ;
#4294 = ORIENTED_EDGE ( 'NONE', *, *, #4177, .F. ) ;
#4295 = VERTEX_POINT ( 'NONE', #23 ) ;
#4296 = CARTESIAN_POINT ( 'NONE',  ( 26.77127860333799703, 8.000000000000007105, 0.0000000000000000000 ) ) ;
#4297 = FACE_OUTER_BOUND ( 'NONE', #4557, .T. ) ;
#4298 = CARTESIAN_POINT ( 'NONE',  ( 16.60000000000000497, 0.0000000000000000000, -8.599999999999937472 ) ) ;
#4299 = CARTESIAN_POINT ( 'NONE',  ( 52.00000000000000000, 3.082946495747834590E-15, 0.0000000000000000000 ) ) ;
#4300 = DIRECTION ( 'NONE',  ( 0.0000000000000000000, -1.000000000000000000, 0.0000000000000000000 ) ) ;
#4301 = ORIENTED_EDGE ( 'NONE', *, *, #4226, .F. ) ;
#4302 = ADVANCED_FACE ( 'NONE', ( #2490 ), #2145, .F. ) ;
#4303 = EDGE_CURVE ( 'NONE', #4049, #3164, #1807, .T. ) ;
#4304 = SURFACE_STYLE_USAGE ( .BOTH. , #710 ) ;
#4305 = VECTOR ( 'NONE', #387, 1000.000000000000000 ) ;
#4306 = CIRCLE ( 'NONE', #1568, 6.898500000000003851 ) ;
#4307 = ADVANCED_FACE ( 'NONE', ( #478 ), #1993, .T. ) ;
#4308 = VECTOR ( 'NONE', #4764, 999.9999999999998863 ) ;
#4309 = DIRECTION ( 'NONE',  ( -1.000000000000000000, -1.224606353822377258E-16, -0.0000000000000000000 ) ) ;
#4310 = ORIENTED_EDGE ( 'NONE', *, *, #3503, .T. ) ;
#4311 = AXIS2_PLACEMENT_3D ( 'NONE', #3229, #3294, #970 ) ;
#4312 = VECTOR ( 'NONE', #2623, 1000.000000000000000 ) ;
#4313 = DIRECTION ( 'NONE',  ( -1.000000000000000000, -1.224606353822377258E-16, -0.0000000000000000000 ) ) ;
#4314 = EDGE_CURVE ( 'NONE', #328, #2872, #4950, .T. ) ;
#4315 = EDGE_CURVE ( 'NONE', #2872, #3155, #4840, .T. ) ;
#4316 = LINE ( 'NONE', #4024, #730 ) ;
#4317 = ADVANCED_FACE ( 'NONE', ( #265 ), #4187, .T. ) ;
#4318 = CARTESIAN_POINT ( 'NONE',  ( -31.74999999999995737, 9.797174393178750716E-16, -7.999999999999937828 ) ) ;
#4319 = DIRECTION ( 'NONE',  ( 0.0000000000000000000, -1.000000000000000000, 0.0000000000000000000 ) ) ;
#4320 = DIRECTION ( 'NONE',  ( 0.0000000000000000000, -1.000000000000000000, 0.0000000000000000000 ) ) ;
#4321 = TOROIDAL_SURFACE ( 'NONE', #2057, 8.599999999999937472, 0.5999999999999999778 ) ;
#4322 = EDGE_CURVE ( 'NONE', #1855, #1856, #3135, .T. ) ;
#4323 = DIRECTION ( 'NONE',  ( -1.000000000000000000, -1.224606353822377258E-16, -0.0000000000000000000 ) ) ;
#4324 = COLOUR_RGB ( '',0.7764705882352941346, 0.7568627450980391913, 0.7372549019607843590 ) ;
#4325 = DIRECTION ( 'NONE',  ( 0.0000000000000000000, -1.000000000000000000, 0.0000000000000000000 ) ) ;
#4326 = DIRECTION ( 'NONE',  ( 0.0000000000000000000, 0.0000000000000000000, 1.000000000000000000 ) ) ;
#4327 = ORIENTED_EDGE ( 'NONE', *, *, #4015, .T. ) ;
#4328 = FACE_OUTER_BOUND ( 'NONE', #2508, .T. ) ;
#4329 = CARTESIAN_POINT ( 'NONE',  ( -31.74999999999995737, 0.0000000000000000000, 0.0000000000000000000 ) ) ;
#4330 = CARTESIAN_POINT ( 'NONE',  ( 39.22872139666199587, 2.988495227926337133E-15, 0.0000000000000000000 ) ) ;
#4331 = CYLINDRICAL_SURFACE ( 'NONE', #2097, 12.00000000000000000 ) ;
#4332 = CIRCLE ( 'NONE', #1269, 6.898500000000003851 ) ;
#4333 = VERTEX_POINT ( 'NONE', #3345 ) ;
#4334 = FACE_OUTER_BOUND ( 'NONE', #4458, .T. ) ;
#4335 = ORIENTED_EDGE ( 'NONE', *, *, #3903, .T. ) ;
#4336 = ORIENTED_EDGE ( 'NONE', *, *, #2222, .T. ) ;
#4337 = VECTOR ( 'NONE', #4380, 999.9999999999998863 ) ;
#4338 = ORIENTED_EDGE ( 'NONE', *, *, #3883, .T. ) ;
#4339 = DIRECTION ( 'NONE',  ( 0.0000000000000000000, -1.000000000000000000, 0.0000000000000000000 ) ) ;
#4340 = EDGE_CURVE ( 'NONE', #1620, #3155, #1810, .T. ) ;
#4341 = VERTEX_POINT ( 'NONE', #4584 ) ;
#4342 = CARTESIAN_POINT ( 'NONE',  ( 8.000000000000000000, 0.0000000000000000000, 0.0000000000000000000 ) ) ;
#4343 = ORIENTED_EDGE ( 'NONE', *, *, #4215, .F. ) ;
#4344 = ORIENTED_EDGE ( 'NONE', *, *, #2507, .T. ) ;
#4345 = CARTESIAN_POINT ( 'NONE',  ( 57.22872139666199587, 2.988495227926337133E-15, 0.0000000000000000000 ) ) ;
#4346 = DIRECTION ( 'NONE',  ( 0.0000000000000000000, 0.0000000000000000000, -1.000000000000000000 ) ) ;
#4347 = ADVANCED_FACE ( 'NONE', ( #4181 ), #90, .T. ) ;
#4348 = ORIENTED_EDGE ( 'NONE', *, *, #4293, .F. ) ;
#4349 = EDGE_CURVE ( 'NONE', #285, #1620, #518, .T. ) ;
#4350 = VERTEX_POINT ( 'NONE', #4613 ) ;
#4351 = ORIENTED_EDGE ( 'NONE', *, *, #2930, .T. ) ;
#4352 = DIRECTION ( 'NONE',  ( 0.0000000000000000000, -1.000000000000000000, 0.0000000000000000000 ) ) ;
#4353 = DIRECTION ( 'NONE',  ( 0.0000000000000000000, 0.0000000000000000000, 1.000000000000000000 ) ) ;
#4354 = FACE_OUTER_BOUND ( 'NONE', #3268, .T. ) ;
#4355 = ORIENTED_EDGE ( 'NONE', *, *, #3449, .F. ) ;
#4356 = EDGE_CURVE ( 'NONE', #2887, #285, #4486, .T. ) ;
#4357 = CARTESIAN_POINT ( 'NONE',  ( -31.74999999999995737, 9.797174393178750716E-16, -7.999999999999937828 ) ) ;
#4358 = EDGE_CURVE ( 'NONE', #2867, #1562, #676, .T. ) ;
#4359 = CIRCLE ( 'NONE', #15, 8.000000000000003553 ) ;
#4360 = DIRECTION ( 'NONE',  ( 0.0000000000000000000, -1.000000000000000000, 0.0000000000000000000 ) ) ;
#4361 = EDGE_CURVE ( 'NONE', #1562, #3921, #3444, .T. ) ;
#4362 = CARTESIAN_POINT ( 'NONE',  ( 26.77127860333799703, 3.177397763569330469E-15, 0.0000000000000000000 ) ) ;
#4363 = CONICAL_SURFACE ( 'NONE', #26, 8.000000000000003553, 0.9599310885968797002 ) ;
#4364 = ADVANCED_FACE ( 'NONE', ( #3331, #3324 ), #4800, .T. ) ;
#4365 = CARTESIAN_POINT ( 'NONE',  ( 53.22872139666199587, -7.999999999999998224, 0.0000000000000000000 ) ) ;
#4366 = DIRECTION ( 'NONE',  ( -1.000000000000000000, -1.224606353822377258E-16, -0.0000000000000000000 ) ) ;
#4367 = DIRECTION ( 'NONE',  ( 0.0000000000000000000, -1.000000000000000000, 0.0000000000000000000 ) ) ;
#4368 = DIRECTION ( 'NONE',  ( 0.0000000000000000000, -1.000000000000000000, 1.168537730597422967E-15 ) ) ;
#4369 = DIRECTION ( 'NONE',  ( 0.0000000000000000000, 0.0000000000000000000, 1.000000000000000000 ) ) ;
#4370 = CARTESIAN_POINT ( 'NONE',  ( 21.22872139666199232, 2.988495227926337133E-15, 0.0000000000000000000 ) ) ;
#4371 = ADVANCED_FACE ( 'NONE', ( #3794 ), #4162, .T. ) ;
#4372 = DIRECTION ( 'NONE',  ( -1.000000000000000000, -1.224606353822377258E-16, -0.0000000000000000000 ) ) ;
#4373 = EDGE_CURVE ( 'NONE', #3920, #3921, #827, .T. ) ;
#4374 = DIRECTION ( 'NONE',  ( -1.000000000000000000, -1.224606353822377258E-16, -0.0000000000000000000 ) ) ;
#4375 = EDGE_CURVE ( 'NONE', #845, #3920, #3930, .T. ) ;
#4376 = EDGE_CURVE ( 'NONE', #2867, #845, #2685, .T. ) ;
#4377 = ORIENTED_EDGE ( 'NONE', *, *, #2852, .F. ) ;
#4378 = DIRECTION ( 'NONE',  ( 0.0000000000000000000, -1.000000000000000000, 0.0000000000000000000 ) ) ;
#4379 = DIRECTION ( 'NONE',  ( 0.5735764363510474917, -0.8191520442889907994, 1.003171929053523514E-16 ) ) ;
#4380 = DIRECTION ( 'NONE',  ( -0.5735764363510509334, 0.8191520442889884679, 1.003171929053520802E-16 ) ) ;
#4381 = ORIENTED_EDGE ( 'NONE', *, *, #2994, .T. ) ;
#4382 = CARTESIAN_POINT ( 'NONE',  ( 50.00000000000000000, -6.898500000000000298, 0.0000000000000000000 ) ) ;
#4383 = ORIENTED_EDGE ( 'NONE', *, *, #2224, .F. ) ;
#4384 = CIRCLE ( 'NONE', #411, 6.898500000000003851 ) ;
#4385 = CARTESIAN_POINT ( 'NONE',  ( 62.77127860333800413, 8.000000000000007105, 0.0000000000000000000 ) ) ;
#4386 = ORIENTED_EDGE ( 'NONE', *, *, #4160, .T. ) ;
#4387 = ORIENTED_EDGE ( 'NONE', *, *, #2223, .T. ) ;
#4388 = LINE ( 'NONE', #1037, #1169 ) ;
#4389 = EDGE_CURVE ( 'NONE', #2867, #2278, #3878, .T. ) ;
#4390 = EDGE_CURVE ( 'NONE', #2278, #285, #3826, .T. ) ;
#4391 = CARTESIAN_POINT ( 'NONE',  ( 26.77127860333799703, 3.177397763569330469E-15, 0.0000000000000000000 ) ) ;
#4392 = FACE_OUTER_BOUND ( 'NONE', #4011, .T. ) ;
#4393 = EDGE_LOOP ( 'NONE', ( #458, #3537, #315, #1571, #309, #3867 ) ) ;
#4394 = ORIENTED_EDGE ( 'NONE', *, *, #2237, .F. ) ;
#4395 = DIRECTION ( 'NONE',  ( -0.5735764363510507113, -0.8191520442889885789, 0.0000000000000000000 ) ) ;
#4396 = VECTOR ( 'NONE', #3652, 1000.000000000000114 ) ;
#4397 = CARTESIAN_POINT ( 'NONE',  ( 38.00000000000000000, 6.898500000000007404, 8.448225943918020627E-16 ) ) ;
#4398 = DIRECTION ( 'NONE',  ( -1.000000000000000000, -1.224606353822377258E-16, -0.0000000000000000000 ) ) ;
#4399 = CARTESIAN_POINT ( 'NONE',  ( 8.000000000000000000, 4.082443753439855882, 7.070999999999982855 ) ) ;
#4400 = ORIENTED_EDGE ( 'NONE', *, *, #3991, .F. ) ;
#4401 = VECTOR ( 'NONE', #4856, 1000.000000000000000 ) ;
#4402 = CIRCLE ( 'NONE', #1532, 7.070999999999999730 ) ;
#4403 = DIRECTION ( 'NONE',  ( -1.000000000000000000, -0.0000000000000000000, -0.0000000000000000000 ) ) ;
#4404 = VERTEX_POINT ( 'NONE', #4977 ) ;
#4405 = VERTEX_POINT ( 'NONE', #4981 ) ;
#4406 = AXIS2_PLACEMENT_3D ( 'NONE', #2680, #3167, #2656 ) ;
#4407 = DIRECTION ( 'NONE',  ( -0.0000000000000000000, 1.168537730597422967E-15, 1.000000000000000000 ) ) ;
#4408 = EDGE_LOOP ( 'NONE', ( #4386, #3553, #179, #4751, #429, #4701 ) ) ;
#4409 = ADVANCED_FACE ( 'NONE', ( #1862 ), #333, .T. ) ;
#4410 = LINE ( 'NONE', #3170, #1977 ) ;
#4411 = CARTESIAN_POINT ( 'NONE',  ( 46.77127860333799703, 3.177397763569330469E-15, 0.0000000000000000000 ) ) ;
#4412 = ORIENTED_EDGE ( 'NONE', *, *, #4194, .T. ) ;
#4413 = UNCERTAINTY_MEASURE_WITH_UNIT (LENGTH_MEASURE( 1.000000000000000082E-05 ), #718, 'distance_accuracy_value', 'NONE');
#4414 = CYLINDRICAL_SURFACE ( 'NONE', #268, 7.999999999999937828 ) ;
#4415 = DIRECTION ( 'NONE',  ( -1.000000000000000000, -1.224606353822377258E-16, -0.0000000000000000000 ) ) ;
#4416 = DIRECTION ( 'NONE',  ( -1.000000000000000000, -0.0000000000000000000, -0.0000000000000000000 ) ) ;
#4417 = CARTESIAN_POINT ( 'NONE',  ( 24.77127860333799703, -8.000000000000001776, 9.797174393178833546E-16 ) ) ;
#4418 = CIRCLE ( 'NONE', #474, 8.000000000000003553 ) ;
#4419 = DIRECTION ( 'NONE',  ( 0.0000000000000000000, -1.000000000000000000, 0.0000000000000000000 ) ) ;
#4420 = VECTOR ( 'NONE', #1500, 1000.000000000000000 ) ;
#4421 = LINE ( 'NONE', #3488, #4836 ) ;
#4422 = CARTESIAN_POINT ( 'NONE',  ( 54.77127860333799703, 3.177397763569330469E-15, 0.0000000000000000000 ) ) ;
#4423 = DIRECTION ( 'NONE',  ( -0.5735764363510509334, 0.8191520442889884679, 1.003171929053520802E-16 ) ) ;
#4424 = CARTESIAN_POINT ( 'NONE',  ( 16.00000000000000000, 0.0000000000000000000, 0.0000000000000000000 ) ) ;
#4425 = CONICAL_SURFACE ( 'NONE', #1296, 8.000000000000003553, 0.9599310885968797002 ) ;
#4426 = ADVANCED_FACE ( 'NONE', ( #2100 ), #3668, .T. ) ;
#4427 = ORIENTED_EDGE ( 'NONE', *, *, #3602, .F. ) ;
#4428 = VECTOR ( 'NONE', #1130, 1000.000000000000114 ) ;
#4429 = VERTEX_POINT ( 'NONE', #2772 ) ;
#4430 = CONICAL_SURFACE ( 'NONE', #2112, 6.898500000000003851, 0.9599310885968754814 ) ;
#4431 = CONICAL_SURFACE ( 'NONE', #35, 8.000000000000003553, 0.9599310885968797002 ) ;
#4432 = DIRECTION ( 'NONE',  ( 0.5735764363510472696, 0.8191520442889909104, 0.0000000000000000000 ) ) ;
#4433 = ADVANCED_FACE ( 'NONE', ( #2481 ), #1484, .T. ) ;
#4434 = ORIENTED_EDGE ( 'NONE', *, *, #3834, .T. ) ;
#4435 = CONICAL_SURFACE ( 'NONE', #1044, 6.898500000000003851, 0.9599310885968754814 ) ;
#4436 = CARTESIAN_POINT ( 'NONE',  ( -31.74999999999995737, 0.0000000000000000000, 7.999999999999937828 ) ) ;
#4437 = DIRECTION ( 'NONE',  ( -1.000000000000000000, -1.224606353822377258E-16, -0.0000000000000000000 ) ) ;
#4438 = FACE_OUTER_BOUND ( 'NONE', #4495, .T. ) ;
#4439 = ORIENTED_EDGE ( 'NONE', *, *, #3431, .T. ) ;
#4440 = CONICAL_SURFACE ( 'NONE', #1330, 6.898500000000003851, 0.9599310885968754814 ) ;
#4441 = DIRECTION ( 'NONE',  ( 1.000000000000000000, 1.224606353822377258E-16, 0.0000000000000000000 ) ) ;
#4442 = ORIENTED_EDGE ( 'NONE', *, *, #2454, .F. ) ;
#4443 = CARTESIAN_POINT ( 'NONE',  ( -31.74999999999995737, 0.0000000000000000000, 7.999999999999937828 ) ) ;
#4444 = DIRECTION ( 'NONE',  ( -1.000000000000000000, -0.0000000000000000000, -0.0000000000000000000 ) ) ;
#4445 = ORIENTED_EDGE ( 'NONE', *, *, #3384, .T. ) ;
#4446 = ORIENTED_EDGE ( 'NONE', *, *, #2687, .F. ) ;
#4447 = PLANE ( 'NONE',  #3078 ) ;
#4448 = CARTESIAN_POINT ( 'NONE',  ( 8.000000000000000000, 4.082443753439834566, -7.071000000000018382 ) ) ;
#4449 = ORIENTED_EDGE ( 'NONE', *, *, #4080, .F. ) ;
#4450 = DIRECTION ( 'NONE',  ( 0.0000000000000000000, -1.000000000000000000, 0.0000000000000000000 ) ) ;
#4451 = EDGE_LOOP ( 'NONE', ( #2001, #2677, #1089, #3200, #3102 ) ) ;
#4452 = VERTEX_POINT ( 'NONE', #3598 ) ;
#4453 = ADVANCED_FACE ( 'NONE', ( #269 ), #815, .T. ) ;
#4454 = CARTESIAN_POINT ( 'NONE',  ( -31.74999999999995737, 0.0000000000000000000, 7.999999999999937828 ) ) ;
#4455 = CARTESIAN_POINT ( 'NONE',  ( 46.77127860333799703, 3.177397763569330469E-15, 0.0000000000000000000 ) ) ;
#4456 = ORIENTED_EDGE ( 'NONE', *, *, #2847, .F. ) ;
#4457 = VERTEX_POINT ( 'NONE', #3915 ) ;
#4458 = EDGE_LOOP ( 'NONE', ( #2016, #3199, #156, #4301, #60 ) ) ;
#4459 = DIRECTION ( 'NONE',  ( -1.000000000000000000, -1.224606353822377258E-16, -0.0000000000000000000 ) ) ;
#4460 = DIRECTION ( 'NONE',  ( -1.000000000000000000, -1.224606353822377258E-16, -0.0000000000000000000 ) ) ;
#4461 = CARTESIAN_POINT ( 'NONE',  ( 50.77127860333799703, 8.000000000000005329, 0.0000000000000000000 ) ) ;
#4462 = CARTESIAN_POINT ( 'NONE',  ( 28.77127860333799347, 3.177397763569330469E-15, 0.0000000000000000000 ) ) ;
#4463 = CARTESIAN_POINT ( 'NONE',  ( 8.000000000000000000, -4.082443753439832790, 7.070999999999992625 ) ) ;
#4464 = DIRECTION ( 'NONE',  ( 0.0000000000000000000, -1.000000000000000000, 0.0000000000000000000 ) ) ;
#4465 = CARTESIAN_POINT ( 'NONE',  ( 16.60000000000000497, 0.0000000000000000000, 0.0000000000000000000 ) ) ;
#4466 = CONICAL_SURFACE ( 'NONE', #250, 6.898500000000003851, 0.9599310885968754814 ) ;
#4467 = ORIENTED_EDGE ( 'NONE', *, *, #3513, .T. ) ;
#4468 = VERTEX_POINT ( 'NONE', #2018 ) ;
#4469 = ORIENTED_EDGE ( 'NONE', *, *, #3828, .T. ) ;
#4470 = DIRECTION ( 'NONE',  ( -1.000000000000000000, -0.0000000000000000000, -0.0000000000000000000 ) ) ;
#4471 = DIRECTION ( 'NONE',  ( -1.000000000000000000, -1.224606353822377258E-16, -0.0000000000000000000 ) ) ;
#4472 = CIRCLE ( 'NONE', #197, 8.000000000000003553 ) ;
#4473 = DIRECTION ( 'NONE',  ( 0.0000000000000000000, 0.0000000000000000000, -1.000000000000000000 ) ) ;
#4474 = ORIENTED_EDGE ( 'NONE', *, *, #3532, .T. ) ;
#4475 = DIRECTION ( 'NONE',  ( 0.0000000000000000000, -1.000000000000000000, 0.0000000000000000000 ) ) ;
#4476 = CARTESIAN_POINT ( 'NONE',  ( 56.77127860333799703, 3.177397763569330469E-15, 0.0000000000000000000 ) ) ;
#4477 = CIRCLE ( 'NONE', #70, 6.898500000000003851 ) ;
#4478 = DIRECTION ( 'NONE',  ( 0.0000000000000000000, 1.000000000000000000, 0.0000000000000000000 ) ) ;
#4479 = ADVANCED_FACE ( 'NONE', ( #1439 ), #931, .T. ) ;
#4480 = DIRECTION ( 'NONE',  ( -1.000000000000000000, -1.224606353822377258E-16, -0.0000000000000000000 ) ) ;
#4481 = ORIENTED_EDGE ( 'NONE', *, *, #2963, .F. ) ;
#4482 = DIRECTION ( 'NONE',  ( -1.000000000000000000, -0.0000000000000000000, -0.0000000000000000000 ) ) ;
#4483 = DIRECTION ( 'NONE',  ( -1.000000000000000000, -1.224606353822377258E-16, -0.0000000000000000000 ) ) ;
#4484 = ORIENTED_EDGE ( 'NONE', *, *, #3648, .F. ) ;
#4485 = LINE ( 'NONE', #1496, #4538 ) ;
#4486 = LINE ( 'NONE', #1098, #3870 ) ;
#4487 = CARTESIAN_POINT ( 'NONE',  ( -31.74999999999995737, 0.0000000000000000000, 0.0000000000000000000 ) ) ;
#4488 = CIRCLE ( 'NONE', #1597, 6.898500000000003851 ) ;
#4489 = LINE ( 'NONE', #2838, #3569 ) ;
#4490 = ORIENTED_EDGE ( 'NONE', *, *, #4059, .F. ) ;
#4491 = CARTESIAN_POINT ( 'NONE',  ( 46.00000000000000000, 6.898500000000007404, 8.448225943918020627E-16 ) ) ;
#4492 = DIRECTION ( 'NONE',  ( 0.0000000000000000000, -0.4999999999999987232, 0.8660254037844392627 ) ) ;
#4493 = ORIENTED_EDGE ( 'NONE', *, *, #3803, .F. ) ;
#4494 = ORIENTED_EDGE ( 'NONE', *, *, #3106, .F. ) ;
#4495 = EDGE_LOOP ( 'NONE', ( #1588, #3854, #3165, #1962 ) ) ;
#4496 = ORIENTED_EDGE ( 'NONE', *, *, #4111, .F. ) ;
#4497 = VECTOR ( 'NONE', #3225, 1000.000000000000000 ) ;
#4498 = ORIENTED_EDGE ( 'NONE', *, *, #3610, .T. ) ;
#4499 = ADVANCED_FACE ( 'NONE', ( #1419 ), #3334, .T. ) ;
#4500 = ADVANCED_FACE ( 'NONE', ( #4990 ), #3124, .T. ) ;
#4501 = CYLINDRICAL_SURFACE ( 'NONE', #1786, 7.999999999999937828 ) ;
#4502 = LINE ( 'NONE', #3924, #562 ) ;
#4503 = DIRECTION ( 'NONE',  ( 0.0000000000000000000, -1.000000000000000000, 0.0000000000000000000 ) ) ;
#4504 = ORIENTED_EDGE ( 'NONE', *, *, #4120, .T. ) ;
#4505 = CARTESIAN_POINT ( 'NONE',  ( 46.00000000000000000, 3.082946495747834590E-15, 0.0000000000000000000 ) ) ;
#4506 = ADVANCED_FACE ( 'NONE', ( #3129 ), #3788, .T. ) ;
#4507 = DIRECTION ( 'NONE',  ( 0.0000000000000000000, -1.000000000000000000, 0.0000000000000000000 ) ) ;
#4508 = ORIENTED_EDGE ( 'NONE', *, *, #2234, .T. ) ;
#4509 = CIRCLE ( 'NONE', #1254, 8.000000000000003553 ) ;
#4510 = CARTESIAN_POINT ( 'NONE',  ( -31.74999999999995737, 1.469576158976823947E-15, -12.00000000000000000 ) ) ;
#4511 = AXIS2_PLACEMENT_3D ( 'NONE', #2480, #1012, #4096 ) ;
#4512 = DIRECTION ( 'NONE',  ( 0.5735764363510472696, 0.8191520442889909104, 0.0000000000000000000 ) ) ;
#4513 = VERTEX_POINT ( 'NONE', #1073 ) ;
#4514 = EDGE_LOOP ( 'NONE', ( #297, #231, #3068, #144, #910 ) ) ;
#4515 = DIRECTION ( 'NONE',  ( -1.000000000000000000, -1.224606353822377258E-16, -0.0000000000000000000 ) ) ;
#4516 = CARTESIAN_POINT ( 'NONE',  ( 16.00000000000000000, 0.0000000000000000000, 0.0000000000000000000 ) ) ;
#4517 = DIRECTION ( 'NONE',  ( 0.0000000000000000000, -1.000000000000000000, 0.0000000000000000000 ) ) ;
#4518 = DIRECTION ( 'NONE',  ( -1.000000000000000000, -1.224606353822377258E-16, -0.0000000000000000000 ) ) ;
#4519 = ORIENTED_EDGE ( 'NONE', *, *, #3602, .T. ) ;
#4520 = DIRECTION ( 'NONE',  ( -1.000000000000000000, -0.0000000000000000000, -0.0000000000000000000 ) ) ;
#4521 = DIRECTION ( 'NONE',  ( -1.000000000000000000, -0.0000000000000000000, -0.0000000000000000000 ) ) ;
#4522 = ADVANCED_FACE ( 'NONE', ( #886 ), #4447, .F. ) ;
#4523 = DIRECTION ( 'NONE',  ( 0.0000000000000000000, 0.0000000000000000000, 1.000000000000000000 ) ) ;
#4524 = LINE ( 'NONE', #2922, #652 ) ;
#4525 = ORIENTED_EDGE ( 'NONE', *, *, #2336, .F. ) ;
#4526 = ADVANCED_FACE ( 'NONE', ( #2691 ), #4616, .T. ) ;
#4527 = ADVANCED_FACE ( 'NONE', ( #1758 ), #3765, .T. ) ;
#4528 = FILL_AREA_STYLE_COLOUR ( '', #2589 ) ;
#4529 = CARTESIAN_POINT ( 'NONE',  ( 41.99999999999999289, 3.082946495747834590E-15, 0.0000000000000000000 ) ) ;
#4530 = DIRECTION ( 'NONE',  ( -1.000000000000000000, -0.0000000000000000000, -0.0000000000000000000 ) ) ;
#4531 = CARTESIAN_POINT ( 'NONE',  ( 8.000000000000000000, -4.082443753439832790, 7.070999999999992625 ) ) ;
#4532 = VECTOR ( 'NONE', #2113, 1000.000000000000000 ) ;
#4533 = ADVANCED_FACE ( 'NONE', ( #2349 ), #4290, .T. ) ;
#4534 = LINE ( 'NONE', #1819, #1812 ) ;
#4535 = FILL_AREA_STYLE ('',( #4528 ) ) ;
#4536 = CIRCLE ( 'NONE', #280, 8.000000000000003553 ) ;
#4537 = CARTESIAN_POINT ( 'NONE',  ( 29.22872139666199587, 2.988495227926337133E-15, 0.0000000000000000000 ) ) ;
#4538 = VECTOR ( 'NONE', #1503, 1000.000000000000000 ) ;
#4539 = ADVANCED_FACE ( 'NONE', ( #4727 ), #4671, .T. ) ;
#4540 = LINE ( 'NONE', #1264, #2668 ) ;
#4541 = SURFACE_SIDE_STYLE ('',( #246 ) ) ;
#4542 = DIRECTION ( 'NONE',  ( -1.000000000000000000, 0.0000000000000000000, 0.0000000000000000000 ) ) ;
#4543 = CIRCLE ( 'NONE', #1156, 6.898500000000003851 ) ;
#4544 = SURFACE_STYLE_USAGE ( .BOTH. , #4541 ) ;
#4545 = ADVANCED_FACE ( 'NONE', ( #4297 ), #1353, .T. ) ;
#4546 = CARTESIAN_POINT ( 'NONE',  ( -31.74999999999995737, 0.0000000000000000000, 12.00000000000000000 ) ) ;
#4547 = FACE_OUTER_BOUND ( 'NONE', #996, .T. ) ;
#4548 = CIRCLE ( 'NONE', #1357, 6.898500000000003851 ) ;
#4549 = CARTESIAN_POINT ( 'NONE',  ( -31.74999999999995737, 9.797174393178750716E-16, -7.999999999999937828 ) ) ;
#4550 =( LENGTH_UNIT ( ) NAMED_UNIT ( * ) SI_UNIT ( .MILLI., .METRE. ) );
#4551 = ADVANCED_FACE ( 'NONE', ( #2744 ), #3287, .T. ) ;
#4552 = CARTESIAN_POINT ( 'NONE',  ( 30.00000000000000000, 3.082946495747834590E-15, 0.0000000000000000000 ) ) ;
#4553 = CONICAL_SURFACE ( 'NONE', #2127, 8.000000000000003553, 0.9599310885968797002 ) ;
#4554 = ORIENTED_EDGE ( 'NONE', *, *, #2513, .F. ) ;
#4555 = ORIENTED_EDGE ( 'NONE', *, *, #2245, .F. ) ;
#4556 = CARTESIAN_POINT ( 'NONE',  ( 56.77127860333799703, 3.177397763569330469E-15, 0.0000000000000000000 ) ) ;
#4557 = EDGE_LOOP ( 'NONE', ( #3548, #1267, #2573, #4445, #1733, #2825 ) ) ;
#4558 = DIRECTION ( 'NONE',  ( 0.0000000000000000000, 1.224646799147353207E-16, 1.000000000000000000 ) ) ;
#4559 = ORIENTED_EDGE ( 'NONE', *, *, #3713, .F. ) ;
#4560 = VERTEX_POINT ( 'NONE', #2728 ) ;
#4561 =( NAMED_UNIT ( * ) PLANE_ANGLE_UNIT ( ) SI_UNIT ( $, .RADIAN. ) );
#4562 = ORIENTED_EDGE ( 'NONE', *, *, #3769, .F. ) ;
#4563 = EDGE_LOOP ( 'NONE', ( #4823, #953, #688, #3309, #4449, #3000 ) ) ;
#4564 = DIRECTION ( 'NONE',  ( -1.000000000000000000, -1.224606353822377258E-16, -0.0000000000000000000 ) ) ;
#4565 = DIRECTION ( 'NONE',  ( 0.0000000000000000000, 0.0000000000000000000, 1.000000000000000000 ) ) ;
#4566 = DIRECTION ( 'NONE',  ( -1.000000000000000000, -0.0000000000000000000, -0.0000000000000000000 ) ) ;
#4567 = EDGE_LOOP ( 'NONE', ( #2519, #2645, #2702, #2761 ) ) ;
#4568 =( NAMED_UNIT ( * ) SI_UNIT ( $, .STERADIAN. ) SOLID_ANGLE_UNIT ( ) );
#4569 = DIRECTION ( 'NONE',  ( 0.0000000000000000000, -1.000000000000000000, 0.0000000000000000000 ) ) ;
#4570 = FACE_OUTER_BOUND ( 'NONE', #419, .T. ) ;
#4571 = VERTEX_POINT ( 'NONE', #2729 ) ;
#4572 = FACE_OUTER_BOUND ( 'NONE', #599, .T. ) ;
#4573 = CARTESIAN_POINT ( 'NONE',  ( -31.74999999999995737, 0.0000000000000000000, 0.0000000000000000000 ) ) ;
#4574 = FACE_OUTER_BOUND ( 'NONE', #2134, .T. ) ;
#4575 = CARTESIAN_POINT ( 'NONE',  ( 44.00000000000000000, 3.082946495747834590E-15, 0.0000000000000000000 ) ) ;
#4576 = CARTESIAN_POINT ( 'NONE',  ( 28.77127860333799347, 3.177397763569330469E-15, 0.0000000000000000000 ) ) ;
#4577 = DIRECTION ( 'NONE',  ( 0.0000000000000000000, 1.000000000000000000, -1.168537730597422967E-15 ) ) ;
#4578 = CIRCLE ( 'NONE', #159, 8.000000000000003553 ) ;
#4579 = DIRECTION ( 'NONE',  ( -1.000000000000000000, -1.224606353822377258E-16, -0.0000000000000000000 ) ) ;
#4580 = DIRECTION ( 'NONE',  ( 0.0000000000000000000, -1.000000000000000000, 0.0000000000000000000 ) ) ;
#4581 = DIRECTION ( 'NONE',  ( 0.0000000000000000000, -1.000000000000000000, 0.0000000000000000000 ) ) ;
#4582 = ORIENTED_EDGE ( 'NONE', *, *, #4022, .T. ) ;
#4583 = VERTEX_POINT ( 'NONE', #2907 ) ;
#4584 = CARTESIAN_POINT ( 'NONE',  ( 38.77127860333799703, -2.619264724366640760E-29, 8.000000000000003553 ) ) ;
#4585 = DIRECTION ( 'NONE',  ( 0.0000000000000000000, 0.0000000000000000000, 1.000000000000000000 ) ) ;
#4586 = DIRECTION ( 'NONE',  ( -0.0000000000000000000, -0.5000000000000009992, -0.8660254037844380415 ) ) ;
#4587 = ORIENTED_EDGE ( 'NONE', *, *, #2239, .F. ) ;
#4588 = VECTOR ( 'NONE', #2845, 999.9999999999998863 ) ;
#4589 = VERTEX_POINT ( 'NONE', #2248 ) ;
#4590 = LINE ( 'NONE', #856, #4497 ) ;
#4591 = ORIENTED_EDGE ( 'NONE', *, *, #3754, .T. ) ;
#4592 = ORIENTED_EDGE ( 'NONE', *, *, #2894, .T. ) ;
#4593 = LINE ( 'NONE', #2700, #2329 ) ;
#4594 = ORIENTED_EDGE ( 'NONE', *, *, #2255, .F. ) ;
#4595 = LINE ( 'NONE', #3799, #696 ) ;
#4596 = ORIENTED_EDGE ( 'NONE', *, *, #4315, .T. ) ;
#4597 = DIRECTION ( 'NONE',  ( 0.0000000000000000000, -1.000000000000000000, 0.0000000000000000000 ) ) ;
#4598 = VERTEX_POINT ( 'NONE', #3497 ) ;
#4599 = ORIENTED_EDGE ( 'NONE', *, *, #3830, .F. ) ;
#4600 = ORIENTED_EDGE ( 'NONE', *, *, #3815, .F. ) ;
#4601 = ORIENTED_EDGE ( 'NONE', *, *, #3089, .F. ) ;
#4602 = DIRECTION ( 'NONE',  ( 0.0000000000000000000, 0.0000000000000000000, 1.000000000000000000 ) ) ;
#4603 = AXIS2_PLACEMENT_3D ( 'NONE', #4645, #4748, #4602 ) ;
#4604 = ORIENTED_EDGE ( 'NONE', *, *, #3704, .T. ) ;
#4605 = CARTESIAN_POINT ( 'NONE',  ( 23.22872139666199587, 8.000000000000008882, 9.797174393178831574E-16 ) ) ;
#4606 = ORIENTED_EDGE ( 'NONE', *, *, #2430, .T. ) ;
#4607 = PLANE ( 'NONE',  #646 ) ;
#4608 = CARTESIAN_POINT ( 'NONE',  ( 62.00000000000000000, 6.898500000000007404, 0.0000000000000000000 ) ) ;
#4609 = AXIS2_PLACEMENT_3D ( 'NONE', #4117, #4761, #4734 ) ;
#4610 = ORIENTED_EDGE ( 'NONE', *, *, #3692, .F. ) ;
#4611 = CARTESIAN_POINT ( 'NONE',  ( 24.77127860333799703, 3.177397763569330469E-15, 0.0000000000000000000 ) ) ;
#4612 = ORIENTED_EDGE ( 'NONE', *, *, #2919, .F. ) ;
#4613 = CARTESIAN_POINT ( 'NONE',  ( 31.22872139666199587, 9.797174393178585055E-16, -8.000000000000003553 ) ) ;
#4614 = ORIENTED_EDGE ( 'NONE', *, *, #4087, .T. ) ;
#4615 = CARTESIAN_POINT ( 'NONE',  ( 30.77127860333799703, 3.177397763569330469E-15, 0.0000000000000000000 ) ) ;
#4616 = CYLINDRICAL_SURFACE ( 'NONE', #4231, 7.999999999999937828 ) ;
#4617 = DIRECTION ( 'NONE',  ( -1.000000000000000000, -0.0000000000000000000, -0.0000000000000000000 ) ) ;
#4618 = DIRECTION ( 'NONE',  ( -1.000000000000000000, -0.0000000000000000000, -0.0000000000000000000 ) ) ;
#4619 = ORIENTED_EDGE ( 'NONE', *, *, #3778, .T. ) ;
#4620 = CARTESIAN_POINT ( 'NONE',  ( -31.74999999999995737, 9.797174393178750716E-16, -7.999999999999937828 ) ) ;
#4621 = CARTESIAN_POINT ( 'NONE',  ( -0.0000000000000000000, -8.164887506879685120, -3.035766082959412415E-15 ) ) ;
#4622 = VECTOR ( 'NONE', #4512, 1000.000000000000000 ) ;
#4623 = DIRECTION ( 'NONE',  ( -1.000000000000000000, -1.224606353822377258E-16, -0.0000000000000000000 ) ) ;
#4624 = CONICAL_SURFACE ( 'NONE', #1816, 6.898500000000003851, 0.9599310885968754814 ) ;
#4625 = CARTESIAN_POINT ( 'NONE',  ( 56.77127860333799703, 8.000000000000005329, 0.0000000000000000000 ) ) ;
#4626 = DIRECTION ( 'NONE',  ( -1.000000000000000000, -0.0000000000000000000, -0.0000000000000000000 ) ) ;
#4627 = LINE ( 'NONE', #1922, #598 ) ;
#4628 = ORIENTED_EDGE ( 'NONE', *, *, #3489, .F. ) ;
#4629 = LINE ( 'NONE', #3436, #3003 ) ;
#4630 = DIRECTION ( 'NONE',  ( 0.0000000000000000000, 0.4999999999999986677, -0.8660254037844392627 ) ) ;
#4631 = DIRECTION ( 'NONE',  ( 0.0000000000000000000, 1.000000000000000000, 0.0000000000000000000 ) ) ;
#4632 = LINE ( 'NONE', #148, #3177 ) ;
#4633 = VERTEX_POINT ( 'NONE', #3751 ) ;
#4634 = CARTESIAN_POINT ( 'NONE',  ( 45.22872139666199587, 2.988495227926337133E-15, 0.0000000000000000000 ) ) ;
#4635 = ADVANCED_FACE ( 'NONE', ( #1769 ), #4723, .T. ) ;
#4636 = DIRECTION ( 'NONE',  ( 0.0000000000000000000, 1.000000000000000000, 0.0000000000000000000 ) ) ;
#4637 = CARTESIAN_POINT ( 'NONE',  ( 23.22872139666199587, -2.465190328815661892E-29, 8.000000000000003553 ) ) ;
#4638 = FILL_AREA_STYLE_COLOUR ( '', #1291 ) ;
#4639 = DIRECTION ( 'NONE',  ( -1.000000000000000000, -1.224606353822377258E-16, -0.0000000000000000000 ) ) ;
#4640 = ADVANCED_FACE ( 'NONE', ( #2941 ), #460, .T. ) ;
#4641 = DIRECTION ( 'NONE',  ( 0.0000000000000000000, 0.0000000000000000000, 1.000000000000000000 ) ) ;
#4642 = LINE ( 'NONE', #538, #624 ) ;
#4643 = CARTESIAN_POINT ( 'NONE',  ( 44.77127860333799703, -2.696301922142130194E-29, 8.000000000000003553 ) ) ;
#4644 = DIRECTION ( 'NONE',  ( 0.0000000000000000000, -1.000000000000000000, 0.0000000000000000000 ) ) ;
#4645 = CARTESIAN_POINT ( 'NONE',  ( -31.74999999999995737, 0.0000000000000000000, 0.0000000000000000000 ) ) ;
#4646 = DIRECTION ( 'NONE',  ( 0.0000000000000000000, -0.5000000000000011102, -0.8660254037844379305 ) ) ;
#4647 = FACE_OUTER_BOUND ( 'NONE', #2024, .T. ) ;
#4648 = VERTEX_POINT ( 'NONE', #3937 ) ;
#4649 = CONICAL_SURFACE ( 'NONE', #1355, 7.070999999999999730, 1.047197551196592746 ) ;
#4650 = DIRECTION ( 'NONE',  ( -1.000000000000000000, -0.0000000000000000000, -0.0000000000000000000 ) ) ;
#4651 = CARTESIAN_POINT ( 'NONE',  ( 66.00000000000000000, 0.0000000000000000000, 0.0000000000000000000 ) ) ;
#4652 = DIRECTION ( 'NONE',  ( 0.0000000000000000000, 0.8660254037844380415, -0.5000000000000009992 ) ) ;
#4653 = ORIENTED_EDGE ( 'NONE', *, *, #2247, .T. ) ;
#4654 = ADVANCED_FACE ( 'NONE', ( #4942 ), #4731, .T. ) ;
#4655 = VECTOR ( 'NONE', #4812, 1000.000000000000000 ) ;
#4656 = DIRECTION ( 'NONE',  ( 0.0000000000000000000, 0.5000000000000009992, 0.8660254037844380415 ) ) ;
#4657 = FILL_AREA_STYLE ('',( #4638 ) ) ;
#4658 = DIRECTION ( 'NONE',  ( 0.0000000000000000000, -1.000000000000000000, 0.0000000000000000000 ) ) ;
#4659 = SURFACE_SIDE_STYLE ('',( #1364 ) ) ;
#4660 = CIRCLE ( 'NONE', #618, 6.898500000000003851 ) ;
#4661 = VERTEX_POINT ( 'NONE', #2800 ) ;
#4662 = DIRECTION ( 'NONE',  ( 0.5735764363510474917, -0.8191520442889907994, 1.003171929053523514E-16 ) ) ;
#4663 = SURFACE_STYLE_USAGE ( .BOTH. , #4659 ) ;
#4664 =( LENGTH_UNIT ( ) NAMED_UNIT ( * ) SI_UNIT ( .MILLI., .METRE. ) );
#4665 = VERTEX_POINT ( 'NONE', #3566 ) ;
#4666 = ORIENTED_EDGE ( 'NONE', *, *, #2615, .F. ) ;
#4667 = CARTESIAN_POINT ( 'NONE',  ( 46.77127860333799703, -8.000000000000000000, 9.797174393178831574E-16 ) ) ;
#4668 = LINE ( 'NONE', #166, #943 ) ;
#4669 =( NAMED_UNIT ( * ) PLANE_ANGLE_UNIT ( ) SI_UNIT ( $, .RADIAN. ) );
#4670 = CARTESIAN_POINT ( 'NONE',  ( 46.00000000000000000, -6.898500000000000298, 0.0000000000000000000 ) ) ;
#4671 = CONICAL_SURFACE ( 'NONE', #3511, 8.000000000000003553, 0.9599310885968797002 ) ;
#4672 =( NAMED_UNIT ( * ) SI_UNIT ( $, .STERADIAN. ) SOLID_ANGLE_UNIT ( ) );
#4673 = VERTEX_POINT ( 'NONE', #1663 ) ;
#4674 = VERTEX_POINT ( 'NONE', #2432 ) ;
#4675 = FILL_AREA_STYLE ('',( #799 ) ) ;
#4676 = DIRECTION ( 'NONE',  ( -1.000000000000000000, -1.224606353822377258E-16, -0.0000000000000000000 ) ) ;
#4677 = CIRCLE ( 'NONE', #574, 8.000000000000003553 ) ;
#4678 = DIRECTION ( 'NONE',  ( 0.0000000000000000000, -1.000000000000000000, 0.0000000000000000000 ) ) ;
#4679 = DIRECTION ( 'NONE',  ( -0.5735764363510507113, -0.8191520442889885789, 0.0000000000000000000 ) ) ;
#4680 = DIRECTION ( 'NONE',  ( -1.000000000000000000, -0.0000000000000000000, -0.0000000000000000000 ) ) ;
#4681 = ORIENTED_EDGE ( 'NONE', *, *, #4095, .T. ) ;
#4682 = DIRECTION ( 'NONE',  ( 0.0000000000000000000, 0.0000000000000000000, 1.000000000000000000 ) ) ;
#4683 = FACE_OUTER_BOUND ( 'NONE', #3972, .T. ) ;
#4684 = CARTESIAN_POINT ( 'NONE',  ( 56.00000000000000000, 3.082946495747834590E-15, 0.0000000000000000000 ) ) ;
#4685 = CARTESIAN_POINT ( 'NONE',  ( 27.22872139666199232, -2.465190328815661892E-29, 8.000000000000003553 ) ) ;
#4686 = VECTOR ( 'NONE', #567, 1000.000000000000000 ) ;
#4687 = VECTOR ( 'NONE', #3406, 1000.000000000000000 ) ;
#4688 = DIRECTION ( 'NONE',  ( -1.000000000000000000, -1.224606353822377258E-16, -0.0000000000000000000 ) ) ;
#4689 = CARTESIAN_POINT ( 'NONE',  ( 0.0000000000000000000, 8.164887506879688672, -2.255140518769849223E-14 ) ) ;
#4690 = VECTOR ( 'NONE', #2381, 999.9999999999998863 ) ;
#4691 = FACE_OUTER_BOUND ( 'NONE', #561, .T. ) ;
#4692 = VERTEX_POINT ( 'NONE', #3845 ) ;
#4693 = ORIENTED_EDGE ( 'NONE', *, *, #3785, .F. ) ;
#4694 = LINE ( 'NONE', #2351, #2900 ) ;
#4695 = DIRECTION ( 'NONE',  ( 0.0000000000000000000, -1.000000000000000000, 0.0000000000000000000 ) ) ;
#4696 = CONICAL_SURFACE ( 'NONE', #1829, 6.898500000000003851, 0.9599310885968754814 ) ;
#4697 = DIRECTION ( 'NONE',  ( -1.000000000000000000, -1.224606353822377258E-16, -0.0000000000000000000 ) ) ;
#4698 = VECTOR ( 'NONE', #1584, 1000.000000000000000 ) ;
#4699 = DIRECTION ( 'NONE',  ( 0.0000000000000000000, -1.000000000000000000, 0.0000000000000000000 ) ) ;
#4700 = DIRECTION ( 'NONE',  ( 0.0000000000000000000, -1.000000000000000000, 0.0000000000000000000 ) ) ;
#4701 = ORIENTED_EDGE ( 'NONE', *, *, #4208, .F. ) ;
#4702 = ORIENTED_EDGE ( 'NONE', *, *, #3019, .F. ) ;
#4703 = ORIENTED_EDGE ( 'NONE', *, *, #4015, .F. ) ;
#4704 = LINE ( 'NONE', #4042, #846 ) ;
#4705 = CARTESIAN_POINT ( 'NONE',  ( 33.22872139666199587, 8.000000000000008882, 9.797174393178831574E-16 ) ) ;
#4706 = ORIENTED_EDGE ( 'NONE', *, *, #3077, .F. ) ;
#4707 = ORIENTED_EDGE ( 'NONE', *, *, #3993, .T. ) ;
#4708 = ORIENTED_EDGE ( 'NONE', *, *, #3724, .F. ) ;
#4709 = CARTESIAN_POINT ( 'NONE',  ( 41.22872139666198876, -7.999999999999998224, 0.0000000000000000000 ) ) ;
#4710 = CARTESIAN_POINT ( 'NONE',  ( 60.00000000000000000, 3.082946495747834590E-15, 0.0000000000000000000 ) ) ;
#4711 = EDGE_LOOP ( 'NONE', ( #3143, #2567, #4008, #52, #848 ) ) ;
#4712 = EDGE_LOOP ( 'NONE', ( #901, #1168, #1385, #1889, #2514, #2699 ) ) ;
#4713 = ORIENTED_EDGE ( 'NONE', *, *, #3321, .T. ) ;
#4714 = DIRECTION ( 'NONE',  ( 0.5735764363510472696, 0.8191520442889909104, 0.0000000000000000000 ) ) ;
#4715 = CARTESIAN_POINT ( 'NONE',  ( 27.99999999999999645, 6.898500000000007404, 0.0000000000000000000 ) ) ;
#4716 = DIRECTION ( 'NONE',  ( -1.000000000000000000, -1.224606353822377258E-16, -0.0000000000000000000 ) ) ;
#4717 = CARTESIAN_POINT ( 'NONE',  ( 36.77127860333799703, 3.177397763569330469E-15, 0.0000000000000000000 ) ) ;
#4718 = CARTESIAN_POINT ( 'NONE',  ( 27.22872139666199232, 2.988495227926337133E-15, 0.0000000000000000000 ) ) ;
#4719 = CARTESIAN_POINT ( 'NONE',  ( 0.0000000000000000000, 4.082443753439834566, -7.071000000000018382 ) ) ;
#4720 = CYLINDRICAL_SURFACE ( 'NONE', #592, 7.999999999999937828 ) ;
#4721 = ORIENTED_EDGE ( 'NONE', *, *, #2871, .F. ) ;
#4722 = CARTESIAN_POINT ( 'NONE',  ( 0.0000000000000000000, -4.082443753439832790, 7.070999999999992625 ) ) ;
#4723 = CONICAL_SURFACE ( 'NONE', #4311, 6.898500000000003851, 0.9599310885968754814 ) ;
#4724 = ORIENTED_EDGE ( 'NONE', *, *, #3698, .T. ) ;
#4725 = ORIENTED_EDGE ( 'NONE', *, *, #1918, .F. ) ;
#4726 = DIRECTION ( 'NONE',  ( 0.0000000000000000000, -1.000000000000000000, 0.0000000000000000000 ) ) ;
#4727 = FACE_OUTER_BOUND ( 'NONE', #4514, .T. ) ;
#4728 = FACE_OUTER_BOUND ( 'NONE', #2815, .T. ) ;
#4729 = DIRECTION ( 'NONE',  ( 0.0000000000000000000, -1.000000000000000000, 0.0000000000000000000 ) ) ;
#4730 = CARTESIAN_POINT ( 'NONE',  ( 24.00000000000000000, 6.898500000000007404, 8.448225943918020627E-16 ) ) ;
#4731 = CONICAL_SURFACE ( 'NONE', #1179, 8.000000000000003553, 0.9599310885968797002 ) ;
#4732 = DIRECTION ( 'NONE',  ( -1.000000000000000000, -1.224606353822377258E-16, -0.0000000000000000000 ) ) ;
#4733 = DIRECTION ( 'NONE',  ( 0.0000000000000000000, -1.000000000000000000, 1.274768433379006694E-15 ) ) ;
#4734 = DIRECTION ( 'NONE',  ( 0.0000000000000000000, -1.000000000000000000, 0.0000000000000000000 ) ) ;
#4735 = FACE_OUTER_BOUND ( 'NONE', #2981, .T. ) ;
#4736 = CARTESIAN_POINT ( 'NONE',  ( 59.22872139666199587, 8.000000000000008882, 9.797174393178831574E-16 ) ) ;
#4737 = ORIENTED_EDGE ( 'NONE', *, *, #3219, .F. ) ;
#4738 = CARTESIAN_POINT ( 'NONE',  ( 43.22872139666199587, 9.797174393178585055E-16, -8.000000000000003553 ) ) ;
#4739 = LINE ( 'NONE', #3599, #2796 ) ;
#4740 = ORIENTED_EDGE ( 'NONE', *, *, #3619, .T. ) ;
#4741 = CARTESIAN_POINT ( 'NONE',  ( 48.77127860333799703, -8.000000000000000000, 9.797174393178831574E-16 ) ) ;
#4742 = VERTEX_POINT ( 'NONE', #1452 ) ;
#4743 =( NAMED_UNIT ( * ) SI_UNIT ( $, .STERADIAN. ) SOLID_ANGLE_UNIT ( ) );
#4744 = DIRECTION ( 'NONE',  ( -0.5735764363510507113, -0.8191520442889885789, 0.0000000000000000000 ) ) ;
#4745 = DIRECTION ( 'NONE',  ( 0.0000000000000000000, -1.000000000000000000, 0.0000000000000000000 ) ) ;
#4746 = ORIENTED_EDGE ( 'NONE', *, *, #2957, .F. ) ;
#4747 = CIRCLE ( 'NONE', #1105, 8.000000000000003553 ) ;
#4748 = DIRECTION ( 'NONE',  ( -1.000000000000000000, -0.0000000000000000000, -0.0000000000000000000 ) ) ;
#4749 = CONICAL_SURFACE ( 'NONE', #1837, 6.898500000000003851, 0.9599310885968754814 ) ;
#4750 = CARTESIAN_POINT ( 'NONE',  ( 63.22872139666199587, -7.999999999999998224, 0.0000000000000000000 ) ) ;
#4751 = ORIENTED_EDGE ( 'NONE', *, *, #4188, .F. ) ;
#4752 = CIRCLE ( 'NONE', #1325, 8.000000000000003553 ) ;
#4753 = DIRECTION ( 'NONE',  ( 0.0000000000000000000, -1.000000000000000000, 0.0000000000000000000 ) ) ;
#4754 = VECTOR ( 'NONE', #4776, 1000.000000000000000 ) ;
#4755 = ORIENTED_EDGE ( 'NONE', *, *, #4107, .F. ) ;
#4756 = CARTESIAN_POINT ( 'NONE',  ( 36.00000000000000000, 6.898500000000007404, 0.0000000000000000000 ) ) ;
#4757 = CARTESIAN_POINT ( 'NONE',  ( 60.77127860333799703, 8.000000000000005329, 0.0000000000000000000 ) ) ;
#4758 = ORIENTED_EDGE ( 'NONE', *, *, #2487, .F. ) ;
#4759 =( NAMED_UNIT ( * ) SI_UNIT ( $, .STERADIAN. ) SOLID_ANGLE_UNIT ( ) );
#4760 = CARTESIAN_POINT ( 'NONE',  ( 46.77127860333799703, 8.000000000000007105, 0.0000000000000000000 ) ) ;
#4761 = DIRECTION ( 'NONE',  ( -1.000000000000000000, -1.224606353822377258E-16, -0.0000000000000000000 ) ) ;
#4762 = ORIENTED_EDGE ( 'NONE', *, *, #2482, .F. ) ;
#4763 = CARTESIAN_POINT ( 'NONE',  ( 38.77127860333799703, 8.000000000000005329, 0.0000000000000000000 ) ) ;
#4764 = DIRECTION ( 'NONE',  ( -0.5735764363510509334, 0.8191520442889884679, 1.003171929053520802E-16 ) ) ;
#4765 = CARTESIAN_POINT ( 'NONE',  ( 46.77127860333799703, 3.177397763569330469E-15, 0.0000000000000000000 ) ) ;
#4766 = LINE ( 'NONE', #2453, #3694 ) ;
#4767 = DIRECTION ( 'NONE',  ( -1.000000000000000000, -1.224606353822377258E-16, -0.0000000000000000000 ) ) ;
#4768 = CARTESIAN_POINT ( 'NONE',  ( 58.00000000000000000, 3.082946495747834590E-15, 0.0000000000000000000 ) ) ;
#4769 = DIRECTION ( 'NONE',  ( -1.000000000000000000, -1.224606353822377258E-16, -0.0000000000000000000 ) ) ;
#4770 = ORIENTED_EDGE ( 'NONE', *, *, #2712, .F. ) ;
#4771 = CYLINDRICAL_SURFACE ( 'NONE', #256, 7.999999999999937828 ) ;
#4772 = DIRECTION ( 'NONE',  ( 0.0000000000000000000, -1.000000000000000000, 0.0000000000000000000 ) ) ;
#4773 = DIRECTION ( 'NONE',  ( 0.0000000000000000000, -1.000000000000000000, 0.0000000000000000000 ) ) ;
#4774 = VECTOR ( 'NONE', #4267, 1000.000000000000000 ) ;
#4775 = CARTESIAN_POINT ( 'NONE',  ( 8.000000000000000000, 4.082443753439834566, -7.071000000000018382 ) ) ;
#4776 = DIRECTION ( 'NONE',  ( 0.5735764363510472696, 0.8191520442889909104, 0.0000000000000000000 ) ) ;
#4777 = CARTESIAN_POINT ( 'NONE',  ( 0.8000000000000020428, 0.0000000000000000000, 0.0000000000000000000 ) ) ;
#4778 = LINE ( 'NONE', #3153, #209 ) ;
#4779 = ADVANCED_FACE ( 'NONE', ( #1765 ), #3119, .T. ) ;
#4780 = CARTESIAN_POINT ( 'NONE',  ( 63.22872139666199587, 2.988495227926337133E-15, 0.0000000000000000000 ) ) ;
#4781 = CARTESIAN_POINT ( 'NONE',  ( 0.0000000000000000000, -4.082443753439832790, 7.070999999999992625 ) ) ;
#4782 = ORIENTED_EDGE ( 'NONE', *, *, #3658, .F. ) ;
#4783 = CARTESIAN_POINT ( 'NONE',  ( 48.77127860333799703, 8.000000000000007105, 0.0000000000000000000 ) ) ;
#4784 = CARTESIAN_POINT ( 'NONE',  ( 24.77127860333799703, -2.619264724366640760E-29, 8.000000000000003553 ) ) ;
#4785 = VECTOR ( 'NONE', #4957, 999.9999999999998863 ) ;
#4786 = VERTEX_POINT ( 'NONE', #4234 ) ;
#4787 = ADVANCED_FACE ( 'NONE', ( #1402 ), #579, .T. ) ;
#4788 = DIRECTION ( 'NONE',  ( 0.0000000000000000000, -1.000000000000000000, 0.0000000000000000000 ) ) ;
#4789 = LINE ( 'NONE', #544, #4420 ) ;
#4790 = VECTOR ( 'NONE', #1797, 1000.000000000000000 ) ;
#4791 = ADVANCED_FACE ( 'NONE', ( #4039 ), #316, .F. ) ;
#4792 = VERTEX_POINT ( 'NONE', #4070 ) ;
#4793 = CONICAL_SURFACE ( 'NONE', #1304, 6.898500000000003851, 0.9599310885968754814 ) ;
#4794 = CARTESIAN_POINT ( 'NONE',  ( -31.74999999999995737, 9.797174393178750716E-16, -7.999999999999937828 ) ) ;
#4795 = VERTEX_POINT ( 'NONE', #2793 ) ;
#4796 = DIRECTION ( 'NONE',  ( -1.000000000000000000, -1.224606353822377258E-16, -0.0000000000000000000 ) ) ;
#4797 = CARTESIAN_POINT ( 'NONE',  ( 28.77127860333799347, 3.177397763569330469E-15, 0.0000000000000000000 ) ) ;
#4798 = ORIENTED_EDGE ( 'NONE', *, *, #3104, .F. ) ;
#4799 = CONICAL_SURFACE ( 'NONE', #2138, 8.000000000000003553, 0.9599310885968797002 ) ;
#4800 = PLANE ( 'NONE',  #1010 ) ;
#4801 = CYLINDRICAL_SURFACE ( 'NONE', #1229, 7.999999999999937828 ) ;
#4802 = ORIENTED_EDGE ( 'NONE', *, *, #2271, .T. ) ;
#4803 = ORIENTED_EDGE ( 'NONE', *, *, #2861, .T. ) ;
#4804 = DIRECTION ( 'NONE',  ( -1.000000000000000000, -1.224606353822377258E-16, -0.0000000000000000000 ) ) ;
#4805 = DIRECTION ( 'NONE',  ( -1.000000000000000000, -1.224606353822377258E-16, -0.0000000000000000000 ) ) ;
#4806 = DIRECTION ( 'NONE',  ( 0.0000000000000000000, -1.000000000000000000, 0.0000000000000000000 ) ) ;
#4807 = LINE ( 'NONE', #3397, #4687 ) ;
#4808 = VECTOR ( 'NONE', #2667, 1000.000000000000000 ) ;
#4809 = LINE ( 'NONE', #4139, #979 ) ;
#4810 = ORIENTED_EDGE ( 'NONE', *, *, #2362, .F. ) ;
#4811 = DIRECTION ( 'NONE',  ( 0.5735764363510472696, 0.8191520442889909104, 0.0000000000000000000 ) ) ;
#4812 = DIRECTION ( 'NONE',  ( 0.5735764363510472696, 0.8191520442889909104, 0.0000000000000000000 ) ) ;
#4813 = CARTESIAN_POINT ( 'NONE',  ( -31.74999999999995737, 0.0000000000000000000, 0.0000000000000000000 ) ) ;
#4814 = CONICAL_SURFACE ( 'NONE', #1861, 6.898500000000000298, 0.7853981633973514676 ) ;
#4815 = DIRECTION ( 'NONE',  ( 1.000000000000000000, 1.224606353822377258E-16, 0.0000000000000000000 ) ) ;
#4816 = EDGE_LOOP ( 'NONE', ( #1897, #1170, #475, #1523, #3271, #1702 ) ) ;
#4817 = ORIENTED_EDGE ( 'NONE', *, *, #2287, .T. ) ;
#4818 = ORIENTED_EDGE ( 'NONE', *, *, #2886, .F. ) ;
#4819 = DIRECTION ( 'NONE',  ( 0.0000000000000000000, -1.000000000000000000, 0.0000000000000000000 ) ) ;
#4820 = CARTESIAN_POINT ( 'NONE',  ( 58.77127860333800413, 3.177397763569330469E-15, 0.0000000000000000000 ) ) ;
#4821 = ORIENTED_EDGE ( 'NONE', *, *, #3235, .T. ) ;
#4822 = CARTESIAN_POINT ( 'NONE',  ( -31.74999999999995737, 0.0000000000000000000, 7.999999999999937828 ) ) ;
#4823 = ORIENTED_EDGE ( 'NONE', *, *, #3970, .T. ) ;
#4824 = ORIENTED_EDGE ( 'NONE', *, *, #2484, .F. ) ;
#4825 = ORIENTED_EDGE ( 'NONE', *, *, #3594, .F. ) ;
#4826 = DIRECTION ( 'NONE',  ( -1.000000000000000000, 0.0000000000000000000, -0.0000000000000000000 ) ) ;
#4827 = CARTESIAN_POINT ( 'NONE',  ( 24.00000000000000000, 3.082946495747834590E-15, 0.0000000000000000000 ) ) ;
#4828 = CARTESIAN_POINT ( 'NONE',  ( 26.77127860333799703, -8.000000000000001776, 9.797174393178833546E-16 ) ) ;
#4829 = CARTESIAN_POINT ( 'NONE',  ( 27.99999999999999645, 3.082946495747834590E-15, 0.0000000000000000000 ) ) ;
#4830 = CIRCLE ( 'NONE', #418, 8.000000000000003553 ) ;
#4831 = ORIENTED_EDGE ( 'NONE', *, *, #3496, .T. ) ;
#4832 = ORIENTED_EDGE ( 'NONE', *, *, #3835, .F. ) ;
#4833 = CARTESIAN_POINT ( 'NONE',  ( 62.00000000000000000, -6.898500000000000298, 0.0000000000000000000 ) ) ;
#4834 = DIRECTION ( 'NONE',  ( -1.000000000000000000, -1.224606353822377258E-16, -0.0000000000000000000 ) ) ;
#4835 = CARTESIAN_POINT ( 'NONE',  ( 58.77127860333800413, 8.000000000000005329, 0.0000000000000000000 ) ) ;
#4836 = VECTOR ( 'NONE', #3494, 1000.000000000000114 ) ;
#4837 = DIRECTION ( 'NONE',  ( 0.0000000000000000000, 1.000000000000000000, 0.0000000000000000000 ) ) ;
#4838 = AXIS2_PLACEMENT_3D ( 'NONE', #4391, #4374, #4569 ) ;
#4839 = ADVANCED_FACE ( 'NONE', ( #3236 ), #1750, .T. ) ;
#4840 = LINE ( 'NONE', #2317, #4876 ) ;
#4841 = ADVANCED_FACE ( 'NONE', ( #893 ), #1115, .T. ) ;
#4842 = CARTESIAN_POINT ( 'NONE',  ( 47.22872139666199587, 2.988495227926337133E-15, 0.0000000000000000000 ) ) ;
#4843 = CARTESIAN_POINT ( 'NONE',  ( 0.0000000000000000000, 8.164887506879688672, -2.255140518769849223E-14 ) ) ;
#4844 = CIRCLE ( 'NONE', #595, 8.000000000000003553 ) ;
#4845 = ORIENTED_EDGE ( 'NONE', *, *, #3633, .F. ) ;
#4846 = DIRECTION ( 'NONE',  ( 0.0000000000000000000, -1.000000000000000000, 0.0000000000000000000 ) ) ;
#4847 = DIRECTION ( 'NONE',  ( -1.000000000000000000, -1.224606353822377258E-16, -0.0000000000000000000 ) ) ;
#4848 = CARTESIAN_POINT ( 'NONE',  ( 30.77127860333799703, 3.177397763569330469E-15, 0.0000000000000000000 ) ) ;
#4849 = DIRECTION ( 'NONE',  ( -1.000000000000000000, -1.224606353822377258E-16, -0.0000000000000000000 ) ) ;
#4850 = CYLINDRICAL_SURFACE ( 'NONE', #1809, 7.999999999999937828 ) ;
#4851 = DIRECTION ( 'NONE',  ( 0.0000000000000000000, -1.000000000000000000, 0.0000000000000000000 ) ) ;
#4852 = VERTEX_POINT ( 'NONE', #2585 ) ;
#4853 = VECTOR ( 'NONE', #4714, 1000.000000000000000 ) ;
#4854 = EDGE_LOOP ( 'NONE', ( #2855, #2771, #2659, #2719, #2716, #2657 ) ) ;
#4855 = ORIENTED_EDGE ( 'NONE', *, *, #4112, .F. ) ;
#4856 = DIRECTION ( 'NONE',  ( -1.000000000000000000, -0.0000000000000000000, -0.0000000000000000000 ) ) ;
#4857 = LINE ( 'NONE', #3470, #4143 ) ;
#4858 = ORIENTED_EDGE ( 'NONE', *, *, #3778, .F. ) ;
#4859 = CARTESIAN_POINT ( 'NONE',  ( 22.77127860333799703, 3.177397763569330469E-15, 0.0000000000000000000 ) ) ;
#4860 = ORIENTED_EDGE ( 'NONE', *, *, #2369, .T. ) ;
#4861 = ADVANCED_FACE ( 'NONE', ( #4354 ), #3492, .T. ) ;
#4862 = FACE_OUTER_BOUND ( 'NONE', #4151, .T. ) ;
#4863 = CARTESIAN_POINT ( 'NONE',  ( -31.74999999999995737, 0.0000000000000000000, 0.0000000000000000000 ) ) ;
#4864 = DIRECTION ( 'NONE',  ( -1.000000000000000000, -1.224606353822377258E-16, -0.0000000000000000000 ) ) ;
#4865 = CARTESIAN_POINT ( 'NONE',  ( 32.00000000000000000, 3.082946495747834590E-15, 0.0000000000000000000 ) ) ;
#4866 = CARTESIAN_POINT ( 'NONE',  ( 45.22872139666199587, 2.988495227926337133E-15, 0.0000000000000000000 ) ) ;
#4867 = DIRECTION ( 'NONE',  ( -1.000000000000000000, 0.0000000000000000000, 0.0000000000000000000 ) ) ;
#4868 = ORIENTED_EDGE ( 'NONE', *, *, #3188, .F. ) ;
#4869 = CARTESIAN_POINT ( 'NONE',  ( 8.000000000000000000, -4.082443753439832790, 7.070999999999992625 ) ) ;
#4870 = ORIENTED_EDGE ( 'NONE', *, *, #3776, .T. ) ;
#4871 = CARTESIAN_POINT ( 'NONE',  ( 44.77127860333799703, 3.177397763569330469E-15, 0.0000000000000000000 ) ) ;
#4872 = DIRECTION ( 'NONE',  ( 0.0000000000000000000, -1.000000000000000000, 0.0000000000000000000 ) ) ;
#4873 = DIRECTION ( 'NONE',  ( -1.000000000000000000, -1.224606353822377258E-16, -0.0000000000000000000 ) ) ;
#4874 = ORIENTED_EDGE ( 'NONE', *, *, #3222, .F. ) ;
#4875 = DIRECTION ( 'NONE',  ( 0.0000000000000000000, -1.000000000000000000, 0.0000000000000000000 ) ) ;
#4876 = VECTOR ( 'NONE', #1656, 1000.000000000000000 ) ;
#4877 = CARTESIAN_POINT ( 'NONE',  ( 26.00000000000000000, -6.898500000000000298, 9.122700168548424621E-16 ) ) ;
#4878 = ORIENTED_EDGE ( 'NONE', *, *, #2975, .T. ) ;
#4879 = LINE ( 'NONE', #1586, #872 ) ;
#4880 = CIRCLE ( 'NONE', #570, 8.000000000000003553 ) ;
#4881 = CONICAL_SURFACE ( 'NONE', #1851, 6.898500000000003851, 0.9599310885968754814 ) ;
#4882 = CARTESIAN_POINT ( 'NONE',  ( 62.77127860333800413, 3.177397763569330469E-15, 0.0000000000000000000 ) ) ;
#4883 = ADVANCED_FACE ( 'NONE', ( #1798 ), #3461, .T. ) ;
#4884 = ORIENTED_EDGE ( 'NONE', *, *, #3895, .T. ) ;
#4885 = LINE ( 'NONE', #4250, #4774 ) ;
#4886 = CARTESIAN_POINT ( 'NONE',  ( 44.77127860333799703, 3.177397763569330469E-15, 0.0000000000000000000 ) ) ;
#4887 = CARTESIAN_POINT ( 'NONE',  ( 64.89849999999991326, 0.0000000000000000000, 7.999999999999875655 ) ) ;
#4888 = LINE ( 'NONE', #1366, #351 ) ;
#4889 = ADVANCED_FACE ( 'NONE', ( #1988 ), #2227, .T. ) ;
#4890 = CIRCLE ( 'NONE', #243, 8.000000000000003553 ) ;
#4891 = DIRECTION ( 'NONE',  ( -1.000000000000000000, -1.224606353822377258E-16, -0.0000000000000000000 ) ) ;
#4892 = ADVANCED_FACE ( 'NONE', ( #4251 ), #1074, .T. ) ;
#4893 = DIRECTION ( 'NONE',  ( 0.0000000000000000000, -1.000000000000000000, 0.0000000000000000000 ) ) ;
#4894 = DIRECTION ( 'NONE',  ( -1.000000000000000000, -0.0000000000000000000, -0.0000000000000000000 ) ) ;
#4895 = CONICAL_SURFACE ( 'NONE', #1901, 6.898500000000000298, 0.7853981633973514676 ) ;
#4896 = ORIENTED_EDGE ( 'NONE', *, *, #3783, .T. ) ;
#4897 = DIRECTION ( 'NONE',  ( -1.000000000000000000, -1.224606353822377258E-16, -0.0000000000000000000 ) ) ;
#4898 = ADVANCED_FACE ( 'NONE', ( #3383 ), #1224, .T. ) ;
#4899 = DIRECTION ( 'NONE',  ( -1.000000000000000000, -1.224606353822377258E-16, -0.0000000000000000000 ) ) ;
#4900 = FACE_OUTER_BOUND ( 'NONE', #2264, .T. ) ;
#4901 = ORIENTED_EDGE ( 'NONE', *, *, #2839, .F. ) ;
#4902 = CIRCLE ( 'NONE', #1000, 8.000000000000003553 ) ;
#4903 = DIRECTION ( 'NONE',  ( -1.000000000000000000, -1.224606353822377258E-16, -0.0000000000000000000 ) ) ;
#4904 = DIRECTION ( 'NONE',  ( -1.000000000000000000, -1.224606353822377258E-16, -0.0000000000000000000 ) ) ;
#4905 = DIRECTION ( 'NONE',  ( 0.0000000000000000000, -1.000000000000000000, 0.0000000000000000000 ) ) ;
#4906 = FACE_OUTER_BOUND ( 'NONE', #4284, .T. ) ;
#4907 = ADVANCED_FACE ( 'NONE', ( #1869 ), #2373, .T. ) ;
#4908 = VERTEX_POINT ( 'NONE', #3727 ) ;
#4909 = LINE ( 'NONE', #4141, #3967 ) ;
#4910 = ORIENTED_EDGE ( 'NONE', *, *, #3174, .F. ) ;
#4911 = FACE_OUTER_BOUND ( 'NONE', #1036, .T. ) ;
#4912 = DIRECTION ( 'NONE',  ( -1.000000000000000000, -1.224606353822377258E-16, -0.0000000000000000000 ) ) ;
#4913 = ORIENTED_EDGE ( 'NONE', *, *, #2095, .T. ) ;
#4914 = DIRECTION ( 'NONE',  ( 0.0000000000000000000, -1.000000000000000000, 0.0000000000000000000 ) ) ;
#4915 = ORIENTED_EDGE ( 'NONE', *, *, #3810, .T. ) ;
#4916 = ORIENTED_EDGE ( 'NONE', *, *, #3782, .T. ) ;
#4917 = DIRECTION ( 'NONE',  ( -1.000000000000000000, -1.224606353822377258E-16, -0.0000000000000000000 ) ) ;
#4918 = ORIENTED_EDGE ( 'NONE', *, *, #3942, .F. ) ;
#4919 = ADVANCED_FACE ( 'NONE', ( #3210 ), #2801, .T. ) ;
#4920 = DIRECTION ( 'NONE',  ( -1.000000000000000000, -1.224606353822377258E-16, -0.0000000000000000000 ) ) ;
#4921 = CARTESIAN_POINT ( 'NONE',  ( 42.77127860333799703, 8.000000000000005329, 0.0000000000000000000 ) ) ;
#4922 = ORIENTED_EDGE ( 'NONE', *, *, #2558, .F. ) ;
#4923 = ORIENTED_EDGE ( 'NONE', *, *, #2456, .F. ) ;
#4924 = CARTESIAN_POINT ( 'NONE',  ( 64.00000000000000000, 6.898500000000007404, 8.448225943918020627E-16 ) ) ;
#4925 = CARTESIAN_POINT ( 'NONE',  ( 36.00000000000000000, 3.082946495747834590E-15, 0.0000000000000000000 ) ) ;
#4926 = ORIENTED_EDGE ( 'NONE', *, *, #4180, .F. ) ;
#4927 = DIRECTION ( 'NONE',  ( 0.0000000000000000000, -1.000000000000000000, 0.0000000000000000000 ) ) ;
#4928 = CIRCLE ( 'NONE', #440, 8.000000000000003553 ) ;
#4929 = CARTESIAN_POINT ( 'NONE',  ( 0.0000000000000000000, 0.0000000000000000000, 0.0000000000000000000 ) ) ;
#4930 = DIRECTION ( 'NONE',  ( -1.000000000000000000, -0.0000000000000000000, -0.0000000000000000000 ) ) ;
#4931 = DIRECTION ( 'NONE',  ( -1.000000000000000000, -0.0000000000000000000, -0.0000000000000000000 ) ) ;
#4932 = AXIS2_PLACEMENT_3D ( 'NONE', #1961, #1736, #3247 ) ;
#4934 = EDGE_LOOP ( 'NONE', ( #3365, #3988, #4596, #1774, #1778, #1783 ) ) ;
#4933 = VECTOR ( 'NONE', #4470, 1000.000000000000000 ) ;
#4935 = DIRECTION ( 'NONE',  ( 0.0000000000000000000, -1.000000000000000000, 0.0000000000000000000 ) ) ;
#4936 = DIRECTION ( 'NONE',  ( 0.0000000000000000000, 0.0000000000000000000, 1.000000000000000000 ) ) ;
#4937 = CARTESIAN_POINT ( 'NONE',  ( 47.22872139666199587, -2.465190328815661892E-29, 8.000000000000003553 ) ) ;
#4938 = FACE_OUTER_BOUND ( 'NONE', #929, .T. ) ;
#4939 = CIRCLE ( 'NONE', #400, 8.000000000000003553 ) ;
#4940 = CARTESIAN_POINT ( 'NONE',  ( -31.74999999999995737, 0.0000000000000000000, 7.999999999999937828 ) ) ;
#4941 = CARTESIAN_POINT ( 'NONE',  ( 44.00000000000000000, 6.898500000000007404, 8.448225943918020627E-16 ) ) ;
#4942 = FACE_OUTER_BOUND ( 'NONE', #4091, .T. ) ;
#4943 = EDGE_LOOP ( 'NONE', ( #298, #2457, #376, #245, #1527 ) ) ;
#4944 = DIRECTION ( 'NONE',  ( 0.0000000000000000000, -1.000000000000000000, 0.0000000000000000000 ) ) ;
#4945 = CARTESIAN_POINT ( 'NONE',  ( 45.22872139666199587, 2.988495227926337133E-15, 0.0000000000000000000 ) ) ;
#4946 = DIRECTION ( 'NONE',  ( -1.000000000000000000, -1.224606353822377258E-16, -0.0000000000000000000 ) ) ;
#4947 = AXIS2_PLACEMENT_3D ( 'NONE', #4768, #4137, #4982 ) ;
#4948 = LINE ( 'NONE', #56, #748 ) ;
#4949 = DIRECTION ( 'NONE',  ( 0.0000000000000000000, -1.000000000000000000, 0.0000000000000000000 ) ) ;
#4950 = CIRCLE ( 'NONE', #4609, 8.000000000000003553 ) ;
#4951 = AXIS2_PLACEMENT_3D ( 'NONE', #4119, #997, #4837 ) ;
#4952 = ORIENTED_EDGE ( 'NONE', *, *, #3123, .F. ) ;
#4953 = CONICAL_SURFACE ( 'NONE', #1877, 8.000000000000003553, 0.9599310885968797002 ) ;
#4954 = CYLINDRICAL_SURFACE ( 'NONE', #2101, 7.999999999999937828 ) ;
#4955 = ORIENTED_EDGE ( 'NONE', *, *, #2272, .F. ) ;
#4956 = CIRCLE ( 'NONE', #878, 8.000000000000003553 ) ;
#4957 = DIRECTION ( 'NONE',  ( -0.5735764363510509334, 0.8191520442889884679, 1.003171929053520802E-16 ) ) ;
#4958 = SURFACE_STYLE_FILL_AREA ( #742 ) ;
#4959 = VECTOR ( 'NONE', #3411, 1000.000000000000000 ) ;
#4960 = CARTESIAN_POINT ( 'NONE',  ( 16.00000000000000000, 0.0000000000000000000, 0.0000000000000000000 ) ) ;
#4961 = ORIENTED_EDGE ( 'NONE', *, *, #3169, .T. ) ;
#4962 = CIRCLE ( 'NONE', #668, 8.000000000000003553 ) ;
#4963 = CARTESIAN_POINT ( 'NONE',  ( 59.22872139666199587, 2.988495227926337133E-15, 0.0000000000000000000 ) ) ;
#4964 = CARTESIAN_POINT ( 'NONE',  ( 34.77127860333798992, 8.000000000000005329, 0.0000000000000000000 ) ) ;
#4965 = DIRECTION ( 'NONE',  ( -1.000000000000000000, -0.0000000000000000000, -0.0000000000000000000 ) ) ;
#4966 = ORIENTED_EDGE ( 'NONE', *, *, #2737, .F. ) ;
#4967 = DIRECTION ( 'NONE',  ( 0.0000000000000000000, -1.000000000000000000, 0.0000000000000000000 ) ) ;
#4968 = VERTEX_POINT ( 'NONE', #4244 ) ;
#4969 = DIRECTION ( 'NONE',  ( -1.000000000000000000, -1.224606353822377258E-16, -0.0000000000000000000 ) ) ;
#4970 = AXIS2_PLACEMENT_3D ( 'NONE', #1790, #777, #3925 ) ;
#4971 = ORIENTED_EDGE ( 'NONE', *, *, #3881, .T. ) ;
#4972 = CARTESIAN_POINT ( 'NONE',  ( 23.22872139666199587, 2.988495227926337133E-15, 0.0000000000000000000 ) ) ;
#4973 = DIRECTION ( 'NONE',  ( 0.0000000000000000000, 0.0000000000000000000, 1.000000000000000000 ) ) ;
#4974 = DIRECTION ( 'NONE',  ( 0.0000000000000000000, -1.000000000000000000, 0.0000000000000000000 ) ) ;
#4975 = DIRECTION ( 'NONE',  ( 0.0000000000000000000, -1.000000000000000000, 0.0000000000000000000 ) ) ;
#4976 = FACE_OUTER_BOUND ( 'NONE', #2698, .T. ) ;
#4977 = CARTESIAN_POINT ( 'NONE',  ( 49.22872139666199587, -7.999999999999998224, 0.0000000000000000000 ) ) ;
#4978 = DIRECTION ( 'NONE',  ( -1.000000000000000000, -1.224606353822377258E-16, -0.0000000000000000000 ) ) ;
#4979 = VERTEX_POINT ( 'NONE', #2931 ) ;
#4980 = LINE ( 'NONE', #3050, #3390 ) ;
#4981 = CARTESIAN_POINT ( 'NONE',  ( 0.0000000000000000000, 1.420590287010929730E-15, -11.19999999999999929 ) ) ;
#4982 = DIRECTION ( 'NONE',  ( 0.0000000000000000000, -1.000000000000000000, 0.0000000000000000000 ) ) ;
#4983 = CARTESIAN_POINT ( 'NONE',  ( 23.22872139666199587, -7.999999999999998224, 0.0000000000000000000 ) ) ;
#4984 = ORIENTED_EDGE ( 'NONE', *, *, #3472, .F. ) ;
#4985 = LINE ( 'NONE', #2518, #2292 ) ;
#4986 = CARTESIAN_POINT ( 'NONE',  ( 60.77127860333799703, 9.797174393178569278E-16, -8.000000000000003553 ) ) ;
#4987 = CARTESIAN_POINT ( 'NONE',  ( 0.0000000000000000000, 4.082443753439834566, -7.071000000000018382 ) ) ;
#4988 = CARTESIAN_POINT ( 'NONE',  ( 27.99999999999999645, -6.898500000000000298, 9.122700168548424621E-16 ) ) ;
#4989 = DIRECTION ( 'NONE',  ( -1.000000000000000000, -0.0000000000000000000, -0.0000000000000000000 ) ) ;
#4990 = FACE_OUTER_BOUND ( 'NONE', #2781, .T. ) ;
#4991 = STYLED_ITEM ( 'NONE', ( #391 ), #4289 ) ;
#4992 = DIRECTION ( 'NONE',  ( -0.5735764363510507113, -0.8191520442889885789, 0.0000000000000000000 ) ) ;
#4993 = CARTESIAN_POINT ( 'NONE',  ( 24.77127860333799703, 3.177397763569330469E-15, 0.0000000000000000000 ) ) ;
#4994 = CIRCLE ( 'NONE', #399, 8.000000000000003553 ) ;
#4995 = CARTESIAN_POINT ( 'NONE',  ( 32.00000000000000000, 3.082946495747834590E-15, 0.0000000000000000000 ) ) ;
#4996 = CARTESIAN_POINT ( 'NONE',  ( 54.77127860333799703, -8.000000000000001776, 9.797174393178833546E-16 ) ) ;
#4997 = FACE_OUTER_BOUND ( 'NONE', #717, .T. ) ;
#4998 = DIRECTION ( 'NONE',  ( -1.000000000000000000, -1.224606353822377258E-16, -0.0000000000000000000 ) ) ;
#5000 = ORIENTED_EDGE ( 'NONE', *, *, #4078, .F. ) ;
#4999 = CIRCLE ( 'NONE', #358, 6.898500000000003851 ) ;
#5001 = DIRECTION ( 'NONE',  ( -1.000000000000000000, -0.0000000000000000000, -0.0000000000000000000 ) ) ;
#5002 = EDGE_LOOP ( 'NONE', ( #1177, #2971, #180, #637, #2650, #2910 ) ) ;
#5003 = EDGE_LOOP ( 'NONE', ( #3, #108, #222, #340, #454 ) ) ;
#5004 = CIRCLE ( 'NONE', #583, 8.000000000000003553 ) ;
#5005 = DIRECTION ( 'NONE',  ( -1.000000000000000000, -0.0000000000000000000, -0.0000000000000000000 ) ) ;
#5006 = CARTESIAN_POINT ( 'NONE',  ( 48.77127860333799703, 9.797174393178561389E-16, -8.000000000000003553 ) ) ;
#5007 = CYLINDRICAL_SURFACE ( 'NONE', #2115, 7.999999999999937828 ) ;
#5008 = ORIENTED_EDGE ( 'NONE', *, *, #3995, .F. ) ;
#5009 = LINE ( 'NONE', #1008, #1111 ) ;
#5010 = CARTESIAN_POINT ( 'NONE',  ( 28.77127860333799347, -2.619264724366640760E-29, 8.000000000000003553 ) ) ;
#5011 = DIRECTION ( 'NONE',  ( 0.0000000000000000000, -1.000000000000000000, 0.0000000000000000000 ) ) ;
#5012 = VECTOR ( 'NONE', #2924, 1000.000000000000000 ) ;
#5013 = CARTESIAN_POINT ( 'NONE',  ( 24.00000000000000000, -6.898500000000000298, 0.0000000000000000000 ) ) ;
#5014 = FACE_OUTER_BOUND ( 'NONE', #1726, .T. ) ;
#5015 = DIRECTION ( 'NONE',  ( -1.000000000000000000, -0.0000000000000000000, -0.0000000000000000000 ) ) ;
#5016 = FACE_OUTER_BOUND ( 'NONE', #348, .T. ) ;
#5017 = VERTEX_POINT ( 'NONE', #581 ) ;
#5018 = CARTESIAN_POINT ( 'NONE',  ( 34.77127860333798992, -8.000000000000001776, 9.797174393178833546E-16 ) ) ;
#5019 = CIRCLE ( 'NONE', #699, 8.000000000000003553 ) ;
#5020 = CONICAL_SURFACE ( 'NONE', #1874, 8.000000000000003553, 0.9599310885968797002 ) ;
#5021 = PLANE ( 'NONE',  #1390 ) ;
#5022 = ORIENTED_EDGE ( 'NONE', *, *, #2697, .T. ) ;
#5023 = CARTESIAN_POINT ( 'NONE',  ( 8.000000000000000000, -8.164887506879685120, -3.035766082959412415E-15 ) ) ;
#5024 = ORIENTED_EDGE ( 'NONE', *, *, #3191, .T. ) ;
#5025 = CARTESIAN_POINT ( 'NONE',  ( 29.22872139666199587, 9.797174393178585055E-16, -8.000000000000003553 ) ) ;
#5026 = ORIENTED_EDGE ( 'NONE', *, *, #4274, .T. ) ;
ENDSEC;
END-ISO-10303-21;
