ISO-10303-21;
HEADER;
FILE_DESCRIPTION (( 'STEP AP214' ),
    '1' );
FILE_NAME ('M6X16.STEP',
    '2021-06-12T16:18:52',
    ( '' ),
    ( '' ),
    'SwSTEP 2.0',
    'SolidWorks 2018',
    '' );
FILE_SCHEMA (( 'AUTOMOTIVE_DESIGN' ));
ENDSEC;

DATA;
#1 = ORIENTED_EDGE ( 'NONE', *, *, #1911, .F. ) ;
#2 = CARTESIAN_POINT ( 'NONE',  ( 13.00000000000000000, 2.445500000000003116, 0.0000000000000000000 ) ) ;
#3 = CONICAL_SURFACE ( 'NONE', #1726, 3.000000000000001776, 0.9599310885968824758 ) ;
#4 = PRESENTATION_LAYER_ASSIGNMENT (  '', '', ( #495 ) ) ;
#5 = CONICAL_SURFACE ( 'NONE', #904, 3.000000000000001776, 0.9599310885968824758 ) ;
#6 = EDGE_CURVE ( 'NONE', #1922, #2417, #1962, .T. ) ;
#7 = VERTEX_POINT ( 'NONE', #762 ) ;
#8 = AXIS2_PLACEMENT_3D ( 'NONE', #619, #848, #2798 ) ;
#9 = DIRECTION ( 'NONE',  ( 0.0000000000000000000, 0.0000000000000000000, 1.000000000000000000 ) ) ;
#10 = EDGE_LOOP ( 'NONE', ( #2748, #3001, #500, #1701, #2676 ) ) ;
#11 = ORIENTED_EDGE ( 'NONE', *, *, #2340, .F. ) ;
#12 = CIRCLE ( 'NONE', #647, 2.445500000000001783 ) ;
#13 = CARTESIAN_POINT ( 'NONE',  ( 9.611734920062710685, -2.999999999999999556, 0.0000000000000000000 ) ) ;
#14 = CARTESIAN_POINT ( 'NONE',  ( 17.00000000000000000, 2.445500000000003116, 2.994873747314854943E-16 ) ) ;
#15 = EDGE_CURVE ( 'NONE', #813, #917, #1304, .T. ) ;
#16 = ORIENTED_EDGE ( 'NONE', *, *, #806, .T. ) ;
#17 = SURFACE_STYLE_FILL_AREA ( #1946 ) ;
#18 = ADVANCED_FACE ( 'NONE', ( #1167 ), #1194, .T. ) ;
#19 = VERTEX_POINT ( 'NONE', #1862 ) ;
#20 = AXIS2_PLACEMENT_3D ( 'NONE', #1782, #1281, #1996 ) ;
#21 = ORIENTED_EDGE ( 'NONE', *, *, #773, .T. ) ;
#22 = DIRECTION ( 'NONE',  ( 0.0000000000000000000, -0.4999999999999989453, 0.8660254037844392627 ) ) ;
#23 = APPLICATION_PROTOCOL_DEFINITION ( 'draft international standard', 'automotive_design', 1998, #2061 ) ;
#24 = ORIENTED_EDGE ( 'NONE', *, *, #1770, .T. ) ;
#25 = ADVANCED_FACE ( 'NONE', ( #661 ), #2514, .T. ) ;
#26 = AXIS2_PLACEMENT_3D ( 'NONE', #3270, #2731, #1544 ) ;
#27 = DIRECTION ( 'NONE',  ( -1.000000000000000000, -1.224606353822377258E-16, -0.0000000000000000000 ) ) ;
#28 = DIRECTION ( 'NONE',  ( 0.0000000000000000000, -1.000000000000000000, 0.0000000000000000000 ) ) ;
#29 = CARTESIAN_POINT ( 'NONE',  ( -31.74999999999995737, 3.673940397441951893E-16, -2.999999999999912070 ) ) ;
#30 = LINE ( 'NONE', #1001, #221 ) ;
#31 = ADVANCED_FACE ( 'NONE', ( #144 ), #1115, .T. ) ;
#32 = DIRECTION ( 'NONE',  ( -1.000000000000000000, -0.0000000000000000000, -0.0000000000000000000 ) ) ;
#33 = CARTESIAN_POINT ( 'NONE',  ( 12.00000000000000000, 1.490958235778743760E-15, 0.0000000000000000000 ) ) ;
#34 = FACE_OUTER_BOUND ( 'NONE', #3157, .T. ) ;
#35 = DIRECTION ( 'NONE',  ( -1.000000000000000000, -1.224606353822377258E-16, -0.0000000000000000000 ) ) ;
#36 = CARTESIAN_POINT ( 'NONE',  ( 11.61173492006271246, 3.673940397441631418E-16, -3.000000000000001332 ) ) ;
#37 = VERTEX_POINT ( 'NONE', #3176 ) ;
#38 = EDGE_CURVE ( 'NONE', #3183, #2005, #901, .T. ) ;
#39 = DIRECTION ( 'NONE',  ( 0.0000000000000000000, -1.000000000000000000, 0.0000000000000000000 ) ) ;
#40 = CONICAL_SURFACE ( 'NONE', #1585, 3.000000000000001776, 0.9599310885968824758 ) ;
#41 = DIRECTION ( 'NONE',  ( -1.000000000000000000, -1.224606353822377258E-16, -0.0000000000000000000 ) ) ;
#42 = ORIENTED_EDGE ( 'NONE', *, *, #737, .T. ) ;
#43 = DIRECTION ( 'NONE',  ( -1.000000000000000000, -1.224606353822377258E-16, -0.0000000000000000000 ) ) ;
#44 = CARTESIAN_POINT ( 'NONE',  ( 16.61173492006270891, -4.294823775983535952E-29, 3.000000000000001332 ) ) ;
#45 = VECTOR ( 'NONE', #1491, 1000.000000000000000 ) ;
#46 = EDGE_CURVE ( 'NONE', #3250, #2240, #432, .T. ) ;
#47 = AXIS2_PLACEMENT_3D ( 'NONE', #3283, #115, #1816 ) ;
#48 = ORIENTED_EDGE ( 'NONE', *, *, #2319, .F. ) ;
#49 = CIRCLE ( 'NONE', #2174, 2.445500000000001783 ) ;
#50 = DIRECTION ( 'NONE',  ( 0.0000000000000000000, -0.8660254037844392627, -0.4999999999999989453 ) ) ;
#51 = ORIENTED_EDGE ( 'NONE', *, *, #3227, .T. ) ;
#52 = CIRCLE ( 'NONE', #2537, 3.249999999999911626 ) ;
#53 = ORIENTED_EDGE ( 'NONE', *, *, #937, .F. ) ;
#54 = FACE_OUTER_BOUND ( 'NONE', #2167, .T. ) ;
#55 = STYLED_ITEM ( 'NONE', ( #2014 ), #1399 ) ;
#56 = DIRECTION ( 'NONE',  ( 1.000000000000000000, 1.224606353822377258E-16, 0.0000000000000000000 ) ) ;
#57 = CARTESIAN_POINT ( 'NONE',  ( 3.000000000000000000, -2.935248768560054344, -9.974659986866640793E-15 ) ) ;
#58 = CIRCLE ( 'NONE', #866, 3.000000000000001332 ) ;
#59 = VECTOR ( 'NONE', #3005, 1000.000000000000114 ) ;
#60 = ORIENTED_EDGE ( 'NONE', *, *, #1876, .T. ) ;
#61 = FACE_OUTER_BOUND ( 'NONE', #628, .T. ) ;
#62 = EDGE_CURVE ( 'NONE', #3094, #630, #411, .T. ) ;
#63 = AXIS2_PLACEMENT_3D ( 'NONE', #580, #1396, #2302 ) ;
#64 = CARTESIAN_POINT ( 'NONE',  ( 13.38826507993728221, 1.538505424164598729E-15, 0.0000000000000000000 ) ) ;
#65 = LINE ( 'NONE', #244, #172 ) ;
#66 =( GEOMETRIC_REPRESENTATION_CONTEXT ( 3 ) GLOBAL_UNCERTAINTY_ASSIGNED_CONTEXT ( ( #2231 ) ) GLOBAL_UNIT_ASSIGNED_CONTEXT ( ( #974, #374, #1954 ) ) REPRESENTATION_CONTEXT ( 'NONE', 'WORKASPACE' ) );
#67 = DIRECTION ( 'NONE',  ( -0.5735764363510507113, 0.8191520442889885789, 1.003171929053520926E-16 ) ) ;
#68 = CARTESIAN_POINT ( 'NONE',  ( -31.74999999999995737, 0.0000000000000000000, 2.999999999999912070 ) ) ;
#69 = AXIS2_PLACEMENT_3D ( 'NONE', #222, #2201, #887 ) ;
#70 = CARTESIAN_POINT ( 'NONE',  ( 16.38826507993728043, 3.000000000000003109, 0.0000000000000000000 ) ) ;
#71 = CARTESIAN_POINT ( 'NONE',  ( 15.61173492006271246, 3.000000000000003109, 3.673940397442061840E-16 ) ) ;
#72 = CONICAL_SURFACE ( 'NONE', #1986, 3.000000000000001776, 0.9599310885968824758 ) ;
#73 = FACE_OUTER_BOUND ( 'NONE', #3173, .T. ) ;
#74 = EDGE_CURVE ( 'NONE', #1595, #141, #1199, .T. ) ;
#75 = EDGE_CURVE ( 'NONE', #1159, #991, #2828, .T. ) ;
#76 = CARTESIAN_POINT ( 'NONE',  ( 15.61173492006271246, 1.443411047392888001E-15, 0.0000000000000000000 ) ) ;
#77 = CYLINDRICAL_SURFACE ( 'NONE', #2787, 2.999999999999912070 ) ;
#78 = CARTESIAN_POINT ( 'NONE',  ( -31.74999999999995737, 0.0000000000000000000, 0.0000000000000000000 ) ) ;
#79 = CARTESIAN_POINT ( 'NONE',  ( -31.74999999999995737, 0.0000000000000000000, 2.999999999999912070 ) ) ;
#80 = VERTEX_POINT ( 'NONE', #124 ) ;
#81 = CARTESIAN_POINT ( 'NONE',  ( 0.0000000000000000000, 0.0000000000000000000, 4.700000000000000178 ) ) ;
#82 = EDGE_CURVE ( 'NONE', #2432, #438, #1138, .T. ) ;
#83 = EDGE_CURVE ( 'NONE', #2164, #2517, #1627, .T. ) ;
#84 = EDGE_LOOP ( 'NONE', ( #318, #3218, #3019, #1444, #2925 ) ) ;
#85 = CARTESIAN_POINT ( 'NONE',  ( 3.000000000000000000, 2.935248768560056565, -1.647987302177966740E-14 ) ) ;
#86 = CARTESIAN_POINT ( 'NONE',  ( 10.61173492006271069, 1.443411047392888001E-15, 0.0000000000000000000 ) ) ;
#87 = ORIENTED_EDGE ( 'NONE', *, *, #2368, .F. ) ;
#88 = AXIS2_PLACEMENT_3D ( 'NONE', #3004, #1880, #1408 ) ;
#89 = ADVANCED_FACE ( 'NONE', ( #3175 ), #874, .T. ) ;
#90 = EDGE_CURVE ( 'NONE', #1878, #1510, #1093, .T. ) ;
#91 = EDGE_LOOP ( 'NONE', ( #171, #1952, #334, #1916, #2108 ) ) ;
#92 = COLOUR_RGB ( '',0.7764705882352941346, 0.7568627450980391913, 0.7372549019607843590 ) ;
#93 = CARTESIAN_POINT ( 'NONE',  ( 13.38826507993728221, 1.538505424164598729E-15, 0.0000000000000000000 ) ) ;
#94 = CARTESIAN_POINT ( 'NONE',  ( 20.38826507993728043, 1.538505424164598729E-15, 0.0000000000000000000 ) ) ;
#95 = CYLINDRICAL_SURFACE ( 'NONE', #3032, 2.999999999999912070 ) ;
#96 = VERTEX_POINT ( 'NONE', #1975 ) ;
#97 = DIRECTION ( 'NONE',  ( -1.000000000000000000, -1.224606353822377258E-16, -0.0000000000000000000 ) ) ;
#98 = CARTESIAN_POINT ( 'NONE',  ( -31.74999999999995737, 0.0000000000000000000, 0.0000000000000000000 ) ) ;
#99 = LINE ( 'NONE', #2234, #3187 ) ;
#100 = CIRCLE ( 'NONE', #3083, 3.000000000000001776 ) ;
#101 = EDGE_CURVE ( 'NONE', #2005, #130, #879, .T. ) ;
#102 = LINE ( 'NONE', #2986, #2973 ) ;
#103 = EDGE_CURVE ( 'NONE', #2242, #1587, #491, .T. ) ;
#104 = DIRECTION ( 'NONE',  ( -1.000000000000000000, -1.224606353822377258E-16, -0.0000000000000000000 ) ) ;
#105 = DIRECTION ( 'NONE',  ( -1.000000000000000000, -1.224606353822377258E-16, -0.0000000000000000000 ) ) ;
#106 = PRESENTATION_LAYER_ASSIGNMENT (  '', '', ( #2603 ) ) ;
#107 = CIRCLE ( 'NONE', #1223, 5.000000000000000000 ) ;
#108 = ORIENTED_EDGE ( 'NONE', *, *, #697, .F. ) ;
#109 = DIRECTION ( 'NONE',  ( -1.000000000000000000, -0.0000000000000000000, -0.0000000000000000000 ) ) ;
#110 = MECHANICAL_DESIGN_GEOMETRIC_PRESENTATION_REPRESENTATION (  '', ( #2603 ), #1105 ) ;
#111 = FACE_OUTER_BOUND ( 'NONE', #1417, .T. ) ;
#112 = CARTESIAN_POINT ( 'NONE',  ( 16.00000000000000000, 2.445500000000003116, 2.994873747314854943E-16 ) ) ;
#113 = CARTESIAN_POINT ( 'NONE',  ( 12.00000000000000000, 1.490958235778743760E-15, 0.0000000000000000000 ) ) ;
#114 = ORIENTED_EDGE ( 'NONE', *, *, #344, .F. ) ;
#115 = DIRECTION ( 'NONE',  ( 1.000000000000000000, 1.224606353822377258E-16, 0.0000000000000000000 ) ) ;
#116 = CARTESIAN_POINT ( 'NONE',  ( 20.61173492006271246, 2.999999999999997780, 3.673940397442055924E-16 ) ) ;
#117 = CARTESIAN_POINT ( 'NONE',  ( 0.0000000000000000000, 5.939536975864662969E-16, -4.700000000000000178 ) ) ;
#118 = CYLINDRICAL_SURFACE ( 'NONE', #959, 2.999999999999912070 ) ;
#119 = DIRECTION ( 'NONE',  ( 0.0000000000000000000, 1.000000000000000000, 0.0000000000000000000 ) ) ;
#120 = VERTEX_POINT ( 'NONE', #591 ) ;
#121 = ORIENTED_EDGE ( 'NONE', *, *, #977, .F. ) ;
#122 = DIRECTION ( 'NONE',  ( 0.0000000000000000000, -1.000000000000000000, 0.0000000000000000000 ) ) ;
#123 = DIRECTION ( 'NONE',  ( 0.0000000000000000000, 0.0000000000000000000, 1.000000000000000000 ) ) ;
#124 = CARTESIAN_POINT ( 'NONE',  ( 18.38826507993728399, -3.000000000000000444, 3.673940397442061840E-16 ) ) ;
#125 = CARTESIAN_POINT ( 'NONE',  ( 5.999999999999998224, 0.0000000000000000000, 5.000000000000000000 ) ) ;
#126 = EDGE_LOOP ( 'NONE', ( #703, #1155 ) ) ;
#127 = CIRCLE ( 'NONE', #2065, 2.445500000000001783 ) ;
#128 = ORIENTED_EDGE ( 'NONE', *, *, #2811, .F. ) ;
#129 = LINE ( 'NONE', #382, #3135 ) ;
#130 = VERTEX_POINT ( 'NONE', #1120 ) ;
#131 = CARTESIAN_POINT ( 'NONE',  ( 20.38826507993728043, 1.538505424164598729E-15, 0.0000000000000000000 ) ) ;
#132 = AXIS2_PLACEMENT_3D ( 'NONE', #857, #2631, #3104 ) ;
#133 = DIRECTION ( 'NONE',  ( 1.000000000000000000, 0.0000000000000000000, 0.0000000000000000000 ) ) ;
#134 = ORIENTED_EDGE ( 'NONE', *, *, #1718, .T. ) ;
#135 = VECTOR ( 'NONE', #2313, 1000.000000000000000 ) ;
#136 = CARTESIAN_POINT ( 'NONE',  ( 3.000000000000000000, 1.467624384280025174, -2.542000000000013138 ) ) ;
#137 = VECTOR ( 'NONE', #2803, 1000.000000000000000 ) ;
#138 = EDGE_LOOP ( 'NONE', ( #252, #1580, #2281, #2939, #2293, #1162 ) ) ;
#139 = LINE ( 'NONE', #634, #2807 ) ;
#140 = CARTESIAN_POINT ( 'NONE',  ( 9.388265079937282209, 1.538505424164598729E-15, 0.0000000000000000000 ) ) ;
#141 = VERTEX_POINT ( 'NONE', #2073 ) ;
#142 = ADVANCED_FACE ( 'NONE', ( #2720 ), #397, .T. ) ;
#143 = CARTESIAN_POINT ( 'NONE',  ( 9.611734920062710685, 1.443411047392888001E-15, 0.0000000000000000000 ) ) ;
#144 = FACE_OUTER_BOUND ( 'NONE', #202, .T. ) ;
#145 = CARTESIAN_POINT ( 'NONE',  ( -31.74999999999995737, 0.0000000000000000000, 0.0000000000000000000 ) ) ;
#146 = EDGE_CURVE ( 'NONE', #3038, #130, #1258, .T. ) ;
#147 = CARTESIAN_POINT ( 'NONE',  ( 20.61173492006271246, 1.443411047392888001E-15, 0.0000000000000000000 ) ) ;
#148 = CIRCLE ( 'NONE', #1858, 3.000000000000001776 ) ;
#149 = VERTEX_POINT ( 'NONE', #896 ) ;
#150 = DIRECTION ( 'NONE',  ( 0.0000000000000000000, -1.000000000000000000, 0.0000000000000000000 ) ) ;
#151 = SURFACE_STYLE_FILL_AREA ( #182 ) ;
#152 = DIRECTION ( 'NONE',  ( 0.0000000000000000000, -1.000000000000000000, 0.0000000000000000000 ) ) ;
#153 = ORIENTED_EDGE ( 'NONE', *, *, #662, .F. ) ;
#154 = DIRECTION ( 'NONE',  ( 0.0000000000000000000, -1.000000000000000000, 0.0000000000000000000 ) ) ;
#155 = DIRECTION ( 'NONE',  ( -1.000000000000000000, -0.0000000000000000000, -0.0000000000000000000 ) ) ;
#156 = CARTESIAN_POINT ( 'NONE',  ( 18.38826507993728399, 1.538505424164598729E-15, 0.0000000000000000000 ) ) ;
#157 = CIRCLE ( 'NONE', #1128, 3.000000000000001776 ) ;
#158 = ADVANCED_FACE ( 'NONE', ( #3110 ), #77, .T. ) ;
#159 = ORIENTED_EDGE ( 'NONE', *, *, #608, .T. ) ;
#160 = DIRECTION ( 'NONE',  ( -1.000000000000000000, -0.0000000000000000000, -0.0000000000000000000 ) ) ;
#161 = CARTESIAN_POINT ( 'NONE',  ( -31.74999999999995737, 0.0000000000000000000, 0.0000000000000000000 ) ) ;
#162 = ORIENTED_EDGE ( 'NONE', *, *, #1203, .T. ) ;
#163 = ORIENTED_EDGE ( 'NONE', *, *, #2827, .F. ) ;
#164 = ORIENTED_EDGE ( 'NONE', *, *, #2993, .T. ) ;
#165 = EDGE_CURVE ( 'NONE', #3012, #1461, #2275, .T. ) ;
#166 = AXIS2_PLACEMENT_3D ( 'NONE', #1715, #1192, #1219 ) ;
#167 = DIRECTION ( 'NONE',  ( -1.000000000000000000, -0.0000000000000000000, -0.0000000000000000000 ) ) ;
#168 = CARTESIAN_POINT ( 'NONE',  ( 9.000000000000000000, 1.490958235778743760E-15, 0.0000000000000000000 ) ) ;
#169 = DIRECTION ( 'NONE',  ( -1.000000000000000000, -1.224606353822377258E-16, -0.0000000000000000000 ) ) ;
#170 = AXIS2_PLACEMENT_3D ( 'NONE', #2224, #3093, #1561 ) ;
#171 = ORIENTED_EDGE ( 'NONE', *, *, #1780, .F. ) ;
#172 = VECTOR ( 'NONE', #109, 1000.000000000000000 ) ;
#173 = AXIS2_PLACEMENT_3D ( 'NONE', #796, #1402, #2386 ) ;
#174 = FACE_OUTER_BOUND ( 'NONE', #807, .T. ) ;
#175 = CARTESIAN_POINT ( 'NONE',  ( 13.38826507993728221, -3.000000000000000000, 3.673940397442061840E-16 ) ) ;
#176 = ORIENTED_EDGE ( 'NONE', *, *, #1935, .T. ) ;
#177 = VECTOR ( 'NONE', #2494, 1000.000000000000000 ) ;
#178 = CARTESIAN_POINT ( 'NONE',  ( 13.38826507993728221, 3.000000000000003109, 0.0000000000000000000 ) ) ;
#179 = ORIENTED_EDGE ( 'NONE', *, *, #963, .F. ) ;
#180 = LINE ( 'NONE', #2502, #135 ) ;
#181 = DIRECTION ( 'NONE',  ( 1.000000000000000000, 1.224606353822377258E-16, 0.0000000000000000000 ) ) ;
#182 = FILL_AREA_STYLE ('',( #1479 ) ) ;
#183 = EDGE_CURVE ( 'NONE', #2094, #2332, #2909, .T. ) ;
#184 = CARTESIAN_POINT ( 'NONE',  ( -31.74999999999995737, 0.0000000000000000000, 0.0000000000000000000 ) ) ;
#185 = FACE_OUTER_BOUND ( 'NONE', #1342, .T. ) ;
#186 = EDGE_LOOP ( 'NONE', ( #1563, #2115, #2546, #2333, #1079 ) ) ;
#187 = DIRECTION ( 'NONE',  ( -1.000000000000000000, -1.224606353822377258E-16, -0.0000000000000000000 ) ) ;
#188 = CARTESIAN_POINT ( 'NONE',  ( 16.00000000000000000, 1.490958235778743760E-15, 0.0000000000000000000 ) ) ;
#189 = DIRECTION ( 'NONE',  ( 0.0000000000000000000, -1.000000000000000000, 0.0000000000000000000 ) ) ;
#190 = ORIENTED_EDGE ( 'NONE', *, *, #196, .T. ) ;
#191 = EDGE_LOOP ( 'NONE', ( #272, #153, #656, #2085, #750 ) ) ;
#192 = CARTESIAN_POINT ( 'NONE',  ( 10.38826507993728399, 1.538505424164598729E-15, 0.0000000000000000000 ) ) ;
#193 = VECTOR ( 'NONE', #2728, 1000.000000000000000 ) ;
#194 = ORIENTED_EDGE ( 'NONE', *, *, #1625, .F. ) ;
#195 = DIRECTION ( 'NONE',  ( 0.0000000000000000000, -0.5000000000000011102, -0.8660254037844379305 ) ) ;
#196 = EDGE_CURVE ( 'NONE', #2946, #3217, #1533, .T. ) ;
#197 = DIRECTION ( 'NONE',  ( -1.000000000000000000, -1.224606353822377258E-16, -0.0000000000000000000 ) ) ;
#198 = ORIENTED_EDGE ( 'NONE', *, *, #863, .T. ) ;
#199 = ADVANCED_FACE ( 'NONE', ( #2146 ), #1339, .T. ) ;
#200 = DIRECTION ( 'NONE',  ( -1.000000000000000000, -1.224606353822377258E-16, -0.0000000000000000000 ) ) ;
#201 = STYLED_ITEM ( 'NONE', ( #2443 ), #3030 ) ;
#202 = EDGE_LOOP ( 'NONE', ( #1380, #852, #1815, #164, #1134 ) ) ;
#203 = DIRECTION ( 'NONE',  ( 0.0000000000000000000, -1.000000000000000000, 0.0000000000000000000 ) ) ;
#204 = ORIENTED_EDGE ( 'NONE', *, *, #1651, .T. ) ;
#205 = EDGE_CURVE ( 'NONE', #2005, #438, #282, .T. ) ;
#206 = ORIENTED_EDGE ( 'NONE', *, *, #2901, .T. ) ;
#207 = DIRECTION ( 'NONE',  ( 0.5735764363510450492, 0.8191520442889925757, 0.0000000000000000000 ) ) ;
#208 = CARTESIAN_POINT ( 'NONE',  ( 14.61173492006271069, -2.999999999999999556, 0.0000000000000000000 ) ) ;
#209 = ORIENTED_EDGE ( 'NONE', *, *, #2250, .F. ) ;
#210 = ORIENTED_EDGE ( 'NONE', *, *, #1420, .F. ) ;
#211 = EDGE_CURVE ( 'NONE', #660, #2191, #972, .T. ) ;
#212 = VERTEX_POINT ( 'NONE', #998 ) ;
#213 = CARTESIAN_POINT ( 'NONE',  ( 9.999999999999998224, 2.445500000000003116, 0.0000000000000000000 ) ) ;
#214 = AXIS2_PLACEMENT_3D ( 'NONE', #1941, #325, #2393 ) ;
#215 = CIRCLE ( 'NONE', #1647, 3.000000000000001776 ) ;
#216 = CARTESIAN_POINT ( 'NONE',  ( 9.999999999999998224, 1.490958235778743760E-15, 0.0000000000000000000 ) ) ;
#217 = ORIENTED_EDGE ( 'NONE', *, *, #3054, .F. ) ;
#218 = ORIENTED_EDGE ( 'NONE', *, *, #2989, .T. ) ;
#219 = DIRECTION ( 'NONE',  ( -0.5735764363510507113, 0.8191520442889885789, 1.003171929053520926E-16 ) ) ;
#220 = CIRCLE ( 'NONE', #173, 2.445500000000001783 ) ;
#221 = VECTOR ( 'NONE', #2189, 1000.000000000000000 ) ;
#222 = CARTESIAN_POINT ( 'NONE',  ( 15.38826507993728221, 1.538505424164598729E-15, 0.0000000000000000000 ) ) ;
#223 = CONICAL_SURFACE ( 'NONE', #2346, 2.445500000000000007, 0.7853981633971451881 ) ;
#224 = DIRECTION ( 'NONE',  ( -1.000000000000000000, -1.224606353822377258E-16, -0.0000000000000000000 ) ) ;
#225 = DIRECTION ( 'NONE',  ( -1.000000000000000000, -1.224606353822377258E-16, -0.0000000000000000000 ) ) ;
#226 = EDGE_LOOP ( 'NONE', ( #2804, #994, #21, #2862, #568 ) ) ;
#227 = DIRECTION ( 'NONE',  ( -1.000000000000000000, -0.0000000000000000000, -0.0000000000000000000 ) ) ;
#228 = CARTESIAN_POINT ( 'NONE',  ( 13.99999999999999822, -2.445500000000000451, 0.0000000000000000000 ) ) ;
#229 = EDGE_CURVE ( 'NONE', #1054, #3076, #811, .T. ) ;
#230 = AXIS2_PLACEMENT_3D ( 'NONE', #2847, #2639, #1534 ) ;
#231 = EDGE_CURVE ( 'NONE', #1495, #695, #2062, .T. ) ;
#232 = ORIENTED_EDGE ( 'NONE', *, *, #1780, .T. ) ;
#233 = AXIS2_PLACEMENT_3D ( 'NONE', #2424, #1322, #2585 ) ;
#234 = CARTESIAN_POINT ( 'NONE',  ( 9.999999999999998224, 1.490958235778743760E-15, 0.0000000000000000000 ) ) ;
#235 = CARTESIAN_POINT ( 'NONE',  ( 9.388265079937282209, 3.673940397441598877E-16, -3.000000000000001776 ) ) ;
#236 = DIRECTION ( 'NONE',  ( 0.0000000000000000000, -1.000000000000000000, 0.0000000000000000000 ) ) ;
#237 = CIRCLE ( 'NONE', #912, 3.000000000000001776 ) ;
#238 = CARTESIAN_POINT ( 'NONE',  ( 18.61173492006271246, 1.443411047392888001E-15, 0.0000000000000000000 ) ) ;
#239 = ORIENTED_EDGE ( 'NONE', *, *, #2500, .T. ) ;
#240 = EDGE_CURVE ( 'NONE', #1595, #2196, #573, .T. ) ;
#241 = AXIS2_PLACEMENT_3D ( 'NONE', #1239, #1299, #2530 ) ;
#242 = CONICAL_SURFACE ( 'NONE', #458, 2.445500000000001783, 0.9599310885968758145 ) ;
#243 = ORIENTED_EDGE ( 'NONE', *, *, #1583, .F. ) ;
#244 = CARTESIAN_POINT ( 'NONE',  ( 3.000000000000000000, 1.467624384280032057, 2.541999999999982940 ) ) ;
#245 = EDGE_CURVE ( 'NONE', #2571, #7, #52, .T. ) ;
#246 = DIRECTION ( 'NONE',  ( 0.0000000000000000000, 0.0000000000000000000, 1.000000000000000000 ) ) ;
#247 = DIRECTION ( 'NONE',  ( -1.000000000000000000, -0.0000000000000000000, -0.0000000000000000000 ) ) ;
#248 = LINE ( 'NONE', #2322, #270 ) ;
#249 = DIRECTION ( 'NONE',  ( -1.000000000000000000, -1.224606353822377258E-16, -0.0000000000000000000 ) ) ;
#250 = DIRECTION ( 'NONE',  ( -1.000000000000000000, -1.224606353822377258E-16, -0.0000000000000000000 ) ) ;
#251 = DIRECTION ( 'NONE',  ( 0.0000000000000000000, -1.000000000000000000, 0.0000000000000000000 ) ) ;
#252 = ORIENTED_EDGE ( 'NONE', *, *, #2933, .T. ) ;
#253 = CARTESIAN_POINT ( 'NONE',  ( 15.38826507993728221, -3.000000000000000000, 3.673940397442061840E-16 ) ) ;
#254 = DIRECTION ( 'NONE',  ( 0.0000000000000000000, -1.000000000000000000, 0.0000000000000000000 ) ) ;
#255 = VERTEX_POINT ( 'NONE', #2467 ) ;
#256 = CONICAL_SURFACE ( 'NONE', #1967, 3.000000000000001776, 0.9599310885968824758 ) ;
#257 = EDGE_LOOP ( 'NONE', ( #486, #1283, #1477, #1363, #2709 ) ) ;
#258 = CIRCLE ( 'NONE', #1912, 3.000000000000001332 ) ;
#259 = CARTESIAN_POINT ( 'NONE',  ( 3.000000000000000000, 4.402873152840080628, -2.542000000000016691 ) ) ;
#260 = SURFACE_STYLE_USAGE ( .BOTH. , #812 ) ;
#261 = EDGE_CURVE ( 'NONE', #625, #407, #692, .T. ) ;
#262 = CARTESIAN_POINT ( 'NONE',  ( 15.38826507993728221, 3.000000000000003553, 0.0000000000000000000 ) ) ;
#263 = DIRECTION ( 'NONE',  ( 0.0000000000000000000, -1.000000000000000000, 0.0000000000000000000 ) ) ;
#264 = EDGE_CURVE ( 'NONE', #625, #577, #936, .T. ) ;
#265 =( GEOMETRIC_REPRESENTATION_CONTEXT ( 3 ) GLOBAL_UNCERTAINTY_ASSIGNED_CONTEXT ( ( #518 ) ) GLOBAL_UNIT_ASSIGNED_CONTEXT ( ( #562, #1548, #3061 ) ) REPRESENTATION_CONTEXT ( 'NONE', 'WORKASPACE' ) );
#266 = CYLINDRICAL_SURFACE ( 'NONE', #1248, 2.999999999999912070 ) ;
#267 = AXIS2_PLACEMENT_3D ( 'NONE', #878, #1452, #1990 ) ;
#268 = EDGE_LOOP ( 'NONE', ( #999, #1945, #934, #2237, #2536 ) ) ;
#269 = DIRECTION ( 'NONE',  ( -1.000000000000000000, -0.0000000000000000000, -0.0000000000000000000 ) ) ;
#270 = VECTOR ( 'NONE', #1832, 1000.000000000000000 ) ;
#271 = ADVANCED_FACE ( 'NONE', ( #602 ), #742, .T. ) ;
#272 = ORIENTED_EDGE ( 'NONE', *, *, #74, .F. ) ;
#273 = AXIS2_PLACEMENT_3D ( 'NONE', #216, #97, #1253 ) ;
#274 = EDGE_CURVE ( 'NONE', #1949, #2242, #1387, .T. ) ;
#275 = AXIS2_PLACEMENT_3D ( 'NONE', #238, #429, #1512 ) ;
#276 = FACE_OUTER_BOUND ( 'NONE', #1290, .T. ) ;
#277 = AXIS2_PLACEMENT_3D ( 'NONE', #3056, #633, #3107 ) ;
#278 = CONICAL_SURFACE ( 'NONE', #719, 2.541999999999999815, 1.047197551196591858 ) ;
#279 = CARTESIAN_POINT ( 'NONE',  ( -31.74999999999995737, 0.0000000000000000000, 0.0000000000000000000 ) ) ;
#280 = AXIS2_PLACEMENT_3D ( 'NONE', #3225, #1728, #2357 ) ;
#281 = CARTESIAN_POINT ( 'NONE',  ( -31.74999999999995737, 0.0000000000000000000, 0.0000000000000000000 ) ) ;
#282 = CIRCLE ( 'NONE', #170, 3.000000000000001332 ) ;
#283 = ORIENTED_EDGE ( 'NONE', *, *, #2027, .T. ) ;
#284 = CARTESIAN_POINT ( 'NONE',  ( 18.38826507993728399, -3.000000000000000000, 3.673940397442061840E-16 ) ) ;
#285 = EDGE_CURVE ( 'NONE', #407, #3138, #1822, .T. ) ;
#286 = ORIENTED_EDGE ( 'NONE', *, *, #2089, .F. ) ;
#287 = DIRECTION ( 'NONE',  ( 0.0000000000000000000, 1.000000000000000000, 0.0000000000000000000 ) ) ;
#288 = CARTESIAN_POINT ( 'NONE',  ( -31.74999999999995737, 0.0000000000000000000, 0.0000000000000000000 ) ) ;
#289 = DIRECTION ( 'NONE',  ( 0.0000000000000000000, 1.000000000000000000, 0.0000000000000000000 ) ) ;
#290 = CIRCLE ( 'NONE', #3126, 4.700000000000000178 ) ;
#291 = STYLED_ITEM ( 'NONE', ( #2776 ), #2966 ) ;
#292 = AXIS2_PLACEMENT_3D ( 'NONE', #3184, #2035, #1147 ) ;
#293 = CARTESIAN_POINT ( 'NONE',  ( 19.00000000000000000, 2.445500000000003116, 0.0000000000000000000 ) ) ;
#294 = ORIENTED_EDGE ( 'NONE', *, *, #816, .T. ) ;
#295 = VECTOR ( 'NONE', #2083, 999.9999999999998863 ) ;
#296 = DIRECTION ( 'NONE',  ( 0.0000000000000000000, 1.000000000000000000, 0.0000000000000000000 ) ) ;
#297 = ORIENTED_EDGE ( 'NONE', *, *, #2808, .T. ) ;
#298 = AXIS2_PLACEMENT_3D ( 'NONE', #1404, #250, #2222 ) ;
#299 = CONICAL_SURFACE ( 'NONE', #47, 3.000000000000001776, 0.9599310885968824758 ) ;
#300 = ORIENTED_EDGE ( 'NONE', *, *, #1789, .F. ) ;
#301 = DIRECTION ( 'NONE',  ( -1.000000000000000000, -1.224606353822377258E-16, -0.0000000000000000000 ) ) ;
#302 = LINE ( 'NONE', #1433, #193 ) ;
#303 = CIRCLE ( 'NONE', #3196, 3.000000000000001332 ) ;
#304 = EDGE_CURVE ( 'NONE', #2479, #461, #2605, .T. ) ;
#305 =( NAMED_UNIT ( * ) SI_UNIT ( $, .STERADIAN. ) SOLID_ANGLE_UNIT ( ) );
#306 = ORIENTED_EDGE ( 'NONE', *, *, #1496, .T. ) ;
#307 = ORIENTED_EDGE ( 'NONE', *, *, #1392, .F. ) ;
#308 = DIRECTION ( 'NONE',  ( 0.5735764363510452712, -0.8191520442889924647, 1.003171929053525610E-16 ) ) ;
#309 = ADVANCED_FACE ( 'NONE', ( #343 ), #1018, .F. ) ;
#310 = CARTESIAN_POINT ( 'NONE',  ( 13.99999999999999822, 2.445500000000003116, 0.0000000000000000000 ) ) ;
#311 = ORIENTED_EDGE ( 'NONE', *, *, #2193, .T. ) ;
#312 = VERTEX_POINT ( 'NONE', #2330 ) ;
#313 = FACE_OUTER_BOUND ( 'NONE', #1840, .T. ) ;
#314 = CARTESIAN_POINT ( 'NONE',  ( 0.0000000000000000000, 0.0000000000000000000, 0.0000000000000000000 ) ) ;
#315 = VERTEX_POINT ( 'NONE', #1864 ) ;
#316 = DIRECTION ( 'NONE',  ( 0.5735764363510450492, 0.8191520442889925757, 0.0000000000000000000 ) ) ;
#317 = DIRECTION ( 'NONE',  ( -1.000000000000000000, -1.224606353822377258E-16, -0.0000000000000000000 ) ) ;
#318 = ORIENTED_EDGE ( 'NONE', *, *, #1588, .F. ) ;
#319 = DIRECTION ( 'NONE',  ( -0.5735764363510503783, -0.8191520442889886899, 0.0000000000000000000 ) ) ;
#320 = LINE ( 'NONE', #545, #2104 ) ;
#321 = PRODUCT_DEFINITION_CONTEXT ( 'detailed design', #2289, 'design' ) ;
#322 = DIRECTION ( 'NONE',  ( 0.0000000000000000000, -1.000000000000000000, 0.0000000000000000000 ) ) ;
#323 = CARTESIAN_POINT ( 'NONE',  ( 16.38826507993728043, 1.538505424164598729E-15, 0.0000000000000000000 ) ) ;
#324 = ORIENTED_EDGE ( 'NONE', *, *, #274, .T. ) ;
#325 = DIRECTION ( 'NONE',  ( -1.000000000000000000, -0.0000000000000000000, -0.0000000000000000000 ) ) ;
#326 = ORIENTED_EDGE ( 'NONE', *, *, #3278, .T. ) ;
#327 = ORIENTED_EDGE ( 'NONE', *, *, #1985, .F. ) ;
#328 = DIRECTION ( 'NONE',  ( 0.0000000000000000000, 1.000000000000000000, 0.0000000000000000000 ) ) ;
#329 = CYLINDRICAL_SURFACE ( 'NONE', #214, 2.999999999999912070 ) ;
#331 = VERTEX_POINT ( 'NONE', #2673 ) ;
#330 = ADVANCED_FACE ( 'NONE', ( #610 ), #95, .T. ) ;
#332 = EDGE_CURVE ( 'NONE', #1821, #2094, #1470, .T. ) ;
#333 = DIRECTION ( 'NONE',  ( -1.000000000000000000, -1.224606353822377258E-16, -0.0000000000000000000 ) ) ;
#334 = ORIENTED_EDGE ( 'NONE', *, *, #1861, .T. ) ;
#335 = CIRCLE ( 'NONE', #2668, 3.000000000000001776 ) ;
#336 = DIRECTION ( 'NONE',  ( -1.000000000000000000, -1.224606353822377258E-16, -0.0000000000000000000 ) ) ;
#337 = EDGE_CURVE ( 'NONE', #1742, #799, #2316, .T. ) ;
#338 = ORIENTED_EDGE ( 'NONE', *, *, #2998, .T. ) ;
#339 = ORIENTED_EDGE ( 'NONE', *, *, #3261, .T. ) ;
#340 = LINE ( 'NONE', #29, #2339 ) ;
#341 = ORIENTED_EDGE ( 'NONE', *, *, #727, .T. ) ;
#342 = DIRECTION ( 'NONE',  ( 0.0000000000000000000, 1.000000000000000000, 0.0000000000000000000 ) ) ;
#343 = FACE_OUTER_BOUND ( 'NONE', #2048, .T. ) ;
#344 = EDGE_CURVE ( 'NONE', #2481, #1800, #1683, .T. ) ;
#345 = AXIS2_PLACEMENT_3D ( 'NONE', #911, #1123, #498 ) ;
#346 = SURFACE_SIDE_STYLE ('',( #1276 ) ) ;
#347 = DIRECTION ( 'NONE',  ( 0.0000000000000000000, -1.000000000000000000, 0.0000000000000000000 ) ) ;
#348 = CARTESIAN_POINT ( 'NONE',  ( 22.00000000000000000, 2.994873747314852478E-16, -2.445500000000000007 ) ) ;
#349 = ADVANCED_FACE ( 'NONE', ( #313 ), #2682, .T. ) ;
#350 = SURFACE_STYLE_USAGE ( .BOTH. , #651 ) ;
#351 = CIRCLE ( 'NONE', #1849, 2.445500000000001783 ) ;
#352 = CIRCLE ( 'NONE', #621, 3.000000000000001332 ) ;
#353 = EDGE_CURVE ( 'NONE', #861, #2041, #478, .T. ) ;
#354 = AXIS2_PLACEMENT_3D ( 'NONE', #1081, #187, #1397 ) ;
#355 = DIRECTION ( 'NONE',  ( -1.000000000000000000, -0.0000000000000000000, -0.0000000000000000000 ) ) ;
#356 = VECTOR ( 'NONE', #2999, 1000.000000000000114 ) ;
#357 = EDGE_CURVE ( 'NONE', #2191, #3086, #996, .T. ) ;
#358 = CARTESIAN_POINT ( 'NONE',  ( -31.74999999999995737, 0.0000000000000000000, 5.000000000000000000 ) ) ;
#359 = CIRCLE ( 'NONE', #1458, 2.445500000000001783 ) ;
#360 = ORIENTED_EDGE ( 'NONE', *, *, #2050, .F. ) ;
#361 = DIRECTION ( 'NONE',  ( 0.0000000000000000000, 0.0000000000000000000, 1.000000000000000000 ) ) ;
#362 = DIRECTION ( 'NONE',  ( 0.0000000000000000000, -1.000000000000000000, 0.0000000000000000000 ) ) ;
#363 = AXIS2_PLACEMENT_3D ( 'NONE', #1795, #1412, #1885 ) ;
#364 = FACE_BOUND ( 'NONE', #548, .T. ) ;
#365 = ADVANCED_FACE ( 'NONE', ( #2958 ), #943, .T. ) ;
#366 = DIRECTION ( 'NONE',  ( 1.000000000000000000, 1.224606353822377258E-16, 0.0000000000000000000 ) ) ;
#367 = EDGE_LOOP ( 'NONE', ( #938, #1015, #3208, #538, #945, #1130 ) ) ;
#368 = DIRECTION ( 'NONE',  ( 0.0000000000000000000, -1.000000000000000000, 0.0000000000000000000 ) ) ;
#369 = DIRECTION ( 'NONE',  ( -1.000000000000000000, -1.224606353822377258E-16, -0.0000000000000000000 ) ) ;
#370 = CARTESIAN_POINT ( 'NONE',  ( -31.74999999999995737, 3.673940397441951893E-16, -2.999999999999912070 ) ) ;
#371 = CIRCLE ( 'NONE', #3036, 0.2999999999999999334 ) ;
#372 = AXIS2_PLACEMENT_3D ( 'NONE', #2927, #2461, #1868 ) ;
#373 = ORIENTED_EDGE ( 'NONE', *, *, #231, .T. ) ;
#374 =( NAMED_UNIT ( * ) PLANE_ANGLE_UNIT ( ) SI_UNIT ( $, .RADIAN. ) );
#375 = DIRECTION ( 'NONE',  ( 1.000000000000000000, 1.224606353822377258E-16, 0.0000000000000000000 ) ) ;
#376 = CIRCLE ( 'NONE', #2841, 3.000000000000001332 ) ;
#377 = DIRECTION ( 'NONE',  ( 0.0000000000000000000, 0.0000000000000000000, -1.000000000000000000 ) ) ;
#378 = FACE_OUTER_BOUND ( 'NONE', #1117, .T. ) ;
#379 = ORIENTED_EDGE ( 'NONE', *, *, #1171, .F. ) ;
#380 = DIRECTION ( 'NONE',  ( 0.0000000000000000000, -1.000000000000000000, 0.0000000000000000000 ) ) ;
#381 = ORIENTED_EDGE ( 'NONE', *, *, #941, .T. ) ;
#382 = CARTESIAN_POINT ( 'NONE',  ( 14.38826507993728399, -3.000000000000000000, 3.673940397442061840E-16 ) ) ;
#383 = VECTOR ( 'NONE', #1987, 999.9999999999998863 ) ;
#384 = AXIS2_PLACEMENT_3D ( 'NONE', #2202, #1288, #2126 ) ;
#385 = EDGE_LOOP ( 'NONE', ( #2949, #1592, #551 ) ) ;
#386 = DIRECTION ( 'NONE',  ( 0.0000000000000000000, -1.000000000000000000, 0.0000000000000000000 ) ) ;
#387 = CIRCLE ( 'NONE', #1045, 2.445500000000001783 ) ;
#388 = UNCERTAINTY_MEASURE_WITH_UNIT (LENGTH_MEASURE( 1.000000000000000082E-05 ), #2252, 'distance_accuracy_value', 'NONE');
#389 = EDGE_LOOP ( 'NONE', ( #2490, #3150, #2558, #1892, #2928 ) ) ;
#390 = LINE ( 'NONE', #2566, #2263 ) ;
#391 = ADVANCED_FACE ( 'NONE', ( #2139 ), #242, .T. ) ;
#392 = DIRECTION ( 'NONE',  ( 0.0000000000000000000, 0.0000000000000000000, 1.000000000000000000 ) ) ;
#393 = ORIENTED_EDGE ( 'NONE', *, *, #2737, .F. ) ;
#394 =( NAMED_UNIT ( * ) SI_UNIT ( $, .STERADIAN. ) SOLID_ANGLE_UNIT ( ) );
#395 = CIRCLE ( 'NONE', #2913, 2.445500000000001783 ) ;
#396 = AXIS2_PLACEMENT_3D ( 'NONE', #3022, #2917, #3172 ) ;
#397 = PLANE ( 'NONE',  #2636 ) ;
#398 = ORIENTED_EDGE ( 'NONE', *, *, #1486, .T. ) ;
#399 = LINE ( 'NONE', #1823, #295 ) ;
#400 = CARTESIAN_POINT ( 'NONE',  ( 11.38826507993728221, 3.673940397441600850E-16, -3.000000000000001776 ) ) ;
#401 =( LENGTH_UNIT ( ) NAMED_UNIT ( * ) SI_UNIT ( .MILLI., .METRE. ) );
#402 = DIRECTION ( 'NONE',  ( 0.0000000000000000000, -1.000000000000000000, 0.0000000000000000000 ) ) ;
#403 = VERTEX_POINT ( 'NONE', #2955 ) ;
#404 = CARTESIAN_POINT ( 'NONE',  ( 21.38826507993728399, -4.602972567085493689E-29, 3.000000000000001776 ) ) ;
#405 = ADVANCED_FACE ( 'NONE', ( #3095 ), #721, .T. ) ;
#406 = VECTOR ( 'NONE', #637, 1000.000000000000000 ) ;
#407 = VERTEX_POINT ( 'NONE', #1168 ) ;
#408 = SURFACE_SIDE_STYLE ('',( #17 ) ) ;
#409 = EDGE_CURVE ( 'NONE', #1949, #1250, #534, .T. ) ;
#410 = CARTESIAN_POINT ( 'NONE',  ( 3.000000000000000000, -1.467624384280023397, 2.541999999999986937 ) ) ;
#411 = CIRCLE ( 'NONE', #2159, 2.445500000000001783 ) ;
#412 = CONICAL_SURFACE ( 'NONE', #2244, 2.445500000000001783, 0.9599310885968758145 ) ;
#413 = CIRCLE ( 'NONE', #419, 2.541999999999999815 ) ;
#414 = AXIS2_PLACEMENT_3D ( 'NONE', #2796, #3074, #251 ) ;
#415 = EDGE_LOOP ( 'NONE', ( #2314, #3102, #1467, #3281, #3214 ) ) ;
#416 = ORIENTED_EDGE ( 'NONE', *, *, #658, .T. ) ;
#417 = EDGE_CURVE ( 'NONE', #2632, #1974, #890, .T. ) ;
#418 = AXIS2_PLACEMENT_3D ( 'NONE', #234, #2604, #1965 ) ;
#419 = AXIS2_PLACEMENT_3D ( 'NONE', #784, #732, #1844 ) ;
#420 = CIRCLE ( 'NONE', #2063, 2.999999999999823252 ) ;
#421 = ORIENTED_EDGE ( 'NONE', *, *, #2360, .F. ) ;
#422 = DIRECTION ( 'NONE',  ( -0.5000000000000051070, 0.0000000000000000000, 0.8660254037844355990 ) ) ;
#423 = CIRCLE ( 'NONE', #2587, 3.249999999999911626 ) ;
#424 = AXIS2_PLACEMENT_3D ( 'NONE', #1598, #35, #586 ) ;
#425 = ORIENTED_EDGE ( 'NONE', *, *, #457, .F. ) ;
#426 = DIRECTION ( 'NONE',  ( -1.000000000000000000, -0.0000000000000000000, -0.0000000000000000000 ) ) ;
#427 = ORIENTED_EDGE ( 'NONE', *, *, #2368, .T. ) ;
#428 = DIRECTION ( 'NONE',  ( -1.000000000000000000, -1.224606353822377258E-16, -0.0000000000000000000 ) ) ;
#429 = DIRECTION ( 'NONE',  ( -1.000000000000000000, -1.224606353822377258E-16, -0.0000000000000000000 ) ) ;
#430 = LINE ( 'NONE', #1765, #786 ) ;
#431 = VERTEX_POINT ( 'NONE', #1183 ) ;
#432 = CIRCLE ( 'NONE', #2391, 3.000000000000001332 ) ;
#433 = CARTESIAN_POINT ( 'NONE',  ( 6.000000000000000000, 0.0000000000000000000, 0.0000000000000000000 ) ) ;
#434 = FACE_OUTER_BOUND ( 'NONE', #1216, .T. ) ;
#435 = AXIS2_PLACEMENT_3D ( 'NONE', #1154, #1457, #1655 ) ;
#436 = ORIENTED_EDGE ( 'NONE', *, *, #806, .F. ) ;
#437 = DIRECTION ( 'NONE',  ( -1.000000000000000000, -0.0000000000000000000, -0.0000000000000000000 ) ) ;
#438 = VERTEX_POINT ( 'NONE', #882 ) ;
#439 = DIRECTION ( 'NONE',  ( 0.0000000000000000000, -1.000000000000000000, 0.0000000000000000000 ) ) ;
#440 = PLANE ( 'NONE',  #2940 ) ;
#441 = ORIENTED_EDGE ( 'NONE', *, *, #285, .F. ) ;
#442 = DIRECTION ( 'NONE',  ( -1.000000000000000000, -1.224606353822377258E-16, -0.0000000000000000000 ) ) ;
#443 = DIRECTION ( 'NONE',  ( -1.000000000000000000, -0.0000000000000000000, -0.0000000000000000000 ) ) ;
#444 = VECTOR ( 'NONE', #2039, 1000.000000000000000 ) ;
#445 = ADVANCED_FACE ( 'NONE', ( #1032 ), #2296, .T. ) ;
#446 = ORIENTED_EDGE ( 'NONE', *, *, #1384, .T. ) ;
#447 = VECTOR ( 'NONE', #1251, 1000.000000000000000 ) ;
#448 = CYLINDRICAL_SURFACE ( 'NONE', #1297, 2.999999999999912070 ) ;
#449 = DIRECTION ( 'NONE',  ( -1.000000000000000000, -0.0000000000000000000, -0.0000000000000000000 ) ) ;
#450 = DIRECTION ( 'NONE',  ( 0.0000000000000000000, 0.0000000000000000000, 1.000000000000000000 ) ) ;
#451 = LINE ( 'NONE', #175, #484 ) ;
#452 = EDGE_CURVE ( 'NONE', #1821, #149, #1343, .T. ) ;
#453 = DIRECTION ( 'NONE',  ( 0.0000000000000000000, -1.000000000000000000, 0.0000000000000000000 ) ) ;
#454 = DIRECTION ( 'NONE',  ( 0.0000000000000000000, 0.0000000000000000000, 1.000000000000000000 ) ) ;
#455 = VECTOR ( 'NONE', #195, 1000.000000000000114 ) ;
#456 = ORIENTED_EDGE ( 'NONE', *, *, #1848, .T. ) ;
#457 = EDGE_CURVE ( 'NONE', #2462, #1742, #3020, .T. ) ;
#458 = AXIS2_PLACEMENT_3D ( 'NONE', #490, #1629, #347 ) ;
#459 = DIRECTION ( 'NONE',  ( 0.0000000000000000000, -1.000000000000000000, 0.0000000000000000000 ) ) ;
#460 = EDGE_CURVE ( 'NONE', #3138, #1665, #1025, .T. ) ;
#461 = VERTEX_POINT ( 'NONE', #1370 ) ;
#462 = CARTESIAN_POINT ( 'NONE',  ( 3.000000000000000000, 2.935248768560056565, -1.647987302177966740E-14 ) ) ;
#463 = CYLINDRICAL_SURFACE ( 'NONE', #862, 2.999999999999912070 ) ;
#464 = DIRECTION ( 'NONE',  ( 1.000000000000000000, 0.0000000000000000000, 0.0000000000000000000 ) ) ;
#465 = DIRECTION ( 'NONE',  ( 0.0000000000000000000, -1.000000000000000000, 0.0000000000000000000 ) ) ;
#466 = CARTESIAN_POINT ( 'NONE',  ( 10.61173492006271069, -4.294823775983535952E-29, 3.000000000000001332 ) ) ;
#467 = ADVANCED_FACE ( 'NONE', ( #2919 ), #657, .F. ) ;
#468 = FACE_OUTER_BOUND ( 'NONE', #1273, .T. ) ;
#469 = DIRECTION ( 'NONE',  ( 0.0000000000000000000, 0.0000000000000000000, -1.000000000000000000 ) ) ;
#470 = ORIENTED_EDGE ( 'NONE', *, *, #2725, .F. ) ;
#471 = AXIS2_PLACEMENT_3D ( 'NONE', #2740, #2816, #1058 ) ;
#472 = ORIENTED_EDGE ( 'NONE', *, *, #1680, .T. ) ;
#473 = ADVANCED_FACE ( 'NONE', ( #364, #1881 ), #1931, .T. ) ;
#474 = LINE ( 'NONE', #2732, #1065 ) ;
#475 = EDGE_LOOP ( 'NONE', ( #2341, #2044, #1201, #1607, #2830 ) ) ;
#476 = VERTEX_POINT ( 'NONE', #404 ) ;
#477 = DIRECTION ( 'NONE',  ( -1.000000000000000000, -1.224606353822377258E-16, -0.0000000000000000000 ) ) ;
#478 = CIRCLE ( 'NONE', #1748, 3.000000000000001332 ) ;
#479 = VERTEX_POINT ( 'NONE', #235 ) ;
#480 = CARTESIAN_POINT ( 'NONE',  ( 16.38826507993728043, -3.000000000000000444, 3.673940397442061840E-16 ) ) ;
#481 = ORIENTED_EDGE ( 'NONE', *, *, #2387, .T. ) ;
#482 = EDGE_CURVE ( 'NONE', #1974, #2992, #100, .T. ) ;
#483 = ORIENTED_EDGE ( 'NONE', *, *, #1345, .T. ) ;
#484 = VECTOR ( 'NONE', #1379, 999.9999999999998863 ) ;
#485 = ORIENTED_EDGE ( 'NONE', *, *, #1328, .T. ) ;
#486 = ORIENTED_EDGE ( 'NONE', *, *, #285, .T. ) ;
#487 = DIRECTION ( 'NONE',  ( -1.000000000000000000, -1.224606353822377258E-16, -0.0000000000000000000 ) ) ;
#488 = ORIENTED_EDGE ( 'NONE', *, *, #969, .T. ) ;
#489 = VECTOR ( 'NONE', #3222, 1000.000000000000000 ) ;
#490 = CARTESIAN_POINT ( 'NONE',  ( 19.99999999999999645, 1.490958235778743760E-15, 0.0000000000000000000 ) ) ;
#491 = CIRCLE ( 'NONE', #3010, 3.000000000000001332 ) ;
#492 = VECTOR ( 'NONE', #2282, 1000.000000000000000 ) ;
#493 = CARTESIAN_POINT ( 'NONE',  ( 15.38826507993728221, 1.538505424164598729E-15, 0.0000000000000000000 ) ) ;
#494 = CIRCLE ( 'NONE', #372, 3.000000000000001332 ) ;
#495 = STYLED_ITEM ( 'NONE', ( #2258 ), #445 ) ;
#496 = CONICAL_SURFACE ( 'NONE', #913, 3.000000000000001776, 0.9599310885968824758 ) ;
#497 = DIRECTION ( 'NONE',  ( -1.000000000000000000, -0.0000000000000000000, -0.0000000000000000000 ) ) ;
#498 = DIRECTION ( 'NONE',  ( 0.0000000000000000000, -1.000000000000000000, 0.0000000000000000000 ) ) ;
#499 = AXIS2_PLACEMENT_3D ( 'NONE', #1391, #594, #1708 ) ;
#500 = ORIENTED_EDGE ( 'NONE', *, *, #211, .F. ) ;
#501 = AXIS2_PLACEMENT_3D ( 'NONE', #1676, #596, #1688 ) ;
#502 = DIRECTION ( 'NONE',  ( 0.5735764363510450492, 0.8191520442889925757, 0.0000000000000000000 ) ) ;
#503 = CONICAL_SURFACE ( 'NONE', #549, 2.445500000000001783, 0.9599310885968758145 ) ;
#504 = AXIS2_PLACEMENT_3D ( 'NONE', #1197, #797, #361 ) ;
#505 = LINE ( 'NONE', #1338, #535 ) ;
#506 = AXIS2_PLACEMENT_3D ( 'NONE', #2351, #2951, #2020 ) ;
#507 = FACE_OUTER_BOUND ( 'NONE', #2213, .T. ) ;
#508 = CARTESIAN_POINT ( 'NONE',  ( -31.74999999999995737, 0.0000000000000000000, 0.0000000000000000000 ) ) ;
#509 = DIRECTION ( 'NONE',  ( 0.5735764363510450492, 0.8191520442889925757, 0.0000000000000000000 ) ) ;
#510 = ORIENTED_EDGE ( 'NONE', *, *, #2137, .T. ) ;
#511 = ORIENTED_EDGE ( 'NONE', *, *, #75, .F. ) ;
#512 = EDGE_CURVE ( 'NONE', #2335, #1193, #1352, .T. ) ;
#513 = DIRECTION ( 'NONE',  ( 0.5735764363510450492, 0.8191520442889925757, 0.0000000000000000000 ) ) ;
#514 = CIRCLE ( 'NONE', #3163, 3.000000000000001776 ) ;
#515 = ORIENTED_EDGE ( 'NONE', *, *, #82, .F. ) ;
#516 = DIRECTION ( 'NONE',  ( -1.000000000000000000, -1.224606353822377258E-16, -0.0000000000000000000 ) ) ;
#517 = LINE ( 'NONE', #1891, #492 ) ;
#518 = UNCERTAINTY_MEASURE_WITH_UNIT (LENGTH_MEASURE( 1.000000000000000082E-05 ), #562, 'distance_accuracy_value', 'NONE');
#519 = ADVANCED_FACE ( 'NONE', ( #1122, #2054 ), #1076, .T. ) ;
#520 = ORIENTED_EDGE ( 'NONE', *, *, #757, .T. ) ;
#521 = EDGE_CURVE ( 'NONE', #827, #1878, #1964, .T. ) ;
#522 = MECHANICAL_DESIGN_GEOMETRIC_PRESENTATION_REPRESENTATION (  '', ( #55 ), #2216 ) ;
#523 = ORIENTED_EDGE ( 'NONE', *, *, #1365, .T. ) ;
#524 = DIRECTION ( 'NONE',  ( -1.000000000000000000, -0.0000000000000000000, -0.0000000000000000000 ) ) ;
#525 = DIRECTION ( 'NONE',  ( -0.5735764363510503783, -0.8191520442889886899, 0.0000000000000000000 ) ) ;
#526 = VERTEX_POINT ( 'NONE', #1725 ) ;
#527 = ORIENTED_EDGE ( 'NONE', *, *, #2098, .T. ) ;
#528 = AXIS2_PLACEMENT_3D ( 'NONE', #2262, #1798, #2409 ) ;
#529 = CIRCLE ( 'NONE', #1088, 2.541999999999999815 ) ;
#530 = AXIS2_PLACEMENT_3D ( 'NONE', #1564, #2343, #246 ) ;
#531 = ORIENTED_EDGE ( 'NONE', *, *, #1405, .T. ) ;
#532 = DIRECTION ( 'NONE',  ( 1.000000000000000000, 1.224606353822377258E-16, 0.0000000000000000000 ) ) ;
#533 = DIRECTION ( 'NONE',  ( 0.0000000000000000000, 0.0000000000000000000, 1.000000000000000000 ) ) ;
#534 = LINE ( 'NONE', #1645, #2784 ) ;
#535 = VECTOR ( 'NONE', #961, 1000.000000000000000 ) ;
#536 = CONICAL_SURFACE ( 'NONE', #2318, 2.445500000000001783, 0.9599310885968758145 ) ;
#537 = SURFACE_SIDE_STYLE ('',( #2458 ) ) ;
#538 = ORIENTED_EDGE ( 'NONE', *, *, #1925, .F. ) ;
#539 = CARTESIAN_POINT ( 'NONE',  ( 16.38826507993728043, 1.538505424164598729E-15, 0.0000000000000000000 ) ) ;
#540 = FACE_OUTER_BOUND ( 'NONE', #1403, .T. ) ;
#541 = VERTEX_POINT ( 'NONE', #1802 ) ;
#542 = EDGE_CURVE ( 'NONE', #2092, #660, #2789, .T. ) ;
#543 = CARTESIAN_POINT ( 'NONE',  ( 13.99999999999999822, 1.490958235778743760E-15, 0.0000000000000000000 ) ) ;
#544 = LINE ( 'NONE', #228, #2247 ) ;
#545 = CARTESIAN_POINT ( 'NONE',  ( -31.74999999999995737, 0.0000000000000000000, 2.999999999999912070 ) ) ;
#546 = EDGE_LOOP ( 'NONE', ( #1298, #2960, #2046, #1243, #1509 ) ) ;
#547 =( NAMED_UNIT ( * ) PLANE_ANGLE_UNIT ( ) SI_UNIT ( $, .RADIAN. ) );
#548 = EDGE_LOOP ( 'NONE', ( #708, #1149 ) ) ;
#549 = AXIS2_PLACEMENT_3D ( 'NONE', #33, #1807, #1744 ) ;
#550 = ORIENTED_EDGE ( 'NONE', *, *, #46, .T. ) ;
#551 = ORIENTED_EDGE ( 'NONE', *, *, #1684, .F. ) ;
#552 =( NAMED_UNIT ( * ) PLANE_ANGLE_UNIT ( ) SI_UNIT ( $, .RADIAN. ) );
#553 = FACE_OUTER_BOUND ( 'NONE', #2535, .T. ) ;
#554 = EDGE_CURVE ( 'NONE', #2632, #1054, #1112, .T. ) ;
#555 = EDGE_LOOP ( 'NONE', ( #3240, #1826, #2245, #341, #1472 ) ) ;
#556 = CIRCLE ( 'NONE', #2327, 3.000000000000001332 ) ;
#557 = CARTESIAN_POINT ( 'NONE',  ( 3.000000000000000000, 2.935248768560056565, -1.647987302177966740E-14 ) ) ;
#558 = FACE_OUTER_BOUND ( 'NONE', #1778, .T. ) ;
#559 = DIRECTION ( 'NONE',  ( -1.000000000000000000, -1.224606353822377258E-16, -0.0000000000000000000 ) ) ;
#560 = EDGE_LOOP ( 'NONE', ( #865, #2814, #51, #24, #2826 ) ) ;
#561 = ORIENTED_EDGE ( 'NONE', *, *, #3164, .T. ) ;
#562 =( LENGTH_UNIT ( ) NAMED_UNIT ( * ) SI_UNIT ( .MILLI., .METRE. ) );
#563 = EDGE_CURVE ( 'NONE', #461, #1508, #2932, .T. ) ;
#564 = ORIENTED_EDGE ( 'NONE', *, *, #701, .T. ) ;
#565 = CARTESIAN_POINT ( 'NONE',  ( 5.999999999999998224, 0.0000000000000000000, 0.0000000000000000000 ) ) ;
#566 = LINE ( 'NONE', #2786, #137 ) ;
#567 = CARTESIAN_POINT ( 'NONE',  ( 16.61173492006270891, -3.000000000000004885, 0.0000000000000000000 ) ) ;
#568 = ORIENTED_EDGE ( 'NONE', *, *, #3114, .F. ) ;
#569 = CYLINDRICAL_SURFACE ( 'NONE', #530, 2.999999999999912070 ) ;
#570 = LINE ( 'NONE', #1073, #582 ) ;
#571 = EDGE_CURVE ( 'NONE', #2843, #1660, #820, .T. ) ;
#572 = AXIS2_PLACEMENT_3D ( 'NONE', #2781, #3133, #2755 ) ;
#573 = CIRCLE ( 'NONE', #506, 2.445500000000001783 ) ;
#574 = CONICAL_SURFACE ( 'NONE', #781, 2.445500000000001783, 0.9599310885968758145 ) ;
#575 = ORIENTED_EDGE ( 'NONE', *, *, #2387, .F. ) ;
#576 = EDGE_LOOP ( 'NONE', ( #2394, #1077, #2120, #2972, #679 ) ) ;
#577 = VERTEX_POINT ( 'NONE', #1808 ) ;
#578 = DIRECTION ( 'NONE',  ( 0.0000000000000000000, -1.000000000000000000, 0.0000000000000000000 ) ) ;
#579 = LINE ( 'NONE', #2477, #706 ) ;
#580 = CARTESIAN_POINT ( 'NONE',  ( -31.74999999999995737, 0.0000000000000000000, 0.0000000000000000000 ) ) ;
#581 = CARTESIAN_POINT ( 'NONE',  ( -31.74999999999995737, 3.673940397441951893E-16, -2.999999999999912070 ) ) ;
#582 = VECTOR ( 'NONE', #2908, 999.9999999999998863 ) ;
#583 = AXIS2_PLACEMENT_3D ( 'NONE', #2924, #792, #1930 ) ;
#584 = AXIS2_PLACEMENT_3D ( 'NONE', #779, #2971, #3155 ) ;
#585 = FACE_OUTER_BOUND ( 'NONE', #10, .T. ) ;
#586 = DIRECTION ( 'NONE',  ( 0.0000000000000000000, -1.000000000000000000, 0.0000000000000000000 ) ) ;
#587 = CARTESIAN_POINT ( 'NONE',  ( 13.61173492006271069, 3.000000000000003109, 3.673940397442061840E-16 ) ) ;
#588 = ORIENTED_EDGE ( 'NONE', *, *, #977, .T. ) ;
#589 = ORIENTED_EDGE ( 'NONE', *, *, #101, .T. ) ;
#590 = CARTESIAN_POINT ( 'NONE',  ( 11.00000000000000000, 2.445500000000003116, 2.994873747314854943E-16 ) ) ;
#591 = CARTESIAN_POINT ( 'NONE',  ( 17.00000000000000000, 2.445500000000003116, 0.0000000000000000000 ) ) ;
#592 = ORIENTED_EDGE ( 'NONE', *, *, #3125, .T. ) ;
#593 = VERTEX_POINT ( 'NONE', #2255 ) ;
#594 = DIRECTION ( 'NONE',  ( -1.000000000000000000, -1.224606353822377258E-16, -0.0000000000000000000 ) ) ;
#595 = AXIS2_PLACEMENT_3D ( 'NONE', #2586, #2896, #578 ) ;
#596 = DIRECTION ( 'NONE',  ( -1.000000000000000000, -1.224606353822377258E-16, -0.0000000000000000000 ) ) ;
#597 = EDGE_LOOP ( 'NONE', ( #1805, #2203, #1913, #425, #2528 ) ) ;
#598 = ORIENTED_EDGE ( 'NONE', *, *, #1903, .T. ) ;
#599 = DIRECTION ( 'NONE',  ( -1.000000000000000000, -0.0000000000000000000, -0.0000000000000000000 ) ) ;
#600 = AXIS2_PLACEMENT_3D ( 'NONE', #78, #2428, #3263 ) ;
#601 = ADVANCED_FACE ( 'NONE', ( #1012 ), #2991, .T. ) ;
#602 = FACE_OUTER_BOUND ( 'NONE', #2197, .T. ) ;
#603 = CARTESIAN_POINT ( 'NONE',  ( 13.38826507993728221, 1.538505424164598729E-15, 0.0000000000000000000 ) ) ;
#604 = VECTOR ( 'NONE', #2113, 1000.000000000000000 ) ;
#605 = DIRECTION ( 'NONE',  ( -1.000000000000000000, -0.0000000000000000000, -0.0000000000000000000 ) ) ;
#606 = DIRECTION ( 'NONE',  ( -1.000000000000000000, -1.224606353822377258E-16, -0.0000000000000000000 ) ) ;
#607 = LINE ( 'NONE', #2713, #2086 ) ;
#608 = EDGE_CURVE ( 'NONE', #3268, #1306, #1489, .T. ) ;
#609 = CARTESIAN_POINT ( 'NONE',  ( 12.61173492006271069, 1.443411047392888001E-15, 0.0000000000000000000 ) ) ;
#610 = FACE_OUTER_BOUND ( 'NONE', #1942, .T. ) ;
#611 = ORIENTED_EDGE ( 'NONE', *, *, #1831, .T. ) ;
#612 = FACE_OUTER_BOUND ( 'NONE', #2726, .T. ) ;
#613 = CARTESIAN_POINT ( 'NONE',  ( 10.61173492006271069, 3.673940397441631418E-16, -3.000000000000001332 ) ) ;
#614 = DIRECTION ( 'NONE',  ( -0.5735764363510503783, -0.8191520442889886899, 0.0000000000000000000 ) ) ;
#615 = ORIENTED_EDGE ( 'NONE', *, *, #2551, .T. ) ;
#616 = DIRECTION ( 'NONE',  ( -1.000000000000000000, -1.224606353822377258E-16, -0.0000000000000000000 ) ) ;
#617 = VERTEX_POINT ( 'NONE', #1712 ) ;
#618 = EDGE_CURVE ( 'NONE', #3045, #922, #1662, .T. ) ;
#619 = CARTESIAN_POINT ( 'NONE',  ( 10.61173492006271069, 1.443411047392888001E-15, 0.0000000000000000000 ) ) ;
#620 = ORIENTED_EDGE ( 'NONE', *, *, #2170, .T. ) ;
#621 = AXIS2_PLACEMENT_3D ( 'NONE', #2829, #616, #2944 ) ;
#622 = VECTOR ( 'NONE', #3258, 1000.000000000000000 ) ;
#623 = CARTESIAN_POINT ( 'NONE',  ( 3.000000000000000000, 2.201436576420046531, -1.271000000000005903 ) ) ;
#624 = DIRECTION ( 'NONE',  ( 0.0000000000000000000, -1.000000000000000000, 0.0000000000000000000 ) ) ;
#625 = VERTEX_POINT ( 'NONE', #1663 ) ;
#626 = ORIENTED_EDGE ( 'NONE', *, *, #1870, .F. ) ;
#627 = MECHANICAL_DESIGN_GEOMETRIC_PRESENTATION_REPRESENTATION (  '', ( #2922 ), #3245 ) ;
#628 = EDGE_LOOP ( 'NONE', ( #2591, #1465, #564, #1144 ) ) ;
#629 = SURFACE_STYLE_USAGE ( .BOTH. , #408 ) ;
#630 = VERTEX_POINT ( 'NONE', #293 ) ;
#631 = VECTOR ( 'NONE', #2433, 1000.000000000000114 ) ;
#632 = CARTESIAN_POINT ( 'NONE',  ( 12.38826507993728221, 1.538505424164598729E-15, 0.0000000000000000000 ) ) ;
#633 = DIRECTION ( 'NONE',  ( -1.000000000000000000, -0.0000000000000000000, -0.0000000000000000000 ) ) ;
#634 = CARTESIAN_POINT ( 'NONE',  ( 3.000000000000000000, -1.467624384280023397, 2.541999999999986937 ) ) ;
#635 = AXIS2_PLACEMENT_3D ( 'NONE', #2348, #1095, #453 ) ;
#636 = DIRECTION ( 'NONE',  ( 0.0000000000000000000, 0.4999999999999987232, -0.8660254037844392627 ) ) ;
#637 = DIRECTION ( 'NONE',  ( -1.000000000000000000, -0.0000000000000000000, -0.0000000000000000000 ) ) ;
#638 = DIRECTION ( 'NONE',  ( -1.000000000000000000, -1.224606353822377258E-16, -0.0000000000000000000 ) ) ;
#639 = CIRCLE ( 'NONE', #2650, 3.000000000000001776 ) ;
#640 = CIRCLE ( 'NONE', #504, 2.541999999999999815 ) ;
#641 = CARTESIAN_POINT ( 'NONE',  ( 21.44549999999983925, 0.0000000000000000000, 0.0000000000000000000 ) ) ;
#642 = CONICAL_SURFACE ( 'NONE', #942, 2.445500000000001783, 0.9599310885968758145 ) ;
#643 = DIRECTION ( 'NONE',  ( -1.000000000000000000, -1.224606353822377258E-16, -0.0000000000000000000 ) ) ;
#644 = LINE ( 'NONE', #1905, #2641 ) ;
#645 = DIRECTION ( 'NONE',  ( 0.0000000000000000000, -1.000000000000000000, 0.0000000000000000000 ) ) ;
#646 = VERTEX_POINT ( 'NONE', #1658 ) ;
#647 = AXIS2_PLACEMENT_3D ( 'NONE', #2523, #3275, #1277 ) ;
#648 = CARTESIAN_POINT ( 'NONE',  ( 12.38826507993728221, 3.000000000000003109, 0.0000000000000000000 ) ) ;
#649 = CARTESIAN_POINT ( 'NONE',  ( 13.61173492006271069, 1.443411047392888001E-15, 0.0000000000000000000 ) ) ;
#650 = ORIENTED_EDGE ( 'NONE', *, *, #46, .F. ) ;
#651 = SURFACE_SIDE_STYLE ('',( #1313 ) ) ;
#652 = AXIS2_PLACEMENT_3D ( 'NONE', #1427, #1011, #2891 ) ;
#653 = CIRCLE ( 'NONE', #1842, 3.000000000000001776 ) ;
#654 = DIRECTION ( 'NONE',  ( 0.0000000000000000000, -1.000000000000000000, 0.0000000000000000000 ) ) ;
#655 = PRODUCT ( 'M6X16', 'M6X16', '', ( #2733 ) ) ;
#656 = ORIENTED_EDGE ( 'NONE', *, *, #981, .T. ) ;
#657 = TOROIDAL_SURFACE ( 'NONE', #995, 3.249999999999911626, 0.2500000000000000000 ) ;
#658 = EDGE_CURVE ( 'NONE', #2446, #2074, #566, .T. ) ;
#659 = EDGE_LOOP ( 'NONE', ( #324, #2116, #2154, #2975, #2496, #2563 ) ) ;
#660 = VERTEX_POINT ( 'NONE', #2206 ) ;
#661 = FACE_OUTER_BOUND ( 'NONE', #2850, .T. ) ;
#662 = EDGE_CURVE ( 'NONE', #2196, #1595, #12, .T. ) ;
#663 = CARTESIAN_POINT ( 'NONE',  ( 10.61173492006271069, 1.443411047392888001E-15, 0.0000000000000000000 ) ) ;
#664 = VERTEX_POINT ( 'NONE', #1185 ) ;
#665 = DIRECTION ( 'NONE',  ( 0.0000000000000000000, 0.0000000000000000000, 1.000000000000000000 ) ) ;
#666 = CIRCLE ( 'NONE', #132, 3.000000000000001776 ) ;
#667 = CARTESIAN_POINT ( 'NONE',  ( 6.000000000000000000, 0.0000000000000000000, 0.0000000000000000000 ) ) ;
#668 = CONICAL_SURFACE ( 'NONE', #1865, 3.000000000000001776, 0.9599310885968824758 ) ;
#669 = DIRECTION ( 'NONE',  ( -1.000000000000000000, -1.224606353822377258E-16, -0.0000000000000000000 ) ) ;
#670 = CARTESIAN_POINT ( 'NONE',  ( -31.74999999999995737, 0.0000000000000000000, 0.0000000000000000000 ) ) ;
#671 = ORIENTED_EDGE ( 'NONE', *, *, #3274, .F. ) ;
#672 = DIRECTION ( 'NONE',  ( 0.0000000000000000000, -1.000000000000000000, 0.0000000000000000000 ) ) ;
#673 = ORIENTED_EDGE ( 'NONE', *, *, #2552, .F. ) ;
#674 = CIRCLE ( 'NONE', #678, 3.000000000000001776 ) ;
#675 = CIRCLE ( 'NONE', #2533, 3.000000000000001332 ) ;
#676 = AXIS2_PLACEMENT_3D ( 'NONE', #754, #2425, #691 ) ;
#677 = DIRECTION ( 'NONE',  ( 0.0000000000000000000, -1.000000000000000000, 0.0000000000000000000 ) ) ;
#678 = AXIS2_PLACEMENT_3D ( 'NONE', #156, #442, #2007 ) ;
#679 = ORIENTED_EDGE ( 'NONE', *, *, #1713, .F. ) ;
#680 = FACE_OUTER_BOUND ( 'NONE', #597, .T. ) ;
#681 = CIRCLE ( 'NONE', #2907, 3.000000000000001332 ) ;
#682 = CARTESIAN_POINT ( 'NONE',  ( 9.388265079937282209, 1.538505424164598729E-15, 0.0000000000000000000 ) ) ;
#683 = LINE ( 'NONE', #2047, #1602 ) ;
#684 = ORIENTED_EDGE ( 'NONE', *, *, #3168, .T. ) ;
#685 = FACE_OUTER_BOUND ( 'NONE', #1265, .T. ) ;
#686 = DIRECTION ( 'NONE',  ( 1.000000000000000000, 0.0000000000000000000, 0.0000000000000000000 ) ) ;
#687 = EDGE_LOOP ( 'NONE', ( #1400, #1626, #620, #1501, #2082, #2427 ) ) ;
#688 = CARTESIAN_POINT ( 'NONE',  ( 19.00000000000000000, 1.490958235778743760E-15, 0.0000000000000000000 ) ) ;
#689 = DIRECTION ( 'NONE',  ( 1.000000000000000000, 1.224606353822377258E-16, 0.0000000000000000000 ) ) ;
#690 = DIRECTION ( 'NONE',  ( 0.0000000000000000000, -1.000000000000000000, 0.0000000000000000000 ) ) ;
#691 = DIRECTION ( 'NONE',  ( 0.0000000000000000000, -1.000000000000000000, 0.0000000000000000000 ) ) ;
#692 = LINE ( 'NONE', #1618, #1234 ) ;
#693 = PRODUCT_DEFINITION ( 'UNKNOWN', '', #1360, #321 ) ;
#694 = CARTESIAN_POINT ( 'NONE',  ( 18.38826507993728399, 1.538505424164598729E-15, 0.0000000000000000000 ) ) ;
#695 = VERTEX_POINT ( 'NONE', #1003 ) ;
#696 = VECTOR ( 'NONE', #2056, 1000.000000000000000 ) ;
#697 = EDGE_CURVE ( 'NONE', #991, #917, #850, .T. ) ;
#698 = CIRCLE ( 'NONE', #2105, 3.000000000000001776 ) ;
#699 = CARTESIAN_POINT ( 'NONE',  ( 19.38826507993728043, 3.000000000000003553, 0.0000000000000000000 ) ) ;
#700 = DIRECTION ( 'NONE',  ( 0.0000000000000000000, 1.000000000000000000, 0.0000000000000000000 ) ) ;
#701 = EDGE_CURVE ( 'NONE', #331, #1711, #766, .T. ) ;
#702 = AXIS2_PLACEMENT_3D ( 'NONE', #649, #301, #2131 ) ;
#703 = ORIENTED_EDGE ( 'NONE', *, *, #264, .F. ) ;
#704 = EDGE_CURVE ( 'NONE', #120, #1606, #1340, .T. ) ;
#705 = ORIENTED_EDGE ( 'NONE', *, *, #2551, .F. ) ;
#706 = VECTOR ( 'NONE', #1811, 1000.000000000000000 ) ;
#707 = ADVANCED_FACE ( 'NONE', ( #174 ), #463, .T. ) ;
#708 = ORIENTED_EDGE ( 'NONE', *, *, #2817, .T. ) ;
#709 = DIRECTION ( 'NONE',  ( 0.0000000000000000000, 0.0000000000000000000, 1.000000000000000000 ) ) ;
#710 = ORIENTED_EDGE ( 'NONE', *, *, #1879, .T. ) ;
#711 = EDGE_LOOP ( 'NONE', ( #48, #2392, #210 ) ) ;
#712 = EDGE_CURVE ( 'NONE', #2240, #315, #2210, .T. ) ;
#713 = DIRECTION ( 'NONE',  ( 0.0000000000000000000, -1.000000000000000000, 0.0000000000000000000 ) ) ;
#714 = LINE ( 'NONE', #2182, #696 ) ;
#715 = DIRECTION ( 'NONE',  ( 0.0000000000000000000, -1.000000000000000000, 0.0000000000000000000 ) ) ;
#716 = CARTESIAN_POINT ( 'NONE',  ( 11.38826507993728221, 3.000000000000003553, 0.0000000000000000000 ) ) ;
#717 = LINE ( 'NONE', #1106, #45 ) ;
#718 = EDGE_CURVE ( 'NONE', #1730, #1225, #2820, .T. ) ;
#719 = AXIS2_PLACEMENT_3D ( 'NONE', #947, #155, #665 ) ;
#720 = COLOUR_RGB ( '',0.7764705882352941346, 0.7568627450980391913, 0.7372549019607843590 ) ;
#721 = CONICAL_SURFACE ( 'NONE', #952, 3.000000000000001776, 0.9599310885968824758 ) ;
#722 = CARTESIAN_POINT ( 'NONE',  ( 9.388265079937282209, -3.000000000000000000, 3.673940397442061840E-16 ) ) ;
#723 = CARTESIAN_POINT ( 'NONE',  ( 20.61173492006271246, 3.673940397441631418E-16, -3.000000000000001332 ) ) ;
#724 = CARTESIAN_POINT ( 'NONE',  ( 17.00000000000000000, -2.445500000000000451, 3.334407072378458145E-16 ) ) ;
#725 = FACE_OUTER_BOUND ( 'NONE', #1200, .T. ) ;
#726 = AXIS2_PLACEMENT_3D ( 'NONE', #2498, #516, #1515 ) ;
#727 = EDGE_CURVE ( 'NONE', #1897, #3038, #1511, .T. ) ;
#728 = ORIENTED_EDGE ( 'NONE', *, *, #1102, .T. ) ;
#729 = CARTESIAN_POINT ( 'NONE',  ( 15.38826507993728221, 1.538505424164598729E-15, 0.0000000000000000000 ) ) ;
#730 = EDGE_LOOP ( 'NONE', ( #2276, #2699, #2736, #1961, #3162 ) ) ;
#731 = DIRECTION ( 'NONE',  ( 0.5735764363510452712, -0.8191520442889924647, 1.003171929053525610E-16 ) ) ;
#732 = DIRECTION ( 'NONE',  ( -1.000000000000000000, -0.0000000000000000000, -0.0000000000000000000 ) ) ;
#733 = AXIS2_PLACEMENT_3D ( 'NONE', #288, #605, #2856 ) ;
#734 = DIRECTION ( 'NONE',  ( 0.0000000000000000000, -1.000000000000000000, 0.0000000000000000000 ) ) ;
#735 = DIRECTION ( 'NONE',  ( -1.000000000000000000, -1.224606353822377258E-16, -0.0000000000000000000 ) ) ;
#736 = FACE_OUTER_BOUND ( 'NONE', #3285, .T. ) ;
#737 = EDGE_CURVE ( 'NONE', #1061, #2164, #2573, .T. ) ;
#738 = ADVANCED_FACE ( 'NONE', ( #2430 ), #2744, .T. ) ;
#739 = CARTESIAN_POINT ( 'NONE',  ( 19.99999999999999645, 2.445500000000003116, 2.994873747314854943E-16 ) ) ;
#740 =( LENGTH_UNIT ( ) NAMED_UNIT ( * ) SI_UNIT ( .MILLI., .METRE. ) );
#741 = VERTEX_POINT ( 'NONE', #2173 ) ;
#742 = CONICAL_SURFACE ( 'NONE', #1776, 2.445500000000001783, 0.9599310885968758145 ) ;
#743 = ORIENTED_EDGE ( 'NONE', *, *, #2359, .T. ) ;
#744 = ORIENTED_EDGE ( 'NONE', *, *, #2050, .T. ) ;
#745 = DIRECTION ( 'NONE',  ( -0.0000000000000000000, -0.5000000000000009992, -0.8660254037844380415 ) ) ;
#746 = CIRCLE ( 'NONE', #842, 2.445500000000001783 ) ;
#747 =( NAMED_UNIT ( * ) PLANE_ANGLE_UNIT ( ) SI_UNIT ( $, .RADIAN. ) );
#748 = DIRECTION ( 'NONE',  ( -1.000000000000000000, -0.0000000000000000000, -0.0000000000000000000 ) ) ;
#749 = PLANE ( 'NONE',  #3078 ) ;
#750 = ORIENTED_EDGE ( 'NONE', *, *, #1560, .T. ) ;
#751 = DIRECTION ( 'NONE',  ( 0.0000000000000000000, 0.0000000000000000000, 1.000000000000000000 ) ) ;
#752 = VECTOR ( 'NONE', #915, 1000.000000000000000 ) ;
#753 = CARTESIAN_POINT ( 'NONE',  ( 12.61173492006271069, 1.443411047392888001E-15, 0.0000000000000000000 ) ) ;
#754 = CARTESIAN_POINT ( 'NONE',  ( 21.38826507993728399, 1.538505424164598729E-15, 0.0000000000000000000 ) ) ;
#755 = ORIENTED_EDGE ( 'NONE', *, *, #2226, .F. ) ;
#756 = CIRCLE ( 'NONE', #2692, 2.999999999999912070 ) ;
#757 = EDGE_CURVE ( 'NONE', #906, #1174, #1567, .T. ) ;
#758 = ADVANCED_FACE ( 'NONE', ( #2794 ), #574, .T. ) ;
#759 = EDGE_LOOP ( 'NONE', ( #1361, #1100, #2328, #2301, #198 ) ) ;
#760 = VECTOR ( 'NONE', #32, 1000.000000000000000 ) ;
#761 = DIRECTION ( 'NONE',  ( -1.000000000000000000, -0.0000000000000000000, -0.0000000000000000000 ) ) ;
#762 = CARTESIAN_POINT ( 'NONE',  ( 5.999999999999999112, 0.0000000000000000000, -3.249999999999911626 ) ) ;
#763 = EDGE_CURVE ( 'NONE', #1606, #741, #352, .T. ) ;
#764 = ADVANCED_FACE ( 'NONE', ( #34 ), #749, .F. ) ;
#765 = DIRECTION ( 'NONE',  ( -1.000000000000000000, -1.224606353822377258E-16, -0.0000000000000000000 ) ) ;
#766 = CIRCLE ( 'NONE', #794, 5.000000000000000000 ) ;
#767 = FACE_OUTER_BOUND ( 'NONE', #1899, .T. ) ;
#768 = CARTESIAN_POINT ( 'NONE',  ( 15.38826507993728221, 1.538505424164598729E-15, 0.0000000000000000000 ) ) ;
#769 = FACE_OUTER_BOUND ( 'NONE', #2509, .T. ) ;
#770 = ORIENTED_EDGE ( 'NONE', *, *, #1978, .F. ) ;
#771 = EDGE_CURVE ( 'NONE', #2446, #1690, #2894, .T. ) ;
#772 = ADVANCED_FACE ( 'NONE', ( #1085 ), #1419, .T. ) ;
#773 = EDGE_CURVE ( 'NONE', #922, #2610, #916, .T. ) ;
#774 = CIRCLE ( 'NONE', #676, 3.000000000000001776 ) ;
#775 = CARTESIAN_POINT ( 'NONE',  ( -31.74999999999995737, 3.673940397441951893E-16, -2.999999999999912070 ) ) ;
#776 = EDGE_CURVE ( 'NONE', #917, #96, #1860, .T. ) ;
#777 = DIRECTION ( 'NONE',  ( 0.0000000000000000000, -1.000000000000000000, 0.0000000000000000000 ) ) ;
#778 = VECTOR ( 'NONE', #3230, 999.9999999999998863 ) ;
#779 = CARTESIAN_POINT ( 'NONE',  ( -31.74999999999995737, 0.0000000000000000000, 0.0000000000000000000 ) ) ;
#780 = CIRCLE ( 'NONE', #1944, 2.445500000000001783 ) ;
#781 = AXIS2_PLACEMENT_3D ( 'NONE', #1877, #1895, #1671 ) ;
#782 = VECTOR ( 'NONE', #748, 1000.000000000000000 ) ;
#783 = DIRECTION ( 'NONE',  ( -1.000000000000000000, -1.224606353822377258E-16, -0.0000000000000000000 ) ) ;
#784 = CARTESIAN_POINT ( 'NONE',  ( 3.000000000000000000, 0.0000000000000000000, 0.0000000000000000000 ) ) ;
#785 = ORIENTED_EDGE ( 'NONE', *, *, #905, .T. ) ;
#786 = VECTOR ( 'NONE', #636, 1000.000000000000114 ) ;
#787 = DIRECTION ( 'NONE',  ( 1.000000000000000000, 1.224606353822377258E-16, 0.0000000000000000000 ) ) ;
#788 = EDGE_LOOP ( 'NONE', ( #1997, #523, #1518, #2760, #360 ) ) ;
#789 = CIRCLE ( 'NONE', #883, 3.000000000000001332 ) ;
#790 = DIRECTION ( 'NONE',  ( 0.0000000000000000000, 1.000000000000000000, 0.0000000000000000000 ) ) ;
#791 = ORIENTED_EDGE ( 'NONE', *, *, #3274, .T. ) ;
#792 = DIRECTION ( 'NONE',  ( -1.000000000000000000, -1.224606353822377258E-16, -0.0000000000000000000 ) ) ;
#793 = DIRECTION ( 'NONE',  ( 0.0000000000000000000, -1.000000000000000000, 0.0000000000000000000 ) ) ;
#794 = AXIS2_PLACEMENT_3D ( 'NONE', #1772, #686, #1574 ) ;
#795 = VECTOR ( 'NONE', #443, 1000.000000000000000 ) ;
#796 = CARTESIAN_POINT ( 'NONE',  ( 18.00000000000000355, 1.490958235778743760E-15, 0.0000000000000000000 ) ) ;
#797 = DIRECTION ( 'NONE',  ( -1.000000000000000000, -0.0000000000000000000, -0.0000000000000000000 ) ) ;
#798 = DIRECTION ( 'NONE',  ( -0.5735764363510507113, 0.8191520442889885789, 1.003171929053520926E-16 ) ) ;
#799 = VERTEX_POINT ( 'NONE', #1484 ) ;
#800 = ORIENTED_EDGE ( 'NONE', *, *, #3072, .T. ) ;
#801 = FACE_OUTER_BOUND ( 'NONE', #2521, .T. ) ;
#802 = DIRECTION ( 'NONE',  ( 0.0000000000000000000, 0.0000000000000000000, 1.000000000000000000 ) ) ;
#803 = FACE_OUTER_BOUND ( 'NONE', #687, .T. ) ;
#804 = LINE ( 'NONE', #284, #1066 ) ;
#805 = CARTESIAN_POINT ( 'NONE',  ( 11.38826507993728221, -4.602972567085493689E-29, 3.000000000000001776 ) ) ;
#806 = EDGE_CURVE ( 'NONE', #1845, #593, #3101, .T. ) ;
#807 = EDGE_LOOP ( 'NONE', ( #1957, #2088, #2071, #2464, #819, #1568 ) ) ;
#808 = ORIENTED_EDGE ( 'NONE', *, *, #1825, .F. ) ;
#809 = FILL_AREA_STYLE_COLOUR ( '', #92 ) ;
#810 = DIRECTION ( 'NONE',  ( -0.5735764363510503783, -0.8191520442889886899, 0.0000000000000000000 ) ) ;
#811 = LINE ( 'NONE', #1623, #3260 ) ;
#812 = SURFACE_SIDE_STYLE ('',( #2869 ) ) ;
#813 = VERTEX_POINT ( 'NONE', #2619 ) ;
#814 = EDGE_CURVE ( 'NONE', #909, #2843, #359, .T. ) ;
#815 = AXIS2_PLACEMENT_3D ( 'NONE', #1104, #3262, #459 ) ;
#816 = EDGE_CURVE ( 'NONE', #2257, #2992, #2506, .T. ) ;
#817 = CIRCLE ( 'NONE', #26, 2.999999999999912070 ) ;
#818 = CARTESIAN_POINT ( 'NONE',  ( 17.38826507993728399, -3.000000000000000444, 3.673940397442061840E-16 ) ) ;
#819 = ORIENTED_EDGE ( 'NONE', *, *, #2015, .F. ) ;
#820 = LINE ( 'NONE', #2717, #3212 ) ;
#821 = ORIENTED_EDGE ( 'NONE', *, *, #1918, .T. ) ;
#822 = AXIS2_PLACEMENT_3D ( 'NONE', #1937, #1238, #122 ) ;
#823 = LINE ( 'NONE', #3051, #1532 ) ;
#824 = EDGE_CURVE ( 'NONE', #1004, #3045, #3046, .T. ) ;
#825 = LINE ( 'NONE', #3003, #795 ) ;
#826 = CARTESIAN_POINT ( 'NONE',  ( 21.38826507993728399, 3.000000000000003553, 0.0000000000000000000 ) ) ;
#827 = VERTEX_POINT ( 'NONE', #2455 ) ;
#828 = VECTOR ( 'NONE', #761, 1000.000000000000000 ) ;
#829 = DIRECTION ( 'NONE',  ( -1.000000000000000000, -1.224606353822377258E-16, -0.0000000000000000000 ) ) ;
#830 = ORIENTED_EDGE ( 'NONE', *, *, #1603, .T. ) ;
#831 = CIRCLE ( 'NONE', #1440, 3.000000000000001776 ) ;
#832 = CARTESIAN_POINT ( 'NONE',  ( 19.61173492006271246, 1.443411047392888001E-15, 0.0000000000000000000 ) ) ;
#833 = CARTESIAN_POINT ( 'NONE',  ( 3.000000000000000000, 3.113052163432572109E-16, -2.541999999999999815 ) ) ;
#834 = CARTESIAN_POINT ( 'NONE',  ( 20.99999999999999645, 2.445500000000003116, 0.0000000000000000000 ) ) ;
#835 = AXIS2_PLACEMENT_3D ( 'NONE', #539, #2853, #1847 ) ;
#836 = EDGE_CURVE ( 'NONE', #2332, #2610, #320, .T. ) ;
#837 = ORIENTED_EDGE ( 'NONE', *, *, #2838, .T. ) ;
#838 = CIRCLE ( 'NONE', #3091, 3.000000000000001776 ) ;
#839 = ORIENTED_EDGE ( 'NONE', *, *, #881, .F. ) ;
#840 = DIRECTION ( 'NONE',  ( -1.000000000000000000, -1.224606353822377258E-16, -0.0000000000000000000 ) ) ;
#841 = LINE ( 'NONE', #358, #828 ) ;
#842 = AXIS2_PLACEMENT_3D ( 'NONE', #2382, #967, #2249 ) ;
#843 = ORIENTED_EDGE ( 'NONE', *, *, #1516, .F. ) ;
#844 = ORIENTED_EDGE ( 'NONE', *, *, #2543, .F. ) ;
#845 = CIRCLE ( 'NONE', #1806, 3.000000000000001776 ) ;
#846 = ORIENTED_EDGE ( 'NONE', *, *, #1991, .T. ) ;
#847 = AXIS2_PLACEMENT_3D ( 'NONE', #1732, #249, #2638 ) ;
#848 = DIRECTION ( 'NONE',  ( -1.000000000000000000, -1.224606353822377258E-16, -0.0000000000000000000 ) ) ;
#849 = DIRECTION ( 'NONE',  ( 1.000000000000000000, 0.0000000000000000000, 0.0000000000000000000 ) ) ;
#850 = CIRCLE ( 'NONE', #1752, 3.000000000000001776 ) ;
#851 = EDGE_CURVE ( 'NONE', #1000, #2481, #127, .T. ) ;
#852 = ORIENTED_EDGE ( 'NONE', *, *, #1818, .F. ) ;
#853 = VERTEX_POINT ( 'NONE', #805 ) ;
#854 = DIRECTION ( 'NONE',  ( 0.0000000000000000000, -1.000000000000000000, 0.0000000000000000000 ) ) ;
#855 = EDGE_CURVE ( 'NONE', #1587, #3073, #1266, .T. ) ;
#856 = ORIENTED_EDGE ( 'NONE', *, *, #3114, .T. ) ;
#857 = CARTESIAN_POINT ( 'NONE',  ( 17.38826507993728399, 1.538505424164598729E-15, 0.0000000000000000000 ) ) ;
#858 = DIRECTION ( 'NONE',  ( -1.000000000000000000, -1.224606353822377258E-16, -0.0000000000000000000 ) ) ;
#859 = ADVANCED_FACE ( 'NONE', ( #2426 ), #983, .F. ) ;
#860 = CYLINDRICAL_SURFACE ( 'NONE', #2298, 2.999999999999912070 ) ;
#861 = VERTEX_POINT ( 'NONE', #3049 ) ;
#862 = AXIS2_PLACEMENT_3D ( 'NONE', #508, #954, #1933 ) ;
#863 = EDGE_CURVE ( 'NONE', #1813, #2074, #640, .T. ) ;
#864 = CARTESIAN_POINT ( 'NONE',  ( 13.38826507993728221, 3.000000000000003553, 0.0000000000000000000 ) ) ;
#865 = ORIENTED_EDGE ( 'NONE', *, *, #1831, .F. ) ;
#866 = AXIS2_PLACEMENT_3D ( 'NONE', #753, #1721, #2421 ) ;
#867 = ORIENTED_EDGE ( 'NONE', *, *, #1861, .F. ) ;
#868 = CONICAL_SURFACE ( 'NONE', #2615, 3.000000000000001776, 0.9599310885968824758 ) ;
#869 = ORIENTED_EDGE ( 'NONE', *, *, #920, .F. ) ;
#870 = CARTESIAN_POINT ( 'NONE',  ( 20.61173492006271246, 1.443411047392888001E-15, 0.0000000000000000000 ) ) ;
#871 = DIRECTION ( 'NONE',  ( -1.000000000000000000, -0.0000000000000000000, -0.0000000000000000000 ) ) ;
#872 = VECTOR ( 'NONE', #1005, 1000.000000000000000 ) ;
#873 = ORIENTED_EDGE ( 'NONE', *, *, #993, .F. ) ;
#874 = CONICAL_SURFACE ( 'NONE', #2561, 2.445500000000001783, 0.9599310885968758145 ) ;
#875 = DIRECTION ( 'NONE',  ( -1.000000000000000000, -1.224606353822377258E-16, -0.0000000000000000000 ) ) ;
#876 = CARTESIAN_POINT ( 'NONE',  ( 9.388265079937282209, 1.538505424164598729E-15, 0.0000000000000000000 ) ) ;
#877 = AXIS2_PLACEMENT_3D ( 'NONE', #184, #2380, #1256 ) ;
#878 = CARTESIAN_POINT ( 'NONE',  ( 0.0000000000000000000, 0.0000000000000000000, 0.0000000000000000000 ) ) ;
#879 = LINE ( 'NONE', #1682, #3146 ) ;
#880 = VERTEX_POINT ( 'NONE', #480 ) ;
#881 = EDGE_CURVE ( 'NONE', #1845, #1821, #1212, .T. ) ;
#882 = CARTESIAN_POINT ( 'NONE',  ( 17.61173492006270891, -3.000000000000004885, 0.0000000000000000000 ) ) ;
#883 = AXIS2_PLACEMENT_3D ( 'NONE', #1758, #2212, #1188 ) ;
#884 = ORIENTED_EDGE ( 'NONE', *, *, #101, .F. ) ;
#885 = ORIENTED_EDGE ( 'NONE', *, *, #3234, .F. ) ;
#886 = PLANE ( 'NONE',  #2194 ) ;
#887 = DIRECTION ( 'NONE',  ( 0.0000000000000000000, -1.000000000000000000, 0.0000000000000000000 ) ) ;
#888 = ORIENTED_EDGE ( 'NONE', *, *, #3207, .F. ) ;
#889 = FACE_OUTER_BOUND ( 'NONE', #1850, .T. ) ;
#890 = LINE ( 'NONE', #1137, #1699 ) ;
#891 = ORIENTED_EDGE ( 'NONE', *, *, #2379, .T. ) ;
#892 = PRESENTATION_LAYER_ASSIGNMENT (  '', '', ( #55 ) ) ;
#893 = AXIS2_PLACEMENT_3D ( 'NONE', #2101, #1026, #2304 ) ;
#894 = ORIENTED_EDGE ( 'NONE', *, *, #1133, .F. ) ;
#895 = CARTESIAN_POINT ( 'NONE',  ( 5.999999999999998224, 6.123233995736766282E-16, -5.000000000000000000 ) ) ;
#896 = CARTESIAN_POINT ( 'NONE',  ( 15.38826507993728221, -3.000000000000000444, 3.673940397442061840E-16 ) ) ;
#897 = ORIENTED_EDGE ( 'NONE', *, *, #2840, .T. ) ;
#898 = CARTESIAN_POINT ( 'NONE',  ( 15.38826507993728221, 1.538505424164598729E-15, 0.0000000000000000000 ) ) ;
#899 = DIRECTION ( 'NONE',  ( -1.000000000000000000, -1.224606353822377258E-16, -0.0000000000000000000 ) ) ;
#900 = DIRECTION ( 'NONE',  ( 0.0000000000000000000, -1.000000000000000000, 0.0000000000000000000 ) ) ;
#901 = CIRCLE ( 'NONE', #3160, 3.000000000000001332 ) ;
#902 = CARTESIAN_POINT ( 'NONE',  ( 19.00000000000000000, 1.490958235778743760E-15, 0.0000000000000000000 ) ) ;
#903 = SURFACE_STYLE_USAGE ( .BOTH. , #537 ) ;
#904 = AXIS2_PLACEMENT_3D ( 'NONE', #1507, #2438, #2648 ) ;
#905 = EDGE_CURVE ( 'NONE', #1208, #1060, #653, .T. ) ;
#906 = VERTEX_POINT ( 'NONE', #2190 ) ;
#907 = CYLINDRICAL_SURFACE ( 'NONE', #280, 2.999999999999912070 ) ;
#908 = DIRECTION ( 'NONE',  ( 0.0000000000000000000, 0.4999999999999987232, -0.8660254037844392627 ) ) ;
#909 = VERTEX_POINT ( 'NONE', #1264 ) ;
#910 = LINE ( 'NONE', #2028, #1610 ) ;
#911 = CARTESIAN_POINT ( 'NONE',  ( 19.99999999999999645, 1.490958235778743760E-15, 0.0000000000000000000 ) ) ;
#912 = AXIS2_PLACEMENT_3D ( 'NONE', #2138, #3069, #1700 ) ;
#913 = AXIS2_PLACEMENT_3D ( 'NONE', #93, #787, #1686 ) ;
#914 = CIRCLE ( 'NONE', #233, 3.000000000000001332 ) ;
#915 = DIRECTION ( 'NONE',  ( -1.000000000000000000, -0.0000000000000000000, -0.0000000000000000000 ) ) ;
#916 = CIRCLE ( 'NONE', #2831, 3.000000000000001776 ) ;
#917 = VERTEX_POINT ( 'NONE', #3206 ) ;
#918 = LINE ( 'NONE', #3064, #752 ) ;
#919 = DIRECTION ( 'NONE',  ( 0.0000000000000000000, -1.000000000000000000, 0.0000000000000000000 ) ) ;
#920 = EDGE_CURVE ( 'NONE', #630, #3094, #978, .T. ) ;
#921 = DIRECTION ( 'NONE',  ( -1.000000000000000000, -1.224606353822377258E-16, -0.0000000000000000000 ) ) ;
#922 = VERTEX_POINT ( 'NONE', #1280 ) ;
#923 = CARTESIAN_POINT ( 'NONE',  ( 17.00000000000000000, 1.490958235778743760E-15, 0.0000000000000000000 ) ) ;
#924 = ORIENTED_EDGE ( 'NONE', *, *, #2964, .T. ) ;
#925 = EDGE_LOOP ( 'NONE', ( #1, #2812, #326, #3248 ) ) ;
#926 = CARTESIAN_POINT ( 'NONE',  ( -31.74999999999995737, 3.673940397441951893E-16, -2.999999999999912070 ) ) ;
#927 = ORIENTED_EDGE ( 'NONE', *, *, #1603, .F. ) ;
#928 = CIRCLE ( 'NONE', #847, 3.000000000000001332 ) ;
#929 = ORIENTED_EDGE ( 'NONE', *, *, #1746, .F. ) ;
#930 = CARTESIAN_POINT ( 'NONE',  ( 14.61173492006271069, 3.673940397441633390E-16, -3.000000000000001332 ) ) ;
#931 = CARTESIAN_POINT ( 'NONE',  ( -31.74999999999995737, 0.0000000000000000000, 2.999999999999912070 ) ) ;
#932 = AXIS2_PLACEMENT_3D ( 'NONE', #2627, #2542, #2943 ) ;
#933 = FACE_OUTER_BOUND ( 'NONE', #138, .T. ) ;
#934 = ORIENTED_EDGE ( 'NONE', *, *, #2137, .F. ) ;
#935 = CARTESIAN_POINT ( 'NONE',  ( 10.38826507993728399, 3.000000000000003109, 0.0000000000000000000 ) ) ;
#936 = CIRCLE ( 'NONE', #1031, 2.445500000000000007 ) ;
#937 = EDGE_CURVE ( 'NONE', #2858, #991, #2649, .T. ) ;
#938 = ORIENTED_EDGE ( 'NONE', *, *, #337, .T. ) ;
#939 = LINE ( 'NONE', #2527, #872 ) ;
#940 = ORIENTED_EDGE ( 'NONE', *, *, #1560, .F. ) ;
#941 = EDGE_CURVE ( 'NONE', #1821, #1845, #973, .T. ) ;
#942 = AXIS2_PLACEMENT_3D ( 'NONE', #1113, #2484, #439 ) ;
#943 = CONICAL_SURFACE ( 'NONE', #1222, 2.445500000000001783, 0.9599310885968758145 ) ;
#944 = CARTESIAN_POINT ( 'NONE',  ( -31.74999999999995737, 0.0000000000000000000, 0.0000000000000000000 ) ) ;
#945 = ORIENTED_EDGE ( 'NONE', *, *, #1834, .F. ) ;
#946 = CARTESIAN_POINT ( 'NONE',  ( 0.3000000000000016542, 5.755839955992559655E-16, -4.700000000000000178 ) ) ;
#947 = CARTESIAN_POINT ( 'NONE',  ( 3.000000000000000000, 0.0000000000000000000, 0.0000000000000000000 ) ) ;
#948 = ORIENTED_EDGE ( 'NONE', *, *, #836, .T. ) ;
#949 = VECTOR ( 'NONE', #1320, 1000.000000000000000 ) ;
#950 = DIRECTION ( 'NONE',  ( 0.0000000000000000000, 0.0000000000000000000, 1.000000000000000000 ) ) ;
#951 = ORIENTED_EDGE ( 'NONE', *, *, #2470, .T. ) ;
#952 = AXIS2_PLACEMENT_3D ( 'NONE', #2489, #56, #1024 ) ;
#953 = ORIENTED_EDGE ( 'NONE', *, *, #776, .F. ) ;
#954 = DIRECTION ( 'NONE',  ( -1.000000000000000000, -0.0000000000000000000, -0.0000000000000000000 ) ) ;
#955 = FACE_OUTER_BOUND ( 'NONE', #1855, .T. ) ;
#956 = ORIENTED_EDGE ( 'NONE', *, *, #1991, .F. ) ;
#957 =( NAMED_UNIT ( * ) SI_UNIT ( $, .STERADIAN. ) SOLID_ANGLE_UNIT ( ) );
#958 = CIRCLE ( 'NONE', #2445, 3.000000000000001332 ) ;
#959 = AXIS2_PLACEMENT_3D ( 'NONE', #3279, #1358, #2576 ) ;
#960 = CIRCLE ( 'NONE', #3120, 3.000000000000001776 ) ;
#961 = DIRECTION ( 'NONE',  ( -1.000000000000000000, -0.0000000000000000000, -0.0000000000000000000 ) ) ;
#962 = ADVANCED_FACE ( 'NONE', ( #2049 ), #1599, .T. ) ;
#963 = EDGE_CURVE ( 'NONE', #646, #2593, #148, .T. ) ;
#964 = LINE ( 'NONE', #262, #949 ) ;
#965 = CARTESIAN_POINT ( 'NONE',  ( 18.61173492006271246, 3.000000000000003109, 3.673940397442061840E-16 ) ) ;
#966 = DIRECTION ( 'NONE',  ( 0.0000000000000000000, -1.000000000000000000, 0.0000000000000000000 ) ) ;
#967 = DIRECTION ( 'NONE',  ( -1.000000000000000000, -1.224606353822377258E-16, -0.0000000000000000000 ) ) ;
#968 = ORIENTED_EDGE ( 'NONE', *, *, #83, .F. ) ;
#969 = EDGE_CURVE ( 'NONE', #2161, #1956, #2093, .T. ) ;
#970 = DIRECTION ( 'NONE',  ( -1.000000000000000000, -1.224606353822377258E-16, -0.0000000000000000000 ) ) ;
#971 = ADVANCED_FACE ( 'NONE', ( #54 ), #1368, .T. ) ;
#972 = CIRCLE ( 'NONE', #1927, 3.000000000000001332 ) ;
#973 = CIRCLE ( 'NONE', #2135, 2.445500000000001783 ) ;
#974 =( LENGTH_UNIT ( ) NAMED_UNIT ( * ) SI_UNIT ( .MILLI., .METRE. ) );
#975 = DIRECTION ( 'NONE',  ( -1.000000000000000000, -1.224606353822377258E-16, -0.0000000000000000000 ) ) ;
#976 = CIRCLE ( 'NONE', #1314, 3.000000000000001776 ) ;
#977 = EDGE_CURVE ( 'NONE', #827, #1510, #717, .T. ) ;
#978 = CIRCLE ( 'NONE', #2070, 2.445500000000001783 ) ;
#979 = DIRECTION ( 'NONE',  ( -1.000000000000000000, -0.0000000000000000000, -0.0000000000000000000 ) ) ;
#980 = CARTESIAN_POINT ( 'NONE',  ( 21.38826507993728399, 3.673940397441600850E-16, -3.000000000000001776 ) ) ;
#981 = EDGE_CURVE ( 'NONE', #2196, #37, #579, .T. ) ;
#982 = CIRCLE ( 'NONE', #2309, 3.000000000000001776 ) ;
#983 = PLANE ( 'NONE',  #292 ) ;
#984 = CYLINDRICAL_SURFACE ( 'NONE', #1063, 2.999999999999912070 ) ;
#985 = ORIENTED_EDGE ( 'NONE', *, *, #1247, .F. ) ;
#986 = CARTESIAN_POINT ( 'NONE',  ( 20.38826507993728043, -3.000000000000000444, 3.673940397442061840E-16 ) ) ;
#987 = CIRCLE ( 'NONE', #1127, 3.000000000000001776 ) ;
#988 = CARTESIAN_POINT ( 'NONE',  ( 20.99999999999999645, 1.490958235778743760E-15, 0.0000000000000000000 ) ) ;
#989 = DIRECTION ( 'NONE',  ( -1.000000000000000000, -1.224606353822377258E-16, -0.0000000000000000000 ) ) ;
#990 = EDGE_LOOP ( 'NONE', ( #1766, #2969, #951, #1753, #2209, #2562 ) ) ;
#991 = VERTEX_POINT ( 'NONE', #178 ) ;
#992 = CARTESIAN_POINT ( 'NONE',  ( 13.00000000000000000, 1.490958235778743760E-15, 0.0000000000000000000 ) ) ;
#993 = EDGE_CURVE ( 'NONE', #1060, #1508, #1153, .T. ) ;
#994 = ORIENTED_EDGE ( 'NONE', *, *, #1064, .T. ) ;
#995 = AXIS2_PLACEMENT_3D ( 'NONE', #1934, #1999, #1310 ) ;
#996 = CIRCLE ( 'NONE', #1960, 3.000000000000001332 ) ;
#997 = CARTESIAN_POINT ( 'NONE',  ( 0.0000000000000000000, -1.467624384280023397, 2.541999999999986937 ) ) ;
#998 = CARTESIAN_POINT ( 'NONE',  ( 13.61173492006271069, -2.999999999999999556, 0.0000000000000000000 ) ) ;
#999 = ORIENTED_EDGE ( 'NONE', *, *, #240, .T. ) ;
#1000 = VERTEX_POINT ( 'NONE', #2338 ) ;
#1001 = CARTESIAN_POINT ( 'NONE',  ( -31.74999999999995737, 0.0000000000000000000, 2.999999999999912070 ) ) ;
#1002 = DIRECTION ( 'NONE',  ( 1.000000000000000000, 1.224606353822377258E-16, 0.0000000000000000000 ) ) ;
#1003 = CARTESIAN_POINT ( 'NONE',  ( 15.61173492006271246, -2.999999999999999556, 0.0000000000000000000 ) ) ;
#1004 = VERTEX_POINT ( 'NONE', #930 ) ;
#1005 = DIRECTION ( 'NONE',  ( -1.000000000000000000, -0.0000000000000000000, -0.0000000000000000000 ) ) ;
#1006 = CARTESIAN_POINT ( 'NONE',  ( 11.38826507993728221, 1.538505424164598729E-15, 0.0000000000000000000 ) ) ;
#1007 = DIRECTION ( 'NONE',  ( 1.000000000000000000, 1.224606353822377258E-16, 0.0000000000000000000 ) ) ;
#1008 = FACE_OUTER_BOUND ( 'NONE', #2742, .T. ) ;
#1009 = ORIENTED_EDGE ( 'NONE', *, *, #3223, .F. ) ;
#1010 = DIRECTION ( 'NONE',  ( 0.0000000000000000000, 0.0000000000000000000, 1.000000000000000000 ) ) ;
#1011 = DIRECTION ( 'NONE',  ( -1.000000000000000000, -1.224606353822377258E-16, -0.0000000000000000000 ) ) ;
#1012 = FACE_OUTER_BOUND ( 'NONE', #1936, .T. ) ;
#1013 = ADVANCED_FACE ( 'NONE', ( #680 ), #2762, .T. ) ;
#1014 = AXIS2_PLACEMENT_3D ( 'NONE', #1672, #2859, #1309 ) ;
#1015 = ORIENTED_EDGE ( 'NONE', *, *, #2512, .T. ) ;
#1016 = VECTOR ( 'NONE', #2854, 1000.000000000000000 ) ;
#1017 = CARTESIAN_POINT ( 'NONE',  ( 11.38826507993728221, -3.000000000000000444, 3.673940397442061840E-16 ) ) ;
#1018 = PLANE ( 'NONE',  #2990 ) ;
#1019 = DIRECTION ( 'NONE',  ( 0.0000000000000000000, 0.0000000000000000000, -1.000000000000000000 ) ) ;
#1020 = CIRCLE ( 'NONE', #2609, 3.000000000000001332 ) ;
#1021 = VECTOR ( 'NONE', #525, 1000.000000000000114 ) ;
#1022 = DIRECTION ( 'NONE',  ( -1.000000000000000000, -0.0000000000000000000, -0.0000000000000000000 ) ) ;
#1023 = EDGE_CURVE ( 'NONE', #403, #1974, #831, .T. ) ;
#1024 = DIRECTION ( 'NONE',  ( 0.0000000000000000000, 1.000000000000000000, 0.0000000000000000000 ) ) ;
#1025 = LINE ( 'NONE', #2860, #406 ) ;
#1026 = DIRECTION ( 'NONE',  ( 1.000000000000000000, 1.224606353822377258E-16, 0.0000000000000000000 ) ) ;
#1027 = AXIS2_PLACEMENT_3D ( 'NONE', #2220, #2326, #1620 ) ;
#1028 = CYLINDRICAL_SURFACE ( 'NONE', #2934, 2.999999999999912070 ) ;
#1029 = ORIENTED_EDGE ( 'NONE', *, *, #417, .F. ) ;
#1030 = DIRECTION ( 'NONE',  ( -1.000000000000000000, -1.224606353822377258E-16, -0.0000000000000000000 ) ) ;
#1031 = AXIS2_PLACEMENT_3D ( 'NONE', #2895, #247, #454 ) ;
#1032 = FACE_OUTER_BOUND ( 'NONE', #2450, .T. ) ;
#1033 = DIRECTION ( 'NONE',  ( -1.000000000000000000, -0.0000000000000000000, -0.0000000000000000000 ) ) ;
#1034 = VERTEX_POINT ( 'NONE', #70 ) ;
#1035 = EDGE_CURVE ( 'NONE', #1956, #827, #2354, .T. ) ;
#1036 = DIRECTION ( 'NONE',  ( -1.000000000000000000, -1.224606353822377258E-16, -0.0000000000000000000 ) ) ;
#1037 = EDGE_LOOP ( 'NONE', ( #1628, #2882, #856, #311, #1439 ) ) ;
#1038 = EDGE_LOOP ( 'NONE', ( #1367, #2902, #1796, #2890, #3085 ) ) ;
#1039 = ORIENTED_EDGE ( 'NONE', *, *, #2303, .T. ) ;
#1040 = AXIS2_PLACEMENT_3D ( 'NONE', #192, #1459, #2759 ) ;
#1041 = CARTESIAN_POINT ( 'NONE',  ( 15.00000000000000000, 2.445500000000003116, 2.994873747314854943E-16 ) ) ;
#1042 = LINE ( 'NONE', #833, #356 ) ;
#1043 = CARTESIAN_POINT ( 'NONE',  ( 20.61173492006271246, -2.999999999999994227, 0.0000000000000000000 ) ) ;
#1044 = DIRECTION ( 'NONE',  ( 0.0000000000000000000, 0.0000000000000000000, 1.000000000000000000 ) ) ;
#1045 = AXIS2_PLACEMENT_3D ( 'NONE', #543, #1059, #203 ) ;
#1046 = EDGE_LOOP ( 'NONE', ( #588, #2941, #1236 ) ) ;
#1047 = CIRCLE ( 'NONE', #1900, 3.000000000000001776 ) ;
#1048 = CARTESIAN_POINT ( 'NONE',  ( 3.000000000000000000, 2.201436576420038982, 1.270999999999993912 ) ) ;
#1049 = EDGE_CURVE ( 'NONE', #1354, #906, #351, .T. ) ;
#1050 = ORIENTED_EDGE ( 'NONE', *, *, #2725, .T. ) ;
#1051 = FACE_OUTER_BOUND ( 'NONE', #1376, .T. ) ;
#1052 = CARTESIAN_POINT ( 'NONE',  ( 14.38826507993728399, 1.538505424164598729E-15, 0.0000000000000000000 ) ) ;
#1053 = ORIENTED_EDGE ( 'NONE', *, *, #1328, .F. ) ;
#1054 = VERTEX_POINT ( 'NONE', #1679 ) ;
#1055 = DIRECTION ( 'NONE',  ( -1.000000000000000000, -1.224606353822377258E-16, -0.0000000000000000000 ) ) ;
#1056 = CARTESIAN_POINT ( 'NONE',  ( 19.38826507993728043, -4.602972567085493689E-29, 3.000000000000001776 ) ) ;
#1057 = DIRECTION ( 'NONE',  ( -0.5735764363510503783, -0.8191520442889886899, 0.0000000000000000000 ) ) ;
#1058 = DIRECTION ( 'NONE',  ( 0.0000000000000000000, 0.0000000000000000000, 1.000000000000000000 ) ) ;
#1059 = DIRECTION ( 'NONE',  ( -1.000000000000000000, -1.224606353822377258E-16, -0.0000000000000000000 ) ) ;
#1060 = VERTEX_POINT ( 'NONE', #1270 ) ;
#1061 = VERTEX_POINT ( 'NONE', #213 ) ;
#1062 = CIRCLE ( 'NONE', #424, 2.445500000000001783 ) ;
#1063 = AXIS2_PLACEMENT_3D ( 'NONE', #145, #1161, #3186 ) ;
#1064 = EDGE_CURVE ( 'NONE', #1282, #922, #129, .T. ) ;
#1065 = VECTOR ( 'NONE', #2366, 1000.000000000000000 ) ;
#1066 = VECTOR ( 'NONE', #2761, 999.9999999999998863 ) ;
#1067 = AXIS2_PLACEMENT_3D ( 'NONE', #2643, #2019, #3077 ) ;
#1068 = ORIENTED_EDGE ( 'NONE', *, *, #3223, .T. ) ;
#1069 = CARTESIAN_POINT ( 'NONE',  ( 21.38826507993728399, 1.538505424164598729E-15, 0.0000000000000000000 ) ) ;
#1070 = CIRCLE ( 'NONE', #635, 2.445500000000001783 ) ;
#1071 = EDGE_LOOP ( 'NONE', ( #2186, #232, #1471, #1793, #867 ) ) ;
#1072 = ORIENTED_EDGE ( 'NONE', *, *, #824, .T. ) ;
#1073 = CARTESIAN_POINT ( 'NONE',  ( 17.38826507993728399, -3.000000000000000000, 3.673940397442061840E-16 ) ) ;
#1074 = CARTESIAN_POINT ( 'NONE',  ( 19.00000000000000000, 1.490958235778743760E-15, 0.0000000000000000000 ) ) ;
#1075 = AXIS2_PLACEMENT_3D ( 'NONE', #2349, #1803, #1836 ) ;
#1076 = PLANE ( 'NONE',  #572 ) ;
#1077 = ORIENTED_EDGE ( 'NONE', *, *, #1985, .T. ) ;
#1078 = VERTEX_POINT ( 'NONE', #2559 ) ;
#1079 = ORIENTED_EDGE ( 'NONE', *, *, #2250, .T. ) ;
#1080 = AXIS2_PLACEMENT_3D ( 'NONE', #3011, #2712, #1703 ) ;
#1081 = CARTESIAN_POINT ( 'NONE',  ( 20.38826507993728043, 1.538505424164598729E-15, 0.0000000000000000000 ) ) ;
#1082 = CARTESIAN_POINT ( 'NONE',  ( 3.000000000000000000, -2.201436576420033209, 1.270999999999997909 ) ) ;
#1083 = CARTESIAN_POINT ( 'NONE',  ( 14.38826507993728399, 3.000000000000003553, 0.0000000000000000000 ) ) ;
#1084 = VERTEX_POINT ( 'NONE', #935 ) ;
#1085 = FACE_OUTER_BOUND ( 'NONE', #3224, .T. ) ;
#1086 = EDGE_LOOP ( 'NONE', ( #1641, #1889, #1537, #1554, #2295 ) ) ;
#1087 = DIRECTION ( 'NONE',  ( 1.000000000000000000, 1.224606353822377258E-16, 0.0000000000000000000 ) ) ;
#1088 = AXIS2_PLACEMENT_3D ( 'NONE', #1492, #2171, #950 ) ;
#1089 = SHAPE_DEFINITION_REPRESENTATION ( #2185, #2666 ) ;
#1090 = ORIENTED_EDGE ( 'NONE', *, *, #2661, .F. ) ;
#1091 = LINE ( 'NONE', #590, #444 ) ;
#1092 = DIRECTION ( 'NONE',  ( 0.0000000000000000000, -1.000000000000000000, 0.0000000000000000000 ) ) ;
#1093 = LINE ( 'NONE', #1541, #1455 ) ;
#1094 = CIRCLE ( 'NONE', #501, 3.000000000000001332 ) ;
#1095 = DIRECTION ( 'NONE',  ( -1.000000000000000000, -1.224606353822377258E-16, -0.0000000000000000000 ) ) ;
#1096 = ORIENTED_EDGE ( 'NONE', *, *, #1035, .T. ) ;
#1097 = VECTOR ( 'NONE', #3100, 999.9999999999998863 ) ;
#1098 = AXIS2_PLACEMENT_3D ( 'NONE', #168, #3099, #402 ) ;
#1099 = AXIS2_PLACEMENT_3D ( 'NONE', #1466, #1355, #3253 ) ;
#1100 = ORIENTED_EDGE ( 'NONE', *, *, #1165, .T. ) ;
#1101 = FACE_OUTER_BOUND ( 'NONE', #1411, .T. ) ;
#1102 = EDGE_CURVE ( 'NONE', #2517, #3165, #376, .T. ) ;
#1103 = ORIENTED_EDGE ( 'NONE', *, *, #697, .T. ) ;
#1104 = CARTESIAN_POINT ( 'NONE',  ( 14.61173492006271069, 1.443411047392888001E-15, 0.0000000000000000000 ) ) ;
#1105 =( GEOMETRIC_REPRESENTATION_CONTEXT ( 3 ) GLOBAL_UNCERTAINTY_ASSIGNED_CONTEXT ( ( #388 ) ) GLOBAL_UNIT_ASSIGNED_CONTEXT ( ( #2252, #747, #394 ) ) REPRESENTATION_CONTEXT ( 'NONE', 'WORKASPACE' ) );
#1106 = CARTESIAN_POINT ( 'NONE',  ( 3.000000000000000000, 1.467624384280025174, -2.542000000000013138 ) ) ;
#1107 = ORIENTED_EDGE ( 'NONE', *, *, #2998, .F. ) ;
#1108 = CARTESIAN_POINT ( 'NONE',  ( 17.38826507993728399, 3.000000000000003553, 0.0000000000000000000 ) ) ;
#1109 = FACE_OUTER_BOUND ( 'NONE', #1037, .T. ) ;
#1110 = AXIS2_PLACEMENT_3D ( 'NONE', #2397, #2697, #919 ) ;
#1111 = DIRECTION ( 'NONE',  ( -1.000000000000000000, -0.0000000000000000000, -0.0000000000000000000 ) ) ;
#1112 = CIRCLE ( 'NONE', #435, 2.445500000000001783 ) ;
#1113 = CARTESIAN_POINT ( 'NONE',  ( 19.00000000000000000, 1.490958235778743760E-15, 0.0000000000000000000 ) ) ;
#1114 = ORIENTED_EDGE ( 'NONE', *, *, #1369, .F. ) ;
#1115 = CONICAL_SURFACE ( 'NONE', #1763, 3.000000000000001776, 0.9599310885968824758 ) ;
#1116 = DIRECTION ( 'NONE',  ( 0.5735764363510452712, -0.8191520442889924647, 1.003171929053525610E-16 ) ) ;
#1117 = EDGE_LOOP ( 'NONE', ( #1963, #1829, #837, #2324, #87, #1329 ) ) ;
#1118 = FILL_AREA_STYLE_COLOUR ( '', #720 ) ;
#1119 = EDGE_CURVE ( 'NONE', #2441, #1078, #1356, .T. ) ;
#1120 = CARTESIAN_POINT ( 'NONE',  ( 17.38826507993728399, 3.673940397441600850E-16, -3.000000000000001776 ) ) ;
#1121 = ORIENTED_EDGE ( 'NONE', *, *, #2547, .F. ) ;
#1122 = FACE_BOUND ( 'NONE', #2968, .T. ) ;
#1123 = DIRECTION ( 'NONE',  ( -1.000000000000000000, -1.224606353822377258E-16, -0.0000000000000000000 ) ) ;
#1124 = CARTESIAN_POINT ( 'NONE',  ( 16.00000000000000000, -2.445500000000000451, 0.0000000000000000000 ) ) ;
#1125 = DIRECTION ( 'NONE',  ( -1.000000000000000000, -1.224606353822377258E-16, -0.0000000000000000000 ) ) ;
#1126 = LINE ( 'NONE', #2499, #1382 ) ;
#1127 = AXIS2_PLACEMENT_3D ( 'NONE', #1565, #317, #3088 ) ;
#1128 = AXIS2_PLACEMENT_3D ( 'NONE', #1659, #2779, #2554 ) ;
#1129 = CARTESIAN_POINT ( 'NONE',  ( 0.0000000000000000000, 1.467624384280025174, -2.542000000000013138 ) ) ;
#1130 = ORIENTED_EDGE ( 'NONE', *, *, #3063, .F. ) ;
#1131 = FACE_OUTER_BOUND ( 'NONE', #1426, .T. ) ;
#1132 = DIRECTION ( 'NONE',  ( 0.0000000000000000000, 0.8660254037844380415, -0.5000000000000012212 ) ) ;
#1133 = EDGE_CURVE ( 'NONE', #2553, #2153, #2365, .T. ) ;
#1134 = ORIENTED_EDGE ( 'NONE', *, *, #3084, .T. ) ;
#1135 = AXIS2_PLACEMENT_3D ( 'NONE', #609, #643, #1332 ) ;
#1136 = ORIENTED_EDGE ( 'NONE', *, *, #1583, .T. ) ;
#1137 = CARTESIAN_POINT ( 'NONE',  ( 12.38826507993728221, -3.000000000000000000, 3.673940397442061840E-16 ) ) ;
#1138 = LINE ( 'NONE', #2444, #59 ) ;
#1139 = DIRECTION ( 'NONE',  ( 0.0000000000000000000, 0.0000000000000000000, 1.000000000000000000 ) ) ;
#1140 = ORIENTED_EDGE ( 'NONE', *, *, #701, .F. ) ;
#1141 = ORIENTED_EDGE ( 'NONE', *, *, #3261, .F. ) ;
#1142 = ADVANCED_FACE ( 'NONE', ( #1434 ), #1393, .T. ) ;
#1143 = VECTOR ( 'NONE', #2926, 1000.000000000000000 ) ;
#1144 = ORIENTED_EDGE ( 'NONE', *, *, #2651, .F. ) ;
#1145 = CARTESIAN_POINT ( 'NONE',  ( 18.61173492006271246, 1.443411047392888001E-15, 0.0000000000000000000 ) ) ;
#1146 = DIRECTION ( 'NONE',  ( -1.000000000000000000, -1.224606353822377258E-16, -0.0000000000000000000 ) ) ;
#1147 = DIRECTION ( 'NONE',  ( 0.0000000000000000000, 0.0000000000000000000, -1.000000000000000000 ) ) ;
#1148 = VECTOR ( 'NONE', #1667, 1000.000000000000114 ) ;
#1149 = ORIENTED_EDGE ( 'NONE', *, *, #245, .T. ) ;
#1150 = DIRECTION ( 'NONE',  ( 0.0000000000000000000, -1.000000000000000000, 0.0000000000000000000 ) ) ;
#1151 = DIRECTION ( 'NONE',  ( 0.0000000000000000000, -1.000000000000000000, 0.0000000000000000000 ) ) ;
#1152 = ORIENTED_EDGE ( 'NONE', *, *, #1918, .F. ) ;
#1153 = CIRCLE ( 'NONE', #69, 3.000000000000001776 ) ;
#1154 = CARTESIAN_POINT ( 'NONE',  ( 12.00000000000000000, 1.490958235778743760E-15, 0.0000000000000000000 ) ) ;
#1155 = ORIENTED_EDGE ( 'NONE', *, *, #1214, .F. ) ;
#1156 = FACE_OUTER_BOUND ( 'NONE', #268, .T. ) ;
#1157 = ORIENTED_EDGE ( 'NONE', *, *, #2590, .T. ) ;
#1158 = CARTESIAN_POINT ( 'NONE',  ( 20.38826507993728043, 1.538505424164598729E-15, 0.0000000000000000000 ) ) ;
#1159 = VERTEX_POINT ( 'NONE', #2 ) ;
#1160 = AXIS2_PLACEMENT_3D ( 'NONE', #1966, #2851, #3264 ) ;
#1161 = DIRECTION ( 'NONE',  ( -1.000000000000000000, -0.0000000000000000000, -0.0000000000000000000 ) ) ;
#1162 = ORIENTED_EDGE ( 'NONE', *, *, #816, .F. ) ;
#1163 = CARTESIAN_POINT ( 'NONE',  ( 13.99999999999999822, -2.445500000000000451, 3.334407072378458145E-16 ) ) ;
#1164 = ORIENTED_EDGE ( 'NONE', *, *, #1578, .F. ) ;
#1165 = EDGE_CURVE ( 'NONE', #312, #827, #1042, .T. ) ;
#1166 = FILL_AREA_STYLE ('',( #1210 ) ) ;
#1167 = FACE_OUTER_BOUND ( 'NONE', #2134, .T. ) ;
#1168 = CARTESIAN_POINT ( 'NONE',  ( 21.44549999999983925, 0.0000000000000000000, 2.999999999999823252 ) ) ;
#1169 = ORIENTED_EDGE ( 'NONE', *, *, #245, .F. ) ;
#1170 = ORIENTED_EDGE ( 'NONE', *, *, #165, .T. ) ;
#1171 = EDGE_CURVE ( 'NONE', #664, #1279, #2485, .T. ) ;
#1172 = ORIENTED_EDGE ( 'NONE', *, *, #2788, .F. ) ;
#1173 = CARTESIAN_POINT ( 'NONE',  ( 15.61173492006271246, -4.275564476539663594E-29, 3.000000000000001332 ) ) ;
#1174 = VERTEX_POINT ( 'NONE', #2214 ) ;
#1175 = ORIENTED_EDGE ( 'NONE', *, *, #2493, .F. ) ;
#1176 = AXIS2_PLACEMENT_3D ( 'NONE', #1972, #1447, #322 ) ;
#1177 = DIRECTION ( 'NONE',  ( 0.0000000000000000000, -1.000000000000000000, 0.0000000000000000000 ) ) ;
#1178 = DIRECTION ( 'NONE',  ( 1.000000000000000000, 0.0000000000000000000, 0.0000000000000000000 ) ) ;
#1179 = ORIENTED_EDGE ( 'NONE', *, *, #1604, .T. ) ;
#1180 = CARTESIAN_POINT ( 'NONE',  ( 0.0000000000000000000, -1.467624384280023397, 2.541999999999986937 ) ) ;
#1181 = CARTESIAN_POINT ( 'NONE',  ( 19.38826507993728043, -3.000000000000000000, 3.673940397442061840E-16 ) ) ;
#1182 = CONICAL_SURFACE ( 'NONE', #1638, 2.445500000000001783, 0.9599310885968758145 ) ;
#1183 = CARTESIAN_POINT ( 'NONE',  ( 17.61173492006270891, -4.294823775983535952E-29, 3.000000000000001332 ) ) ;
#1184 = EDGE_LOOP ( 'NONE', ( #2095, #209, #1425, #598, #2938 ) ) ;
#1185 = CARTESIAN_POINT ( 'NONE',  ( 3.000000000000000000, 2.935248768560056565, -1.647987302177966740E-14 ) ) ;
#1186 = ADVANCED_FACE ( 'NONE', ( #2416 ), #642, .T. ) ;
#1187 = LINE ( 'NONE', #79, #2765 ) ;
#1188 = DIRECTION ( 'NONE',  ( 0.0000000000000000000, -1.000000000000000000, 0.0000000000000000000 ) ) ;
#1189 = DIRECTION ( 'NONE',  ( -1.000000000000000000, -1.224606353822377258E-16, -0.0000000000000000000 ) ) ;
#1190 = ORIENTED_EDGE ( 'NONE', *, *, #3063, .T. ) ;
#1191 = ADVANCED_FACE ( 'NONE', ( #1406 ), #2550, .T. ) ;
#1192 = DIRECTION ( 'NONE',  ( -0.0000000000000000000, 0.8660254037844393737, 0.4999999999999988898 ) ) ;
#1193 = VERTEX_POINT ( 'NONE', #2703 ) ;
#1194 = CONICAL_SURFACE ( 'NONE', #1973, 2.445500000000001783, 0.9599310885968758145 ) ;
#1195 = DIRECTION ( 'NONE',  ( -1.000000000000000000, -1.224606353822377258E-16, -0.0000000000000000000 ) ) ;
#1196 = CARTESIAN_POINT ( 'NONE',  ( 10.38826507993728399, -3.000000000000000000, 3.673940397442061840E-16 ) ) ;
#1197 = CARTESIAN_POINT ( 'NONE',  ( 3.000000000000000000, 0.0000000000000000000, 0.0000000000000000000 ) ) ;
#1198 = AXIS2_PLACEMENT_3D ( 'NONE', #1490, #2904, #2183 ) ;
#1199 = LINE ( 'NONE', #722, #1480 ) ;
#1200 = EDGE_LOOP ( 'NONE', ( #1745, #2579, #204, #808, #843 ) ) ;
#1201 = ORIENTED_EDGE ( 'NONE', *, *, #482, .T. ) ;
#1202 = DIRECTION ( 'NONE',  ( 0.0000000000000000000, -1.000000000000000000, 0.0000000000000000000 ) ) ;
#1203 = EDGE_CURVE ( 'NONE', #695, #1321, #2096, .T. ) ;
#1204 = CARTESIAN_POINT ( 'NONE',  ( 16.00000000000000000, -2.445500000000000451, 3.334407072378458145E-16 ) ) ;
#1205 = ORIENTED_EDGE ( 'NONE', *, *, #261, .T. ) ;
#1206 = CARTESIAN_POINT ( 'NONE',  ( 9.611734920062710685, 1.443411047392888001E-15, 0.0000000000000000000 ) ) ;
#1207 = ORIENTED_EDGE ( 'NONE', *, *, #2226, .T. ) ;
#1208 = VERTEX_POINT ( 'NONE', #1980 ) ;
#1209 = CONICAL_SURFACE ( 'NONE', #1289, 2.445500000000001783, 0.9599310885968758145 ) ;
#1210 = FILL_AREA_STYLE_COLOUR ( '', #1305 ) ;
#1211 = AXIS2_PLACEMENT_3D ( 'NONE', #147, #1244, #150 ) ;
#1212 = CIRCLE ( 'NONE', #652, 2.445500000000001783 ) ;
#1213 = AXIS2_PLACEMENT_3D ( 'NONE', #2315, #2511, #28 ) ;
#1214 = EDGE_CURVE ( 'NONE', #577, #625, #1783, .T. ) ;
#1215 = AXIS2_PLACEMENT_3D ( 'NONE', #2861, #41, #1475 ) ;
#1216 = EDGE_LOOP ( 'NONE', ( #1164, #705, #3171, #1839, #206 ) ) ;
#1217 = VECTOR ( 'NONE', #22, 1000.000000000000114 ) ;
#1218 = ORIENTED_EDGE ( 'NONE', *, *, #2233, .F. ) ;
#1219 = DIRECTION ( 'NONE',  ( 0.0000000000000000000, -0.4999999999999988898, 0.8660254037844393737 ) ) ;
#1220 = DIRECTION ( 'NONE',  ( -1.000000000000000000, -1.224606353822377258E-16, -0.0000000000000000000 ) ) ;
#1221 = EDGE_CURVE ( 'NONE', #2067, #1665, #698, .T. ) ;
#1222 = AXIS2_PLACEMENT_3D ( 'NONE', #2976, #1904, #1294 ) ;
#1223 = AXIS2_PLACEMENT_3D ( 'NONE', #565, #1111, #1139 ) ;
#1224 = CARTESIAN_POINT ( 'NONE',  ( 14.38826507993728399, 3.673940397441600850E-16, -3.000000000000001776 ) ) ;
#1225 = VERTEX_POINT ( 'NONE', #2930 ) ;
#1226 = DIRECTION ( 'NONE',  ( 0.0000000000000000000, -1.000000000000000000, 0.0000000000000000000 ) ) ;
#1227 = ORIENTED_EDGE ( 'NONE', *, *, #1856, .F. ) ;
#1228 = AXIS2_PLACEMENT_3D ( 'NONE', #2950, #336, #1733 ) ;
#1229 = CARTESIAN_POINT ( 'NONE',  ( 18.38826507993728399, 1.538505424164598729E-15, 0.0000000000000000000 ) ) ;
#1230 = DIRECTION ( 'NONE',  ( 0.0000000000000000000, 1.000000000000000000, 0.0000000000000000000 ) ) ;
#1231 = CYLINDRICAL_SURFACE ( 'NONE', #63, 5.000000000000000000 ) ;
#1232 = DIRECTION ( 'NONE',  ( -0.5735764363510507113, 0.8191520442889885789, 1.003171929053520926E-16 ) ) ;
#1233 = CARTESIAN_POINT ( 'NONE',  ( 17.38826507993728399, 1.538505424164598729E-15, 0.0000000000000000000 ) ) ;
#1234 = VECTOR ( 'NONE', #1915, 999.9999999999998863 ) ;
#1235 =( NAMED_UNIT ( * ) SI_UNIT ( $, .STERADIAN. ) SOLID_ANGLE_UNIT ( ) );
#1236 = ORIENTED_EDGE ( 'NONE', *, *, #521, .F. ) ;
#1237 = ADVANCED_FACE ( 'NONE', ( #1843 ), #1485, .F. ) ;
#1238 = DIRECTION ( 'NONE',  ( -1.000000000000000000, -1.224606353822377258E-16, -0.0000000000000000000 ) ) ;
#1239 = CARTESIAN_POINT ( 'NONE',  ( 11.00000000000000000, 1.490958235778743760E-15, 0.0000000000000000000 ) ) ;
#1240 = CARTESIAN_POINT ( 'NONE',  ( 3.000000000000000000, 0.0000000000000000000, 2.541999999999999815 ) ) ;
#1241 = CIRCLE ( 'NONE', #2476, 2.445500000000001783 ) ;
#1242 = EDGE_CURVE ( 'NONE', #120, #3038, #2453, .T. ) ;
#1243 = ORIENTED_EDGE ( 'NONE', *, *, #2170, .F. ) ;
#1244 = DIRECTION ( 'NONE',  ( -1.000000000000000000, -1.224606353822377258E-16, -0.0000000000000000000 ) ) ;
#1245 = ORIENTED_EDGE ( 'NONE', *, *, #512, .F. ) ;
#1246 = ORIENTED_EDGE ( 'NONE', *, *, #62, .F. ) ;
#1247 = EDGE_CURVE ( 'NONE', #2593, #1751, #2451, .T. ) ;
#1248 = AXIS2_PLACEMENT_3D ( 'NONE', #3121, #2195, #1044 ) ;
#1249 = ORIENTED_EDGE ( 'NONE', *, *, #1573, .F. ) ;
#1250 = VERTEX_POINT ( 'NONE', #1948 ) ;
#1251 = DIRECTION ( 'NONE',  ( 0.5735764363510450492, 0.8191520442889925757, 0.0000000000000000000 ) ) ;
#1252 = EDGE_LOOP ( 'NONE', ( #821, #744, #2529, #108, #53, #929 ) ) ;
#1253 = DIRECTION ( 'NONE',  ( 0.0000000000000000000, -1.000000000000000000, 0.0000000000000000000 ) ) ;
#1254 = VERTEX_POINT ( 'NONE', #818 ) ;
#1255 = CARTESIAN_POINT ( 'NONE',  ( 18.00000000000000355, 2.445500000000003116, 2.994873747314854943E-16 ) ) ;
#1256 = DIRECTION ( 'NONE',  ( 0.0000000000000000000, 0.0000000000000000000, 1.000000000000000000 ) ) ;
#1257 = AXIS2_PLACEMENT_3D ( 'NONE', #944, #2369, #392 ) ;
#1258 = CIRCLE ( 'NONE', #2211, 3.000000000000001776 ) ;
#1259 = DIRECTION ( 'NONE',  ( 0.0000000000000000000, 0.0000000000000000000, 1.000000000000000000 ) ) ;
#1260 = CARTESIAN_POINT ( 'NONE',  ( 13.00000000000000000, 1.490958235778743760E-15, 0.0000000000000000000 ) ) ;
#1261 = ADVANCED_FACE ( 'NONE', ( #1101 ), #2884, .T. ) ;
#1262 = DIRECTION ( 'NONE',  ( -0.5735764363510507113, 0.8191520442889885789, 1.003171929053520926E-16 ) ) ;
#1263 = DIRECTION ( 'NONE',  ( 0.0000000000000000000, 0.4999999999999987232, -0.8660254037844392627 ) ) ;
#1264 = CARTESIAN_POINT ( 'NONE',  ( 19.99999999999999645, -2.445500000000000451, 3.334407072378458145E-16 ) ) ;
#1265 = EDGE_LOOP ( 'NONE', ( #436, #2935, #2370, #2791, #307 ) ) ;
#1266 = LINE ( 'NONE', #370, #782 ) ;
#1267 = ADVANCED_FACE ( 'NONE', ( #1846 ), #1874, .T. ) ;
#1268 = CARTESIAN_POINT ( 'NONE',  ( 6.000000000000000000, 5.000000000000000000, 0.0000000000000000000 ) ) ;
#1269 = ORIENTED_EDGE ( 'NONE', *, *, #90, .T. ) ;
#1270 = CARTESIAN_POINT ( 'NONE',  ( 15.38826507993728221, 3.000000000000003109, 0.0000000000000000000 ) ) ;
#1271 = PRESENTATION_STYLE_ASSIGNMENT (( #2344 ) ) ;
#1272 = DIRECTION ( 'NONE',  ( -0.5735764363510507113, 0.8191520442889885789, 1.003171929053520926E-16 ) ) ;
#1273 = EDGE_LOOP ( 'NONE', ( #2821, #1576, #1121, #470, #515 ) ) ;
#1274 = DIRECTION ( 'NONE',  ( 0.0000000000000000000, -1.000000000000000000, 0.0000000000000000000 ) ) ;
#1275 = FACE_OUTER_BOUND ( 'NONE', #91, .T. ) ;
#1276 = SURFACE_STYLE_FILL_AREA ( #1166 ) ;
#1277 = DIRECTION ( 'NONE',  ( 0.0000000000000000000, -1.000000000000000000, 0.0000000000000000000 ) ) ;
#1278 = CARTESIAN_POINT ( 'NONE',  ( 18.38826507993728399, 3.000000000000003553, 0.0000000000000000000 ) ) ;
#1279 = VERTEX_POINT ( 'NONE', #1048 ) ;
#1280 = CARTESIAN_POINT ( 'NONE',  ( 14.38826507993728399, -3.000000000000000444, 3.673940397442061840E-16 ) ) ;
#1281 = DIRECTION ( 'NONE',  ( -1.000000000000000000, -0.0000000000000000000, -0.0000000000000000000 ) ) ;
#1282 = VERTEX_POINT ( 'NONE', #1163 ) ;
#1283 = ORIENTED_EDGE ( 'NONE', *, *, #460, .T. ) ;
#1284 = DIRECTION ( 'NONE',  ( 0.0000000000000000000, 0.0000000000000000000, -1.000000000000000000 ) ) ;
#1285 = FACE_OUTER_BOUND ( 'NONE', #1749, .T. ) ;
#1286 = DIRECTION ( 'NONE',  ( -1.000000000000000000, -1.224606353822377258E-16, -0.0000000000000000000 ) ) ;
#1287 = FACE_OUTER_BOUND ( 'NONE', #711, .T. ) ;
#1288 = DIRECTION ( 'NONE',  ( -1.000000000000000000, -1.224606353822377258E-16, -0.0000000000000000000 ) ) ;
#1289 = AXIS2_PLACEMENT_3D ( 'NONE', #3025, #224, #677 ) ;
#1290 = EDGE_LOOP ( 'NONE', ( #1436, #2402, #441, #1929 ) ) ;
#1291 = ORIENTED_EDGE ( 'NONE', *, *, #2914, .T. ) ;
#1292 = CONICAL_SURFACE ( 'NONE', #1213, 2.445500000000001783, 0.9599310885968758145 ) ;
#1293 = DIRECTION ( 'NONE',  ( -1.000000000000000000, -1.224606353822377258E-16, -0.0000000000000000000 ) ) ;
#1294 = DIRECTION ( 'NONE',  ( 0.0000000000000000000, -1.000000000000000000, 0.0000000000000000000 ) ) ;
#1295 = CARTESIAN_POINT ( 'NONE',  ( 10.38826507993728399, 3.000000000000003553, 0.0000000000000000000 ) ) ;
#1296 = LINE ( 'NONE', #1558, #3200 ) ;
#1297 = AXIS2_PLACEMENT_3D ( 'NONE', #279, #2236, #1774 ) ;
#1298 = ORIENTED_EDGE ( 'NONE', *, *, #62, .T. ) ;
#1299 = DIRECTION ( 'NONE',  ( -1.000000000000000000, -1.224606353822377258E-16, -0.0000000000000000000 ) ) ;
#1300 = CARTESIAN_POINT ( 'NONE',  ( 10.61173492006271069, -2.999999999999999556, 0.0000000000000000000 ) ) ;
#1301 = DIRECTION ( 'NONE',  ( 0.0000000000000000000, 0.5000000000000009992, 0.8660254037844380415 ) ) ;
#1302 = ORIENTED_EDGE ( 'NONE', *, *, #1713, .T. ) ;
#1303 = DIRECTION ( 'NONE',  ( 0.0000000000000000000, -1.000000000000000000, 0.0000000000000000000 ) ) ;
#1304 = LINE ( 'NONE', #775, #489 ) ;
#1305 = COLOUR_RGB ( '',0.7764705882352941346, 0.7568627450980391913, 0.7372549019607843590 ) ;
#1306 = VERTEX_POINT ( 'NONE', #81 ) ;
#1307 = CIRCLE ( 'NONE', #1040, 3.000000000000001776 ) ;
#1308 = CIRCLE ( 'NONE', #1906, 3.000000000000001776 ) ;
#1309 = DIRECTION ( 'NONE',  ( 0.0000000000000000000, 0.0000000000000000000, -1.000000000000000000 ) ) ;
#1310 = DIRECTION ( 'NONE',  ( 0.0000000000000000000, 0.0000000000000000000, -1.000000000000000000 ) ) ;
#1311 = DIRECTION ( 'NONE',  ( 0.0000000000000000000, -1.000000000000000000, 0.0000000000000000000 ) ) ;
#1312 = ORIENTED_EDGE ( 'NONE', *, *, #2979, .T. ) ;
#1313 = SURFACE_STYLE_FILL_AREA ( #3202 ) ;
#1314 = AXIS2_PLACEMENT_3D ( 'NONE', #1669, #3246, #2981 ) ;
#1315 = DIRECTION ( 'NONE',  ( 0.0000000000000000000, -1.000000000000000000, 0.0000000000000000000 ) ) ;
#1316 = EDGE_CURVE ( 'NONE', #3165, #3066, #30, .T. ) ;
#1317 = CONICAL_SURFACE ( 'NONE', #2495, 2.445500000000001783, 0.9599310885968758145 ) ;
#1318 = CARTESIAN_POINT ( 'NONE',  ( 3.000000000000000000, 2.935248768560056565, -1.647987302177966740E-14 ) ) ;
#1319 = EDGE_CURVE ( 'NONE', #2432, #617, #1547, .T. ) ;
#1320 = DIRECTION ( 'NONE',  ( 0.5735764363510450492, 0.8191520442889925757, 0.0000000000000000000 ) ) ;
#1321 = VERTEX_POINT ( 'NONE', #1173 ) ;
#1322 = DIRECTION ( 'NONE',  ( -1.000000000000000000, -1.224606353822377258E-16, -0.0000000000000000000 ) ) ;
#1323 = DIRECTION ( 'NONE',  ( 0.0000000000000000000, -1.000000000000000000, 0.0000000000000000000 ) ) ;
#1324 = CIRCLE ( 'NONE', #1552, 3.000000000000001776 ) ;
#1325 = CARTESIAN_POINT ( 'NONE',  ( 9.611734920062710685, 3.000000000000003109, 3.673940397442061840E-16 ) ) ;
#1326 = DIRECTION ( 'NONE',  ( -1.000000000000000000, -1.224606353822377258E-16, -0.0000000000000000000 ) ) ;
#1327 = DIRECTION ( 'NONE',  ( -1.000000000000000000, -1.224606353822377258E-16, -0.0000000000000000000 ) ) ;
#1328 = EDGE_CURVE ( 'NONE', #255, #7, #2965, .T. ) ;
#1329 = ORIENTED_EDGE ( 'NONE', *, *, #3193, .F. ) ;
#1330 = CARTESIAN_POINT ( 'NONE',  ( 18.61173492006271246, -2.999999999999999556, 0.0000000000000000000 ) ) ;
#1331 = VERTEX_POINT ( 'NONE', #2735 ) ;
#1332 = DIRECTION ( 'NONE',  ( 0.0000000000000000000, -1.000000000000000000, 0.0000000000000000000 ) ) ;
#1333 = ORIENTED_EDGE ( 'NONE', *, *, #1818, .T. ) ;
#1334 = VECTOR ( 'NONE', #798, 1000.000000000000000 ) ;
#1335 = DIRECTION ( 'NONE',  ( -1.000000000000000000, -0.0000000000000000000, -0.0000000000000000000 ) ) ;
#1336 = ADVANCED_FACE ( 'NONE', ( #1131 ), #3153, .T. ) ;
#1337 = DIRECTION ( 'NONE',  ( -1.000000000000000000, -1.224606353822377258E-16, -0.0000000000000000000 ) ) ;
#1338 = CARTESIAN_POINT ( 'NONE',  ( -31.74999999999995737, 0.0000000000000000000, 2.999999999999912070 ) ) ;
#1339 = CYLINDRICAL_SURFACE ( 'NONE', #733, 2.999999999999912070 ) ;
#1340 = LINE ( 'NONE', #14, #1741 ) ;
#1341 = DIRECTION ( 'NONE',  ( 0.0000000000000000000, 0.0000000000000000000, -1.000000000000000000 ) ) ;
#1342 = EDGE_LOOP ( 'NONE', ( #2000, #1761, #1312, #1575, #2482 ) ) ;
#1343 = LINE ( 'NONE', #253, #1097 ) ;
#1344 = EDGE_CURVE ( 'NONE', #312, #2074, #2887, .T. ) ;
#1345 = EDGE_CURVE ( 'NONE', #19, #2335, #2403, .T. ) ;
#1346 = ORIENTED_EDGE ( 'NONE', *, *, #2808, .F. ) ;
#1347 = ORIENTED_EDGE ( 'NONE', *, *, #824, .F. ) ;
#1348 = CARTESIAN_POINT ( 'NONE',  ( -31.74999999999995737, 0.0000000000000000000, 0.0000000000000000000 ) ) ;
#1349 = DIRECTION ( 'NONE',  ( 1.000000000000000000, 0.0000000000000000000, 0.0000000000000000000 ) ) ;
#1350 = AXIS2_PLACEMENT_3D ( 'NONE', #3180, #160, #2715 ) ;
#1351 = DIRECTION ( 'NONE',  ( 0.0000000000000000000, -1.000000000000000000, 0.0000000000000000000 ) ) ;
#1352 = LINE ( 'NONE', #931, #2320 ) ;
#1353 = AXIS2_PLACEMENT_3D ( 'NONE', #1553, #1033, #802 ) ;
#1354 = VERTEX_POINT ( 'NONE', #3142 ) ;
#1355 = DIRECTION ( 'NONE',  ( 1.000000000000000000, 1.224606353822377258E-16, 0.0000000000000000000 ) ) ;
#1356 = CIRCLE ( 'NONE', #1135, 3.000000000000001332 ) ;
#1357 = ORIENTED_EDGE ( 'NONE', *, *, #2512, .F. ) ;
#1358 = DIRECTION ( 'NONE',  ( -1.000000000000000000, -0.0000000000000000000, -0.0000000000000000000 ) ) ;
#1359 = EDGE_CURVE ( 'NONE', #3066, #37, #1705, .T. ) ;
#1360 = PRODUCT_DEFINITION_FORMATION_WITH_SPECIFIED_SOURCE ( 'ANY', '', #655, .NOT_KNOWN. ) ;
#1361 = ORIENTED_EDGE ( 'NONE', *, *, #1344, .F. ) ;
#1362 = ORIENTED_EDGE ( 'NONE', *, *, #231, .F. ) ;
#1363 = ORIENTED_EDGE ( 'NONE', *, *, #1998, .F. ) ;
#1364 = AXIS2_PLACEMENT_3D ( 'NONE', #2569, #2372, #1010 ) ;
#1365 = EDGE_CURVE ( 'NONE', #1989, #1282, #1062, .T. ) ;
#1366 = DIRECTION ( 'NONE',  ( 0.0000000000000000000, -1.000000000000000000, 0.0000000000000000000 ) ) ;
#1367 = ORIENTED_EDGE ( 'NONE', *, *, #2752, .F. ) ;
#1368 = CONICAL_SURFACE ( 'NONE', #20, 2.445500000000000007, 0.7853981633971451881 ) ;
#1369 = EDGE_CURVE ( 'NONE', #1054, #2191, #1296, .T. ) ;
#1370 = CARTESIAN_POINT ( 'NONE',  ( 15.61173492006271246, 3.673940397441633390E-16, -3.000000000000001332 ) ) ;
#1371 = DIRECTION ( 'NONE',  ( -1.000000000000000000, -0.0000000000000000000, -0.0000000000000000000 ) ) ;
#1372 = CONICAL_SURFACE ( 'NONE', #2084, 3.000000000000001776, 0.9599310885968824758 ) ;
#1373 = DIRECTION ( 'NONE',  ( -1.000000000000000000, -1.224606353822377258E-16, -0.0000000000000000000 ) ) ;
#1374 = EDGE_CURVE ( 'NONE', #1495, #1681, #3006, .T. ) ;
#1375 = DIRECTION ( 'NONE',  ( -0.0000000000000000000, -0.5000000000000009992, -0.8660254037844380415 ) ) ;
#1376 = EDGE_LOOP ( 'NONE', ( #2568, #2053, #1141, #3070, #1362 ) ) ;
#1377 = ORIENTED_EDGE ( 'NONE', *, *, #2871, .T. ) ;
#1378 = AXIS2_PLACEMENT_3D ( 'NONE', #2459, #181, #2698 ) ;
#1379 = DIRECTION ( 'NONE',  ( 0.5735764363510452712, -0.8191520442889924647, 1.003171929053525610E-16 ) ) ;
#1380 = ORIENTED_EDGE ( 'NONE', *, *, #2834, .F. ) ;
#1381 = VECTOR ( 'NONE', #3031, 1000.000000000000000 ) ;
#1382 = VECTOR ( 'NONE', #3203, 1000.000000000000114 ) ;
#1383 = CARTESIAN_POINT ( 'NONE',  ( 18.38826507993728399, 3.673940397441600850E-16, -3.000000000000001776 ) ) ;
#1384 = EDGE_CURVE ( 'NONE', #431, #1897, #505, .T. ) ;
#1385 = VERTEX_POINT ( 'NONE', #2852 ) ;
#1386 = ORIENTED_EDGE ( 'NONE', *, *, #3164, .F. ) ;
#1387 = CIRCLE ( 'NONE', #2980, 3.000000000000001332 ) ;
#1388 = CARTESIAN_POINT ( 'NONE',  ( 16.00000000000000000, 1.490958235778743760E-15, 0.0000000000000000000 ) ) ;
#1389 = CIRCLE ( 'NONE', #1639, 3.000000000000001776 ) ;
#1390 = ORIENTED_EDGE ( 'NONE', *, *, #771, .F. ) ;
#1391 = CARTESIAN_POINT ( 'NONE',  ( 16.61173492006270891, 1.443411047392888001E-15, 0.0000000000000000000 ) ) ;
#1392 = EDGE_CURVE ( 'NONE', #593, #1004, #1536, .T. ) ;
#1393 = CYLINDRICAL_SURFACE ( 'NONE', #396, 2.999999999999912070 ) ;
#1394 = CARTESIAN_POINT ( 'NONE',  ( 12.38826507993728221, 1.538505424164598729E-15, 0.0000000000000000000 ) ) ;
#1395 = VERTEX_POINT ( 'NONE', #1959 ) ;
#1396 = DIRECTION ( 'NONE',  ( -1.000000000000000000, -0.0000000000000000000, -0.0000000000000000000 ) ) ;
#1397 = DIRECTION ( 'NONE',  ( 0.0000000000000000000, -1.000000000000000000, 0.0000000000000000000 ) ) ;
#1398 = CARTESIAN_POINT ( 'NONE',  ( 16.38826507993728043, 1.538505424164598729E-15, 0.0000000000000000000 ) ) ;
#1399 = ADVANCED_FACE ( 'NONE', ( #725 ), #3058, .T. ) ;
#1401 = ADVANCED_FACE ( 'NONE', ( #553 ), #886, .F. ) ;
#1400 = ORIENTED_EDGE ( 'NONE', *, *, #855, .F. ) ;
#1402 = DIRECTION ( 'NONE',  ( -1.000000000000000000, -1.224606353822377258E-16, -0.0000000000000000000 ) ) ;
#1403 = EDGE_LOOP ( 'NONE', ( #2317, #2422, #1678, #1488, #511 ) ) ;
#1404 = CARTESIAN_POINT ( 'NONE',  ( 10.61173492006271069, 1.443411047392888001E-15, 0.0000000000000000000 ) ) ;
#1405 = EDGE_CURVE ( 'NONE', #813, #212, #1609, .T. ) ;
#1406 = FACE_OUTER_BOUND ( 'NONE', #367, .T. ) ;
#1407 = EDGE_CURVE ( 'NONE', #630, #2242, #607, .T. ) ;
#1408 = DIRECTION ( 'NONE',  ( 0.0000000000000000000, -1.000000000000000000, 0.0000000000000000000 ) ) ;
#1409 = DIRECTION ( 'NONE',  ( 0.0000000000000000000, -1.000000000000000000, 0.0000000000000000000 ) ) ;
#1410 = DIRECTION ( 'NONE',  ( -1.000000000000000000, -1.224606353822377258E-16, -0.0000000000000000000 ) ) ;
#1411 = EDGE_LOOP ( 'NONE', ( #2688, #1719, #472, #294, #1438, #2412 ) ) ;
#1412 = DIRECTION ( 'NONE',  ( -1.000000000000000000, -1.224606353822377258E-16, -0.0000000000000000000 ) ) ;
#1413 = AXIS2_PLACEMENT_3D ( 'NONE', #3166, #2034, #119 ) ;
#1414 = DIRECTION ( 'NONE',  ( -1.000000000000000000, -1.224606353822377258E-16, -0.0000000000000000000 ) ) ;
#1415 = VERTEX_POINT ( 'NONE', #2601 ) ;
#1416 = VECTOR ( 'NONE', #3016, 1000.000000000000000 ) ;
#1417 = EDGE_LOOP ( 'NONE', ( #2016, #2140, #1984, #3243, #2696 ) ) ;
#1418 = TOROIDAL_SURFACE ( 'NONE', #2564, 3.249999999999911626, 0.2500000000000000000 ) ;
#1419 = CONICAL_SURFACE ( 'NONE', #2635, 3.000000000000001776, 0.9599310885968824758 ) ;
#1420 = EDGE_CURVE ( 'NONE', #1878, #1813, #413, .T. ) ;
#1421 = ORIENTED_EDGE ( 'NONE', *, *, #3227, .F. ) ;
#1422 = CARTESIAN_POINT ( 'NONE',  ( 12.38826507993728221, 1.538505424164598729E-15, 0.0000000000000000000 ) ) ;
#1423 = DIRECTION ( 'NONE',  ( 0.0000000000000000000, -1.000000000000000000, 0.0000000000000000000 ) ) ;
#1424 = PRESENTATION_LAYER_ASSIGNMENT (  '', '', ( #2922 ) ) ;
#1425 = ORIENTED_EDGE ( 'NONE', *, *, #1171, .T. ) ;
#1426 = EDGE_LOOP ( 'NONE', ( #1140, #1493, #3000, #2575 ) ) ;
#1427 = CARTESIAN_POINT ( 'NONE',  ( 15.00000000000000000, 1.490958235778743760E-15, 0.0000000000000000000 ) ) ;
#1428 = PLANE ( 'NONE',  #166 ) ;
#1429 = CIRCLE ( 'NONE', #2418, 3.000000000000001332 ) ;
#1430 = ADVANCED_FACE ( 'NONE', ( #1769 ), #1182, .T. ) ;
#1431 = ORIENTED_EDGE ( 'NONE', *, *, #2543, .T. ) ;
#1432 = DIRECTION ( 'NONE',  ( 1.000000000000000000, 1.224606353822377258E-16, 0.0000000000000000000 ) ) ;
#1433 = CARTESIAN_POINT ( 'NONE',  ( -31.74999999999995737, 0.0000000000000000000, 2.999999999999912070 ) ) ;
#1434 = FACE_OUTER_BOUND ( 'NONE', #2111, .T. ) ;
#1435 = DIRECTION ( 'NONE',  ( -1.000000000000000000, -0.0000000000000000000, -0.0000000000000000000 ) ) ;
#1436 = ORIENTED_EDGE ( 'NONE', *, *, #264, .T. ) ;
#1437 = ADVANCED_FACE ( 'NONE', ( #73 ), #1317, .T. ) ;
#1438 = ORIENTED_EDGE ( 'NONE', *, *, #482, .F. ) ;
#1439 = ORIENTED_EDGE ( 'NONE', *, *, #618, .T. ) ;
#1440 = AXIS2_PLACEMENT_3D ( 'NONE', #1394, #2815, #2144 ) ;
#1441 = MECHANICAL_DESIGN_GEOMETRIC_PRESENTATION_REPRESENTATION (  '', ( #291 ), #66 ) ;
#1442 = DIRECTION ( 'NONE',  ( -1.000000000000000000, -1.224606353822377258E-16, -0.0000000000000000000 ) ) ;
#1443 = DIRECTION ( 'NONE',  ( 0.0000000000000000000, -1.000000000000000000, 0.0000000000000000000 ) ) ;
#1444 = ORIENTED_EDGE ( 'NONE', *, *, #205, .F. ) ;
#1445 = EDGE_CURVE ( 'NONE', #212, #2036, #2577, .T. ) ;
#1446 = AXIS2_PLACEMENT_3D ( 'NONE', #603, #2910, #2272 ) ;
#1447 = DIRECTION ( 'NONE',  ( -1.000000000000000000, -1.224606353822377258E-16, -0.0000000000000000000 ) ) ;
#1448 = DIRECTION ( 'NONE',  ( 0.0000000000000000000, 1.000000000000000000, 0.0000000000000000000 ) ) ;
#1449 = ORIENTED_EDGE ( 'NONE', *, *, #2149, .T. ) ;
#1450 = FACE_OUTER_BOUND ( 'NONE', #1871, .T. ) ;
#1451 = CARTESIAN_POINT ( 'NONE',  ( 17.61173492006270891, 3.000000000000007994, 3.673940397442067757E-16 ) ) ;
#1452 = DIRECTION ( 'NONE',  ( -1.000000000000000000, -0.0000000000000000000, -0.0000000000000000000 ) ) ;
#1453 = ORIENTED_EDGE ( 'NONE', *, *, #1454, .T. ) ;
#1454 = EDGE_CURVE ( 'NONE', #1956, #2153, #910, .T. ) ;
#1455 = VECTOR ( 'NONE', #908, 1000.000000000000114 ) ;
#1456 = DIRECTION ( 'NONE',  ( 1.000000000000000000, 1.224606353822377258E-16, 0.0000000000000000000 ) ) ;
#1457 = DIRECTION ( 'NONE',  ( -1.000000000000000000, -1.224606353822377258E-16, -0.0000000000000000000 ) ) ;
#1458 = AXIS2_PLACEMENT_3D ( 'NONE', #2447, #735, #2664 ) ;
#1459 = DIRECTION ( 'NONE',  ( -1.000000000000000000, -1.224606353822377258E-16, -0.0000000000000000000 ) ) ;
#1460 = CONICAL_SURFACE ( 'NONE', #2457, 3.000000000000001776, 0.9599310885968824758 ) ;
#1461 = VERTEX_POINT ( 'NONE', #2152 ) ;
#1462 = EDGE_CURVE ( 'NONE', #2074, #2232, #823, .T. ) ;
#1463 = DIRECTION ( 'NONE',  ( -1.000000000000000000, -1.224606353822377258E-16, -0.0000000000000000000 ) ) ;
#1464 = VERTEX_POINT ( 'NONE', #3266 ) ;
#1465 = ORIENTED_EDGE ( 'NONE', *, *, #2700, .T. ) ;
#1466 = CARTESIAN_POINT ( 'NONE',  ( 21.38826507993728399, 1.538505424164598729E-15, 0.0000000000000000000 ) ) ;
#1467 = ORIENTED_EDGE ( 'NONE', *, *, #2933, .F. ) ;
#1468 = AXIS2_PLACEMENT_3D ( 'NONE', #3233, #1349, #1019 ) ;
#1469 = CARTESIAN_POINT ( 'NONE',  ( 10.38826507993728399, 1.538505424164598729E-15, 0.0000000000000000000 ) ) ;
#1470 = LINE ( 'NONE', #3067, #1021 ) ;
#1471 = ORIENTED_EDGE ( 'NONE', *, *, #1825, .T. ) ;
#1472 = ORIENTED_EDGE ( 'NONE', *, *, #1242, .F. ) ;
#1473 = CYLINDRICAL_SURFACE ( 'NONE', #584, 2.999999999999912070 ) ;
#1474 = DIRECTION ( 'NONE',  ( 1.000000000000000000, 0.0000000000000000000, 0.0000000000000000000 ) ) ;
#1475 = DIRECTION ( 'NONE',  ( 0.0000000000000000000, -1.000000000000000000, 0.0000000000000000000 ) ) ;
#1476 = ORIENTED_EDGE ( 'NONE', *, *, #718, .T. ) ;
#1477 = ORIENTED_EDGE ( 'NONE', *, *, #1221, .F. ) ;
#1478 = DIRECTION ( 'NONE',  ( -1.000000000000000000, -1.224606353822377258E-16, -0.0000000000000000000 ) ) ;
#1479 = FILL_AREA_STYLE_COLOUR ( '', #3191 ) ;
#1480 = VECTOR ( 'NONE', #1116, 999.9999999999998863 ) ;
#1481 = DIRECTION ( 'NONE',  ( 0.0000000000000000000, -1.000000000000000000, 0.0000000000000000000 ) ) ;
#1482 = EDGE_LOOP ( 'NONE', ( #626, #1894, #2768, #1190, #2541, #2921 ) ) ;
#1483 = DIRECTION ( 'NONE',  ( -1.000000000000000000, -0.0000000000000000000, -0.0000000000000000000 ) ) ;
#1484 = CARTESIAN_POINT ( 'NONE',  ( 10.61173492006271069, 3.000000000000003109, 3.673940397442061840E-16 ) ) ;
#1485 = CONICAL_SURFACE ( 'NONE', #2865, 2.541999999999999815, 1.047197551196591858 ) ;
#1486 = EDGE_CURVE ( 'NONE', #3076, #403, #639, .T. ) ;
#1487 = ADVANCED_FACE ( 'NONE', ( #2778 ), #3050, .T. ) ;
#1488 = ORIENTED_EDGE ( 'NONE', *, *, #937, .T. ) ;
#1489 = CIRCLE ( 'NONE', #267, 4.700000000000000178 ) ;
#1490 = CARTESIAN_POINT ( 'NONE',  ( 9.388265079937282209, 1.538505424164598729E-15, 0.0000000000000000000 ) ) ;
#1491 = DIRECTION ( 'NONE',  ( 0.0000000000000000000, -1.000000000000000000, 1.181994176819166438E-15 ) ) ;
#1492 = CARTESIAN_POINT ( 'NONE',  ( 3.000000000000000000, 0.0000000000000000000, 0.0000000000000000000 ) ) ;
#1493 = ORIENTED_EDGE ( 'NONE', *, *, #1911, .T. ) ;
#1494 = DIRECTION ( 'NONE',  ( 0.0000000000000000000, -1.000000000000000000, 0.0000000000000000000 ) ) ;
#1495 = VERTEX_POINT ( 'NONE', #1204 ) ;
#1496 = EDGE_CURVE ( 'NONE', #1054, #2632, #3149, .T. ) ;
#1497 = ORIENTED_EDGE ( 'NONE', *, *, #2832, .F. ) ;
#1498 = AXIS2_PLACEMENT_3D ( 'NONE', #1867, #2060, #2423 ) ;
#1499 = DIRECTION ( 'NONE',  ( 0.0000000000000000000, -1.000000000000000000, 0.0000000000000000000 ) ) ;
#1500 = CARTESIAN_POINT ( 'NONE',  ( 9.000000000000000000, 2.445500000000003116, 2.994873747314854943E-16 ) ) ;
#1501 = ORIENTED_EDGE ( 'NONE', *, *, #409, .T. ) ;
#1502 = DIRECTION ( 'NONE',  ( 0.0000000000000000000, 0.0000000000000000000, -1.000000000000000000 ) ) ;
#1503 = DIRECTION ( 'NONE',  ( -0.0000000000000000000, 1.000000000000000000, 1.224646799147353207E-16 ) ) ;
#1504 = ORIENTED_EDGE ( 'NONE', *, *, #2493, .T. ) ;
#1505 = CARTESIAN_POINT ( 'NONE',  ( 3.000000000000000000, 1.467624384280025174, -2.542000000000013138 ) ) ;
#1506 = DIRECTION ( 'NONE',  ( 0.0000000000000000000, -1.000000000000000000, 0.0000000000000000000 ) ) ;
#1507 = CARTESIAN_POINT ( 'NONE',  ( 12.38826507993728221, 1.538505424164598729E-15, 0.0000000000000000000 ) ) ;
#1508 = VERTEX_POINT ( 'NONE', #1828 ) ;
#1509 = ORIENTED_EDGE ( 'NONE', *, *, #2979, .F. ) ;
#1510 = VERTEX_POINT ( 'NONE', #2503 ) ;
#1511 = CIRCLE ( 'NONE', #1176, 3.000000000000001776 ) ;
#1512 = DIRECTION ( 'NONE',  ( 0.0000000000000000000, -1.000000000000000000, 0.0000000000000000000 ) ) ;
#1513 = ADVANCED_FACE ( 'NONE', ( #1287 ), #1767, .F. ) ;
#1514 = APPLICATION_PROTOCOL_DEFINITION ( 'draft international standard', 'automotive_design', 1998, #2289 ) ;
#1515 = DIRECTION ( 'NONE',  ( 0.0000000000000000000, -1.000000000000000000, 0.0000000000000000000 ) ) ;
#1516 = EDGE_CURVE ( 'NONE', #1665, #1723, #1608, .T. ) ;
#1517 = DIRECTION ( 'NONE',  ( -1.000000000000000000, -0.0000000000000000000, -0.0000000000000000000 ) ) ;
#1518 = ORIENTED_EDGE ( 'NONE', *, *, #2291, .T. ) ;
#1519 = CARTESIAN_POINT ( 'NONE',  ( 3.000000000000000000, 0.0000000000000000000, 0.0000000000000000000 ) ) ;
#1520 = AXIS2_PLACEMENT_3D ( 'NONE', #2868, #1570, #263 ) ;
#1521 = ORIENTED_EDGE ( 'NONE', *, *, #1344, .T. ) ;
#1522 = CONICAL_SURFACE ( 'NONE', #1098, 2.445500000000001783, 0.9599310885968758145 ) ;
#1523 = CARTESIAN_POINT ( 'NONE',  ( 3.000000000000000000, -1.467624384280023397, 2.541999999999986937 ) ) ;
#1524 = ORIENTED_EDGE ( 'NONE', *, *, #1787, .T. ) ;
#1525 = CIRCLE ( 'NONE', #1613, 3.000000000000001332 ) ;
#1526 = DIRECTION ( 'NONE',  ( 0.0000000000000000000, -1.224646799147353207E-16, 1.000000000000000000 ) ) ;
#1527 = CARTESIAN_POINT ( 'NONE',  ( 18.61173492006271246, -4.294823775983535952E-29, 3.000000000000001332 ) ) ;
#1528 = CIRCLE ( 'NONE', #1014, 0.2999999999999999334 ) ;
#1529 = VECTOR ( 'NONE', #1791, 999.9999999999998863 ) ;
#1530 = DIRECTION ( 'NONE',  ( -1.000000000000000000, -0.0000000000000000000, -0.0000000000000000000 ) ) ;
#1531 = CARTESIAN_POINT ( 'NONE',  ( -31.74999999999995737, 3.673940397441951893E-16, -2.999999999999912070 ) ) ;
#1532 = VECTOR ( 'NONE', #2411, 1000.000000000000000 ) ;
#1533 = CIRCLE ( 'NONE', #1353, 5.000000000000000000 ) ;
#1534 = DIRECTION ( 'NONE',  ( 0.0000000000000000000, 0.0000000000000000000, 1.000000000000000000 ) ) ;
#1535 = CARTESIAN_POINT ( 'NONE',  ( 16.38826507993728043, 1.538505424164598729E-15, 0.0000000000000000000 ) ) ;
#1536 = CIRCLE ( 'NONE', #2598, 3.000000000000001332 ) ;
#1537 = ORIENTED_EDGE ( 'NONE', *, *, #1775, .T. ) ;
#1538 = EDGE_LOOP ( 'NONE', ( #327, #1333, #1302, #770, #2747 ) ) ;
#1539 = AXIS2_PLACEMENT_3D ( 'NONE', #188, #2112, #654 ) ;
#1540 = ORIENTED_EDGE ( 'NONE', *, *, #83, .T. ) ;
#1541 = CARTESIAN_POINT ( 'NONE',  ( 3.000000000000000000, -2.935248768560054344, -9.974659986866640793E-15 ) ) ;
#1542 = CARTESIAN_POINT ( 'NONE',  ( 16.61173492006270891, 1.443411047392888001E-15, 0.0000000000000000000 ) ) ;
#1543 = ORIENTED_EDGE ( 'NONE', *, *, #3127, .T. ) ;
#1544 = DIRECTION ( 'NONE',  ( 0.0000000000000000000, 0.0000000000000000000, -1.000000000000000000 ) ) ;
#1545 = DIRECTION ( 'NONE',  ( 0.0000000000000000000, 0.0000000000000000000, -1.000000000000000000 ) ) ;
#1546 = AXIS2_PLACEMENT_3D ( 'NONE', #314, #2178, #1901 ) ;
#1547 = CIRCLE ( 'NONE', #932, 2.445500000000001783 ) ;
#1548 =( NAMED_UNIT ( * ) PLANE_ANGLE_UNIT ( ) SI_UNIT ( $, .RADIAN. ) );
#1549 = CARTESIAN_POINT ( 'NONE',  ( 9.000000000000000000, -2.445500000000000451, 3.334407072378458145E-16 ) ) ;
#1550 = PLANE ( 'NONE',  #3109 ) ;
#1551 = EDGE_CURVE ( 'NONE', #2078, #255, #2839, .T. ) ;
#1552 = AXIS2_PLACEMENT_3D ( 'NONE', #2066, #200, #1315 ) ;
#1553 = CARTESIAN_POINT ( 'NONE',  ( 5.999999999999998224, 0.0000000000000000000, 0.0000000000000000000 ) ) ;
#1554 = ORIENTED_EDGE ( 'NONE', *, *, #1359, .T. ) ;
#1555 = LINE ( 'NONE', #348, #1529 ) ;
#1556 = EDGE_CURVE ( 'NONE', #37, #479, #335, .T. ) ;
#1557 = ORIENTED_EDGE ( 'NONE', *, *, #2193, .F. ) ;
#1558 = CARTESIAN_POINT ( 'NONE',  ( 12.00000000000000000, 2.445500000000003116, 2.994873747314854943E-16 ) ) ;
#1559 = VERTEX_POINT ( 'NONE', #3112 ) ;
#1560 = EDGE_CURVE ( 'NONE', #479, #141, #2994, .T. ) ;
#1561 = DIRECTION ( 'NONE',  ( 0.0000000000000000000, -1.000000000000000000, 0.0000000000000000000 ) ) ;
#1562 = FACE_OUTER_BOUND ( 'NONE', #1833, .T. ) ;
#1563 = ORIENTED_EDGE ( 'NONE', *, *, #1133, .T. ) ;
#1564 = CARTESIAN_POINT ( 'NONE',  ( -31.74999999999995737, 0.0000000000000000000, 0.0000000000000000000 ) ) ;
#1565 = CARTESIAN_POINT ( 'NONE',  ( 14.38826507993728399, 1.538505424164598729E-15, 0.0000000000000000000 ) ) ;
#1566 = CARTESIAN_POINT ( 'NONE',  ( 12.38826507993728221, -4.602972567085493689E-29, 3.000000000000001776 ) ) ;
#1567 = LINE ( 'NONE', #716, #2367 ) ;
#1568 = ORIENTED_EDGE ( 'NONE', *, *, #2556, .F. ) ;
#1569 =( NAMED_UNIT ( * ) PLANE_ANGLE_UNIT ( ) SI_UNIT ( $, .RADIAN. ) );
#1570 = DIRECTION ( 'NONE',  ( -1.000000000000000000, -1.224606353822377258E-16, -0.0000000000000000000 ) ) ;
#1571 = DIRECTION ( 'NONE',  ( -1.000000000000000000, -1.224606353822377258E-16, -0.0000000000000000000 ) ) ;
#1572 = ORIENTED_EDGE ( 'NONE', *, *, #1702, .T. ) ;
#1573 = EDGE_CURVE ( 'NONE', #1279, #2161, #2663, .T. ) ;
#1574 = DIRECTION ( 'NONE',  ( 0.0000000000000000000, 0.0000000000000000000, 1.000000000000000000 ) ) ;
#1575 = ORIENTED_EDGE ( 'NONE', *, *, #1898, .F. ) ;
#1576 = ORIENTED_EDGE ( 'NONE', *, *, #1588, .T. ) ;
#1577 = DIRECTION ( 'NONE',  ( 0.0000000000000000000, -1.000000000000000000, 0.0000000000000000000 ) ) ;
#1578 = EDGE_CURVE ( 'NONE', #1495, #880, #2454, .T. ) ;
#1579 = VECTOR ( 'NONE', #2954, 1000.000000000000114 ) ;
#1580 = ORIENTED_EDGE ( 'NONE', *, *, #1119, .T. ) ;
#1581 = CARTESIAN_POINT ( 'NONE',  ( 3.000000000000000000, -1.467624384280023397, 2.541999999999986937 ) ) ;
#1582 = DIRECTION ( 'NONE',  ( -1.000000000000000000, -1.224606353822377258E-16, -0.0000000000000000000 ) ) ;
#1583 = EDGE_CURVE ( 'NONE', #1559, #2517, #258, .T. ) ;
#1584 = VERTEX_POINT ( 'NONE', #2681 ) ;
#1585 = AXIS2_PLACEMENT_3D ( 'NONE', #131, #1456, #790 ) ;
#1586 = CARTESIAN_POINT ( 'NONE',  ( -31.74999999999995737, 0.0000000000000000000, 2.999999999999912070 ) ) ;
#1587 = VERTEX_POINT ( 'NONE', #2415 ) ;
#1588 = EDGE_CURVE ( 'NONE', #617, #3183, #3021, .T. ) ;
#1589 = AXIS2_PLACEMENT_3D ( 'NONE', #2310, #3272, #715 ) ;
#1590 = CONICAL_SURFACE ( 'NONE', #2389, 3.000000000000001776, 0.9599310885968824758 ) ;
#1591 = ADVANCED_FACE ( 'NONE', ( #1051 ), #2792, .T. ) ;
#1592 = ORIENTED_EDGE ( 'NONE', *, *, #1903, .F. ) ;
#1593 = DIRECTION ( 'NONE',  ( 0.0000000000000000000, -1.000000000000000000, 0.0000000000000000000 ) ) ;
#1594 = CIRCLE ( 'NONE', #3284, 3.000000000000001332 ) ;
#1595 = VERTEX_POINT ( 'NONE', #1549 ) ;
#1596 = EDGE_LOOP ( 'NONE', ( #2743, #416, #2337 ) ) ;
#1597 = ORIENTED_EDGE ( 'NONE', *, *, #2758, .F. ) ;
#1598 = CARTESIAN_POINT ( 'NONE',  ( 13.99999999999999822, 1.490958235778743760E-15, 0.0000000000000000000 ) ) ;
#1599 = CYLINDRICAL_SURFACE ( 'NONE', #230, 2.999999999999912070 ) ;
#1600 = ADVANCED_FACE ( 'NONE', ( #3174 ), #1550, .F. ) ;
#1601 = ORIENTED_EDGE ( 'NONE', *, *, #1445, .F. ) ;
#1602 = VECTOR ( 'NONE', #1263, 1000.000000000000114 ) ;
#1603 = EDGE_CURVE ( 'NONE', #1508, #149, #3044, .T. ) ;
#1604 = EDGE_CURVE ( 'NONE', #315, #1584, #99, .T. ) ;
#1605 = ADVANCED_FACE ( 'NONE', ( #185 ), #2687, .T. ) ;
#1606 = VERTEX_POINT ( 'NONE', #1921 ) ;
#1607 = ORIENTED_EDGE ( 'NONE', *, *, #2799, .T. ) ;
#1608 = CIRCLE ( 'NONE', #363, 3.000000000000001776 ) ;
#1609 = CIRCLE ( 'NONE', #702, 3.000000000000001332 ) ;
#1610 = VECTOR ( 'NONE', #2345, 1000.000000000000000 ) ;
#1611 = DIRECTION ( 'NONE',  ( 0.5735764363510450492, 0.8191520442889925757, 0.0000000000000000000 ) ) ;
#1612 = DIRECTION ( 'NONE',  ( -1.000000000000000000, -1.224606353822377258E-16, -0.0000000000000000000 ) ) ;
#1613 = AXIS2_PLACEMENT_3D ( 'NONE', #2719, #1478, #2684 ) ;
#1614 = AXIS2_PLACEMENT_3D ( 'NONE', #2727, #3047, #1150 ) ;
#1615 = DIRECTION ( 'NONE',  ( 0.0000000000000000000, 0.4999999999999989453, -0.8660254037844392627 ) ) ;
#1616 = ADVANCED_FACE ( 'NONE', ( #801 ), #3136, .T. ) ;
#1617 = LINE ( 'NONE', #68, #760 ) ;
#1618 = CARTESIAN_POINT ( 'NONE',  ( 22.00000000000000000, 0.0000000000000000000, 2.445500000000000007 ) ) ;
#1619 = UNCERTAINTY_MEASURE_WITH_UNIT (LENGTH_MEASURE( 1.000000000000000082E-05 ), #1738, 'distance_accuracy_value', 'NONE');
#1620 = DIRECTION ( 'NONE',  ( 0.0000000000000000000, 0.0000000000000000000, 1.000000000000000000 ) ) ;
#1621 = CIRCLE ( 'NONE', #1215, 3.000000000000001776 ) ;
#1622 = DIRECTION ( 'NONE',  ( 0.0000000000000000000, -1.000000000000000000, 0.0000000000000000000 ) ) ;
#1623 = CARTESIAN_POINT ( 'NONE',  ( 12.38826507993728221, 3.000000000000003553, 0.0000000000000000000 ) ) ;
#1624 = EDGE_LOOP ( 'NONE', ( #888, #1227, #485, #1169 ) ) ;
#1625 = EDGE_CURVE ( 'NONE', #1000, #2240, #1859, .T. ) ;
#1626 = ORIENTED_EDGE ( 'NONE', *, *, #1898, .T. ) ;
#1627 = LINE ( 'NONE', #3033, #1994 ) ;
#1628 = ORIENTED_EDGE ( 'NONE', *, *, #1064, .F. ) ;
#1629 = DIRECTION ( 'NONE',  ( -1.000000000000000000, -1.224606353822377258E-16, -0.0000000000000000000 ) ) ;
#1630 = DIRECTION ( 'NONE',  ( 1.000000000000000000, 1.224606353822377258E-16, 0.0000000000000000000 ) ) ;
#1631 = LINE ( 'NONE', #926, #1635 ) ;
#1632 = ORIENTED_EDGE ( 'NONE', *, *, #2027, .F. ) ;
#1633 = DIRECTION ( 'NONE',  ( 0.0000000000000000000, -1.000000000000000000, 0.0000000000000000000 ) ) ;
#1634 = EDGE_CURVE ( 'NONE', #1559, #479, #2718, .T. ) ;
#1635 = VECTOR ( 'NONE', #1649, 1000.000000000000000 ) ;
#1636 = CARTESIAN_POINT ( 'NONE',  ( 13.61173492006271069, -4.275564476539663594E-29, 3.000000000000001332 ) ) ;
#1637 = AXIS2_PLACEMENT_3D ( 'NONE', #86, #1337, #1697 ) ;
#1638 = AXIS2_PLACEMENT_3D ( 'NONE', #1785, #1414, #3026 ) ;
#1639 = AXIS2_PLACEMENT_3D ( 'NONE', #2988, #1125, #254 ) ;
#1640 = DIRECTION ( 'NONE',  ( 1.000000000000000000, 1.224606353822377258E-16, 0.0000000000000000000 ) ) ;
#1641 = ORIENTED_EDGE ( 'NONE', *, *, #240, .F. ) ;
#1642 = ORIENTED_EDGE ( 'NONE', *, *, #941, .F. ) ;
#1643 = CARTESIAN_POINT ( 'NONE',  ( 10.38826507993728399, 1.538505424164598729E-15, 0.0000000000000000000 ) ) ;
#1644 = DIRECTION ( 'NONE',  ( 0.0000000000000000000, -1.000000000000000000, 0.0000000000000000000 ) ) ;
#1645 = CARTESIAN_POINT ( 'NONE',  ( -31.74999999999995737, 0.0000000000000000000, 2.999999999999912070 ) ) ;
#1646 = DIRECTION ( 'NONE',  ( 1.000000000000000000, 0.0000000000000000000, 0.0000000000000000000 ) ) ;
#1647 = AXIS2_PLACEMENT_3D ( 'NONE', #1535, #1410, #1092 ) ;
#1648 = ORIENTED_EDGE ( 'NONE', *, *, #1023, .T. ) ;
#1649 = DIRECTION ( 'NONE',  ( -1.000000000000000000, -0.0000000000000000000, -0.0000000000000000000 ) ) ;
#1650 = VERTEX_POINT ( 'NONE', #2611 ) ;
#1651 = EDGE_CURVE ( 'NONE', #407, #476, #1187, .T. ) ;
#1652 = CYLINDRICAL_SURFACE ( 'NONE', #2436, 2.999999999999912070 ) ;
#1653 = DIRECTION ( 'NONE',  ( 0.0000000000000000000, 1.000000000000000000, 0.0000000000000000000 ) ) ;
#1654 = VECTOR ( 'NONE', #2465, 1000.000000000000000 ) ;
#1655 = DIRECTION ( 'NONE',  ( 0.0000000000000000000, -1.000000000000000000, 0.0000000000000000000 ) ) ;
#1656 = ORIENTED_EDGE ( 'NONE', *, *, #1384, .F. ) ;
#1657 = CONICAL_SURFACE ( 'NONE', #418, 2.445500000000001783, 0.9599310885968758145 ) ;
#1658 = CARTESIAN_POINT ( 'NONE',  ( 19.38826507993728043, -3.000000000000000444, 3.673940397442061840E-16 ) ) ;
#1659 = CARTESIAN_POINT ( 'NONE',  ( 18.38826507993728399, 1.538505424164598729E-15, 0.0000000000000000000 ) ) ;
#1660 = VERTEX_POINT ( 'NONE', #2361 ) ;
#1661 = CARTESIAN_POINT ( 'NONE',  ( 13.00000000000000000, -2.445500000000000451, 0.0000000000000000000 ) ) ;
#1662 = CIRCLE ( 'NONE', #3037, 3.000000000000001776 ) ;
#1663 = CARTESIAN_POINT ( 'NONE',  ( 22.00000000000000000, 0.0000000000000000000, 2.445500000000000007 ) ) ;
#1664 = CARTESIAN_POINT ( 'NONE',  ( 21.38826507993728399, 1.538505424164598729E-15, 0.0000000000000000000 ) ) ;
#1665 = VERTEX_POINT ( 'NONE', #980 ) ;
#1666 = ORIENTED_EDGE ( 'NONE', *, *, #1551, .F. ) ;
#1667 = DIRECTION ( 'NONE',  ( -0.5735764363510503783, -0.8191520442889886899, 0.0000000000000000000 ) ) ;
#1668 = ADVANCED_FACE ( 'NONE', ( #2952 ), #266, .T. ) ;
#1669 = CARTESIAN_POINT ( 'NONE',  ( 20.38826507993728043, 1.538505424164598729E-15, 0.0000000000000000000 ) ) ;
#1670 = LINE ( 'NONE', #1951, #1579 ) ;
#1671 = DIRECTION ( 'NONE',  ( 0.0000000000000000000, -1.000000000000000000, 0.0000000000000000000 ) ) ;
#1672 = CARTESIAN_POINT ( 'NONE',  ( 0.3000000000000016542, 0.0000000000000000000, 4.700000000000000178 ) ) ;
#1673 = VECTOR ( 'NONE', #3195, 1000.000000000000000 ) ;
#1674 = LINE ( 'NONE', #557, #1217 ) ;
#1675 = DIRECTION ( 'NONE',  ( 0.0000000000000000000, 1.000000000000000000, 0.0000000000000000000 ) ) ;
#1676 = CARTESIAN_POINT ( 'NONE',  ( 8.611734920062710685, 1.443411047392888001E-15, 0.0000000000000000000 ) ) ;
#1677 = CARTESIAN_POINT ( 'NONE',  ( 14.61173492006271069, -4.275564476539663594E-29, 3.000000000000001332 ) ) ;
#1678 = ORIENTED_EDGE ( 'NONE', *, *, #3054, .T. ) ;
#1679 = CARTESIAN_POINT ( 'NONE',  ( 12.00000000000000000, 2.445500000000003116, 0.0000000000000000000 ) ) ;
#1680 = EDGE_CURVE ( 'NONE', #2417, #2257, #2358, .T. ) ;
#1681 = VERTEX_POINT ( 'NONE', #1792 ) ;
#1682 = CARTESIAN_POINT ( 'NONE',  ( -31.74999999999995737, 3.673940397441951893E-16, -2.999999999999912070 ) ) ;
#1683 = LINE ( 'NONE', #2581, #1334 ) ;
#1684 = EDGE_CURVE ( 'NONE', #2074, #1279, #2223, .T. ) ;
#1685 = CIRCLE ( 'NONE', #2771, 2.445500000000001783 ) ;
#1686 = DIRECTION ( 'NONE',  ( 0.0000000000000000000, 1.000000000000000000, 0.0000000000000000000 ) ) ;
#1687 = ORIENTED_EDGE ( 'NONE', *, *, #836, .F. ) ;
#1688 = DIRECTION ( 'NONE',  ( 0.0000000000000000000, -1.000000000000000000, 0.0000000000000000000 ) ) ;
#1689 = DIRECTION ( 'NONE',  ( 0.5735764363510450492, 0.8191520442889925757, 0.0000000000000000000 ) ) ;
#1690 = VERTEX_POINT ( 'NONE', #1180 ) ;
#1691 = VERTEX_POINT ( 'NONE', #2931 ) ;
#1692 = CONICAL_SURFACE ( 'NONE', #1099, 3.000000000000001776, 0.9599310885968824758 ) ;
#1693 = CARTESIAN_POINT ( 'NONE',  ( 19.61173492006271246, 3.673940397441631418E-16, -3.000000000000001332 ) ) ;
#1694 = CARTESIAN_POINT ( 'NONE',  ( 9.000000000000000000, 1.490958235778743760E-15, 0.0000000000000000000 ) ) ;
#1695 = EDGE_LOOP ( 'NONE', ( #1246, #924, #3027, #3286, #1632 ) ) ;
#1696 = VECTOR ( 'NONE', #355, 1000.000000000000000 ) ;
#1697 = DIRECTION ( 'NONE',  ( 0.0000000000000000000, -1.000000000000000000, 0.0000000000000000000 ) ) ;
#1698 = ORIENTED_EDGE ( 'NONE', *, *, #1359, .F. ) ;
#1699 = VECTOR ( 'NONE', #2683, 999.9999999999998863 ) ;
#1700 = DIRECTION ( 'NONE',  ( 0.0000000000000000000, -1.000000000000000000, 0.0000000000000000000 ) ) ;
#1701 = ORIENTED_EDGE ( 'NONE', *, *, #542, .F. ) ;
#1702 = EDGE_CURVE ( 'NONE', #2124, #1691, #1307, .T. ) ;
#1703 = DIRECTION ( 'NONE',  ( 0.0000000000000000000, 1.224646799147351482E-16, 1.000000000000000000 ) ) ;
#1704 = VERTEX_POINT ( 'NONE', #1693 ) ;
#1705 = CIRCLE ( 'NONE', #1198, 3.000000000000001776 ) ;
#1706 = ADVANCED_FACE ( 'NONE', ( #803 ), #118, .T. ) ;
#1707 = DIRECTION ( 'NONE',  ( -1.000000000000000000, -1.224606353822377258E-16, -0.0000000000000000000 ) ) ;
#1708 = DIRECTION ( 'NONE',  ( 0.0000000000000000000, -1.000000000000000000, 0.0000000000000000000 ) ) ;
#1709 = CIRCLE ( 'NONE', #1637, 3.000000000000001332 ) ;
#1710 = DIRECTION ( 'NONE',  ( 0.0000000000000000000, -1.000000000000000000, 0.0000000000000000000 ) ) ;
#1711 = VERTEX_POINT ( 'NONE', #2790 ) ;
#1712 = CARTESIAN_POINT ( 'NONE',  ( 18.00000000000000355, 2.445500000000003116, 0.0000000000000000000 ) ) ;
#1713 = EDGE_CURVE ( 'NONE', #909, #1415, #1126, .T. ) ;
#1714 = EDGE_LOOP ( 'NONE', ( #114, #684, #2269, #650, #844 ) ) ;
#1715 = CARTESIAN_POINT ( 'NONE',  ( 3.000000000000000000, -2.935248768560054344, -9.974659986866640793E-15 ) ) ;
#1716 = DIRECTION ( 'NONE',  ( 0.0000000000000000000, -1.000000000000000000, 0.0000000000000000000 ) ) ;
#1717 = UNCERTAINTY_MEASURE_WITH_UNIT (LENGTH_MEASURE( 1.000000000000000082E-05 ), #740, 'distance_accuracy_value', 'NONE');
#1718 = EDGE_CURVE ( 'NONE', #2332, #593, #556, .T. ) ;
#1719 = ORIENTED_EDGE ( 'NONE', *, *, #1789, .T. ) ;
#1720 = CARTESIAN_POINT ( 'NONE',  ( 19.61173492006271246, 1.443411047392888001E-15, 0.0000000000000000000 ) ) ;
#1721 = DIRECTION ( 'NONE',  ( -1.000000000000000000, -1.224606353822377258E-16, -0.0000000000000000000 ) ) ;
#1722 = DIRECTION ( 'NONE',  ( -1.000000000000000000, -1.224606353822377258E-16, -0.0000000000000000000 ) ) ;
#1723 = VERTEX_POINT ( 'NONE', #2364 ) ;
#1724 = FACE_OUTER_BOUND ( 'NONE', #659, .T. ) ;
#1725 = CARTESIAN_POINT ( 'NONE',  ( 14.38826507993728399, 3.000000000000003109, 0.0000000000000000000 ) ) ;
#1726 = AXIS2_PLACEMENT_3D ( 'NONE', #3139, #2239, #296 ) ;
#1727 = EDGE_CURVE ( 'NONE', #120, #2162, #49, .T. ) ;
#1728 = DIRECTION ( 'NONE',  ( -1.000000000000000000, -0.0000000000000000000, -0.0000000000000000000 ) ) ;
#1729 = ORIENTED_EDGE ( 'NONE', *, *, #1634, .F. ) ;
#1730 = VERTEX_POINT ( 'NONE', #44 ) ;
#1731 = ORIENTED_EDGE ( 'NONE', *, *, #2651, .T. ) ;
#1732 = CARTESIAN_POINT ( 'NONE',  ( 15.61173492006271246, 1.443411047392888001E-15, 0.0000000000000000000 ) ) ;
#1733 = DIRECTION ( 'NONE',  ( 0.0000000000000000000, -1.000000000000000000, 0.0000000000000000000 ) ) ;
#1734 = ORIENTED_EDGE ( 'NONE', *, *, #2089, .T. ) ;
#1735 = CARTESIAN_POINT ( 'NONE',  ( 15.00000000000000000, 1.490958235778743760E-15, 0.0000000000000000000 ) ) ;
#1736 = CARTESIAN_POINT ( 'NONE',  ( 16.61173492006270891, 1.443411047392888001E-15, 0.0000000000000000000 ) ) ;
#1737 = ORIENTED_EDGE ( 'NONE', *, *, #2556, .T. ) ;
#1738 =( LENGTH_UNIT ( ) NAMED_UNIT ( * ) SI_UNIT ( .MILLI., .METRE. ) );
#1739 = ORIENTED_EDGE ( 'NONE', *, *, #1718, .F. ) ;
#1740 = DIRECTION ( 'NONE',  ( -0.0000000000000000000, 1.329743448921561824E-15, 1.000000000000000000 ) ) ;
#1741 = VECTOR ( 'NONE', #2888, 1000.000000000000000 ) ;
#1742 = VERTEX_POINT ( 'NONE', #466 ) ;
#1743 = AXIS2_PLACEMENT_3D ( 'NONE', #694, #1786, #1177 ) ;
#1744 = DIRECTION ( 'NONE',  ( 0.0000000000000000000, -1.000000000000000000, 0.0000000000000000000 ) ) ;
#1745 = ORIENTED_EDGE ( 'NONE', *, *, #460, .F. ) ;
#1746 = EDGE_CURVE ( 'NONE', #2036, #2858, #1617, .T. ) ;
#1747 = CARTESIAN_POINT ( 'NONE',  ( 19.99999999999999645, 1.490958235778743760E-15, 0.0000000000000000000 ) ) ;
#1748 = AXIS2_PLACEMENT_3D ( 'NONE', #1720, #2385, #3039 ) ;
#1749 = EDGE_LOOP ( 'NONE', ( #421, #1504, #1908, #1218, #1357 ) ) ;
#1750 = DIRECTION ( 'NONE',  ( 1.000000000000000000, 1.224606353822377258E-16, 0.0000000000000000000 ) ) ;
#1751 = VERTEX_POINT ( 'NONE', #2188 ) ;
#1752 = AXIS2_PLACEMENT_3D ( 'NONE', #64, #559, #645 ) ;
#1753 = ORIENTED_EDGE ( 'NONE', *, *, #1827, .F. ) ;
#1754 = ADVANCED_FACE ( 'NONE', ( #1156 ), #3179, .T. ) ;
#1755 = DIRECTION ( 'NONE',  ( 0.0000000000000000000, -1.000000000000000000, 0.0000000000000000000 ) ) ;
#1756 = EDGE_LOOP ( 'NONE', ( #2388, #1521, #2773, #2885, #2985 ) ) ;
#1757 = CARTESIAN_POINT ( 'NONE',  ( 20.38826507993728043, 1.538505424164598729E-15, 0.0000000000000000000 ) ) ;
#1758 = CARTESIAN_POINT ( 'NONE',  ( 12.61173492006271069, 1.443411047392888001E-15, 0.0000000000000000000 ) ) ;
#1759 = FACE_OUTER_BOUND ( 'NONE', #730, .T. ) ;
#1760 = DIRECTION ( 'NONE',  ( -1.000000000000000000, -0.0000000000000000000, -0.0000000000000000000 ) ) ;
#1761 = ORIENTED_EDGE ( 'NONE', *, *, #920, .T. ) ;
#1762 = AXIS2_PLACEMENT_3D ( 'NONE', #2165, #1178, #2099 ) ;
#1763 = AXIS2_PLACEMENT_3D ( 'NONE', #1158, #2277, #1448 ) ;
#1764 = VECTOR ( 'NONE', #1435, 1000.000000000000000 ) ;
#1765 = CARTESIAN_POINT ( 'NONE',  ( 3.000000000000000000, -2.935248768560054344, -9.974659986866640793E-15 ) ) ;
#1766 = ORIENTED_EDGE ( 'NONE', *, *, #3177, .T. ) ;
#1767 = PLANE ( 'NONE',  #1468 ) ;
#1768 = CARTESIAN_POINT ( 'NONE',  ( 12.38826507993728221, -3.000000000000000444, 3.673940397442061840E-16 ) ) ;
#1769 = FACE_OUTER_BOUND ( 'NONE', #84, .T. ) ;
#1770 = EDGE_CURVE ( 'NONE', #1650, #3073, #674, .T. ) ;
#1771 = ADVANCED_FACE ( 'NONE', ( #736 ), #1473, .T. ) ;
#1772 = CARTESIAN_POINT ( 'NONE',  ( 0.3000000000000016542, 0.0000000000000000000, 0.0000000000000000000 ) ) ;
#1773 = LINE ( 'NONE', #2429, #177 ) ;
#1774 = DIRECTION ( 'NONE',  ( 0.0000000000000000000, 0.0000000000000000000, 1.000000000000000000 ) ) ;
#1775 = EDGE_CURVE ( 'NONE', #141, #3066, #3158, .T. ) ;
#1776 = AXIS2_PLACEMENT_3D ( 'NONE', #2437, #1286, #1323 ) ;
#1777 = CARTESIAN_POINT ( 'NONE',  ( 9.000000000000000000, 2.445500000000003116, 0.0000000000000000000 ) ) ;
#1778 = EDGE_LOOP ( 'NONE', ( #2918, #2413, #3252, #1053 ) ) ;
#1779 = LINE ( 'NONE', #1295, #1673 ) ;
#1780 = EDGE_CURVE ( 'NONE', #1000, #1723, #3181, .T. ) ;
#1781 = AXIS2_PLACEMENT_3D ( 'NONE', #2460, #3238, #1443 ) ;
#1782 = CARTESIAN_POINT ( 'NONE',  ( 22.00000000000000000, 0.0000000000000000000, 0.0000000000000000000 ) ) ;
#1783 = CIRCLE ( 'NONE', #1498, 2.445500000000000007 ) ;
#1784 = VECTOR ( 'NONE', #1992, 1000.000000000000000 ) ;
#1785 = CARTESIAN_POINT ( 'NONE',  ( 18.00000000000000355, 1.490958235778743760E-15, 0.0000000000000000000 ) ) ;
#1786 = DIRECTION ( 'NONE',  ( -1.000000000000000000, -1.224606353822377258E-16, -0.0000000000000000000 ) ) ;
#1787 = EDGE_CURVE ( 'NONE', #2078, #19, #1094, .T. ) ;
#1788 = CARTESIAN_POINT ( 'NONE',  ( 15.00000000000000000, 1.490958235778743760E-15, 0.0000000000000000000 ) ) ;
#1789 = EDGE_CURVE ( 'NONE', #1078, #2417, #789, .T. ) ;
#1790 = AXIS2_PLACEMENT_3D ( 'NONE', #2055, #3103, #1409 ) ;
#1791 = DIRECTION ( 'NONE',  ( -0.7071067811867619568, 8.659560562352309896E-17, -0.7071067811863331887 ) ) ;
#1792 = CARTESIAN_POINT ( 'NONE',  ( 16.00000000000000000, 2.445500000000003116, 0.0000000000000000000 ) ) ;
#1793 = ORIENTED_EDGE ( 'NONE', *, *, #1998, .T. ) ;
#1794 = VECTOR ( 'NONE', #1611, 1000.000000000000000 ) ;
#1795 = CARTESIAN_POINT ( 'NONE',  ( 21.38826507993728399, 1.538505424164598729E-15, 0.0000000000000000000 ) ) ;
#1796 = ORIENTED_EDGE ( 'NONE', *, *, #1242, .T. ) ;
#1797 = EDGE_CURVE ( 'NONE', #2446, #1813, #2198, .T. ) ;
#1798 = DIRECTION ( 'NONE',  ( -1.000000000000000000, -1.224606353822377258E-16, -0.0000000000000000000 ) ) ;
#1799 = CARTESIAN_POINT ( 'NONE',  ( 11.61173492006271246, 1.443411047392888001E-15, 0.0000000000000000000 ) ) ;
#1800 = VERTEX_POINT ( 'NONE', #116 ) ;
#1801 = FACE_OUTER_BOUND ( 'NONE', #1071, .T. ) ;
#1802 = CARTESIAN_POINT ( 'NONE',  ( 8.611734920062710685, 3.000000000000003109, 3.673940397442061840E-16 ) ) ;
#1803 = DIRECTION ( 'NONE',  ( -1.000000000000000000, -1.224606353822377258E-16, -0.0000000000000000000 ) ) ;
#1804 = AXIS2_PLACEMENT_3D ( 'NONE', #2253, #1442, #2723 ) ;
#1805 = ORIENTED_EDGE ( 'NONE', *, *, #1049, .T. ) ;
#1806 = AXIS2_PLACEMENT_3D ( 'NONE', #2283, #2312, #1644 ) ;
#1807 = DIRECTION ( 'NONE',  ( -1.000000000000000000, -1.224606353822377258E-16, -0.0000000000000000000 ) ) ;
#1808 = CARTESIAN_POINT ( 'NONE',  ( 22.00000000000000000, 3.334407072378347211E-16, -2.445500000000000007 ) ) ;
#1809 = ADVANCED_FACE ( 'NONE', ( #2660 ), #1292, .T. ) ;
#1810 = ORIENTED_EDGE ( 'NONE', *, *, #1834, .T. ) ;
#1811 = DIRECTION ( 'NONE',  ( 0.5735764363510450492, 0.8191520442889925757, 0.0000000000000000000 ) ) ;
#1812 = DIRECTION ( 'NONE',  ( 0.0000000000000000000, 1.000000000000000000, 0.0000000000000000000 ) ) ;
#1813 = VERTEX_POINT ( 'NONE', #1082 ) ;
#1814 = CARTESIAN_POINT ( 'NONE',  ( 13.61173492006271069, 1.443411047392888001E-15, 0.0000000000000000000 ) ) ;
#1815 = ORIENTED_EDGE ( 'NONE', *, *, #571, .T. ) ;
#1816 = DIRECTION ( 'NONE',  ( 0.0000000000000000000, 1.000000000000000000, 0.0000000000000000000 ) ) ;
#1817 = AXIS2_PLACEMENT_3D ( 'NONE', #2644, #689, #287 ) ;
#1818 = EDGE_CURVE ( 'NONE', #2843, #909, #2492, .T. ) ;
#1819 = ORIENTED_EDGE ( 'NONE', *, *, #2043, .F. ) ;
#1820 = CARTESIAN_POINT ( 'NONE',  ( 15.38826507993728221, 1.538505424164598729E-15, 0.0000000000000000000 ) ) ;
#1821 = VERTEX_POINT ( 'NONE', #2463 ) ;
#1822 = CIRCLE ( 'NONE', #2010, 2.999999999999823252 ) ;
#1823 = CARTESIAN_POINT ( 'NONE',  ( 20.38826507993728043, -3.000000000000000000, 3.673940397442061840E-16 ) ) ;
#1824 = VECTOR ( 'NONE', #2026, 1000.000000000000114 ) ;
#1825 = EDGE_CURVE ( 'NONE', #1723, #476, #845, .T. ) ;
#1826 = ORIENTED_EDGE ( 'NONE', *, *, #2752, .T. ) ;
#1827 = EDGE_CURVE ( 'NONE', #1034, #1395, #1308, .T. ) ;
#1828 = CARTESIAN_POINT ( 'NONE',  ( 15.38826507993728221, 3.673940397441598877E-16, -3.000000000000001776 ) ) ;
#1829 = ORIENTED_EDGE ( 'NONE', *, *, #357, .T. ) ;
#1830 = EDGE_CURVE ( 'NONE', #1922, #1159, #1685, .T. ) ;
#1831 = EDGE_CURVE ( 'NONE', #2432, #80, #804, .T. ) ;
#1832 = DIRECTION ( 'NONE',  ( -1.000000000000000000, -0.0000000000000000000, -0.0000000000000000000 ) ) ;
#1833 = EDGE_LOOP ( 'NONE', ( #1729, #1136, #728, #3002, #2376, #940 ) ) ;
#1834 = EDGE_CURVE ( 'NONE', #2204, #1084, #1324, .T. ) ;
#1835 = AXIS2_PLACEMENT_3D ( 'NONE', #3210, #1612, #3141 ) ;
#1836 = DIRECTION ( 'NONE',  ( 0.0000000000000000000, -1.000000000000000000, 0.0000000000000000000 ) ) ;
#1837 = LINE ( 'NONE', #699, #2711 ) ;
#1838 = ORIENTED_EDGE ( 'NONE', *, *, #905, .F. ) ;
#1839 = ORIENTED_EDGE ( 'NONE', *, *, #1827, .T. ) ;
#1840 = EDGE_LOOP ( 'NONE', ( #239, #1431, #1039, #3228, #2889, #2287 ) ) ;
#1841 = CARTESIAN_POINT ( 'NONE',  ( -31.74999999999995737, 3.673940397441951893E-16, -2.999999999999912070 ) ) ;
#1842 = AXIS2_PLACEMENT_3D ( 'NONE', #729, #970, #39 ) ;
#1843 = FACE_OUTER_BOUND ( 'NONE', #759, .T. ) ;
#1844 = DIRECTION ( 'NONE',  ( 0.0000000000000000000, 0.0000000000000000000, 1.000000000000000000 ) ) ;
#1845 = VERTEX_POINT ( 'NONE', #3137 ) ;
#1846 = FACE_OUTER_BOUND ( 'NONE', #2616, .T. ) ;
#1847 = DIRECTION ( 'NONE',  ( 0.0000000000000000000, -1.000000000000000000, 0.0000000000000000000 ) ) ;
#1848 = EDGE_CURVE ( 'NONE', #1813, #3012, #139, .T. ) ;
#1849 = AXIS2_PLACEMENT_3D ( 'NONE', #2163, #2996, #1710 ) ;
#1850 = EDGE_LOOP ( 'NONE', ( #2772, #190, #1731, #2006 ) ) ;
#1851 = AXIS2_PLACEMENT_3D ( 'NONE', #3198, #858, #2863 ) ;
#1852 = DIRECTION ( 'NONE',  ( 0.0000000000000000000, -1.000000000000000000, 1.329743448921561824E-15 ) ) ;
#1853 = COLOUR_RGB ( '',0.7764705882352941346, 0.7568627450980391913, 0.7372549019607843590 ) ;
#1854 = CARTESIAN_POINT ( 'NONE',  ( 3.000000000000000000, 4.402873152840080628, -2.542000000000016691 ) ) ;
#1855 = EDGE_LOOP ( 'NONE', ( #1981, #1175, #520, #1377, #1737 ) ) ;
#1856 = EDGE_CURVE ( 'NONE', #255, #1193, #756, .T. ) ;
#1857 = UNCERTAINTY_MEASURE_WITH_UNIT (LENGTH_MEASURE( 1.000000000000000082E-05 ), #401, 'distance_accuracy_value', 'NONE');
#1858 = AXIS2_PLACEMENT_3D ( 'NONE', #2396, #487, #1311 ) ;
#1859 = LINE ( 'NONE', #2334, #1148 ) ;
#1860 = CIRCLE ( 'NONE', #1075, 3.000000000000001776 ) ;
#1861 = EDGE_CURVE ( 'NONE', #2481, #2067, #2420, .T. ) ;
#1862 = CARTESIAN_POINT ( 'NONE',  ( 8.611734920062710685, -2.999999999999999556, 0.0000000000000000000 ) ) ;
#1863 = DIRECTION ( 'NONE',  ( -1.000000000000000000, -0.0000000000000000000, -0.0000000000000000000 ) ) ;
#1864 = CARTESIAN_POINT ( 'NONE',  ( 20.61173492006271246, -4.294823775983535952E-29, 3.000000000000001332 ) ) ;
#1865 = AXIS2_PLACEMENT_3D ( 'NONE', #768, #2881, #2754 ) ;
#1866 = FACE_OUTER_BOUND ( 'NONE', #2797, .T. ) ;
#1867 = CARTESIAN_POINT ( 'NONE',  ( 22.00000000000000000, 0.0000000000000000000, 0.0000000000000000000 ) ) ;
#1868 = DIRECTION ( 'NONE',  ( 0.0000000000000000000, -1.000000000000000000, 0.0000000000000000000 ) ) ;
#1869 = CIRCLE ( 'NONE', #835, 3.000000000000001776 ) ;
#1870 = EDGE_CURVE ( 'NONE', #2160, #2124, #474, .T. ) ;
#1871 = EDGE_LOOP ( 'NONE', ( #2613, #800, #2488, #427, #2474 ) ) ;
#1872 = DIRECTION ( 'NONE',  ( 0.0000000000000000000, -1.000000000000000000, 0.0000000000000000000 ) ) ;
#1873 = DIRECTION ( 'NONE',  ( 0.0000000000000000000, -1.000000000000000000, 0.0000000000000000000 ) ) ;
#1874 = PLANE ( 'NONE',  #2405 ) ;
#1875 = CIRCLE ( 'NONE', #1589, 3.000000000000001776 ) ;
#1876 = EDGE_CURVE ( 'NONE', #541, #2078, #1429, .T. ) ;
#1877 = CARTESIAN_POINT ( 'NONE',  ( 9.999999999999998224, 1.490958235778743760E-15, 0.0000000000000000000 ) ) ;
#1878 = VERTEX_POINT ( 'NONE', #2285 ) ;
#1879 = EDGE_CURVE ( 'NONE', #2162, #120, #780, .T. ) ;
#1880 = DIRECTION ( 'NONE',  ( -1.000000000000000000, -1.224606353822377258E-16, -0.0000000000000000000 ) ) ;
#1881 = FACE_OUTER_BOUND ( 'NONE', #3123, .T. ) ;
#1882 = DIRECTION ( 'NONE',  ( -1.000000000000000000, -1.224606353822377258E-16, -0.0000000000000000000 ) ) ;
#1883 = ADVANCED_FACE ( 'NONE', ( #2594 ), #3, .T. ) ;
#1884 = ORIENTED_EDGE ( 'NONE', *, *, #3068, .T. ) ;
#1885 = DIRECTION ( 'NONE',  ( 0.0000000000000000000, -1.000000000000000000, 0.0000000000000000000 ) ) ;
#1886 = VECTOR ( 'NONE', #2390, 1000.000000000000114 ) ;
#1887 = ADVANCED_FACE ( 'NONE', ( #558 ), #1418, .F. ) ;
#1888 = ADVANCED_FACE ( 'NONE', ( #2268 ), #278, .F. ) ;
#1889 = ORIENTED_EDGE ( 'NONE', *, *, #74, .T. ) ;
#1890 = AXIS2_PLACEMENT_3D ( 'NONE', #2923, #2308, #777 ) ;
#1891 = CARTESIAN_POINT ( 'NONE',  ( 13.00000000000000000, 2.445500000000003116, 2.994873747314854943E-16 ) ) ;
#1892 = ORIENTED_EDGE ( 'NONE', *, *, #658, .F. ) ;
#1893 = CYLINDRICAL_SURFACE ( 'NONE', #2622, 2.999999999999912070 ) ;
#1894 = ORIENTED_EDGE ( 'NONE', *, *, #2233, .T. ) ;
#1895 = DIRECTION ( 'NONE',  ( -1.000000000000000000, -1.224606353822377258E-16, -0.0000000000000000000 ) ) ;
#1896 = CARTESIAN_POINT ( 'NONE',  ( -31.74999999999995737, 0.0000000000000000000, 2.999999999999912070 ) ) ;
#1897 = VERTEX_POINT ( 'NONE', #2136 ) ;
#1898 = EDGE_CURVE ( 'NONE', #1587, #2600, #2864, .T. ) ;
#1899 = EDGE_LOOP ( 'NONE', ( #2175, #3087, #589, #2466, #2544, #1656 ) ) ;
#1900 = AXIS2_PLACEMENT_3D ( 'NONE', #2097, #369, #2045 ) ;
#1901 = DIRECTION ( 'NONE',  ( 1.000000000000000000, 0.0000000000000000000, 0.0000000000000000000 ) ) ;
#1902 = DIRECTION ( 'NONE',  ( -1.000000000000000000, -0.0000000000000000000, -0.0000000000000000000 ) ) ;
#1903 = EDGE_CURVE ( 'NONE', #1279, #2232, #1674, .T. ) ;
#1904 = DIRECTION ( 'NONE',  ( -1.000000000000000000, -1.224606353822377258E-16, -0.0000000000000000000 ) ) ;
#1905 = CARTESIAN_POINT ( 'NONE',  ( 11.00000000000000000, -2.445500000000000451, 0.0000000000000000000 ) ) ;
#1906 = AXIS2_PLACEMENT_3D ( 'NONE', #1398, #2261, #1226 ) ;
#1907 = ADVANCED_FACE ( 'NONE', ( #1109 ), #868, .T. ) ;
#1908 = ORIENTED_EDGE ( 'NONE', *, *, #2166, .T. ) ;
#1909 = ORIENTED_EDGE ( 'NONE', *, *, #1578, .T. ) ;
#1910 = SURFACE_STYLE_USAGE ( .BOTH. , #2077 ) ;
#1911 = EDGE_CURVE ( 'NONE', #331, #3268, #371, .T. ) ;
#1912 = AXIS2_PLACEMENT_3D ( 'NONE', #143, #1146, #2305 ) ;
#1913 = ORIENTED_EDGE ( 'NONE', *, *, #337, .F. ) ;
#1914 = EDGE_LOOP ( 'NONE', ( #884, #3122, #1050, #446, #3116, #1597 ) ) ;
#1915 = DIRECTION ( 'NONE',  ( -0.7071067811867619568, 0.0000000000000000000, 0.7071067811863331887 ) ) ;
#1916 = ORIENTED_EDGE ( 'NONE', *, *, #1221, .T. ) ;
#1917 = ORIENTED_EDGE ( 'NONE', *, *, #1316, .F. ) ;
#1918 = EDGE_CURVE ( 'NONE', #2036, #2837, #3128, .T. ) ;
#1919 = AXIS2_PLACEMENT_3D ( 'NONE', #140, #1463, #672 ) ;
#1920 = CARTESIAN_POINT ( 'NONE',  ( 3.000000000000000000, 1.467624384280025174, -2.542000000000013138 ) ) ;
#1921 = CARTESIAN_POINT ( 'NONE',  ( 16.61173492006270891, 3.000000000000007994, 3.673940397442067757E-16 ) ) ;
#1922 = VERTEX_POINT ( 'NONE', #2877 ) ;
#1923 = CIRCLE ( 'NONE', #1080, 0.2500000000000002220 ) ;
#1924 = DIRECTION ( 'NONE',  ( -0.5735764363510503783, -0.8191520442889886899, 0.0000000000000000000 ) ) ;
#1925 = EDGE_CURVE ( 'NONE', #1084, #2124, #838, .T. ) ;
#1926 = DIRECTION ( 'NONE',  ( 0.0000000000000000000, 0.8660254037844380415, -0.5000000000000009992 ) ) ;
#1927 = AXIS2_PLACEMENT_3D ( 'NONE', #2398, #333, #2141 ) ;
#1928 = LINE ( 'NONE', #3231, #1886 ) ;
#1929 = ORIENTED_EDGE ( 'NONE', *, *, #261, .F. ) ;
#1930 = DIRECTION ( 'NONE',  ( 0.0000000000000000000, -1.000000000000000000, 0.0000000000000000000 ) ) ;
#1931 = PLANE ( 'NONE',  #3007 ) ;
#1932 = CIRCLE ( 'NONE', #2565, 3.000000000000001776 ) ;
#1933 = DIRECTION ( 'NONE',  ( 0.0000000000000000000, 0.0000000000000000000, 1.000000000000000000 ) ) ;
#1934 = CARTESIAN_POINT ( 'NONE',  ( 6.249999999999998224, 0.0000000000000000000, 0.0000000000000000000 ) ) ;
#1935 = EDGE_CURVE ( 'NONE', #664, #2161, #1938, .T. ) ;
#1936 = EDGE_LOOP ( 'NONE', ( #3237, #550, #2143, #1179, #11, #2033 ) ) ;
#1937 = CARTESIAN_POINT ( 'NONE',  ( 9.611734920062710685, 1.443411047392888001E-15, 0.0000000000000000000 ) ) ;
#1938 = LINE ( 'NONE', #462, #2690 ) ;
#1939 = CONICAL_SURFACE ( 'NONE', #2037, 3.000000000000001776, 0.9599310885968824758 ) ;
#1940 = DIRECTION ( 'NONE',  ( 0.0000000000000000000, 0.0000000000000000000, -1.000000000000000000 ) ) ;
#1941 = CARTESIAN_POINT ( 'NONE',  ( -31.74999999999995737, 0.0000000000000000000, 0.0000000000000000000 ) ) ;
#1942 = EDGE_LOOP ( 'NONE', ( #2905, #218, #1543, #673, #985, #2058 ) ) ;
#1943 = ORIENTED_EDGE ( 'NONE', *, *, #2342, .F. ) ;
#1944 = AXIS2_PLACEMENT_3D ( 'NONE', #2147, #606, #2452 ) ;
#1945 = ORIENTED_EDGE ( 'NONE', *, *, #3048, .T. ) ;
#1946 = FILL_AREA_STYLE ('',( #809 ) ) ;
#1947 = ORIENTED_EDGE ( 'NONE', *, *, #2710, .F. ) ;
#1948 = CARTESIAN_POINT ( 'NONE',  ( 18.38826507993728399, -4.602972567085493689E-29, 3.000000000000001776 ) ) ;
#1949 = VERTEX_POINT ( 'NONE', #1527 ) ;
#1950 = CARTESIAN_POINT ( 'NONE',  ( 16.38826507993728043, -3.000000000000000000, 3.673940397442061840E-16 ) ) ;
#1951 = CARTESIAN_POINT ( 'NONE',  ( 17.00000000000000000, -2.445500000000000451, 0.0000000000000000000 ) ) ;
#1952 = ORIENTED_EDGE ( 'NONE', *, *, #3168, .F. ) ;
#1953 = CARTESIAN_POINT ( 'NONE',  ( 6.249999999999998224, 0.0000000000000000000, 0.0000000000000000000 ) ) ;
#1954 =( NAMED_UNIT ( * ) SI_UNIT ( $, .STERADIAN. ) SOLID_ANGLE_UNIT ( ) );
#1955 = CIRCLE ( 'NONE', #88, 3.000000000000001776 ) ;
#1956 = VERTEX_POINT ( 'NONE', #136 ) ;
#1957 = ORIENTED_EDGE ( 'NONE', *, *, #2838, .F. ) ;
#1958 = DIRECTION ( 'NONE',  ( -1.000000000000000000, -0.0000000000000000000, -0.0000000000000000000 ) ) ;
#1959 = CARTESIAN_POINT ( 'NONE',  ( 16.38826507993728043, 3.673940397441600850E-16, -3.000000000000001776 ) ) ;
#1960 = AXIS2_PLACEMENT_3D ( 'NONE', #3134, #1976, #2003 ) ;
#1961 = ORIENTED_EDGE ( 'NONE', *, *, #1787, .F. ) ;
#1962 = LINE ( 'NONE', #1661, #2129 ) ;
#1963 = ORIENTED_EDGE ( 'NONE', *, *, #211, .T. ) ;
#1964 = CIRCLE ( 'NONE', #1350, 2.541999999999999815 ) ;
#1965 = DIRECTION ( 'NONE',  ( 0.0000000000000000000, -1.000000000000000000, 0.0000000000000000000 ) ) ;
#1966 = CARTESIAN_POINT ( 'NONE',  ( -31.74999999999995737, 0.0000000000000000000, 0.0000000000000000000 ) ) ;
#1967 = AXIS2_PLACEMENT_3D ( 'NONE', #1233, #1002, #289 ) ;
#1968 = ORIENTED_EDGE ( 'NONE', *, *, #2710, .T. ) ;
#1969 = FACE_OUTER_BOUND ( 'NONE', #2179, .T. ) ;
#1970 = CARTESIAN_POINT ( 'NONE',  ( 13.61173492006271069, 1.443411047392888001E-15, 0.0000000000000000000 ) ) ;
#1971 = ADVANCED_FACE ( 'NONE', ( #3169 ), #3057, .T. ) ;
#1972 = CARTESIAN_POINT ( 'NONE',  ( 17.38826507993728399, 1.538505424164598729E-15, 0.0000000000000000000 ) ) ;
#1973 = AXIS2_PLACEMENT_3D ( 'NONE', #992, #1055, #2009 ) ;
#1974 = VERTEX_POINT ( 'NONE', #1768 ) ;
#1975 = CARTESIAN_POINT ( 'NONE',  ( 13.38826507993728221, -3.000000000000000444, 3.673940397442061840E-16 ) ) ;
#1976 = DIRECTION ( 'NONE',  ( -1.000000000000000000, -1.224606353822377258E-16, -0.0000000000000000000 ) ) ;
#1977 = LINE ( 'NONE', #1278, #1794 ) ;
#1978 = EDGE_CURVE ( 'NONE', #1704, #1415, #2945, .T. ) ;
#1979 =( GEOMETRIC_REPRESENTATION_CONTEXT ( 3 ) GLOBAL_UNCERTAINTY_ASSIGNED_CONTEXT ( ( #1717 ) ) GLOBAL_UNIT_ASSIGNED_CONTEXT ( ( #740, #1569, #2707 ) ) REPRESENTATION_CONTEXT ( 'NONE', 'WORKASPACE' ) );
#1980 = CARTESIAN_POINT ( 'NONE',  ( 15.38826507993728221, -4.622231866529366047E-29, 3.000000000000001776 ) ) ;
#1981 = ORIENTED_EDGE ( 'NONE', *, *, #3072, .F. ) ;
#1982 = DIRECTION ( 'NONE',  ( -1.000000000000000000, -1.224606353822377258E-16, -0.0000000000000000000 ) ) ;
#1983 = LINE ( 'NONE', #3277, #2148 ) ;
#1984 = ORIENTED_EDGE ( 'NONE', *, *, #2340, .T. ) ;
#1985 = EDGE_CURVE ( 'NONE', #2843, #2041, #2181, .T. ) ;
#1986 = AXIS2_PLACEMENT_3D ( 'NONE', #1229, #375, #2912 ) ;
#1987 = DIRECTION ( 'NONE',  ( 0.5735764363510452712, -0.8191520442889924647, 1.003171929053525610E-16 ) ) ;
#1988 = ADVANCED_FACE ( 'NONE', ( #889 ), #1231, .T. ) ;
#1989 = VERTEX_POINT ( 'NONE', #310 ) ;
#1990 = DIRECTION ( 'NONE',  ( 0.0000000000000000000, 0.0000000000000000000, 1.000000000000000000 ) ) ;
#1991 = EDGE_CURVE ( 'NONE', #2164, #1691, #2018, .T. ) ;
#1992 = DIRECTION ( 'NONE',  ( -0.0000000000000000000, -0.5000000000000009992, -0.8660254037844380415 ) ) ;
#1993 = DIRECTION ( 'NONE',  ( -1.000000000000000000, -0.0000000000000000000, -0.0000000000000000000 ) ) ;
#1994 = VECTOR ( 'NONE', #614, 1000.000000000000114 ) ;
#1995 = DIRECTION ( 'NONE',  ( -1.000000000000000000, -1.224606353822377258E-16, -0.0000000000000000000 ) ) ;
#1996 = DIRECTION ( 'NONE',  ( 0.0000000000000000000, 0.0000000000000000000, 1.000000000000000000 ) ) ;
#1997 = ORIENTED_EDGE ( 'NONE', *, *, #2914, .F. ) ;
#1998 = EDGE_CURVE ( 'NONE', #476, #2067, #774, .T. ) ;
#1999 = DIRECTION ( 'NONE',  ( 1.000000000000000000, 0.0000000000000000000, 0.0000000000000000000 ) ) ;
#2000 = ORIENTED_EDGE ( 'NONE', *, *, #1407, .F. ) ;
#2001 = ORIENTED_EDGE ( 'NONE', *, *, #1556, .F. ) ;
#2002 = ORIENTED_EDGE ( 'NONE', *, *, #1727, .T. ) ;
#2003 = DIRECTION ( 'NONE',  ( 0.0000000000000000000, -1.000000000000000000, 0.0000000000000000000 ) ) ;
#2004 = ADVANCED_FACE ( 'NONE', ( #3282 ), #448, .T. ) ;
#2005 = VERTEX_POINT ( 'NONE', #2695 ) ;
#2006 = ORIENTED_EDGE ( 'NONE', *, *, #2207, .T. ) ;
#2007 = DIRECTION ( 'NONE',  ( 0.0000000000000000000, -1.000000000000000000, 0.0000000000000000000 ) ) ;
#2008 = ADVANCED_FACE ( 'NONE', ( #2176 ), #2823, .T. ) ;
#2009 = DIRECTION ( 'NONE',  ( 0.0000000000000000000, -1.000000000000000000, 0.0000000000000000000 ) ) ;
#2010 = AXIS2_PLACEMENT_3D ( 'NONE', #641, #1902, #450 ) ;
#2011 = CARTESIAN_POINT ( 'NONE',  ( 9.611734920062710685, -4.294823775983535952E-29, 3.000000000000001332 ) ) ;
#2012 = ADVANCED_FACE ( 'NONE', ( #1724 ), #2756, .T. ) ;
#2013 = PLANE ( 'NONE',  #1067 ) ;
#2014 = PRESENTATION_STYLE_ASSIGNMENT (( #1910 ) ) ;
#2015 = EDGE_CURVE ( 'NONE', #3106, #853, #1955, .T. ) ;
#2016 = ORIENTED_EDGE ( 'NONE', *, *, #814, .F. ) ;
#2017 = FACE_OUTER_BOUND ( 'NONE', #1086, .T. ) ;
#2018 = LINE ( 'NONE', #1196, #2091 ) ;
#2019 = DIRECTION ( 'NONE',  ( 1.000000000000000000, 0.0000000000000000000, 0.0000000000000000000 ) ) ;
#2020 = DIRECTION ( 'NONE',  ( 0.0000000000000000000, -1.000000000000000000, 0.0000000000000000000 ) ) ;
#2021 = AXIS2_PLACEMENT_3D ( 'NONE', #898, #2595, #386 ) ;
#2022 = VERTEX_POINT ( 'NONE', #567 ) ;
#2023 = TOROIDAL_SURFACE ( 'NONE', #2306, 4.700000000000000178, 0.2999999999999999889 ) ;
#2024 = CONICAL_SURFACE ( 'NONE', #2795, 2.445500000000001783, 0.9599310885968758145 ) ;
#2025 = DIRECTION ( 'NONE',  ( -0.5735764363510503783, -0.8191520442889886899, 0.0000000000000000000 ) ) ;
#2026 = DIRECTION ( 'NONE',  ( 0.0000000000000000000, -0.4999999999999989453, 0.8660254037844392627 ) ) ;
#2027 = EDGE_CURVE ( 'NONE', #630, #1751, #1837, .T. ) ;
#2028 = CARTESIAN_POINT ( 'NONE',  ( 3.000000000000000000, 1.467624384280025174, -2.542000000000013138 ) ) ;
#2029 = VECTOR ( 'NONE', #449, 1000.000000000000000 ) ;
#2030 = DIRECTION ( 'NONE',  ( 1.000000000000000000, 0.0000000000000000000, 0.0000000000000000000 ) ) ;
#2031 = CARTESIAN_POINT ( 'NONE',  ( 19.00000000000000000, -2.445500000000000451, 3.334407072378458145E-16 ) ) ;
#2032 = DIRECTION ( 'NONE',  ( -1.000000000000000000, -0.0000000000000000000, -0.0000000000000000000 ) ) ;
#2033 = ORIENTED_EDGE ( 'NONE', *, *, #3084, .F. ) ;
#2034 = DIRECTION ( 'NONE',  ( 1.000000000000000000, 1.224606353822377258E-16, 0.0000000000000000000 ) ) ;
#2035 = DIRECTION ( 'NONE',  ( 1.000000000000000000, 0.0000000000000000000, 0.0000000000000000000 ) ) ;
#2036 = VERTEX_POINT ( 'NONE', #1636 ) ;
#2037 = AXIS2_PLACEMENT_3D ( 'NONE', #876, #1630, #2607 ) ;
#2038 = MECHANICAL_DESIGN_GEOMETRIC_PRESENTATION_REPRESENTATION (  '', ( #201 ), #1979 ) ;
#2039 = DIRECTION ( 'NONE',  ( -0.5735764363510507113, 0.8191520442889885789, 1.003171929053520926E-16 ) ) ;
#2040 = CARTESIAN_POINT ( 'NONE',  ( 3.000000000000000000, 4.402873152840080628, -2.542000000000016691 ) ) ;
#2041 = VERTEX_POINT ( 'NONE', #3271 ) ;
#2042 = VECTOR ( 'NONE', #502, 1000.000000000000000 ) ;
#2043 = EDGE_CURVE ( 'NONE', #2153, #1331, #1773, .T. ) ;
#2044 = ORIENTED_EDGE ( 'NONE', *, *, #417, .T. ) ;
#2045 = DIRECTION ( 'NONE',  ( 0.0000000000000000000, -1.000000000000000000, 0.0000000000000000000 ) ) ;
#2046 = ORIENTED_EDGE ( 'NONE', *, *, #274, .F. ) ;
#2047 = CARTESIAN_POINT ( 'NONE',  ( -0.0000000000000000000, -2.935248768560054344, -9.974659986866640793E-15 ) ) ;
#2048 = EDGE_LOOP ( 'NONE', ( #2448, #2251, #121, #2331, #1453 ) ) ;
#2049 = FACE_OUTER_BOUND ( 'NONE', #2870, .T. ) ;
#2050 = EDGE_CURVE ( 'NONE', #2837, #813, #303, .T. ) ;
#2051 = ADVANCED_FACE ( 'NONE', ( #2822 ), #2730, .T. ) ;
#2052 = CARTESIAN_POINT ( 'NONE',  ( 3.000000000000000000, -1.467624384280023397, 2.541999999999986937 ) ) ;
#2053 = ORIENTED_EDGE ( 'NONE', *, *, #2373, .T. ) ;
#2054 = FACE_OUTER_BOUND ( 'NONE', #2468, .T. ) ;
#2055 = CARTESIAN_POINT ( 'NONE',  ( 11.61173492006271246, 1.443411047392888001E-15, 0.0000000000000000000 ) ) ;
#2056 = DIRECTION ( 'NONE',  ( 0.0000000000000000000, 1.000000000000000000, -1.329743448921562021E-15 ) ) ;
#2057 = ADVANCED_FACE ( 'NONE', ( #540 ), #496, .T. ) ;
#2058 = ORIENTED_EDGE ( 'NONE', *, *, #2883, .F. ) ;
#2059 = ORIENTED_EDGE ( 'NONE', *, *, #1551, .T. ) ;
#2060 = DIRECTION ( 'NONE',  ( -1.000000000000000000, -0.0000000000000000000, -0.0000000000000000000 ) ) ;
#2061 = APPLICATION_CONTEXT ( 'automotive_design' ) ;
#2062 = LINE ( 'NONE', #1124, #3052 ) ;
#2063 = AXIS2_PLACEMENT_3D ( 'NONE', #2228, #1483, #9 ) ;
#2064 = CARTESIAN_POINT ( 'NONE',  ( 5.999999999999999112, 3.980102097228789763E-16, 3.249999999999911626 ) ) ;
#2065 = AXIS2_PLACEMENT_3D ( 'NONE', #988, #104, #3249 ) ;
#2066 = CARTESIAN_POINT ( 'NONE',  ( 10.38826507993728399, 1.538505424164598729E-15, 0.0000000000000000000 ) ) ;
#2067 = VERTEX_POINT ( 'NONE', #2229 ) ;
#2068 = ORIENTED_EDGE ( 'NONE', *, *, #452, .F. ) ;
#2069 = DIRECTION ( 'NONE',  ( 0.0000000000000000000, 1.000000000000000000, 0.0000000000000000000 ) ) ;
#2070 = AXIS2_PLACEMENT_3D ( 'NONE', #902, #1882, #2100 ) ;
#2071 = ORIENTED_EDGE ( 'NONE', *, *, #542, .T. ) ;
#2072 = CARTESIAN_POINT ( 'NONE',  ( 18.38826507993728399, 1.538505424164598729E-15, 0.0000000000000000000 ) ) ;
#2073 = CARTESIAN_POINT ( 'NONE',  ( 9.388265079937282209, -3.000000000000000444, 3.673940397442061840E-16 ) ) ;
#2074 = VERTEX_POINT ( 'NONE', #2142 ) ;
#2075 = AXIS2_PLACEMENT_3D ( 'NONE', #3075, #1132, #2970 ) ;
#2076 = ADVANCED_FACE ( 'NONE', ( #2238 ), #440, .F. ) ;
#2077 = SURFACE_SIDE_STYLE ('',( #151 ) ) ;
#2078 = VERTEX_POINT ( 'NONE', #2675 ) ;
#2079 = CARTESIAN_POINT ( 'NONE',  ( 12.61173492006271069, -4.294823775983535952E-29, 3.000000000000001332 ) ) ;
#2080 = CARTESIAN_POINT ( 'NONE',  ( 9.999999999999998224, -2.445500000000000451, 3.334407072378458145E-16 ) ) ;
#2081 = CIRCLE ( 'NONE', #499, 3.000000000000001332 ) ;
#2082 = ORIENTED_EDGE ( 'NONE', *, *, #3125, .F. ) ;
#2083 = DIRECTION ( 'NONE',  ( 0.5735764363510452712, -0.8191520442889924647, 1.003171929053525610E-16 ) ) ;
#2084 = AXIS2_PLACEMENT_3D ( 'NONE', #682, #1432, #2378 ) ;
#2085 = ORIENTED_EDGE ( 'NONE', *, *, #1556, .T. ) ;
#2086 = VECTOR ( 'NONE', #1232, 1000.000000000000000 ) ;
#2087 = DIRECTION ( 'NONE',  ( 0.0000000000000000000, -1.000000000000000000, 0.0000000000000000000 ) ) ;
#2088 = ORIENTED_EDGE ( 'NONE', *, *, #2737, .T. ) ;
#2089 = EDGE_CURVE ( 'NONE', #2022, #1730, #2526, .T. ) ;
#2090 = DIRECTION ( 'NONE',  ( 0.0000000000000000000, -1.000000000000000000, 0.0000000000000000000 ) ) ;
#2091 = VECTOR ( 'NONE', #2777, 999.9999999999998863 ) ;
#2092 = VERTEX_POINT ( 'NONE', #3167 ) ;
#2093 = LINE ( 'NONE', #85, #631 ) ;
#2094 = VERTEX_POINT ( 'NONE', #208 ) ;
#2095 = ORIENTED_EDGE ( 'NONE', *, *, #2219, .F. ) ;
#2096 = CIRCLE ( 'NONE', #595, 3.000000000000001332 ) ;
#2097 = CARTESIAN_POINT ( 'NONE',  ( 11.38826507993728221, 1.538505424164598729E-15, 0.0000000000000000000 ) ) ;
#2098 = EDGE_CURVE ( 'NONE', #1282, #1989, #387, .T. ) ;
#2099 = DIRECTION ( 'NONE',  ( 0.0000000000000000000, 0.0000000000000000000, 1.000000000000000000 ) ) ;
#2100 = DIRECTION ( 'NONE',  ( 0.0000000000000000000, -1.000000000000000000, 0.0000000000000000000 ) ) ;
#2101 = CARTESIAN_POINT ( 'NONE',  ( 17.38826507993728399, 1.538505424164598729E-15, 0.0000000000000000000 ) ) ;
#2102 = EDGE_CURVE ( 'NONE', #1250, #1650, #157, .T. ) ;
#2103 = ADVANCED_FACE ( 'NONE', ( #3113 ), #72, .T. ) ;
#2104 = VECTOR ( 'NONE', #1863, 1000.000000000000000 ) ;
#2105 = AXIS2_PLACEMENT_3D ( 'NONE', #1069, #2133, #2746 ) ;
#2106 = ORIENTED_EDGE ( 'NONE', *, *, #3267, .F. ) ;
#2107 = CARTESIAN_POINT ( 'NONE',  ( 3.000000000000000000, 2.935248768560056565, -1.647987302177966740E-14 ) ) ;
#2108 = ORIENTED_EDGE ( 'NONE', *, *, #1516, .T. ) ;
#2109 = AXIS2_PLACEMENT_3D ( 'NONE', #2872, #3098, #751 ) ;
#2110 = DIRECTION ( 'NONE',  ( 0.0000000000000000000, 0.0000000000000000000, 1.000000000000000000 ) ) ;
#2111 = EDGE_LOOP ( 'NONE', ( #339, #2290, #2584, #873, #1838, #1947 ) ) ;
#2112 = DIRECTION ( 'NONE',  ( -1.000000000000000000, -1.224606353822377258E-16, -0.0000000000000000000 ) ) ;
#2113 = DIRECTION ( 'NONE',  ( -1.000000000000000000, -0.0000000000000000000, -0.0000000000000000000 ) ) ;
#2114 = CIRCLE ( 'NONE', #822, 3.000000000000001332 ) ;
#2115 = ORIENTED_EDGE ( 'NONE', *, *, #1454, .F. ) ;
#2116 = ORIENTED_EDGE ( 'NONE', *, *, #103, .T. ) ;
#2117 = CIRCLE ( 'NONE', #2400, 3.000000000000001776 ) ;
#2118 = CARTESIAN_POINT ( 'NONE',  ( 21.44549999999983925, 3.673940397441842931E-16, -2.999999999999823252 ) ) ;
#2119 = CARTESIAN_POINT ( 'NONE',  ( 0.0000000000000000000, 2.935248768560056565, -1.647987302177966740E-14 ) ) ;
#2120 = ORIENTED_EDGE ( 'NONE', *, *, #353, .F. ) ;
#2121 = CIRCLE ( 'NONE', #3151, 3.000000000000001776 ) ;
#2122 = DIRECTION ( 'NONE',  ( 0.0000000000000000000, -1.000000000000000000, 0.0000000000000000000 ) ) ;
#2123 = EDGE_LOOP ( 'NONE', ( #2625, #611, #592, #2878, #1421 ) ) ;
#2124 = VERTEX_POINT ( 'NONE', #2246 ) ;
#2125 = AXIS2_PLACEMENT_3D ( 'NONE', #3108, #1577, #1545 ) ;
#2126 = DIRECTION ( 'NONE',  ( 0.0000000000000000000, -1.000000000000000000, 0.0000000000000000000 ) ) ;
#2127 = ORIENTED_EDGE ( 'NONE', *, *, #2590, .F. ) ;
#2128 = EDGE_CURVE ( 'NONE', #1061, #3273, #390, .T. ) ;
#2129 = VECTOR ( 'NONE', #810, 1000.000000000000114 ) ;
#2130 = ADVANCED_FACE ( 'NONE', ( #1450 ), #1460, .T. ) ;
#2131 = DIRECTION ( 'NONE',  ( 0.0000000000000000000, -1.000000000000000000, 0.0000000000000000000 ) ) ;
#2132 = ADVANCED_FACE ( 'NONE', ( #1562 ), #329, .T. ) ;
#2133 = DIRECTION ( 'NONE',  ( -1.000000000000000000, -1.224606353822377258E-16, -0.0000000000000000000 ) ) ;
#2134 = EDGE_LOOP ( 'NONE', ( #2880, #1207, #2911, #300, #3009 ) ) ;
#2135 = AXIS2_PLACEMENT_3D ( 'NONE', #1735, #989, #713 ) ;
#2136 = CARTESIAN_POINT ( 'NONE',  ( 17.38826507993728399, -4.602972567085493689E-29, 3.000000000000001776 ) ) ;
#2137 = EDGE_CURVE ( 'NONE', #2335, #541, #1594, .T. ) ;
#2138 = CARTESIAN_POINT ( 'NONE',  ( 11.38826507993728221, 1.538505424164598729E-15, 0.0000000000000000000 ) ) ;
#2139 = FACE_OUTER_BOUND ( 'NONE', #1538, .T. ) ;
#2140 = ORIENTED_EDGE ( 'NONE', *, *, #2834, .T. ) ;
#2141 = DIRECTION ( 'NONE',  ( 0.0000000000000000000, -1.000000000000000000, 0.0000000000000000000 ) ) ;
#2142 = CARTESIAN_POINT ( 'NONE',  ( 3.000000000000000000, 3.380207847158591402E-15, 2.541999999999985160 ) ) ;
#2143 = ORIENTED_EDGE ( 'NONE', *, *, #712, .T. ) ;
#2144 = DIRECTION ( 'NONE',  ( 0.0000000000000000000, -1.000000000000000000, 0.0000000000000000000 ) ) ;
#2145 = AXIS2_PLACEMENT_3D ( 'NONE', #3247, #532, #2538 ) ;
#2146 = FACE_OUTER_BOUND ( 'NONE', #1252, .T. ) ;
#2147 = CARTESIAN_POINT ( 'NONE',  ( 17.00000000000000000, 1.490958235778743760E-15, 0.0000000000000000000 ) ) ;
#2148 = VECTOR ( 'NONE', #524, 1000.000000000000000 ) ;
#2149 = EDGE_CURVE ( 'NONE', #1004, #2094, #2620, .T. ) ;
#2150 = ADVANCED_FACE ( 'NONE', ( #3259 ), #2013, .T. ) ;
#2151 = ORIENTED_EDGE ( 'NONE', *, *, #3256, .F. ) ;
#2152 = CARTESIAN_POINT ( 'NONE',  ( -0.0000000000000000000, -2.935248768560054344, -9.974659986866640793E-15 ) ) ;
#2153 = VERTEX_POINT ( 'NONE', #1129 ) ;
#2154 = ORIENTED_EDGE ( 'NONE', *, *, #855, .T. ) ;
#2155 = ADVANCED_FACE ( 'NONE', ( #378 ), #907, .T. ) ;
#2156 = AXIS2_PLACEMENT_3D ( 'NONE', #2381, #2774, #1633 ) ;
#2157 = FACE_OUTER_BOUND ( 'NONE', #2169, .T. ) ;
#2158 = ADVANCED_FACE ( 'NONE', ( #1275 ), #1692, .T. ) ;
#2159 = AXIS2_PLACEMENT_3D ( 'NONE', #688, #638, #624 ) ;
#2160 = VERTEX_POINT ( 'NONE', #613 ) ;
#2161 = VERTEX_POINT ( 'NONE', #623 ) ;
#2162 = VERTEX_POINT ( 'NONE', #724 ) ;
#2163 = CARTESIAN_POINT ( 'NONE',  ( 11.00000000000000000, 1.490958235778743760E-15, 0.0000000000000000000 ) ) ;
#2164 = VERTEX_POINT ( 'NONE', #2080 ) ;
#2165 = CARTESIAN_POINT ( 'NONE',  ( 0.3000000000000016542, 0.0000000000000000000, 0.0000000000000000000 ) ) ;
#2166 = EDGE_CURVE ( 'NONE', #1354, #2462, #644, .T. ) ;
#2167 = EDGE_LOOP ( 'NONE', ( #2106, #2516, #1205, #128 ) ) ;
#2168 = VECTOR ( 'NONE', #426, 1000.000000000000000 ) ;
#2169 = EDGE_LOOP ( 'NONE', ( #710, #2567, #2279, #286, #2151 ) ) ;
#2170 = EDGE_CURVE ( 'NONE', #2600, #1949, #2623, .T. ) ;
#2171 = DIRECTION ( 'NONE',  ( -1.000000000000000000, -0.0000000000000000000, -0.0000000000000000000 ) ) ;
#2172 = DIRECTION ( 'NONE',  ( 0.0000000000000000000, 0.0000000000000000000, -1.000000000000000000 ) ) ;
#2173 = CARTESIAN_POINT ( 'NONE',  ( 16.61173492006270891, 3.673940397441631418E-16, -3.000000000000001332 ) ) ;
#2174 = AXIS2_PLACEMENT_3D ( 'NONE', #2545, #899, #3097 ) ;
#2175 = ORIENTED_EDGE ( 'NONE', *, *, #2547, .T. ) ;
#2176 = FACE_OUTER_BOUND ( 'NONE', #2983, .T. ) ;
#2177 = VECTOR ( 'NONE', #1517, 1000.000000000000000 ) ;
#2178 = DIRECTION ( 'NONE',  ( 0.0000000000000000000, 0.0000000000000000000, 1.000000000000000000 ) ) ;
#2179 = EDGE_LOOP ( 'NONE', ( #2704, #3140, #743, #3189, #179, #671 ) ) ;
#2180 = FACE_OUTER_BOUND ( 'NONE', #925, .T. ) ;
#2181 = LINE ( 'NONE', #739, #1416 ) ;
#2182 = CARTESIAN_POINT ( 'NONE',  ( 0.0000000000000000000, -1.467624384280023397, 2.541999999999986937 ) ) ;
#2183 = DIRECTION ( 'NONE',  ( 0.0000000000000000000, -1.000000000000000000, 0.0000000000000000000 ) ) ;
#2184 = CARTESIAN_POINT ( 'NONE',  ( 16.38826507993728043, 3.000000000000003553, 0.0000000000000000000 ) ) ;
#2185 = PRODUCT_DEFINITION_SHAPE ( 'NONE', 'NONE',  #693 ) ;
#2186 = ORIENTED_EDGE ( 'NONE', *, *, #851, .F. ) ;
#2187 = FACE_OUTER_BOUND ( 'NONE', #257, .T. ) ;
#2188 = CARTESIAN_POINT ( 'NONE',  ( 19.38826507993728043, 3.000000000000003109, 0.0000000000000000000 ) ) ;
#2189 = DIRECTION ( 'NONE',  ( -1.000000000000000000, -0.0000000000000000000, -0.0000000000000000000 ) ) ;
#2190 = CARTESIAN_POINT ( 'NONE',  ( 11.00000000000000000, 2.445500000000003116, 0.0000000000000000000 ) ) ;
#2191 = VERTEX_POINT ( 'NONE', #2633 ) ;
#2192 = VECTOR ( 'NONE', #316, 1000.000000000000000 ) ;
#2193 = EDGE_CURVE ( 'NONE', #526, #3045, #987, .T. ) ;
#2194 = AXIS2_PLACEMENT_3D ( 'NONE', #1854, #1474, #1284 ) ;
#2195 = DIRECTION ( 'NONE',  ( -1.000000000000000000, -0.0000000000000000000, -0.0000000000000000000 ) ) ;
#2196 = VERTEX_POINT ( 'NONE', #1777 ) ;
#2197 = EDGE_LOOP ( 'NONE', ( #381, #16, #1739, #2614, #2757 ) ) ;
#2198 = LINE ( 'NONE', #410, #1784 ) ;
#2199 = CARTESIAN_POINT ( 'NONE',  ( 18.00000000000000355, -2.445500000000000451, 3.334407072378458145E-16 ) ) ;
#2200 = ADVANCED_FACE ( 'NONE', ( #1008 ), #5, .T. ) ;
#2201 = DIRECTION ( 'NONE',  ( -1.000000000000000000, -1.224606353822377258E-16, -0.0000000000000000000 ) ) ;
#2202 = CARTESIAN_POINT ( 'NONE',  ( 19.38826507993728043, 1.538505424164598729E-15, 0.0000000000000000000 ) ) ;
#2203 = ORIENTED_EDGE ( 'NONE', *, *, #2360, .T. ) ;
#2204 = VERTEX_POINT ( 'NONE', #3090 ) ;
#2205 = EDGE_CURVE ( 'NONE', #1691, #2204, #1389, .T. ) ;
#2206 = CARTESIAN_POINT ( 'NONE',  ( 11.61173492006271246, -4.294823775983535952E-29, 3.000000000000001332 ) ) ;
#2207 = EDGE_CURVE ( 'NONE', #1711, #331, #2708, .T. ) ;
#2208 = ADVANCED_FACE ( 'NONE', ( #2997 ), #2886, .F. ) ;
#2209 = ORIENTED_EDGE ( 'NONE', *, *, #2431, .F. ) ;
#2210 = CIRCLE ( 'NONE', #1211, 3.000000000000001332 ) ;
#2211 = AXIS2_PLACEMENT_3D ( 'NONE', #3132, #975, #1499 ) ;
#2212 = DIRECTION ( 'NONE',  ( -1.000000000000000000, -1.224606353822377258E-16, -0.0000000000000000000 ) ) ;
#2213 = EDGE_LOOP ( 'NONE', ( #2325, #2002, #2793, #2127, #2836 ) ) ;
#2214 = CARTESIAN_POINT ( 'NONE',  ( 11.38826507993728221, 3.000000000000003109, 0.0000000000000000000 ) ) ;
#2215 = FACE_OUTER_BOUND ( 'NONE', #3159, .T. ) ;
#2216 =( GEOMETRIC_REPRESENTATION_CONTEXT ( 3 ) GLOBAL_UNCERTAINTY_ASSIGNED_CONTEXT ( ( #1619 ) ) GLOBAL_UNIT_ASSIGNED_CONTEXT ( ( #1738, #2646, #1235 ) ) REPRESENTATION_CONTEXT ( 'NONE', 'WORKASPACE' ) );
#2217 = CARTESIAN_POINT ( 'NONE',  ( 11.00000000000000000, 1.490958235778743760E-15, 0.0000000000000000000 ) ) ;
#2218 = FACE_OUTER_BOUND ( 'NONE', #191, .T. ) ;
#2219 = EDGE_CURVE ( 'NONE', #2553, #1385, #102, .T. ) ;
#2220 = CARTESIAN_POINT ( 'NONE',  ( 0.3000000000000016542, 0.0000000000000000000, 0.0000000000000000000 ) ) ;
#2221 = CARTESIAN_POINT ( 'NONE',  ( 11.38826507993728221, -3.000000000000000000, 3.673940397442061840E-16 ) ) ;
#2222 = DIRECTION ( 'NONE',  ( 0.0000000000000000000, -1.000000000000000000, 0.0000000000000000000 ) ) ;
#2223 = CIRCLE ( 'NONE', #2356, 2.541999999999999815 ) ;
#2224 = CARTESIAN_POINT ( 'NONE',  ( 17.61173492006270891, 1.443411047392888001E-15, 0.0000000000000000000 ) ) ;
#2225 = CONICAL_SURFACE ( 'NONE', #1378, 3.000000000000001776, 0.9599310885968824758 ) ;
#2226 = EDGE_CURVE ( 'NONE', #1159, #1922, #746, .T. ) ;
#2227 = ADVANCED_FACE ( 'NONE', ( #612 ), #1428, .T. ) ;
#2228 = CARTESIAN_POINT ( 'NONE',  ( 21.44549999999983925, 0.0000000000000000000, 0.0000000000000000000 ) ) ;
#2229 = CARTESIAN_POINT ( 'NONE',  ( 21.38826507993728399, 3.000000000000003109, 0.0000000000000000000 ) ) ;
#2230 = CONICAL_SURFACE ( 'NONE', #1817, 3.000000000000001776, 0.9599310885968824758 ) ;
#2231 = UNCERTAINTY_MEASURE_WITH_UNIT (LENGTH_MEASURE( 1.000000000000000082E-05 ), #974, 'distance_accuracy_value', 'NONE');
#2232 = VERTEX_POINT ( 'NONE', #2321 ) ;
#2233 = EDGE_CURVE ( 'NONE', #2160, #2462, #2659, .T. ) ;
#2234 = CARTESIAN_POINT ( 'NONE',  ( -31.74999999999995737, 0.0000000000000000000, 2.999999999999912070 ) ) ;
#2235 = CIRCLE ( 'NONE', #1743, 3.000000000000001776 ) ;
#2236 = DIRECTION ( 'NONE',  ( -1.000000000000000000, -0.0000000000000000000, -0.0000000000000000000 ) ) ;
#2237 = ORIENTED_EDGE ( 'NONE', *, *, #1345, .F. ) ;
#2238 = FACE_OUTER_BOUND ( 'NONE', #1596, .T. ) ;
#2239 = DIRECTION ( 'NONE',  ( 1.000000000000000000, 1.224606353822377258E-16, 0.0000000000000000000 ) ) ;
#2240 = VERTEX_POINT ( 'NONE', #1043 ) ;
#2241 = CARTESIAN_POINT ( 'NONE',  ( 17.61173492006270891, 1.443411047392888001E-15, 0.0000000000000000000 ) ) ;
#2242 = VERTEX_POINT ( 'NONE', #965 ) ;
#2243 = LINE ( 'NONE', #2184, #2254 ) ;
#2244 = AXIS2_PLACEMENT_3D ( 'NONE', #923, #2508, #2739 ) ;
#2245 = ORIENTED_EDGE ( 'NONE', *, *, #3182, .T. ) ;
#2246 = CARTESIAN_POINT ( 'NONE',  ( 10.38826507993728399, 3.673940397441598877E-16, -3.000000000000001776 ) ) ;
#2247 = VECTOR ( 'NONE', #319, 1000.000000000000114 ) ;
#2248 = ADVANCED_FACE ( 'NONE', ( #2900 ), #256, .T. ) ;
#2249 = DIRECTION ( 'NONE',  ( 0.0000000000000000000, -1.000000000000000000, 0.0000000000000000000 ) ) ;
#2250 = EDGE_CURVE ( 'NONE', #664, #2553, #2626, .T. ) ;
#2251 = ORIENTED_EDGE ( 'NONE', *, *, #2645, .F. ) ;
#2252 =( LENGTH_UNIT ( ) NAMED_UNIT ( * ) SI_UNIT ( .MILLI., .METRE. ) );
#2253 = CARTESIAN_POINT ( 'NONE',  ( 14.61173492006271069, 1.443411047392888001E-15, 0.0000000000000000000 ) ) ;
#2254 = VECTOR ( 'NONE', #207, 1000.000000000000000 ) ;
#2255 = CARTESIAN_POINT ( 'NONE',  ( 14.61173492006271069, 3.000000000000003109, 3.673940397442061840E-16 ) ) ;
#2256 = DIRECTION ( 'NONE',  ( 0.0000000000000000000, 0.0000000000000000000, 1.000000000000000000 ) ) ;
#2257 = VERTEX_POINT ( 'NONE', #2079 ) ;
#2258 = PRESENTATION_STYLE_ASSIGNMENT (( #350 ) ) ;
#2259 = ADVANCED_FACE ( 'NONE', ( #2741 ), #2767, .F. ) ;
#2260 = CARTESIAN_POINT ( 'NONE',  ( 22.00000000000000000, 0.0000000000000000000, 0.0000000000000000000 ) ) ;
#2261 = DIRECTION ( 'NONE',  ( -1.000000000000000000, -1.224606353822377258E-16, -0.0000000000000000000 ) ) ;
#2262 = CARTESIAN_POINT ( 'NONE',  ( 16.00000000000000000, 1.490958235778743760E-15, 0.0000000000000000000 ) ) ;
#2263 = VECTOR ( 'NONE', #1272, 1000.000000000000000 ) ;
#2264 = ADVANCED_FACE ( 'NONE', ( #955 ), #2225, .T. ) ;
#2265 = AXIS2_PLACEMENT_3D ( 'NONE', #2679, #849, #377 ) ;
#2266 = EDGE_LOOP ( 'NONE', ( #1114, #306, #1884, #393, #2363 ) ) ;
#2267 = CIRCLE ( 'NONE', #1890, 2.445500000000001783 ) ;
#2268 = FACE_OUTER_BOUND ( 'NONE', #1756, .T. ) ;
#2269 = ORIENTED_EDGE ( 'NONE', *, *, #1625, .T. ) ;
#2270 = DIRECTION ( 'NONE',  ( 0.0000000000000000000, -1.000000000000000000, 0.0000000000000000000 ) ) ;
#2271 = FACE_OUTER_BOUND ( 'NONE', #2806, .T. ) ;
#2272 = DIRECTION ( 'NONE',  ( 0.0000000000000000000, -1.000000000000000000, 0.0000000000000000000 ) ) ;
#2273 = ORIENTED_EDGE ( 'NONE', *, *, #2379, .F. ) ;
#2274 = DIRECTION ( 'NONE',  ( 0.5735764363510450492, 0.8191520442889925757, 0.0000000000000000000 ) ) ;
#2275 = LINE ( 'NONE', #2652, #2177 ) ;
#2276 = ORIENTED_EDGE ( 'NONE', *, *, #3048, .F. ) ;
#2277 = DIRECTION ( 'NONE',  ( 1.000000000000000000, 1.224606353822377258E-16, 0.0000000000000000000 ) ) ;
#2278 = CARTESIAN_POINT ( 'NONE',  ( 20.61173492006271246, 1.443411047392888001E-15, 0.0000000000000000000 ) ) ;
#2279 = ORIENTED_EDGE ( 'NONE', *, *, #3177, .F. ) ;
#2280 = AXIS2_PLACEMENT_3D ( 'NONE', #3080, #366, #1812 ) ;
#2281 = ORIENTED_EDGE ( 'NONE', *, *, #3242, .T. ) ;
#2282 = DIRECTION ( 'NONE',  ( -0.5735764363510507113, 0.8191520442889885789, 1.003171929053520926E-16 ) ) ;
#2283 = CARTESIAN_POINT ( 'NONE',  ( 21.38826507993728399, 1.538505424164598729E-15, 0.0000000000000000000 ) ) ;
#2284 = CARTESIAN_POINT ( 'NONE',  ( 17.00000000000000000, 1.490958235778743760E-15, 0.0000000000000000000 ) ) ;
#2285 = CARTESIAN_POINT ( 'NONE',  ( 3.000000000000000000, -2.201436576420048752, -1.270999999999999019 ) ) ;
#2286 = CARTESIAN_POINT ( 'NONE',  ( 12.38826507993728221, 1.538505424164598729E-15, 0.0000000000000000000 ) ) ;
#2287 = ORIENTED_EDGE ( 'NONE', *, *, #1604, .F. ) ;
#2288 = FACE_OUTER_BOUND ( 'NONE', #2915, .T. ) ;
#2289 = APPLICATION_CONTEXT ( 'automotive_design' ) ;
#2290 = ORIENTED_EDGE ( 'NONE', *, *, #304, .T. ) ;
#2291 = EDGE_CURVE ( 'NONE', #1282, #212, #544, .T. ) ;
#2292 = ADVANCED_FACE ( 'NONE', ( #2271 ), #1652, .T. ) ;
#2293 = ORIENTED_EDGE ( 'NONE', *, *, #2799, .F. ) ;
#2294 = AXIS2_PLACEMENT_3D ( 'NONE', #94, #105, #465 ) ;
#2295 = ORIENTED_EDGE ( 'NONE', *, *, #981, .F. ) ;
#2296 = CYLINDRICAL_SURFACE ( 'NONE', #1160, 2.999999999999912070 ) ;
#2297 = CARTESIAN_POINT ( 'NONE',  ( 13.38826507993728221, 1.538505424164598729E-15, 0.0000000000000000000 ) ) ;
#2298 = AXIS2_PLACEMENT_3D ( 'NONE', #2873, #2621, #3201 ) ;
#2299 = DIRECTION ( 'NONE',  ( 0.0000000000000000000, -1.000000000000000000, 0.0000000000000000000 ) ) ;
#2300 = CARTESIAN_POINT ( 'NONE',  ( -31.74999999999995737, 0.0000000000000000000, 0.0000000000000000000 ) ) ;
#2301 = ORIENTED_EDGE ( 'NONE', *, *, #1420, .T. ) ;
#2302 = DIRECTION ( 'NONE',  ( 0.0000000000000000000, 0.0000000000000000000, 1.000000000000000000 ) ) ;
#2303 = EDGE_CURVE ( 'NONE', #3250, #1464, #340, .T. ) ;
#2304 = DIRECTION ( 'NONE',  ( 0.0000000000000000000, 1.000000000000000000, 0.0000000000000000000 ) ) ;
#2305 = DIRECTION ( 'NONE',  ( 0.0000000000000000000, -1.000000000000000000, 0.0000000000000000000 ) ) ;
#2306 = AXIS2_PLACEMENT_3D ( 'NONE', #2539, #871, #123 ) ;
#2307 = VECTOR ( 'NONE', #1924, 1000.000000000000114 ) ;
#2308 = DIRECTION ( 'NONE',  ( -1.000000000000000000, -1.224606353822377258E-16, -0.0000000000000000000 ) ) ;
#2309 = AXIS2_PLACEMENT_3D ( 'NONE', #2572, #2678, #966 ) ;
#2310 = CARTESIAN_POINT ( 'NONE',  ( 11.38826507993728221, 1.538505424164598729E-15, 0.0000000000000000000 ) ) ;
#2311 = ADVANCED_FACE ( 'NONE', ( #2218 ), #1372, .T. ) ;
#2312 = DIRECTION ( 'NONE',  ( -1.000000000000000000, -1.224606353822377258E-16, -0.0000000000000000000 ) ) ;
#2313 = DIRECTION ( 'NONE',  ( -0.5735764363510507113, 0.8191520442889885789, 1.003171929053520926E-16 ) ) ;
#2314 = ORIENTED_EDGE ( 'NONE', *, *, #1830, .T. ) ;
#2315 = CARTESIAN_POINT ( 'NONE',  ( 13.99999999999999822, 1.490958235778743760E-15, 0.0000000000000000000 ) ) ;
#2316 = CIRCLE ( 'NONE', #2658, 3.000000000000001332 ) ;
#2317 = ORIENTED_EDGE ( 'NONE', *, *, #1830, .F. ) ;
#2318 = AXIS2_PLACEMENT_3D ( 'NONE', #1788, #1571, #1366 ) ;
#2319 = EDGE_CURVE ( 'NONE', #3012, #1878, #430, .T. ) ;
#2320 = VECTOR ( 'NONE', #167, 1000.000000000000000 ) ;
#2321 = CARTESIAN_POINT ( 'NONE',  ( 3.000000000000000000, 1.467624384280032057, 2.541999999999982940 ) ) ;
#2322 = CARTESIAN_POINT ( 'NONE',  ( -31.74999999999995737, 3.673940397441951893E-16, -2.999999999999912070 ) ) ;
#2323 = CONICAL_SURFACE ( 'NONE', #1110, 2.445500000000001783, 0.9599310885968758145 ) ;
#2324 = ORIENTED_EDGE ( 'NONE', *, *, #2871, .F. ) ;
#2325 = ORIENTED_EDGE ( 'NONE', *, *, #704, .F. ) ;
#2326 = DIRECTION ( 'NONE',  ( -1.000000000000000000, -0.0000000000000000000, -0.0000000000000000000 ) ) ;
#2327 = AXIS2_PLACEMENT_3D ( 'NONE', #3205, #2608, #3115 ) ;
#2328 = ORIENTED_EDGE ( 'NONE', *, *, #521, .T. ) ;
#2329 = VECTOR ( 'NONE', #3161, 1000.000000000000000 ) ;
#2330 = CARTESIAN_POINT ( 'NONE',  ( 4.467624384280048488, 0.0000000000000000000, 0.0000000000000000000 ) ) ;
#2331 = ORIENTED_EDGE ( 'NONE', *, *, #1035, .F. ) ;
#2332 = VERTEX_POINT ( 'NONE', #1677 ) ;
#2333 = ORIENTED_EDGE ( 'NONE', *, *, #1935, .F. ) ;
#2334 = CARTESIAN_POINT ( 'NONE',  ( 20.99999999999999645, -2.445500000000000451, 0.0000000000000000000 ) ) ;
#2335 = VERTEX_POINT ( 'NONE', #2825 ) ;
#2336 = AXIS2_PLACEMENT_3D ( 'NONE', #113, #1995, #690 ) ;
#2337 = ORIENTED_EDGE ( 'NONE', *, *, #863, .F. ) ;
#2338 = CARTESIAN_POINT ( 'NONE',  ( 20.99999999999999645, -2.445500000000000451, 3.334407072378458145E-16 ) ) ;
#2339 = VECTOR ( 'NONE', #2653, 1000.000000000000000 ) ;
#2340 = EDGE_CURVE ( 'NONE', #3041, #1584, #2903, .T. ) ;
#2341 = ORIENTED_EDGE ( 'NONE', *, *, #554, .F. ) ;
#2342 = EDGE_CURVE ( 'NONE', #3217, #2946, #107, .T. ) ;
#2343 = DIRECTION ( 'NONE',  ( -1.000000000000000000, -0.0000000000000000000, -0.0000000000000000000 ) ) ;
#2344 = SURFACE_STYLE_USAGE ( .BOTH. , #346 ) ;
#2345 = DIRECTION ( 'NONE',  ( -1.000000000000000000, -0.0000000000000000000, -0.0000000000000000000 ) ) ;
#2346 = AXIS2_PLACEMENT_3D ( 'NONE', #2260, #979, #533 ) ;
#2347 = ORIENTED_EDGE ( 'NONE', *, *, #2901, .F. ) ;
#2348 = CARTESIAN_POINT ( 'NONE',  ( 16.00000000000000000, 1.490958235778743760E-15, 0.0000000000000000000 ) ) ;
#2349 = CARTESIAN_POINT ( 'NONE',  ( 13.38826507993728221, 1.538505424164598729E-15, 0.0000000000000000000 ) ) ;
#2350 = FILL_AREA_STYLE ('',( #1118 ) ) ;
#2351 = CARTESIAN_POINT ( 'NONE',  ( 9.000000000000000000, 1.490958235778743760E-15, 0.0000000000000000000 ) ) ;
#2352 = ORIENTED_EDGE ( 'NONE', *, *, #304, .F. ) ;
#2353 = ORIENTED_EDGE ( 'NONE', *, *, #2729, .F. ) ;
#2354 = LINE ( 'NONE', #1920, #622 ) ;
#2355 = ADVANCED_FACE ( 'NONE', ( #1285 ), #1209, .T. ) ;
#2356 = AXIS2_PLACEMENT_3D ( 'NONE', #3129, #2549, #2449 ) ;
#2357 = DIRECTION ( 'NONE',  ( 0.0000000000000000000, 0.0000000000000000000, 1.000000000000000000 ) ) ;
#2358 = CIRCLE ( 'NONE', #2156, 3.000000000000001332 ) ;
#2359 = EDGE_CURVE ( 'NONE', #1415, #861, #2655, .T. ) ;
#2360 = EDGE_CURVE ( 'NONE', #906, #799, #1091, .T. ) ;
#2361 = CARTESIAN_POINT ( 'NONE',  ( 20.38826507993728043, 3.000000000000003109, 0.0000000000000000000 ) ) ;
#2362 = VECTOR ( 'NONE', #422, 1000.000000000000114 ) ;
#2363 = ORIENTED_EDGE ( 'NONE', *, *, #357, .F. ) ;
#2364 = CARTESIAN_POINT ( 'NONE',  ( 21.38826507993728399, -3.000000000000000444, 3.673940397442061840E-16 ) ) ;
#2365 = LINE ( 'NONE', #2119, #455 ) ;
#2366 = DIRECTION ( 'NONE',  ( -1.000000000000000000, -0.0000000000000000000, -0.0000000000000000000 ) ) ;
#2367 = VECTOR ( 'NONE', #513, 1000.000000000000000 ) ;
#2368 = EDGE_CURVE ( 'NONE', #853, #1174, #1875, .T. ) ;
#2369 = DIRECTION ( 'NONE',  ( -1.000000000000000000, -0.0000000000000000000, -0.0000000000000000000 ) ) ;
#2370 = ORIENTED_EDGE ( 'NONE', *, *, #332, .T. ) ;
#2371 = LINE ( 'NONE', #1896, #3035 ) ;
#2372 = DIRECTION ( 'NONE',  ( -1.000000000000000000, -0.0000000000000000000, -0.0000000000000000000 ) ) ;
#2373 = EDGE_CURVE ( 'NONE', #1681, #2479, #3119, .T. ) ;
#2374 = CARTESIAN_POINT ( 'NONE',  ( -31.74999999999995737, 0.0000000000000000000, 0.0000000000000000000 ) ) ;
#2375 = CIRCLE ( 'NONE', #414, 3.000000000000001332 ) ;
#2376 = ORIENTED_EDGE ( 'NONE', *, *, #1775, .F. ) ;
#2377 = DIRECTION ( 'NONE',  ( 0.0000000000000000000, -1.000000000000000000, 0.0000000000000000000 ) ) ;
#2378 = DIRECTION ( 'NONE',  ( 0.0000000000000000000, 1.000000000000000000, 0.0000000000000000000 ) ) ;
#2379 = EDGE_CURVE ( 'NONE', #3273, #1559, #2114, .T. ) ;
#2380 = DIRECTION ( 'NONE',  ( -1.000000000000000000, -0.0000000000000000000, -0.0000000000000000000 ) ) ;
#2381 = CARTESIAN_POINT ( 'NONE',  ( 12.61173492006271069, 1.443411047392888001E-15, 0.0000000000000000000 ) ) ;
#2382 = CARTESIAN_POINT ( 'NONE',  ( 13.00000000000000000, 1.490958235778743760E-15, 0.0000000000000000000 ) ) ;
#2383 = DIRECTION ( 'NONE',  ( -1.000000000000000000, -0.0000000000000000000, -0.0000000000000000000 ) ) ;
#2384 = VERTEX_POINT ( 'NONE', #400 ) ;
#2385 = DIRECTION ( 'NONE',  ( -1.000000000000000000, -1.224606353822377258E-16, -0.0000000000000000000 ) ) ;
#2386 = DIRECTION ( 'NONE',  ( 0.0000000000000000000, -1.000000000000000000, 0.0000000000000000000 ) ) ;
#2387 = EDGE_CURVE ( 'NONE', #1461, #1331, #683, .T. ) ;
#2388 = ORIENTED_EDGE ( 'NONE', *, *, #1165, .F. ) ;
#2389 = AXIS2_PLACEMENT_3D ( 'NONE', #1664, #2574, #1230 ) ;
#2390 = DIRECTION ( 'NONE',  ( -0.5735764363510503783, -0.8191520442889886899, 0.0000000000000000000 ) ) ;
#2391 = AXIS2_PLACEMENT_3D ( 'NONE', #870, #1030, #900 ) ;
#2392 = ORIENTED_EDGE ( 'NONE', *, *, #1848, .F. ) ;
#2393 = DIRECTION ( 'NONE',  ( 0.0000000000000000000, 0.0000000000000000000, 1.000000000000000000 ) ) ;
#2394 = ORIENTED_EDGE ( 'NONE', *, *, #814, .T. ) ;
#2395 = VECTOR ( 'NONE', #308, 999.9999999999998863 ) ;
#2396 = CARTESIAN_POINT ( 'NONE',  ( 19.38826507993728043, 1.538505424164598729E-15, 0.0000000000000000000 ) ) ;
#2397 = CARTESIAN_POINT ( 'NONE',  ( 20.99999999999999645, 1.490958235778743760E-15, 0.0000000000000000000 ) ) ;
#2398 = CARTESIAN_POINT ( 'NONE',  ( 11.61173492006271246, 1.443411047392888001E-15, 0.0000000000000000000 ) ) ;
#2399 = ORIENTED_EDGE ( 'NONE', *, *, #712, .F. ) ;
#2400 = AXIS2_PLACEMENT_3D ( 'NONE', #493, #2534, #1872 ) ;
#2401 = CARTESIAN_POINT ( 'NONE',  ( 13.38826507993728221, -4.602972567085493689E-29, 3.000000000000001776 ) ) ;
#2402 = ORIENTED_EDGE ( 'NONE', *, *, #3267, .T. ) ;
#2403 = CIRCLE ( 'NONE', #726, 3.000000000000001332 ) ;
#2404 = UNCERTAINTY_MEASURE_WITH_UNIT (LENGTH_MEASURE( 1.000000000000000082E-05 ), #2802, 'distance_accuracy_value', 'NONE');
#2405 = AXIS2_PLACEMENT_3D ( 'NONE', #2589, #1926, #1301 ) ;
#2406 = ORIENTED_EDGE ( 'NONE', *, *, #2291, .F. ) ;
#2407 = DIRECTION ( 'NONE',  ( 0.0000000000000000000, -1.000000000000000000, 0.0000000000000000000 ) ) ;
#2408 = ADVANCED_FACE ( 'NONE', ( #2456 ), #2599, .T. ) ;
#2409 = DIRECTION ( 'NONE',  ( 0.0000000000000000000, -1.000000000000000000, 0.0000000000000000000 ) ) ;
#2410 = LINE ( 'NONE', #581, #2876 ) ;
#2411 = DIRECTION ( 'NONE',  ( 0.0000000000000000000, 1.000000000000000000, -1.329743448921562021E-15 ) ) ;
#2412 = ORIENTED_EDGE ( 'NONE', *, *, #1023, .F. ) ;
#2413 = ORIENTED_EDGE ( 'NONE', *, *, #3207, .T. ) ;
#2414 = LINE ( 'NONE', #1500, #3251 ) ;
#2415 = CARTESIAN_POINT ( 'NONE',  ( 18.61173492006271246, 3.673940397441631418E-16, -3.000000000000001332 ) ) ;
#2416 = FACE_OUTER_BOUND ( 'NONE', #546, .T. ) ;
#2417 = VERTEX_POINT ( 'NONE', #2702 ) ;
#2418 = AXIS2_PLACEMENT_3D ( 'NONE', #3148, #2628, #362 ) ;
#2419 = CIRCLE ( 'NONE', #3062, 3.000000000000001776 ) ;
#2420 = LINE ( 'NONE', #826, #447 ) ;
#2421 = DIRECTION ( 'NONE',  ( 0.0000000000000000000, -1.000000000000000000, 0.0000000000000000000 ) ) ;
#2422 = ORIENTED_EDGE ( 'NONE', *, *, #2832, .T. ) ;
#2423 = DIRECTION ( 'NONE',  ( 0.0000000000000000000, 0.0000000000000000000, 1.000000000000000000 ) ) ;
#2424 = CARTESIAN_POINT ( 'NONE',  ( 17.61173492006270891, 1.443411047392888001E-15, 0.0000000000000000000 ) ) ;
#2425 = DIRECTION ( 'NONE',  ( -1.000000000000000000, -1.224606353822377258E-16, -0.0000000000000000000 ) ) ;
#2426 = FACE_OUTER_BOUND ( 'NONE', #385, .T. ) ;
#2427 = ORIENTED_EDGE ( 'NONE', *, *, #3017, .F. ) ;
#2428 = DIRECTION ( 'NONE',  ( -1.000000000000000000, -0.0000000000000000000, -0.0000000000000000000 ) ) ;
#2429 = CARTESIAN_POINT ( 'NONE',  ( 0.0000000000000000000, 1.467624384280025174, -2.542000000000013138 ) ) ;
#2430 = FACE_OUTER_BOUND ( 'NONE', #226, .T. ) ;
#2431 = EDGE_CURVE ( 'NONE', #1225, #1034, #1869, .T. ) ;
#2432 = VERTEX_POINT ( 'NONE', #2199 ) ;
#2433 = DIRECTION ( 'NONE',  ( 0.0000000000000000000, -0.5000000000000011102, -0.8660254037844379305 ) ) ;
#2434 = EDGE_LOOP ( 'NONE', ( #2637, #2501, #1346, #2693, #968 ) ) ;
#2435 = AXIS2_PLACEMENT_3D ( 'NONE', #76, #169, #2959 ) ;
#2436 = AXIS2_PLACEMENT_3D ( 'NONE', #161, #1022, #2256 ) ;
#2437 = CARTESIAN_POINT ( 'NONE',  ( 15.00000000000000000, 1.490958235778743760E-15, 0.0000000000000000000 ) ) ;
#2438 = DIRECTION ( 'NONE',  ( 1.000000000000000000, 1.224606353822377258E-16, 0.0000000000000000000 ) ) ;
#2439 = DIRECTION ( 'NONE',  ( -1.000000000000000000, -1.224606353822377258E-16, -0.0000000000000000000 ) ) ;
#2440 = AXIS2_PLACEMENT_3D ( 'NONE', #1694, #225, #2299 ) ;
#2441 = VERTEX_POINT ( 'NONE', #3156 ) ;
#2442 = PRESENTATION_LAYER_ASSIGNMENT (  '', '', ( #291 ) ) ;
#2443 = PRESENTATION_STYLE_ASSIGNMENT (( #903 ) ) ;
#2444 = CARTESIAN_POINT ( 'NONE',  ( 18.00000000000000355, -2.445500000000000451, 0.0000000000000000000 ) ) ;
#2445 = AXIS2_PLACEMENT_3D ( 'NONE', #1542, #1189, #3118 ) ;
#2446 = VERTEX_POINT ( 'NONE', #1581 ) ;
#2447 = CARTESIAN_POINT ( 'NONE',  ( 19.99999999999999645, 1.490958235778743760E-15, 0.0000000000000000000 ) ) ;
#2448 = ORIENTED_EDGE ( 'NONE', *, *, #2043, .T. ) ;
#2449 = DIRECTION ( 'NONE',  ( 0.0000000000000000000, 0.0000000000000000000, 1.000000000000000000 ) ) ;
#2450 = EDGE_LOOP ( 'NONE', ( #1666, #1524, #483, #3117, #2478 ) ) ;
#2451 = CIRCLE ( 'NONE', #384, 3.000000000000001776 ) ;
#2452 = DIRECTION ( 'NONE',  ( 0.0000000000000000000, -1.000000000000000000, 0.0000000000000000000 ) ) ;
#2453 = LINE ( 'NONE', #1108, #2042 ) ;
#2454 = LINE ( 'NONE', #1950, #383 ) ;
#2455 = CARTESIAN_POINT ( 'NONE',  ( 3.000000000000000000, -3.004629197474320429E-15, -2.541999999999999815 ) ) ;
#2456 = FACE_OUTER_BOUND ( 'NONE', #2686, .T. ) ;
#2457 = AXIS2_PLACEMENT_3D ( 'NONE', #1006, #1007, #1675 ) ;
#2458 = SURFACE_STYLE_FILL_AREA ( #2510 ) ;
#2459 = CARTESIAN_POINT ( 'NONE',  ( 11.38826507993728221, 1.538505424164598729E-15, 0.0000000000000000000 ) ) ;
#2460 = CARTESIAN_POINT ( 'NONE',  ( 9.388265079937282209, 1.538505424164598729E-15, 0.0000000000000000000 ) ) ;
#2461 = DIRECTION ( 'NONE',  ( -1.000000000000000000, -1.224606353822377258E-16, -0.0000000000000000000 ) ) ;
#2462 = VERTEX_POINT ( 'NONE', #1300 ) ;
#2463 = CARTESIAN_POINT ( 'NONE',  ( 15.00000000000000000, -2.445500000000000451, 3.334407072378458145E-16 ) ) ;
#2464 = ORIENTED_EDGE ( 'NONE', *, *, #3193, .T. ) ;
#2465 = DIRECTION ( 'NONE',  ( -1.000000000000000000, -0.0000000000000000000, -0.0000000000000000000 ) ) ;
#2466 = ORIENTED_EDGE ( 'NONE', *, *, #146, .F. ) ;
#2467 = CARTESIAN_POINT ( 'NONE',  ( 6.249999999999998224, 3.673940397441951893E-16, -2.999999999999912070 ) ) ;
#2468 = EDGE_LOOP ( 'NONE', ( #897, #159 ) ) ;
#2469 = DIRECTION ( 'NONE',  ( 0.0000000000000000000, -1.181994176819166043E-15, -1.000000000000000000 ) ) ;
#2470 = EDGE_CURVE ( 'NONE', #741, #1395, #2410, .T. ) ;
#2471 = AXIS2_PLACEMENT_3D ( 'NONE', #2472, #2845, #1622 ) ;
#2472 = CARTESIAN_POINT ( 'NONE',  ( 19.61173492006271246, 1.443411047392888001E-15, 0.0000000000000000000 ) ) ;
#2473 = CARTESIAN_POINT ( 'NONE',  ( 14.38826507993728399, 1.538505424164598729E-15, 0.0000000000000000000 ) ) ;
#2474 = ORIENTED_EDGE ( 'NONE', *, *, #757, .F. ) ;
#2475 = ORIENTED_EDGE ( 'NONE', *, *, #737, .F. ) ;
#2476 = AXIS2_PLACEMENT_3D ( 'NONE', #2217, #2763, #2560 ) ;
#2477 = CARTESIAN_POINT ( 'NONE',  ( 9.388265079937282209, 3.000000000000003553, 0.0000000000000000000 ) ) ;
#2478 = ORIENTED_EDGE ( 'NONE', *, *, #2706, .T. ) ;
#2479 = VERTEX_POINT ( 'NONE', #71 ) ;
#2480 = CIRCLE ( 'NONE', #2294, 3.000000000000001776 ) ;
#2481 = VERTEX_POINT ( 'NONE', #834 ) ;
#2482 = ORIENTED_EDGE ( 'NONE', *, *, #103, .F. ) ;
#2483 = CARTESIAN_POINT ( 'NONE',  ( 3.000000000000000000, 2.935248768560056565, -1.647987302177966740E-14 ) ) ;
#2484 = DIRECTION ( 'NONE',  ( -1.000000000000000000, -1.224606353822377258E-16, -0.0000000000000000000 ) ) ;
#2485 = LINE ( 'NONE', #1318, #1824 ) ;
#2486 = AXIS2_PLACEMENT_3D ( 'NONE', #2701, #2515, #1653 ) ;
#2487 = DIRECTION ( 'NONE',  ( 0.0000000000000000000, -0.4999999999999989453, 0.8660254037844392627 ) ) ;
#2488 = ORIENTED_EDGE ( 'NONE', *, *, #2015, .T. ) ;
#2489 = CARTESIAN_POINT ( 'NONE',  ( 18.38826507993728399, 1.538505424164598729E-15, 0.0000000000000000000 ) ) ;
#2490 = ORIENTED_EDGE ( 'NONE', *, *, #2729, .T. ) ;
#2491 = CARTESIAN_POINT ( 'NONE',  ( 19.00000000000000000, -2.445500000000000451, 0.0000000000000000000 ) ) ;
#2492 = CIRCLE ( 'NONE', #3071, 2.445500000000001783 ) ;
#2493 = EDGE_CURVE ( 'NONE', #906, #1354, #1241, .T. ) ;
#2494 = DIRECTION ( 'NONE',  ( 0.0000000000000000000, -1.000000000000000000, 1.181994176819166438E-15 ) ) ;
#2495 = AXIS2_PLACEMENT_3D ( 'NONE', #1388, #1722, #2525 ) ;
#2496 = ORIENTED_EDGE ( 'NONE', *, *, #2102, .F. ) ;
#2497 = DIRECTION ( 'NONE',  ( -1.000000000000000000, -1.224606353822377258E-16, -0.0000000000000000000 ) ) ;
#2498 = CARTESIAN_POINT ( 'NONE',  ( 8.611734920062710685, 1.443411047392888001E-15, 0.0000000000000000000 ) ) ;
#2499 = CARTESIAN_POINT ( 'NONE',  ( 19.99999999999999645, -2.445500000000000451, 0.0000000000000000000 ) ) ;
#2500 = EDGE_CURVE ( 'NONE', #315, #1800, #2375, .T. ) ;
#2501 = ORIENTED_EDGE ( 'NONE', *, *, #2128, .T. ) ;
#2502 = CARTESIAN_POINT ( 'NONE',  ( 13.99999999999999822, 2.445500000000003116, 2.994873747314854943E-16 ) ) ;
#2503 = CARTESIAN_POINT ( 'NONE',  ( 3.000000000000000000, -1.467624384280030281, -2.542000000000009585 ) ) ;
#2504 = ORIENTED_EDGE ( 'NONE', *, *, #2645, .T. ) ;
#2505 = CARTESIAN_POINT ( 'NONE',  ( 6.249999999999998224, 0.0000000000000000000, 0.0000000000000000000 ) ) ;
#2506 = LINE ( 'NONE', #2532, #1696 ) ;
#2507 = ORIENTED_EDGE ( 'NONE', *, *, #229, .T. ) ;
#2508 = DIRECTION ( 'NONE',  ( -1.000000000000000000, -1.224606353822377258E-16, -0.0000000000000000000 ) ) ;
#2509 = EDGE_LOOP ( 'NONE', ( #1642, #2672, #561, #785, #3082 ) ) ;
#2510 = FILL_AREA_STYLE ('',( #2867 ) ) ;
#2511 = DIRECTION ( 'NONE',  ( -1.000000000000000000, -1.224606353822377258E-16, -0.0000000000000000000 ) ) ;
#2512 = EDGE_CURVE ( 'NONE', #799, #2160, #1709, .T. ) ;
#2513 = CARTESIAN_POINT ( 'NONE',  ( 21.38826507993728399, -3.000000000000000000, 3.673940397442061840E-16 ) ) ;
#2514 = CONICAL_SURFACE ( 'NONE', #2674, 3.000000000000001776, 0.9599310885968824758 ) ;
#2515 = DIRECTION ( 'NONE',  ( 1.000000000000000000, 1.224606353822377258E-16, 0.0000000000000000000 ) ) ;
#2516 = ORIENTED_EDGE ( 'NONE', *, *, #1214, .T. ) ;
#2517 = VERTEX_POINT ( 'NONE', #13 ) ;
#2518 = DIRECTION ( 'NONE',  ( 0.0000000000000000000, 0.0000000000000000000, -1.000000000000000000 ) ) ;
#2519 = DIRECTION ( 'NONE',  ( 1.000000000000000000, 1.224606353822377258E-16, 0.0000000000000000000 ) ) ;
#2520 = ADVANCED_FACE ( 'NONE', ( #2187 ), #1028, .T. ) ;
#2521 = EDGE_LOOP ( 'NONE', ( #2974, #869, #283, #3236, #791 ) ) ;
#2522 = DIRECTION ( 'NONE',  ( -1.000000000000000000, -1.224606353822377258E-16, -0.0000000000000000000 ) ) ;
#2523 = CARTESIAN_POINT ( 'NONE',  ( 9.000000000000000000, 1.490958235778743760E-15, 0.0000000000000000000 ) ) ;
#2524 = EDGE_LOOP ( 'NONE', ( #163, #846, #3276, #1810, #885 ) ) ;
#2525 = DIRECTION ( 'NONE',  ( 0.0000000000000000000, -1.000000000000000000, 0.0000000000000000000 ) ) ;
#2526 = CIRCLE ( 'NONE', #3042, 3.000000000000001332 ) ;
#2527 = CARTESIAN_POINT ( 'NONE',  ( 3.000000000000000000, -1.467624384280030281, -2.542000000000009585 ) ) ;
#2528 = ORIENTED_EDGE ( 'NONE', *, *, #2166, .F. ) ;
#2529 = ORIENTED_EDGE ( 'NONE', *, *, #15, .T. ) ;
#2530 = DIRECTION ( 'NONE',  ( 0.0000000000000000000, -1.000000000000000000, 0.0000000000000000000 ) ) ;
#2531 = ORIENTED_EDGE ( 'NONE', *, *, #1856, .T. ) ;
#2532 = CARTESIAN_POINT ( 'NONE',  ( -31.74999999999995737, 0.0000000000000000000, 2.999999999999912070 ) ) ;
#2533 = AXIS2_PLACEMENT_3D ( 'NONE', #2241, #1982, #3170 ) ;
#2534 = DIRECTION ( 'NONE',  ( -1.000000000000000000, -1.224606353822377258E-16, -0.0000000000000000000 ) ) ;
#2535 = EDGE_LOOP ( 'NONE', ( #488, #1096, #1172 ) ) ;
#2536 = ORIENTED_EDGE ( 'NONE', *, *, #3213, .F. ) ;
#2537 = AXIS2_PLACEMENT_3D ( 'NONE', #667, #2689, #1502 ) ;
#2538 = DIRECTION ( 'NONE',  ( 0.0000000000000000000, 1.000000000000000000, 0.0000000000000000000 ) ) ;
#2539 = CARTESIAN_POINT ( 'NONE',  ( 0.3000000000000016542, 0.0000000000000000000, 0.0000000000000000000 ) ) ;
#2540 = ADVANCED_FACE ( 'NONE', ( #2215 ), #984, .T. ) ;
#2541 = ORIENTED_EDGE ( 'NONE', *, *, #2205, .F. ) ;
#2542 = DIRECTION ( 'NONE',  ( -1.000000000000000000, -1.224606353822377258E-16, -0.0000000000000000000 ) ) ;
#2543 = EDGE_CURVE ( 'NONE', #1800, #3250, #1020, .T. ) ;
#2544 = ORIENTED_EDGE ( 'NONE', *, *, #727, .F. ) ;
#2545 = CARTESIAN_POINT ( 'NONE',  ( 17.00000000000000000, 1.490958235778743760E-15, 0.0000000000000000000 ) ) ;
#2546 = ORIENTED_EDGE ( 'NONE', *, *, #969, .F. ) ;
#2547 = EDGE_CURVE ( 'NONE', #431, #3183, #914, .T. ) ;
#2548 = ORIENTED_EDGE ( 'NONE', *, *, #851, .T. ) ;
#2549 = DIRECTION ( 'NONE',  ( -1.000000000000000000, -0.0000000000000000000, -0.0000000000000000000 ) ) ;
#2550 = CYLINDRICAL_SURFACE ( 'NONE', #3023, 2.999999999999912070 ) ;
#2551 = EDGE_CURVE ( 'NONE', #1681, #1495, #1070, .T. ) ;
#2552 = EDGE_CURVE ( 'NONE', #1751, #2612, #982, .T. ) ;
#2553 = VERTEX_POINT ( 'NONE', #3130 ) ;
#2554 = DIRECTION ( 'NONE',  ( 0.0000000000000000000, -1.000000000000000000, 0.0000000000000000000 ) ) ;
#2555 = CARTESIAN_POINT ( 'NONE',  ( 12.00000000000000000, -2.445500000000000451, 3.334407072378458145E-16 ) ) ;
#2556 = EDGE_CURVE ( 'NONE', #2384, #3106, #1047, .T. ) ;
#2557 = MECHANICAL_DESIGN_GEOMETRIC_PRESENTATION_REPRESENTATION (  '', ( #495 ), #2582 ) ;
#2558 = ORIENTED_EDGE ( 'NONE', *, *, #1462, .F. ) ;
#2559 = CARTESIAN_POINT ( 'NONE',  ( 12.61173492006271069, 3.673940397441631418E-16, -3.000000000000001332 ) ) ;
#2560 = DIRECTION ( 'NONE',  ( 0.0000000000000000000, -1.000000000000000000, 0.0000000000000000000 ) ) ;
#2561 = AXIS2_PLACEMENT_3D ( 'NONE', #2937, #2842, #2407 ) ;
#2562 = ORIENTED_EDGE ( 'NONE', *, *, #718, .F. ) ;
#2563 = ORIENTED_EDGE ( 'NONE', *, *, #409, .F. ) ;
#2564 = AXIS2_PLACEMENT_3D ( 'NONE', #1953, #3269, #3152 ) ;
#2565 = AXIS2_PLACEMENT_3D ( 'NONE', #323, #829, #793 ) ;
#2566 = CARTESIAN_POINT ( 'NONE',  ( 9.999999999999998224, 2.445500000000003116, 2.994873747314854943E-16 ) ) ;
#2567 = ORIENTED_EDGE ( 'NONE', *, *, #704, .T. ) ;
#2568 = ORIENTED_EDGE ( 'NONE', *, *, #1374, .T. ) ;
#2569 = CARTESIAN_POINT ( 'NONE',  ( -31.74999999999995737, 0.0000000000000000000, 0.0000000000000000000 ) ) ;
#2570 = EDGE_CURVE ( 'NONE', #1584, #1660, #976, .T. ) ;
#2571 = VERTEX_POINT ( 'NONE', #2064 ) ;
#2572 = CARTESIAN_POINT ( 'NONE',  ( 19.38826507993728043, 1.538505424164598729E-15, 0.0000000000000000000 ) ) ;
#2573 = CIRCLE ( 'NONE', #273, 2.445500000000001783 ) ;
#2574 = DIRECTION ( 'NONE',  ( 1.000000000000000000, 1.224606353822377258E-16, 0.0000000000000000000 ) ) ;
#2575 = ORIENTED_EDGE ( 'NONE', *, *, #3278, .F. ) ;
#2576 = DIRECTION ( 'NONE',  ( 0.0000000000000000000, 0.0000000000000000000, 1.000000000000000000 ) ) ;
#2577 = CIRCLE ( 'NONE', #2785, 3.000000000000001332 ) ;
#2578 = CARTESIAN_POINT ( 'NONE',  ( 9.388265079937282209, -4.622231866529366047E-29, 3.000000000000001776 ) ) ;
#2579 = ORIENTED_EDGE ( 'NONE', *, *, #2811, .T. ) ;
#2580 = EDGE_CURVE ( 'NONE', #1845, #1060, #964, .T. ) ;
#2581 = CARTESIAN_POINT ( 'NONE',  ( 20.99999999999999645, 2.445500000000003116, 2.994873747314854943E-16 ) ) ;
#2582 =( GEOMETRIC_REPRESENTATION_CONTEXT ( 3 ) GLOBAL_UNCERTAINTY_ASSIGNED_CONTEXT ( ( #1857 ) ) GLOBAL_UNIT_ASSIGNED_CONTEXT ( ( #401, #552, #305 ) ) REPRESENTATION_CONTEXT ( 'NONE', 'WORKASPACE' ) );
#2583 = ORIENTED_EDGE ( 'NONE', *, *, #563, .F. ) ;
#2584 = ORIENTED_EDGE ( 'NONE', *, *, #563, .T. ) ;
#2585 = DIRECTION ( 'NONE',  ( 0.0000000000000000000, -1.000000000000000000, 0.0000000000000000000 ) ) ;
#2586 = CARTESIAN_POINT ( 'NONE',  ( 15.61173492006271246, 1.443411047392888001E-15, 0.0000000000000000000 ) ) ;
#2587 = AXIS2_PLACEMENT_3D ( 'NONE', #433, #1371, #2518 ) ;
#2588 = AXIS2_PLACEMENT_3D ( 'NONE', #2300, #1760, #2734 ) ;
#2589 = CARTESIAN_POINT ( 'NONE',  ( 3.000000000000000000, -1.467624384280023397, 2.541999999999986937 ) ) ;
#2590 = EDGE_CURVE ( 'NONE', #741, #2022, #958, .T. ) ;
#2591 = ORIENTED_EDGE ( 'NONE', *, *, #2342, .T. ) ;
#2592 = CARTESIAN_POINT ( 'NONE',  ( 14.61173492006271069, 1.443411047392888001E-15, 0.0000000000000000000 ) ) ;
#2593 = VERTEX_POINT ( 'NONE', #1056 ) ;
#2594 = FACE_OUTER_BOUND ( 'NONE', #2524, .T. ) ;
#2595 = DIRECTION ( 'NONE',  ( -1.000000000000000000, -1.224606353822377258E-16, -0.0000000000000000000 ) ) ;
#2596 = DIRECTION ( 'NONE',  ( 0.0000000000000000000, -1.000000000000000000, 0.0000000000000000000 ) ) ;
#2597 = CYLINDRICAL_SURFACE ( 'NONE', #471, 5.000000000000000000 ) ;
#2598 = AXIS2_PLACEMENT_3D ( 'NONE', #2592, #921, #1303 ) ;
#2599 = CYLINDRICAL_SURFACE ( 'NONE', #3229, 2.999999999999912070 ) ;
#2600 = VERTEX_POINT ( 'NONE', #1330 ) ;
#2601 = CARTESIAN_POINT ( 'NONE',  ( 19.61173492006271246, -2.999999999999994227, 0.0000000000000000000 ) ) ;
#2602 = EDGE_CURVE ( 'NONE', #2610, #526, #960, .T. ) ;
#2603 = STYLED_ITEM ( 'NONE', ( #2849 ), #2520 ) ;
#2604 = DIRECTION ( 'NONE',  ( -1.000000000000000000, -1.224606353822377258E-16, -0.0000000000000000000 ) ) ;
#2605 = CIRCLE ( 'NONE', #2435, 3.000000000000001332 ) ;
#2606 = ADVANCED_FACE ( 'NONE', ( #933 ), #860, .T. ) ;
#2607 = DIRECTION ( 'NONE',  ( 0.0000000000000000000, 1.000000000000000000, 0.0000000000000000000 ) ) ;
#2608 = DIRECTION ( 'NONE',  ( -1.000000000000000000, -1.224606353822377258E-16, -0.0000000000000000000 ) ) ;
#2609 = AXIS2_PLACEMENT_3D ( 'NONE', #2278, #1373, #734 ) ;
#2610 = VERTEX_POINT ( 'NONE', #3192 ) ;
#2611 = CARTESIAN_POINT ( 'NONE',  ( 18.38826507993728399, 3.000000000000003109, 0.0000000000000000000 ) ) ;
#2612 = VERTEX_POINT ( 'NONE', #3209 ) ;
#2613 = ORIENTED_EDGE ( 'NONE', *, *, #1049, .F. ) ;
#2614 = ORIENTED_EDGE ( 'NONE', *, *, #183, .F. ) ;
#2615 = AXIS2_PLACEMENT_3D ( 'NONE', #1052, #1750, #700 ) ;
#2616 = EDGE_LOOP ( 'NONE', ( #1107, #1390, #2722, #456, #1170 ) ) ;
#2617 = DIRECTION ( 'NONE',  ( 0.0000000000000000000, 0.0000000000000000000, 1.000000000000000000 ) ) ;
#2618 = ORIENTED_EDGE ( 'NONE', *, *, #1496, .F. ) ;
#2619 = CARTESIAN_POINT ( 'NONE',  ( 13.61173492006271069, 3.673940397441633390E-16, -3.000000000000001332 ) ) ;
#2620 = CIRCLE ( 'NONE', #1804, 3.000000000000001332 ) ;
#2621 = DIRECTION ( 'NONE',  ( -1.000000000000000000, -0.0000000000000000000, -0.0000000000000000000 ) ) ;
#2622 = AXIS2_PLACEMENT_3D ( 'NONE', #2624, #1335, #1259 ) ;
#2623 = CIRCLE ( 'NONE', #1614, 3.000000000000001332 ) ;
#2624 = CARTESIAN_POINT ( 'NONE',  ( -31.74999999999995737, 0.0000000000000000000, 0.0000000000000000000 ) ) ;
#2625 = ORIENTED_EDGE ( 'NONE', *, *, #1319, .F. ) ;
#2626 = LINE ( 'NONE', #2107, #604 ) ;
#2627 = CARTESIAN_POINT ( 'NONE',  ( 18.00000000000000355, 1.490958235778743760E-15, 0.0000000000000000000 ) ) ;
#2628 = DIRECTION ( 'NONE',  ( -1.000000000000000000, -1.224606353822377258E-16, -0.0000000000000000000 ) ) ;
#2629 = CARTESIAN_POINT ( 'NONE',  ( 12.00000000000000000, -2.445500000000000451, 0.0000000000000000000 ) ) ;
#2630 = DIRECTION ( 'NONE',  ( -1.000000000000000000, -1.224606353822377258E-16, -0.0000000000000000000 ) ) ;
#2631 = DIRECTION ( 'NONE',  ( -1.000000000000000000, -1.224606353822377258E-16, -0.0000000000000000000 ) ) ;
#2632 = VERTEX_POINT ( 'NONE', #2555 ) ;
#2633 = CARTESIAN_POINT ( 'NONE',  ( 11.61173492006271246, 3.000000000000003109, 3.673940397442061840E-16 ) ) ;
#2634 = DIRECTION ( 'NONE',  ( -1.000000000000000000, -1.224606353822377258E-16, -0.0000000000000000000 ) ) ;
#2635 = AXIS2_PLACEMENT_3D ( 'NONE', #1469, #2519, #328 ) ;
#2636 = AXIS2_PLACEMENT_3D ( 'NONE', #2483, #50, #1615 ) ;
#2637 = ORIENTED_EDGE ( 'NONE', *, *, #2827, .T. ) ;
#2638 = DIRECTION ( 'NONE',  ( 0.0000000000000000000, -1.000000000000000000, 0.0000000000000000000 ) ) ;
#2639 = DIRECTION ( 'NONE',  ( -1.000000000000000000, -0.0000000000000000000, -0.0000000000000000000 ) ) ;
#2640 = DIRECTION ( 'NONE',  ( 0.5735764363510450492, 0.8191520442889925757, 0.0000000000000000000 ) ) ;
#2641 = VECTOR ( 'NONE', #2751, 1000.000000000000114 ) ;
#2642 = ORIENTED_EDGE ( 'NONE', *, *, #196, .F. ) ;
#2643 = CARTESIAN_POINT ( 'NONE',  ( 22.00000000000000000, 2.445500000000000007, 0.0000000000000000000 ) ) ;
#2644 = CARTESIAN_POINT ( 'NONE',  ( 16.38826507993728043, 1.538505424164598729E-15, 0.0000000000000000000 ) ) ;
#2645 = EDGE_CURVE ( 'NONE', #1510, #1331, #939, .T. ) ;
#2646 =( NAMED_UNIT ( * ) PLANE_ANGLE_UNIT ( ) SI_UNIT ( $, .RADIAN. ) );
#2647 = ORIENTED_EDGE ( 'NONE', *, *, #1392, .T. ) ;
#2648 = DIRECTION ( 'NONE',  ( 0.0000000000000000000, 1.000000000000000000, 0.0000000000000000000 ) ) ;
#2649 = CIRCLE ( 'NONE', #1446, 3.000000000000001776 ) ;
#2650 = AXIS2_PLACEMENT_3D ( 'NONE', #1422, #1582, #2270 ) ;
#2651 = EDGE_CURVE ( 'NONE', #3217, #1711, #841, .T. ) ;
#2652 = CARTESIAN_POINT ( 'NONE',  ( 3.000000000000000000, -2.935248768560054344, -9.974659986866640793E-15 ) ) ;
#2653 = DIRECTION ( 'NONE',  ( -1.000000000000000000, -0.0000000000000000000, -0.0000000000000000000 ) ) ;
#2654 = ORIENTED_EDGE ( 'NONE', *, *, #75, .T. ) ;
#2655 = CIRCLE ( 'NONE', #2471, 3.000000000000001332 ) ;
#2656 = ORIENTED_EDGE ( 'NONE', *, *, #2500, .F. ) ;
#2657 = CARTESIAN_POINT ( 'NONE',  ( 17.61173492006270891, 1.443411047392888001E-15, 0.0000000000000000000 ) ) ;
#2658 = AXIS2_PLACEMENT_3D ( 'NONE', #663, #765, #1423 ) ;
#2659 = CIRCLE ( 'NONE', #8, 3.000000000000001332 ) ;
#2660 = FACE_OUTER_BOUND ( 'NONE', #788, .T. ) ;
#2661 = EDGE_CURVE ( 'NONE', #461, #695, #928, .T. ) ;
#2662 = AXIS2_PLACEMENT_3D ( 'NONE', #2072, #1036, #189 ) ;
#2663 = CIRCLE ( 'NONE', #2109, 2.541999999999999815 ) ;
#2664 = DIRECTION ( 'NONE',  ( 0.0000000000000000000, -1.000000000000000000, 0.0000000000000000000 ) ) ;
#2665 = FACE_OUTER_BOUND ( 'NONE', #3154, .T. ) ;
#2666 = ADVANCED_BREP_SHAPE_REPRESENTATION ( 'M6X16', ( #3030, #1546 ), #265 ) ;
#2667 = CYLINDRICAL_SURFACE ( 'NONE', #1364, 2.999999999999912070 ) ;
#2668 = AXIS2_PLACEMENT_3D ( 'NONE', #3008, #840, #2090 ) ;
#2669 = CIRCLE ( 'NONE', #2662, 3.000000000000001776 ) ;
#2670 = DIRECTION ( 'NONE',  ( 0.0000000000000000000, -1.000000000000000000, 0.0000000000000000000 ) ) ;
#2671 = CARTESIAN_POINT ( 'NONE',  ( 9.999999999999998224, 1.490958235778743760E-15, 0.0000000000000000000 ) ) ;
#2672 = ORIENTED_EDGE ( 'NONE', *, *, #452, .T. ) ;
#2673 = CARTESIAN_POINT ( 'NONE',  ( 0.3000000000000016542, 6.123233995736766282E-16, -5.000000000000000000 ) ) ;
#2674 = AXIS2_PLACEMENT_3D ( 'NONE', #1820, #1087, #2069 ) ;
#2675 = CARTESIAN_POINT ( 'NONE',  ( 8.611734920062710685, 3.673940397441633390E-16, -3.000000000000001332 ) ) ;
#2676 = ORIENTED_EDGE ( 'NONE', *, *, #3068, .F. ) ;
#2677 = ORIENTED_EDGE ( 'NONE', *, *, #1445, .T. ) ;
#2678 = DIRECTION ( 'NONE',  ( -1.000000000000000000, -1.224606353822377258E-16, -0.0000000000000000000 ) ) ;
#2679 = CARTESIAN_POINT ( 'NONE',  ( 3.000000000000000000, 4.402873152840080628, -2.542000000000016691 ) ) ;
#2680 = ORIENTED_EDGE ( 'NONE', *, *, #15, .F. ) ;
#2681 = CARTESIAN_POINT ( 'NONE',  ( 20.38826507993728043, -4.602972567085493689E-29, 3.000000000000001776 ) ) ;
#2682 = CYLINDRICAL_SURFACE ( 'NONE', #1257, 2.999999999999912070 ) ;
#2683 = DIRECTION ( 'NONE',  ( 0.5735764363510452712, -0.8191520442889924647, 1.003171929053525610E-16 ) ) ;
#2684 = DIRECTION ( 'NONE',  ( 0.0000000000000000000, -1.000000000000000000, 0.0000000000000000000 ) ) ;
#2685 = DIRECTION ( 'NONE',  ( -1.000000000000000000, -0.0000000000000000000, -0.0000000000000000000 ) ) ;
#2686 = EDGE_LOOP ( 'NONE', ( #297, #891, #2892, #2001, #1698, #1917 ) ) ;
#2687 = CONICAL_SURFACE ( 'NONE', #3028, 2.445500000000001783, 0.9599310885968758145 ) ;
#2688 = ORIENTED_EDGE ( 'NONE', *, *, #3242, .F. ) ;
#2689 = DIRECTION ( 'NONE',  ( -1.000000000000000000, -0.0000000000000000000, -0.0000000000000000000 ) ) ;
#2690 = VECTOR ( 'NONE', #2846, 1000.000000000000114 ) ;
#2691 = AXIS2_PLACEMENT_3D ( 'NONE', #2374, #2685, #2899 ) ;
#2692 = AXIS2_PLACEMENT_3D ( 'NONE', #2505, #1646, #469 ) ;
#2693 = ORIENTED_EDGE ( 'NONE', *, *, #1102, .F. ) ;
#2694 = CARTESIAN_POINT ( 'NONE',  ( -31.74999999999995737, 0.0000000000000000000, 0.0000000000000000000 ) ) ;
#2695 = CARTESIAN_POINT ( 'NONE',  ( 17.61173492006270891, 3.673940397441631418E-16, -3.000000000000001332 ) ) ;
#2696 = ORIENTED_EDGE ( 'NONE', *, *, #571, .F. ) ;
#2697 = DIRECTION ( 'NONE',  ( -1.000000000000000000, -1.224606353822377258E-16, -0.0000000000000000000 ) ) ;
#2698 = DIRECTION ( 'NONE',  ( 0.0000000000000000000, 1.000000000000000000, 0.0000000000000000000 ) ) ;
#2699 = ORIENTED_EDGE ( 'NONE', *, *, #662, .T. ) ;
#2700 = EDGE_CURVE ( 'NONE', #2946, #331, #825, .T. ) ;
#2701 = CARTESIAN_POINT ( 'NONE',  ( 14.38826507993728399, 1.538505424164598729E-15, 0.0000000000000000000 ) ) ;
#2702 = CARTESIAN_POINT ( 'NONE',  ( 12.61173492006271069, -2.999999999999999556, 0.0000000000000000000 ) ) ;
#2703 = CARTESIAN_POINT ( 'NONE',  ( 6.249999999999998224, 0.0000000000000000000, 2.999999999999912070 ) ) ;
#2704 = ORIENTED_EDGE ( 'NONE', *, *, #3127, .F. ) ;
#2705 = CIRCLE ( 'NONE', #2953, 3.000000000000001332 ) ;
#2706 = EDGE_CURVE ( 'NONE', #1193, #255, #817, .T. ) ;
#2707 =( NAMED_UNIT ( * ) SI_UNIT ( $, .STERADIAN. ) SOLID_ANGLE_UNIT ( ) );
#2708 = CIRCLE ( 'NONE', #1762, 5.000000000000000000 ) ;
#2709 = ORIENTED_EDGE ( 'NONE', *, *, #1651, .F. ) ;
#2710 = EDGE_CURVE ( 'NONE', #1321, #1208, #918, .T. ) ;
#2711 = VECTOR ( 'NONE', #2640, 1000.000000000000000 ) ;
#2712 = DIRECTION ( 'NONE',  ( 0.0000000000000000000, 1.000000000000000000, -1.224646799147353207E-16 ) ) ;
#2713 = CARTESIAN_POINT ( 'NONE',  ( 19.00000000000000000, 2.445500000000003116, 2.994873747314854943E-16 ) ) ;
#2714 = VECTOR ( 'NONE', #2800, 1000.000000000000000 ) ;
#2715 = DIRECTION ( 'NONE',  ( 0.0000000000000000000, 0.0000000000000000000, 1.000000000000000000 ) ) ;
#2716 = ORIENTED_EDGE ( 'NONE', *, *, #773, .F. ) ;
#2717 = CARTESIAN_POINT ( 'NONE',  ( 20.38826507993728043, 3.000000000000003553, 0.0000000000000000000 ) ) ;
#2718 = LINE ( 'NONE', #1531, #1654 ) ;
#2719 = CARTESIAN_POINT ( 'NONE',  ( 15.61173492006271246, 1.443411047392888001E-15, 0.0000000000000000000 ) ) ;
#2720 = FACE_OUTER_BOUND ( 'NONE', #1184, .T. ) ;
#2721 = ADVANCED_FACE ( 'NONE', ( #769 ), #668, .T. ) ;
#2722 = ORIENTED_EDGE ( 'NONE', *, *, #1797, .T. ) ;
#2723 = DIRECTION ( 'NONE',  ( 0.0000000000000000000, -1.000000000000000000, 0.0000000000000000000 ) ) ;
#2724 = DIRECTION ( 'NONE',  ( 0.0000000000000000000, 0.0000000000000000000, 1.000000000000000000 ) ) ;
#2725 = EDGE_CURVE ( 'NONE', #438, #431, #675, .T. ) ;
#2726 = EDGE_LOOP ( 'NONE', ( #575, #2893, #2824, #1269, #2504 ) ) ;
#2727 = CARTESIAN_POINT ( 'NONE',  ( 18.61173492006271246, 1.443411047392888001E-15, 0.0000000000000000000 ) ) ;
#2728 = DIRECTION ( 'NONE',  ( -1.000000000000000000, -0.0000000000000000000, -0.0000000000000000000 ) ) ;
#2729 = EDGE_CURVE ( 'NONE', #1690, #1385, #714, .T. ) ;
#2730 = CONICAL_SURFACE ( 'NONE', #1413, 3.000000000000001776, 0.9599310885968824758 ) ;
#2731 = DIRECTION ( 'NONE',  ( 1.000000000000000000, 0.0000000000000000000, 0.0000000000000000000 ) ) ;
#2732 = CARTESIAN_POINT ( 'NONE',  ( -31.74999999999995737, 3.673940397441951893E-16, -2.999999999999912070 ) ) ;
#2733 = PRODUCT_CONTEXT ( 'NONE', #2061, 'mechanical' ) ;
#2734 = DIRECTION ( 'NONE',  ( 0.0000000000000000000, 0.0000000000000000000, 1.000000000000000000 ) ) ;
#2735 = CARTESIAN_POINT ( 'NONE',  ( 0.0000000000000000000, -1.467624384280030281, -2.542000000000009585 ) ) ;
#2736 = ORIENTED_EDGE ( 'NONE', *, *, #3213, .T. ) ;
#2737 = EDGE_CURVE ( 'NONE', #3086, #2092, #681, .T. ) ;
#2738 = CLOSED_SHELL ( 'NONE', ( #2520, #2835, #3059, #3235, #349, #3055, #2929, #330, #1186, #1487, #2012, #2961, #405, #2783, #3147, #2248, #2004, #1591, #3092, #1142, #271, #2721, #962, #2008, #738, #199, #89, #2057, #2606, #2766, #2967, #2155, #1013, #2130, #1191, #758, #1883, #2408, #1754, #3185, #1237, #1336, #1887, #2966, #2948, #519, #1988, #473, #445, #467, #3190, #142, #1600, #1267, #2227, #309, #2208, #2259, #1513, #2076, #859, #764, #1401, #1888, #2311, #3257, #2132, #772, #3232, #3024, #2264, #2355, #707, #2200, #1971, #1261, #2051, #18, #2292, #1907, #1809, #2540, #25, #2745, #1771, #2818, #1437, #1668, #3053, #2809, #158, #2103, #1430, #1706, #1616, #1605, #3199, #31, #391, #601, #2158, #365, #2150, #971, #1399 ) ) ;
#2739 = DIRECTION ( 'NONE',  ( 0.0000000000000000000, -1.000000000000000000, 0.0000000000000000000 ) ) ;
#2740 = CARTESIAN_POINT ( 'NONE',  ( -31.74999999999995737, 0.0000000000000000000, 0.0000000000000000000 ) ) ;
#2741 = FACE_OUTER_BOUND ( 'NONE', #1046, .T. ) ;
#2742 = EDGE_LOOP ( 'NONE', ( #1029, #2618, #2507, #398, #1648 ) ) ;
#2743 = ORIENTED_EDGE ( 'NONE', *, *, #1797, .F. ) ;
#2744 = CONICAL_SURFACE ( 'NONE', #2486, 3.000000000000001776, 0.9599310885968824758 ) ;
#2745 = ADVANCED_FACE ( 'NONE', ( #685 ), #536, .T. ) ;
#2746 = DIRECTION ( 'NONE',  ( 0.0000000000000000000, -1.000000000000000000, 0.0000000000000000000 ) ) ;
#2747 = ORIENTED_EDGE ( 'NONE', *, *, #2989, .F. ) ;
#2748 = ORIENTED_EDGE ( 'NONE', *, *, #554, .T. ) ;
#2749 = ORIENTED_EDGE ( 'NONE', *, *, #2431, .T. ) ;
#2750 = DIRECTION ( 'NONE',  ( 0.5735764363510452712, -0.8191520442889924647, 1.003171929053525610E-16 ) ) ;
#2751 = DIRECTION ( 'NONE',  ( -0.5735764363510503783, -0.8191520442889886899, 0.0000000000000000000 ) ) ;
#2752 = EDGE_CURVE ( 'NONE', #2162, #1254, #570, .T. ) ;
#2753 = ORIENTED_EDGE ( 'NONE', *, *, #1746, .T. ) ;
#2754 = DIRECTION ( 'NONE',  ( 0.0000000000000000000, 1.000000000000000000, 0.0000000000000000000 ) ) ;
#2755 = DIRECTION ( 'NONE',  ( -0.0000000000000000000, 0.0000000000000000000, 1.000000000000000000 ) ) ;
#2756 = CYLINDRICAL_SURFACE ( 'NONE', #2691, 2.999999999999912070 ) ;
#2757 = ORIENTED_EDGE ( 'NONE', *, *, #332, .F. ) ;
#2758 = EDGE_CURVE ( 'NONE', #130, #1254, #666, .T. ) ;
#2759 = DIRECTION ( 'NONE',  ( 0.0000000000000000000, -1.000000000000000000, 0.0000000000000000000 ) ) ;
#2760 = ORIENTED_EDGE ( 'NONE', *, *, #1405, .F. ) ;
#2761 = DIRECTION ( 'NONE',  ( 0.5735764363510452712, -0.8191520442889924647, 1.003171929053525610E-16 ) ) ;
#2762 = CONICAL_SURFACE ( 'NONE', #241, 2.445500000000001783, 0.9599310885968758145 ) ;
#2763 = DIRECTION ( 'NONE',  ( -1.000000000000000000, -1.224606353822377258E-16, -0.0000000000000000000 ) ) ;
#2764 = DIRECTION ( 'NONE',  ( -1.000000000000000000, -1.224606353822377258E-16, -0.0000000000000000000 ) ) ;
#2765 = VECTOR ( 'NONE', #3188, 1000.000000000000000 ) ;
#2766 = ADVANCED_FACE ( 'NONE', ( #585 ), #503, .T. ) ;
#2767 = PLANE ( 'NONE',  #2265 ) ;
#2768 = ORIENTED_EDGE ( 'NONE', *, *, #457, .T. ) ;
#2769 = DIRECTION ( 'NONE',  ( 0.0000000000000000000, 0.0000000000000000000, 1.000000000000000000 ) ) ;
#2770 = ORIENTED_EDGE ( 'NONE', *, *, #2128, .F. ) ;
#2771 = AXIS2_PLACEMENT_3D ( 'NONE', #1260, #2522, #152 ) ;
#2772 = ORIENTED_EDGE ( 'NONE', *, *, #2700, .F. ) ;
#2773 = ORIENTED_EDGE ( 'NONE', *, *, #1684, .T. ) ;
#2774 = DIRECTION ( 'NONE',  ( -1.000000000000000000, -1.224606353822377258E-16, -0.0000000000000000000 ) ) ;
#2775 = LINE ( 'NONE', #2491, #2942 ) ;
#2776 = PRESENTATION_STYLE_ASSIGNMENT (( #629 ) ) ;
#2777 = DIRECTION ( 'NONE',  ( 0.5735764363510452712, -0.8191520442889924647, 1.003171929053525610E-16 ) ) ;
#2778 = FACE_OUTER_BOUND ( 'NONE', #1695, .T. ) ;
#2779 = DIRECTION ( 'NONE',  ( -1.000000000000000000, -1.224606353822377258E-16, -0.0000000000000000000 ) ) ;
#2780 = DIRECTION ( 'NONE',  ( -1.000000000000000000, -1.224606353822377258E-16, -0.0000000000000000000 ) ) ;
#2781 = CARTESIAN_POINT ( 'NONE',  ( 0.0000000000000000000, 0.0000000000000000000, 0.0000000000000000000 ) ) ;
#2782 = VECTOR ( 'NONE', #1262, 1000.000000000000000 ) ;
#2783 = ADVANCED_FACE ( 'NONE', ( #767 ), #569, .T. ) ;
#2784 = VECTOR ( 'NONE', #227, 1000.000000000000000 ) ;
#2785 = AXIS2_PLACEMENT_3D ( 'NONE', #1970, #2764, #1202 ) ;
#2786 = CARTESIAN_POINT ( 'NONE',  ( 3.000000000000000000, -1.467624384280023397, 2.541999999999986937 ) ) ;
#2787 = AXIS2_PLACEMENT_3D ( 'NONE', #98, #2032, #709 ) ;
#2788 = EDGE_CURVE ( 'NONE', #2161, #827, #529, .T. ) ;
#2789 = CIRCLE ( 'NONE', #1790, 3.000000000000001332 ) ;
#2790 = CARTESIAN_POINT ( 'NONE',  ( 0.3000000000000016542, 0.0000000000000000000, 5.000000000000000000 ) ) ;
#2791 = ORIENTED_EDGE ( 'NONE', *, *, #2149, .F. ) ;
#2792 = CONICAL_SURFACE ( 'NONE', #528, 2.445500000000001783, 0.9599310885968758145 ) ;
#2793 = ORIENTED_EDGE ( 'NONE', *, *, #3256, .T. ) ;
#2794 = FACE_OUTER_BOUND ( 'NONE', #2434, .T. ) ;
#2795 = AXIS2_PLACEMENT_3D ( 'NONE', #2284, #2780, #1755 ) ;
#2796 = CARTESIAN_POINT ( 'NONE',  ( 20.61173492006271246, 1.443411047392888001E-15, 0.0000000000000000000 ) ) ;
#2797 = EDGE_LOOP ( 'NONE', ( #2770, #42, #1540, #243, #2273 ) ) ;
#2798 = DIRECTION ( 'NONE',  ( 0.0000000000000000000, -1.000000000000000000, 0.0000000000000000000 ) ) ;
#2799 = EDGE_CURVE ( 'NONE', #2992, #3076, #514, .T. ) ;
#2800 = DIRECTION ( 'NONE',  ( -1.000000000000000000, -0.0000000000000000000, -0.0000000000000000000 ) ) ;
#2801 = LINE ( 'NONE', #997, #3065 ) ;
#2802 =( LENGTH_UNIT ( ) NAMED_UNIT ( * ) SI_UNIT ( .MILLI., .METRE. ) );
#2803 = DIRECTION ( 'NONE',  ( 0.0000000000000000000, 1.000000000000000000, -1.329743448921562021E-15 ) ) ;
#2804 = ORIENTED_EDGE ( 'NONE', *, *, #2098, .F. ) ;
#2805 = EDGE_CURVE ( 'NONE', #1159, #2441, #517, .T. ) ;
#2806 = EDGE_LOOP ( 'NONE', ( #2680, #531, #2677, #2753, #217, #953 ) ) ;
#2807 = VECTOR ( 'NONE', #745, 1000.000000000000000 ) ;
#2808 = EDGE_CURVE ( 'NONE', #3165, #3273, #494, .T. ) ;
#2809 = ADVANCED_FACE ( 'NONE', ( #507 ), #412, .T. ) ;
#2810 = ORIENTED_EDGE ( 'NONE', *, *, #776, .T. ) ;
#2811 = EDGE_CURVE ( 'NONE', #3138, #407, #420, .T. ) ;
#2812 = ORIENTED_EDGE ( 'NONE', *, *, #2207, .F. ) ;
#2813 = LINE ( 'NONE', #2920, #2168 ) ;
#2814 = ORIENTED_EDGE ( 'NONE', *, *, #2874, .F. ) ;
#2815 = DIRECTION ( 'NONE',  ( -1.000000000000000000, -1.224606353822377258E-16, -0.0000000000000000000 ) ) ;
#2816 = DIRECTION ( 'NONE',  ( -1.000000000000000000, -0.0000000000000000000, -0.0000000000000000000 ) ) ;
#2817 = EDGE_CURVE ( 'NONE', #7, #2571, #423, .T. ) ;
#2818 = ADVANCED_FACE ( 'NONE', ( #434 ), #299, .T. ) ;
#2819 = ORIENTED_EDGE ( 'NONE', *, *, #993, .T. ) ;
#2820 = LINE ( 'NONE', #1586, #2029 ) ;
#2821 = ORIENTED_EDGE ( 'NONE', *, *, #1319, .T. ) ;
#2822 = FACE_OUTER_BOUND ( 'NONE', #2855, .T. ) ;
#2823 = CONICAL_SURFACE ( 'NONE', #1520, 2.445500000000001783, 0.9599310885968758145 ) ;
#2824 = ORIENTED_EDGE ( 'NONE', *, *, #2319, .T. ) ;
#2825 = CARTESIAN_POINT ( 'NONE',  ( 8.611734920062710685, -4.275564476539663594E-29, 3.000000000000001332 ) ) ;
#2826 = ORIENTED_EDGE ( 'NONE', *, *, #3017, .T. ) ;
#2827 = EDGE_CURVE ( 'NONE', #2164, #1061, #395, .T. ) ;
#2828 = LINE ( 'NONE', #864, #3014 ) ;
#2829 = CARTESIAN_POINT ( 'NONE',  ( 16.61173492006270891, 1.443411047392888001E-15, 0.0000000000000000000 ) ) ;
#2830 = ORIENTED_EDGE ( 'NONE', *, *, #229, .F. ) ;
#2831 = AXIS2_PLACEMENT_3D ( 'NONE', #2473, #2963, #2377 ) ;
#2832 = EDGE_CURVE ( 'NONE', #1922, #96, #451, .T. ) ;
#2833 = LINE ( 'NONE', #1181, #2898 ) ;
#2834 = EDGE_CURVE ( 'NONE', #909, #3041, #399, .T. ) ;
#2835 = ADVANCED_FACE ( 'NONE', ( #276 ), #223, .T. ) ;
#2836 = ORIENTED_EDGE ( 'NONE', *, *, #763, .F. ) ;
#2837 = VERTEX_POINT ( 'NONE', #587 ) ;
#2838 = EDGE_CURVE ( 'NONE', #3086, #2384, #248, .T. ) ;
#2839 = LINE ( 'NONE', #2916, #2714 ) ;
#2840 = EDGE_CURVE ( 'NONE', #1306, #3268, #290, .T. ) ;
#2841 = AXIS2_PLACEMENT_3D ( 'NONE', #1206, #3219, #368 ) ;
#2842 = DIRECTION ( 'NONE',  ( -1.000000000000000000, -1.224606353822377258E-16, -0.0000000000000000000 ) ) ;
#2843 = VERTEX_POINT ( 'NONE', #3015 ) ;
#2844 = FACE_OUTER_BOUND ( 'NONE', #475, .T. ) ;
#2845 = DIRECTION ( 'NONE',  ( -1.000000000000000000, -1.224606353822377258E-16, -0.0000000000000000000 ) ) ;
#2846 = DIRECTION ( 'NONE',  ( 0.0000000000000000000, -0.5000000000000011102, -0.8660254037844379305 ) ) ;
#2847 = CARTESIAN_POINT ( 'NONE',  ( -31.74999999999995737, 0.0000000000000000000, 0.0000000000000000000 ) ) ;
#2848 = AXIS2_PLACEMENT_3D ( 'NONE', #3111, #1640, #342 ) ;
#2849 = PRESENTATION_STYLE_ASSIGNMENT (( #260 ) ) ;
#2850 = EDGE_LOOP ( 'NONE', ( #2068, #839, #3178, #2819, #830 ) ) ;
#2851 = DIRECTION ( 'NONE',  ( -1.000000000000000000, -0.0000000000000000000, -0.0000000000000000000 ) ) ;
#2852 = CARTESIAN_POINT ( 'NONE',  ( 0.0000000000000000000, 1.467624384280032057, 2.541999999999982940 ) ) ;
#2853 = DIRECTION ( 'NONE',  ( -1.000000000000000000, -1.224606353822377258E-16, -0.0000000000000000000 ) ) ;
#2854 = DIRECTION ( 'NONE',  ( -1.000000000000000000, -0.0000000000000000000, -0.0000000000000000000 ) ) ;
#2855 = EDGE_LOOP ( 'NONE', ( #1497, #755, #2654, #1103, #2810 ) ) ;
#2856 = DIRECTION ( 'NONE',  ( 0.0000000000000000000, 0.0000000000000000000, 1.000000000000000000 ) ) ;
#2857 = CONICAL_SURFACE ( 'NONE', #1228, 2.445500000000001783, 0.9599310885968758145 ) ;
#2858 = VERTEX_POINT ( 'NONE', #2401 ) ;
#2859 = DIRECTION ( 'NONE',  ( 0.0000000000000000000, -1.000000000000000000, 0.0000000000000000000 ) ) ;
#2860 = CARTESIAN_POINT ( 'NONE',  ( -31.74999999999995737, 3.673940397441951893E-16, -2.999999999999912070 ) ) ;
#2861 = CARTESIAN_POINT ( 'NONE',  ( 19.38826507993728043, 1.538505424164598729E-15, 0.0000000000000000000 ) ) ;
#2862 = ORIENTED_EDGE ( 'NONE', *, *, #2602, .T. ) ;
#2863 = DIRECTION ( 'NONE',  ( 0.0000000000000000000, -1.000000000000000000, 0.0000000000000000000 ) ) ;
#2864 = CIRCLE ( 'NONE', #275, 3.000000000000001332 ) ;
#2865 = AXIS2_PLACEMENT_3D ( 'NONE', #1519, #497, #2724 ) ;
#2866 = PRODUCT_RELATED_PRODUCT_CATEGORY ( 'part', '', ( #655 ) ) ;
#2867 = FILL_AREA_STYLE_COLOUR ( '', #3096 ) ;
#2868 = CARTESIAN_POINT ( 'NONE',  ( 13.99999999999999822, 1.490958235778743760E-15, 0.0000000000000000000 ) ) ;
#2869 = SURFACE_STYLE_FILL_AREA ( #2350 ) ;
#2870 = EDGE_LOOP ( 'NONE', ( #134, #2647, #1072, #1557, #3013, #1687 ) ) ;
#2871 = EDGE_CURVE ( 'NONE', #1174, #2384, #237, .T. ) ;
#2872 = CARTESIAN_POINT ( 'NONE',  ( 3.000000000000000000, 0.0000000000000000000, 0.0000000000000000000 ) ) ;
#2873 = CARTESIAN_POINT ( 'NONE',  ( -31.74999999999995737, 0.0000000000000000000, 0.0000000000000000000 ) ) ;
#2874 = EDGE_CURVE ( 'NONE', #617, #2432, #220, .T. ) ;
#2875 = DIRECTION ( 'NONE',  ( -1.000000000000000000, -1.224606353822377258E-16, -0.0000000000000000000 ) ) ;
#2876 = VECTOR ( 'NONE', #1530, 1000.000000000000000 ) ;
#2877 = CARTESIAN_POINT ( 'NONE',  ( 13.00000000000000000, -2.445500000000000451, 3.334407072378458145E-16 ) ) ;
#2878 = ORIENTED_EDGE ( 'NONE', *, *, #2102, .T. ) ;
#2879 = DIRECTION ( 'NONE',  ( 0.0000000000000000000, 0.0000000000000000000, 1.000000000000000000 ) ) ;
#2880 = ORIENTED_EDGE ( 'NONE', *, *, #2805, .F. ) ;
#2881 = DIRECTION ( 'NONE',  ( 1.000000000000000000, 1.224606353822377258E-16, 0.0000000000000000000 ) ) ;
#2882 = ORIENTED_EDGE ( 'NONE', *, *, #1365, .F. ) ;
#2883 = EDGE_CURVE ( 'NONE', #861, #2593, #302, .T. ) ;
#2884 = CYLINDRICAL_SURFACE ( 'NONE', #277, 2.999999999999912070 ) ;
#2885 = ORIENTED_EDGE ( 'NONE', *, *, #1573, .T. ) ;
#2886 = PLANE ( 'NONE',  #2075 ) ;
#2887 = LINE ( 'NONE', #1240, #2362 ) ;
#2888 = DIRECTION ( 'NONE',  ( -0.5735764363510507113, 0.8191520442889885789, 1.003171929053520926E-16 ) ) ;
#2889 = ORIENTED_EDGE ( 'NONE', *, *, #2570, .F. ) ;
#2890 = ORIENTED_EDGE ( 'NONE', *, *, #146, .T. ) ;
#2891 = DIRECTION ( 'NONE',  ( 0.0000000000000000000, -1.000000000000000000, 0.0000000000000000000 ) ) ;
#2892 = ORIENTED_EDGE ( 'NONE', *, *, #1634, .T. ) ;
#2893 = ORIENTED_EDGE ( 'NONE', *, *, #165, .F. ) ;
#2894 = LINE ( 'NONE', #2052, #1143 ) ;
#2895 = CARTESIAN_POINT ( 'NONE',  ( 22.00000000000000000, 0.0000000000000000000, 0.0000000000000000000 ) ) ;
#2896 = DIRECTION ( 'NONE',  ( -1.000000000000000000, -1.224606353822377258E-16, -0.0000000000000000000 ) ) ;
#2897 = ORIENTED_EDGE ( 'NONE', *, *, #3105, .F. ) ;
#2898 = VECTOR ( 'NONE', #2750, 999.9999999999998863 ) ;
#2899 = DIRECTION ( 'NONE',  ( 0.0000000000000000000, 0.0000000000000000000, 1.000000000000000000 ) ) ;
#2900 = FACE_OUTER_BOUND ( 'NONE', #555, .T. ) ;
#2901 = EDGE_CURVE ( 'NONE', #1395, #880, #215, .T. ) ;
#2902 = ORIENTED_EDGE ( 'NONE', *, *, #1727, .F. ) ;
#2903 = CIRCLE ( 'NONE', #2956, 3.000000000000001776 ) ;
#2904 = DIRECTION ( 'NONE',  ( -1.000000000000000000, -1.224606353822377258E-16, -0.0000000000000000000 ) ) ;
#2905 = ORIENTED_EDGE ( 'NONE', *, *, #353, .T. ) ;
#2906 = DIRECTION ( 'NONE',  ( 0.0000000000000000000, 1.000000000000000000, -1.181994176819166043E-15 ) ) ;
#2907 = AXIS2_PLACEMENT_3D ( 'NONE', #1799, #1707, #236 ) ;
#2908 = DIRECTION ( 'NONE',  ( 0.5735764363510452712, -0.8191520442889924647, 1.003171929053525610E-16 ) ) ;
#2909 = CIRCLE ( 'NONE', #815, 3.000000000000001332 ) ;
#2910 = DIRECTION ( 'NONE',  ( -1.000000000000000000, -1.224606353822377258E-16, -0.0000000000000000000 ) ) ;
#2911 = ORIENTED_EDGE ( 'NONE', *, *, #6, .T. ) ;
#2912 = DIRECTION ( 'NONE',  ( 0.0000000000000000000, 1.000000000000000000, 0.0000000000000000000 ) ) ;
#2913 = AXIS2_PLACEMENT_3D ( 'NONE', #2671, #1327, #2936 ) ;
#2914 = EDGE_CURVE ( 'NONE', #1989, #2837, #180, .T. ) ;
#2915 = EDGE_LOOP ( 'NONE', ( #3060, #1909, #1068, #2749, #2897 ) ) ;
#2916 = CARTESIAN_POINT ( 'NONE',  ( -31.74999999999995737, 3.673940397441951893E-16, -2.999999999999912070 ) ) ;
#2917 = DIRECTION ( 'NONE',  ( -1.000000000000000000, -0.0000000000000000000, -0.0000000000000000000 ) ) ;
#2918 = ORIENTED_EDGE ( 'NONE', *, *, #2706, .F. ) ;
#2919 = FACE_OUTER_BOUND ( 'NONE', #1624, .T. ) ;
#2920 = CARTESIAN_POINT ( 'NONE',  ( -31.74999999999995737, 3.673940397441951893E-16, -2.999999999999912070 ) ) ;
#2921 = ORIENTED_EDGE ( 'NONE', *, *, #1702, .F. ) ;
#2922 = STYLED_ITEM ( 'NONE', ( #1271 ), #2666 ) ;
#2923 = CARTESIAN_POINT ( 'NONE',  ( 20.99999999999999645, 1.490958235778743760E-15, 0.0000000000000000000 ) ) ;
#2924 = CARTESIAN_POINT ( 'NONE',  ( 12.00000000000000000, 1.490958235778743760E-15, 0.0000000000000000000 ) ) ;
#2925 = ORIENTED_EDGE ( 'NONE', *, *, #38, .F. ) ;
#2926 = DIRECTION ( 'NONE',  ( -1.000000000000000000, -0.0000000000000000000, -0.0000000000000000000 ) ) ;
#2927 = CARTESIAN_POINT ( 'NONE',  ( 9.611734920062710685, 1.443411047392888001E-15, 0.0000000000000000000 ) ) ;
#2928 = ORIENTED_EDGE ( 'NONE', *, *, #771, .T. ) ;
#2929 = ADVANCED_FACE ( 'NONE', ( #111 ), #40, .T. ) ;
#2930 = CARTESIAN_POINT ( 'NONE',  ( 16.38826507993728043, -4.602972567085493689E-29, 3.000000000000001776 ) ) ;
#2931 = CARTESIAN_POINT ( 'NONE',  ( 10.38826507993728399, -3.000000000000000444, 3.673940397442061840E-16 ) ) ;
#2932 = LINE ( 'NONE', #1841, #1016 ) ;
#2933 = EDGE_CURVE ( 'NONE', #2257, #2441, #58, .T. ) ;
#2934 = AXIS2_PLACEMENT_3D ( 'NONE', #670, #1993, #2769 ) ;
#2935 = ORIENTED_EDGE ( 'NONE', *, *, #881, .T. ) ;
#2936 = DIRECTION ( 'NONE',  ( 0.0000000000000000000, -1.000000000000000000, 0.0000000000000000000 ) ) ;
#2937 = CARTESIAN_POINT ( 'NONE',  ( 13.00000000000000000, 1.490958235778743760E-15, 0.0000000000000000000 ) ) ;
#2938 = ORIENTED_EDGE ( 'NONE', *, *, #2947, .T. ) ;
#2939 = ORIENTED_EDGE ( 'NONE', *, *, #1486, .F. ) ;
#2940 = AXIS2_PLACEMENT_3D ( 'NONE', #259, #133, #1341 ) ;
#2941 = ORIENTED_EDGE ( 'NONE', *, *, #90, .F. ) ;
#2942 = VECTOR ( 'NONE', #1057, 1000.000000000000114 ) ;
#2943 = DIRECTION ( 'NONE',  ( 0.0000000000000000000, -1.000000000000000000, 0.0000000000000000000 ) ) ;
#2944 = DIRECTION ( 'NONE',  ( 0.0000000000000000000, -1.000000000000000000, 0.0000000000000000000 ) ) ;
#2945 = CIRCLE ( 'NONE', #1835, 3.000000000000001332 ) ;
#2946 = VERTEX_POINT ( 'NONE', #895 ) ;
#2947 = EDGE_CURVE ( 'NONE', #2232, #1385, #65, .T. ) ;
#2948 = ADVANCED_FACE ( 'NONE', ( #61 ), #2597, .T. ) ;
#2949 = ORIENTED_EDGE ( 'NONE', *, *, #1462, .T. ) ;
#2950 = CARTESIAN_POINT ( 'NONE',  ( 18.00000000000000355, 1.490958235778743760E-15, 0.0000000000000000000 ) ) ;
#2951 = DIRECTION ( 'NONE',  ( -1.000000000000000000, -1.224606353822377258E-16, -0.0000000000000000000 ) ) ;
#2952 = FACE_OUTER_BOUND ( 'NONE', #3089, .T. ) ;
#2953 = AXIS2_PLACEMENT_3D ( 'NONE', #832, #1293, #154 ) ;
#2954 = DIRECTION ( 'NONE',  ( -0.5735764363510503783, -0.8191520442889886899, 0.0000000000000000000 ) ) ;
#2955 = CARTESIAN_POINT ( 'NONE',  ( 12.38826507993728221, 3.673940397441600850E-16, -3.000000000000001776 ) ) ;
#2956 = AXIS2_PLACEMENT_3D ( 'NONE', #1757, #2634, #1274 ) ;
#2957 = CARTESIAN_POINT ( 'NONE',  ( 14.38826507993728399, 1.538505424164598729E-15, 0.0000000000000000000 ) ) ;
#2958 = FACE_OUTER_BOUND ( 'NONE', #1714, .T. ) ;
#2959 = DIRECTION ( 'NONE',  ( 0.0000000000000000000, -1.000000000000000000, 0.0000000000000000000 ) ) ;
#2960 = ORIENTED_EDGE ( 'NONE', *, *, #1407, .T. ) ;
#2961 = ADVANCED_FACE ( 'NONE', ( #468 ), #2857, .T. ) ;
#2962 = ORIENTED_EDGE ( 'NONE', *, *, #2661, .T. ) ;
#2963 = DIRECTION ( 'NONE',  ( -1.000000000000000000, -1.224606353822377258E-16, -0.0000000000000000000 ) ) ;
#2964 = EDGE_CURVE ( 'NONE', #3094, #646, #2833, .T. ) ;
#2965 = CIRCLE ( 'NONE', #2125, 0.2500000000000002220 ) ;
#2966 = ADVANCED_FACE ( 'NONE', ( #2665 ), #2667, .T. ) ;
#2967 = ADVANCED_FACE ( 'NONE', ( #2844 ), #3143, .T. ) ;
#2968 = EDGE_LOOP ( 'NONE', ( #3194, #2353, #338, #481, #1819, #894 ) ) ;
#2969 = ORIENTED_EDGE ( 'NONE', *, *, #763, .T. ) ;
#2970 = DIRECTION ( 'NONE',  ( 0.0000000000000000000, 0.5000000000000011102, 0.8660254037844379305 ) ) ;
#2971 = DIRECTION ( 'NONE',  ( -1.000000000000000000, -0.0000000000000000000, -0.0000000000000000000 ) ) ;
#2972 = ORIENTED_EDGE ( 'NONE', *, *, #2359, .F. ) ;
#2973 = VECTOR ( 'NONE', #2487, 1000.000000000000114 ) ;
#2974 = ORIENTED_EDGE ( 'NONE', *, *, #2964, .F. ) ;
#2975 = ORIENTED_EDGE ( 'NONE', *, *, #1770, .F. ) ;
#2976 = CARTESIAN_POINT ( 'NONE',  ( 20.99999999999999645, 1.490958235778743760E-15, 0.0000000000000000000 ) ) ;
#2977 = CIRCLE ( 'NONE', #354, 3.000000000000001776 ) ;
#2978 = FACE_OUTER_BOUND ( 'NONE', #3265, .T. ) ;
#2979 = EDGE_CURVE ( 'NONE', #3094, #2600, #2775, .T. ) ;
#2980 = AXIS2_PLACEMENT_3D ( 'NONE', #3043, #1326, #1481 ) ;
#2981 = DIRECTION ( 'NONE',  ( 0.0000000000000000000, -1.000000000000000000, 0.0000000000000000000 ) ) ;
#2982 = DIRECTION ( 'NONE',  ( 0.0000000000000000000, -1.000000000000000000, 0.0000000000000000000 ) ) ;
#2983 = EDGE_LOOP ( 'NONE', ( #527, #1291, #1152, #1601, #2406 ) ) ;
#2984 = FACE_OUTER_BOUND ( 'NONE', #1038, .T. ) ;
#2985 = ORIENTED_EDGE ( 'NONE', *, *, #2788, .T. ) ;
#2986 = CARTESIAN_POINT ( 'NONE',  ( 0.0000000000000000000, 2.935248768560056565, -1.647987302177966740E-14 ) ) ;
#2987 = CARTESIAN_POINT ( 'NONE',  ( 0.0000000000000000000, 0.0000000000000000000, 0.0000000000000000000 ) ) ;
#2988 = CARTESIAN_POINT ( 'NONE',  ( 10.38826507993728399, 1.538505424164598729E-15, 0.0000000000000000000 ) ) ;
#2989 = EDGE_CURVE ( 'NONE', #2041, #1704, #2705, .T. ) ;
#2990 = AXIS2_PLACEMENT_3D ( 'NONE', #1505, #2469, #2906 ) ;
#2991 = CYLINDRICAL_SURFACE ( 'NONE', #2588, 2.999999999999912070 ) ;
#2992 = VERTEX_POINT ( 'NONE', #1566 ) ;
#2993 = EDGE_CURVE ( 'NONE', #1660, #1464, #2480, .T. ) ;
#2994 = CIRCLE ( 'NONE', #1781, 3.000000000000001776 ) ;
#2995 = ORIENTED_EDGE ( 'NONE', *, *, #2470, .F. ) ;
#2996 = DIRECTION ( 'NONE',  ( -1.000000000000000000, -1.224606353822377258E-16, -0.0000000000000000000 ) ) ;
#2997 = FACE_OUTER_BOUND ( 'NONE', #186, .T. ) ;
#2998 = EDGE_CURVE ( 'NONE', #1690, #1461, #2801, .T. ) ;
#2999 = DIRECTION ( 'NONE',  ( -0.5000000000000051070, 1.060575238724903217E-16, -0.8660254037844355990 ) ) ;
#3000 = ORIENTED_EDGE ( 'NONE', *, *, #2840, .F. ) ;
#3001 = ORIENTED_EDGE ( 'NONE', *, *, #1369, .T. ) ;
#3002 = ORIENTED_EDGE ( 'NONE', *, *, #1316, .T. ) ;
#3003 = CARTESIAN_POINT ( 'NONE',  ( -31.74999999999995737, 6.123233995736766282E-16, -5.000000000000000000 ) ) ;
#3004 = CARTESIAN_POINT ( 'NONE',  ( 11.38826507993728221, 1.538505424164598729E-15, 0.0000000000000000000 ) ) ;
#3005 = DIRECTION ( 'NONE',  ( -0.5735764363510503783, -0.8191520442889886899, 0.0000000000000000000 ) ) ;
#3006 = CIRCLE ( 'NONE', #1539, 2.445500000000001783 ) ;
#3007 = AXIS2_PLACEMENT_3D ( 'NONE', #1268, #2030, #2172 ) ;
#3008 = CARTESIAN_POINT ( 'NONE',  ( 9.388265079937282209, 1.538505424164598729E-15, 0.0000000000000000000 ) ) ;
#3009 = ORIENTED_EDGE ( 'NONE', *, *, #1119, .F. ) ;
#3010 = AXIS2_PLACEMENT_3D ( 'NONE', #1145, #428, #2122 ) ;
#3011 = CARTESIAN_POINT ( 'NONE',  ( 6.249999999999998224, 3.980102097228789763E-16, 3.249999999999911626 ) ) ;
#3012 = VERTEX_POINT ( 'NONE', #57 ) ;
#3013 = ORIENTED_EDGE ( 'NONE', *, *, #2602, .F. ) ;
#3014 = VECTOR ( 'NONE', #509, 1000.000000000000000 ) ;
#3015 = CARTESIAN_POINT ( 'NONE',  ( 19.99999999999999645, 2.445500000000003116, 0.0000000000000000000 ) ) ;
#3016 = DIRECTION ( 'NONE',  ( -0.5735764363510507113, 0.8191520442889885789, 1.003171929053520926E-16 ) ) ;
#3017 = EDGE_CURVE ( 'NONE', #3073, #80, #2669, .T. ) ;
#3018 = PRESENTATION_LAYER_ASSIGNMENT (  '', '', ( #201 ) ) ;
#3019 = ORIENTED_EDGE ( 'NONE', *, *, #82, .T. ) ;
#3020 = CIRCLE ( 'NONE', #298, 3.000000000000001332 ) ;
#3021 = LINE ( 'NONE', #1255, #2782 ) ;
#3022 = CARTESIAN_POINT ( 'NONE',  ( -31.74999999999995737, 0.0000000000000000000, 0.0000000000000000000 ) ) ;
#3023 = AXIS2_PLACEMENT_3D ( 'NONE', #281, #3081, #2617 ) ;
#3024 = ADVANCED_FACE ( 'NONE', ( #3197 ), #3254, .T. ) ;
#3025 = CARTESIAN_POINT ( 'NONE',  ( 11.00000000000000000, 1.490958235778743760E-15, 0.0000000000000000000 ) ) ;
#3026 = DIRECTION ( 'NONE',  ( 0.0000000000000000000, -1.000000000000000000, 0.0000000000000000000 ) ) ;
#3027 = ORIENTED_EDGE ( 'NONE', *, *, #963, .T. ) ;
#3028 = AXIS2_PLACEMENT_3D ( 'NONE', #1074, #2875, #854 ) ;
#3029 = FACE_OUTER_BOUND ( 'NONE', #576, .T. ) ;
#3030 = MANIFOLD_SOLID_BREP ( 'ThdSchPat', #2738 ) ;
#3031 = DIRECTION ( 'NONE',  ( -0.5735764363510507113, 0.8191520442889885789, 1.003171929053520926E-16 ) ) ;
#3032 = AXIS2_PLACEMENT_3D ( 'NONE', #2694, #3144, #2879 ) ;
#3033 = CARTESIAN_POINT ( 'NONE',  ( 9.999999999999998224, -2.445500000000000451, 0.0000000000000000000 ) ) ;
#3034 = DIRECTION ( 'NONE',  ( 0.0000000000000000000, 0.0000000000000000000, 1.000000000000000000 ) ) ;
#3035 = VECTOR ( 'NONE', #269, 1000.000000000000000 ) ;
#3036 = AXIS2_PLACEMENT_3D ( 'NONE', #946, #1503, #1526 ) ;
#3037 = AXIS2_PLACEMENT_3D ( 'NONE', #2957, #477, #1593 ) ;
#3038 = VERTEX_POINT ( 'NONE', #3145 ) ;
#3039 = DIRECTION ( 'NONE',  ( 0.0000000000000000000, -1.000000000000000000, 0.0000000000000000000 ) ) ;
#3040 = CONICAL_SURFACE ( 'NONE', #893, 3.000000000000001776, 0.9599310885968824758 ) ;
#3041 = VERTEX_POINT ( 'NONE', #986 ) ;
#3042 = AXIS2_PLACEMENT_3D ( 'NONE', #1736, #197, #1494 ) ;
#3043 = CARTESIAN_POINT ( 'NONE',  ( 18.61173492006271246, 1.443411047392888001E-15, 0.0000000000000000000 ) ) ;
#3044 = CIRCLE ( 'NONE', #2021, 3.000000000000001776 ) ;
#3045 = VERTEX_POINT ( 'NONE', #1224 ) ;
#3046 = LINE ( 'NONE', #3220, #1764 ) ;
#3047 = DIRECTION ( 'NONE',  ( -1.000000000000000000, -1.224606353822377258E-16, -0.0000000000000000000 ) ) ;
#3048 = EDGE_CURVE ( 'NONE', #2196, #541, #2414, .T. ) ;
#3049 = CARTESIAN_POINT ( 'NONE',  ( 19.61173492006271246, -4.294823775983535952E-29, 3.000000000000001332 ) ) ;
#3050 = CONICAL_SURFACE ( 'NONE', #2848, 3.000000000000001776, 0.9599310885968824758 ) ;
#3051 = CARTESIAN_POINT ( 'NONE',  ( 3.000000000000000000, -1.467624384280023397, 2.541999999999986937 ) ) ;
#3052 = VECTOR ( 'NONE', #2025, 1000.000000000000114 ) ;
#3053 = ADVANCED_FACE ( 'NONE', ( #2984 ), #3040, .T. ) ;
#3054 = EDGE_CURVE ( 'NONE', #96, #2858, #2419, .T. ) ;
#3055 = ADVANCED_FACE ( 'NONE', ( #3029 ), #3216, .T. ) ;
#3056 = CARTESIAN_POINT ( 'NONE',  ( -31.74999999999995737, 0.0000000000000000000, 0.0000000000000000000 ) ) ;
#3057 = CONICAL_SURFACE ( 'NONE', #583, 2.445500000000001783, 0.9599310885968758145 ) ;
#3058 = CYLINDRICAL_SURFACE ( 'NONE', #877, 2.999999999999912070 ) ;
#3059 = ADVANCED_FACE ( 'NONE', ( #2978 ), #2323, .T. ) ;
#3060 = ORIENTED_EDGE ( 'NONE', *, *, #1374, .F. ) ;
#3061 =( NAMED_UNIT ( * ) SI_UNIT ( $, .STERADIAN. ) SOLID_ANGLE_UNIT ( ) );
#3062 = AXIS2_PLACEMENT_3D ( 'NONE', #2297, #2497, #1716 ) ;
#3063 = EDGE_CURVE ( 'NONE', #1742, #2204, #2371, .T. ) ;
#3064 = CARTESIAN_POINT ( 'NONE',  ( -31.74999999999995737, 0.0000000000000000000, 2.999999999999912070 ) ) ;
#3065 = VECTOR ( 'NONE', #1375, 1000.000000000000000 ) ;
#3066 = VERTEX_POINT ( 'NONE', #2578 ) ;
#3067 = CARTESIAN_POINT ( 'NONE',  ( 15.00000000000000000, -2.445500000000000451, 0.0000000000000000000 ) ) ;
#3068 = EDGE_CURVE ( 'NONE', #2632, #2092, #3226, .T. ) ;
#3069 = DIRECTION ( 'NONE',  ( -1.000000000000000000, -1.224606353822377258E-16, -0.0000000000000000000 ) ) ;
#3070 = ORIENTED_EDGE ( 'NONE', *, *, #1203, .F. ) ;
#3071 = AXIS2_PLACEMENT_3D ( 'NONE', #1747, #2630, #2670 ) ;
#3072 = EDGE_CURVE ( 'NONE', #1354, #3106, #3255, .T. ) ;
#3073 = VERTEX_POINT ( 'NONE', #1383 ) ;
#3074 = DIRECTION ( 'NONE',  ( -1.000000000000000000, -1.224606353822377258E-16, -0.0000000000000000000 ) ) ;
#3075 = CARTESIAN_POINT ( 'NONE',  ( 3.000000000000000000, 2.935248768560056565, -1.647987302177966740E-14 ) ) ;
#3076 = VERTEX_POINT ( 'NONE', #648 ) ;
#3077 = DIRECTION ( 'NONE',  ( 0.0000000000000000000, 0.0000000000000000000, -1.000000000000000000 ) ) ;
#3078 = AXIS2_PLACEMENT_3D ( 'NONE', #2040, #464, #1940 ) ;
#3079 = ORIENTED_EDGE ( 'NONE', *, *, #2373, .F. ) ;
#3080 = CARTESIAN_POINT ( 'NONE',  ( 12.38826507993728221, 1.538505424164598729E-15, 0.0000000000000000000 ) ) ;
#3081 = DIRECTION ( 'NONE',  ( -1.000000000000000000, -0.0000000000000000000, -0.0000000000000000000 ) ) ;
#3082 = ORIENTED_EDGE ( 'NONE', *, *, #2580, .F. ) ;
#3083 = AXIS2_PLACEMENT_3D ( 'NONE', #2286, #1195, #1873 ) ;
#3084 = EDGE_CURVE ( 'NONE', #1464, #3041, #2977, .T. ) ;
#3085 = ORIENTED_EDGE ( 'NONE', *, *, #2758, .T. ) ;
#3086 = VERTEX_POINT ( 'NONE', #36 ) ;
#3087 = ORIENTED_EDGE ( 'NONE', *, *, #38, .T. ) ;
#3088 = DIRECTION ( 'NONE',  ( 0.0000000000000000000, -1.000000000000000000, 0.0000000000000000000 ) ) ;
#3089 = EDGE_LOOP ( 'NONE', ( #2995, #1157, #1734, #1476, #1009, #2347 ) ) ;
#3090 = CARTESIAN_POINT ( 'NONE',  ( 10.38826507993728399, -4.622231866529366047E-29, 3.000000000000001776 ) ) ;
#3091 = AXIS2_PLACEMENT_3D ( 'NONE', #1643, #875, #2982 ) ;
#3092 = ADVANCED_FACE ( 'NONE', ( #2288 ), #2230, .T. ) ;
#3093 = DIRECTION ( 'NONE',  ( -1.000000000000000000, -1.224606353822377258E-16, -0.0000000000000000000 ) ) ;
#3094 = VERTEX_POINT ( 'NONE', #2031 ) ;
#3095 = FACE_OUTER_BOUND ( 'NONE', #2123, .T. ) ;
#3096 = COLOUR_RGB ( '',0.7764705882352941346, 0.7568627450980391913, 0.7372549019607843590 ) ;
#3097 = DIRECTION ( 'NONE',  ( 0.0000000000000000000, -1.000000000000000000, 0.0000000000000000000 ) ) ;
#3098 = DIRECTION ( 'NONE',  ( -1.000000000000000000, -0.0000000000000000000, -0.0000000000000000000 ) ) ;
#3099 = DIRECTION ( 'NONE',  ( -1.000000000000000000, -1.224606353822377258E-16, -0.0000000000000000000 ) ) ;
#3100 = DIRECTION ( 'NONE',  ( 0.5735764363510452712, -0.8191520442889924647, 1.003171929053525610E-16 ) ) ;
#3101 = LINE ( 'NONE', #1041, #2329 ) ;
#3102 = ORIENTED_EDGE ( 'NONE', *, *, #2805, .T. ) ;
#3103 = DIRECTION ( 'NONE',  ( -1.000000000000000000, -1.224606353822377258E-16, -0.0000000000000000000 ) ) ;
#3104 = DIRECTION ( 'NONE',  ( 0.0000000000000000000, -1.000000000000000000, 0.0000000000000000000 ) ) ;
#3105 = EDGE_CURVE ( 'NONE', #1681, #1034, #2243, .T. ) ;
#3106 = VERTEX_POINT ( 'NONE', #1017 ) ;
#3107 = DIRECTION ( 'NONE',  ( 0.0000000000000000000, 0.0000000000000000000, 1.000000000000000000 ) ) ;
#3108 = CARTESIAN_POINT ( 'NONE',  ( 6.249999999999998224, 0.0000000000000000000, -3.249999999999911626 ) ) ;
#3109 = AXIS2_PLACEMENT_3D ( 'NONE', #1523, #1740, #1852 ) ;
#3110 = FACE_OUTER_BOUND ( 'NONE', #1914, .T. ) ;
#3111 = CARTESIAN_POINT ( 'NONE',  ( 19.38826507993728043, 1.538505424164598729E-15, 0.0000000000000000000 ) ) ;
#3112 = CARTESIAN_POINT ( 'NONE',  ( 9.611734920062710685, 3.673940397441631418E-16, -3.000000000000001332 ) ) ;
#3113 = FACE_OUTER_BOUND ( 'NONE', #560, .T. ) ;
#3114 = EDGE_CURVE ( 'NONE', #1989, #526, #3241, .T. ) ;
#3115 = DIRECTION ( 'NONE',  ( 0.0000000000000000000, -1.000000000000000000, 0.0000000000000000000 ) ) ;
#3116 = ORIENTED_EDGE ( 'NONE', *, *, #3182, .F. ) ;
#3117 = ORIENTED_EDGE ( 'NONE', *, *, #512, .T. ) ;
#3118 = DIRECTION ( 'NONE',  ( 0.0000000000000000000, -1.000000000000000000, 0.0000000000000000000 ) ) ;
#3119 = LINE ( 'NONE', #112, #1381 ) ;
#3120 = AXIS2_PLACEMENT_3D ( 'NONE', #3215, #27, #1351 ) ;
#3121 = CARTESIAN_POINT ( 'NONE',  ( -31.74999999999995737, 0.0000000000000000000, 0.0000000000000000000 ) ) ;
#3122 = ORIENTED_EDGE ( 'NONE', *, *, #205, .T. ) ;
#3123 = EDGE_LOOP ( 'NONE', ( #1943, #2642 ) ) ;
#3124 = FILL_AREA_STYLE_COLOUR ( '', #1853 ) ;
#3125 = EDGE_CURVE ( 'NONE', #80, #1250, #2235, .T. ) ;
#3126 = AXIS2_PLACEMENT_3D ( 'NONE', #2987, #2383, #2110 ) ;
#3127 = EDGE_CURVE ( 'NONE', #1704, #2612, #2813, .T. ) ;
#3128 = CIRCLE ( 'NONE', #1851, 3.000000000000001332 ) ;
#3129 = CARTESIAN_POINT ( 'NONE',  ( 3.000000000000000000, 0.0000000000000000000, 0.0000000000000000000 ) ) ;
#3130 = CARTESIAN_POINT ( 'NONE',  ( 0.0000000000000000000, 2.935248768560056565, -1.647987302177966740E-14 ) ) ;
#3131 = ORIENTED_EDGE ( 'NONE', *, *, #344, .T. ) ;
#3132 = CARTESIAN_POINT ( 'NONE',  ( 17.38826507993728399, 1.538505424164598729E-15, 0.0000000000000000000 ) ) ;
#3133 = DIRECTION ( 'NONE',  ( -1.000000000000000000, 0.0000000000000000000, -0.0000000000000000000 ) ) ;
#3134 = CARTESIAN_POINT ( 'NONE',  ( 11.61173492006271246, 1.443411047392888001E-15, 0.0000000000000000000 ) ) ;
#3135 = VECTOR ( 'NONE', #731, 999.9999999999998863 ) ;
#3136 = CONICAL_SURFACE ( 'NONE', #2145, 3.000000000000001776, 0.9599310885968824758 ) ;
#3137 = CARTESIAN_POINT ( 'NONE',  ( 15.00000000000000000, 2.445500000000003116, 0.0000000000000000000 ) ) ;
#3138 = VERTEX_POINT ( 'NONE', #2118 ) ;
#3139 = CARTESIAN_POINT ( 'NONE',  ( 10.38826507993728399, 1.538505424164598729E-15, 0.0000000000000000000 ) ) ;
#3140 = ORIENTED_EDGE ( 'NONE', *, *, #1978, .T. ) ;
#3141 = DIRECTION ( 'NONE',  ( 0.0000000000000000000, -1.000000000000000000, 0.0000000000000000000 ) ) ;
#3142 = CARTESIAN_POINT ( 'NONE',  ( 11.00000000000000000, -2.445500000000000451, 3.334407072378458145E-16 ) ) ;
#3143 = CONICAL_SURFACE ( 'NONE', #2280, 3.000000000000001776, 0.9599310885968824758 ) ;
#3144 = DIRECTION ( 'NONE',  ( -1.000000000000000000, -0.0000000000000000000, -0.0000000000000000000 ) ) ;
#3145 = CARTESIAN_POINT ( 'NONE',  ( 17.38826507993728399, 3.000000000000003109, 0.0000000000000000000 ) ) ;
#3146 = VECTOR ( 'NONE', #437, 1000.000000000000000 ) ;
#3147 = ADVANCED_FACE ( 'NONE', ( #2157 ), #2024, .T. ) ;
#3148 = CARTESIAN_POINT ( 'NONE',  ( 8.611734920062710685, 1.443411047392888001E-15, 0.0000000000000000000 ) ) ;
#3149 = CIRCLE ( 'NONE', #2336, 2.445500000000001783 ) ;
#3150 = ORIENTED_EDGE ( 'NONE', *, *, #2947, .F. ) ;
#3151 = AXIS2_PLACEMENT_3D ( 'NONE', #3239, #43, #2596 ) ;
#3152 = DIRECTION ( 'NONE',  ( 0.0000000000000000000, 0.0000000000000000000, -1.000000000000000000 ) ) ;
#3153 = TOROIDAL_SURFACE ( 'NONE', #1027, 4.700000000000000178, 0.2999999999999999889 ) ;
#3154 = EDGE_LOOP ( 'NONE', ( #510, #60, #2059, #2531, #1245 ) ) ;
#3155 = DIRECTION ( 'NONE',  ( 0.0000000000000000000, 0.0000000000000000000, 1.000000000000000000 ) ) ;
#3156 = CARTESIAN_POINT ( 'NONE',  ( 12.61173492006271069, 3.000000000000003109, 3.673940397442061840E-16 ) ) ;
#3157 = EDGE_LOOP ( 'NONE', ( #379, #176, #1249 ) ) ;
#3158 = CIRCLE ( 'NONE', #1919, 3.000000000000001776 ) ;
#3159 = EDGE_LOOP ( 'NONE', ( #1347, #1449, #3280, #948, #2716, #3204 ) ) ;
#3160 = AXIS2_PLACEMENT_3D ( 'NONE', #2657, #1220, #1151 ) ;
#3161 = DIRECTION ( 'NONE',  ( -0.5735764363510507113, 0.8191520442889885789, 1.003171929053520926E-16 ) ) ;
#3162 = ORIENTED_EDGE ( 'NONE', *, *, #1876, .F. ) ;
#3163 = AXIS2_PLACEMENT_3D ( 'NONE', #632, #2439, #380 ) ;
#3164 = EDGE_CURVE ( 'NONE', #149, #1208, #2117, .T. ) ;
#3165 = VERTEX_POINT ( 'NONE', #2011 ) ;
#3166 = CARTESIAN_POINT ( 'NONE',  ( 13.38826507993728221, 1.538505424164598729E-15, 0.0000000000000000000 ) ) ;
#3167 = CARTESIAN_POINT ( 'NONE',  ( 11.61173492006271246, -2.999999999999999556, 0.0000000000000000000 ) ) ;
#3168 = EDGE_CURVE ( 'NONE', #2481, #1000, #2267, .T. ) ;
#3169 = FACE_OUTER_BOUND ( 'NONE', #2266, .T. ) ;
#3170 = DIRECTION ( 'NONE',  ( 0.0000000000000000000, -1.000000000000000000, 0.0000000000000000000 ) ) ;
#3171 = ORIENTED_EDGE ( 'NONE', *, *, #3105, .T. ) ;
#3172 = DIRECTION ( 'NONE',  ( 0.0000000000000000000, 0.0000000000000000000, 1.000000000000000000 ) ) ;
#3173 = EDGE_LOOP ( 'NONE', ( #3079, #615, #373, #1090, #2352 ) ) ;
#3174 = FACE_OUTER_BOUND ( 'NONE', #389, .T. ) ;
#3175 = FACE_OUTER_BOUND ( 'NONE', #415, .T. ) ;
#3176 = CARTESIAN_POINT ( 'NONE',  ( 9.388265079937282209, 3.000000000000003109, 0.0000000000000000000 ) ) ;
#3177 = EDGE_CURVE ( 'NONE', #1730, #1606, #2081, .T. ) ;
#3178 = ORIENTED_EDGE ( 'NONE', *, *, #2580, .T. ) ;
#3179 = CONICAL_SURFACE ( 'NONE', #2440, 2.445500000000001783, 0.9599310885968758145 ) ;
#3180 = CARTESIAN_POINT ( 'NONE',  ( 3.000000000000000000, 0.0000000000000000000, 0.0000000000000000000 ) ) ;
#3181 = LINE ( 'NONE', #2513, #778 ) ;
#3182 = EDGE_CURVE ( 'NONE', #1254, #1897, #2121, .T. ) ;
#3183 = VERTEX_POINT ( 'NONE', #1451 ) ;
#3184 = CARTESIAN_POINT ( 'NONE',  ( 3.000000000000000000, 4.402873152840080628, -2.542000000000016691 ) ) ;
#3185 = ADVANCED_FACE ( 'NONE', ( #2017 ), #1939, .T. ) ;
#3186 = DIRECTION ( 'NONE',  ( 0.0000000000000000000, 0.0000000000000000000, 1.000000000000000000 ) ) ;
#3187 = VECTOR ( 'NONE', #1958, 1000.000000000000000 ) ;
#3188 = DIRECTION ( 'NONE',  ( -1.000000000000000000, -0.0000000000000000000, -0.0000000000000000000 ) ) ;
#3189 = ORIENTED_EDGE ( 'NONE', *, *, #2883, .T. ) ;
#3190 = ADVANCED_FACE ( 'NONE', ( #2180 ), #2023, .T. ) ;
#3191 = COLOUR_RGB ( '',0.7764705882352941346, 0.7568627450980391913, 0.7372549019607843590 ) ;
#3192 = CARTESIAN_POINT ( 'NONE',  ( 14.38826507993728399, -4.602972567085493689E-29, 3.000000000000001776 ) ) ;
#3193 = EDGE_CURVE ( 'NONE', #660, #853, #1983, .T. ) ;
#3194 = ORIENTED_EDGE ( 'NONE', *, *, #2219, .T. ) ;
#3195 = DIRECTION ( 'NONE',  ( 0.5735764363510450492, 0.8191520442889925757, 0.0000000000000000000 ) ) ;
#3196 = AXIS2_PLACEMENT_3D ( 'NONE', #1814, #669, #2087 ) ;
#3197 = FACE_OUTER_BOUND ( 'NONE', #1482, .T. ) ;
#3198 = CARTESIAN_POINT ( 'NONE',  ( 13.61173492006271069, 1.443411047392888001E-15, 0.0000000000000000000 ) ) ;
#3199 = ADVANCED_FACE ( 'NONE', ( #1969 ), #1893, .T. ) ;
#3200 = VECTOR ( 'NONE', #67, 1000.000000000000000 ) ;
#3201 = DIRECTION ( 'NONE',  ( 0.0000000000000000000, 0.0000000000000000000, 1.000000000000000000 ) ) ;
#3202 = FILL_AREA_STYLE ('',( #3124 ) ) ;
#3203 = DIRECTION ( 'NONE',  ( -0.5735764363510503783, -0.8191520442889886899, 0.0000000000000000000 ) ) ;
#3204 = ORIENTED_EDGE ( 'NONE', *, *, #618, .F. ) ;
#3205 = CARTESIAN_POINT ( 'NONE',  ( 14.61173492006271069, 1.443411047392888001E-15, 0.0000000000000000000 ) ) ;
#3206 = CARTESIAN_POINT ( 'NONE',  ( 13.38826507993728221, 3.673940397441600850E-16, -3.000000000000001776 ) ) ;
#3207 = EDGE_CURVE ( 'NONE', #1193, #2571, #1923, .T. ) ;
#3208 = ORIENTED_EDGE ( 'NONE', *, *, #1870, .T. ) ;
#3209 = CARTESIAN_POINT ( 'NONE',  ( 19.38826507993728043, 3.673940397441600850E-16, -3.000000000000001776 ) ) ;
#3210 = CARTESIAN_POINT ( 'NONE',  ( 19.61173492006271246, 1.443411047392888001E-15, 0.0000000000000000000 ) ) ;
#3211 = CARTESIAN_POINT ( 'NONE',  ( 8.611734920062710685, 1.443411047392888001E-15, 0.0000000000000000000 ) ) ;
#3212 = VECTOR ( 'NONE', #2274, 1000.000000000000000 ) ;
#3213 = EDGE_CURVE ( 'NONE', #1595, #19, #1928, .T. ) ;
#3214 = ORIENTED_EDGE ( 'NONE', *, *, #6, .F. ) ;
#3215 = CARTESIAN_POINT ( 'NONE',  ( 14.38826507993728399, 1.538505424164598729E-15, 0.0000000000000000000 ) ) ;
#3216 = CONICAL_SURFACE ( 'NONE', #345, 2.445500000000001783, 0.9599310885968758145 ) ;
#3217 = VERTEX_POINT ( 'NONE', #125 ) ;
#3218 = ORIENTED_EDGE ( 'NONE', *, *, #2874, .T. ) ;
#3219 = DIRECTION ( 'NONE',  ( -1.000000000000000000, -1.224606353822377258E-16, -0.0000000000000000000 ) ) ;
#3220 = CARTESIAN_POINT ( 'NONE',  ( -31.74999999999995737, 3.673940397441951893E-16, -2.999999999999912070 ) ) ;
#3221 = ORIENTED_EDGE ( 'NONE', *, *, #3234, .T. ) ;
#3222 = DIRECTION ( 'NONE',  ( -1.000000000000000000, -0.0000000000000000000, -0.0000000000000000000 ) ) ;
#3223 = EDGE_CURVE ( 'NONE', #880, #1225, #1932, .T. ) ;
#3224 = EDGE_LOOP ( 'NONE', ( #956, #2475, #3221, #3244, #1572 ) ) ;
#3225 = CARTESIAN_POINT ( 'NONE',  ( -31.74999999999995737, 0.0000000000000000000, 0.0000000000000000000 ) ) ;
#3226 = LINE ( 'NONE', #2629, #2307 ) ;
#3227 = EDGE_CURVE ( 'NONE', #617, #1650, #1977, .T. ) ;
#3228 = ORIENTED_EDGE ( 'NONE', *, *, #2993, .F. ) ;
#3229 = AXIS2_PLACEMENT_3D ( 'NONE', #1348, #599, #3034 ) ;
#3230 = DIRECTION ( 'NONE',  ( 0.5735764363510452712, -0.8191520442889924647, 1.003171929053525610E-16 ) ) ;
#3231 = CARTESIAN_POINT ( 'NONE',  ( 9.000000000000000000, -2.445500000000000451, 0.0000000000000000000 ) ) ;
#3232 = ADVANCED_FACE ( 'NONE', ( #1866 ), #1657, .T. ) ;
#3233 = CARTESIAN_POINT ( 'NONE',  ( 3.000000000000000000, 4.402873152840080628, -2.542000000000016691 ) ) ;
#3234 = EDGE_CURVE ( 'NONE', #1061, #1084, #1779, .T. ) ;
#3235 = ADVANCED_FACE ( 'NONE', ( #1801 ), #1590, .T. ) ;
#3236 = ORIENTED_EDGE ( 'NONE', *, *, #2552, .T. ) ;
#3237 = ORIENTED_EDGE ( 'NONE', *, *, #2303, .F. ) ;
#3238 = DIRECTION ( 'NONE',  ( -1.000000000000000000, -1.224606353822377258E-16, -0.0000000000000000000 ) ) ;
#3239 = CARTESIAN_POINT ( 'NONE',  ( 17.38826507993728399, 1.538505424164598729E-15, 0.0000000000000000000 ) ) ;
#3240 = ORIENTED_EDGE ( 'NONE', *, *, #1879, .F. ) ;
#3241 = LINE ( 'NONE', #1083, #2192 ) ;
#3242 = EDGE_CURVE ( 'NONE', #1078, #403, #1631, .T. ) ;
#3243 = ORIENTED_EDGE ( 'NONE', *, *, #2570, .T. ) ;
#3244 = ORIENTED_EDGE ( 'NONE', *, *, #1925, .T. ) ;
#3245 =( GEOMETRIC_REPRESENTATION_CONTEXT ( 3 ) GLOBAL_UNCERTAINTY_ASSIGNED_CONTEXT ( ( #2404 ) ) GLOBAL_UNIT_ASSIGNED_CONTEXT ( ( #2802, #547, #957 ) ) REPRESENTATION_CONTEXT ( 'NONE', 'WORKASPACE' ) );
#3246 = DIRECTION ( 'NONE',  ( -1.000000000000000000, -1.224606353822377258E-16, -0.0000000000000000000 ) ) ;
#3247 = CARTESIAN_POINT ( 'NONE',  ( 19.38826507993728043, 1.538505424164598729E-15, 0.0000000000000000000 ) ) ;
#3248 = ORIENTED_EDGE ( 'NONE', *, *, #608, .F. ) ;
#3249 = DIRECTION ( 'NONE',  ( 0.0000000000000000000, -1.000000000000000000, 0.0000000000000000000 ) ) ;
#3250 = VERTEX_POINT ( 'NONE', #723 ) ;
#3251 = VECTOR ( 'NONE', #219, 1000.000000000000000 ) ;
#3252 = ORIENTED_EDGE ( 'NONE', *, *, #2817, .F. ) ;
#3253 = DIRECTION ( 'NONE',  ( 0.0000000000000000000, 1.000000000000000000, 0.0000000000000000000 ) ) ;
#3254 = CYLINDRICAL_SURFACE ( 'NONE', #600, 2.999999999999912070 ) ;
#3255 = LINE ( 'NONE', #2221, #2395 ) ;
#3256 = EDGE_CURVE ( 'NONE', #2162, #2022, #1670, .T. ) ;
#3257 = ADVANCED_FACE ( 'NONE', ( #1759 ), #1522, .T. ) ;
#3258 = DIRECTION ( 'NONE',  ( 0.0000000000000000000, -1.000000000000000000, 1.181994176819166438E-15 ) ) ;
#3259 = FACE_OUTER_BOUND ( 'NONE', #126, .T. ) ;
#3260 = VECTOR ( 'NONE', #1689, 1000.000000000000000 ) ;
#3261 = EDGE_CURVE ( 'NONE', #1321, #2479, #1525, .T. ) ;
#3262 = DIRECTION ( 'NONE',  ( -1.000000000000000000, -1.224606353822377258E-16, -0.0000000000000000000 ) ) ;
#3263 = DIRECTION ( 'NONE',  ( 0.0000000000000000000, 0.0000000000000000000, 1.000000000000000000 ) ) ;
#3264 = DIRECTION ( 'NONE',  ( 0.0000000000000000000, 0.0000000000000000000, 1.000000000000000000 ) ) ;
#3265 = EDGE_LOOP ( 'NONE', ( #2548, #3131, #2656, #2399, #194 ) ) ;
#3266 = CARTESIAN_POINT ( 'NONE',  ( 20.38826507993728043, 3.673940397441600850E-16, -3.000000000000001776 ) ) ;
#3267 = EDGE_CURVE ( 'NONE', #577, #3138, #1555, .T. ) ;
#3268 = VERTEX_POINT ( 'NONE', #117 ) ;
#3269 = DIRECTION ( 'NONE',  ( 1.000000000000000000, 0.0000000000000000000, 0.0000000000000000000 ) ) ;
#3270 = CARTESIAN_POINT ( 'NONE',  ( 6.249999999999998224, 0.0000000000000000000, 0.0000000000000000000 ) ) ;
#3271 = CARTESIAN_POINT ( 'NONE',  ( 19.61173492006271246, 2.999999999999997780, 3.673940397442055924E-16 ) ) ;
#3272 = DIRECTION ( 'NONE',  ( -1.000000000000000000, -1.224606353822377258E-16, -0.0000000000000000000 ) ) ;
#3273 = VERTEX_POINT ( 'NONE', #1325 ) ;
#3274 = EDGE_CURVE ( 'NONE', #2612, #646, #1621, .T. ) ;
#3275 = DIRECTION ( 'NONE',  ( -1.000000000000000000, -1.224606353822377258E-16, -0.0000000000000000000 ) ) ;
#3276 = ORIENTED_EDGE ( 'NONE', *, *, #2205, .T. ) ;
#3277 = CARTESIAN_POINT ( 'NONE',  ( -31.74999999999995737, 0.0000000000000000000, 2.999999999999912070 ) ) ;
#3278 = EDGE_CURVE ( 'NONE', #1711, #1306, #1528, .T. ) ;
#3279 = CARTESIAN_POINT ( 'NONE',  ( -31.74999999999995737, 0.0000000000000000000, 0.0000000000000000000 ) ) ;
#3280 = ORIENTED_EDGE ( 'NONE', *, *, #183, .T. ) ;
#3281 = ORIENTED_EDGE ( 'NONE', *, *, #1680, .F. ) ;
#3282 = FACE_OUTER_BOUND ( 'NONE', #990, .T. ) ;
#3283 = CARTESIAN_POINT ( 'NONE',  ( 16.38826507993728043, 1.538505424164598729E-15, 0.0000000000000000000 ) ) ;
#3284 = AXIS2_PLACEMENT_3D ( 'NONE', #3211, #783, #1506 ) ;
#3285 = EDGE_LOOP ( 'NONE', ( #2583, #2962, #162, #1968, #1386, #927 ) ) ;
#3286 = ORIENTED_EDGE ( 'NONE', *, *, #1247, .T. ) ;
ENDSEC;
END-ISO-10303-21;
