ISO-10303-21;
HEADER;
FILE_DESCRIPTION (( 'STEP AP214' ),
    '1' );
FILE_NAME ('M12.STEP',
    '2021-06-12T16:21:20',
    ( '' ),
    ( '' ),
    'SwSTEP 2.0',
    'SolidWorks 2018',
    '' );
FILE_SCHEMA (( 'AUTOMOTIVE_DESIGN' ));
ENDSEC;

DATA;
#1 = CARTESIAN_POINT ( 'NONE',  ( -4.500000000000013323, -7.794228634059940042, -12.19999999999999929 ) ) ;
#2 = CARTESIAN_POINT ( 'NONE',  ( 2.598723904613009950, -8.891930899535459787, -12.05301533877173092 ) ) ;
#3 = CARTESIAN_POINT ( 'NONE',  ( 0.0000000000000000000, 0.0000000000000000000, -4.602013215611273189 ) ) ;
#4 = DIRECTION ( 'NONE',  ( 1.000000000000000000, 0.0000000000000000000, 0.0000000000000000000 ) ) ;
#5 = AXIS2_PLACEMENT_3D ( 'NONE', #1805, #1797, #1795 ) ;
#6 = CARTESIAN_POINT ( 'NONE',  ( -6.000000000000000000, 0.0000000000000000000, -1.760999999999999899 ) ) ;
#7 =( GEOMETRIC_REPRESENTATION_CONTEXT ( 3 ) GLOBAL_UNCERTAINTY_ASSIGNED_CONTEXT ( ( #192 ) ) GLOBAL_UNIT_ASSIGNED_CONTEXT ( ( #397, #383, #417 ) ) REPRESENTATION_CONTEXT ( 'NONE', 'WORKASPACE' ) );
#8 = DIRECTION ( 'NONE',  ( -0.0000000000000000000, -0.0000000000000000000, -1.000000000000000000 ) ) ;
#9 = CARTESIAN_POINT ( 'NONE',  ( -5.030698080332740574E-14, -10.39230484541327293, -0.8038475772933744157 ) ) ;
#10 = DIRECTION ( 'NONE',  ( 1.000000000000000000, 0.0000000000000000000, 0.0000000000000000000 ) ) ;
#11 = AXIS2_PLACEMENT_3D ( 'NONE', #1693, #1666, #1922 ) ;
#12 = CARTESIAN_POINT ( 'NONE',  ( 9.000000000000000000, -0.8780643052077400368, -12.20000000000000107 ) ) ;
#13 = ORIENTED_EDGE ( 'NONE', *, *, #680, .T. ) ;
#14 = ORIENTED_EDGE ( 'NONE', *, *, #1678, .F. ) ;
#15 = ORIENTED_EDGE ( 'NONE', *, *, #986, .F. ) ;
#16 = ORIENTED_EDGE ( 'NONE', *, *, #890, .T. ) ;
#17 = ORIENTED_EDGE ( 'NONE', *, *, #1066, .F. ) ;
#18 = DIRECTION ( 'NONE',  ( 1.000000000000000000, 0.0000000000000000000, 0.0000000000000000000 ) ) ;
#19 = AXIS2_PLACEMENT_3D ( 'NONE', #81, #64, #93 ) ;
#20 = MECHANICAL_DESIGN_GEOMETRIC_PRESENTATION_REPRESENTATION (  '', ( #33 ), #7 ) ;
#21 = DIRECTION ( 'NONE',  ( 0.0000000000000000000, 0.0000000000000000000, 1.000000000000000000 ) ) ;
#22 = AXIS2_PLACEMENT_3D ( 'NONE', #465, #45, #281 ) ;
#23 = FACE_OUTER_BOUND ( 'NONE', #1124, .T. ) ;
#24 = PRESENTATION_LAYER_ASSIGNMENT (  '', '', ( #33 ) ) ;
#25 = DIRECTION ( 'NONE',  ( -1.000000000000000000, 0.0000000000000000000, 0.0000000000000000000 ) ) ;
#26 = DIRECTION ( 'NONE',  ( -0.0000000000000000000, -0.0000000000000000000, -1.000000000000000000 ) ) ;
#27 = COLOUR_RGB ( '',0.7764705882352941346, 0.7568627450980391913, 0.7372549019607843590 ) ;
#28 = CARTESIAN_POINT ( 'NONE',  ( 0.0000000000000000000, 0.0000000000000000000, -2.866413215611273380 ) ) ;
#29 = AXIS2_PLACEMENT_3D ( 'NONE', #1430, #1545, #1306 ) ;
#30 = DIRECTION ( 'NONE',  ( 1.000000000000000000, 0.0000000000000000000, 0.0000000000000000000 ) ) ;
#31 = AXIS2_PLACEMENT_3D ( 'NONE', #1491, #1395, #391 ) ;
#32 = CARTESIAN_POINT ( 'NONE',  ( 9.000000000000000000, 5.196152422706620477, -12.19999999999999929 ) ) ;
#33 = STYLED_ITEM ( 'NONE', ( #1780 ), #389 ) ;
#34 = CARTESIAN_POINT ( 'NONE',  ( 6.000000000000000000, 7.347880794884119736E-16, -6.967799999999999550 ) ) ;
#35 = EDGE_LOOP ( 'NONE', ( #1351, #1380, #1450, #1478 ) ) ;
#36 = AXIS2_PLACEMENT_3D ( 'NONE', #1711, #1040, #706 ) ;
#37 = ORIENTED_EDGE ( 'NONE', *, *, #1097, .F. ) ;
#38 = CARTESIAN_POINT ( 'NONE',  ( 4.500000000000009770, -7.794228634059941818, -12.19999999999999929 ) ) ;
#39 = LINE ( 'NONE', #1231, #1931 ) ;
#40 = ORIENTED_EDGE ( 'NONE', *, *, #684, .T. ) ;
#41 = DIRECTION ( 'NONE',  ( -1.000000000000000000, 0.0000000000000000000, 0.0000000000000000000 ) ) ;
#42 = ORIENTED_EDGE ( 'NONE', *, *, #989, .F. ) ;
#43 =( GEOMETRIC_REPRESENTATION_CONTEXT ( 3 ) GLOBAL_UNCERTAINTY_ASSIGNED_CONTEXT ( ( #1766 ) ) GLOBAL_UNIT_ASSIGNED_CONTEXT ( ( #266, #244, #295 ) ) REPRESENTATION_CONTEXT ( 'NONE', 'WORKASPACE' ) );
#44 = EDGE_LOOP ( 'NONE', ( #14, #345, #1039, #126 ) ) ;
#45 = DIRECTION ( 'NONE',  ( -0.0000000000000000000, -0.0000000000000000000, -1.000000000000000000 ) ) ;
#46 = PRODUCT_DEFINITION_SHAPE ( 'NONE', 'NONE',  #483 ) ;
#47 = CIRCLE ( 'NONE', #516, 5.099999999999999645 ) ;
#48 = CARTESIAN_POINT ( 'NONE',  ( -6.000000000000000000, 0.0000000000000000000, -8.703400000000000247 ) ) ;
#49 = DIRECTION ( 'NONE',  ( -0.0000000000000000000, -0.0000000000000000000, -1.000000000000000000 ) ) ;
#50 = AXIS2_PLACEMENT_3D ( 'NONE', #3, #105, #1154 ) ;
#51 = VECTOR ( 'NONE', #1015, 1000.000000000000000 ) ;
#52 = AXIS2_PLACEMENT_3D ( 'NONE', #1763, #583, #579 ) ;
#53 = CARTESIAN_POINT ( 'NONE',  ( -6.000000000000000000, 0.0000000000000000000, -10.43899999999999828 ) ) ;
#54 = FACE_OUTER_BOUND ( 'NONE', #1848, .T. ) ;
#55 =( NAMED_UNIT ( * ) SI_UNIT ( $, .STERADIAN. ) SOLID_ANGLE_UNIT ( ) );
#56 = AXIS2_PLACEMENT_3D ( 'NONE', #273, #1764, #1225 ) ;
#57 = AXIS2_PLACEMENT_3D ( 'NONE', #659, #110, #229 ) ;
#58 = CARTESIAN_POINT ( 'NONE',  ( 0.0000000000000000000, 0.0000000000000000000, -25.03750572909317285 ) ) ;
#59 = CARTESIAN_POINT ( 'NONE',  ( 0.0000000000000000000, 0.0000000000000000000, -12.19999999999999929 ) ) ;
#60 = DIRECTION ( 'NONE',  ( 1.000000000000000000, 0.0000000000000000000, 0.0000000000000000000 ) ) ;
#61 = CARTESIAN_POINT ( 'NONE',  ( 0.0000000000000000000, 0.0000000000000000000, -2.391186784388746656 ) ) ;
#62 = B_SPLINE_CURVE_WITH_KNOTS ( 'NONE', 3,
 ( #1014, #1089, #1032, #1004, #1000, #999 ),
 .UNSPECIFIED., .F., .F.,
 ( 4, 2, 4 ),
 ( 2.380730968282088258E-07, 0.002629065763328369571, 0.005257893453559911445 ),
 .UNSPECIFIED. ) ;
#63 = AXIS2_PLACEMENT_3D ( 'NONE', #348, #1881, #689 ) ;
#64 = DIRECTION ( 'NONE',  ( -0.0000000000000000000, -0.0000000000000000000, -1.000000000000000000 ) ) ;
#65 = CARTESIAN_POINT ( 'NONE',  ( 9.000000000000001776, -4.351040328464089946, -11.64011527025983739 ) ) ;
#66 = CARTESIAN_POINT ( 'NONE',  ( -9.000000000000001776, 0.0000000000000000000, 0.0000000000000000000 ) ) ;
#67 =( GEOMETRIC_REPRESENTATION_CONTEXT ( 3 ) GLOBAL_UNCERTAINTY_ASSIGNED_CONTEXT ( ( #1847 ) ) GLOBAL_UNIT_ASSIGNED_CONTEXT ( ( #85, #1431, #750 ) ) REPRESENTATION_CONTEXT ( 'NONE', 'WORKASPACE' ) );
#68 = VERTEX_POINT ( 'NONE', #622 ) ;
#69 = MECHANICAL_DESIGN_GEOMETRIC_PRESENTATION_REPRESENTATION (  '', ( #89 ), #67 ) ;
#70 = ORIENTED_EDGE ( 'NONE', *, *, #729, .T. ) ;
#71 = VERTEX_POINT ( 'NONE', #1088 ) ;
#72 = DIRECTION ( 'NONE',  ( 0.0000000000000000000, 0.0000000000000000000, 1.000000000000000000 ) ) ;
#73 = DIRECTION ( 'NONE',  ( 1.000000000000000000, 0.0000000000000000000, 0.0000000000000000000 ) ) ;
#74 = VECTOR ( 'NONE', #356, 1000.000000000000000 ) ;
#75 = VERTEX_POINT ( 'NONE', #1158 ) ;
#76 = ORIENTED_EDGE ( 'NONE', *, *, #1110, .F. ) ;
#77 = FILL_AREA_STYLE ('',( #1127 ) ) ;
#78 = VERTEX_POINT ( 'NONE', #1546 ) ;
#79 = CIRCLE ( 'NONE', #517, 6.000000000000000000 ) ;
#80 = CONICAL_SURFACE ( 'NONE', #333, 6.000000000000000000, 0.9599310885968909135 ) ;
#81 = CARTESIAN_POINT ( 'NONE',  ( 0.0000000000000000000, 0.0000000000000000000, -8.073213215611275473 ) ) ;
#82 = CARTESIAN_POINT ( 'NONE',  ( 5.099999999999999645, 0.0000000000000000000, -5.862386784388746719 ) ) ;
#83 = CIRCLE ( 'NONE', #523, 9.000000000000001776 ) ;
#84 = PRESENTATION_LAYER_ASSIGNMENT (  '', '', ( #89 ) ) ;
#85 =( LENGTH_UNIT ( ) NAMED_UNIT ( * ) SI_UNIT ( .MILLI., .METRE. ) );
#86 = LINE ( 'NONE', #1917, #136 ) ;
#87 = DIRECTION ( 'NONE',  ( -0.0000000000000000000, -0.0000000000000000000, 1.000000000000000000 ) ) ;
#88 = DIRECTION ( 'NONE',  ( -1.000000000000000000, 0.0000000000000000000, 0.0000000000000000000 ) ) ;
#89 = STYLED_ITEM ( 'NONE', ( #740 ), #1539 ) ;
#90 = AXIS2_PLACEMENT_3D ( 'NONE', #853, #707, #1850 ) ;
#91 = DIRECTION ( 'NONE',  ( -0.0000000000000000000, -0.0000000000000000000, -1.000000000000000000 ) ) ;
#92 = AXIS2_PLACEMENT_3D ( 'NONE', #722, #1929, #1563 ) ;
#93 = DIRECTION ( 'NONE',  ( -1.000000000000000000, 0.0000000000000000000, 0.0000000000000000000 ) ) ;
#94 = AXIS2_PLACEMENT_3D ( 'NONE', #1554, #1608, #224 ) ;
#95 = DIRECTION ( 'NONE',  ( -0.0000000000000000000, 0.0000000000000000000, -1.000000000000000000 ) ) ;
#96 = AXIS2_PLACEMENT_3D ( 'NONE', #934, #1816, #365 ) ;
#97 = DIRECTION ( 'NONE',  ( -1.000000000000000000, 0.0000000000000000000, 0.0000000000000000000 ) ) ;
#98 = AXIS2_PLACEMENT_3D ( 'NONE', #233, #931, #1770 ) ;
#99 = CARTESIAN_POINT ( 'NONE',  ( 0.0000000000000000000, 0.0000000000000000000, -0.6555867843887469570 ) ) ;
#100 = CARTESIAN_POINT ( 'NONE',  ( -5.099999999999999645, 6.245698675651500839E-16, -12.19999999999999929 ) ) ;
#101 = AXIS2_PLACEMENT_3D ( 'NONE', #1303, #1685, #1304 ) ;
#102 = CIRCLE ( 'NONE', #529, 9.000000000000001776 ) ;
#103 = FACE_OUTER_BOUND ( 'NONE', #119, .T. ) ;
#104 = EDGE_LOOP ( 'NONE', ( #1059, #1061, #1077, #1080 ) ) ;
#105 = DIRECTION ( 'NONE',  ( -0.0000000000000000000, -0.0000000000000000000, -1.000000000000000000 ) ) ;
#106 = AXIS2_PLACEMENT_3D ( 'NONE', #1911, #1341, #690 ) ;
#107 = CIRCLE ( 'NONE', #22, 5.099999999999999645 ) ;
#108 = AXIS2_PLACEMENT_3D ( 'NONE', #672, #643, #1727 ) ;
#109 = VECTOR ( 'NONE', #116, 1000.000000000000000 ) ;
#110 = DIRECTION ( 'NONE',  ( -0.0000000000000000000, -0.0000000000000000000, 1.000000000000000000 ) ) ;
#111 = DIRECTION ( 'NONE',  ( -0.0000000000000000000, -0.0000000000000000000, -1.000000000000000000 ) ) ;
#112 = AXIS2_PLACEMENT_3D ( 'NONE', #892, #1750, #703 ) ;
#113 = CARTESIAN_POINT ( 'NONE',  ( 0.0000000000000000000, 0.0000000000000000000, -4.126786784388746909 ) ) ;
#114 = CARTESIAN_POINT ( 'NONE',  ( 4.500000000000009770, -7.794228634059941818, 0.0000000000000000000 ) ) ;
#115 = AXIS2_PLACEMENT_3D ( 'NONE', #1818, #646, #1609 ) ;
#116 = DIRECTION ( 'NONE',  ( 0.8191520442889973497, 1.003171929053531526E-16, -0.5735764363510381658 ) ) ;
#117 = AXIS2_PLACEMENT_3D ( 'NONE', #99, #428, #1492 ) ;
#118 = CARTESIAN_POINT ( 'NONE',  ( 0.0000000000000000000, 0.0000000000000000000, -12.19999999999999929 ) ) ;
#119 = EDGE_LOOP ( 'NONE', ( #70, #173, #174, #231, #261, #315 ) ) ;
#120 = DIRECTION ( 'NONE',  ( -0.8191520442889973497, 0.0000000000000000000, -0.5735764363510381658 ) ) ;
#121 = AXIS2_PLACEMENT_3D ( 'NONE', #990, #635, #300 ) ;
#122 = ORIENTED_EDGE ( 'NONE', *, *, #698, .F. ) ;
#123 = ORIENTED_EDGE ( 'NONE', *, *, #1007, .F. ) ;
#124 = DIRECTION ( 'NONE',  ( 0.0000000000000000000, 0.0000000000000000000, 1.000000000000000000 ) ) ;
#125 = CIRCLE ( 'NONE', #524, 6.000000000000000000 ) ;
#126 = ORIENTED_EDGE ( 'NONE', *, *, #983, .F. ) ;
#127 = AXIS2_PLACEMENT_3D ( 'NONE', #712, #124, #1345 ) ;
#128 = ORIENTED_EDGE ( 'NONE', *, *, #974, .T. ) ;
#129 = AXIS2_PLACEMENT_3D ( 'NONE', #533, #875, #1904 ) ;
#130 = CARTESIAN_POINT ( 'NONE',  ( 0.0000000000000000000, 0.0000000000000000000, -9.333586784388746338 ) ) ;
#131 = SURFACE_STYLE_USAGE ( .BOTH. , #1100 ) ;
#132 = VERTEX_POINT ( 'NONE', #837 ) ;
#133 = AXIS2_PLACEMENT_3D ( 'NONE', #203, #142, #1742 ) ;
#134 = CARTESIAN_POINT ( 'NONE',  ( 4.500000000000014211, 7.794228634059940930, 0.0000000000000000000 ) ) ;
#135 = PLANE ( 'NONE',  #313 ) ;
#136 = VECTOR ( 'NONE', #72, 1000.000000000000000 ) ;
#137 = VECTOR ( 'NONE', #1788, 1000.000000000000000 ) ;
#138 = AXIS2_PLACEMENT_3D ( 'NONE', #955, #1892, #1559 ) ;
#139 = CARTESIAN_POINT ( 'NONE',  ( 4.118099735505529324, -8.014718854569444773, -12.19999999999999218 ) ) ;
#140 = AXIS2_PLACEMENT_3D ( 'NONE', #406, #541, #1822 ) ;
#141 = CARTESIAN_POINT ( 'NONE',  ( 0.0000000000000000000, 0.0000000000000000000, 0.0000000000000000000 ) ) ;
#142 = DIRECTION ( 'NONE',  ( 0.0000000000000000000, 0.0000000000000000000, -1.000000000000000000 ) ) ;
#143 = CARTESIAN_POINT ( 'NONE',  ( 6.000000000000000000, 7.347880794884119736E-16, -3.496599999999999930 ) ) ;
#144 = CARTESIAN_POINT ( 'NONE',  ( -6.000000000000000000, 0.0000000000000000000, -0.02540000000000007530 ) ) ;
#145 = CIRCLE ( 'NONE', #52, 5.099999999999999645 ) ;
#146 = MANIFOLD_SOLID_BREP ( 'ThdSchPat', #1033 ) ;
#147 = AXIS2_PLACEMENT_3D ( 'NONE', #1360, #175, #1888 ) ;
#148 = DIRECTION ( 'NONE',  ( 0.0000000000000000000, 0.0000000000000000000, 1.000000000000000000 ) ) ;
#149 = DIRECTION ( 'NONE',  ( 0.8191520442889885789, 0.0000000000000000000, 0.5735764363510507113 ) ) ;
#150 = DIRECTION ( 'NONE',  ( 1.000000000000000000, 0.0000000000000000000, 0.0000000000000000000 ) ) ;
#151 = AXIS2_PLACEMENT_3D ( 'NONE', #1556, #874, #863 ) ;
#152 = AXIS2_PLACEMENT_3D ( 'NONE', #518, #466, #1319 ) ;
#153 = ORIENTED_EDGE ( 'NONE', *, *, #611, .F. ) ;
#154 = AXIS2_PLACEMENT_3D ( 'NONE', #1729, #87, #225 ) ;
#155 = DIRECTION ( 'NONE',  ( 0.0000000000000000000, 0.0000000000000000000, 1.000000000000000000 ) ) ;
#156 = ORIENTED_EDGE ( 'NONE', *, *, #1103, .T. ) ;
#157 = CIRCLE ( 'NONE', #535, 5.099999999999999645 ) ;
#158 = AXIS2_PLACEMENT_3D ( 'NONE', #1700, #1694, #1247 ) ;
#159 = DIRECTION ( 'NONE',  ( -0.0000000000000000000, -0.0000000000000000000, 1.000000000000000000 ) ) ;
#160 = LINE ( 'NONE', #662, #109 ) ;
#161 = UNCERTAINTY_MEASURE_WITH_UNIT (LENGTH_MEASURE( 1.000000000000000082E-05 ), #629, 'distance_accuracy_value', 'NONE');
#162 = DIRECTION ( 'NONE',  ( -1.000000000000000000, 0.0000000000000000000, 0.0000000000000000000 ) ) ;
#163 = FACE_OUTER_BOUND ( 'NONE', #242, .T. ) ;
#164 = ORIENTED_EDGE ( 'NONE', *, *, #664, .F. ) ;
#165 = CARTESIAN_POINT ( 'NONE',  ( 0.0000000000000000000, 0.0000000000000000000, -5.232199999999999740 ) ) ;
#166 = AXIS2_PLACEMENT_3D ( 'NONE', #585, #1192, #280 ) ;
#167 = DIRECTION ( 'NONE',  ( -1.000000000000000000, 0.0000000000000000000, 0.0000000000000000000 ) ) ;
#168 = CARTESIAN_POINT ( 'NONE',  ( -5.099999999999999645, 6.245698675651500839E-16, -11.06918678438874437 ) ) ;
#169 = AXIS2_PLACEMENT_3D ( 'NONE', #1519, #1640, #1927 ) ;
#170 = DIRECTION ( 'NONE',  ( 0.0000000000000000000, 0.0000000000000000000, 1.000000000000000000 ) ) ;
#171 = AXIS2_PLACEMENT_3D ( 'NONE', #984, #985, #1535 ) ;
#172 = CARTESIAN_POINT ( 'NONE',  ( 0.0000000000000000000, 0.0000000000000000000, 0.0000000000000000000 ) ) ;
#173 = ORIENTED_EDGE ( 'NONE', *, *, #691, .T. ) ;
#174 = ORIENTED_EDGE ( 'NONE', *, *, #717, .T. ) ;
#175 = DIRECTION ( 'NONE',  ( 0.0000000000000000000, 0.0000000000000000000, 1.000000000000000000 ) ) ;
#176 = CIRCLE ( 'NONE', #532, 5.099999999999999645 ) ;
#177 = ORIENTED_EDGE ( 'NONE', *, *, #614, .F. ) ;
#178 = ORIENTED_EDGE ( 'NONE', *, *, #1549, .F. ) ;
#179 = CARTESIAN_POINT ( 'NONE',  ( -5.099999999999999645, 6.245698675651500839E-16, -12.19999999999999929 ) ) ;
#180 = AXIS2_PLACEMENT_3D ( 'NONE', #451, #1842, #404 ) ;
#181 = CIRCLE ( 'NONE', #540, 5.099999999999999645 ) ;
#182 = AXIS2_PLACEMENT_3D ( 'NONE', #948, #896, #978 ) ;
#183 = ORIENTED_EDGE ( 'NONE', *, *, #1558, .F. ) ;
#184 = VERTEX_POINT ( 'NONE', #1909 ) ;
#185 = CIRCLE ( 'NONE', #550, 9.000000000000001776 ) ;
#186 = AXIS2_PLACEMENT_3D ( 'NONE', #1411, #196, #88 ) ;
#187 = AXIS2_PLACEMENT_3D ( 'NONE', #141, #1330, #824 ) ;
#188 = CIRCLE ( 'NONE', #539, 5.099999999999999645 ) ;
#189 = DIRECTION ( 'NONE',  ( 0.8191520442889906883, 1.003171929053523391E-16, -0.5735764363510477137 ) ) ;
#190 = VECTOR ( 'NONE', #410, 1000.000000000000000 ) ;
#191 = DIRECTION ( 'NONE',  ( 0.0000000000000000000, 0.0000000000000000000, 1.000000000000000000 ) ) ;
#192 = UNCERTAINTY_MEASURE_WITH_UNIT (LENGTH_MEASURE( 1.000000000000000082E-05 ), #397, 'distance_accuracy_value', 'NONE');
#193 = CIRCLE ( 'NONE', #29, 6.000000000000000000 ) ;
#194 = FACE_OUTER_BOUND ( 'NONE', #556, .T. ) ;
#195 = LINE ( 'NONE', #1105, #137 ) ;
#196 = DIRECTION ( 'NONE',  ( 0.0000000000000000000, 0.0000000000000000000, -1.000000000000000000 ) ) ;
#197 = AXIS2_PLACEMENT_3D ( 'NONE', #1216, #922, #162 ) ;
#198 = DIRECTION ( 'NONE',  ( 0.0000000000000000000, 0.0000000000000000000, 1.000000000000000000 ) ) ;
#199 = AXIS2_PLACEMENT_3D ( 'NONE', #511, #1807, #1184 ) ;
#200 = DIRECTION ( 'NONE',  ( 0.8191520442889885789, 0.0000000000000000000, 0.5735764363510507113 ) ) ;
#201 = AXIS2_PLACEMENT_3D ( 'NONE', #1452, #973, #536 ) ;
#202 = AXIS2_PLACEMENT_3D ( 'NONE', #1710, #1060, #378 ) ;
#203 = CARTESIAN_POINT ( 'NONE',  ( 0.0000000000000000000, 0.0000000000000000000, 0.0000000000000000000 ) ) ;
#204 = DIRECTION ( 'NONE',  ( -0.0000000000000000000, 0.0000000000000000000, -1.000000000000000000 ) ) ;
#205 = EDGE_LOOP ( 'NONE', ( #1829, #695, #668, #666 ) ) ;
#206 = CIRCLE ( 'NONE', #452, 5.099999999999999645 ) ;
#207 = ORIENTED_EDGE ( 'NONE', *, *, #1016, .T. ) ;
#208 = VECTOR ( 'NONE', #1686, 1000.000000000000000 ) ;
#209 = AXIS2_PLACEMENT_3D ( 'NONE', #1084, #610, #1843 ) ;
#210 = CARTESIAN_POINT ( 'NONE',  ( -5.099999999999999645, 6.245698675651500839E-16, -12.19999999999999929 ) ) ;
#211 = ORIENTED_EDGE ( 'NONE', *, *, #1570, .F. ) ;
#212 = DIRECTION ( 'NONE',  ( 1.000000000000000000, 0.0000000000000000000, 0.0000000000000000000 ) ) ;
#213 = AXIS2_PLACEMENT_3D ( 'NONE', #630, #21, #326 ) ;
#214 = AXIS2_PLACEMENT_3D ( 'NONE', #1291, #1646, #1697 ) ;
#215 = VERTEX_POINT ( 'NONE', #971 ) ;
#216 = AXIS2_PLACEMENT_3D ( 'NONE', #59, #1655, #10 ) ;
#217 = AXIS2_PLACEMENT_3D ( 'NONE', #1132, #1384, #1587 ) ;
#218 = VECTOR ( 'NONE', #1830, 1000.000000000000000 ) ;
#219 = AXIS2_PLACEMENT_3D ( 'NONE', #841, #148, #73 ) ;
#220 = DIRECTION ( 'NONE',  ( -0.0000000000000000000, -0.0000000000000000000, 1.000000000000000000 ) ) ;
#221 = ORIENTED_EDGE ( 'NONE', *, *, #838, .F. ) ;
#222 = FILL_AREA_STYLE_COLOUR ( '', #1072 ) ;
#223 =( GEOMETRIC_REPRESENTATION_CONTEXT ( 3 ) GLOBAL_UNCERTAINTY_ASSIGNED_CONTEXT ( ( #597 ) ) GLOBAL_UNIT_ASSIGNED_CONTEXT ( ( #1618, #1918, #55 ) ) REPRESENTATION_CONTEXT ( 'NONE', 'WORKASPACE' ) );
#224 = DIRECTION ( 'NONE',  ( -1.000000000000000000, 0.0000000000000000000, 0.0000000000000000000 ) ) ;
#225 = DIRECTION ( 'NONE',  ( 1.000000000000000000, 0.0000000000000000000, 0.0000000000000000000 ) ) ;
#226 = MECHANICAL_DESIGN_GEOMETRIC_PRESENTATION_REPRESENTATION (  '', ( #230 ), #223 ) ;
#227 = AXIS2_PLACEMENT_3D ( 'NONE', #842, #1489, #1533 ) ;
#228 = CARTESIAN_POINT ( 'NONE',  ( 0.0000000000000000000, 0.0000000000000000000, 3.469446951953614189E-15 ) ) ;
#229 = DIRECTION ( 'NONE',  ( -1.000000000000000000, 0.0000000000000000000, 0.0000000000000000000 ) ) ;
#230 = STYLED_ITEM ( 'NONE', ( #1156 ), #1394 ) ;
#231 = ORIENTED_EDGE ( 'NONE', *, *, #776, .F. ) ;
#232 = CONICAL_SURFACE ( 'NONE', #263, 5.009999999999998899, 0.9599310885968800333 ) ;
#233 = CARTESIAN_POINT ( 'NONE',  ( 0.0000000000000000000, 0.0000000000000000000, -11.06918678438874437 ) ) ;
#234 = CIRCLE ( 'NONE', #544, 5.099999999999999645 ) ;
#235 = PRESENTATION_LAYER_ASSIGNMENT (  '', '', ( #230 ) ) ;
#236 = VECTOR ( 'NONE', #354, 1000.000000000000000 ) ;
#237 = CIRCLE ( 'NONE', #554, 6.000000000000000000 ) ;
#238 = DIRECTION ( 'NONE',  ( 0.8191520442889911324, 0.0000000000000000000, 0.5735764363510471586 ) ) ;
#239 = ORIENTED_EDGE ( 'NONE', *, *, #1708, .T. ) ;
#240 = ORIENTED_EDGE ( 'NONE', *, *, #953, .T. ) ;
#241 =( GEOMETRIC_REPRESENTATION_CONTEXT ( 3 ) GLOBAL_UNCERTAINTY_ASSIGNED_CONTEXT ( ( #161 ) ) GLOBAL_UNIT_ASSIGNED_CONTEXT ( ( #629, #1211, #1244 ) ) REPRESENTATION_CONTEXT ( 'NONE', 'WORKASPACE' ) );
#242 = EDGE_LOOP ( 'NONE', ( #1471, #1938, #1846, #1036, #1837, #943 ) ) ;
#243 = DIRECTION ( 'NONE',  ( -0.0000000000000000000, -0.0000000000000000000, -1.000000000000000000 ) ) ;
#244 =( NAMED_UNIT ( * ) PLANE_ANGLE_UNIT ( ) SI_UNIT ( $, .RADIAN. ) );
#245 = CARTESIAN_POINT ( 'NONE',  ( 5.099999999999999645, 0.0000000000000000000, -11.06918678438874437 ) ) ;
#246 = VECTOR ( 'NONE', #189, 1000.000000000000114 ) ;
#247 = LINE ( 'NONE', #339, #190 ) ;
#248 = CIRCLE ( 'NONE', #403, 6.000000000000000000 ) ;
#249 = LINE ( 'NONE', #1598, #218 ) ;
#250 = MECHANICAL_DESIGN_GEOMETRIC_PRESENTATION_REPRESENTATION (  '', ( #260 ), #241 ) ;
#251 = CARTESIAN_POINT ( 'NONE',  ( 5.099999999999999645, 0.0000000000000000000, -12.19999999999999929 ) ) ;
#252 = DIRECTION ( 'NONE',  ( -1.000000000000000000, 0.0000000000000000000, 0.0000000000000000000 ) ) ;
#253 = DIRECTION ( 'NONE',  ( -0.0000000000000000000, -0.0000000000000000000, -1.000000000000000000 ) ) ;
#254 = CARTESIAN_POINT ( 'NONE',  ( -0.7343025909353900760, 9.968355046870083669, -11.64091995301862781 ) ) ;
#255 = DIRECTION ( 'NONE',  ( 0.0000000000000000000, 0.0000000000000000000, 1.000000000000000000 ) ) ;
#256 = PRESENTATION_LAYER_ASSIGNMENT (  '', '', ( #260 ) ) ;
#257 = CARTESIAN_POINT ( 'NONE',  ( 0.0000000000000000000, 0.0000000000000000000, -8.073213215611275473 ) ) ;
#258 = CARTESIAN_POINT ( 'NONE',  ( 5.009999999999998899, 0.0000000000000000000, -0.6932054628276118624 ) ) ;
#259 = VERTEX_POINT ( 'NONE', #1111 ) ;
#260 = STYLED_ITEM ( 'NONE', ( #777 ), #1389 ) ;
#261 = ORIENTED_EDGE ( 'NONE', *, *, #639, .F. ) ;
#262 = ORIENTED_EDGE ( 'NONE', *, *, #1026, .T. ) ;
#263 = AXIS2_PLACEMENT_3D ( 'NONE', #727, #1755, #60 ) ;
#264 = LINE ( 'NONE', #1701, #208 ) ;
#265 = ORIENTED_EDGE ( 'NONE', *, *, #1083, .T. ) ;
#266 =( LENGTH_UNIT ( ) NAMED_UNIT ( * ) SI_UNIT ( .MILLI., .METRE. ) );
#267 = AXIS2_PLACEMENT_3D ( 'NONE', #1337, #560, #1505 ) ;
#268 = CYLINDRICAL_SURFACE ( 'NONE', #227, 5.099999999999999645 ) ;
#269 = CIRCLE ( 'NONE', #561, 9.000000000000001776 ) ;
#270 = AXIS2_PLACEMENT_3D ( 'NONE', #1507, #1895, #18 ) ;
#271 = LINE ( 'NONE', #587, #246 ) ;
#272 = CARTESIAN_POINT ( 'NONE',  ( -5.009999999999998899, 6.135480463728238062E-16, -0.6932054628276118624 ) ) ;
#273 = CARTESIAN_POINT ( 'NONE',  ( 0.0000000000000000000, 0.0000000000000000000, -12.19999999999999929 ) ) ;
#274 = LINE ( 'NONE', #100, #51 ) ;
#275 = VECTOR ( 'NONE', #1362, 1000.000000000000000 ) ;
#276 = DIRECTION ( 'NONE',  ( -1.000000000000000000, 0.0000000000000000000, 0.0000000000000000000 ) ) ;
#277 = AXIS2_PLACEMENT_3D ( 'NONE', #792, #1709, #1245 ) ;
#278 = CARTESIAN_POINT ( 'NONE',  ( -9.000000000000000000, -5.196152422706648899, -0.8038475772933744157 ) ) ;
#279 = CARTESIAN_POINT ( 'NONE',  ( 8.999999999999998224, -5.196152422706656893, -11.39615242270662421 ) ) ;
#280 = DIRECTION ( 'NONE',  ( -1.000000000000000000, 0.0000000000000000000, 0.0000000000000000000 ) ) ;
#281 = DIRECTION ( 'NONE',  ( -1.000000000000000000, 0.0000000000000000000, 0.0000000000000000000 ) ) ;
#282 = DIRECTION ( 'NONE',  ( -0.0000000000000000000, -0.0000000000000000000, -1.000000000000000000 ) ) ;
#283 = AXIS2_PLACEMENT_3D ( 'NONE', #600, #1209, #255 ) ;
#284 = DIRECTION ( 'NONE',  ( -1.000000000000000000, 0.0000000000000000000, 0.0000000000000000000 ) ) ;
#285 = DIRECTION ( 'NONE',  ( -0.0000000000000000000, -0.0000000000000000000, -1.000000000000000000 ) ) ;
#286 = EDGE_LOOP ( 'NONE', ( #733, #292, #995, #647 ) ) ;
#287 = SURFACE_STYLE_FILL_AREA ( #1568 ) ;
#288 = AXIS2_PLACEMENT_3D ( 'NONE', #846, #988, #1210 ) ;
#289 = CARTESIAN_POINT ( 'NONE',  ( 0.0000000000000000000, 0.0000000000000000000, -0.6555867843887469570 ) ) ;
#290 = ORIENTED_EDGE ( 'NONE', *, *, #763, .F. ) ;
#291 = COLOUR_RGB ( '',0.7764705882352941346, 0.7568627450980391913, 0.7372549019607843590 ) ;
#292 = ORIENTED_EDGE ( 'NONE', *, *, #1106, .T. ) ;
#293 = AXIS2_PLACEMENT_3D ( 'NONE', #434, #1326, #932 ) ;
#294 = ORIENTED_EDGE ( 'NONE', *, *, #1552, .F. ) ;
#295 =( NAMED_UNIT ( * ) SI_UNIT ( $, .STERADIAN. ) SOLID_ANGLE_UNIT ( ) );
#296 = CIRCLE ( 'NONE', #581, 9.000000000000001776 ) ;
#297 = CARTESIAN_POINT ( 'NONE',  ( 6.000000000000000000, 7.347880794884119736E-16, -1.760999999999999899 ) ) ;
#298 = CIRCLE ( 'NONE', #578, 5.099999999999999645 ) ;
#299 = VECTOR ( 'NONE', #416, 1000.000000000000000 ) ;
#300 = DIRECTION ( 'NONE',  ( 1.000000000000000000, 0.0000000000000000000, 0.0000000000000000000 ) ) ;
#301 = AXIS2_PLACEMENT_3D ( 'NONE', #1463, #170, #1109 ) ;
#302 = CIRCLE ( 'NONE', #31, 5.099999999999999645 ) ;
#303 = CONICAL_SURFACE ( 'NONE', #393, 9.000000000000001776, 1.047197551196596521 ) ;
#304 = B_SPLINE_CURVE_WITH_KNOTS ( 'NONE', 3,
 ( #1329, #1353, #1269, #1267, #1260, #1249 ),
 .UNSPECIFIED., .F., .F.,
 ( 4, 2, 4 ),
 ( 0.009270618776430216562, 0.01189894710419331370, 0.01452727543195640909 ),
 .UNSPECIFIED. ) ;
#305 = APPLICATION_PROTOCOL_DEFINITION ( 'draft international standard', 'automotive_design', 1998, #308 ) ;
#306 = AXIS2_PLACEMENT_3D ( 'NONE', #58, #1747, #150 ) ;
#307 = AXIS2_PLACEMENT_3D ( 'NONE', #576, #1569, #1855 ) ;
#308 = APPLICATION_CONTEXT ( 'automotive_design' ) ;
#309 = DIRECTION ( 'NONE',  ( 0.8191520442889973497, 1.003171929053531526E-16, -0.5735764363510381658 ) ) ;
#310 = CARTESIAN_POINT ( 'NONE',  ( -4.500000000000012434, 7.794228634059940930, -12.19999999999999929 ) ) ;
#311 = AXIS2_PLACEMENT_3D ( 'NONE', #1879, #1623, #1716 ) ;
#312 = CARTESIAN_POINT ( 'NONE',  ( 3.733333029993801233, 8.236864015571821795, 7.253990160285828104E-15 ) ) ;
#313 = AXIS2_PLACEMENT_3D ( 'NONE', #1514, #1162, #1690 ) ;
#314 = VERTEX_POINT ( 'NONE', #1495 ) ;
#315 = ORIENTED_EDGE ( 'NONE', *, *, #652, .F. ) ;
#316 = DIRECTION ( 'NONE',  ( -1.000000000000000000, 0.0000000000000000000, 0.0000000000000000000 ) ) ;
#317 = VECTOR ( 'NONE', #374, 1000.000000000000000 ) ;
#318 = VERTEX_POINT ( 'NONE', #956 ) ;
#319 = LINE ( 'NONE', #366, #236 ) ;
#320 = CIRCLE ( 'NONE', #580, 6.000000000000000000 ) ;
#321 = CARTESIAN_POINT ( 'NONE',  ( -5.099999999999999645, 6.245698675651500839E-16, -2.391186784388746656 ) ) ;
#322 = FACE_OUTER_BOUND ( 'NONE', #205, .T. ) ;
#323 = LINE ( 'NONE', #1262, #299 ) ;
#324 = CIRCLE ( 'NONE', #405, 6.000000000000000000 ) ;
#325 = AXIS2_PLACEMENT_3D ( 'NONE', #1883, #1532, #1006 ) ;
#326 = DIRECTION ( 'NONE',  ( 1.000000000000000000, 0.0000000000000000000, 0.0000000000000000000 ) ) ;
#327 = VECTOR ( 'NONE', #1147, 1000.000000000000000 ) ;
#328 = AXIS2_PLACEMENT_3D ( 'NONE', #1238, #358, #167 ) ;
#329 = FILL_AREA_STYLE ('',( #1741 ) ) ;
#330 = DIRECTION ( 'NONE',  ( 0.8191520442889973497, 1.003171929053531526E-16, -0.5735764363510381658 ) ) ;
#331 = DIRECTION ( 'NONE',  ( -0.8191520442889911324, 1.003171929053523884E-16, 0.5735764363510471586 ) ) ;
#332 = CARTESIAN_POINT ( 'NONE',  ( 0.0000000000000000000, 0.0000000000000000000, -6.967799999999999550 ) ) ;
#333 = AXIS2_PLACEMENT_3D ( 'NONE', #601, #243, #1381 ) ;
#334 = AXIS2_PLACEMENT_3D ( 'NONE', #501, #1122, #1908 ) ;
#335 = FACE_OUTER_BOUND ( 'NONE', #618, .T. ) ;
#336 = CARTESIAN_POINT ( 'NONE',  ( 0.0000000000000000000, 0.0000000000000000000, -5.862386784388746719 ) ) ;
#337 = CARTESIAN_POINT ( 'NONE',  ( 5.099999999999999645, 0.0000000000000000000, -12.19999999999999929 ) ) ;
#338 = ORIENTED_EDGE ( 'NONE', *, *, #776, .T. ) ;
#339 = CARTESIAN_POINT ( 'NONE',  ( 5.099999999999999645, 0.0000000000000000000, -9.333586784388746338 ) ) ;
#340 = CARTESIAN_POINT ( 'NONE',  ( -4.118099735505523995, 8.014718854569423456, -12.20000000000000817 ) ) ;
#341 = EDGE_LOOP ( 'NONE', ( #1880, #362, #409, #800 ) ) ;
#342 = EDGE_LOOP ( 'NONE', ( #1297, #1302, #1321, #1350 ) ) ;
#343 = AXIS2_PLACEMENT_3D ( 'NONE', #758, #966, #1383 ) ;
#344 = AXIS2_PLACEMENT_3D ( 'NONE', #359, #1744, #1677 ) ;
#345 = ORIENTED_EDGE ( 'NONE', *, *, #1034, .T. ) ;
#346 = VERTEX_POINT ( 'NONE', #1800 ) ;
#347 = CONICAL_SURFACE ( 'NONE', #334, 6.000000000000000000, 0.9599310885968909135 ) ;
#348 = CARTESIAN_POINT ( 'NONE',  ( 0.0000000000000000000, 0.0000000000000000000, -12.17459999999999809 ) ) ;
#349 = CARTESIAN_POINT ( 'NONE',  ( 0.0000000000000000000, 0.0000000000000000000, -7.597986784388746528 ) ) ;
#350 = CIRCLE ( 'NONE', #63, 6.000000000000000000 ) ;
#351 = AXIS2_PLACEMENT_3D ( 'NONE', #1309, #282, #616 ) ;
#352 = EDGE_LOOP ( 'NONE', ( #1057, #1256, #178, #944 ) ) ;
#353 = CIRCLE ( 'NONE', #36, 6.000000000000000000 ) ;
#354 = DIRECTION ( 'NONE',  ( 0.0000000000000000000, 0.0000000000000000000, 1.000000000000000000 ) ) ;
#355 = CARTESIAN_POINT ( 'NONE',  ( 5.099999999999999645, 0.0000000000000000000, -4.126786784388746909 ) ) ;
#356 = DIRECTION ( 'NONE',  ( 0.0000000000000000000, 0.0000000000000000000, 1.000000000000000000 ) ) ;
#357 = AXIS2_PLACEMENT_3D ( 'NONE', #32, #642, #929 ) ;
#358 = DIRECTION ( 'NONE',  ( -0.0000000000000000000, -0.0000000000000000000, -1.000000000000000000 ) ) ;
#359 = CARTESIAN_POINT ( 'NONE',  ( 0.0000000000000000000, 0.0000000000000000000, -10.43899999999999828 ) ) ;
#360 = DIRECTION ( 'NONE',  ( -1.000000000000000000, 0.0000000000000000000, 0.0000000000000000000 ) ) ;
#361 = AXIS2_PLACEMENT_3D ( 'NONE', #118, #1146, #4 ) ;
#362 = ORIENTED_EDGE ( 'NONE', *, *, #801, .F. ) ;
#363 = AXIS2_PLACEMENT_3D ( 'NONE', #538, #1692, #1544 ) ;
#364 = SURFACE_SIDE_STYLE ('',( #1784 ) ) ;
#365 = DIRECTION ( 'NONE',  ( -1.000000000000000000, 0.0000000000000000000, 0.0000000000000000000 ) ) ;
#366 = CARTESIAN_POINT ( 'NONE',  ( -5.099999999999999645, 6.245698675651500839E-16, -12.19999999999999929 ) ) ;
#367 = AXIS2_PLACEMENT_3D ( 'NONE', #766, #1469, #746 ) ;
#368 = VECTOR ( 'NONE', #387, 1000.000000000000000 ) ;
#369 = CARTESIAN_POINT ( 'NONE',  ( -5.099999999999999645, 6.245698675651500839E-16, -2.391186784388746656 ) ) ;
#370 = DIRECTION ( 'NONE',  ( 0.0000000000000000000, 0.0000000000000000000, 1.000000000000000000 ) ) ;
#371 = DIRECTION ( 'NONE',  ( -0.0000000000000000000, -0.0000000000000000000, -1.000000000000000000 ) ) ;
#372 = CYLINDRICAL_SURFACE ( 'NONE', #56, 5.099999999999999645 ) ;
#373 = VECTOR ( 'NONE', #951, 1000.000000000000000 ) ;
#374 = DIRECTION ( 'NONE',  ( 0.0000000000000000000, 0.0000000000000000000, 1.000000000000000000 ) ) ;
#375 =( GEOMETRIC_REPRESENTATION_CONTEXT ( 3 ) GLOBAL_UNCERTAINTY_ASSIGNED_CONTEXT ( ( #1439 ) ) GLOBAL_UNIT_ASSIGNED_CONTEXT ( ( #1607, #564, #1669 ) ) REPRESENTATION_CONTEXT ( 'NONE', 'WORKASPACE' ) );
#376 = FACE_BOUND ( 'NONE', #1682, .T. ) ;
#377 = MECHANICAL_DESIGN_GEOMETRIC_PRESENTATION_REPRESENTATION (  '', ( #399 ), #375 ) ;
#378 = DIRECTION ( 'NONE',  ( -0.8660254037844378194, -0.5000000000000013323, 0.0000000000000000000 ) ) ;
#379 = CARTESIAN_POINT ( 'NONE',  ( 5.099999999999999645, 0.0000000000000000000, -12.19999999999999929 ) ) ;
#380 = AXIS2_PLACEMENT_3D ( 'NONE', #795, #1913, #1196 ) ;
#381 = DIRECTION ( 'NONE',  ( -0.0000000000000000000, -0.0000000000000000000, 1.000000000000000000 ) ) ;
#382 = AXIS2_PLACEMENT_3D ( 'NONE', #720, #1226, #1845 ) ;
#383 =( NAMED_UNIT ( * ) PLANE_ANGLE_UNIT ( ) SI_UNIT ( $, .RADIAN. ) );
#384 = CONICAL_SURFACE ( 'NONE', #270, 9.000000000000001776, 1.047197551196596521 ) ;
#385 = PRESENTATION_LAYER_ASSIGNMENT (  '', '', ( #399 ) ) ;
#386 = B_SPLINE_CURVE_WITH_KNOTS ( 'NONE', 3,
 ( #38, #139, #1030, #1145, #2, #1137, #1939, #1936 ),
 .UNSPECIFIED., .F., .F.,
 ( 4, 2, 2, 4 ),
 ( 0.005257893453559868945, 0.006567392922673217365, 0.007876892391786566652, 0.01049589133001326696 ),
 .UNSPECIFIED. ) ;
#387 = DIRECTION ( 'NONE',  ( 0.0000000000000000000, 0.0000000000000000000, 1.000000000000000000 ) ) ;
#388 = LINE ( 'NONE', #379, #317 ) ;
#389 = ADVANCED_BREP_SHAPE_REPRESENTATION ( 'M12', ( #146, #715 ), #43 ) ;
#390 = CARTESIAN_POINT ( 'NONE',  ( -9.000000000000000000, -3.485479754112952300, -0.3552645118408606639 ) ) ;
#391 = DIRECTION ( 'NONE',  ( -1.000000000000000000, 0.0000000000000000000, 0.0000000000000000000 ) ) ;
#392 = AXIS2_PLACEMENT_3D ( 'NONE', #1176, #1363, #1254 ) ;
#393 = AXIS2_PLACEMENT_3D ( 'NONE', #1288, #1817, #423 ) ;
#394 = CIRCLE ( 'NONE', #57, 5.099999999999999645 ) ;
#395 = VECTOR ( 'NONE', #1768, 1000.000000000000000 ) ;
#396 = CIRCLE ( 'NONE', #402, 5.099999999999999645 ) ;
#397 =( LENGTH_UNIT ( ) NAMED_UNIT ( * ) SI_UNIT ( .MILLI., .METRE. ) );
#398 = DIRECTION ( 'NONE',  ( 0.0000000000000000000, 0.0000000000000000000, 1.000000000000000000 ) ) ;
#399 = STYLED_ITEM ( 'NONE', ( #1271 ), #1268 ) ;
#400 = ORIENTED_EDGE ( 'NONE', *, *, #773, .T. ) ;
#401 = APPLICATION_PROTOCOL_DEFINITION ( 'draft international standard', 'automotive_design', 1998, #430 ) ;
#402 = AXIS2_PLACEMENT_3D ( 'NONE', #1520, #636, #1808 ) ;
#403 = AXIS2_PLACEMENT_3D ( 'NONE', #332, #111, #360 ) ;
#404 = DIRECTION ( 'NONE',  ( -1.000000000000000000, 0.0000000000000000000, 0.0000000000000000000 ) ) ;
#405 = AXIS2_PLACEMENT_3D ( 'NONE', #165, #442, #1458 ) ;
#406 = CARTESIAN_POINT ( 'NONE',  ( 0.0000000000000000000, 0.0000000000000000000, 0.0000000000000000000 ) ) ;
#407 = EDGE_LOOP ( 'NONE', ( #967, #993, #994, #997 ) ) ;
#408 = EDGE_LOOP ( 'NONE', ( #37, #16, #1135, #413 ) ) ;
#409 = ORIENTED_EDGE ( 'NONE', *, *, #838, .T. ) ;
#410 = DIRECTION ( 'NONE',  ( 0.8191520442889885789, 0.0000000000000000000, 0.5735764363510507113 ) ) ;
#411 = VECTOR ( 'NONE', #398, 1000.000000000000000 ) ;
#412 = LINE ( 'NONE', #337, #74 ) ;
#413 = ORIENTED_EDGE ( 'NONE', *, *, #1540, .F. ) ;
#414 = AXIS2_PLACEMENT_3D ( 'NONE', #1921, #371, #316 ) ;
#415 = EDGE_LOOP ( 'NONE', ( #1653, #1481, #1695, #1676 ) ) ;
#416 = DIRECTION ( 'NONE',  ( -0.0000000000000000000, -0.0000000000000000000, 1.000000000000000000 ) ) ;
#417 =( NAMED_UNIT ( * ) SI_UNIT ( $, .STERADIAN. ) SOLID_ANGLE_UNIT ( ) );
#418 = AXIS2_PLACEMENT_3D ( 'NONE', #1928, #1702, #815 ) ;
#419 = AXIS2_PLACEMENT_3D ( 'NONE', #918, #598, #1443 ) ;
#420 = LINE ( 'NONE', #1191, #327 ) ;
#421 = AXIS2_PLACEMENT_3D ( 'NONE', #336, #1378, #821 ) ;
#422 = VECTOR ( 'NONE', #1603, 1000.000000000000000 ) ;
#423 = DIRECTION ( 'NONE',  ( 1.000000000000000000, 0.0000000000000000000, 0.0000000000000000000 ) ) ;
#424 = AXIS2_PLACEMENT_3D ( 'NONE', #1717, #1222, #1594 ) ;
#425 = ORIENTED_EDGE ( 'NONE', *, *, #1668, .F. ) ;
#426 = AXIS2_PLACEMENT_3D ( 'NONE', #515, #8, #1285 ) ;
#427 = CARTESIAN_POINT ( 'NONE',  ( 5.265513565426383380, 7.352259170992712534, -0.01899995639453358476 ) ) ;
#428 = DIRECTION ( 'NONE',  ( 0.0000000000000000000, 0.0000000000000000000, 1.000000000000000000 ) ) ;
#429 = DIRECTION ( 'NONE',  ( 0.0000000000000000000, 0.0000000000000000000, 1.000000000000000000 ) ) ;
#430 = APPLICATION_CONTEXT ( 'automotive_design' ) ;
#431 = SURFACE_STYLE_USAGE ( .BOTH. , #1468 ) ;
#432 = PRODUCT_CONTEXT ( 'NONE', #308, 'mechanical' ) ;
#433 = AXIS2_PLACEMENT_3D ( 'NONE', #1547, #865, #276 ) ;
#434 = CARTESIAN_POINT ( 'NONE',  ( -9.000000000000000000, -5.196152422706648011, -12.19999999999999929 ) ) ;
#435 = PLANE ( 'NONE',  #277 ) ;
#436 = AXIS2_PLACEMENT_3D ( 'NONE', #349, #1527, #1168 ) ;
#437 = PRESENTATION_STYLE_ASSIGNMENT (( #131 ) ) ;
#438 = AXIS2_PLACEMENT_3D ( 'NONE', #113, #1012, #572 ) ;
#439 = AXIS2_PLACEMENT_3D ( 'NONE', #28, #26, #25 ) ;
#440 = CARTESIAN_POINT ( 'NONE',  ( -5.099999999999999645, 6.245698675651500839E-16, -12.19999999999999929 ) ) ;
#441 = LINE ( 'NONE', #686, #395 ) ;
#442 = DIRECTION ( 'NONE',  ( -0.0000000000000000000, -0.0000000000000000000, -1.000000000000000000 ) ) ;
#443 = AXIS2_PLACEMENT_3D ( 'NONE', #61, #49, #41 ) ;
#444 = AXIS2_PLACEMENT_3D ( 'NONE', #228, #220, #212 ) ;
#445 = LINE ( 'NONE', #484, #422 ) ;
#446 = DIRECTION ( 'NONE',  ( 0.0000000000000000000, 0.0000000000000000000, 1.000000000000000000 ) ) ;
#447 = CARTESIAN_POINT ( 'NONE',  ( 6.071532165918824830E-15, 10.39230484541327471, -11.39615242270662421 ) ) ;
#448 = AXIS2_PLACEMENT_3D ( 'NONE', #257, #253, #252 ) ;
#449 = CARTESIAN_POINT ( 'NONE',  ( 5.099999999999999645, 0.0000000000000000000, -12.19999999999999929 ) ) ;
#450 = CARTESIAN_POINT ( 'NONE',  ( 5.099999999999999645, 0.0000000000000000000, -12.19999999999999929 ) ) ;
#451 = CARTESIAN_POINT ( 'NONE',  ( 0.0000000000000000000, 0.0000000000000000000, -1.760999999999999899 ) ) ;
#452 = AXIS2_PLACEMENT_3D ( 'NONE', #289, #285, #284 ) ;
#453 = CARTESIAN_POINT ( 'NONE',  ( -5.099999999999999645, 6.245698675651500839E-16, -12.19999999999999929 ) ) ;
#454 = AXIS2_PLACEMENT_3D ( 'NONE', #474, #473, #470 ) ;
#455 = CARTESIAN_POINT ( 'NONE',  ( -5.099999999999999645, 6.245698675651500839E-16, -12.19999999999999929 ) ) ;
#456 = VERTEX_POINT ( 'NONE', #1734 ) ;
#457 = VECTOR ( 'NONE', #429, 1000.000000000000000 ) ;
#458 = AXIS2_PLACEMENT_3D ( 'NONE', #506, #499, #490 ) ;
#459 = COLOUR_RGB ( '',0.7764705882352941346, 0.7568627450980391913, 0.7372549019607843590 ) ;
#460 = DIRECTION ( 'NONE',  ( 0.0000000000000000000, 0.0000000000000000000, 1.000000000000000000 ) ) ;
#461 = AXIS2_PLACEMENT_3D ( 'NONE', #568, #565, #562 ) ;
#462 = ORIENTED_EDGE ( 'NONE', *, *, #1071, .T. ) ;
#463 = VERTEX_POINT ( 'NONE', #1798 ) ;
#464 = CIRCLE ( 'NONE', #586, 5.099999999999999645 ) ;
#465 = CARTESIAN_POINT ( 'NONE',  ( 0.0000000000000000000, 0.0000000000000000000, -7.597986784388746528 ) ) ;
#466 = DIRECTION ( 'NONE',  ( -0.0000000000000000000, -0.0000000000000000000, 1.000000000000000000 ) ) ;
#467 = AXIS2_PLACEMENT_3D ( 'NONE', #638, #633, #626 ) ;
#468 = SURFACE_STYLE_FILL_AREA ( #1483 ) ;
#469 = DIRECTION ( 'NONE',  ( 0.0000000000000000000, 0.0000000000000000000, 1.000000000000000000 ) ) ;
#470 = DIRECTION ( 'NONE',  ( -1.000000000000000000, 0.0000000000000000000, 0.0000000000000000000 ) ) ;
#471 = VECTOR ( 'NONE', #381, 1000.000000000000000 ) ;
#472 = LINE ( 'NONE', #520, #373 ) ;
#473 = DIRECTION ( 'NONE',  ( -0.0000000000000000000, 0.0000000000000000000, -1.000000000000000000 ) ) ;
#474 = CARTESIAN_POINT ( 'NONE',  ( 0.0000000000000000000, 0.0000000000000000000, 0.0000000000000000000 ) ) ;
#475 = AXIS2_PLACEMENT_3D ( 'NONE', #663, #657, #656 ) ;
#476 = AXIS2_PLACEMENT_3D ( 'NONE', #687, #681, #676 ) ;
#477 = AXIS2_PLACEMENT_3D ( 'NONE', #751, #743, #737 ) ;
#478 = DIRECTION ( 'NONE',  ( 0.0000000000000000000, 0.0000000000000000000, 1.000000000000000000 ) ) ;
#479 = AXIS2_PLACEMENT_3D ( 'NONE', #774, #772, #768 ) ;
#480 =( NAMED_UNIT ( * ) PLANE_ANGLE_UNIT ( ) SI_UNIT ( $, .RADIAN. ) );
#481 = LINE ( 'NONE', #440, #368 ) ;
#482 = CARTESIAN_POINT ( 'NONE',  ( -5.099999999999999645, 6.245698675651500839E-16, -11.54441321561125378 ) ) ;
#483 = PRODUCT_DEFINITION ( 'UNKNOWN', '', #861, #1854 ) ;
#484 = CARTESIAN_POINT ( 'NONE',  ( -5.099999999999999645, 6.245698675651500839E-16, -0.6555867843887469570 ) ) ;
#485 = CARTESIAN_POINT ( 'NONE',  ( 5.099999999999999645, 0.0000000000000000000, -12.19999999999999929 ) ) ;
#486 = AXIS2_PLACEMENT_3D ( 'NONE', #820, #819, #811 ) ;
#487 = AXIS2_PLACEMENT_3D ( 'NONE', #835, #834, #829 ) ;
#488 = ORIENTED_EDGE ( 'NONE', *, *, #1121, .T. ) ;
#489 = ORIENTED_EDGE ( 'NONE', *, *, #653, .T. ) ;
#490 = DIRECTION ( 'NONE',  ( -1.000000000000000000, 0.0000000000000000000, 0.0000000000000000000 ) ) ;
#491 = AXIS2_PLACEMENT_3D ( 'NONE', #962, #960, #958 ) ;
#492 = VECTOR ( 'NONE', #446, 1000.000000000000000 ) ;
#493 = ORIENTED_EDGE ( 'NONE', *, *, #832, .T. ) ;
#494 = AXIS2_PLACEMENT_3D ( 'NONE', #1027, #1025, #1023 ) ;
#495 = CARTESIAN_POINT ( 'NONE',  ( 6.024380653971843635, 6.914127053141844392, -0.09252763182291745547 ) ) ;
#496 = ORIENTED_EDGE ( 'NONE', *, *, #709, .F. ) ;
#497 = VERTEX_POINT ( 'NONE', #1687 ) ;
#498 = ORIENTED_EDGE ( 'NONE', *, *, #717, .F. ) ;
#499 = DIRECTION ( 'NONE',  ( -0.0000000000000000000, -0.0000000000000000000, -1.000000000000000000 ) ) ;
#500 = CARTESIAN_POINT ( 'NONE',  ( 9.000000000000001776, 0.8785859941773076498, -12.20000000000000107 ) ) ;
#501 = CARTESIAN_POINT ( 'NONE',  ( 0.0000000000000000000, 0.0000000000000000000, -0.02540000000000007530 ) ) ;
#502 = AXIS2_PLACEMENT_3D ( 'NONE', #1054, #1050, #1048 ) ;
#503 = AXIS2_PLACEMENT_3D ( 'NONE', #1068, #1067, #1064 ) ;
#504 = EDGE_LOOP ( 'NONE', ( #641, #1252, #1581, #1860 ) ) ;
#505 = CARTESIAN_POINT ( 'NONE',  ( -6.000000000000000000, 0.0000000000000000000, -12.17459999999999809 ) ) ;
#506 = CARTESIAN_POINT ( 'NONE',  ( 0.0000000000000000000, 0.0000000000000000000, -0.6555867843887469570 ) ) ;
#507 = LINE ( 'NONE', #906, #275 ) ;
#508 = AXIS2_PLACEMENT_3D ( 'NONE', #1095, #1094, #1093 ) ;
#509 = CARTESIAN_POINT ( 'NONE',  ( 7.525268439705675938, 6.047589086024989236, -0.3570196857253453704 ) ) ;
#510 = CARTESIAN_POINT ( 'NONE',  ( 5.099999999999999645, 0.0000000000000000000, -4.602013215611273189 ) ) ;
#511 = CARTESIAN_POINT ( 'NONE',  ( 9.000000000000000000, 5.196152422706620477, -12.19999999999999929 ) ) ;
#512 = AXIS2_PLACEMENT_3D ( 'NONE', #1171, #1169, #1148 ) ;
#513 = AXIS2_PLACEMENT_3D ( 'NONE', #1204, #1202, #1193 ) ;
#514 = CARTESIAN_POINT ( 'NONE',  ( 5.099999999999999645, 0.0000000000000000000, -12.19999999999999929 ) ) ;
#515 = CARTESIAN_POINT ( 'NONE',  ( 0.0000000000000000000, 0.0000000000000000000, -3.496599999999999930 ) ) ;
#516 = AXIS2_PLACEMENT_3D ( 'NONE', #1230, #1229, #1223 ) ;
#517 = AXIS2_PLACEMENT_3D ( 'NONE', #1467, #1466, #1456 ) ;
#518 = CARTESIAN_POINT ( 'NONE',  ( 0.0000000000000000000, 0.0000000000000000000, -12.19999999999999929 ) ) ;
#519 = ORIENTED_EDGE ( 'NONE', *, *, #665, .T. ) ;
#520 = CARTESIAN_POINT ( 'NONE',  ( 6.000000000000000000, 7.347880794884119736E-16, -5.232199999999999740 ) ) ;
#521 = ORIENTED_EDGE ( 'NONE', *, *, #858, .F. ) ;
#522 = VERTEX_POINT ( 'NONE', #1706 ) ;
#523 = AXIS2_PLACEMENT_3D ( 'NONE', #1276, #1480, #1476 ) ;
#524 = AXIS2_PLACEMENT_3D ( 'NONE', #1536, #1531, #1511 ) ;
#525 = EDGE_LOOP ( 'NONE', ( #571, #594 ) ) ;
#526 = FACE_OUTER_BOUND ( 'NONE', #415, .T. ) ;
#527 = SURFACE_STYLE_FILL_AREA ( #1738 ) ;
#528 = ORIENTED_EDGE ( 'NONE', *, *, #747, .T. ) ;
#529 = AXIS2_PLACEMENT_3D ( 'NONE', #1606, #1592, #1591 ) ;
#530 = ORIENTED_EDGE ( 'NONE', *, *, #827, .T. ) ;
#531 = CARTESIAN_POINT ( 'NONE',  ( 6.401276095386993603, 6.696526368584462041, -0.1469846612282466325 ) ) ;
#532 = AXIS2_PLACEMENT_3D ( 'NONE', #1821, #1802, #1799 ) ;
#533 = CARTESIAN_POINT ( 'NONE',  ( 0.0000000000000000000, 0.0000000000000000000, -6.967799999999999550 ) ) ;
#534 = VECTOR ( 'NONE', #309, 1000.000000000000000 ) ;
#535 = AXIS2_PLACEMENT_3D ( 'NONE', #1836, #1833, #1825 ) ;
#536 = DIRECTION ( 'NONE',  ( -1.000000000000000000, 0.0000000000000000000, 0.0000000000000000000 ) ) ;
#537 = CARTESIAN_POINT ( 'NONE',  ( -5.099999999999999645, 6.245698675651500839E-16, -8.073213215611275473 ) ) ;
#538 = CARTESIAN_POINT ( 'NONE',  ( 0.0000000000000000000, 0.0000000000000000000, -12.19999999999999929 ) ) ;
#539 = AXIS2_PLACEMENT_3D ( 'NONE', #1857, #1856, #1851 ) ;
#540 = AXIS2_PLACEMENT_3D ( 'NONE', #1912, #1916, #1914 ) ;
#541 = DIRECTION ( 'NONE',  ( 0.0000000000000000000, 0.0000000000000000000, -1.000000000000000000 ) ) ;
#542 = CARTESIAN_POINT ( 'NONE',  ( -9.000000000000000000, 4.355963544827378797, -0.5613059398865105631 ) ) ;
#543 = CARTESIAN_POINT ( 'NONE',  ( -9.000000000000000000, 3.504753767550374377, -0.3593172728154412909 ) ) ;
#544 = AXIS2_PLACEMENT_3D ( 'NONE', #130, #91, #1876 ) ;
#545 = ORIENTED_EDGE ( 'NONE', *, *, #986, .T. ) ;
#546 = ORIENTED_EDGE ( 'NONE', *, *, #685, .F. ) ;
#547 = EDGE_LOOP ( 'NONE', ( #905, #909, #926, #942 ) ) ;
#548 = EDGE_LOOP ( 'NONE', ( #1714, #1778, #1813, #1828 ) ) ;
#549 = CARTESIAN_POINT ( 'NONE',  ( 9.000000000000000000, 5.196152422706648899, -0.8038475772933744157 ) ) ;
#550 = AXIS2_PLACEMENT_3D ( 'NONE', #1840, #95, #97 ) ;
#551 = VERTEX_POINT ( 'NONE', #1069 ) ;
#552 = ORIENTED_EDGE ( 'NONE', *, *, #691, .F. ) ;
#553 = SURFACE_SIDE_STYLE ('',( #527 ) ) ;
#554 = AXIS2_PLACEMENT_3D ( 'NONE', #1940, #159, #1029 ) ;
#555 = CARTESIAN_POINT ( 'NONE',  ( -9.000000000000000000, 1.769118300197566329, -0.07756262466202264172 ) ) ;
#556 = EDGE_LOOP ( 'NONE', ( #697, #1719, #1619, #1721 ) ) ;
#557 = CIRCLE ( 'NONE', #414, 5.099999999999999645 ) ;
#558 = CONICAL_SURFACE ( 'NONE', #311, 5.099999999999999645, 0.9599310885968755924 ) ;
#559 = CARTESIAN_POINT ( 'NONE',  ( 6.000000000000000000, 7.347880794884119736E-16, -5.232199999999999740 ) ) ;
#560 = DIRECTION ( 'NONE',  ( 0.0000000000000000000, 0.0000000000000000000, -1.000000000000000000 ) ) ;
#561 = AXIS2_PLACEMENT_3D ( 'NONE', #1705, #204, #651 ) ;
#562 = DIRECTION ( 'NONE',  ( -1.000000000000000000, 0.0000000000000000000, 0.0000000000000000000 ) ) ;
#563 = LINE ( 'NONE', #449, #411 ) ;
#564 =( NAMED_UNIT ( * ) PLANE_ANGLE_UNIT ( ) SI_UNIT ( $, .RADIAN. ) );
#565 = DIRECTION ( 'NONE',  ( 0.0000000000000000000, 0.0000000000000000000, 1.000000000000000000 ) ) ;
#566 = VECTOR ( 'NONE', #469, 1000.000000000000000 ) ;
#567 = ORIENTED_EDGE ( 'NONE', *, *, #866, .T. ) ;
#568 = CARTESIAN_POINT ( 'NONE',  ( 0.0000000000000000000, 0.0000000000000000000, -0.01269999999999743556 ) ) ;
#569 = VERTEX_POINT ( 'NONE', #1663 ) ;
#570 = ORIENTED_EDGE ( 'NONE', *, *, #763, .T. ) ;
#571 = ORIENTED_EDGE ( 'NONE', *, *, #627, .F. ) ;
#572 = DIRECTION ( 'NONE',  ( -1.000000000000000000, 0.0000000000000000000, 0.0000000000000000000 ) ) ;
#573 = ORIENTED_EDGE ( 'NONE', *, *, #813, .F. ) ;
#574 = ORIENTED_EDGE ( 'NONE', *, *, #1579, .F. ) ;
#575 = ORIENTED_EDGE ( 'NONE', *, *, #812, .T. ) ;
#576 = CARTESIAN_POINT ( 'NONE',  ( 0.0000000000000000000, 0.0000000000000000000, -9.333586784388746338 ) ) ;
#577 = ORIENTED_EDGE ( 'NONE', *, *, #609, .F. ) ;
#578 = AXIS2_PLACEMENT_3D ( 'NONE', #1373, #1484, #1629 ) ;
#579 = DIRECTION ( 'NONE',  ( -1.000000000000000000, 0.0000000000000000000, 0.0000000000000000000 ) ) ;
#580 = AXIS2_PLACEMENT_3D ( 'NONE', #699, #753, #1498 ) ;
#581 = AXIS2_PLACEMENT_3D ( 'NONE', #851, #761, #1639 ) ;
#582 = CARTESIAN_POINT ( 'NONE',  ( -9.000000000000001776, 0.8785859941773027648, 1.044391623964551924E-15 ) ) ;
#583 = DIRECTION ( 'NONE',  ( -0.0000000000000000000, -0.0000000000000000000, -1.000000000000000000 ) ) ;
#584 = B_SPLINE_CURVE_WITH_KNOTS ( 'NONE', 3,
 ( #1434, #1398, #1320, #1312, #1301, #1286, #1284, #1281 ),
 .UNSPECIFIED., .F., .F.,
 ( 4, 2, 2, 4 ),
 ( 0.005257893453559869812, 0.006567392922673217365, 0.007876892391786564918, 0.01049589133001326349 ),
 .UNSPECIFIED. ) ;
#585 = CARTESIAN_POINT ( 'NONE',  ( 0.0000000000000000000, 0.0000000000000000000, -5.232199999999999740 ) ) ;
#586 = AXIS2_PLACEMENT_3D ( 'NONE', #1114, #1046, #1199 ) ;
#587 = CARTESIAN_POINT ( 'NONE',  ( 6.000000000000000000, 7.347880794884119736E-16, -12.17459999999999809 ) ) ;
#588 =( GEOMETRIC_REPRESENTATION_CONTEXT ( 3 ) GLOBAL_UNCERTAINTY_ASSIGNED_CONTEXT ( ( #775 ) ) GLOBAL_UNIT_ASSIGNED_CONTEXT ( ( #1501, #480, #1425 ) ) REPRESENTATION_CONTEXT ( 'NONE', 'WORKASPACE' ) );
#589 = CARTESIAN_POINT ( 'NONE',  ( -9.000000000000000000, 5.196152422706624030, -0.8038475772933675323 ) ) ;
#590 = CARTESIAN_POINT ( 'NONE',  ( 6.000000000000000000, 0.0000000000000000000, 3.469446951953614189E-15 ) ) ;
#591 = CARTESIAN_POINT ( 'NONE',  ( 6.071532165918824830E-15, 10.39230484541327471, -11.39615242270662421 ) ) ;
#592 = MECHANICAL_DESIGN_GEOMETRIC_PRESENTATION_REPRESENTATION (  '', ( #602 ), #588 ) ;
#593 = ORIENTED_EDGE ( 'NONE', *, *, #614, .T. ) ;
#594 = ORIENTED_EDGE ( 'NONE', *, *, #904, .F. ) ;
#595 = PRESENTATION_LAYER_ASSIGNMENT (  '', '', ( #602 ) ) ;
#596 = ORIENTED_EDGE ( 'NONE', *, *, #639, .T. ) ;
#597 = UNCERTAINTY_MEASURE_WITH_UNIT (LENGTH_MEASURE( 1.000000000000000082E-05 ), #1618, 'distance_accuracy_value', 'NONE');
#598 = DIRECTION ( 'NONE',  ( 0.0000000000000000000, -0.0000000000000000000, 1.000000000000000000 ) ) ;
#599 = ORIENTED_EDGE ( 'NONE', *, *, #788, .T. ) ;
#600 = CARTESIAN_POINT ( 'NONE',  ( -9.000000000000000000, 5.196152422706624030, -12.19999999999999929 ) ) ;
#601 = CARTESIAN_POINT ( 'NONE',  ( 0.0000000000000000000, 0.0000000000000000000, -3.496599999999999930 ) ) ;
#602 = STYLED_ITEM ( 'NONE', ( #437 ), #146 ) ;
#603 = PRODUCT_RELATED_PRODUCT_CATEGORY ( 'part', '', ( #1887 ) ) ;
#604 = LINE ( 'NONE', #605, #471 ) ;
#605 = CARTESIAN_POINT ( 'NONE',  ( -6.000000000000000000, 7.347880794884119736E-16, -25.03750572909317285 ) ) ;
#606 = EDGE_LOOP ( 'NONE', ( #1524, #1651, #1177, #1617 ) ) ;
#607 = EDGE_CURVE ( 'NONE', #1740, #1428, #464, .T. ) ;
#608 = CARTESIAN_POINT ( 'NONE',  ( -9.000000000000001776, 0.0000000000000000000, 0.0000000000000000000 ) ) ;
#609 = EDGE_CURVE ( 'NONE', #945, #75, #912, .T. ) ;
#610 = DIRECTION ( 'NONE',  ( 0.0000000000000000000, 0.0000000000000000000, 1.000000000000000000 ) ) ;
#611 = EDGE_CURVE ( 'NONE', #1182, #1299, #296, .T. ) ;
#612 = EDGE_CURVE ( 'NONE', #259, #314, #320, .T. ) ;
#613 = EDGE_CURVE ( 'NONE', #754, #1910, #298, .T. ) ;
#614 = EDGE_CURVE ( 'NONE', #346, #945, #269, .T. ) ;
#615 = EDGE_CURVE ( 'NONE', #735, #75, #264, .T. ) ;
#616 = DIRECTION ( 'NONE',  ( -1.000000000000000000, 0.0000000000000000000, 0.0000000000000000000 ) ) ;
#617 = EDGE_LOOP ( 'NONE', ( #809, #810, #825, #830 ) ) ;
#618 = EDGE_LOOP ( 'NONE', ( #1096, #1342, #991, #1149 ) ) ;
#619 = EDGE_CURVE ( 'NONE', #1074, #1272, #1173, .T. ) ;
#620 = EDGE_LOOP ( 'NONE', ( #655, #1161, #1180, #1181 ) ) ;
#621 = PLANE ( 'NONE',  #199 ) ;
#622 = CARTESIAN_POINT ( 'NONE',  ( 5.099999999999999645, 0.0000000000000000000, -7.597986784388746528 ) ) ;
#623 = ORIENTED_EDGE ( 'NONE', *, *, #1588, .F. ) ;
#624 = ORIENTED_EDGE ( 'NONE', *, *, #680, .F. ) ;
#625 = CARTESIAN_POINT ( 'NONE',  ( -4.881900264494511532, -7.573738413550479720, -6.845720279709255340E-15 ) ) ;
#626 = DIRECTION ( 'NONE',  ( -1.000000000000000000, 0.0000000000000000000, 0.0000000000000000000 ) ) ;
#627 = EDGE_CURVE ( 'NONE', #1730, #1781, #237, .T. ) ;
#628 = VECTOR ( 'NONE', #1076, 1000.000000000000000 ) ;
#629 =( LENGTH_UNIT ( ) NAMED_UNIT ( * ) SI_UNIT ( .MILLI., .METRE. ) );
#630 = CARTESIAN_POINT ( 'NONE',  ( 0.0000000000000000000, 0.0000000000000000000, -12.19999999999999929 ) ) ;
#631 = CIRCLE ( 'NONE', #418, 6.000000000000000000 ) ;
#632 = EDGE_CURVE ( 'NONE', #1272, #346, #185, .T. ) ;
#633 = DIRECTION ( 'NONE',  ( -0.0000000000000000000, -0.0000000000000000000, -1.000000000000000000 ) ) ;
#634 = ORIENTED_EDGE ( 'NONE', *, *, #1062, .T. ) ;
#635 = DIRECTION ( 'NONE',  ( -0.0000000000000000000, -0.0000000000000000000, 1.000000000000000000 ) ) ;
#636 = DIRECTION ( 'NONE',  ( -0.0000000000000000000, -0.0000000000000000000, -1.000000000000000000 ) ) ;
#637 = EDGE_CURVE ( 'NONE', #1930, #1502, #234, .T. ) ;
#638 = CARTESIAN_POINT ( 'NONE',  ( 0.0000000000000000000, 0.0000000000000000000, -0.02540000000000007530 ) ) ;
#639 = EDGE_CURVE ( 'NONE', #787, #762, #386, .T. ) ;
#640 = ORIENTED_EDGE ( 'NONE', *, *, #1602, .F. ) ;
#641 = ORIENTED_EDGE ( 'NONE', *, *, #664, .T. ) ;
#642 = DIRECTION ( 'NONE',  ( -1.000000000000000000, 0.0000000000000000000, 0.0000000000000000000 ) ) ;
#643 = DIRECTION ( 'NONE',  ( 0.0000000000000000000, 0.0000000000000000000, 1.000000000000000000 ) ) ;
#644 = CARTESIAN_POINT ( 'NONE',  ( -6.000000000000000000, 0.0000000000000000000, -10.43899999999999828 ) ) ;
#645 = CARTESIAN_POINT ( 'NONE',  ( -9.000000000000000000, -0.8780643052077399258, 9.317362419797303730E-16 ) ) ;
#646 = DIRECTION ( 'NONE',  ( 0.0000000000000000000, 0.0000000000000000000, 1.000000000000000000 ) ) ;
#647 = ORIENTED_EDGE ( 'NONE', *, *, #1665, .F. ) ;
#648 = EDGE_CURVE ( 'NONE', #1910, #754, #181, .T. ) ;
#649 = CONICAL_SURFACE ( 'NONE', #90, 5.099999999999999645, 0.9599310885968755924 ) ;
#650 = VECTOR ( 'NONE', #1633, 1000.000000000000000 ) ;
#651 = DIRECTION ( 'NONE',  ( -1.000000000000000000, 0.0000000000000000000, 0.0000000000000000000 ) ) ;
#652 = EDGE_CURVE ( 'NONE', #670, #787, #1044, .T. ) ;
#653 = EDGE_CURVE ( 'NONE', #1368, #346, #726, .T. ) ;
#654 = FACE_OUTER_BOUND ( 'NONE', #1241, .T. ) ;
#655 = ORIENTED_EDGE ( 'NONE', *, *, #974, .F. ) ;
#656 = DIRECTION ( 'NONE',  ( -1.000000000000000000, 0.0000000000000000000, 0.0000000000000000000 ) ) ;
#657 = DIRECTION ( 'NONE',  ( -0.0000000000000000000, 0.0000000000000000000, -1.000000000000000000 ) ) ;
#658 = EDGE_CURVE ( 'NONE', #1042, #1920, #188, .T. ) ;
#659 = CARTESIAN_POINT ( 'NONE',  ( 0.0000000000000000000, 0.0000000000000000000, -11.54441321561125378 ) ) ;
#660 = EDGE_CURVE ( 'NONE', #880, #1085, #157, .T. ) ;
#661 = CARTESIAN_POINT ( 'NONE',  ( 5.099999999999999645, 0.0000000000000000000, -5.862386784388746719 ) ) ;
#662 = CARTESIAN_POINT ( 'NONE',  ( 6.000000000000000000, 7.347880794884119736E-16, -8.703400000000000247 ) ) ;
#663 = CARTESIAN_POINT ( 'NONE',  ( 0.0000000000000000000, 0.0000000000000000000, 0.0000000000000000000 ) ) ;
#664 = EDGE_CURVE ( 'NONE', #522, #970, #176, .T. ) ;
#665 = EDGE_CURVE ( 'NONE', #346, #1052, #755, .T. ) ;
#666 = ORIENTED_EDGE ( 'NONE', *, *, #866, .F. ) ;
#667 = ORIENTED_EDGE ( 'NONE', *, *, #864, .F. ) ;
#668 = ORIENTED_EDGE ( 'NONE', *, *, #957, .F. ) ;
#669 = ORIENTED_EDGE ( 'NONE', *, *, #716, .F. ) ;
#670 = VERTEX_POINT ( 'NONE', #1861 ) ;
#671 = EDGE_CURVE ( 'NONE', #71, #1182, #818, .T. ) ;
#672 = CARTESIAN_POINT ( 'NONE',  ( 0.0000000000000000000, 0.0000000000000000000, -11.06918678438874437 ) ) ;
#673 = ORIENTED_EDGE ( 'NONE', *, *, #1055, .T. ) ;
#674 = ORIENTED_EDGE ( 'NONE', *, *, #658, .T. ) ;
#675 = ORIENTED_EDGE ( 'NONE', *, *, #765, .T. ) ;
#676 = DIRECTION ( 'NONE',  ( -1.000000000000000000, 0.0000000000000000000, 0.0000000000000000000 ) ) ;
#677 = ORIENTED_EDGE ( 'NONE', *, *, #665, .F. ) ;
#678 = CARTESIAN_POINT ( 'NONE',  ( 6.000000000000000000, 7.347880794884119736E-16, -10.43899999999999828 ) ) ;
#679 = SURFACE_STYLE_FILL_AREA ( #1517 ) ;
#680 = EDGE_CURVE ( 'NONE', #1052, #945, #856, .T. ) ;
#681 = DIRECTION ( 'NONE',  ( -0.0000000000000000000, 0.0000000000000000000, -1.000000000000000000 ) ) ;
#682 = CONICAL_SURFACE ( 'NONE', #96, 6.000000000000000000, 0.9599310885968909135 ) ;
#683 = LINE ( 'NONE', #143, #534 ) ;
#684 = EDGE_CURVE ( 'NONE', #1299, #71, #1382, .T. ) ;
#685 = EDGE_CURVE ( 'NONE', #787, #132, #102, .T. ) ;
#686 = CARTESIAN_POINT ( 'NONE',  ( -6.000000000000000000, 0.0000000000000000000, -1.760999999999999899 ) ) ;
#687 = CARTESIAN_POINT ( 'NONE',  ( 0.0000000000000000000, 0.0000000000000000000, 0.0000000000000000000 ) ) ;
#688 = CARTESIAN_POINT ( 'NONE',  ( 5.099999999999999645, 0.0000000000000000000, -9.333586784388746338 ) ) ;
#689 = DIRECTION ( 'NONE',  ( 1.000000000000000000, 0.0000000000000000000, 0.0000000000000000000 ) ) ;
#690 = DIRECTION ( 'NONE',  ( -1.000000000000000000, 0.0000000000000000000, 0.0000000000000000000 ) ) ;
#691 = EDGE_CURVE ( 'NONE', #1404, #1195, #1796, .T. ) ;
#692 = CYLINDRICAL_SURFACE ( 'NONE', #380, 5.099999999999999645 ) ;
#693 = EDGE_CURVE ( 'NONE', #1777, #969, #125, .T. ) ;
#694 = DIRECTION ( 'NONE',  ( -0.8191520442889973497, 0.0000000000000000000, -0.5735764363510381658 ) ) ;
#695 = ORIENTED_EDGE ( 'NONE', *, *, #864, .T. ) ;
#696 = ORIENTED_EDGE ( 'NONE', *, *, #1584, .F. ) ;
#697 = ORIENTED_EDGE ( 'NONE', *, *, #1678, .T. ) ;
#698 = EDGE_CURVE ( 'NONE', #1601, #787, #83, .T. ) ;
#699 = CARTESIAN_POINT ( 'NONE',  ( 0.0000000000000000000, 0.0000000000000000000, -12.19999999999999929 ) ) ;
#700 = EDGE_CURVE ( 'NONE', #1803, #1219, #79, .T. ) ;
#701 = ORIENTED_EDGE ( 'NONE', *, *, #843, .F. ) ;
#702 = ORIENTED_EDGE ( 'NONE', *, *, #989, .T. ) ;
#703 = DIRECTION ( 'NONE',  ( 1.000000000000000000, 0.0000000000000000000, 0.0000000000000000000 ) ) ;
#704 = ORIENTED_EDGE ( 'NONE', *, *, #718, .T. ) ;
#705 = CONICAL_SURFACE ( 'NONE', #351, 6.000000000000000000, 0.9599310885968909135 ) ;
#706 = DIRECTION ( 'NONE',  ( -1.000000000000000000, 0.0000000000000000000, 0.0000000000000000000 ) ) ;
#707 = DIRECTION ( 'NONE',  ( 0.0000000000000000000, 0.0000000000000000000, 1.000000000000000000 ) ) ;
#708 = ORIENTED_EDGE ( 'NONE', *, *, #685, .T. ) ;
#709 = EDGE_CURVE ( 'NONE', #1595, #1324, #1419, .T. ) ;
#710 = FACE_OUTER_BOUND ( 'NONE', #606, .T. ) ;
#711 = VECTOR ( 'NONE', #1925, 1000.000000000000000 ) ;
#712 = CARTESIAN_POINT ( 'NONE',  ( 0.0000000000000000000, 0.0000000000000000000, -5.862386784388746719 ) ) ;
#713 = CONICAL_SURFACE ( 'NONE', #94, 6.000000000000000000, 0.9599310885968909135 ) ;
#714 = LINE ( 'NONE', #793, #650 ) ;
#715 = AXIS2_PLACEMENT_3D ( 'NONE', #172, #370, #30 ) ;
#716 = EDGE_CURVE ( 'NONE', #1324, #1074, #884, .T. ) ;
#717 = EDGE_CURVE ( 'NONE', #1195, #1595, #584, .T. ) ;
#718 = EDGE_CURVE ( 'NONE', #551, #1299, #304, .T. ) ;
#719 = CARTESIAN_POINT ( 'NONE',  ( -4.500000000000012434, 7.794228634059940930, -12.19999999999999929 ) ) ;
#720 = CARTESIAN_POINT ( 'NONE',  ( 0.0000000000000000000, 0.0000000000000000000, -12.19999999999999929 ) ) ;
#721 = EDGE_CURVE ( 'NONE', #1611, #78, #47, .T. ) ;
#722 = CARTESIAN_POINT ( 'NONE',  ( 0.0000000000000000000, 0.0000000000000000000, -12.19999999999999929 ) ) ;
#723 = EDGE_CURVE ( 'NONE', #551, #1074, #39, .T. ) ;
#724 = ORIENTED_EDGE ( 'NONE', *, *, #849, .T. ) ;
#725 = EDGE_CURVE ( 'NONE', #1020, #977, #1858, .T. ) ;
#726 = B_SPLINE_CURVE_WITH_KNOTS ( 'NONE', 3,
 ( #1891, #1923, #1885, #1890, #1877, #1873 ),
 .UNSPECIFIED., .F., .F.,
 ( 4, 2, 4 ),
 ( 2.380730968235596737E-07, 0.002629065763328351357, 0.005257893453559879353 ),
 .UNSPECIFIED. ) ;
#727 = CARTESIAN_POINT ( 'NONE',  ( 0.0000000000000000000, 0.0000000000000000000, -0.6932054628276118624 ) ) ;
#728 = CARTESIAN_POINT ( 'NONE',  ( 5.099999999999999645, 0.0000000000000000000, -2.391186784388746656 ) ) ;
#729 = EDGE_CURVE ( 'NONE', #670, #1404, #1772, .T. ) ;
#730 = LINE ( 'NONE', #450, #492 ) ;
#731 = ORIENTED_EDGE ( 'NONE', *, *, #632, .T. ) ;
#732 = ORIENTED_EDGE ( 'NONE', *, *, #653, .F. ) ;
#733 = ORIENTED_EDGE ( 'NONE', *, *, #1565, .F. ) ;
#734 = ORIENTED_EDGE ( 'NONE', *, *, #957, .T. ) ;
#735 = VERTEX_POINT ( 'NONE', #1212 ) ;
#736 = ORIENTED_EDGE ( 'NONE', *, *, #899, .F. ) ;
#737 = DIRECTION ( 'NONE',  ( -1.000000000000000000, 0.0000000000000000000, 0.0000000000000000000 ) ) ;
#738 = ORIENTED_EDGE ( 'NONE', *, *, #839, .F. ) ;
#739 = FACE_OUTER_BOUND ( 'NONE', #1409, .T. ) ;
#740 = PRESENTATION_STYLE_ASSIGNMENT (( #431 ) ) ;
#741 = LINE ( 'NONE', #1823, #628 ) ;
#742 = EDGE_CURVE ( 'NONE', #1868, #1675, #1865, .T. ) ;
#743 = DIRECTION ( 'NONE',  ( -0.0000000000000000000, -0.0000000000000000000, -1.000000000000000000 ) ) ;
#744 = EDGE_CURVE ( 'NONE', #762, #1601, #1728, .T. ) ;
#745 = FACE_OUTER_BOUND ( 'NONE', #917, .T. ) ;
#746 = DIRECTION ( 'NONE',  ( -1.000000000000000000, 0.0000000000000000000, 0.0000000000000000000 ) ) ;
#747 = EDGE_CURVE ( 'NONE', #1404, #463, #1488, .T. ) ;
#748 = EDGE_CURVE ( 'NONE', #1635, #1274, #1620, .T. ) ;
#749 = PLANE ( 'NONE',  #267 ) ;
#750 =( NAMED_UNIT ( * ) SI_UNIT ( $, .STERADIAN. ) SOLID_ANGLE_UNIT ( ) );
#751 = CARTESIAN_POINT ( 'NONE',  ( 0.0000000000000000000, 0.0000000000000000000, -6.967799999999999550 ) ) ;
#752 = ORIENTED_EDGE ( 'NONE', *, *, #869, .T. ) ;
#753 = DIRECTION ( 'NONE',  ( 0.0000000000000000000, -0.0000000000000000000, 1.000000000000000000 ) ) ;
#754 = VERTEX_POINT ( 'NONE', #1128 ) ;
#755 = B_SPLINE_CURVE_WITH_KNOTS ( 'NONE', 3,
 ( #1907, #1824, #1791, #1783, #1776, #1774, #1769, #1758 ),
 .UNSPECIFIED., .F., .F.,
 ( 4, 2, 2, 4 ),
 ( 0.005257893453559879353, 0.006567392922673220834, 0.007876892391786561448, 0.01049589133001324094 ),
 .UNSPECIFIED. ) ;
#756 = CARTESIAN_POINT ( 'NONE',  ( 6.000000000000000000, 7.347880794884119736E-16, -10.43899999999999828 ) ) ;
#757 = ORIENTED_EDGE ( 'NONE', *, *, #652, .T. ) ;
#758 = CARTESIAN_POINT ( 'NONE',  ( 0.0000000000000000000, 0.0000000000000000000, -12.19999999999999929 ) ) ;
#759 = VECTOR ( 'NONE', #460, 1000.000000000000000 ) ;
#760 = ORIENTED_EDGE ( 'NONE', *, *, #910, .T. ) ;
#761 = DIRECTION ( 'NONE',  ( 0.0000000000000000000, -0.0000000000000000000, 1.000000000000000000 ) ) ;
#762 = VERTEX_POINT ( 'NONE', #1098 ) ;
#763 = EDGE_CURVE ( 'NONE', #1462, #1182, #1713, .T. ) ;
#764 = SURFACE_SIDE_STYLE ('',( #1572 ) ) ;
#765 = EDGE_CURVE ( 'NONE', #132, #1462, #1632, .T. ) ;
#766 = CARTESIAN_POINT ( 'NONE',  ( 0.0000000000000000000, 0.0000000000000000000, -6.967799999999999550 ) ) ;
#767 = EDGE_CURVE ( 'NONE', #1290, #1731, #1827, .T. ) ;
#768 = DIRECTION ( 'NONE',  ( 1.000000000000000000, 0.0000000000000000000, 0.0000000000000000000 ) ) ;
#769 = DIRECTION ( 'NONE',  ( -0.8191520442889973497, 0.0000000000000000000, -0.5735764363510381658 ) ) ;
#770 = EDGE_CURVE ( 'NONE', #1712, #1462, #62, .T. ) ;
#771 = CARTESIAN_POINT ( 'NONE',  ( 8.265697409064602041, 5.620102221249815067, -0.5590800469813597129 ) ) ;
#772 = DIRECTION ( 'NONE',  ( -0.0000000000000000000, -0.0000000000000000000, 1.000000000000000000 ) ) ;
#773 = EDGE_CURVE ( 'NONE', #1502, #1930, #1580, .T. ) ;
#774 = CARTESIAN_POINT ( 'NONE',  ( 0.0000000000000000000, 0.0000000000000000000, 0.0000000000000000000 ) ) ;
#775 = UNCERTAINTY_MEASURE_WITH_UNIT (LENGTH_MEASURE( 1.000000000000000082E-05 ), #1501, 'distance_accuracy_value', 'NONE');
#776 = EDGE_CURVE ( 'NONE', #762, #1595, #1553, .T. ) ;
#777 = PRESENTATION_STYLE_ASSIGNMENT (( #1407 ) ) ;
#778 = ORIENTED_EDGE ( 'NONE', *, *, #698, .T. ) ;
#779 = ORIENTED_EDGE ( 'NONE', *, *, #765, .F. ) ;
#780 = ORIENTED_EDGE ( 'NONE', *, *, #887, .T. ) ;
#781 = EDGE_LOOP ( 'NONE', ( #164, #1905, #791, #221 ) ) ;
#782 = EDGE_LOOP ( 'NONE', ( #1605, #674, #1902, #1343 ) ) ;
#783 = EDGE_CURVE ( 'NONE', #1462, #735, #900, .T. ) ;
#784 = EDGE_CURVE ( 'NONE', #71, #1368, #1599, .T. ) ;
#785 = VERTEX_POINT ( 'NONE', #979 ) ;
#786 = CONICAL_SURFACE ( 'NONE', #98, 5.099999999999999645, 0.9599310885968755924 ) ;
#787 = VERTEX_POINT ( 'NONE', #903 ) ;
#788 = EDGE_CURVE ( 'NONE', #1601, #551, #1049, .T. ) ;
#789 = FACE_OUTER_BOUND ( 'NONE', #286, .T. ) ;
#790 = DIRECTION ( 'NONE',  ( 0.8191520442889973497, 1.003171929053531526E-16, -0.5735764363510381658 ) ) ;
#791 = ORIENTED_EDGE ( 'NONE', *, *, #1668, .T. ) ;
#792 = CARTESIAN_POINT ( 'NONE',  ( 0.0000000000000000000, 10.39230484541327471, 0.0000000000000000000 ) ) ;
#793 = CARTESIAN_POINT ( 'NONE',  ( -5.099999999999999645, 6.245698675651500839E-16, -9.333586784388746338 ) ) ;
#794 = EDGE_CURVE ( 'NONE', #184, #1509, #1473, .T. ) ;
#795 = CARTESIAN_POINT ( 'NONE',  ( 0.0000000000000000000, 0.0000000000000000000, -12.19999999999999929 ) ) ;
#796 = LINE ( 'NONE', #453, #457 ) ;
#797 = CARTESIAN_POINT ( 'NONE',  ( 9.000000000000000000, 5.196152422706648899, -0.8038475772933744157 ) ) ;
#798 = CARTESIAN_POINT ( 'NONE',  ( 9.000000000000000000, 4.355963544827401890, -0.5613059398865160032 ) ) ;
#799 = ORIENTED_EDGE ( 'NONE', *, *, #1590, .T. ) ;
#800 = ORIENTED_EDGE ( 'NONE', *, *, #748, .T. ) ;
#801 = EDGE_CURVE ( 'NONE', #970, #522, #1377, .T. ) ;
#802 = ORIENTED_EDGE ( 'NONE', *, *, #611, .T. ) ;
#803 = ORIENTED_EDGE ( 'NONE', *, *, #860, .T. ) ;
#804 = CARTESIAN_POINT ( 'NONE',  ( 9.000000000000000000, 3.504753767550390364, -0.3593172728154445106 ) ) ;
#805 = CARTESIAN_POINT ( 'NONE',  ( 6.000000000000000000, 7.347880794884119736E-16, -3.496599999999999930 ) ) ;
#806 = ORIENTED_EDGE ( 'NONE', *, *, #627, .T. ) ;
#807 = CARTESIAN_POINT ( 'NONE',  ( 9.000000000000000000, 1.769118300197575655, -0.07756262466202334949 ) ) ;
#808 = EDGE_LOOP ( 'NONE', ( #857, #872, #876, #881 ) ) ;
#809 = ORIENTED_EDGE ( 'NONE', *, *, #1566, .F. ) ;
#810 = ORIENTED_EDGE ( 'NONE', *, *, #607, .T. ) ;
#811 = DIRECTION ( 'NONE',  ( -1.000000000000000000, 0.0000000000000000000, 0.0000000000000000000 ) ) ;
#812 = EDGE_CURVE ( 'NONE', #463, #75, #1183, .T. ) ;
#813 = EDGE_CURVE ( 'NONE', #463, #945, #1374, .T. ) ;
#814 = LINE ( 'NONE', #168, #711 ) ;
#815 = DIRECTION ( 'NONE',  ( -1.000000000000000000, 0.0000000000000000000, 0.0000000000000000000 ) ) ;
#816 = VECTOR ( 'NONE', #1265, 1000.000000000000000 ) ;
#817 = EDGE_CURVE ( 'NONE', #1418, #961, #1421, .T. ) ;
#818 = B_SPLINE_CURVE_WITH_KNOTS ( 'NONE', 3,
 ( #1725, #1794, #1673, #1672, #1670, #1667 ),
 .UNSPECIFIED., .F., .F.,
 ( 4, 2, 4 ),
 ( 2.380730968342773404E-07, 0.002629065763328356561, 0.005257893453559879353 ),
 .UNSPECIFIED. ) ;
#819 = DIRECTION ( 'NONE',  ( -0.0000000000000000000, -0.0000000000000000000, -1.000000000000000000 ) ) ;
#820 = CARTESIAN_POINT ( 'NONE',  ( 0.0000000000000000000, 0.0000000000000000000, -9.808813215611271730 ) ) ;
#821 = DIRECTION ( 'NONE',  ( -1.000000000000000000, 0.0000000000000000000, 0.0000000000000000000 ) ) ;
#822 = CARTESIAN_POINT ( 'NONE',  ( 9.000000000000001776, 0.8785859941773086490, 9.529120656610874870E-16 ) ) ;
#823 = EDGE_CURVE ( 'NONE', #522, #1274, #1528, .T. ) ;
#824 = DIRECTION ( 'NONE',  ( -1.000000000000000000, 0.0000000000000000000, 0.0000000000000000000 ) ) ;
#825 = ORIENTED_EDGE ( 'NONE', *, *, #982, .T. ) ;
#826 = EDGE_LOOP ( 'NONE', ( #493, #496, #498 ) ) ;
#827 = EDGE_CURVE ( 'NONE', #463, #1195, #1371, .T. ) ;
#828 = ORIENTED_EDGE ( 'NONE', *, *, #936, .T. ) ;
#829 = DIRECTION ( 'NONE',  ( -1.000000000000000000, 0.0000000000000000000, 0.0000000000000000000 ) ) ;
#830 = ORIENTED_EDGE ( 'NONE', *, *, #693, .F. ) ;
#831 = CONICAL_SURFACE ( 'NONE', #101, 6.000000000000000000, 0.9599310885968792562 ) ;
#832 = EDGE_CURVE ( 'NONE', #1195, #1324, #1339, .T. ) ;
#833 = FACE_OUTER_BOUND ( 'NONE', #1013, .T. ) ;
#834 = DIRECTION ( 'NONE',  ( -0.0000000000000000000, -0.0000000000000000000, -1.000000000000000000 ) ) ;
#835 = CARTESIAN_POINT ( 'NONE',  ( 0.0000000000000000000, 0.0000000000000000000, -3.496599999999999930 ) ) ;
#836 = EDGE_CURVE ( 'NONE', #785, #1562, #1289, .T. ) ;
#837 = CARTESIAN_POINT ( 'NONE',  ( 9.000000000000001776, 0.0000000000000000000, -12.19999999999999929 ) ) ;
#838 = EDGE_CURVE ( 'NONE', #970, #1635, #1370, .T. ) ;
#839 = EDGE_CURVE ( 'NONE', #1652, #1009, #1197, .T. ) ;
#840 = CARTESIAN_POINT ( 'NONE',  ( 9.000000000000001776, 0.0000000000000000000, 0.0000000000000000000 ) ) ;
#841 = CARTESIAN_POINT ( 'NONE',  ( 0.0000000000000000000, 0.0000000000000000000, -0.6555867843887469570 ) ) ;
#842 = CARTESIAN_POINT ( 'NONE',  ( 0.0000000000000000000, 0.0000000000000000000, -12.19999999999999929 ) ) ;
#843 = EDGE_CURVE ( 'NONE', #1272, #1368, #1311, .T. ) ;
#844 = EDGE_CURVE ( 'NONE', #318, #497, #1092, .T. ) ;
#845 = ORIENTED_EDGE ( 'NONE', *, *, #1058, .F. ) ;
#846 = CARTESIAN_POINT ( 'NONE',  ( 0.0000000000000000000, 0.0000000000000000000, -4.126786784388746909 ) ) ;
#847 = EDGE_CURVE ( 'NONE', #1324, #1272, #1250, .T. ) ;
#848 = ORIENTED_EDGE ( 'NONE', *, *, #868, .F. ) ;
#849 = EDGE_CURVE ( 'NONE', #1675, #1085, #1010, .T. ) ;
#850 = ORIENTED_EDGE ( 'NONE', *, *, #613, .T. ) ;
#851 = CARTESIAN_POINT ( 'NONE',  ( 0.0000000000000000000, 0.0000000000000000000, -12.19999999999999929 ) ) ;
#852 = EDGE_CURVE ( 'NONE', #1859, #78, #1008, .T. ) ;
#853 = CARTESIAN_POINT ( 'NONE',  ( 0.0000000000000000000, 0.0000000000000000000, -2.391186784388746656 ) ) ;
#854 = EDGE_LOOP ( 'NONE', ( #574, #239, #1120, #1866 ) ) ;
#855 = ORIENTED_EDGE ( 'NONE', *, *, #1117, .F. ) ;
#856 = B_SPLINE_CURVE_WITH_KNOTS ( 'NONE', 3,
 ( #1756, #1724, #1658, #1654, #312, #1643 ),
 .UNSPECIFIED., .F., .F.,
 ( 4, 2, 4 ),
 ( 2.380730968255675653E-07, 0.002629065763328367836, 0.005257893453559910578 ),
 .UNSPECIFIED. ) ;
#857 = ORIENTED_EDGE ( 'NONE', *, *, #1091, .F. ) ;
#858 = EDGE_CURVE ( 'NONE', #1253, #1622, #1099, .T. ) ;
#859 = CONICAL_SURFACE ( 'NONE', #106, 6.000000000000000000, 0.9599310885968909135 ) ;
#860 = EDGE_CURVE ( 'NONE', #1573, #940, #730, .T. ) ;
#861 = PRODUCT_DEFINITION_FORMATION_WITH_SPECIFIED_SOURCE ( 'ANY', '', #1887, .NOT_KNOWN. ) ;
#862 = CONICAL_SURFACE ( 'NONE', #307, 5.099999999999999645, 0.9599310885968755924 ) ;
#863 = DIRECTION ( 'NONE',  ( 1.000000000000000000, 0.0000000000000000000, 0.0000000000000000000 ) ) ;
#864 = EDGE_CURVE ( 'NONE', #1736, #456, #796, .T. ) ;
#865 = DIRECTION ( 'NONE',  ( 0.0000000000000000000, 0.0000000000000000000, 1.000000000000000000 ) ) ;
#866 = EDGE_CURVE ( 'NONE', #569, #68, #563, .T. ) ;
#867 = VECTOR ( 'NONE', #1732, 1000.000000000000000 ) ;
#868 = EDGE_CURVE ( 'NONE', #970, #1930, #481, .T. ) ;
#869 = EDGE_CURVE ( 'NONE', #522, #1502, #388, .T. ) ;
#870 = CARTESIAN_POINT ( 'NONE',  ( -9.000000000000000000, -5.196152422706648899, -11.39615242270662421 ) ) ;
#871 = EDGE_CURVE ( 'NONE', #1428, #754, #319, .T. ) ;
#872 = ORIENTED_EDGE ( 'NONE', *, *, #612, .F. ) ;
#873 = ORIENTED_EDGE ( 'NONE', *, *, #1558, .T. ) ;
#874 = DIRECTION ( 'NONE',  ( -0.0000000000000000000, -0.0000000000000000000, 1.000000000000000000 ) ) ;
#875 = DIRECTION ( 'NONE',  ( -0.0000000000000000000, -0.0000000000000000000, -1.000000000000000000 ) ) ;
#876 = ORIENTED_EDGE ( 'NONE', *, *, #1552, .T. ) ;
#877 = EDGE_CURVE ( 'NONE', #1740, #1910, #412, .T. ) ;
#878 = ORIENTED_EDGE ( 'NONE', *, *, #939, .F. ) ;
#879 = CARTESIAN_POINT ( 'NONE',  ( -8.265697409064610923, -5.620102221249837271, -11.64091995301862781 ) ) ;
#880 = VERTEX_POINT ( 'NONE', #321 ) ;
#881 = ORIENTED_EDGE ( 'NONE', *, *, #693, .T. ) ;
#882 = CONICAL_SURFACE ( 'NONE', #344, 6.000000000000000000, 0.9599310885968909135 ) ;
#883 = FACE_OUTER_BOUND ( 'NONE', #1696, .T. ) ;
#884 = B_SPLINE_CURVE_WITH_KNOTS ( 'NONE', 3,
 ( #1422, #625, #1396, #1391, #1376, #1372, #1369, #1366 ),
 .UNSPECIFIED., .F., .F.,
 ( 4, 2, 2, 4 ),
 ( 0.005257893453559924456, 0.006567392922673253794, 0.007876892391786582265, 0.01049589133001323747 ),
 .UNSPECIFIED. ) ;
#885 = EDGE_LOOP ( 'NONE', ( #1313, #489, #519, #1037, #1529, #1504 ) ) ;
#886 = CARTESIAN_POINT ( 'NONE',  ( -7.525268439705691037, -6.047589086025009664, -11.84298031427464259 ) ) ;
#887 = EDGE_CURVE ( 'NONE', #497, #318, #206, .T. ) ;
#888 = CONICAL_SURFACE ( 'NONE', #108, 5.099999999999999645, 0.9599310885968755924 ) ;
#889 = LINE ( 'NONE', #1075, #816 ) ;
#890 = EDGE_CURVE ( 'NONE', #1920, #1219, #1839, .T. ) ;
#891 = CARTESIAN_POINT ( 'NONE',  ( -6.401276095387007814, -6.696526368584481581, -12.05301533877173981 ) ) ;
#892 = CARTESIAN_POINT ( 'NONE',  ( 0.0000000000000000000, 0.0000000000000000000, -9.333586784388746338 ) ) ;
#893 = CARTESIAN_POINT ( 'NONE',  ( -6.024380653971854294, -6.914127053141862156, -12.10747236817706707 ) ) ;
#894 = CARTESIAN_POINT ( 'NONE',  ( -5.265513565426396703, -7.352259170992731185, -12.18100004360545263 ) ) ;
#895 = CARTESIAN_POINT ( 'NONE',  ( -4.881900264494513308, -7.573738413550478832, -12.19999999999999218 ) ) ;
#896 = DIRECTION ( 'NONE',  ( -0.0000000000000000000, -0.0000000000000000000, -1.000000000000000000 ) ) ;
#897 = EDGE_CURVE ( 'NONE', #569, #1736, #1762, .T. ) ;
#898 = FACE_OUTER_BOUND ( 'NONE', #1354, .T. ) ;
#899 = EDGE_CURVE ( 'NONE', #1009, #1781, #1790, .T. ) ;
#900 = B_SPLINE_CURVE_WITH_KNOTS ( 'NONE', 3,
 ( #950, #941, #937, #935, #933, #927, #924, #923 ),
 .UNSPECIFIED., .F., .F.,
 ( 4, 2, 2, 4 ),
 ( 0.005257893453559911445, 0.006567392922673240784, 0.007876892391786570122, 0.01049589133001322706 ),
 .UNSPECIFIED. ) ;
#901 = CARTESIAN_POINT ( 'NONE',  ( -4.500000000000013323, -7.794228634059940042, -12.19999999999999929 ) ) ;
#902 = ORIENTED_EDGE ( 'NONE', *, *, #916, .T. ) ;
#903 = CARTESIAN_POINT ( 'NONE',  ( 4.500000000000009770, -7.794228634059941818, -12.19999999999999929 ) ) ;
#904 = EDGE_CURVE ( 'NONE', #1781, #1730, #1875, .T. ) ;
#905 = ORIENTED_EDGE ( 'NONE', *, *, #1548, .F. ) ;
#906 = CARTESIAN_POINT ( 'NONE',  ( -6.000000000000000000, 0.0000000000000000000, -3.496599999999999930 ) ) ;
#907 = ORIENTED_EDGE ( 'NONE', *, *, #1113, .T. ) ;
#908 = DIRECTION ( 'NONE',  ( 0.0000000000000000000, 0.0000000000000000000, 1.000000000000000000 ) ) ;
#909 = ORIENTED_EDGE ( 'NONE', *, *, #839, .T. ) ;
#910 = EDGE_CURVE ( 'NONE', #1652, #1730, #1723, .T. ) ;
#911 = EDGE_CURVE ( 'NONE', #1042, #318, #1760, .T. ) ;
#912 = B_SPLINE_CURVE_WITH_KNOTS ( 'NONE', 3,
 ( #1707, #1689, #427, #495, #531, #509, #771, #549 ),
 .UNSPECIFIED., .F., .F.,
 ( 4, 2, 2, 4 ),
 ( 0.005257893453559910578, 0.006567392922673239916, 0.007876892391786568387, 0.01049589133001322706 ),
 .UNSPECIFIED. ) ;
#913 = EDGE_CURVE ( 'NONE', #1920, #497, #1704, .T. ) ;
#914 = SURFACE_STYLE_USAGE ( .BOTH. , #764 ) ;
#915 = EDGE_CURVE ( 'NONE', #1868, #880, #1625, .T. ) ;
#916 = EDGE_CURVE ( 'NONE', #1910, #1274, #1680, .T. ) ;
#917 = EDGE_LOOP ( 'NONE', ( #1416, #1889, #1266, #1792 ) ) ;
#918 = CARTESIAN_POINT ( 'NONE',  ( 0.0000000000000000000, 0.0000000000000000000, -12.19999999999999929 ) ) ;
#919 = EDGE_CURVE ( 'NONE', #1009, #785, #1538, .T. ) ;
#920 = CARTESIAN_POINT ( 'NONE',  ( -9.000000000000000000, 5.196152422706624030, -12.19999999999999929 ) ) ;
#921 = ORIENTED_EDGE ( 'NONE', *, *, #847, .F. ) ;
#922 = DIRECTION ( 'NONE',  ( 0.0000000000000000000, 0.0000000000000000000, -1.000000000000000000 ) ) ;
#923 = CARTESIAN_POINT ( 'NONE',  ( 9.000000000000000000, 5.196152422706648899, -11.39615242270662421 ) ) ;
#924 = CARTESIAN_POINT ( 'NONE',  ( 8.265697409064602041, 5.620102221249812402, -11.64091995301863669 ) ) ;
#925 = EDGE_LOOP ( 'NONE', ( #400, #634, #1765, #1047 ) ) ;
#926 = ORIENTED_EDGE ( 'NONE', *, *, #919, .T. ) ;
#927 = CARTESIAN_POINT ( 'NONE',  ( 7.525268439705672385, 6.047589086024987459, -11.84298031427465325 ) ) ;
#928 = FACE_OUTER_BOUND ( 'NONE', #352, .T. ) ;
#929 = DIRECTION ( 'NONE',  ( 0.0000000000000000000, 0.0000000000000000000, 1.000000000000000000 ) ) ;
#930 = CONICAL_SURFACE ( 'NONE', #112, 5.099999999999999645, 0.9599310885968755924 ) ;
#931 = DIRECTION ( 'NONE',  ( 0.0000000000000000000, 0.0000000000000000000, 1.000000000000000000 ) ) ;
#932 = DIRECTION ( 'NONE',  ( 0.8660254037844378194, -0.5000000000000014433, 0.0000000000000000000 ) ) ;
#933 = CARTESIAN_POINT ( 'NONE',  ( 6.401276095386993603, 6.696526368584461153, -12.05301533877175757 ) ) ;
#934 = CARTESIAN_POINT ( 'NONE',  ( 0.0000000000000000000, 0.0000000000000000000, -3.496599999999999930 ) ) ;
#935 = CARTESIAN_POINT ( 'NONE',  ( 6.024380653971843635, 6.914127053141843504, -12.10747236817708661 ) ) ;
#936 = EDGE_CURVE ( 'NONE', #1085, #880, #1585, .T. ) ;
#937 = CARTESIAN_POINT ( 'NONE',  ( 5.265513565426383380, 7.352259170992712534, -12.18100004360546507 ) ) ;
#938 = ORIENTED_EDGE ( 'NONE', *, *, #637, .F. ) ;
#939 = EDGE_CURVE ( 'NONE', #1675, #1868, #1388, .T. ) ;
#940 = VERTEX_POINT ( 'NONE', #82 ) ;
#941 = CARTESIAN_POINT ( 'NONE',  ( 4.881900264494499986, 7.573738413550457516, -12.20000000000000817 ) ) ;
#942 = ORIENTED_EDGE ( 'NONE', *, *, #836, .T. ) ;
#943 = ORIENTED_EDGE ( 'NONE', *, *, #718, .F. ) ;
#944 = ORIENTED_EDGE ( 'NONE', *, *, #982, .F. ) ;
#945 = VERTEX_POINT ( 'NONE', #134 ) ;
#946 = ORIENTED_EDGE ( 'NONE', *, *, #987, .F. ) ;
#947 = ORIENTED_EDGE ( 'NONE', *, *, #847, .T. ) ;
#948 = CARTESIAN_POINT ( 'NONE',  ( 0.0000000000000000000, 0.0000000000000000000, -0.02540000000000007530 ) ) ;
#949 = EDGE_LOOP ( 'NONE', ( #736, #738, #760, #806 ) ) ;
#950 = CARTESIAN_POINT ( 'NONE',  ( 4.500000000000014211, 7.794228634059940930, -12.19999999999999929 ) ) ;
#951 = DIRECTION ( 'NONE',  ( 0.8191520442889973497, 1.003171929053531526E-16, -0.5735764363510381658 ) ) ;
#952 = CIRCLE ( 'NONE', #419, 9.000000000000001776 ) ;
#953 = EDGE_CURVE ( 'NONE', #78, #1611, #1433, .T. ) ;
#954 = FACE_OUTER_BOUND ( 'NONE', #1844, .T. ) ;
#955 = CARTESIAN_POINT ( 'NONE',  ( 0.0000000000000000000, 0.0000000000000000000, 0.0000000000000000000 ) ) ;
#956 = CARTESIAN_POINT ( 'NONE',  ( -5.099999999999999645, 6.245698675651500839E-16, -0.6555867843887469570 ) ) ;
#957 = EDGE_CURVE ( 'NONE', #68, #456, #1386, .T. ) ;
#958 = DIRECTION ( 'NONE',  ( -1.000000000000000000, 0.0000000000000000000, 0.0000000000000000000 ) ) ;
#959 = EDGE_CURVE ( 'NONE', #1085, #1219, #1361, .T. ) ;
#960 = DIRECTION ( 'NONE',  ( -0.0000000000000000000, -0.0000000000000000000, -1.000000000000000000 ) ) ;
#961 = VERTEX_POINT ( 'NONE', #34 ) ;
#962 = CARTESIAN_POINT ( 'NONE',  ( 0.0000000000000000000, 0.0000000000000000000, -9.333586784388746338 ) ) ;
#963 = VECTOR ( 'NONE', #478, 1000.000000000000000 ) ;
#964 = EDGE_CURVE ( 'NONE', #1736, #1290, #1328, .T. ) ;
#965 = ORIENTED_EDGE ( 'NONE', *, *, #671, .T. ) ;
#966 = DIRECTION ( 'NONE',  ( 0.0000000000000000000, 0.0000000000000000000, 1.000000000000000000 ) ) ;
#967 = ORIENTED_EDGE ( 'NONE', *, *, #1103, .F. ) ;
#968 = EDGE_CURVE ( 'NONE', #880, #1803, #1358, .T. ) ;
#969 = VERTEX_POINT ( 'NONE', #1246 ) ;
#970 = VERTEX_POINT ( 'NONE', #1688 ) ;
#971 = CARTESIAN_POINT ( 'NONE',  ( -5.099999999999999645, 6.245698675651500839E-16, -4.602013215611273189 ) ) ;
#972 = CARTESIAN_POINT ( 'NONE',  ( -1.001543065824776698E-15, -10.39230484541329957, -12.19999999999999929 ) ) ;
#973 = DIRECTION ( 'NONE',  ( 0.0000000000000000000, 0.0000000000000000000, -1.000000000000000000 ) ) ;
#974 = EDGE_CURVE ( 'NONE', #1611, #184, #1188, .T. ) ;
#975 = FACE_OUTER_BOUND ( 'NONE', #1206, .T. ) ;
#976 = VECTOR ( 'NONE', #1338, 1000.000000000000000 ) ;
#977 = VERTEX_POINT ( 'NONE', #559 ) ;
#978 = DIRECTION ( 'NONE',  ( -1.000000000000000000, 0.0000000000000000000, 0.0000000000000000000 ) ) ;
#979 = CARTESIAN_POINT ( 'NONE',  ( -6.000000000000000000, 0.0000000000000000000, -0.02540000000000007530 ) ) ;
#980 = CONICAL_SURFACE ( 'NONE', #115, 5.099999999999999645, 0.9599310885968755924 ) ;
#981 = VECTOR ( 'NONE', #1251, 1000.000000000000000 ) ;
#982 = EDGE_CURVE ( 'NONE', #1428, #969, #1227, .T. ) ;
#983 = EDGE_CURVE ( 'NONE', #1253, #1418, #1165, .T. ) ;
#984 = CARTESIAN_POINT ( 'NONE',  ( 0.0000000000000000000, 0.0000000000000000000, -2.391186784388746656 ) ) ;
#985 = DIRECTION ( 'NONE',  ( 0.0000000000000000000, 0.0000000000000000000, 1.000000000000000000 ) ) ;
#986 = EDGE_CURVE ( 'NONE', #1009, #1652, #1142, .T. ) ;
#987 = EDGE_CURVE ( 'NONE', #78, #1509, #1280, .T. ) ;
#988 = DIRECTION ( 'NONE',  ( 0.0000000000000000000, 0.0000000000000000000, 1.000000000000000000 ) ) ;
#989 = EDGE_CURVE ( 'NONE', #1509, #184, #1130, .T. ) ;
#990 = CARTESIAN_POINT ( 'NONE',  ( 0.0000000000000000000, 0.0000000000000000000, -25.03750572909317285 ) ) ;
#991 = ORIENTED_EDGE ( 'NONE', *, *, #877, .T. ) ;
#992 = ORIENTED_EDGE ( 'NONE', *, *, #748, .F. ) ;
#993 = ORIENTED_EDGE ( 'NONE', *, *, #844, .T. ) ;
#994 = ORIENTED_EDGE ( 'NONE', *, *, #1066, .T. ) ;
#995 = ORIENTED_EDGE ( 'NONE', *, *, #1112, .T. ) ;
#996 = EDGE_LOOP ( 'NONE', ( #1748, #1392, #425, #1661 ) ) ;
#997 = ORIENTED_EDGE ( 'NONE', *, *, #836, .F. ) ;
#998 = CARTESIAN_POINT ( 'NONE',  ( 5.981862520314373377, 0.0000000000000000000, -0.01269999999999743556 ) ) ;
#999 = CARTESIAN_POINT ( 'NONE',  ( 4.500000000000014211, 7.794228634059940930, -12.19999999999999929 ) ) ;
#1000 = CARTESIAN_POINT ( 'NONE',  ( 3.733333029993802565, 8.236864015571821795, -12.20000000000000639 ) ) ;
#1001 = ORIENTED_EDGE ( 'NONE', *, *, #890, .F. ) ;
#1002 = FACE_OUTER_BOUND ( 'NONE', #341, .T. ) ;
#1003 = CIRCLE ( 'NONE', #421, 5.099999999999999645 ) ;
#1004 = CARTESIAN_POINT ( 'NONE',  ( 2.976196775178698850, 8.673996836102549679, -12.12338897118682368 ) ) ;
#1005 = EDGE_CURVE ( 'NONE', #1731, #1290, #1140, .T. ) ;
#1006 = DIRECTION ( 'NONE',  ( 1.000000000000000000, 0.0000000000000000000, 0.0000000000000000000 ) ) ;
#1007 = EDGE_CURVE ( 'NONE', #940, #977, #1019, .T. ) ;
#1008 = LINE ( 'NONE', #514, #759 ) ;
#1009 = VERTEX_POINT ( 'NONE', #1754 ) ;
#1010 = LINE ( 'NONE', #485, #963 ) ;
#1011 = ORIENTED_EDGE ( 'NONE', *, *, #1071, .F. ) ;
#1012 = DIRECTION ( 'NONE',  ( -0.0000000000000000000, -0.0000000000000000000, -1.000000000000000000 ) ) ;
#1013 = EDGE_LOOP ( 'NONE', ( #848, #1051, #752, #938 ) ) ;
#1014 = CARTESIAN_POINT ( 'NONE',  ( 6.071532165918824830E-15, 10.39230484541327471, -11.39615242270662421 ) ) ;
#1015 = DIRECTION ( 'NONE',  ( 0.0000000000000000000, 0.0000000000000000000, 1.000000000000000000 ) ) ;
#1016 = EDGE_CURVE ( 'NONE', #940, #1622, #1003, .T. ) ;
#1017 = CARTESIAN_POINT ( 'NONE',  ( 5.099999999999999645, 0.0000000000000000000, -6.337613215611272999 ) ) ;
#1018 = CONICAL_SURFACE ( 'NONE', #117, 5.099999999999999645, 0.9599310885968755924 ) ;
#1019 = LINE ( 'NONE', #661, #981 ) ;
#1020 = VERTEX_POINT ( 'NONE', #1079 ) ;
#1021 = CYLINDRICAL_SURFACE ( 'NONE', #92, 5.099999999999999645 ) ;
#1022 = LINE ( 'NONE', #1522, #976 ) ;
#1023 = DIRECTION ( 'NONE',  ( -1.000000000000000000, 0.0000000000000000000, 0.0000000000000000000 ) ) ;
#1024 = FACE_BOUND ( 'NONE', #525, .T. ) ;
#1025 = DIRECTION ( 'NONE',  ( -0.0000000000000000000, -0.0000000000000000000, -1.000000000000000000 ) ) ;
#1026 = EDGE_CURVE ( 'NONE', #1622, #1020, #889, .T. ) ;
#1027 = CARTESIAN_POINT ( 'NONE',  ( 0.0000000000000000000, 0.0000000000000000000, -8.703400000000000247 ) ) ;
#1028 = DIRECTION ( 'NONE',  ( -0.8191520442889973497, 0.0000000000000000000, -0.5735764363510381658 ) ) ;
#1029 = DIRECTION ( 'NONE',  ( 1.000000000000000000, 0.0000000000000000000, 0.0000000000000000000 ) ) ;
#1030 = CARTESIAN_POINT ( 'NONE',  ( 3.734486434573638824, -8.236198097127198636, -12.18100004360545263 ) ) ;
#1031 = DIRECTION ( 'NONE',  ( 0.0000000000000000000, 0.0000000000000000000, 1.000000000000000000 ) ) ;
#1032 = CARTESIAN_POINT ( 'NONE',  ( 1.477658550686875127, 9.539178283403849434, -11.84368954560635956 ) ) ;
#1033 = CLOSED_SHELL ( 'NONE', ( #1512, #1298, #1334, #1322, #1352, #1278, #1340, #1526, #1355, #1530, #1534, #1305, #1490, #1308, #1475, #1516, #1375, #1394, #1261, #1315, #1234, #1270, #1295, #1539, #1268, #1521, #1441, #1257, #1399, #1400, #1389, #1410, #1414, #1273, #1316, #1344, #1356, #1359, #1364, #1365, #1237, #1436, #1438, #1444, #1447, #1420, #1449, #1415, #1453, #1465, #1417, #1405, #1424, #1332, #1426, #1401, #1427, #1429, #1314, #1432, #1435, #1482, #1487, #1500, #1397, #1503, #1515, #1518 ) ) ;
#1034 = EDGE_CURVE ( 'NONE', #1573, #961, #1022, .T. ) ;
#1035 = ORIENTED_EDGE ( 'NONE', *, *, #658, .F. ) ;
#1036 = ORIENTED_EDGE ( 'NONE', *, *, #784, .F. ) ;
#1037 = ORIENTED_EDGE ( 'NONE', *, *, #1575, .F. ) ;
#1038 = ORIENTED_EDGE ( 'NONE', *, *, #1548, .T. ) ;
#1039 = ORIENTED_EDGE ( 'NONE', *, *, #1115, .T. ) ;
#1040 = DIRECTION ( 'NONE',  ( 0.0000000000000000000, -0.0000000000000000000, 1.000000000000000000 ) ) ;
#1041 = ORIENTED_EDGE ( 'NONE', *, *, #1540, .T. ) ;
#1042 = VERTEX_POINT ( 'NONE', #1733 ) ;
#1043 = CONICAL_SURFACE ( 'NONE', #129, 6.000000000000000000, 0.9599310885968909135 ) ;
#1044 = B_SPLINE_CURVE_WITH_KNOTS ( 'NONE', 3,
 ( #1937, #1924, #1906, #1903, #1897, #1894 ),
 .UNSPECIFIED., .F., .F.,
 ( 4, 2, 4 ),
 ( 2.380730968278524102E-07, 0.002629065763328348321, 0.005257893453559868945 ),
 .UNSPECIFIED. ) ;
#1045 = FACE_OUTER_BOUND ( 'NONE', #996, .T. ) ;
#1046 = DIRECTION ( 'NONE',  ( -0.0000000000000000000, -0.0000000000000000000, 1.000000000000000000 ) ) ;
#1047 = ORIENTED_EDGE ( 'NONE', *, *, #1567, .F. ) ;
#1048 = DIRECTION ( 'NONE',  ( 1.000000000000000000, 0.0000000000000000000, 0.0000000000000000000 ) ) ;
#1049 = B_SPLINE_CURVE_WITH_KNOTS ( 'NONE', 3,
 ( #901, #895, #894, #893, #891, #886, #879, #870 ),
 .UNSPECIFIED., .F., .F.,
 ( 4, 2, 2, 4 ),
 ( 0.005257893453559925323, 0.006567392922673253794, 0.007876892391786582265, 0.01049589133001323747 ),
 .UNSPECIFIED. ) ;
#1050 = DIRECTION ( 'NONE',  ( -0.0000000000000000000, -0.0000000000000000000, 1.000000000000000000 ) ) ;
#1051 = ORIENTED_EDGE ( 'NONE', *, *, #801, .T. ) ;
#1052 = VERTEX_POINT ( 'NONE', #1070 ) ;
#1053 = CARTESIAN_POINT ( 'NONE',  ( -6.000000000000000000, 0.0000000000000000000, -6.967799999999999550 ) ) ;
#1054 = CARTESIAN_POINT ( 'NONE',  ( 0.0000000000000000000, 0.0000000000000000000, -12.19999999999999929 ) ) ;
#1055 = EDGE_CURVE ( 'NONE', #1299, #1601, #952, .T. ) ;
#1056 = ORIENTED_EDGE ( 'NONE', *, *, #700, .T. ) ;
#1057 = ORIENTED_EDGE ( 'NONE', *, *, #1541, .T. ) ;
#1058 = EDGE_CURVE ( 'NONE', #754, #1635, #814, .T. ) ;
#1059 = ORIENTED_EDGE ( 'NONE', *, *, #968, .F. ) ;
#1060 = DIRECTION ( 'NONE',  ( -0.5000000000000014433, 0.8660254037844379305, 0.0000000000000000000 ) ) ;
#1061 = ORIENTED_EDGE ( 'NONE', *, *, #660, .T. ) ;
#1062 = EDGE_CURVE ( 'NONE', #1930, #1290, #714, .T. ) ;
#1063 = CONICAL_SURFACE ( 'NONE', #127, 5.099999999999999645, 0.9599310885968755924 ) ;
#1064 = DIRECTION ( 'NONE',  ( -1.000000000000000000, 3.552713678800500929E-15, 0.0000000000000000000 ) ) ;
#1065 = FACE_OUTER_BOUND ( 'NONE', #1691, .T. ) ;
#1066 = EDGE_CURVE ( 'NONE', #497, #1562, #741, .T. ) ;
#1067 = DIRECTION ( 'NONE',  ( 0.0000000000000000000, -0.0000000000000000000, 1.000000000000000000 ) ) ;
#1068 = CARTESIAN_POINT ( 'NONE',  ( 0.0000000000000000000, 0.0000000000000000000, -12.19999999999999929 ) ) ;
#1069 = CARTESIAN_POINT ( 'NONE',  ( -9.000000000000000000, -5.196152422706648899, -11.39615242270662421 ) ) ;
#1070 = CARTESIAN_POINT ( 'NONE',  ( 3.469446951953614189E-15, 10.39230484541327471, -0.8038475772933744157 ) ) ;
#1071 = EDGE_CURVE ( 'NONE', #1562, #785, #631, .T. ) ;
#1072 = COLOUR_RGB ( '',0.7764705882352941346, 0.7568627450980391913, 0.7372549019607843590 ) ;
#1073 = FILL_AREA_STYLE_COLOUR ( '', #459 ) ;
#1074 = VERTEX_POINT ( 'NONE', #1474 ) ;
#1075 = CARTESIAN_POINT ( 'NONE',  ( -5.099999999999999645, 6.245698675651500839E-16, -5.862386784388746719 ) ) ;
#1076 = DIRECTION ( 'NONE',  ( 0.8191520442889885789, 0.0000000000000000000, 0.5735764363510507113 ) ) ;
#1077 = ORIENTED_EDGE ( 'NONE', *, *, #959, .T. ) ;
#1078 = ORIENTED_EDGE ( 'NONE', *, *, #968, .T. ) ;
#1079 = CARTESIAN_POINT ( 'NONE',  ( -6.000000000000000000, 0.0000000000000000000, -5.232199999999999740 ) ) ;
#1080 = ORIENTED_EDGE ( 'NONE', *, *, #700, .F. ) ;
#1081 = ORIENTED_EDGE ( 'NONE', *, *, #1083, .F. ) ;
#1082 = FACE_OUTER_BOUND ( 'NONE', #35, .T. ) ;
#1083 = EDGE_CURVE ( 'NONE', #1675, #1509, #683, .T. ) ;
#1084 = CARTESIAN_POINT ( 'NONE',  ( 0.0000000000000000000, 0.0000000000000000000, -12.19999999999999929 ) ) ;
#1085 = VERTEX_POINT ( 'NONE', #1293 ) ;
#1086 = FACE_OUTER_BOUND ( 'NONE', #1126, .T. ) ;
#1087 = VECTOR ( 'NONE', #1143, 1000.000000000000000 ) ;
#1088 = CARTESIAN_POINT ( 'NONE',  ( -9.000000000000000000, 5.196152422706648899, -11.39615242270662421 ) ) ;
#1089 = CARTESIAN_POINT ( 'NONE',  ( 0.7361406979141443818, 9.967293815311100147, -11.64153265534507575 ) ) ;
#1090 = CONICAL_SURFACE ( 'NONE', #328, 6.000000000000000000, 0.9599310885968909135 ) ;
#1091 = EDGE_CURVE ( 'NONE', #314, #969, #604, .T. ) ;
#1092 = CIRCLE ( 'NONE', #458, 5.099999999999999645 ) ;
#1093 = DIRECTION ( 'NONE',  ( -1.000000000000000000, 0.0000000000000000000, 0.0000000000000000000 ) ) ;
#1094 = DIRECTION ( 'NONE',  ( -0.0000000000000000000, -0.0000000000000000000, -1.000000000000000000 ) ) ;
#1095 = CARTESIAN_POINT ( 'NONE',  ( 0.0000000000000000000, 0.0000000000000000000, -10.43899999999999828 ) ) ;
#1096 = ORIENTED_EDGE ( 'NONE', *, *, #871, .F. ) ;
#1097 = EDGE_CURVE ( 'NONE', #1920, #1042, #557, .T. ) ;
#1098 = CARTESIAN_POINT ( 'NONE',  ( -5.030698080332740574E-14, -10.39230484541327471, -11.39615242270662421 ) ) ;
#1099 = LINE ( 'NONE', #455, #566 ) ;
#1100 = SURFACE_SIDE_STYLE ('',( #468 ) ) ;
#1101 = EDGE_LOOP ( 'NONE', ( #593, #624, #677 ) ) ;
#1102 = ORIENTED_EDGE ( 'NONE', *, *, #742, .F. ) ;
#1103 = EDGE_CURVE ( 'NONE', #318, #785, #445, .T. ) ;
#1104 = CONICAL_SURFACE ( 'NONE', #133, 9.000000000000001776, 1.047197551196596521 ) ;
#1105 = CARTESIAN_POINT ( 'NONE',  ( 5.099999999999999645, 0.0000000000000000000, -7.597986784388746528 ) ) ;
#1106 = EDGE_CURVE ( 'NONE', #1859, #977, #472, .T. ) ;
#1107 = CARTESIAN_POINT ( 'NONE',  ( 9.000000000000001776, 0.0000000000000000000, 0.0000000000000000000 ) ) ;
#1108 = FACE_OUTER_BOUND ( 'NONE', #925, .T. ) ;
#1109 = DIRECTION ( 'NONE',  ( 1.000000000000000000, 0.0000000000000000000, 0.0000000000000000000 ) ) ;
#1110 = EDGE_CURVE ( 'NONE', #1868, #184, #507, .T. ) ;
#1111 = CARTESIAN_POINT ( 'NONE',  ( 6.000000000000000000, 0.0000000000000000000, -12.19999999999999929 ) ) ;
#1112 = EDGE_CURVE ( 'NONE', #977, #1020, #324, .T. ) ;
#1113 = EDGE_CURVE ( 'NONE', #456, #1418, #249, .T. ) ;
#1114 = CARTESIAN_POINT ( 'NONE',  ( 0.0000000000000000000, 0.0000000000000000000, -11.54441321561125378 ) ) ;
#1115 = EDGE_CURVE ( 'NONE', #961, #1418, #248, .T. ) ;
#1116 = CARTESIAN_POINT ( 'NONE',  ( -5.099999999999999645, 6.245698675651500839E-16, -4.126786784388746909 ) ) ;
#1117 = EDGE_CURVE ( 'NONE', #68, #961, #195, .T. ) ;
#1118 = CARTESIAN_POINT ( 'NONE',  ( 9.000000000000000000, -0.8780643052077395927, 1.029992063861229212E-15 ) ) ;
#1119 = FACE_OUTER_BOUND ( 'NONE', #1878, .T. ) ;
#1120 = ORIENTED_EDGE ( 'NONE', *, *, #852, .T. ) ;
#1121 = EDGE_CURVE ( 'NONE', #1253, #1573, #396, .T. ) ;
#1122 = DIRECTION ( 'NONE',  ( -0.0000000000000000000, -0.0000000000000000000, -1.000000000000000000 ) ) ;
#1123 = CARTESIAN_POINT ( 'NONE',  ( 9.000000000000000000, -1.750439824713165837, -0.07547478993377393364 ) ) ;
#1124 = EDGE_LOOP ( 'NONE', ( #521, #488, #803, #640 ) ) ;
#1125 = CARTESIAN_POINT ( 'NONE',  ( 9.000000000000000000, -3.485479754112957629, -0.3552645118408609415 ) ) ;
#1126 = EDGE_LOOP ( 'NONE', ( #878, #265, #702, #76 ) ) ;
#1127 = FILL_AREA_STYLE_COLOUR ( '', #291 ) ;
#1128 = CARTESIAN_POINT ( 'NONE',  ( -5.099999999999999645, 6.245698675651500839E-16, -11.06918678438874437 ) ) ;
#1129 = CONICAL_SURFACE ( 'NONE', #138, 9.000000000000001776, 1.047197551196596521 ) ;
#1130 = CIRCLE ( 'NONE', #426, 6.000000000000000000 ) ;
#1131 = CARTESIAN_POINT ( 'NONE',  ( -5.099999999999999645, 6.245698675651500839E-16, -5.862386784388746719 ) ) ;
#1132 = CARTESIAN_POINT ( 'NONE',  ( 0.0000000000000000000, 0.0000000000000000000, -8.703400000000000247 ) ) ;
#1133 = EDGE_LOOP ( 'NONE', ( #1081, #1102, #1139, #1153 ) ) ;
#1134 = CARTESIAN_POINT ( 'NONE',  ( -4.500000000000013323, -7.794228634059940042, -12.19999999999999929 ) ) ;
#1135 = ORIENTED_EDGE ( 'NONE', *, *, #1570, .T. ) ;
#1136 = CARTESIAN_POINT ( 'NONE',  ( -3.733333029993822105, -8.236864015571839559, -12.19999999999999218 ) ) ;
#1137 = CARTESIAN_POINT ( 'NONE',  ( 1.474731560294309851, -9.540868182094941474, -11.84298031427462661 ) ) ;
#1138 = CARTESIAN_POINT ( 'NONE',  ( -9.000000000000000000, -1.750439824713163617, -0.07547478993377430834 ) ) ;
#1139 = ORIENTED_EDGE ( 'NONE', *, *, #1110, .T. ) ;
#1140 = CIRCLE ( 'NONE', #424, 6.000000000000000000 ) ;
#1141 = CARTESIAN_POINT ( 'NONE',  ( -2.976196775178723275, -8.673996836102563890, -12.12338897118680947 ) ) ;
#1142 = CIRCLE ( 'NONE', #433, 5.981862520314373377 ) ;
#1143 = DIRECTION ( 'NONE',  ( 0.8191520442889885789, 0.0000000000000000000, 0.5735764363510507113 ) ) ;
#1144 = CARTESIAN_POINT ( 'NONE',  ( -1.477658550686909988, -9.539178283403860092, -11.84368954560635245 ) ) ;
#1145 = CARTESIAN_POINT ( 'NONE',  ( 2.975619346028165690, -8.674330214978066778, -12.10747236817706174 ) ) ;
#1146 = DIRECTION ( 'NONE',  ( 0.0000000000000000000, 0.0000000000000000000, 1.000000000000000000 ) ) ;
#1147 = DIRECTION ( 'NONE',  ( 0.8191520442889973497, 1.003171929053531526E-16, -0.5735764363510381658 ) ) ;
#1148 = DIRECTION ( 'NONE',  ( -1.000000000000000000, 0.0000000000000000000, 0.0000000000000000000 ) ) ;
#1149 = ORIENTED_EDGE ( 'NONE', *, *, #613, .F. ) ;
#1150 = CARTESIAN_POINT ( 'NONE',  ( 6.000000000000000000, 7.347880794884119736E-16, -8.703400000000000247 ) ) ;
#1151 = CARTESIAN_POINT ( 'NONE',  ( -5.099999999999999645, 6.245698675651500839E-16, -2.866413215611273380 ) ) ;
#1152 = PLANE ( 'NONE',  #202 ) ;
#1153 = ORIENTED_EDGE ( 'NONE', *, *, #794, .T. ) ;
#1154 = DIRECTION ( 'NONE',  ( -1.000000000000000000, 0.0000000000000000000, 0.0000000000000000000 ) ) ;
#1155 = ORIENTED_EDGE ( 'NONE', *, *, #1549, .T. ) ;
#1156 = PRESENTATION_STYLE_ASSIGNMENT (( #1648 ) ) ;
#1157 = EDGE_LOOP ( 'NONE', ( #947, #1325, #669 ) ) ;
#1158 = CARTESIAN_POINT ( 'NONE',  ( 9.000000000000000000, 5.196152422706648899, -0.8038475772933744157 ) ) ;
#1159 = CARTESIAN_POINT ( 'NONE',  ( 6.000000000000000000, 7.347880794884119736E-16, -12.17459999999999809 ) ) ;
#1160 = FACE_OUTER_BOUND ( 'NONE', #1735, .T. ) ;
#1161 = ORIENTED_EDGE ( 'NONE', *, *, #721, .T. ) ;
#1162 = DIRECTION ( 'NONE',  ( 0.5000000000000012212, -0.8660254037844380415, 0.0000000000000000000 ) ) ;
#1163 = CYLINDRICAL_SURFACE ( 'NONE', #121, 6.000000000000000000 ) ;
#1164 = CONICAL_SURFACE ( 'NONE', #140, 9.000000000000001776, 1.047197551196596521 ) ;
#1165 = LINE ( 'NONE', #1053, #1240 ) ;
#1166 = DIRECTION ( 'NONE',  ( -0.8191520442889885789, 1.003171929053520802E-16, 0.5735764363510507113 ) ) ;
#1167 = FACE_OUTER_BOUND ( 'NONE', #1201, .T. ) ;
#1168 = DIRECTION ( 'NONE',  ( -1.000000000000000000, 0.0000000000000000000, 0.0000000000000000000 ) ) ;
#1169 = DIRECTION ( 'NONE',  ( -0.0000000000000000000, -0.0000000000000000000, -1.000000000000000000 ) ) ;
#1170 = CARTESIAN_POINT ( 'NONE',  ( -5.099999999999999645, 6.245698675651500839E-16, -9.333586784388746338 ) ) ;
#1171 = CARTESIAN_POINT ( 'NONE',  ( 0.0000000000000000000, 0.0000000000000000000, -2.866413215611273380 ) ) ;
#1172 = CARTESIAN_POINT ( 'NONE',  ( 5.099999999999999645, 0.0000000000000000000, -1.130813215611273570 ) ) ;
#1173 = B_SPLINE_CURVE_WITH_KNOTS ( 'NONE', 3,
 ( #278, #1616, #390, #1138, #645, #1287 ),
 .UNSPECIFIED., .F., .F.,
 ( 4, 2, 4 ),
 ( 0.009270618776430218297, 0.01189894710419331370, 0.01452727543195640909 ),
 .UNSPECIFIED. ) ;
#1174 = CARTESIAN_POINT ( 'NONE',  ( 8.999999999999998224, -5.196152422706656893, -0.8038475772933744157 ) ) ;
#1175 = CARTESIAN_POINT ( 'NONE',  ( 5.099999999999999645, 0.0000000000000000000, -11.06918678438874437 ) ) ;
#1176 = CARTESIAN_POINT ( 'NONE',  ( 0.0000000000000000000, 0.0000000000000000000, -12.19999999999999929 ) ) ;
#1177 = ORIENTED_EDGE ( 'NONE', *, *, #648, .F. ) ;
#1178 = CARTESIAN_POINT ( 'NONE',  ( -5.030698080332740574E-14, -10.39230484541327471, -11.39615242270662421 ) ) ;
#1179 = ORIENTED_EDGE ( 'NONE', *, *, #832, .F. ) ;
#1180 = ORIENTED_EDGE ( 'NONE', *, *, #987, .T. ) ;
#1181 = ORIENTED_EDGE ( 'NONE', *, *, #794, .F. ) ;
#1182 = VERTEX_POINT ( 'NONE', #719 ) ;
#1183 = B_SPLINE_CURVE_WITH_KNOTS ( 'NONE', 3,
 ( #840, #822, #807, #804, #798, #797 ),
 .UNSPECIFIED., .F., .F.,
 ( 4, 2, 4 ),
 ( 0.01452727543195641430, 0.01715716534226974926, 0.01978705525258308423 ),
 .UNSPECIFIED. ) ;
#1184 = DIRECTION ( 'NONE',  ( -0.8660254037844377084, 0.5000000000000015543, 0.0000000000000000000 ) ) ;
#1185 = FACE_OUTER_BOUND ( 'NONE', #342, .T. ) ;
#1186 = VECTOR ( 'NONE', #1726, 1000.000000000000000 ) ;
#1187 = CONICAL_SURFACE ( 'NONE', #152, 9.000000000000001776, 1.047197551196596521 ) ;
#1188 = LINE ( 'NONE', #1116, #1186 ) ;
#1189 = FACE_OUTER_BOUND ( 'NONE', #1699, .T. ) ;
#1190 = CARTESIAN_POINT ( 'NONE',  ( 9.000000000000001776, -4.351040328464088169, -0.5598847297401607914 ) ) ;
#1191 = CARTESIAN_POINT ( 'NONE',  ( 6.000000000000000000, 7.347880794884119736E-16, -0.02540000000000007530 ) ) ;
#1192 = DIRECTION ( 'NONE',  ( -0.0000000000000000000, -0.0000000000000000000, -1.000000000000000000 ) ) ;
#1193 = DIRECTION ( 'NONE',  ( -1.000000000000000000, 0.0000000000000000000, 0.0000000000000000000 ) ) ;
#1194 = VECTOR ( 'NONE', #694, 1000.000000000000000 ) ;
#1195 = VERTEX_POINT ( 'NONE', #114 ) ;
#1196 = DIRECTION ( 'NONE',  ( 1.000000000000000000, 0.0000000000000000000, 0.0000000000000000000 ) ) ;
#1197 = CIRCLE ( 'NONE', #461, 5.981862520314373377 ) ;
#1198 = ORIENTED_EDGE ( 'NONE', *, *, #1106, .F. ) ;
#1199 = DIRECTION ( 'NONE',  ( -1.000000000000000000, 0.0000000000000000000, 0.0000000000000000000 ) ) ;
#1200 = EDGE_LOOP ( 'NONE', ( #528, #530, #552 ) ) ;
#1201 = EDGE_LOOP ( 'NONE', ( #338, #1809, #1893, #1898, #1348, #1872 ) ) ;
#1202 = DIRECTION ( 'NONE',  ( -0.0000000000000000000, -0.0000000000000000000, -1.000000000000000000 ) ) ;
#1203 = FACE_OUTER_BOUND ( 'NONE', #1101, .T. ) ;
#1204 = CARTESIAN_POINT ( 'NONE',  ( 0.0000000000000000000, 0.0000000000000000000, -5.232199999999999740 ) ) ;
#1205 = CARTESIAN_POINT ( 'NONE',  ( 9.000000000000000000, -5.196152422706651564, -12.19999999999999929 ) ) ;
#1206 = EDGE_LOOP ( 'NONE', ( #1832, #1834, #1863, #1870 ) ) ;
#1207 = CONICAL_SURFACE ( 'NONE', #151, 9.000000000000001776, 1.047197551196596521 ) ;
#1208 = VECTOR ( 'NONE', #1749, 1000.000000000000114 ) ;
#1209 = DIRECTION ( 'NONE',  ( -1.000000000000000000, 0.0000000000000000000, 0.0000000000000000000 ) ) ;
#1210 = DIRECTION ( 'NONE',  ( 1.000000000000000000, 0.0000000000000000000, 0.0000000000000000000 ) ) ;
#1211 =( NAMED_UNIT ( * ) PLANE_ANGLE_UNIT ( ) SI_UNIT ( $, .RADIAN. ) );
#1212 = CARTESIAN_POINT ( 'NONE',  ( 9.000000000000000000, 5.196152422706648899, -11.39615242270662421 ) ) ;
#1213 = EDGE_LOOP ( 'NONE', ( #1001, #1035, #1041, #1056 ) ) ;
#1214 = DIRECTION ( 'NONE',  ( 0.0000000000000000000, 0.0000000000000000000, 1.000000000000000000 ) ) ;
#1215 = ORIENTED_EDGE ( 'NONE', *, *, #827, .F. ) ;
#1216 = CARTESIAN_POINT ( 'NONE',  ( 0.0000000000000000000, 0.0000000000000000000, 0.0000000000000000000 ) ) ;
#1217 = ORIENTED_EDGE ( 'NONE', *, *, #1708, .F. ) ;
#1218 = ORIENTED_EDGE ( 'NONE', *, *, #959, .F. ) ;
#1219 = VERTEX_POINT ( 'NONE', #1751 ) ;
#1220 = ORIENTED_EDGE ( 'NONE', *, *, #1665, .T. ) ;
#1221 = ORIENTED_EDGE ( 'NONE', *, *, #725, .T. ) ;
#1222 = DIRECTION ( 'NONE',  ( -0.0000000000000000000, -0.0000000000000000000, -1.000000000000000000 ) ) ;
#1223 = DIRECTION ( 'NONE',  ( -1.000000000000000000, 0.0000000000000000000, 0.0000000000000000000 ) ) ;
#1224 = FACE_OUTER_BOUND ( 'NONE', #826, .T. ) ;
#1225 = DIRECTION ( 'NONE',  ( 1.000000000000000000, 0.0000000000000000000, 0.0000000000000000000 ) ) ;
#1226 = DIRECTION ( 'NONE',  ( 0.0000000000000000000, 0.0000000000000000000, 1.000000000000000000 ) ) ;
#1227 = LINE ( 'NONE', #505, #1208 ) ;
#1228 = CARTESIAN_POINT ( 'NONE',  ( 9.000000000000000000, -3.485479754112955852, -11.84473548815913979 ) ) ;
#1229 = DIRECTION ( 'NONE',  ( -0.0000000000000000000, -0.0000000000000000000, -1.000000000000000000 ) ) ;
#1230 = CARTESIAN_POINT ( 'NONE',  ( 0.0000000000000000000, 0.0000000000000000000, -4.126786784388746909 ) ) ;
#1231 = CARTESIAN_POINT ( 'NONE',  ( -9.000000000000000000, -5.196152422706648011, -12.19999999999999929 ) ) ;
#1232 = CARTESIAN_POINT ( 'NONE',  ( -6.000000000000000000, 0.0000000000000000000, -8.703400000000000247 ) ) ;
#1233 = ORIENTED_EDGE ( 'NONE', *, *, #919, .F. ) ;
#1234 = ADVANCED_FACE ( 'NONE', ( #194 ), #1296, .F. ) ;
#1235 = ORIENTED_EDGE ( 'NONE', *, *, #1026, .F. ) ;
#1236 = EDGE_LOOP ( 'NONE', ( #596, #1454, #778 ) ) ;
#1237 = ADVANCED_FACE ( 'NONE', ( #54 ), #303, .T. ) ;
#1238 = CARTESIAN_POINT ( 'NONE',  ( 0.0000000000000000000, 0.0000000000000000000, -8.703400000000000247 ) ) ;
#1239 = FACE_OUTER_BOUND ( 'NONE', #1656, .T. ) ;
#1240 = VECTOR ( 'NONE', #1028, 1000.000000000000000 ) ;
#1241 = EDGE_LOOP ( 'NONE', ( #240, #128, #42, #946 ) ) ;
#1242 = COLOUR_RGB ( '',0.7764705882352941346, 0.7568627450980391913, 0.7372549019607843590 ) ;
#1243 = VECTOR ( 'NONE', #769, 1000.000000000000000 ) ;
#1244 =( NAMED_UNIT ( * ) SI_UNIT ( $, .STERADIAN. ) SOLID_ANGLE_UNIT ( ) );
#1245 = DIRECTION ( 'NONE',  ( -1.000000000000000000, 0.0000000000000000000, 0.0000000000000000000 ) ) ;
#1246 = CARTESIAN_POINT ( 'NONE',  ( -6.000000000000000000, 0.0000000000000000000, -12.17459999999999809 ) ) ;
#1247 = DIRECTION ( 'NONE',  ( 1.000000000000000000, 0.0000000000000000000, 0.0000000000000000000 ) ) ;
#1248 = CARTESIAN_POINT ( 'NONE',  ( 9.000000000000000000, -1.750439824713165837, -12.12452521006622597 ) ) ;
#1249 = CARTESIAN_POINT ( 'NONE',  ( -8.999999999999996447, 0.0000000000000000000, -12.19999999999999929 ) ) ;
#1250 = CIRCLE ( 'NONE', #454, 9.000000000000001776 ) ;
#1251 = DIRECTION ( 'NONE',  ( 0.8191520442889885789, 0.0000000000000000000, 0.5735764363510507113 ) ) ;
#1252 = ORIENTED_EDGE ( 'NONE', *, *, #868, .T. ) ;
#1253 = VERTEX_POINT ( 'NONE', #1647 ) ;
#1254 = DIRECTION ( 'NONE',  ( 1.000000000000000000, 0.0000000000000000000, 0.0000000000000000000 ) ) ;
#1255 = ORIENTED_EDGE ( 'NONE', *, *, #1602, .T. ) ;
#1256 = ORIENTED_EDGE ( 'NONE', *, *, #1566, .T. ) ;
#1257 = ADVANCED_FACE ( 'NONE', ( #23 ), #1801, .F. ) ;
#1258 = EDGE_LOOP ( 'NONE', ( #1896, #1379, #1901, #1915, #1932, #1935 ) ) ;
#1259 = ORIENTED_EDGE ( 'NONE', *, *, #1007, .T. ) ;
#1260 = CARTESIAN_POINT ( 'NONE',  ( -9.000000000000000000, -0.8780643052077381494, -12.20000000000000462 ) ) ;
#1261 = ADVANCED_FACE ( 'NONE', ( #898 ), #692, .F. ) ;
#1262 = CARTESIAN_POINT ( 'NONE',  ( 6.000000000000000000, 0.0000000000000000000, -25.03750572909317285 ) ) ;
#1263 = CONICAL_SURFACE ( 'NONE', #154, 9.000000000000001776, 1.047197551196596521 ) ;
#1264 = VECTOR ( 'NONE', #1166, 1000.000000000000000 ) ;
#1265 = DIRECTION ( 'NONE',  ( -0.8191520442889885789, 1.003171929053520802E-16, 0.5735764363510507113 ) ) ;
#1266 = ORIENTED_EDGE ( 'NONE', *, *, #1005, .T. ) ;
#1267 = CARTESIAN_POINT ( 'NONE',  ( -9.000000000000000000, -1.750439824713162063, -12.12452521006622064 ) ) ;
#1268 = ADVANCED_FACE ( 'NONE', ( #335 ), #1869, .F. ) ;
#1269 = CARTESIAN_POINT ( 'NONE',  ( -9.000000000000000000, -3.485479754112950079, -11.84473548815914334 ) ) ;
#1270 = ADVANCED_FACE ( 'NONE', ( #322 ), #1779, .F. ) ;
#1271 = PRESENTATION_STYLE_ASSIGNMENT (( #914 ) ) ;
#1272 = VERTEX_POINT ( 'NONE', #66 ) ;
#1273 = ADVANCED_FACE ( 'NONE', ( #1882 ), #1307, .F. ) ;
#1274 = VERTEX_POINT ( 'NONE', #678 ) ;
#1275 = CYLINDRICAL_SURFACE ( 'NONE', #325, 5.099999999999999645 ) ;
#1276 = CARTESIAN_POINT ( 'NONE',  ( 0.0000000000000000000, 0.0000000000000000000, -12.19999999999999929 ) ) ;
#1277 = DIRECTION ( 'NONE',  ( 0.0000000000000000000, 0.0000000000000000000, 1.000000000000000000 ) ) ;
#1278 = ADVANCED_FACE ( 'NONE', ( #1637 ), #1408, .F. ) ;
#1279 = FACE_OUTER_BOUND ( 'NONE', #1236, .T. ) ;
#1280 = LINE ( 'NONE', #355, #1087 ) ;
#1281 = CARTESIAN_POINT ( 'NONE',  ( -5.030698080332740574E-14, -10.39230484541327293, -0.8038475772933744157 ) ) ;
#1282 = EDGE_LOOP ( 'NONE', ( #1235, #1255, #1259, #1294 ) ) ;
#1283 = VECTOR ( 'NONE', #200, 1000.000000000000000 ) ;
#1284 = CARTESIAN_POINT ( 'NONE',  ( 0.7343025909353758651, -9.968355046870122749, -0.5590800469813893558 ) ) ;
#1285 = DIRECTION ( 'NONE',  ( -1.000000000000000000, 0.0000000000000000000, 0.0000000000000000000 ) ) ;
#1286 = CARTESIAN_POINT ( 'NONE',  ( 1.474731560294310961, -9.540868182094941474, -0.3570196857253701839 ) ) ;
#1287 = CARTESIAN_POINT ( 'NONE',  ( -9.000000000000001776, 0.0000000000000000000, 0.0000000000000000000 ) ) ;
#1288 = CARTESIAN_POINT ( 'NONE',  ( 0.0000000000000000000, 0.0000000000000000000, -12.19999999999999929 ) ) ;
#1289 = CIRCLE ( 'NONE', #467, 6.000000000000000000 ) ;
#1290 = VERTEX_POINT ( 'NONE', #1232 ) ;
#1291 = CARTESIAN_POINT ( 'NONE',  ( 0.0000000000000000000, 0.0000000000000000000, -0.6932054628276118624 ) ) ;
#1292 = ORIENTED_EDGE ( 'NONE', *, *, #887, .F. ) ;
#1293 = CARTESIAN_POINT ( 'NONE',  ( 5.099999999999999645, 0.0000000000000000000, -2.391186784388746656 ) ) ;
#1294 = ORIENTED_EDGE ( 'NONE', *, *, #725, .F. ) ;
#1295 = ADVANCED_FACE ( 'NONE', ( #1455 ), #1899, .F. ) ;
#1296 = CYLINDRICAL_SURFACE ( 'NONE', #392, 5.099999999999999645 ) ;
#1297 = ORIENTED_EDGE ( 'NONE', *, *, #1034, .F. ) ;
#1298 = ADVANCED_FACE ( 'NONE', ( #1674 ), #882, .F. ) ;
#1299 = VERTEX_POINT ( 'NONE', #1589 ) ;
#1300 = EDGE_LOOP ( 'NONE', ( #1657, #13, #1555, #1451, #1884, #1493 ) ) ;
#1301 = CARTESIAN_POINT ( 'NONE',  ( 2.598723904613010838, -8.891930899535459787, -0.1469846612282658116 ) ) ;
#1302 = ORIENTED_EDGE ( 'NONE', *, *, #1121, .F. ) ;
#1303 = CARTESIAN_POINT ( 'NONE',  ( 0.0000000000000000000, 0.0000000000000000000, -12.17459999999999809 ) ) ;
#1304 = DIRECTION ( 'NONE',  ( -1.000000000000000000, 0.0000000000000000000, 0.0000000000000000000 ) ) ;
#1305 = ADVANCED_FACE ( 'NONE', ( #1557 ), #705, .F. ) ;
#1306 = DIRECTION ( 'NONE',  ( -1.000000000000000000, 0.0000000000000000000, 0.0000000000000000000 ) ) ;
#1307 = PLANE ( 'NONE',  #357 ) ;
#1308 = ADVANCED_FACE ( 'NONE', ( #1160 ), #347, .F. ) ;
#1309 = CARTESIAN_POINT ( 'NONE',  ( 0.0000000000000000000, 0.0000000000000000000, -1.760999999999999899 ) ) ;
#1310 = CIRCLE ( 'NONE', #11, 5.099999999999999645 ) ;
#1311 = B_SPLINE_CURVE_WITH_KNOTS ( 'NONE', 3,
 ( #608, #582, #555, #543, #542, #1402 ),
 .UNSPECIFIED., .F., .F.,
 ( 4, 2, 4 ),
 ( 0.01452727543195640909, 0.01715716534226973192, 0.01978705525258305301 ),
 .UNSPECIFIED. ) ;
#1312 = CARTESIAN_POINT ( 'NONE',  ( 2.975619346028165246, -8.674330214978068554, -0.09252763182293471944 ) ) ;
#1313 = ORIENTED_EDGE ( 'NONE', *, *, #784, .T. ) ;
#1314 = ADVANCED_FACE ( 'NONE', ( #1867 ), #80, .F. ) ;
#1315 = ADVANCED_FACE ( 'NONE', ( #526 ), #1275, .F. ) ;
#1316 = ADVANCED_FACE ( 'NONE', ( #103 ), #135, .T. ) ;
#1317 = EDGE_LOOP ( 'NONE', ( #1406, #921, #1179, #1215, #1497, #177 ) ) ;
#1318 = CARTESIAN_POINT ( 'NONE',  ( 9.000000000000001776, 0.0000000000000000000, -12.19999999999999929 ) ) ;
#1319 = DIRECTION ( 'NONE',  ( 1.000000000000000000, 0.0000000000000000000, 0.0000000000000000000 ) ) ;
#1320 = CARTESIAN_POINT ( 'NONE',  ( 3.734486434573637048, -8.236198097127198636, -0.01899995639454861787 ) ) ;
#1321 = ORIENTED_EDGE ( 'NONE', *, *, #983, .T. ) ;
#1322 = ADVANCED_FACE ( 'NONE', ( #745 ), #1090, .F. ) ;
#1323 = FILL_AREA_STYLE_COLOUR ( '', #1242 ) ;
#1324 = VERTEX_POINT ( 'NONE', #1771 ) ;
#1325 = ORIENTED_EDGE ( 'NONE', *, *, #619, .F. ) ;
#1326 = DIRECTION ( 'NONE',  ( -0.5000000000000014433, -0.8660254037844378194, 0.0000000000000000000 ) ) ;
#1327 = CONICAL_SURFACE ( 'NONE', #158, 9.000000000000001776, 1.047197551196596521 ) ;
#1328 = LINE ( 'NONE', #48, #1243 ) ;
#1329 = CARTESIAN_POINT ( 'NONE',  ( -9.000000000000000000, -5.196152422706648899, -11.39615242270662421 ) ) ;
#1330 = DIRECTION ( 'NONE',  ( 0.0000000000000000000, 0.0000000000000000000, -1.000000000000000000 ) ) ;
#1331 = FACE_OUTER_BOUND ( 'NONE', #1739, .T. ) ;
#1332 = ADVANCED_FACE ( 'NONE', ( #1333 ), #1614, .F. ) ;
#1333 = FACE_OUTER_BOUND ( 'NONE', #808, .T. ) ;
#1334 = ADVANCED_FACE ( 'NONE', ( #1108 ), #862, .F. ) ;
#1335 = CARTESIAN_POINT ( 'NONE',  ( -0.7361406979141832396, -9.967293815311105476, -11.64153265534506865 ) ) ;
#1336 = PLANE ( 'NONE',  #283 ) ;
#1337 = CARTESIAN_POINT ( 'NONE',  ( 0.0000000000000000000, 10.39230484541327471, -12.19999999999999929 ) ) ;
#1338 = DIRECTION ( 'NONE',  ( 0.8191520442889973497, 1.003171929053531526E-16, -0.5735764363510381658 ) ) ;
#1339 = CIRCLE ( 'NONE', #475, 9.000000000000001776 ) ;
#1340 = ADVANCED_FACE ( 'NONE', ( #1189 ), #558, .F. ) ;
#1341 = DIRECTION ( 'NONE',  ( -0.0000000000000000000, -0.0000000000000000000, -1.000000000000000000 ) ) ;
#1342 = ORIENTED_EDGE ( 'NONE', *, *, #607, .F. ) ;
#1343 = ORIENTED_EDGE ( 'NONE', *, *, #844, .F. ) ;
#1344 = ADVANCED_FACE ( 'NONE', ( #1167 ), #1681, .T. ) ;
#1345 = DIRECTION ( 'NONE',  ( 1.000000000000000000, 0.0000000000000000000, 0.0000000000000000000 ) ) ;
#1346 = VECTOR ( 'NONE', #790, 1000.000000000000000 ) ;
#1347 = ORIENTED_EDGE ( 'NONE', *, *, #783, .T. ) ;
#1348 = ORIENTED_EDGE ( 'NONE', *, *, #788, .F. ) ;
#1349 = ORIENTED_EDGE ( 'NONE', *, *, #742, .T. ) ;
#1350 = ORIENTED_EDGE ( 'NONE', *, *, #817, .T. ) ;
#1351 = ORIENTED_EDGE ( 'NONE', *, *, #1113, .F. ) ;
#1352 = ADVANCED_FACE ( 'NONE', ( #954 ), #1390, .F. ) ;
#1353 = CARTESIAN_POINT ( 'NONE',  ( -9.000000000000001776, -4.351040328464082840, -11.64011527025983916 ) ) ;
#1354 = EDGE_LOOP ( 'NONE', ( #1782, #1757, #1743, #1638 ) ) ;
#1355 = ADVANCED_FACE ( 'NONE', ( #654 ), #1826, .F. ) ;
#1356 = ADVANCED_FACE ( 'NONE', ( #163 ), #1336, .T. ) ;
#1357 = CONICAL_SURFACE ( 'NONE', #166, 6.000000000000000000, 0.9599310885968909135 ) ;
#1358 = LINE ( 'NONE', #369, #1264 ) ;
#1359 = ADVANCED_FACE ( 'NONE', ( #1024, #1862 ), #435, .F. ) ;
#1360 = CARTESIAN_POINT ( 'NONE',  ( 0.0000000000000000000, 0.0000000000000000000, -12.19999999999999929 ) ) ;
#1361 = LINE ( 'NONE', #728, #1283 ) ;
#1362 = DIRECTION ( 'NONE',  ( -0.8191520442889973497, 0.0000000000000000000, -0.5735764363510381658 ) ) ;
#1363 = DIRECTION ( 'NONE',  ( 0.0000000000000000000, 0.0000000000000000000, 1.000000000000000000 ) ) ;
#1364 = ADVANCED_FACE ( 'NONE', ( #376, #1494 ), #749, .T. ) ;
#1365 = ADVANCED_FACE ( 'NONE', ( #1551 ), #384, .T. ) ;
#1366 = CARTESIAN_POINT ( 'NONE',  ( -9.000000000000000000, -5.196152422706648899, -0.8038475772933744157 ) ) ;
#1367 = FILL_AREA_STYLE_COLOUR ( '', #27 ) ;
#1368 = VERTEX_POINT ( 'NONE', #589 ) ;
#1369 = CARTESIAN_POINT ( 'NONE',  ( -8.265697409064607371, -5.620102221249835495, -0.5590800469813720364 ) ) ;
#1370 = LINE ( 'NONE', #644, #1194 ) ;
#1371 = CIRCLE ( 'NONE', #476, 9.000000000000001776 ) ;
#1372 = CARTESIAN_POINT ( 'NONE',  ( -7.525268439705689261, -6.047589086025009664, -0.3570196857253581380 ) ) ;
#1373 = CARTESIAN_POINT ( 'NONE',  ( 0.0000000000000000000, 0.0000000000000000000, -11.06918678438874437 ) ) ;
#1374 = CIRCLE ( 'NONE', #479, 9.000000000000001776 ) ;
#1375 = ADVANCED_FACE ( 'NONE', ( #1119 ), #232, .F. ) ;
#1376 = CARTESIAN_POINT ( 'NONE',  ( -6.401276095387006038, -6.696526368584481581, -0.1469846612282599829 ) ) ;
#1377 = CIRCLE ( 'NONE', #486, 5.099999999999999645 ) ;
#1378 = DIRECTION ( 'NONE',  ( -0.0000000000000000000, -0.0000000000000000000, -1.000000000000000000 ) ) ;
#1379 = ORIENTED_EDGE ( 'NONE', *, *, #729, .F. ) ;
#1380 = ORIENTED_EDGE ( 'NONE', *, *, #1584, .T. ) ;
#1381 = DIRECTION ( 'NONE',  ( -1.000000000000000000, 0.0000000000000000000, 0.0000000000000000000 ) ) ;
#1382 = B_SPLINE_CURVE_WITH_KNOTS ( 'NONE', 3,
 ( #1659, #1662, #1631, #1628, #1627, #1621 ),
 .UNSPECIFIED., .F., .F.,
 ( 4, 2, 4 ),
 ( 0.01452727543195640909, 0.01715716534226974233, 0.01978705525258307729 ),
 .UNSPECIFIED. ) ;
#1383 = DIRECTION ( 'NONE',  ( 1.000000000000000000, 0.0000000000000000000, 0.0000000000000000000 ) ) ;
#1384 = DIRECTION ( 'NONE',  ( -0.0000000000000000000, -0.0000000000000000000, -1.000000000000000000 ) ) ;
#1385 = FACE_OUTER_BOUND ( 'NONE', #1718, .T. ) ;
#1386 = CIRCLE ( 'NONE', #436, 5.099999999999999645 ) ;
#1387 = CONICAL_SURFACE ( 'NONE', #169, 5.099999999999999645, 0.9599310885968755924 ) ;
#1388 = CIRCLE ( 'NONE', #439, 5.099999999999999645 ) ;
#1389 = ADVANCED_FACE ( 'NONE', ( #1448 ), #268, .F. ) ;
#1390 = CONICAL_SURFACE ( 'NONE', #301, 5.099999999999999645, 0.9599310885968755924 ) ;
#1391 = CARTESIAN_POINT ( 'NONE',  ( -6.024380653971857846, -6.914127053141863932, -0.09252763182293062549 ) ) ;
#1392 = ORIENTED_EDGE ( 'NONE', *, *, #1058, .T. ) ;
#1393 = CARTESIAN_POINT ( 'NONE',  ( -2.975619346028169687, 8.674330214978049014, -12.10747236817707950 ) ) ;
#1394 = ADVANCED_FACE ( 'NONE', ( #1900 ), #1852, .F. ) ;
#1395 = DIRECTION ( 'NONE',  ( -0.0000000000000000000, -0.0000000000000000000, -1.000000000000000000 ) ) ;
#1396 = CARTESIAN_POINT ( 'NONE',  ( -5.265513565426394926, -7.352259170992733850, -0.01899995639454679988 ) ) ;
#1397 = ADVANCED_FACE ( 'NONE', ( #1874 ), #1789, .F. ) ;
#1398 = CARTESIAN_POINT ( 'NONE',  ( 4.118099735505526660, -8.014718854569451878, -7.901123331988105674E-15 ) ) ;
#1399 = ADVANCED_FACE ( 'NONE', ( #1853 ), #1871, .F. ) ;
#1400 = ADVANCED_FACE ( 'NONE', ( #1819 ), #1761, .F. ) ;
#1401 = ADVANCED_FACE ( 'NONE', ( #1838 ), #1720, .F. ) ;
#1402 = CARTESIAN_POINT ( 'NONE',  ( -9.000000000000000000, 5.196152422706624030, -0.8038475772933675323 ) ) ;
#1403 = ORIENTED_EDGE ( 'NONE', *, *, #915, .F. ) ;
#1404 = VERTEX_POINT ( 'NONE', #1934 ) ;
#1405 = ADVANCED_FACE ( 'NONE', ( #1835 ), #1683, .F. ) ;
#1406 = ORIENTED_EDGE ( 'NONE', *, *, #632, .F. ) ;
#1407 = SURFACE_STYLE_USAGE ( .BOTH. , #1523 ) ;
#1408 = CONICAL_SURFACE ( 'NONE', #367, 6.000000000000000000, 0.9599310885968909135 ) ;
#1409 = EDGE_LOOP ( 'NONE', ( #828, #1078, #211, #1218 ) ) ;
#1410 = ADVANCED_FACE ( 'NONE', ( #1745 ), #1152, .T. ) ;
#1411 = CARTESIAN_POINT ( 'NONE',  ( 0.0000000000000000000, 0.0000000000000000000, -12.17459999999999809 ) ) ;
#1412 = FACE_OUTER_BOUND ( 'NONE', #1644, .T. ) ;
#1413 = VECTOR ( 'NONE', #120, 1000.000000000000000 ) ;
#1414 = ADVANCED_FACE ( 'NONE', ( #1886 ), #621, .T. ) ;
#1415 = ADVANCED_FACE ( 'NONE', ( #1759 ), #1624, .T. ) ;
#1416 = ORIENTED_EDGE ( 'NONE', *, *, #897, .F. ) ;
#1417 = ADVANCED_FACE ( 'NONE', ( #1787 ), #1610, .T. ) ;
#1418 = VERTEX_POINT ( 'NONE', #1767 ) ;
#1419 = B_SPLINE_CURVE_WITH_KNOTS ( 'NONE', 3,
 ( #1446, #1472, #1470, #1442, #1440, #1437 ),
 .UNSPECIFIED., .F., .F.,
 ( 4, 2, 4 ),
 ( 2.380730968810151890E-07, 0.002629065763328402965, 0.005257893453559924456 ),
 .UNSPECIFIED. ) ;
#1420 = ADVANCED_FACE ( 'NONE', ( #1583 ), #1564, .T. ) ;
#1421 = CIRCLE ( 'NONE', #477, 6.000000000000000000 ) ;
#1422 = CARTESIAN_POINT ( 'NONE',  ( -4.500000000000013323, -7.794228634059940042, 0.0000000000000000000 ) ) ;
#1423 = VECTOR ( 'NONE', #908, 1000.000000000000000 ) ;
#1424 = ADVANCED_FACE ( 'NONE', ( #1641 ), #1542, .F. ) ;
#1425 =( NAMED_UNIT ( * ) SI_UNIT ( $, .STERADIAN. ) SOLID_ANGLE_UNIT ( ) );
#1426 = ADVANCED_FACE ( 'NONE', ( #1645 ), #1510, .F. ) ;
#1427 = ADVANCED_FACE ( 'NONE', ( #1561 ), #1485, .F. ) ;
#1428 = VERTEX_POINT ( 'NONE', #482 ) ;
#1429 = ADVANCED_FACE ( 'NONE', ( #1464 ), #1460, .F. ) ;
#1430 = CARTESIAN_POINT ( 'NONE',  ( 0.0000000000000000000, 0.0000000000000000000, -1.760999999999999899 ) ) ;
#1431 =( NAMED_UNIT ( * ) PLANE_ANGLE_UNIT ( ) SI_UNIT ( $, .RADIAN. ) );
#1432 = ADVANCED_FACE ( 'NONE', ( #1537 ), #1387, .F. ) ;
#1433 = CIRCLE ( 'NONE', #438, 5.099999999999999645 ) ;
#1434 = CARTESIAN_POINT ( 'NONE',  ( 4.500000000000009770, -7.794228634059941818, 0.0000000000000000000 ) ) ;
#1435 = ADVANCED_FACE ( 'NONE', ( #1679 ), #1357, .F. ) ;
#1436 = ADVANCED_FACE ( 'NONE', ( #1412 ), #1327, .T. ) ;
#1437 = CARTESIAN_POINT ( 'NONE',  ( -4.500000000000013323, -7.794228634059940042, 0.0000000000000000000 ) ) ;
#1438 = ADVANCED_FACE ( 'NONE', ( #1385 ), #1263, .T. ) ;
#1439 = UNCERTAINTY_MEASURE_WITH_UNIT (LENGTH_MEASURE( 1.000000000000000082E-05 ), #1607, 'distance_accuracy_value', 'NONE');
#1440 = CARTESIAN_POINT ( 'NONE',  ( -3.733333029993820773, -8.236864015571841335, -6.844026213814746740E-15 ) ) ;
#1441 = ADVANCED_FACE ( 'NONE', ( #1331 ), #1506, .F. ) ;
#1442 = CARTESIAN_POINT ( 'NONE',  ( -2.976196775178725051, -8.673996836102560337, -0.07661102881318866686 ) ) ;
#1443 = DIRECTION ( 'NONE',  ( -1.000000000000000000, 0.0000000000000000000, 0.0000000000000000000 ) ) ;
#1444 = ADVANCED_FACE ( 'NONE', ( #1279 ), #1207, .T. ) ;
#1445 = ORIENTED_EDGE ( 'NONE', *, *, #1574, .T. ) ;
#1446 = CARTESIAN_POINT ( 'NONE',  ( -5.030698080332740574E-14, -10.39230484541327293, -0.8038475772933744157 ) ) ;
#1447 = ADVANCED_FACE ( 'NONE', ( #1703 ), #1187, .T. ) ;
#1448 = FACE_OUTER_BOUND ( 'NONE', #782, .T. ) ;
#1449 = ADVANCED_FACE ( 'NONE', ( #1224 ), #1164, .T. ) ;
#1450 = ORIENTED_EDGE ( 'NONE', *, *, #1117, .T. ) ;
#1451 = ORIENTED_EDGE ( 'NONE', *, *, #615, .F. ) ;
#1452 = CARTESIAN_POINT ( 'NONE',  ( 0.0000000000000000000, 0.0000000000000000000, 0.0000000000000000000 ) ) ;
#1453 = ADVANCED_FACE ( 'NONE', ( #1239 ), #1129, .T. ) ;
#1454 = ORIENTED_EDGE ( 'NONE', *, *, #744, .T. ) ;
#1455 = FACE_OUTER_BOUND ( 'NONE', #504, .T. ) ;
#1456 = DIRECTION ( 'NONE',  ( -1.000000000000000000, 0.0000000000000000000, 0.0000000000000000000 ) ) ;
#1457 = EDGE_LOOP ( 'NONE', ( #701, #731, #732 ) ) ;
#1458 = DIRECTION ( 'NONE',  ( -1.000000000000000000, 0.0000000000000000000, 0.0000000000000000000 ) ) ;
#1459 = ORIENTED_EDGE ( 'NONE', *, *, #1650, .F. ) ;
#1460 = CONICAL_SURFACE ( 'NONE', #171, 5.099999999999999645, 0.9599310885968755924 ) ;
#1461 = CARTESIAN_POINT ( 'NONE',  ( 9.000000000000000000, 1.769118300197574989, -12.12243737533797372 ) ) ;
#1462 = VERTEX_POINT ( 'NONE', #1806 ) ;
#1463 = CARTESIAN_POINT ( 'NONE',  ( 0.0000000000000000000, 0.0000000000000000000, -7.597986784388746528 ) ) ;
#1464 = FACE_OUTER_BOUND ( 'NONE', #104, .T. ) ;
#1465 = ADVANCED_FACE ( 'NONE', ( #1203 ), #1104, .T. ) ;
#1466 = DIRECTION ( 'NONE',  ( -0.0000000000000000000, -0.0000000000000000000, -1.000000000000000000 ) ) ;
#1467 = CARTESIAN_POINT ( 'NONE',  ( 0.0000000000000000000, 0.0000000000000000000, -1.760999999999999899 ) ) ;
#1468 = SURFACE_SIDE_STYLE ('',( #679 ) ) ;
#1469 = DIRECTION ( 'NONE',  ( -0.0000000000000000000, -0.0000000000000000000, -1.000000000000000000 ) ) ;
#1470 = CARTESIAN_POINT ( 'NONE',  ( -1.477658550686910877, -9.539178283403858316, -0.3563104543936457813 ) ) ;
#1471 = ORIENTED_EDGE ( 'NONE', *, *, #723, .T. ) ;
#1472 = CARTESIAN_POINT ( 'NONE',  ( -0.7361406979141851270, -9.967293815311105476, -0.5584673446549250908 ) ) ;
#1473 = CIRCLE ( 'NONE', #487, 6.000000000000000000 ) ;
#1474 = CARTESIAN_POINT ( 'NONE',  ( -9.000000000000000000, -5.196152422706648899, -0.8038475772933744157 ) ) ;
#1475 = ADVANCED_FACE ( 'NONE', ( #1612 ), #1163, .F. ) ;
#1476 = DIRECTION ( 'NONE',  ( -1.000000000000000000, 0.0000000000000000000, 0.0000000000000000000 ) ) ;
#1477 = ORIENTED_EDGE ( 'NONE', *, *, #1115, .F. ) ;
#1478 = ORIENTED_EDGE ( 'NONE', *, *, #817, .F. ) ;
#1479 = B_SPLINE_CURVE_WITH_KNOTS ( 'NONE', 3,
 ( #310, #340, #1596, #1393, #1550, #1649, #254, #447 ),
 .UNSPECIFIED., .F., .F.,
 ( 4, 2, 2, 4 ),
 ( 0.005257893453559879353, 0.006567392922673220834, 0.007876892391786561448, 0.01049589133001324268 ),
 .UNSPECIFIED. ) ;
#1480 = DIRECTION ( 'NONE',  ( 0.0000000000000000000, -0.0000000000000000000, 1.000000000000000000 ) ) ;
#1481 = ORIENTED_EDGE ( 'NONE', *, *, #1579, .T. ) ;
#1482 = ADVANCED_FACE ( 'NONE', ( #1722 ), #1063, .F. ) ;
#1483 = FILL_AREA_STYLE ('',( #1073 ) ) ;
#1484 = DIRECTION ( 'NONE',  ( -0.0000000000000000000, -0.0000000000000000000, -1.000000000000000000 ) ) ;
#1485 = CONICAL_SURFACE ( 'NONE', #180, 6.000000000000000000, 0.9599310885968909135 ) ;
#1486 = VECTOR ( 'NONE', #149, 1000.000000000000000 ) ;
#1487 = ADVANCED_FACE ( 'NONE', ( #1185 ), #1043, .F. ) ;
#1488 = B_SPLINE_CURVE_WITH_KNOTS ( 'NONE', 3,
 ( #1174, #1190, #1125, #1123, #1118, #1107 ),
 .UNSPECIFIED., .F., .F.,
 ( 4, 2, 4 ),
 ( 0.009270618776430214827, 0.01189894710419331370, 0.01452727543195641430 ),
 .UNSPECIFIED. ) ;
#1489 = DIRECTION ( 'NONE',  ( 0.0000000000000000000, 0.0000000000000000000, 1.000000000000000000 ) ) ;
#1490 = ADVANCED_FACE ( 'NONE', ( #1065 ), #1018, .F. ) ;
#1491 = CARTESIAN_POINT ( 'NONE',  ( 0.0000000000000000000, 0.0000000000000000000, -4.602013215611273189 ) ) ;
#1492 = DIRECTION ( 'NONE',  ( 1.000000000000000000, 0.0000000000000000000, 0.0000000000000000000 ) ) ;
#1493 = ORIENTED_EDGE ( 'NONE', *, *, #770, .F. ) ;
#1494 = FACE_OUTER_BOUND ( 'NONE', #1831, .T. ) ;
#1495 = CARTESIAN_POINT ( 'NONE',  ( -6.000000000000000000, 7.347880794884119736E-16, -12.19999999999999929 ) ) ;
#1496 = VECTOR ( 'NONE', #1031, 1000.000000000000000 ) ;
#1497 = ORIENTED_EDGE ( 'NONE', *, *, #813, .T. ) ;
#1498 = DIRECTION ( 'NONE',  ( -1.000000000000000000, 0.0000000000000000000, 0.0000000000000000000 ) ) ;
#1499 = EDGE_LOOP ( 'NONE', ( #1198, #1217, #1220, #1221 ) ) ;
#1500 = ADVANCED_FACE ( 'NONE', ( #1082 ), #980, .F. ) ;
#1501 =( LENGTH_UNIT ( ) NAMED_UNIT ( * ) SI_UNIT ( .MILLI., .METRE. ) );
#1502 = VERTEX_POINT ( 'NONE', #688 ) ;
#1503 = ADVANCED_FACE ( 'NONE', ( #975 ), #930, .F. ) ;
#1504 = ORIENTED_EDGE ( 'NONE', *, *, #671, .F. ) ;
#1505 = DIRECTION ( 'NONE',  ( -1.000000000000000000, 0.0000000000000000000, 0.0000000000000000000 ) ) ;
#1506 = CYLINDRICAL_SURFACE ( 'NONE', #147, 5.099999999999999645 ) ;
#1507 = CARTESIAN_POINT ( 'NONE',  ( 0.0000000000000000000, 0.0000000000000000000, -12.19999999999999929 ) ) ;
#1508 = CARTESIAN_POINT ( 'NONE',  ( 9.000000000000000000, 4.355963544827401002, -11.63869406011348495 ) ) ;
#1509 = VERTEX_POINT ( 'NONE', #805 ) ;
#1510 = CONICAL_SURFACE ( 'NONE', #182, 6.000000000000000000, 0.9599310885968909135 ) ;
#1511 = DIRECTION ( 'NONE',  ( 1.000000000000000000, 0.0000000000000000000, 0.0000000000000000000 ) ) ;
#1512 = ADVANCED_FACE ( 'NONE', ( #1045 ), #888, .F. ) ;
#1513 = CARTESIAN_POINT ( 'NONE',  ( 9.000000000000000000, 3.504753767550389476, -11.84068272718455361 ) ) ;
#1514 = CARTESIAN_POINT ( 'NONE',  ( -1.001543065824776698E-15, -10.39230484541329957, -12.19999999999999929 ) ) ;
#1515 = ADVANCED_FACE ( 'NONE', ( #1002 ), #859, .F. ) ;
#1516 = ADVANCED_FACE ( 'NONE', ( #928 ), #831, .F. ) ;
#1517 = FILL_AREA_STYLE ('',( #1323 ) ) ;
#1518 = ADVANCED_FACE ( 'NONE', ( #883 ), #786, .F. ) ;
#1519 = CARTESIAN_POINT ( 'NONE',  ( 0.0000000000000000000, 0.0000000000000000000, -4.126786784388746909 ) ) ;
#1520 = CARTESIAN_POINT ( 'NONE',  ( 0.0000000000000000000, 0.0000000000000000000, -6.337613215611272999 ) ) ;
#1521 = ADVANCED_FACE ( 'NONE', ( #833 ), #1021, .F. ) ;
#1522 = CARTESIAN_POINT ( 'NONE',  ( 6.000000000000000000, 7.347880794884119736E-16, -6.967799999999999550 ) ) ;
#1523 = SURFACE_SIDE_STYLE ('',( #287 ) ) ;
#1524 = ORIENTED_EDGE ( 'NONE', *, *, #1541, .F. ) ;
#1525 = EDGE_LOOP ( 'NONE', ( #599, #704, #673 ) ) ;
#1526 = ADVANCED_FACE ( 'NONE', ( #789 ), #713, .F. ) ;
#1527 = DIRECTION ( 'NONE',  ( -0.0000000000000000000, -0.0000000000000000000, -1.000000000000000000 ) ) ;
#1528 = LINE ( 'NONE', #756, #1346 ) ;
#1529 = ORIENTED_EDGE ( 'NONE', *, *, #1574, .F. ) ;
#1530 = ADVANCED_FACE ( 'NONE', ( #1086 ), #682, .F. ) ;
#1531 = DIRECTION ( 'NONE',  ( -0.0000000000000000000, -0.0000000000000000000, 1.000000000000000000 ) ) ;
#1532 = DIRECTION ( 'NONE',  ( 0.0000000000000000000, 0.0000000000000000000, 1.000000000000000000 ) ) ;
#1533 = DIRECTION ( 'NONE',  ( 1.000000000000000000, 0.0000000000000000000, 0.0000000000000000000 ) ) ;
#1534 = ADVANCED_FACE ( 'NONE', ( #739 ), #649, .F. ) ;
#1535 = DIRECTION ( 'NONE',  ( 1.000000000000000000, 0.0000000000000000000, 0.0000000000000000000 ) ) ;
#1536 = CARTESIAN_POINT ( 'NONE',  ( 0.0000000000000000000, 0.0000000000000000000, -12.17459999999999809 ) ) ;
#1537 = FACE_OUTER_BOUND ( 'NONE', #620, .T. ) ;
#1538 = LINE ( 'NONE', #144, #1413 ) ;
#1539 = ADVANCED_FACE ( 'NONE', ( #710 ), #372, .F. ) ;
#1540 = EDGE_CURVE ( 'NONE', #1042, #1803, #441, .T. ) ;
#1541 = EDGE_CURVE ( 'NONE', #1428, #1740, #394, .T. ) ;
#1542 = CONICAL_SURFACE ( 'NONE', #186, 6.000000000000000000, 0.9599310885968792562 ) ;
#1543 = VECTOR ( 'NONE', #155, 1000.000000000000000 ) ;
#1544 = DIRECTION ( 'NONE',  ( 1.000000000000000000, 0.0000000000000000000, 0.0000000000000000000 ) ) ;
#1545 = DIRECTION ( 'NONE',  ( -0.0000000000000000000, -0.0000000000000000000, -1.000000000000000000 ) ) ;
#1546 = CARTESIAN_POINT ( 'NONE',  ( 5.099999999999999645, 0.0000000000000000000, -4.126786784388746909 ) ) ;
#1547 = CARTESIAN_POINT ( 'NONE',  ( 0.0000000000000000000, 0.0000000000000000000, -0.01269999999999743556 ) ) ;
#1548 = EDGE_CURVE ( 'NONE', #1652, #1562, #420, .T. ) ;
#1549 = EDGE_CURVE ( 'NONE', #969, #1777, #350, .T. ) ;
#1550 = CARTESIAN_POINT ( 'NONE',  ( -2.598723904613014835, 8.891930899535427812, -12.05301533877175046 ) ) ;
#1551 = FACE_OUTER_BOUND ( 'NONE', #1812, .T. ) ;
#1552 = EDGE_CURVE ( 'NONE', #259, #1777, #323, .T. ) ;
#1553 = LINE ( 'NONE', #972, #1496 ) ;
#1554 = CARTESIAN_POINT ( 'NONE',  ( 0.0000000000000000000, 0.0000000000000000000, -5.232199999999999740 ) ) ;
#1555 = ORIENTED_EDGE ( 'NONE', *, *, #609, .T. ) ;
#1556 = CARTESIAN_POINT ( 'NONE',  ( 0.0000000000000000000, 0.0000000000000000000, -12.19999999999999929 ) ) ;
#1557 = FACE_OUTER_BOUND ( 'NONE', #408, .T. ) ;
#1558 = EDGE_CURVE ( 'NONE', #314, #259, #353, .T. ) ;
#1559 = DIRECTION ( 'NONE',  ( -1.000000000000000000, 0.0000000000000000000, 0.0000000000000000000 ) ) ;
#1560 = ORIENTED_EDGE ( 'NONE', *, *, #904, .T. ) ;
#1561 = FACE_OUTER_BOUND ( 'NONE', #1213, .T. ) ;
#1562 = VERTEX_POINT ( 'NONE', #1814 ) ;
#1563 = DIRECTION ( 'NONE',  ( 1.000000000000000000, 0.0000000000000000000, 0.0000000000000000000 ) ) ;
#1564 = CONICAL_SURFACE ( 'NONE', #187, 9.000000000000001776, 1.047197551196596521 ) ;
#1565 = EDGE_CURVE ( 'NONE', #1859, #215, #302, .T. ) ;
#1566 = EDGE_CURVE ( 'NONE', #1740, #1777, #271, .T. ) ;
#1567 = EDGE_CURVE ( 'NONE', #1502, #1731, #247, .T. ) ;
#1568 = FILL_AREA_STYLE ('',( #222 ) ) ;
#1569 = DIRECTION ( 'NONE',  ( 0.0000000000000000000, 0.0000000000000000000, 1.000000000000000000 ) ) ;
#1570 = EDGE_CURVE ( 'NONE', #1219, #1803, #193, .T. ) ;
#1571 = EDGE_CURVE ( 'NONE', #569, #1731, #160, .T. ) ;
#1572 = SURFACE_STYLE_FILL_AREA ( #77 ) ;
#1573 = VERTEX_POINT ( 'NONE', #1017 ) ;
#1574 = EDGE_CURVE ( 'NONE', #1182, #1712, #1479, .T. ) ;
#1575 = EDGE_CURVE ( 'NONE', #1712, #1052, #86, .T. ) ;
#1576 = ORIENTED_EDGE ( 'NONE', *, *, #1055, .F. ) ;
#1577 = CARTESIAN_POINT ( 'NONE',  ( 4.500000000000009770, -7.794228634059941818, 0.0000000000000000000 ) ) ;
#1578 = CARTESIAN_POINT ( 'NONE',  ( 5.266666970006222748, -7.351593252548086710, -7.731716742537253495E-15 ) ) ;
#1579 = EDGE_CURVE ( 'NONE', #215, #1611, #274, .T. ) ;
#1580 = CIRCLE ( 'NONE', #491, 5.099999999999999645 ) ;
#1581 = ORIENTED_EDGE ( 'NONE', *, *, #773, .F. ) ;
#1582 = CARTESIAN_POINT ( 'NONE',  ( 6.023803224821319802, -6.914460432017360603, -0.07661102881318856972 ) ) ;
#1583 = FACE_OUTER_BOUND ( 'NONE', #1157, .T. ) ;
#1584 = EDGE_CURVE ( 'NONE', #456, #68, #107, .T. ) ;
#1585 = CIRCLE ( 'NONE', #443, 5.099999999999999645 ) ;
#1586 = CARTESIAN_POINT ( 'NONE',  ( 8.999999999999998224, -5.196152422706656893, -0.8038475772933744157 ) ) ;
#1587 = DIRECTION ( 'NONE',  ( -1.000000000000000000, 0.0000000000000000000, 0.0000000000000000000 ) ) ;
#1588 = EDGE_CURVE ( 'NONE', #132, #735, #1626, .T. ) ;
#1589 = CARTESIAN_POINT ( 'NONE',  ( -8.999999999999996447, 0.0000000000000000000, -12.19999999999999929 ) ) ;
#1590 = EDGE_CURVE ( 'NONE', #1736, #569, #1926, .T. ) ;
#1591 = DIRECTION ( 'NONE',  ( -1.000000000000000000, 1.776356839400250465E-15, 0.0000000000000000000 ) ) ;
#1592 = DIRECTION ( 'NONE',  ( 0.0000000000000000000, -0.0000000000000000000, 1.000000000000000000 ) ) ;
#1593 = CARTESIAN_POINT ( 'NONE',  ( 7.522341449313135975, -6.049278984716070617, -0.3563104543936453372 ) ) ;
#1594 = DIRECTION ( 'NONE',  ( -1.000000000000000000, 0.0000000000000000000, 0.0000000000000000000 ) ) ;
#1595 = VERTEX_POINT ( 'NONE', #9 ) ;
#1596 = CARTESIAN_POINT ( 'NONE',  ( -3.734486434573635272, 8.236198097127171991, -12.18100004360546507 ) ) ;
#1597 = CARTESIAN_POINT ( 'NONE',  ( 9.000000000000000000, 5.196152422706648899, -11.39615242270662421 ) ) ;
#1598 = CARTESIAN_POINT ( 'NONE',  ( -5.099999999999999645, 6.245698675651500839E-16, -7.597986784388746528 ) ) ;
#1599 = LINE ( 'NONE', #920, #1423 ) ;
#1600 = ORIENTED_EDGE ( 'NONE', *, *, #910, .F. ) ;
#1601 = VERTEX_POINT ( 'NONE', #1 ) ;
#1602 = EDGE_CURVE ( 'NONE', #1622, #940, #1310, .T. ) ;
#1603 = DIRECTION ( 'NONE',  ( -0.8191520442889885789, 1.003171929053520802E-16, 0.5735764363510507113 ) ) ;
#1604 = SHAPE_DEFINITION_REPRESENTATION ( #46, #389 ) ;
#1605 = ORIENTED_EDGE ( 'NONE', *, *, #911, .F. ) ;
#1606 = CARTESIAN_POINT ( 'NONE',  ( 0.0000000000000000000, 0.0000000000000000000, -12.19999999999999929 ) ) ;
#1607 =( LENGTH_UNIT ( ) NAMED_UNIT ( * ) SI_UNIT ( .MILLI., .METRE. ) );
#1608 = DIRECTION ( 'NONE',  ( -0.0000000000000000000, -0.0000000000000000000, -1.000000000000000000 ) ) ;
#1609 = DIRECTION ( 'NONE',  ( 1.000000000000000000, 0.0000000000000000000, 0.0000000000000000000 ) ) ;
#1610 = CONICAL_SURFACE ( 'NONE', #197, 9.000000000000001776, 1.047197551196596521 ) ;
#1611 = VERTEX_POINT ( 'NONE', #1811 ) ;
#1612 = FACE_OUTER_BOUND ( 'NONE', #1773, .T. ) ;
#1613 = VECTOR ( 'NONE', #191, 1000.000000000000000 ) ;
#1614 = CYLINDRICAL_SURFACE ( 'NONE', #306, 6.000000000000000000 ) ;
#1615 = CARTESIAN_POINT ( 'NONE',  ( 8.263859302085856839, -5.621163452808819905, -0.5584673446549256459 ) ) ;
#1616 = CARTESIAN_POINT ( 'NONE',  ( -9.000000000000001776, -4.351040328464082840, -0.5598847297401586820 ) ) ;
#1617 = ORIENTED_EDGE ( 'NONE', *, *, #877, .F. ) ;
#1618 =( LENGTH_UNIT ( ) NAMED_UNIT ( * ) SI_UNIT ( .MILLI., .METRE. ) );
#1619 = ORIENTED_EDGE ( 'NONE', *, *, #1016, .F. ) ;
#1620 = CIRCLE ( 'NONE', #508, 6.000000000000000000 ) ;
#1621 = CARTESIAN_POINT ( 'NONE',  ( -9.000000000000000000, 5.196152422706648899, -11.39615242270662421 ) ) ;
#1622 = VERTEX_POINT ( 'NONE', #1131 ) ;
#1623 = DIRECTION ( 'NONE',  ( 0.0000000000000000000, 0.0000000000000000000, 1.000000000000000000 ) ) ;
#1624 = CONICAL_SURFACE ( 'NONE', #201, 9.000000000000001776, 1.047197551196596521 ) ;
#1625 = LINE ( 'NONE', #179, #1543 ) ;
#1626 = B_SPLINE_CURVE_WITH_KNOTS ( 'NONE', 3,
 ( #1634, #500, #1461, #1513, #1508, #1597 ),
 .UNSPECIFIED., .F., .F.,
 ( 4, 2, 4 ),
 ( 0.01452727543195641083, 0.01715716534226974579, 0.01978705525258308076 ),
 .UNSPECIFIED. ) ;
#1627 = CARTESIAN_POINT ( 'NONE',  ( -9.000000000000000000, 4.355963544827401890, -11.63869406011348495 ) ) ;
#1628 = CARTESIAN_POINT ( 'NONE',  ( -9.000000000000000000, 3.504753767550389476, -11.84068272718455539 ) ) ;
#1629 = DIRECTION ( 'NONE',  ( -1.000000000000000000, 0.0000000000000000000, 0.0000000000000000000 ) ) ;
#1630 = LINE ( 'NONE', #1841, #867 ) ;
#1631 = CARTESIAN_POINT ( 'NONE',  ( -9.000000000000000000, 1.769118300197575211, -12.12243737533798082 ) ) ;
#1632 = CIRCLE ( 'NONE', #502, 9.000000000000001776 ) ;
#1633 = DIRECTION ( 'NONE',  ( -0.8191520442889885789, 1.003171929053520802E-16, 0.5735764363510507113 ) ) ;
#1634 = CARTESIAN_POINT ( 'NONE',  ( 9.000000000000001776, 0.0000000000000000000, -12.19999999999999929 ) ) ;
#1635 = VERTEX_POINT ( 'NONE', #53 ) ;
#1636 = ORIENTED_EDGE ( 'NONE', *, *, #911, .T. ) ;
#1637 = FACE_OUTER_BOUND ( 'NONE', #44, .T. ) ;
#1638 = ORIENTED_EDGE ( 'NONE', *, *, #849, .F. ) ;
#1639 = DIRECTION ( 'NONE',  ( -1.000000000000000000, -1.776356839400250465E-15, 0.0000000000000000000 ) ) ;
#1640 = DIRECTION ( 'NONE',  ( 0.0000000000000000000, 0.0000000000000000000, 1.000000000000000000 ) ) ;
#1641 = FACE_OUTER_BOUND ( 'NONE', #617, .T. ) ;
#1642 = VECTOR ( 'NONE', #198, 1000.000000000000000 ) ;
#1643 = CARTESIAN_POINT ( 'NONE',  ( 4.500000000000014211, 7.794228634059940930, 0.0000000000000000000 ) ) ;
#1644 = EDGE_LOOP ( 'NONE', ( #1347, #623, #675 ) ) ;
#1645 = FACE_OUTER_BOUND ( 'NONE', #547, .T. ) ;
#1646 = DIRECTION ( 'NONE',  ( -0.0000000000000000000, -0.0000000000000000000, 1.000000000000000000 ) ) ;
#1647 = CARTESIAN_POINT ( 'NONE',  ( -5.099999999999999645, 6.245698675651500839E-16, -6.337613215611272999 ) ) ;
#1648 = SURFACE_STYLE_USAGE ( .BOTH. , #553 ) ;
#1649 = CARTESIAN_POINT ( 'NONE',  ( -1.474731560294321842, 9.540868182094902394, -11.84298031427464615 ) ) ;
#1650 = EDGE_CURVE ( 'NONE', #670, #132, #1753, .T. ) ;
#1651 = ORIENTED_EDGE ( 'NONE', *, *, #871, .T. ) ;
#1652 = VERTEX_POINT ( 'NONE', #998 ) ;
#1653 = ORIENTED_EDGE ( 'NONE', *, *, #1565, .T. ) ;
#1654 = CARTESIAN_POINT ( 'NONE',  ( 2.976196775178697518, 8.673996836102547903, -0.07661102881317610747 ) ) ;
#1655 = DIRECTION ( 'NONE',  ( 0.0000000000000000000, 0.0000000000000000000, 1.000000000000000000 ) ) ;
#1656 = EDGE_LOOP ( 'NONE', ( #573, #575, #577 ) ) ;
#1657 = ORIENTED_EDGE ( 'NONE', *, *, #1575, .T. ) ;
#1658 = CARTESIAN_POINT ( 'NONE',  ( 1.477658550686873795, 9.539178283403852987, -0.3563104543936382318 ) ) ;
#1659 = CARTESIAN_POINT ( 'NONE',  ( -8.999999999999996447, 0.0000000000000000000, -12.19999999999999929 ) ) ;
#1660 = SURFACE_STYLE_USAGE ( .BOTH. , #364 ) ;
#1661 = ORIENTED_EDGE ( 'NONE', *, *, #916, .F. ) ;
#1662 = CARTESIAN_POINT ( 'NONE',  ( -9.000000000000001776, 0.8785859941773087600, -12.20000000000000107 ) ) ;
#1663 = CARTESIAN_POINT ( 'NONE',  ( 5.099999999999999645, 0.0000000000000000000, -8.073213215611275473 ) ) ;
#1664 = CIRCLE ( 'NONE', #5, 6.000000000000000000 ) ;
#1665 = EDGE_CURVE ( 'NONE', #215, #1020, #1630, .T. ) ;
#1666 = DIRECTION ( 'NONE',  ( -0.0000000000000000000, -0.0000000000000000000, -1.000000000000000000 ) ) ;
#1667 = CARTESIAN_POINT ( 'NONE',  ( -4.500000000000012434, 7.794228634059940930, -12.19999999999999929 ) ) ;
#1668 = EDGE_CURVE ( 'NONE', #1274, #1635, #1664, .T. ) ;
#1669 =( NAMED_UNIT ( * ) SI_UNIT ( $, .STERADIAN. ) SOLID_ANGLE_UNIT ( ) );
#1670 = CARTESIAN_POINT ( 'NONE',  ( -5.266666970006217419, 7.351593252548062729, -12.20000000000000639 ) ) ;
#1671 = ORIENTED_EDGE ( 'NONE', *, *, #1097, .T. ) ;
#1672 = CARTESIAN_POINT ( 'NONE',  ( -6.023803224821315361, 6.914460432017338398, -12.12338897118682368 ) ) ;
#1673 = CARTESIAN_POINT ( 'NONE',  ( -7.522341449313129758, 6.049278984716044860, -11.84368954560636666 ) ) ;
#1674 = FACE_OUTER_BOUND ( 'NONE', #781, .T. ) ;
#1675 = VERTEX_POINT ( 'NONE', #1815 ) ;
#1676 = ORIENTED_EDGE ( 'NONE', *, *, #852, .F. ) ;
#1677 = DIRECTION ( 'NONE',  ( -1.000000000000000000, 0.0000000000000000000, 0.0000000000000000000 ) ) ;
#1678 = EDGE_CURVE ( 'NONE', #1573, #1253, #145, .T. ) ;
#1679 = FACE_OUTER_BOUND ( 'NONE', #1499, .T. ) ;
#1680 = LINE ( 'NONE', #245, #1486 ) ;
#1681 = PLANE ( 'NONE',  #293 ) ;
#1682 = EDGE_LOOP ( 'NONE', ( #1933, #873 ) ) ;
#1683 = CONICAL_SURFACE ( 'NONE', #214, 5.009999999999998899, 0.9599310885968800333 ) ;
#1684 = VECTOR ( 'NONE', #238, 1000.000000000000000 ) ;
#1685 = DIRECTION ( 'NONE',  ( 0.0000000000000000000, 0.0000000000000000000, -1.000000000000000000 ) ) ;
#1686 = DIRECTION ( 'NONE',  ( 0.0000000000000000000, 0.0000000000000000000, 1.000000000000000000 ) ) ;
#1687 = CARTESIAN_POINT ( 'NONE',  ( 5.099999999999999645, 0.0000000000000000000, -0.6555867843887469570 ) ) ;
#1688 = CARTESIAN_POINT ( 'NONE',  ( -5.099999999999999645, 6.245698675651500839E-16, -9.808813215611271730 ) ) ;
#1689 = CARTESIAN_POINT ( 'NONE',  ( 4.881900264494498209, 7.573738413550458404, 7.508100044462119783E-15 ) ) ;
#1690 = DIRECTION ( 'NONE',  ( 0.8660254037844379305, 0.5000000000000011102, 0.0000000000000000000 ) ) ;
#1691 = EDGE_LOOP ( 'NONE', ( #780, #156, #1011, #17 ) ) ;
#1692 = DIRECTION ( 'NONE',  ( 0.0000000000000000000, 0.0000000000000000000, 1.000000000000000000 ) ) ;
#1693 = CARTESIAN_POINT ( 'NONE',  ( 0.0000000000000000000, 0.0000000000000000000, -5.862386784388746719 ) ) ;
#1694 = DIRECTION ( 'NONE',  ( -0.0000000000000000000, -0.0000000000000000000, 1.000000000000000000 ) ) ;
#1695 = ORIENTED_EDGE ( 'NONE', *, *, #953, .F. ) ;
#1696 = EDGE_LOOP ( 'NONE', ( #845, #850, #902, #992 ) ) ;
#1697 = DIRECTION ( 'NONE',  ( 1.000000000000000000, 0.0000000000000000000, 0.0000000000000000000 ) ) ;
#1698 = ORIENTED_EDGE ( 'NONE', *, *, #899, .T. ) ;
#1699 = EDGE_LOOP ( 'NONE', ( #207, #262, #1864, #123 ) ) ;
#1700 = CARTESIAN_POINT ( 'NONE',  ( 0.0000000000000000000, 0.0000000000000000000, -12.19999999999999929 ) ) ;
#1701 = CARTESIAN_POINT ( 'NONE',  ( 9.000000000000000000, 5.196152422706620477, -12.19999999999999929 ) ) ;
#1702 = DIRECTION ( 'NONE',  ( -0.0000000000000000000, -0.0000000000000000000, -1.000000000000000000 ) ) ;
#1703 = FACE_OUTER_BOUND ( 'NONE', #1525, .T. ) ;
#1704 = LINE ( 'NONE', #251, #1613 ) ;
#1705 = CARTESIAN_POINT ( 'NONE',  ( 0.0000000000000000000, 0.0000000000000000000, 0.0000000000000000000 ) ) ;
#1706 = CARTESIAN_POINT ( 'NONE',  ( 5.099999999999999645, 0.0000000000000000000, -9.808813215611271730 ) ) ;
#1707 = CARTESIAN_POINT ( 'NONE',  ( 4.500000000000014211, 7.794228634059940930, 0.0000000000000000000 ) ) ;
#1708 = EDGE_CURVE ( 'NONE', #215, #1859, #1919, .T. ) ;
#1709 = DIRECTION ( 'NONE',  ( 0.0000000000000000000, 0.0000000000000000000, -1.000000000000000000 ) ) ;
#1710 = CARTESIAN_POINT ( 'NONE',  ( 4.332341089154522260E-16, 10.39230484541327471, -12.19999999999999929 ) ) ;
#1711 = CARTESIAN_POINT ( 'NONE',  ( 0.0000000000000000000, 0.0000000000000000000, -12.19999999999999929 ) ) ;
#1712 = VERTEX_POINT ( 'NONE', #591 ) ;
#1713 = CIRCLE ( 'NONE', #503, 9.000000000000001776 ) ;
#1714 = ORIENTED_EDGE ( 'NONE', *, *, #1571, .F. ) ;
#1715 = ORIENTED_EDGE ( 'NONE', *, *, #1091, .T. ) ;
#1716 = DIRECTION ( 'NONE',  ( 1.000000000000000000, 0.0000000000000000000, 0.0000000000000000000 ) ) ;
#1717 = CARTESIAN_POINT ( 'NONE',  ( 0.0000000000000000000, 0.0000000000000000000, -8.703400000000000247 ) ) ;
#1718 = EDGE_LOOP ( 'NONE', ( #757, #708, #1459 ) ) ;
#1719 = ORIENTED_EDGE ( 'NONE', *, *, #858, .T. ) ;
#1720 = CONICAL_SURFACE ( 'NONE', #219, 5.099999999999999645, 0.9599310885968755924 ) ;
#1721 = ORIENTED_EDGE ( 'NONE', *, *, #860, .F. ) ;
#1722 = FACE_OUTER_BOUND ( 'NONE', #1282, .T. ) ;
#1723 = LINE ( 'NONE', #258, #1684 ) ;
#1724 = CARTESIAN_POINT ( 'NONE',  ( 0.7361406979141424944, 9.967293815311101923, -0.5584673446549218712 ) ) ;
#1725 = CARTESIAN_POINT ( 'NONE',  ( -9.000000000000000000, 5.196152422706648899, -11.39615242270662421 ) ) ;
#1726 = DIRECTION ( 'NONE',  ( -0.8191520442889885789, 1.003171929053520802E-16, 0.5735764363510507113 ) ) ;
#1727 = DIRECTION ( 'NONE',  ( 1.000000000000000000, 0.0000000000000000000, 0.0000000000000000000 ) ) ;
#1728 = B_SPLINE_CURVE_WITH_KNOTS ( 'NONE', 3,
 ( #1178, #1335, #1144, #1141, #1136, #1134 ),
 .UNSPECIFIED., .F., .F.,
 ( 4, 2, 4 ),
 ( 2.380730968795094556E-07, 0.002629065763328402097, 0.005257893453559925323 ),
 .UNSPECIFIED. ) ;
#1729 = CARTESIAN_POINT ( 'NONE',  ( 0.0000000000000000000, 0.0000000000000000000, -12.19999999999999929 ) ) ;
#1730 = VERTEX_POINT ( 'NONE', #590 ) ;
#1731 = VERTEX_POINT ( 'NONE', #1150 ) ;
#1732 = DIRECTION ( 'NONE',  ( -0.8191520442889973497, 0.0000000000000000000, -0.5735764363510381658 ) ) ;
#1733 = CARTESIAN_POINT ( 'NONE',  ( -5.099999999999999645, 6.245698675651500839E-16, -1.130813215611273570 ) ) ;
#1734 = CARTESIAN_POINT ( 'NONE',  ( -5.099999999999999645, 6.245698675651500839E-16, -7.597986784388746528 ) ) ;
#1735 = EDGE_LOOP ( 'NONE', ( #545, #1038, #462, #1233 ) ) ;
#1736 = VERTEX_POINT ( 'NONE', #537 ) ;
#1737 = VECTOR ( 'NONE', #1214, 1000.000000000000000 ) ;
#1738 = FILL_AREA_STYLE ('',( #1367 ) ) ;
#1739 = EDGE_LOOP ( 'NONE', ( #667, #799, #567, #696 ) ) ;
#1740 = VERTEX_POINT ( 'NONE', #1786 ) ;
#1741 = FILL_AREA_STYLE_COLOUR ( '', #1810 ) ;
#1742 = DIRECTION ( 'NONE',  ( -1.000000000000000000, 0.0000000000000000000, 0.0000000000000000000 ) ) ;
#1743 = ORIENTED_EDGE ( 'NONE', *, *, #936, .F. ) ;
#1744 = DIRECTION ( 'NONE',  ( -0.0000000000000000000, -0.0000000000000000000, -1.000000000000000000 ) ) ;
#1745 = FACE_OUTER_BOUND ( 'NONE', #885, .T. ) ;
#1746 = VECTOR ( 'NONE', #331, 1000.000000000000000 ) ;
#1747 = DIRECTION ( 'NONE',  ( -0.0000000000000000000, -0.0000000000000000000, 1.000000000000000000 ) ) ;
#1748 = ORIENTED_EDGE ( 'NONE', *, *, #648, .T. ) ;
#1749 = DIRECTION ( 'NONE',  ( -0.8191520442889906883, 0.0000000000000000000, -0.5735764363510477137 ) ) ;
#1750 = DIRECTION ( 'NONE',  ( 0.0000000000000000000, 0.0000000000000000000, 1.000000000000000000 ) ) ;
#1751 = CARTESIAN_POINT ( 'NONE',  ( 6.000000000000000000, 7.347880794884119736E-16, -1.760999999999999899 ) ) ;
#1752 = ORIENTED_EDGE ( 'NONE', *, *, #660, .F. ) ;
#1753 = B_SPLINE_CURVE_WITH_KNOTS ( 'NONE', 3,
 ( #279, #65, #1228, #1248, #12, #1318 ),
 .UNSPECIFIED., .F., .F.,
 ( 4, 2, 4 ),
 ( 0.009270618776430213093, 0.01189894710419331196, 0.01452727543195641083 ),
 .UNSPECIFIED. ) ;
#1754 = CARTESIAN_POINT ( 'NONE',  ( -5.981862520314373377, 7.336774791663317779E-16, -0.01269999999999743556 ) ) ;
#1755 = DIRECTION ( 'NONE',  ( -0.0000000000000000000, -0.0000000000000000000, 1.000000000000000000 ) ) ;
#1756 = CARTESIAN_POINT ( 'NONE',  ( 3.469446951953614189E-15, 10.39230484541327471, -0.8038475772933744157 ) ) ;
#1757 = ORIENTED_EDGE ( 'NONE', *, *, #915, .T. ) ;
#1758 = CARTESIAN_POINT ( 'NONE',  ( 3.469446951953614189E-15, 10.39230484541327471, -0.8038475772933744157 ) ) ;
#1759 = FACE_OUTER_BOUND ( 'NONE', #1200, .T. ) ;
#1760 = LINE ( 'NONE', #210, #1642 ) ;
#1761 = CYLINDRICAL_SURFACE ( 'NONE', #209, 5.099999999999999645 ) ;
#1762 = CIRCLE ( 'NONE', #448, 5.099999999999999645 ) ;
#1763 = CARTESIAN_POINT ( 'NONE',  ( 0.0000000000000000000, 0.0000000000000000000, -6.337613215611272999 ) ) ;
#1764 = DIRECTION ( 'NONE',  ( 0.0000000000000000000, 0.0000000000000000000, 1.000000000000000000 ) ) ;
#1765 = ORIENTED_EDGE ( 'NONE', *, *, #1005, .F. ) ;
#1766 = UNCERTAINTY_MEASURE_WITH_UNIT (LENGTH_MEASURE( 1.000000000000000082E-05 ), #266, 'distance_accuracy_value', 'NONE');
#1767 = CARTESIAN_POINT ( 'NONE',  ( -6.000000000000000000, 0.0000000000000000000, -6.967799999999999550 ) ) ;
#1768 = DIRECTION ( 'NONE',  ( -0.8191520442889973497, 0.0000000000000000000, -0.5735764363510381658 ) ) ;
#1769 = CARTESIAN_POINT ( 'NONE',  ( -0.7343025909353919634, 9.968355046870083669, -0.5590800469813695939 ) ) ;
#1770 = DIRECTION ( 'NONE',  ( 1.000000000000000000, 0.0000000000000000000, 0.0000000000000000000 ) ) ;
#1771 = CARTESIAN_POINT ( 'NONE',  ( -4.500000000000013323, -7.794228634059940042, 0.0000000000000000000 ) ) ;
#1772 = LINE ( 'NONE', #1205, #1737 ) ;
#1773 = EDGE_LOOP ( 'NONE', ( #183, #1715, #1155, #294 ) ) ;
#1774 = CARTESIAN_POINT ( 'NONE',  ( -1.474731560294324728, 9.540868182094905947, -0.3570196857253524203 ) ) ;
#1775 = EDGE_LOOP ( 'NONE', ( #1671, #1636, #1292, #1785 ) ) ;
#1776 = CARTESIAN_POINT ( 'NONE',  ( -2.598723904613016167, 8.891930899535427812, -0.1469846612282502962 ) ) ;
#1777 = VERTEX_POINT ( 'NONE', #1159 ) ;
#1778 = ORIENTED_EDGE ( 'NONE', *, *, #1590, .F. ) ;
#1779 = CYLINDRICAL_SURFACE ( 'NONE', #361, 5.099999999999999645 ) ;
#1780 = PRESENTATION_STYLE_ASSIGNMENT (( #1660 ) ) ;
#1781 = VERTEX_POINT ( 'NONE', #1793 ) ;
#1782 = ORIENTED_EDGE ( 'NONE', *, *, #939, .T. ) ;
#1783 = CARTESIAN_POINT ( 'NONE',  ( -2.975619346028168799, 8.674330214978043685, -0.09252763182291942612 ) ) ;
#1784 = SURFACE_STYLE_FILL_AREA ( #329 ) ;
#1785 = ORIENTED_EDGE ( 'NONE', *, *, #913, .F. ) ;
#1786 = CARTESIAN_POINT ( 'NONE',  ( 5.099999999999999645, 0.0000000000000000000, -11.54441321561125378 ) ) ;
#1787 = FACE_OUTER_BOUND ( 'NONE', #1457, .T. ) ;
#1788 = DIRECTION ( 'NONE',  ( 0.8191520442889885789, 0.0000000000000000000, 0.5735764363510507113 ) ) ;
#1789 = CONICAL_SURFACE ( 'NONE', #217, 6.000000000000000000, 0.9599310885968909135 ) ;
#1790 = LINE ( 'NONE', #272, #1746 ) ;
#1791 = CARTESIAN_POINT ( 'NONE',  ( -3.734486434573634828, 8.236198097127170215, -0.01899995639453417803 ) ) ;
#1792 = ORIENTED_EDGE ( 'NONE', *, *, #964, .F. ) ;
#1793 = CARTESIAN_POINT ( 'NONE',  ( -6.000000000000000000, 7.347880794884119736E-16, 3.469446951953614189E-15 ) ) ;
#1794 = CARTESIAN_POINT ( 'NONE',  ( -8.263859302085853287, 5.621163452808795036, -11.64153265534508286 ) ) ;
#1795 = DIRECTION ( 'NONE',  ( -1.000000000000000000, 0.0000000000000000000, 0.0000000000000000000 ) ) ;
#1796 = B_SPLINE_CURVE_WITH_KNOTS ( 'NONE', 3,
 ( #1586, #1615, #1593, #1582, #1578, #1577 ),
 .UNSPECIFIED., .F., .F.,
 ( 4, 2, 4 ),
 ( 2.380730968278986793E-07, 0.002629065763328348754, 0.005257893453559869812 ),
 .UNSPECIFIED. ) ;
#1797 = DIRECTION ( 'NONE',  ( -0.0000000000000000000, -0.0000000000000000000, -1.000000000000000000 ) ) ;
#1798 = CARTESIAN_POINT ( 'NONE',  ( 9.000000000000001776, 0.0000000000000000000, 0.0000000000000000000 ) ) ;
#1799 = DIRECTION ( 'NONE',  ( -1.000000000000000000, 0.0000000000000000000, 0.0000000000000000000 ) ) ;
#1800 = CARTESIAN_POINT ( 'NONE',  ( -4.500000000000012434, 7.794228634059940930, 0.0000000000000000000 ) ) ;
#1801 = CYLINDRICAL_SURFACE ( 'NONE', #382, 5.099999999999999645 ) ;
#1802 = DIRECTION ( 'NONE',  ( -0.0000000000000000000, -0.0000000000000000000, -1.000000000000000000 ) ) ;
#1803 = VERTEX_POINT ( 'NONE', #6 ) ;
#1804 = ORIENTED_EDGE ( 'NONE', *, *, #770, .T. ) ;
#1805 = CARTESIAN_POINT ( 'NONE',  ( 0.0000000000000000000, 0.0000000000000000000, -10.43899999999999828 ) ) ;
#1806 = CARTESIAN_POINT ( 'NONE',  ( 4.500000000000014211, 7.794228634059940930, -12.19999999999999929 ) ) ;
#1807 = DIRECTION ( 'NONE',  ( 0.5000000000000016653, 0.8660254037844378194, -0.0000000000000000000 ) ) ;
#1808 = DIRECTION ( 'NONE',  ( -1.000000000000000000, 0.0000000000000000000, 0.0000000000000000000 ) ) ;
#1809 = ORIENTED_EDGE ( 'NONE', *, *, #709, .T. ) ;
#1810 = COLOUR_RGB ( '',0.7764705882352941346, 0.7568627450980391913, 0.7372549019607843590 ) ;
#1811 = CARTESIAN_POINT ( 'NONE',  ( -5.099999999999999645, 6.245698675651500839E-16, -4.126786784388746909 ) ) ;
#1812 = EDGE_LOOP ( 'NONE', ( #965, #802, #40 ) ) ;
#1813 = ORIENTED_EDGE ( 'NONE', *, *, #964, .T. ) ;
#1814 = CARTESIAN_POINT ( 'NONE',  ( 6.000000000000000000, 7.347880794884119736E-16, -0.02540000000000007530 ) ) ;
#1815 = CARTESIAN_POINT ( 'NONE',  ( 5.099999999999999645, 0.0000000000000000000, -2.866413215611273380 ) ) ;
#1816 = DIRECTION ( 'NONE',  ( -0.0000000000000000000, -0.0000000000000000000, -1.000000000000000000 ) ) ;
#1817 = DIRECTION ( 'NONE',  ( -0.0000000000000000000, -0.0000000000000000000, 1.000000000000000000 ) ) ;
#1818 = CARTESIAN_POINT ( 'NONE',  ( 0.0000000000000000000, 0.0000000000000000000, -7.597986784388746528 ) ) ;
#1819 = FACE_OUTER_BOUND ( 'NONE', #1849, .T. ) ;
#1820 = VECTOR ( 'NONE', #330, 1000.000000000000000 ) ;
#1821 = CARTESIAN_POINT ( 'NONE',  ( 0.0000000000000000000, 0.0000000000000000000, -9.808813215611271730 ) ) ;
#1822 = DIRECTION ( 'NONE',  ( -1.000000000000000000, 0.0000000000000000000, 0.0000000000000000000 ) ) ;
#1823 = CARTESIAN_POINT ( 'NONE',  ( 5.099999999999999645, 0.0000000000000000000, -0.6555867843887469570 ) ) ;
#1824 = CARTESIAN_POINT ( 'NONE',  ( -4.118099735505523107, 8.014718854569423456, 5.462091960369354159E-15 ) ) ;
#1825 = DIRECTION ( 'NONE',  ( -1.000000000000000000, 0.0000000000000000000, 0.0000000000000000000 ) ) ;
#1826 = CONICAL_SURFACE ( 'NONE', #288, 5.099999999999999645, 0.9599310885968755924 ) ;
#1827 = CIRCLE ( 'NONE', #494, 6.000000000000000000 ) ;
#1828 = ORIENTED_EDGE ( 'NONE', *, *, #767, .T. ) ;
#1829 = ORIENTED_EDGE ( 'NONE', *, *, #897, .T. ) ;
#1830 = DIRECTION ( 'NONE',  ( -0.8191520442889885789, 1.003171929053520802E-16, 0.5735764363510507113 ) ) ;
#1831 = EDGE_LOOP ( 'NONE', ( #1576, #153, #290, #779, #546, #122 ) ) ;
#1832 = ORIENTED_EDGE ( 'NONE', *, *, #1062, .F. ) ;
#1833 = DIRECTION ( 'NONE',  ( -0.0000000000000000000, -0.0000000000000000000, -1.000000000000000000 ) ) ;
#1834 = ORIENTED_EDGE ( 'NONE', *, *, #637, .T. ) ;
#1835 = FACE_OUTER_BOUND ( 'NONE', #949, .T. ) ;
#1836 = CARTESIAN_POINT ( 'NONE',  ( 0.0000000000000000000, 0.0000000000000000000, -2.391186784388746656 ) ) ;
#1837 = ORIENTED_EDGE ( 'NONE', *, *, #684, .F. ) ;
#1838 = FACE_OUTER_BOUND ( 'NONE', #407, .T. ) ;
#1839 = LINE ( 'NONE', #297, #1820 ) ;
#1840 = CARTESIAN_POINT ( 'NONE',  ( 0.0000000000000000000, 0.0000000000000000000, 0.0000000000000000000 ) ) ;
#1841 = CARTESIAN_POINT ( 'NONE',  ( -6.000000000000000000, 0.0000000000000000000, -5.232199999999999740 ) ) ;
#1842 = DIRECTION ( 'NONE',  ( -0.0000000000000000000, -0.0000000000000000000, -1.000000000000000000 ) ) ;
#1843 = DIRECTION ( 'NONE',  ( 1.000000000000000000, 0.0000000000000000000, 0.0000000000000000000 ) ) ;
#1844 = EDGE_LOOP ( 'NONE', ( #734, #907, #1477, #855 ) ) ;
#1845 = DIRECTION ( 'NONE',  ( 1.000000000000000000, 0.0000000000000000000, 0.0000000000000000000 ) ) ;
#1846 = ORIENTED_EDGE ( 'NONE', *, *, #843, .T. ) ;
#1847 = UNCERTAINTY_MEASURE_WITH_UNIT (LENGTH_MEASURE( 1.000000000000000082E-05 ), #85, 'distance_accuracy_value', 'NONE');
#1848 = EDGE_LOOP ( 'NONE', ( #1445, #1804, #570 ) ) ;
#1849 = EDGE_LOOP ( 'NONE', ( #1403, #1349, #724, #1752 ) ) ;
#1850 = DIRECTION ( 'NONE',  ( 1.000000000000000000, 0.0000000000000000000, 0.0000000000000000000 ) ) ;
#1851 = DIRECTION ( 'NONE',  ( -1.000000000000000000, 0.0000000000000000000, 0.0000000000000000000 ) ) ;
#1852 = CYLINDRICAL_SURFACE ( 'NONE', #216, 5.099999999999999645 ) ;
#1853 = FACE_OUTER_BOUND ( 'NONE', #854, .T. ) ;
#1854 = PRODUCT_DEFINITION_CONTEXT ( 'detailed design', #430, 'design' ) ;
#1855 = DIRECTION ( 'NONE',  ( 1.000000000000000000, 0.0000000000000000000, 0.0000000000000000000 ) ) ;
#1856 = DIRECTION ( 'NONE',  ( -0.0000000000000000000, -0.0000000000000000000, -1.000000000000000000 ) ) ;
#1857 = CARTESIAN_POINT ( 'NONE',  ( 0.0000000000000000000, 0.0000000000000000000, -1.130813215611273570 ) ) ;
#1858 = CIRCLE ( 'NONE', #513, 6.000000000000000000 ) ;
#1859 = VERTEX_POINT ( 'NONE', #510 ) ;
#1860 = ORIENTED_EDGE ( 'NONE', *, *, #869, .F. ) ;
#1861 = CARTESIAN_POINT ( 'NONE',  ( 8.999999999999998224, -5.196152422706656893, -11.39615242270662421 ) ) ;
#1862 = FACE_OUTER_BOUND ( 'NONE', #1317, .T. ) ;
#1863 = ORIENTED_EDGE ( 'NONE', *, *, #1567, .T. ) ;
#1864 = ORIENTED_EDGE ( 'NONE', *, *, #1112, .F. ) ;
#1865 = CIRCLE ( 'NONE', #512, 5.099999999999999645 ) ;
#1866 = ORIENTED_EDGE ( 'NONE', *, *, #721, .F. ) ;
#1867 = FACE_OUTER_BOUND ( 'NONE', #1133, .T. ) ;
#1868 = VERTEX_POINT ( 'NONE', #1151 ) ;
#1869 = CYLINDRICAL_SURFACE ( 'NONE', #363, 5.099999999999999645 ) ;
#1870 = ORIENTED_EDGE ( 'NONE', *, *, #767, .F. ) ;
#1871 = CYLINDRICAL_SURFACE ( 'NONE', #213, 5.099999999999999645 ) ;
#1872 = ORIENTED_EDGE ( 'NONE', *, *, #744, .F. ) ;
#1873 = CARTESIAN_POINT ( 'NONE',  ( -4.500000000000012434, 7.794228634059940930, 0.0000000000000000000 ) ) ;
#1874 = FACE_OUTER_BOUND ( 'NONE', #548, .T. ) ;
#1875 = CIRCLE ( 'NONE', #444, 6.000000000000000000 ) ;
#1876 = DIRECTION ( 'NONE',  ( -1.000000000000000000, 0.0000000000000000000, 0.0000000000000000000 ) ) ;
#1877 = CARTESIAN_POINT ( 'NONE',  ( -5.266666970006219195, 7.351593252548060953, 5.339695699491109337E-15 ) ) ;
#1878 = EDGE_LOOP ( 'NONE', ( #15, #1698, #1560, #1600 ) ) ;
#1879 = CARTESIAN_POINT ( 'NONE',  ( 0.0000000000000000000, 0.0000000000000000000, -5.862386784388746719 ) ) ;
#1880 = ORIENTED_EDGE ( 'NONE', *, *, #823, .F. ) ;
#1881 = DIRECTION ( 'NONE',  ( -0.0000000000000000000, -0.0000000000000000000, 1.000000000000000000 ) ) ;
#1882 = FACE_OUTER_BOUND ( 'NONE', #1258, .T. ) ;
#1883 = CARTESIAN_POINT ( 'NONE',  ( 0.0000000000000000000, 0.0000000000000000000, -12.19999999999999929 ) ) ;
#1884 = ORIENTED_EDGE ( 'NONE', *, *, #783, .F. ) ;
#1885 = CARTESIAN_POINT ( 'NONE',  ( -7.522341449313134198, 6.049278984716040419, -0.3563104543936358448 ) ) ;
#1886 = FACE_OUTER_BOUND ( 'NONE', #1300, .T. ) ;
#1887 = PRODUCT ( 'M12', 'M12', '', ( #432 ) ) ;
#1888 = DIRECTION ( 'NONE',  ( 1.000000000000000000, 0.0000000000000000000, 0.0000000000000000000 ) ) ;
#1889 = ORIENTED_EDGE ( 'NONE', *, *, #1571, .T. ) ;
#1890 = CARTESIAN_POINT ( 'NONE',  ( -6.023803224821318025, 6.914460432017335734, -0.07661102881317680136 ) ) ;
#1891 = CARTESIAN_POINT ( 'NONE',  ( -9.000000000000000000, 5.196152422706624030, -0.8038475772933675323 ) ) ;
#1892 = DIRECTION ( 'NONE',  ( 0.0000000000000000000, 0.0000000000000000000, -1.000000000000000000 ) ) ;
#1893 = ORIENTED_EDGE ( 'NONE', *, *, #716, .T. ) ;
#1894 = CARTESIAN_POINT ( 'NONE',  ( 4.500000000000009770, -7.794228634059941818, -12.19999999999999929 ) ) ;
#1895 = DIRECTION ( 'NONE',  ( -0.0000000000000000000, -0.0000000000000000000, 1.000000000000000000 ) ) ;
#1896 = ORIENTED_EDGE ( 'NONE', *, *, #747, .F. ) ;
#1897 = CARTESIAN_POINT ( 'NONE',  ( 5.266666970006226300, -7.351593252548084934, -12.19999999999999218 ) ) ;
#1898 = ORIENTED_EDGE ( 'NONE', *, *, #723, .F. ) ;
#1899 = CYLINDRICAL_SURFACE ( 'NONE', #343, 5.099999999999999645 ) ;
#1900 = FACE_OUTER_BOUND ( 'NONE', #1775, .T. ) ;
#1901 = ORIENTED_EDGE ( 'NONE', *, *, #1650, .T. ) ;
#1902 = ORIENTED_EDGE ( 'NONE', *, *, #913, .T. ) ;
#1903 = CARTESIAN_POINT ( 'NONE',  ( 6.023803224821322466, -6.914460432017363267, -12.12338897118680947 ) ) ;
#1904 = DIRECTION ( 'NONE',  ( -1.000000000000000000, 0.0000000000000000000, 0.0000000000000000000 ) ) ;
#1905 = ORIENTED_EDGE ( 'NONE', *, *, #823, .T. ) ;
#1906 = CARTESIAN_POINT ( 'NONE',  ( 7.522341449313135975, -6.049278984716070617, -11.84368954560635245 ) ) ;
#1907 = CARTESIAN_POINT ( 'NONE',  ( -4.500000000000012434, 7.794228634059940930, 0.0000000000000000000 ) ) ;
#1908 = DIRECTION ( 'NONE',  ( -1.000000000000000000, 0.0000000000000000000, 0.0000000000000000000 ) ) ;
#1909 = CARTESIAN_POINT ( 'NONE',  ( -6.000000000000000000, 0.0000000000000000000, -3.496599999999999930 ) ) ;
#1910 = VERTEX_POINT ( 'NONE', #1175 ) ;
#1911 = CARTESIAN_POINT ( 'NONE',  ( 0.0000000000000000000, 0.0000000000000000000, -10.43899999999999828 ) ) ;
#1912 = CARTESIAN_POINT ( 'NONE',  ( 0.0000000000000000000, 0.0000000000000000000, -11.06918678438874437 ) ) ;
#1913 = DIRECTION ( 'NONE',  ( 0.0000000000000000000, 0.0000000000000000000, 1.000000000000000000 ) ) ;
#1914 = DIRECTION ( 'NONE',  ( -1.000000000000000000, 0.0000000000000000000, 0.0000000000000000000 ) ) ;
#1915 = ORIENTED_EDGE ( 'NONE', *, *, #1588, .T. ) ;
#1916 = DIRECTION ( 'NONE',  ( -0.0000000000000000000, -0.0000000000000000000, -1.000000000000000000 ) ) ;
#1917 = CARTESIAN_POINT ( 'NONE',  ( 4.332341089154522260E-16, 10.39230484541327471, -12.19999999999999929 ) ) ;
#1918 =( NAMED_UNIT ( * ) PLANE_ANGLE_UNIT ( ) SI_UNIT ( $, .RADIAN. ) );
#1919 = CIRCLE ( 'NONE', #50, 5.099999999999999645 ) ;
#1920 = VERTEX_POINT ( 'NONE', #1172 ) ;
#1921 = CARTESIAN_POINT ( 'NONE',  ( 0.0000000000000000000, 0.0000000000000000000, -1.130813215611273570 ) ) ;
#1922 = DIRECTION ( 'NONE',  ( -1.000000000000000000, 0.0000000000000000000, 0.0000000000000000000 ) ) ;
#1923 = CARTESIAN_POINT ( 'NONE',  ( -8.263859302085860392, 5.621163452808790595, -0.5584673446549168752 ) ) ;
#1924 = CARTESIAN_POINT ( 'NONE',  ( 8.263859302085856839, -5.621163452808819905, -11.64153265534506865 ) ) ;
#1925 = DIRECTION ( 'NONE',  ( -0.8191520442889885789, 1.003171929053520802E-16, 0.5735764363510507113 ) ) ;
#1926 = CIRCLE ( 'NONE', #19, 5.099999999999999645 ) ;
#1927 = DIRECTION ( 'NONE',  ( 1.000000000000000000, 0.0000000000000000000, 0.0000000000000000000 ) ) ;
#1928 = CARTESIAN_POINT ( 'NONE',  ( 0.0000000000000000000, 0.0000000000000000000, -0.02540000000000007530 ) ) ;
#1929 = DIRECTION ( 'NONE',  ( 0.0000000000000000000, 0.0000000000000000000, 1.000000000000000000 ) ) ;
#1930 = VERTEX_POINT ( 'NONE', #1170 ) ;
#1931 = VECTOR ( 'NONE', #1277, 1000.000000000000000 ) ;
#1932 = ORIENTED_EDGE ( 'NONE', *, *, #615, .T. ) ;
#1933 = ORIENTED_EDGE ( 'NONE', *, *, #612, .T. ) ;
#1934 = CARTESIAN_POINT ( 'NONE',  ( 8.999999999999998224, -5.196152422706656893, -0.8038475772933744157 ) ) ;
#1935 = ORIENTED_EDGE ( 'NONE', *, *, #812, .F. ) ;
#1936 = CARTESIAN_POINT ( 'NONE',  ( -5.030698080332740574E-14, -10.39230484541327471, -11.39615242270662421 ) ) ;
#1937 = CARTESIAN_POINT ( 'NONE',  ( 8.999999999999998224, -5.196152422706656893, -11.39615242270662421 ) ) ;
#1938 = ORIENTED_EDGE ( 'NONE', *, *, #619, .T. ) ;
#1939 = CARTESIAN_POINT ( 'NONE',  ( 0.7343025909353745329, -9.968355046870122749, -11.64091995301861004 ) ) ;
#1940 = CARTESIAN_POINT ( 'NONE',  ( 0.0000000000000000000, 0.0000000000000000000, 3.469446951953614189E-15 ) ) ;
ENDSEC;
END-ISO-10303-21;
