ISO-10303-21;
HEADER;
FILE_DESCRIPTION (( 'STEP AP214' ),
    '1' );
FILE_NAME ('M12X45.STEP',
    '2021-06-12T16:22:06',
    ( '' ),
    ( '' ),
    'SwSTEP 2.0',
    'SolidWorks 2018',
    '' );
FILE_SCHEMA (( 'AUTOMOTIVE_DESIGN' ));
ENDSEC;

DATA;
#1 = CARTESIAN_POINT ( 'NONE',  ( 24.83804354509502943, 2.583919414749769470E-15, 0.0000000000000000000 ) ) ;
#2 = CARTESIAN_POINT ( 'NONE',  ( 20.03152167229626457, 6.000000000000006217, 7.347880794884123680E-16 ) ) ;
#3 = ORIENTED_EDGE ( 'NONE', *, *, #4953, .T. ) ;
#4 = LINE ( 'NONE', #1297, #194 ) ;
#5 = MECHANICAL_DESIGN_GEOMETRIC_PRESENTATION_REPRESENTATION (  '', ( #17 ), #4901 ) ;
#6 = AXIS2_PLACEMENT_3D ( 'NONE', #1010, #443, #3628 ) ;
#7 = ORIENTED_EDGE ( 'NONE', *, *, #4240, .F. ) ;
#8 = ADVANCED_FACE ( 'NONE', ( #5125 ), #3427, .T. ) ;
#9 = ADVANCED_FACE ( 'NONE', ( #3528 ), #3399, .T. ) ;
#10 = LINE ( 'NONE', #3893, #36 ) ;
#11 = AXIS2_PLACEMENT_3D ( 'NONE', #1361, #857, #2660 ) ;
#12 = ORIENTED_EDGE ( 'NONE', *, *, #4425, .T. ) ;
#13 = DIRECTION ( 'NONE',  ( -0.5735764363510532649, 0.8191520442889868026, 1.003171929053518707E-16 ) ) ;
#14 = CIRCLE ( 'NONE', #1534, 5.036000000000003141 ) ;
#15 = ORIENTED_EDGE ( 'NONE', *, *, #2983, .T. ) ;
#16 = CARTESIAN_POINT ( 'NONE',  ( 35.58586949838321800, 2.418597540614639737E-15, 0.0000000000000000000 ) ) ;
#17 = STYLED_ITEM ( 'NONE', ( #1543 ), #5095 ) ;
#18 = DIRECTION ( 'NONE',  ( -0.5735764363510529318, -0.8191520442889870246, 0.0000000000000000000 ) ) ;
#19 = ORIENTED_EDGE ( 'NONE', *, *, #4709, .F. ) ;
#20 = DIRECTION ( 'NONE',  ( -1.000000000000000000, -1.224606353822377258E-16, -0.0000000000000000000 ) ) ;
#21 = CIRCLE ( 'NONE', #1532, 6.000000000000002665 ) ;
#22 = CARTESIAN_POINT ( 'NONE',  ( 28.29456528422546313, 7.347880794883521188E-16, -6.000000000000002665 ) ) ;
#23 = DIRECTION ( 'NONE',  ( 0.0000000000000000000, 0.0000000000000000000, 1.000000000000000000 ) ) ;
#24 = PRESENTATION_LAYER_ASSIGNMENT (  '', '', ( #17 ) ) ;
#25 = AXIS2_PLACEMENT_3D ( 'NONE', #92, #2458, #2638 ) ;
#26 = VERTEX_POINT ( 'NONE', #5013 ) ;
#27 = DIRECTION ( 'NONE',  ( 0.0000000000000000000, -1.000000000000000000, 0.0000000000000000000 ) ) ;
#28 = DIRECTION ( 'NONE',  ( 0.0000000000000000000, 0.0000000000000000000, 1.000000000000000000 ) ) ;
#29 = ORIENTED_EDGE ( 'NONE', *, *, #4717, .T. ) ;
#30 = VERTEX_POINT ( 'NONE', #4480 ) ;
#31 = AXIS2_PLACEMENT_3D ( 'NONE', #2647, #2651, #1932 ) ;
#32 = AXIS2_PLACEMENT_3D ( 'NONE', #4218, #4117, #4513 ) ;
#33 = DIRECTION ( 'NONE',  ( 0.5735764363510452712, -0.8191520442889924647, 1.003171929053525610E-16 ) ) ;
#34 = CARTESIAN_POINT ( 'NONE',  ( 45.57717397987763519, 2.583919414749769470E-15, 0.0000000000000000000 ) ) ;
#35 = EDGE_LOOP ( 'NONE', ( #4512, #433, #1757, #4663, #4691 ) ) ;
#36 = VECTOR ( 'NONE', #3061, 999.9999999999998863 ) ;
#37 = ORIENTED_EDGE ( 'NONE', *, *, #4488, .T. ) ;
#38 = AXIS2_PLACEMENT_3D ( 'NONE', #2549, #2504, #2273 ) ;
#39 = AXIS2_PLACEMENT_3D ( 'NONE', #2435, #3298, #1797 ) ;
#40 = DIRECTION ( 'NONE',  ( -1.000000000000000000, -0.0000000000000000000, -0.0000000000000000000 ) ) ;
#41 = VECTOR ( 'NONE', #2893, 1000.000000000000000 ) ;
#42 = ORIENTED_EDGE ( 'NONE', *, *, #4324, .T. ) ;
#43 = CARTESIAN_POINT ( 'NONE',  ( 0.0000000000000000000, 0.0000000000000000000, 0.0000000000000000000 ) ) ;
#44 = CARTESIAN_POINT ( 'NONE',  ( 56.03599999999976689, 0.0000000000000000000, 0.0000000000000000000 ) ) ;
#45 = ORIENTED_EDGE ( 'NONE', *, *, #4985, .F. ) ;
#46 =( NAMED_UNIT ( * ) PLANE_ANGLE_UNIT ( ) SI_UNIT ( $, .RADIAN. ) );
#47 = DIRECTION ( 'NONE',  ( 0.5735764363510452712, -0.8191520442889924647, 1.003171929053525610E-16 ) ) ;
#48 = LINE ( 'NONE', #2919, #3402 ) ;
#49 = DIRECTION ( 'NONE',  ( 0.0000000000000000000, -1.000000000000000000, 0.0000000000000000000 ) ) ;
#50 = ORIENTED_EDGE ( 'NONE', *, *, #4557, .T. ) ;
#51 = AXIS2_PLACEMENT_3D ( 'NONE', #2133, #2884, #27 ) ;
#52 = CARTESIAN_POINT ( 'NONE',  ( 26.56630441466024450, -6.000000000000000888, 7.347880794884123680E-16 ) ) ;
#53 = CARTESIAN_POINT ( 'NONE',  ( 47.30543484944285382, -6.000000000000000000, 7.347880794884122694E-16 ) ) ;
#54 = DIRECTION ( 'NONE',  ( 0.0000000000000000000, 0.0000000000000000000, 1.000000000000000000 ) ) ;
#55 = FACE_OUTER_BOUND ( 'NONE', #1086, .T. ) ;
#56 = ORIENTED_EDGE ( 'NONE', *, *, #3052, .F. ) ;
#57 = CARTESIAN_POINT ( 'NONE',  ( 34.53260869565217206, 5.036000000000005805, 0.0000000000000000000 ) ) ;
#58 = DIRECTION ( 'NONE',  ( -1.000000000000000000, -1.224606353822377258E-16, -0.0000000000000000000 ) ) ;
#59 = AXIS2_PLACEMENT_3D ( 'NONE', #4379, #4252, #3466 ) ;
#60 = AXIS2_PLACEMENT_3D ( 'NONE', #5129, #1162, #1874 ) ;
#61 = VECTOR ( 'NONE', #3267, 999.9999999999998863 ) ;
#62 = ORIENTED_EDGE ( 'NONE', *, *, #2899, .F. ) ;
#63 = ORIENTED_EDGE ( 'NONE', *, *, #2623, .T. ) ;
#64 = DIRECTION ( 'NONE',  ( -1.000000000000000000, -0.0000000000000000000, -0.0000000000000000000 ) ) ;
#65 = VECTOR ( 'NONE', #5015, 1000.000000000000000 ) ;
#66 = AXIS2_PLACEMENT_3D ( 'NONE', #1677, #3604, #2905 ) ;
#67 = ORIENTED_EDGE ( 'NONE', *, *, #3711, .F. ) ;
#68 = AXIS2_PLACEMENT_3D ( 'NONE', #2343, #4211, #1417 ) ;
#69 = CIRCLE ( 'NONE', #1551, 6.000000000000002665 ) ;
#70 = CARTESIAN_POINT ( 'NONE',  ( 49.03369571900807244, -6.085938624263665296E-29, 6.000000000000002665 ) ) ;
#71 = ORIENTED_EDGE ( 'NONE', *, *, #4018, .T. ) ;
#72 = CARTESIAN_POINT ( 'NONE',  ( 56.99999999999999289, 0.0000000000000000000, 0.0000000000000000000 ) ) ;
#73 = VERTEX_POINT ( 'NONE', #3337 ) ;
#74 = AXIS2_PLACEMENT_3D ( 'NONE', #1401, #742, #3136 ) ;
#75 = LINE ( 'NONE', #3000, #41 ) ;
#76 = AXIS2_PLACEMENT_3D ( 'NONE', #2018, #2034, #2040 ) ;
#77 = AXIS2_PLACEMENT_3D ( 'NONE', #1484, #1541, #1555 ) ;
#78 = DIRECTION ( 'NONE',  ( -1.000000000000000000, -1.224606353822377258E-16, -0.0000000000000000000 ) ) ;
#79 = CARTESIAN_POINT ( 'NONE',  ( 39.04239123751365526, -5.999999999999999112, 0.0000000000000000000 ) ) ;
#80 = ADVANCED_FACE ( 'NONE', ( #3541 ), #3524, .F. ) ;
#81 = FACE_OUTER_BOUND ( 'NONE', #941, .T. ) ;
#82 = CONICAL_SURFACE ( 'NONE', #986, 5.036000000000003141, 0.9599310885968728169 ) ;
#83 = EDGE_LOOP ( 'NONE', ( #4365, #2972, #5185, #3265, #3951, #3132 ) ) ;
#84 = AXIS2_PLACEMENT_3D ( 'NONE', #4468, #2714, #4134 ) ;
#85 = DIRECTION ( 'NONE',  ( 0.0000000000000000000, -1.000000000000000000, 0.0000000000000000000 ) ) ;
#86 = AXIS2_PLACEMENT_3D ( 'NONE', #4151, #5180, #1067 ) ;
#87 = DIRECTION ( 'NONE',  ( 0.0000000000000000000, -1.000000000000000000, 0.0000000000000000000 ) ) ;
#88 = DIRECTION ( 'NONE',  ( -1.000000000000000000, -0.0000000000000000000, -0.0000000000000000000 ) ) ;
#89 = DIRECTION ( 'NONE',  ( -1.000000000000000000, -1.224606353822377258E-16, -0.0000000000000000000 ) ) ;
#90 = ORIENTED_EDGE ( 'NONE', *, *, #4508, .F. ) ;
#91 = AXIS2_PLACEMENT_3D ( 'NONE', #3237, #1166, #3244 ) ;
#92 = CARTESIAN_POINT ( 'NONE',  ( 12.59999999999999964, 0.0000000000000000000, 0.0000000000000000000 ) ) ;
#93 = DIRECTION ( 'NONE',  ( 0.0000000000000000000, -1.000000000000000000, 0.0000000000000000000 ) ) ;
#94 = ORIENTED_EDGE ( 'NONE', *, *, #2864, .F. ) ;
#95 = AXIS2_PLACEMENT_3D ( 'NONE', #4546, #2683, #2710 ) ;
#96 = AXIS2_PLACEMENT_3D ( 'NONE', #4450, #4454, #4457 ) ;
#97 = DIRECTION ( 'NONE',  ( 0.0000000000000000000, -1.000000000000000000, 0.0000000000000000000 ) ) ;
#98 = DIRECTION ( 'NONE',  ( -1.000000000000000000, -0.0000000000000000000, -0.0000000000000000000 ) ) ;
#99 = CIRCLE ( 'NONE', #1239, 6.000000000000002665 ) ;
#100 = ADVANCED_FACE ( 'NONE', ( #3407 ), #3373, .T. ) ;
#101 = LINE ( 'NONE', #353, #1098 ) ;
#102 = ORIENTED_EDGE ( 'NONE', *, *, #2596, .T. ) ;
#103 = AXIS2_PLACEMENT_3D ( 'NONE', #4371, #4402, #4415 ) ;
#104 = LINE ( 'NONE', #4057, #2311 ) ;
#105 = AXIS2_PLACEMENT_3D ( 'NONE', #3759, #2780, #1763 ) ;
#106 = DIRECTION ( 'NONE',  ( -1.000000000000000000, -1.224606353822377258E-16, -0.0000000000000000000 ) ) ;
#107 = VERTEX_POINT ( 'NONE', #3570 ) ;
#108 = ORIENTED_EDGE ( 'NONE', *, *, #2617, .T. ) ;
#109 = DIRECTION ( 'NONE',  ( 0.0000000000000000000, 0.0000000000000000000, 1.000000000000000000 ) ) ;
#110 = CIRCLE ( 'NONE', #557, 6.000000000000002665 ) ;
#111 = VECTOR ( 'NONE', #3278, 1000.000000000000000 ) ;
#112 = ORIENTED_EDGE ( 'NONE', *, *, #3904, .T. ) ;
#113 = AXIS2_PLACEMENT_3D ( 'NONE', #3646, #3679, #3698 ) ;
#114 = CIRCLE ( 'NONE', #1552, 6.000000000000002665 ) ;
#115 = DIRECTION ( 'NONE',  ( 0.0000000000000000000, -1.000000000000000000, 0.0000000000000000000 ) ) ;
#116 = CARTESIAN_POINT ( 'NONE',  ( 35.20760876248633053, -6.000000000000000888, 7.347880794884123680E-16 ) ) ;
#117 = AXIS2_PLACEMENT_3D ( 'NONE', #2295, #2448, #3105 ) ;
#118 = CARTESIAN_POINT ( 'NONE',  ( 52.49021745813850259, 6.000000000000004441, 0.0000000000000000000 ) ) ;
#119 = CYLINDRICAL_SURFACE ( 'NONE', #1553, 5.999999999999863221 ) ;
#120 = ORIENTED_EDGE ( 'NONE', *, *, #4283, .F. ) ;
#121 = CARTESIAN_POINT ( 'NONE',  ( 55.94673919726893985, 2.583919414749769470E-15, 0.0000000000000000000 ) ) ;
#122 = CIRCLE ( 'NONE', #1561, 6.000000000000002665 ) ;
#123 = CONICAL_SURFACE ( 'NONE', #1571, 5.057500000000000107, 1.047197551196592302 ) ;
#124 = ADVANCED_FACE ( 'NONE', ( #3507 ), #3359, .T. ) ;
#125 = CARTESIAN_POINT ( 'NONE',  ( 29.34782608695652328, -5.036000000000000476, 0.0000000000000000000 ) ) ;
#126 = AXIS2_PLACEMENT_3D ( 'NONE', #1238, #3912, #1450 ) ;
#127 = ORIENTED_EDGE ( 'NONE', *, *, #3642, .T. ) ;
#128 = ORIENTED_EDGE ( 'NONE', *, *, #4351, .T. ) ;
#129 = ADVANCED_FACE ( 'NONE', ( #3519 ), #3340, .T. ) ;
#130 = DIRECTION ( 'NONE',  ( 0.0000000000000000000, -1.000000000000000000, 0.0000000000000000000 ) ) ;
#131 = ADVANCED_FACE ( 'NONE', ( #3365 ), #3867, .F. ) ;
#132 = MANIFOLD_SOLID_BREP ( 'ThdSchPat', #2727 ) ;
#133 = ORIENTED_EDGE ( 'NONE', *, *, #3581, .F. ) ;
#134 = DIRECTION ( 'NONE',  ( -1.000000000000000000, -1.224606353822377258E-16, -0.0000000000000000000 ) ) ;
#135 = ORIENTED_EDGE ( 'NONE', *, *, #4634, .T. ) ;
#136 = AXIS2_PLACEMENT_3D ( 'NONE', #1192, #1468, #1659 ) ;
#137 = CARTESIAN_POINT ( 'NONE',  ( -31.74999999999995737, 7.347880794883952103E-16, -5.999999999999863221 ) ) ;
#138 = LINE ( 'NONE', #2766, #61 ) ;
#139 = CARTESIAN_POINT ( 'NONE',  ( 44.90217391304347672, 5.036000000000005805, 6.167321280506074351E-16 ) ) ;
#140 = ORIENTED_EDGE ( 'NONE', *, *, #3095, .F. ) ;
#141 = CARTESIAN_POINT ( 'NONE',  ( 55.27173913043478137, 2.501258477682205392E-15, 0.0000000000000000000 ) ) ;
#142 = ORIENTED_EDGE ( 'NONE', *, *, #3741, .T. ) ;
#143 = FACE_OUTER_BOUND ( 'NONE', #4472, .T. ) ;
#144 = ORIENTED_EDGE ( 'NONE', *, *, #2781, .T. ) ;
#145 = AXIS2_PLACEMENT_3D ( 'NONE', #1505, #2956, #3754 ) ;
#146 = DIRECTION ( 'NONE',  ( -1.000000000000000000, -1.224606353822377258E-16, -0.0000000000000000000 ) ) ;
#147 = CARTESIAN_POINT ( 'NONE',  ( -31.74999999999995737, 0.0000000000000000000, 5.999999999999863221 ) ) ;
#148 = AXIS2_PLACEMENT_3D ( 'NONE', #3977, #3995, #4020 ) ;
#149 = ORIENTED_EDGE ( 'NONE', *, *, #4603, .T. ) ;
#150 = CIRCLE ( 'NONE', #187, 5.036000000000003141 ) ;
#151 = EDGE_LOOP ( 'NONE', ( #3275, #3016, #3103, #2967, #792 ) ) ;
#152 = CARTESIAN_POINT ( 'NONE',  ( 6.000000000000000000, 0.0000000000000000000, 0.0000000000000000000 ) ) ;
#153 = ORIENTED_EDGE ( 'NONE', *, *, #3263, .F. ) ;
#154 = EDGE_LOOP ( 'NONE', ( #1834, #4193, #2631, #4972, #5005, #4992 ) ) ;
#155 = CARTESIAN_POINT ( 'NONE',  ( 32.12934775925278785, 2.418597540614639737E-15, 0.0000000000000000000 ) ) ;
#156 = AXIS2_PLACEMENT_3D ( 'NONE', #1624, #1644, #1648 ) ;
#157 = AXIS2_PLACEMENT_3D ( 'NONE', #1621, #3923, #1326 ) ;
#158 = AXIS2_PLACEMENT_3D ( 'NONE', #3950, #3948, #3933 ) ;
#159 = ADVANCED_FACE ( 'NONE', ( #3392 ), #3839, .F. ) ;
#160 = ORIENTED_EDGE ( 'NONE', *, *, #3120, .F. ) ;
#161 = LINE ( 'NONE', #3289, #171 ) ;
#162 = ORIENTED_EDGE ( 'NONE', *, *, #4811, .T. ) ;
#163 = EDGE_LOOP ( 'NONE', ( #264, #3455, #1847, #2748, #56, #2315 ) ) ;
#164 = FACE_OUTER_BOUND ( 'NONE', #4248, .T. ) ;
#165 = AXIS2_PLACEMENT_3D ( 'NONE', #825, #4142, #4040 ) ;
#166 = CIRCLE ( 'NONE', #467, 6.000000000000002665 ) ;
#167 = ORIENTED_EDGE ( 'NONE', *, *, #4099, .F. ) ;
#168 = CARTESIAN_POINT ( 'NONE',  ( 31.75108702335589683, 2.583919414749769470E-15, 0.0000000000000000000 ) ) ;
#169 = VERTEX_POINT ( 'NONE', #4364 ) ;
#170 = DIRECTION ( 'NONE',  ( -1.000000000000000000, -0.0000000000000000000, -0.0000000000000000000 ) ) ;
#171 = VECTOR ( 'NONE', #2126, 1000.000000000000000 ) ;
#172 = CARTESIAN_POINT ( 'NONE',  ( 34.53260869565217206, 2.501258477682205392E-15, 0.0000000000000000000 ) ) ;
#173 = CARTESIAN_POINT ( 'NONE',  ( 40.39239137118198641, -6.000000000000000000, 7.347880794884122694E-16 ) ) ;
#174 = AXIS2_PLACEMENT_3D ( 'NONE', #865, #4317, #4170 ) ;
#175 = AXIS2_PLACEMENT_3D ( 'NONE', #4033, #4029, #4188 ) ;
#176 = EDGE_LOOP ( 'NONE', ( #4138, #1678, #4256, #1032, #1223, #907 ) ) ;
#177 = AXIS2_PLACEMENT_3D ( 'NONE', #3064, #4056, #4046 ) ;
#178 = DIRECTION ( 'NONE',  ( -1.000000000000000000, -1.224606353822377258E-16, -0.0000000000000000000 ) ) ;
#179 = ADVANCED_FACE ( 'NONE', ( #3200 ), #1040, .T. ) ;
#180 = ORIENTED_EDGE ( 'NONE', *, *, #4319, .T. ) ;
#181 = AXIS2_PLACEMENT_3D ( 'NONE', #4707, #4762, #49 ) ;
#182 = LINE ( 'NONE', #2726, #111 ) ;
#183 = CONICAL_SURFACE ( 'NONE', #309, 5.036000000000003141, 0.9599310885968728169 ) ;
#184 = ORIENTED_EDGE ( 'NONE', *, *, #3368, .T. ) ;
#185 = CIRCLE ( 'NONE', #717, 6.000000000000002665 ) ;
#186 = DIRECTION ( 'NONE',  ( -1.000000000000000000, -0.0000000000000000000, -0.0000000000000000000 ) ) ;
#187 = AXIS2_PLACEMENT_3D ( 'NONE', #3271, #3363, #787 ) ;
#188 = ORIENTED_EDGE ( 'NONE', *, *, #3259, .F. ) ;
#189 = DIRECTION ( 'NONE',  ( 0.0000000000000000000, -1.000000000000000000, 0.0000000000000000000 ) ) ;
#190 = AXIS2_PLACEMENT_3D ( 'NONE', #4533, #2238, #3384 ) ;
#191 = FACE_OUTER_BOUND ( 'NONE', #3504, .T. ) ;
#192 = CIRCLE ( 'NONE', #1513, 6.000000000000002665 ) ;
#193 = CARTESIAN_POINT ( 'NONE',  ( 41.44565217391304657, 5.036000000000005805, 6.167321280506074351E-16 ) ) ;
#194 = VECTOR ( 'NONE', #1339, 999.9999999999998863 ) ;
#195 = AXIS2_PLACEMENT_3D ( 'NONE', #4874, #2220, #4344 ) ;
#196 = CIRCLE ( 'NONE', #1568, 6.000000000000002665 ) ;
#197 = VERTEX_POINT ( 'NONE', #4411 ) ;
#198 = CARTESIAN_POINT ( 'NONE',  ( 55.27173913043478137, 2.501258477682205392E-15, 0.0000000000000000000 ) ) ;
#199 = DIRECTION ( 'NONE',  ( -1.000000000000000000, -1.224606353822377258E-16, -0.0000000000000000000 ) ) ;
#200 = ORIENTED_EDGE ( 'NONE', *, *, #3231, .F. ) ;
#201 = CYLINDRICAL_SURFACE ( 'NONE', #3216, 5.999999999999863221 ) ;
#202 = DIRECTION ( 'NONE',  ( 0.0000000000000000000, -1.000000000000000000, 0.0000000000000000000 ) ) ;
#203 = CARTESIAN_POINT ( 'NONE',  ( 54.59673906360060869, 2.418597540614639737E-15, 0.0000000000000000000 ) ) ;
#204 = VECTOR ( 'NONE', #757, 1000.000000000000000 ) ;
#205 = FACE_OUTER_BOUND ( 'NONE', #4292, .T. ) ;
#206 = ORIENTED_EDGE ( 'NONE', *, *, #3904, .F. ) ;
#207 = AXIS2_PLACEMENT_3D ( 'NONE', #534, #608, #925 ) ;
#208 = FACE_OUTER_BOUND ( 'NONE', #1071, .T. ) ;
#209 = DIRECTION ( 'NONE',  ( 0.0000000000000000000, -1.000000000000000000, 0.0000000000000000000 ) ) ;
#210 = CIRCLE ( 'NONE', #1578, 6.000000000000002665 ) ;
#211 = DIRECTION ( 'NONE',  ( -0.5735764363510532649, 0.8191520442889868026, 1.003171929053518707E-16 ) ) ;
#212 = VERTEX_POINT ( 'NONE', #4241 ) ;
#213 = DIRECTION ( 'NONE',  ( 0.0000000000000000000, 1.000000000000000000, 0.0000000000000000000 ) ) ;
#214 = CIRCLE ( 'NONE', #1316, 6.000000000000002665 ) ;
#215 = VERTEX_POINT ( 'NONE', #3920 ) ;
#216 = DIRECTION ( 'NONE',  ( 0.0000000000000000000, -1.000000000000000000, 0.0000000000000000000 ) ) ;
#217 = CARTESIAN_POINT ( 'NONE',  ( 32.80434782608696054, 2.501258477682205392E-15, 0.0000000000000000000 ) ) ;
#218 = LINE ( 'NONE', #768, #204 ) ;
#219 = VERTEX_POINT ( 'NONE', #4264 ) ;
#220 = LINE ( 'NONE', #237, #430 ) ;
#221 = ORIENTED_EDGE ( 'NONE', *, *, #4672, .F. ) ;
#222 = DIRECTION ( 'NONE',  ( -1.000000000000000000, -0.0000000000000000000, -0.0000000000000000000 ) ) ;
#223 = DIRECTION ( 'NONE',  ( 1.000000000000000000, 1.224606353822377258E-16, 0.0000000000000000000 ) ) ;
#224 = CARTESIAN_POINT ( 'NONE',  ( 33.47934789292111901, 2.583919414749769470E-15, 0.0000000000000000000 ) ) ;
#225 = CONICAL_SURFACE ( 'NONE', #320, 5.036000000000003141, 0.9599310885968728169 ) ;
#226 = AXIS2_PLACEMENT_3D ( 'NONE', #2927, #3396, #1661 ) ;
#227 = AXIS2_PLACEMENT_3D ( 'NONE', #1790, #405, #1733 ) ;
#228 = DIRECTION ( 'NONE',  ( -1.000000000000000000, -1.224606353822377258E-16, -0.0000000000000000000 ) ) ;
#229 = FACE_OUTER_BOUND ( 'NONE', #83, .T. ) ;
#230 = CIRCLE ( 'NONE', #1580, 6.000000000000002665 ) ;
#231 = DIRECTION ( 'NONE',  ( -1.000000000000000000, -1.224606353822377258E-16, -0.0000000000000000000 ) ) ;
#232 = ORIENTED_EDGE ( 'NONE', *, *, #2597, .T. ) ;
#233 = AXIS2_PLACEMENT_3D ( 'NONE', #4771, #496, #1799 ) ;
#234 = AXIS2_PLACEMENT_3D ( 'NONE', #1670, #1840, #1507 ) ;
#235 = DIRECTION ( 'NONE',  ( 0.0000000000000000000, -1.000000000000000000, 0.0000000000000000000 ) ) ;
#236 = FACE_OUTER_BOUND ( 'NONE', #4860, .T. ) ;
#237 = CARTESIAN_POINT ( 'NONE',  ( 55.94673919726893985, -6.000000000000000000, 7.347880794884122694E-16 ) ) ;
#238 = CARTESIAN_POINT ( 'NONE',  ( 47.30543484944285382, 2.583919414749769470E-15, 0.0000000000000000000 ) ) ;
#239 = ORIENTED_EDGE ( 'NONE', *, *, #4308, .T. ) ;
#240 = VECTOR ( 'NONE', #928, 999.9999999999998863 ) ;
#241 = ORIENTED_EDGE ( 'NONE', *, *, #3643, .F. ) ;
#242 = AXIS2_PLACEMENT_3D ( 'NONE', #1303, #1341, #1372 ) ;
#243 = CARTESIAN_POINT ( 'NONE',  ( 43.84891311031241656, -6.000000000000000888, 7.347880794884123680E-16 ) ) ;
#244 = CARTESIAN_POINT ( 'NONE',  ( 54.21847832770372833, 2.583919414749769470E-15, 0.0000000000000000000 ) ) ;
#245 = AXIS2_PLACEMENT_3D ( 'NONE', #5089, #5042, #5056 ) ;
#246 = DIRECTION ( 'NONE',  ( 0.0000000000000000000, -1.000000000000000000, 0.0000000000000000000 ) ) ;
#247 = AXIS2_PLACEMENT_3D ( 'NONE', #352, #1699, #1777 ) ;
#248 = CIRCLE ( 'NONE', #1592, 5.036000000000003141 ) ;
#249 = ORIENTED_EDGE ( 'NONE', *, *, #4253, .T. ) ;
#250 = CARTESIAN_POINT ( 'NONE',  ( 52.86847819403539717, 2.418597540614639737E-15, 0.0000000000000000000 ) ) ;
#251 = DIRECTION ( 'NONE',  ( 0.0000000000000000000, -1.000000000000000000, 0.0000000000000000000 ) ) ;
#252 = LINE ( 'NONE', #946, #240 ) ;
#253 = AXIS2_PLACEMENT_3D ( 'NONE', #2599, #3871, #2310 ) ;
#254 = ORIENTED_EDGE ( 'NONE', *, *, #4395, .F. ) ;
#255 = DIRECTION ( 'NONE',  ( -1.000000000000000000, -1.224606353822377258E-16, -0.0000000000000000000 ) ) ;
#256 = CARTESIAN_POINT ( 'NONE',  ( 44.90217391304347672, 2.501258477682205392E-15, 0.0000000000000000000 ) ) ;
#257 = CIRCLE ( 'NONE', #1593, 6.000000000000002665 ) ;
#258 = VERTEX_POINT ( 'NONE', #4172 ) ;
#259 = AXIS2_PLACEMENT_3D ( 'NONE', #502, #834, #483 ) ;
#260 = AXIS2_PLACEMENT_3D ( 'NONE', #3290, #3306, #3321 ) ;
#261 = DIRECTION ( 'NONE',  ( 0.0000000000000000000, -1.000000000000000000, 0.0000000000000000000 ) ) ;
#262 = CARTESIAN_POINT ( 'NONE',  ( -31.74999999999995737, 0.0000000000000000000, 0.0000000000000000000 ) ) ;
#263 = CARTESIAN_POINT ( 'NONE',  ( 53.54347826086956985, 2.501258477682205392E-15, 0.0000000000000000000 ) ) ;
#264 = ORIENTED_EDGE ( 'NONE', *, *, #2921, .F. ) ;
#265 = CIRCLE ( 'NONE', #1602, 6.000000000000002665 ) ;
#266 = ORIENTED_EDGE ( 'NONE', *, *, #3107, .T. ) ;
#267 = FACE_OUTER_BOUND ( 'NONE', #3930, .T. ) ;
#268 = DIRECTION ( 'NONE',  ( 1.000000000000000000, 1.224606353822377258E-16, 0.0000000000000000000 ) ) ;
#269 = ORIENTED_EDGE ( 'NONE', *, *, #3341, .T. ) ;
#270 = AXIS2_PLACEMENT_3D ( 'NONE', #4156, #4520, #2585 ) ;
#271 = AXIS2_PLACEMENT_3D ( 'NONE', #2146, #2379, #4367 ) ;
#272 = EDGE_LOOP ( 'NONE', ( #2930, #3757, #4500, #3228, #671 ) ) ;
#273 = ORIENTED_EDGE ( 'NONE', *, *, #3573, .T. ) ;
#274 = DIRECTION ( 'NONE',  ( -1.000000000000000000, -1.224606353822377258E-16, -0.0000000000000000000 ) ) ;
#275 = VECTOR ( 'NONE', #1180, 999.9999999999998863 ) ;
#276 = DIRECTION ( 'NONE',  ( -1.000000000000000000, -1.224606353822377258E-16, -0.0000000000000000000 ) ) ;
#277 = EDGE_LOOP ( 'NONE', ( #4866, #860, #4810, #2130, #4363, #3284 ) ) ;
#278 = ORIENTED_EDGE ( 'NONE', *, *, #3916, .F. ) ;
#279 = AXIS2_PLACEMENT_3D ( 'NONE', #2410, #1291, #1816 ) ;
#280 = DIRECTION ( 'NONE',  ( 0.0000000000000000000, -1.000000000000000000, 0.0000000000000000000 ) ) ;
#281 = DIRECTION ( 'NONE',  ( 0.0000000000000000000, 0.0000000000000000000, 1.000000000000000000 ) ) ;
#282 = DIRECTION ( 'NONE',  ( 0.0000000000000000000, -1.000000000000000000, 0.0000000000000000000 ) ) ;
#283 = DIRECTION ( 'NONE',  ( -1.000000000000000000, -1.224606353822377258E-16, -0.0000000000000000000 ) ) ;
#284 = LINE ( 'NONE', #1096, #339 ) ;
#285 = ORIENTED_EDGE ( 'NONE', *, *, #4908, .T. ) ;
#286 = AXIS2_PLACEMENT_3D ( 'NONE', #4129, #2830, #2823 ) ;
#287 = ADVANCED_FACE ( 'NONE', ( #3179 ), #3158, .T. ) ;
#288 = CARTESIAN_POINT ( 'NONE',  ( 52.86847819403539717, 2.418597540614639737E-15, 0.0000000000000000000 ) ) ;
#289 = VERTEX_POINT ( 'NONE', #4000 ) ;
#290 = DIRECTION ( 'NONE',  ( 0.0000000000000000000, -1.000000000000000000, 0.0000000000000000000 ) ) ;
#291 = CARTESIAN_POINT ( 'NONE',  ( 19.65326093639937710, 2.583919414749769470E-15, 0.0000000000000000000 ) ) ;
#292 = VECTOR ( 'NONE', #1569, 999.9999999999998863 ) ;
#293 = AXIS2_PLACEMENT_3D ( 'NONE', #1696, #2483, #3161 ) ;
#294 = AXIS2_PLACEMENT_3D ( 'NONE', #4719, #2393, #2405 ) ;
#295 = ORIENTED_EDGE ( 'NONE', *, *, #5018, .T. ) ;
#296 = AXIS2_PLACEMENT_3D ( 'NONE', #1867, #1520, #2471 ) ;
#297 = CARTESIAN_POINT ( 'NONE',  ( 19.65326093639937710, -6.000000000000000000, 7.347880794884122694E-16 ) ) ;
#298 = DIRECTION ( 'NONE',  ( 0.0000000000000000000, -1.000000000000000000, 0.0000000000000000000 ) ) ;
#299 = ORIENTED_EDGE ( 'NONE', *, *, #4179, .F. ) ;
#300 = CONICAL_SURFACE ( 'NONE', #1001, 6.000000000000002665, 0.9599310885968824758 ) ;
#301 = AXIS2_PLACEMENT_3D ( 'NONE', #2587, #674, #1533 ) ;
#302 = DIRECTION ( 'NONE',  ( -0.5735764363510529318, -0.8191520442889870246, 0.0000000000000000000 ) ) ;
#303 = FACE_OUTER_BOUND ( 'NONE', #4294, .T. ) ;
#304 = ORIENTED_EDGE ( 'NONE', *, *, #4619, .T. ) ;
#305 = CIRCLE ( 'NONE', #1003, 6.000000000000002665 ) ;
#306 = DIRECTION ( 'NONE',  ( -1.000000000000000000, -1.224606353822377258E-16, -0.0000000000000000000 ) ) ;
#307 = ORIENTED_EDGE ( 'NONE', *, *, #4644, .T. ) ;
#308 = CARTESIAN_POINT ( 'NONE',  ( 52.49021745813850259, 2.583919414749769470E-15, 0.0000000000000000000 ) ) ;
#309 = AXIS2_PLACEMENT_3D ( 'NONE', #4937, #58, #4222 ) ;
#310 = FACE_OUTER_BOUND ( 'NONE', #2236, .T. ) ;
#311 = CIRCLE ( 'NONE', #318, 8.400000000000000355 ) ;
#312 = ADVANCED_FACE ( 'NONE', ( #3172 ), #2365, .T. ) ;
#313 = VECTOR ( 'NONE', #5001, 999.9999999999998863 ) ;
#314 = DIRECTION ( 'NONE',  ( -1.000000000000000000, -1.224606353822377258E-16, -0.0000000000000000000 ) ) ;
#315 = CARTESIAN_POINT ( 'NONE',  ( 51.81521739130434412, -5.036000000000000476, 0.0000000000000000000 ) ) ;
#316 = VERTEX_POINT ( 'NONE', #3332 ) ;
#317 = CIRCLE ( 'NONE', #978, 5.999999999999726441 ) ;
#318 = AXIS2_PLACEMENT_3D ( 'NONE', #43, #2278, #109 ) ;
#319 = VERTEX_POINT ( 'NONE', #3695 ) ;
#320 = AXIS2_PLACEMENT_3D ( 'NONE', #4598, #4600, #1929 ) ;
#321 = CONICAL_SURFACE ( 'NONE', #1627, 5.036000000000003141, 0.9599310885968728169 ) ;
#322 = DIRECTION ( 'NONE',  ( 0.0000000000000000000, 0.0000000000000000000, 1.000000000000000000 ) ) ;
#323 = DIRECTION ( 'NONE',  ( 0.0000000000000000000, -1.000000000000000000, 0.0000000000000000000 ) ) ;
#324 = CARTESIAN_POINT ( 'NONE',  ( 21.38152180596459573, 6.000000000000004441, 0.0000000000000000000 ) ) ;
#325 = CIRCLE ( 'NONE', #402, 6.000000000000002665 ) ;
#326 = AXIS2_PLACEMENT_3D ( 'NONE', #2122, #2650, #4362 ) ;
#327 = CIRCLE ( 'NONE', #1296, 5.036000000000003141 ) ;
#328 = ORIENTED_EDGE ( 'NONE', *, *, #4208, .F. ) ;
#329 = AXIS2_PLACEMENT_3D ( 'NONE', #1334, #2663, #2628 ) ;
#330 = CIRCLE ( 'NONE', #963, 6.000000000000002665 ) ;
#331 = AXIS2_PLACEMENT_3D ( 'NONE', #2516, #1376, #2334 ) ;
#332 = DIRECTION ( 'NONE',  ( -1.000000000000000000, -0.0000000000000000000, -0.0000000000000000000 ) ) ;
#333 = AXIS2_PLACEMENT_3D ( 'NONE', #591, #2466, #5087 ) ;
#334 = ORIENTED_EDGE ( 'NONE', *, *, #3242, .F. ) ;
#335 = ORIENTED_EDGE ( 'NONE', *, *, #4387, .F. ) ;
#336 = VECTOR ( 'NONE', #5179, 999.9999999999998863 ) ;
#337 = AXIS2_PLACEMENT_3D ( 'NONE', #2542, #2920, #2486 ) ;
#338 = DIRECTION ( 'NONE',  ( -1.000000000000000000, -1.224606353822377258E-16, -0.0000000000000000000 ) ) ;
#339 = VECTOR ( 'NONE', #1057, 1000.000000000000000 ) ;
#340 = DIRECTION ( 'NONE',  ( 0.0000000000000000000, -1.000000000000000000, 0.0000000000000000000 ) ) ;
#341 = LINE ( 'NONE', #2646, #336 ) ;
#342 = VERTEX_POINT ( 'NONE', #4686 ) ;
#343 = AXIS2_PLACEMENT_3D ( 'NONE', #2567, #1582, #216 ) ;
#344 = AXIS2_PLACEMENT_3D ( 'NONE', #3123, #4813, #3430 ) ;
#345 = VERTEX_POINT ( 'NONE', #4123 ) ;
#346 = CARTESIAN_POINT ( 'NONE',  ( 56.03599999999976689, 7.347880794883784470E-16, -5.999999999999726441 ) ) ;
#347 = DIRECTION ( 'NONE',  ( -1.000000000000000000, -1.224606353822377258E-16, -0.0000000000000000000 ) ) ;
#348 = DIRECTION ( 'NONE',  ( 0.0000000000000000000, 1.000000000000000000, 0.0000000000000000000 ) ) ;
#349 = CARTESIAN_POINT ( 'NONE',  ( 51.81521739130434412, 2.501258477682205392E-15, 0.0000000000000000000 ) ) ;
#350 = AXIS2_PLACEMENT_3D ( 'NONE', #1129, #1725, #2464 ) ;
#351 = AXIS2_PLACEMENT_3D ( 'NONE', #152, #3503, #1989 ) ;
#352 = CARTESIAN_POINT ( 'NONE',  ( 20.03152167229626457, 2.418597540614639737E-15, 0.0000000000000000000 ) ) ;
#353 = CARTESIAN_POINT ( 'NONE',  ( 20.70652173913043725, -5.036000000000000476, 0.0000000000000000000 ) ) ;
#354 = CIRCLE ( 'NONE', #1626, 6.000000000000002665 ) ;
#355 = ORIENTED_EDGE ( 'NONE', *, *, #4684, .T. ) ;
#356 = CONICAL_SURFACE ( 'NONE', #586, 5.036000000000003141, 0.9599310885968728169 ) ;
#357 = CIRCLE ( 'NONE', #1612, 6.000000000000002665 ) ;
#358 = ORIENTED_EDGE ( 'NONE', *, *, #3845, .F. ) ;
#359 = DIRECTION ( 'NONE',  ( -1.000000000000000000, -1.224606353822377258E-16, -0.0000000000000000000 ) ) ;
#360 = DIRECTION ( 'NONE',  ( 0.0000000000000000000, -1.000000000000000000, 0.0000000000000000000 ) ) ;
#361 = AXIS2_PLACEMENT_3D ( 'NONE', #1138, #931, #4797 ) ;
#362 = AXIS2_PLACEMENT_3D ( 'NONE', #4381, #186, #322 ) ;
#363 = AXIS2_PLACEMENT_3D ( 'NONE', #528, #2450, #3358 ) ;
#364 = CARTESIAN_POINT ( 'NONE',  ( 17.92500006683415847, 2.583919414749769470E-15, 0.0000000000000000000 ) ) ;
#365 = DIRECTION ( 'NONE',  ( -1.000000000000000000, -1.224606353822377258E-16, -0.0000000000000000000 ) ) ;
#366 = DIRECTION ( 'NONE',  ( 0.0000000000000000000, 0.4999999999999990008, -0.8660254037844392627 ) ) ;
#367 = VECTOR ( 'NONE', #1283, 1000.000000000000000 ) ;
#368 = ORIENTED_EDGE ( 'NONE', *, *, #4075, .F. ) ;
#369 = CIRCLE ( 'NONE', #279, 0.5999999999999998668 ) ;
#370 = APPLICATION_CONTEXT ( 'automotive_design' ) ;
#371 = FACE_OUTER_BOUND ( 'NONE', #3128, .T. ) ;
#372 = CARTESIAN_POINT ( 'NONE',  ( 56.03599999999976689, 0.0000000000000000000, 0.0000000000000000000 ) ) ;
#373 = CARTESIAN_POINT ( 'NONE',  ( 51.14021732447017143, 2.418597540614639737E-15, 0.0000000000000000000 ) ) ;
#374 = LINE ( 'NONE', #1298, #367 ) ;
#375 = ORIENTED_EDGE ( 'NONE', *, *, #3882, .T. ) ;
#376 = LINE ( 'NONE', #5048, #65 ) ;
#377 = CARTESIAN_POINT ( 'NONE',  ( 30.02282615379068176, 6.000000000000004441, 0.0000000000000000000 ) ) ;
#378 = ORIENTED_EDGE ( 'NONE', *, *, #3117, .T. ) ;
#379 = ORIENTED_EDGE ( 'NONE', *, *, #3469, .T. ) ;
#380 = DIRECTION ( 'NONE',  ( 0.0000000000000000000, -1.000000000000000000, 0.0000000000000000000 ) ) ;
#381 = AXIS2_PLACEMENT_3D ( 'NONE', #2308, #903, #1436 ) ;
#382 = AXIS2_PLACEMENT_3D ( 'NONE', #1243, #2849, #1090 ) ;
#383 = VECTOR ( 'NONE', #1370, 1000.000000000000000 ) ;
#384 = ADVANCED_FACE ( 'NONE', ( #3113 ), #2340, .T. ) ;
#385 = DIRECTION ( 'NONE',  ( -1.000000000000000000, -1.224606353822377258E-16, -0.0000000000000000000 ) ) ;
#386 = CARTESIAN_POINT ( 'NONE',  ( -31.74999999999995737, 0.0000000000000000000, 5.999999999999863221 ) ) ;
#387 = ORIENTED_EDGE ( 'NONE', *, *, #2789, .F. ) ;
#388 = AXIS2_PLACEMENT_3D ( 'NONE', #2388, #2402, #600 ) ;
#389 = AXIS2_PLACEMENT_3D ( 'NONE', #872, #4330, #751 ) ;
#390 = DIRECTION ( 'NONE',  ( 1.000000000000000000, 0.0000000000000000000, 0.0000000000000000000 ) ) ;
#391 = AXIS2_PLACEMENT_3D ( 'NONE', #636, #499, #481 ) ;
#392 = CARTESIAN_POINT ( 'NONE',  ( 38.66413050161676779, 2.583919414749769470E-15, 0.0000000000000000000 ) ) ;
#393 = DIRECTION ( 'NONE',  ( -1.000000000000000000, -1.224606353822377258E-16, -0.0000000000000000000 ) ) ;
#394 = CARTESIAN_POINT ( 'NONE',  ( 51.81521739130434412, 5.036000000000005805, 0.0000000000000000000 ) ) ;
#395 = CIRCLE ( 'NONE', #207, 5.057500000000000107 ) ;
#396 = CARTESIAN_POINT ( 'NONE',  ( 50.76195658857328397, 2.583919414749769470E-15, 0.0000000000000000000 ) ) ;
#397 = CIRCLE ( 'NONE', #1603, 6.000000000000002665 ) ;
#398 = ORIENTED_EDGE ( 'NONE', *, *, #4755, .F. ) ;
#399 = ORIENTED_EDGE ( 'NONE', *, *, #4195, .T. ) ;
#400 = DIRECTION ( 'NONE',  ( -1.000000000000000000, -1.224606353822377258E-16, -0.0000000000000000000 ) ) ;
#401 = AXIS2_PLACEMENT_3D ( 'NONE', #3701, #727, #684 ) ;
#402 = AXIS2_PLACEMENT_3D ( 'NONE', #758, #2888, #93 ) ;
#403 = ORIENTED_EDGE ( 'NONE', *, *, #3691, .T. ) ;
#404 = ORIENTED_EDGE ( 'NONE', *, *, #3006, .T. ) ;
#405 = DIRECTION ( 'NONE',  ( -1.000000000000000000, -0.0000000000000000000, -0.0000000000000000000 ) ) ;
#406 = DIRECTION ( 'NONE',  ( -1.000000000000000000, -1.224606353822377258E-16, -0.0000000000000000000 ) ) ;
#407 = VECTOR ( 'NONE', #1431, 999.9999999999998863 ) ;
#408 = ORIENTED_EDGE ( 'NONE', *, *, #3134, .F. ) ;
#409 = AXIS2_PLACEMENT_3D ( 'NONE', #1008, #868, #711 ) ;
#410 = PRODUCT_CONTEXT ( 'NONE', #588, 'mechanical' ) ;
#411 = FACE_OUTER_BOUND ( 'NONE', #4688, .T. ) ;
#412 = ORIENTED_EDGE ( 'NONE', *, *, #2962, .F. ) ;
#413 = ORIENTED_EDGE ( 'NONE', *, *, #3090, .F. ) ;
#414 = AXIS2_PLACEMENT_3D ( 'NONE', #238, #314, #235 ) ;
#415 = AXIS2_PLACEMENT_3D ( 'NONE', #734, #4494, #4484 ) ;
#416 =( NAMED_UNIT ( * ) SI_UNIT ( $, .STERADIAN. ) SOLID_ANGLE_UNIT ( ) );
#417 = AXIS2_PLACEMENT_3D ( 'NONE', #3617, #3217, #3411 ) ;
#418 = ORIENTED_EDGE ( 'NONE', *, *, #2656, .F. ) ;
#419 = CARTESIAN_POINT ( 'NONE',  ( 50.08695652173912549, 2.501258477682205392E-15, 0.0000000000000000000 ) ) ;
#420 = VECTOR ( 'NONE', #3543, 1000.000000000000000 ) ;
#421 = VECTOR ( 'NONE', #1459, 1000.000000000000000 ) ;
#422 = DIRECTION ( 'NONE',  ( 0.0000000000000000000, -1.000000000000000000, 0.0000000000000000000 ) ) ;
#423 = ORIENTED_EDGE ( 'NONE', *, *, #4974, .T. ) ;
#424 = DIRECTION ( 'NONE',  ( -1.000000000000000000, -1.224606353822377258E-16, -0.0000000000000000000 ) ) ;
#425 = VERTEX_POINT ( 'NONE', #3250 ) ;
#426 = AXIS2_PLACEMENT_3D ( 'NONE', #3716, #3667, #3511 ) ;
#427 = VECTOR ( 'NONE', #2302, 1000.000000000000000 ) ;
#428 = ADVANCED_FACE ( 'NONE', ( #3182 ), #2325, .T. ) ;
#429 = CARTESIAN_POINT ( 'NONE',  ( 0.0000000000000000000, 0.0000000000000000000, 0.0000000000000000000 ) ) ;
#430 = VECTOR ( 'NONE', #3848, 999.9999999999998863 ) ;
#431 = AXIS2_PLACEMENT_3D ( 'NONE', #1198, #5007, #4728 ) ;
#432 = AXIS2_PLACEMENT_3D ( 'NONE', #2265, #2190, #87 ) ;
#433 = ORIENTED_EDGE ( 'NONE', *, *, #3060, .T. ) ;
#434 = LINE ( 'NONE', #1567, #421 ) ;
#435 = CIRCLE ( 'NONE', #1643, 6.000000000000002665 ) ;
#436 = VERTEX_POINT ( 'NONE', #3317 ) ;
#437 = VECTOR ( 'NONE', #2280, 1000.000000000000000 ) ;
#438 = VERTEX_POINT ( 'NONE', #3320 ) ;
#439 = ADVANCED_FACE ( 'NONE', ( #2376 ), #3096, .T. ) ;
#440 = AXIS2_PLACEMENT_3D ( 'NONE', #3092, #359, #1845 ) ;
#441 = ADVANCED_FACE ( 'NONE', ( #1027 ), #3353, .F. ) ;
#442 = CARTESIAN_POINT ( 'NONE',  ( -31.74999999999995737, 0.0000000000000000000, 0.0000000000000000000 ) ) ;
#443 = DIRECTION ( 'NONE',  ( 1.000000000000000000, 0.0000000000000000000, 0.0000000000000000000 ) ) ;
#444 = CIRCLE ( 'NONE', #1637, 6.000000000000002665 ) ;
#445 = ORIENTED_EDGE ( 'NONE', *, *, #3885, .T. ) ;
#446 = DIRECTION ( 'NONE',  ( 0.0000000000000000000, -1.000000000000000000, 0.0000000000000000000 ) ) ;
#447 = CONICAL_SURFACE ( 'NONE', #1645, 6.000000000000002665, 0.9599310885968824758 ) ;
#448 = DIRECTION ( 'NONE',  ( 0.0000000000000000000, 0.0000000000000000000, 1.000000000000000000 ) ) ;
#449 = AXIS2_PLACEMENT_3D ( 'NONE', #2910, #2206, #2903 ) ;
#450 = ORIENTED_EDGE ( 'NONE', *, *, #4574, .T. ) ;
#451 = EDGE_LOOP ( 'NONE', ( #3773, #2901, #4169, #3693, #623 ) ) ;
#452 = CARTESIAN_POINT ( 'NONE',  ( 44.22717384620930403, 6.000000000000006217, 7.347880794884123680E-16 ) ) ;
#453 = LINE ( 'NONE', #1454, #407 ) ;
#454 = VERTEX_POINT ( 'NONE', #3446 ) ;
#455 = ORIENTED_EDGE ( 'NONE', *, *, #4852, .T. ) ;
#456 = AXIS2_PLACEMENT_3D ( 'NONE', #3782, #2958, #2057 ) ;
#457 = AXIS2_PLACEMENT_3D ( 'NONE', #3101, #3390, #3091 ) ;
#458 = ORIENTED_EDGE ( 'NONE', *, *, #3747, .T. ) ;
#459 = DIRECTION ( 'NONE',  ( 0.0000000000000000000, 0.0000000000000000000, 1.000000000000000000 ) ) ;
#460 = DIRECTION ( 'NONE',  ( 0.0000000000000000000, -1.000000000000000000, 0.0000000000000000000 ) ) ;
#461 = ORIENTED_EDGE ( 'NONE', *, *, #2562, .T. ) ;
#462 = DIRECTION ( 'NONE',  ( 1.000000000000000000, 1.224606353822377258E-16, 0.0000000000000000000 ) ) ;
#463 = LINE ( 'NONE', #1471, #383 ) ;
#464 = ORIENTED_EDGE ( 'NONE', *, *, #4945, .F. ) ;
#465 = DIRECTION ( 'NONE',  ( -1.000000000000000000, -1.224606353822377258E-16, -0.0000000000000000000 ) ) ;
#466 = AXIS2_PLACEMENT_3D ( 'NONE', #658, #5133, #5175 ) ;
#467 = AXIS2_PLACEMENT_3D ( 'NONE', #718, #1398, #1204 ) ;
#468 = CIRCLE ( 'NONE', #644, 6.000000000000002665 ) ;
#469 = ORIENTED_EDGE ( 'NONE', *, *, #4804, .F. ) ;
#470 = CARTESIAN_POINT ( 'NONE',  ( -31.74999999999995737, 0.0000000000000000000, 5.999999999999863221 ) ) ;
#471 = CARTESIAN_POINT ( 'NONE',  ( -31.74999999999995737, 1.102182119232617714E-15, -9.000000000000000000 ) ) ;
#472 = AXIS2_PLACEMENT_3D ( 'NONE', #2772, #3819, #3202 ) ;
#473 = ORIENTED_EDGE ( 'NONE', *, *, #2882, .T. ) ;
#474 = AXIS2_PLACEMENT_3D ( 'NONE', #5117, #5105, #5079 ) ;
#475 = CARTESIAN_POINT ( 'NONE',  ( 31.07608695652173836, 5.036000000000005805, 6.167321280506074351E-16 ) ) ;
#476 = ORIENTED_EDGE ( 'NONE', *, *, #2618, .F. ) ;
#477 = VECTOR ( 'NONE', #1279, 1000.000000000000000 ) ;
#478 = DIRECTION ( 'NONE',  ( -1.000000000000000000, -0.0000000000000000000, -0.0000000000000000000 ) ) ;
#479 = AXIS2_PLACEMENT_3D ( 'NONE', #3824, #3814, #3793 ) ;
#480 = ORIENTED_EDGE ( 'NONE', *, *, #3379, .T. ) ;
#481 = DIRECTION ( 'NONE',  ( 0.0000000000000000000, -1.000000000000000000, 0.0000000000000000000 ) ) ;
#482 = CYLINDRICAL_SURFACE ( 'NONE', #1635, 5.999999999999863221 ) ;
#483 = DIRECTION ( 'NONE',  ( 0.0000000000000000000, 0.0000000000000000000, 1.000000000000000000 ) ) ;
#484 = ORIENTED_EDGE ( 'NONE', *, *, #3789, .T. ) ;
#485 = VECTOR ( 'NONE', #2825, 1000.000000000000000 ) ;
#486 = AXIS2_PLACEMENT_3D ( 'NONE', #2686, #3553, #3066 ) ;
#487 = LINE ( 'NONE', #1577, #477 ) ;
#488 = CIRCLE ( 'NONE', #721, 6.000000000000002665 ) ;
#489 = DIRECTION ( 'NONE',  ( 0.0000000000000000000, -1.000000000000000000, 0.0000000000000000000 ) ) ;
#490 = CARTESIAN_POINT ( 'NONE',  ( 39.04239123751365526, 6.000000000000006217, 7.347880794884123680E-16 ) ) ;
#491 = AXIS2_PLACEMENT_3D ( 'NONE', #2182, #1386, #3370 ) ;
#492 = AXIS2_PLACEMENT_3D ( 'NONE', #3083, #2097, #280 ) ;
#493 = EDGE_LOOP ( 'NONE', ( #1639, #4124, #2526, #3184, #241 ) ) ;
#494 = CARTESIAN_POINT ( 'NONE',  ( 50.76195658857328397, 2.583919414749769470E-15, 0.0000000000000000000 ) ) ;
#495 = LINE ( 'NONE', #4547, #780 ) ;
#496 = DIRECTION ( 'NONE',  ( 1.000000000000000000, 0.0000000000000000000, 0.0000000000000000000 ) ) ;
#497 = ORIENTED_EDGE ( 'NONE', *, *, #4567, .T. ) ;
#498 = AXIS2_PLACEMENT_3D ( 'NONE', #3607, #3601, #3218 ) ;
#499 = DIRECTION ( 'NONE',  ( -1.000000000000000000, -1.224606353822377258E-16, -0.0000000000000000000 ) ) ;
#500 = AXIS2_PLACEMENT_3D ( 'NONE', #4613, #2782, #2725 ) ;
#501 = FACE_OUTER_BOUND ( 'NONE', #4620, .T. ) ;
#502 = CARTESIAN_POINT ( 'NONE',  ( 11.99999999999999645, 0.0000000000000000000, 0.0000000000000000000 ) ) ;
#503 = CIRCLE ( 'NONE', #1267, 6.000000000000002665 ) ;
#504 = DIRECTION ( 'NONE',  ( 0.0000000000000000000, 0.0000000000000000000, 1.000000000000000000 ) ) ;
#505 = DIRECTION ( 'NONE',  ( -1.000000000000000000, -1.224606353822377258E-16, -0.0000000000000000000 ) ) ;
#506 = CARTESIAN_POINT ( 'NONE',  ( 42.12065224074719794, -6.000000000000000888, 7.347880794884123680E-16 ) ) ;
#507 = CARTESIAN_POINT ( 'NONE',  ( 49.41195645490495281, 2.418597540614639737E-15, 0.0000000000000000000 ) ) ;
#508 = ORIENTED_EDGE ( 'NONE', *, *, #4168, .T. ) ;
#509 = AXIS2_PLACEMENT_3D ( 'NONE', #4658, #2154, #4989 ) ;
#510 = VERTEX_POINT ( 'NONE', #3366 ) ;
#511 = VECTOR ( 'NONE', #2167, 1000.000000000000000 ) ;
#512 = CIRCLE ( 'NONE', #415, 6.000000000000002665 ) ;
#513 = CONICAL_SURFACE ( 'NONE', #1651, 5.036000000000003141, 0.9599310885968728169 ) ;
#514 = ORIENTED_EDGE ( 'NONE', *, *, #4935, .T. ) ;
#515 = DIRECTION ( 'NONE',  ( 1.000000000000000000, 1.224606353822377258E-16, 0.0000000000000000000 ) ) ;
#516 = LINE ( 'NONE', #2253, #4776 ) ;
#517 = AXIS2_PLACEMENT_3D ( 'NONE', #2746, #2754, #2764 ) ;
#518 = AXIS2_PLACEMENT_3D ( 'NONE', #2673, #2684, #2690 ) ;
#519 = DIRECTION ( 'NONE',  ( -0.5735764363510529318, -0.8191520442889870246, 0.0000000000000000000 ) ) ;
#520 = DIRECTION ( 'NONE',  ( 0.0000000000000000000, -1.000000000000000000, 0.0000000000000000000 ) ) ;
#521 = LINE ( 'NONE', #1701, #535 ) ;
#522 = EDGE_LOOP ( 'NONE', ( #4558, #1901, #3937, #4881, #3173 ) ) ;
#523 = CIRCLE ( 'NONE', #613, 5.036000000000003141 ) ;
#524 = DIRECTION ( 'NONE',  ( -1.000000000000000000, -0.0000000000000000000, -0.0000000000000000000 ) ) ;
#525 = FACE_OUTER_BOUND ( 'NONE', #2284, .T. ) ;
#526 = DIRECTION ( 'NONE',  ( 0.0000000000000000000, -1.000000000000000000, 0.0000000000000000000 ) ) ;
#527 = ORIENTED_EDGE ( 'NONE', *, *, #3795, .T. ) ;
#528 = CARTESIAN_POINT ( 'NONE',  ( 16.57499993316583087, 2.418597540614639737E-15, 0.0000000000000000000 ) ) ;
#529 = DIRECTION ( 'NONE',  ( -1.000000000000000000, -1.224606353822377258E-16, -0.0000000000000000000 ) ) ;
#530 = DIRECTION ( 'NONE',  ( -1.000000000000000000, -1.224606353822377258E-16, -0.0000000000000000000 ) ) ;
#531 = ORIENTED_EDGE ( 'NONE', *, *, #3606, .F. ) ;
#532 = CARTESIAN_POINT ( 'NONE',  ( 49.03369571900807244, 2.583919414749769470E-15, 0.0000000000000000000 ) ) ;
#533 = AXIS2_PLACEMENT_3D ( 'NONE', #2527, #2804, #2635 ) ;
#534 = CARTESIAN_POINT ( 'NONE',  ( 6.000000000000000000, 0.0000000000000000000, 0.0000000000000000000 ) ) ;
#535 = VECTOR ( 'NONE', #1803, 1000.000000000000000 ) ;
#536 = DIRECTION ( 'NONE',  ( -1.000000000000000000, -1.224606353822377258E-16, -0.0000000000000000000 ) ) ;
#537 = AXIS2_PLACEMENT_3D ( 'NONE', #3700, #2191, #1327 ) ;
#538 = AXIS2_PLACEMENT_3D ( 'NONE', #4552, #4774, #4944 ) ;
#539 = FACE_OUTER_BOUND ( 'NONE', #3854, .T. ) ;
#540 = VERTEX_POINT ( 'NONE', #3458 ) ;
#541 = CARTESIAN_POINT ( 'NONE',  ( -31.74999999999995737, 0.0000000000000000000, 5.999999999999863221 ) ) ;
#542 = ORIENTED_EDGE ( 'NONE', *, *, #4062, .T. ) ;
#543 = CARTESIAN_POINT ( 'NONE',  ( 6.000000000000000000, 2.919948986426539772, 5.057499999999989448 ) ) ;
#544 = AXIS2_PLACEMENT_3D ( 'NONE', #2226, #2296, #2787 ) ;
#545 = CONICAL_SURFACE ( 'NONE', #331, 6.000000000000002665, 0.9599310885968824758 ) ;
#546 = ADVANCED_FACE ( 'NONE', ( #2331 ), #2297, .T. ) ;
#547 = AXIS2_PLACEMENT_3D ( 'NONE', #4071, #4428, #4347 ) ;
#548 = AXIS2_PLACEMENT_3D ( 'NONE', #3780, #3694, #2632 ) ;
#549 = LINE ( 'NONE', #1666, #609 ) ;
#550 = ORIENTED_EDGE ( 'NONE', *, *, #4550, .T. ) ;
#551 = CARTESIAN_POINT ( 'NONE',  ( -31.74999999999995737, 7.347880794883952103E-16, -5.999999999999863221 ) ) ;
#552 = CARTESIAN_POINT ( 'NONE',  ( -31.74999999999995737, 0.0000000000000000000, 5.999999999999863221 ) ) ;
#553 = CYLINDRICAL_SURFACE ( 'NONE', #1652, 9.000000000000000000 ) ;
#554 = AXIS2_PLACEMENT_3D ( 'NONE', #3749, #3708, #3809 ) ;
#555 = LINE ( 'NONE', #4618, #313 ) ;
#556 = AXIS2_PLACEMENT_3D ( 'NONE', #1, #4815, #3880 ) ;
#557 = AXIS2_PLACEMENT_3D ( 'NONE', #2612, #4459, #4528 ) ;
#558 = ORIENTED_EDGE ( 'NONE', *, *, #4470, .F. ) ;
#559 = CARTESIAN_POINT ( 'NONE',  ( 35.20760876248633053, 2.583919414749769470E-15, 0.0000000000000000000 ) ) ;
#560 = FACE_OUTER_BOUND ( 'NONE', #2924, .T. ) ;
#561 = LINE ( 'NONE', #2053, #1517 ) ;
#562 = CARTESIAN_POINT ( 'NONE',  ( 11.99999999999999645, 0.0000000000000000000, 9.000000000000000000 ) ) ;
#563 = DIRECTION ( 'NONE',  ( -1.000000000000000000, -0.0000000000000000000, -0.0000000000000000000 ) ) ;
#564 = VECTOR ( 'NONE', #4805, 1000.000000000000000 ) ;
#565 = VERTEX_POINT ( 'NONE', #3582 ) ;
#566 = DIRECTION ( 'NONE',  ( 0.0000000000000000000, -1.000000000000000000, 0.0000000000000000000 ) ) ;
#567 = ORIENTED_EDGE ( 'NONE', *, *, #3928, .T. ) ;
#568 = CARTESIAN_POINT ( 'NONE',  ( 29.34782608695652328, -5.036000000000000476, 6.757601037695098523E-16 ) ) ;
#569 = CIRCLE ( 'NONE', #1441, 5.036000000000003141 ) ;
#570 = ORIENTED_EDGE ( 'NONE', *, *, #2961, .F. ) ;
#571 = AXIS2_PLACEMENT_3D ( 'NONE', #5031, #2498, #2232 ) ;
#572 = LINE ( 'NONE', #3529, #511 ) ;
#573 = CIRCLE ( 'NONE', #1674, 6.000000000000002665 ) ;
#574 = ORIENTED_EDGE ( 'NONE', *, *, #2847, .F. ) ;
#575 = ORIENTED_EDGE ( 'NONE', *, *, #3190, .T. ) ;
#576 = DIRECTION ( 'NONE',  ( 0.5735764363510450492, 0.8191520442889925757, 0.0000000000000000000 ) ) ;
#577 = DIRECTION ( 'NONE',  ( -1.000000000000000000, -1.224606353822377258E-16, -0.0000000000000000000 ) ) ;
#578 = DIRECTION ( 'NONE',  ( 0.0000000000000000000, -1.000000000000000000, 0.0000000000000000000 ) ) ;
#579 = CARTESIAN_POINT ( 'NONE',  ( 48.35869565217391397, 2.501258477682205392E-15, 0.0000000000000000000 ) ) ;
#580 = AXIS2_PLACEMENT_3D ( 'NONE', #2540, #2610, #2558 ) ;
#581 = AXIS2_PLACEMENT_3D ( 'NONE', #2439, #3405, #2449 ) ;
#582 = CIRCLE ( 'NONE', #1673, 6.000000000000002665 ) ;
#583 = AXIS2_PLACEMENT_3D ( 'NONE', #2571, #2134, #2107 ) ;
#584 = CARTESIAN_POINT ( 'NONE',  ( 25.21630428099191690, 6.000000000000006217, 7.347880794884123680E-16 ) ) ;
#585 = CIRCLE ( 'NONE', #1646, 6.000000000000002665 ) ;
#586 = AXIS2_PLACEMENT_3D ( 'NONE', #1562, #3420, #4650 ) ;
#587 = AXIS2_PLACEMENT_3D ( 'NONE', #2465, #2551, #2892 ) ;
#588 = APPLICATION_CONTEXT ( 'automotive_design' ) ;
#589 = DIRECTION ( 'NONE',  ( -1.000000000000000000, -1.224606353822377258E-16, -0.0000000000000000000 ) ) ;
#590 = DIRECTION ( 'NONE',  ( 0.0000000000000000000, -1.000000000000000000, 0.0000000000000000000 ) ) ;
#591 = CARTESIAN_POINT ( 'NONE',  ( 6.000000000000000000, 0.0000000000000000000, 0.0000000000000000000 ) ) ;
#592 = FACE_OUTER_BOUND ( 'NONE', #151, .T. ) ;
#593 = CYLINDRICAL_SURFACE ( 'NONE', #1658, 5.999999999999863221 ) ;
#594 = AXIS2_PLACEMENT_3D ( 'NONE', #2116, #2125, #2411 ) ;
#595 = DIRECTION ( 'NONE',  ( -0.5735764363510529318, -0.8191520442889870246, 0.0000000000000000000 ) ) ;
#596 = DIRECTION ( 'NONE',  ( -1.000000000000000000, -1.224606353822377258E-16, -0.0000000000000000000 ) ) ;
#597 = LINE ( 'NONE', #1017, #2744 ) ;
#598 = ORIENTED_EDGE ( 'NONE', *, *, #4301, .T. ) ;
#599 = CYLINDRICAL_SURFACE ( 'NONE', #993, 5.999999999999863221 ) ;
#600 = DIRECTION ( 'NONE',  ( 0.0000000000000000000, -1.000000000000000000, 0.0000000000000000000 ) ) ;
#601 = VERTEX_POINT ( 'NONE', #3587 ) ;
#602 = ADVANCED_FACE ( 'NONE', ( #3169 ), #3087, .T. ) ;
#603 = CARTESIAN_POINT ( 'NONE',  ( 0.6000000000000033085, 0.0000000000000000000, 0.0000000000000000000 ) ) ;
#604 = CARTESIAN_POINT ( 'NONE',  ( 47.68369558533974129, 2.418597540614639737E-15, 0.0000000000000000000 ) ) ;
#605 = ORIENTED_EDGE ( 'NONE', *, *, #3621, .T. ) ;
#606 = DIRECTION ( 'NONE',  ( -1.000000000000000000, -0.0000000000000000000, -0.0000000000000000000 ) ) ;
#607 = DIRECTION ( 'NONE',  ( 0.0000000000000000000, -1.000000000000000000, 0.0000000000000000000 ) ) ;
#608 = DIRECTION ( 'NONE',  ( -1.000000000000000000, -0.0000000000000000000, -0.0000000000000000000 ) ) ;
#609 = VECTOR ( 'NONE', #1663, 999.9999999999998863 ) ;
#610 = ORIENTED_EDGE ( 'NONE', *, *, #4324, .F. ) ;
#611 = LINE ( 'NONE', #2852, #690 ) ;
#612 = ORIENTED_EDGE ( 'NONE', *, *, #3001, .F. ) ;
#613 = AXIS2_PLACEMENT_3D ( 'NONE', #3426, #3431, #3438 ) ;
#614 = VECTOR ( 'NONE', #1870, 1000.000000000000000 ) ;
#615 = CARTESIAN_POINT ( 'NONE',  ( -31.74999999999995737, 0.0000000000000000000, 5.999999999999863221 ) ) ;
#616 = ORIENTED_EDGE ( 'NONE', *, *, #4758, .T. ) ;
#617 = DIRECTION ( 'NONE',  ( -1.000000000000000000, -0.0000000000000000000, -0.0000000000000000000 ) ) ;
#618 = ADVANCED_FACE ( 'NONE', ( #2291 ), #3081, .T. ) ;
#619 = ADVANCED_FACE ( 'NONE', ( #2318 ), #3056, .T. ) ;
#620 = CIRCLE ( 'NONE', #748, 6.000000000000002665 ) ;
#621 = DIRECTION ( 'NONE',  ( 0.0000000000000000000, -1.000000000000000000, 0.0000000000000000000 ) ) ;
#622 = AXIS2_PLACEMENT_3D ( 'NONE', #4670, #3371, #4136 ) ;
#623 = ORIENTED_EDGE ( 'NONE', *, *, #3126, .F. ) ;
#624 = DIRECTION ( 'NONE',  ( -0.5735764363510532649, 0.8191520442889868026, 1.003171929053518707E-16 ) ) ;
#625 = AXIS2_PLACEMENT_3D ( 'NONE', #4356, #4679, #4630 ) ;
#626 = LINE ( 'NONE', #1876, #614 ) ;
#627 =( LENGTH_UNIT ( ) NAMED_UNIT ( * ) SI_UNIT ( .MILLI., .METRE. ) );
#628 = ORIENTED_EDGE ( 'NONE', *, *, #3516, .F. ) ;
#629 = CARTESIAN_POINT ( 'NONE',  ( 49.41195645490495281, 2.418597540614639737E-15, 0.0000000000000000000 ) ) ;
#630 = CARTESIAN_POINT ( 'NONE',  ( 32.80434782608696054, -5.036000000000000476, 6.757601037695098523E-16 ) ) ;
#631 = AXIS2_PLACEMENT_3D ( 'NONE', #4089, #4433, #4867 ) ;
#632 = LINE ( 'NONE', #3887, #485 ) ;
#633 = CARTESIAN_POINT ( 'NONE',  ( 52.49021745813850259, 6.000000000000005329, 0.0000000000000000000 ) ) ;
#634 = DIRECTION ( 'NONE',  ( -1.000000000000000000, -1.224606353822377258E-16, -0.0000000000000000000 ) ) ;
#635 = VERTEX_POINT ( 'NONE', #3657 ) ;
#636 = CARTESIAN_POINT ( 'NONE',  ( 17.92500006683415847, 2.583919414749769470E-15, 0.0000000000000000000 ) ) ;
#637 = DIRECTION ( 'NONE',  ( 0.0000000000000000000, -1.000000000000000000, 0.0000000000000000000 ) ) ;
#638 = VECTOR ( 'NONE', #2131, 1000.000000000000000 ) ;
#639 = VERTEX_POINT ( 'NONE', #3662 ) ;
#640 = DIRECTION ( 'NONE',  ( 0.0000000000000000000, -1.000000000000000000, 0.0000000000000000000 ) ) ;
#641 = ORIENTED_EDGE ( 'NONE', *, *, #3429, .F. ) ;
#642 = LINE ( 'NONE', #4562, #4435 ) ;
#643 = CARTESIAN_POINT ( 'NONE',  ( 26.56630441466024450, 6.000000000000004441, 0.0000000000000000000 ) ) ;
#644 = AXIS2_PLACEMENT_3D ( 'NONE', #3530, #4197, #4190 ) ;
#645 = CARTESIAN_POINT ( 'NONE',  ( -31.74999999999995737, 0.0000000000000000000, 5.999999999999863221 ) ) ;
#646 = SURFACE_STYLE_USAGE ( .BOTH. , #878 ) ;
#647 = FACE_OUTER_BOUND ( 'NONE', #3752, .T. ) ;
#648 = ORIENTED_EDGE ( 'NONE', *, *, #4496, .F. ) ;
#649 = AXIS2_PLACEMENT_3D ( 'NONE', #4048, #3957, #4082 ) ;
#650 = CARTESIAN_POINT ( 'NONE',  ( 23.48804341142669827, 7.347880794883559645E-16, -6.000000000000002665 ) ) ;
#651 = CARTESIAN_POINT ( 'NONE',  ( -31.74999999999995737, 0.0000000000000000000, 9.000000000000000000 ) ) ;
#652 = VECTOR ( 'NONE', #4203, 1000.000000000000000 ) ;
#653 = DIRECTION ( 'NONE',  ( -1.000000000000000000, -0.0000000000000000000, -0.0000000000000000000 ) ) ;
#654 = AXIS2_PLACEMENT_3D ( 'NONE', #4664, #3827, #1475 ) ;
#655 = AXIS2_PLACEMENT_3D ( 'NONE', #2372, #1352, #2417 ) ;
#656 = AXIS2_PLACEMENT_3D ( 'NONE', #2477, #2512, #2485 ) ;
#657 = AXIS2_PLACEMENT_3D ( 'NONE', #3498, #947, #3481 ) ;
#658 = CARTESIAN_POINT ( 'NONE',  ( -31.74999999999995737, 0.0000000000000000000, 0.0000000000000000000 ) ) ;
#659 = ORIENTED_EDGE ( 'NONE', *, *, #3641, .T. ) ;
#660 = DIRECTION ( 'NONE',  ( 0.0000000000000000000, -1.000000000000000000, 0.0000000000000000000 ) ) ;
#661 = CYLINDRICAL_SURFACE ( 'NONE', #1685, 5.999999999999863221 ) ;
#662 = EDGE_LOOP ( 'NONE', ( #4845, #4870, #4880, #4897, #4907 ) ) ;
#663 = CARTESIAN_POINT ( 'NONE',  ( 45.95543471577452976, 7.347880794883559645E-16, -6.000000000000002665 ) ) ;
#664 = ORIENTED_EDGE ( 'NONE', *, *, #3905, .F. ) ;
#665 = AXIS2_PLACEMENT_3D ( 'NONE', #3489, #3525, #3494 ) ;
#666 = CIRCLE ( 'NONE', #547, 6.000000000000002665 ) ;
#667 = CIRCLE ( 'NONE', #391, 6.000000000000002665 ) ;
#668 = CARTESIAN_POINT ( 'NONE',  ( 28.67282602012235060, 7.347880794883563589E-16, -6.000000000000002665 ) ) ;
#669 = ORIENTED_EDGE ( 'NONE', *, *, #4045, .T. ) ;
#670 = LINE ( 'NONE', #4348, #652 ) ;
#671 = ORIENTED_EDGE ( 'NONE', *, *, #3190, .F. ) ;
#672 = DIRECTION ( 'NONE',  ( 0.0000000000000000000, -1.000000000000000000, 0.0000000000000000000 ) ) ;
#673 = FACE_OUTER_BOUND ( 'NONE', #4932, .T. ) ;
#674 = DIRECTION ( 'NONE',  ( 0.0000000000000000000, -1.000000000000000000, 0.0000000000000000000 ) ) ;
#675 = DIRECTION ( 'NONE',  ( 0.0000000000000000000, -1.000000000000000000, 0.0000000000000000000 ) ) ;
#676 = CARTESIAN_POINT ( 'NONE',  ( 45.57717397987763519, 2.583919414749769470E-15, 0.0000000000000000000 ) ) ;
#677 = ORIENTED_EDGE ( 'NONE', *, *, #3642, .F. ) ;
#678 = DIRECTION ( 'NONE',  ( 0.0000000000000000000, -1.000000000000000000, 0.0000000000000000000 ) ) ;
#679 = CIRCLE ( 'NONE', #1423, 6.000000000000002665 ) ;
#680 = CARTESIAN_POINT ( 'NONE',  ( 52.49021745813850259, 2.583919414749769470E-15, 0.0000000000000000000 ) ) ;
#681 = AXIS2_PLACEMENT_3D ( 'NONE', #1024, #3326, #1042 ) ;
#682 = AXIS2_PLACEMENT_3D ( 'NONE', #5039, #4873, #1437 ) ;
#683 = ORIENTED_EDGE ( 'NONE', *, *, #2829, .T. ) ;
#684 = DIRECTION ( 'NONE',  ( 0.0000000000000000000, -1.000000000000000000, 0.0000000000000000000 ) ) ;
#685 = DIRECTION ( 'NONE',  ( -1.000000000000000000, -1.224606353822377258E-16, -0.0000000000000000000 ) ) ;
#686 = ORIENTED_EDGE ( 'NONE', *, *, #3398, .F. ) ;
#687 = CONICAL_SURFACE ( 'NONE', #1714, 5.036000000000003141, 0.9599310885968728169 ) ;
#688 = CIRCLE ( 'NONE', #1706, 6.000000000000002665 ) ;
#689 = ORIENTED_EDGE ( 'NONE', *, *, #4239, .T. ) ;
#690 = VECTOR ( 'NONE', #2886, 1000.000000000000000 ) ;
#691 = VERTEX_POINT ( 'NONE', #3669 ) ;
#692 = DIRECTION ( 'NONE',  ( -1.000000000000000000, -1.224606353822377258E-16, -0.0000000000000000000 ) ) ;
#693 = CYLINDRICAL_SURFACE ( 'NONE', #730, 5.999999999999863221 ) ;
#694 = CARTESIAN_POINT ( 'NONE',  ( 47.30543484944285382, 2.583919414749769470E-15, 0.0000000000000000000 ) ) ;
#695 = ORIENTED_EDGE ( 'NONE', *, *, #3883, .T. ) ;
#696 = LINE ( 'NONE', #3104, #964 ) ;
#697 = DIRECTION ( 'NONE',  ( -1.000000000000000000, -0.0000000000000000000, -0.0000000000000000000 ) ) ;
#698 = FACE_OUTER_BOUND ( 'NONE', #1826, .T. ) ;
#699 = CIRCLE ( 'NONE', #1006, 6.000000000000002665 ) ;
#700 = ORIENTED_EDGE ( 'NONE', *, *, #2729, .F. ) ;
#701 = CARTESIAN_POINT ( 'NONE',  ( -31.74999999999995737, 0.0000000000000000000, 0.0000000000000000000 ) ) ;
#702 = LINE ( 'NONE', #193, #4970 ) ;
#703 = CARTESIAN_POINT ( 'NONE',  ( 55.94673919726893985, 2.583919414749769470E-15, 0.0000000000000000000 ) ) ;
#704 = CARTESIAN_POINT ( 'NONE',  ( 6.000000000000000000, 0.0000000000000000000, 0.0000000000000000000 ) ) ;
#705 = LINE ( 'NONE', #3257, #814 ) ;
#706 = ORIENTED_EDGE ( 'NONE', *, *, #3612, .T. ) ;
#707 = AXIS2_PLACEMENT_3D ( 'NONE', #4622, #4599, #3254 ) ;
#708 = ORIENTED_EDGE ( 'NONE', *, *, #4682, .F. ) ;
#709 = CIRCLE ( 'NONE', #1013, 6.000000000000002665 ) ;
#710 = EDGE_LOOP ( 'NONE', ( #2038, #4413, #1122, #335, #254 ) ) ;
#711 = DIRECTION ( 'NONE',  ( 0.0000000000000000000, -1.000000000000000000, 0.0000000000000000000 ) ) ;
#712 = VECTOR ( 'NONE', #4478, 999.9999999999998863 ) ;
#713 = DIRECTION ( 'NONE',  ( 0.0000000000000000000, 0.0000000000000000000, 1.000000000000000000 ) ) ;
#714 = LINE ( 'NONE', #3305, #638 ) ;
#715 = ORIENTED_EDGE ( 'NONE', *, *, #4133, .F. ) ;
#716 = AXIS2_PLACEMENT_3D ( 'NONE', #5182, #2735, #5139 ) ;
#717 = AXIS2_PLACEMENT_3D ( 'NONE', #5156, #5166, #446 ) ;
#718 = CARTESIAN_POINT ( 'NONE',  ( 21.38152180596459573, 2.583919414749769470E-15, 0.0000000000000000000 ) ) ;
#719 = VECTOR ( 'NONE', #887, 1000.000000000000000 ) ;
#720 = VERTEX_POINT ( 'NONE', #3676 ) ;
#721 = AXIS2_PLACEMENT_3D ( 'NONE', #5068, #5057, #5109 ) ;
#722 = DIRECTION ( 'NONE',  ( -1.000000000000000000, -1.224606353822377258E-16, -0.0000000000000000000 ) ) ;
#723 = ADVANCED_FACE ( 'NONE', ( #3377 ), #3082, .T. ) ;
#724 = DIRECTION ( 'NONE',  ( -1.000000000000000000, -1.224606353822377258E-16, -0.0000000000000000000 ) ) ;
#725 = ORIENTED_EDGE ( 'NONE', *, *, #3375, .T. ) ;
#726 = CONICAL_SURFACE ( 'NONE', #1308, 6.000000000000002665, 0.9599310885968824758 ) ;
#727 = DIRECTION ( 'NONE',  ( -1.000000000000000000, -1.224606353822377258E-16, -0.0000000000000000000 ) ) ;
#728 = CARTESIAN_POINT ( 'NONE',  ( 41.44565217391304657, 2.501258477682205392E-15, 0.0000000000000000000 ) ) ;
#729 = DIRECTION ( 'NONE',  ( -1.000000000000000000, -0.0000000000000000000, -0.0000000000000000000 ) ) ;
#730 = AXIS2_PLACEMENT_3D ( 'NONE', #974, #817, #2423 ) ;
#731 = CIRCLE ( 'NONE', #1689, 6.000000000000002665 ) ;
#732 = ORIENTED_EDGE ( 'NONE', *, *, #3944, .F. ) ;
#733 = VECTOR ( 'NONE', #3057, 1000.000000000000000 ) ;
#734 = CARTESIAN_POINT ( 'NONE',  ( 19.65326093639937710, 2.583919414749769470E-15, 0.0000000000000000000 ) ) ;
#735 = CARTESIAN_POINT ( 'NONE',  ( 32.12934775925278785, 7.347880794883559645E-16, -6.000000000000002665 ) ) ;
#736 = CARTESIAN_POINT ( 'NONE',  ( 45.57717397987763519, 6.000000000000004441, 0.0000000000000000000 ) ) ;
#737 = DIRECTION ( 'NONE',  ( -1.000000000000000000, -0.0000000000000000000, -0.0000000000000000000 ) ) ;
#738 = LINE ( 'NONE', #3678, #2063 ) ;
#739 = AXIS2_PLACEMENT_3D ( 'NONE', #5176, #1101, #1120 ) ;
#740 = ORIENTED_EDGE ( 'NONE', *, *, #4790, .T. ) ;
#741 = FACE_OUTER_BOUND ( 'NONE', #2858, .T. ) ;
#742 = DIRECTION ( 'NONE',  ( -1.000000000000000000, -1.224606353822377258E-16, -0.0000000000000000000 ) ) ;
#743 = CARTESIAN_POINT ( 'NONE',  ( 50.08695652173912549, -5.036000000000000476, 6.757601037695098523E-16 ) ) ;
#744 = CARTESIAN_POINT ( 'NONE',  ( -31.74999999999995737, 0.0000000000000000000, 0.0000000000000000000 ) ) ;
#745 = FACE_OUTER_BOUND ( 'NONE', #4865, .T. ) ;
#746 = ORIENTED_EDGE ( 'NONE', *, *, #3434, .T. ) ;
#747 = CIRCLE ( 'NONE', #1259, 6.000000000000002665 ) ;
#748 = AXIS2_PLACEMENT_3D ( 'NONE', #4712, #4965, #4959 ) ;
#749 = CARTESIAN_POINT ( 'NONE',  ( 6.000000000000000000, 0.0000000000000000000, 5.057500000000000107 ) ) ;
#750 = DIRECTION ( 'NONE',  ( 0.0000000000000000000, -1.000000000000000000, 0.0000000000000000000 ) ) ;
#751 = DIRECTION ( 'NONE',  ( 0.0000000000000000000, 1.000000000000000000, 0.0000000000000000000 ) ) ;
#752 = VECTOR ( 'NONE', #1407, 1000.000000000000000 ) ;
#753 = ORIENTED_EDGE ( 'NONE', *, *, #4578, .F. ) ;
#754 = LINE ( 'NONE', #1825, #4266 ) ;
#755 = CIRCLE ( 'NONE', #1705, 5.036000000000003141 ) ;
#756 = DIRECTION ( 'NONE',  ( -1.000000000000000000, -1.224606353822377258E-16, -0.0000000000000000000 ) ) ;
#757 = DIRECTION ( 'NONE',  ( -1.000000000000000000, -0.0000000000000000000, -0.0000000000000000000 ) ) ;
#758 = CARTESIAN_POINT ( 'NONE',  ( 18.30326080273104594, 2.418597540614639737E-15, 0.0000000000000000000 ) ) ;
#759 = AXIS2_PLACEMENT_3D ( 'NONE', #4021, #1009, #968 ) ;
#760 = ORIENTED_EDGE ( 'NONE', *, *, #4373, .F. ) ;
#761 = CARTESIAN_POINT ( 'NONE',  ( 0.0000000000000000000, -2.919948986426526005, 5.057499999999995666 ) ) ;
#762 = AXIS2_PLACEMENT_3D ( 'NONE', #1118, #4331, #3115 ) ;
#763 = VECTOR ( 'NONE', #3450, 1000.000000000000000 ) ;
#764 = CIRCLE ( 'NONE', #329, 9.000000000000000000 ) ;
#765 = ORIENTED_EDGE ( 'NONE', *, *, #3024, .F. ) ;
#766 = DIRECTION ( 'NONE',  ( -1.000000000000000000, -1.224606353822377258E-16, -0.0000000000000000000 ) ) ;
#767 = CIRCLE ( 'NONE', #1235, 6.000000000000002665 ) ;
#768 = CARTESIAN_POINT ( 'NONE',  ( -31.74999999999995737, 7.347880794883952103E-16, -5.999999999999863221 ) ) ;
#769 = DIRECTION ( 'NONE',  ( 0.0000000000000000000, -1.000000000000000000, 0.0000000000000000000 ) ) ;
#770 = AXIS2_PLACEMENT_3D ( 'NONE', #1375, #724, #3049 ) ;
#771 = LINE ( 'NONE', #1415, #752 ) ;
#772 = LINE ( 'NONE', #1272, #912 ) ;
#773 = DIRECTION ( 'NONE',  ( -1.000000000000000000, -0.0000000000000000000, -0.0000000000000000000 ) ) ;
#774 = ORIENTED_EDGE ( 'NONE', *, *, #4366, .F. ) ;
#775 = ADVANCED_FACE ( 'NONE', ( #2304 ), #2216, .T. ) ;
#776 = DIRECTION ( 'NONE',  ( -1.000000000000000000, -1.224606353822377258E-16, -0.0000000000000000000 ) ) ;
#777 = CONICAL_SURFACE ( 'NONE', #1034, 5.036000000000003141, 0.9599310885968728169 ) ;
#778 = VECTOR ( 'NONE', #5167, 1000.000000000000000 ) ;
#779 = AXIS2_PLACEMENT_3D ( 'NONE', #3356, #3264, #660 ) ;
#780 = VECTOR ( 'NONE', #2088, 1000.000000000000000 ) ;
#781 = ORIENTED_EDGE ( 'NONE', *, *, #4714, .F. ) ;
#782 = AXIS2_PLACEMENT_3D ( 'NONE', #1333, #1214, #1392 ) ;
#783 = CIRCLE ( 'NONE', #1015, 6.000000000000002665 ) ;
#784 = ADVANCED_FACE ( 'NONE', ( #3070 ), #2184, .T. ) ;
#785 = AXIS2_PLACEMENT_3D ( 'NONE', #841, #1257, #3316 ) ;
#786 = CARTESIAN_POINT ( 'NONE',  ( 46.63043478260869534, 2.501258477682205392E-15, 0.0000000000000000000 ) ) ;
#787 = DIRECTION ( 'NONE',  ( 0.0000000000000000000, -1.000000000000000000, 0.0000000000000000000 ) ) ;
#788 = EDGE_LOOP ( 'NONE', ( #1778, #102, #1730, #2979, #4272 ) ) ;
#789 = CARTESIAN_POINT ( 'NONE',  ( 16.57499993316583087, -5.623715437610728691E-29, 6.000000000000002665 ) ) ;
#790 = FACE_OUTER_BOUND ( 'NONE', #2437, .T. ) ;
#791 = LINE ( 'NONE', #645, #763 ) ;
#792 = ORIENTED_EDGE ( 'NONE', *, *, #3447, .F. ) ;
#793 = LINE ( 'NONE', #4577, #3563 ) ;
#794 = ORIENTED_EDGE ( 'NONE', *, *, #3297, .F. ) ;
#795 = AXIS2_PLACEMENT_3D ( 'NONE', #1070, #989, #1418 ) ;
#796 = DIRECTION ( 'NONE',  ( 0.0000000000000000000, -1.000000000000000000, 0.0000000000000000000 ) ) ;
#797 = DIRECTION ( 'NONE',  ( -1.000000000000000000, -1.224606353822377258E-16, -0.0000000000000000000 ) ) ;
#798 = CARTESIAN_POINT ( 'NONE',  ( 37.31413036794843663, 2.418597540614639737E-15, 0.0000000000000000000 ) ) ;
#799 = CIRCLE ( 'NONE', #1030, 6.000000000000002665 ) ;
#800 = ORIENTED_EDGE ( 'NONE', *, *, #4181, .T. ) ;
#801 = VECTOR ( 'NONE', #4096, 1000.000000000000000 ) ;
#802 = DIRECTION ( 'NONE',  ( -1.000000000000000000, -1.224606353822377258E-16, -0.0000000000000000000 ) ) ;
#803 = DIRECTION ( 'NONE',  ( 0.0000000000000000000, 0.0000000000000000000, 1.000000000000000000 ) ) ;
#804 = CIRCLE ( 'NONE', #1724, 6.000000000000002665 ) ;
#805 = ORIENTED_EDGE ( 'NONE', *, *, #4693, .F. ) ;
#806 = CIRCLE ( 'NONE', #1014, 6.000000000000002665 ) ;
#807 = ORIENTED_EDGE ( 'NONE', *, *, #4217, .T. ) ;
#808 = AXIS2_PLACEMENT_3D ( 'NONE', #16, #20, #678 ) ;
#809 = ORIENTED_EDGE ( 'NONE', *, *, #2596, .F. ) ;
#810 = CARTESIAN_POINT ( 'NONE',  ( -31.74999999999995737, 7.347880794883952103E-16, -5.999999999999863221 ) ) ;
#811 = ORIENTED_EDGE ( 'NONE', *, *, #4247, .T. ) ;
#812 = CARTESIAN_POINT ( 'NONE',  ( -31.74999999999995737, 0.0000000000000000000, 0.0000000000000000000 ) ) ;
#813 = APPLICATION_PROTOCOL_DEFINITION ( 'draft international standard', 'automotive_design', 1998, #370 ) ;
#814 = VECTOR ( 'NONE', #3252, 999.9999999999998863 ) ;
#815 = ADVANCED_FACE ( 'NONE', ( #3093 ), #3758, .F. ) ;
#816 = ORIENTED_EDGE ( 'NONE', *, *, #4527, .F. ) ;
#817 = DIRECTION ( 'NONE',  ( -1.000000000000000000, -0.0000000000000000000, -0.0000000000000000000 ) ) ;
#818 = CIRCLE ( 'NONE', #1022, 6.000000000000002665 ) ;
#819 = DIRECTION ( 'NONE',  ( -1.000000000000000000, -0.0000000000000000000, -0.0000000000000000000 ) ) ;
#820 = ADVANCED_FACE ( 'NONE', ( #2203 ), #2141, .T. ) ;
#821 = VERTEX_POINT ( 'NONE', #3788 ) ;
#822 = SURFACE_SIDE_STYLE ('',( #1469 ) ) ;
#823 = DIRECTION ( 'NONE',  ( -0.5735764363510532649, 0.8191520442889868026, 1.003171929053518707E-16 ) ) ;
#824 = DIRECTION ( 'NONE',  ( 0.0000000000000000000, -1.000000000000000000, 0.0000000000000000000 ) ) ;
#825 = CARTESIAN_POINT ( 'NONE',  ( 21.38152180596459573, 2.583919414749769470E-15, 0.0000000000000000000 ) ) ;
#826 = FACE_OUTER_BOUND ( 'NONE', #1167, .T. ) ;
#827 = ORIENTED_EDGE ( 'NONE', *, *, #3516, .T. ) ;
#828 = AXIS2_PLACEMENT_3D ( 'NONE', #168, #634, #115 ) ;
#829 = EDGE_LOOP ( 'NONE', ( #1093, #1039, #3157, #3720, #1444 ) ) ;
#830 = ADVANCED_FACE ( 'NONE', ( #2207 ), #2176, .T. ) ;
#831 = LINE ( 'NONE', #4030, #4879 ) ;
#832 = LINE ( 'NONE', #4816, #778 ) ;
#833 = ORIENTED_EDGE ( 'NONE', *, *, #3032, .T. ) ;
#834 = DIRECTION ( 'NONE',  ( -1.000000000000000000, -0.0000000000000000000, -0.0000000000000000000 ) ) ;
#835 = CARTESIAN_POINT ( 'NONE',  ( 40.39239137118198641, 2.583919414749769470E-15, 0.0000000000000000000 ) ) ;
#836 = VECTOR ( 'NONE', #4140, 999.9999999999998863 ) ;
#837 = DIRECTION ( 'NONE',  ( 0.0000000000000000000, -1.000000000000000000, 0.0000000000000000000 ) ) ;
#838 = CIRCLE ( 'NONE', #500, 6.000000000000002665 ) ;
#839 = EDGE_LOOP ( 'NONE', ( #2758, #2392, #4152, #689, #120 ) ) ;
#840 = FACE_OUTER_BOUND ( 'NONE', #1379, .T. ) ;
#841 = CARTESIAN_POINT ( 'NONE',  ( 44.90217391304347672, 2.501258477682205392E-15, 0.0000000000000000000 ) ) ;
#842 = VECTOR ( 'NONE', #2708, 1000.000000000000000 ) ;
#843 = ORIENTED_EDGE ( 'NONE', *, *, #4301, .F. ) ;
#844 = CARTESIAN_POINT ( 'NONE',  ( -31.74999999999995737, 0.0000000000000000000, 0.0000000000000000000 ) ) ;
#845 = DIRECTION ( 'NONE',  ( -1.000000000000000000, -1.224606353822377258E-16, -0.0000000000000000000 ) ) ;
#846 = EDGE_LOOP ( 'NONE', ( #2767, #67, #833, #2364, #1523 ) ) ;
#847 = CIRCLE ( 'NONE', #1721, 5.036000000000003141 ) ;
#848 = ORIENTED_EDGE ( 'NONE', *, *, #2800, .T. ) ;
#849 = SURFACE_STYLE_FILL_AREA ( #875 ) ;
#850 = CIRCLE ( 'NONE', #1722, 5.036000000000003141 ) ;
#851 = CARTESIAN_POINT ( 'NONE',  ( 45.95543471577452976, 2.418597540614639737E-15, 0.0000000000000000000 ) ) ;
#852 = AXIS2_PLACEMENT_3D ( 'NONE', #2566, #3478, #28 ) ;
#853 = DIRECTION ( 'NONE',  ( 0.0000000000000000000, -1.000000000000000000, 0.0000000000000000000 ) ) ;
#854 = CIRCLE ( 'NONE', #1738, 6.000000000000002665 ) ;
#855 = VECTOR ( 'NONE', #2973, 1000.000000000000000 ) ;
#856 = ORIENTED_EDGE ( 'NONE', *, *, #3882, .F. ) ;
#857 = DIRECTION ( 'NONE',  ( -1.000000000000000000, -0.0000000000000000000, -0.0000000000000000000 ) ) ;
#858 = VECTOR ( 'NONE', #4015, 1000.000000000000000 ) ;
#859 = DIRECTION ( 'NONE',  ( -1.000000000000000000, -1.224606353822377258E-16, -0.0000000000000000000 ) ) ;
#860 = ORIENTED_EDGE ( 'NONE', *, *, #2573, .T. ) ;
#861 = CARTESIAN_POINT ( 'NONE',  ( 42.49891297664408540, 2.418597540614639737E-15, 0.0000000000000000000 ) ) ;
#862 = AXIS2_PLACEMENT_3D ( 'NONE', #3460, #3672, #915 ) ;
#863 = AXIS2_PLACEMENT_3D ( 'NONE', #3044, #1244, #1236 ) ;
#864 = LINE ( 'NONE', #3432, #858 ) ;
#865 = CARTESIAN_POINT ( 'NONE',  ( 19.65326093639937710, 2.583919414749769470E-15, 0.0000000000000000000 ) ) ;
#866 = DIRECTION ( 'NONE',  ( -1.000000000000000000, -1.224606353822377258E-16, -0.0000000000000000000 ) ) ;
#867 = DIRECTION ( 'NONE',  ( 0.0000000000000000000, 0.0000000000000000000, 1.000000000000000000 ) ) ;
#868 = DIRECTION ( 'NONE',  ( -1.000000000000000000, -1.224606353822377258E-16, -0.0000000000000000000 ) ) ;
#869 = ORIENTED_EDGE ( 'NONE', *, *, #3845, .T. ) ;
#870 = EDGE_LOOP ( 'NONE', ( #2429, #809, #2531, #5142, #232 ) ) ;
#871 = AXIS2_PLACEMENT_3D ( 'NONE', #1105, #3634, #3668 ) ;
#872 = CARTESIAN_POINT ( 'NONE',  ( 54.21847832770372833, 2.583919414749769470E-15, 0.0000000000000000000 ) ) ;
#873 = ORIENTED_EDGE ( 'NONE', *, *, #2740, .T. ) ;
#874 = AXIS2_PLACEMENT_3D ( 'NONE', #172, #3130, #3422 ) ;
#875 = FILL_AREA_STYLE ('',( #4995 ) ) ;
#876 = CARTESIAN_POINT ( 'NONE',  ( 37.31413036794843663, -5.999999999999999112, 0.0000000000000000000 ) ) ;
#877 = ORIENTED_EDGE ( 'NONE', *, *, #4644, .F. ) ;
#878 = SURFACE_SIDE_STYLE ('',( #4403 ) ) ;
#879 = ORIENTED_EDGE ( 'NONE', *, *, #3142, .T. ) ;
#880 = LINE ( 'NONE', #4576, #712 ) ;
#881 = CARTESIAN_POINT ( 'NONE',  ( 19.65326093639937710, -6.047420025375920579E-29, 6.000000000000002665 ) ) ;
#882 = VECTOR ( 'NONE', #211, 999.9999999999998863 ) ;
#883 = VERTEX_POINT ( 'NONE', #3820 ) ;
#884 = CIRCLE ( 'NONE', #1502, 6.000000000000002665 ) ;
#885 = VERTEX_POINT ( 'NONE', #3837 ) ;
#886 = DIRECTION ( 'NONE',  ( -1.000000000000000000, -0.0000000000000000000, -0.0000000000000000000 ) ) ;
#887 = DIRECTION ( 'NONE',  ( -0.5735764363510529318, -0.8191520442889870246, 0.0000000000000000000 ) ) ;
#888 = VERTEX_POINT ( 'NONE', #3781 ) ;
#889 = AXIS2_PLACEMENT_3D ( 'NONE', #1246, #3331, #3760 ) ;
#890 = ADVANCED_FACE ( 'NONE', ( #2195, #2196 ), #3849, .T. ) ;
#891 = DIRECTION ( 'NONE',  ( 0.0000000000000000000, 0.0000000000000000000, 1.000000000000000000 ) ) ;
#892 = DIRECTION ( 'NONE',  ( -1.000000000000000000, -0.0000000000000000000, -0.0000000000000000000 ) ) ;
#893 = LINE ( 'NONE', #4741, #564 ) ;
#894 = AXIS2_PLACEMENT_3D ( 'NONE', #1427, #3097, #1470 ) ;
#895 = AXIS2_PLACEMENT_3D ( 'NONE', #1412, #228, #1317 ) ;
#896 = DIRECTION ( 'NONE',  ( 0.0000000000000000000, -1.000000000000000000, 0.0000000000000000000 ) ) ;
#897 = CARTESIAN_POINT ( 'NONE',  ( 23.48804341142669827, 6.000000000000006217, 7.347880794884123680E-16 ) ) ;
#898 = FACE_OUTER_BOUND ( 'NONE', #4237, .T. ) ;
#899 = AXIS2_PLACEMENT_3D ( 'NONE', #559, #178, #3872 ) ;
#900 = AXIS2_PLACEMENT_3D ( 'NONE', #4825, #4787, #672 ) ;
#901 = CIRCLE ( 'NONE', #1511, 6.000000000000002665 ) ;
#902 = ORIENTED_EDGE ( 'NONE', *, *, #3323, .F. ) ;
#903 = DIRECTION ( 'NONE',  ( -1.000000000000000000, -1.224606353822377258E-16, -0.0000000000000000000 ) ) ;
#904 = LINE ( 'NONE', #3372, #882 ) ;
#905 = DIRECTION ( 'NONE',  ( 0.0000000000000000000, -1.000000000000000000, 0.0000000000000000000 ) ) ;
#906 = CARTESIAN_POINT ( 'NONE',  ( 35.58586949838321800, 2.418597540614639737E-15, 0.0000000000000000000 ) ) ;
#907 = ORIENTED_EDGE ( 'NONE', *, *, #3013, .F. ) ;
#908 = AXIS2_PLACEMENT_3D ( 'NONE', #4628, #89, #4848 ) ;
#909 = CIRCLE ( 'NONE', #1745, 6.000000000000002665 ) ;
#910 = CIRCLE ( 'NONE', #296, 5.999999999999863221 ) ;
#911 = LINE ( 'NONE', #2554, #842 ) ;
#912 = VECTOR ( 'NONE', #823, 999.9999999999998863 ) ;
#913 = VECTOR ( 'NONE', #18, 1000.000000000000000 ) ;
#914 = AXIS2_PLACEMENT_3D ( 'NONE', #217, #4683, #4171 ) ;
#915 = DIRECTION ( 'NONE',  ( 0.0000000000000000000, -1.000000000000000000, 0.0000000000000000000 ) ) ;
#916 = FACE_OUTER_BOUND ( 'NONE', #2409, .T. ) ;
#917 = CIRCLE ( 'NONE', #1761, 6.000000000000002665 ) ;
#918 = FACE_OUTER_BOUND ( 'NONE', #1466, .T. ) ;
#919 = DIRECTION ( 'NONE',  ( 0.0000000000000000000, -1.000000000000000000, 0.0000000000000000000 ) ) ;
#920 = ORIENTED_EDGE ( 'NONE', *, *, #3074, .T. ) ;
#921 = AXIS2_PLACEMENT_3D ( 'NONE', #4961, #4973, #4982 ) ;
#922 = LINE ( 'NONE', #3942, #913 ) ;
#923 = ORIENTED_EDGE ( 'NONE', *, *, #3791, .T. ) ;
#924 = FACE_OUTER_BOUND ( 'NONE', #4589, .T. ) ;
#925 = DIRECTION ( 'NONE',  ( 0.0000000000000000000, 0.0000000000000000000, 1.000000000000000000 ) ) ;
#926 = DIRECTION ( 'NONE',  ( -1.000000000000000000, -0.0000000000000000000, -0.0000000000000000000 ) ) ;
#927 = DIRECTION ( 'NONE',  ( -1.000000000000000000, -1.224606353822377258E-16, -0.0000000000000000000 ) ) ;
#928 = DIRECTION ( 'NONE',  ( -0.5735764363510532649, 0.8191520442889868026, 1.003171929053518707E-16 ) ) ;
#929 = ORIENTED_EDGE ( 'NONE', *, *, #3135, .T. ) ;
#930 = ADVANCED_FACE ( 'NONE', ( #3045 ), #2980, .T. ) ;
#931 = DIRECTION ( 'NONE',  ( -1.000000000000000000, -1.224606353822377258E-16, -0.0000000000000000000 ) ) ;
#932 = VECTOR ( 'NONE', #47, 999.9999999999998863 ) ;
#933 = ORIENTED_EDGE ( 'NONE', *, *, #3502, .F. ) ;
#934 = EDGE_LOOP ( 'NONE', ( #4840, #1565, #2219, #1994, #1584 ) ) ;
#935 = CIRCLE ( 'NONE', #1746, 6.000000000000002665 ) ;
#936 = AXIS2_PLACEMENT_3D ( 'NONE', #3838, #3803, #4372 ) ;
#937 = DIRECTION ( 'NONE',  ( 0.0000000000000000000, -1.000000000000000000, 0.0000000000000000000 ) ) ;
#938 = CARTESIAN_POINT ( 'NONE',  ( 17.92500006683415847, 6.000000000000005329, 0.0000000000000000000 ) ) ;
#939 = ORIENTED_EDGE ( 'NONE', *, *, #4537, .T. ) ;
#940 = UNCERTAINTY_MEASURE_WITH_UNIT (LENGTH_MEASURE( 1.000000000000000082E-05 ), #1497, 'distance_accuracy_value', 'NONE');
#941 = EDGE_LOOP ( 'NONE', ( #4210, #2750, #2287, #3972, #4768 ) ) ;
#942 = CONICAL_SURFACE ( 'NONE', #1794, 6.000000000000002665, 0.9599310885968824758 ) ;
#943 = DIRECTION ( 'NONE',  ( 0.5735764363510452712, -0.8191520442889924647, 1.003171929053525610E-16 ) ) ;
#944 = ORIENTED_EDGE ( 'NONE', *, *, #2909, .T. ) ;
#945 = AXIS2_PLACEMENT_3D ( 'NONE', #4390, #3413, #1074 ) ;
#946 = CARTESIAN_POINT ( 'NONE',  ( 37.98913043478260931, 5.036000000000005805, 6.167321280506074351E-16 ) ) ;
#947 = DIRECTION ( 'NONE',  ( 1.000000000000000000, 1.224606353822377258E-16, 0.0000000000000000000 ) ) ;
#948 = CIRCLE ( 'NONE', #1779, 5.035999999999999588 ) ;
#949 = ORIENTED_EDGE ( 'NONE', *, *, #4525, .T. ) ;
#950 = LINE ( 'NONE', #3011, #855 ) ;
#951 = ADVANCED_FACE ( 'NONE', ( #3033 ), #3348, .T. ) ;
#952 =( NAMED_UNIT ( * ) PLANE_ANGLE_UNIT ( ) SI_UNIT ( $, .RADIAN. ) );
#953 = AXIS2_PLACEMENT_3D ( 'NONE', #1348, #1504, #209 ) ;
#954 = CONICAL_SURFACE ( 'NONE', #571, 5.036000000000003141, 0.9599310885968728169 ) ;
#955 = CIRCLE ( 'NONE', #1781, 5.036000000000003141 ) ;
#956 = ORIENTED_EDGE ( 'NONE', *, *, #4286, .T. ) ;
#957 = DIRECTION ( 'NONE',  ( -1.000000000000000000, -0.0000000000000000000, -0.0000000000000000000 ) ) ;
#958 = DIRECTION ( 'NONE',  ( 0.5735764363510450492, 0.8191520442889925757, 0.0000000000000000000 ) ) ;
#959 = ORIENTED_EDGE ( 'NONE', *, *, #3174, .F. ) ;
#960 = LINE ( 'NONE', #4938, #3361 ) ;
#961 = AXIS2_PLACEMENT_3D ( 'NONE', #155, #1775, #1800 ) ;
#962 = ORIENTED_EDGE ( 'NONE', *, *, #3875, .F. ) ;
#963 = AXIS2_PLACEMENT_3D ( 'NONE', #1586, #1700, #1709 ) ;
#964 = VECTOR ( 'NONE', #3071, 999.9999999999998863 ) ;
#965 = CARTESIAN_POINT ( 'NONE',  ( -31.74999999999995737, 0.0000000000000000000, 0.0000000000000000000 ) ) ;
#966 = DIRECTION ( 'NONE',  ( -1.000000000000000000, -1.224606353822377258E-16, -0.0000000000000000000 ) ) ;
#967 = ORIENTED_EDGE ( 'NONE', *, *, #2729, .T. ) ;
#968 = DIRECTION ( 'NONE',  ( 0.0000000000000000000, -1.000000000000000000, 0.0000000000000000000 ) ) ;
#969 =( LENGTH_UNIT ( ) NAMED_UNIT ( * ) SI_UNIT ( .MILLI., .METRE. ) );
#970 = AXIS2_PLACEMENT_3D ( 'NONE', #2697, #1368, #1312 ) ;
#971 = AXIS2_PLACEMENT_3D ( 'NONE', #364, #268, #348 ) ;
#972 = CARTESIAN_POINT ( 'NONE',  ( 42.12065224074719794, 2.583919414749769470E-15, 0.0000000000000000000 ) ) ;
#973 = VERTEX_POINT ( 'NONE', #3909 ) ;
#974 = CARTESIAN_POINT ( 'NONE',  ( -31.74999999999995737, 0.0000000000000000000, 0.0000000000000000000 ) ) ;
#975 = CONICAL_SURFACE ( 'NONE', #1806, 5.036000000000003141, 0.9599310885968728169 ) ;
#976 = CIRCLE ( 'NONE', #1805, 6.000000000000002665 ) ;
#977 = ORIENTED_EDGE ( 'NONE', *, *, #4247, .F. ) ;
#978 = AXIS2_PLACEMENT_3D ( 'NONE', #372, #222, #2795 ) ;
#979 = CONICAL_SURFACE ( 'NONE', #337, 6.000000000000002665, 0.9599310885968824758 ) ;
#980 = CIRCLE ( 'NONE', #1764, 5.036000000000003141 ) ;
#981 = ORIENTED_EDGE ( 'NONE', *, *, #3436, .F. ) ;
#982 = CARTESIAN_POINT ( 'NONE',  ( 31.75108702335589683, 6.000000000000005329, 0.0000000000000000000 ) ) ;
#983 = DIRECTION ( 'NONE',  ( 0.0000000000000000000, -1.000000000000000000, 0.0000000000000000000 ) ) ;
#984 = ADVANCED_FACE ( 'NONE', ( #2152 ), #2963, .T. ) ;
#985 = CIRCLE ( 'NONE', #1780, 6.000000000000002665 ) ;
#986 = AXIS2_PLACEMENT_3D ( 'NONE', #198, #5128, #202 ) ;
#987 = DIRECTION ( 'NONE',  ( 0.5735764363510450492, 0.8191520442889925757, 0.0000000000000000000 ) ) ;
#988 = ORIENTED_EDGE ( 'NONE', *, *, #2812, .F. ) ;
#989 = DIRECTION ( 'NONE',  ( -1.000000000000000000, -0.0000000000000000000, -0.0000000000000000000 ) ) ;
#990 = VECTOR ( 'NONE', #697, 1000.000000000000000 ) ;
#991 = DIRECTION ( 'NONE',  ( -1.000000000000000000, -1.224606353822377258E-16, -0.0000000000000000000 ) ) ;
#992 = CIRCLE ( 'NONE', #1031, 6.000000000000002665 ) ;
#993 = AXIS2_PLACEMENT_3D ( 'NONE', #2957, #4205, #504 ) ;
#994 = CARTESIAN_POINT ( 'NONE',  ( 55.94673919726893985, 6.000000000000005329, 0.0000000000000000000 ) ) ;
#995 = AXIS2_PLACEMENT_3D ( 'NONE', #1614, #1599, #1669 ) ;
#996 = ORIENTED_EDGE ( 'NONE', *, *, #2619, .F. ) ;
#997 = VERTEX_POINT ( 'NONE', #4006 ) ;
#998 = VECTOR ( 'NONE', #2080, 1000.000000000000000 ) ;
#999 = CARTESIAN_POINT ( 'NONE',  ( 42.49891297664408540, 2.418597540614639737E-15, 0.0000000000000000000 ) ) ;
#1000 = DIRECTION ( 'NONE',  ( -1.000000000000000000, -1.224606353822377258E-16, -0.0000000000000000000 ) ) ;
#1001 = AXIS2_PLACEMENT_3D ( 'NONE', #3518, #2907, #4368 ) ;
#1002 = VERTEX_POINT ( 'NONE', #4009 ) ;
#1003 = AXIS2_PLACEMENT_3D ( 'NONE', #224, #4196, #3981 ) ;
#1004 = LINE ( 'NONE', #4910, #836 ) ;
#1005 = ORIENTED_EDGE ( 'NONE', *, *, #4861, .T. ) ;
#1006 = AXIS2_PLACEMENT_3D ( 'NONE', #4214, #400, #4521 ) ;
#1007 = LINE ( 'NONE', #1829, #275 ) ;
#1008 = CARTESIAN_POINT ( 'NONE',  ( 20.03152167229626457, 2.418597540614639737E-15, 0.0000000000000000000 ) ) ;
#1009 = DIRECTION ( 'NONE',  ( -1.000000000000000000, -1.224606353822377258E-16, -0.0000000000000000000 ) ) ;
#1010 = CARTESIAN_POINT ( 'NONE',  ( 6.000000000000000000, 5.839897972853066221, -1.561251128379126385E-14 ) ) ;
#1011 = CIRCLE ( 'NONE', #1772, 5.999999999999726441 ) ;
#1012 = ORIENTED_EDGE ( 'NONE', *, *, #3098, .F. ) ;
#1013 = AXIS2_PLACEMENT_3D ( 'NONE', #4559, #3345, #4725 ) ;
#1014 = AXIS2_PLACEMENT_3D ( 'NONE', #4466, #4515, #4791 ) ;
#1015 = AXIS2_PLACEMENT_3D ( 'NONE', #4375, #4398, #4410 ) ;
#1016 = ADVANCED_FACE ( 'NONE', ( #3005 ), #2842, .T. ) ;
#1017 = CARTESIAN_POINT ( 'NONE',  ( 25.89130434782608603, -5.036000000000000476, 0.0000000000000000000 ) ) ;
#1018 = DIRECTION ( 'NONE',  ( 0.0000000000000000000, -1.000000000000000000, 0.0000000000000000000 ) ) ;
#1019 = FACE_OUTER_BOUND ( 'NONE', #2952, .T. ) ;
#1020 = ORIENTED_EDGE ( 'NONE', *, *, #4396, .T. ) ;
#1021 = DIRECTION ( 'NONE',  ( -1.000000000000000000, -1.224606353822377258E-16, -0.0000000000000000000 ) ) ;
#1022 = AXIS2_PLACEMENT_3D ( 'NONE', #3171, #385, #637 ) ;
#1023 = VECTOR ( 'NONE', #3167, 1000.000000000000000 ) ;
#1024 = CARTESIAN_POINT ( 'NONE',  ( 45.57717397987763519, 2.583919414749769470E-15, 0.0000000000000000000 ) ) ;
#1025 = CARTESIAN_POINT ( 'NONE',  ( 45.57717397987763519, 2.583919414749769470E-15, 0.0000000000000000000 ) ) ;
#1026 = CARTESIAN_POINT ( 'NONE',  ( 53.54347826086956985, 5.036000000000005805, 0.0000000000000000000 ) ) ;
#1027 = FACE_OUTER_BOUND ( 'NONE', #4107, .T. ) ;
#1028 = CARTESIAN_POINT ( 'NONE',  ( 23.10978267552981080, -6.008901426488175862E-29, 6.000000000000002665 ) ) ;
#1029 = ORIENTED_EDGE ( 'NONE', *, *, #4075, .T. ) ;
#1030 = AXIS2_PLACEMENT_3D ( 'NONE', #4785, #338, #4115 ) ;
#1031 = AXIS2_PLACEMENT_3D ( 'NONE', #629, #536, #2020 ) ;
#1032 = ORIENTED_EDGE ( 'NONE', *, *, #3763, .T. ) ;
#1033 = CONICAL_SURFACE ( 'NONE', #1066, 5.036000000000003141, 0.9599310885968728169 ) ;
#1034 = AXIS2_PLACEMENT_3D ( 'NONE', #4122, #756, #290 ) ;
#1035 = ORIENTED_EDGE ( 'NONE', *, *, #3778, .T. ) ;
#1036 = CARTESIAN_POINT ( 'NONE',  ( 42.12065224074719794, -6.008901426488175862E-29, 6.000000000000002665 ) ) ;
#1037 = DIRECTION ( 'NONE',  ( 0.0000000000000000000, -1.000000000000000000, 0.0000000000000000000 ) ) ;
#1038 = CARTESIAN_POINT ( 'NONE',  ( 50.08695652173912549, 5.036000000000005805, 0.0000000000000000000 ) ) ;
#1039 = ORIENTED_EDGE ( 'NONE', *, *, #2642, .T. ) ;
#1040 = CONICAL_SURFACE ( 'NONE', #2497, 5.036000000000003141, 0.9599310885968728169 ) ;
#1041 = ORIENTED_EDGE ( 'NONE', *, *, #2829, .F. ) ;
#1042 = DIRECTION ( 'NONE',  ( 0.0000000000000000000, 1.000000000000000000, 0.0000000000000000000 ) ) ;
#1043 = AXIS2_PLACEMENT_3D ( 'NONE', #728, #722, #1630 ) ;
#1044 = CIRCLE ( 'NONE', #326, 0.5999999999999998668 ) ;
#1045 = AXIS2_PLACEMENT_3D ( 'NONE', #4005, #4103, #3956 ) ;
#1046 = CARTESIAN_POINT ( 'NONE',  ( 49.03369571900807244, 2.583919414749769470E-15, 0.0000000000000000000 ) ) ;
#1047 = DIRECTION ( 'NONE',  ( -1.000000000000000000, -0.0000000000000000000, -0.0000000000000000000 ) ) ;
#1048 = AXIS2_PLACEMENT_3D ( 'NONE', #4038, #589, #4564 ) ;
#1049 = CARTESIAN_POINT ( 'NONE',  ( 50.76195658857328397, 6.000000000000004441, 0.0000000000000000000 ) ) ;
#1050 = FACE_OUTER_BOUND ( 'NONE', #4921, .T. ) ;
#1051 = CIRCLE ( 'NONE', #739, 6.000000000000002665 ) ;
#1052 = CONICAL_SURFACE ( 'NONE', #2043, 5.057500000000000107, 1.047197551196592302 ) ;
#1053 = ADVANCED_FACE ( 'NONE', ( #2966 ), #2797, .T. ) ;
#1054 = EDGE_LOOP ( 'NONE', ( #273, #3310, #2447, #3393, #988 ) ) ;
#1055 = CYLINDRICAL_SURFACE ( 'NONE', #1482, 5.999999999999863221 ) ;
#1056 = CARTESIAN_POINT ( 'NONE',  ( 49.03369571900807244, 2.583919414749769470E-15, 0.0000000000000000000 ) ) ;
#1057 = DIRECTION ( 'NONE',  ( 0.5735764363510450492, 0.8191520442889925757, 0.0000000000000000000 ) ) ;
#1058 = VECTOR ( 'NONE', #1911, 999.9999999999998863 ) ;
#1059 = VECTOR ( 'NONE', #3991, 1000.000000000000000 ) ;
#1060 = ORIENTED_EDGE ( 'NONE', *, *, #3578, .T. ) ;
#1061 = ORIENTED_EDGE ( 'NONE', *, *, #3017, .F. ) ;
#1062 = CARTESIAN_POINT ( 'NONE',  ( 49.41195645490495281, -5.999999999999999112, 0.0000000000000000000 ) ) ;
#1063 = CARTESIAN_POINT ( 'NONE',  ( -31.74999999999995737, 0.0000000000000000000, 0.0000000000000000000 ) ) ;
#1064 = DIRECTION ( 'NONE',  ( 0.0000000000000000000, 0.0000000000000000000, 1.000000000000000000 ) ) ;
#1065 = ORIENTED_EDGE ( 'NONE', *, *, #3658, .F. ) ;
#1066 = AXIS2_PLACEMENT_3D ( 'NONE', #2404, #4269, #4287 ) ;
#1067 = DIRECTION ( 'NONE',  ( 0.0000000000000000000, -1.000000000000000000, 0.0000000000000000000 ) ) ;
#1068 = AXIS2_PLACEMENT_3D ( 'NONE', #442, #4925, #459 ) ;
#1069 = FACE_OUTER_BOUND ( 'NONE', #1109, .T. ) ;
#1070 = CARTESIAN_POINT ( 'NONE',  ( -31.74999999999995737, 0.0000000000000000000, 0.0000000000000000000 ) ) ;
#1071 = EDGE_LOOP ( 'NONE', ( #2931, #695, #3630, #1802, #1877 ) ) ;
#1072 = ORIENTED_EDGE ( 'NONE', *, *, #3038, .F. ) ;
#1073 = FACE_OUTER_BOUND ( 'NONE', #3987, .T. ) ;
#1074 = DIRECTION ( 'NONE',  ( 0.0000000000000000000, -1.000000000000000000, 0.0000000000000000000 ) ) ;
#1075 = CARTESIAN_POINT ( 'NONE',  ( 44.90217391304347672, 2.501258477682205392E-15, 0.0000000000000000000 ) ) ;
#1076 = CARTESIAN_POINT ( 'NONE',  ( 30.40108688968756923, -5.623715437610728691E-29, 6.000000000000002665 ) ) ;
#1077 = AXIS2_PLACEMENT_3D ( 'NONE', #4541, #4244, #4448 ) ;
#1078 = ORIENTED_EDGE ( 'NONE', *, *, #2689, .F. ) ;
#1079 = ADVANCED_FACE ( 'NONE', ( #2846 ), #2757, .T. ) ;
#1080 = AXIS2_PLACEMENT_3D ( 'NONE', #3899, #78, #85 ) ;
#1081 = CIRCLE ( 'NONE', #1979, 6.000000000000002665 ) ;
#1082 = ORIENTED_EDGE ( 'NONE', *, *, #4126, .F. ) ;
#1083 = DIRECTION ( 'NONE',  ( -1.000000000000000000, -1.224606353822377258E-16, -0.0000000000000000000 ) ) ;
#1084 = DIRECTION ( 'NONE',  ( -0.5000000000000046629, 0.0000000000000000000, 0.8660254037844359321 ) ) ;
#1085 = ADVANCED_FACE ( 'NONE', ( #3019 ), #2751, .T. ) ;
#1086 = EDGE_LOOP ( 'NONE', ( #2438, #1078, #4836, #4355, #4793 ) ) ;
#1087 = AXIS2_PLACEMENT_3D ( 'NONE', #494, #465, #520 ) ;
#1088 = AXIS2_PLACEMENT_3D ( 'NONE', #4149, #2862, #2865 ) ;
#1089 = VERTEX_POINT ( 'NONE', #4131 ) ;
#1090 = DIRECTION ( 'NONE',  ( 0.0000000000000000000, -1.000000000000000000, 0.0000000000000000000 ) ) ;
#1091 = ADVANCED_FACE ( 'NONE', ( #2745 ), #2733, .T. ) ;
#1092 = DIRECTION ( 'NONE',  ( 0.0000000000000000000, -1.000000000000000000, 0.0000000000000000000 ) ) ;
#1093 = ORIENTED_EDGE ( 'NONE', *, *, #3729, .F. ) ;
#1094 = AXIS2_PLACEMENT_3D ( 'NONE', #4904, #4920, #4315 ) ;
#1095 = AXIS2_PLACEMENT_3D ( 'NONE', #5092, #4887, #4929 ) ;
#1096 = CARTESIAN_POINT ( 'NONE',  ( 43.84891311031241656, 6.000000000000005329, 0.0000000000000000000 ) ) ;
#1097 = DIRECTION ( 'NONE',  ( -0.5000000000000046629, 1.060575238724903587E-16, -0.8660254037844359321 ) ) ;
#1098 = VECTOR ( 'NONE', #519, 1000.000000000000000 ) ;
#1099 = LINE ( 'NONE', #386, #1144 ) ;
#1100 = VERTEX_POINT ( 'NONE', #4162 ) ;
#1101 = DIRECTION ( 'NONE',  ( -1.000000000000000000, -1.224606353822377258E-16, -0.0000000000000000000 ) ) ;
#1102 = AXIS2_PLACEMENT_3D ( 'NONE', #5145, #766, #5127 ) ;
#1103 = CIRCLE ( 'NONE', #2005, 6.000000000000002665 ) ;
#1104 = ORIENTED_EDGE ( 'NONE', *, *, #3060, .F. ) ;
#1105 = CARTESIAN_POINT ( 'NONE',  ( 33.85760862881799937, 2.418597540614639737E-15, 0.0000000000000000000 ) ) ;
#1106 = DIRECTION ( 'NONE',  ( -1.000000000000000000, -1.224606353822377258E-16, -0.0000000000000000000 ) ) ;
#1107 = CARTESIAN_POINT ( 'NONE',  ( 36.93586963205154916, 2.583919414749769470E-15, 0.0000000000000000000 ) ) ;
#1108 = AXIS2_PLACEMENT_3D ( 'NONE', #2949, #2943, #5026 ) ;
#1109 = EDGE_LOOP ( 'NONE', ( #5021, #2988, #3954, #4803, #2151, #206 ) ) ;
#1110 = CARTESIAN_POINT ( 'NONE',  ( 31.75108702335589683, -6.000000000000000000, 7.347880794884122694E-16 ) ) ;
#1111 = CYLINDRICAL_SURFACE ( 'NONE', #2015, 5.999999999999863221 ) ;
#1112 = ORIENTED_EDGE ( 'NONE', *, *, #3810, .F. ) ;
#1113 = AXIS2_PLACEMENT_3D ( 'NONE', #1381, #1137, #1037 ) ;
#1114 = CONICAL_SURFACE ( 'NONE', #2062, 6.000000000000002665, 0.9599310885968824758 ) ;
#1115 = ORIENTED_EDGE ( 'NONE', *, *, #3002, .F. ) ;
#1116 = CARTESIAN_POINT ( 'NONE',  ( 44.22717384620930403, 2.418597540614639737E-15, 0.0000000000000000000 ) ) ;
#1117 = LINE ( 'NONE', #53, #932 ) ;
#1118 = CARTESIAN_POINT ( 'NONE',  ( 30.02282615379068176, 2.583919414749769470E-15, 0.0000000000000000000 ) ) ;
#1119 = ORIENTED_EDGE ( 'NONE', *, *, #3341, .F. ) ;
#1120 = DIRECTION ( 'NONE',  ( 0.0000000000000000000, -1.000000000000000000, 0.0000000000000000000 ) ) ;
#1121 = CARTESIAN_POINT ( 'NONE',  ( 54.21847832770372833, -6.008901426488175862E-29, 6.000000000000002665 ) ) ;
#1122 = ORIENTED_EDGE ( 'NONE', *, *, #4384, .F. ) ;
#1123 = ADVANCED_FACE ( 'NONE', ( #2756 ), #2696, .T. ) ;
#1124 = AXIS2_PLACEMENT_3D ( 'NONE', #3806, #3738, #2994 ) ;
#1125 = CARTESIAN_POINT ( 'NONE',  ( 18.97826086956521863, 5.036000000000005805, 0.0000000000000000000 ) ) ;
#1126 = CIRCLE ( 'NONE', #1812, 6.000000000000002665 ) ;
#1127 = ORIENTED_EDGE ( 'NONE', *, *, #3486, .F. ) ;
#1128 = AXIS2_PLACEMENT_3D ( 'NONE', #2869, #2933, #578 ) ;
#1129 = CARTESIAN_POINT ( 'NONE',  ( 6.000000000000000000, 0.0000000000000000000, 0.0000000000000000000 ) ) ;
#1130 = CIRCLE ( 'NONE', #1977, 5.036000000000003141 ) ;
#1131 = CARTESIAN_POINT ( 'NONE',  ( 51.14021732447017143, -5.999999999999999112, 0.0000000000000000000 ) ) ;
#1132 = ORIENTED_EDGE ( 'NONE', *, *, #4309, .T. ) ;
#1133 = ORIENTED_EDGE ( 'NONE', *, *, #3159, .F. ) ;
#1134 = LINE ( 'NONE', #1852, #801 ) ;
#1135 = SURFACE_STYLE_USAGE ( .BOTH. , #822 ) ;
#1136 = AXIS2_PLACEMENT_3D ( 'NONE', #1406, #1360, #1547 ) ;
#1137 = DIRECTION ( 'NONE',  ( -1.000000000000000000, -1.224606353822377258E-16, -0.0000000000000000000 ) ) ;
#1138 = CARTESIAN_POINT ( 'NONE',  ( 17.92500006683415847, 2.583919414749769470E-15, 0.0000000000000000000 ) ) ;
#1139 = FACE_OUTER_BOUND ( 'NONE', #3733, .T. ) ;
#1140 = VERTEX_POINT ( 'NONE', #4150 ) ;
#1141 = AXIS2_PLACEMENT_3D ( 'NONE', #965, #957, #2832 ) ;
#1142 = ORIENTED_EDGE ( 'NONE', *, *, #4869, .F. ) ;
#1143 = DIRECTION ( 'NONE',  ( 0.0000000000000000000, -1.000000000000000000, 0.0000000000000000000 ) ) ;
#1144 = VECTOR ( 'NONE', #332, 1000.000000000000000 ) ;
#1145 = CARTESIAN_POINT ( 'NONE',  ( 33.85760862881799937, -5.999999999999999112, 0.0000000000000000000 ) ) ;
#1146 = AXIS2_PLACEMENT_3D ( 'NONE', #703, #866, #1481 ) ;
#1147 = CIRCLE ( 'NONE', #1823, 6.000000000000002665 ) ;
#1148 = ORIENTED_EDGE ( 'NONE', *, *, #2791, .F. ) ;
#1149 = CARTESIAN_POINT ( 'NONE',  ( 48.35869565217391397, -5.036000000000000476, 6.757601037695098523E-16 ) ) ;
#1150 = DIRECTION ( 'NONE',  ( -1.000000000000000000, -0.0000000000000000000, -0.0000000000000000000 ) ) ;
#1151 = ADVANCED_FACE ( 'NONE', ( #2702 ), #2659, .T. ) ;
#1152 = LINE ( 'NONE', #1760, #2674 ) ;
#1153 = CIRCLE ( 'NONE', #1835, 6.000000000000002665 ) ;
#1154 = DIRECTION ( 'NONE',  ( -1.000000000000000000, -1.224606353822377258E-16, -0.0000000000000000000 ) ) ;
#1155 = ORIENTED_EDGE ( 'NONE', *, *, #2798, .T. ) ;
#1156 = EDGE_LOOP ( 'NONE', ( #1774, #1928, #3988, #1212, #2749, #188 ) ) ;
#1157 = ADVANCED_FACE ( 'NONE', ( #3009 ), #2648, .T. ) ;
#1158 = CIRCLE ( 'NONE', #1848, 5.036000000000003141 ) ;
#1159 = ORIENTED_EDGE ( 'NONE', *, *, #4742, .T. ) ;
#1160 = AXIS2_PLACEMENT_3D ( 'NONE', #4234, #1000, #1330 ) ;
#1161 = LINE ( 'NONE', #1837, #719 ) ;
#1162 = DIRECTION ( 'NONE',  ( -1.000000000000000000, -1.224606353822377258E-16, -0.0000000000000000000 ) ) ;
#1163 = DIRECTION ( 'NONE',  ( 0.0000000000000000000, 0.0000000000000000000, -1.000000000000000000 ) ) ;
#1164 = AXIS2_PLACEMENT_3D ( 'NONE', #2370, #2407, #2373 ) ;
#1165 = CIRCLE ( 'NONE', #1858, 6.000000000000002665 ) ;
#1166 = DIRECTION ( 'NONE',  ( -1.000000000000000000, -1.224606353822377258E-16, -0.0000000000000000000 ) ) ;
#1167 = EDGE_LOOP ( 'NONE', ( #2848, #2017, #3699, #387, #2445, #2000 ) ) ;
#1168 = CARTESIAN_POINT ( 'NONE',  ( 56.99999999999999289, 0.0000000000000000000, 0.0000000000000000000 ) ) ;
#1169 = DIRECTION ( 'NONE',  ( 1.000000000000000000, 0.0000000000000000000, 0.0000000000000000000 ) ) ;
#1170 = PRODUCT_RELATED_PRODUCT_CATEGORY ( 'part', '', ( #4003 ) ) ;
#1171 = ORIENTED_EDGE ( 'NONE', *, *, #4806, .T. ) ;
#1172 = FACE_OUTER_BOUND ( 'NONE', #3735, .T. ) ;
#1173 = CARTESIAN_POINT ( 'NONE',  ( 54.59673906360060869, 6.000000000000006217, 7.347880794884123680E-16 ) ) ;
#1174 = LINE ( 'NONE', #3281, #1059 ) ;
#1175 = VERTEX_POINT ( 'NONE', #4307 ) ;
#1176 = AXIS2_PLACEMENT_3D ( 'NONE', #2889, #2850, #2845 ) ;
#1177 = AXIS2_PLACEMENT_3D ( 'NONE', #2246, #2401, #2386 ) ;
#1178 = CIRCLE ( 'NONE', #1821, 5.036000000000003141 ) ;
#1179 = CARTESIAN_POINT ( 'NONE',  ( 43.17391304347825809, -5.036000000000000476, 6.757601037695098523E-16 ) ) ;
#1180 = DIRECTION ( 'NONE',  ( 0.0000000000000000000, -0.5000000000000012212, -0.8660254037844380415 ) ) ;
#1181 = FACE_OUTER_BOUND ( 'NONE', #3277, .T. ) ;
#1182 = DIRECTION ( 'NONE',  ( -1.000000000000000000, -1.224606353822377258E-16, -0.0000000000000000000 ) ) ;
#1183 = ORIENTED_EDGE ( 'NONE', *, *, #4153, .T. ) ;
#1184 = CARTESIAN_POINT ( 'NONE',  ( 18.30326080273104594, 7.347880794883559645E-16, -6.000000000000002665 ) ) ;
#1185 = ADVANCED_FACE ( 'NONE', ( #2821 ), #2630, .T. ) ;
#1186 = AXIS2_PLACEMENT_3D ( 'NONE', #2380, #2398, #2473 ) ;
#1187 =( GEOMETRIC_REPRESENTATION_CONTEXT ( 3 ) GLOBAL_UNCERTAINTY_ASSIGNED_CONTEXT ( ( #2836 ) ) GLOBAL_UNIT_ASSIGNED_CONTEXT ( ( #2536, #2021, #1992 ) ) REPRESENTATION_CONTEXT ( 'NONE', 'WORKASPACE' ) );
#1188 = VERTEX_POINT ( 'NONE', #4323 ) ;
#1189 = LINE ( 'NONE', #3939, #990 ) ;
#1190 = ORIENTED_EDGE ( 'NONE', *, *, #3259, .T. ) ;
#1191 = CIRCLE ( 'NONE', #1880, 6.000000000000002665 ) ;
#1192 = CARTESIAN_POINT ( 'NONE',  ( 21.75978254186147964, 2.418597540614639737E-15, 0.0000000000000000000 ) ) ;
#1193 = CARTESIAN_POINT ( 'NONE',  ( 43.84891311031241656, 2.583919414749769470E-15, 0.0000000000000000000 ) ) ;
#1194 = CIRCLE ( 'NONE', #1424, 5.036000000000003141 ) ;
#1195 = AXIS2_PLACEMENT_3D ( 'NONE', #2406, #2816, #2418 ) ;
#1196 = AXIS2_PLACEMENT_3D ( 'NONE', #2600, #2759, #2681 ) ;
#1197 = LINE ( 'NONE', #2433, #1218 ) ;
#1198 = CARTESIAN_POINT ( 'NONE',  ( 18.30326080273104594, 2.418597540614639737E-15, 0.0000000000000000000 ) ) ;
#1199 = DIRECTION ( 'NONE',  ( 0.0000000000000000000, 1.000000000000000000, 0.0000000000000000000 ) ) ;
#1200 = VECTOR ( 'NONE', #4101, 1000.000000000000114 ) ;
#1201 = CARTESIAN_POINT ( 'NONE',  ( 55.94673919726893985, 6.000000000000004441, 0.0000000000000000000 ) ) ;
#1202 = CIRCLE ( 'NONE', #1899, 6.000000000000002665 ) ;
#1203 = ORIENTED_EDGE ( 'NONE', *, *, #3508, .T. ) ;
#1204 = DIRECTION ( 'NONE',  ( 0.0000000000000000000, -1.000000000000000000, 0.0000000000000000000 ) ) ;
#1205 = FACE_OUTER_BOUND ( 'NONE', #4549, .T. ) ;
#1206 = VERTEX_POINT ( 'NONE', #4339 ) ;
#1207 = AXIS2_PLACEMENT_3D ( 'NONE', #603, #5113, #281 ) ;
#1208 = CARTESIAN_POINT ( 'NONE',  ( 52.86847819403539717, 7.347880794883559645E-16, -6.000000000000002665 ) ) ;
#1209 = CARTESIAN_POINT ( 'NONE',  ( 47.68369558533974129, -5.546678239835239257E-29, 6.000000000000002665 ) ) ;
#1210 = ORIENTED_EDGE ( 'NONE', *, *, #3001, .T. ) ;
#1211 = CARTESIAN_POINT ( 'NONE',  ( 6.000000000000000000, 5.839897972853066221, -1.561251128379126385E-14 ) ) ;
#1212 = ORIENTED_EDGE ( 'NONE', *, *, #3017, .T. ) ;
#1213 = ADVANCED_FACE ( 'NONE', ( #2761 ), #2615, .T. ) ;
#1214 = DIRECTION ( 'NONE',  ( -1.000000000000000000, -1.224606353822377258E-16, -0.0000000000000000000 ) ) ;
#1215 = AXIS2_PLACEMENT_3D ( 'NONE', #3028, #3010, #3014 ) ;
#1216 = CYLINDRICAL_SURFACE ( 'NONE', #1904, 5.999999999999863221 ) ;
#1217 = ORIENTED_EDGE ( 'NONE', *, *, #4969, .T. ) ;
#1218 = VECTOR ( 'NONE', #88, 1000.000000000000000 ) ;
#1219 = DIRECTION ( 'NONE',  ( -0.5735764363510529318, -0.8191520442889870246, 0.0000000000000000000 ) ) ;
#1220 = CIRCLE ( 'NONE', #1906, 6.000000000000002665 ) ;
#1221 = AXIS2_PLACEMENT_3D ( 'NONE', #1264, #255, #896 ) ;
#1222 = AXIS2_PLACEMENT_3D ( 'NONE', #5063, #5036, #5043 ) ;
#1223 = ORIENTED_EDGE ( 'NONE', *, *, #3818, .F. ) ;
#1224 = ORIENTED_EDGE ( 'NONE', *, *, #2793, .T. ) ;
#1225 = DIRECTION ( 'NONE',  ( 0.0000000000000000000, -1.000000000000000000, 0.0000000000000000000 ) ) ;
#1226 = DIRECTION ( 'NONE',  ( -1.000000000000000000, -1.224606353822377258E-16, -0.0000000000000000000 ) ) ;
#1227 = ORIENTED_EDGE ( 'NONE', *, *, #3789, .F. ) ;
#1228 = VECTOR ( 'NONE', #3137, 1000.000000000000000 ) ;
#1229 = AXIS2_PLACEMENT_3D ( 'NONE', #1524, #4730, #4705 ) ;
#1230 = CARTESIAN_POINT ( 'NONE',  ( 6.000000000000000000, -2.919948986426526005, 5.057499999999995666 ) ) ;
#1231 = PLANE ( 'NONE',  #1610 ) ;
#1232 = CONICAL_SURFACE ( 'NONE', #270, 5.036000000000003141, 0.9599310885968728169 ) ;
#1233 = ORIENTED_EDGE ( 'NONE', *, *, #4405, .F. ) ;
#1234 = CIRCLE ( 'NONE', #1894, 6.000000000000002665 ) ;
#1235 = AXIS2_PLACEMENT_3D ( 'NONE', #4744, #4734, #4739 ) ;
#1236 = DIRECTION ( 'NONE',  ( 0.0000000000000000000, -1.000000000000000000, 0.0000000000000000000 ) ) ;
#1237 = CARTESIAN_POINT ( 'NONE',  ( 43.17391304347825809, 2.501258477682205392E-15, 0.0000000000000000000 ) ) ;
#1238 = CARTESIAN_POINT ( 'NONE',  ( -31.74999999999995737, 0.0000000000000000000, 0.0000000000000000000 ) ) ;
#1239 = AXIS2_PLACEMENT_3D ( 'NONE', #250, #4655, #4678 ) ;
#1240 = EDGE_LOOP ( 'NONE', ( #3921, #3404, #142, #2414, #794, #2511 ) ) ;
#1241 = AXIS2_PLACEMENT_3D ( 'NONE', #1518, #1509, #1496 ) ;
#1242 = CIRCLE ( 'NONE', #1045, 6.000000000000002665 ) ;
#1243 = CARTESIAN_POINT ( 'NONE',  ( 51.81521739130434412, 2.501258477682205392E-15, 0.0000000000000000000 ) ) ;
#1244 = DIRECTION ( 'NONE',  ( -1.000000000000000000, -1.224606353822377258E-16, -0.0000000000000000000 ) ) ;
#1245 = ORIENTED_EDGE ( 'NONE', *, *, #4826, .T. ) ;
#1246 = CARTESIAN_POINT ( 'NONE',  ( 30.40108688968756923, 2.418597540614639737E-15, 0.0000000000000000000 ) ) ;
#1247 = DIRECTION ( 'NONE',  ( 0.0000000000000000000, -1.000000000000000000, 0.0000000000000000000 ) ) ;
#1248 = AXIS2_PLACEMENT_3D ( 'NONE', #1566, #1557, #1545 ) ;
#1249 = CONICAL_SURFACE ( 'NONE', #779, 5.036000000000003141, 0.9599310885968728169 ) ;
#1250 = DIRECTION ( 'NONE',  ( 0.0000000000000000000, -1.000000000000000000, 0.0000000000000000000 ) ) ;
#1251 = ADVANCED_FACE ( 'NONE', ( #2637 ), #2603, .T. ) ;
#1252 = AXIS2_PLACEMENT_3D ( 'NONE', #1617, #1692, #3520 ) ;
#1253 = AXIS2_PLACEMENT_3D ( 'NONE', #5122, #5118, #5135 ) ;
#1254 = DIRECTION ( 'NONE',  ( -1.000000000000000000, -1.224606353822377258E-16, -0.0000000000000000000 ) ) ;
#1255 = CIRCLE ( 'NONE', #1882, 5.036000000000003141 ) ;
#1256 = ORIENTED_EDGE ( 'NONE', *, *, #2701, .F. ) ;
#1257 = DIRECTION ( 'NONE',  ( -1.000000000000000000, -1.224606353822377258E-16, -0.0000000000000000000 ) ) ;
#1258 = AXIS2_PLACEMENT_3D ( 'NONE', #844, #892, #1841 ) ;
#1259 = AXIS2_PLACEMENT_3D ( 'NONE', #1752, #1747, #1739 ) ;
#1260 = CIRCLE ( 'NONE', #1942, 5.036000000000003141 ) ;
#1261 = CARTESIAN_POINT ( 'NONE',  ( 42.49891297664408540, 2.418597540614639737E-15, 0.0000000000000000000 ) ) ;
#1262 = ORIENTED_EDGE ( 'NONE', *, *, #2656, .T. ) ;
#1263 = LINE ( 'NONE', #1351, #1200 ) ;
#1264 = CARTESIAN_POINT ( 'NONE',  ( 51.14021732447017143, 2.418597540614639737E-15, 0.0000000000000000000 ) ) ;
#1265 = CIRCLE ( 'NONE', #1952, 6.000000000000002665 ) ;
#1266 = VERTEX_POINT ( 'NONE', #4418 ) ;
#1267 = AXIS2_PLACEMENT_3D ( 'NONE', #1679, #1668, #1662 ) ;
#1268 =( GEOMETRIC_REPRESENTATION_CONTEXT ( 3 ) GLOBAL_UNCERTAINTY_ASSIGNED_CONTEXT ( ( #3999 ) ) GLOBAL_UNIT_ASSIGNED_CONTEXT ( ( #1866, #1862, #1846 ) ) REPRESENTATION_CONTEXT ( 'NONE', 'WORKASPACE' ) );
#1269 = ADVANCED_FACE ( 'NONE', ( #2613 ), #2582, .T. ) ;
#1270 = LINE ( 'NONE', #2224, #1542 ) ;
#1271 = ORIENTED_EDGE ( 'NONE', *, *, #3333, .T. ) ;
#1272 = CARTESIAN_POINT ( 'NONE',  ( 29.34782608695652328, 5.036000000000005805, 6.167321280506074351E-16 ) ) ;
#1273 = EDGE_LOOP ( 'NONE', ( #3812, #1756, #4224, #567, #4121 ) ) ;
#1274 = MECHANICAL_DESIGN_GEOMETRIC_PRESENTATION_REPRESENTATION (  '', ( #1277 ), #1268 ) ;
#1275 = PRESENTATION_LAYER_ASSIGNMENT (  '', '', ( #1277 ) ) ;
#1276 = VERTEX_POINT ( 'NONE', #4449 ) ;
#1277 = STYLED_ITEM ( 'NONE', ( #1435 ), #3354 ) ;
#1278 = DIRECTION ( 'NONE',  ( -0.5735764363510532649, 0.8191520442889868026, 1.003171929053518707E-16 ) ) ;
#1279 = DIRECTION ( 'NONE',  ( -0.5735764363510529318, -0.8191520442889870246, 0.0000000000000000000 ) ) ;
#1280 = CARTESIAN_POINT ( 'NONE',  ( -31.74999999999995737, 0.0000000000000000000, 0.0000000000000000000 ) ) ;
#1281 = ORIENTED_EDGE ( 'NONE', *, *, #4844, .F. ) ;
#1282 = CIRCLE ( 'NONE', #682, 6.000000000000002665 ) ;
#1283 = DIRECTION ( 'NONE',  ( -1.000000000000000000, -0.0000000000000000000, -0.0000000000000000000 ) ) ;
#1284 = VERTEX_POINT ( 'NONE', #4456 ) ;
#1285 = AXIS2_PLACEMENT_3D ( 'NONE', #835, #802, #796 ) ;
#1286 = FACE_OUTER_BOUND ( 'NONE', #1240, .T. ) ;
#1287 = CIRCLE ( 'NONE', #1955, 5.036000000000003141 ) ;
#1288 = ORIENTED_EDGE ( 'NONE', *, *, #4125, .F. ) ;
#1289 = AXIS2_PLACEMENT_3D ( 'NONE', #2539, #2425, #905 ) ;
#1290 = VECTOR ( 'NONE', #478, 1000.000000000000000 ) ;
#1291 = DIRECTION ( 'NONE',  ( 0.0000000000000000000, -1.000000000000000000, 0.0000000000000000000 ) ) ;
#1292 = ADVANCED_FACE ( 'NONE', ( #2621 ), #2570, .T. ) ;
#1293 = CIRCLE ( 'NONE', #1956, 6.000000000000002665 ) ;
#1294 = VERTEX_POINT ( 'NONE', #4467 ) ;
#1295 = AXIS2_PLACEMENT_3D ( 'NONE', #3124, #1535, #5014 ) ;
#1296 = AXIS2_PLACEMENT_3D ( 'NONE', #3557, #3566, #3636 ) ;
#1297 = CARTESIAN_POINT ( 'NONE',  ( 50.08695652173912549, 5.036000000000005805, 6.167321280506074351E-16 ) ) ;
#1298 = CARTESIAN_POINT ( 'NONE',  ( -31.74999999999995737, 7.347880794883952103E-16, -5.999999999999863221 ) ) ;
#1299 = ADVANCED_FACE ( 'NONE', ( #2543 ), #2784, .T. ) ;
#1300 = CONICAL_SURFACE ( 'NONE', #2003, 5.036000000000003141, 0.9599310885968728169 ) ;
#1301 = ORIENTED_EDGE ( 'NONE', *, *, #3629, .F. ) ;
#1302 = CIRCLE ( 'NONE', #1048, 5.036000000000003141 ) ;
#1303 = CARTESIAN_POINT ( 'NONE',  ( 0.0000000000000000000, 0.0000000000000000000, 0.0000000000000000000 ) ) ;
#1304 = DIRECTION ( 'NONE',  ( -1.000000000000000000, -1.224606353822377258E-16, -0.0000000000000000000 ) ) ;
#1305 = AXIS2_PLACEMENT_3D ( 'NONE', #4409, #4535, #1250 ) ;
#1306 = CIRCLE ( 'NONE', #770, 6.000000000000002665 ) ;
#1307 = CIRCLE ( 'NONE', #1995, 5.036000000000003141 ) ;
#1308 = AXIS2_PLACEMENT_3D ( 'NONE', #392, #4700, #5072 ) ;
#1309 = ORIENTED_EDGE ( 'NONE', *, *, #4351, .F. ) ;
#1310 = CIRCLE ( 'NONE', #1080, 6.000000000000002665 ) ;
#1311 = VECTOR ( 'NONE', #3293, 1000.000000000000000 ) ;
#1312 = DIRECTION ( 'NONE',  ( 0.0000000000000000000, 0.0000000000000000000, 1.000000000000000000 ) ) ;
#1313 = ORIENTED_EDGE ( 'NONE', *, *, #4359, .F. ) ;
#1314 = AXIS2_PLACEMENT_3D ( 'NONE', #1046, #5053, #323 ) ;
#1315 = ADVANCED_FACE ( 'NONE', ( #2679 ), #3186, .T. ) ;
#1316 = AXIS2_PLACEMENT_3D ( 'NONE', #2047, #2030, #2036 ) ;
#1317 = DIRECTION ( 'NONE',  ( 0.0000000000000000000, -1.000000000000000000, 0.0000000000000000000 ) ) ;
#1318 = CARTESIAN_POINT ( 'NONE',  ( 6.000000000000000000, -5.839897972853064445, -8.673617379884035472E-16 ) ) ;
#1319 = VECTOR ( 'NONE', #4043, 999.9999999999998863 ) ;
#1320 = VERTEX_POINT ( 'NONE', #4109 ) ;
#1321 = VERTEX_POINT ( 'NONE', #4084 ) ;
#1322 = AXIS2_PLACEMENT_3D ( 'NONE', #2067, #2054, #2049 ) ;
#1323 = AXIS2_PLACEMENT_3D ( 'NONE', #2098, #2105, #2076 ) ;
#1324 = AXIS2_PLACEMENT_3D ( 'NONE', #2143, #2147, #2148 ) ;
#1325 = LINE ( 'NONE', #3903, #1319 ) ;
#1326 = DIRECTION ( 'NONE',  ( 0.0000000000000000000, -1.000000000000000000, 0.0000000000000000000 ) ) ;
#1327 = DIRECTION ( 'NONE',  ( 0.0000000000000000000, 0.0000000000000000000, 1.000000000000000000 ) ) ;
#1328 = CARTESIAN_POINT ( 'NONE',  ( 31.07608695652173836, -5.036000000000000476, 6.757601037695098523E-16 ) ) ;
#1329 = AXIS2_PLACEMENT_3D ( 'NONE', #1897, #2008, #1962 ) ;
#1330 = DIRECTION ( 'NONE',  ( 0.0000000000000000000, -1.000000000000000000, 0.0000000000000000000 ) ) ;
#1331 = AXIS2_PLACEMENT_3D ( 'NONE', #2013, #2237, #2239 ) ;
#1332 = ORIENTED_EDGE ( 'NONE', *, *, #2655, .T. ) ;
#1333 = CARTESIAN_POINT ( 'NONE',  ( 30.40108688968756923, 2.418597540614639737E-15, 0.0000000000000000000 ) ) ;
#1334 = CARTESIAN_POINT ( 'NONE',  ( 0.6000000000000033085, 0.0000000000000000000, 0.0000000000000000000 ) ) ;
#1335 = ORIENTED_EDGE ( 'NONE', *, *, #5011, .F. ) ;
#1336 = AXIS2_PLACEMENT_3D ( 'NONE', #4259, #4263, #3675 ) ;
#1337 = AXIS2_PLACEMENT_3D ( 'NONE', #1056, #1083, #675 ) ;
#1338 = ADVANCED_FACE ( 'NONE', ( #2790 ), #2391, .T. ) ;
#1339 = DIRECTION ( 'NONE',  ( -0.5735764363510532649, 0.8191520442889868026, 1.003171929053518707E-16 ) ) ;
#1340 = DIRECTION ( 'NONE',  ( -0.0000000000000000000, 0.8660254037844392627, 0.4999999999999990008 ) ) ;
#1341 = DIRECTION ( 'NONE',  ( -1.000000000000000000, -0.0000000000000000000, -0.0000000000000000000 ) ) ;
#1342 = FACE_OUTER_BOUND ( 'NONE', #4130, .T. ) ;
#1343 = EDGE_LOOP ( 'NONE', ( #3073, #1843, #2469, #153, #1554 ) ) ;
#1344 = CYLINDRICAL_SURFACE ( 'NONE', #1345, 5.999999999999863221 ) ;
#1345 = AXIS2_PLACEMENT_3D ( 'NONE', #4475, #3266, #2712 ) ;
#1346 = VERTEX_POINT ( 'NONE', #3984 ) ;
#1347 = ADVANCED_FACE ( 'NONE', ( #2382 ), #1990, .T. ) ;
#1348 = CARTESIAN_POINT ( 'NONE',  ( 36.26086956521739069, 2.501258477682205392E-15, 0.0000000000000000000 ) ) ;
#1349 = VECTOR ( 'NONE', #2271, 1000.000000000000000 ) ;
#1350 = ORIENTED_EDGE ( 'NONE', *, *, #4081, .T. ) ;
#1351 = CARTESIAN_POINT ( 'NONE',  ( 6.000000000000000000, -5.839897972853064445, -8.673617379884035472E-16 ) ) ;
#1352 = DIRECTION ( 'NONE',  ( -1.000000000000000000, -1.224606353822377258E-16, -0.0000000000000000000 ) ) ;
#1353 = AXIS2_PLACEMENT_3D ( 'NONE', #4091, #4257, #2574 ) ;
#1354 = AXIS2_PLACEMENT_3D ( 'NONE', #3615, #3585, #3568 ) ;
#1355 = ORIENTED_EDGE ( 'NONE', *, *, #4343, .T. ) ;
#1356 = AXIS2_PLACEMENT_3D ( 'NONE', #3110, #4275, #3655 ) ;
#1357 = VERTEX_POINT ( 'NONE', #2014 ) ;
#1358 = VECTOR ( 'NONE', #3554, 999.9999999999998863 ) ;
#1359 = DIRECTION ( 'NONE',  ( 0.5735764363510450492, 0.8191520442889925757, 0.0000000000000000000 ) ) ;
#1360 = DIRECTION ( 'NONE',  ( -1.000000000000000000, -1.224606353822377258E-16, -0.0000000000000000000 ) ) ;
#1361 = CARTESIAN_POINT ( 'NONE',  ( -31.74999999999995737, 0.0000000000000000000, 0.0000000000000000000 ) ) ;
#1362 = VERTEX_POINT ( 'NONE', #2235 ) ;
#1363 = CIRCLE ( 'NONE', #1289, 5.036000000000003141 ) ;
#1364 = ADVANCED_FACE ( 'NONE', ( #2022 ), #1949, .T. ) ;
#1365 = DIRECTION ( 'NONE',  ( -0.0000000000000000000, -0.5000000000000011102, -0.8660254037844379305 ) ) ;
#1366 = CONICAL_SURFACE ( 'NONE', #2070, 5.036000000000003141, 0.9599310885968728169 ) ;
#1367 = ORIENTED_EDGE ( 'NONE', *, *, #2586, .F. ) ;
#1368 = DIRECTION ( 'NONE',  ( -1.000000000000000000, -0.0000000000000000000, -0.0000000000000000000 ) ) ;
#1369 = CIRCLE ( 'NONE', #440, 6.000000000000002665 ) ;
#1370 = DIRECTION ( 'NONE',  ( -1.000000000000000000, -0.0000000000000000000, -0.0000000000000000000 ) ) ;
#1371 = AXIS2_PLACEMENT_3D ( 'NONE', #4226, #3249, #2307 ) ;
#1372 = DIRECTION ( 'NONE',  ( 0.0000000000000000000, 0.0000000000000000000, 1.000000000000000000 ) ) ;
#1373 = ORIENTED_EDGE ( 'NONE', *, *, #4886, .T. ) ;
#1374 = AXIS2_PLACEMENT_3D ( 'NONE', #3213, #4164, #4242 ) ;
#1375 = CARTESIAN_POINT ( 'NONE',  ( 30.02282615379068176, 2.583919414749769470E-15, 0.0000000000000000000 ) ) ;
#1376 = DIRECTION ( 'NONE',  ( 1.000000000000000000, 1.224606353822377258E-16, 0.0000000000000000000 ) ) ;
#1377 = FACE_OUTER_BOUND ( 'NONE', #2851, .T. ) ;
#1378 = CIRCLE ( 'NONE', #759, 5.036000000000003141 ) ;
#1379 = EDGE_LOOP ( 'NONE', ( #2908, #811, #2705, #3852, #1587 ) ) ;
#1380 = FACE_OUTER_BOUND ( 'NONE', #3565, .T. ) ;
#1381 = CARTESIAN_POINT ( 'NONE',  ( 54.59673906360060869, 2.418597540614639737E-15, 0.0000000000000000000 ) ) ;
#1382 = CARTESIAN_POINT ( 'NONE',  ( 6.000000000000000000, -2.919948986426526005, 5.057499999999995666 ) ) ;
#1383 = MECHANICAL_DESIGN_GEOMETRIC_PRESENTATION_REPRESENTATION (  '', ( #1789 ), #1187 ) ;
#1384 = EDGE_LOOP ( 'NONE', ( #570, #3681, #378, #2837, #160 ) ) ;
#1385 = CIRCLE ( 'NONE', #1248, 6.000000000000002665 ) ;
#1386 = DIRECTION ( 'NONE',  ( -1.000000000000000000, -1.224606353822377258E-16, -0.0000000000000000000 ) ) ;
#1387 = CARTESIAN_POINT ( 'NONE',  ( 24.16304347826087096, 2.501258477682205392E-15, 0.0000000000000000000 ) ) ;
#1388 = CIRCLE ( 'NONE', #1077, 6.000000000000002665 ) ;
#1389 = EDGE_LOOP ( 'NONE', ( #3020, #4968, #5033, #5074, #3195, #278 ) ) ;
#1390 = VECTOR ( 'NONE', #606, 1000.000000000000000 ) ;
#1391 = EDGE_LOOP ( 'NONE', ( #2556, #3400, #4327, #5035, #1012 ) ) ;
#1392 = DIRECTION ( 'NONE',  ( 0.0000000000000000000, -1.000000000000000000, 0.0000000000000000000 ) ) ;
#1393 = EDGE_LOOP ( 'NONE', ( #4976, #5008, #5046, #5143, #5157, #5177 ) ) ;
#1394 = CARTESIAN_POINT ( 'NONE',  ( 24.16304347826087096, 5.036000000000005805, 0.0000000000000000000 ) ) ;
#1395 = CONICAL_SURFACE ( 'NONE', #31, 5.036000000000003141, 0.9599310885968728169 ) ;
#1396 = AXIS2_PLACEMENT_3D ( 'NONE', #3319, #4595, #1458 ) ;
#1397 = CONICAL_SURFACE ( 'NONE', #2071, 5.036000000000003141, 0.9599310885968728169 ) ;
#1398 = DIRECTION ( 'NONE',  ( -1.000000000000000000, -1.224606353822377258E-16, -0.0000000000000000000 ) ) ;
#1399 = ORIENTED_EDGE ( 'NONE', *, *, #3436, .T. ) ;
#1400 = DIRECTION ( 'NONE',  ( 0.0000000000000000000, -1.000000000000000000, 0.0000000000000000000 ) ) ;
#1401 = CARTESIAN_POINT ( 'NONE',  ( 28.67282602012235060, 2.418597540614639737E-15, 0.0000000000000000000 ) ) ;
#1402 = VERTEX_POINT ( 'NONE', #2027 ) ;
#1403 = ADVANCED_FACE ( 'NONE', ( #1964 ), #1936, .T. ) ;
#1404 = VECTOR ( 'NONE', #1680, 1000.000000000000114 ) ;
#1405 = VERTEX_POINT ( 'NONE', #1558 ) ;
#1406 = CARTESIAN_POINT ( 'NONE',  ( 43.17391304347825809, 2.501258477682205392E-15, 0.0000000000000000000 ) ) ;
#1407 = DIRECTION ( 'NONE',  ( -0.5735764363510529318, -0.8191520442889870246, 0.0000000000000000000 ) ) ;
#1408 = DIRECTION ( 'NONE',  ( 0.0000000000000000000, -1.000000000000000000, 0.0000000000000000000 ) ) ;
#1409 = DIRECTION ( 'NONE',  ( -1.000000000000000000, -1.224606353822377258E-16, -0.0000000000000000000 ) ) ;
#1410 = CIRCLE ( 'NONE', #1985, 6.000000000000002665 ) ;
#1411 = ORIENTED_EDGE ( 'NONE', *, *, #4118, .T. ) ;
#1412 = CARTESIAN_POINT ( 'NONE',  ( 32.12934775925278785, 2.418597540614639737E-15, 0.0000000000000000000 ) ) ;
#1413 = CARTESIAN_POINT ( 'NONE',  ( 54.21847832770372833, -6.000000000000000888, 7.347880794884123680E-16 ) ) ;
#1414 = DIRECTION ( 'NONE',  ( 0.0000000000000000000, 0.0000000000000000000, 1.000000000000000000 ) ) ;
#1415 = CARTESIAN_POINT ( 'NONE',  ( 43.17391304347825809, -5.036000000000000476, 0.0000000000000000000 ) ) ;
#1416 = FACE_OUTER_BOUND ( 'NONE', #4902, .T. ) ;
#1417 = DIRECTION ( 'NONE',  ( 0.0000000000000000000, -1.000000000000000000, 0.0000000000000000000 ) ) ;
#1418 = DIRECTION ( 'NONE',  ( 0.0000000000000000000, 0.0000000000000000000, 1.000000000000000000 ) ) ;
#1419 = CARTESIAN_POINT ( 'NONE',  ( 37.31413036794843663, 2.418597540614639737E-15, 0.0000000000000000000 ) ) ;
#1420 = EDGE_LOOP ( 'NONE', ( #5058, #4694, #2760, #2685, #1735, #1576 ) ) ;
#1421 = ADVANCED_FACE ( 'NONE', ( #2002 ), #1548, .T. ) ;
#1422 = CONICAL_SURFACE ( 'NONE', #2081, 5.036000000000003141, 0.9599310885968728169 ) ;
#1423 = AXIS2_PLACEMENT_3D ( 'NONE', #3919, #3035, #489 ) ;
#1424 = AXIS2_PLACEMENT_3D ( 'NONE', #3240, #3220, #3232 ) ;
#1425 = VERTEX_POINT ( 'NONE', #1463 ) ;
#1426 = LINE ( 'NONE', #470, #1390 ) ;
#1427 = CARTESIAN_POINT ( 'NONE',  ( 30.40108688968756923, 2.418597540614639737E-15, 0.0000000000000000000 ) ) ;
#1428 = FACE_OUTER_BOUND ( 'NONE', #4789, .T. ) ;
#1429 = VECTOR ( 'NONE', #617, 1000.000000000000000 ) ;
#1430 = AXIS2_PLACEMENT_3D ( 'NONE', #3203, #3212, #3191 ) ;
#1431 = DIRECTION ( 'NONE',  ( -0.5735764363510532649, 0.8191520442889868026, 1.003171929053518707E-16 ) ) ;
#1432 = AXIS2_PLACEMENT_3D ( 'NONE', #3118, #3166, #3177 ) ;
#1433 = DIRECTION ( 'NONE',  ( 0.0000000000000000000, -1.000000000000000000, 0.0000000000000000000 ) ) ;
#1434 = ORIENTED_EDGE ( 'NONE', *, *, #3024, .T. ) ;
#1435 = PRESENTATION_STYLE_ASSIGNMENT (( #1869 ) ) ;
#1436 = DIRECTION ( 'NONE',  ( 0.0000000000000000000, -1.000000000000000000, 0.0000000000000000000 ) ) ;
#1437 = DIRECTION ( 'NONE',  ( 0.0000000000000000000, -1.000000000000000000, 0.0000000000000000000 ) ) ;
#1438 = DIRECTION ( 'NONE',  ( -1.000000000000000000, -1.224606353822377258E-16, -0.0000000000000000000 ) ) ;
#1439 = DIRECTION ( 'NONE',  ( -1.000000000000000000, -0.0000000000000000000, -0.0000000000000000000 ) ) ;
#1440 = ORIENTED_EDGE ( 'NONE', *, *, #4878, .T. ) ;
#1441 = AXIS2_PLACEMENT_3D ( 'NONE', #1452, #3352, #3288 ) ;
#1442 = VECTOR ( 'NONE', #576, 1000.000000000000000 ) ;
#1443 = CIRCLE ( 'NONE', #293, 6.599999999999862865 ) ;
#1444 = ORIENTED_EDGE ( 'NONE', *, *, #3673, .F. ) ;
#1445 = CONICAL_SURFACE ( 'NONE', #2087, 6.000000000000002665, 0.9599310885968824758 ) ;
#1446 = FACE_OUTER_BOUND ( 'NONE', #4255, .T. ) ;
#1447 = CARTESIAN_POINT ( 'NONE',  ( 42.49891297664408540, 2.418597540614639737E-15, 0.0000000000000000000 ) ) ;
#1448 = VERTEX_POINT ( 'NONE', #1201 ) ;
#1449 = LINE ( 'NONE', #137, #1311 ) ;
#1450 = DIRECTION ( 'NONE',  ( 0.0000000000000000000, 0.0000000000000000000, 1.000000000000000000 ) ) ;
#1451 = ORIENTED_EDGE ( 'NONE', *, *, #4952, .T. ) ;
#1452 = CARTESIAN_POINT ( 'NONE',  ( 36.26086956521739069, 2.501258477682205392E-15, 0.0000000000000000000 ) ) ;
#1453 = LINE ( 'NONE', #551, #1429 ) ;
#1454 = CARTESIAN_POINT ( 'NONE',  ( 43.17391304347825809, 5.036000000000005805, 6.167321280506074351E-16 ) ) ;
#1455 = FACE_OUTER_BOUND ( 'NONE', #154, .T. ) ;
#1456 = VERTEX_POINT ( 'NONE', #1209 ) ;
#1457 = AXIS2_PLACEMENT_3D ( 'NONE', #4593, #5027, #1408 ) ;
#1458 = DIRECTION ( 'NONE',  ( 0.0000000000000000000, 0.5000000000000011102, 0.8660254037844379305 ) ) ;
#1459 = DIRECTION ( 'NONE',  ( 0.5735764363510450492, 0.8191520442889925757, 0.0000000000000000000 ) ) ;
#1460 = VERTEX_POINT ( 'NONE', #1145 ) ;
#1461 = DIRECTION ( 'NONE',  ( -0.5735764363510532649, 0.8191520442889868026, 1.003171929053518707E-16 ) ) ;
#1462 = CARTESIAN_POINT ( 'NONE',  ( 39.71739130434782794, 2.501258477682205392E-15, 0.0000000000000000000 ) ) ;
#1463 = CARTESIAN_POINT ( 'NONE',  ( 54.59673906360060869, 7.347880794883559645E-16, -6.000000000000002665 ) ) ;
#1464 = AXIS2_PLACEMENT_3D ( 'NONE', #4506, #4221, #4606 ) ;
#1465 = VECTOR ( 'NONE', #5096, 999.9999999999998863 ) ;
#1466 = EDGE_LOOP ( 'NONE', ( #2799, #4529, #2011, #3077, #1288, #4334 ) ) ;
#1467 = AXIS2_PLACEMENT_3D ( 'NONE', #2327, #2333, #2336 ) ;
#1468 = DIRECTION ( 'NONE',  ( -1.000000000000000000, -1.224606353822377258E-16, -0.0000000000000000000 ) ) ;
#1469 = SURFACE_STYLE_FILL_AREA ( #3140 ) ;
#1470 = DIRECTION ( 'NONE',  ( 0.0000000000000000000, -1.000000000000000000, 0.0000000000000000000 ) ) ;
#1471 = CARTESIAN_POINT ( 'NONE',  ( -31.74999999999995737, 7.347880794883952103E-16, -5.999999999999863221 ) ) ;
#1472 = EDGE_LOOP ( 'NONE', ( #3717, #3663, #3495, #3545, #1127 ) ) ;
#1473 = AXIS2_PLACEMENT_3D ( 'NONE', #2118, #146, #2454 ) ;
#1474 = AXIS2_PLACEMENT_3D ( 'NONE', #1930, #1879, #1969 ) ;
#1475 = DIRECTION ( 'NONE',  ( 0.0000000000000000000, 0.0000000000000000000, 1.000000000000000000 ) ) ;
#1476 = CONICAL_SURFACE ( 'NONE', #2104, 6.000000000000002665, 0.9599310885968824758 ) ;
#1477 = ORIENTED_EDGE ( 'NONE', *, *, #4444, .F. ) ;
#1478 = CIRCLE ( 'NONE', #1324, 6.000000000000002665 ) ;
#1479 = VERTEX_POINT ( 'NONE', #1173 ) ;
#1480 = AXIS2_PLACEMENT_3D ( 'NONE', #1980, #1986, #4778 ) ;
#1481 = DIRECTION ( 'NONE',  ( 0.0000000000000000000, -1.000000000000000000, 0.0000000000000000000 ) ) ;
#1482 = AXIS2_PLACEMENT_3D ( 'NONE', #262, #4850, #4773 ) ;
#1483 = AXIS2_PLACEMENT_3D ( 'NONE', #5084, #406, #3725 ) ;
#1484 = CARTESIAN_POINT ( 'NONE',  ( 27.61956521739130466, 2.501258477682205392E-15, 0.0000000000000000000 ) ) ;
#1485 = LINE ( 'NONE', #1854, #4586 ) ;
#1486 = CARTESIAN_POINT ( 'NONE',  ( 43.84891311031241656, -6.008901426488175862E-29, 6.000000000000002665 ) ) ;
#1487 = DIRECTION ( 'NONE',  ( 0.0000000000000000000, -1.000000000000000000, 0.0000000000000000000 ) ) ;
#1488 = VERTEX_POINT ( 'NONE', #1179 ) ;
#1489 = CARTESIAN_POINT ( 'NONE',  ( 54.59673906360060869, -5.623715437610728691E-29, 6.000000000000002665 ) ) ;
#1490 = AXIS2_PLACEMENT_3D ( 'NONE', #3971, #4094, #2878 ) ;
#1491 = CYLINDRICAL_SURFACE ( 'NONE', #1336, 5.999999999999863221 ) ;
#1492 = AXIS2_PLACEMENT_3D ( 'NONE', #1895, #1909, #1916 ) ;
#1493 = AXIS2_PLACEMENT_3D ( 'NONE', #4799, #529, #937 ) ;
#1494 = ADVANCED_FACE ( 'NONE', ( #1927 ), #1912, .T. ) ;
#1495 = CIRCLE ( 'NONE', #631, 6.000000000000002665 ) ;
#1496 = DIRECTION ( 'NONE',  ( 0.0000000000000000000, -1.000000000000000000, 0.0000000000000000000 ) ) ;
#1497 =( LENGTH_UNIT ( ) NAMED_UNIT ( * ) SI_UNIT ( .MILLI., .METRE. ) );
#1498 = VERTEX_POINT ( 'NONE', #1049 ) ;
#1499 = VECTOR ( 'NONE', #563, 1000.000000000000000 ) ;
#1500 = ADVANCED_FACE ( 'NONE', ( #1900 ), #1972, .T. ) ;
#1501 = CIRCLE ( 'NONE', #498, 6.000000000000002665 ) ;
#1502 = AXIS2_PLACEMENT_3D ( 'NONE', #4761, #4896, #4782 ) ;
#1503 = VERTEX_POINT ( 'NONE', #1394 ) ;
#1504 = DIRECTION ( 'NONE',  ( -1.000000000000000000, -1.224606353822377258E-16, -0.0000000000000000000 ) ) ;
#1505 = CARTESIAN_POINT ( 'NONE',  ( 22.43478260869565233, 2.501258477682205392E-15, 0.0000000000000000000 ) ) ;
#1506 = CARTESIAN_POINT ( 'NONE',  ( 37.31413036794843663, 6.000000000000006217, 7.347880794884123680E-16 ) ) ;
#1507 = DIRECTION ( 'NONE',  ( 0.0000000000000000000, 0.0000000000000000000, 1.000000000000000000 ) ) ;
#1508 = VERTEX_POINT ( 'NONE', #881 ) ;
#1509 = DIRECTION ( 'NONE',  ( -1.000000000000000000, -1.224606353822377258E-16, -0.0000000000000000000 ) ) ;
#1510 = CIRCLE ( 'NONE', #1492, 6.000000000000002665 ) ;
#1511 = AXIS2_PLACEMENT_3D ( 'NONE', #2809, #2769, #621 ) ;
#1512 = DIRECTION ( 'NONE',  ( 0.0000000000000000000, 0.0000000000000000000, 1.000000000000000000 ) ) ;
#1513 = AXIS2_PLACEMENT_3D ( 'NONE', #3111, #3121, #3129 ) ;
#1514 = DIRECTION ( 'NONE',  ( 0.0000000000000000000, -1.000000000000000000, 0.0000000000000000000 ) ) ;
#1515 = FACE_OUTER_BOUND ( 'NONE', #1384, .T. ) ;
#1516 = ORIENTED_EDGE ( 'NONE', *, *, #4928, .T. ) ;
#1517 = VECTOR ( 'NONE', #2041, 1000.000000000000000 ) ;
#1518 = CARTESIAN_POINT ( 'NONE',  ( 52.49021745813850259, 2.583919414749769470E-15, 0.0000000000000000000 ) ) ;
#1519 = DIRECTION ( 'NONE',  ( 0.0000000000000000000, 0.5000000000000012212, 0.8660254037844379305 ) ) ;
#1520 = DIRECTION ( 'NONE',  ( 1.000000000000000000, 0.0000000000000000000, 0.0000000000000000000 ) ) ;
#1521 = CIRCLE ( 'NONE', #762, 6.000000000000002665 ) ;
#1522 = AXIS2_PLACEMENT_3D ( 'NONE', #3026, #3039, #3042 ) ;
#1523 = ORIENTED_EDGE ( 'NONE', *, *, #3702, .T. ) ;
#1524 = CARTESIAN_POINT ( 'NONE',  ( 26.56630441466024450, 2.583919414749769470E-15, 0.0000000000000000000 ) ) ;
#1525 = CONICAL_SURFACE ( 'NONE', #2102, 6.000000000000002665, 0.9599310885968824758 ) ;
#1526 = DIRECTION ( 'NONE',  ( -1.000000000000000000, -0.0000000000000000000, -0.0000000000000000000 ) ) ;
#1527 = CARTESIAN_POINT ( 'NONE',  ( 21.75978254186147964, 6.000000000000006217, 7.347880794884123680E-16 ) ) ;
#1528 = DIRECTION ( 'NONE',  ( -1.000000000000000000, -1.224606353822377258E-16, -0.0000000000000000000 ) ) ;
#1529 = VERTEX_POINT ( 'NONE', #1036 ) ;
#1530 = LINE ( 'NONE', #633, #1442 ) ;
#1531 = AXIS2_PLACEMENT_3D ( 'NONE', #2667, #1883, #2153 ) ;
#1532 = AXIS2_PLACEMENT_3D ( 'NONE', #2915, #2935, #2969 ) ;
#1533 = DIRECTION ( 'NONE',  ( 0.0000000000000000000, 0.0000000000000000000, -1.000000000000000000 ) ) ;
#1534 = AXIS2_PLACEMENT_3D ( 'NONE', #2857, #2866, #2871 ) ;
#1535 = DIRECTION ( 'NONE',  ( -1.000000000000000000, -1.224606353822377258E-16, -0.0000000000000000000 ) ) ;
#1536 = CYLINDRICAL_SURFACE ( 'NONE', #2033, 5.999999999999863221 ) ;
#1537 = VERTEX_POINT ( 'NONE', #1038 ) ;
#1538 = CARTESIAN_POINT ( 'NONE',  ( 40.77065210707887388, 2.418597540614639737E-15, 0.0000000000000000000 ) ) ;
#1539 = CYLINDRICAL_SURFACE ( 'NONE', #1068, 5.999999999999863221 ) ;
#1540 = CIRCLE ( 'NONE', #1965, 6.000000000000002665 ) ;
#1541 = DIRECTION ( 'NONE',  ( -1.000000000000000000, -1.224606353822377258E-16, -0.0000000000000000000 ) ) ;
#1542 = VECTOR ( 'NONE', #98, 1000.000000000000000 ) ;
#1543 = PRESENTATION_STYLE_ASSIGNMENT (( #1135 ) ) ;
#1544 = VERTEX_POINT ( 'NONE', #735 ) ;
#1545 = DIRECTION ( 'NONE',  ( 0.0000000000000000000, -1.000000000000000000, 0.0000000000000000000 ) ) ;
#1546 = VECTOR ( 'NONE', #1439, 1000.000000000000000 ) ;
#1547 = DIRECTION ( 'NONE',  ( 0.0000000000000000000, -1.000000000000000000, 0.0000000000000000000 ) ) ;
#1548 = PLANE ( 'NONE',  #2241 ) ;
#1549 = ORIENTED_EDGE ( 'NONE', *, *, #2619, .T. ) ;
#1550 = AXIS2_PLACEMENT_3D ( 'NONE', #2802, #2805, #2755 ) ;
#1551 = AXIS2_PLACEMENT_3D ( 'NONE', #2838, #2788, #2796 ) ;
#1552 = AXIS2_PLACEMENT_3D ( 'NONE', #2771, #2774, #2779 ) ;
#1553 = AXIS2_PLACEMENT_3D ( 'NONE', #3282, #3273, #3287 ) ;
#1554 = ORIENTED_EDGE ( 'NONE', *, *, #3280, .F. ) ;
#1555 = DIRECTION ( 'NONE',  ( 0.0000000000000000000, -1.000000000000000000, 0.0000000000000000000 ) ) ;
#1556 = ORIENTED_EDGE ( 'NONE', *, *, #3074, .F. ) ;
#1557 = DIRECTION ( 'NONE',  ( -1.000000000000000000, -1.224606353822377258E-16, -0.0000000000000000000 ) ) ;
#1558 = CARTESIAN_POINT ( 'NONE',  ( 19.65326093639937710, -6.000000000000000888, 7.347880794884123680E-16 ) ) ;
#1559 = ORIENTED_EDGE ( 'NONE', *, *, #4869, .T. ) ;
#1560 = VECTOR ( 'NONE', #2035, 999.9999999999998863 ) ;
#1561 = AXIS2_PLACEMENT_3D ( 'NONE', #2698, #2707, #2713 ) ;
#1562 = CARTESIAN_POINT ( 'NONE',  ( 55.27173913043478137, 2.501258477682205392E-15, 0.0000000000000000000 ) ) ;
#1563 = FACE_OUTER_BOUND ( 'NONE', #3755, .T. ) ;
#1564 = ADVANCED_FACE ( 'NONE', ( #1997 ), #1871, .T. ) ;
#1565 = ORIENTED_EDGE ( 'NONE', *, *, #2577, .F. ) ;
#1566 = CARTESIAN_POINT ( 'NONE',  ( 49.03369571900807244, 2.583919414749769470E-15, 0.0000000000000000000 ) ) ;
#1567 = CARTESIAN_POINT ( 'NONE',  ( 40.39239137118198641, 6.000000000000005329, 0.0000000000000000000 ) ) ;
#1568 = AXIS2_PLACEMENT_3D ( 'NONE', #2737, #2741, #2743 ) ;
#1569 = DIRECTION ( 'NONE',  ( -0.5735764363510532649, 0.8191520442889868026, 1.003171929053518707E-16 ) ) ;
#1570 = CARTESIAN_POINT ( 'NONE',  ( 39.71739130434782794, 2.501258477682205392E-15, 0.0000000000000000000 ) ) ;
#1571 = AXIS2_PLACEMENT_3D ( 'NONE', #704, #737, #803 ) ;
#1572 = VECTOR ( 'NONE', #1971, 1000.000000000000000 ) ;
#1573 = VERTEX_POINT ( 'NONE', #1131 ) ;
#1574 = LINE ( 'NONE', #2361, #1499 ) ;
#1575 = ADVANCED_FACE ( 'NONE', ( #2420 ), #1860, .T. ) ;
#1576 = ORIENTED_EDGE ( 'NONE', *, *, #2597, .F. ) ;
#1577 = CARTESIAN_POINT ( 'NONE',  ( 41.44565217391304657, -5.036000000000000476, 0.0000000000000000000 ) ) ;
#1578 = AXIS2_PLACEMENT_3D ( 'NONE', #1785, #1154, #837 ) ;
#1579 = VERTEX_POINT ( 'NONE', #568 ) ;
#1580 = AXIS2_PLACEMENT_3D ( 'NONE', #798, #797, #769 ) ;
#1581 = LINE ( 'NONE', #541, #1601 ) ;
#1582 = DIRECTION ( 'NONE',  ( -1.000000000000000000, -1.224606353822377258E-16, -0.0000000000000000000 ) ) ;
#1583 = CONICAL_SURFACE ( 'NONE', #2120, 6.000000000000002665, 0.9599310885968824758 ) ;
#1584 = ORIENTED_EDGE ( 'NONE', *, *, #2586, .T. ) ;
#1585 = FACE_OUTER_BOUND ( 'NONE', #4999, .T. ) ;
#1586 = CARTESIAN_POINT ( 'NONE',  ( 52.49021745813850259, 2.583919414749769470E-15, 0.0000000000000000000 ) ) ;
#1587 = ORIENTED_EDGE ( 'NONE', *, *, #4268, .F. ) ;
#1588 = CARTESIAN_POINT ( 'NONE',  ( 23.48804341142669827, -5.999999999999999112, 0.0000000000000000000 ) ) ;
#1589 = CIRCLE ( 'NONE', #1043, 5.036000000000003141 ) ;
#1590 = FACE_OUTER_BOUND ( 'NONE', #2158, .T. ) ;
#1591 = CONICAL_SURFACE ( 'NONE', #2162, 5.036000000000003141, 0.9599310885968728169 ) ;
#1592 = AXIS2_PLACEMENT_3D ( 'NONE', #2747, #2728, #2687 ) ;
#1593 = AXIS2_PLACEMENT_3D ( 'NONE', #861, #859, #853 ) ;
#1594 = DIRECTION ( 'NONE',  ( -1.000000000000000000, -1.224606353822377258E-16, -0.0000000000000000000 ) ) ;
#1595 = CARTESIAN_POINT ( 'NONE',  ( -31.74999999999995737, 0.0000000000000000000, 0.0000000000000000000 ) ) ;
#1596 = VERTEX_POINT ( 'NONE', #650 ) ;
#1597 = FACE_OUTER_BOUND ( 'NONE', #2981, .T. ) ;
#1598 = VECTOR ( 'NONE', #4212, 1000.000000000000000 ) ;
#1599 = DIRECTION ( 'NONE',  ( -1.000000000000000000, -1.224606353822377258E-16, -0.0000000000000000000 ) ) ;
#1600 = CARTESIAN_POINT ( 'NONE',  ( 30.40108688968756923, 7.347880794883559645E-16, -6.000000000000002665 ) ) ;
#1601 = VECTOR ( 'NONE', #524, 1000.000000000000000 ) ;
#1602 = AXIS2_PLACEMENT_3D ( 'NONE', #906, #927, #919 ) ;
#1603 = AXIS2_PLACEMENT_3D ( 'NONE', #972, #966, #4934 ) ;
#1604 = ORIENTED_EDGE ( 'NONE', *, *, #4042, .T. ) ;
#1605 = VECTOR ( 'NONE', #4997, 1000.000000000000000 ) ;
#1606 = CARTESIAN_POINT ( 'NONE',  ( 17.25000000000000000, 5.036000000000005805, 0.0000000000000000000 ) ) ;
#1607 = DIRECTION ( 'NONE',  ( 0.0000000000000000000, -1.000000000000000000, 0.0000000000000000000 ) ) ;
#1608 = CONICAL_SURFACE ( 'NONE', #2136, 6.000000000000002665, 0.9599310885968824758 ) ;
#1609 = ORIENTED_EDGE ( 'NONE', *, *, #3818, .T. ) ;
#1610 = AXIS2_PLACEMENT_3D ( 'NONE', #1211, #1169, #1163 ) ;
#1611 = LINE ( 'NONE', #1690, #2982 ) ;
#1612 = AXIS2_PLACEMENT_3D ( 'NONE', #999, #991, #983 ) ;
#1613 = FACE_OUTER_BOUND ( 'NONE', #176, .T. ) ;
#1614 = CARTESIAN_POINT ( 'NONE',  ( 24.16304347826087096, 2.501258477682205392E-15, 0.0000000000000000000 ) ) ;
#1615 = EDGE_LOOP ( 'NONE', ( #5123, #944, #2775, #1695, #1819, #1115 ) ) ;
#1616 = LINE ( 'NONE', #4088, #998 ) ;
#1617 = CARTESIAN_POINT ( 'NONE',  ( 37.98913043478260931, 2.501258477682205392E-15, 0.0000000000000000000 ) ) ;
#1618 = DIRECTION ( 'NONE',  ( -1.000000000000000000, -1.224606353822377258E-16, -0.0000000000000000000 ) ) ;
#1619 = VERTEX_POINT ( 'NONE', #4380 ) ;
#1620 = FACE_OUTER_BOUND ( 'NONE', #1393, .T. ) ;
#1621 = CARTESIAN_POINT ( 'NONE',  ( 21.38152180596459573, 2.583919414749769470E-15, 0.0000000000000000000 ) ) ;
#1622 = VERTEX_POINT ( 'NONE', #2863 ) ;
#1623 = CARTESIAN_POINT ( 'NONE',  ( 6.000000000000000000, -2.919948986426537996, -5.057500000000005436 ) ) ;
#1624 = CARTESIAN_POINT ( 'NONE',  ( 20.70652173913043725, 2.501258477682205392E-15, 0.0000000000000000000 ) ) ;
#1625 = CARTESIAN_POINT ( 'NONE',  ( 45.57717397987763519, 2.583919414749769470E-15, 0.0000000000000000000 ) ) ;
#1626 = AXIS2_PLACEMENT_3D ( 'NONE', #1261, #1254, #1247 ) ;
#1627 = AXIS2_PLACEMENT_3D ( 'NONE', #1387, #1304, #1487 ) ;
#1628 = FACE_OUTER_BOUND ( 'NONE', #1391, .T. ) ;
#1629 = ORIENTED_EDGE ( 'NONE', *, *, #2645, .T. ) ;
#1630 = DIRECTION ( 'NONE',  ( 0.0000000000000000000, -1.000000000000000000, 0.0000000000000000000 ) ) ;
#1631 = LINE ( 'NONE', #2932, #1605 ) ;
#1632 = CARTESIAN_POINT ( 'NONE',  ( -31.74999999999995737, 7.347880794883952103E-16, -5.999999999999863221 ) ) ;
#1633 = CARTESIAN_POINT ( 'NONE',  ( 31.75108702335589683, 2.583919414749769470E-15, 0.0000000000000000000 ) ) ;
#1634 = DIRECTION ( 'NONE',  ( 1.000000000000000000, 1.224606353822377258E-16, 0.0000000000000000000 ) ) ;
#1635 = AXIS2_PLACEMENT_3D ( 'NONE', #1595, #1150, #1697 ) ;
#1636 = VECTOR ( 'NONE', #1945, 999.9999999999998863 ) ;
#1637 = AXIS2_PLACEMENT_3D ( 'NONE', #1538, #1528, #1514 ) ;
#1638 = FACE_OUTER_BOUND ( 'NONE', #1343, .T. ) ;
#1639 = ORIENTED_EDGE ( 'NONE', *, *, #3338, .F. ) ;
#1640 = LINE ( 'NONE', #1875, #4588 ) ;
#1641 = VECTOR ( 'NONE', #2506, 1000.000000000000000 ) ;
#1642 = VERTEX_POINT ( 'NONE', #490 ) ;
#1643 = AXIS2_PLACEMENT_3D ( 'NONE', #1419, #1409, #1400 ) ;
#1644 = DIRECTION ( 'NONE',  ( -1.000000000000000000, -1.224606353822377258E-16, -0.0000000000000000000 ) ) ;
#1645 = AXIS2_PLACEMENT_3D ( 'NONE', #1633, #1634, #1694 ) ;
#1646 = AXIS2_PLACEMENT_3D ( 'NONE', #1625, #1618, #1607 ) ;
#1647 = FACE_OUTER_BOUND ( 'NONE', #1759, .T. ) ;
#1648 = DIRECTION ( 'NONE',  ( 0.0000000000000000000, -1.000000000000000000, 0.0000000000000000000 ) ) ;
#1649 = VECTOR ( 'NONE', #5020, 1000.000000000000000 ) ;
#1650 = DIRECTION ( 'NONE',  ( 1.000000000000000000, 1.224606353822377258E-16, 0.0000000000000000000 ) ) ;
#1651 = AXIS2_PLACEMENT_3D ( 'NONE', #1766, #1711, #1855 ) ;
#1652 = AXIS2_PLACEMENT_3D ( 'NONE', #1924, #1886, #1981 ) ;
#1653 = ORIENTED_EDGE ( 'NONE', *, *, #3047, .T. ) ;
#1654 = VECTOR ( 'NONE', #886, 1000.000000000000000 ) ;
#1655 = VECTOR ( 'NONE', #1359, 1000.000000000000000 ) ;
#1656 = DIRECTION ( 'NONE',  ( 0.5735764363510450492, 0.8191520442889925757, 0.0000000000000000000 ) ) ;
#1657 = CYLINDRICAL_SURFACE ( 'NONE', #2135, 5.999999999999863221 ) ;
#1658 = AXIS2_PLACEMENT_3D ( 'NONE', #1937, #1931, #2039 ) ;
#1659 = DIRECTION ( 'NONE',  ( 0.0000000000000000000, -1.000000000000000000, 0.0000000000000000000 ) ) ;
#1660 = DIRECTION ( 'NONE',  ( -1.000000000000000000, -0.0000000000000000000, -0.0000000000000000000 ) ) ;
#1661 = DIRECTION ( 'NONE',  ( 0.0000000000000000000, -1.000000000000000000, 0.0000000000000000000 ) ) ;
#1662 = DIRECTION ( 'NONE',  ( 0.0000000000000000000, -1.000000000000000000, 0.0000000000000000000 ) ) ;
#1663 = DIRECTION ( 'NONE',  ( 0.5735764363510452712, -0.8191520442889924647, 1.003171929053525610E-16 ) ) ;
#1664 = ORIENTED_EDGE ( 'NONE', *, *, #3032, .F. ) ;
#1665 = CYLINDRICAL_SURFACE ( 'NONE', #2094, 5.999999999999863221 ) ;
#1666 = CARTESIAN_POINT ( 'NONE',  ( 45.57717397987763519, -6.000000000000000000, 7.347880794884122694E-16 ) ) ;
#1667 = FACE_OUTER_BOUND ( 'NONE', #4706, .T. ) ;
#1668 = DIRECTION ( 'NONE',  ( -1.000000000000000000, -1.224606353822377258E-16, -0.0000000000000000000 ) ) ;
#1669 = DIRECTION ( 'NONE',  ( 0.0000000000000000000, -1.000000000000000000, 0.0000000000000000000 ) ) ;
#1670 = CARTESIAN_POINT ( 'NONE',  ( -31.74999999999995737, 0.0000000000000000000, 0.0000000000000000000 ) ) ;
#1671 = ORIENTED_EDGE ( 'NONE', *, *, #4731, .F. ) ;
#1672 = CONICAL_SURFACE ( 'NONE', #1252, 5.036000000000003141, 0.9599310885968728169 ) ;
#1673 = AXIS2_PLACEMENT_3D ( 'NONE', #1753, #1732, #1729 ) ;
#1674 = AXIS2_PLACEMENT_3D ( 'NONE', #1796, #1784, #1776 ) ;
#1675 = ADVANCED_FACE ( 'NONE', ( #1864 ), #1833, .T. ) ;
#1676 = LINE ( 'NONE', #5101, #1465 ) ;
#1677 = CARTESIAN_POINT ( 'NONE',  ( 30.02282615379068176, 2.583919414749769470E-15, 0.0000000000000000000 ) ) ;
#1678 = ORIENTED_EDGE ( 'NONE', *, *, #3502, .T. ) ;
#1679 = CARTESIAN_POINT ( 'NONE',  ( 50.76195658857328397, 2.583919414749769470E-15, 0.0000000000000000000 ) ) ;
#1680 = DIRECTION ( 'NONE',  ( 0.0000000000000000000, 0.4999999999999989453, -0.8660254037844392627 ) ) ;
#1681 = VECTOR ( 'NONE', #1908, 1000.000000000000114 ) ;
#1682 = CARTESIAN_POINT ( 'NONE',  ( 45.95543471577452976, 6.000000000000006217, 7.347880794884123680E-16 ) ) ;
#1683 = VERTEX_POINT ( 'NONE', #2592 ) ;
#1684 = CONICAL_SURFACE ( 'NONE', #2181, 6.000000000000002665, 0.9599310885968824758 ) ;
#1685 = AXIS2_PLACEMENT_3D ( 'NONE', #2149, #2183, #2269 ) ;
#1686 = ADVANCED_FACE ( 'NONE', ( #1983 ), #1798, .T. ) ;
#1687 = CARTESIAN_POINT ( 'NONE',  ( 6.000000000000000000, -2.919948986426526005, 5.057499999999995666 ) ) ;
#1688 = ORIENTED_EDGE ( 'NONE', *, *, #4681, .T. ) ;
#1689 = AXIS2_PLACEMENT_3D ( 'NONE', #1973, #1594, #1963 ) ;
#1690 = CARTESIAN_POINT ( 'NONE',  ( 50.76195658857328397, 6.000000000000005329, 0.0000000000000000000 ) ) ;
#1691 = LINE ( 'NONE', #2010, #1404 ) ;
#1692 = DIRECTION ( 'NONE',  ( -1.000000000000000000, -1.224606353822377258E-16, -0.0000000000000000000 ) ) ;
#1693 = CIRCLE ( 'NONE', #409, 6.000000000000002665 ) ;
#1694 = DIRECTION ( 'NONE',  ( 0.0000000000000000000, 1.000000000000000000, 0.0000000000000000000 ) ) ;
#1695 = ORIENTED_EDGE ( 'NONE', *, *, #2937, .F. ) ;
#1696 = CARTESIAN_POINT ( 'NONE',  ( 12.00000000000000000, 0.0000000000000000000, 0.0000000000000000000 ) ) ;
#1697 = DIRECTION ( 'NONE',  ( 0.0000000000000000000, 0.0000000000000000000, 1.000000000000000000 ) ) ;
#1698 = FACE_OUTER_BOUND ( 'NONE', #4265, .T. ) ;
#1699 = DIRECTION ( 'NONE',  ( -1.000000000000000000, -1.224606353822377258E-16, -0.0000000000000000000 ) ) ;
#1700 = DIRECTION ( 'NONE',  ( -1.000000000000000000, -1.224606353822377258E-16, -0.0000000000000000000 ) ) ;
#1701 = CARTESIAN_POINT ( 'NONE',  ( 44.90217391304347672, -5.036000000000000476, 0.0000000000000000000 ) ) ;
#1702 = CONICAL_SURFACE ( 'NONE', #2171, 6.000000000000002665, 0.9599310885968824758 ) ;
#1703 = DIRECTION ( 'NONE',  ( 0.0000000000000000000, 1.000000000000000000, 0.0000000000000000000 ) ) ;
#1704 = VECTOR ( 'NONE', #3406, 999.9999999999998863 ) ;
#1705 = AXIS2_PLACEMENT_3D ( 'NONE', #3347, #1947, #1940 ) ;
#1706 = AXIS2_PLACEMENT_3D ( 'NONE', #34, #2132, #2117 ) ;
#1707 = ORIENTED_EDGE ( 'NONE', *, *, #3978, .F. ) ;
#1708 = CARTESIAN_POINT ( 'NONE',  ( 36.93586963205154916, -6.000000000000000888, 7.347880794884123680E-16 ) ) ;
#1709 = DIRECTION ( 'NONE',  ( 0.0000000000000000000, -1.000000000000000000, 0.0000000000000000000 ) ) ;
#1710 = UNCERTAINTY_MEASURE_WITH_UNIT (LENGTH_MEASURE( 1.000000000000000082E-05 ), #969, 'distance_accuracy_value', 'NONE');
#1711 = DIRECTION ( 'NONE',  ( -1.000000000000000000, -1.224606353822377258E-16, -0.0000000000000000000 ) ) ;
#1712 = FACE_OUTER_BOUND ( 'NONE', #2960, .T. ) ;
#1713 = ORIENTED_EDGE ( 'NONE', *, *, #3943, .T. ) ;
#1714 = AXIS2_PLACEMENT_3D ( 'NONE', #1462, #3235, #2313 ) ;
#1715 = CARTESIAN_POINT ( 'NONE',  ( 45.95543471577452976, -5.623715437610728691E-29, 6.000000000000002665 ) ) ;
#1716 = CARTESIAN_POINT ( 'NONE',  ( -31.74999999999995737, 0.0000000000000000000, 0.0000000000000000000 ) ) ;
#1717 = CYLINDRICAL_SURFACE ( 'NONE', #2142, 5.999999999999863221 ) ;
#1718 = ORIENTED_EDGE ( 'NONE', *, *, #2961, .T. ) ;
#1719 = CIRCLE ( 'NONE', #1087, 6.000000000000002665 ) ;
#1720 = FACE_OUTER_BOUND ( 'NONE', #4487, .T. ) ;
#1721 = AXIS2_PLACEMENT_3D ( 'NONE', #2984, #3078, #3207 ) ;
#1722 = AXIS2_PLACEMENT_3D ( 'NONE', #4690, #4671, #4665 ) ;
#1723 = ORIENTED_EDGE ( 'NONE', *, *, #3711, .T. ) ;
#1724 = AXIS2_PLACEMENT_3D ( 'NONE', #4882, #4868, #4864 ) ;
#1725 = DIRECTION ( 'NONE',  ( -1.000000000000000000, -0.0000000000000000000, -0.0000000000000000000 ) ) ;
#1726 = FACE_OUTER_BOUND ( 'NONE', #4544, .T. ) ;
#1727 = VERTEX_POINT ( 'NONE', #2541 ) ;
#1728 = DIRECTION ( 'NONE',  ( 1.000000000000000000, 1.224606353822377258E-16, 0.0000000000000000000 ) ) ;
#1729 = DIRECTION ( 'NONE',  ( 0.0000000000000000000, -1.000000000000000000, 0.0000000000000000000 ) ) ;
#1730 = ORIENTED_EDGE ( 'NONE', *, *, #2718, .T. ) ;
#1731 = CYLINDRICAL_SURFACE ( 'NONE', #2163, 5.999999999999863221 ) ;
#1732 = DIRECTION ( 'NONE',  ( -1.000000000000000000, -1.224606353822377258E-16, -0.0000000000000000000 ) ) ;
#1733 = DIRECTION ( 'NONE',  ( 0.0000000000000000000, 0.0000000000000000000, -1.000000000000000000 ) ) ;
#1734 = LINE ( 'NONE', #3239, #1228 ) ;
#1735 = ORIENTED_EDGE ( 'NONE', *, *, #4537, .F. ) ;
#1736 = FACE_OUTER_BOUND ( 'NONE', #493, .T. ) ;
#1737 = ORIENTED_EDGE ( 'NONE', *, *, #4545, .F. ) ;
#1738 = AXIS2_PLACEMENT_3D ( 'NONE', #676, #685, #607 ) ;
#1739 = DIRECTION ( 'NONE',  ( 0.0000000000000000000, -1.000000000000000000, 0.0000000000000000000 ) ) ;
#1740 = DIRECTION ( 'NONE',  ( -1.000000000000000000, -1.224606353822377258E-16, -0.0000000000000000000 ) ) ;
#1741 = CARTESIAN_POINT ( 'NONE',  ( 44.90217391304347672, 5.036000000000005805, 0.0000000000000000000 ) ) ;
#1742 = ORIENTED_EDGE ( 'NONE', *, *, #3133, .F. ) ;
#1743 = ADVANCED_FACE ( 'NONE', ( #1810 ), #1773, .T. ) ;
#1744 = LINE ( 'NONE', #5154, #1649 ) ;
#1745 = AXIS2_PLACEMENT_3D ( 'NONE', #4065, #4044, #4036 ) ;
#1746 = AXIS2_PLACEMENT_3D ( 'NONE', #2083, #4641, #4851 ) ;
#1747 = DIRECTION ( 'NONE',  ( -1.000000000000000000, -1.224606353822377258E-16, -0.0000000000000000000 ) ) ;
#1748 = CONICAL_SURFACE ( 'NONE', #2201, 5.036000000000003141, 0.9599310885968728169 ) ;
#1749 = VECTOR ( 'NONE', #5038, 999.9999999999998863 ) ;
#1750 = CIRCLE ( 'NONE', #1088, 6.000000000000002665 ) ;
#1751 = VECTOR ( 'NONE', #1365, 1000.000000000000114 ) ;
#1752 = CARTESIAN_POINT ( 'NONE',  ( 40.77065210707887388, 2.418597540614639737E-15, 0.0000000000000000000 ) ) ;
#1753 = CARTESIAN_POINT ( 'NONE',  ( 44.22717384620930403, 2.418597540614639737E-15, 0.0000000000000000000 ) ) ;
#1754 = DIRECTION ( 'NONE',  ( -1.000000000000000000, -0.0000000000000000000, -0.0000000000000000000 ) ) ;
#1755 = FACE_BOUND ( 'NONE', #4783, .T. ) ;
#1756 = ORIENTED_EDGE ( 'NONE', *, *, #4010, .T. ) ;
#1757 = ORIENTED_EDGE ( 'NONE', *, *, #3509, .T. ) ;
#1758 = LINE ( 'NONE', #1318, #1546 ) ;
#1759 = EDGE_LOOP ( 'NONE', ( #3300, #3067, #3336, #3449, #4095 ) ) ;
#1760 = CARTESIAN_POINT ( 'NONE',  ( -31.74999999999995737, 7.347880794883952103E-16, -5.999999999999863221 ) ) ;
#1761 = AXIS2_PLACEMENT_3D ( 'NONE', #3475, #3461, #3451 ) ;
#1762 = FACE_OUTER_BOUND ( 'NONE', #4607, .T. ) ;
#1763 = DIRECTION ( 'NONE',  ( 0.0000000000000000000, -1.000000000000000000, 0.0000000000000000000 ) ) ;
#1764 = AXIS2_PLACEMENT_3D ( 'NONE', #3745, #3576, #3555 ) ;
#1765 = CARTESIAN_POINT ( 'NONE',  ( 20.03152167229626457, 7.347880794883559645E-16, -6.000000000000002665 ) ) ;
#1766 = CARTESIAN_POINT ( 'NONE',  ( 22.43478260869565233, 2.501258477682205392E-15, 0.0000000000000000000 ) ) ;
#1767 = FACE_OUTER_BOUND ( 'NONE', #829, .T. ) ;
#1768 = ORIENTED_EDGE ( 'NONE', *, *, #3323, .T. ) ;
#1769 = DIRECTION ( 'NONE',  ( 0.0000000000000000000, -0.4999999999999989453, 0.8660254037844392627 ) ) ;
#1770 =( NAMED_UNIT ( * ) PLANE_ANGLE_UNIT ( ) SI_UNIT ( $, .RADIAN. ) );
#1771 = VECTOR ( 'NONE', #3072, 1000.000000000000000 ) ;
#1772 = AXIS2_PLACEMENT_3D ( 'NONE', #44, #40, #23 ) ;
#1773 = CONICAL_SURFACE ( 'NONE', #2229, 6.000000000000002665, 0.9599310885968824758 ) ;
#1774 = ORIENTED_EDGE ( 'NONE', *, *, #3088, .F. ) ;
#1775 = DIRECTION ( 'NONE',  ( -1.000000000000000000, -1.224606353822377258E-16, -0.0000000000000000000 ) ) ;
#1776 = DIRECTION ( 'NONE',  ( 0.0000000000000000000, -1.000000000000000000, 0.0000000000000000000 ) ) ;
#1777 = DIRECTION ( 'NONE',  ( 0.0000000000000000000, -1.000000000000000000, 0.0000000000000000000 ) ) ;
#1778 = ORIENTED_EDGE ( 'NONE', *, *, #4246, .F. ) ;
#1779 = AXIS2_PLACEMENT_3D ( 'NONE', #72, #64, #54 ) ;
#1780 = AXIS2_PLACEMENT_3D ( 'NONE', #121, #106, #97 ) ;
#1781 = AXIS2_PLACEMENT_3D ( 'NONE', #141, #134, #130 ) ;
#1782 = FACE_OUTER_BOUND ( 'NONE', #3550, .T. ) ;
#1783 = CYLINDRICAL_SURFACE ( 'NONE', #1258, 5.999999999999863221 ) ;
#1784 = DIRECTION ( 'NONE',  ( -1.000000000000000000, -1.224606353822377258E-16, -0.0000000000000000000 ) ) ;
#1785 = CARTESIAN_POINT ( 'NONE',  ( 43.84891311031241656, 2.583919414749769470E-15, 0.0000000000000000000 ) ) ;
#1786 = ADVANCED_FACE ( 'NONE', ( #1920 ), #1853, .T. ) ;
#1787 = VERTEX_POINT ( 'NONE', #3261 ) ;
#1788 = CIRCLE ( 'NONE', #1215, 6.000000000000002665 ) ;
#1789 = STYLED_ITEM ( 'NONE', ( #2415 ), #1347 ) ;
#1790 = CARTESIAN_POINT ( 'NONE',  ( 12.00000000000000000, 0.0000000000000000000, 0.0000000000000000000 ) ) ;
#1791 = FACE_OUTER_BOUND ( 'NONE', #3596, .T. ) ;
#1792 = EDGE_LOOP ( 'NONE', ( #62, #461, #2150, #2680, #3194 ) ) ;
#1793 = EDGE_LOOP ( 'NONE', ( #3417, #4876, #2455, #746, #3853 ) ) ;
#1794 = AXIS2_PLACEMENT_3D ( 'NONE', #291, #223, #213 ) ;
#1795 = FACE_OUTER_BOUND ( 'NONE', #3670, .T. ) ;
#1796 = CARTESIAN_POINT ( 'NONE',  ( 44.22717384620930403, 2.418597540614639737E-15, 0.0000000000000000000 ) ) ;
#1797 = DIRECTION ( 'NONE',  ( 0.0000000000000000000, 1.000000000000000000, 0.0000000000000000000 ) ) ;
#1798 = CYLINDRICAL_SURFACE ( 'NONE', #2209, 5.999999999999863221 ) ;
#1799 = DIRECTION ( 'NONE',  ( 0.0000000000000000000, 0.0000000000000000000, 1.000000000000000000 ) ) ;
#1800 = DIRECTION ( 'NONE',  ( 0.0000000000000000000, -1.000000000000000000, 0.0000000000000000000 ) ) ;
#1801 = CARTESIAN_POINT ( 'NONE',  ( 45.95543471577452976, -5.999999999999999112, 0.0000000000000000000 ) ) ;
#1802 = ORIENTED_EDGE ( 'NONE', *, *, #3768, .F. ) ;
#1803 = DIRECTION ( 'NONE',  ( -0.5735764363510529318, -0.8191520442889870246, 0.0000000000000000000 ) ) ;
#1804 = LINE ( 'NONE', #5104, #1749 ) ;
#1805 = AXIS2_PLACEMENT_3D ( 'NONE', #203, #199, #189 ) ;
#1806 = AXIS2_PLACEMENT_3D ( 'NONE', #256, #276, #251 ) ;
#1807 = CARTESIAN_POINT ( 'NONE',  ( -31.74999999999995737, 7.347880794883952103E-16, -5.999999999999863221 ) ) ;
#1808 = CIRCLE ( 'NONE', #1094, 6.000000000000002665 ) ;
#1809 = VERTEX_POINT ( 'NONE', #2440 ) ;
#1810 = FACE_OUTER_BOUND ( 'NONE', #2639, .T. ) ;
#1811 =( GEOMETRIC_REPRESENTATION_CONTEXT ( 3 ) GLOBAL_UNCERTAINTY_ASSIGNED_CONTEXT ( ( #1710 ) ) GLOBAL_UNIT_ASSIGNED_CONTEXT ( ( #969, #46, #4647 ) ) REPRESENTATION_CONTEXT ( 'NONE', 'WORKASPACE' ) );
#1812 = AXIS2_PLACEMENT_3D ( 'NONE', #244, #231, #246 ) ;
#1813 = VECTOR ( 'NONE', #4059, 1000.000000000000000 ) ;
#1814 = ADVANCED_FACE ( 'NONE', ( #1767 ), #1748, .T. ) ;
#1815 = CARTESIAN_POINT ( 'NONE',  ( 6.000000000000000000, -5.839897972853064445, -8.673617379884035472E-16 ) ) ;
#1816 = DIRECTION ( 'NONE',  ( 0.0000000000000000000, 0.0000000000000000000, -1.000000000000000000 ) ) ;
#1817 = CIRCLE ( 'NONE', #1095, 6.000000000000002665 ) ;
#1818 = COLOUR_RGB ( '',0.7764705882352941346, 0.7568627450980391913, 0.7372549019607843590 ) ;
#1819 = ORIENTED_EDGE ( 'NONE', *, *, #2996, .F. ) ;
#1820 = LINE ( 'NONE', #1382, #1681 ) ;
#1821 = AXIS2_PLACEMENT_3D ( 'NONE', #263, #274, #261 ) ;
#1822 = ORIENTED_EDGE ( 'NONE', *, *, #3375, .F. ) ;
#1823 = AXIS2_PLACEMENT_3D ( 'NONE', #288, #283, #282 ) ;
#1824 = FACE_OUTER_BOUND ( 'NONE', #3008, .T. ) ;
#1825 = CARTESIAN_POINT ( 'NONE',  ( 50.76195658857328397, -6.000000000000000000, 7.347880794884122694E-16 ) ) ;
#1826 = EDGE_LOOP ( 'NONE', ( #249, #4408, #956, #2785, #3470, #843 ) ) ;
#1827 = CIRCLE ( 'NONE', #1467, 6.000000000000002665 ) ;
#1828 = VERTEX_POINT ( 'NONE', #2281 ) ;
#1829 = CARTESIAN_POINT ( 'NONE',  ( 6.000000000000000000, 5.839897972853066221, -1.561251128379126385E-14 ) ) ;
#1830 = CARTESIAN_POINT ( 'NONE',  ( 44.90217391304347672, -5.036000000000000476, 6.757601037695098523E-16 ) ) ;
#1831 = CIRCLE ( 'NONE', #414, 6.000000000000002665 ) ;
#1832 = CARTESIAN_POINT ( 'NONE',  ( 42.12065224074719794, 6.000000000000004441, 0.0000000000000000000 ) ) ;
#1833 = CYLINDRICAL_SURFACE ( 'NONE', #2211, 5.999999999999863221 ) ;
#1834 = ORIENTED_EDGE ( 'NONE', *, *, #4100, .T. ) ;
#1835 = AXIS2_PLACEMENT_3D ( 'NONE', #308, #306, #298 ) ;
#1836 = CARTESIAN_POINT ( 'NONE',  ( 17.25000000000000000, -5.036000000000000476, 0.0000000000000000000 ) ) ;
#1837 = CARTESIAN_POINT ( 'NONE',  ( 50.08695652173912549, -5.036000000000000476, 0.0000000000000000000 ) ) ;
#1838 = VERTEX_POINT ( 'NONE', #2345 ) ;
#1839 = AXIS2_PLACEMENT_3D ( 'NONE', #429, #891, #390 ) ;
#1840 = DIRECTION ( 'NONE',  ( -1.000000000000000000, -0.0000000000000000000, -0.0000000000000000000 ) ) ;
#1841 = DIRECTION ( 'NONE',  ( 0.0000000000000000000, 0.0000000000000000000, 1.000000000000000000 ) ) ;
#1842 = CIRCLE ( 'NONE', #260, 5.999999999999863221 ) ;
#1843 = ORIENTED_EDGE ( 'NONE', *, *, #3242, .T. ) ;
#1844 = LINE ( 'NONE', #2267, #427 ) ;
#1845 = DIRECTION ( 'NONE',  ( 0.0000000000000000000, -1.000000000000000000, 0.0000000000000000000 ) ) ;
#1846 =( NAMED_UNIT ( * ) SI_UNIT ( $, .STERADIAN. ) SOLID_ANGLE_UNIT ( ) );
#1847 = ORIENTED_EDGE ( 'NONE', *, *, #2929, .T. ) ;
#1848 = AXIS2_PLACEMENT_3D ( 'NONE', #349, #347, #340 ) ;
#1849 = DIRECTION ( 'NONE',  ( -1.000000000000000000, -0.0000000000000000000, -0.0000000000000000000 ) ) ;
#1850 = CIRCLE ( 'NONE', #1354, 5.036000000000003141 ) ;
#1851 = ADVANCED_FACE ( 'NONE', ( #1755, #1762 ), #2375, .T. ) ;
#1852 = CARTESIAN_POINT ( 'NONE',  ( 6.000000000000000000, 2.919948986426526893, -5.057500000000011653 ) ) ;
#1853 = CYLINDRICAL_SURFACE ( 'NONE', #2187, 5.999999999999863221 ) ;
#1854 = CARTESIAN_POINT ( 'NONE',  ( 28.29456528422546313, -6.000000000000000000, 7.347880794884122694E-16 ) ) ;
#1855 = DIRECTION ( 'NONE',  ( 0.0000000000000000000, -1.000000000000000000, 0.0000000000000000000 ) ) ;
#1856 = DIRECTION ( 'NONE',  ( 0.0000000000000000000, -0.5000000000000012212, -0.8660254037844380415 ) ) ;
#1857 = ORIENTED_EDGE ( 'NONE', *, *, #3612, .F. ) ;
#1858 = AXIS2_PLACEMENT_3D ( 'NONE', #373, #365, #360 ) ;
#1859 = CARTESIAN_POINT ( 'NONE',  ( 0.0000000000000000000, 5.839897972853066221, -1.561251128379126385E-14 ) ) ;
#1860 = CYLINDRICAL_SURFACE ( 'NONE', #2213, 5.999999999999863221 ) ;
#1861 = VERTEX_POINT ( 'NONE', #2390 ) ;
#1862 =( NAMED_UNIT ( * ) PLANE_ANGLE_UNIT ( ) SI_UNIT ( $, .RADIAN. ) );
#1863 = CARTESIAN_POINT ( 'NONE',  ( 36.93586963205154916, 6.000000000000004441, 0.0000000000000000000 ) ) ;
#1864 = FACE_OUTER_BOUND ( 'NONE', #5159, .T. ) ;
#1865 = VERTEX_POINT ( 'NONE', #5040 ) ;
#1866 =( LENGTH_UNIT ( ) NAMED_UNIT ( * ) SI_UNIT ( .MILLI., .METRE. ) );
#1867 = CARTESIAN_POINT ( 'NONE',  ( 12.59999999999999964, 0.0000000000000000000, 0.0000000000000000000 ) ) ;
#1868 = CONICAL_SURFACE ( 'NONE', #1136, 5.036000000000003141, 0.9599310885968728169 ) ;
#1869 = SURFACE_STYLE_USAGE ( .BOTH. , #4767 ) ;
#1870 = DIRECTION ( 'NONE',  ( -1.000000000000000000, -0.0000000000000000000, -0.0000000000000000000 ) ) ;
#1871 = CYLINDRICAL_SURFACE ( 'NONE', #2215, 5.999999999999863221 ) ;
#1872 = CIRCLE ( 'NONE', #782, 6.000000000000002665 ) ;
#1873 = VERTEX_POINT ( 'NONE', #5044 ) ;
#1874 = DIRECTION ( 'NONE',  ( 0.0000000000000000000, -1.000000000000000000, 0.0000000000000000000 ) ) ;
#1875 = CARTESIAN_POINT ( 'NONE',  ( -31.74999999999995737, 7.347880794883952103E-16, -5.999999999999863221 ) ) ;
#1876 = CARTESIAN_POINT ( 'NONE',  ( -31.74999999999995737, 0.0000000000000000000, 5.999999999999863221 ) ) ;
#1877 = ORIENTED_EDGE ( 'NONE', *, *, #3796, .F. ) ;
#1878 = FILL_AREA_STYLE_COLOUR ( '', #2426 ) ;
#1879 = DIRECTION ( 'NONE',  ( 1.000000000000000000, 1.224606353822377258E-16, 0.0000000000000000000 ) ) ;
#1880 = AXIS2_PLACEMENT_3D ( 'NONE', #396, #393, #380 ) ;
#1881 = ORIENTED_EDGE ( 'NONE', *, *, #4200, .F. ) ;
#1882 = AXIS2_PLACEMENT_3D ( 'NONE', #419, #424, #422 ) ;
#1883 = DIRECTION ( 'NONE',  ( -1.000000000000000000, -0.0000000000000000000, -0.0000000000000000000 ) ) ;
#1884 = ADVANCED_FACE ( 'NONE', ( #1795 ), #1731, .T. ) ;
#1885 = CIRCLE ( 'NONE', #1331, 6.000000000000002665 ) ;
#1886 = DIRECTION ( 'NONE',  ( -1.000000000000000000, -0.0000000000000000000, -0.0000000000000000000 ) ) ;
#1887 = CONICAL_SURFACE ( 'NONE', #39, 6.000000000000002665, 0.9599310885968824758 ) ;
#1888 = ORIENTED_EDGE ( 'NONE', *, *, #4135, .F. ) ;
#1889 = DIRECTION ( 'NONE',  ( -1.000000000000000000, -0.0000000000000000000, -0.0000000000000000000 ) ) ;
#1890 = CIRCLE ( 'NONE', #1253, 6.000000000000002665 ) ;
#1891 = ORIENTED_EDGE ( 'NONE', *, *, #3785, .F. ) ;
#1892 = VECTOR ( 'NONE', #2028, 1000.000000000000000 ) ;
#1893 = VERTEX_POINT ( 'NONE', #2009 ) ;
#1894 = AXIS2_PLACEMENT_3D ( 'NONE', #507, #505, #460 ) ;
#1895 = CARTESIAN_POINT ( 'NONE',  ( 40.39239137118198641, 2.583919414749769470E-15, 0.0000000000000000000 ) ) ;
#1896 = DIRECTION ( 'NONE',  ( 0.0000000000000000000, 0.0000000000000000000, 1.000000000000000000 ) ) ;
#1897 = CARTESIAN_POINT ( 'NONE',  ( 37.98913043478260931, 2.501258477682205392E-15, 0.0000000000000000000 ) ) ;
#1898 = DIRECTION ( 'NONE',  ( 0.0000000000000000000, 0.0000000000000000000, 1.000000000000000000 ) ) ;
#1899 = AXIS2_PLACEMENT_3D ( 'NONE', #532, #530, #526 ) ;
#1900 = FACE_OUTER_BOUND ( 'NONE', #1615, .T. ) ;
#1901 = ORIENTED_EDGE ( 'NONE', *, *, #4246, .T. ) ;
#1902 = CARTESIAN_POINT ( 'NONE',  ( 6.000000000000000000, 2.919948986426526893, -5.057500000000011653 ) ) ;
#1903 = CARTESIAN_POINT ( 'NONE',  ( 6.000000000000000000, -2.919948986426526005, 5.057499999999995666 ) ) ;
#1904 = AXIS2_PLACEMENT_3D ( 'NONE', #744, #819, #713 ) ;
#1905 = VERTEX_POINT ( 'NONE', #5153 ) ;
#1906 = AXIS2_PLACEMENT_3D ( 'NONE', #604, #596, #590 ) ;
#1907 = ADVANCED_FACE ( 'NONE', ( #1782 ), #1702, .T. ) ;
#1908 = DIRECTION ( 'NONE',  ( -0.0000000000000000000, -0.5000000000000011102, -0.8660254037844379305 ) ) ;
#1909 = DIRECTION ( 'NONE',  ( -1.000000000000000000, -1.224606353822377258E-16, -0.0000000000000000000 ) ) ;
#1910 = DIRECTION ( 'NONE',  ( -1.000000000000000000, -0.0000000000000000000, -0.0000000000000000000 ) ) ;
#1911 = DIRECTION ( 'NONE',  ( -0.5735764363510532649, 0.8191520442889868026, 1.003171929053518707E-16 ) ) ;
#1912 = CONICAL_SURFACE ( 'NONE', #2249, 5.035999999999999588, 0.7853981633971878207 ) ;
#1913 = ADVANCED_FACE ( 'NONE', ( #1736 ), #1684, .T. ) ;
#1914 = ORIENTED_EDGE ( 'NONE', *, *, #4984, .T. ) ;
#1915 = COLOUR_RGB ( '',0.7764705882352941346, 0.7568627450980391913, 0.7372549019607843590 ) ;
#1916 = DIRECTION ( 'NONE',  ( 0.0000000000000000000, -1.000000000000000000, 0.0000000000000000000 ) ) ;
#1917 = CARTESIAN_POINT ( 'NONE',  ( 8.919948986426568638, 0.0000000000000000000, 0.0000000000000000000 ) ) ;
#1918 = CARTESIAN_POINT ( 'NONE',  ( 24.83804354509502943, 2.583919414749769470E-15, 0.0000000000000000000 ) ) ;
#1919 = ORIENTED_EDGE ( 'NONE', *, *, #2891, .F. ) ;
#1920 = FACE_OUTER_BOUND ( 'NONE', #4223, .T. ) ;
#1921 = VERTEX_POINT ( 'NONE', #3119 ) ;
#1922 = DIRECTION ( 'NONE',  ( 0.5735764363510452712, -0.8191520442889924647, 1.003171929053525610E-16 ) ) ;
#1923 = ADVANCED_FACE ( 'NONE', ( #1698 ), #1717, .T. ) ;
#1924 = CARTESIAN_POINT ( 'NONE',  ( -31.74999999999995737, 0.0000000000000000000, 0.0000000000000000000 ) ) ;
#1925 = PRESENTATION_LAYER_ASSIGNMENT (  '', '', ( #1789 ) ) ;
#1926 =( GEOMETRIC_REPRESENTATION_CONTEXT ( 3 ) GLOBAL_UNCERTAINTY_ASSIGNED_CONTEXT ( ( #940 ) ) GLOBAL_UNIT_ASSIGNED_CONTEXT ( ( #1497, #2894, #2826 ) ) REPRESENTATION_CONTEXT ( 'NONE', 'WORKASPACE' ) );
#1927 = FACE_OUTER_BOUND ( 'NONE', #3526, .T. ) ;
#1928 = ORIENTED_EDGE ( 'NONE', *, *, #3274, .T. ) ;
#1929 = DIRECTION ( 'NONE',  ( 0.0000000000000000000, -1.000000000000000000, 0.0000000000000000000 ) ) ;
#1930 = CARTESIAN_POINT ( 'NONE',  ( 45.57717397987763519, 2.583919414749769470E-15, 0.0000000000000000000 ) ) ;
#1931 = DIRECTION ( 'NONE',  ( -1.000000000000000000, -0.0000000000000000000, -0.0000000000000000000 ) ) ;
#1932 = DIRECTION ( 'NONE',  ( 0.0000000000000000000, -1.000000000000000000, 0.0000000000000000000 ) ) ;
#1933 = ORIENTED_EDGE ( 'NONE', *, *, #3967, .T. ) ;
#1934 = LINE ( 'NONE', #4943, #1655 ) ;
#1935 = ORIENTED_EDGE ( 'NONE', *, *, #3629, .T. ) ;
#1936 = CONICAL_SURFACE ( 'NONE', #995, 5.036000000000003141, 0.9599310885968728169 ) ;
#1937 = CARTESIAN_POINT ( 'NONE',  ( -31.74999999999995737, 0.0000000000000000000, 0.0000000000000000000 ) ) ;
#1938 = VERTEX_POINT ( 'NONE', #3241 ) ;
#1939 = CARTESIAN_POINT ( 'NONE',  ( 52.49021745813850259, -6.008901426488175862E-29, 6.000000000000002665 ) ) ;
#1940 = DIRECTION ( 'NONE',  ( 0.0000000000000000000, -1.000000000000000000, 0.0000000000000000000 ) ) ;
#1941 = FACE_OUTER_BOUND ( 'NONE', #2110, .T. ) ;
#1942 = AXIS2_PLACEMENT_3D ( 'NONE', #579, #577, #566 ) ;
#1943 = CARTESIAN_POINT ( 'NONE',  ( 27.61956521739130466, 5.036000000000005805, 6.167321280506074351E-16 ) ) ;
#1944 = ORIENTED_EDGE ( 'NONE', *, *, #4195, .F. ) ;
#1945 = DIRECTION ( 'NONE',  ( -0.5735764363510532649, 0.8191520442889868026, 1.003171929053518707E-16 ) ) ;
#1946 = CIRCLE ( 'NONE', #1128, 6.000000000000002665 ) ;
#1947 = DIRECTION ( 'NONE',  ( -1.000000000000000000, -1.224606353822377258E-16, -0.0000000000000000000 ) ) ;
#1948 = CARTESIAN_POINT ( 'NONE',  ( 21.38152180596459573, -6.000000000000000888, 7.347880794884123680E-16 ) ) ;
#1949 = CONICAL_SURFACE ( 'NONE', #2306, 5.036000000000003141, 0.9599310885968728169 ) ;
#1950 = VECTOR ( 'NONE', #3188, 1000.000000000000000 ) ;
#1951 =( NAMED_UNIT ( * ) SI_UNIT ( $, .STERADIAN. ) SOLID_ANGLE_UNIT ( ) );
#1952 = AXIS2_PLACEMENT_3D ( 'NONE', #694, #692, #640 ) ;
#1953 = DIRECTION ( 'NONE',  ( -1.000000000000000000, -0.0000000000000000000, -0.0000000000000000000 ) ) ;
#1954 = CIRCLE ( 'NONE', #1108, 6.000000000000002665 ) ;
#1955 = AXIS2_PLACEMENT_3D ( 'NONE', #786, #776, #750 ) ;
#1956 = AXIS2_PLACEMENT_3D ( 'NONE', #851, #845, #824 ) ;
#1957 = FACE_OUTER_BOUND ( 'NONE', #2074, .T. ) ;
#1958 = ORIENTED_EDGE ( 'NONE', *, *, #4099, .T. ) ;
#1959 = LINE ( 'NONE', #615, #1813 ) ;
#1960 = CARTESIAN_POINT ( 'NONE',  ( 27.61956521739130466, -5.036000000000000476, 0.0000000000000000000 ) ) ;
#1961 = DIRECTION ( 'NONE',  ( 0.0000000000000000000, 1.000000000000000000, 0.0000000000000000000 ) ) ;
#1962 = DIRECTION ( 'NONE',  ( 0.0000000000000000000, -1.000000000000000000, 0.0000000000000000000 ) ) ;
#1963 = DIRECTION ( 'NONE',  ( 0.0000000000000000000, -1.000000000000000000, 0.0000000000000000000 ) ) ;
#1964 = FACE_OUTER_BOUND ( 'NONE', #3804, .T. ) ;
#1965 = AXIS2_PLACEMENT_3D ( 'NONE', #1025, #1021, #1018 ) ;
#1966 = ORIENTED_EDGE ( 'NONE', *, *, #4709, .T. ) ;
#1967 = MECHANICAL_DESIGN_GEOMETRIC_PRESENTATION_REPRESENTATION (  '', ( #2258 ), #1926 ) ;
#1968 = ADVANCED_FACE ( 'NONE', ( #1720 ), #3085, .T. ) ;
#1969 = DIRECTION ( 'NONE',  ( 0.0000000000000000000, 1.000000000000000000, 0.0000000000000000000 ) ) ;
#1970 = CIRCLE ( 'NONE', #38, 6.000000000000002665 ) ;
#1971 = DIRECTION ( 'NONE',  ( -1.000000000000000000, -0.0000000000000000000, -0.0000000000000000000 ) ) ;
#1972 = CYLINDRICAL_SURFACE ( 'NONE', #2222, 5.999999999999863221 ) ;
#1973 = CARTESIAN_POINT ( 'NONE',  ( 45.95543471577452976, 2.418597540614639737E-15, 0.0000000000000000000 ) ) ;
#1974 = VERTEX_POINT ( 'NONE', #2938 ) ;
#1975 = CARTESIAN_POINT ( 'NONE',  ( -31.74999999999995737, 0.0000000000000000000, 0.0000000000000000000 ) ) ;
#1976 = ORIENTED_EDGE ( 'NONE', *, *, #2890, .T. ) ;
#1977 = AXIS2_PLACEMENT_3D ( 'NONE', #1075, #3546, #2999 ) ;
#1978 = VECTOR ( 'NONE', #943, 999.9999999999998863 ) ;
#1979 = AXIS2_PLACEMENT_3D ( 'NONE', #1116, #1106, #1092 ) ;
#1980 = CARTESIAN_POINT ( 'NONE',  ( 39.04239123751365526, 2.418597540614639737E-15, 0.0000000000000000000 ) ) ;
#1981 = DIRECTION ( 'NONE',  ( 0.0000000000000000000, 0.0000000000000000000, 1.000000000000000000 ) ) ;
#1982 = ADVANCED_FACE ( 'NONE', ( #1726 ), #1657, .T. ) ;
#1983 = FACE_OUTER_BOUND ( 'NONE', #1156, .T. ) ;
#1984 = VERTEX_POINT ( 'NONE', #1863 ) ;
#1985 = AXIS2_PLACEMENT_3D ( 'NONE', #1193, #1182, #1143 ) ;
#1986 = DIRECTION ( 'NONE',  ( -1.000000000000000000, -1.224606353822377258E-16, -0.0000000000000000000 ) ) ;
#1987 = CARTESIAN_POINT ( 'NONE',  ( 12.59999999999999964, 7.347880794883952103E-16, -5.999999999999863221 ) ) ;
#1988 = CIRCLE ( 'NONE', #381, 6.000000000000002665 ) ;
#1989 = DIRECTION ( 'NONE',  ( 0.0000000000000000000, 0.0000000000000000000, 1.000000000000000000 ) ) ;
#1990 = CYLINDRICAL_SURFACE ( 'NONE', #2257, 5.999999999999863221 ) ;
#1991 = CARTESIAN_POINT ( 'NONE',  ( -31.74999999999995737, 0.0000000000000000000, 5.999999999999863221 ) ) ;
#1992 =( NAMED_UNIT ( * ) SI_UNIT ( $, .STERADIAN. ) SOLID_ANGLE_UNIT ( ) );
#1993 = CYLINDRICAL_SURFACE ( 'NONE', #466, 5.999999999999863221 ) ;
#1994 = ORIENTED_EDGE ( 'NONE', *, *, #2789, .T. ) ;
#1995 = AXIS2_PLACEMENT_3D ( 'NONE', #1237, #1226, #1225 ) ;
#1996 = VERTEX_POINT ( 'NONE', #1623 ) ;
#1997 = FACE_OUTER_BOUND ( 'NONE', #2970, .T. ) ;
#1998 = CARTESIAN_POINT ( 'NONE',  ( 0.0000000000000000000, -2.919948986426537996, -5.057500000000005436 ) ) ;
#1999 = DIRECTION ( 'NONE',  ( -1.000000000000000000, -0.0000000000000000000, -0.0000000000000000000 ) ) ;
#2000 = ORIENTED_EDGE ( 'NONE', *, *, #2841, .F. ) ;
#2001 = LINE ( 'NONE', #552, #420 ) ;
#2002 = FACE_OUTER_BOUND ( 'NONE', #4228, .T. ) ;
#2003 = AXIS2_PLACEMENT_3D ( 'NONE', #3036, #3138, #3125 ) ;
#2004 = ADVANCED_FACE ( 'NONE', ( #1667 ), #1608, .T. ) ;
#2005 = AXIS2_PLACEMENT_3D ( 'NONE', #1447, #1438, #1433 ) ;
#2006 = CARTESIAN_POINT ( 'NONE',  ( 40.39239137118198641, 6.000000000000004441, 0.0000000000000000000 ) ) ;
#2007 = CARTESIAN_POINT ( 'NONE',  ( 31.07608695652173836, 2.501258477682205392E-15, 0.0000000000000000000 ) ) ;
#2008 = DIRECTION ( 'NONE',  ( -1.000000000000000000, -1.224606353822377258E-16, -0.0000000000000000000 ) ) ;
#2009 = CARTESIAN_POINT ( 'NONE',  ( 26.56630441466024450, -6.047420025375920579E-29, 6.000000000000002665 ) ) ;
#2010 = CARTESIAN_POINT ( 'NONE',  ( 6.000000000000000000, -5.839897972853064445, -8.673617379884035472E-16 ) ) ;
#2011 = ORIENTED_EDGE ( 'NONE', *, *, #3964, .T. ) ;
#2012 = AXIS2_PLACEMENT_3D ( 'NONE', #2037, #2112, #1519 ) ;
#2013 = CARTESIAN_POINT ( 'NONE',  ( 36.93586963205154916, 2.583919414749769470E-15, 0.0000000000000000000 ) ) ;
#2014 = CARTESIAN_POINT ( 'NONE',  ( 53.54347826086956985, -5.036000000000000476, 6.757601037695098523E-16 ) ) ;
#2015 = AXIS2_PLACEMENT_3D ( 'NONE', #1716, #1889, #1896 ) ;
#2016 = CARTESIAN_POINT ( 'NONE',  ( 27.61956521739130466, -5.036000000000000476, 6.757601037695098523E-16 ) ) ;
#2017 = ORIENTED_EDGE ( 'NONE', *, *, #2828, .T. ) ;
#2018 = CARTESIAN_POINT ( 'NONE',  ( 28.29456528422546313, 2.583919414749769470E-15, 0.0000000000000000000 ) ) ;
#2019 = CIRCLE ( 'NONE', #333, 5.057500000000000107 ) ;
#2020 = DIRECTION ( 'NONE',  ( 0.0000000000000000000, -1.000000000000000000, 0.0000000000000000000 ) ) ;
#2021 =( NAMED_UNIT ( * ) PLANE_ANGLE_UNIT ( ) SI_UNIT ( $, .RADIAN. ) );
#2022 = FACE_OUTER_BOUND ( 'NONE', #3328, .T. ) ;
#2023 = PRESENTATION_LAYER_ASSIGNMENT (  '', '', ( #2258 ) ) ;
#2024 = ORIENTED_EDGE ( 'NONE', *, *, #4862, .T. ) ;
#2025 = CIRCLE ( 'NONE', #1483, 6.000000000000002665 ) ;
#2026 = CARTESIAN_POINT ( 'NONE',  ( 49.03369571900807244, -6.000000000000000000, 7.347880794884122694E-16 ) ) ;
#2027 = CARTESIAN_POINT ( 'NONE',  ( 43.84891311031241656, 7.347880794883521188E-16, -6.000000000000002665 ) ) ;
#2028 = DIRECTION ( 'NONE',  ( 0.0000000000000000000, 1.000000000000000000, -1.188187522481193495E-15 ) ) ;
#2029 = LINE ( 'NONE', #125, #437 ) ;
#2030 = DIRECTION ( 'NONE',  ( -1.000000000000000000, -1.224606353822377258E-16, -0.0000000000000000000 ) ) ;
#2031 = ORIENTED_EDGE ( 'NONE', *, *, #3666, .F. ) ;
#2032 = ORIENTED_EDGE ( 'NONE', *, *, #4045, .F. ) ;
#2033 = AXIS2_PLACEMENT_3D ( 'NONE', #1975, #1910, #1898 ) ;
#2034 = DIRECTION ( 'NONE',  ( -1.000000000000000000, -1.224606353822377258E-16, -0.0000000000000000000 ) ) ;
#2035 = DIRECTION ( 'NONE',  ( 0.5735764363510452712, -0.8191520442889924647, 1.003171929053525610E-16 ) ) ;
#2036 = DIRECTION ( 'NONE',  ( 0.0000000000000000000, -1.000000000000000000, 0.0000000000000000000 ) ) ;
#2037 = CARTESIAN_POINT ( 'NONE',  ( 6.000000000000000000, 5.839897972853066221, -1.561251128379126385E-14 ) ) ;
#2038 = ORIENTED_EDGE ( 'NONE', *, *, #4373, .T. ) ;
#2039 = DIRECTION ( 'NONE',  ( 0.0000000000000000000, 0.0000000000000000000, 1.000000000000000000 ) ) ;
#2040 = DIRECTION ( 'NONE',  ( 0.0000000000000000000, -1.000000000000000000, 0.0000000000000000000 ) ) ;
#2041 = DIRECTION ( 'NONE',  ( -0.5735764363510529318, -0.8191520442889870246, 0.0000000000000000000 ) ) ;
#2042 = DIRECTION ( 'NONE',  ( 0.0000000000000000000, 1.000000000000000000, -1.188187522481193495E-15 ) ) ;
#2043 = AXIS2_PLACEMENT_3D ( 'NONE', #2108, #1526, #2119 ) ;
#2044 = ORIENTED_EDGE ( 'NONE', *, *, #4854, .T. ) ;
#2045 = EDGE_LOOP ( 'NONE', ( #1041, #379, #3496, #3215, #1857 ) ) ;
#2046 = ORIENTED_EDGE ( 'NONE', *, *, #4677, .T. ) ;
#2047 = CARTESIAN_POINT ( 'NONE',  ( 39.04239123751365526, 2.418597540614639737E-15, 0.0000000000000000000 ) ) ;
#2048 = LINE ( 'NONE', #1687, #1892 ) ;
#2049 = DIRECTION ( 'NONE',  ( 0.0000000000000000000, -1.000000000000000000, 0.0000000000000000000 ) ) ;
#2050 = CARTESIAN_POINT ( 'NONE',  ( 49.03369571900807244, 6.000000000000004441, 0.0000000000000000000 ) ) ;
#2051 = ORIENTED_EDGE ( 'NONE', *, *, #4431, .T. ) ;
#2052 = VERTEX_POINT ( 'NONE', #2671 ) ;
#2053 = CARTESIAN_POINT ( 'NONE',  ( 48.35869565217391397, -5.036000000000000476, 0.0000000000000000000 ) ) ;
#2054 = DIRECTION ( 'NONE',  ( -1.000000000000000000, -1.224606353822377258E-16, -0.0000000000000000000 ) ) ;
#2055 = CARTESIAN_POINT ( 'NONE',  ( 28.67282602012235060, -5.585196838722983974E-29, 6.000000000000002665 ) ) ;
#2056 = CARTESIAN_POINT ( 'NONE',  ( 33.47934789292111901, 2.583919414749769470E-15, 0.0000000000000000000 ) ) ;
#2057 = DIRECTION ( 'NONE',  ( 0.0000000000000000000, -1.000000000000000000, 0.0000000000000000000 ) ) ;
#2058 = PRESENTATION_STYLE_ASSIGNMENT (( #646 ) ) ;
#2059 = ORIENTED_EDGE ( 'NONE', *, *, #3388, .F. ) ;
#2060 = FILL_AREA_STYLE ('',( #4856 ) ) ;
#2061 = DIRECTION ( 'NONE',  ( -1.000000000000000000, -0.0000000000000000000, -0.0000000000000000000 ) ) ;
#2062 = AXIS2_PLACEMENT_3D ( 'NONE', #1918, #1728, #1703 ) ;
#2063 = VECTOR ( 'NONE', #3869, 999.9999999999998863 ) ;
#2064 = ORIENTED_EDGE ( 'NONE', *, *, #4126, .T. ) ;
#2065 = CARTESIAN_POINT ( 'NONE',  ( 17.92500006683415847, 6.000000000000004441, 0.0000000000000000000 ) ) ;
#2066 = ADVANCED_FACE ( 'NONE', ( #1628 ), #1591, .T. ) ;
#2067 = CARTESIAN_POINT ( 'NONE',  ( 47.68369558533974129, 2.418597540614639737E-15, 0.0000000000000000000 ) ) ;
#2068 = DIRECTION ( 'NONE',  ( 0.0000000000000000000, 0.0000000000000000000, 1.000000000000000000 ) ) ;
#2069 = CARTESIAN_POINT ( 'NONE',  ( 25.89130434782608603, 2.501258477682205392E-15, 0.0000000000000000000 ) ) ;
#2070 = AXIS2_PLACEMENT_3D ( 'NONE', #2069, #1740, #2560 ) ;
#2071 = AXIS2_PLACEMENT_3D ( 'NONE', #2580, #2493, #2412 ) ;
#2072 = ORIENTED_EDGE ( 'NONE', *, *, #3468, .F. ) ;
#2073 = CIRCLE ( 'NONE', #1113, 6.000000000000002665 ) ;
#2074 = EDGE_LOOP ( 'NONE', ( #3552, #1723, #473, #3976, #700 ) ) ;
#2075 = CARTESIAN_POINT ( 'NONE',  ( 28.29456528422546313, -6.008901426488175862E-29, 6.000000000000002665 ) ) ;
#2076 = DIRECTION ( 'NONE',  ( 0.0000000000000000000, -1.000000000000000000, 0.0000000000000000000 ) ) ;
#2077 = PLANE ( 'NONE',  #6 ) ;
#2078 = VERTEX_POINT ( 'NONE', #2155 ) ;
#2079 = CIRCLE ( 'NONE', #1353, 6.000000000000002665 ) ;
#2080 = DIRECTION ( 'NONE',  ( 0.0000000000000000000, -1.000000000000000000, 1.039664082171044481E-15 ) ) ;
#2081 = AXIS2_PLACEMENT_3D ( 'NONE', #2396, #2387, #2354 ) ;
#2082 = VERTEX_POINT ( 'NONE', #2174 ) ;
#2083 = CARTESIAN_POINT ( 'NONE',  ( 44.22717384620930403, 2.418597540614639737E-15, 0.0000000000000000000 ) ) ;
#2084 = EDGE_LOOP ( 'NONE', ( #1881, #1629, #1399, #659, #2817, #4167 ) ) ;
#2085 = VECTOR ( 'NONE', #624, 999.9999999999998863 ) ;
#2086 = VERTEX_POINT ( 'NONE', #2169 ) ;
#2087 = AXIS2_PLACEMENT_3D ( 'NONE', #3627, #2303, #2316 ) ;
#2088 = DIRECTION ( 'NONE',  ( 0.5735764363510450492, 0.8191520442889925757, 0.0000000000000000000 ) ) ;
#2089 = FACE_OUTER_BOUND ( 'NONE', #1792, .T. ) ;
#2090 = STYLED_ITEM ( 'NONE', ( #2058 ), #3224 ) ;
#2091 = LINE ( 'NONE', #1836, #5107 ) ;
#2092 = CIRCLE ( 'NONE', #785, 5.036000000000003141 ) ;
#2093 = CARTESIAN_POINT ( 'NONE',  ( 20.03152167229626457, -5.999999999999999112, 0.0000000000000000000 ) ) ;
#2094 = AXIS2_PLACEMENT_3D ( 'NONE', #2192, #2200, #2185 ) ;
#2095 = AXIS2_PLACEMENT_3D ( 'NONE', #4031, #4507, #4083 ) ;
#2096 = ORIENTED_EDGE ( 'NONE', *, *, #4704, .F. ) ;
#2097 = DIRECTION ( 'NONE',  ( -1.000000000000000000, -1.224606353822377258E-16, -0.0000000000000000000 ) ) ;
#2098 = CARTESIAN_POINT ( 'NONE',  ( 47.68369558533974129, 2.418597540614639737E-15, 0.0000000000000000000 ) ) ;
#2099 = PLANE ( 'NONE',  #2012 ) ;
#2100 = EDGE_LOOP ( 'NONE', ( #3286, #4143, #575, #4305, #2730 ) ) ;
#2101 = VERTEX_POINT ( 'NONE', #1682 ) ;
#2102 = AXIS2_PLACEMENT_3D ( 'NONE', #2233, #2247, #2289 ) ;
#2103 = ADVANCED_FACE ( 'NONE', ( #1597 ), #1583, .T. ) ;
#2104 = AXIS2_PLACEMENT_3D ( 'NONE', #2227, #3637, #2298 ) ;
#2105 = DIRECTION ( 'NONE',  ( -1.000000000000000000, -1.224606353822377258E-16, -0.0000000000000000000 ) ) ;
#2106 = ADVANCED_FACE ( 'NONE', ( #1791 ), #1665, .T. ) ;
#2107 = DIRECTION ( 'NONE',  ( 0.0000000000000000000, -1.000000000000000000, 0.0000000000000000000 ) ) ;
#2108 = CARTESIAN_POINT ( 'NONE',  ( 6.000000000000000000, 0.0000000000000000000, 0.0000000000000000000 ) ) ;
#2109 = DIRECTION ( 'NONE',  ( -1.000000000000000000, -1.224606353822377258E-16, -0.0000000000000000000 ) ) ;
#2110 = EDGE_LOOP ( 'NONE', ( #1104, #4233, #5124, #15, #3677 ) ) ;
#2111 = CIRCLE ( 'NONE', #32, 6.000000000000002665 ) ;
#2112 = DIRECTION ( 'NONE',  ( 0.0000000000000000000, 0.8660254037844379305, -0.5000000000000012212 ) ) ;
#2113 = ORIENTED_EDGE ( 'NONE', *, *, #4923, .T. ) ;
#2114 = ORIENTED_EDGE ( 'NONE', *, *, #4623, .F. ) ;
#2115 = ORIENTED_EDGE ( 'NONE', *, *, #4693, .T. ) ;
#2116 = CARTESIAN_POINT ( 'NONE',  ( 25.21630428099191690, 2.418597540614639737E-15, 0.0000000000000000000 ) ) ;
#2117 = DIRECTION ( 'NONE',  ( 0.0000000000000000000, -1.000000000000000000, 0.0000000000000000000 ) ) ;
#2118 = CARTESIAN_POINT ( 'NONE',  ( 35.20760876248633053, 2.583919414749769470E-15, 0.0000000000000000000 ) ) ;
#2119 = DIRECTION ( 'NONE',  ( 0.0000000000000000000, 0.0000000000000000000, 1.000000000000000000 ) ) ;
#2120 = AXIS2_PLACEMENT_3D ( 'NONE', #2188, #2159, #2198 ) ;
#2121 = EDGE_LOOP ( 'NONE', ( #1112, #765, #527, #3051, #2251 ) ) ;
#2122 = CARTESIAN_POINT ( 'NONE',  ( 0.6000000000000033085, 1.028703311283776586E-15, -8.400000000000000355 ) ) ;
#2123 = EDGE_LOOP ( 'NONE', ( #1718, #5071, #1919, #412, #2337 ) ) ;
#2124 = ORIENTED_EDGE ( 'NONE', *, *, #3683, .F. ) ;
#2125 = DIRECTION ( 'NONE',  ( -1.000000000000000000, -1.224606353822377258E-16, -0.0000000000000000000 ) ) ;
#2126 = DIRECTION ( 'NONE',  ( -1.000000000000000000, -0.0000000000000000000, -0.0000000000000000000 ) ) ;
#2127 = LINE ( 'NONE', #2918, #1704 ) ;
#2128 = ORIENTED_EDGE ( 'NONE', *, *, #3619, .F. ) ;
#2129 = CIRCLE ( 'NONE', #594, 6.000000000000002665 ) ;
#2130 = ORIENTED_EDGE ( 'NONE', *, *, #2791, .T. ) ;
#2131 = DIRECTION ( 'NONE',  ( 0.5735764363510450492, 0.8191520442889925757, 0.0000000000000000000 ) ) ;
#2132 = DIRECTION ( 'NONE',  ( -1.000000000000000000, -1.224606353822377258E-16, -0.0000000000000000000 ) ) ;
#2133 = CARTESIAN_POINT ( 'NONE',  ( 31.75108702335589683, 2.583919414749769470E-15, 0.0000000000000000000 ) ) ;
#2134 = DIRECTION ( 'NONE',  ( -1.000000000000000000, -1.224606353822377258E-16, -0.0000000000000000000 ) ) ;
#2135 = AXIS2_PLACEMENT_3D ( 'NONE', #3295, #1849, #4336 ) ;
#2136 = AXIS2_PLACEMENT_3D ( 'NONE', #2056, #1650, #1961 ) ;
#2137 = AXIS2_PLACEMENT_3D ( 'NONE', #3112, #2872, #366 ) ;
#2138 = ORIENTED_EDGE ( 'NONE', *, *, #4826, .F. ) ;
#2139 = ADVANCED_FACE ( 'NONE', ( #1941 ), #1525, .T. ) ;
#2140 = CARTESIAN_POINT ( 'NONE',  ( 39.71739130434782794, -5.036000000000000476, 6.757601037695098523E-16 ) ) ;
#2141 = CONICAL_SURFACE ( 'NONE', #2369, 6.000000000000002665, 0.9599310885968824758 ) ;
#2142 = AXIS2_PLACEMENT_3D ( 'NONE', #3233, #3178, #4474 ) ;
#2143 = CARTESIAN_POINT ( 'NONE',  ( 38.66413050161676779, 2.583919414749769470E-15, 0.0000000000000000000 ) ) ;
#2144 = SURFACE_STYLE_USAGE ( .BOTH. , #2218 ) ;
#2145 = ORIENTED_EDGE ( 'NONE', *, *, #2700, .T. ) ;
#2146 = CARTESIAN_POINT ( 'NONE',  ( 16.57499993316583087, 2.418597540614639737E-15, 0.0000000000000000000 ) ) ;
#2147 = DIRECTION ( 'NONE',  ( -1.000000000000000000, -1.224606353822377258E-16, -0.0000000000000000000 ) ) ;
#2148 = DIRECTION ( 'NONE',  ( 0.0000000000000000000, -1.000000000000000000, 0.0000000000000000000 ) ) ;
#2149 = CARTESIAN_POINT ( 'NONE',  ( -31.74999999999995737, 0.0000000000000000000, 0.0000000000000000000 ) ) ;
#2150 = ORIENTED_EDGE ( 'NONE', *, *, #2812, .T. ) ;
#2151 = ORIENTED_EDGE ( 'NONE', *, *, #3928, .F. ) ;
#2152 = FACE_OUTER_BOUND ( 'NONE', #3743, .T. ) ;
#2153 = DIRECTION ( 'NONE',  ( 0.0000000000000000000, 0.0000000000000000000, 1.000000000000000000 ) ) ;
#2154 = DIRECTION ( 'NONE',  ( -1.000000000000000000, -1.224606353822377258E-16, -0.0000000000000000000 ) ) ;
#2155 = CARTESIAN_POINT ( 'NONE',  ( 46.63043478260869534, 5.036000000000005805, 0.0000000000000000000 ) ) ;
#2156 = ORIENTED_EDGE ( 'NONE', *, *, #2591, .T. ) ;
#2157 = AXIS2_PLACEMENT_3D ( 'NONE', #4463, #4493, #4328 ) ;
#2158 = EDGE_LOOP ( 'NONE', ( #3034, #3251, #399, #1183, #5022 ) ) ;
#2159 = DIRECTION ( 'NONE',  ( 1.000000000000000000, 1.224606353822377258E-16, 0.0000000000000000000 ) ) ;
#2160 = LINE ( 'NONE', #1903, #1751 ) ;
#2161 = ORIENTED_EDGE ( 'NONE', *, *, #4077, .T. ) ;
#2162 = AXIS2_PLACEMENT_3D ( 'NONE', #1570, #2995, #2964 ) ;
#2163 = AXIS2_PLACEMENT_3D ( 'NONE', #1280, #2166, #448 ) ;
#2164 = VECTOR ( 'NONE', #1754, 1000.000000000000000 ) ;
#2165 = CARTESIAN_POINT ( 'NONE',  ( 24.83804354509502943, 6.000000000000005329, 0.0000000000000000000 ) ) ;
#2166 = DIRECTION ( 'NONE',  ( -1.000000000000000000, -0.0000000000000000000, -0.0000000000000000000 ) ) ;
#2167 = DIRECTION ( 'NONE',  ( -1.000000000000000000, -0.0000000000000000000, -0.0000000000000000000 ) ) ;
#2168 = DIRECTION ( 'NONE',  ( 0.5735764363510450492, 0.8191520442889925757, 0.0000000000000000000 ) ) ;
#2169 = CARTESIAN_POINT ( 'NONE',  ( 30.02282615379068176, 7.347880794883521188E-16, -6.000000000000002665 ) ) ;
#2170 = ADVANCED_FACE ( 'NONE', ( #1647 ), #1476, .T. ) ;
#2171 = AXIS2_PLACEMENT_3D ( 'NONE', #3214, #5111, #1199 ) ;
#2172 = ORIENTED_EDGE ( 'NONE', *, *, #2855, .F. ) ;
#2173 = ORIENTED_EDGE ( 'NONE', *, *, #3429, .T. ) ;
#2174 = CARTESIAN_POINT ( 'NONE',  ( 30.40108688968756923, -5.999999999999999112, 0.0000000000000000000 ) ) ;
#2175 = CARTESIAN_POINT ( 'NONE',  ( 0.0000000000000000000, 2.919948986426526893, -5.057500000000011653 ) ) ;
#2176 = CONICAL_SURFACE ( 'NONE', #2358, 6.000000000000002665, 0.9599310885968824758 ) ;
#2177 = VERTEX_POINT ( 'NONE', #2338 ) ;
#2178 = AXIS2_PLACEMENT_3D ( 'NONE', #2427, #2319, #2328 ) ;
#2179 = VECTOR ( 'NONE', #595, 1000.000000000000000 ) ;
#2180 = ADVANCED_FACE ( 'NONE', ( #1515 ), #1445, .T. ) ;
#2181 = AXIS2_PLACEMENT_3D ( 'NONE', #680, #3255, #5070 ) ;
#2182 = CARTESIAN_POINT ( 'NONE',  ( 23.10978267552981080, 2.583919414749769470E-15, 0.0000000000000000000 ) ) ;
#2183 = DIRECTION ( 'NONE',  ( -1.000000000000000000, -0.0000000000000000000, -0.0000000000000000000 ) ) ;
#2184 = CONICAL_SURFACE ( 'NONE', #2394, 6.000000000000002665, 0.9599310885968824758 ) ;
#2185 = DIRECTION ( 'NONE',  ( 0.0000000000000000000, 0.0000000000000000000, 1.000000000000000000 ) ) ;
#2186 = VERTEX_POINT ( 'NONE', #4108 ) ;
#2187 = AXIS2_PLACEMENT_3D ( 'NONE', #2499, #2444, #2254 ) ;
#2188 = CARTESIAN_POINT ( 'NONE',  ( 50.76195658857328397, 2.583919414749769470E-15, 0.0000000000000000000 ) ) ;
#2189 = LINE ( 'NONE', #4262, #5083 ) ;
#2190 = DIRECTION ( 'NONE',  ( -1.000000000000000000, -1.224606353822377258E-16, -0.0000000000000000000 ) ) ;
#2191 = DIRECTION ( 'NONE',  ( -1.000000000000000000, -0.0000000000000000000, -0.0000000000000000000 ) ) ;
#2192 = CARTESIAN_POINT ( 'NONE',  ( -31.74999999999995737, 0.0000000000000000000, 0.0000000000000000000 ) ) ;
#2193 = CARTESIAN_POINT ( 'NONE',  ( -31.74999999999995737, 0.0000000000000000000, 5.999999999999863221 ) ) ;
#2194 = ORIENTED_EDGE ( 'NONE', *, *, #3367, .F. ) ;
#2195 = FACE_BOUND ( 'NONE', #4759, .T. ) ;
#2196 = FACE_OUTER_BOUND ( 'NONE', #4637, .T. ) ;
#2197 = ORIENTED_EDGE ( 'NONE', *, *, #4758, .F. ) ;
#2198 = DIRECTION ( 'NONE',  ( 0.0000000000000000000, 1.000000000000000000, 0.0000000000000000000 ) ) ;
#2199 = LINE ( 'NONE', #2193, #1654 ) ;
#2200 = DIRECTION ( 'NONE',  ( -1.000000000000000000, -0.0000000000000000000, -0.0000000000000000000 ) ) ;
#2201 = AXIS2_PLACEMENT_3D ( 'NONE', #2276, #2434, #2419 ) ;
#2202 = LINE ( 'NONE', #139, #2085 ) ;
#2203 = FACE_OUTER_BOUND ( 'NONE', #846, .T. ) ;
#2204 = DIRECTION ( 'NONE',  ( 0.0000000000000000000, -0.4999999999999989453, 0.8660254037844392627 ) ) ;
#2205 = ORIENTED_EDGE ( 'NONE', *, *, #4166, .T. ) ;
#2206 = DIRECTION ( 'NONE',  ( -1.000000000000000000, -1.224606353822377258E-16, -0.0000000000000000000 ) ) ;
#2207 = FACE_OUTER_BOUND ( 'NONE', #3639, .T. ) ;
#2208 = VECTOR ( 'NONE', #33, 999.9999999999998863 ) ;
#2209 = AXIS2_PLACEMENT_3D ( 'NONE', #2601, #2926, #2575 ) ;
#2210 = ORIENTED_EDGE ( 'NONE', *, *, #4736, .F. ) ;
#2211 = AXIS2_PLACEMENT_3D ( 'NONE', #2662, #2822, #5002 ) ;
#2212 = CARTESIAN_POINT ( 'NONE',  ( 47.68369558533974129, 7.347880794883567533E-16, -6.000000000000002665 ) ) ;
#2213 = AXIS2_PLACEMENT_3D ( 'NONE', #701, #653, #1512 ) ;
#2214 = VECTOR ( 'NONE', #2997, 1000.000000000000000 ) ;
#2215 = AXIS2_PLACEMENT_3D ( 'NONE', #812, #729, #867 ) ;
#2216 = CONICAL_SURFACE ( 'NONE', #2384, 5.036000000000003141, 0.9599310885968728169 ) ;
#2217 = CARTESIAN_POINT ( 'NONE',  ( 43.17391304347825809, 5.036000000000005805, 0.0000000000000000000 ) ) ;
#2218 = SURFACE_SIDE_STYLE ('',( #2395 ) ) ;
#2219 = ORIENTED_EDGE ( 'NONE', *, *, #2768, .T. ) ;
#2220 = DIRECTION ( 'NONE',  ( -1.000000000000000000, -0.0000000000000000000, -0.0000000000000000000 ) ) ;
#2221 = VERTEX_POINT ( 'NONE', #2408 ) ;
#2222 = AXIS2_PLACEMENT_3D ( 'NONE', #1063, #1047, #1064 ) ;
#2223 = CYLINDRICAL_SURFACE ( 'NONE', #11, 5.999999999999863221 ) ;
#2224 = CARTESIAN_POINT ( 'NONE',  ( 6.000000000000000000, -2.919948986426537996, -5.057500000000005436 ) ) ;
#2225 = ORIENTED_EDGE ( 'NONE', *, *, #3763, .F. ) ;
#2226 = CARTESIAN_POINT ( 'NONE',  ( 24.83804354509502943, 2.583919414749769470E-15, 0.0000000000000000000 ) ) ;
#2227 = CARTESIAN_POINT ( 'NONE',  ( 31.75108702335589683, 2.583919414749769470E-15, 0.0000000000000000000 ) ) ;
#2228 = ORIENTED_EDGE ( 'NONE', *, *, #4470, .T. ) ;
#2229 = AXIS2_PLACEMENT_3D ( 'NONE', #2572, #2672, #2494 ) ;
#2230 = CARTESIAN_POINT ( 'NONE',  ( 0.0000000000000000000, 5.839897972853066221, -1.561251128379126385E-14 ) ) ;
#2231 = VERTEX_POINT ( 'NONE', #2217 ) ;
#2232 = DIRECTION ( 'NONE',  ( 0.0000000000000000000, -1.000000000000000000, 0.0000000000000000000 ) ) ;
#2233 = CARTESIAN_POINT ( 'NONE',  ( 43.84891311031241656, 2.583919414749769470E-15, 0.0000000000000000000 ) ) ;
#2234 = CARTESIAN_POINT ( 'NONE',  ( 6.000000000000000000, 4.379923479639798778, 2.528749999999992948 ) ) ;
#2235 = CARTESIAN_POINT ( 'NONE',  ( 38.66413050161676779, -6.000000000000000888, 7.347880794884123680E-16 ) ) ;
#2236 = EDGE_LOOP ( 'NONE', ( #4701, #4720, #4724, #4756, #4809 ) ) ;
#2237 = DIRECTION ( 'NONE',  ( -1.000000000000000000, -1.224606353822377258E-16, -0.0000000000000000000 ) ) ;
#2238 = DIRECTION ( 'NONE',  ( -1.000000000000000000, -0.0000000000000000000, -0.0000000000000000000 ) ) ;
#2239 = DIRECTION ( 'NONE',  ( 0.0000000000000000000, -1.000000000000000000, 0.0000000000000000000 ) ) ;
#2240 = LINE ( 'NONE', #2552, #1349 ) ;
#2241 = AXIS2_PLACEMENT_3D ( 'NONE', #1815, #1340, #4548 ) ;
#2242 = COLOUR_RGB ( '',0.7764705882352941346, 0.7568627450980391913, 0.7372549019607843590 ) ;
#2243 = CIRCLE ( 'NONE', #580, 6.000000000000002665 ) ;
#2244 = LINE ( 'NONE', #147, #4225 ) ;
#2245 = ORIENTED_EDGE ( 'NONE', *, *, #2739, .F. ) ;
#2246 = CARTESIAN_POINT ( 'NONE',  ( 23.10978267552981080, 2.583919414749769470E-15, 0.0000000000000000000 ) ) ;
#2247 = DIRECTION ( 'NONE',  ( 1.000000000000000000, 1.224606353822377258E-16, 0.0000000000000000000 ) ) ;
#2248 = EDGE_LOOP ( 'NONE', ( #4941, #295, #5183, #2383, #3360, #1335 ) ) ;
#2249 = AXIS2_PLACEMENT_3D ( 'NONE', #1168, #1953, #1414 ) ;
#2250 = CONICAL_SURFACE ( 'NONE', #657, 6.000000000000002665, 0.9599310885968824758 ) ;
#2251 = ORIENTED_EDGE ( 'NONE', *, *, #3013, .T. ) ;
#2252 = CIRCLE ( 'NONE', #1102, 5.036000000000003141 ) ;
#2253 = CARTESIAN_POINT ( 'NONE',  ( 36.26086956521739069, 5.036000000000005805, 6.167321280506074351E-16 ) ) ;
#2254 = DIRECTION ( 'NONE',  ( 0.0000000000000000000, 0.0000000000000000000, 1.000000000000000000 ) ) ;
#2255 = VECTOR ( 'NONE', #2770, 1000.000000000000000 ) ;
#2256 = EDGE_LOOP ( 'NONE', ( #2366, #2595, #939, #873, #2341 ) ) ;
#2257 = AXIS2_PLACEMENT_3D ( 'NONE', #2535, #3949, #2068 ) ;
#2258 = STYLED_ITEM ( 'NONE', ( #2598 ), #1338 ) ;
#2259 = ORIENTED_EDGE ( 'NONE', *, *, #4985, .T. ) ;
#2260 = AXIS2_PLACEMENT_3D ( 'NONE', #4461, #4436, #4455 ) ;
#2261 = ADVANCED_FACE ( 'NONE', ( #1638 ), #1422, .T. ) ;
#2262 = AXIS2_PLACEMENT_3D ( 'NONE', #4399, #4388, #4391 ) ;
#2263 = AXIS2_PLACEMENT_3D ( 'NONE', #4357, #4377, #4352 ) ;
#2264 = VERTEX_POINT ( 'NONE', #2487 ) ;
#2265 = CARTESIAN_POINT ( 'NONE',  ( 18.97826086956521863, 2.501258477682205392E-15, 0.0000000000000000000 ) ) ;
#2266 = CYLINDRICAL_SURFACE ( 'NONE', #795, 5.999999999999863221 ) ;
#2267 = CARTESIAN_POINT ( 'NONE',  ( 38.66413050161676779, 6.000000000000005329, 0.0000000000000000000 ) ) ;
#2268 = ORIENTED_EDGE ( 'NONE', *, *, #3885, .F. ) ;
#2269 = DIRECTION ( 'NONE',  ( 0.0000000000000000000, 0.0000000000000000000, 1.000000000000000000 ) ) ;
#2270 = AXIS2_PLACEMENT_3D ( 'NONE', #4321, #4326, #4349 ) ;
#2271 = DIRECTION ( 'NONE',  ( -1.000000000000000000, -0.0000000000000000000, -0.0000000000000000000 ) ) ;
#2272 = CARTESIAN_POINT ( 'NONE',  ( 23.10978267552981080, -6.000000000000000888, 7.347880794884123680E-16 ) ) ;
#2273 = DIRECTION ( 'NONE',  ( 0.0000000000000000000, -1.000000000000000000, 0.0000000000000000000 ) ) ;
#2274 = ORIENTED_EDGE ( 'NONE', *, *, #4893, .T. ) ;
#2275 = CARTESIAN_POINT ( 'NONE',  ( 26.94456515055713197, 6.000000000000006217, 7.347880794884123680E-16 ) ) ;
#2276 = CARTESIAN_POINT ( 'NONE',  ( 51.81521739130434412, 2.501258477682205392E-15, 0.0000000000000000000 ) ) ;
#2277 = VERTEX_POINT ( 'NONE', #2456 ) ;
#2278 = DIRECTION ( 'NONE',  ( -1.000000000000000000, -0.0000000000000000000, -0.0000000000000000000 ) ) ;
#2279 = VERTEX_POINT ( 'NONE', #2374 ) ;
#2280 = DIRECTION ( 'NONE',  ( -0.5735764363510529318, -0.8191520442889870246, 0.0000000000000000000 ) ) ;
#2281 = CARTESIAN_POINT ( 'NONE',  ( 17.92500006683415847, -6.000000000000000888, 7.347880794884123680E-16 ) ) ;
#2282 = CYLINDRICAL_SURFACE ( 'NONE', #1141, 5.999999999999863221 ) ;
#2283 = VERTEX_POINT ( 'NONE', #2507 ) ;
#2284 = EDGE_LOOP ( 'NONE', ( #4573, #3314, #2451, #458, #5174 ) ) ;
#2285 = ORIENTED_EDGE ( 'NONE', *, *, #2989, .T. ) ;
#2286 = AXIS2_PLACEMENT_3D ( 'NONE', #4316, #4230, #4300 ) ;
#2287 = ORIENTED_EDGE ( 'NONE', *, *, #3165, .T. ) ;
#2288 = AXIS2_PLACEMENT_3D ( 'NONE', #4249, #4282, #4243 ) ;
#2289 = DIRECTION ( 'NONE',  ( 0.0000000000000000000, 1.000000000000000000, 0.0000000000000000000 ) ) ;
#2290 = AXIS2_PLACEMENT_3D ( 'NONE', #4206, #4227, #4235 ) ;
#2291 = FACE_OUTER_BOUND ( 'NONE', #4289, .T. ) ;
#2292 = ORIENTED_EDGE ( 'NONE', *, *, #3691, .F. ) ;
#2293 = ORIENTED_EDGE ( 'NONE', *, *, #4297, .T. ) ;
#2294 = LINE ( 'NONE', #3094, #2164 ) ;
#2295 = CARTESIAN_POINT ( 'NONE',  ( 23.10978267552981080, 2.583919414749769470E-15, 0.0000000000000000000 ) ) ;
#2296 = DIRECTION ( 'NONE',  ( -1.000000000000000000, -1.224606353822377258E-16, -0.0000000000000000000 ) ) ;
#2297 = CONICAL_SURFACE ( 'NONE', #2432, 5.036000000000003141, 0.9599310885968728169 ) ;
#2298 = DIRECTION ( 'NONE',  ( 0.0000000000000000000, 1.000000000000000000, 0.0000000000000000000 ) ) ;
#2299 = VERTEX_POINT ( 'NONE', #2503 ) ;
#2300 = AXIS2_PLACEMENT_3D ( 'NONE', #4160, #4204, #4155 ) ;
#2301 = PRODUCT_DEFINITION_FORMATION_WITH_SPECIFIED_SOURCE ( 'ANY', '', #4003, .NOT_KNOWN. ) ;
#2302 = DIRECTION ( 'NONE',  ( 0.5735764363510450492, 0.8191520442889925757, 0.0000000000000000000 ) ) ;
#2303 = DIRECTION ( 'NONE',  ( 1.000000000000000000, 1.224606353822377258E-16, 0.0000000000000000000 ) ) ;
#2304 = FACE_OUTER_BOUND ( 'NONE', #4936, .T. ) ;
#2305 = ORIENTED_EDGE ( 'NONE', *, *, #4342, .T. ) ;
#2306 = AXIS2_PLACEMENT_3D ( 'NONE', #2007, #2109, #3874 ) ;
#2307 = DIRECTION ( 'NONE',  ( 0.0000000000000000000, -1.000000000000000000, 1.188187522481193495E-15 ) ) ;
#2308 = CARTESIAN_POINT ( 'NONE',  ( 16.57499993316583087, 2.418597540614639737E-15, 0.0000000000000000000 ) ) ;
#2309 = DIRECTION ( 'NONE',  ( -1.000000000000000000, -0.0000000000000000000, -0.0000000000000000000 ) ) ;
#2310 = DIRECTION ( 'NONE',  ( 0.0000000000000000000, 1.000000000000000000, 0.0000000000000000000 ) ) ;
#2311 = VECTOR ( 'NONE', #4063, 1000.000000000000000 ) ;
#2312 = ADVANCED_FACE ( 'NONE', ( #1585 ), #1397, .T. ) ;
#2313 = DIRECTION ( 'NONE',  ( 0.0000000000000000000, -1.000000000000000000, 0.0000000000000000000 ) ) ;
#2314 = AXIS2_PLACEMENT_3D ( 'NONE', #4073, #4146, #4116 ) ;
#2315 = ORIENTED_EDGE ( 'NONE', *, *, #3702, .F. ) ;
#2316 = DIRECTION ( 'NONE',  ( 0.0000000000000000000, 1.000000000000000000, 0.0000000000000000000 ) ) ;
#2317 = PLANE ( 'NONE',  #286 ) ;
#2318 = FACE_OUTER_BOUND ( 'NONE', #1273, .T. ) ;
#2319 = DIRECTION ( 'NONE',  ( -1.000000000000000000, 0.0000000000000000000, -0.0000000000000000000 ) ) ;
#2320 = CARTESIAN_POINT ( 'NONE',  ( -31.74999999999995737, 7.347880794883952103E-16, -5.999999999999863221 ) ) ;
#2321 = AXIS2_PLACEMENT_3D ( 'NONE', #4049, #4058, #4028 ) ;
#2322 = AXIS2_PLACEMENT_3D ( 'NONE', #3986, #3992, #4022 ) ;
#2323 = EDGE_LOOP ( 'NONE', ( #358, #2491 ) ) ;
#2324 = AXIS2_PLACEMENT_3D ( 'NONE', #3963, #3973, #3926 ) ;
#2325 = CONICAL_SURFACE ( 'NONE', #2453, 5.036000000000003141, 0.9599310885968728169 ) ;
#2326 = VERTEX_POINT ( 'NONE', #1948 ) ;
#2327 = CARTESIAN_POINT ( 'NONE',  ( 38.66413050161676779, 2.583919414749769470E-15, 0.0000000000000000000 ) ) ;
#2328 = DIRECTION ( 'NONE',  ( -0.0000000000000000000, 0.0000000000000000000, 1.000000000000000000 ) ) ;
#2329 = ADVANCED_FACE ( 'NONE', ( #1563 ), #1366, .T. ) ;
#2330 = CARTESIAN_POINT ( 'NONE',  ( -31.74999999999995737, 7.347880794883952103E-16, -5.999999999999863221 ) ) ;
#2331 = FACE_OUTER_BOUND ( 'NONE', #3583, .T. ) ;
#2332 = AXIS2_PLACEMENT_3D ( 'NONE', #3958, #3915, #3941 ) ;
#2333 = DIRECTION ( 'NONE',  ( -1.000000000000000000, -1.224606353822377258E-16, -0.0000000000000000000 ) ) ;
#2334 = DIRECTION ( 'NONE',  ( 0.0000000000000000000, 1.000000000000000000, 0.0000000000000000000 ) ) ;
#2335 = CONICAL_SURFACE ( 'NONE', #457, 6.000000000000002665, 0.9599310885968824758 ) ;
#2336 = DIRECTION ( 'NONE',  ( 0.0000000000000000000, -1.000000000000000000, 0.0000000000000000000 ) ) ;
#2337 = ORIENTED_EDGE ( 'NONE', *, *, #3046, .F. ) ;
#2338 = CARTESIAN_POINT ( 'NONE',  ( 45.57717397987763519, 7.347880794883521188E-16, -6.000000000000002665 ) ) ;
#2339 = CIRCLE ( 'NONE', #808, 6.000000000000002665 ) ;
#2340 = CONICAL_SURFACE ( 'NONE', #2463, 5.036000000000003141, 0.9599310885968728169 ) ;
#2341 = ORIENTED_EDGE ( 'NONE', *, *, #2831, .F. ) ;
#2342 = LINE ( 'NONE', #3164, #1950 ) ;
#2343 = CARTESIAN_POINT ( 'NONE',  ( 29.34782608695652328, 2.501258477682205392E-15, 0.0000000000000000000 ) ) ;
#2344 = AXIS2_PLACEMENT_3D ( 'NONE', #4092, #4104, #4061 ) ;
#2345 = CARTESIAN_POINT ( 'NONE',  ( 36.93586963205154916, 7.347880794883521188E-16, -6.000000000000002665 ) ) ;
#2346 = CARTESIAN_POINT ( 'NONE',  ( 0.0000000000000000000, -2.919948986426526005, 5.057499999999995666 ) ) ;
#2347 = AXIS2_PLACEMENT_3D ( 'NONE', #3982, #4066, #4078 ) ;
#2348 = FACE_OUTER_BOUND ( 'NONE', #2853, .T. ) ;
#2349 = CIRCLE ( 'NONE', #401, 6.000000000000002665 ) ;
#2350 = AXIS2_PLACEMENT_3D ( 'NONE', #3881, #3886, #3897 ) ;
#2351 = CIRCLE ( 'NONE', #1464, 6.000000000000002665 ) ;
#2352 = AXIS2_PLACEMENT_3D ( 'NONE', #3900, #3855, #3911 ) ;
#2353 = VERTEX_POINT ( 'NONE', #2055 ) ;
#2354 = DIRECTION ( 'NONE',  ( 0.0000000000000000000, -1.000000000000000000, 0.0000000000000000000 ) ) ;
#2355 = ORIENTED_EDGE ( 'NONE', *, *, #2989, .F. ) ;
#2356 = ADVANCED_FACE ( 'NONE', ( #1428 ), #1114, .T. ) ;
#2357 = FACE_OUTER_BOUND ( 'NONE', #1054, .T. ) ;
#2358 = AXIS2_PLACEMENT_3D ( 'NONE', #3802, #3815, #3696 ) ;
#2359 = AXIS2_PLACEMENT_3D ( 'NONE', #3742, #3739, #3761 ) ;
#2360 = DIRECTION ( 'NONE',  ( 0.0000000000000000000, 1.000000000000000000, -1.188187522481193495E-15 ) ) ;
#2361 = CARTESIAN_POINT ( 'NONE',  ( -31.74999999999995737, 0.0000000000000000000, 5.999999999999863221 ) ) ;
#2362 = DIRECTION ( 'NONE',  ( -1.000000000000000000, -0.0000000000000000000, -0.0000000000000000000 ) ) ;
#2363 = LINE ( 'NONE', #173, #4183 ) ;
#2364 = ORIENTED_EDGE ( 'NONE', *, *, #2937, .T. ) ;
#2365 = CONICAL_SURFACE ( 'NONE', #2472, 6.000000000000002665, 0.9599310885968824758 ) ;
#2366 = ORIENTED_EDGE ( 'NONE', *, *, #2717, .F. ) ;
#2367 = CARTESIAN_POINT ( 'NONE',  ( 56.99999999999999289, 0.0000000000000000000, 5.035999999999999588 ) ) ;
#2368 = CARTESIAN_POINT ( 'NONE',  ( 6.000000000000000000, 5.839897972853066221, -1.561251128379126385E-14 ) ) ;
#2369 = AXIS2_PLACEMENT_3D ( 'NONE', #3772, #3775, #3767 ) ;
#2370 = CARTESIAN_POINT ( 'NONE',  ( -31.74999999999995737, 0.0000000000000000000, 0.0000000000000000000 ) ) ;
#2371 = ORIENTED_EDGE ( 'NONE', *, *, #3469, .F. ) ;
#2372 = CARTESIAN_POINT ( 'NONE',  ( 26.94456515055713197, 2.418597540614639737E-15, 0.0000000000000000000 ) ) ;
#2373 = DIRECTION ( 'NONE',  ( 0.0000000000000000000, 0.0000000000000000000, 1.000000000000000000 ) ) ;
#2374 = CARTESIAN_POINT ( 'NONE',  ( 6.000000000000000000, -5.839897972853064445, -8.673617379884035472E-16 ) ) ;
#2375 = PLANE ( 'NONE',  #2178 ) ;
#2376 = FACE_OUTER_BOUND ( 'NONE', #3751, .T. ) ;
#2377 = ORIENTED_EDGE ( 'NONE', *, *, #3835, .F. ) ;
#2378 = AXIS2_PLACEMENT_3D ( 'NONE', #3618, #3640, #3651 ) ;
#2379 = DIRECTION ( 'NONE',  ( -1.000000000000000000, -1.224606353822377258E-16, -0.0000000000000000000 ) ) ;
#2380 = CARTESIAN_POINT ( 'NONE',  ( 43.84891311031241656, 2.583919414749769470E-15, 0.0000000000000000000 ) ) ;
#2381 = CARTESIAN_POINT ( 'NONE',  ( 21.75978254186147964, -5.585196838722983974E-29, 6.000000000000002665 ) ) ;
#2382 = FACE_OUTER_BOUND ( 'NONE', #3898, .T. ) ;
#2383 = ORIENTED_EDGE ( 'NONE', *, *, #3916, .T. ) ;
#2384 = AXIS2_PLACEMENT_3D ( 'NONE', #3705, #3685, #3704 ) ;
#2385 = ADVANCED_FACE ( 'NONE', ( #1377 ), #1536, .T. ) ;
#2386 = DIRECTION ( 'NONE',  ( 0.0000000000000000000, 1.000000000000000000, 0.0000000000000000000 ) ) ;
#2387 = DIRECTION ( 'NONE',  ( -1.000000000000000000, -1.224606353822377258E-16, -0.0000000000000000000 ) ) ;
#2388 = CARTESIAN_POINT ( 'NONE',  ( 17.25000000000000000, 2.501258477682205392E-15, 0.0000000000000000000 ) ) ;
#2389 = ADVANCED_FACE ( 'NONE', ( #1455 ), #1111, .T. ) ;
#2390 = CARTESIAN_POINT ( 'NONE',  ( 11.99999999999999645, 1.102182119232617714E-15, -9.000000000000000000 ) ) ;
#2391 = CYLINDRICAL_SURFACE ( 'NONE', #1490, 5.999999999999863221 ) ;
#2392 = ORIENTED_EDGE ( 'NONE', *, *, #4271, .T. ) ;
#2393 = DIRECTION ( 'NONE',  ( 0.0000000000000000000, 1.000000000000000000, -1.224646799147353207E-16 ) ) ;
#2394 = AXIS2_PLACEMENT_3D ( 'NONE', #3718, #3722, #3648 ) ;
#2395 = SURFACE_STYLE_FILL_AREA ( #2633 ) ;
#2396 = CARTESIAN_POINT ( 'NONE',  ( 48.35869565217391397, 2.501258477682205392E-15, 0.0000000000000000000 ) ) ;
#2397 = ORIENTED_EDGE ( 'NONE', *, *, #4835, .F. ) ;
#2398 = DIRECTION ( 'NONE',  ( -1.000000000000000000, -1.224606353822377258E-16, -0.0000000000000000000 ) ) ;
#2399 = VERTEX_POINT ( 'NONE', #2559 ) ;
#2400 = AXIS2_PLACEMENT_3D ( 'NONE', #3531, #3616, #3602 ) ;
#2401 = DIRECTION ( 'NONE',  ( 1.000000000000000000, 1.224606353822377258E-16, 0.0000000000000000000 ) ) ;
#2402 = DIRECTION ( 'NONE',  ( -1.000000000000000000, -1.224606353822377258E-16, -0.0000000000000000000 ) ) ;
#2403 = VERTEX_POINT ( 'NONE', #2474 ) ;
#2404 = CARTESIAN_POINT ( 'NONE',  ( 48.35869565217391397, 2.501258477682205392E-15, 0.0000000000000000000 ) ) ;
#2405 = DIRECTION ( 'NONE',  ( 0.0000000000000000000, 1.224646799147354933E-16, 1.000000000000000000 ) ) ;
#2406 = CARTESIAN_POINT ( 'NONE',  ( 54.59673906360060869, 2.418597540614639737E-15, 0.0000000000000000000 ) ) ;
#2407 = DIRECTION ( 'NONE',  ( -1.000000000000000000, -0.0000000000000000000, -0.0000000000000000000 ) ) ;
#2408 = CARTESIAN_POINT ( 'NONE',  ( 39.04239123751365526, -5.623715437610728691E-29, 6.000000000000002665 ) ) ;
#2409 = EDGE_LOOP ( 'NONE', ( #3100, #4485, #3440, #3929, #959, #200 ) ) ;
#2410 = CARTESIAN_POINT ( 'NONE',  ( 12.59999999999999964, 0.0000000000000000000, -6.599999999999862865 ) ) ;
#2411 = DIRECTION ( 'NONE',  ( 0.0000000000000000000, -1.000000000000000000, 0.0000000000000000000 ) ) ;
#2412 = DIRECTION ( 'NONE',  ( 0.0000000000000000000, -1.000000000000000000, 0.0000000000000000000 ) ) ;
#2413 = CARTESIAN_POINT ( 'NONE',  ( 35.58586949838321800, -5.623715437610728691E-29, 6.000000000000002665 ) ) ;
#2414 = ORIENTED_EDGE ( 'NONE', *, *, #3658, .T. ) ;
#2415 = PRESENTATION_STYLE_ASSIGNMENT (( #2144 ) ) ;
#2416 = CIRCLE ( 'NONE', #970, 5.035999999999999588 ) ;
#2417 = DIRECTION ( 'NONE',  ( 0.0000000000000000000, -1.000000000000000000, 0.0000000000000000000 ) ) ;
#2418 = DIRECTION ( 'NONE',  ( 0.0000000000000000000, -1.000000000000000000, 0.0000000000000000000 ) ) ;
#2419 = DIRECTION ( 'NONE',  ( 0.0000000000000000000, -1.000000000000000000, 0.0000000000000000000 ) ) ;
#2420 = FACE_OUTER_BOUND ( 'NONE', #2084, .T. ) ;
#2421 = AXIS2_PLACEMENT_3D ( 'NONE', #3610, #3600, #3608 ) ;
#2422 = AXIS2_PLACEMENT_3D ( 'NONE', #3580, #3423, #3544 ) ;
#2423 = DIRECTION ( 'NONE',  ( 0.0000000000000000000, 0.0000000000000000000, 1.000000000000000000 ) ) ;
#2424 = FACE_OUTER_BOUND ( 'NONE', #4383, .T. ) ;
#2425 = DIRECTION ( 'NONE',  ( -1.000000000000000000, -1.224606353822377258E-16, -0.0000000000000000000 ) ) ;
#2426 = COLOUR_RGB ( '',0.7764705882352941346, 0.7568627450980391913, 0.7372549019607843590 ) ;
#2427 = CARTESIAN_POINT ( 'NONE',  ( 0.0000000000000000000, 0.0000000000000000000, 0.0000000000000000000 ) ) ;
#2428 = CIRCLE ( 'NONE', #1146, 6.000000000000002665 ) ;
#2429 = ORIENTED_EDGE ( 'NONE', *, *, #2709, .F. ) ;
#2430 = LINE ( 'NONE', #1230, #2479 ) ;
#2431 = AXIS2_PLACEMENT_3D ( 'NONE', #3312, #3391, #3421 ) ;
#2432 = AXIS2_PLACEMENT_3D ( 'NONE', #3329, #3491, #3435 ) ;
#2433 = CARTESIAN_POINT ( 'NONE',  ( -31.74999999999995737, 7.347880794883952103E-16, -5.999999999999863221 ) ) ;
#2434 = DIRECTION ( 'NONE',  ( -1.000000000000000000, -1.224606353822377258E-16, -0.0000000000000000000 ) ) ;
#2435 = CARTESIAN_POINT ( 'NONE',  ( 36.93586963205154916, 2.583919414749769470E-15, 0.0000000000000000000 ) ) ;
#2436 = VERTEX_POINT ( 'NONE', #2016 ) ;
#2437 = EDGE_LOOP ( 'NONE', ( #1155, #144, #5172, #4858, #1072 ) ) ;
#2438 = ORIENTED_EDGE ( 'NONE', *, *, #3826, .F. ) ;
#2439 = CARTESIAN_POINT ( 'NONE',  ( -31.74999999999995737, 0.0000000000000000000, 0.0000000000000000000 ) ) ;
#2440 = CARTESIAN_POINT ( 'NONE',  ( 37.98913043478260931, 5.036000000000005805, 0.0000000000000000000 ) ) ;
#2441 = ORIENTED_EDGE ( 'NONE', *, *, #4074, .T. ) ;
#2442 = ORIENTED_EDGE ( 'NONE', *, *, #4745, .F. ) ;
#2443 = CARTESIAN_POINT ( 'NONE',  ( -31.74999999999995737, 7.347880794883952103E-16, -5.999999999999863221 ) ) ;
#2444 = DIRECTION ( 'NONE',  ( -1.000000000000000000, -0.0000000000000000000, -0.0000000000000000000 ) ) ;
#2445 = ORIENTED_EDGE ( 'NONE', *, *, #2818, .F. ) ;
#2446 = LINE ( 'NONE', #471, #1290 ) ;
#2447 = ORIENTED_EDGE ( 'NONE', *, *, #2954, .F. ) ;
#2448 = DIRECTION ( 'NONE',  ( -1.000000000000000000, -1.224606353822377258E-16, -0.0000000000000000000 ) ) ;
#2449 = DIRECTION ( 'NONE',  ( 0.0000000000000000000, 0.0000000000000000000, 1.000000000000000000 ) ) ;
#2450 = DIRECTION ( 'NONE',  ( -1.000000000000000000, -1.224606353822377258E-16, -0.0000000000000000000 ) ) ;
#2451 = ORIENTED_EDGE ( 'NONE', *, *, #4052, .T. ) ;
#2452 = AXIS2_PLACEMENT_3D ( 'NONE', #3313, #3327, #3299 ) ;
#2453 = AXIS2_PLACEMENT_3D ( 'NONE', #3248, #3294, #3307 ) ;
#2454 = DIRECTION ( 'NONE',  ( 0.0000000000000000000, -1.000000000000000000, 0.0000000000000000000 ) ) ;
#2455 = ORIENTED_EDGE ( 'NONE', *, *, #3643, .T. ) ;
#2456 = CARTESIAN_POINT ( 'NONE',  ( 54.21847832770372833, 7.347880794883521188E-16, -6.000000000000002665 ) ) ;
#2457 = CIRCLE ( 'NONE', #449, 6.000000000000002665 ) ;
#2458 = DIRECTION ( 'NONE',  ( 1.000000000000000000, 0.0000000000000000000, 0.0000000000000000000 ) ) ;
#2459 = CIRCLE ( 'NONE', #343, 6.000000000000002665 ) ;
#2460 = CARTESIAN_POINT ( 'NONE',  ( 56.99999999999999289, 6.757601037694926946E-16, -5.035999999999999588 ) ) ;
#2461 = VERTEX_POINT ( 'NONE', #2368 ) ;
#2462 = CONICAL_SURFACE ( 'NONE', #862, 5.036000000000003141, 0.9599310885968728169 ) ;
#2463 = AXIS2_PLACEMENT_3D ( 'NONE', #3221, #4277, #3227 ) ;
#2464 = DIRECTION ( 'NONE',  ( 0.0000000000000000000, 0.0000000000000000000, 1.000000000000000000 ) ) ;
#2465 = CARTESIAN_POINT ( 'NONE',  ( 25.21630428099191690, 2.418597540614639737E-15, 0.0000000000000000000 ) ) ;
#2466 = DIRECTION ( 'NONE',  ( -1.000000000000000000, -0.0000000000000000000, -0.0000000000000000000 ) ) ;
#2467 = CIRCLE ( 'NONE', #863, 6.000000000000002665 ) ;
#2468 = DIRECTION ( 'NONE',  ( -1.000000000000000000, -0.0000000000000000000, -0.0000000000000000000 ) ) ;
#2469 = ORIENTED_EDGE ( 'NONE', *, *, #3262, .F. ) ;
#2470 = EDGE_LOOP ( 'NONE', ( #2124, #2480, #3131, #127, #3068, #4892 ) ) ;
#2471 = DIRECTION ( 'NONE',  ( 0.0000000000000000000, 0.0000000000000000000, -1.000000000000000000 ) ) ;
#2472 = AXIS2_PLACEMENT_3D ( 'NONE', #1107, #4106, #4141 ) ;
#2473 = DIRECTION ( 'NONE',  ( 0.0000000000000000000, -1.000000000000000000, 0.0000000000000000000 ) ) ;
#2474 = CARTESIAN_POINT ( 'NONE',  ( 12.00000000000000000, 0.0000000000000000000, -6.599999999999862865 ) ) ;
#2475 = ORIENTED_EDGE ( 'NONE', *, *, #3621, .F. ) ;
#2476 = VERTEX_POINT ( 'NONE', #2513 ) ;
#2477 = CARTESIAN_POINT ( 'NONE',  ( 26.94456515055713197, 2.418597540614639737E-15, 0.0000000000000000000 ) ) ;
#2478 = ORIENTED_EDGE ( 'NONE', *, *, #3296, .T. ) ;
#2479 = VECTOR ( 'NONE', #1999, 1000.000000000000000 ) ;
#2480 = ORIENTED_EDGE ( 'NONE', *, *, #2627, .T. ) ;
#2481 = FACE_OUTER_BOUND ( 'NONE', #2100, .T. ) ;
#2482 = ADVANCED_FACE ( 'NONE', ( #1342 ), #2099, .F. ) ;
#2483 = DIRECTION ( 'NONE',  ( -1.000000000000000000, -0.0000000000000000000, -0.0000000000000000000 ) ) ;
#2484 = ORIENTED_EDGE ( 'NONE', *, *, #4477, .F. ) ;
#2485 = DIRECTION ( 'NONE',  ( 0.0000000000000000000, -1.000000000000000000, 0.0000000000000000000 ) ) ;
#2486 = DIRECTION ( 'NONE',  ( 0.0000000000000000000, 1.000000000000000000, 0.0000000000000000000 ) ) ;
#2487 = CARTESIAN_POINT ( 'NONE',  ( 47.30543484944285382, 7.347880794883521188E-16, -6.000000000000002665 ) ) ;
#2488 = AXIS2_PLACEMENT_3D ( 'NONE', #4145, #4270, #4258 ) ;
#2489 = VERTEX_POINT ( 'NONE', #1987 ) ;
#2490 = CIRCLE ( 'NONE', #1337, 6.000000000000002665 ) ;
#2491 = ORIENTED_EDGE ( 'NONE', *, *, #2700, .F. ) ;
#2492 = CARTESIAN_POINT ( 'NONE',  ( 25.21630428099191690, -5.999999999999999112, 0.0000000000000000000 ) ) ;
#2493 = DIRECTION ( 'NONE',  ( -1.000000000000000000, -1.224606353822377258E-16, -0.0000000000000000000 ) ) ;
#2494 = DIRECTION ( 'NONE',  ( 0.0000000000000000000, 1.000000000000000000, 0.0000000000000000000 ) ) ;
#2495 = ORIENTED_EDGE ( 'NONE', *, *, #3302, .F. ) ;
#2496 = AXIS2_PLACEMENT_3D ( 'NONE', #4501, #4481, #4495 ) ;
#2497 = AXIS2_PLACEMENT_3D ( 'NONE', #4434, #4417, #4499 ) ;
#2498 = DIRECTION ( 'NONE',  ( -1.000000000000000000, -1.224606353822377258E-16, -0.0000000000000000000 ) ) ;
#2499 = CARTESIAN_POINT ( 'NONE',  ( -31.74999999999995737, 0.0000000000000000000, 0.0000000000000000000 ) ) ;
#2500 = CARTESIAN_POINT ( 'NONE',  ( 55.94673919726893985, -6.000000000000000888, 7.347880794884123680E-16 ) ) ;
#2501 = ORIENTED_EDGE ( 'NONE', *, *, #3398, .T. ) ;
#2502 = CARTESIAN_POINT ( 'NONE',  ( 23.10978267552981080, 6.000000000000004441, 0.0000000000000000000 ) ) ;
#2503 = CARTESIAN_POINT ( 'NONE',  ( 55.27173913043478137, -5.036000000000000476, 6.757601037695098523E-16 ) ) ;
#2504 = DIRECTION ( 'NONE',  ( -1.000000000000000000, -1.224606353822377258E-16, -0.0000000000000000000 ) ) ;
#2505 =( GEOMETRIC_REPRESENTATION_CONTEXT ( 3 ) GLOBAL_UNCERTAINTY_ASSIGNED_CONTEXT ( ( #5055 ) ) GLOBAL_UNIT_ASSIGNED_CONTEXT ( ( #3888, #2678, #4542 ) ) REPRESENTATION_CONTEXT ( 'NONE', 'WORKASPACE' ) );
#2506 = DIRECTION ( 'NONE',  ( -0.5735764363510529318, -0.8191520442889870246, 0.0000000000000000000 ) ) ;
#2507 = CARTESIAN_POINT ( 'NONE',  ( 6.000000000000000000, 4.379923479639799666, -2.528750000000008935 ) ) ;
#2508 = MECHANICAL_DESIGN_GEOMETRIC_PRESENTATION_REPRESENTATION (  '', ( #2523 ), #2505 ) ;
#2509 = CIRCLE ( 'NONE', #649, 6.000000000000002665 ) ;
#2510 = VERTEX_POINT ( 'NONE', #1506 ) ;
#2511 = ORIENTED_EDGE ( 'NONE', *, *, #2617, .F. ) ;
#2512 = DIRECTION ( 'NONE',  ( -1.000000000000000000, -1.224606353822377258E-16, -0.0000000000000000000 ) ) ;
#2513 = CARTESIAN_POINT ( 'NONE',  ( 41.44565217391304657, -5.036000000000000476, 6.757601037695098523E-16 ) ) ;
#2514 = VERTEX_POINT ( 'NONE', #2636 ) ;
#2515 = PRESENTATION_LAYER_ASSIGNMENT (  '', '', ( #2523 ) ) ;
#2516 = CARTESIAN_POINT ( 'NONE',  ( 28.29456528422546313, 2.583919414749769470E-15, 0.0000000000000000000 ) ) ;
#2517 = DIRECTION ( 'NONE',  ( -0.5735764363510532649, 0.8191520442889868026, 1.003171929053518707E-16 ) ) ;
#2518 = DIRECTION ( 'NONE',  ( 0.0000000000000000000, -1.000000000000000000, 0.0000000000000000000 ) ) ;
#2519 = CIRCLE ( 'NONE', #509, 5.036000000000003141 ) ;
#2520 = LINE ( 'NONE', #4422, #3311 ) ;
#2521 = AXIS2_PLACEMENT_3D ( 'NONE', #3623, #3401, #3731 ) ;
#2522 = CARTESIAN_POINT ( 'NONE',  ( 40.39239137118198641, 7.347880794883521188E-16, -6.000000000000002665 ) ) ;
#2523 = STYLED_ITEM ( 'NONE', ( #3330 ), #132 ) ;
#2524 = FACE_OUTER_BOUND ( 'NONE', #3843, .T. ) ;
#2525 = COLOUR_RGB ( '',0.7764705882352941346, 0.7568627450980391913, 0.7372549019607843590 ) ;
#2526 = ORIENTED_EDGE ( 'NONE', *, *, #3477, .T. ) ;
#2527 = CARTESIAN_POINT ( 'NONE',  ( 23.48804341142669827, 2.418597540614639737E-15, 0.0000000000000000000 ) ) ;
#2528 = AXIS2_PLACEMENT_3D ( 'NONE', #3712, #3499, #3841 ) ;
#2529 = VERTEX_POINT ( 'NONE', #2944 ) ;
#2530 = DIRECTION ( 'NONE',  ( -1.000000000000000000, -0.0000000000000000000, -0.0000000000000000000 ) ) ;
#2531 = ORIENTED_EDGE ( 'NONE', *, *, #2831, .T. ) ;
#2532 = AXIS2_PLACEMENT_3D ( 'NONE', #3439, #3656, #3471 ) ;
#2533 = AXIS2_PLACEMENT_3D ( 'NONE', #3382, #3346, #4014 ) ;
#2534 = ORIENTED_EDGE ( 'NONE', *, *, #4731, .T. ) ;
#2535 = CARTESIAN_POINT ( 'NONE',  ( -31.74999999999995737, 0.0000000000000000000, 0.0000000000000000000 ) ) ;
#2536 =( LENGTH_UNIT ( ) NAMED_UNIT ( * ) SI_UNIT ( .MILLI., .METRE. ) );
#2537 = ORIENTED_EDGE ( 'NONE', *, *, #4884, .T. ) ;
#2538 = AXIS2_PLACEMENT_3D ( 'NONE', #3467, #3562, #3357 ) ;
#2539 = CARTESIAN_POINT ( 'NONE',  ( 51.81521739130434412, 2.501258477682205392E-15, 0.0000000000000000000 ) ) ;
#2540 = CARTESIAN_POINT ( 'NONE',  ( 25.21630428099191690, 2.418597540614639737E-15, 0.0000000000000000000 ) ) ;
#2541 = CARTESIAN_POINT ( 'NONE',  ( 52.86847819403539717, -5.999999999999999112, 0.0000000000000000000 ) ) ;
#2542 = CARTESIAN_POINT ( 'NONE',  ( 24.83804354509502943, 2.583919414749769470E-15, 0.0000000000000000000 ) ) ;
#2543 = FACE_OUTER_BOUND ( 'NONE', #163, .T. ) ;
#2544 = AXIS2_PLACEMENT_3D ( 'NONE', #4276, #515, #5065 ) ;
#2545 = VERTEX_POINT ( 'NONE', #2050 ) ;
#2546 = AXIS2_PLACEMENT_3D ( 'NONE', #4332, #462, #4251 ) ;
#2547 = ADVANCED_FACE ( 'NONE', ( #1073 ), #1052, .F. ) ;
#2548 = VECTOR ( 'NONE', #1769, 1000.000000000000114 ) ;
#2549 = CARTESIAN_POINT ( 'NONE',  ( 32.12934775925278785, 2.418597540614639737E-15, 0.0000000000000000000 ) ) ;
#2550 = ORIENTED_EDGE ( 'NONE', *, *, #4423, .T. ) ;
#2551 = DIRECTION ( 'NONE',  ( -1.000000000000000000, -1.224606353822377258E-16, -0.0000000000000000000 ) ) ;
#2552 = CARTESIAN_POINT ( 'NONE',  ( -31.74999999999995737, 7.347880794883952103E-16, -5.999999999999863221 ) ) ;
#2553 = ORIENTED_EDGE ( 'NONE', *, *, #3741, .F. ) ;
#2554 = CARTESIAN_POINT ( 'NONE',  ( -31.74999999999995737, 0.0000000000000000000, 5.999999999999863221 ) ) ;
#2555 = EDGE_CURVE ( 'NONE', #4960, #5103, #1103, .T. ) ;
#2556 = ORIENTED_EDGE ( 'NONE', *, *, #2781, .F. ) ;
#2557 = EDGE_LOOP ( 'NONE', ( #2371, #2833, #706, #1060, #1262 ) ) ;
#2558 = DIRECTION ( 'NONE',  ( 0.0000000000000000000, -1.000000000000000000, 0.0000000000000000000 ) ) ;
#2559 = CARTESIAN_POINT ( 'NONE',  ( 26.94456515055713197, -5.623715437610728691E-29, 6.000000000000002665 ) ) ;
#2560 = DIRECTION ( 'NONE',  ( 0.0000000000000000000, -1.000000000000000000, 0.0000000000000000000 ) ) ;
#2561 = ADVANCED_FACE ( 'NONE', ( #1050 ), #1300, .T. ) ;
#2562 = EDGE_CURVE ( 'NONE', #2231, #1488, #1307, .T. ) ;
#2563 = LINE ( 'NONE', #3364, #4713 ) ;
#2564 = EDGE_CURVE ( 'NONE', #1402, #3448, #1410, .T. ) ;
#2565 = CARTESIAN_POINT ( 'NONE',  ( 20.70652173913043725, 2.501258477682205392E-15, 0.0000000000000000000 ) ) ;
#2566 = CARTESIAN_POINT ( 'NONE',  ( -31.74999999999995737, 0.0000000000000000000, 0.0000000000000000000 ) ) ;
#2567 = CARTESIAN_POINT ( 'NONE',  ( 21.38152180596459573, 2.583919414749769470E-15, 0.0000000000000000000 ) ) ;
#2568 = ORIENTED_EDGE ( 'NONE', *, *, #2983, .F. ) ;
#2569 = LINE ( 'NONE', #2594, #2946 ) ;
#2570 = CONICAL_SURFACE ( 'NONE', #2260, 5.036000000000003141, 0.9599310885968728169 ) ;
#2571 = CARTESIAN_POINT ( 'NONE',  ( 26.56630441466024450, 2.583919414749769470E-15, 0.0000000000000000000 ) ) ;
#2572 = CARTESIAN_POINT ( 'NONE',  ( 40.39239137118198641, 2.583919414749769470E-15, 0.0000000000000000000 ) ) ;
#2573 = EDGE_CURVE ( 'NONE', #30, #3473, #1081, .T. ) ;
#2574 = DIRECTION ( 'NONE',  ( 0.0000000000000000000, -1.000000000000000000, 0.0000000000000000000 ) ) ;
#2575 = DIRECTION ( 'NONE',  ( 0.0000000000000000000, 0.0000000000000000000, 1.000000000000000000 ) ) ;
#2576 = ORIENTED_EDGE ( 'NONE', *, *, #3098, .T. ) ;
#2577 = EDGE_CURVE ( 'NONE', #4824, #3362, #1130, .T. ) ;
#2578 = ORIENTED_EDGE ( 'NONE', *, *, #4286, .F. ) ;
#2579 = CARTESIAN_POINT ( 'NONE',  ( 33.85760862881799937, -5.546678239835239257E-29, 6.000000000000002665 ) ) ;
#2580 = CARTESIAN_POINT ( 'NONE',  ( 18.97826086956521863, 2.501258477682205392E-15, 0.0000000000000000000 ) ) ;
#2581 = CARTESIAN_POINT ( 'NONE',  ( -0.0000000000000000000, -5.839897972853064445, -8.673617379884035472E-16 ) ) ;
#2582 = CONICAL_SURFACE ( 'NONE', #2262, 6.000000000000002665, 0.9599310885968824758 ) ;
#2583 = ORIENTED_EDGE ( 'NONE', *, *, #3883, .F. ) ;
#2584 = CIRCLE ( 'NONE', #301, 0.5999999999999998668 ) ;
#2585 = DIRECTION ( 'NONE',  ( 0.0000000000000000000, -1.000000000000000000, 0.0000000000000000000 ) ) ;
#2586 = EDGE_CURVE ( 'NONE', #2177, #4830, #1540, .T. ) ;
#2587 = CARTESIAN_POINT ( 'NONE',  ( 0.6000000000000033085, 0.0000000000000000000, 8.400000000000000355 ) ) ;
#2588 = LINE ( 'NONE', #982, #1598 ) ;
#2589 = ORIENTED_EDGE ( 'NONE', *, *, #2996, .T. ) ;
#2590 = VECTOR ( 'NONE', #1278, 999.9999999999998863 ) ;
#2591 = EDGE_CURVE ( 'NONE', #3048, #2859, #1293, .T. ) ;
#2592 = CARTESIAN_POINT ( 'NONE',  ( 17.92500006683415847, 7.347880794883521188E-16, -6.000000000000002665 ) ) ;
#2593 = SURFACE_SIDE_STYLE ('',( #2652 ) ) ;
#2594 = CARTESIAN_POINT ( 'NONE',  ( 26.56630441466024450, 6.000000000000005329, 0.0000000000000000000 ) ) ;
#2595 = ORIENTED_EDGE ( 'NONE', *, *, #2709, .T. ) ;
#2596 = EDGE_CURVE ( 'NONE', #2078, #5023, #1287, .T. ) ;
#2597 = EDGE_CURVE ( 'NONE', #2264, #26, #1265, .T. ) ;
#2598 = PRESENTATION_STYLE_ASSIGNMENT (( #2951 ) ) ;
#2599 = CARTESIAN_POINT ( 'NONE',  ( 30.02282615379068176, 2.583919414749769470E-15, 0.0000000000000000000 ) ) ;
#2600 = CARTESIAN_POINT ( 'NONE',  ( 33.85760862881799937, 2.418597540614639737E-15, 0.0000000000000000000 ) ) ;
#2601 = CARTESIAN_POINT ( 'NONE',  ( -31.74999999999995737, 0.0000000000000000000, 0.0000000000000000000 ) ) ;
#2602 = CARTESIAN_POINT ( 'NONE',  ( 47.30543484944285382, -6.008901426488175862E-29, 6.000000000000002665 ) ) ;
#2603 = CONICAL_SURFACE ( 'NONE', #2263, 5.036000000000003141, 0.9599310885968728169 ) ;
#2604 = ADVANCED_FACE ( 'NONE', ( #1069 ), #1216, .T. ) ;
#2605 = EDGE_CURVE ( 'NONE', #4492, #1276, #1220, .T. ) ;
#2606 = EDGE_CURVE ( 'NONE', #2514, #2941, #1260, .T. ) ;
#2607 = DIRECTION ( 'NONE',  ( -1.000000000000000000, -1.224606353822377258E-16, -0.0000000000000000000 ) ) ;
#2608 = VERTEX_POINT ( 'NONE', #630 ) ;
#2609 = LINE ( 'NONE', #5032, #2722 ) ;
#2610 = DIRECTION ( 'NONE',  ( -1.000000000000000000, -1.224606353822377258E-16, -0.0000000000000000000 ) ) ;
#2611 = ORIENTED_EDGE ( 'NONE', *, *, #4951, .F. ) ;
#2612 = CARTESIAN_POINT ( 'NONE',  ( 24.83804354509502943, 2.583919414749769470E-15, 0.0000000000000000000 ) ) ;
#2613 = FACE_OUTER_BOUND ( 'NONE', #5045, .T. ) ;
#2614 = ORIENTED_EDGE ( 'NONE', *, *, #4915, .T. ) ;
#2615 = CONICAL_SURFACE ( 'NONE', #2270, 5.036000000000003141, 0.9599310885968728169 ) ;
#2616 = VERTEX_POINT ( 'NONE', #584 ) ;
#2617 = EDGE_CURVE ( 'NONE', #3588, #4924, #1202, .T. ) ;
#2618 = EDGE_CURVE ( 'NONE', #3211, #4346, #1234, .T. ) ;
#2619 = EDGE_CURVE ( 'NONE', #1537, #3710, #1255, .T. ) ;
#2620 = CYLINDRICAL_SURFACE ( 'NONE', #581, 5.999999999999863221 ) ;
#2621 = FACE_OUTER_BOUND ( 'NONE', #4676, .T. ) ;
#2622 = ORIENTED_EDGE ( 'NONE', *, *, #4621, .T. ) ;
#2623 = EDGE_CURVE ( 'NONE', #720, #73, #1191, .T. ) ;
#2624 = CARTESIAN_POINT ( 'NONE',  ( 22.43478260869565233, -5.036000000000000476, 6.757601037695098523E-16 ) ) ;
#2625 = ORIENTED_EDGE ( 'NONE', *, *, #2873, .T. ) ;
#2626 = LINE ( 'NONE', #2765, #2255 ) ;
#2627 = EDGE_CURVE ( 'NONE', #1622, #1573, #1165, .T. ) ;
#2628 = DIRECTION ( 'NONE',  ( 0.0000000000000000000, 0.0000000000000000000, 1.000000000000000000 ) ) ;
#2629 = ORIENTED_EDGE ( 'NONE', *, *, #3223, .T. ) ;
#2630 = CONICAL_SURFACE ( 'NONE', #2286, 6.000000000000002665, 0.9599310885968824758 ) ;
#2631 = ORIENTED_EDGE ( 'NONE', *, *, #4135, .T. ) ;
#2632 = DIRECTION ( 'NONE',  ( 0.0000000000000000000, 1.000000000000000000, 0.0000000000000000000 ) ) ;
#2633 = FILL_AREA_STYLE ('',( #1878 ) ) ;
#2634 = CIRCLE ( 'NONE', #456, 5.036000000000003141 ) ;
#2635 = DIRECTION ( 'NONE',  ( 0.0000000000000000000, -1.000000000000000000, 0.0000000000000000000 ) ) ;
#2636 = CARTESIAN_POINT ( 'NONE',  ( 48.35869565217391397, 5.036000000000005805, 0.0000000000000000000 ) ) ;
#2637 = FACE_OUTER_BOUND ( 'NONE', #3374, .T. ) ;
#2638 = DIRECTION ( 'NONE',  ( 0.0000000000000000000, 0.0000000000000000000, -1.000000000000000000 ) ) ;
#2639 = EDGE_LOOP ( 'NONE', ( #3740, #3799, #3876, #920, #4236 ) ) ;
#2640 = CARTESIAN_POINT ( 'NONE',  ( -31.74999999999995737, 7.347880794883952103E-16, -5.999999999999863221 ) ) ;
#2641 = CONICAL_SURFACE ( 'NONE', #1177, 6.000000000000002665, 0.9599310885968824758 ) ;
#2642 = EDGE_CURVE ( 'NONE', #4723, #169, #1158, .T. ) ;
#2643 = VERTEX_POINT ( 'NONE', #377 ) ;
#2644 = EDGE_CURVE ( 'NONE', #1921, #4288, #1153, .T. ) ;
#2645 = EDGE_CURVE ( 'NONE', #4087, #1727, #1147, .T. ) ;
#2646 = CARTESIAN_POINT ( 'NONE',  ( 33.47934789292111901, -6.000000000000000000, 7.347880794884122694E-16 ) ) ;
#2647 = CARTESIAN_POINT ( 'NONE',  ( 43.17391304347825809, 2.501258477682205392E-15, 0.0000000000000000000 ) ) ;
#2648 = CONICAL_SURFACE ( 'NONE', #2288, 5.036000000000003141, 0.9599310885968728169 ) ;
#2649 = TOROIDAL_SURFACE ( 'NONE', #25, 6.599999999999862865, 0.5999999999999999778 ) ;
#2650 = DIRECTION ( 'NONE',  ( -0.0000000000000000000, 1.000000000000000000, 1.224646799147353207E-16 ) ) ;
#2651 = DIRECTION ( 'NONE',  ( -1.000000000000000000, -1.224606353822377258E-16, -0.0000000000000000000 ) ) ;
#2652 = SURFACE_STYLE_FILL_AREA ( #2699 ) ;
#2653 = CARTESIAN_POINT ( 'NONE',  ( 35.58586949838321800, -5.999999999999999112, 0.0000000000000000000 ) ) ;
#2654 = ORIENTED_EDGE ( 'NONE', *, *, #4077, .F. ) ;
#2655 = EDGE_CURVE ( 'NONE', #4055, #1357, #1178, .T. ) ;
#2656 = EDGE_CURVE ( 'NONE', #2277, #4068, #1126, .T. ) ;
#2657 = EDGE_LOOP ( 'NONE', ( #4555, #4438, #4465, #2173, #108 ) ) ;
#2658 = ADVANCED_FACE ( 'NONE', ( #1139 ), #975, .T. ) ;
#2659 = CONICAL_SURFACE ( 'NONE', #2290, 5.036000000000003141, 0.9599310885968728169 ) ;
#2660 = DIRECTION ( 'NONE',  ( 0.0000000000000000000, 0.0000000000000000000, 1.000000000000000000 ) ) ;
#2661 = ORIENTED_EDGE ( 'NONE', *, *, #4795, .T. ) ;
#2662 = CARTESIAN_POINT ( 'NONE',  ( -31.74999999999995737, 0.0000000000000000000, 0.0000000000000000000 ) ) ;
#2663 = DIRECTION ( 'NONE',  ( 1.000000000000000000, 0.0000000000000000000, 0.0000000000000000000 ) ) ;
#2664 = VECTOR ( 'NONE', #5140, 1000.000000000000114 ) ;
#2665 = EDGE_CURVE ( 'NONE', #1425, #5077, #976, .T. ) ;
#2666 = AXIS2_PLACEMENT_3D ( 'NONE', #2676, #2607, #2794 ) ;
#2667 = CARTESIAN_POINT ( 'NONE',  ( 0.6000000000000033085, 0.0000000000000000000, 0.0000000000000000000 ) ) ;
#2668 = EDGE_LOOP ( 'NONE', ( #2752, #542, #2441, #368, #2654, #3385 ) ) ;
#2669 = CIRCLE ( 'NONE', #1305, 6.000000000000002665 ) ;
#2670 = DIRECTION ( 'NONE',  ( -0.5735764363510529318, -0.8191520442889870246, 0.0000000000000000000 ) ) ;
#2671 = CARTESIAN_POINT ( 'NONE',  ( 6.000000000000000000, 6.009258394948626659E-15, 5.057499999999992113 ) ) ;
#2672 = DIRECTION ( 'NONE',  ( 1.000000000000000000, 1.224606353822377258E-16, 0.0000000000000000000 ) ) ;
#2673 = CARTESIAN_POINT ( 'NONE',  ( 23.10978267552981080, 2.583919414749769470E-15, 0.0000000000000000000 ) ) ;
#2674 = VECTOR ( 'NONE', #4177, 1000.000000000000000 ) ;
#2675 = ORIENTED_EDGE ( 'NONE', *, *, #3969, .T. ) ;
#2676 = CARTESIAN_POINT ( 'NONE',  ( 32.80434782608696054, 2.501258477682205392E-15, 0.0000000000000000000 ) ) ;
#2677 = ADVANCED_FACE ( 'NONE', ( #1019 ), #942, .T. ) ;
#2678 =( NAMED_UNIT ( * ) PLANE_ANGLE_UNIT ( ) SI_UNIT ( $, .RADIAN. ) );
#2679 = FACE_OUTER_BOUND ( 'NONE', #2323, .T. ) ;
#2680 = ORIENTED_EDGE ( 'NONE', *, *, #2555, .F. ) ;
#2681 = DIRECTION ( 'NONE',  ( 0.0000000000000000000, -1.000000000000000000, 0.0000000000000000000 ) ) ;
#2682 = CARTESIAN_POINT ( 'NONE',  ( 26.94456515055713197, 7.347880794883559645E-16, -6.000000000000002665 ) ) ;
#2683 = DIRECTION ( 'NONE',  ( -1.000000000000000000, -1.224606353822377258E-16, -0.0000000000000000000 ) ) ;
#2684 = DIRECTION ( 'NONE',  ( -1.000000000000000000, -1.224606353822377258E-16, -0.0000000000000000000 ) ) ;
#2685 = ORIENTED_EDGE ( 'NONE', *, *, #3581, .T. ) ;
#2686 = CARTESIAN_POINT ( 'NONE',  ( -31.74999999999995737, 0.0000000000000000000, 0.0000000000000000000 ) ) ;
#2687 = DIRECTION ( 'NONE',  ( 0.0000000000000000000, -1.000000000000000000, 0.0000000000000000000 ) ) ;
#2688 = ORIENTED_EDGE ( 'NONE', *, *, #4261, .T. ) ;
#2689 = EDGE_CURVE ( 'NONE', #3099, #2299, #955, .T. ) ;
#2690 = DIRECTION ( 'NONE',  ( 0.0000000000000000000, -1.000000000000000000, 0.0000000000000000000 ) ) ;
#2691 = EDGE_CURVE ( 'NONE', #3476, #4696, #985, .T. ) ;
#2692 = UNCERTAINTY_MEASURE_WITH_UNIT (LENGTH_MEASURE( 1.000000000000000082E-05 ), #5108, 'distance_accuracy_value', 'NONE');
#2693 = ORIENTED_EDGE ( 'NONE', *, *, #2701, .T. ) ;
#2694 = VECTOR ( 'NONE', #1097, 1000.000000000000000 ) ;
#2695 = CIRCLE ( 'NONE', #828, 6.000000000000002665 ) ;
#2696 = CONICAL_SURFACE ( 'NONE', #2300, 5.036000000000003141, 0.9599310885968728169 ) ;
#2697 = CARTESIAN_POINT ( 'NONE',  ( 56.99999999999999289, 0.0000000000000000000, 0.0000000000000000000 ) ) ;
#2698 = CARTESIAN_POINT ( 'NONE',  ( 42.12065224074719794, 2.583919414749769470E-15, 0.0000000000000000000 ) ) ;
#2699 = FILL_AREA_STYLE ('',( #4039 ) ) ;
#2700 = EDGE_CURVE ( 'NONE', #5126, #3910, #948, .T. ) ;
#2701 = EDGE_CURVE ( 'NONE', #3833, #4273, #1011, .T. ) ;
#2702 = FACE_OUTER_BOUND ( 'NONE', #3292, .T. ) ;
#2703 = VECTOR ( 'NONE', #3523, 999.9999999999998863 ) ;
#2704 = CARTESIAN_POINT ( 'NONE',  ( 40.77065210707887388, -5.623715437610728691E-29, 6.000000000000002665 ) ) ;
#2705 = ORIENTED_EDGE ( 'NONE', *, *, #4253, .F. ) ;
#2706 = DIRECTION ( 'NONE',  ( -0.5735764363510529318, -0.8191520442889870246, 0.0000000000000000000 ) ) ;
#2707 = DIRECTION ( 'NONE',  ( -1.000000000000000000, -1.224606353822377258E-16, -0.0000000000000000000 ) ) ;
#2708 = DIRECTION ( 'NONE',  ( -1.000000000000000000, -0.0000000000000000000, -0.0000000000000000000 ) ) ;
#2709 = EDGE_CURVE ( 'NONE', #5023, #26, #1117, .T. ) ;
#2710 = DIRECTION ( 'NONE',  ( 0.0000000000000000000, -1.000000000000000000, 0.0000000000000000000 ) ) ;
#2711 = VERTEX_POINT ( 'NONE', #22 ) ;
#2712 = DIRECTION ( 'NONE',  ( 0.0000000000000000000, 0.0000000000000000000, 1.000000000000000000 ) ) ;
#2713 = DIRECTION ( 'NONE',  ( 0.0000000000000000000, -1.000000000000000000, 0.0000000000000000000 ) ) ;
#2714 = DIRECTION ( 'NONE',  ( -1.000000000000000000, -0.0000000000000000000, -0.0000000000000000000 ) ) ;
#2715 = ORIENTED_EDGE ( 'NONE', *, *, #2800, .F. ) ;
#2716 = ORIENTED_EDGE ( 'NONE', *, *, #3062, .F. ) ;
#2717 = EDGE_CURVE ( 'NONE', #5023, #2078, #980, .T. ) ;
#2718 = EDGE_CURVE ( 'NONE', #5023, #2859, #922, .T. ) ;
#2719 = CARTESIAN_POINT ( 'NONE',  ( 20.03152167229626457, -5.623715437610728691E-29, 6.000000000000002665 ) ) ;
#2720 = VERTEX_POINT ( 'NONE', #2 ) ;
#2721 = ORIENTED_EDGE ( 'NONE', *, *, #2645, .F. ) ;
#2722 = VECTOR ( 'NONE', #2042, 1000.000000000000000 ) ;
#2723 = DIRECTION ( 'NONE',  ( -1.000000000000000000, -0.0000000000000000000, -0.0000000000000000000 ) ) ;
#2724 = CIRCLE ( 'NONE', #59, 5.036000000000003141 ) ;
#2725 = DIRECTION ( 'NONE',  ( 0.0000000000000000000, -1.000000000000000000, 0.0000000000000000000 ) ) ;
#2726 = CARTESIAN_POINT ( 'NONE',  ( -31.74999999999995737, 0.0000000000000000000, 5.999999999999863221 ) ) ;
#2727 = CLOSED_SHELL ( 'NONE', ( #1347, #1494, #3821, #930, #3632, #4673, #4566, #4220, #4575, #1913, #1982, #3075, #2103, #1016, #2261, #1269, #1786, #384, #8, #4443, #1292, #4157, #3534, #5059, #784, #1500, #4290, #4532, #1923, #2814, #1743, #2875, #1091, #2180, #2840, #775, #312, #2604, #4011, #619, #2992, #5121, #2004, #4930, #1364, #2170, #4313, #1213, #830, #2389, #618, #4651, #4023, #3734, #287, #2820, #2902, #2356, #1675, #4144, #129, #4616, #4698, #4926, #4940, #2312, #1185, #723, #2561, #4310, #2985, #3492, #80, #3354, #2844, #1851, #3514, #890, #1338, #5050, #5138, #1968, #3187, #3181, #1421, #159, #2482, #815, #5100, #441, #131, #5186, #2922, #2547, #3842, #428, #4754, #2677, #4070, #4165, #100, #5115, #951, #3517, #2860, #3792, #4640, #1403, #984, #3457, #2329, #1884, #439, #4666, #2106, #4733, #179, #3076, #2874, #546, #3205, #602, #1151, #5066, #124, #1251, #1053, #5017, #3859, #4583, #3304, #3425, #1686, #3813, #2066, #1564, #820, #3196, #1299, #2139, #3558, #3980, #3102, #2658, #2385, #1079, #1157, #3219, #9, #3674, #4267, #1907, #1123, #4397, #4464, #1814, #1575, #4163, #1085, #4085, #3021, #4280, #1315, #4980, #5095 ) ) ;
#2728 = DIRECTION ( 'NONE',  ( -1.000000000000000000, -1.224606353822377258E-16, -0.0000000000000000000 ) ) ;
#2729 = EDGE_CURVE ( 'NONE', #4473, #4563, #917, .T. ) ;
#2730 = ORIENTED_EDGE ( 'NONE', *, *, #3231, .T. ) ;
#2731 = ORIENTED_EDGE ( 'NONE', *, *, #4360, .T. ) ;
#2732 = FACE_OUTER_BOUND ( 'NONE', #2045, .T. ) ;
#2733 = CONICAL_SURFACE ( 'NONE', #2314, 5.036000000000003141, 0.9599310885968728169 ) ;
#2734 = VERTEX_POINT ( 'NONE', #3012 ) ;
#2735 = DIRECTION ( 'NONE',  ( -1.000000000000000000, -1.224606353822377258E-16, -0.0000000000000000000 ) ) ;
#2736 = CARTESIAN_POINT ( 'NONE',  ( 36.26086956521739069, -5.036000000000000476, 6.757601037695098523E-16 ) ) ;
#2737 = CARTESIAN_POINT ( 'NONE',  ( 38.66413050161676779, 2.583919414749769470E-15, 0.0000000000000000000 ) ) ;
#2738 = VECTOR ( 'NONE', #5080, 1000.000000000000000 ) ;
#2739 = EDGE_CURVE ( 'NONE', #5181, #30, #935, .T. ) ;
#2740 = EDGE_CURVE ( 'NONE', #5119, #510, #909, .T. ) ;
#2741 = DIRECTION ( 'NONE',  ( -1.000000000000000000, -1.224606353822377258E-16, -0.0000000000000000000 ) ) ;
#2742 = ORIENTED_EDGE ( 'NONE', *, *, #4704, .T. ) ;
#2743 = DIRECTION ( 'NONE',  ( 0.0000000000000000000, -1.000000000000000000, 0.0000000000000000000 ) ) ;
#2744 = VECTOR ( 'NONE', #2706, 1000.000000000000000 ) ;
#2745 = FACE_OUTER_BOUND ( 'NONE', #2123, .T. ) ;
#2746 = CARTESIAN_POINT ( 'NONE',  ( 23.10978267552981080, 2.583919414749769470E-15, 0.0000000000000000000 ) ) ;
#2747 = CARTESIAN_POINT ( 'NONE',  ( 37.98913043478260931, 2.501258477682205392E-15, 0.0000000000000000000 ) ) ;
#2748 = ORIENTED_EDGE ( 'NONE', *, *, #3002, .T. ) ;
#2749 = ORIENTED_EDGE ( 'NONE', *, *, #3117, .F. ) ;
#2750 = ORIENTED_EDGE ( 'NONE', *, *, #3163, .T. ) ;
#2751 = CONICAL_SURFACE ( 'NONE', #2344, 5.036000000000003141, 0.9599310885968728169 ) ;
#2752 = ORIENTED_EDGE ( 'NONE', *, *, #3944, .T. ) ;
#2753 = LINE ( 'NONE', #3433, #2694 ) ;
#2754 = DIRECTION ( 'NONE',  ( -1.000000000000000000, -1.224606353822377258E-16, -0.0000000000000000000 ) ) ;
#2755 = DIRECTION ( 'NONE',  ( 0.0000000000000000000, 1.000000000000000000, 0.0000000000000000000 ) ) ;
#2756 = FACE_OUTER_BOUND ( 'NONE', #3560, .T. ) ;
#2757 = CONICAL_SURFACE ( 'NONE', #2347, 6.000000000000002665, 0.9599310885968824758 ) ;
#2758 = ORIENTED_EDGE ( 'NONE', *, *, #4245, .F. ) ;
#2759 = DIRECTION ( 'NONE',  ( -1.000000000000000000, -1.224606353822377258E-16, -0.0000000000000000000 ) ) ;
#2760 = ORIENTED_EDGE ( 'NONE', *, *, #3263, .T. ) ;
#2761 = FACE_OUTER_BOUND ( 'NONE', #5158, .T. ) ;
#2762 = LINE ( 'NONE', #3836, #2703 ) ;
#2763 = VERTEX_POINT ( 'NONE', #3482 ) ;
#2764 = DIRECTION ( 'NONE',  ( 0.0000000000000000000, -1.000000000000000000, 0.0000000000000000000 ) ) ;
#2765 = CARTESIAN_POINT ( 'NONE',  ( -31.74999999999995737, 0.0000000000000000000, 5.999999999999863221 ) ) ;
#2766 = CARTESIAN_POINT ( 'NONE',  ( 42.12065224074719794, -6.000000000000000000, 7.347880794884122694E-16 ) ) ;
#2767 = ORIENTED_EDGE ( 'NONE', *, *, #3006, .F. ) ;
#2768 = EDGE_CURVE ( 'NONE', #4824, #3736, #864, .T. ) ;
#2769 = DIRECTION ( 'NONE',  ( -1.000000000000000000, -1.224606353822377258E-16, -0.0000000000000000000 ) ) ;
#2770 = DIRECTION ( 'NONE',  ( -1.000000000000000000, -0.0000000000000000000, -0.0000000000000000000 ) ) ;
#2771 = CARTESIAN_POINT ( 'NONE',  ( 36.93586963205154916, 2.583919414749769470E-15, 0.0000000000000000000 ) ) ;
#2772 = CARTESIAN_POINT ( 'NONE',  ( 47.30543484944285382, 2.583919414749769470E-15, 0.0000000000000000000 ) ) ;
#2773 = CARTESIAN_POINT ( 'NONE',  ( 23.10978267552981080, -6.000000000000000000, 7.347880794884122694E-16 ) ) ;
#2774 = DIRECTION ( 'NONE',  ( -1.000000000000000000, -1.224606353822377258E-16, -0.0000000000000000000 ) ) ;
#2775 = ORIENTED_EDGE ( 'NONE', *, *, #2921, .T. ) ;
#2776 = ORIENTED_EDGE ( 'NONE', *, *, #4942, .F. ) ;
#2777 = ORIENTED_EDGE ( 'NONE', *, *, #4831, .T. ) ;
#2778 = CARTESIAN_POINT ( 'NONE',  ( 22.43478260869565233, -5.036000000000000476, 0.0000000000000000000 ) ) ;
#2779 = DIRECTION ( 'NONE',  ( 0.0000000000000000000, -1.000000000000000000, 0.0000000000000000000 ) ) ;
#2780 = DIRECTION ( 'NONE',  ( -1.000000000000000000, -1.224606353822377258E-16, -0.0000000000000000000 ) ) ;
#2781 = EDGE_CURVE ( 'NONE', #4420, #1642, #904, .T. ) ;
#2782 = DIRECTION ( 'NONE',  ( -1.000000000000000000, -1.224606353822377258E-16, -0.0000000000000000000 ) ) ;
#2783 = FACE_OUTER_BOUND ( 'NONE', #3713, .T. ) ;
#2784 = CYLINDRICAL_SURFACE ( 'NONE', #2157, 5.999999999999863221 ) ;
#2785 = ORIENTED_EDGE ( 'NONE', *, *, #4295, .F. ) ;
#2786 = CIRCLE ( 'NONE', #1356, 6.000000000000002665 ) ;
#2787 = DIRECTION ( 'NONE',  ( 0.0000000000000000000, -1.000000000000000000, 0.0000000000000000000 ) ) ;
#2788 = DIRECTION ( 'NONE',  ( -1.000000000000000000, -1.224606353822377258E-16, -0.0000000000000000000 ) ) ;
#2789 = EDGE_CURVE ( 'NONE', #3736, #2177, #854, .T. ) ;
#2790 = FACE_OUTER_BOUND ( 'NONE', #4727, .T. ) ;
#2791 = EDGE_CURVE ( 'NONE', #3222, #4158, #911, .T. ) ;
#2792 = VERTEX_POINT ( 'NONE', #789 ) ;
#2793 = EDGE_CURVE ( 'NONE', #2221, #1642, #804, .T. ) ;
#2794 = DIRECTION ( 'NONE',  ( 0.0000000000000000000, -1.000000000000000000, 0.0000000000000000000 ) ) ;
#2795 = DIRECTION ( 'NONE',  ( 0.0000000000000000000, 0.0000000000000000000, 1.000000000000000000 ) ) ;
#2796 = DIRECTION ( 'NONE',  ( 0.0000000000000000000, -1.000000000000000000, 0.0000000000000000000 ) ) ;
#2797 = CYLINDRICAL_SURFACE ( 'NONE', #2321, 5.999999999999863221 ) ;
#2798 = EDGE_CURVE ( 'NONE', #5146, #4420, #850, .T. ) ;
#2799 = ORIENTED_EDGE ( 'NONE', *, *, #4074, .F. ) ;
#2800 = EDGE_CURVE ( 'NONE', #5082, #3549, #832, .T. ) ;
#2801 = CARTESIAN_POINT ( 'NONE',  ( 39.04239123751365526, 7.347880794883559645E-16, -6.000000000000002665 ) ) ;
#2802 = CARTESIAN_POINT ( 'NONE',  ( 55.94673919726893985, 2.583919414749769470E-15, 0.0000000000000000000 ) ) ;
#2803 = DIRECTION ( 'NONE',  ( -1.000000000000000000, -1.224606353822377258E-16, -0.0000000000000000000 ) ) ;
#2804 = DIRECTION ( 'NONE',  ( -1.000000000000000000, -1.224606353822377258E-16, -0.0000000000000000000 ) ) ;
#2805 = DIRECTION ( 'NONE',  ( 1.000000000000000000, 1.224606353822377258E-16, 0.0000000000000000000 ) ) ;
#2806 = LINE ( 'NONE', #2640, #4871 ) ;
#2807 = ORIENTED_EDGE ( 'NONE', *, *, #3858, .F. ) ;
#2808 = CIRCLE ( 'NONE', #1160, 6.000000000000002665 ) ;
#2809 = CARTESIAN_POINT ( 'NONE',  ( 40.39239137118198641, 2.583919414749769470E-15, 0.0000000000000000000 ) ) ;
#2810 = EDGE_CURVE ( 'NONE', #2476, #540, #847, .T. ) ;
#2811 = LINE ( 'NONE', #3622, #1358 ) ;
#2812 = EDGE_CURVE ( 'NONE', #1488, #5103, #771, .T. ) ;
#2813 = VERTEX_POINT ( 'NONE', #5110 ) ;
#2814 = ADVANCED_FACE ( 'NONE', ( #790 ), #687, .T. ) ;
#2815 = CARTESIAN_POINT ( 'NONE',  ( 37.31413036794843663, 7.347880794883559645E-16, -6.000000000000002665 ) ) ;
#2816 = DIRECTION ( 'NONE',  ( -1.000000000000000000, -1.224606353822377258E-16, -0.0000000000000000000 ) ) ;
#2817 = ORIENTED_EDGE ( 'NONE', *, *, #3477, .F. ) ;
#2818 = EDGE_CURVE ( 'NONE', #3966, #3736, #688, .T. ) ;
#2819 = LINE ( 'NONE', #4636, #5147 ) ;
#2820 = ADVANCED_FACE ( 'NONE', ( #698 ), #661, .T. ) ;
#2821 = FACE_OUTER_BOUND ( 'NONE', #4948, .T. ) ;
#2822 = DIRECTION ( 'NONE',  ( -1.000000000000000000, -0.0000000000000000000, -0.0000000000000000000 ) ) ;
#2823 = DIRECTION ( 'NONE',  ( 0.0000000000000000000, 0.0000000000000000000, -1.000000000000000000 ) ) ;
#2824 = ORIENTED_EDGE ( 'NONE', *, *, #4790, .F. ) ;
#2825 = DIRECTION ( 'NONE',  ( -0.5735764363510529318, -0.8191520442889870246, 0.0000000000000000000 ) ) ;
#2826 =( NAMED_UNIT ( * ) SI_UNIT ( $, .STERADIAN. ) SOLID_ANGLE_UNIT ( ) );
#2827 = FACE_OUTER_BOUND ( 'NONE', #4648, .T. ) ;
#2828 = EDGE_CURVE ( 'NONE', #2101, #3048, #731, .T. ) ;
#2829 = EDGE_CURVE ( 'NONE', #1357, #4055, #755, .T. ) ;
#2830 = DIRECTION ( 'NONE',  ( 1.000000000000000000, 0.0000000000000000000, 0.0000000000000000000 ) ) ;
#2831 = EDGE_CURVE ( 'NONE', #2078, #510, #714, .T. ) ;
#2832 = DIRECTION ( 'NONE',  ( 0.0000000000000000000, 0.0000000000000000000, 1.000000000000000000 ) ) ;
#2833 = ORIENTED_EDGE ( 'NONE', *, *, #2655, .F. ) ;
#2834 = CARTESIAN_POINT ( 'NONE',  ( 0.0000000000000000000, 2.919948986426526893, -5.057500000000011653 ) ) ;
#2835 = FACE_OUTER_BOUND ( 'NONE', #3369, .T. ) ;
#2836 = UNCERTAINTY_MEASURE_WITH_UNIT (LENGTH_MEASURE( 1.000000000000000082E-05 ), #2536, 'distance_accuracy_value', 'NONE');
#2837 = ORIENTED_EDGE ( 'NONE', *, *, #3080, .T. ) ;
#2838 = CARTESIAN_POINT ( 'NONE',  ( 33.47934789292111901, 2.583919414749769470E-15, 0.0000000000000000000 ) ) ;
#2839 = DIRECTION ( 'NONE',  ( 0.0000000000000000000, 0.0000000000000000000, 1.000000000000000000 ) ) ;
#2840 = ADVANCED_FACE ( 'NONE', ( #647 ), #593, .T. ) ;
#2841 = EDGE_CURVE ( 'NONE', #3378, #3966, #626, .T. ) ;
#2842 = CYLINDRICAL_SURFACE ( 'NONE', #2322, 5.999999999999863221 ) ;
#2843 = VERTEX_POINT ( 'NONE', #1917 ) ;
#2844 = ADVANCED_FACE ( 'NONE', ( #745 ), #553, .T. ) ;
#2845 = DIRECTION ( 'NONE',  ( 0.0000000000000000000, -1.000000000000000000, 0.0000000000000000000 ) ) ;
#2846 = FACE_OUTER_BOUND ( 'NONE', #870, .T. ) ;
#2847 = EDGE_CURVE ( 'NONE', #3222, #5181, #573, .T. ) ;
#2848 = ORIENTED_EDGE ( 'NONE', *, *, #3564, .T. ) ;
#2849 = DIRECTION ( 'NONE',  ( -1.000000000000000000, -1.224606353822377258E-16, -0.0000000000000000000 ) ) ;
#2850 = DIRECTION ( 'NONE',  ( -1.000000000000000000, -1.224606353822377258E-16, -0.0000000000000000000 ) ) ;
#2851 = EDGE_LOOP ( 'NONE', ( #4918, #2156, #3419, #3730, #3318, #1367 ) ) ;
#2852 = CARTESIAN_POINT ( 'NONE',  ( 33.47934789292111901, 6.000000000000005329, 0.0000000000000000000 ) ) ;
#2853 = EDGE_LOOP ( 'NONE', ( #508, #3822, #807, #4479, #4385, #7 ) ) ;
#2854 = ORIENTED_EDGE ( 'NONE', *, *, #4405, .T. ) ;
#2855 = EDGE_CURVE ( 'NONE', #3473, #3222, #582, .T. ) ;
#2856 = CIRCLE ( 'NONE', #51, 6.000000000000002665 ) ;
#2857 = CARTESIAN_POINT ( 'NONE',  ( 32.80434782608696054, 2.501258477682205392E-15, 0.0000000000000000000 ) ) ;
#2858 = EDGE_LOOP ( 'NONE', ( #3577, #3847, #4024, #3624, #1233, #4763 ) ) ;
#2859 = VERTEX_POINT ( 'NONE', #1801 ) ;
#2860 = ADVANCED_FACE ( 'NONE', ( #539 ), #513, .T. ) ;
#2861 = ORIENTED_EDGE ( 'NONE', *, *, #4795, .F. ) ;
#2862 = DIRECTION ( 'NONE',  ( -1.000000000000000000, -1.224606353822377258E-16, -0.0000000000000000000 ) ) ;
#2863 = CARTESIAN_POINT ( 'NONE',  ( 51.14021732447017143, 7.347880794883559645E-16, -6.000000000000002665 ) ) ;
#2864 = EDGE_CURVE ( 'NONE', #3362, #3473, #521, .T. ) ;
#2865 = DIRECTION ( 'NONE',  ( 0.0000000000000000000, -1.000000000000000000, 0.0000000000000000000 ) ) ;
#2866 = DIRECTION ( 'NONE',  ( -1.000000000000000000, -1.224606353822377258E-16, -0.0000000000000000000 ) ) ;
#2867 = EDGE_CURVE ( 'NONE', #3362, #4830, #549, .T. ) ;
#2868 = CARTESIAN_POINT ( 'NONE',  ( 42.49891297664408540, -5.999999999999999112, 0.0000000000000000000 ) ) ;
#2869 = CARTESIAN_POINT ( 'NONE',  ( 45.95543471577452976, 2.418597540614639737E-15, 0.0000000000000000000 ) ) ;
#2870 = CIRCLE ( 'NONE', #1329, 5.036000000000003141 ) ;
#2871 = DIRECTION ( 'NONE',  ( 0.0000000000000000000, -1.000000000000000000, 0.0000000000000000000 ) ) ;
#2872 = DIRECTION ( 'NONE',  ( 0.0000000000000000000, -0.8660254037844392627, -0.4999999999999990008 ) ) ;
#2873 = EDGE_CURVE ( 'NONE', #4830, #3966, #585, .T. ) ;
#2874 = ADVANCED_FACE ( 'NONE', ( #525 ), #447, .T. ) ;
#2875 = ADVANCED_FACE ( 'NONE', ( #501 ), #482, .T. ) ;
#2876 = CARTESIAN_POINT ( 'NONE',  ( 23.48804341142669827, -5.623715437610728691E-29, 6.000000000000002665 ) ) ;
#2877 = VERTEX_POINT ( 'NONE', #1328 ) ;
#2878 = DIRECTION ( 'NONE',  ( 0.0000000000000000000, 0.0000000000000000000, 1.000000000000000000 ) ) ;
#2879 = VERTEX_POINT ( 'NONE', #1588 ) ;
#2880 = EDGE_CURVE ( 'NONE', #5082, #4473, #444, .T. ) ;
#2881 = EDGE_LOOP ( 'NONE', ( #2024, #4751, #3484 ) ) ;
#2882 = EDGE_CURVE ( 'NONE', #2476, #438, #487, .T. ) ;
#2883 = VERTEX_POINT ( 'NONE', #1489 ) ;
#2884 = DIRECTION ( 'NONE',  ( -1.000000000000000000, -1.224606353822377258E-16, -0.0000000000000000000 ) ) ;
#2885 = CARTESIAN_POINT ( 'NONE',  ( 38.66413050161676779, 7.347880794883521188E-16, -6.000000000000002665 ) ) ;
#2886 = DIRECTION ( 'NONE',  ( 0.5735764363510450492, 0.8191520442889925757, 0.0000000000000000000 ) ) ;
#2887 = ORIENTED_EDGE ( 'NONE', *, *, #3126, .T. ) ;
#2888 = DIRECTION ( 'NONE',  ( -1.000000000000000000, -1.224606353822377258E-16, -0.0000000000000000000 ) ) ;
#2889 = CARTESIAN_POINT ( 'NONE',  ( 34.53260869565217206, 2.501258477682205392E-15, 0.0000000000000000000 ) ) ;
#2890 = EDGE_CURVE ( 'NONE', #4420, #3114, #434, .T. ) ;
#2891 = EDGE_CURVE ( 'NONE', #3889, #2510, #435, .T. ) ;
#2892 = DIRECTION ( 'NONE',  ( 0.0000000000000000000, -1.000000000000000000, 0.0000000000000000000 ) ) ;
#2893 = DIRECTION ( 'NONE',  ( -1.000000000000000000, -0.0000000000000000000, -0.0000000000000000000 ) ) ;
#2894 =( NAMED_UNIT ( * ) PLANE_ANGLE_UNIT ( ) SI_UNIT ( $, .RADIAN. ) );
#2895 = ORIENTED_EDGE ( 'NONE', *, *, #4557, .F. ) ;
#2896 = FACE_OUTER_BOUND ( 'NONE', #1793, .T. ) ;
#2897 = ORIENTED_EDGE ( 'NONE', *, *, #4556, .T. ) ;
#2898 = EDGE_LOOP ( 'NONE', ( #4807, #4632, #3961, #2051, #514 ) ) ;
#2899 = EDGE_CURVE ( 'NONE', #2231, #885, #453, .T. ) ;
#2900 = EDGE_CURVE ( 'NONE', #5060, #1838, #463, .T. ) ;
#2901 = ORIENTED_EDGE ( 'NONE', *, *, #3253, .T. ) ;
#2902 = ADVANCED_FACE ( 'NONE', ( #411 ), #321, .T. ) ;
#2903 = DIRECTION ( 'NONE',  ( 0.0000000000000000000, -1.000000000000000000, 0.0000000000000000000 ) ) ;
#2904 = ORIENTED_EDGE ( 'NONE', *, *, #4527, .T. ) ;
#2905 = DIRECTION ( 'NONE',  ( 0.0000000000000000000, -1.000000000000000000, 0.0000000000000000000 ) ) ;
#2906 = CYLINDRICAL_SURFACE ( 'NONE', #852, 5.999999999999863221 ) ;
#2907 = DIRECTION ( 'NONE',  ( 1.000000000000000000, 1.224606353822377258E-16, 0.0000000000000000000 ) ) ;
#2908 = ORIENTED_EDGE ( 'NONE', *, *, #4245, .T. ) ;
#2909 = EDGE_CURVE ( 'NONE', #885, #4960, #354, .T. ) ;
#2910 = CARTESIAN_POINT ( 'NONE',  ( 19.65326093639937710, 2.583919414749769470E-15, 0.0000000000000000000 ) ) ;
#2911 = ORIENTED_EDGE ( 'NONE', *, *, #3835, .T. ) ;
#2912 = DIRECTION ( 'NONE',  ( -0.5735764363510532649, 0.8191520442889868026, 1.003171929053518707E-16 ) ) ;
#2913 = CARTESIAN_POINT ( 'NONE',  ( 39.71739130434782794, -5.036000000000000476, 0.0000000000000000000 ) ) ;
#2914 = ORIENTED_EDGE ( 'NONE', *, *, #4100, .F. ) ;
#2915 = CARTESIAN_POINT ( 'NONE',  ( 39.04239123751365526, 2.418597540614639737E-15, 0.0000000000000000000 ) ) ;
#2916 = LINE ( 'NONE', #3155, #1023 ) ;
#2917 = CARTESIAN_POINT ( 'NONE',  ( 20.70652173913043725, 5.036000000000005805, 0.0000000000000000000 ) ) ;
#2918 = CARTESIAN_POINT ( 'NONE',  ( 26.56630441466024450, -6.000000000000000000, 7.347880794884122694E-16 ) ) ;
#2919 = CARTESIAN_POINT ( 'NONE',  ( 38.66413050161676779, -6.000000000000000000, 7.347880794884122694E-16 ) ) ;
#2920 = DIRECTION ( 'NONE',  ( 1.000000000000000000, 1.224606353822377258E-16, 0.0000000000000000000 ) ) ;
#2921 = EDGE_CURVE ( 'NONE', #4960, #3040, #374, .T. ) ;
#2922 = ADVANCED_FACE ( 'NONE', ( #303 ), #1231, .F. ) ;
#2923 = CONICAL_SURFACE ( 'NONE', #84, 5.035999999999999588, 0.7853981633971878207 ) ;
#2924 = EDGE_LOOP ( 'NONE', ( #3160, #3037, #304, #50, #3283 ) ) ;
#2925 = CARTESIAN_POINT ( 'NONE',  ( 45.57717397987763519, -6.000000000000000888, 7.347880794884123680E-16 ) ) ;
#2926 = DIRECTION ( 'NONE',  ( -1.000000000000000000, -0.0000000000000000000, -0.0000000000000000000 ) ) ;
#2927 = CARTESIAN_POINT ( 'NONE',  ( 16.57499993316583087, 2.418597540614639737E-15, 0.0000000000000000000 ) ) ;
#2928 = EDGE_CURVE ( 'NONE', #2231, #2734, #284, .T. ) ;
#2929 = EDGE_CURVE ( 'NONE', #5103, #1100, #357, .T. ) ;
#2930 = ORIENTED_EDGE ( 'NONE', *, *, #3135, .F. ) ;
#2931 = ORIENTED_EDGE ( 'NONE', *, *, #3905, .T. ) ;
#2932 = CARTESIAN_POINT ( 'NONE',  ( 56.99999999999999289, 0.0000000000000000000, 5.035999999999999588 ) ) ;
#2933 = DIRECTION ( 'NONE',  ( -1.000000000000000000, -1.224606353822377258E-16, -0.0000000000000000000 ) ) ;
#2934 = VECTOR ( 'NONE', #3410, 1000.000000000000000 ) ;
#2935 = DIRECTION ( 'NONE',  ( -1.000000000000000000, -1.224606353822377258E-16, -0.0000000000000000000 ) ) ;
#2936 = ORIENTED_EDGE ( 'NONE', *, *, #4594, .T. ) ;
#2937 = EDGE_CURVE ( 'NONE', #4602, #3040, #397, .T. ) ;
#2938 = CARTESIAN_POINT ( 'NONE',  ( 35.20760876248633053, 6.000000000000004441, 0.0000000000000000000 ) ) ;
#2939 = CARTESIAN_POINT ( 'NONE',  ( 54.59673906360060869, -5.999999999999999112, 0.0000000000000000000 ) ) ;
#2940 = VERTEX_POINT ( 'NONE', #1028 ) ;
#2941 = VERTEX_POINT ( 'NONE', #1149 ) ;
#2942 = VECTOR ( 'NONE', #987, 1000.000000000000000 ) ;
#2943 = DIRECTION ( 'NONE',  ( -1.000000000000000000, -1.224606353822377258E-16, -0.0000000000000000000 ) ) ;
#2944 = CARTESIAN_POINT ( 'NONE',  ( 28.29456528422546313, 6.000000000000004441, 0.0000000000000000000 ) ) ;
#2945 = EDGE_CURVE ( 'NONE', #107, #4382, #265, .T. ) ;
#2946 = VECTOR ( 'NONE', #2168, 1000.000000000000000 ) ;
#2947 = ORIENTED_EDGE ( 'NONE', *, *, #4769, .F. ) ;
#2948 = LINE ( 'NONE', #3962, #3686 ) ;
#2949 = CARTESIAN_POINT ( 'NONE',  ( 54.21847832770372833, 2.583919414749769470E-15, 0.0000000000000000000 ) ) ;
#2950 = CARTESIAN_POINT ( 'NONE',  ( 23.10978267552981080, 6.000000000000005329, 0.0000000000000000000 ) ) ;
#2951 = SURFACE_STYLE_USAGE ( .BOTH. , #2593 ) ;
#2952 = EDGE_LOOP ( 'NONE', ( #816, #4114, #550, #4260, #2113 ) ) ;
#2953 = EDGE_CURVE ( 'NONE', #1809, #2510, #252, .T. ) ;
#2954 = EDGE_CURVE ( 'NONE', #1100, #885, #257, .T. ) ;
#2955 = VERTEX_POINT ( 'NONE', #897 ) ;
#2956 = DIRECTION ( 'NONE',  ( -1.000000000000000000, -1.224606353822377258E-16, -0.0000000000000000000 ) ) ;
#2957 = CARTESIAN_POINT ( 'NONE',  ( -31.74999999999995737, 0.0000000000000000000, 0.0000000000000000000 ) ) ;
#2958 = DIRECTION ( 'NONE',  ( -1.000000000000000000, -1.224606353822377258E-16, -0.0000000000000000000 ) ) ;
#2959 = VECTOR ( 'NONE', #2530, 1000.000000000000000 ) ;
#2960 = EDGE_LOOP ( 'NONE', ( #3260, #2986, #4740, #3620, #4857 ) ) ;
#2961 = EDGE_CURVE ( 'NONE', #1294, #1809, #248, .T. ) ;
#2962 = EDGE_CURVE ( 'NONE', #2965, #3889, #230, .T. ) ;
#2963 = CYLINDRICAL_SURFACE ( 'NONE', #2324, 5.999999999999863221 ) ;
#2964 = DIRECTION ( 'NONE',  ( 0.0000000000000000000, -1.000000000000000000, 0.0000000000000000000 ) ) ;
#2965 = VERTEX_POINT ( 'NONE', #876 ) ;
#2966 = FACE_OUTER_BOUND ( 'NONE', #4001, .T. ) ;
#2967 = ORIENTED_EDGE ( 'NONE', *, *, #2665, .F. ) ;
#2968 = CARTESIAN_POINT ( 'NONE',  ( 30.02282615379068176, -6.000000000000000888, 7.347880794884123680E-16 ) ) ;
#2969 = DIRECTION ( 'NONE',  ( 0.0000000000000000000, -1.000000000000000000, 0.0000000000000000000 ) ) ;
#2970 = EDGE_LOOP ( 'NONE', ( #2355, #184, #3762, #848, #140, #5112 ) ) ;
#2971 = LINE ( 'NONE', #2976, #2590 ) ;
#2972 = ORIENTED_EDGE ( 'NONE', *, *, #3609, .T. ) ;
#2973 = DIRECTION ( 'NONE',  ( 0.5735764363510450492, 0.8191520442889925757, 0.0000000000000000000 ) ) ;
#2974 = EDGE_CURVE ( 'NONE', #3048, #2177, #218, .T. ) ;
#2975 = LINE ( 'NONE', #3599, #3146 ) ;
#2976 = CARTESIAN_POINT ( 'NONE',  ( 34.53260869565217206, 5.036000000000005805, 6.167321280506074351E-16 ) ) ;
#2977 = DIRECTION ( 'NONE',  ( 0.5735764363510452712, -0.8191520442889924647, 1.003171929053525610E-16 ) ) ;
#2978 = DIRECTION ( 'NONE',  ( -0.0000000000000000000, -0.5000000000000011102, -0.8660254037844379305 ) ) ;
#2979 = ORIENTED_EDGE ( 'NONE', *, *, #2591, .F. ) ;
#2980 = CONICAL_SURFACE ( 'NONE', #2352, 6.000000000000002665, 0.9599310885968824758 ) ;
#2981 = EDGE_LOOP ( 'NONE', ( #2292, #725, #480, #4298, #2059 ) ) ;
#2982 = VECTOR ( 'NONE', #1656, 1000.000000000000000 ) ;
#2983 = EDGE_CURVE ( 'NONE', #2734, #1402, #210, .T. ) ;
#2984 = CARTESIAN_POINT ( 'NONE',  ( 41.44565217391304657, 2.501258477682205392E-15, 0.0000000000000000000 ) ) ;
#2985 = ADVANCED_FACE ( 'NONE', ( #236 ), #123, .F. ) ;
#2986 = ORIENTED_EDGE ( 'NONE', *, *, #3116, .T. ) ;
#2987 = DIRECTION ( 'NONE',  ( -1.000000000000000000, -0.0000000000000000000, -0.0000000000000000000 ) ) ;
#2988 = ORIENTED_EDGE ( 'NONE', *, *, #4025, .T. ) ;
#2989 = EDGE_CURVE ( 'NONE', #4563, #4885, #161, .T. ) ;
#2990 = ORIENTED_EDGE ( 'NONE', *, *, #4987, .T. ) ;
#2991 = VECTOR ( 'NONE', #3797, 1000.000000000000000 ) ;
#2992 = ADVANCED_FACE ( 'NONE', ( #191 ), #119, .T. ) ;
#2993 = ORIENTED_EDGE ( 'NONE', *, *, #4360, .F. ) ;
#2994 = DIRECTION ( 'NONE',  ( 0.0000000000000000000, -1.000000000000000000, 0.0000000000000000000 ) ) ;
#2995 = DIRECTION ( 'NONE',  ( -1.000000000000000000, -1.224606353822377258E-16, -0.0000000000000000000 ) ) ;
#2996 = EDGE_CURVE ( 'NONE', #1529, #4602, #122, .T. ) ;
#2997 = DIRECTION ( 'NONE',  ( -1.000000000000000000, -0.0000000000000000000, -0.0000000000000000000 ) ) ;
#2998 = CARTESIAN_POINT ( 'NONE',  ( 20.70652173913043725, -5.036000000000000476, 6.757601037695098523E-16 ) ) ;
#2999 = DIRECTION ( 'NONE',  ( 0.0000000000000000000, -1.000000000000000000, 0.0000000000000000000 ) ) ;
#3000 = CARTESIAN_POINT ( 'NONE',  ( -31.74999999999995737, 0.0000000000000000000, 5.999999999999863221 ) ) ;
#3001 = EDGE_CURVE ( 'NONE', #821, #5085, #196, .T. ) ;
#3002 = EDGE_CURVE ( 'NONE', #1100, #1529, #182, .T. ) ;
#3003 = EDGE_CURVE ( 'NONE', #1984, #1838, #114, .T. ) ;
#3004 = LINE ( 'NONE', #4229, #1572 ) ;
#3005 = FACE_OUTER_BOUND ( 'NONE', #4772, .T. ) ;
#3006 = EDGE_CURVE ( 'NONE', #2476, #3714, #138, .T. ) ;
#3007 = DIRECTION ( 'NONE',  ( -0.5735764363510529318, -0.8191520442889870246, 0.0000000000000000000 ) ) ;
#3008 = EDGE_LOOP ( 'NONE', ( #4661, #2693, #4201, #3659, #3206 ) ) ;
#3009 = FACE_OUTER_BOUND ( 'NONE', #788, .T. ) ;
#3010 = DIRECTION ( 'NONE',  ( -1.000000000000000000, -1.224606353822377258E-16, -0.0000000000000000000 ) ) ;
#3011 = CARTESIAN_POINT ( 'NONE',  ( 42.12065224074719794, 6.000000000000005329, 0.0000000000000000000 ) ) ;
#3012 = CARTESIAN_POINT ( 'NONE',  ( 43.84891311031241656, 6.000000000000004441, 0.0000000000000000000 ) ) ;
#3013 = EDGE_CURVE ( 'NONE', #973, #5086, #69, .T. ) ;
#3014 = DIRECTION ( 'NONE',  ( 0.0000000000000000000, -1.000000000000000000, 0.0000000000000000000 ) ) ;
#3015 = PRODUCT_DEFINITION_SHAPE ( 'NONE', 'NONE',  #4209 ) ;
#3016 = ORIENTED_EDGE ( 'NONE', *, *, #2689, .T. ) ;
#3017 = EDGE_CURVE ( 'NONE', #2221, #4191, #75, .T. ) ;
#3018 = LINE ( 'NONE', #1110, #2208 ) ;
#3019 = FACE_OUTER_BOUND ( 'NONE', #4034, .T. ) ;
#3020 = ORIENTED_EDGE ( 'NONE', *, *, #3936, .T. ) ;
#3021 = ADVANCED_FACE ( 'NONE', ( #55 ), #4128, .T. ) ;
#3022 = ORIENTED_EDGE ( 'NONE', *, *, #3857, .F. ) ;
#3023 = FACE_OUTER_BOUND ( 'NONE', #277, .T. ) ;
#3024 = EDGE_CURVE ( 'NONE', #4079, #2608, #14, .T. ) ;
#3025 = EDGE_CURVE ( 'NONE', #5054, #2221, #21, .T. ) ;
#3026 = CARTESIAN_POINT ( 'NONE',  ( 43.84891311031241656, 2.583919414749769470E-15, 0.0000000000000000000 ) ) ;
#3027 = LINE ( 'NONE', #3692, #2179 ) ;
#3028 = CARTESIAN_POINT ( 'NONE',  ( 52.86847819403539717, 2.418597540614639737E-15, 0.0000000000000000000 ) ) ;
#3029 = VERTEX_POINT ( 'NONE', #2834 ) ;
#3030 = EDGE_CURVE ( 'NONE', #1294, #1362, #48, .T. ) ;
#3031 = EDGE_CURVE ( 'NONE', #4158, #2734, #3764, .T. ) ;
#3032 = EDGE_CURVE ( 'NONE', #540, #4602, #950, .T. ) ;
#3033 = FACE_OUTER_BOUND ( 'NONE', #3816, .T. ) ;
#3034 = ORIENTED_EDGE ( 'NONE', *, *, #4161, .F. ) ;
#3035 = DIRECTION ( 'NONE',  ( -1.000000000000000000, -1.224606353822377258E-16, -0.0000000000000000000 ) ) ;
#3036 = CARTESIAN_POINT ( 'NONE',  ( 17.25000000000000000, 2.501258477682205392E-15, 0.0000000000000000000 ) ) ;
#3037 = ORIENTED_EDGE ( 'NONE', *, *, #4908, .F. ) ;
#3038 = EDGE_CURVE ( 'NONE', #5146, #5054, #3569, .T. ) ;
#3039 = DIRECTION ( 'NONE',  ( -1.000000000000000000, -1.224606353822377258E-16, -0.0000000000000000000 ) ) ;
#3040 = VERTEX_POINT ( 'NONE', #3156 ) ;
#3041 = CARTESIAN_POINT ( 'NONE',  ( 32.80434782608696054, 5.036000000000005805, 0.0000000000000000000 ) ) ;
#3042 = DIRECTION ( 'NONE',  ( 0.0000000000000000000, -1.000000000000000000, 0.0000000000000000000 ) ) ;
#3043 = ORIENTED_EDGE ( 'NONE', *, *, #4755, .T. ) ;
#3044 = CARTESIAN_POINT ( 'NONE',  ( 35.20760876248633053, 2.583919414749769470E-15, 0.0000000000000000000 ) ) ;
#3045 = FACE_OUTER_BOUND ( 'NONE', #662, .T. ) ;
#3046 = EDGE_CURVE ( 'NONE', #1294, #2965, #2916, .T. ) ;
#3047 = EDGE_CURVE ( 'NONE', #30, #1402, #4137, .T. ) ;
#3048 = VERTEX_POINT ( 'NONE', #663 ) ;
#3049 = DIRECTION ( 'NONE',  ( 0.0000000000000000000, -1.000000000000000000, 0.0000000000000000000 ) ) ;
#3050 = CARTESIAN_POINT ( 'NONE',  ( 19.65326093639937710, 7.347880794883517244E-16, -6.000000000000002665 ) ) ;
#3051 = ORIENTED_EDGE ( 'NONE', *, *, #3785, .T. ) ;
#3052 = EDGE_CURVE ( 'NONE', #3714, #1529, #192, .T. ) ;
#3053 = CYLINDRICAL_SURFACE ( 'NONE', #362, 5.999999999999863221 ) ;
#3054 = CARTESIAN_POINT ( 'NONE',  ( 29.34782608695652328, 5.036000000000005805, 0.0000000000000000000 ) ) ;
#3055 = CIRCLE ( 'NONE', #556, 6.000000000000002665 ) ;
#3056 = CONICAL_SURFACE ( 'NONE', #2400, 6.000000000000002665, 0.9599310885968824758 ) ;
#3057 = DIRECTION ( 'NONE',  ( -1.000000000000000000, -0.0000000000000000000, -0.0000000000000000000 ) ) ;
#3058 = CIRCLE ( 'NONE', #474, 6.000000000000002665 ) ;
#3059 = ORIENTED_EDGE ( 'NONE', *, *, #2573, .F. ) ;
#3060 = EDGE_CURVE ( 'NONE', #1488, #3448, #696, .T. ) ;
#3061 = DIRECTION ( 'NONE',  ( 0.5735764363510452712, -0.8191520442889924647, 1.003171929053525610E-16 ) ) ;
#3062 = EDGE_CURVE ( 'NONE', #3114, #4885, #901, .T. ) ;
#3063 = CARTESIAN_POINT ( 'NONE',  ( 40.39239137118198641, -6.008901426488175862E-29, 6.000000000000002665 ) ) ;
#3064 = CARTESIAN_POINT ( 'NONE',  ( 18.30326080273104594, 2.418597540614639737E-15, 0.0000000000000000000 ) ) ;
#3065 = FACE_OUTER_BOUND ( 'NONE', #2668, .T. ) ;
#3066 = DIRECTION ( 'NONE',  ( 0.0000000000000000000, 0.0000000000000000000, 1.000000000000000000 ) ) ;
#3067 = ORIENTED_EDGE ( 'NONE', *, *, #4026, .T. ) ;
#3068 = ORIENTED_EDGE ( 'NONE', *, *, #3379, .F. ) ;
#3069 = CARTESIAN_POINT ( 'NONE',  ( 0.0000000000000000000, 1.065442715258197248E-15, -8.400000000000000355 ) ) ;
#3070 = FACE_OUTER_BOUND ( 'NONE', #35, .T. ) ;
#3071 = DIRECTION ( 'NONE',  ( 0.5735764363510452712, -0.8191520442889924647, 1.003171929053525610E-16 ) ) ;
#3072 = DIRECTION ( 'NONE',  ( -1.000000000000000000, -0.0000000000000000000, -0.0000000000000000000 ) ) ;
#3073 = ORIENTED_EDGE ( 'NONE', *, *, #3225, .T. ) ;
#3074 = EDGE_CURVE ( 'NONE', #3549, #3114, #884, .T. ) ;
#3075 = ADVANCED_FACE ( 'NONE', ( #1205 ), #3938, .T. ) ;
#3076 = ADVANCED_FACE ( 'NONE', ( #918 ), #1055, .T. ) ;
#3077 = ORIENTED_EDGE ( 'NONE', *, *, #4080, .T. ) ;
#3078 = DIRECTION ( 'NONE',  ( -1.000000000000000000, -1.224606353822377258E-16, -0.0000000000000000000 ) ) ;
#3079 = CIRCLE ( 'NONE', #432, 5.036000000000003141 ) ;
#3080 = EDGE_CURVE ( 'NONE', #4191, #821, #2025, .T. ) ;
#3081 = CONICAL_SURFACE ( 'NONE', #2421, 5.036000000000003141, 0.9599310885968728169 ) ;
#3082 = CYLINDRICAL_SURFACE ( 'NONE', #2378, 5.999999999999863221 ) ;
#3083 = CARTESIAN_POINT ( 'NONE',  ( 45.95543471577452976, 2.418597540614639737E-15, 0.0000000000000000000 ) ) ;
#3084 = ORIENTED_EDGE ( 'NONE', *, *, #4703, .T. ) ;
#3085 = PLANE ( 'NONE',  #2137 ) ;
#3086 = VECTOR ( 'NONE', #3540, 1000.000000000000000 ) ;
#3087 = CONICAL_SURFACE ( 'NONE', #2422, 6.000000000000002665, 0.9599310885968824758 ) ;
#3088 = EDGE_CURVE ( 'NONE', #4350, #5085, #2520, .T. ) ;
#3089 = VERTEX_POINT ( 'NONE', #4837 ) ;
#3090 = EDGE_CURVE ( 'NONE', #5146, #1140, #2363, .T. ) ;
#3091 = DIRECTION ( 'NONE',  ( 0.0000000000000000000, 1.000000000000000000, 0.0000000000000000000 ) ) ;
#3092 = CARTESIAN_POINT ( 'NONE',  ( 20.03152167229626457, 2.418597540614639737E-15, 0.0000000000000000000 ) ) ;
#3093 = FACE_OUTER_BOUND ( 'NONE', #2881, .T. ) ;
#3094 = CARTESIAN_POINT ( 'NONE',  ( 6.000000000000000000, 2.919948986426539772, 5.057499999999989448 ) ) ;
#3095 = EDGE_CURVE ( 'NONE', #1140, #3549, #1510, .T. ) ;
#3096 = CONICAL_SURFACE ( 'NONE', #2452, 6.000000000000002665, 0.9599310885968824758 ) ;
#3097 = DIRECTION ( 'NONE',  ( -1.000000000000000000, -1.224606353822377258E-16, -0.0000000000000000000 ) ) ;
#3098 = EDGE_CURVE ( 'NONE', #1642, #4350, #4957, .T. ) ;
#3099 = VERTEX_POINT ( 'NONE', #4370 ) ;
#3100 = ORIENTED_EDGE ( 'NONE', *, *, #2900, .F. ) ;
#3101 = CARTESIAN_POINT ( 'NONE',  ( 52.49021745813850259, 2.583919414749769470E-15, 0.0000000000000000000 ) ) ;
#3102 = ADVANCED_FACE ( 'NONE', ( #4338 ), #4735, .T. ) ;
#3103 = ORIENTED_EDGE ( 'NONE', *, *, #3548, .T. ) ;
#3104 = CARTESIAN_POINT ( 'NONE',  ( 43.84891311031241656, -6.000000000000000000, 7.347880794884122694E-16 ) ) ;
#3105 = DIRECTION ( 'NONE',  ( 0.0000000000000000000, -1.000000000000000000, 0.0000000000000000000 ) ) ;
#3106 = ORIENTED_EDGE ( 'NONE', *, *, #4835, .T. ) ;
#3107 = EDGE_CURVE ( 'NONE', #565, #4853, #4841, .T. ) ;
#3108 = ORIENTED_EDGE ( 'NONE', *, *, #4633, .F. ) ;
#3109 = VERTEX_POINT ( 'NONE', #1998 ) ;
#3110 = CARTESIAN_POINT ( 'NONE',  ( 37.31413036794843663, 2.418597540614639737E-15, 0.0000000000000000000 ) ) ;
#3111 = CARTESIAN_POINT ( 'NONE',  ( 42.12065224074719794, 2.583919414749769470E-15, 0.0000000000000000000 ) ) ;
#3112 = CARTESIAN_POINT ( 'NONE',  ( 6.000000000000000000, 5.839897972853066221, -1.561251128379126385E-14 ) ) ;
#3113 = FACE_OUTER_BOUND ( 'NONE', #522, .T. ) ;
#3114 = VERTEX_POINT ( 'NONE', #2006 ) ;
#3115 = DIRECTION ( 'NONE',  ( 0.0000000000000000000, -1.000000000000000000, 0.0000000000000000000 ) ) ;
#3116 = EDGE_CURVE ( 'NONE', #540, #4473, #702, .T. ) ;
#3117 = EDGE_CURVE ( 'NONE', #1362, #4191, #1827, .T. ) ;
#3118 = CARTESIAN_POINT ( 'NONE',  ( 35.58586949838321800, 2.418597540614639737E-15, 0.0000000000000000000 ) ) ;
#3119 = CARTESIAN_POINT ( 'NONE',  ( 52.49021745813850259, 7.347880794883521188E-16, -6.000000000000002665 ) ) ;
#3120 = EDGE_CURVE ( 'NONE', #1809, #821, #1844, .T. ) ;
#3121 = DIRECTION ( 'NONE',  ( -1.000000000000000000, -1.224606353822377258E-16, -0.0000000000000000000 ) ) ;
#3122 = ORIENTED_EDGE ( 'NONE', *, *, #4611, .F. ) ;
#3123 = CARTESIAN_POINT ( 'NONE',  ( -31.74999999999995737, 0.0000000000000000000, 0.0000000000000000000 ) ) ;
#3124 = CARTESIAN_POINT ( 'NONE',  ( 51.14021732447017143, 2.418597540614639737E-15, 0.0000000000000000000 ) ) ;
#3125 = DIRECTION ( 'NONE',  ( 0.0000000000000000000, -1.000000000000000000, 0.0000000000000000000 ) ) ;
#3126 = EDGE_CURVE ( 'NONE', #2510, #5060, #2351, .T. ) ;
#3127 = LINE ( 'NONE', #1960, #1641 ) ;
#3128 = EDGE_LOOP ( 'NONE', ( #683, #4392, #5016, #981, #2072 ) ) ;
#3129 = DIRECTION ( 'NONE',  ( 0.0000000000000000000, -1.000000000000000000, 0.0000000000000000000 ) ) ;
#3130 = DIRECTION ( 'NONE',  ( -1.000000000000000000, -1.224606353822377258E-16, -0.0000000000000000000 ) ) ;
#3131 = ORIENTED_EDGE ( 'NONE', *, *, #3487, .T. ) ;
#3132 = ORIENTED_EDGE ( 'NONE', *, *, #3641, .F. ) ;
#3133 = EDGE_CURVE ( 'NONE', #997, #1984, #4891, .T. ) ;
#3134 = EDGE_CURVE ( 'NONE', #3889, #997, #793, .T. ) ;
#3135 = EDGE_CURVE ( 'NONE', #4148, #4207, #569, .T. ) ;
#3136 = DIRECTION ( 'NONE',  ( 0.0000000000000000000, -1.000000000000000000, 0.0000000000000000000 ) ) ;
#3137 = DIRECTION ( 'NONE',  ( -0.5735764363510529318, -0.8191520442889870246, 0.0000000000000000000 ) ) ;
#3138 = DIRECTION ( 'NONE',  ( -1.000000000000000000, -1.224606353822377258E-16, -0.0000000000000000000 ) ) ;
#3139 = ORIENTED_EDGE ( 'NONE', *, *, #3810, .T. ) ;
#3140 = FILL_AREA_STYLE ('',( #4194 ) ) ;
#3141 = DIRECTION ( 'NONE',  ( -0.5735764363510532649, 0.8191520442889868026, 1.003171929053518707E-16 ) ) ;
#3142 = EDGE_CURVE ( 'NONE', #4207, #219, #516, .T. ) ;
#3143 = EDGE_CURVE ( 'NONE', #4748, #219, #4302, .T. ) ;
#3144 = ORIENTED_EDGE ( 'NONE', *, *, #3062, .T. ) ;
#3145 = CIRCLE ( 'NONE', #472, 6.000000000000002665 ) ;
#3146 = VECTOR ( 'NONE', #3592, 1000.000000000000000 ) ;
#3147 = ORIENTED_EDGE ( 'NONE', *, *, #4232, .T. ) ;
#3148 = PLANE ( 'NONE',  #1371 ) ;
#3149 = FACE_OUTER_BOUND ( 'NONE', #4966, .T. ) ;
#3150 = ORIENTED_EDGE ( 'NONE', *, *, #3080, .F. ) ;
#3151 = CIRCLE ( 'NONE', #363, 6.000000000000002665 ) ;
#3152 = LINE ( 'NONE', #4491, #3086 ) ;
#3153 = ORIENTED_EDGE ( 'NONE', *, *, #4834, .F. ) ;
#3154 = PLANE ( 'NONE',  #1396 ) ;
#3155 = CARTESIAN_POINT ( 'NONE',  ( 37.98913043478260931, -5.036000000000000476, 0.0000000000000000000 ) ) ;
#3156 = CARTESIAN_POINT ( 'NONE',  ( 42.12065224074719794, 7.347880794883521188E-16, -6.000000000000002665 ) ) ;
#3157 = ORIENTED_EDGE ( 'NONE', *, *, #3486, .T. ) ;
#3158 = CONICAL_SURFACE ( 'NONE', #2488, 6.000000000000002665, 0.9599310885968824758 ) ;
#3159 = EDGE_CURVE ( 'NONE', #4382, #4748, #4553, .T. ) ;
#3160 = ORIENTED_EDGE ( 'NONE', *, *, #4610, .F. ) ;
#3161 = DIRECTION ( 'NONE',  ( 0.0000000000000000000, 0.0000000000000000000, -1.000000000000000000 ) ) ;
#3162 = ORIENTED_EDGE ( 'NONE', *, *, #4120, .T. ) ;
#3163 = EDGE_CURVE ( 'NONE', #4207, #4148, #1194, .T. ) ;
#3164 = CARTESIAN_POINT ( 'NONE',  ( 36.93586963205154916, 6.000000000000005329, 0.0000000000000000000 ) ) ;
#3165 = EDGE_CURVE ( 'NONE', #4148, #4382, #1734, .T. ) ;
#3166 = DIRECTION ( 'NONE',  ( -1.000000000000000000, -1.224606353822377258E-16, -0.0000000000000000000 ) ) ;
#3167 = DIRECTION ( 'NONE',  ( -0.5735764363510529318, -0.8191520442889870246, 0.0000000000000000000 ) ) ;
#3168 = EDGE_CURVE ( 'NONE', #4148, #4581, #705, .T. ) ;
#3169 = FACE_OUTER_BOUND ( 'NONE', #2121, .T. ) ;
#3170 = LINE ( 'NONE', #3474, #2664 ) ;
#3171 = CARTESIAN_POINT ( 'NONE',  ( 31.75108702335589683, 2.583919414749769470E-15, 0.0000000000000000000 ) ) ;
#3172 = FACE_OUTER_BOUND ( 'NONE', #272, .T. ) ;
#3173 = ORIENTED_EDGE ( 'NONE', *, *, #2718, .F. ) ;
#3174 = EDGE_CURVE ( 'NONE', #4581, #997, #679, .T. ) ;
#3175 = VERTEX_POINT ( 'NONE', #3325 ) ;
#3176 = PRESENTATION_LAYER_ASSIGNMENT (  '', '', ( #2090 ) ) ;
#3177 = DIRECTION ( 'NONE',  ( 0.0000000000000000000, -1.000000000000000000, 0.0000000000000000000 ) ) ;
#3178 = DIRECTION ( 'NONE',  ( -1.000000000000000000, -0.0000000000000000000, -0.0000000000000000000 ) ) ;
#3179 = FACE_OUTER_BOUND ( 'NONE', #839, .T. ) ;
#3180 = ORIENTED_EDGE ( 'NONE', *, *, #4861, .F. ) ;
#3181 = ADVANCED_FACE ( 'NONE', ( #898 ), #3154, .T. ) ;
#3182 = FACE_OUTER_BOUND ( 'NONE', #4002, .T. ) ;
#3183 = ORIENTED_EDGE ( 'NONE', *, *, #4161, .T. ) ;
#3184 = ORIENTED_EDGE ( 'NONE', *, *, #3846, .T. ) ;
#3185 = DIRECTION ( 'NONE',  ( -0.7071067811867317587, 8.659560562352678442E-17, -0.7071067811863633867 ) ) ;
#3186 = PLANE ( 'NONE',  #2095 ) ;
#3187 = ADVANCED_FACE ( 'NONE', ( #205 ), #3148, .F. ) ;
#3188 = DIRECTION ( 'NONE',  ( 0.5735764363510450492, 0.8191520442889925757, 0.0000000000000000000 ) ) ;
#3189 = CYLINDRICAL_SURFACE ( 'NONE', #654, 5.999999999999863221 ) ;
#3190 = EDGE_CURVE ( 'NONE', #4207, #1984, #2342, .T. ) ;
#3191 = DIRECTION ( 'NONE',  ( 0.0000000000000000000, -1.000000000000000000, 0.0000000000000000000 ) ) ;
#3192 = VERTEX_POINT ( 'NONE', #3199 ) ;
#3193 = CARTESIAN_POINT ( 'NONE',  ( 24.83804354509502943, -6.000000000000000000, 7.347880794884122694E-16 ) ) ;
#3194 = ORIENTED_EDGE ( 'NONE', *, *, #2909, .F. ) ;
#3195 = ORIENTED_EDGE ( 'NONE', *, *, #3922, .F. ) ;
#3196 = ADVANCED_FACE ( 'NONE', ( #1957 ), #4888, .T. ) ;
#3197 = CIRCLE ( 'NONE', #517, 6.000000000000002665 ) ;
#3198 = ORIENTED_EDGE ( 'NONE', *, *, #4952, .F. ) ;
#3199 = CARTESIAN_POINT ( 'NONE',  ( 6.000000000000000000, -2.919948986426526005, 5.057499999999995666 ) ) ;
#3200 = FACE_OUTER_BOUND ( 'NONE', #3645, .T. ) ;
#3201 = EDGE_CURVE ( 'NONE', #5060, #2965, #2786, .T. ) ;
#3202 = DIRECTION ( 'NONE',  ( 0.0000000000000000000, -1.000000000000000000, 0.0000000000000000000 ) ) ;
#3203 = CARTESIAN_POINT ( 'NONE',  ( 35.58586949838321800, 2.418597540614639737E-15, 0.0000000000000000000 ) ) ;
#3204 = CYLINDRICAL_SURFACE ( 'NONE', #1164, 9.000000000000000000 ) ;
#3205 = ADVANCED_FACE ( 'NONE', ( #4819 ), #1344, .T. ) ;
#3206 = ORIENTED_EDGE ( 'NONE', *, *, #2691, .F. ) ;
#3207 = DIRECTION ( 'NONE',  ( 0.0000000000000000000, -1.000000000000000000, 0.0000000000000000000 ) ) ;
#3208 = CARTESIAN_POINT ( 'NONE',  ( 31.75108702335589683, -6.000000000000000888, 7.347880794884123680E-16 ) ) ;
#3209 = EDGE_CURVE ( 'NONE', #438, #5082, #2079, .T. ) ;
#3210 = CIRCLE ( 'NONE', #874, 5.036000000000003141 ) ;
#3211 = VERTEX_POINT ( 'NONE', #4299 ) ;
#3212 = DIRECTION ( 'NONE',  ( -1.000000000000000000, -1.224606353822377258E-16, -0.0000000000000000000 ) ) ;
#3213 = CARTESIAN_POINT ( 'NONE',  ( 41.44565217391304657, 2.501258477682205392E-15, 0.0000000000000000000 ) ) ;
#3214 = CARTESIAN_POINT ( 'NONE',  ( 50.76195658857328397, 2.583919414749769470E-15, 0.0000000000000000000 ) ) ;
#3215 = ORIENTED_EDGE ( 'NONE', *, *, #3597, .T. ) ;
#3216 = AXIS2_PLACEMENT_3D ( 'NONE', #4569, #2723, #2839 ) ;
#3217 = DIRECTION ( 'NONE',  ( 1.000000000000000000, 1.224606353822377258E-16, 0.0000000000000000000 ) ) ;
#3218 = DIRECTION ( 'NONE',  ( 0.0000000000000000000, -1.000000000000000000, 0.0000000000000000000 ) ) ;
#3219 = ADVANCED_FACE ( 'NONE', ( #3808 ), #1491, .T. ) ;
#3220 = DIRECTION ( 'NONE',  ( -1.000000000000000000, -1.224606353822377258E-16, -0.0000000000000000000 ) ) ;
#3221 = CARTESIAN_POINT ( 'NONE',  ( 46.63043478260869534, 2.501258477682205392E-15, 0.0000000000000000000 ) ) ;
#3222 = VERTEX_POINT ( 'NONE', #4320 ) ;
#3223 = EDGE_CURVE ( 'NONE', #4069, #2545, #2490, .T. ) ;
#3224 = ADVANCED_BREP_SHAPE_REPRESENTATION ( 'M12X45', ( #132, #1839 ), #1811 ) ;
#3225 = EDGE_CURVE ( 'NONE', #2941, #2514, #1850, .T. ) ;
#3226 = DIRECTION ( 'NONE',  ( 0.5735764363510452712, -0.8191520442889924647, 1.003171929053525610E-16 ) ) ;
#3227 = DIRECTION ( 'NONE',  ( 0.0000000000000000000, -1.000000000000000000, 0.0000000000000000000 ) ) ;
#3228 = ORIENTED_EDGE ( 'NONE', *, *, #3133, .T. ) ;
#3229 = ORIENTED_EDGE ( 'NONE', *, *, #4556, .F. ) ;
#3230 = VERTEX_POINT ( 'NONE', #3605 ) ;
#3231 = EDGE_CURVE ( 'NONE', #1838, #4581, #1885, .T. ) ;
#3232 = DIRECTION ( 'NONE',  ( 0.0000000000000000000, -1.000000000000000000, 0.0000000000000000000 ) ) ;
#3233 = CARTESIAN_POINT ( 'NONE',  ( -31.74999999999995737, 0.0000000000000000000, 0.0000000000000000000 ) ) ;
#3234 = LINE ( 'NONE', #4792, #2548 ) ;
#3235 = DIRECTION ( 'NONE',  ( -1.000000000000000000, -1.224606353822377258E-16, -0.0000000000000000000 ) ) ;
#3236 = ORIENTED_EDGE ( 'NONE', *, *, #4844, .T. ) ;
#3237 = CARTESIAN_POINT ( 'NONE',  ( 26.56630441466024450, 2.583919414749769470E-15, 0.0000000000000000000 ) ) ;
#3238 = ORIENTED_EDGE ( 'NONE', *, *, #3223, .F. ) ;
#3239 = CARTESIAN_POINT ( 'NONE',  ( 36.26086956521739069, -5.036000000000000476, 0.0000000000000000000 ) ) ;
#3240 = CARTESIAN_POINT ( 'NONE',  ( 36.26086956521739069, 2.501258477682205392E-15, 0.0000000000000000000 ) ) ;
#3241 = CARTESIAN_POINT ( 'NONE',  ( 35.20760876248633053, -6.085938624263665296E-29, 6.000000000000002665 ) ) ;
#3242 = EDGE_CURVE ( 'NONE', #2514, #635, #2948, .T. ) ;
#3243 = ORIENTED_EDGE ( 'NONE', *, *, #4736, .T. ) ;
#3244 = DIRECTION ( 'NONE',  ( 0.0000000000000000000, -1.000000000000000000, 0.0000000000000000000 ) ) ;
#3245 = CARTESIAN_POINT ( 'NONE',  ( -31.74999999999995737, 7.347880794883952103E-16, -5.999999999999863221 ) ) ;
#3246 = VERTEX_POINT ( 'NONE', #2234 ) ;
#3247 = CARTESIAN_POINT ( 'NONE',  ( 45.57717397987763519, -6.008901426488175862E-29, 6.000000000000002665 ) ) ;
#3248 = CARTESIAN_POINT ( 'NONE',  ( 17.25000000000000000, 2.501258477682205392E-15, 0.0000000000000000000 ) ) ;
#3249 = DIRECTION ( 'NONE',  ( -0.0000000000000000000, 1.188187522481193495E-15, 1.000000000000000000 ) ) ;
#3250 = CARTESIAN_POINT ( 'NONE',  ( 12.00000000000000000, 8.082668874372363386E-16, 6.599999999999862865 ) ) ;
#3251 = ORIENTED_EDGE ( 'NONE', *, *, #4187, .T. ) ;
#3252 = DIRECTION ( 'NONE',  ( 0.5735764363510452712, -0.8191520442889924647, 1.003171929053525610E-16 ) ) ;
#3253 = EDGE_CURVE ( 'NONE', #1809, #1294, #2870, .T. ) ;
#3254 = DIRECTION ( 'NONE',  ( 0.0000000000000000000, -1.000000000000000000, 0.0000000000000000000 ) ) ;
#3255 = DIRECTION ( 'NONE',  ( 1.000000000000000000, 1.224606353822377258E-16, 0.0000000000000000000 ) ) ;
#3256 = VERTEX_POINT ( 'NONE', #4335 ) ;
#3257 = CARTESIAN_POINT ( 'NONE',  ( 36.93586963205154916, -6.000000000000000000, 7.347880794884122694E-16 ) ) ;
#3258 = ORIENTED_EDGE ( 'NONE', *, *, #4119, .F. ) ;
#3259 = EDGE_CURVE ( 'NONE', #5085, #1362, #1478, .T. ) ;
#3260 = ORIENTED_EDGE ( 'NONE', *, *, #2810, .T. ) ;
#3261 = CARTESIAN_POINT ( 'NONE',  ( 24.83804354509502943, 7.347880794883521188E-16, -6.000000000000002665 ) ) ;
#3262 = EDGE_CURVE ( 'NONE', #1456, #635, #4788, .T. ) ;
#3263 = EDGE_CURVE ( 'NONE', #1276, #1456, #3315, .T. ) ;
#3264 = DIRECTION ( 'NONE',  ( -1.000000000000000000, -1.224606353822377258E-16, -0.0000000000000000000 ) ) ;
#3265 = ORIENTED_EDGE ( 'NONE', *, *, #3434, .F. ) ;
#3266 = DIRECTION ( 'NONE',  ( -1.000000000000000000, -0.0000000000000000000, -0.0000000000000000000 ) ) ;
#3267 = DIRECTION ( 'NONE',  ( 0.5735764363510452712, -0.8191520442889924647, 1.003171929053525610E-16 ) ) ;
#3268 = ORIENTED_EDGE ( 'NONE', *, *, #4166, .F. ) ;
#3269 = CIRCLE ( 'NONE', #1176, 5.036000000000003141 ) ;
#3270 = ORIENTED_EDGE ( 'NONE', *, *, #4915, .F. ) ;
#3271 = CARTESIAN_POINT ( 'NONE',  ( 17.25000000000000000, 2.501258477682205392E-15, 0.0000000000000000000 ) ) ;
#3272 = DIRECTION ( 'NONE',  ( -0.5735764363510529318, -0.8191520442889870246, 0.0000000000000000000 ) ) ;
#3273 = DIRECTION ( 'NONE',  ( -1.000000000000000000, -0.0000000000000000000, -0.0000000000000000000 ) ) ;
#3274 = EDGE_CURVE ( 'NONE', #4350, #5054, #214, .T. ) ;
#3275 = ORIENTED_EDGE ( 'NONE', *, *, #3665, .F. ) ;
#3276 = CARTESIAN_POINT ( 'NONE',  ( 37.31413036794843663, -5.623715437610728691E-29, 6.000000000000002665 ) ) ;
#3277 = EDGE_LOOP ( 'NONE', ( #3894, #3996, #1203, #4514, #2128, #418 ) ) ;
#3278 = DIRECTION ( 'NONE',  ( -1.000000000000000000, -0.0000000000000000000, -0.0000000000000000000 ) ) ;
#3279 = ORIENTED_EDGE ( 'NONE', *, *, #3324, .F. ) ;
#3280 = EDGE_CURVE ( 'NONE', #2941, #1276, #561, .T. ) ;
#3281 = CARTESIAN_POINT ( 'NONE',  ( -31.74999999999995737, 0.0000000000000000000, 5.999999999999863221 ) ) ;
#3282 = CARTESIAN_POINT ( 'NONE',  ( -31.74999999999995737, 0.0000000000000000000, 0.0000000000000000000 ) ) ;
#3283 = ORIENTED_EDGE ( 'NONE', *, *, #4909, .T. ) ;
#3284 = ORIENTED_EDGE ( 'NONE', *, *, #2564, .F. ) ;
#3285 = CARTESIAN_POINT ( 'NONE',  ( 46.63043478260869534, -5.036000000000000476, 6.757601037695098523E-16 ) ) ;
#3286 = ORIENTED_EDGE ( 'NONE', *, *, #3168, .F. ) ;
#3287 = DIRECTION ( 'NONE',  ( 0.0000000000000000000, 0.0000000000000000000, 1.000000000000000000 ) ) ;
#3288 = DIRECTION ( 'NONE',  ( 0.0000000000000000000, -1.000000000000000000, 0.0000000000000000000 ) ) ;
#3289 = CARTESIAN_POINT ( 'NONE',  ( -31.74999999999995737, 7.347880794883952103E-16, -5.999999999999863221 ) ) ;
#3290 = CARTESIAN_POINT ( 'NONE',  ( 12.59999999999999964, 0.0000000000000000000, 0.0000000000000000000 ) ) ;
#3291 = ORIENTED_EDGE ( 'NONE', *, *, #4909, .F. ) ;
#3292 = EDGE_LOOP ( 'NONE', ( #2583, #1434, #4715, #3970, #2807 ) ) ;
#3293 = DIRECTION ( 'NONE',  ( -1.000000000000000000, -0.0000000000000000000, -0.0000000000000000000 ) ) ;
#3294 = DIRECTION ( 'NONE',  ( -1.000000000000000000, -1.224606353822377258E-16, -0.0000000000000000000 ) ) ;
#3295 = CARTESIAN_POINT ( 'NONE',  ( -31.74999999999995737, 0.0000000000000000000, 0.0000000000000000000 ) ) ;
#3296 = EDGE_CURVE ( 'NONE', #2941, #4924, #4483, .T. ) ;
#3297 = EDGE_CURVE ( 'NONE', #4924, #4069, #4401, .T. ) ;
#3298 = DIRECTION ( 'NONE',  ( 1.000000000000000000, 1.224606353822377258E-16, 0.0000000000000000000 ) ) ;
#3299 = DIRECTION ( 'NONE',  ( 0.0000000000000000000, 1.000000000000000000, 0.0000000000000000000 ) ) ;
#3300 = ORIENTED_EDGE ( 'NONE', *, *, #3895, .F. ) ;
#3301 = LINE ( 'NONE', #5131, #2738 ) ;
#3302 = EDGE_CURVE ( 'NONE', #2514, #2545, #495, .T. ) ;
#3303 = VERTEX_POINT ( 'NONE', #1939 ) ;
#3304 = ADVANCED_FACE ( 'NONE', ( #924 ), #726, .T. ) ;
#3305 = CARTESIAN_POINT ( 'NONE',  ( 47.30543484944285382, 6.000000000000005329, 0.0000000000000000000 ) ) ;
#3306 = DIRECTION ( 'NONE',  ( 1.000000000000000000, 0.0000000000000000000, 0.0000000000000000000 ) ) ;
#3307 = DIRECTION ( 'NONE',  ( 0.0000000000000000000, -1.000000000000000000, 0.0000000000000000000 ) ) ;
#3308 = VERTEX_POINT ( 'NONE', #4376 ) ;
#3309 = CIRCLE ( 'NONE', #518, 6.000000000000002665 ) ;
#3310 = ORIENTED_EDGE ( 'NONE', *, *, #2899, .T. ) ;
#3311 = VECTOR ( 'NONE', #3866, 1000.000000000000000 ) ;
#3312 = CARTESIAN_POINT ( 'NONE',  ( 6.000000000000000000, 5.839897972853066221, -1.561251128379126385E-14 ) ) ;
#3313 = CARTESIAN_POINT ( 'NONE',  ( 28.29456528422546313, 2.583919414749769470E-15, 0.0000000000000000000 ) ) ;
#3314 = ORIENTED_EDGE ( 'NONE', *, *, #5006, .F. ) ;
#3315 = CIRCLE ( 'NONE', #1322, 6.000000000000002665 ) ;
#3316 = DIRECTION ( 'NONE',  ( 0.0000000000000000000, -1.000000000000000000, 0.0000000000000000000 ) ) ;
#3317 = CARTESIAN_POINT ( 'NONE',  ( 51.14021732447017143, 6.000000000000006217, 7.347880794884123680E-16 ) ) ;
#3318 = ORIENTED_EDGE ( 'NONE', *, *, #2873, .F. ) ;
#3319 = CARTESIAN_POINT ( 'NONE',  ( 6.000000000000000000, -2.919948986426526005, 5.057499999999995666 ) ) ;
#3320 = CARTESIAN_POINT ( 'NONE',  ( 40.77065210707887388, -5.999999999999999112, 0.0000000000000000000 ) ) ;
#3321 = DIRECTION ( 'NONE',  ( 0.0000000000000000000, 0.0000000000000000000, -1.000000000000000000 ) ) ;
#3322 = CIRCLE ( 'NONE', #889, 6.000000000000002665 ) ;
#3323 = EDGE_CURVE ( 'NONE', #635, #4492, #2669, .T. ) ;
#3324 = EDGE_CURVE ( 'NONE', #4420, #5146, #327, .T. ) ;
#3325 = CARTESIAN_POINT ( 'NONE',  ( 32.12934775925278785, -5.999999999999999112, 0.0000000000000000000 ) ) ;
#3326 = DIRECTION ( 'NONE',  ( 1.000000000000000000, 1.224606353822377258E-16, 0.0000000000000000000 ) ) ;
#3327 = DIRECTION ( 'NONE',  ( 1.000000000000000000, 1.224606353822377258E-16, 0.0000000000000000000 ) ) ;
#3328 = EDGE_LOOP ( 'NONE', ( #5094, #445, #732, #4863, #3594 ) ) ;
#3329 = CARTESIAN_POINT ( 'NONE',  ( 31.07608695652173836, 2.501258477682205392E-15, 0.0000000000000000000 ) ) ;
#3330 = PRESENTATION_STYLE_ASSIGNMENT (( #3870 ) ) ;
#3331 = DIRECTION ( 'NONE',  ( -1.000000000000000000, -1.224606353822377258E-16, -0.0000000000000000000 ) ) ;
#3332 = CARTESIAN_POINT ( 'NONE',  ( 18.30326080273104594, 6.000000000000006217, 7.347880794884123680E-16 ) ) ;
#3333 = EDGE_CURVE ( 'NONE', #3918, #436, #4609, .T. ) ;
#3334 = ORIENTED_EDGE ( 'NONE', *, *, #4933, .T. ) ;
#3335 = CARTESIAN_POINT ( 'NONE',  ( 20.70652173913043725, 5.036000000000005805, 6.167321280506074351E-16 ) ) ;
#3336 = ORIENTED_EDGE ( 'NONE', *, *, #4035, .T. ) ;
#3337 = CARTESIAN_POINT ( 'NONE',  ( 50.76195658857328397, -6.000000000000000888, 7.347880794884123680E-16 ) ) ;
#3338 = EDGE_CURVE ( 'NONE', #169, #4723, #1363, .T. ) ;
#3339 = CIRCLE ( 'NONE', #77, 5.036000000000003141 ) ;
#3340 = CONICAL_SURFACE ( 'NONE', #2528, 6.000000000000002665, 0.9599310885968824758 ) ;
#3341 = EDGE_CURVE ( 'NONE', #5126, #3833, #2189, .T. ) ;
#3342 = DIRECTION ( 'NONE',  ( 0.5735764363510450492, 0.8191520442889925757, 0.0000000000000000000 ) ) ;
#3343 = ORIENTED_EDGE ( 'NONE', *, *, #3225, .F. ) ;
#3344 = CIRCLE ( 'NONE', #226, 6.000000000000002665 ) ;
#3345 = DIRECTION ( 'NONE',  ( -1.000000000000000000, -1.224606353822377258E-16, -0.0000000000000000000 ) ) ;
#3346 = DIRECTION ( 'NONE',  ( 1.000000000000000000, 0.0000000000000000000, 0.0000000000000000000 ) ) ;
#3347 = CARTESIAN_POINT ( 'NONE',  ( 53.54347826086956985, 2.501258477682205392E-15, 0.0000000000000000000 ) ) ;
#3348 = CYLINDRICAL_SURFACE ( 'NONE', #2332, 5.999999999999863221 ) ;
#3349 = ORIENTED_EDGE ( 'NONE', *, *, #4159, .T. ) ;
#3350 = ORIENTED_EDGE ( 'NONE', *, *, #4378, .F. ) ;
#3351 = EDGE_CURVE ( 'NONE', #4885, #1140, #3480, .T. ) ;
#3352 = DIRECTION ( 'NONE',  ( -1.000000000000000000, -1.224606353822377258E-16, -0.0000000000000000000 ) ) ;
#3353 = PLANE ( 'NONE',  #2431 ) ;
#3354 = ADVANCED_FACE ( 'NONE', ( #2827 ), #1783, .T. ) ;
#3355 = CARTESIAN_POINT ( 'NONE',  ( 40.77065210707887388, 6.000000000000006217, 7.347880794884123680E-16 ) ) ;
#3356 = CARTESIAN_POINT ( 'NONE',  ( 18.97826086956521863, 2.501258477682205392E-15, 0.0000000000000000000 ) ) ;
#3357 = DIRECTION ( 'NONE',  ( 0.0000000000000000000, 1.000000000000000000, 0.0000000000000000000 ) ) ;
#3358 = DIRECTION ( 'NONE',  ( 0.0000000000000000000, -1.000000000000000000, 0.0000000000000000000 ) ) ;
#3359 = CONICAL_SURFACE ( 'NONE', #2532, 6.000000000000002665, 0.9599310885968824758 ) ;
#3360 = ORIENTED_EDGE ( 'NONE', *, *, #4035, .F. ) ;
#3361 = VECTOR ( 'NONE', #4699, 1000.000000000000000 ) ;
#3362 = VERTEX_POINT ( 'NONE', #1830 ) ;
#3363 = DIRECTION ( 'NONE',  ( -1.000000000000000000, -1.224606353822377258E-16, -0.0000000000000000000 ) ) ;
#3364 = CARTESIAN_POINT ( 'NONE',  ( -31.74999999999995737, 0.0000000000000000000, 5.999999999999863221 ) ) ;
#3365 = FACE_OUTER_BOUND ( 'NONE', #4013, .T. ) ;
#3366 = CARTESIAN_POINT ( 'NONE',  ( 47.30543484944285382, 6.000000000000004441, 0.0000000000000000000 ) ) ;
#3367 = EDGE_CURVE ( 'NONE', #3710, #4346, #1161, .T. ) ;
#3368 = EDGE_CURVE ( 'NONE', #4563, #438, #747, .T. ) ;
#3369 = EDGE_LOOP ( 'NONE', ( #1933, #71, #856, #1707, #3538 ) ) ;
#3370 = DIRECTION ( 'NONE',  ( 0.0000000000000000000, -1.000000000000000000, 0.0000000000000000000 ) ) ;
#3371 = DIRECTION ( 'NONE',  ( -1.000000000000000000, -0.0000000000000000000, -0.0000000000000000000 ) ) ;
#3372 = CARTESIAN_POINT ( 'NONE',  ( 39.71739130434782794, 5.036000000000005805, 6.167321280506074351E-16 ) ) ;
#3373 = CONICAL_SURFACE ( 'NONE', #2538, 6.000000000000002665, 0.9599310885968824758 ) ;
#3374 = EDGE_LOOP ( 'NONE', ( #3584, #827, #2675, #933, #1227 ) ) ;
#3375 = EDGE_CURVE ( 'NONE', #3710, #73, #754, .T. ) ;
#3376 = CARTESIAN_POINT ( 'NONE',  ( 17.92500006683415847, -6.000000000000000000, 7.347880794884122694E-16 ) ) ;
#3377 = FACE_OUTER_BOUND ( 'NONE', #4912, .T. ) ;
#3378 = VERTEX_POINT ( 'NONE', #1715 ) ;
#3379 = EDGE_CURVE ( 'NONE', #73, #3230, #503, .T. ) ;
#3380 = CARTESIAN_POINT ( 'NONE',  ( 25.21630428099191690, 7.347880794883559645E-16, -6.000000000000002665 ) ) ;
#3381 = CIRCLE ( 'NONE', #351, 5.057500000000000107 ) ;
#3382 = CARTESIAN_POINT ( 'NONE',  ( 12.59999999999999964, 0.0000000000000000000, 0.0000000000000000000 ) ) ;
#3383 = VECTOR ( 'NONE', #3272, 1000.000000000000000 ) ;
#3384 = DIRECTION ( 'NONE',  ( 0.0000000000000000000, 0.0000000000000000000, 1.000000000000000000 ) ) ;
#3385 = ORIENTED_EDGE ( 'NONE', *, *, #4080, .F. ) ;
#3386 = LINE ( 'NONE', #994, #2942 ) ;
#3387 = VERTEX_POINT ( 'NONE', #1765 ) ;
#3388 = EDGE_CURVE ( 'NONE', #1537, #1498, #1611, .T. ) ;
#3389 = ORIENTED_EDGE ( 'NONE', *, *, #4928, .F. ) ;
#3390 = DIRECTION ( 'NONE',  ( 1.000000000000000000, 1.224606353822377258E-16, 0.0000000000000000000 ) ) ;
#3391 = DIRECTION ( 'NONE',  ( 1.000000000000000000, 0.0000000000000000000, 0.0000000000000000000 ) ) ;
#3392 = FACE_OUTER_BOUND ( 'NONE', #4198, .T. ) ;
#3393 = ORIENTED_EDGE ( 'NONE', *, *, #2929, .F. ) ;
#3394 = DIRECTION ( 'NONE',  ( -0.5735764363510532649, 0.8191520442889868026, 1.003171929053518707E-16 ) ) ;
#3395 = SURFACE_STYLE_FILL_AREA ( #3832 ) ;
#3396 = DIRECTION ( 'NONE',  ( -1.000000000000000000, -1.224606353822377258E-16, -0.0000000000000000000 ) ) ;
#3397 = ORIENTED_EDGE ( 'NONE', *, *, #3262, .T. ) ;
#3398 = EDGE_CURVE ( 'NONE', #1905, #3211, #1890, .T. ) ;
#3399 = CONICAL_SURFACE ( 'NONE', #2544, 6.000000000000002665, 0.9599310885968824758 ) ;
#3400 = ORIENTED_EDGE ( 'NONE', *, *, #3324, .T. ) ;
#3401 = DIRECTION ( 'NONE',  ( 1.000000000000000000, 0.0000000000000000000, 0.0000000000000000000 ) ) ;
#3402 = VECTOR ( 'NONE', #2977, 999.9999999999998863 ) ;
#3403 = AXIS2_PLACEMENT_3D ( 'NONE', #2565, #2803, #2518 ) ;
#3404 = ORIENTED_EDGE ( 'NONE', *, *, #2618, .T. ) ;
#3405 = DIRECTION ( 'NONE',  ( -1.000000000000000000, -0.0000000000000000000, -0.0000000000000000000 ) ) ;
#3406 = DIRECTION ( 'NONE',  ( 0.5735764363510452712, -0.8191520442889924647, 1.003171929053525610E-16 ) ) ;
#3407 = FACE_OUTER_BOUND ( 'NONE', #2898, .T. ) ;
#3408 = ORIENTED_EDGE ( 'NONE', *, *, #2739, .T. ) ;
#3409 = EDGE_CURVE ( 'NONE', #3211, #3588, #4906, .T. ) ;
#3410 = DIRECTION ( 'NONE',  ( -0.5735764363510529318, -0.8191520442889870246, 0.0000000000000000000 ) ) ;
#3411 = DIRECTION ( 'NONE',  ( 0.0000000000000000000, 1.000000000000000000, 0.0000000000000000000 ) ) ;
#3412 = VECTOR ( 'NONE', #3342, 1000.000000000000000 ) ;
#3413 = DIRECTION ( 'NONE',  ( -1.000000000000000000, -1.224606353822377258E-16, -0.0000000000000000000 ) ) ;
#3414 = CIRCLE ( 'NONE', #625, 6.000000000000002665 ) ;
#3415 = ORIENTED_EDGE ( 'NONE', *, *, #3778, .F. ) ;
#3416 = CARTESIAN_POINT ( 'NONE',  ( 46.63043478260869534, 5.036000000000005805, 6.167321280506074351E-16 ) ) ;
#3417 = ORIENTED_EDGE ( 'NONE', *, *, #3485, .F. ) ;
#3418 = FACE_OUTER_BOUND ( 'NONE', #2557, .T. ) ;
#3419 = ORIENTED_EDGE ( 'NONE', *, *, #4407, .T. ) ;
#3420 = DIRECTION ( 'NONE',  ( -1.000000000000000000, -1.224606353822377258E-16, -0.0000000000000000000 ) ) ;
#3421 = DIRECTION ( 'NONE',  ( 0.0000000000000000000, 0.0000000000000000000, -1.000000000000000000 ) ) ;
#3422 = DIRECTION ( 'NONE',  ( 0.0000000000000000000, -1.000000000000000000, 0.0000000000000000000 ) ) ;
#3423 = DIRECTION ( 'NONE',  ( 1.000000000000000000, 1.224606353822377258E-16, 0.0000000000000000000 ) ) ;
#3424 = VECTOR ( 'NONE', #4281, 1000.000000000000000 ) ;
#3425 = ADVANCED_FACE ( 'NONE', ( #3682 ), #1672, .T. ) ;
#3426 = CARTESIAN_POINT ( 'NONE',  ( 25.89130434782608603, 2.501258477682205392E-15, 0.0000000000000000000 ) ) ;
#3427 = CONICAL_SURFACE ( 'NONE', #2546, 6.000000000000002665, 0.9599310885968824758 ) ;
#3428 = VERTEX_POINT ( 'NONE', #1606 ) ;
#3429 = EDGE_CURVE ( 'NONE', #2545, #3588, #1385, .T. ) ;
#3430 = DIRECTION ( 'NONE',  ( 0.0000000000000000000, 0.0000000000000000000, 1.000000000000000000 ) ) ;
#3431 = DIRECTION ( 'NONE',  ( -1.000000000000000000, -1.224606353822377258E-16, -0.0000000000000000000 ) ) ;
#3432 = CARTESIAN_POINT ( 'NONE',  ( 45.57717397987763519, 6.000000000000005329, 0.0000000000000000000 ) ) ;
#3433 = CARTESIAN_POINT ( 'NONE',  ( 6.000000000000000000, 6.193651186687738874E-16, -5.057500000000000107 ) ) ;
#3434 = EDGE_CURVE ( 'NONE', #4905, #1921, #4781, .T. ) ;
#3435 = DIRECTION ( 'NONE',  ( 0.0000000000000000000, -1.000000000000000000, 0.0000000000000000000 ) ) ;
#3436 = EDGE_CURVE ( 'NONE', #1727, #3790, #99, .T. ) ;
#3437 = ORIENTED_EDGE ( 'NONE', *, *, #3673, .T. ) ;
#3438 = DIRECTION ( 'NONE',  ( 0.0000000000000000000, -1.000000000000000000, 0.0000000000000000000 ) ) ;
#3439 = CARTESIAN_POINT ( 'NONE',  ( 35.20760876248633053, 2.583919414749769470E-15, 0.0000000000000000000 ) ) ;
#3440 = ORIENTED_EDGE ( 'NONE', *, *, #2962, .T. ) ;
#3441 = COLOUR_RGB ( '',0.7764705882352941346, 0.7568627450980391913, 0.7372549019607843590 ) ;
#3442 = CIRCLE ( 'NONE', #894, 6.000000000000002665 ) ;
#3443 = CARTESIAN_POINT ( 'NONE',  ( -31.74999999999995737, 7.347880794883952103E-16, -5.999999999999863221 ) ) ;
#3444 = ORIENTED_EDGE ( 'NONE', *, *, #4574, .F. ) ;
#3445 = CARTESIAN_POINT ( 'NONE',  ( 25.89130434782608603, 5.036000000000005805, 6.167321280506074351E-16 ) ) ;
#3446 = CARTESIAN_POINT ( 'NONE',  ( 24.83804354509502943, -6.000000000000000888, 7.347880794884123680E-16 ) ) ;
#3447 = EDGE_CURVE ( 'NONE', #1479, #1425, #767, .T. ) ;
#3448 = VERTEX_POINT ( 'NONE', #243 ) ;
#3449 = ORIENTED_EDGE ( 'NONE', *, *, #3922, .T. ) ;
#3450 = DIRECTION ( 'NONE',  ( -1.000000000000000000, -0.0000000000000000000, -0.0000000000000000000 ) ) ;
#3451 = DIRECTION ( 'NONE',  ( 0.0000000000000000000, -1.000000000000000000, 0.0000000000000000000 ) ) ;
#3452 = CARTESIAN_POINT ( 'NONE',  ( 17.25000000000000000, 5.036000000000005805, 6.167321280506074351E-16 ) ) ;
#3453 = CIRCLE ( 'NONE', #74, 6.000000000000002665 ) ;
#3454 = EDGE_CURVE ( 'NONE', #1425, #2277, #1640, .T. ) ;
#3455 = ORIENTED_EDGE ( 'NONE', *, *, #2555, .T. ) ;
#3456 = CIRCLE ( 'NONE', #245, 9.000000000000000000 ) ;
#3457 = ADVANCED_FACE ( 'NONE', ( #4518 ), #5076, .T. ) ;
#3458 = CARTESIAN_POINT ( 'NONE',  ( 41.44565217391304657, 5.036000000000005805, 0.0000000000000000000 ) ) ;
#3459 = CIRCLE ( 'NONE', #68, 5.036000000000003141 ) ;
#3460 = CARTESIAN_POINT ( 'NONE',  ( 34.53260869565217206, 2.501258477682205392E-15, 0.0000000000000000000 ) ) ;
#3461 = DIRECTION ( 'NONE',  ( -1.000000000000000000, -1.224606353822377258E-16, -0.0000000000000000000 ) ) ;
#3462 = VERTEX_POINT ( 'NONE', #5141 ) ;
#3463 = ORIENTED_EDGE ( 'NONE', *, *, #4081, .F. ) ;
#3464 = CIRCLE ( 'NONE', #233, 9.000000000000000000 ) ;
#3465 = CARTESIAN_POINT ( 'NONE',  ( 32.12934775925278785, 6.000000000000006217, 7.347880794884123680E-16 ) ) ;
#3466 = DIRECTION ( 'NONE',  ( 0.0000000000000000000, -1.000000000000000000, 0.0000000000000000000 ) ) ;
#3467 = CARTESIAN_POINT ( 'NONE',  ( 21.38152180596459573, 2.583919414749769470E-15, 0.0000000000000000000 ) ) ;
#3468 = EDGE_CURVE ( 'NONE', #1357, #1727, #893, .T. ) ;
#3469 = EDGE_CURVE ( 'NONE', #1357, #4068, #1676, .T. ) ;
#3470 = ORIENTED_EDGE ( 'NONE', *, *, #4297, .F. ) ;
#3471 = DIRECTION ( 'NONE',  ( 0.0000000000000000000, 1.000000000000000000, 0.0000000000000000000 ) ) ;
#3472 = CIRCLE ( 'NONE', #1124, 5.036000000000003141 ) ;
#3473 = VERTEX_POINT ( 'NONE', #5078 ) ;
#3474 = CARTESIAN_POINT ( 'NONE',  ( 6.000000000000000000, 5.839897972853066221, -1.561251128379126385E-14 ) ) ;
#3475 = CARTESIAN_POINT ( 'NONE',  ( 40.77065210707887388, 2.418597540614639737E-15, 0.0000000000000000000 ) ) ;
#3476 = VERTEX_POINT ( 'NONE', #5097 ) ;
#3477 = EDGE_CURVE ( 'NONE', #4288, #3303, #5073, .T. ) ;
#3478 = DIRECTION ( 'NONE',  ( -1.000000000000000000, -0.0000000000000000000, -0.0000000000000000000 ) ) ;
#3479 = CIRCLE ( 'NONE', #583, 6.000000000000002665 ) ;
#3480 = CIRCLE ( 'NONE', #1285, 6.000000000000002665 ) ;
#3481 = DIRECTION ( 'NONE',  ( 0.0000000000000000000, 1.000000000000000000, 0.0000000000000000000 ) ) ;
#3482 = CARTESIAN_POINT ( 'NONE',  ( 6.000000000000000000, -5.258101095580057891E-15, -5.057500000000000107 ) ) ;
#3483 = CIRCLE ( 'NONE', #479, 6.000000000000002665 ) ;
#3484 = ORIENTED_EDGE ( 'NONE', *, *, #4625, .F. ) ;
#3485 = EDGE_CURVE ( 'NONE', #169, #4288, #5160, .T. ) ;
#3486 = EDGE_CURVE ( 'NONE', #169, #1573, #5034, .T. ) ;
#3487 = EDGE_CURVE ( 'NONE', #1573, #3918, #4993, .T. ) ;
#3488 = DIRECTION ( 'NONE',  ( -0.5735764363510532649, 0.8191520442889868026, 1.003171929053518707E-16 ) ) ;
#3489 = CARTESIAN_POINT ( 'NONE',  ( 27.61956521739130466, 2.501258477682205392E-15, 0.0000000000000000000 ) ) ;
#3490 = VERTEX_POINT ( 'NONE', #2719 ) ;
#3491 = DIRECTION ( 'NONE',  ( -1.000000000000000000, -1.224606353822377258E-16, -0.0000000000000000000 ) ) ;
#3492 = ADVANCED_FACE ( 'NONE', ( #4393 ), #4615, .T. ) ;
#3493 = CIRCLE ( 'NONE', #195, 5.057500000000000107 ) ;
#3494 = DIRECTION ( 'NONE',  ( 0.0000000000000000000, -1.000000000000000000, 0.0000000000000000000 ) ) ;
#3495 = ORIENTED_EDGE ( 'NONE', *, *, #3333, .F. ) ;
#3496 = ORIENTED_EDGE ( 'NONE', *, *, #3619, .T. ) ;
#3497 = FACE_OUTER_BOUND ( 'NONE', #3864, .T. ) ;
#3498 = CARTESIAN_POINT ( 'NONE',  ( 54.21847832770372833, 2.583919414749769470E-15, 0.0000000000000000000 ) ) ;
#3499 = DIRECTION ( 'NONE',  ( 1.000000000000000000, 1.224606353822377258E-16, 0.0000000000000000000 ) ) ;
#3500 = ORIENTED_EDGE ( 'NONE', *, *, #3280, .T. ) ;
#3501 = EDGE_CURVE ( 'NONE', #3790, #342, #1788, .T. ) ;
#3502 = EDGE_CURVE ( 'NONE', #1266, #1460, #4306, .T. ) ;
#3503 = DIRECTION ( 'NONE',  ( -1.000000000000000000, -0.0000000000000000000, -0.0000000000000000000 ) ) ;
#3504 = EDGE_LOOP ( 'NONE', ( #375, #484, #923, #1891, #3415, #2225 ) ) ;
#3505 = CARTESIAN_POINT ( 'NONE',  ( 28.67282602012235060, 6.000000000000006217, 7.347880794884123680E-16 ) ) ;
#3506 = CIRCLE ( 'NONE', #871, 6.000000000000002665 ) ;
#3507 = FACE_OUTER_BOUND ( 'NONE', #4421, .T. ) ;
#3508 = EDGE_CURVE ( 'NONE', #5077, #2883, #4764, .T. ) ;
#3509 = EDGE_CURVE ( 'NONE', #3448, #4158, #3625, .T. ) ;
#3510 = CARTESIAN_POINT ( 'NONE',  ( 0.6000000000000033085, 1.102182119232617714E-15, -9.000000000000000000 ) ) ;
#3511 = DIRECTION ( 'NONE',  ( 0.0000000000000000000, -1.000000000000000000, 0.0000000000000000000 ) ) ;
#3512 = VECTOR ( 'NONE', #170, 1000.000000000000000 ) ;
#3513 = ORIENTED_EDGE ( 'NONE', *, *, #3143, .F. ) ;
#3514 = ADVANCED_FACE ( 'NONE', ( #3891 ), #3204, .T. ) ;
#3515 = LINE ( 'NONE', #2320, #2214 ) ;
#3516 = EDGE_CURVE ( 'NONE', #3901, #1346, #3269, .T. ) ;
#3517 = ADVANCED_FACE ( 'NONE', ( #3497 ), #2641, .T. ) ;
#3518 = CARTESIAN_POINT ( 'NONE',  ( 40.39239137118198641, 2.583919414749769470E-15, 0.0000000000000000000 ) ) ;
#3519 = FACE_OUTER_BOUND ( 'NONE', #5150, .T. ) ;
#3520 = DIRECTION ( 'NONE',  ( 0.0000000000000000000, -1.000000000000000000, 0.0000000000000000000 ) ) ;
#3521 = EDGE_CURVE ( 'NONE', #3099, #1448, #3386, .T. ) ;
#3522 = VERTEX_POINT ( 'NONE', #2272 ) ;
#3523 = DIRECTION ( 'NONE',  ( 0.5735764363510452712, -0.8191520442889924647, 1.003171929053525610E-16 ) ) ;
#3524 = TOROIDAL_SURFACE ( 'NONE', #2533, 6.599999999999862865, 0.5999999999999999778 ) ;
#3525 = DIRECTION ( 'NONE',  ( -1.000000000000000000, -1.224606353822377258E-16, -0.0000000000000000000 ) ) ;
#3526 = EDGE_LOOP ( 'NONE', ( #869, #269, #2377, #2475 ) ) ;
#3527 = CIRCLE ( 'NONE', #66, 6.000000000000002665 ) ;
#3528 = FACE_OUTER_BOUND ( 'NONE', #2657, .T. ) ;
#3529 = CARTESIAN_POINT ( 'NONE',  ( 6.000000000000000000, 2.919948986426526893, -5.057500000000011653 ) ) ;
#3530 = CARTESIAN_POINT ( 'NONE',  ( 26.94456515055713197, 2.418597540614639737E-15, 0.0000000000000000000 ) ) ;
#3531 = CARTESIAN_POINT ( 'NONE',  ( 35.20760876248633053, 2.583919414749769470E-15, 0.0000000000000000000 ) ) ;
#3532 = ORIENTED_EDGE ( 'NONE', *, *, #4653, .T. ) ;
#3533 = LINE ( 'NONE', #4939, #2991 ) ;
#3534 = ADVANCED_FACE ( 'NONE', ( #3149 ), #2282, .T. ) ;
#3535 = ORIENTED_EDGE ( 'NONE', *, *, #4703, .F. ) ;
#3536 = CIRCLE ( 'NONE', #76, 6.000000000000002665 ) ;
#3537 = EDGE_CURVE ( 'NONE', #4696, #4627, #2428, .T. ) ;
#3538 = ORIENTED_EDGE ( 'NONE', *, *, #3969, .F. ) ;
#3539 = ORIENTED_EDGE ( 'NONE', *, *, #2577, .T. ) ;
#3540 = DIRECTION ( 'NONE',  ( -0.5735764363510529318, -0.8191520442889870246, 0.0000000000000000000 ) ) ;
#3541 = FACE_OUTER_BOUND ( 'NONE', #4657, .T. ) ;
#3542 = ORIENTED_EDGE ( 'NONE', *, *, #2864, .T. ) ;
#3543 = DIRECTION ( 'NONE',  ( -1.000000000000000000, -0.0000000000000000000, -0.0000000000000000000 ) ) ;
#3544 = DIRECTION ( 'NONE',  ( 0.0000000000000000000, 1.000000000000000000, 0.0000000000000000000 ) ) ;
#3545 = ORIENTED_EDGE ( 'NONE', *, *, #3487, .F. ) ;
#3546 = DIRECTION ( 'NONE',  ( -1.000000000000000000, -1.224606353822377258E-16, -0.0000000000000000000 ) ) ;
#3547 = EDGE_CURVE ( 'NONE', #1448, #3476, #2808, .T. ) ;
#3548 = EDGE_CURVE ( 'NONE', #2299, #5077, #3027, .T. ) ;
#3549 = VERTEX_POINT ( 'NONE', #3063 ) ;
#3550 = EDGE_LOOP ( 'NONE', ( #1822, #996, #4329, #1935, #63 ) ) ;
#3551 = CARTESIAN_POINT ( 'NONE',  ( 32.80434782608696054, 5.036000000000005805, 6.167321280506074351E-16 ) ) ;
#3552 = ORIENTED_EDGE ( 'NONE', *, *, #3116, .F. ) ;
#3553 = DIRECTION ( 'NONE',  ( -1.000000000000000000, -0.0000000000000000000, -0.0000000000000000000 ) ) ;
#3554 = DIRECTION ( 'NONE',  ( -0.5735764363510532649, 0.8191520442889868026, 1.003171929053518707E-16 ) ) ;
#3555 = DIRECTION ( 'NONE',  ( 0.0000000000000000000, -1.000000000000000000, 0.0000000000000000000 ) ) ;
#3556 = ORIENTED_EDGE ( 'NONE', *, *, #4804, .T. ) ;
#3557 = CARTESIAN_POINT ( 'NONE',  ( 39.71739130434782794, 2.501258477682205392E-15, 0.0000000000000000000 ) ) ;
#3558 = ADVANCED_FACE ( 'NONE', ( #2089 ), #1868, .T. ) ;
#3559 = LINE ( 'NONE', #3335, #3687 ) ;
#3560 = EDGE_LOOP ( 'NONE', ( #3022, #1549, #4291, #476, #686 ) ) ;
#3561 = CARTESIAN_POINT ( 'NONE',  ( 52.49021745813850259, -6.000000000000000888, 7.347880794884123680E-16 ) ) ;
#3562 = DIRECTION ( 'NONE',  ( 1.000000000000000000, 1.224606353822377258E-16, 0.0000000000000000000 ) ) ;
#3563 = VECTOR ( 'NONE', #2309, 1000.000000000000000 ) ;
#3564 = EDGE_CURVE ( 'NONE', #3378, #2101, #1946, .T. ) ;
#3565 = EDGE_LOOP ( 'NONE', ( #334, #4916, #3500, #4646, #902 ) ) ;
#3566 = DIRECTION ( 'NONE',  ( -1.000000000000000000, -1.224606353822377258E-16, -0.0000000000000000000 ) ) ;
#3567 = ORIENTED_EDGE ( 'NONE', *, *, #4862, .F. ) ;
#3568 = DIRECTION ( 'NONE',  ( 0.0000000000000000000, -1.000000000000000000, 0.0000000000000000000 ) ) ;
#3569 = LINE ( 'NONE', #2913, #4186 ) ;
#3570 = CARTESIAN_POINT ( 'NONE',  ( 35.58586949838321800, 7.347880794883559645E-16, -6.000000000000002665 ) ) ;
#3571 = FILL_AREA_STYLE_COLOUR ( '', #3441 ) ;
#3572 = ORIENTED_EDGE ( 'NONE', *, *, #4496, .T. ) ;
#3573 = EDGE_CURVE ( 'NONE', #1488, #2231, #3472, .T. ) ;
#3574 = EDGE_CURVE ( 'NONE', #2883, #1479, #2073, .T. ) ;
#3575 = ORIENTED_EDGE ( 'NONE', *, *, #4818, .T. ) ;
#3576 = DIRECTION ( 'NONE',  ( -1.000000000000000000, -1.224606353822377258E-16, -0.0000000000000000000 ) ) ;
#3577 = ORIENTED_EDGE ( 'NONE', *, *, #4358, .F. ) ;
#3578 = EDGE_CURVE ( 'NONE', #4911, #2277, #1954, .T. ) ;
#3579 = CARTESIAN_POINT ( 'NONE',  ( 31.07608695652173836, -5.036000000000000476, 0.0000000000000000000 ) ) ;
#3580 = CARTESIAN_POINT ( 'NONE',  ( 33.47934789292111901, 2.583919414749769470E-15, 0.0000000000000000000 ) ) ;
#3581 = EDGE_CURVE ( 'NONE', #1456, #5119, #1959, .T. ) ;
#3582 = CARTESIAN_POINT ( 'NONE',  ( 35.20760876248633053, 7.347880794883513299E-16, -6.000000000000002665 ) ) ;
#3583 = EDGE_LOOP ( 'NONE', ( #2268, #3727, #1713, #4539, #3856 ) ) ;
#3584 = ORIENTED_EDGE ( 'NONE', *, *, #4018, .F. ) ;
#3585 = DIRECTION ( 'NONE',  ( -1.000000000000000000, -1.224606353822377258E-16, -0.0000000000000000000 ) ) ;
#3586 = ORIENTED_EDGE ( 'NONE', *, *, #4749, .T. ) ;
#3587 = CARTESIAN_POINT ( 'NONE',  ( 24.83804354509502943, 6.000000000000004441, 0.0000000000000000000 ) ) ;
#3588 = VERTEX_POINT ( 'NONE', #5173 ) ;
#3589 = ORIENTED_EDGE ( 'NONE', *, *, #2867, .T. ) ;
#3590 = EDGE_CURVE ( 'NONE', #2299, #3099, #2252, .T. ) ;
#3591 = VECTOR ( 'NONE', #1856, 999.9999999999998863 ) ;
#3592 = DIRECTION ( 'NONE',  ( 0.5735764363510450492, 0.8191520442889925757, 0.0000000000000000000 ) ) ;
#3593 = VERTEX_POINT ( 'NONE', #3650 ) ;
#3594 = ORIENTED_EDGE ( 'NONE', *, *, #3943, .F. ) ;
#3595 = ORIENTED_EDGE ( 'NONE', *, *, #4118, .F. ) ;
#3596 = EDGE_LOOP ( 'NONE', ( #1888, #2990, #1411, #3349, #1944, #45 ) ) ;
#3597 = EDGE_CURVE ( 'NONE', #4990, #4911, #1817, .T. ) ;
#3598 = ORIENTED_EDGE ( 'NONE', *, *, #3297, .T. ) ;
#3599 = CARTESIAN_POINT ( 'NONE',  ( 35.20760876248633053, 6.000000000000005329, 0.0000000000000000000 ) ) ;
#3600 = DIRECTION ( 'NONE',  ( -1.000000000000000000, -1.224606353822377258E-16, -0.0000000000000000000 ) ) ;
#3601 = DIRECTION ( 'NONE',  ( -1.000000000000000000, -1.224606353822377258E-16, -0.0000000000000000000 ) ) ;
#3602 = DIRECTION ( 'NONE',  ( 0.0000000000000000000, 1.000000000000000000, 0.0000000000000000000 ) ) ;
#3603 = ORIENTED_EDGE ( 'NONE', *, *, #4750, .T. ) ;
#3604 = DIRECTION ( 'NONE',  ( -1.000000000000000000, -1.224606353822377258E-16, -0.0000000000000000000 ) ) ;
#3605 = CARTESIAN_POINT ( 'NONE',  ( 50.76195658857328397, -6.008901426488175862E-29, 6.000000000000002665 ) ) ;
#3606 = EDGE_CURVE ( 'NONE', #4055, #342, #1804, .T. ) ;
#3607 = CARTESIAN_POINT ( 'NONE',  ( 21.75978254186147964, 2.418597540614639737E-15, 0.0000000000000000000 ) ) ;
#3608 = DIRECTION ( 'NONE',  ( 0.0000000000000000000, -1.000000000000000000, 0.0000000000000000000 ) ) ;
#3609 = EDGE_CURVE ( 'NONE', #342, #4087, #1808, .T. ) ;
#3610 = CARTESIAN_POINT ( 'NONE',  ( 27.61956521739130466, 2.501258477682205392E-15, 0.0000000000000000000 ) ) ;
#3611 = CARTESIAN_POINT ( 'NONE',  ( 40.77065210707887388, 7.347880794883559645E-16, -6.000000000000002665 ) ) ;
#3612 = EDGE_CURVE ( 'NONE', #4055, #4911, #1744, .T. ) ;
#3613 = ORIENTED_EDGE ( 'NONE', *, *, #5024, .F. ) ;
#3614 = ORIENTED_EDGE ( 'NONE', *, *, #4358, .T. ) ;
#3615 = CARTESIAN_POINT ( 'NONE',  ( 48.35869565217391397, 2.501258477682205392E-15, 0.0000000000000000000 ) ) ;
#3616 = DIRECTION ( 'NONE',  ( 1.000000000000000000, 1.224606353822377258E-16, 0.0000000000000000000 ) ) ;
#3617 = CARTESIAN_POINT ( 'NONE',  ( 42.12065224074719794, 2.583919414749769470E-15, 0.0000000000000000000 ) ) ;
#3618 = CARTESIAN_POINT ( 'NONE',  ( -31.74999999999995737, 0.0000000000000000000, 0.0000000000000000000 ) ) ;
#3619 = EDGE_CURVE ( 'NONE', #4068, #4990, #1750, .T. ) ;
#3620 = ORIENTED_EDGE ( 'NONE', *, *, #3209, .F. ) ;
#3621 = EDGE_CURVE ( 'NONE', #3910, #4273, #1631, .T. ) ;
#3622 = CARTESIAN_POINT ( 'NONE',  ( 22.43478260869565233, 5.036000000000005805, 6.167321280506074351E-16 ) ) ;
#3623 = CARTESIAN_POINT ( 'NONE',  ( 6.000000000000000000, 5.839897972853066221, -1.561251128379126385E-14 ) ) ;
#3624 = ORIENTED_EDGE ( 'NONE', *, *, #4366, .T. ) ;
#3625 = CIRCLE ( 'NONE', #1186, 6.000000000000002665 ) ;
#3626 = VECTOR ( 'NONE', #1084, 1000.000000000000000 ) ;
#3627 = CARTESIAN_POINT ( 'NONE',  ( 38.66413050161676779, 2.583919414749769470E-15, 0.0000000000000000000 ) ) ;
#3628 = DIRECTION ( 'NONE',  ( 0.0000000000000000000, 0.0000000000000000000, -1.000000000000000000 ) ) ;
#3629 = EDGE_CURVE ( 'NONE', #1498, #720, #1719, .T. ) ;
#3630 = ORIENTED_EDGE ( 'NONE', *, *, #3936, .F. ) ;
#3631 = LINE ( 'NONE', #3579, #3383 ) ;
#3632 = ADVANCED_FACE ( 'NONE', ( #1620 ), #1539, .T. ) ;
#3633 = ORIENTED_EDGE ( 'NONE', *, *, #2818, .T. ) ;
#3634 = DIRECTION ( 'NONE',  ( -1.000000000000000000, -1.224606353822377258E-16, -0.0000000000000000000 ) ) ;
#3635 = CIRCLE ( 'NONE', #895, 6.000000000000002665 ) ;
#3636 = DIRECTION ( 'NONE',  ( 0.0000000000000000000, -1.000000000000000000, 0.0000000000000000000 ) ) ;
#3637 = DIRECTION ( 'NONE',  ( 1.000000000000000000, 1.224606353822377258E-16, 0.0000000000000000000 ) ) ;
#3638 = ORIENTED_EDGE ( 'NONE', *, *, #4295, .T. ) ;
#3639 = EDGE_LOOP ( 'NONE', ( #3463, #3162, #3654, #2161, #1082 ) ) ;
#3640 = DIRECTION ( 'NONE',  ( -1.000000000000000000, -0.0000000000000000000, -0.0000000000000000000 ) ) ;
#3641 = EDGE_CURVE ( 'NONE', #3790, #3303, #1581, .T. ) ;
#3642 = EDGE_CURVE ( 'NONE', #3918, #3230, #1574, .T. ) ;
#3643 = EDGE_CURVE ( 'NONE', #4723, #4905, #1530, .T. ) ;
#3644 = ORIENTED_EDGE ( 'NONE', *, *, #4714, .T. ) ;
#3645 = EDGE_LOOP ( 'NONE', ( #167, #4847, #5000, #4760, #715 ) ) ;
#3646 = CARTESIAN_POINT ( 'NONE',  ( 23.48804341142669827, 2.418597540614639737E-15, 0.0000000000000000000 ) ) ;
#3647 = ORIENTED_EDGE ( 'NONE', *, *, #4829, .T. ) ;
#3648 = DIRECTION ( 'NONE',  ( 0.0000000000000000000, 1.000000000000000000, 0.0000000000000000000 ) ) ;
#3649 = CIRCLE ( 'NONE', #242, 8.400000000000000355 ) ;
#3650 = CARTESIAN_POINT ( 'NONE',  ( 25.89130434782608603, -5.036000000000000476, 6.757601037695098523E-16 ) ) ;
#3651 = DIRECTION ( 'NONE',  ( 0.0000000000000000000, 0.0000000000000000000, 1.000000000000000000 ) ) ;
#3652 = ORIENTED_EDGE ( 'NONE', *, *, #3547, .F. ) ;
#3653 = VERTEX_POINT ( 'NONE', #543 ) ;
#3654 = ORIENTED_EDGE ( 'NONE', *, *, #4125, .T. ) ;
#3655 = DIRECTION ( 'NONE',  ( 0.0000000000000000000, -1.000000000000000000, 0.0000000000000000000 ) ) ;
#3656 = DIRECTION ( 'NONE',  ( 1.000000000000000000, 1.224606353822377258E-16, 0.0000000000000000000 ) ) ;
#3657 = CARTESIAN_POINT ( 'NONE',  ( 47.68369558533974129, 6.000000000000006217, 7.347880794884123680E-16 ) ) ;
#3658 = EDGE_CURVE ( 'NONE', #1321, #4069, #1426, .T. ) ;
#3659 = ORIENTED_EDGE ( 'NONE', *, *, #3537, .F. ) ;
#3660 = ORIENTED_EDGE ( 'NONE', *, *, #4834, .T. ) ;
#3661 = EDGE_CURVE ( 'NONE', #3833, #3476, #1453, .T. ) ;
#3662 = CARTESIAN_POINT ( 'NONE',  ( 18.30326080273104594, -5.999999999999999112, 0.0000000000000000000 ) ) ;
#3663 = ORIENTED_EDGE ( 'NONE', *, *, #3729, .T. ) ;
#3664 = VERTEX_POINT ( 'NONE', #2968 ) ;
#3665 = EDGE_CURVE ( 'NONE', #3099, #1479, #1325, .T. ) ;
#3666 = EDGE_CURVE ( 'NONE', #3230, #1498, #1388, .T. ) ;
#3667 = DIRECTION ( 'NONE',  ( -1.000000000000000000, -1.224606353822377258E-16, -0.0000000000000000000 ) ) ;
#3668 = DIRECTION ( 'NONE',  ( 0.0000000000000000000, -1.000000000000000000, 0.0000000000000000000 ) ) ;
#3669 = CARTESIAN_POINT ( 'NONE',  ( 6.000000000000000000, -4.379923479639803219, -2.528749999999996056 ) ) ;
#3670 = EDGE_LOOP ( 'NONE', ( #3965, #3989, #4219, #4511, #4889, #4946 ) ) ;
#3671 = CARTESIAN_POINT ( 'NONE',  ( 18.30326080273104594, -5.623715437610728691E-29, 6.000000000000002665 ) ) ;
#3672 = DIRECTION ( 'NONE',  ( -1.000000000000000000, -1.224606353822377258E-16, -0.0000000000000000000 ) ) ;
#3673 = EDGE_CURVE ( 'NONE', #436, #1622, #1310, .T. ) ;
#3674 = ADVANCED_FACE ( 'NONE', ( #1380 ), #1033, .T. ) ;
#3675 = DIRECTION ( 'NONE',  ( 0.0000000000000000000, 0.0000000000000000000, 1.000000000000000000 ) ) ;
#3676 = CARTESIAN_POINT ( 'NONE',  ( 50.76195658857328397, 7.347880794883521188E-16, -6.000000000000002665 ) ) ;
#3677 = ORIENTED_EDGE ( 'NONE', *, *, #2564, .T. ) ;
#3678 = CARTESIAN_POINT ( 'NONE',  ( 24.16304347826087096, 5.036000000000005805, 6.167321280506074351E-16 ) ) ;
#3679 = DIRECTION ( 'NONE',  ( -1.000000000000000000, -1.224606353822377258E-16, -0.0000000000000000000 ) ) ;
#3680 = ORIENTED_EDGE ( 'NONE', *, *, #4486, .F. ) ;
#3681 = ORIENTED_EDGE ( 'NONE', *, *, #3030, .T. ) ;
#3682 = FACE_OUTER_BOUND ( 'NONE', #451, .T. ) ;
#3683 = EDGE_CURVE ( 'NONE', #1622, #720, #1197, .T. ) ;
#3684 = CARTESIAN_POINT ( 'NONE',  ( 0.0000000000000000000, 2.919948986426539772, 5.057499999999989448 ) ) ;
#3685 = DIRECTION ( 'NONE',  ( -1.000000000000000000, -1.224606353822377258E-16, -0.0000000000000000000 ) ) ;
#3686 = VECTOR ( 'NONE', #2517, 999.9999999999998863 ) ;
#3687 = VECTOR ( 'NONE', #3488, 999.9999999999998863 ) ;
#3688 = CIRCLE ( 'NONE', #350, 5.057500000000000107 ) ;
#3689 = ORIENTED_EDGE ( 'NONE', *, *, #4488, .F. ) ;
#3690 = VERTEX_POINT ( 'NONE', #4601 ) ;
#3691 = EDGE_CURVE ( 'NONE', #3710, #1537, #1302, .T. ) ;
#3692 = CARTESIAN_POINT ( 'NONE',  ( 55.27173913043478137, -5.036000000000000476, 0.0000000000000000000 ) ) ;
#3693 = ORIENTED_EDGE ( 'NONE', *, *, #3201, .F. ) ;
#3694 = DIRECTION ( 'NONE',  ( 1.000000000000000000, 1.224606353822377258E-16, 0.0000000000000000000 ) ) ;
#3695 = CARTESIAN_POINT ( 'NONE',  ( 26.56630441466024450, 7.347880794883517244E-16, -6.000000000000002665 ) ) ;
#3696 = DIRECTION ( 'NONE',  ( 0.0000000000000000000, 1.000000000000000000, 0.0000000000000000000 ) ) ;
#3697 = CIRCLE ( 'NONE', #899, 6.000000000000002665 ) ;
#3698 = DIRECTION ( 'NONE',  ( 0.0000000000000000000, -1.000000000000000000, 0.0000000000000000000 ) ) ;
#3699 = ORIENTED_EDGE ( 'NONE', *, *, #2974, .T. ) ;
#3700 = CARTESIAN_POINT ( 'NONE',  ( -31.74999999999995737, 0.0000000000000000000, 0.0000000000000000000 ) ) ;
#3701 = CARTESIAN_POINT ( 'NONE',  ( 17.92500006683415847, 2.583919414749769470E-15, 0.0000000000000000000 ) ) ;
#3702 = EDGE_CURVE ( 'NONE', #3040, #3714, #1242, .T. ) ;
#3703 = ORIENTED_EDGE ( 'NONE', *, *, #3052, .T. ) ;
#3704 = DIRECTION ( 'NONE',  ( 0.0000000000000000000, -1.000000000000000000, 0.0000000000000000000 ) ) ;
#3705 = CARTESIAN_POINT ( 'NONE',  ( 36.26086956521739069, 2.501258477682205392E-15, 0.0000000000000000000 ) ) ;
#3706 = ORIENTED_EDGE ( 'NONE', *, *, #4945, .T. ) ;
#3707 = VERTEX_POINT ( 'NONE', #52 ) ;
#3708 = DIRECTION ( 'NONE',  ( -1.000000000000000000, -1.224606353822377258E-16, -0.0000000000000000000 ) ) ;
#3709 = VERTEX_POINT ( 'NONE', #4752 ) ;
#3710 = VERTEX_POINT ( 'NONE', #743 ) ;
#3711 = EDGE_CURVE ( 'NONE', #540, #2476, #1589, .T. ) ;
#3712 = CARTESIAN_POINT ( 'NONE',  ( 23.10978267552981080, 2.583919414749769470E-15, 0.0000000000000000000 ) ) ;
#3713 = EDGE_LOOP ( 'NONE', ( #3769, #404, #3703, #2589, #1664 ) ) ;
#3714 = VERTEX_POINT ( 'NONE', #506 ) ;
#3715 = CYLINDRICAL_SURFACE ( 'NONE', #234, 5.999999999999863221 ) ;
#3716 = CARTESIAN_POINT ( 'NONE',  ( 18.30326080273104594, 2.418597540614639737E-15, 0.0000000000000000000 ) ) ;
#3717 = ORIENTED_EDGE ( 'NONE', *, *, #3338, .T. ) ;
#3718 = CARTESIAN_POINT ( 'NONE',  ( 43.84891311031241656, 2.583919414749769470E-15, 0.0000000000000000000 ) ) ;
#3719 = EDGE_LOOP ( 'NONE', ( #4531, #5069, #2064, #1029, #4561 ) ) ;
#3720 = ORIENTED_EDGE ( 'NONE', *, *, #2627, .F. ) ;
#3721 = CYLINDRICAL_SURFACE ( 'NONE', #486, 5.999999999999863221 ) ;
#3722 = DIRECTION ( 'NONE',  ( 1.000000000000000000, 1.224606353822377258E-16, 0.0000000000000000000 ) ) ;
#3723 = EDGE_CURVE ( 'NONE', #2883, #4990, #1189, .T. ) ;
#3724 = FACE_OUTER_BOUND ( 'NONE', #710, .T. ) ;
#3725 = DIRECTION ( 'NONE',  ( 0.0000000000000000000, -1.000000000000000000, 0.0000000000000000000 ) ) ;
#3726 = CARTESIAN_POINT ( 'NONE',  ( 24.16304347826087096, -5.036000000000000476, 6.757601037695098523E-16 ) ) ;
#3727 = ORIENTED_EDGE ( 'NONE', *, *, #5006, .T. ) ;
#3728 = ORIENTED_EDGE ( 'NONE', *, *, #4505, .T. ) ;
#3729 = EDGE_CURVE ( 'NONE', #4723, #436, #1004, .T. ) ;
#3730 = ORIENTED_EDGE ( 'NONE', *, *, #2841, .T. ) ;
#3731 = DIRECTION ( 'NONE',  ( 0.0000000000000000000, 0.0000000000000000000, -1.000000000000000000 ) ) ;
#3732 = CARTESIAN_POINT ( 'NONE',  ( 42.49891297664408540, 7.347880794883559645E-16, -6.000000000000002665 ) ) ;
#3733 = EDGE_LOOP ( 'NONE', ( #5161, #3539, #3542, #3059, #2245 ) ) ;
#3734 = ADVANCED_FACE ( 'NONE', ( #840 ), #777, .T. ) ;
#3735 = EDGE_LOOP ( 'NONE', ( #3268, #1914, #800, #5151, #328 ) ) ;
#3736 = VERTEX_POINT ( 'NONE', #736 ) ;
#3737 = EDGE_CURVE ( 'NONE', #1321, #1905, #992, .T. ) ;
#3738 = DIRECTION ( 'NONE',  ( -1.000000000000000000, -1.224606353822377258E-16, -0.0000000000000000000 ) ) ;
#3739 = DIRECTION ( 'NONE',  ( 1.000000000000000000, 0.0000000000000000000, 0.0000000000000000000 ) ) ;
#3740 = ORIENTED_EDGE ( 'NONE', *, *, #2798, .F. ) ;
#3741 = EDGE_CURVE ( 'NONE', #4346, #1321, #799, .T. ) ;
#3742 = CARTESIAN_POINT ( 'NONE',  ( 6.000000000000000000, 5.839897972853066221, -1.561251128379126385E-14 ) ) ;
#3743 = EDGE_LOOP ( 'NONE', ( #2578, #4702, #2688, #598, #4192, #3794 ) ) ;
#3744 = ORIENTED_EDGE ( 'NONE', *, *, #4818, .F. ) ;
#3745 = CARTESIAN_POINT ( 'NONE',  ( 46.63043478260869534, 2.501258477682205392E-15, 0.0000000000000000000 ) ) ;
#3746 = ORIENTED_EDGE ( 'NONE', *, *, #4634, .F. ) ;
#3747 = EDGE_CURVE ( 'NONE', #1865, #4458, #818, .T. ) ;
#3748 = CYLINDRICAL_SURFACE ( 'NONE', #344, 5.999999999999863221 ) ;
#3749 = CARTESIAN_POINT ( 'NONE',  ( 24.16304347826087096, 2.501258477682205392E-15, 0.0000000000000000000 ) ) ;
#3750 = VECTOR ( 'NONE', #4955, 1000.000000000000000 ) ;
#3751 = EDGE_LOOP ( 'NONE', ( #5028, #5164, #4027, #5130, #2259 ) ) ;
#3752 = EDGE_LOOP ( 'NONE', ( #4497, #2887, #4469, #5114, #1742, #408 ) ) ;
#3753 = ORIENTED_EDGE ( 'NONE', *, *, #3165, .F. ) ;
#3754 = DIRECTION ( 'NONE',  ( 0.0000000000000000000, -1.000000000000000000, 0.0000000000000000000 ) ) ;
#3755 = EDGE_LOOP ( 'NONE', ( #977, #1217, #4631, #3878, #3960 ) ) ;
#3756 = CIRCLE ( 'NONE', #900, 6.000000000000002665 ) ;
#3757 = ORIENTED_EDGE ( 'NONE', *, *, #3168, .T. ) ;
#3758 = PLANE ( 'NONE',  #2359 ) ;
#3759 = CARTESIAN_POINT ( 'NONE',  ( 24.16304347826087096, 2.501258477682205392E-15, 0.0000000000000000000 ) ) ;
#3760 = DIRECTION ( 'NONE',  ( 0.0000000000000000000, -1.000000000000000000, 0.0000000000000000000 ) ) ;
#3761 = DIRECTION ( 'NONE',  ( 0.0000000000000000000, 0.0000000000000000000, -1.000000000000000000 ) ) ;
#3762 = ORIENTED_EDGE ( 'NONE', *, *, #3209, .T. ) ;
#3763 = EDGE_CURVE ( 'NONE', #4361, #4766, #791, .T. ) ;
#3764 = CIRCLE ( 'NONE', #1522, 6.000000000000002665 ) ;
#3765 = CARTESIAN_POINT ( 'NONE',  ( 33.47934789292111901, 6.000000000000004441, 0.0000000000000000000 ) ) ;
#3766 = CARTESIAN_POINT ( 'NONE',  ( -31.74999999999995737, 0.0000000000000000000, 5.999999999999863221 ) ) ;
#3767 = DIRECTION ( 'NONE',  ( 0.0000000000000000000, 1.000000000000000000, 0.0000000000000000000 ) ) ;
#3768 = EDGE_CURVE ( 'NONE', #3175, #4927, #783, .T. ) ;
#3769 = ORIENTED_EDGE ( 'NONE', *, *, #2810, .F. ) ;
#3770 = ORIENTED_EDGE ( 'NONE', *, *, #4682, .T. ) ;
#3771 = CIRCLE ( 'NONE', #227, 6.599999999999862865 ) ;
#3772 = CARTESIAN_POINT ( 'NONE',  ( 42.12065224074719794, 2.583919414749769470E-15, 0.0000000000000000000 ) ) ;
#3773 = ORIENTED_EDGE ( 'NONE', *, *, #2953, .F. ) ;
#3774 = FACE_OUTER_BOUND ( 'NONE', #3927, .T. ) ;
#3775 = DIRECTION ( 'NONE',  ( 1.000000000000000000, 1.224606353822377258E-16, 0.0000000000000000000 ) ) ;
#3776 = ORIENTED_EDGE ( 'NONE', *, *, #3609, .F. ) ;
#3777 = ORIENTED_EDGE ( 'NONE', *, *, #4769, .T. ) ;
#3778 = EDGE_CURVE ( 'NONE', #4766, #4426, #806, .T. ) ;
#3779 = CARTESIAN_POINT ( 'NONE',  ( 28.29456528422546313, -6.000000000000000888, 7.347880794884123680E-16 ) ) ;
#3780 = CARTESIAN_POINT ( 'NONE',  ( 17.92500006683415847, 2.583919414749769470E-15, 0.0000000000000000000 ) ) ;
#3781 = CARTESIAN_POINT ( 'NONE',  ( 31.75108702335589683, -6.008901426488175862E-29, 6.000000000000002665 ) ) ;
#3782 = CARTESIAN_POINT ( 'NONE',  ( 20.70652173913043725, 2.501258477682205392E-15, 0.0000000000000000000 ) ) ;
#3783 = ORIENTED_EDGE ( 'NONE', *, *, #4508, .T. ) ;
#3784 = ORIENTED_EDGE ( 'NONE', *, *, #4545, .T. ) ;
#3785 = EDGE_CURVE ( 'NONE', #4426, #973, #709, .T. ) ;
#3786 = CONICAL_SURFACE ( 'NONE', #716, 5.036000000000003141, 0.9599310885968728169 ) ;
#3787 = ORIENTED_EDGE ( 'NONE', *, *, #4509, .F. ) ;
#3788 = CARTESIAN_POINT ( 'NONE',  ( 38.66413050161676779, 6.000000000000004441, 0.0000000000000000000 ) ) ;
#3789 = EDGE_CURVE ( 'NONE', #4963, #1266, #699, .T. ) ;
#3790 = VERTEX_POINT ( 'NONE', #4460 ) ;
#3791 = EDGE_CURVE ( 'NONE', #1266, #973, #670, .T. ) ;
#3792 = ADVANCED_FACE ( 'NONE', ( #741 ), #599, .T. ) ;
#3793 = DIRECTION ( 'NONE',  ( 0.0000000000000000000, -1.000000000000000000, 0.0000000000000000000 ) ) ;
#3794 = ORIENTED_EDGE ( 'NONE', *, *, #4953, .F. ) ;
#3795 = EDGE_CURVE ( 'NONE', #4079, #4426, #611, .T. ) ;
#3796 = EDGE_CURVE ( 'NONE', #2608, #3175, #632, .T. ) ;
#3797 = DIRECTION ( 'NONE',  ( -1.000000000000000000, -0.0000000000000000000, -0.0000000000000000000 ) ) ;
#3798 = ORIENTED_EDGE ( 'NONE', *, *, #4271, .F. ) ;
#3799 = ORIENTED_EDGE ( 'NONE', *, *, #3090, .T. ) ;
#3800 = EDGE_LOOP ( 'NONE', ( #3798, #3868, #3890, #3147, #423 ) ) ;
#3801 = MECHANICAL_DESIGN_GEOMETRIC_PRESENTATION_REPRESENTATION (  '', ( #2090 ), #4090 ) ;
#3802 = CARTESIAN_POINT ( 'NONE',  ( 30.02282615379068176, 2.583919414749769470E-15, 0.0000000000000000000 ) ) ;
#3803 = DIRECTION ( 'NONE',  ( -1.000000000000000000, -1.224606353822377258E-16, -0.0000000000000000000 ) ) ;
#3804 = EDGE_LOOP ( 'NONE', ( #4667, #1451, #180, #2611, #1309 ) ) ;
#3805 = VERTEX_POINT ( 'NONE', #2065 ) ;
#3806 = CARTESIAN_POINT ( 'NONE',  ( 43.17391304347825809, 2.501258477682205392E-15, 0.0000000000000000000 ) ) ;
#3807 = DIRECTION ( 'NONE',  ( 0.0000000000000000000, 0.4999999999999989453, -0.8660254037844392627 ) ) ;
#3808 = FACE_OUTER_BOUND ( 'NONE', #1420, .T. ) ;
#3809 = DIRECTION ( 'NONE',  ( 0.0000000000000000000, -1.000000000000000000, 0.0000000000000000000 ) ) ;
#3810 = EDGE_CURVE ( 'NONE', #2608, #5086, #341, .T. ) ;
#3811 = ORIENTED_EDGE ( 'NONE', *, *, #4942, .T. ) ;
#3812 = ORIENTED_EDGE ( 'NONE', *, *, #3967, .F. ) ;
#3813 = ADVANCED_FACE ( 'NONE', ( #673 ), #300, .T. ) ;
#3814 = DIRECTION ( 'NONE',  ( -1.000000000000000000, -1.224606353822377258E-16, -0.0000000000000000000 ) ) ;
#3815 = DIRECTION ( 'NONE',  ( 1.000000000000000000, 1.224606353822377258E-16, 0.0000000000000000000 ) ) ;
#3816 = EDGE_LOOP ( 'NONE', ( #3990, #3811, #4659, #3851, #3746, #4591 ) ) ;
#3817 = ORIENTED_EDGE ( 'NONE', *, *, #2847, .T. ) ;
#3818 = EDGE_CURVE ( 'NONE', #5086, #4766, #305, .T. ) ;
#3819 = DIRECTION ( 'NONE',  ( -1.000000000000000000, -1.224606353822377258E-16, -0.0000000000000000000 ) ) ;
#3820 = CARTESIAN_POINT ( 'NONE',  ( 0.0000000000000000000, 0.0000000000000000000, 8.400000000000000355 ) ) ;
#3821 = ADVANCED_FACE ( 'NONE', ( #310 ), #82, .T. ) ;
#3822 = ORIENTED_EDGE ( 'NONE', *, *, #4208, .T. ) ;
#3823 = CIRCLE ( 'NONE', #86, 6.000000000000002665 ) ;
#3824 = CARTESIAN_POINT ( 'NONE',  ( 21.75978254186147964, 2.418597540614639737E-15, 0.0000000000000000000 ) ) ;
#3825 = ORIENTED_EDGE ( 'NONE', *, *, #4525, .F. ) ;
#3826 = EDGE_CURVE ( 'NONE', #2299, #4696, #220, .T. ) ;
#3827 = DIRECTION ( 'NONE',  ( -1.000000000000000000, -0.0000000000000000000, -0.0000000000000000000 ) ) ;
#3828 = ORIENTED_EDGE ( 'NONE', *, *, #4899, .T. ) ;
#3829 = VECTOR ( 'NONE', #4808, 1000.000000000000000 ) ;
#3830 = CIRCLE ( 'NONE', #60, 6.000000000000002665 ) ;
#3831 = DIRECTION ( 'NONE',  ( -1.000000000000000000, -0.0000000000000000000, -0.0000000000000000000 ) ) ;
#3832 = FILL_AREA_STYLE ('',( #3571 ) ) ;
#3833 = VERTEX_POINT ( 'NONE', #346 ) ;
#3834 = CIRCLE ( 'NONE', #294, 0.5999999999999998668 ) ;
#3835 = EDGE_CURVE ( 'NONE', #4273, #3833, #317, .T. ) ;
#3836 = CARTESIAN_POINT ( 'NONE',  ( 35.20760876248633053, -6.000000000000000000, 7.347880794884122694E-16 ) ) ;
#3837 = CARTESIAN_POINT ( 'NONE',  ( 42.49891297664408540, 6.000000000000006217, 7.347880794884123680E-16 ) ) ;
#3838 = CARTESIAN_POINT ( 'NONE',  ( 33.85760862881799937, 2.418597540614639737E-15, 0.0000000000000000000 ) ) ;
#3839 = PLANE ( 'NONE',  #2496 ) ;
#3840 = CIRCLE ( 'NONE', #492, 6.000000000000002665 ) ;
#3841 = DIRECTION ( 'NONE',  ( 0.0000000000000000000, 1.000000000000000000, 0.0000000000000000000 ) ) ;
#3842 = ADVANCED_FACE ( 'NONE', ( #560 ), #5149, .T. ) ;
#3843 = EDGE_LOOP ( 'NONE', ( #610, #3198, #1355, #3638, #3 ) ) ;
#3844 = ORIENTED_EDGE ( 'NONE', *, *, #4168, .F. ) ;
#3845 = EDGE_CURVE ( 'NONE', #3910, #5126, #2416, .T. ) ;
#3846 = EDGE_CURVE ( 'NONE', #3303, #4905, #330, .T. ) ;
#3847 = ORIENTED_EDGE ( 'NONE', *, *, #4951, .T. ) ;
#3848 = DIRECTION ( 'NONE',  ( 0.5735764363510452712, -0.8191520442889924647, 1.003171929053525610E-16 ) ) ;
#3849 = PLANE ( 'NONE',  #2350 ) ;
#3850 = LINE ( 'NONE', #2330, #2959 ) ;
#3851 = ORIENTED_EDGE ( 'NONE', *, *, #4445, .T. ) ;
#3852 = ORIENTED_EDGE ( 'NONE', *, *, #4261, .F. ) ;
#3853 = ORIENTED_EDGE ( 'NONE', *, *, #2644, .T. ) ;
#3854 = EDGE_LOOP ( 'NONE', ( #3350, #3706, #5029, #2776, #4127 ) ) ;
#3855 = DIRECTION ( 'NONE',  ( 1.000000000000000000, 1.224606353822377258E-16, 0.0000000000000000000 ) ) ;
#3856 = ORIENTED_EDGE ( 'NONE', *, *, #4062, .F. ) ;
#3857 = EDGE_CURVE ( 'NONE', #1537, #1905, #4, .T. ) ;
#3858 = EDGE_CURVE ( 'NONE', #4482, #1544, #5012, .T. ) ;
#3859 = ADVANCED_FACE ( 'NONE', ( #81 ), #4675, .T. ) ;
#3860 = SURFACE_SIDE_STYLE ('',( #3395 ) ) ;
#3861 = ORIENTED_EDGE ( 'NONE', *, *, #3661, .T. ) ;
#3862 = EDGE_LOOP ( 'NONE', ( #4504, #1516, #3784, #37, #4890, #4726 ) ) ;
#3863 = LINE ( 'NONE', #3766, #3750 ) ;
#3864 = EDGE_LOOP ( 'NONE', ( #4404, #464, #4913, #4652, #4446 ) ) ;
#3865 = EDGE_CURVE ( 'NONE', #1544, #4458, #4784, .T. ) ;
#3866 = DIRECTION ( 'NONE',  ( -1.000000000000000000, -0.0000000000000000000, -0.0000000000000000000 ) ) ;
#3867 = PLANE ( 'NONE',  #2521 ) ;
#3868 = ORIENTED_EDGE ( 'NONE', *, *, #4969, .F. ) ;
#3869 = DIRECTION ( 'NONE',  ( -0.5735764363510532649, 0.8191520442889868026, 1.003171929053518707E-16 ) ) ;
#3870 = SURFACE_STYLE_USAGE ( .BOTH. , #3860 ) ;
#3871 = DIRECTION ( 'NONE',  ( 1.000000000000000000, 1.224606353822377258E-16, 0.0000000000000000000 ) ) ;
#3872 = DIRECTION ( 'NONE',  ( 0.0000000000000000000, -1.000000000000000000, 0.0000000000000000000 ) ) ;
#3873 = ORIENTED_EDGE ( 'NONE', *, *, #2880, .T. ) ;
#3874 = DIRECTION ( 'NONE',  ( 0.0000000000000000000, -1.000000000000000000, 0.0000000000000000000 ) ) ;
#3875 = EDGE_CURVE ( 'NONE', #107, #565, #4833, .T. ) ;
#3876 = ORIENTED_EDGE ( 'NONE', *, *, #3095, .T. ) ;
#3877 = EDGE_CURVE ( 'NONE', #1974, #565, #4903, .T. ) ;
#3878 = ORIENTED_EDGE ( 'NONE', *, *, #4956, .F. ) ;
#3879 = ORIENTED_EDGE ( 'NONE', *, *, #2945, .T. ) ;
#3880 = DIRECTION ( 'NONE',  ( 0.0000000000000000000, -1.000000000000000000, 0.0000000000000000000 ) ) ;
#3881 = CARTESIAN_POINT ( 'NONE',  ( 12.00000000000000000, 9.000000000000000000, 0.0000000000000000000 ) ) ;
#3882 = EDGE_CURVE ( 'NONE', #4361, #4963, #4954, .T. ) ;
#3883 = EDGE_CURVE ( 'NONE', #4079, #4482, #4612, .T. ) ;
#3884 = ORIENTED_EDGE ( 'NONE', *, *, #3795, .F. ) ;
#3885 = EDGE_CURVE ( 'NONE', #1873, #1089, #4554, .T. ) ;
#3886 = DIRECTION ( 'NONE',  ( 1.000000000000000000, 0.0000000000000000000, 0.0000000000000000000 ) ) ;
#3887 = CARTESIAN_POINT ( 'NONE',  ( 32.80434782608696054, -5.036000000000000476, 0.0000000000000000000 ) ) ;
#3888 =( LENGTH_UNIT ( ) NAMED_UNIT ( * ) SI_UNIT ( .MILLI., .METRE. ) );
#3889 = VERTEX_POINT ( 'NONE', #3276 ) ;
#3890 = ORIENTED_EDGE ( 'NONE', *, *, #4283, .T. ) ;
#3891 = FACE_OUTER_BOUND ( 'NONE', #4498, .T. ) ;
#3892 = LINE ( 'NONE', #2175, #3829 ) ;
#3893 = CARTESIAN_POINT ( 'NONE',  ( 21.38152180596459573, -6.000000000000000000, 7.347880794884122694E-16 ) ) ;
#3894 = ORIENTED_EDGE ( 'NONE', *, *, #3454, .F. ) ;
#3895 = EDGE_CURVE ( 'NONE', #2877, #1873, #4430, .T. ) ;
#3896 = DIRECTION ( 'NONE',  ( 0.5735764363510450492, 0.8191520442889925757, 0.0000000000000000000 ) ) ;
#3897 = DIRECTION ( 'NONE',  ( 0.0000000000000000000, 0.0000000000000000000, -1.000000000000000000 ) ) ;
#3898 = EDGE_LOOP ( 'NONE', ( #2911, #3861, #3652, #4489, #4374 ) ) ;
#3899 = CARTESIAN_POINT ( 'NONE',  ( 51.14021732447017143, 2.418597540614639737E-15, 0.0000000000000000000 ) ) ;
#3900 = CARTESIAN_POINT ( 'NONE',  ( 55.94673919726893985, 2.583919414749769470E-15, 0.0000000000000000000 ) ) ;
#3901 = VERTEX_POINT ( 'NONE', #57 ) ;
#3902 = ORIENTED_EDGE ( 'NONE', *, *, #4526, .F. ) ;
#3903 = CARTESIAN_POINT ( 'NONE',  ( 55.27173913043478137, 5.036000000000005805, 6.167321280506074351E-16 ) ) ;
#3904 = EDGE_CURVE ( 'NONE', #4748, #1938, #4111, .T. ) ;
#3905 = EDGE_CURVE ( 'NONE', #2608, #4079, #4304, .T. ) ;
#3906 = EDGE_CURVE ( 'NONE', #4273, #4627, #3997, .T. ) ;
#3907 = DIRECTION ( 'NONE',  ( -0.5735764363510529318, -0.8191520442889870246, 0.0000000000000000000 ) ) ;
#3908 = LINE ( 'NONE', #3416, #4471 ) ;
#3909 = CARTESIAN_POINT ( 'NONE',  ( 33.47934789292111901, 7.347880794883521188E-16, -6.000000000000002665 ) ) ;
#3910 = VERTEX_POINT ( 'NONE', #2367 ) ;
#3911 = DIRECTION ( 'NONE',  ( 0.0000000000000000000, 1.000000000000000000, 0.0000000000000000000 ) ) ;
#3912 = DIRECTION ( 'NONE',  ( -1.000000000000000000, -0.0000000000000000000, -0.0000000000000000000 ) ) ;
#3913 = VERTEX_POINT ( 'NONE', #3380 ) ;
#3914 = EDGE_CURVE ( 'NONE', #4627, #1448, #4173, .T. ) ;
#3915 = DIRECTION ( 'NONE',  ( -1.000000000000000000, -0.0000000000000000000, -0.0000000000000000000 ) ) ;
#3916 = EDGE_CURVE ( 'NONE', #4927, #888, #3863, .T. ) ;
#3917 = ORIENTED_EDGE ( 'NONE', *, *, #4842, .F. ) ;
#3918 = VERTEX_POINT ( 'NONE', #4843 ) ;
#3919 = CARTESIAN_POINT ( 'NONE',  ( 36.93586963205154916, 2.583919414749769470E-15, 0.0000000000000000000 ) ) ;
#3920 = CARTESIAN_POINT ( 'NONE',  ( 17.25000000000000000, -5.036000000000000476, 6.757601037695098523E-16 ) ) ;
#3921 = ORIENTED_EDGE ( 'NONE', *, *, #3409, .F. ) ;
#3922 = EDGE_CURVE ( 'NONE', #888, #1865, #3756, .T. ) ;
#3923 = DIRECTION ( 'NONE',  ( -1.000000000000000000, -1.224606353822377258E-16, -0.0000000000000000000 ) ) ;
#3924 = CARTESIAN_POINT ( 'NONE',  ( 38.66413050161676779, -6.008901426488175862E-29, 6.000000000000002665 ) ) ;
#3925 = LINE ( 'NONE', #749, #3626 ) ;
#3926 = DIRECTION ( 'NONE',  ( 0.0000000000000000000, 0.0000000000000000000, 1.000000000000000000 ) ) ;
#3927 = EDGE_LOOP ( 'NONE', ( #1119, #2145, #605, #1256 ) ) ;
#3928 = EDGE_CURVE ( 'NONE', #1938, #1974, #3697, .T. ) ;
#3929 = ORIENTED_EDGE ( 'NONE', *, *, #3134, .T. ) ;
#3930 = EDGE_LOOP ( 'NONE', ( #2484, #3334, #450, #3389, #4333 ) ) ;
#3931 = VECTOR ( 'NONE', #3831, 1000.000000000000000 ) ;
#3932 = ORIENTED_EDGE ( 'NONE', *, *, #4692, .T. ) ;
#3933 = DIRECTION ( 'NONE',  ( 0.0000000000000000000, -1.000000000000000000, 0.0000000000000000000 ) ) ;
#3934 = EDGE_CURVE ( 'NONE', #4492, #2264, #4176, .T. ) ;
#3935 = DIRECTION ( 'NONE',  ( 0.5735764363510452712, -0.8191520442889924647, 1.003171929053525610E-16 ) ) ;
#3936 = EDGE_CURVE ( 'NONE', #4927, #4482, #3635, .T. ) ;
#3937 = ORIENTED_EDGE ( 'NONE', *, *, #3564, .F. ) ;
#3938 = CONICAL_SURFACE ( 'NONE', #1493, 5.036000000000003141, 0.9599310885968728169 ) ;
#3939 = CARTESIAN_POINT ( 'NONE',  ( -31.74999999999995737, 0.0000000000000000000, 5.999999999999863221 ) ) ;
#3940 = ORIENTED_EDGE ( 'NONE', *, *, #4505, .F. ) ;
#3941 = DIRECTION ( 'NONE',  ( 0.0000000000000000000, 0.0000000000000000000, 1.000000000000000000 ) ) ;
#3942 = CARTESIAN_POINT ( 'NONE',  ( 46.63043478260869534, -5.036000000000000476, 0.0000000000000000000 ) ) ;
#3943 = EDGE_CURVE ( 'NONE', #2877, #2082, #3631, .T. ) ;
#3944 = EDGE_CURVE ( 'NONE', #4638, #1089, #3442, .T. ) ;
#3945 = VERTEX_POINT ( 'NONE', #761 ) ;
#3946 = CIRCLE ( 'NONE', #91, 6.000000000000002665 ) ;
#3947 = EDGE_LOOP ( 'NONE', ( #3229, #2614, #949, #497, #3122, #3291 ) ) ;
#3948 = DIRECTION ( 'NONE',  ( -1.000000000000000000, -1.224606353822377258E-16, -0.0000000000000000000 ) ) ;
#3949 = DIRECTION ( 'NONE',  ( -1.000000000000000000, -0.0000000000000000000, -0.0000000000000000000 ) ) ;
#3950 = CARTESIAN_POINT ( 'NONE',  ( 20.03152167229626457, 2.418597540614639737E-15, 0.0000000000000000000 ) ) ;
#3951 = ORIENTED_EDGE ( 'NONE', *, *, #3846, .F. ) ;
#3952 = VECTOR ( 'NONE', #2362, 1000.000000000000000 ) ;
#3953 = CIRCLE ( 'NONE', #96, 6.000000000000002665 ) ;
#3954 = ORIENTED_EDGE ( 'NONE', *, *, #3875, .T. ) ;
#3955 = ORIENTED_EDGE ( 'NONE', *, *, #4878, .F. ) ;
#3956 = DIRECTION ( 'NONE',  ( 0.0000000000000000000, -1.000000000000000000, 0.0000000000000000000 ) ) ;
#3957 = DIRECTION ( 'NONE',  ( -1.000000000000000000, -1.224606353822377258E-16, -0.0000000000000000000 ) ) ;
#3958 = CARTESIAN_POINT ( 'NONE',  ( -31.74999999999995737, 0.0000000000000000000, 0.0000000000000000000 ) ) ;
#3959 = CIRCLE ( 'NONE', #426, 6.000000000000002665 ) ;
#3960 = ORIENTED_EDGE ( 'NONE', *, *, #4284, .F. ) ;
#3961 = ORIENTED_EDGE ( 'NONE', *, *, #4639, .T. ) ;
#3962 = CARTESIAN_POINT ( 'NONE',  ( 48.35869565217391397, 5.036000000000005805, 6.167321280506074351E-16 ) ) ;
#3963 = CARTESIAN_POINT ( 'NONE',  ( -31.74999999999995737, 0.0000000000000000000, 0.0000000000000000000 ) ) ;
#3964 = EDGE_CURVE ( 'NONE', #2082, #4638, #3322, .T. ) ;
#3965 = ORIENTED_EDGE ( 'NONE', *, *, #4217, .F. ) ;
#3966 = VERTEX_POINT ( 'NONE', #3247 ) ;
#3967 = EDGE_CURVE ( 'NONE', #1346, #3901, #3210, .T. ) ;
#3968 = CIRCLE ( 'NONE', #656, 6.000000000000002665 ) ;
#3969 = EDGE_CURVE ( 'NONE', #1346, #1460, #3152, .T. ) ;
#3970 = ORIENTED_EDGE ( 'NONE', *, *, #5018, .F. ) ;
#3971 = CARTESIAN_POINT ( 'NONE',  ( -31.74999999999995737, 0.0000000000000000000, 0.0000000000000000000 ) ) ;
#3972 = ORIENTED_EDGE ( 'NONE', *, *, #2945, .F. ) ;
#3973 = DIRECTION ( 'NONE',  ( -1.000000000000000000, -0.0000000000000000000, -0.0000000000000000000 ) ) ;
#3974 = LINE ( 'NONE', #3445, #292 ) ;
#3975 = VERTEX_POINT ( 'NONE', #3684 ) ;
#3976 = ORIENTED_EDGE ( 'NONE', *, *, #3368, .F. ) ;
#3977 = CARTESIAN_POINT ( 'NONE',  ( -31.74999999999995737, 0.0000000000000000000, 0.0000000000000000000 ) ) ;
#3978 = EDGE_CURVE ( 'NONE', #1460, #4361, #3506, .T. ) ;
#3979 = ORIENTED_EDGE ( 'NONE', *, *, #3030, .F. ) ;
#3980 = ADVANCED_FACE ( 'NONE', ( #3023 ), #2906, .T. ) ;
#3981 = DIRECTION ( 'NONE',  ( 0.0000000000000000000, -1.000000000000000000, 0.0000000000000000000 ) ) ;
#3982 = CARTESIAN_POINT ( 'NONE',  ( 47.30543484944285382, 2.583919414749769470E-15, 0.0000000000000000000 ) ) ;
#3983 = CIRCLE ( 'NONE', #533, 6.000000000000002665 ) ;
#3984 = CARTESIAN_POINT ( 'NONE',  ( 34.53260869565217206, -5.036000000000000476, 6.757601037695098523E-16 ) ) ;
#3985 = ORIENTED_EDGE ( 'NONE', *, *, #4718, .T. ) ;
#3986 = CARTESIAN_POINT ( 'NONE',  ( -31.74999999999995737, 0.0000000000000000000, 0.0000000000000000000 ) ) ;
#3987 = EDGE_LOOP ( 'NONE', ( #2114, #2622, #1373, #2274, #3828 ) ) ;
#3988 = ORIENTED_EDGE ( 'NONE', *, *, #3025, .T. ) ;
#3989 = ORIENTED_EDGE ( 'NONE', *, *, #4975, .T. ) ;
#3990 = ORIENTED_EDGE ( 'NONE', *, *, #4425, .F. ) ;
#3991 = DIRECTION ( 'NONE',  ( -1.000000000000000000, -0.0000000000000000000, -0.0000000000000000000 ) ) ;
#3992 = DIRECTION ( 'NONE',  ( -1.000000000000000000, -0.0000000000000000000, -0.0000000000000000000 ) ) ;
#3993 = EDGE_CURVE ( 'NONE', #3901, #1974, #2975, .T. ) ;
#3994 = ORIENTED_EDGE ( 'NONE', *, *, #3683, .T. ) ;
#3995 = DIRECTION ( 'NONE',  ( -1.000000000000000000, -0.0000000000000000000, -0.0000000000000000000 ) ) ;
#3996 = ORIENTED_EDGE ( 'NONE', *, *, #2665, .T. ) ;
#3997 = LINE ( 'NONE', #1991, #3931 ) ;
#3998 = ORIENTED_EDGE ( 'NONE', *, *, #4551, .F. ) ;
#3999 = UNCERTAINTY_MEASURE_WITH_UNIT (LENGTH_MEASURE( 1.000000000000000082E-05 ), #1866, 'distance_accuracy_value', 'NONE');
#4000 = CARTESIAN_POINT ( 'NONE',  ( 21.38152180596459573, -6.008901426488175862E-29, 6.000000000000002665 ) ) ;
#4001 = EDGE_LOOP ( 'NONE', ( #962, #3879, #4452, #112, #4958, #4931 ) ) ;
#4002 = EDGE_LOOP ( 'NONE', ( #753, #285, #4900, #4519, #805 ) ) ;
#4003 = PRODUCT ( 'M12X45', 'M12X45', '', ( #410 ) ) ;
#4004 = VERTEX_POINT ( 'NONE', #3505 ) ;
#4005 = CARTESIAN_POINT ( 'NONE',  ( 42.12065224074719794, 2.583919414749769470E-15, 0.0000000000000000000 ) ) ;
#4006 = CARTESIAN_POINT ( 'NONE',  ( 36.93586963205154916, -6.008901426488175862E-29, 6.000000000000002665 ) ) ;
#4007 = ORIENTED_EDGE ( 'NONE', *, *, #3120, .T. ) ;
#4008 = CARTESIAN_POINT ( 'NONE',  ( 21.38152180596459573, 7.347880794883521188E-16, -6.000000000000002665 ) ) ;
#4009 = CARTESIAN_POINT ( 'NONE',  ( 22.43478260869565233, 5.036000000000005805, 0.0000000000000000000 ) ) ;
#4010 = EDGE_CURVE ( 'NONE', #1346, #4853, #2762, .T. ) ;
#4011 = ADVANCED_FACE ( 'NONE', ( #2835 ), #2462, .T. ) ;
#4012 = CIRCLE ( 'NONE', #103, 6.000000000000002665 ) ;
#4013 = EDGE_LOOP ( 'NONE', ( #3647, #4185, #5030 ) ) ;
#4014 = DIRECTION ( 'NONE',  ( 0.0000000000000000000, 0.0000000000000000000, -1.000000000000000000 ) ) ;
#4015 = DIRECTION ( 'NONE',  ( 0.5735764363510450492, 0.8191520442889925757, 0.0000000000000000000 ) ) ;
#4016 = EDGE_CURVE ( 'NONE', #4853, #1938, #2467, .T. ) ;
#4017 = ORIENTED_EDGE ( 'NONE', *, *, #4884, .F. ) ;
#4018 = EDGE_CURVE ( 'NONE', #3901, #4963, #2971, .T. ) ;
#4019 = LINE ( 'NONE', #1859, #3591 ) ;
#4020 = DIRECTION ( 'NONE',  ( 0.0000000000000000000, 0.0000000000000000000, 1.000000000000000000 ) ) ;
#4021 = CARTESIAN_POINT ( 'NONE',  ( 29.34782608695652328, 2.501258477682205392E-15, 0.0000000000000000000 ) ) ;
#4022 = DIRECTION ( 'NONE',  ( 0.0000000000000000000, 0.0000000000000000000, 1.000000000000000000 ) ) ;
#4023 = ADVANCED_FACE ( 'NONE', ( #2348 ), #2266, .T. ) ;
#4024 = ORIENTED_EDGE ( 'NONE', *, *, #4318, .T. ) ;
#4025 = EDGE_CURVE ( 'NONE', #219, #107, #2339, .T. ) ;
#4026 = EDGE_CURVE ( 'NONE', #2877, #4775, #3018, .T. ) ;
#4027 = ORIENTED_EDGE ( 'NONE', *, *, #4199, .T. ) ;
#4028 = DIRECTION ( 'NONE',  ( 0.0000000000000000000, 0.0000000000000000000, 1.000000000000000000 ) ) ;
#4029 = DIRECTION ( 'NONE',  ( -1.000000000000000000, -1.224606353822377258E-16, -0.0000000000000000000 ) ) ;
#4030 = CARTESIAN_POINT ( 'NONE',  ( 28.29456528422546313, 6.000000000000005329, 0.0000000000000000000 ) ) ;
#4031 = CARTESIAN_POINT ( 'NONE',  ( 56.99999999999999289, 5.035999999999999588, 0.0000000000000000000 ) ) ;
#4032 = ORIENTED_EDGE ( 'NONE', *, *, #3468, .T. ) ;
#4033 = CARTESIAN_POINT ( 'NONE',  ( 18.97826086956521863, 2.501258477682205392E-15, 0.0000000000000000000 ) ) ;
#4034 = EDGE_LOOP ( 'NONE', ( #531, #1332, #4032, #2721, #3776 ) ) ;
#4035 = EDGE_CURVE ( 'NONE', #4775, #888, #2695, .T. ) ;
#4036 = DIRECTION ( 'NONE',  ( 0.0000000000000000000, -1.000000000000000000, 0.0000000000000000000 ) ) ;
#4037 = ORIENTED_EDGE ( 'NONE', *, *, #4534, .T. ) ;
#4038 = CARTESIAN_POINT ( 'NONE',  ( 50.08695652173912549, 2.501258477682205392E-15, 0.0000000000000000000 ) ) ;
#4039 = FILL_AREA_STYLE_COLOUR ( '', #2525 ) ;
#4040 = DIRECTION ( 'NONE',  ( 0.0000000000000000000, 1.000000000000000000, 0.0000000000000000000 ) ) ;
#4041 = ORIENTED_EDGE ( 'NONE', *, *, #4312, .F. ) ;
#4042 = EDGE_CURVE ( 'NONE', #4824, #5181, #2202, .T. ) ;
#4043 = DIRECTION ( 'NONE',  ( -0.5735764363510532649, 0.8191520442889868026, 1.003171929053518707E-16 ) ) ;
#4044 = DIRECTION ( 'NONE',  ( -1.000000000000000000, -1.224606353822377258E-16, -0.0000000000000000000 ) ) ;
#4045 = EDGE_CURVE ( 'NONE', #3362, #4824, #2092, .T. ) ;
#4046 = DIRECTION ( 'NONE',  ( 0.0000000000000000000, -1.000000000000000000, 0.0000000000000000000 ) ) ;
#4047 = ORIENTED_EDGE ( 'NONE', *, *, #3351, .T. ) ;
#4048 = CARTESIAN_POINT ( 'NONE',  ( 28.29456528422546313, 2.583919414749769470E-15, 0.0000000000000000000 ) ) ;
#4049 = CARTESIAN_POINT ( 'NONE',  ( -31.74999999999995737, 0.0000000000000000000, 0.0000000000000000000 ) ) ;
#4050 = ORIENTED_EDGE ( 'NONE', *, *, #4414, .F. ) ;
#4051 = FACE_OUTER_BOUND ( 'NONE', #5067, .T. ) ;
#4052 = EDGE_CURVE ( 'NONE', #1873, #1865, #2588, .T. ) ;
#4053 = VECTOR ( 'NONE', #2061, 1000.000000000000000 ) ;
#4054 = ORIENTED_EDGE ( 'NONE', *, *, #4486, .T. ) ;
#4055 = VERTEX_POINT ( 'NONE', #1026 ) ;
#4056 = DIRECTION ( 'NONE',  ( -1.000000000000000000, -1.224606353822377258E-16, -0.0000000000000000000 ) ) ;
#4057 = CARTESIAN_POINT ( 'NONE',  ( -31.74999999999995737, 7.347880794883952103E-16, -5.999999999999863221 ) ) ;
#4058 = DIRECTION ( 'NONE',  ( -1.000000000000000000, -0.0000000000000000000, -0.0000000000000000000 ) ) ;
#4059 = DIRECTION ( 'NONE',  ( -1.000000000000000000, -0.0000000000000000000, -0.0000000000000000000 ) ) ;
#4060 = CARTESIAN_POINT ( 'NONE',  ( 36.26086956521739069, 5.036000000000005805, 0.0000000000000000000 ) ) ;
#4061 = DIRECTION ( 'NONE',  ( 0.0000000000000000000, -1.000000000000000000, 0.0000000000000000000 ) ) ;
#4062 = EDGE_CURVE ( 'NONE', #1089, #4523, #1872, .T. ) ;
#4063 = DIRECTION ( 'NONE',  ( -1.000000000000000000, -0.0000000000000000000, -0.0000000000000000000 ) ) ;
#4064 = ORIENTED_EDGE ( 'NONE', *, *, #4899, .F. ) ;
#4065 = CARTESIAN_POINT ( 'NONE',  ( 47.30543484944285382, 2.583919414749769470E-15, 0.0000000000000000000 ) ) ;
#4066 = DIRECTION ( 'NONE',  ( 1.000000000000000000, 1.224606353822377258E-16, 0.0000000000000000000 ) ) ;
#4067 = CIRCLE ( 'NONE', #105, 5.036000000000003141 ) ;
#4068 = VERTEX_POINT ( 'NONE', #1413 ) ;
#4069 = VERTEX_POINT ( 'NONE', #70 ) ;
#4070 = ADVANCED_FACE ( 'NONE', ( #1446 ), #1249, .T. ) ;
#4071 = CARTESIAN_POINT ( 'NONE',  ( 23.48804341142669827, 2.418597540614639737E-15, 0.0000000000000000000 ) ) ;
#4072 = LINE ( 'NONE', #297, #1978 ) ;
#4073 = CARTESIAN_POINT ( 'NONE',  ( 37.98913043478260931, 2.501258477682205392E-15, 0.0000000000000000000 ) ) ;
#4074 = EDGE_CURVE ( 'NONE', #4523, #2086, #1449, .T. ) ;
#4075 = EDGE_CURVE ( 'NONE', #2643, #2086, #1306, .T. ) ;
#4076 = ORIENTED_EDGE ( 'NONE', *, *, #4718, .F. ) ;
#4077 = EDGE_CURVE ( 'NONE', #1320, #2643, #1521, .T. ) ;
#4078 = DIRECTION ( 'NONE',  ( 0.0000000000000000000, 1.000000000000000000, 0.0000000000000000000 ) ) ;
#4079 = VERTEX_POINT ( 'NONE', #3041 ) ;
#4080 = EDGE_CURVE ( 'NONE', #4638, #1320, #1174, .T. ) ;
#4081 = EDGE_CURVE ( 'NONE', #1579, #5003, #1378, .T. ) ;
#4082 = DIRECTION ( 'NONE',  ( 0.0000000000000000000, -1.000000000000000000, 0.0000000000000000000 ) ) ;
#4083 = DIRECTION ( 'NONE',  ( 0.0000000000000000000, 0.0000000000000000000, -1.000000000000000000 ) ) ;
#4084 = CARTESIAN_POINT ( 'NONE',  ( 49.41195645490495281, -5.623715437610728691E-29, 6.000000000000002665 ) ) ;
#4085 = ADVANCED_FACE ( 'NONE', ( #1181 ), #693, .T. ) ;
#4086 = FACE_OUTER_BOUND ( 'NONE', #2470, .T. ) ;
#4087 = VERTEX_POINT ( 'NONE', #1208 ) ;
#4088 = CARTESIAN_POINT ( 'NONE',  ( 6.000000000000000000, 2.919948986426526893, -5.057500000000011653 ) ) ;
#4089 = CARTESIAN_POINT ( 'NONE',  ( 26.56630441466024450, 2.583919414749769470E-15, 0.0000000000000000000 ) ) ;
#4090 =( GEOMETRIC_REPRESENTATION_CONTEXT ( 3 ) GLOBAL_UNCERTAINTY_ASSIGNED_CONTEXT ( ( #4662 ) ) GLOBAL_UNIT_ASSIGNED_CONTEXT ( ( #627, #952, #416 ) ) REPRESENTATION_CONTEXT ( 'NONE', 'WORKASPACE' ) );
#4091 = CARTESIAN_POINT ( 'NONE',  ( 40.77065210707887388, 2.418597540614639737E-15, 0.0000000000000000000 ) ) ;
#4092 = CARTESIAN_POINT ( 'NONE',  ( 53.54347826086956985, 2.501258477682205392E-15, 0.0000000000000000000 ) ) ;
#4093 = FACE_OUTER_BOUND ( 'NONE', #3862, .T. ) ;
#4094 = DIRECTION ( 'NONE',  ( -1.000000000000000000, -0.0000000000000000000, -0.0000000000000000000 ) ) ;
#4095 = ORIENTED_EDGE ( 'NONE', *, *, #4052, .F. ) ;
#4096 = DIRECTION ( 'NONE',  ( 0.0000000000000000000, -1.000000000000000000, 1.039664082171044481E-15 ) ) ;
#4097 = VECTOR ( 'NONE', #4439, 999.9999999999998863 ) ;
#4098 = ORIENTED_EDGE ( 'NONE', *, *, #4444, .T. ) ;
#4099 = EDGE_CURVE ( 'NONE', #5003, #4004, #772, .T. ) ;
#4100 = EDGE_CURVE ( 'NONE', #2353, #4004, #1051, .T. ) ;
#4101 = DIRECTION ( 'NONE',  ( 0.0000000000000000000, 0.4999999999999989453, -0.8660254037844392627 ) ) ;
#4102 = ORIENTED_EDGE ( 'NONE', *, *, #4550, .F. ) ;
#4103 = DIRECTION ( 'NONE',  ( -1.000000000000000000, -1.224606353822377258E-16, -0.0000000000000000000 ) ) ;
#4104 = DIRECTION ( 'NONE',  ( -1.000000000000000000, -1.224606353822377258E-16, -0.0000000000000000000 ) ) ;
#4105 = VERTEX_POINT ( 'NONE', #1184 ) ;
#4106 = DIRECTION ( 'NONE',  ( 1.000000000000000000, 1.224606353822377258E-16, 0.0000000000000000000 ) ) ;
#4107 = EDGE_LOOP ( 'NONE', ( #2397, #2777, #877 ) ) ;
#4108 = CARTESIAN_POINT ( 'NONE',  ( 6.000000000000000000, -4.379923479639792561, 2.528750000000003606 ) ) ;
#4109 = CARTESIAN_POINT ( 'NONE',  ( 30.02282615379068176, -6.008901426488175862E-29, 6.000000000000002665 ) ) ;
#4110 = VERTEX_POINT ( 'NONE', #2682 ) ;
#4111 = LINE ( 'NONE', #5169, #4053 ) ;
#4112 = EDGE_LOOP ( 'NONE', ( #3744, #2537, #4689 ) ) ;
#4113 = CARTESIAN_POINT ( 'NONE',  ( 54.21847832770372833, 6.000000000000004441, 0.0000000000000000000 ) ) ;
#4114 = ORIENTED_EDGE ( 'NONE', *, *, #4922, .F. ) ;
#4115 = DIRECTION ( 'NONE',  ( 0.0000000000000000000, -1.000000000000000000, 0.0000000000000000000 ) ) ;
#4116 = DIRECTION ( 'NONE',  ( 0.0000000000000000000, -1.000000000000000000, 0.0000000000000000000 ) ) ;
#4117 = DIRECTION ( 'NONE',  ( -1.000000000000000000, -1.224606353822377258E-16, -0.0000000000000000000 ) ) ;
#4118 = EDGE_CURVE ( 'NONE', #1188, #2353, #620, .T. ) ;
#4119 = EDGE_CURVE ( 'NONE', #1579, #1188, #2029, .T. ) ;
#4120 = EDGE_CURVE ( 'NONE', #1579, #3664, #555, .T. ) ;
#4121 = ORIENTED_EDGE ( 'NONE', *, *, #3993, .F. ) ;
#4122 = CARTESIAN_POINT ( 'NONE',  ( 25.89130434782608603, 2.501258477682205392E-15, 0.0000000000000000000 ) ) ;
#4123 = CARTESIAN_POINT ( 'NONE',  ( -0.0000000000000000000, -5.839897972853064445, -8.673617379884035472E-16 ) ) ;
#4124 = ORIENTED_EDGE ( 'NONE', *, *, #3485, .T. ) ;
#4125 = EDGE_CURVE ( 'NONE', #3664, #1320, #488, .T. ) ;
#4126 = EDGE_CURVE ( 'NONE', #5003, #2643, #376, .T. ) ;
#4127 = ORIENTED_EDGE ( 'NONE', *, *, #4423, .F. ) ;
#4128 = CONICAL_SURFACE ( 'NONE', #1550, 6.000000000000002665, 0.9599310885968824758 ) ;
#4129 = CARTESIAN_POINT ( 'NONE',  ( 6.000000000000000000, 5.839897972853066221, -1.561251128379126385E-14 ) ) ;
#4130 = EDGE_LOOP ( 'NONE', ( #616, #5009, #3955, #4017, #162 ) ) ;
#4131 = CARTESIAN_POINT ( 'NONE',  ( 30.40108688968756923, 6.000000000000006217, 7.347880794884123680E-16 ) ) ;
#4132 = ORIENTED_EDGE ( 'NONE', *, *, #4312, .T. ) ;
#4133 = EDGE_CURVE ( 'NONE', #4004, #4794, #185, .T. ) ;
#4134 = DIRECTION ( 'NONE',  ( 0.0000000000000000000, 0.0000000000000000000, 1.000000000000000000 ) ) ;
#4135 = EDGE_CURVE ( 'NONE', #4794, #2711, #3301, .T. ) ;
#4136 = DIRECTION ( 'NONE',  ( 0.0000000000000000000, 0.0000000000000000000, 1.000000000000000000 ) ) ;
#4137 = LINE ( 'NONE', #3245, #733 ) ;
#4138 = ORIENTED_EDGE ( 'NONE', *, *, #3791, .F. ) ;
#4139 = LINE ( 'NONE', #810, #3952 ) ;
#4140 = DIRECTION ( 'NONE',  ( -0.5735764363510532649, 0.8191520442889868026, 1.003171929053518707E-16 ) ) ;
#4141 = DIRECTION ( 'NONE',  ( 0.0000000000000000000, 1.000000000000000000, 0.0000000000000000000 ) ) ;
#4142 = DIRECTION ( 'NONE',  ( 1.000000000000000000, 1.224606353822377258E-16, 0.0000000000000000000 ) ) ;
#4143 = ORIENTED_EDGE ( 'NONE', *, *, #3163, .F. ) ;
#4144 = ADVANCED_FACE ( 'NONE', ( #3724 ), #3786, .T. ) ;
#4145 = CARTESIAN_POINT ( 'NONE',  ( 26.56630441466024450, 2.583919414749769470E-15, 0.0000000000000000000 ) ) ;
#4146 = DIRECTION ( 'NONE',  ( -1.000000000000000000, -1.224606353822377258E-16, -0.0000000000000000000 ) ) ;
#4147 = EDGE_CURVE ( 'NONE', #2529, #2711, #4710, .T. ) ;
#4148 = VERTEX_POINT ( 'NONE', #2736 ) ;
#4149 = CARTESIAN_POINT ( 'NONE',  ( 54.21847832770372833, 2.583919414749769470E-15, 0.0000000000000000000 ) ) ;
#4150 = CARTESIAN_POINT ( 'NONE',  ( 40.39239137118198641, -6.000000000000000888, 7.347880794884123680E-16 ) ) ;
#4151 = CARTESIAN_POINT ( 'NONE',  ( 26.94456515055713197, 2.418597540614639737E-15, 0.0000000000000000000 ) ) ;
#4152 = ORIENTED_EDGE ( 'NONE', *, *, #4278, .T. ) ;
#4153 = EDGE_CURVE ( 'NONE', #4823, #2529, #1282, .T. ) ;
#4154 = CARTESIAN_POINT ( 'NONE',  ( 56.03599999999976689, 0.0000000000000000000, 5.999999999999726441 ) ) ;
#4155 = DIRECTION ( 'NONE',  ( 0.0000000000000000000, -1.000000000000000000, 0.0000000000000000000 ) ) ;
#4156 = CARTESIAN_POINT ( 'NONE',  ( 20.70652173913043725, 2.501258477682205392E-15, 0.0000000000000000000 ) ) ;
#4157 = ADVANCED_FACE ( 'NONE', ( #164 ), #4213, .T. ) ;
#4158 = VERTEX_POINT ( 'NONE', #1486 ) ;
#4159 = EDGE_CURVE ( 'NONE', #2353, #4823, #2563, .T. ) ;
#4160 = CARTESIAN_POINT ( 'NONE',  ( 50.08695652173912549, 2.501258477682205392E-15, 0.0000000000000000000 ) ) ;
#4161 = EDGE_CURVE ( 'NONE', #2436, #258, #4406, .T. ) ;
#4162 = CARTESIAN_POINT ( 'NONE',  ( 42.49891297664408540, -5.623715437610728691E-29, 6.000000000000002665 ) ) ;
#4163 = ADVANCED_FACE ( 'NONE', ( #3418 ), #2250, .T. ) ;
#4164 = DIRECTION ( 'NONE',  ( -1.000000000000000000, -1.224606353822377258E-16, -0.0000000000000000000 ) ) ;
#4165 = ADVANCED_FACE ( 'NONE', ( #4093 ), #3189, .T. ) ;
#4166 = EDGE_CURVE ( 'NONE', #258, #4285, #5093, .T. ) ;
#4167 = ORIENTED_EDGE ( 'NONE', *, *, #2644, .F. ) ;
#4168 = EDGE_CURVE ( 'NONE', #2399, #4285, #4536, .T. ) ;
#4169 = ORIENTED_EDGE ( 'NONE', *, *, #3046, .T. ) ;
#4170 = DIRECTION ( 'NONE',  ( 0.0000000000000000000, -1.000000000000000000, 0.0000000000000000000 ) ) ;
#4171 = DIRECTION ( 'NONE',  ( 0.0000000000000000000, -1.000000000000000000, 0.0000000000000000000 ) ) ;
#4172 = CARTESIAN_POINT ( 'NONE',  ( 27.61956521739130466, 5.036000000000005805, 0.0000000000000000000 ) ) ;
#4173 = CIRCLE ( 'NONE', #908, 6.000000000000002665 ) ;
#4174 = ORIENTED_EDGE ( 'NONE', *, *, #4509, .T. ) ;
#4175 = LINE ( 'NONE', #3452, #1058 ) ;
#4176 = LINE ( 'NONE', #4822, #3512 ) ;
#4177 = DIRECTION ( 'NONE',  ( -1.000000000000000000, -0.0000000000000000000, -0.0000000000000000000 ) ) ;
#4178 = VERTEX_POINT ( 'NONE', #1902 ) ;
#4179 = EDGE_CURVE ( 'NONE', #3089, #2399, #3968, .T. ) ;
#4180 = ORIENTED_EDGE ( 'NONE', *, *, #4829, .F. ) ;
#4181 = EDGE_CURVE ( 'NONE', #2436, #3089, #3127, .T. ) ;
#4182 = VERTEX_POINT ( 'NONE', #2492 ) ;
#4183 = VECTOR ( 'NONE', #4296, 999.9999999999998863 ) ;
#4184 = CARTESIAN_POINT ( 'NONE',  ( 32.12934775925278785, -5.623715437610728691E-29, 6.000000000000002665 ) ) ;
#4185 = ORIENTED_EDGE ( 'NONE', *, *, #4820, .F. ) ;
#4186 = VECTOR ( 'NONE', #3007, 1000.000000000000000 ) ;
#4187 = EDGE_CURVE ( 'NONE', #2436, #4429, #1485, .T. ) ;
#4188 = DIRECTION ( 'NONE',  ( 0.0000000000000000000, -1.000000000000000000, 0.0000000000000000000 ) ) ;
#4189 = VECTOR ( 'NONE', #3807, 1000.000000000000114 ) ;
#4190 = DIRECTION ( 'NONE',  ( 0.0000000000000000000, -1.000000000000000000, 0.0000000000000000000 ) ) ;
#4191 = VERTEX_POINT ( 'NONE', #3924 ) ;
#4192 = ORIENTED_EDGE ( 'NONE', *, *, #4342, .F. ) ;
#4193 = ORIENTED_EDGE ( 'NONE', *, *, #4133, .T. ) ;
#4194 = FILL_AREA_STYLE_COLOUR ( '', #1818 ) ;
#4195 = EDGE_CURVE ( 'NONE', #4429, #4823, #2509, .T. ) ;
#4196 = DIRECTION ( 'NONE',  ( -1.000000000000000000, -1.224606353822377258E-16, -0.0000000000000000000 ) ) ;
#4197 = DIRECTION ( 'NONE',  ( -1.000000000000000000, -1.224606353822377258E-16, -0.0000000000000000000 ) ) ;
#4198 = EDGE_LOOP ( 'NONE', ( #3043, #3180, #3567, #1142, #4369 ) ) ;
#4199 = EDGE_CURVE ( 'NONE', #258, #2529, #831, .T. ) ;
#4200 = EDGE_CURVE ( 'NONE', #4087, #1921, #104, .T. ) ;
#4201 = ORIENTED_EDGE ( 'NONE', *, *, #3906, .T. ) ;
#4202 = CONICAL_SURFACE ( 'NONE', #389, 6.000000000000002665, 0.9599310885968824758 ) ;
#4203 = DIRECTION ( 'NONE',  ( -1.000000000000000000, -0.0000000000000000000, -0.0000000000000000000 ) ) ;
#4204 = DIRECTION ( 'NONE',  ( -1.000000000000000000, -1.224606353822377258E-16, -0.0000000000000000000 ) ) ;
#4205 = DIRECTION ( 'NONE',  ( -1.000000000000000000, -0.0000000000000000000, -0.0000000000000000000 ) ) ;
#4206 = CARTESIAN_POINT ( 'NONE',  ( 32.80434782608696054, 2.501258477682205392E-15, 0.0000000000000000000 ) ) ;
#4207 = VERTEX_POINT ( 'NONE', #4060 ) ;
#4208 = EDGE_CURVE ( 'NONE', #4285, #4110, #468, .T. ) ;
#4209 = PRODUCT_DEFINITION ( 'UNKNOWN', '', #2301, #5152 ) ;
#4210 = ORIENTED_EDGE ( 'NONE', *, *, #3142, .F. ) ;
#4211 = DIRECTION ( 'NONE',  ( -1.000000000000000000, -1.224606353822377258E-16, -0.0000000000000000000 ) ) ;
#4212 = DIRECTION ( 'NONE',  ( 0.5735764363510450492, 0.8191520442889925757, 0.0000000000000000000 ) ) ;
#4213 = CONICAL_SURFACE ( 'NONE', #681, 6.000000000000002665, 0.9599310885968824758 ) ;
#4214 = CARTESIAN_POINT ( 'NONE',  ( 33.85760862881799937, 2.418597540614639737E-15, 0.0000000000000000000 ) ) ;
#4215 = VERTEX_POINT ( 'NONE', #4008 ) ;
#4216 = LINE ( 'NONE', #2165, #3424 ) ;
#4217 = EDGE_CURVE ( 'NONE', #4110, #319, #1152, .T. ) ;
#4218 = CARTESIAN_POINT ( 'NONE',  ( 19.65326093639937710, 2.583919414749769470E-15, 0.0000000000000000000 ) ) ;
#4219 = ORIENTED_EDGE ( 'NONE', *, *, #4179, .T. ) ;
#4220 = ADVANCED_FACE ( 'NONE', ( #229 ), #4991, .T. ) ;
#4221 = DIRECTION ( 'NONE',  ( -1.000000000000000000, -1.224606353822377258E-16, -0.0000000000000000000 ) ) ;
#4222 = DIRECTION ( 'NONE',  ( 0.0000000000000000000, -1.000000000000000000, 0.0000000000000000000 ) ) ;
#4223 = EDGE_LOOP ( 'NONE', ( #3397, #1768, #4490, #4451, #5062, #133 ) ) ;
#4224 = ORIENTED_EDGE ( 'NONE', *, *, #4016, .T. ) ;
#4225 = VECTOR ( 'NONE', #4708, 1000.000000000000000 ) ;
#4226 = CARTESIAN_POINT ( 'NONE',  ( 6.000000000000000000, -2.919948986426526005, 5.057499999999995666 ) ) ;
#4227 = DIRECTION ( 'NONE',  ( -1.000000000000000000, -1.224606353822377258E-16, -0.0000000000000000000 ) ) ;
#4228 = EDGE_LOOP ( 'NONE', ( #2442, #1281, #455, #2044, #1005 ) ) ;
#4229 = CARTESIAN_POINT ( 'NONE',  ( -31.74999999999995737, 0.0000000000000000000, 5.999999999999863221 ) ) ;
#4230 = DIRECTION ( 'NONE',  ( 1.000000000000000000, 1.224606353822377258E-16, 0.0000000000000000000 ) ) ;
#4231 = ORIENTED_EDGE ( 'NONE', *, *, #4551, .T. ) ;
#4232 = EDGE_CURVE ( 'NONE', #5019, #319, #3414, .T. ) ;
#4233 = ORIENTED_EDGE ( 'NONE', *, *, #2562, .F. ) ;
#4234 = CARTESIAN_POINT ( 'NONE',  ( 55.94673919726893985, 2.583919414749769470E-15, 0.0000000000000000000 ) ) ;
#4235 = DIRECTION ( 'NONE',  ( 0.0000000000000000000, -1.000000000000000000, 0.0000000000000000000 ) ) ;
#4236 = ORIENTED_EDGE ( 'NONE', *, *, #2890, .F. ) ;
#4237 = EDGE_LOOP ( 'NONE', ( #4565, #3153, #3106, #4685, #3236 ) ) ;
#4238 = ORIENTED_EDGE ( 'NONE', *, *, #4672, .T. ) ;
#4239 = EDGE_CURVE ( 'NONE', #1893, #5019, #1495, .T. ) ;
#4240 = EDGE_CURVE ( 'NONE', #2399, #1893, #960, .T. ) ;
#4241 = CARTESIAN_POINT ( 'NONE',  ( 16.57499993316583087, -5.999999999999999112, 0.0000000000000000000 ) ) ;
#4242 = DIRECTION ( 'NONE',  ( 0.0000000000000000000, -1.000000000000000000, 0.0000000000000000000 ) ) ;
#4243 = DIRECTION ( 'NONE',  ( 0.0000000000000000000, -1.000000000000000000, 0.0000000000000000000 ) ) ;
#4244 = DIRECTION ( 'NONE',  ( -1.000000000000000000, -1.224606353822377258E-16, -0.0000000000000000000 ) ) ;
#4245 = EDGE_CURVE ( 'NONE', #3593, #1175, #523, .T. ) ;
#4246 = EDGE_CURVE ( 'NONE', #2078, #2101, #3908, .T. ) ;
#4247 = EDGE_CURVE ( 'NONE', #1175, #2616, #3974, .T. ) ;
#4248 = EDGE_LOOP ( 'NONE', ( #2032, #3589, #2625, #3633, #4832 ) ) ;
#4249 = CARTESIAN_POINT ( 'NONE',  ( 46.63043478260869534, 2.501258477682205392E-15, 0.0000000000000000000 ) ) ;
#4250 = CIRCLE ( 'NONE', #95, 5.036000000000003141 ) ;
#4251 = DIRECTION ( 'NONE',  ( 0.0000000000000000000, 1.000000000000000000, 0.0000000000000000000 ) ) ;
#4252 = DIRECTION ( 'NONE',  ( -1.000000000000000000, -1.224606353822377258E-16, -0.0000000000000000000 ) ) ;
#4253 = EDGE_CURVE ( 'NONE', #3308, #2616, #2129, .T. ) ;
#4254 = FACE_OUTER_BOUND ( 'NONE', #3947, .T. ) ;
#4255 = EDGE_LOOP ( 'NONE', ( #90, #5120, #5165, #3270, #3998 ) ) ;
#4256 = ORIENTED_EDGE ( 'NONE', *, *, #3978, .T. ) ;
#4257 = DIRECTION ( 'NONE',  ( -1.000000000000000000, -1.224606353822377258E-16, -0.0000000000000000000 ) ) ;
#4258 = DIRECTION ( 'NONE',  ( 0.0000000000000000000, 1.000000000000000000, 0.0000000000000000000 ) ) ;
#4259 = CARTESIAN_POINT ( 'NONE',  ( -31.74999999999995737, 0.0000000000000000000, 0.0000000000000000000 ) ) ;
#4260 = ORIENTED_EDGE ( 'NONE', *, *, #5024, .T. ) ;
#4261 = EDGE_CURVE ( 'NONE', #4182, #3308, #4590, .T. ) ;
#4262 = CARTESIAN_POINT ( 'NONE',  ( 56.99999999999999289, 6.167321280506070407E-16, -5.035999999999999588 ) ) ;
#4263 = DIRECTION ( 'NONE',  ( -1.000000000000000000, -0.0000000000000000000, -0.0000000000000000000 ) ) ;
#4264 = CARTESIAN_POINT ( 'NONE',  ( 35.58586949838321800, 6.000000000000006217, 7.347880794884123680E-16 ) ) ;
#4265 = EDGE_LOOP ( 'NONE', ( #3873, #967, #2285, #2716, #1556, #2715 ) ) ;
#4266 = VECTOR ( 'NONE', #1922, 999.9999999999998863 ) ;
#4267 = ADVANCED_FACE ( 'NONE', ( #1286 ), #2620, .T. ) ;
#4268 = EDGE_CURVE ( 'NONE', #3593, #4182, #597, .T. ) ;
#4269 = DIRECTION ( 'NONE',  ( -1.000000000000000000, -1.224606353822377258E-16, -0.0000000000000000000 ) ) ;
#4270 = DIRECTION ( 'NONE',  ( 1.000000000000000000, 1.224606353822377258E-16, 0.0000000000000000000 ) ) ;
#4271 = EDGE_CURVE ( 'NONE', #3593, #3707, #2127, .T. ) ;
#4272 = ORIENTED_EDGE ( 'NONE', *, *, #2828, .F. ) ;
#4273 = VERTEX_POINT ( 'NONE', #4154 ) ;
#4274 = ORIENTED_EDGE ( 'NONE', *, *, #4660, .T. ) ;
#4275 = DIRECTION ( 'NONE',  ( -1.000000000000000000, -1.224606353822377258E-16, -0.0000000000000000000 ) ) ;
#4276 = CARTESIAN_POINT ( 'NONE',  ( 49.03369571900807244, 2.583919414749769470E-15, 0.0000000000000000000 ) ) ;
#4277 = DIRECTION ( 'NONE',  ( -1.000000000000000000, -1.224606353822377258E-16, -0.0000000000000000000 ) ) ;
#4278 = EDGE_CURVE ( 'NONE', #3707, #1893, #3479, .T. ) ;
#4279 = ORIENTED_EDGE ( 'NONE', *, *, #4318, .F. ) ;
#4280 = ADVANCED_FACE ( 'NONE', ( #592 ), #356, .T. ) ;
#4281 = DIRECTION ( 'NONE',  ( 0.5735764363510450492, 0.8191520442889925757, 0.0000000000000000000 ) ) ;
#4282 = DIRECTION ( 'NONE',  ( -1.000000000000000000, -1.224606353822377258E-16, -0.0000000000000000000 ) ) ;
#4283 = EDGE_CURVE ( 'NONE', #1175, #5019, #2569, .T. ) ;
#4284 = EDGE_CURVE ( 'NONE', #2616, #3913, #2243, .T. ) ;
#4285 = VERTEX_POINT ( 'NONE', #2275 ) ;
#4286 = EDGE_CURVE ( 'NONE', #3913, #1787, #2806, .T. ) ;
#4287 = DIRECTION ( 'NONE',  ( 0.0000000000000000000, -1.000000000000000000, 0.0000000000000000000 ) ) ;
#4288 = VERTEX_POINT ( 'NONE', #3561 ) ;
#4289 = EDGE_LOOP ( 'NONE', ( #3183, #2205, #3844, #299, #4394 ) ) ;
#4290 = ADVANCED_FACE ( 'NONE', ( #1712 ), #954, .T. ) ;
#4291 = ORIENTED_EDGE ( 'NONE', *, *, #3367, .T. ) ;
#4292 = EDGE_LOOP ( 'NONE', ( #3243, #2138, #4180, #4716, #3660 ) ) ;
#4293 = VECTOR ( 'NONE', #13, 999.9999999999998863 ) ;
#4294 = EDGE_LOOP ( 'NONE', ( #1440, #1559, #4064 ) ) ;
#4295 = EDGE_CURVE ( 'NONE', #601, #1787, #110, .T. ) ;
#4296 = DIRECTION ( 'NONE',  ( 0.5735764363510452712, -0.8191520442889924647, 1.003171929053525610E-16 ) ) ;
#4297 = EDGE_CURVE ( 'NONE', #4779, #601, #3055, .T. ) ;
#4298 = ORIENTED_EDGE ( 'NONE', *, *, #3666, .T. ) ;
#4299 = CARTESIAN_POINT ( 'NONE',  ( 49.41195645490495281, 7.347880794883559645E-16, -6.000000000000002665 ) ) ;
#4300 = DIRECTION ( 'NONE',  ( 0.0000000000000000000, 1.000000000000000000, 0.0000000000000000000 ) ) ;
#4301 = EDGE_CURVE ( 'NONE', #3308, #4779, #3004, .T. ) ;
#4302 = CIRCLE ( 'NONE', #1432, 6.000000000000002665 ) ;
#4303 = VERTEX_POINT ( 'NONE', #2998 ) ;
#4304 = CIRCLE ( 'NONE', #914, 5.036000000000003141 ) ;
#4305 = ORIENTED_EDGE ( 'NONE', *, *, #3003, .T. ) ;
#4306 = CIRCLE ( 'NONE', #1196, 6.000000000000002665 ) ;
#4307 = CARTESIAN_POINT ( 'NONE',  ( 25.89130434782608603, 5.036000000000005805, 0.0000000000000000000 ) ) ;
#4308 = EDGE_CURVE ( 'NONE', #5049, #1503, #4530, .T. ) ;
#4309 = EDGE_CURVE ( 'NONE', #1503, #2955, #738, .T. ) ;
#4310 = ADVANCED_FACE ( 'NONE', ( #1416 ), #4883, .T. ) ;
#4311 = CIRCLE ( 'NONE', #271, 6.000000000000002665 ) ;
#4312 = EDGE_CURVE ( 'NONE', #4626, #2955, #666, .T. ) ;
#4313 = ADVANCED_FACE ( 'NONE', ( #3065 ), #4476, .T. ) ;
#4314 = ORIENTED_EDGE ( 'NONE', *, *, #4319, .F. ) ;
#4315 = DIRECTION ( 'NONE',  ( 0.0000000000000000000, -1.000000000000000000, 0.0000000000000000000 ) ) ;
#4316 = CARTESIAN_POINT ( 'NONE',  ( 19.65326093639937710, 2.583919414749769470E-15, 0.0000000000000000000 ) ) ;
#4317 = DIRECTION ( 'NONE',  ( -1.000000000000000000, -1.224606353822377258E-16, -0.0000000000000000000 ) ) ;
#4318 = EDGE_CURVE ( 'NONE', #2879, #4626, #4596, .T. ) ;
#4319 = EDGE_CURVE ( 'NONE', #5049, #2879, #5184, .T. ) ;
#4320 = CARTESIAN_POINT ( 'NONE',  ( 44.22717384620930403, -5.623715437610728691E-29, 6.000000000000002665 ) ) ;
#4321 = CARTESIAN_POINT ( 'NONE',  ( 29.34782608695652328, 2.501258477682205392E-15, 0.0000000000000000000 ) ) ;
#4322 = CYLINDRICAL_SURFACE ( 'NONE', #126, 5.999999999999863221 ) ;
#4323 = CARTESIAN_POINT ( 'NONE',  ( 28.67282602012235060, -5.999999999999999112, 0.0000000000000000000 ) ) ;
#4324 = EDGE_CURVE ( 'NONE', #5049, #454, #4998, .T. ) ;
#4325 = CIRCLE ( 'NONE', #136, 6.000000000000002665 ) ;
#4326 = DIRECTION ( 'NONE',  ( -1.000000000000000000, -1.224606353822377258E-16, -0.0000000000000000000 ) ) ;
#4327 = ORIENTED_EDGE ( 'NONE', *, *, #3038, .T. ) ;
#4328 = DIRECTION ( 'NONE',  ( 0.0000000000000000000, 0.0000000000000000000, 1.000000000000000000 ) ) ;
#4329 = ORIENTED_EDGE ( 'NONE', *, *, #3388, .T. ) ;
#4330 = DIRECTION ( 'NONE',  ( 1.000000000000000000, 1.224606353822377258E-16, 0.0000000000000000000 ) ) ;
#4331 = DIRECTION ( 'NONE',  ( -1.000000000000000000, -1.224606353822377258E-16, -0.0000000000000000000 ) ) ;
#4332 = CARTESIAN_POINT ( 'NONE',  ( 47.30543484944285382, 2.583919414749769470E-15, 0.0000000000000000000 ) ) ;
#4333 = ORIENTED_EDGE ( 'NONE', *, *, #4749, .F. ) ;
#4334 = ORIENTED_EDGE ( 'NONE', *, *, #4996, .F. ) ;
#4335 = CARTESIAN_POINT ( 'NONE',  ( 16.57499993316583087, 6.000000000000006217, 7.347880794884123680E-16 ) ) ;
#4336 = DIRECTION ( 'NONE',  ( 0.0000000000000000000, 0.0000000000000000000, 1.000000000000000000 ) ) ;
#4337 = CARTESIAN_POINT ( 'NONE',  ( 49.03369571900807244, -6.000000000000000888, 7.347880794884123680E-16 ) ) ;
#4338 = FACE_OUTER_BOUND ( 'NONE', #934, .T. ) ;
#4339 = CARTESIAN_POINT ( 'NONE',  ( 19.65326093639937710, 6.000000000000004441, 0.0000000000000000000 ) ) ;
#4340 = LINE ( 'NONE', #2950, #3412 ) ;
#4341 = CIRCLE ( 'NONE', #388, 5.036000000000003141 ) ;
#4342 = EDGE_CURVE ( 'NONE', #454, #4779, #5098, .T. ) ;
#4343 = EDGE_CURVE ( 'NONE', #1503, #601, #4216, .T. ) ;
#4344 = DIRECTION ( 'NONE',  ( 0.0000000000000000000, 0.0000000000000000000, 1.000000000000000000 ) ) ;
#4345 = SHAPE_DEFINITION_REPRESENTATION ( #3015, #3224 ) ;
#4346 = VERTEX_POINT ( 'NONE', #1062 ) ;
#4347 = DIRECTION ( 'NONE',  ( 0.0000000000000000000, -1.000000000000000000, 0.0000000000000000000 ) ) ;
#4348 = CARTESIAN_POINT ( 'NONE',  ( -31.74999999999995737, 7.347880794883952103E-16, -5.999999999999863221 ) ) ;
#4349 = DIRECTION ( 'NONE',  ( 0.0000000000000000000, -1.000000000000000000, 0.0000000000000000000 ) ) ;
#4350 = VERTEX_POINT ( 'NONE', #2801 ) ;
#4351 = EDGE_CURVE ( 'NONE', #2955, #1596, #3983, .T. ) ;
#4352 = DIRECTION ( 'NONE',  ( 0.0000000000000000000, -1.000000000000000000, 0.0000000000000000000 ) ) ;
#4353 = ORIENTED_EDGE ( 'NONE', *, *, #3993, .T. ) ;
#4354 = VECTOR ( 'NONE', #3907, 1000.000000000000000 ) ;
#4355 = ORIENTED_EDGE ( 'NONE', *, *, #3547, .T. ) ;
#4356 = CARTESIAN_POINT ( 'NONE',  ( 26.56630441466024450, 2.583919414749769470E-15, 0.0000000000000000000 ) ) ;
#4357 = CARTESIAN_POINT ( 'NONE',  ( 34.53260869565217206, 2.501258477682205392E-15, 0.0000000000000000000 ) ) ;
#4358 = EDGE_CURVE ( 'NONE', #1596, #1619, #3850, .T. ) ;
#4359 = EDGE_CURVE ( 'NONE', #5106, #1619, #3309, .T. ) ;
#4360 = EDGE_CURVE ( 'NONE', #2940, #5106, #3197, .T. ) ;
#4361 = VERTEX_POINT ( 'NONE', #2579 ) ;
#4362 = DIRECTION ( 'NONE',  ( 0.0000000000000000000, -1.224646799147353207E-16, 1.000000000000000000 ) ) ;
#4363 = ORIENTED_EDGE ( 'NONE', *, *, #3509, .F. ) ;
#4364 = CARTESIAN_POINT ( 'NONE',  ( 51.81521739130434412, -5.036000000000000476, 6.757601037695098523E-16 ) ) ;
#4365 = ORIENTED_EDGE ( 'NONE', *, *, #3501, .T. ) ;
#4366 = EDGE_CURVE ( 'NONE', #4626, #2940, #2626, .T. ) ;
#4367 = DIRECTION ( 'NONE',  ( 0.0000000000000000000, -1.000000000000000000, 0.0000000000000000000 ) ) ;
#4368 = DIRECTION ( 'NONE',  ( 0.0000000000000000000, 1.000000000000000000, 0.0000000000000000000 ) ) ;
#4369 = ORIENTED_EDGE ( 'NONE', *, *, #4877, .T. ) ;
#4370 = CARTESIAN_POINT ( 'NONE',  ( 55.27173913043478137, 5.036000000000005805, 0.0000000000000000000 ) ) ;
#4371 = CARTESIAN_POINT ( 'NONE',  ( 24.83804354509502943, 2.583919414749769470E-15, 0.0000000000000000000 ) ) ;
#4372 = DIRECTION ( 'NONE',  ( 0.0000000000000000000, -1.000000000000000000, 0.0000000000000000000 ) ) ;
#4373 = EDGE_CURVE ( 'NONE', #5136, #1002, #2519, .T. ) ;
#4374 = ORIENTED_EDGE ( 'NONE', *, *, #3906, .F. ) ;
#4375 = CARTESIAN_POINT ( 'NONE',  ( 32.12934775925278785, 2.418597540614639737E-15, 0.0000000000000000000 ) ) ;
#4376 = CARTESIAN_POINT ( 'NONE',  ( 25.21630428099191690, -5.623715437610728691E-29, 6.000000000000002665 ) ) ;
#4377 = DIRECTION ( 'NONE',  ( -1.000000000000000000, -1.224606353822377258E-16, -0.0000000000000000000 ) ) ;
#4378 = EDGE_CURVE ( 'NONE', #1002, #4949, #2811, .T. ) ;
#4379 = CARTESIAN_POINT ( 'NONE',  ( 31.07608695652173836, 2.501258477682205392E-15, 0.0000000000000000000 ) ) ;
#4380 = CARTESIAN_POINT ( 'NONE',  ( 23.10978267552981080, 7.347880794883521188E-16, -6.000000000000002665 ) ) ;
#4381 = CARTESIAN_POINT ( 'NONE',  ( -31.74999999999995737, 0.0000000000000000000, 0.0000000000000000000 ) ) ;
#4382 = VERTEX_POINT ( 'NONE', #2653 ) ;
#4383 = EDGE_LOOP ( 'NONE', ( #708, #2096, #3932, #469 ) ) ;
#4384 = EDGE_CURVE ( 'NONE', #4643, #4949, #838, .T. ) ;
#4385 = ORIENTED_EDGE ( 'NONE', *, *, #4239, .F. ) ;
#4386 = ORIENTED_EDGE ( 'NONE', *, *, #3031, .F. ) ;
#4387 = EDGE_CURVE ( 'NONE', #3690, #4643, #1501, .T. ) ;
#4388 = DIRECTION ( 'NONE',  ( 1.000000000000000000, 1.224606353822377258E-16, 0.0000000000000000000 ) ) ;
#4389 = CONICAL_SURFACE ( 'NONE', #253, 6.000000000000002665, 0.9599310885968824758 ) ;
#4390 = CARTESIAN_POINT ( 'NONE',  ( 35.20760876248633053, 2.583919414749769470E-15, 0.0000000000000000000 ) ) ;
#4391 = DIRECTION ( 'NONE',  ( 0.0000000000000000000, 1.000000000000000000, 0.0000000000000000000 ) ) ;
#4392 = ORIENTED_EDGE ( 'NONE', *, *, #3606, .T. ) ;
#4393 = FACE_OUTER_BOUND ( 'NONE', #4732, .T. ) ;
#4394 = ORIENTED_EDGE ( 'NONE', *, *, #4181, .F. ) ;
#4395 = EDGE_CURVE ( 'NONE', #5136, #3690, #4986, .T. ) ;
#4396 = EDGE_CURVE ( 'NONE', #5136, #3522, #5090, .T. ) ;
#4397 = ADVANCED_FACE ( 'NONE', ( #4086 ), #3721, .T. ) ;
#4398 = DIRECTION ( 'NONE',  ( -1.000000000000000000, -1.224606353822377258E-16, -0.0000000000000000000 ) ) ;
#4399 = CARTESIAN_POINT ( 'NONE',  ( 49.03369571900807244, 2.583919414749769470E-15, 0.0000000000000000000 ) ) ;
#4400 = ORIENTED_EDGE ( 'NONE', *, *, #4692, .F. ) ;
#4401 = CIRCLE ( 'NONE', #1314, 6.000000000000002665 ) ;
#4402 = DIRECTION ( 'NONE',  ( -1.000000000000000000, -1.224606353822377258E-16, -0.0000000000000000000 ) ) ;
#4403 = SURFACE_STYLE_FILL_AREA ( #2060 ) ;
#4404 = ORIENTED_EDGE ( 'NONE', *, *, #4396, .F. ) ;
#4405 = EDGE_CURVE ( 'NONE', #3522, #2940, #5037, .T. ) ;
#4406 = CIRCLE ( 'NONE', #665, 5.036000000000003141 ) ;
#4407 = EDGE_CURVE ( 'NONE', #2859, #3378, #3840, .T. ) ;
#4408 = ORIENTED_EDGE ( 'NONE', *, *, #4284, .T. ) ;
#4409 = CARTESIAN_POINT ( 'NONE',  ( 47.68369558533974129, 2.418597540614639737E-15, 0.0000000000000000000 ) ) ;
#4410 = DIRECTION ( 'NONE',  ( 0.0000000000000000000, -1.000000000000000000, 0.0000000000000000000 ) ) ;
#4411 = CARTESIAN_POINT ( 'NONE',  ( 0.6000000000000033085, 0.0000000000000000000, 9.000000000000000000 ) ) ;
#4412 = ORIENTED_EDGE ( 'NONE', *, *, #4560, .F. ) ;
#4413 = ORIENTED_EDGE ( 'NONE', *, *, #4378, .T. ) ;
#4414 = EDGE_CURVE ( 'NONE', #1002, #5106, #4340, .T. ) ;
#4415 = DIRECTION ( 'NONE',  ( 0.0000000000000000000, -1.000000000000000000, 0.0000000000000000000 ) ) ;
#4416 = CIRCLE ( 'NONE', #259, 9.000000000000000000 ) ;
#4417 = DIRECTION ( 'NONE',  ( -1.000000000000000000, -1.224606353822377258E-16, -0.0000000000000000000 ) ) ;
#4418 = CARTESIAN_POINT ( 'NONE',  ( 33.85760862881799937, 7.347880794883567533E-16, -6.000000000000002665 ) ) ;
#4419 = ORIENTED_EDGE ( 'NONE', *, *, #4660, .F. ) ;
#4420 = VERTEX_POINT ( 'NONE', #4802 ) ;
#4421 = EDGE_LOOP ( 'NONE', ( #4597, #628, #4353, #4988, #266 ) ) ;
#4422 = CARTESIAN_POINT ( 'NONE',  ( -31.74999999999995737, 7.347880794883952103E-16, -5.999999999999863221 ) ) ;
#4423 = EDGE_CURVE ( 'NONE', #4949, #3709, #3483, .T. ) ;
#4424 = LINE ( 'NONE', #938, #4669 ) ;
#4425 = EDGE_CURVE ( 'NONE', #3709, #4215, #4753, .T. ) ;
#4426 = VERTEX_POINT ( 'NONE', #3765 ) ;
#4427 = VECTOR ( 'NONE', #3394, 999.9999999999998863 ) ;
#4428 = DIRECTION ( 'NONE',  ( -1.000000000000000000, -1.224606353822377258E-16, -0.0000000000000000000 ) ) ;
#4429 = VERTEX_POINT ( 'NONE', #3779 ) ;
#4430 = CIRCLE ( 'NONE', #921, 5.036000000000003141 ) ;
#4431 = EDGE_CURVE ( 'NONE', #5047, #4215, #3058, .T. ) ;
#4432 = ORIENTED_EDGE ( 'NONE', *, *, #4431, .F. ) ;
#4433 = DIRECTION ( 'NONE',  ( -1.000000000000000000, -1.224606353822377258E-16, -0.0000000000000000000 ) ) ;
#4434 = CARTESIAN_POINT ( 'NONE',  ( 29.34782608695652328, 2.501258477682205392E-15, 0.0000000000000000000 ) ) ;
#4435 = VECTOR ( 'NONE', #4838, 1000.000000000000000 ) ;
#4436 = DIRECTION ( 'NONE',  ( -1.000000000000000000, -1.224606353822377258E-16, -0.0000000000000000000 ) ) ;
#4437 = CARTESIAN_POINT ( 'NONE',  ( 18.97826086956521863, -5.036000000000000476, 6.757601037695098523E-16 ) ) ;
#4438 = ORIENTED_EDGE ( 'NONE', *, *, #2606, .F. ) ;
#4439 = DIRECTION ( 'NONE',  ( 0.5735764363510452712, -0.8191520442889924647, 1.003171929053525610E-16 ) ) ;
#4440 = ORIENTED_EDGE ( 'NONE', *, *, #4567, .F. ) ;
#4441 = ORIENTED_EDGE ( 'NONE', *, *, #4684, .F. ) ;
#4442 = CIRCLE ( 'NONE', #117, 6.000000000000002665 ) ;
#4443 = ADVANCED_FACE ( 'NONE', ( #826 ), #1993, .T. ) ;
#4444 = EDGE_CURVE ( 'NONE', #289, #5047, #166, .T. ) ;
#4445 = EDGE_CURVE ( 'NONE', #4643, #289, #2244, .T. ) ;
#4446 = ORIENTED_EDGE ( 'NONE', *, *, #4947, .T. ) ;
#4447 = CIRCLE ( 'NONE', #145, 5.036000000000003141 ) ;
#4448 = DIRECTION ( 'NONE',  ( 0.0000000000000000000, -1.000000000000000000, 0.0000000000000000000 ) ) ;
#4449 = CARTESIAN_POINT ( 'NONE',  ( 47.68369558533974129, -5.999999999999999112, 0.0000000000000000000 ) ) ;
#4450 = CARTESIAN_POINT ( 'NONE',  ( 25.21630428099191690, 2.418597540614639737E-15, 0.0000000000000000000 ) ) ;
#4451 = ORIENTED_EDGE ( 'NONE', *, *, #4453, .F. ) ;
#4452 = ORIENTED_EDGE ( 'NONE', *, *, #3159, .T. ) ;
#4453 = EDGE_CURVE ( 'NONE', #510, #2264, #3145, .T. ) ;
#4454 = DIRECTION ( 'NONE',  ( -1.000000000000000000, -1.224606353822377258E-16, -0.0000000000000000000 ) ) ;
#4455 = DIRECTION ( 'NONE',  ( 0.0000000000000000000, -1.000000000000000000, 0.0000000000000000000 ) ) ;
#4456 = CARTESIAN_POINT ( 'NONE',  ( 16.57499993316583087, 7.347880794883559645E-16, -6.000000000000002665 ) ) ;
#4457 = DIRECTION ( 'NONE',  ( 0.0000000000000000000, -1.000000000000000000, 0.0000000000000000000 ) ) ;
#4458 = VERTEX_POINT ( 'NONE', #4914 ) ;
#4459 = DIRECTION ( 'NONE',  ( -1.000000000000000000, -1.224606353822377258E-16, -0.0000000000000000000 ) ) ;
#4460 = CARTESIAN_POINT ( 'NONE',  ( 52.86847819403539717, -5.623715437610728691E-29, 6.000000000000002665 ) ) ;
#4461 = CARTESIAN_POINT ( 'NONE',  ( 44.90217391304347672, 2.501258477682205392E-15, 0.0000000000000000000 ) ) ;
#4462 = VECTOR ( 'NONE', #3226, 999.9999999999998863 ) ;
#4463 = CARTESIAN_POINT ( 'NONE',  ( -31.74999999999995737, 0.0000000000000000000, 0.0000000000000000000 ) ) ;
#4464 = ADVANCED_FACE ( 'NONE', ( #2896 ), #2335, .T. ) ;
#4465 = ORIENTED_EDGE ( 'NONE', *, *, #3302, .T. ) ;
#4466 = CARTESIAN_POINT ( 'NONE',  ( 33.47934789292111901, 2.583919414749769470E-15, 0.0000000000000000000 ) ) ;
#4467 = CARTESIAN_POINT ( 'NONE',  ( 37.98913043478260931, -5.036000000000000476, 6.757601037695098523E-16 ) ) ;
#4468 = CARTESIAN_POINT ( 'NONE',  ( 56.99999999999999289, 0.0000000000000000000, 0.0000000000000000000 ) ) ;
#4469 = ORIENTED_EDGE ( 'NONE', *, *, #2900, .T. ) ;
#4470 = EDGE_CURVE ( 'NONE', #4303, #4746, #2634, .T. ) ;
#4471 = VECTOR ( 'NONE', #2912, 999.9999999999998863 ) ;
#4472 = EDGE_LOOP ( 'NONE', ( #4587, #3917, #3108 ) ) ;
#4473 = VERTEX_POINT ( 'NONE', #3355 ) ;
#4474 = DIRECTION ( 'NONE',  ( 0.0000000000000000000, 0.0000000000000000000, 1.000000000000000000 ) ) ;
#4475 = CARTESIAN_POINT ( 'NONE',  ( -31.74999999999995737, 0.0000000000000000000, 0.0000000000000000000 ) ) ;
#4476 = CYLINDRICAL_SURFACE ( 'NONE', #537, 5.999999999999863221 ) ;
#4477 = EDGE_CURVE ( 'NONE', #4746, #2720, #3559, .T. ) ;
#4478 = DIRECTION ( 'NONE',  ( 0.0000000000000000000, -0.5000000000000012212, -0.8660254037844380415 ) ) ;
#4479 = ORIENTED_EDGE ( 'NONE', *, *, #4232, .F. ) ;
#4480 = CARTESIAN_POINT ( 'NONE',  ( 44.22717384620930403, 7.347880794883559645E-16, -6.000000000000002665 ) ) ;
#4481 = DIRECTION ( 'NONE',  ( 0.0000000000000000000, -1.039664082171044481E-15, -1.000000000000000000 ) ) ;
#4482 = VERTEX_POINT ( 'NONE', #3465 ) ;
#4483 = LINE ( 'NONE', #2026, #1560 ) ;
#4484 = DIRECTION ( 'NONE',  ( 0.0000000000000000000, -1.000000000000000000, 0.0000000000000000000 ) ) ;
#4485 = ORIENTED_EDGE ( 'NONE', *, *, #3201, .T. ) ;
#4486 = EDGE_CURVE ( 'NONE', #1508, #1206, #2457, .T. ) ;
#4487 = EDGE_LOOP ( 'NONE', ( #1671, #4645, #3575, #4786, #1245 ) ) ;
#4488 = EDGE_CURVE ( 'NONE', #3490, #1508, #2199, .T. ) ;
#4489 = ORIENTED_EDGE ( 'NONE', *, *, #3914, .F. ) ;
#4490 = ORIENTED_EDGE ( 'NONE', *, *, #3934, .T. ) ;
#4491 = CARTESIAN_POINT ( 'NONE',  ( 34.53260869565217206, -5.036000000000000476, 0.0000000000000000000 ) ) ;
#4492 = VERTEX_POINT ( 'NONE', #2212 ) ;
#4493 = DIRECTION ( 'NONE',  ( -1.000000000000000000, -0.0000000000000000000, -0.0000000000000000000 ) ) ;
#4494 = DIRECTION ( 'NONE',  ( -1.000000000000000000, -1.224606353822377258E-16, -0.0000000000000000000 ) ) ;
#4495 = DIRECTION ( 'NONE',  ( 0.0000000000000000000, 1.000000000000000000, -1.039664082171044481E-15 ) ) ;
#4496 = EDGE_CURVE ( 'NONE', #3490, #2720, #1369, .T. ) ;
#4497 = ORIENTED_EDGE ( 'NONE', *, *, #2891, .T. ) ;
#4498 = EDGE_LOOP ( 'NONE', ( #4674, #740, #3985, #2661 ) ) ;
#4499 = DIRECTION ( 'NONE',  ( 0.0000000000000000000, -1.000000000000000000, 0.0000000000000000000 ) ) ;
#4500 = ORIENTED_EDGE ( 'NONE', *, *, #3174, .T. ) ;
#4501 = CARTESIAN_POINT ( 'NONE',  ( 6.000000000000000000, 2.919948986426526893, -5.057500000000011653 ) ) ;
#4502 = VERTEX_POINT ( 'NONE', #1125 ) ;
#4503 = CYLINDRICAL_SURFACE ( 'NONE', #148, 5.999999999999863221 ) ;
#4504 = ORIENTED_EDGE ( 'NONE', *, *, #4750, .F. ) ;
#4505 = EDGE_CURVE ( 'NONE', #4875, #4502, #3079, .T. ) ;
#4506 = CARTESIAN_POINT ( 'NONE',  ( 37.31413036794843663, 2.418597540614639737E-15, 0.0000000000000000000 ) ) ;
#4507 = DIRECTION ( 'NONE',  ( 1.000000000000000000, 0.0000000000000000000, 0.0000000000000000000 ) ) ;
#4508 = EDGE_CURVE ( 'NONE', #4502, #316, #2819, .T. ) ;
#4509 = EDGE_CURVE ( 'NONE', #4604, #316, #4859, .T. ) ;
#4510 = CONICAL_SURFACE ( 'NONE', #165, 6.000000000000002665, 0.9599310885968824758 ) ;
#4511 = ORIENTED_EDGE ( 'NONE', *, *, #4240, .T. ) ;
#4512 = ORIENTED_EDGE ( 'NONE', *, *, #3573, .F. ) ;
#4513 = DIRECTION ( 'NONE',  ( 0.0000000000000000000, -1.000000000000000000, 0.0000000000000000000 ) ) ;
#4514 = ORIENTED_EDGE ( 'NONE', *, *, #3723, .T. ) ;
#4515 = DIRECTION ( 'NONE',  ( -1.000000000000000000, -1.224606353822377258E-16, -0.0000000000000000000 ) ) ;
#4516 = LINE ( 'NONE', #2581, #4189 ) ;
#4517 = ORIENTED_EDGE ( 'NONE', *, *, #4568, .T. ) ;
#4518 = FACE_OUTER_BOUND ( 'NONE', #3800, .T. ) ;
#4519 = ORIENTED_EDGE ( 'NONE', *, *, #4806, .F. ) ;
#4520 = DIRECTION ( 'NONE',  ( -1.000000000000000000, -1.224606353822377258E-16, -0.0000000000000000000 ) ) ;
#4521 = DIRECTION ( 'NONE',  ( 0.0000000000000000000, -1.000000000000000000, 0.0000000000000000000 ) ) ;
#4522 = DIRECTION ( 'NONE',  ( 0.5735764363510452712, -0.8191520442889924647, 1.003171929053525610E-16 ) ) ;
#4523 = VERTEX_POINT ( 'NONE', #1600 ) ;
#4524 = ORIENTED_EDGE ( 'NONE', *, *, #3088, .T. ) ;
#4525 = EDGE_CURVE ( 'NONE', #639, #4604, #3959, .T. ) ;
#4526 = EDGE_CURVE ( 'NONE', #4875, #639, #4971, .T. ) ;
#4527 = EDGE_CURVE ( 'NONE', #4875, #1405, #4072, .T. ) ;
#4528 = DIRECTION ( 'NONE',  ( 0.0000000000000000000, -1.000000000000000000, 0.0000000000000000000 ) ) ;
#4529 = ORIENTED_EDGE ( 'NONE', *, *, #5004, .T. ) ;
#4530 = CIRCLE ( 'NONE', #554, 5.036000000000003141 ) ;
#4531 = ORIENTED_EDGE ( 'NONE', *, *, #4120, .F. ) ;
#4532 = ADVANCED_FACE ( 'NONE', ( #2783 ), #5155, .T. ) ;
#4533 = CARTESIAN_POINT ( 'NONE',  ( 6.000000000000000000, 0.0000000000000000000, 0.0000000000000000000 ) ) ;
#4534 = EDGE_CURVE ( 'NONE', #1405, #1508, #512, .T. ) ;
#4535 = DIRECTION ( 'NONE',  ( -1.000000000000000000, -1.224606353822377258E-16, -0.0000000000000000000 ) ) ;
#4536 = CIRCLE ( 'NONE', #655, 6.000000000000002665 ) ;
#4537 = EDGE_CURVE ( 'NONE', #26, #5119, #1831, .T. ) ;
#4538 = ORIENTED_EDGE ( 'NONE', *, *, #4578, .T. ) ;
#4539 = ORIENTED_EDGE ( 'NONE', *, *, #5004, .F. ) ;
#4540 = LINE ( 'NONE', #651, #5168 ) ;
#4541 = CARTESIAN_POINT ( 'NONE',  ( 50.76195658857328397, 2.583919414749769470E-15, 0.0000000000000000000 ) ) ;
#4542 =( NAMED_UNIT ( * ) SI_UNIT ( $, .STERADIAN. ) SOLID_ANGLE_UNIT ( ) );
#4543 = ORIENTED_EDGE ( 'NONE', *, *, #4592, .F. ) ;
#4544 = EDGE_LOOP ( 'NONE', ( #1271, #3437, #3994, #1301, #2031, #677 ) ) ;
#4545 = EDGE_CURVE ( 'NONE', #4770, #3490, #1693, .T. ) ;
#4546 = CARTESIAN_POINT ( 'NONE',  ( 25.89130434782608603, 2.501258477682205392E-15, 0.0000000000000000000 ) ) ;
#4547 = CARTESIAN_POINT ( 'NONE',  ( 49.03369571900807244, 6.000000000000005329, 0.0000000000000000000 ) ) ;
#4548 = DIRECTION ( 'NONE',  ( 0.0000000000000000000, -0.4999999999999990008, 0.8660254037844392627 ) ) ;
#4549 = EDGE_LOOP ( 'NONE', ( #403, #4721, #4827, #2553, #2194 ) ) ;
#4550 = EDGE_CURVE ( 'NONE', #4502, #1206, #642, .T. ) ;
#4551 = EDGE_CURVE ( 'NONE', #316, #4105, #325, .T. ) ;
#4552 = CARTESIAN_POINT ( 'NONE',  ( 23.48804341142669827, 2.418597540614639737E-15, 0.0000000000000000000 ) ) ;
#4553 = CIRCLE ( 'NONE', #1430, 6.000000000000002665 ) ;
#4554 = LINE ( 'NONE', #475, #4293 ) ;
#4555 = ORIENTED_EDGE ( 'NONE', *, *, #3296, .F. ) ;
#4556 = EDGE_CURVE ( 'NONE', #4105, #1683, #3515, .T. ) ;
#4557 = EDGE_CURVE ( 'NONE', #3805, #1683, #2349, .T. ) ;
#4558 = ORIENTED_EDGE ( 'NONE', *, *, #2717, .T. ) ;
#4559 = CARTESIAN_POINT ( 'NONE',  ( 33.47934789292111901, 2.583919414749769470E-15, 0.0000000000000000000 ) ) ;
#4560 = EDGE_CURVE ( 'NONE', #3462, #3805, #667, .T. ) ;
#4561 = ORIENTED_EDGE ( 'NONE', *, *, #4996, .T. ) ;
#4562 = CARTESIAN_POINT ( 'NONE',  ( 19.65326093639937710, 6.000000000000005329, 0.0000000000000000000 ) ) ;
#4563 = VERTEX_POINT ( 'NONE', #3611 ) ;
#4564 = DIRECTION ( 'NONE',  ( 0.0000000000000000000, -1.000000000000000000, 0.0000000000000000000 ) ) ;
#4565 = ORIENTED_EDGE ( 'NONE', *, *, #4742, .F. ) ;
#4566 = ADVANCED_FACE ( 'NONE', ( #2732 ), #4202, .T. ) ;
#4567 = EDGE_CURVE ( 'NONE', #4604, #3462, #1099, .T. ) ;
#4568 = EDGE_CURVE ( 'NONE', #215, #3428, #4341, .T. ) ;
#4569 = CARTESIAN_POINT ( 'NONE',  ( -31.74999999999995737, 0.0000000000000000000, 0.0000000000000000000 ) ) ;
#4570 = ORIENTED_EDGE ( 'NONE', *, *, #4343, .F. ) ;
#4571 = VECTOR ( 'NONE', #2360, 1000.000000000000000 ) ;
#4572 = CIRCLE ( 'NONE', #157, 6.000000000000002665 ) ;
#4573 = ORIENTED_EDGE ( 'NONE', *, *, #4026, .F. ) ;
#4574 = EDGE_CURVE ( 'NONE', #4303, #4770, #101, .T. ) ;
#4575 = ADVANCED_FACE ( 'NONE', ( #5178 ), #4981, .T. ) ;
#4576 = CARTESIAN_POINT ( 'NONE',  ( 6.000000000000000000, 5.839897972853066221, -1.561251128379126385E-14 ) ) ;
#4577 = CARTESIAN_POINT ( 'NONE',  ( -31.74999999999995737, 0.0000000000000000000, 5.999999999999863221 ) ) ;
#4578 = EDGE_CURVE ( 'NONE', #3428, #3256, #4175, .T. ) ;
#4579 = ORIENTED_EDGE ( 'NONE', *, *, #4594, .F. ) ;
#4580 = VERTEX_POINT ( 'NONE', #3510 ) ;
#4581 = VERTEX_POINT ( 'NONE', #1708 ) ;
#4582 = CARTESIAN_POINT ( 'NONE',  ( 33.47934789292111901, -6.000000000000000888, 7.347880794884123680E-16 ) ) ;
#4583 = ADVANCED_FACE ( 'NONE', ( #916 ), #3053, .T. ) ;
#4584 = CARTESIAN_POINT ( 'NONE',  ( 24.16304347826087096, -5.036000000000000476, 0.0000000000000000000 ) ) ;
#4585 = CONICAL_SURFACE ( 'NONE', #2666, 5.036000000000003141, 0.9599310885968728169 ) ;
#4586 = VECTOR ( 'NONE', #3935, 999.9999999999998863 ) ;
#4587 = ORIENTED_EDGE ( 'NONE', *, *, #4852, .F. ) ;
#4588 = VECTOR ( 'NONE', #4738, 1000.000000000000000 ) ;
#4589 = EDGE_LOOP ( 'NONE', ( #3979, #5137, #4007, #1210, #1190 ) ) ;
#4590 = CIRCLE ( 'NONE', #587, 6.000000000000002665 ) ;
#4591 = ORIENTED_EDGE ( 'NONE', *, *, #4935, .F. ) ;
#4592 = EDGE_CURVE ( 'NONE', #2792, #3256, #3151, .T. ) ;
#4593 = CARTESIAN_POINT ( 'NONE',  ( 36.93586963205154916, 2.583919414749769470E-15, 0.0000000000000000000 ) ) ;
#4594 = EDGE_CURVE ( 'NONE', #212, #2792, #1988, .T. ) ;
#4595 = DIRECTION ( 'NONE',  ( 0.0000000000000000000, 0.8660254037844380415, -0.5000000000000012212 ) ) ;
#4596 = CIRCLE ( 'NONE', #538, 6.000000000000002665 ) ;
#4597 = ORIENTED_EDGE ( 'NONE', *, *, #4010, .F. ) ;
#4598 = CARTESIAN_POINT ( 'NONE',  ( 27.61956521739130466, 2.501258477682205392E-15, 0.0000000000000000000 ) ) ;
#4599 = DIRECTION ( 'NONE',  ( -1.000000000000000000, -1.224606353822377258E-16, -0.0000000000000000000 ) ) ;
#4600 = DIRECTION ( 'NONE',  ( -1.000000000000000000, -1.224606353822377258E-16, -0.0000000000000000000 ) ) ;
#4601 = CARTESIAN_POINT ( 'NONE',  ( 21.75978254186147964, -5.999999999999999112, 0.0000000000000000000 ) ) ;
#4602 = VERTEX_POINT ( 'NONE', #1832 ) ;
#4603 = EDGE_CURVE ( 'NONE', #4303, #2326, #10, .T. ) ;
#4604 = VERTEX_POINT ( 'NONE', #3671 ) ;
#4605 = EDGE_CURVE ( 'NONE', #215, #212, #2091, .T. ) ;
#4606 = DIRECTION ( 'NONE',  ( 0.0000000000000000000, -1.000000000000000000, 0.0000000000000000000 ) ) ;
#4607 = EDGE_LOOP ( 'NONE', ( #4238, #3777 ) ) ;
#4608 = CARTESIAN_POINT ( 'NONE',  ( 55.94673919726893985, -6.008901426488175862E-29, 6.000000000000002665 ) ) ;
#4609 = CIRCLE ( 'NONE', #1295, 6.000000000000002665 ) ;
#4610 = EDGE_CURVE ( 'NONE', #215, #1828, #4777, .T. ) ;
#4611 = EDGE_CURVE ( 'NONE', #1828, #3462, #5052, .T. ) ;
#4612 = LINE ( 'NONE', #3551, #4427 ) ;
#4613 = CARTESIAN_POINT ( 'NONE',  ( 21.75978254186147964, 2.418597540614639737E-15, 0.0000000000000000000 ) ) ;
#4614 = VERTEX_POINT ( 'NONE', #3050 ) ;
#4615 = TOROIDAL_SURFACE ( 'NONE', #1207, 8.400000000000000355, 0.5999999999999999778 ) ;
#4616 = ADVANCED_FACE ( 'NONE', ( #4051 ), #3748, .T. ) ;
#4617 = EDGE_LOOP ( 'NONE', ( #4419, #2861, #2046, #2947 ) ) ;
#4618 = CARTESIAN_POINT ( 'NONE',  ( 30.02282615379068176, -6.000000000000000000, 7.347880794884122694E-16 ) ) ;
#4619 = EDGE_CURVE ( 'NONE', #3428, #3805, #4424, .T. ) ;
#4620 = EDGE_LOOP ( 'NONE', ( #1224, #2576, #4524, #612, #3150, #1061 ) ) ;
#4621 = EDGE_CURVE ( 'NONE', #2843, #2052, #3925, .T. ) ;
#4622 = CARTESIAN_POINT ( 'NONE',  ( 28.29456528422546313, 2.583919414749769470E-15, 0.0000000000000000000 ) ) ;
#4623 = EDGE_CURVE ( 'NONE', #2843, #2763, #2753, .T. ) ;
#4624 = FACE_OUTER_BOUND ( 'NONE', #4964, .T. ) ;
#4625 = EDGE_CURVE ( 'NONE', #2763, #691, #3688, .T. ) ;
#4626 = VERTEX_POINT ( 'NONE', #2876 ) ;
#4627 = VERTEX_POINT ( 'NONE', #4608 ) ;
#4628 = CARTESIAN_POINT ( 'NONE',  ( 55.94673919726893985, 2.583919414749769470E-15, 0.0000000000000000000 ) ) ;
#4629 = FACE_OUTER_BOUND ( 'NONE', #1389, .T. ) ;
#4630 = DIRECTION ( 'NONE',  ( 0.0000000000000000000, -1.000000000000000000, 0.0000000000000000000 ) ) ;
#4631 = ORIENTED_EDGE ( 'NONE', *, *, #4268, .T. ) ;
#4632 = ORIENTED_EDGE ( 'NONE', *, *, #4933, .F. ) ;
#4633 = EDGE_CURVE ( 'NONE', #691, #2186, #3381, .T. ) ;
#4634 = EDGE_CURVE ( 'NONE', #2326, #289, #2459, .T. ) ;
#4635 = CIRCLE ( 'NONE', #247, 6.000000000000002665 ) ;
#4636 = CARTESIAN_POINT ( 'NONE',  ( 18.97826086956521863, 5.036000000000005805, 6.167321280506074351E-16 ) ) ;
#4637 = EDGE_LOOP ( 'NONE', ( #781, #2824 ) ) ;
#4638 = VERTEX_POINT ( 'NONE', #1076 ) ;
#4639 = EDGE_CURVE ( 'NONE', #4746, #5047, #1934, .T. ) ;
#4640 = ADVANCED_FACE ( 'NONE', ( #2524 ), #979, .T. ) ;
#4641 = DIRECTION ( 'NONE',  ( -1.000000000000000000, -1.224606353822377258E-16, -0.0000000000000000000 ) ) ;
#4642 = CARTESIAN_POINT ( 'NONE',  ( 18.97826086956521863, -5.036000000000000476, 0.0000000000000000000 ) ) ;
#4643 = VERTEX_POINT ( 'NONE', #2381 ) ;
#4644 = EDGE_CURVE ( 'NONE', #2186, #2052, #2019, .T. ) ;
#4645 = ORIENTED_EDGE ( 'NONE', *, *, #4811, .F. ) ;
#4646 = ORIENTED_EDGE ( 'NONE', *, *, #2605, .F. ) ;
#4647 =( NAMED_UNIT ( * ) SI_UNIT ( $, .STERADIAN. ) SOLID_ANGLE_UNIT ( ) );
#4648 = EDGE_LOOP ( 'NONE', ( #5171, #2115, #3084, #2742, #19 ) ) ;
#4649 = FACE_OUTER_BOUND ( 'NONE', #4617, .T. ) ;
#4650 = DIRECTION ( 'NONE',  ( 0.0000000000000000000, -1.000000000000000000, 0.0000000000000000000 ) ) ;
#4651 = ADVANCED_FACE ( 'NONE', ( #1590 ), #545, .T. ) ;
#4652 = ORIENTED_EDGE ( 'NONE', *, *, #4359, .T. ) ;
#4653 = EDGE_CURVE ( 'NONE', #4580, #197, #764, .T. ) ;
#4654 = VERTEX_POINT ( 'NONE', #4812 ) ;
#4655 = DIRECTION ( 'NONE',  ( -1.000000000000000000, -1.224606353822377258E-16, -0.0000000000000000000 ) ) ;
#4656 = APPLICATION_PROTOCOL_DEFINITION ( 'draft international standard', 'automotive_design', 1998, #588 ) ;
#4657 = EDGE_LOOP ( 'NONE', ( #5144, #3770, #4441, #4400 ) ) ;
#4658 = CARTESIAN_POINT ( 'NONE',  ( 22.43478260869565233, 2.501258477682205392E-15, 0.0000000000000000000 ) ) ;
#4659 = ORIENTED_EDGE ( 'NONE', *, *, #4387, .T. ) ;
#4660 = EDGE_CURVE ( 'NONE', #4580, #5099, #1044, .T. ) ;
#4661 = ORIENTED_EDGE ( 'NONE', *, *, #3661, .F. ) ;
#4662 = UNCERTAINTY_MEASURE_WITH_UNIT (LENGTH_MEASURE( 1.000000000000000082E-05 ), #627, 'distance_accuracy_value', 'NONE');
#4663 = ORIENTED_EDGE ( 'NONE', *, *, #3031, .T. ) ;
#4664 = CARTESIAN_POINT ( 'NONE',  ( -31.74999999999995737, 0.0000000000000000000, 0.0000000000000000000 ) ) ;
#4665 = DIRECTION ( 'NONE',  ( 0.0000000000000000000, -1.000000000000000000, 0.0000000000000000000 ) ) ;
#4666 = ADVANCED_FACE ( 'NONE', ( #1172 ), #225, .T. ) ;
#4667 = ORIENTED_EDGE ( 'NONE', *, *, #4309, .F. ) ;
#4668 = DIRECTION ( 'NONE',  ( -1.000000000000000000, -0.0000000000000000000, -0.0000000000000000000 ) ) ;
#4669 = VECTOR ( 'NONE', #958, 1000.000000000000000 ) ;
#4670 = CARTESIAN_POINT ( 'NONE',  ( -31.74999999999995737, 0.0000000000000000000, 0.0000000000000000000 ) ) ;
#4671 = DIRECTION ( 'NONE',  ( -1.000000000000000000, -1.224606353822377258E-16, -0.0000000000000000000 ) ) ;
#4672 = EDGE_CURVE ( 'NONE', #883, #5099, #311, .T. ) ;
#4673 = ADVANCED_FACE ( 'NONE', ( #371 ), #183, .T. ) ;
#4674 = ORIENTED_EDGE ( 'NONE', *, *, #4717, .F. ) ;
#4675 = CONICAL_SURFACE ( 'NONE', #953, 5.036000000000003141, 0.9599310885968728169 ) ;
#4676 = EDGE_LOOP ( 'NONE', ( #669, #1604, #574, #2172, #94 ) ) ;
#4677 = EDGE_CURVE ( 'NONE', #197, #883, #2584, .T. ) ;
#4678 = DIRECTION ( 'NONE',  ( 0.0000000000000000000, -1.000000000000000000, 0.0000000000000000000 ) ) ;
#4679 = DIRECTION ( 'NONE',  ( -1.000000000000000000, -1.224606353822377258E-16, -0.0000000000000000000 ) ) ;
#4680 = ORIENTED_EDGE ( 'NONE', *, *, #4605, .F. ) ;
#4681 = EDGE_CURVE ( 'NONE', #4654, #2489, #910, .T. ) ;
#4682 = EDGE_CURVE ( 'NONE', #4654, #425, #3834, .T. ) ;
#4683 = DIRECTION ( 'NONE',  ( -1.000000000000000000, -1.224606353822377258E-16, -0.0000000000000000000 ) ) ;
#4684 = EDGE_CURVE ( 'NONE', #2403, #425, #1443, .T. ) ;
#4685 = ORIENTED_EDGE ( 'NONE', *, *, #4842, .T. ) ;
#4686 = CARTESIAN_POINT ( 'NONE',  ( 52.86847819403539717, 6.000000000000006217, 7.347880794884123680E-16 ) ) ;
#4687 = FACE_OUTER_BOUND ( 'NONE', #5064, .T. ) ;
#4688 = EDGE_LOOP ( 'NONE', ( #239, #1132, #4041, #4279, #4314 ) ) ;
#4689 = ORIENTED_EDGE ( 'NONE', *, *, #4893, .F. ) ;
#4690 = CARTESIAN_POINT ( 'NONE',  ( 39.71739130434782794, 2.501258477682205392E-15, 0.0000000000000000000 ) ) ;
#4691 = ORIENTED_EDGE ( 'NONE', *, *, #2928, .F. ) ;
#4692 = EDGE_CURVE ( 'NONE', #2489, #2403, #369, .T. ) ;
#4693 = EDGE_CURVE ( 'NONE', #3256, #1284, #4311, .T. ) ;
#4694 = ORIENTED_EDGE ( 'NONE', *, *, #2605, .T. ) ;
#4695 = CIRCLE ( 'NONE', #113, 6.000000000000002665 ) ;
#4696 = VERTEX_POINT ( 'NONE', #2500 ) ;
#4697 = ORIENTED_EDGE ( 'NONE', *, *, #4677, .F. ) ;
#4698 = ADVANCED_FACE ( 'NONE', ( #5088 ), #1232, .T. ) ;
#4699 = DIRECTION ( 'NONE',  ( -1.000000000000000000, -0.0000000000000000000, -0.0000000000000000000 ) ) ;
#4700 = DIRECTION ( 'NONE',  ( 1.000000000000000000, 1.224606353822377258E-16, 0.0000000000000000000 ) ) ;
#4701 = ORIENTED_EDGE ( 'NONE', *, *, #3590, .T. ) ;
#4702 = ORIENTED_EDGE ( 'NONE', *, *, #4956, .T. ) ;
#4703 = EDGE_CURVE ( 'NONE', #1284, #2489, #2240, .T. ) ;
#4704 = EDGE_CURVE ( 'NONE', #2489, #4654, #1842, .T. ) ;
#4705 = DIRECTION ( 'NONE',  ( 0.0000000000000000000, 1.000000000000000000, 0.0000000000000000000 ) ) ;
#4706 = EDGE_LOOP ( 'NONE', ( #664, #3139, #1609, #1035, #3884 ) ) ;
#4707 = CARTESIAN_POINT ( 'NONE',  ( 17.92500006683415847, 2.583919414749769470E-15, 0.0000000000000000000 ) ) ;
#4708 = DIRECTION ( 'NONE',  ( -1.000000000000000000, -0.0000000000000000000, -0.0000000000000000000 ) ) ;
#4709 = EDGE_CURVE ( 'NONE', #2792, #4654, #2001, .T. ) ;
#4710 = CIRCLE ( 'NONE', #707, 6.000000000000002665 ) ;
#4711 = ORIENTED_EDGE ( 'NONE', *, *, #4745, .T. ) ;
#4712 = CARTESIAN_POINT ( 'NONE',  ( 28.67282602012235060, 2.418597540614639737E-15, 0.0000000000000000000 ) ) ;
#4713 = VECTOR ( 'NONE', #926, 1000.000000000000000 ) ;
#4714 = EDGE_CURVE ( 'NONE', #4729, #1861, #4416, .T. ) ;
#4715 = ORIENTED_EDGE ( 'NONE', *, *, #3796, .T. ) ;
#4716 = ORIENTED_EDGE ( 'NONE', *, *, #4831, .F. ) ;
#4717 = EDGE_CURVE ( 'NONE', #1861, #4580, #2446, .T. ) ;
#4718 = EDGE_CURVE ( 'NONE', #4729, #197, #4540, .T. ) ;
#4719 = CARTESIAN_POINT ( 'NONE',  ( 12.59999999999999964, 8.082668874372363386E-16, 6.599999999999862865 ) ) ;
#4720 = ORIENTED_EDGE ( 'NONE', *, *, #3665, .T. ) ;
#4721 = ORIENTED_EDGE ( 'NONE', *, *, #3857, .T. ) ;
#4722 = VECTOR ( 'NONE', #4522, 999.9999999999998863 ) ;
#4723 = VERTEX_POINT ( 'NONE', #394 ) ;
#4724 = ORIENTED_EDGE ( 'NONE', *, *, #3574, .F. ) ;
#4725 = DIRECTION ( 'NONE',  ( 0.0000000000000000000, -1.000000000000000000, 0.0000000000000000000 ) ) ;
#4726 = ORIENTED_EDGE ( 'NONE', *, *, #4923, .F. ) ;
#4727 = EDGE_LOOP ( 'NONE', ( #3535, #1171, #2936, #1966, #1688 ) ) ;
#4728 = DIRECTION ( 'NONE',  ( 0.0000000000000000000, -1.000000000000000000, 0.0000000000000000000 ) ) ;
#4729 = VERTEX_POINT ( 'NONE', #562 ) ;
#4730 = DIRECTION ( 'NONE',  ( 1.000000000000000000, 1.224606353822377258E-16, 0.0000000000000000000 ) ) ;
#4731 = EDGE_CURVE ( 'NONE', #2813, #3975, #4919, .T. ) ;
#4732 = EDGE_LOOP ( 'NONE', ( #4796, #4274, #221, #4697 ) ) ;
#4733 = ADVANCED_FACE ( 'NONE', ( #4967 ), #4389, .T. ) ;
#4734 = DIRECTION ( 'NONE',  ( -1.000000000000000000, -1.224606353822377258E-16, -0.0000000000000000000 ) ) ;
#4735 = CONICAL_SURFACE ( 'NONE', #1474, 6.000000000000002665, 0.9599310885968824758 ) ;
#4736 = EDGE_CURVE ( 'NONE', #3945, #3975, #4747, .T. ) ;
#4737 = ORIENTED_EDGE ( 'NONE', *, *, #4639, .F. ) ;
#4738 = DIRECTION ( 'NONE',  ( -1.000000000000000000, -0.0000000000000000000, -0.0000000000000000000 ) ) ;
#4739 = DIRECTION ( 'NONE',  ( 0.0000000000000000000, -1.000000000000000000, 0.0000000000000000000 ) ) ;
#4740 = ORIENTED_EDGE ( 'NONE', *, *, #2880, .F. ) ;
#4741 = CARTESIAN_POINT ( 'NONE',  ( 53.54347826086956985, -5.036000000000000476, 0.0000000000000000000 ) ) ;
#4742 = EDGE_CURVE ( 'NONE', #3945, #345, #5025, .T. ) ;
#4743 = CIRCLE ( 'NONE', #156, 5.036000000000003141 ) ;
#4744 = CARTESIAN_POINT ( 'NONE',  ( 54.59673906360060869, 2.418597540614639737E-15, 0.0000000000000000000 ) ) ;
#4745 = EDGE_CURVE ( 'NONE', #345, #3109, #4516, .T. ) ;
#4746 = VERTEX_POINT ( 'NONE', #2917 ) ;
#4747 = LINE ( 'NONE', #2346, #4571 ) ;
#4748 = VERTEX_POINT ( 'NONE', #2413 ) ;
#4749 = EDGE_CURVE ( 'NONE', #2720, #3387, #4635, .T. ) ;
#4750 = EDGE_CURVE ( 'NONE', #3387, #4614, #4139, .T. ) ;
#4751 = ORIENTED_EDGE ( 'NONE', *, *, #4854, .F. ) ;
#4752 = CARTESIAN_POINT ( 'NONE',  ( 21.75978254186147964, 7.347880794883563589E-16, -6.000000000000002665 ) ) ;
#4753 = LINE ( 'NONE', #3443, #1771 ) ;
#4754 = ADVANCED_FACE ( 'NONE', ( #4254 ), #3715, .T. ) ;
#4755 = EDGE_CURVE ( 'NONE', #3029, #3109, #3892, .T. ) ;
#4756 = ORIENTED_EDGE ( 'NONE', *, *, #3508, .F. ) ;
#4757 = TOROIDAL_SURFACE ( 'NONE', #1531, 8.400000000000000355, 0.5999999999999999778 ) ;
#4758 = EDGE_CURVE ( 'NONE', #2813, #3029, #4019, .T. ) ;
#4759 = EDGE_LOOP ( 'NONE', ( #355, #3556 ) ) ;
#4760 = ORIENTED_EDGE ( 'NONE', *, *, #4987, .F. ) ;
#4761 = CARTESIAN_POINT ( 'NONE',  ( 40.39239137118198641, 2.583919414749769470E-15, 0.0000000000000000000 ) ) ;
#4762 = DIRECTION ( 'NONE',  ( -1.000000000000000000, -1.224606353822377258E-16, -0.0000000000000000000 ) ) ;
#4763 = ORIENTED_EDGE ( 'NONE', *, *, #4947, .F. ) ;
#4764 = CIRCLE ( 'NONE', #1195, 6.000000000000002665 ) ;
#4765 = ORIENTED_EDGE ( 'NONE', *, *, #4568, .F. ) ;
#4766 = VERTEX_POINT ( 'NONE', #5102 ) ;
#4767 = SURFACE_SIDE_STYLE ('',( #849 ) ) ;
#4768 = ORIENTED_EDGE ( 'NONE', *, *, #4025, .F. ) ;
#4769 = EDGE_CURVE ( 'NONE', #5099, #883, #3649, .T. ) ;
#4770 = VERTEX_POINT ( 'NONE', #2093 ) ;
#4771 = CARTESIAN_POINT ( 'NONE',  ( 0.6000000000000033085, 0.0000000000000000000, 0.0000000000000000000 ) ) ;
#4772 = EDGE_LOOP ( 'NONE', ( #4780, #2501, #4977, #641, #3238, #1065 ) ) ;
#4773 = DIRECTION ( 'NONE',  ( 0.0000000000000000000, 0.0000000000000000000, 1.000000000000000000 ) ) ;
#4774 = DIRECTION ( 'NONE',  ( -1.000000000000000000, -1.224606353822377258E-16, -0.0000000000000000000 ) ) ;
#4775 = VERTEX_POINT ( 'NONE', #3208 ) ;
#4776 = VECTOR ( 'NONE', #1461, 999.9999999999998863 ) ;
#4777 = LINE ( 'NONE', #3376, #4722 ) ;
#4778 = DIRECTION ( 'NONE',  ( 0.0000000000000000000, -1.000000000000000000, 0.0000000000000000000 ) ) ;
#4779 = VERTEX_POINT ( 'NONE', #4978 ) ;
#4780 = ORIENTED_EDGE ( 'NONE', *, *, #3737, .T. ) ;
#4781 = CIRCLE ( 'NONE', #1241, 6.000000000000002665 ) ;
#4782 = DIRECTION ( 'NONE',  ( 0.0000000000000000000, -1.000000000000000000, 0.0000000000000000000 ) ) ;
#4783 = EDGE_LOOP ( 'NONE', ( #2534, #2210, #1159, #4711, #398, #2197 ) ) ;
#4784 = LINE ( 'NONE', #1807, #4898 ) ;
#4785 = CARTESIAN_POINT ( 'NONE',  ( 49.41195645490495281, 2.418597540614639737E-15, 0.0000000000000000000 ) ) ;
#4786 = ORIENTED_EDGE ( 'NONE', *, *, #4820, .T. ) ;
#4787 = DIRECTION ( 'NONE',  ( -1.000000000000000000, -1.224606353822377258E-16, -0.0000000000000000000 ) ) ;
#4788 = CIRCLE ( 'NONE', #1323, 6.000000000000002665 ) ;
#4789 = EDGE_LOOP ( 'NONE', ( #5091, #42, #2305, #2293, #4570 ) ) ;
#4790 = EDGE_CURVE ( 'NONE', #1861, #4729, #3456, .T. ) ;
#4791 = DIRECTION ( 'NONE',  ( 0.0000000000000000000, -1.000000000000000000, 0.0000000000000000000 ) ) ;
#4792 = CARTESIAN_POINT ( 'NONE',  ( 6.000000000000000000, 5.839897972853066221, -1.561251128379126385E-14 ) ) ;
#4793 = ORIENTED_EDGE ( 'NONE', *, *, #2691, .T. ) ;
#4794 = VERTEX_POINT ( 'NONE', #668 ) ;
#4795 = EDGE_CURVE ( 'NONE', #197, #4580, #3464, .T. ) ;
#4796 = ORIENTED_EDGE ( 'NONE', *, *, #4653, .F. ) ;
#4797 = DIRECTION ( 'NONE',  ( 0.0000000000000000000, -1.000000000000000000, 0.0000000000000000000 ) ) ;
#4798 = VECTOR ( 'NONE', #2204, 1000.000000000000114 ) ;
#4799 = CARTESIAN_POINT ( 'NONE',  ( 50.08695652173912549, 2.501258477682205392E-15, 0.0000000000000000000 ) ) ;
#4800 = CIRCLE ( 'NONE', #158, 6.000000000000002665 ) ;
#4801 = ORIENTED_EDGE ( 'NONE', *, *, #4610, .T. ) ;
#4802 = CARTESIAN_POINT ( 'NONE',  ( 39.71739130434782794, 5.036000000000005805, 0.0000000000000000000 ) ) ;
#4803 = ORIENTED_EDGE ( 'NONE', *, *, #3877, .F. ) ;
#4804 = EDGE_CURVE ( 'NONE', #425, #2403, #3771, .T. ) ;
#4805 = DIRECTION ( 'NONE',  ( -0.5735764363510529318, -0.8191520442889870246, 0.0000000000000000000 ) ) ;
#4806 = EDGE_CURVE ( 'NONE', #1284, #212, #3344, .T. ) ;
#4807 = ORIENTED_EDGE ( 'NONE', *, *, #4603, .F. ) ;
#4808 = DIRECTION ( 'NONE',  ( 0.0000000000000000000, -1.000000000000000000, 1.039664082171044481E-15 ) ) ;
#4809 = ORIENTED_EDGE ( 'NONE', *, *, #3548, .F. ) ;
#4810 = ORIENTED_EDGE ( 'NONE', *, *, #2855, .T. ) ;
#4811 = EDGE_CURVE ( 'NONE', #2461, #2813, #3533, .T. ) ;
#4812 = CARTESIAN_POINT ( 'NONE',  ( 12.59999999999999964, 0.0000000000000000000, 5.999999999999863221 ) ) ;
#4813 = DIRECTION ( 'NONE',  ( -1.000000000000000000, -0.0000000000000000000, -0.0000000000000000000 ) ) ;
#4814 = FACE_OUTER_BOUND ( 'NONE', #4112, .T. ) ;
#4815 = DIRECTION ( 'NONE',  ( -1.000000000000000000, -1.224606353822377258E-16, -0.0000000000000000000 ) ) ;
#4816 = CARTESIAN_POINT ( 'NONE',  ( -31.74999999999995737, 0.0000000000000000000, 5.999999999999863221 ) ) ;
#4817 = ORIENTED_EDGE ( 'NONE', *, *, #4477, .T. ) ;
#4818 = EDGE_CURVE ( 'NONE', #2461, #3246, #3170, .T. ) ;
#4819 = FACE_OUTER_BOUND ( 'NONE', #2248, .T. ) ;
#4820 = EDGE_CURVE ( 'NONE', #3246, #3653, #3234, .T. ) ;
#4821 = CARTESIAN_POINT ( 'NONE',  ( 33.85760862881799937, 6.000000000000006217, 7.347880794884123680E-16 ) ) ;
#4822 = CARTESIAN_POINT ( 'NONE',  ( -31.74999999999995737, 7.347880794883952103E-16, -5.999999999999863221 ) ) ;
#4823 = VERTEX_POINT ( 'NONE', #2075 ) ;
#4824 = VERTEX_POINT ( 'NONE', #1741 ) ;
#4825 = CARTESIAN_POINT ( 'NONE',  ( 31.75108702335589683, 2.583919414749769470E-15, 0.0000000000000000000 ) ) ;
#4826 = EDGE_CURVE ( 'NONE', #3653, #3975, #2294, .T. ) ;
#4827 = ORIENTED_EDGE ( 'NONE', *, *, #3737, .F. ) ;
#4828 = CARTESIAN_POINT ( 'NONE',  ( 0.0000000000000000000, -2.919948986426526005, 5.057499999999995666 ) ) ;
#4829 = EDGE_CURVE ( 'NONE', #2052, #3653, #2609, .T. ) ;
#4830 = VERTEX_POINT ( 'NONE', #2925 ) ;
#4831 = EDGE_CURVE ( 'NONE', #3192, #2052, #2048, .T. ) ;
#4832 = ORIENTED_EDGE ( 'NONE', *, *, #2768, .F. ) ;
#4833 = LINE ( 'NONE', #2443, #5061 ) ;
#4834 = EDGE_CURVE ( 'NONE', #3192, #3945, #2430, .T. ) ;
#4835 = EDGE_CURVE ( 'NONE', #3192, #2186, #2160, .T. ) ;
#4836 = ORIENTED_EDGE ( 'NONE', *, *, #3521, .T. ) ;
#4837 = CARTESIAN_POINT ( 'NONE',  ( 26.94456515055713197, -5.999999999999999112, 0.0000000000000000000 ) ) ;
#4838 = DIRECTION ( 'NONE',  ( 0.5735764363510450492, 0.8191520442889925757, 0.0000000000000000000 ) ) ;
#4839 = ORIENTED_EDGE ( 'NONE', *, *, #4611, .T. ) ;
#4840 = ORIENTED_EDGE ( 'NONE', *, *, #2867, .F. ) ;
#4841 = CIRCLE ( 'NONE', #1473, 6.000000000000002665 ) ;
#4842 = EDGE_CURVE ( 'NONE', #2186, #2279, #1820, .T. ) ;
#4843 = CARTESIAN_POINT ( 'NONE',  ( 51.14021732447017143, -5.623715437610728691E-29, 6.000000000000002665 ) ) ;
#4844 = EDGE_CURVE ( 'NONE', #2279, #345, #1758, .T. ) ;
#4845 = ORIENTED_EDGE ( 'NONE', *, *, #3590, .F. ) ;
#4846 = VECTOR ( 'NONE', #302, 1000.000000000000000 ) ;
#4847 = ORIENTED_EDGE ( 'NONE', *, *, #4994, .T. ) ;
#4848 = DIRECTION ( 'NONE',  ( 0.0000000000000000000, -1.000000000000000000, 0.0000000000000000000 ) ) ;
#4849 = CIRCLE ( 'NONE', #175, 5.036000000000003141 ) ;
#4850 = DIRECTION ( 'NONE',  ( -1.000000000000000000, -0.0000000000000000000, -0.0000000000000000000 ) ) ;
#4851 = DIRECTION ( 'NONE',  ( 0.0000000000000000000, -1.000000000000000000, 0.0000000000000000000 ) ) ;
#4852 = EDGE_CURVE ( 'NONE', #2279, #691, #1691, .T. ) ;
#4853 = VERTEX_POINT ( 'NONE', #116 ) ;
#4854 = EDGE_CURVE ( 'NONE', #691, #1996, #1263, .T. ) ;
#4855 = CIRCLE ( 'NONE', #181, 6.000000000000002665 ) ;
#4856 = FILL_AREA_STYLE_COLOUR ( '', #2242 ) ;
#4857 = ORIENTED_EDGE ( 'NONE', *, *, #2882, .F. ) ;
#4858 = ORIENTED_EDGE ( 'NONE', *, *, #3025, .F. ) ;
#4859 = CIRCLE ( 'NONE', #431, 6.000000000000002665 ) ;
#4860 = EDGE_LOOP ( 'NONE', ( #4895, #5075, #5081, #5148, #307 ) ) ;
#4861 = EDGE_CURVE ( 'NONE', #1996, #3109, #1270, .T. ) ;
#4862 = EDGE_CURVE ( 'NONE', #2763, #1996, #1616, .T. ) ;
#4863 = ORIENTED_EDGE ( 'NONE', *, *, #3964, .F. ) ;
#4864 = DIRECTION ( 'NONE',  ( 0.0000000000000000000, -1.000000000000000000, 0.0000000000000000000 ) ) ;
#4865 = EDGE_LOOP ( 'NONE', ( #3644, #29, #3532, #4076 ) ) ;
#4866 = ORIENTED_EDGE ( 'NONE', *, *, #3047, .F. ) ;
#4867 = DIRECTION ( 'NONE',  ( 0.0000000000000000000, -1.000000000000000000, 0.0000000000000000000 ) ) ;
#4868 = DIRECTION ( 'NONE',  ( -1.000000000000000000, -1.224606353822377258E-16, -0.0000000000000000000 ) ) ;
#4869 = EDGE_CURVE ( 'NONE', #4178, #2763, #1134, .T. ) ;
#4870 = ORIENTED_EDGE ( 'NONE', *, *, #3826, .T. ) ;
#4871 = VECTOR ( 'NONE', #2468, 1000.000000000000000 ) ;
#4872 = ORIENTED_EDGE ( 'NONE', *, *, #4560, .T. ) ;
#4873 = DIRECTION ( 'NONE',  ( -1.000000000000000000, -1.224606353822377258E-16, -0.0000000000000000000 ) ) ;
#4874 = CARTESIAN_POINT ( 'NONE',  ( 6.000000000000000000, 0.0000000000000000000, 0.0000000000000000000 ) ) ;
#4875 = VERTEX_POINT ( 'NONE', #4437 ) ;
#4876 = ORIENTED_EDGE ( 'NONE', *, *, #2642, .F. ) ;
#4877 = EDGE_CURVE ( 'NONE', #4178, #3029, #572, .T. ) ;
#4878 = EDGE_CURVE ( 'NONE', #2283, #4178, #880, .T. ) ;
#4879 = VECTOR ( 'NONE', #3896, 1000.000000000000000 ) ;
#4880 = ORIENTED_EDGE ( 'NONE', *, *, #3537, .T. ) ;
#4881 = ORIENTED_EDGE ( 'NONE', *, *, #4407, .F. ) ;
#4882 = CARTESIAN_POINT ( 'NONE',  ( 39.04239123751365526, 2.418597540614639737E-15, 0.0000000000000000000 ) ) ;
#4883 = CONICAL_SURFACE ( 'NONE', #548, 6.000000000000002665, 0.9599310885968824758 ) ;
#4884 = EDGE_CURVE ( 'NONE', #2461, #2283, #1007, .T. ) ;
#4885 = VERTEX_POINT ( 'NONE', #2522 ) ;
#4886 = EDGE_CURVE ( 'NONE', #2052, #3246, #395, .T. ) ;
#4887 = DIRECTION ( 'NONE',  ( -1.000000000000000000, -1.224606353822377258E-16, -0.0000000000000000000 ) ) ;
#4888 = CONICAL_SURFACE ( 'NONE', #1374, 5.036000000000003141, 0.9599310885968728169 ) ;
#4889 = ORIENTED_EDGE ( 'NONE', *, *, #4278, .F. ) ;
#4890 = ORIENTED_EDGE ( 'NONE', *, *, #4534, .F. ) ;
#4891 = CIRCLE ( 'NONE', #1457, 6.000000000000002665 ) ;
#4892 = ORIENTED_EDGE ( 'NONE', *, *, #2623, .F. ) ;
#4893 = EDGE_CURVE ( 'NONE', #3246, #2283, #3493, .T. ) ;
#4894 = ORIENTED_EDGE ( 'NONE', *, *, #4619, .F. ) ;
#4895 = ORIENTED_EDGE ( 'NONE', *, *, #4621, .F. ) ;
#4896 = DIRECTION ( 'NONE',  ( -1.000000000000000000, -1.224606353822377258E-16, -0.0000000000000000000 ) ) ;
#4897 = ORIENTED_EDGE ( 'NONE', *, *, #3914, .T. ) ;
#4898 = VECTOR ( 'NONE', #2987, 1000.000000000000000 ) ;
#4899 = EDGE_CURVE ( 'NONE', #2283, #2763, #5170, .T. ) ;
#4900 = ORIENTED_EDGE ( 'NONE', *, *, #4605, .T. ) ;
#4901 =( GEOMETRIC_REPRESENTATION_CONTEXT ( 3 ) GLOBAL_UNCERTAINTY_ASSIGNED_CONTEXT ( ( #2692 ) ) GLOBAL_UNIT_ASSIGNED_CONTEXT ( ( #5108, #1770, #1951 ) ) REPRESENTATION_CONTEXT ( 'NONE', 'WORKASPACE' ) );
#4902 = EDGE_LOOP ( 'NONE', ( #4765, #4801, #4839, #4872, #4894 ) ) ;
#4903 = CIRCLE ( 'NONE', #945, 6.000000000000002665 ) ;
#4904 = CARTESIAN_POINT ( 'NONE',  ( 52.86847819403539717, 2.418597540614639737E-15, 0.0000000000000000000 ) ) ;
#4905 = VERTEX_POINT ( 'NONE', #118 ) ;
#4906 = LINE ( 'NONE', #1632, #5162 ) ;
#4907 = ORIENTED_EDGE ( 'NONE', *, *, #3521, .F. ) ;
#4908 = EDGE_CURVE ( 'NONE', #3428, #215, #150, .T. ) ;
#4909 = EDGE_CURVE ( 'NONE', #1683, #1828, #4855, .T. ) ;
#4910 = CARTESIAN_POINT ( 'NONE',  ( 51.81521739130434412, 5.036000000000005805, 6.167321280506074351E-16 ) ) ;
#4911 = VERTEX_POINT ( 'NONE', #4113 ) ;
#4912 = EDGE_LOOP ( 'NONE', ( #4174, #4231, #2897, #2895, #4412, #4440 ) ) ;
#4913 = ORIENTED_EDGE ( 'NONE', *, *, #4414, .T. ) ;
#4914 = CARTESIAN_POINT ( 'NONE',  ( 31.75108702335589683, 7.347880794883521188E-16, -6.000000000000002665 ) ) ;
#4915 = EDGE_CURVE ( 'NONE', #4105, #639, #4917, .T. ) ;
#4916 = ORIENTED_EDGE ( 'NONE', *, *, #2606, .T. ) ;
#4917 = CIRCLE ( 'NONE', #177, 6.000000000000002665 ) ;
#4918 = ORIENTED_EDGE ( 'NONE', *, *, #2974, .F. ) ;
#4919 = LINE ( 'NONE', #2230, #4798 ) ;
#4920 = DIRECTION ( 'NONE',  ( -1.000000000000000000, -1.224606353822377258E-16, -0.0000000000000000000 ) ) ;
#4921 = EDGE_LOOP ( 'NONE', ( #4517, #4538, #4543, #4579, #4680 ) ) ;
#4922 = EDGE_CURVE ( 'NONE', #4502, #4875, #4849, .T. ) ;
#4923 = EDGE_CURVE ( 'NONE', #4614, #1405, #5163, .T. ) ;
#4924 = VERTEX_POINT ( 'NONE', #4337 ) ;
#4925 = DIRECTION ( 'NONE',  ( -1.000000000000000000, -0.0000000000000000000, -0.0000000000000000000 ) ) ;
#4926 = ADVANCED_FACE ( 'NONE', ( #4687 ), #4510, .T. ) ;
#4927 = VERTEX_POINT ( 'NONE', #4184 ) ;
#4928 = EDGE_CURVE ( 'NONE', #3387, #4770, #4800, .T. ) ;
#4929 = DIRECTION ( 'NONE',  ( 0.0000000000000000000, -1.000000000000000000, 0.0000000000000000000 ) ) ;
#4930 = ADVANCED_FACE ( 'NONE', ( #4629 ), #4503, .T. ) ;
#4931 = ORIENTED_EDGE ( 'NONE', *, *, #3107, .F. ) ;
#4932 = EDGE_LOOP ( 'NONE', ( #413, #3279, #1976, #3144, #4047 ) ) ;
#4933 = EDGE_CURVE ( 'NONE', #4746, #4303, #4743, .T. ) ;
#4934 = DIRECTION ( 'NONE',  ( 0.0000000000000000000, -1.000000000000000000, 0.0000000000000000000 ) ) ;
#4935 = EDGE_CURVE ( 'NONE', #4215, #2326, #4572, .T. ) ;
#4936 = EDGE_LOOP ( 'NONE', ( #929, #879, #3513, #1133, #3753 ) ) ;
#4937 = CARTESIAN_POINT ( 'NONE',  ( 53.54347826086956985, 2.501258477682205392E-15, 0.0000000000000000000 ) ) ;
#4938 = CARTESIAN_POINT ( 'NONE',  ( -31.74999999999995737, 0.0000000000000000000, 5.999999999999863221 ) ) ;
#4939 = CARTESIAN_POINT ( 'NONE',  ( 6.000000000000000000, 5.839897972853066221, -1.561251128379126385E-14 ) ) ;
#4940 = ADVANCED_FACE ( 'NONE', ( #4624 ), #4322, .T. ) ;
#4941 = ORIENTED_EDGE ( 'NONE', *, *, #3865, .F. ) ;
#4942 = EDGE_CURVE ( 'NONE', #3709, #3690, #4325, .T. ) ;
#4943 = CARTESIAN_POINT ( 'NONE',  ( 21.38152180596459573, 6.000000000000005329, 0.0000000000000000000 ) ) ;
#4944 = DIRECTION ( 'NONE',  ( 0.0000000000000000000, -1.000000000000000000, 0.0000000000000000000 ) ) ;
#4945 = EDGE_CURVE ( 'NONE', #1002, #5136, #4447, .T. ) ;
#4946 = ORIENTED_EDGE ( 'NONE', *, *, #4974, .F. ) ;
#4947 = EDGE_CURVE ( 'NONE', #1619, #3522, #4442, .T. ) ;
#4948 = EDGE_LOOP ( 'NONE', ( #3940, #2904, #4037, #4054, #4102 ) ) ;
#4949 = VERTEX_POINT ( 'NONE', #1527 ) ;
#4950 = CARTESIAN_POINT ( 'NONE',  ( 52.49021745813850259, -6.000000000000000000, 7.347880794884122694E-16 ) ) ;
#4951 = EDGE_CURVE ( 'NONE', #1596, #2879, #4695, .T. ) ;
#4952 = EDGE_CURVE ( 'NONE', #1503, #5049, #4067, .T. ) ;
#4953 = EDGE_CURVE ( 'NONE', #1787, #454, #4012, .T. ) ;
#4954 = CIRCLE ( 'NONE', #936, 6.000000000000002665 ) ;
#4955 = DIRECTION ( 'NONE',  ( -1.000000000000000000, -0.0000000000000000000, -0.0000000000000000000 ) ) ;
#4956 = EDGE_CURVE ( 'NONE', #3913, #4182, #3953, .T. ) ;
#4957 = CIRCLE ( 'NONE', #1480, 6.000000000000002665 ) ;
#4958 = ORIENTED_EDGE ( 'NONE', *, *, #4016, .F. ) ;
#4959 = DIRECTION ( 'NONE',  ( 0.0000000000000000000, -1.000000000000000000, 0.0000000000000000000 ) ) ;
#4960 = VERTEX_POINT ( 'NONE', #3732 ) ;
#4961 = CARTESIAN_POINT ( 'NONE',  ( 31.07608695652173836, 2.501258477682205392E-15, 0.0000000000000000000 ) ) ;
#4962 = ORIENTED_EDGE ( 'NONE', *, *, #4445, .F. ) ;
#4963 = VERTEX_POINT ( 'NONE', #4821 ) ;
#4964 = EDGE_LOOP ( 'NONE', ( #3572, #3586, #3603, #3613, #3680, #3689 ) ) ;
#4965 = DIRECTION ( 'NONE',  ( -1.000000000000000000, -1.224606353822377258E-16, -0.0000000000000000000 ) ) ;
#4966 = EDGE_LOOP ( 'NONE', ( #3817, #3408, #1653, #2568, #4386, #1148 ) ) ;
#4967 = FACE_OUTER_BOUND ( 'NONE', #3719, .T. ) ;
#4968 = ORIENTED_EDGE ( 'NONE', *, *, #3858, .T. ) ;
#4969 = EDGE_CURVE ( 'NONE', #1175, #3593, #4250, .T. ) ;
#4970 = VECTOR ( 'NONE', #5132, 999.9999999999998863 ) ;
#4971 = LINE ( 'NONE', #4642, #2934 ) ;
#4972 = ORIENTED_EDGE ( 'NONE', *, *, #4147, .F. ) ;
#4973 = DIRECTION ( 'NONE',  ( -1.000000000000000000, -1.224606353822377258E-16, -0.0000000000000000000 ) ) ;
#4974 = EDGE_CURVE ( 'NONE', #319, #3707, #3946, .T. ) ;
#4975 = EDGE_CURVE ( 'NONE', #4110, #3089, #3823, .T. ) ;
#4976 = ORIENTED_EDGE ( 'NONE', *, *, #3574, .T. ) ;
#4977 = ORIENTED_EDGE ( 'NONE', *, *, #3409, .T. ) ;
#4978 = CARTESIAN_POINT ( 'NONE',  ( 24.83804354509502943, -6.008901426488175862E-29, 6.000000000000002665 ) ) ;
#4979 = VECTOR ( 'NONE', #2670, 1000.000000000000000 ) ;
#4980 = ADVANCED_FACE ( 'NONE', ( #3774 ), #2923, .T. ) ;
#4981 = CONICAL_SURFACE ( 'NONE', #382, 5.036000000000003141, 0.9599310885968728169 ) ;
#4982 = DIRECTION ( 'NONE',  ( 0.0000000000000000000, -1.000000000000000000, 0.0000000000000000000 ) ) ;
#4983 = CONICAL_SURFACE ( 'NONE', #3403, 5.036000000000003141, 0.9599310885968728169 ) ;
#4984 = EDGE_CURVE ( 'NONE', #258, #2436, #3339, .T. ) ;
#4985 = EDGE_CURVE ( 'NONE', #2711, #4429, #3536, .T. ) ;
#4986 = LINE ( 'NONE', #2778, #4979 ) ;
#4987 = EDGE_CURVE ( 'NONE', #4794, #1188, #3453, .T. ) ;
#4988 = ORIENTED_EDGE ( 'NONE', *, *, #3877, .T. ) ;
#4989 = DIRECTION ( 'NONE',  ( 0.0000000000000000000, -1.000000000000000000, 0.0000000000000000000 ) ) ;
#4990 = VERTEX_POINT ( 'NONE', #1121 ) ;
#4991 = CYLINDRICAL_SURFACE ( 'NONE', #622, 5.999999999999863221 ) ;
#4992 = ORIENTED_EDGE ( 'NONE', *, *, #4159, .F. ) ;
#4993 = CIRCLE ( 'NONE', #1221, 6.000000000000002665 ) ;
#4994 = EDGE_CURVE ( 'NONE', #5003, #1579, #3459, .T. ) ;
#4995 = FILL_AREA_STYLE_COLOUR ( '', #1915 ) ;
#4996 = EDGE_CURVE ( 'NONE', #2086, #3664, #3527, .T. ) ;
#4997 = DIRECTION ( 'NONE',  ( -0.7071067811867317587, 0.0000000000000000000, 0.7071067811863633867 ) ) ;
#4998 = LINE ( 'NONE', #3193, #4097 ) ;
#4999 = EDGE_LOOP ( 'NONE', ( #3728, #3783, #3787, #3825, #3902 ) ) ;
#5000 = ORIENTED_EDGE ( 'NONE', *, *, #4119, .T. ) ;
#5001 = DIRECTION ( 'NONE',  ( 0.5735764363510452712, -0.8191520442889924647, 1.003171929053525610E-16 ) ) ;
#5002 = DIRECTION ( 'NONE',  ( 0.0000000000000000000, 0.0000000000000000000, 1.000000000000000000 ) ) ;
#5003 = VERTEX_POINT ( 'NONE', #3054 ) ;
#5004 = EDGE_CURVE ( 'NONE', #4523, #2082, #3830, .T. ) ;
#5005 = ORIENTED_EDGE ( 'NONE', *, *, #4153, .F. ) ;
#5006 = EDGE_CURVE ( 'NONE', #1873, #2877, #2724, .T. ) ;
#5007 = DIRECTION ( 'NONE',  ( -1.000000000000000000, -1.224606353822377258E-16, -0.0000000000000000000 ) ) ;
#5008 = ORIENTED_EDGE ( 'NONE', *, *, #3447, .T. ) ;
#5009 = ORIENTED_EDGE ( 'NONE', *, *, #4877, .F. ) ;
#5010 = VECTOR ( 'NONE', #5051, 999.9999999999998863 ) ;
#5011 = EDGE_CURVE ( 'NONE', #4458, #4775, #2856, .T. ) ;
#5012 = CIRCLE ( 'NONE', #961, 6.000000000000002665 ) ;
#5013 = CARTESIAN_POINT ( 'NONE',  ( 47.30543484944285382, -6.000000000000000888, 7.347880794884123680E-16 ) ) ;
#5014 = DIRECTION ( 'NONE',  ( 0.0000000000000000000, -1.000000000000000000, 0.0000000000000000000 ) ) ;
#5015 = DIRECTION ( 'NONE',  ( 0.5735764363510450492, 0.8191520442889925757, 0.0000000000000000000 ) ) ;
#5016 = ORIENTED_EDGE ( 'NONE', *, *, #3501, .F. ) ;
#5017 = ADVANCED_FACE ( 'NONE', ( #2481 ), #1887, .T. ) ;
#5018 = EDGE_CURVE ( 'NONE', #1544, #3175, #1970, .T. ) ;
#5019 = VERTEX_POINT ( 'NONE', #643 ) ;
#5020 = DIRECTION ( 'NONE',  ( 0.5735764363510450492, 0.8191520442889925757, 0.0000000000000000000 ) ) ;
#5021 = ORIENTED_EDGE ( 'NONE', *, *, #3143, .T. ) ;
#5022 = ORIENTED_EDGE ( 'NONE', *, *, #4199, .F. ) ;
#5023 = VERTEX_POINT ( 'NONE', #3285 ) ;
#5024 = EDGE_CURVE ( 'NONE', #1206, #4614, #2111, .T. ) ;
#5025 = LINE ( 'NONE', #4828, #5116 ) ;
#5026 = DIRECTION ( 'NONE',  ( 0.0000000000000000000, -1.000000000000000000, 0.0000000000000000000 ) ) ;
#5027 = DIRECTION ( 'NONE',  ( -1.000000000000000000, -1.224606353822377258E-16, -0.0000000000000000000 ) ) ;
#5028 = ORIENTED_EDGE ( 'NONE', *, *, #4187, .F. ) ;
#5029 = ORIENTED_EDGE ( 'NONE', *, *, #4395, .T. ) ;
#5030 = ORIENTED_EDGE ( 'NONE', *, *, #4886, .F. ) ;
#5031 = CARTESIAN_POINT ( 'NONE',  ( 41.44565217391304657, 2.501258477682205392E-15, 0.0000000000000000000 ) ) ;
#5032 = CARTESIAN_POINT ( 'NONE',  ( 6.000000000000000000, -2.919948986426526005, 5.057499999999995666 ) ) ;
#5033 = ORIENTED_EDGE ( 'NONE', *, *, #3865, .T. ) ;
#5034 = LINE ( 'NONE', #315, #4846 ) ;
#5035 = ORIENTED_EDGE ( 'NONE', *, *, #3274, .F. ) ;
#5036 = DIRECTION ( 'NONE',  ( -1.000000000000000000, -1.224606353822377258E-16, -0.0000000000000000000 ) ) ;
#5037 = CIRCLE ( 'NONE', #491, 6.000000000000002665 ) ;
#5038 = DIRECTION ( 'NONE',  ( -0.5735764363510532649, 0.8191520442889868026, 1.003171929053518707E-16 ) ) ;
#5039 = CARTESIAN_POINT ( 'NONE',  ( 28.29456528422546313, 2.583919414749769470E-15, 0.0000000000000000000 ) ) ;
#5040 = CARTESIAN_POINT ( 'NONE',  ( 31.75108702335589683, 6.000000000000004441, 0.0000000000000000000 ) ) ;
#5041 = ORIENTED_EDGE ( 'NONE', *, *, #4384, .T. ) ;
#5042 = DIRECTION ( 'NONE',  ( -1.000000000000000000, -0.0000000000000000000, -0.0000000000000000000 ) ) ;
#5043 = DIRECTION ( 'NONE',  ( 0.0000000000000000000, -1.000000000000000000, 0.0000000000000000000 ) ) ;
#5044 = CARTESIAN_POINT ( 'NONE',  ( 31.07608695652173836, 5.036000000000005805, 0.0000000000000000000 ) ) ;
#5045 = EDGE_LOOP ( 'NONE', ( #3343, #2478, #3598, #2629, #2495 ) ) ;
#5046 = ORIENTED_EDGE ( 'NONE', *, *, #3454, .T. ) ;
#5047 = VERTEX_POINT ( 'NONE', #324 ) ;
#5048 = CARTESIAN_POINT ( 'NONE',  ( 30.02282615379068176, 6.000000000000005329, 0.0000000000000000000 ) ) ;
#5049 = VERTEX_POINT ( 'NONE', #3726 ) ;
#5050 = ADVANCED_FACE ( 'NONE', ( #2424 ), #2649, .F. ) ;
#5051 = DIRECTION ( 'NONE',  ( 0.5735764363510452712, -0.8191520442889924647, 1.003171929053525610E-16 ) ) ;
#5052 = CIRCLE ( 'NONE', #361, 6.000000000000002665 ) ;
#5053 = DIRECTION ( 'NONE',  ( -1.000000000000000000, -1.224606353822377258E-16, -0.0000000000000000000 ) ) ;
#5054 = VERTEX_POINT ( 'NONE', #79 ) ;
#5055 = UNCERTAINTY_MEASURE_WITH_UNIT (LENGTH_MEASURE( 1.000000000000000082E-05 ), #3888, 'distance_accuracy_value', 'NONE');
#5056 = DIRECTION ( 'NONE',  ( 0.0000000000000000000, 0.0000000000000000000, 1.000000000000000000 ) ) ;
#5057 = DIRECTION ( 'NONE',  ( -1.000000000000000000, -1.224606353822377258E-16, -0.0000000000000000000 ) ) ;
#5058 = ORIENTED_EDGE ( 'NONE', *, *, #3934, .F. ) ;
#5059 = ADVANCED_FACE ( 'NONE', ( #2357 ), #1395, .T. ) ;
#5060 = VERTEX_POINT ( 'NONE', #2815 ) ;
#5061 = VECTOR ( 'NONE', #4668, 1000.000000000000000 ) ;
#5062 = ORIENTED_EDGE ( 'NONE', *, *, #2740, .F. ) ;
#5063 = CARTESIAN_POINT ( 'NONE',  ( 52.49021745813850259, 2.583919414749769470E-15, 0.0000000000000000000 ) ) ;
#5064 = EDGE_LOOP ( 'NONE', ( #558, #149, #135, #4098, #4737 ) ) ;
#5065 = DIRECTION ( 'NONE',  ( 0.0000000000000000000, 1.000000000000000000, 0.0000000000000000000 ) ) ;
#5066 = ADVANCED_FACE ( 'NONE', ( #1613 ), #2223, .T. ) ;
#5067 = EDGE_LOOP ( 'NONE', ( #5041, #2550, #12, #4432, #1477, #4962 ) ) ;
#5068 = CARTESIAN_POINT ( 'NONE',  ( 30.02282615379068176, 2.583919414749769470E-15, 0.0000000000000000000 ) ) ;
#5069 = ORIENTED_EDGE ( 'NONE', *, *, #4994, .F. ) ;
#5070 = DIRECTION ( 'NONE',  ( 0.0000000000000000000, 1.000000000000000000, 0.0000000000000000000 ) ) ;
#5071 = ORIENTED_EDGE ( 'NONE', *, *, #2953, .T. ) ;
#5072 = DIRECTION ( 'NONE',  ( 0.0000000000000000000, 1.000000000000000000, 0.0000000000000000000 ) ) ;
#5073 = CIRCLE ( 'NONE', #1222, 6.000000000000002665 ) ;
#5074 = ORIENTED_EDGE ( 'NONE', *, *, #3747, .F. ) ;
#5075 = ORIENTED_EDGE ( 'NONE', *, *, #4623, .T. ) ;
#5076 = CONICAL_SURFACE ( 'NONE', #1229, 6.000000000000002665, 0.9599310885968824758 ) ;
#5077 = VERTEX_POINT ( 'NONE', #2939 ) ;
#5078 = CARTESIAN_POINT ( 'NONE',  ( 44.22717384620930403, -5.999999999999999112, 0.0000000000000000000 ) ) ;
#5079 = DIRECTION ( 'NONE',  ( 0.0000000000000000000, -1.000000000000000000, 0.0000000000000000000 ) ) ;
#5080 = DIRECTION ( 'NONE',  ( -1.000000000000000000, -0.0000000000000000000, -0.0000000000000000000 ) ) ;
#5081 = ORIENTED_EDGE ( 'NONE', *, *, #4625, .T. ) ;
#5082 = VERTEX_POINT ( 'NONE', #2704 ) ;
#5083 = VECTOR ( 'NONE', #3185, 1000.000000000000000 ) ;
#5084 = CARTESIAN_POINT ( 'NONE',  ( 38.66413050161676779, 2.583919414749769470E-15, 0.0000000000000000000 ) ) ;
#5085 = VERTEX_POINT ( 'NONE', #2885 ) ;
#5086 = VERTEX_POINT ( 'NONE', #4582 ) ;
#5087 = DIRECTION ( 'NONE',  ( 0.0000000000000000000, 0.0000000000000000000, 1.000000000000000000 ) ) ;
#5088 = FACE_OUTER_BOUND ( 'NONE', #5134, .T. ) ;
#5089 = CARTESIAN_POINT ( 'NONE',  ( 11.99999999999999645, 0.0000000000000000000, 0.0000000000000000000 ) ) ;
#5090 = LINE ( 'NONE', #2773, #4462 ) ;
#5091 = ORIENTED_EDGE ( 'NONE', *, *, #4308, .F. ) ;
#5092 = CARTESIAN_POINT ( 'NONE',  ( 54.21847832770372833, 2.583919414749769470E-15, 0.0000000000000000000 ) ) ;
#5093 = LINE ( 'NONE', #1943, #1636 ) ;
#5094 = ORIENTED_EDGE ( 'NONE', *, *, #3895, .T. ) ;
#5095 = ADVANCED_FACE ( 'NONE', ( #1824 ), #201, .T. ) ;
#5096 = DIRECTION ( 'NONE',  ( 0.5735764363510452712, -0.8191520442889924647, 1.003171929053525610E-16 ) ) ;
#5097 = CARTESIAN_POINT ( 'NONE',  ( 55.94673919726893985, 7.347880794883521188E-16, -6.000000000000002665 ) ) ;
#5098 = CIRCLE ( 'NONE', #544, 6.000000000000002665 ) ;
#5099 = VERTEX_POINT ( 'NONE', #3069 ) ;
#5100 = ADVANCED_FACE ( 'NONE', ( #143 ), #2317, .F. ) ;
#5101 = CARTESIAN_POINT ( 'NONE',  ( 54.21847832770372833, -6.000000000000000000, 7.347880794884122694E-16 ) ) ;
#5102 = CARTESIAN_POINT ( 'NONE',  ( 33.47934789292111901, -6.008901426488175862E-29, 6.000000000000002665 ) ) ;
#5103 = VERTEX_POINT ( 'NONE', #2868 ) ;
#5104 = CARTESIAN_POINT ( 'NONE',  ( 53.54347826086956985, 5.036000000000005805, 6.167321280506074351E-16 ) ) ;
#5105 = DIRECTION ( 'NONE',  ( -1.000000000000000000, -1.224606353822377258E-16, -0.0000000000000000000 ) ) ;
#5106 = VERTEX_POINT ( 'NONE', #2502 ) ;
#5107 = VECTOR ( 'NONE', #1219, 1000.000000000000000 ) ;
#5108 =( LENGTH_UNIT ( ) NAMED_UNIT ( * ) SI_UNIT ( .MILLI., .METRE. ) );
#5109 = DIRECTION ( 'NONE',  ( 0.0000000000000000000, -1.000000000000000000, 0.0000000000000000000 ) ) ;
#5110 = CARTESIAN_POINT ( 'NONE',  ( 0.0000000000000000000, 5.839897972853066221, -1.561251128379126385E-14 ) ) ;
#5111 = DIRECTION ( 'NONE',  ( 1.000000000000000000, 1.224606353822377258E-16, 0.0000000000000000000 ) ) ;
#5112 = ORIENTED_EDGE ( 'NONE', *, *, #3351, .F. ) ;
#5113 = DIRECTION ( 'NONE',  ( -1.000000000000000000, -0.0000000000000000000, -0.0000000000000000000 ) ) ;
#5114 = ORIENTED_EDGE ( 'NONE', *, *, #3003, .F. ) ;
#5115 = ADVANCED_FACE ( 'NONE', ( #267 ), #4983, .T. ) ;
#5116 = VECTOR ( 'NONE', #2978, 1000.000000000000114 ) ;
#5117 = CARTESIAN_POINT ( 'NONE',  ( 21.38152180596459573, 2.583919414749769470E-15, 0.0000000000000000000 ) ) ;
#5118 = DIRECTION ( 'NONE',  ( -1.000000000000000000, -1.224606353822377258E-16, -0.0000000000000000000 ) ) ;
#5119 = VERTEX_POINT ( 'NONE', #2602 ) ;
#5120 = ORIENTED_EDGE ( 'NONE', *, *, #4922, .T. ) ;
#5121 = ADVANCED_FACE ( 'NONE', ( #208 ), #4585, .T. ) ;
#5122 = CARTESIAN_POINT ( 'NONE',  ( 49.41195645490495281, 2.418597540614639737E-15, 0.0000000000000000000 ) ) ;
#5123 = ORIENTED_EDGE ( 'NONE', *, *, #2954, .T. ) ;
#5124 = ORIENTED_EDGE ( 'NONE', *, *, #2928, .T. ) ;
#5125 = FACE_OUTER_BOUND ( 'NONE', #2256, .T. ) ;
#5126 = VERTEX_POINT ( 'NONE', #2460 ) ;
#5127 = DIRECTION ( 'NONE',  ( 0.0000000000000000000, -1.000000000000000000, 0.0000000000000000000 ) ) ;
#5128 = DIRECTION ( 'NONE',  ( -1.000000000000000000, -1.224606353822377258E-16, -0.0000000000000000000 ) ) ;
#5129 = CARTESIAN_POINT ( 'NONE',  ( 30.40108688968756923, 2.418597540614639737E-15, 0.0000000000000000000 ) ) ;
#5130 = ORIENTED_EDGE ( 'NONE', *, *, #4147, .T. ) ;
#5131 = CARTESIAN_POINT ( 'NONE',  ( -31.74999999999995737, 7.347880794883952103E-16, -5.999999999999863221 ) ) ;
#5132 = DIRECTION ( 'NONE',  ( -0.5735764363510532649, 0.8191520442889868026, 1.003171929053518707E-16 ) ) ;
#5133 = DIRECTION ( 'NONE',  ( -1.000000000000000000, -0.0000000000000000000, -0.0000000000000000000 ) ) ;
#5134 = EDGE_LOOP ( 'NONE', ( #2228, #4817, #648, #1737, #3444 ) ) ;
#5135 = DIRECTION ( 'NONE',  ( 0.0000000000000000000, -1.000000000000000000, 0.0000000000000000000 ) ) ;
#5136 = VERTEX_POINT ( 'NONE', #2624 ) ;
#5137 = ORIENTED_EDGE ( 'NONE', *, *, #3253, .F. ) ;
#5138 = ADVANCED_FACE ( 'NONE', ( #4649 ), #4757, .T. ) ;
#5139 = DIRECTION ( 'NONE',  ( 0.0000000000000000000, -1.000000000000000000, 0.0000000000000000000 ) ) ;
#5140 = DIRECTION ( 'NONE',  ( 0.0000000000000000000, -0.4999999999999989453, 0.8660254037844392627 ) ) ;
#5141 = CARTESIAN_POINT ( 'NONE',  ( 17.92500006683415847, -6.008901426488175862E-29, 6.000000000000002665 ) ) ;
#5142 = ORIENTED_EDGE ( 'NONE', *, *, #4453, .T. ) ;
#5143 = ORIENTED_EDGE ( 'NONE', *, *, #3578, .F. ) ;
#5144 = ORIENTED_EDGE ( 'NONE', *, *, #4681, .F. ) ;
#5145 = CARTESIAN_POINT ( 'NONE',  ( 55.27173913043478137, 2.501258477682205392E-15, 0.0000000000000000000 ) ) ;
#5146 = VERTEX_POINT ( 'NONE', #2140 ) ;
#5147 = VECTOR ( 'NONE', #3141, 999.9999999999998863 ) ;
#5148 = ORIENTED_EDGE ( 'NONE', *, *, #4633, .T. ) ;
#5149 = CONICAL_SURFACE ( 'NONE', #971, 6.000000000000002665, 0.9599310885968824758 ) ;
#5150 = EDGE_LOOP ( 'NONE', ( #760, #1020, #2854, #2731, #4050 ) ) ;
#5151 = ORIENTED_EDGE ( 'NONE', *, *, #4975, .F. ) ;
#5152 = PRODUCT_DEFINITION_CONTEXT ( 'detailed design', #370, 'design' ) ;
#5153 = CARTESIAN_POINT ( 'NONE',  ( 49.41195645490495281, 6.000000000000006217, 7.347880794884123680E-16 ) ) ;
#5154 = CARTESIAN_POINT ( 'NONE',  ( 54.21847832770372833, 6.000000000000005329, 0.0000000000000000000 ) ) ;
#5155 = CONICAL_SURFACE ( 'NONE', #417, 6.000000000000002665, 0.9599310885968824758 ) ;
#5156 = CARTESIAN_POINT ( 'NONE',  ( 28.67282602012235060, 2.418597540614639737E-15, 0.0000000000000000000 ) ) ;
#5157 = ORIENTED_EDGE ( 'NONE', *, *, #3597, .F. ) ;
#5158 = EDGE_LOOP ( 'NONE', ( #1350, #1958, #2914, #3595, #3258 ) ) ;
#5159 = EDGE_LOOP ( 'NONE', ( #4132, #128, #3614, #1313, #2993, #774 ) ) ;
#5160 = LINE ( 'NONE', #4950, #5010 ) ;
#5161 = ORIENTED_EDGE ( 'NONE', *, *, #4042, .F. ) ;
#5162 = VECTOR ( 'NONE', #1660, 1000.000000000000000 ) ;
#5163 = CIRCLE ( 'NONE', #174, 6.000000000000002665 ) ;
#5164 = ORIENTED_EDGE ( 'NONE', *, *, #4984, .F. ) ;
#5165 = ORIENTED_EDGE ( 'NONE', *, *, #4526, .T. ) ;
#5166 = DIRECTION ( 'NONE',  ( -1.000000000000000000, -1.224606353822377258E-16, -0.0000000000000000000 ) ) ;
#5167 = DIRECTION ( 'NONE',  ( -1.000000000000000000, -0.0000000000000000000, -0.0000000000000000000 ) ) ;
#5168 = VECTOR ( 'NONE', #773, 1000.000000000000000 ) ;
#5169 = CARTESIAN_POINT ( 'NONE',  ( -31.74999999999995737, 0.0000000000000000000, 5.999999999999863221 ) ) ;
#5170 = CIRCLE ( 'NONE', #190, 5.057500000000000107 ) ;
#5171 = ORIENTED_EDGE ( 'NONE', *, *, #4592, .T. ) ;
#5172 = ORIENTED_EDGE ( 'NONE', *, *, #2793, .F. ) ;
#5173 = CARTESIAN_POINT ( 'NONE',  ( 49.03369571900807244, 7.347880794883513299E-16, -6.000000000000002665 ) ) ;
#5174 = ORIENTED_EDGE ( 'NONE', *, *, #5011, .T. ) ;
#5175 = DIRECTION ( 'NONE',  ( 0.0000000000000000000, 0.0000000000000000000, 1.000000000000000000 ) ) ;
#5176 = CARTESIAN_POINT ( 'NONE',  ( 28.67282602012235060, 2.418597540614639737E-15, 0.0000000000000000000 ) ) ;
#5177 = ORIENTED_EDGE ( 'NONE', *, *, #3723, .F. ) ;
#5178 = FACE_OUTER_BOUND ( 'NONE', #1472, .T. ) ;
#5179 = DIRECTION ( 'NONE',  ( 0.5735764363510452712, -0.8191520442889924647, 1.003171929053525610E-16 ) ) ;
#5180 = DIRECTION ( 'NONE',  ( -1.000000000000000000, -1.224606353822377258E-16, -0.0000000000000000000 ) ) ;
#5181 = VERTEX_POINT ( 'NONE', #452 ) ;
#5182 = CARTESIAN_POINT ( 'NONE',  ( 22.43478260869565233, 2.501258477682205392E-15, 0.0000000000000000000 ) ) ;
#5183 = ORIENTED_EDGE ( 'NONE', *, *, #3768, .T. ) ;
#5184 = LINE ( 'NONE', #4584, #4354 ) ;
#5185 = ORIENTED_EDGE ( 'NONE', *, *, #4200, .T. ) ;
#5186 = ADVANCED_FACE ( 'NONE', ( #4814 ), #2077, .F. ) ;
ENDSEC;
END-ISO-10303-21;
