ISO-10303-21;
HEADER;
FILE_DESCRIPTION (( 'STEP AP214' ),
    '1' );
FILE_NAME ('M12X30.STEP',
    '2021-06-12T16:21:45',
    ( '' ),
    ( '' ),
    'SwSTEP 2.0',
    'SolidWorks 2018',
    '' );
FILE_SCHEMA (( 'AUTOMOTIVE_DESIGN' ));
ENDSEC;

DATA;
#1 = VECTOR ( 'NONE', #648, 1000.000000000000000 ) ;
#2 = CARTESIAN_POINT ( 'NONE',  ( 19.57500006683415705, 6.000000000000005329, 0.0000000000000000000 ) ) ;
#3 = VERTEX_POINT ( 'NONE', #1921 ) ;
#4 = DIRECTION ( 'NONE',  ( 0.0000000000000000000, 0.0000000000000000000, 1.000000000000000000 ) ) ;
#5 = DIRECTION ( 'NONE',  ( -1.000000000000000000, -0.0000000000000000000, -0.0000000000000000000 ) ) ;
#6 = VECTOR ( 'NONE', #1560, 1000.000000000000000 ) ;
#7 = LINE ( 'NONE', #1123, #72 ) ;
#8 = DIRECTION ( 'NONE',  ( 0.0000000000000000000, -1.000000000000000000, 0.0000000000000000000 ) ) ;
#9 = CARTESIAN_POINT ( 'NONE',  ( 24.52500006683415990, 6.000000000000005329, 0.0000000000000000000 ) ) ;
#10 = DIRECTION ( 'NONE',  ( -1.000000000000000000, -1.224606353822377258E-16, -0.0000000000000000000 ) ) ;
#11 = CIRCLE ( 'NONE', #1727, 6.000000000000002665 ) ;
#12 = EDGE_CURVE ( 'NONE', #604, #1802, #3228, .T. ) ;
#13 = CARTESIAN_POINT ( 'NONE',  ( 32.10000000000000142, 2.501258477682205392E-15, 0.0000000000000000000 ) ) ;
#14 = CARTESIAN_POINT ( 'NONE',  ( 27.82500006683415705, 2.583919414749769470E-15, 0.0000000000000000000 ) ) ;
#15 = EDGE_CURVE ( 'NONE', #2154, #3343, #3195, .T. ) ;
#16 = ORIENTED_EDGE ( 'NONE', *, *, #162, .T. ) ;
#17 = CARTESIAN_POINT ( 'NONE',  ( 36.37499993316582447, 2.418597540614639737E-15, 0.0000000000000000000 ) ) ;
#18 = LINE ( 'NONE', #3591, #6 ) ;
#19 = CIRCLE ( 'NONE', #1706, 5.035999999999999588 ) ;
#20 = CARTESIAN_POINT ( 'NONE',  ( 18.89999999999999858, 2.501258477682205392E-15, 0.0000000000000000000 ) ) ;
#21 = CARTESIAN_POINT ( 'NONE',  ( 40.34999999999999432, 2.501258477682205392E-15, 0.0000000000000000000 ) ) ;
#22 = CARTESIAN_POINT ( 'NONE',  ( 22.87500006683415776, 6.000000000000005329, 0.0000000000000000000 ) ) ;
#23 = DIRECTION ( 'NONE',  ( -1.000000000000000000, -1.224606353822377258E-16, -0.0000000000000000000 ) ) ;
#24 = EDGE_CURVE ( 'NONE', #2154, #1451, #3207, .T. ) ;
#25 = LINE ( 'NONE', #1286, #32 ) ;
#26 = CARTESIAN_POINT ( 'NONE',  ( -31.74999999999995737, 0.0000000000000000000, 0.0000000000000000000 ) ) ;
#27 = DIRECTION ( 'NONE',  ( 0.0000000000000000000, -1.000000000000000000, 0.0000000000000000000 ) ) ;
#28 = VERTEX_POINT ( 'NONE', #2336 ) ;
#29 = DIRECTION ( 'NONE',  ( -1.000000000000000000, -1.224606353822377258E-16, -0.0000000000000000000 ) ) ;
#30 = VERTEX_POINT ( 'NONE', #1919 ) ;
#31 = VERTEX_POINT ( 'NONE', #2210 ) ;
#32 = VECTOR ( 'NONE', #1132, 1000.000000000000000 ) ;
#33 = CONICAL_SURFACE ( 'NONE', #1942, 5.036000000000003141, 0.9599310885968728169 ) ;
#34 = CARTESIAN_POINT ( 'NONE',  ( 28.12499993316582803, 2.418597540614639737E-15, 0.0000000000000000000 ) ) ;
#35 = ORIENTED_EDGE ( 'NONE', *, *, #3244, .T. ) ;
#36 = EDGE_LOOP ( 'NONE', ( #3372, #3264, #2366, #2815, #3218 ) ) ;
#37 = CIRCLE ( 'NONE', #1709, 6.000000000000002665 ) ;
#38 = CARTESIAN_POINT ( 'NONE',  ( 29.77499993316583016, 2.418597540614639737E-15, 0.0000000000000000000 ) ) ;
#39 = ORIENTED_EDGE ( 'NONE', *, *, #157, .T. ) ;
#40 = LINE ( 'NONE', #1569, #125 ) ;
#41 = DIRECTION ( 'NONE',  ( 0.5735764363510450492, 0.8191520442889925757, 0.0000000000000000000 ) ) ;
#42 = DIRECTION ( 'NONE',  ( -1.000000000000000000, -1.224606353822377258E-16, -0.0000000000000000000 ) ) ;
#43 = DIRECTION ( 'NONE',  ( 0.0000000000000000000, -1.000000000000000000, 0.0000000000000000000 ) ) ;
#44 = VERTEX_POINT ( 'NONE', #2298 ) ;
#45 = CIRCLE ( 'NONE', #1738, 6.000000000000002665 ) ;
#46 = EDGE_CURVE ( 'NONE', #567, #1451, #3169, .T. ) ;
#47 = ORIENTED_EDGE ( 'NONE', *, *, #438, .F. ) ;
#48 = EDGE_CURVE ( 'NONE', #3343, #567, #3175, .T. ) ;
#49 = DIRECTION ( 'NONE',  ( 0.0000000000000000000, -1.000000000000000000, 0.0000000000000000000 ) ) ;
#50 = DIRECTION ( 'NONE',  ( -1.000000000000000000, -1.224606353822377258E-16, -0.0000000000000000000 ) ) ;
#51 = EDGE_CURVE ( 'NONE', #445, #3307, #3202, .T. ) ;
#52 = VECTOR ( 'NONE', #1548, 1000.000000000000000 ) ;
#53 = VECTOR ( 'NONE', #1998, 1000.000000000000000 ) ;
#54 = ORIENTED_EDGE ( 'NONE', *, *, #3665, .F. ) ;
#55 = ORIENTED_EDGE ( 'NONE', *, *, #650, .F. ) ;
#56 = DIRECTION ( 'NONE',  ( -1.000000000000000000, -0.0000000000000000000, -0.0000000000000000000 ) ) ;
#57 = CARTESIAN_POINT ( 'NONE',  ( 19.57500006683415705, 2.583919414749769470E-15, 0.0000000000000000000 ) ) ;
#58 = DIRECTION ( 'NONE',  ( -0.5735764363510529318, -0.8191520442889870246, 0.0000000000000000000 ) ) ;
#59 = CIRCLE ( 'NONE', #1936, 6.000000000000002665 ) ;
#60 = ADVANCED_FACE ( 'NONE', ( #3147 ), #3080, .T. ) ;
#61 = DIRECTION ( 'NONE',  ( -1.000000000000000000, -1.224606353822377258E-16, -0.0000000000000000000 ) ) ;
#62 = DIRECTION ( 'NONE',  ( 0.0000000000000000000, -1.000000000000000000, 0.0000000000000000000 ) ) ;
#63 = EDGE_CURVE ( 'NONE', #3307, #276, #3157, .T. ) ;
#64 = FACE_OUTER_BOUND ( 'NONE', #1227, .T. ) ;
#65 = VECTOR ( 'NONE', #1161, 999.9999999999998863 ) ;
#66 = VERTEX_POINT ( 'NONE', #2122 ) ;
#67 = DIRECTION ( 'NONE',  ( 0.0000000000000000000, -1.000000000000000000, 0.0000000000000000000 ) ) ;
#68 = LINE ( 'NONE', #896, #3644 ) ;
#69 = CIRCLE ( 'NONE', #1743, 5.036000000000003141 ) ;
#70 = EDGE_CURVE ( 'NONE', #445, #604, #3115, .T. ) ;
#71 = LINE ( 'NONE', #1539, #52 ) ;
#72 = VECTOR ( 'NONE', #1147, 999.9999999999998863 ) ;
#73 = DIRECTION ( 'NONE',  ( 0.0000000000000000000, 1.000000000000000000, 0.0000000000000000000 ) ) ;
#74 = EDGE_CURVE ( 'NONE', #786, #965, #3138, .T. ) ;
#75 = VECTOR ( 'NONE', #3572, 999.9999999999998863 ) ;
#76 = CARTESIAN_POINT ( 'NONE',  ( 28.12499993316582803, 2.418597540614639737E-15, 0.0000000000000000000 ) ) ;
#77 = CIRCLE ( 'NONE', #1717, 6.000000000000002665 ) ;
#78 = DIRECTION ( 'NONE',  ( -1.000000000000000000, -1.224606353822377258E-16, -0.0000000000000000000 ) ) ;
#79 = EDGE_LOOP ( 'NONE', ( #1905, #3058, #1230, #1707, #3382 ) ) ;
#80 = EDGE_LOOP ( 'NONE', ( #1164, #1081, #1078, #994, #766 ) ) ;
#81 = EDGE_CURVE ( 'NONE', #965, #3343, #3129, .T. ) ;
#82 = CARTESIAN_POINT ( 'NONE',  ( 24.52500006683415990, 2.583919414749769470E-15, 0.0000000000000000000 ) ) ;
#83 = DIRECTION ( 'NONE',  ( 0.0000000000000000000, -1.000000000000000000, 0.0000000000000000000 ) ) ;
#84 = ADVANCED_FACE ( 'NONE', ( #3047 ), #1253, .T. ) ;
#85 = EDGE_LOOP ( 'NONE', ( #1052, #1497, #2147 ) ) ;
#86 = VERTEX_POINT ( 'NONE', #2036 ) ;
#87 = ADVANCED_FACE ( 'NONE', ( #3043 ), #3031, .T. ) ;
#88 = DIRECTION ( 'NONE',  ( 0.0000000000000000000, -1.000000000000000000, 0.0000000000000000000 ) ) ;
#89 = ORIENTED_EDGE ( 'NONE', *, *, #2900, .T. ) ;
#90 = EDGE_CURVE ( 'NONE', #3343, #2154, #3040, .T. ) ;
#91 = ORIENTED_EDGE ( 'NONE', *, *, #3224, .F. ) ;
#92 = DIRECTION ( 'NONE',  ( -1.000000000000000000, -1.224606353822377258E-16, -0.0000000000000000000 ) ) ;
#93 = EDGE_LOOP ( 'NONE', ( #2639, #1618, #268, #3433 ) ) ;
#94 = DIRECTION ( 'NONE',  ( 0.0000000000000000000, 0.0000000000000000000, 1.000000000000000000 ) ) ;
#95 = ORIENTED_EDGE ( 'NONE', *, *, #3010, .F. ) ;
#96 = EDGE_LOOP ( 'NONE', ( #3551, #3608, #3621, #3626, #3630 ) ) ;
#97 = CONICAL_SURFACE ( 'NONE', #1604, 5.036000000000003141, 0.9599310885968728169 ) ;
#98 = ORIENTED_EDGE ( 'NONE', *, *, #444, .T. ) ;
#99 = EDGE_CURVE ( 'NONE', #1802, #3, #3042, .T. ) ;
#100 = EDGE_CURVE ( 'NONE', #3026, #2154, #3164, .T. ) ;
#101 = VERTEX_POINT ( 'NONE', #1228 ) ;
#102 = ORIENTED_EDGE ( 'NONE', *, *, #3066, .T. ) ;
#103 = DIRECTION ( 'NONE',  ( 0.0000000000000000000, -1.000000000000000000, 0.0000000000000000000 ) ) ;
#104 = DIRECTION ( 'NONE',  ( -1.000000000000000000, -0.0000000000000000000, -0.0000000000000000000 ) ) ;
#105 = CIRCLE ( 'NONE', #1718, 5.036000000000003141 ) ;
#106 = ORIENTED_EDGE ( 'NONE', *, *, #2885, .F. ) ;
#107 = CARTESIAN_POINT ( 'NONE',  ( 19.87499993316583158, 2.418597540614639737E-15, 0.0000000000000000000 ) ) ;
#108 = DIRECTION ( 'NONE',  ( -1.000000000000000000, -1.224606353822377258E-16, -0.0000000000000000000 ) ) ;
#109 = CONICAL_SURFACE ( 'NONE', #1964, 6.000000000000002665, 0.9599310885968824758 ) ;
#110 = EDGE_CURVE ( 'NONE', #2125, #3109, #3065, .T. ) ;
#111 = ORIENTED_EDGE ( 'NONE', *, *, #99, .T. ) ;
#112 = EDGE_CURVE ( 'NONE', #1806, #3109, #3008, .T. ) ;
#113 = CIRCLE ( 'NONE', #1956, 6.000000000000002665 ) ;
#114 = CARTESIAN_POINT ( 'NONE',  ( 22.19999999999999929, -5.036000000000000476, 0.0000000000000000000 ) ) ;
#115 = CARTESIAN_POINT ( 'NONE',  ( 34.42500006683415847, 2.583919414749769470E-15, 0.0000000000000000000 ) ) ;
#116 = ORIENTED_EDGE ( 'NONE', *, *, #81, .F. ) ;
#117 = EDGE_LOOP ( 'NONE', ( #480, #3403, #3468, #1085 ) ) ;
#118 = EDGE_CURVE ( 'NONE', #1806, #3532, #2989, .T. ) ;
#119 = EDGE_CURVE ( 'NONE', #3532, #1010, #2999, .T. ) ;
#120 = CIRCLE ( 'NONE', #1951, 6.000000000000002665 ) ;
#121 = CIRCLE ( 'NONE', #1723, 6.000000000000002665 ) ;
#122 = CARTESIAN_POINT ( 'NONE',  ( 21.52499993316583016, 2.418597540614639737E-15, 0.0000000000000000000 ) ) ;
#123 = CARTESIAN_POINT ( 'NONE',  ( 37.72500006683415563, 2.583919414749769470E-15, 0.0000000000000000000 ) ) ;
#124 = CIRCLE ( 'NONE', #1955, 6.000000000000002665 ) ;
#125 = VECTOR ( 'NONE', #1549, 999.9999999999998863 ) ;
#126 = LINE ( 'NONE', #2220, #53 ) ;
#127 = DIRECTION ( 'NONE',  ( -1.000000000000000000, -1.224606353822377258E-16, -0.0000000000000000000 ) ) ;
#128 = DIRECTION ( 'NONE',  ( 0.0000000000000000000, -1.000000000000000000, 0.0000000000000000000 ) ) ;
#129 = ORIENTED_EDGE ( 'NONE', *, *, #3041, .F. ) ;
#130 = DIRECTION ( 'NONE',  ( 0.0000000000000000000, -1.000000000000000000, 0.0000000000000000000 ) ) ;
#131 = DIRECTION ( 'NONE',  ( -1.000000000000000000, -1.224606353822377258E-16, -0.0000000000000000000 ) ) ;
#132 = EDGE_CURVE ( 'NONE', #2199, #1010, #2956, .T. ) ;
#133 = ORIENTED_EDGE ( 'NONE', *, *, #2960, .F. ) ;
#134 = CARTESIAN_POINT ( 'NONE',  ( 38.02499993316582305, 2.418597540614639737E-15, 0.0000000000000000000 ) ) ;
#135 = CONICAL_SURFACE ( 'NONE', #1972, 5.036000000000003141, 0.9599310885968728169 ) ;
#136 = DIRECTION ( 'NONE',  ( -1.000000000000000000, -1.224606353822377258E-16, -0.0000000000000000000 ) ) ;
#137 = CYLINDRICAL_SURFACE ( 'NONE', #1750, 5.999999999999952038 ) ;
#138 = ORIENTED_EDGE ( 'NONE', *, *, #3381, .T. ) ;
#139 = EDGE_CURVE ( 'NONE', #2125, #2199, #2907, .T. ) ;
#140 = DIRECTION ( 'NONE',  ( 0.5735764363510452712, -0.8191520442889924647, 1.003171929053525610E-16 ) ) ;
#141 = VERTEX_POINT ( 'NONE', #1325 ) ;
#142 = EDGE_CURVE ( 'NONE', #3, #1802, #2881, .T. ) ;
#143 = VERTEX_POINT ( 'NONE', #1463 ) ;
#144 = ORIENTED_EDGE ( 'NONE', *, *, #3360, .F. ) ;
#145 = EDGE_LOOP ( 'NONE', ( #888, #966, #996, #1007, #1087 ) ) ;
#146 = ORIENTED_EDGE ( 'NONE', *, *, #3604, .F. ) ;
#147 = VERTEX_POINT ( 'NONE', #1417 ) ;
#148 = CARTESIAN_POINT ( 'NONE',  ( 20.55000000000000071, 2.501258477682205392E-15, 0.0000000000000000000 ) ) ;
#149 = ORIENTED_EDGE ( 'NONE', *, *, #413, .T. ) ;
#150 = DIRECTION ( 'NONE',  ( -1.000000000000000000, -0.0000000000000000000, -0.0000000000000000000 ) ) ;
#151 = CIRCLE ( 'NONE', #1965, 6.000000000000002665 ) ;
#152 = ORIENTED_EDGE ( 'NONE', *, *, #3332, .F. ) ;
#153 = LINE ( 'NONE', #437, #2855 ) ;
#154 = DIRECTION ( 'NONE',  ( 0.0000000000000000000, -1.000000000000000000, 0.0000000000000000000 ) ) ;
#155 = VERTEX_POINT ( 'NONE', #1460 ) ;
#156 = CIRCLE ( 'NONE', #1734, 6.000000000000002665 ) ;
#157 = EDGE_CURVE ( 'NONE', #965, #1163, #2860, .T. ) ;
#158 = CARTESIAN_POINT ( 'NONE',  ( 21.22500006683415918, 6.000000000000004441, 0.0000000000000000000 ) ) ;
#159 = VECTOR ( 'NONE', #1431, 1000.000000000000000 ) ;
#160 = ORIENTED_EDGE ( 'NONE', *, *, #3312, .T. ) ;
#161 = CARTESIAN_POINT ( 'NONE',  ( 21.52499993316583016, 2.418597540614639737E-15, 0.0000000000000000000 ) ) ;
#162 = EDGE_CURVE ( 'NONE', #1451, #567, #2903, .T. ) ;
#163 = DIRECTION ( 'NONE',  ( 0.5735764363510450492, 0.8191520442889925757, 0.0000000000000000000 ) ) ;
#164 = EDGE_CURVE ( 'NONE', #3307, #445, #2851, .T. ) ;
#165 = CIRCLE ( 'NONE', #1935, 6.000000000000002665 ) ;
#166 = CIRCLE ( 'NONE', #1564, 6.000000000000002665 ) ;
#167 = CARTESIAN_POINT ( 'NONE',  ( 22.87500006683415776, -6.000000000000000000, 7.347880794884122694E-16 ) ) ;
#168 = CARTESIAN_POINT ( 'NONE',  ( 27.15000000000000213, 5.036000000000005805, 6.167321280506074351E-16 ) ) ;
#169 = DIRECTION ( 'NONE',  ( -1.000000000000000000, -1.224606353822377258E-16, -0.0000000000000000000 ) ) ;
#170 = VECTOR ( 'NONE', #1481, 1000.000000000000000 ) ;
#171 = DIRECTION ( 'NONE',  ( -1.000000000000000000, -0.0000000000000000000, -0.0000000000000000000 ) ) ;
#172 = EDGE_CURVE ( 'NONE', #604, #276, #2839, .T. ) ;
#173 = CARTESIAN_POINT ( 'NONE',  ( 12.00000000000000355, 1.102182119232617714E-15, -9.000000000000000000 ) ) ;
#174 = FACE_OUTER_BOUND ( 'NONE', #1515, .T. ) ;
#175 = VERTEX_POINT ( 'NONE', #3374 ) ;
#176 = CARTESIAN_POINT ( 'NONE',  ( 34.42500006683415847, 6.000000000000004441, 0.0000000000000000000 ) ) ;
#177 = EDGE_CURVE ( 'NONE', #2876, #2125, #2822, .T. ) ;
#178 = EDGE_CURVE ( 'NONE', #2876, #1210, #2829, .T. ) ;
#179 = LINE ( 'NONE', #1366, #159 ) ;
#180 = CARTESIAN_POINT ( 'NONE',  ( 39.37500006683415421, 7.347880794883902799E-16, -6.000000000000002665 ) ) ;
#181 = CIRCLE ( 'NONE', #1744, 6.000000000000002665 ) ;
#182 = CARTESIAN_POINT ( 'NONE',  ( 6.000000000000000000, 5.839897972853065333, -1.517883041479706208E-14 ) ) ;
#183 = ORIENTED_EDGE ( 'NONE', *, *, #3407, .F. ) ;
#184 = DIRECTION ( 'NONE',  ( -1.000000000000000000, -1.224606353822377258E-16, -0.0000000000000000000 ) ) ;
#185 = LINE ( 'NONE', #1693, #75 ) ;
#186 = EDGE_CURVE ( 'NONE', #1210, #3513, #2835, .T. ) ;
#187 = DIRECTION ( 'NONE',  ( -0.5735764363510532649, 0.8191520442889868026, 1.003171929053518707E-16 ) ) ;
#188 = DIRECTION ( 'NONE',  ( 0.0000000000000000000, 0.0000000000000000000, 1.000000000000000000 ) ) ;
#189 = PRESENTATION_STYLE_ASSIGNMENT (( #2814 ) ) ;
#190 = FACE_OUTER_BOUND ( 'NONE', #1326, .T. ) ;
#191 = DIRECTION ( 'NONE',  ( -0.5735764363510529318, -0.8191520442889870246, 0.0000000000000000000 ) ) ;
#192 = CARTESIAN_POINT ( 'NONE',  ( 31.42499993316583229, 2.418597540614639737E-15, 0.0000000000000000000 ) ) ;
#193 = EDGE_CURVE ( 'NONE', #3513, #3109, #2782, .T. ) ;
#194 = CARTESIAN_POINT ( 'NONE',  ( 30.45000000000000284, 5.036000000000005805, 0.0000000000000000000 ) ) ;
#195 = CARTESIAN_POINT ( 'NONE',  ( 23.17499993316583229, 6.000000000000006217, 7.347880794884123680E-16 ) ) ;
#196 = CIRCLE ( 'NONE', #1977, 6.000000000000002665 ) ;
#197 = ORIENTED_EDGE ( 'NONE', *, *, #980, .F. ) ;
#198 = DIRECTION ( 'NONE',  ( 0.0000000000000000000, -1.000000000000000000, 0.0000000000000000000 ) ) ;
#199 = DIRECTION ( 'NONE',  ( 0.0000000000000000000, -1.000000000000000000, 0.0000000000000000000 ) ) ;
#200 = DIRECTION ( 'NONE',  ( 0.0000000000000000000, -1.000000000000000000, 0.0000000000000000000 ) ) ;
#201 = CIRCLE ( 'NONE', #1694, 6.000000000000002665 ) ;
#202 = ORIENTED_EDGE ( 'NONE', *, *, #3133, .F. ) ;
#203 = VERTEX_POINT ( 'NONE', #3239 ) ;
#204 = DIRECTION ( 'NONE',  ( -1.000000000000000000, -1.224606353822377258E-16, -0.0000000000000000000 ) ) ;
#205 = CIRCLE ( 'NONE', #1985, 6.000000000000002665 ) ;
#206 = CARTESIAN_POINT ( 'NONE',  ( 22.19999999999999929, 2.501258477682205392E-15, 0.0000000000000000000 ) ) ;
#207 = DIRECTION ( 'NONE',  ( -1.000000000000000000, -1.224606353822377258E-16, -0.0000000000000000000 ) ) ;
#208 = ORIENTED_EDGE ( 'NONE', *, *, #3128, .T. ) ;
#209 = EDGE_CURVE ( 'NONE', #941, #3513, #2709, .T. ) ;
#210 = DIRECTION ( 'NONE',  ( 0.0000000000000000000, -1.000000000000000000, 0.0000000000000000000 ) ) ;
#211 = CIRCLE ( 'NONE', #1979, 5.036000000000003141 ) ;
#212 = CARTESIAN_POINT ( 'NONE',  ( 39.37500006683415421, 6.000000000000005329, 0.0000000000000000000 ) ) ;
#213 = VERTEX_POINT ( 'NONE', #3194 ) ;
#214 = CIRCLE ( 'NONE', #1990, 5.036000000000003141 ) ;
#215 = EDGE_CURVE ( 'NONE', #2976, #3649, #2722, .T. ) ;
#216 = ORIENTED_EDGE ( 'NONE', *, *, #336, .F. ) ;
#217 = DIRECTION ( 'NONE',  ( -1.000000000000000000, -1.224606353822377258E-16, -0.0000000000000000000 ) ) ;
#218 = DIRECTION ( 'NONE',  ( -1.000000000000000000, -0.0000000000000000000, -0.0000000000000000000 ) ) ;
#219 = CARTESIAN_POINT ( 'NONE',  ( 12.59999999999999964, 7.347880794884060572E-16, -5.999999999999952038 ) ) ;
#220 = VECTOR ( 'NONE', #1620, 999.9999999999998863 ) ;
#221 = DIRECTION ( 'NONE',  ( 0.0000000000000000000, -1.000000000000000000, 0.0000000000000000000 ) ) ;
#222 = CIRCLE ( 'NONE', #1989, 6.000000000000002665 ) ;
#223 = EDGE_CURVE ( 'NONE', #2642, #941, #2698, .T. ) ;
#224 = CARTESIAN_POINT ( 'NONE',  ( -31.74999999999995737, 0.0000000000000000000, 0.0000000000000000000 ) ) ;
#225 = CARTESIAN_POINT ( 'NONE',  ( 24.82499993316583087, 6.000000000000006217, 7.347880794884123680E-16 ) ) ;
#226 = CARTESIAN_POINT ( 'NONE',  ( 35.39999999999999858, 5.036000000000005805, 0.0000000000000000000 ) ) ;
#227 = LINE ( 'NONE', #1627, #220 ) ;
#228 = EDGE_CURVE ( 'NONE', #2642, #1806, #2741, .T. ) ;
#229 = CARTESIAN_POINT ( 'NONE',  ( 39.37500006683415421, -2.195560136601448872E-29, 6.000000000000002665 ) ) ;
#230 = CARTESIAN_POINT ( 'NONE',  ( 17.92500006683415847, 6.000000000000004441, 0.0000000000000000000 ) ) ;
#231 = DIRECTION ( 'NONE',  ( 0.0000000000000000000, -1.000000000000000000, 0.0000000000000000000 ) ) ;
#232 = CIRCLE ( 'NONE', #1992, 6.000000000000002665 ) ;
#233 = DIRECTION ( 'NONE',  ( 1.000000000000000000, 1.224606353822377258E-16, 0.0000000000000000000 ) ) ;
#234 = EDGE_CURVE ( 'NONE', #2642, #2200, #2693, .T. ) ;
#235 = CIRCLE ( 'NONE', #1751, 6.000000000000002665 ) ;
#236 = CARTESIAN_POINT ( 'NONE',  ( 41.03599999999994452, 0.0000000000000000000, 0.0000000000000000000 ) ) ;
#237 = CARTESIAN_POINT ( 'NONE',  ( 21.22500006683415918, 2.583919414749769470E-15, 0.0000000000000000000 ) ) ;
#238 = DIRECTION ( 'NONE',  ( 0.0000000000000000000, -1.000000000000000000, 0.0000000000000000000 ) ) ;
#239 = ORIENTED_EDGE ( 'NONE', *, *, #3581, .T. ) ;
#240 = DIRECTION ( 'NONE',  ( -1.000000000000000000, -1.224606353822377258E-16, -0.0000000000000000000 ) ) ;
#241 = CARTESIAN_POINT ( 'NONE',  ( 6.000000000000000000, 2.919948986426539772, 5.057499999999989448 ) ) ;
#242 = EDGE_CURVE ( 'NONE', #2200, #630, #2779, .T. ) ;
#243 = ORIENTED_EDGE ( 'NONE', *, *, #3199, .F. ) ;
#244 = CARTESIAN_POINT ( 'NONE',  ( 18.89999999999999858, -5.036000000000000476, 6.757601037695098523E-16 ) ) ;
#245 = EDGE_LOOP ( 'NONE', ( #3462, #3484, #3487, #3524, #3537 ) ) ;
#246 = DIRECTION ( 'NONE',  ( -1.000000000000000000, -1.224606353822377258E-16, -0.0000000000000000000 ) ) ;
#247 = CARTESIAN_POINT ( 'NONE',  ( 23.17499993316583229, 2.418597540614639737E-15, 0.0000000000000000000 ) ) ;
#248 = VECTOR ( 'NONE', #1650, 1000.000000000000000 ) ;
#249 = VERTEX_POINT ( 'NONE', #3328 ) ;
#250 = EDGE_CURVE ( 'NONE', #630, #3532, #2644, .T. ) ;
#251 = ORIENTED_EDGE ( 'NONE', *, *, #3204, .T. ) ;
#252 = DIRECTION ( 'NONE',  ( -1.000000000000000000, -1.224606353822377258E-16, -0.0000000000000000000 ) ) ;
#253 = CARTESIAN_POINT ( 'NONE',  ( 22.87500006683415776, 2.583919414749769470E-15, 0.0000000000000000000 ) ) ;
#254 = EDGE_CURVE ( 'NONE', #630, #1359, #2648, .T. ) ;
#255 = VERTEX_POINT ( 'NONE', #3385 ) ;
#256 = ORIENTED_EDGE ( 'NONE', *, *, #1458, .F. ) ;
#257 = ORIENTED_EDGE ( 'NONE', *, *, #3432, .F. ) ;
#258 = CARTESIAN_POINT ( 'NONE',  ( 33.75000000000000000, 5.036000000000005805, 6.167321280506074351E-16 ) ) ;
#259 = DIRECTION ( 'NONE',  ( 0.0000000000000000000, 1.000000000000000000, 0.0000000000000000000 ) ) ;
#260 = CARTESIAN_POINT ( 'NONE',  ( 33.75000000000000000, 2.501258477682205392E-15, 0.0000000000000000000 ) ) ;
#261 = EDGE_CURVE ( 'NONE', #1359, #1663, #2625, .T. ) ;
#262 = LINE ( 'NONE', #3087, #923 ) ;
#263 = CARTESIAN_POINT ( 'NONE',  ( 23.85000000000000142, 2.501258477682205392E-15, 0.0000000000000000000 ) ) ;
#264 = DIRECTION ( 'NONE',  ( -1.000000000000000000, -1.224606353822377258E-16, -0.0000000000000000000 ) ) ;
#265 = ORIENTED_EDGE ( 'NONE', *, *, #3260, .F. ) ;
#266 = ORIENTED_EDGE ( 'NONE', *, *, #569, .T. ) ;
#267 = EDGE_CURVE ( 'NONE', #1663, #1010, #2615, .T. ) ;
#268 = ORIENTED_EDGE ( 'NONE', *, *, #3480, .F. ) ;
#269 = DIRECTION ( 'NONE',  ( -1.000000000000000000, -1.224606353822377258E-16, -0.0000000000000000000 ) ) ;
#270 = CARTESIAN_POINT ( 'NONE',  ( 21.52499993316583016, 2.418597540614639737E-15, 0.0000000000000000000 ) ) ;
#271 = LINE ( 'NONE', #1647, #308 ) ;
#272 = ORIENTED_EDGE ( 'NONE', *, *, #267, .T. ) ;
#273 = EDGE_CURVE ( 'NONE', #1756, #1663, #2601, .T. ) ;
#274 = DIRECTION ( 'NONE',  ( -1.000000000000000000, -1.224606353822377258E-16, -0.0000000000000000000 ) ) ;
#275 = DIRECTION ( 'NONE',  ( 0.0000000000000000000, -1.000000000000000000, 0.0000000000000000000 ) ) ;
#276 = VERTEX_POINT ( 'NONE', #3431 ) ;
#277 = ORIENTED_EDGE ( 'NONE', *, *, #1047, .T. ) ;
#278 = CIRCLE ( 'NONE', #1862, 6.000000000000002665 ) ;
#279 = CARTESIAN_POINT ( 'NONE',  ( 22.19999999999999929, 2.501258477682205392E-15, 0.0000000000000000000 ) ) ;
#280 = EDGE_LOOP ( 'NONE', ( #1188, #571, #628, #1345, #54 ) ) ;
#281 = CARTESIAN_POINT ( 'NONE',  ( 40.34999999999999432, 2.501258477682205392E-15, 0.0000000000000000000 ) ) ;
#282 = VECTOR ( 'NONE', #1390, 999.9999999999998863 ) ;
#283 = DIRECTION ( 'NONE',  ( 0.0000000000000000000, -1.000000000000000000, 0.0000000000000000000 ) ) ;
#284 = CARTESIAN_POINT ( 'NONE',  ( 34.42500006683415847, 2.583919414749769470E-15, 0.0000000000000000000 ) ) ;
#285 = CARTESIAN_POINT ( 'NONE',  ( 36.37499993316582447, 7.347880794883917590E-16, -6.000000000000002665 ) ) ;
#286 = EDGE_CURVE ( 'NONE', #1654, #1756, #2584, .T. ) ;
#287 = VERTEX_POINT ( 'NONE', #3437 ) ;
#288 = CARTESIAN_POINT ( 'NONE',  ( 28.12499993316582803, 7.347880794883917590E-16, -6.000000000000002665 ) ) ;
#289 = DIRECTION ( 'NONE',  ( -1.000000000000000000, -1.224606353822377258E-16, -0.0000000000000000000 ) ) ;
#290 = CARTESIAN_POINT ( 'NONE',  ( 19.57500006683415705, -6.000000000000000000, 7.347880794884122694E-16 ) ) ;
#291 = EDGE_LOOP ( 'NONE', ( #846, #1878, #817, #3635, #1092, #933 ) ) ;
#292 = LINE ( 'NONE', #1730, #248 ) ;
#293 = CARTESIAN_POINT ( 'NONE',  ( 26.17500006683415847, 2.583919414749769470E-15, 0.0000000000000000000 ) ) ;
#294 = VERTEX_POINT ( 'NONE', #3450 ) ;
#295 = CIRCLE ( 'NONE', #1763, 6.000000000000002665 ) ;
#296 = DIRECTION ( 'NONE',  ( 0.0000000000000000000, -1.000000000000000000, 0.0000000000000000000 ) ) ;
#297 = EDGE_CURVE ( 'NONE', #1654, #2199, #2564, .T. ) ;
#298 = EDGE_CURVE ( 'NONE', #2419, #1654, #2675, .T. ) ;
#299 = DIRECTION ( 'NONE',  ( -0.5735764363510532649, 0.8191520442889868026, 1.003171929053518707E-16 ) ) ;
#300 = CARTESIAN_POINT ( 'NONE',  ( 17.92500006683415847, 7.347880794883902799E-16, -6.000000000000002665 ) ) ;
#301 = DIRECTION ( 'NONE',  ( -1.000000000000000000, -0.0000000000000000000, -0.0000000000000000000 ) ) ;
#302 = ORIENTED_EDGE ( 'NONE', *, *, #418, .F. ) ;
#303 = EDGE_CURVE ( 'NONE', #2876, #2419, #2566, .T. ) ;
#304 = DIRECTION ( 'NONE',  ( 0.0000000000000000000, -1.000000000000000000, 0.0000000000000000000 ) ) ;
#305 = DIRECTION ( 'NONE',  ( -1.000000000000000000, -1.224606353822377258E-16, -0.0000000000000000000 ) ) ;
#306 = VERTEX_POINT ( 'NONE', #3509 ) ;
#307 = DIRECTION ( 'NONE',  ( 0.0000000000000000000, -1.000000000000000000, 0.0000000000000000000 ) ) ;
#308 = VECTOR ( 'NONE', #1633, 1000.000000000000000 ) ;
#309 = CARTESIAN_POINT ( 'NONE',  ( -31.74999999999995737, 0.0000000000000000000, 5.999999999999952038 ) ) ;
#310 = CARTESIAN_POINT ( 'NONE',  ( 33.75000000000000000, 2.501258477682205392E-15, 0.0000000000000000000 ) ) ;
#311 = EDGE_CURVE ( 'NONE', #2419, #1756, #2558, .T. ) ;
#312 = EDGE_LOOP ( 'NONE', ( #550, #652, #732, #805, #878 ) ) ;
#313 = VECTOR ( 'NONE', #1414, 999.9999999999998863 ) ;
#314 = DIRECTION ( 'NONE',  ( 0.0000000000000000000, -1.000000000000000000, 0.0000000000000000000 ) ) ;
#315 = DIRECTION ( 'NONE',  ( 0.0000000000000000000, -1.000000000000000000, 0.0000000000000000000 ) ) ;
#316 = EDGE_LOOP ( 'NONE', ( #3063, #2801, #2670, #2492, #2393, #1573 ) ) ;
#317 = CARTESIAN_POINT ( 'NONE',  ( 26.47499993316582945, 2.418597540614639737E-15, 0.0000000000000000000 ) ) ;
#318 = LINE ( 'NONE', #1759, #282 ) ;
#319 = CIRCLE ( 'NONE', #1664, 6.000000000000002665 ) ;
#320 = EDGE_LOOP ( 'NONE', ( #338, #3369, #3262, #3118, #2806, #2767 ) ) ;
#321 = CARTESIAN_POINT ( 'NONE',  ( -31.74999999999995737, 0.0000000000000000000, 0.0000000000000000000 ) ) ;
#322 = DIRECTION ( 'NONE',  ( -1.000000000000000000, -1.224606353822377258E-16, -0.0000000000000000000 ) ) ;
#323 = CARTESIAN_POINT ( 'NONE',  ( 29.47500006683415918, 7.347880794883902799E-16, -6.000000000000002665 ) ) ;
#324 = VECTOR ( 'NONE', #1383, 1000.000000000000000 ) ;
#325 = CARTESIAN_POINT ( 'NONE',  ( 22.19999999999999929, 2.501258477682205392E-15, 0.0000000000000000000 ) ) ;
#326 = VECTOR ( 'NONE', #2911, 999.9999999999998863 ) ;
#327 = EDGE_CURVE ( 'NONE', #1210, #2419, #2549, .T. ) ;
#328 = DIRECTION ( 'NONE',  ( 0.0000000000000000000, -1.000000000000000000, 0.0000000000000000000 ) ) ;
#329 = DIRECTION ( 'NONE',  ( 0.0000000000000000000, 0.0000000000000000000, 1.000000000000000000 ) ) ;
#330 = CARTESIAN_POINT ( 'NONE',  ( 20.55000000000000071, 2.501258477682205392E-15, 0.0000000000000000000 ) ) ;
#331 = EDGE_CURVE ( 'NONE', #941, #1210, #2545, .T. ) ;
#332 = CARTESIAN_POINT ( 'NONE',  ( 22.87500006683415776, 2.583919414749769470E-15, 0.0000000000000000000 ) ) ;
#333 = LINE ( 'NONE', #385, #313 ) ;
#334 = DIRECTION ( 'NONE',  ( -1.000000000000000000, -1.224606353822377258E-16, -0.0000000000000000000 ) ) ;
#335 = DIRECTION ( 'NONE',  ( -1.000000000000000000, -1.224606353822377258E-16, -0.0000000000000000000 ) ) ;
#336 = EDGE_CURVE ( 'NONE', #3279, #523, #2524, .T. ) ;
#337 = CARTESIAN_POINT ( 'NONE',  ( 18.22499993316582945, 2.418597540614639737E-15, 0.0000000000000000000 ) ) ;
#338 = ORIENTED_EDGE ( 'NONE', *, *, #3434, .F. ) ;
#339 = DIRECTION ( 'NONE',  ( -1.000000000000000000, -1.224606353822377258E-16, -0.0000000000000000000 ) ) ;
#340 = LINE ( 'NONE', #3632, #324 ) ;
#341 = ORIENTED_EDGE ( 'NONE', *, *, #74, .F. ) ;
#342 = CARTESIAN_POINT ( 'NONE',  ( 6.000000000000000000, -2.919948986426525117, 5.057499999999995666 ) ) ;
#343 = CARTESIAN_POINT ( 'NONE',  ( 32.77500006683415990, -6.000000000000000888, 7.347880794884123680E-16 ) ) ;
#344 = CARTESIAN_POINT ( 'NONE',  ( 17.25000000000000000, 2.501258477682205392E-15, 0.0000000000000000000 ) ) ;
#345 = DIRECTION ( 'NONE',  ( -1.000000000000000000, -1.224606353822377258E-16, -0.0000000000000000000 ) ) ;
#346 = ORIENTED_EDGE ( 'NONE', *, *, #3418, .F. ) ;
#347 = ORIENTED_EDGE ( 'NONE', *, *, #3198, .T. ) ;
#348 = VERTEX_POINT ( 'NONE', #3587 ) ;
#349 = DIRECTION ( 'NONE',  ( 0.0000000000000000000, -1.000000000000000000, 0.0000000000000000000 ) ) ;
#350 = CIRCLE ( 'NONE', #1994, 5.036000000000003141 ) ;
#351 = EDGE_CURVE ( 'NONE', #2683, #2235, #2517, .T. ) ;
#352 = EDGE_CURVE ( 'NONE', #175, #1045, #2523, .T. ) ;
#353 = ORIENTED_EDGE ( 'NONE', *, *, #3256, .T. ) ;
#354 = ORIENTED_EDGE ( 'NONE', *, *, #2908, .T. ) ;
#355 = CYLINDRICAL_SURFACE ( 'NONE', #2006, 5.999999999999952038 ) ;
#356 = DIRECTION ( 'NONE',  ( 0.0000000000000000000, -1.000000000000000000, 0.0000000000000000000 ) ) ;
#357 = ORIENTED_EDGE ( 'NONE', *, *, #3471, .T. ) ;
#358 = ORIENTED_EDGE ( 'NONE', *, *, #2988, .F. ) ;
#359 = EDGE_CURVE ( 'NONE', #1393, #2735, #2591, .T. ) ;
#360 = EDGE_CURVE ( 'NONE', #1637, #1902, #2504, .T. ) ;
#361 = VERTEX_POINT ( 'NONE', #3646 ) ;
#362 = DIRECTION ( 'NONE',  ( -1.000000000000000000, -1.224606353822377258E-16, -0.0000000000000000000 ) ) ;
#363 = DIRECTION ( 'NONE',  ( 0.0000000000000000000, 0.0000000000000000000, 1.000000000000000000 ) ) ;
#364 = CIRCLE ( 'NONE', #2007, 6.000000000000002665 ) ;
#365 = CARTESIAN_POINT ( 'NONE',  ( 41.99999999999999289, 0.0000000000000000000, 0.0000000000000000000 ) ) ;
#366 = EDGE_LOOP ( 'NONE', ( #106, #3664, #3573, #3123, #3034 ) ) ;
#367 = CARTESIAN_POINT ( 'NONE',  ( 25.50000000000000355, 5.036000000000005805, 0.0000000000000000000 ) ) ;
#368 = LINE ( 'NONE', #2748, #1963 ) ;
#369 = DIRECTION ( 'NONE',  ( -1.000000000000000000, -1.224606353822377258E-16, -0.0000000000000000000 ) ) ;
#370 = DIRECTION ( 'NONE',  ( 0.0000000000000000000, -1.000000000000000000, 0.0000000000000000000 ) ) ;
#371 = EDGE_LOOP ( 'NONE', ( #202, #601, #663, #1049, #1089, #884 ) ) ;
#372 = EDGE_LOOP ( 'NONE', ( #2197, #1975, #763, #1720, #1941 ) ) ;
#373 = DIRECTION ( 'NONE',  ( -1.000000000000000000, -0.0000000000000000000, -0.0000000000000000000 ) ) ;
#374 = EDGE_LOOP ( 'NONE', ( #1428, #1652, #1957, #1096, #3574, #1873 ) ) ;
#375 = ORIENTED_EDGE ( 'NONE', *, *, #90, .F. ) ;
#376 = EDGE_CURVE ( 'NONE', #2579, #3071, #2501, .T. ) ;
#377 = FACE_OUTER_BOUND ( 'NONE', #2041, .T. ) ;
#378 = CIRCLE ( 'NONE', #2012, 6.000000000000002665 ) ;
#379 = VECTOR ( 'NONE', #1291, 999.9999999999998863 ) ;
#380 = EDGE_CURVE ( 'NONE', #1042, #739, #2493, .T. ) ;
#381 = DIRECTION ( 'NONE',  ( -1.000000000000000000, -1.224606353822377258E-16, -0.0000000000000000000 ) ) ;
#382 = DIRECTION ( 'NONE',  ( -1.000000000000000000, -1.224606353822377258E-16, -0.0000000000000000000 ) ) ;
#383 = CARTESIAN_POINT ( 'NONE',  ( 22.87500006683415776, 2.583919414749769470E-15, 0.0000000000000000000 ) ) ;
#384 = EDGE_CURVE ( 'NONE', #1159, #658, #2513, .T. ) ;
#385 = CARTESIAN_POINT ( 'NONE',  ( 32.77500006683415990, -6.000000000000000000, 7.347880794884122694E-16 ) ) ;
#386 = DIRECTION ( 'NONE',  ( 0.0000000000000000000, 0.0000000000000000000, 1.000000000000000000 ) ) ;
#387 = EDGE_CURVE ( 'NONE', #287, #2284, #2482, .T. ) ;
#388 = VECTOR ( 'NONE', #41, 1000.000000000000000 ) ;
#389 = CIRCLE ( 'NONE', #2002, 6.000000000000002665 ) ;
#390 = VECTOR ( 'NONE', #3089, 1000.000000000000000 ) ;
#391 = PLANE ( 'NONE',  #2056 ) ;
#392 = CIRCLE ( 'NONE', #1999, 6.000000000000002665 ) ;
#393 = ORIENTED_EDGE ( 'NONE', *, *, #376, .F. ) ;
#394 = VERTEX_POINT ( 'NONE', #194 ) ;
#395 = DIRECTION ( 'NONE',  ( 0.0000000000000000000, -1.000000000000000000, 0.0000000000000000000 ) ) ;
#396 = CARTESIAN_POINT ( 'NONE',  ( 32.10000000000000142, 2.501258477682205392E-15, 0.0000000000000000000 ) ) ;
#397 = ORIENTED_EDGE ( 'NONE', *, *, #412, .F. ) ;
#398 = ORIENTED_EDGE ( 'NONE', *, *, #3101, .T. ) ;
#399 = ORIENTED_EDGE ( 'NONE', *, *, #3035, .F. ) ;
#400 = EDGE_CURVE ( 'NONE', #1247, #979, #2474, .T. ) ;
#401 = CARTESIAN_POINT ( 'NONE',  ( 6.000000000000000000, 2.919948986426539772, 5.057499999999989448 ) ) ;
#402 = ORIENTED_EDGE ( 'NONE', *, *, #412, .T. ) ;
#403 = CIRCLE ( 'NONE', #2013, 6.000000000000002665 ) ;
#404 = CIRCLE ( 'NONE', #1541, 6.000000000000002665 ) ;
#405 = DIRECTION ( 'NONE',  ( -1.000000000000000000, -1.224606353822377258E-16, -0.0000000000000000000 ) ) ;
#406 = VERTEX_POINT ( 'NONE', #226 ) ;
#407 = EDGE_CURVE ( 'NONE', #2312, #3404, #2473, .T. ) ;
#408 = EDGE_CURVE ( 'NONE', #1069, #66, #2458, .T. ) ;
#409 = ORIENTED_EDGE ( 'NONE', *, *, #2996, .T. ) ;
#410 = CARTESIAN_POINT ( 'NONE',  ( -31.74999999999995737, 0.0000000000000000000, 0.0000000000000000000 ) ) ;
#411 = VERTEX_POINT ( 'NONE', #230 ) ;
#412 = EDGE_CURVE ( 'NONE', #3515, #3539, #2445, .T. ) ;
#413 = EDGE_CURVE ( 'NONE', #2382, #1129, #2440, .T. ) ;
#414 = CARTESIAN_POINT ( 'NONE',  ( 19.87499993316583158, 7.347880794883921535E-16, -6.000000000000002665 ) ) ;
#415 = LINE ( 'NONE', #22, #388 ) ;
#416 = ORIENTED_EDGE ( 'NONE', *, *, #573, .F. ) ;
#417 = DIRECTION ( 'NONE',  ( -1.000000000000000000, 0.0000000000000000000, 0.0000000000000000000 ) ) ;
#418 = EDGE_CURVE ( 'NONE', #960, #213, #2464, .T. ) ;
#419 = ORIENTED_EDGE ( 'NONE', *, *, #2900, .F. ) ;
#420 = CIRCLE ( 'NONE', #2014, 6.000000000000002665 ) ;
#421 = DIRECTION ( 'NONE',  ( 0.0000000000000000000, -1.000000000000000000, 0.0000000000000000000 ) ) ;
#422 = EDGE_LOOP ( 'NONE', ( #3557, #2326, #3352, #2441, #3501 ) ) ;
#423 = CIRCLE ( 'NONE', #2018, 6.000000000000002665 ) ;
#424 = LINE ( 'NONE', #1392, #170 ) ;
#425 = CARTESIAN_POINT ( 'NONE',  ( 40.34999999999999432, -5.036000000000000476, 0.0000000000000000000 ) ) ;
#426 = DIRECTION ( 'NONE',  ( -1.000000000000000000, -0.0000000000000000000, -0.0000000000000000000 ) ) ;
#427 = EDGE_CURVE ( 'NONE', #2624, #597, #2423, .T. ) ;
#428 = CARTESIAN_POINT ( 'NONE',  ( 23.17499993316583229, 2.418597540614639737E-15, 0.0000000000000000000 ) ) ;
#429 = CARTESIAN_POINT ( 'NONE',  ( 12.59999999999999964, 0.0000000000000000000, 0.0000000000000000000 ) ) ;
#430 = ADVANCED_FACE ( 'NONE', ( #2409 ), #2383, .T. ) ;
#431 = EDGE_CURVE ( 'NONE', #2116, #1444, #2390, .T. ) ;
#432 = EDGE_CURVE ( 'NONE', #3387, #972, #2435, .T. ) ;
#433 = CIRCLE ( 'NONE', #2025, 6.000000000000002665 ) ;
#434 = DIRECTION ( 'NONE',  ( 0.0000000000000000000, -1.000000000000000000, 0.0000000000000000000 ) ) ;
#435 = DIRECTION ( 'NONE',  ( 0.0000000000000000000, 0.0000000000000000000, 1.000000000000000000 ) ) ;
#436 = ORIENTED_EDGE ( 'NONE', *, *, #651, .F. ) ;
#437 = CARTESIAN_POINT ( 'NONE',  ( 18.89999999999999858, -5.036000000000000476, 0.0000000000000000000 ) ) ;
#438 = EDGE_CURVE ( 'NONE', #457, #30, #2401, .T. ) ;
#439 = ADVANCED_FACE ( 'NONE', ( #2381 ), #2345, .T. ) ;
#440 = ORIENTED_EDGE ( 'NONE', *, *, #1312, .T. ) ;
#441 = DIRECTION ( 'NONE',  ( 1.000000000000000000, 0.0000000000000000000, 0.0000000000000000000 ) ) ;
#442 = DIRECTION ( 'NONE',  ( 0.0000000000000000000, -1.000000000000000000, 0.0000000000000000000 ) ) ;
#443 = VECTOR ( 'NONE', #163, 1000.000000000000000 ) ;
#444 = EDGE_CURVE ( 'NONE', #155, #3511, #2349, .T. ) ;
#445 = VERTEX_POINT ( 'NONE', #2922 ) ;
#446 = DIRECTION ( 'NONE',  ( 0.5735764363510450492, 0.8191520442889925757, 0.0000000000000000000 ) ) ;
#447 = CONICAL_SURFACE ( 'NONE', #2034, 6.000000000000002665, 0.9599310885968824758 ) ;
#448 = DIRECTION ( 'NONE',  ( -1.000000000000000000, -1.224606353822377258E-16, -0.0000000000000000000 ) ) ;
#449 = VERTEX_POINT ( 'NONE', #3475 ) ;
#450 = ORIENTED_EDGE ( 'NONE', *, *, #3224, .T. ) ;
#451 = EDGE_LOOP ( 'NONE', ( #1167, #1219, #1259, #1261, #1265, #1302 ) ) ;
#452 = EDGE_CURVE ( 'NONE', #3477, #449, #2356, .T. ) ;
#453 = VERTEX_POINT ( 'NONE', #3184 ) ;
#454 = DIRECTION ( 'NONE',  ( 0.0000000000000000000, 0.0000000000000000000, -1.000000000000000000 ) ) ;
#455 = VECTOR ( 'NONE', #187, 999.9999999999998863 ) ;
#456 = CARTESIAN_POINT ( 'NONE',  ( 37.04999999999999716, 5.036000000000005805, 6.167321280506074351E-16 ) ) ;
#457 = VERTEX_POINT ( 'NONE', #3037 ) ;
#458 = DIRECTION ( 'NONE',  ( 0.0000000000000000000, -1.000000000000000000, 0.0000000000000000000 ) ) ;
#459 = ORIENTED_EDGE ( 'NONE', *, *, #142, .T. ) ;
#460 = DIRECTION ( 'NONE',  ( -1.000000000000000000, -1.224606353822377258E-16, -0.0000000000000000000 ) ) ;
#461 = CONICAL_SURFACE ( 'NONE', #2035, 5.036000000000003141, 0.9599310885968728169 ) ;
#462 = ADVANCED_FACE ( 'NONE', ( #2340, #2333 ), #3014, .T. ) ;
#463 = CARTESIAN_POINT ( 'NONE',  ( 30.45000000000000284, 2.501258477682205392E-15, 0.0000000000000000000 ) ) ;
#464 = ORIENTED_EDGE ( 'NONE', *, *, #3066, .F. ) ;
#465 = EDGE_LOOP ( 'NONE', ( #2000, #570, #1055, #416, #1273 ) ) ;
#466 = FACE_OUTER_BOUND ( 'NONE', #291, .T. ) ;
#467 = ORIENTED_EDGE ( 'NONE', *, *, #177, .T. ) ;
#468 = DIRECTION ( 'NONE',  ( 0.0000000000000000000, -1.000000000000000000, 0.0000000000000000000 ) ) ;
#469 = CARTESIAN_POINT ( 'NONE',  ( 6.000000000000000000, 0.0000000000000000000, 5.057500000000000107 ) ) ;
#470 = ADVANCED_FACE ( 'NONE', ( #2396 ), #3420, .T. ) ;
#471 = DIRECTION ( 'NONE',  ( -0.5000000000000046629, 0.0000000000000000000, 0.8660254037844359321 ) ) ;
#472 = EDGE_CURVE ( 'NONE', #1710, #1945, #2372, .T. ) ;
#473 = EDGE_LOOP ( 'NONE', ( #1962, #2557, #929, #1879, #2980 ) ) ;
#474 = CARTESIAN_POINT ( 'NONE',  ( 24.52500006683415990, -6.000000000000000000, 7.347880794884122694E-16 ) ) ;
#475 = CONICAL_SURFACE ( 'NONE', #2052, 5.036000000000003141, 0.9599310885968728169 ) ;
#476 = DIRECTION ( 'NONE',  ( 0.0000000000000000000, 0.0000000000000000000, -1.000000000000000000 ) ) ;
#477 = DIRECTION ( 'NONE',  ( -0.5735764363510529318, -0.8191520442889870246, 0.0000000000000000000 ) ) ;
#478 = FACE_OUTER_BOUND ( 'NONE', #280, .T. ) ;
#479 = VECTOR ( 'NONE', #1834, 999.9999999999998863 ) ;
#480 = ORIENTED_EDGE ( 'NONE', *, *, #3072, .F. ) ;
#481 = DIRECTION ( 'NONE',  ( -1.000000000000000000, -1.224606353822377258E-16, -0.0000000000000000000 ) ) ;
#482 = ADVANCED_FACE ( 'NONE', ( #2276 ), #2264, .T. ) ;
#483 = VERTEX_POINT ( 'NONE', #3530 ) ;
#484 = EDGE_CURVE ( 'NONE', #2669, #3276, #2291, .T. ) ;
#485 = ORIENTED_EDGE ( 'NONE', *, *, #1408, .F. ) ;
#486 = PLANE ( 'NONE',  #2071 ) ;
#487 = CARTESIAN_POINT ( 'NONE',  ( 23.85000000000000142, -5.036000000000000476, 0.0000000000000000000 ) ) ;
#488 = ADVANCED_FACE ( 'NONE', ( #2296 ), #2233, .T. ) ;
#489 = ORIENTED_EDGE ( 'NONE', *, *, #3665, .T. ) ;
#490 = EDGE_CURVE ( 'NONE', #1676, #3419, #2240, .T. ) ;
#491 = ORIENTED_EDGE ( 'NONE', *, *, #1437, .T. ) ;
#492 = CONICAL_SURFACE ( 'NONE', #1767, 5.036000000000003141, 0.9599310885968728169 ) ;
#493 = ORIENTED_EDGE ( 'NONE', *, *, #2899, .F. ) ;
#494 = ORIENTED_EDGE ( 'NONE', *, *, #1363, .F. ) ;
#495 = CONICAL_SURFACE ( 'NONE', #2045, 5.036000000000003141, 0.9599310885968728169 ) ;
#496 = DIRECTION ( 'NONE',  ( 0.0000000000000000000, -1.000000000000000000, 0.0000000000000000000 ) ) ;
#497 = DIRECTION ( 'NONE',  ( 0.0000000000000000000, -1.000000000000000000, 0.0000000000000000000 ) ) ;
#498 = VERTEX_POINT ( 'NONE', #3120 ) ;
#499 = DIRECTION ( 'NONE',  ( 0.0000000000000000000, -1.000000000000000000, 0.0000000000000000000 ) ) ;
#500 = EDGE_CURVE ( 'NONE', #394, #1206, #2247, .T. ) ;
#501 = FACE_OUTER_BOUND ( 'NONE', #245, .T. ) ;
#502 = ORIENTED_EDGE ( 'NONE', *, *, #3247, .F. ) ;
#503 = ADVANCED_FACE ( 'NONE', ( #2242 ), #2189, .T. ) ;
#504 = DIRECTION ( 'NONE',  ( -1.000000000000000000, -1.224606353822377258E-16, -0.0000000000000000000 ) ) ;
#505 = CARTESIAN_POINT ( 'NONE',  ( 23.17499993316583229, 2.418597540614639737E-15, 0.0000000000000000000 ) ) ;
#506 = CIRCLE ( 'NONE', #2027, 6.000000000000002665 ) ;
#507 = EDGE_CURVE ( 'NONE', #3542, #2411, #2216, .T. ) ;
#508 = CARTESIAN_POINT ( 'NONE',  ( 12.00000000000000178, 9.000000000000000000, 0.0000000000000000000 ) ) ;
#509 = CARTESIAN_POINT ( 'NONE',  ( 19.87499993316583158, 2.418597540614639737E-15, 0.0000000000000000000 ) ) ;
#510 = UNCERTAINTY_MEASURE_WITH_UNIT (LENGTH_MEASURE( 1.000000000000000082E-05 ), #2677, 'distance_accuracy_value', 'NONE');
#511 = EDGE_LOOP ( 'NONE', ( #1419, #1716, #1796, #1666, #2446 ) ) ;
#512 = ORIENTED_EDGE ( 'NONE', *, *, #490, .F. ) ;
#513 = LINE ( 'NONE', #168, #455 ) ;
#514 = CARTESIAN_POINT ( 'NONE',  ( -31.74999999999995737, 7.347880794884060572E-16, -5.999999999999952038 ) ) ;
#515 = EDGE_CURVE ( 'NONE', #828, #44, #2271, .T. ) ;
#516 = ORIENTED_EDGE ( 'NONE', *, *, #132, .F. ) ;
#517 = EDGE_LOOP ( 'NONE', ( #3454, #2763, #1988, #3098, #1829 ) ) ;
#518 = DIRECTION ( 'NONE',  ( 0.5735764363510452712, -0.8191520442889924647, 1.003171929053525610E-16 ) ) ;
#519 = ORIENTED_EDGE ( 'NONE', *, *, #110, .T. ) ;
#520 = EDGE_LOOP ( 'NONE', ( #1610, #2732, #2489, #536, #1272 ) ) ;
#521 = DIRECTION ( 'NONE',  ( 1.000000000000000000, 1.224606353822377258E-16, 0.0000000000000000000 ) ) ;
#522 = CONICAL_SURFACE ( 'NONE', #2053, 5.036000000000003141, 0.9599310885968728169 ) ;
#523 = VERTEX_POINT ( 'NONE', #3305 ) ;
#524 = EDGE_CURVE ( 'NONE', #2186, #1899, #2265, .T. ) ;
#525 = FACE_OUTER_BOUND ( 'NONE', #374, .T. ) ;
#526 = CARTESIAN_POINT ( 'NONE',  ( 22.87500006683415776, 2.583919414749769470E-15, 0.0000000000000000000 ) ) ;
#527 = LINE ( 'NONE', #1635, #379 ) ;
#528 = CARTESIAN_POINT ( 'NONE',  ( 19.57500006683415705, 2.583919414749769470E-15, 0.0000000000000000000 ) ) ;
#529 = CARTESIAN_POINT ( 'NONE',  ( -31.74999999999995737, 0.0000000000000000000, 5.999999999999952038 ) ) ;
#530 = ADVANCED_FACE ( 'NONE', ( #2252 ), #2165, .T. ) ;
#531 = CONICAL_SURFACE ( 'NONE', #2070, 5.036000000000003141, 0.9599310885968728169 ) ;
#532 = ADVANCED_FACE ( 'NONE', ( #2219 ), #2140, .T. ) ;
#533 = CARTESIAN_POINT ( 'NONE',  ( 34.42500006683415847, 7.347880794883902799E-16, -6.000000000000002665 ) ) ;
#534 = DIRECTION ( 'NONE',  ( 0.0000000000000000000, -1.000000000000000000, 0.0000000000000000000 ) ) ;
#535 = ADVANCED_FACE ( 'NONE', ( #2169 ), #2130, .T. ) ;
#536 = ORIENTED_EDGE ( 'NONE', *, *, #624, .F. ) ;
#537 = DIRECTION ( 'NONE',  ( -1.000000000000000000, -1.224606353822377258E-16, -0.0000000000000000000 ) ) ;
#538 = LINE ( 'NONE', #3148, #642 ) ;
#539 = DIRECTION ( 'NONE',  ( -1.000000000000000000, -1.224606353822377258E-16, -0.0000000000000000000 ) ) ;
#540 = EDGE_CURVE ( 'NONE', #1798, #1006, #2135, .T. ) ;
#541 = ADVANCED_FACE ( 'NONE', ( #2172 ), #2110, .T. ) ;
#542 = FACE_OUTER_BOUND ( 'NONE', #937, .T. ) ;
#543 = CARTESIAN_POINT ( 'NONE',  ( 38.02499993316582305, -5.999999999999999112, 0.0000000000000000000 ) ) ;
#544 = DIRECTION ( 'NONE',  ( -0.5735764363510529318, -0.8191520442889870246, 0.0000000000000000000 ) ) ;
#545 = ORIENTED_EDGE ( 'NONE', *, *, #380, .T. ) ;
#546 = LINE ( 'NONE', #2935, #2318 ) ;
#547 = FACE_OUTER_BOUND ( 'NONE', #3306, .T. ) ;
#548 = DIRECTION ( 'NONE',  ( 1.000000000000000000, 0.0000000000000000000, 0.0000000000000000000 ) ) ;
#549 = EDGE_CURVE ( 'NONE', #86, #3298, #2115, .T. ) ;
#550 = ORIENTED_EDGE ( 'NONE', *, *, #2958, .T. ) ;
#551 = ORIENTED_EDGE ( 'NONE', *, *, #427, .T. ) ;
#552 = ADVANCED_FACE ( 'NONE', ( #2152 ), #2107, .T. ) ;
#553 = DIRECTION ( 'NONE',  ( 0.0000000000000000000, 1.000000000000000000, 0.0000000000000000000 ) ) ;
#554 = ORIENTED_EDGE ( 'NONE', *, *, #3237, .F. ) ;
#555 = VERTEX_POINT ( 'NONE', #3064 ) ;
#556 = EDGE_CURVE ( 'NONE', #2456, #3416, #2117, .T. ) ;
#557 = ORIENTED_EDGE ( 'NONE', *, *, #407, .F. ) ;
#558 = EDGE_LOOP ( 'NONE', ( #3638, #3651, #102, #144, #346, #358 ) ) ;
#559 = ADVANCED_FACE ( 'NONE', ( #2176 ), #2057, .T. ) ;
#560 = FACE_OUTER_BOUND ( 'NONE', #2302, .T. ) ;
#561 = ORIENTED_EDGE ( 'NONE', *, *, #3093, .T. ) ;
#562 = VERTEX_POINT ( 'NONE', #2761 ) ;
#563 = DIRECTION ( 'NONE',  ( 0.0000000000000000000, 1.000000000000000000, 0.0000000000000000000 ) ) ;
#564 = CARTESIAN_POINT ( 'NONE',  ( 17.92500006683415847, 2.583919414749769470E-15, 0.0000000000000000000 ) ) ;
#565 = ORIENTED_EDGE ( 'NONE', *, *, #100, .F. ) ;
#566 = ADVANCED_FACE ( 'NONE', ( #2067 ), #2046, .T. ) ;
#567 = VERTEX_POINT ( 'NONE', #2780 ) ;
#568 = PRODUCT_DEFINITION_SHAPE ( 'NONE', 'NONE',  #1505 ) ;
#569 = EDGE_CURVE ( 'NONE', #1135, #1204, #2181, .T. ) ;
#570 = ORIENTED_EDGE ( 'NONE', *, *, #583, .T. ) ;
#571 = ORIENTED_EDGE ( 'NONE', *, *, #3522, .T. ) ;
#572 = EDGE_CURVE ( 'NONE', #2499, #1426, #2055, .T. ) ;
#573 = EDGE_CURVE ( 'NONE', #1535, #876, #2048, .T. ) ;
#574 = CYLINDRICAL_SURFACE ( 'NONE', #2024, 5.999999999999952038 ) ;
#575 = CYLINDRICAL_SURFACE ( 'NONE', #2059, 5.999999999999952038 ) ;
#576 = ADVANCED_FACE ( 'NONE', ( #2178 ), #2004, .T. ) ;
#577 = EDGE_LOOP ( 'NONE', ( #3414, #1441, #2395, #995, #1568 ) ) ;
#578 = DIRECTION ( 'NONE',  ( -1.000000000000000000, -1.224606353822377258E-16, -0.0000000000000000000 ) ) ;
#579 = CIRCLE ( 'NONE', #1856, 6.000000000000002665 ) ;
#580 = DIRECTION ( 'NONE',  ( 0.0000000000000000000, -1.000000000000000000, 0.0000000000000000000 ) ) ;
#581 = PRESENTATION_STYLE_ASSIGNMENT (( #2477 ) ) ;
#582 = LINE ( 'NONE', #212, #443 ) ;
#583 = EDGE_CURVE ( 'NONE', #406, #1832, #2015, .T. ) ;
#584 = ORIENTED_EDGE ( 'NONE', *, *, #3225, .F. ) ;
#585 = CARTESIAN_POINT ( 'NONE',  ( 31.12500006683416132, -6.000000000000000888, 7.347880794884123680E-16 ) ) ;
#586 = CARTESIAN_POINT ( 'NONE',  ( 23.17499993316583229, -2.041485741050470004E-29, 6.000000000000002665 ) ) ;
#587 = EDGE_CURVE ( 'NONE', #919, #882, #2038, .T. ) ;
#588 = VERTEX_POINT ( 'NONE', #2914 ) ;
#589 = ORIENTED_EDGE ( 'NONE', *, *, #3522, .F. ) ;
#590 = ADVANCED_FACE ( 'NONE', ( #2031 ), #1993, .T. ) ;
#591 = ORIENTED_EDGE ( 'NONE', *, *, #157, .F. ) ;
#592 = CARTESIAN_POINT ( 'NONE',  ( 33.07499993316582731, 7.347880794883917590E-16, -6.000000000000002665 ) ) ;
#593 = DIRECTION ( 'NONE',  ( -1.000000000000000000, -0.0000000000000000000, -0.0000000000000000000 ) ) ;
#594 = ORIENTED_EDGE ( 'NONE', *, *, #3365, .F. ) ;
#595 = EDGE_LOOP ( 'NONE', ( #818, #1769, #1826 ) ) ;
#596 = CONICAL_SURFACE ( 'NONE', #2072, 5.036000000000003141, 0.9599310885968728169 ) ;
#597 = VERTEX_POINT ( 'NONE', #2588 ) ;
#598 = ORIENTED_EDGE ( 'NONE', *, *, #3618, .F. ) ;
#599 = DIRECTION ( 'NONE',  ( 0.0000000000000000000, -1.000000000000000000, 0.0000000000000000000 ) ) ;
#600 = FACE_OUTER_BOUND ( 'NONE', #517, .T. ) ;
#601 = ORIENTED_EDGE ( 'NONE', *, *, #432, .T. ) ;
#602 = DIRECTION ( 'NONE',  ( -1.000000000000000000, -1.224606353822377258E-16, -0.0000000000000000000 ) ) ;
#603 = ADVANCED_FACE ( 'NONE', ( #2099 ), #1967, .T. ) ;
#604 = VERTEX_POINT ( 'NONE', #2572 ) ;
#605 = DIRECTION ( 'NONE',  ( 0.0000000000000000000, -1.000000000000000000, 0.0000000000000000000 ) ) ;
#606 = CARTESIAN_POINT ( 'NONE',  ( 34.72499993316582589, 2.418597540614639737E-15, 0.0000000000000000000 ) ) ;
#607 = FACE_OUTER_BOUND ( 'NONE', #558, .T. ) ;
#608 = ORIENTED_EDGE ( 'NONE', *, *, #3500, .F. ) ;
#609 = ORIENTED_EDGE ( 'NONE', *, *, #3360, .T. ) ;
#610 = EDGE_CURVE ( 'NONE', #2757, #1343, #1976, .T. ) ;
#611 = CARTESIAN_POINT ( 'NONE',  ( 18.22499993316582945, -2.041485741050470004E-29, 6.000000000000002665 ) ) ;
#612 = DIRECTION ( 'NONE',  ( 0.0000000000000000000, -1.000000000000000000, 0.0000000000000000000 ) ) ;
#613 = CARTESIAN_POINT ( 'NONE',  ( 26.17500006683415847, -2.195560136601448872E-29, 6.000000000000002665 ) ) ;
#614 = CYLINDRICAL_SURFACE ( 'NONE', #2042, 5.999999999999952038 ) ;
#615 = ORIENTED_EDGE ( 'NONE', *, *, #583, .F. ) ;
#616 = ADVANCED_FACE ( 'NONE', ( #1996 ), #1863, .T. ) ;
#617 = FACE_OUTER_BOUND ( 'NONE', #1903, .T. ) ;
#618 = EDGE_CURVE ( 'NONE', #31, #813, #1869, .T. ) ;
#619 = ORIENTED_EDGE ( 'NONE', *, *, #242, .F. ) ;
#620 = EDGE_LOOP ( 'NONE', ( #2679, #2455, #1580, #1389, #1264 ) ) ;
#621 = DIRECTION ( 'NONE',  ( 1.000000000000000000, 1.224606353822377258E-16, 0.0000000000000000000 ) ) ;
#622 = ADVANCED_FACE ( 'NONE', ( #1895 ), #1846, .T. ) ;
#623 = EDGE_CURVE ( 'NONE', #3212, #870, #1848, .T. ) ;
#624 = EDGE_CURVE ( 'NONE', #2258, #3464, #1859, .T. ) ;
#625 = TOROIDAL_SURFACE ( 'NONE', #2065, 6.599999999999952571, 0.5999999999999999778 ) ;
#626 = VECTOR ( 'NONE', #1853, 1000.000000000000000 ) ;
#627 = CARTESIAN_POINT ( 'NONE',  ( 27.82500006683415705, -2.195560136601448872E-29, 6.000000000000002665 ) ) ;
#628 = ORIENTED_EDGE ( 'NONE', *, *, #3640, .F. ) ;
#629 = CONICAL_SURFACE ( 'NONE', #2076, 6.000000000000002665, 0.9599310885968824758 ) ;
#630 = VERTEX_POINT ( 'NONE', #2983 ) ;
#631 = ADVANCED_FACE ( 'NONE', ( #1851 ), #1812, .T. ) ;
#632 = CARTESIAN_POINT ( 'NONE',  ( 21.22500006683415918, 6.000000000000005329, 0.0000000000000000000 ) ) ;
#633 = CARTESIAN_POINT ( 'NONE',  ( 37.72500006683415563, -2.195560136601448872E-29, 6.000000000000002665 ) ) ;
#634 = ADVANCED_FACE ( 'NONE', ( #1849 ), #1792, .T. ) ;
#635 = LINE ( 'NONE', #469, #703 ) ;
#636 = ORIENTED_EDGE ( 'NONE', *, *, #3225, .T. ) ;
#637 = CARTESIAN_POINT ( 'NONE',  ( 24.52500006683415990, 7.347880794883902799E-16, -6.000000000000002665 ) ) ;
#638 = FACE_OUTER_BOUND ( 'NONE', #451, .T. ) ;
#639 = CARTESIAN_POINT ( 'NONE',  ( 21.52499993316583016, -5.999999999999999112, 0.0000000000000000000 ) ) ;
#640 = EDGE_LOOP ( 'NONE', ( #669, #665, #1309, #2037, #2248 ) ) ;
#641 = ORIENTED_EDGE ( 'NONE', *, *, #3544, .F. ) ;
#642 = VECTOR ( 'NONE', #3130, 999.9999999999998863 ) ;
#643 = DIRECTION ( 'NONE',  ( 0.0000000000000000000, -1.000000000000000000, 0.0000000000000000000 ) ) ;
#644 = CONICAL_SURFACE ( 'NONE', #2082, 6.000000000000002665, 0.9599310885968824758 ) ;
#645 = ORIENTED_EDGE ( 'NONE', *, *, #81, .T. ) ;
#646 = ORIENTED_EDGE ( 'NONE', *, *, #384, .T. ) ;
#647 = ORIENTED_EDGE ( 'NONE', *, *, #3110, .T. ) ;
#648 = DIRECTION ( 'NONE',  ( -1.000000000000000000, -0.0000000000000000000, -0.0000000000000000000 ) ) ;
#649 = ORIENTED_EDGE ( 'NONE', *, *, #3313, .F. ) ;
#650 = EDGE_CURVE ( 'NONE', #2020, #143, #1892, .T. ) ;
#651 = EDGE_CURVE ( 'NONE', #3483, #1422, #1882, .T. ) ;
#652 = ORIENTED_EDGE ( 'NONE', *, *, #3190, .T. ) ;
#653 = CARTESIAN_POINT ( 'NONE',  ( 6.000000000000000000, 4.379923479639798778, -2.528750000000008491 ) ) ;
#654 = EDGE_LOOP ( 'NONE', ( #1870, #2126, #2272, #2944, #2849 ) ) ;
#655 = ORIENTED_EDGE ( 'NONE', *, *, #3270, .T. ) ;
#656 = DIRECTION ( 'NONE',  ( 0.5735764363510450492, 0.8191520442889925757, 0.0000000000000000000 ) ) ;
#657 = CARTESIAN_POINT ( 'NONE',  ( 38.02499993316582305, 7.347880794883917590E-16, -6.000000000000002665 ) ) ;
#658 = VERTEX_POINT ( 'NONE', #2469 ) ;
#659 = ORIENTED_EDGE ( 'NONE', *, *, #3390, .T. ) ;
#660 = CARTESIAN_POINT ( 'NONE',  ( 17.92500006683415847, -6.000000000000000888, 7.347880794884123680E-16 ) ) ;
#661 = DIRECTION ( 'NONE',  ( -1.000000000000000000, -1.224606353822377258E-16, -0.0000000000000000000 ) ) ;
#662 = CYLINDRICAL_SURFACE ( 'NONE', #1687, 5.999999999999952038 ) ;
#663 = ORIENTED_EDGE ( 'NONE', *, *, #3165, .T. ) ;
#664 = FACE_OUTER_BOUND ( 'NONE', #577, .T. ) ;
#665 = ORIENTED_EDGE ( 'NONE', *, *, #3292, .T. ) ;
#666 = ORIENTED_EDGE ( 'NONE', *, *, #193, .F. ) ;
#667 = EDGE_CURVE ( 'NONE', #2155, #203, #1804, .T. ) ;
#668 = EDGE_LOOP ( 'NONE', ( #1934, #659, #2270, #594, #1836, #3424 ) ) ;
#669 = ORIENTED_EDGE ( 'NONE', *, *, #3289, .T. ) ;
#670 = EDGE_LOOP ( 'NONE', ( #824, #2277, #2187, #1530, #1413, #3566 ) ) ;
#671 = CARTESIAN_POINT ( 'NONE',  ( 6.000000000000000000, -4.379923479639789896, 2.528750000000002274 ) ) ;
#672 = FACE_BOUND ( 'NONE', #1690, .T. ) ;
#673 = CARTESIAN_POINT ( 'NONE',  ( 28.12499993316582803, -2.041485741050470004E-29, 6.000000000000002665 ) ) ;
#674 = ADVANCED_FACE ( 'NONE', ( #1841 ), #2484, .F. ) ;
#675 = CARTESIAN_POINT ( 'NONE',  ( 39.37500006683415421, 2.583919414749769470E-15, 0.0000000000000000000 ) ) ;
#676 = CARTESIAN_POINT ( 'NONE',  ( 0.0000000000000000000, 2.919948986426526005, -5.057500000000011653 ) ) ;
#677 = FACE_OUTER_BOUND ( 'NONE', #1746, .T. ) ;
#678 = FACE_OUTER_BOUND ( 'NONE', #2461, .T. ) ;
#679 = CARTESIAN_POINT ( 'NONE',  ( 23.85000000000000142, 5.036000000000005805, 6.167321280506074351E-16 ) ) ;
#680 = CARTESIAN_POINT ( 'NONE',  ( 12.59999999999999964, 0.0000000000000000000, 5.999999999999952038 ) ) ;
#681 = EDGE_CURVE ( 'NONE', #828, #555, #1789, .T. ) ;
#682 = CONICAL_SURFACE ( 'NONE', #2088, 6.000000000000002665, 0.9599310885968824758 ) ;
#683 = FACE_OUTER_BOUND ( 'NONE', #1685, .T. ) ;
#684 = CARTESIAN_POINT ( 'NONE',  ( 39.67499993316582163, 7.347880794883917590E-16, -6.000000000000002665 ) ) ;
#685 = CARTESIAN_POINT ( 'NONE',  ( 38.69999999999999574, 5.036000000000005805, 0.0000000000000000000 ) ) ;
#686 = ORIENTED_EDGE ( 'NONE', *, *, #3094, .T. ) ;
#687 = FACE_OUTER_BOUND ( 'NONE', #1106, .T. ) ;
#688 = EDGE_CURVE ( 'NONE', #1000, #1175, #1817, .T. ) ;
#689 = CARTESIAN_POINT ( 'NONE',  ( 31.42499993316583229, 7.347880794883917590E-16, -6.000000000000002665 ) ) ;
#690 = ORIENTED_EDGE ( 'NONE', *, *, #3459, .T. ) ;
#691 = EDGE_CURVE ( 'NONE', #1215, #141, #1833, .T. ) ;
#692 = CIRCLE ( 'NONE', #2080, 6.000000000000002665 ) ;
#693 = EDGE_CURVE ( 'NONE', #1212, #1609, #1787, .T. ) ;
#694 = ORIENTED_EDGE ( 'NONE', *, *, #3610, .T. ) ;
#695 = CARTESIAN_POINT ( 'NONE',  ( 22.87500006683415776, 7.347880794883902799E-16, -6.000000000000002665 ) ) ;
#696 = VERTEX_POINT ( 'NONE', #2341 ) ;
#697 = CARTESIAN_POINT ( 'NONE',  ( 0.0000000000000000000, 5.839897972853065333, -1.517883041479706208E-14 ) ) ;
#698 = CYLINDRICAL_SURFACE ( 'NONE', #1542, 5.999999999999952038 ) ;
#699 = CARTESIAN_POINT ( 'NONE',  ( 26.17500006683415847, 7.347880794883902799E-16, -6.000000000000002665 ) ) ;
#700 = ADVANCED_FACE ( 'NONE', ( #1766 ), #1780, .F. ) ;
#701 = VERTEX_POINT ( 'NONE', #2375 ) ;
#702 = ORIENTED_EDGE ( 'NONE', *, *, #556, .F. ) ;
#703 = VECTOR ( 'NONE', #471, 1000.000000000000000 ) ;
#704 = DIRECTION ( 'NONE',  ( 0.0000000000000000000, 0.0000000000000000000, 1.000000000000000000 ) ) ;
#705 = EDGE_CURVE ( 'NONE', #3464, #2976, #1758, .T. ) ;
#706 = FACE_OUTER_BOUND ( 'NONE', #85, .T. ) ;
#707 = VECTOR ( 'NONE', #3655, 1000.000000000000000 ) ;
#708 = EDGE_LOOP ( 'NONE', ( #1768, #1182, #3272, #1677, #3181 ) ) ;
#709 = VECTOR ( 'NONE', #829, 1000.000000000000000 ) ;
#710 = LINE ( 'NONE', #1813, #479 ) ;
#711 = LINE ( 'NONE', #800, #709 ) ;
#712 = EDGE_CURVE ( 'NONE', #361, #2155, #1749, .T. ) ;
#713 = VECTOR ( 'NONE', #839, 999.9999999999998863 ) ;
#714 = EDGE_CURVE ( 'NONE', #143, #3464, #1760, .T. ) ;
#715 = DIRECTION ( 'NONE',  ( -1.000000000000000000, -0.0000000000000000000, -0.0000000000000000000 ) ) ;
#716 = LINE ( 'NONE', #848, #713 ) ;
#717 = ADVANCED_FACE ( 'NONE', ( #1722 ), #1675, .F. ) ;
#718 = CARTESIAN_POINT ( 'NONE',  ( 19.57500006683415705, 6.000000000000004441, 0.0000000000000000000 ) ) ;
#719 = CARTESIAN_POINT ( 'NONE',  ( 19.57500006683415705, -6.000000000000000888, 7.347880794884123680E-16 ) ) ;
#720 = CIRCLE ( 'NONE', #2100, 5.036000000000003141 ) ;
#721 = CARTESIAN_POINT ( 'NONE',  ( -31.74999999999995737, 0.0000000000000000000, 0.0000000000000000000 ) ) ;
#722 = ADVANCED_FACE ( 'NONE', ( #1745 ), #1776, .T. ) ;
#723 = EDGE_CURVE ( 'NONE', #294, #28, #1703, .T. ) ;
#724 = VECTOR ( 'NONE', #893, 1000.000000000000000 ) ;
#725 = CARTESIAN_POINT ( 'NONE',  ( 33.07499993316582731, 6.000000000000006217, 7.347880794884123680E-16 ) ) ;
#726 = CIRCLE ( 'NONE', #1632, 5.036000000000003141 ) ;
#727 = LINE ( 'NONE', #902, #724 ) ;
#728 = EDGE_CURVE ( 'NONE', #813, #1343, #1683, .T. ) ;
#729 = CARTESIAN_POINT ( 'NONE',  ( 21.22500006683415918, -2.195560136601448872E-29, 6.000000000000002665 ) ) ;
#730 = EDGE_LOOP ( 'NONE', ( #887, #837, #357, #3293, #3151 ) ) ;
#731 = CYLINDRICAL_SURFACE ( 'NONE', #2079, 5.999999999999952038 ) ;
#732 = ORIENTED_EDGE ( 'NONE', *, *, #215, .F. ) ;
#733 = CARTESIAN_POINT ( 'NONE',  ( 31.42499993316583229, -5.999999999999999112, 0.0000000000000000000 ) ) ;
#734 = CARTESIAN_POINT ( 'NONE',  ( 33.07499993316582731, -2.041485741050470004E-29, 6.000000000000002665 ) ) ;
#735 = EDGE_CURVE ( 'NONE', #2258, #3212, #1725, .T. ) ;
#736 = ORIENTED_EDGE ( 'NONE', *, *, #500, .T. ) ;
#737 = VECTOR ( 'NONE', #910, 1000.000000000000000 ) ;
#738 = CARTESIAN_POINT ( 'NONE',  ( 28.80000000000000071, -5.036000000000000476, 6.757601037695098523E-16 ) ) ;
#739 = VERTEX_POINT ( 'NONE', #2170 ) ;
#740 = EDGE_CURVE ( 'NONE', #1135, #2840, #1639, .T. ) ;
#741 = ORIENTED_EDGE ( 'NONE', *, *, #2901, .F. ) ;
#742 = CARTESIAN_POINT ( 'NONE',  ( 35.39999999999999858, -5.036000000000000476, 6.757601037695098523E-16 ) ) ;
#743 = ORIENTED_EDGE ( 'NONE', *, *, #3349, .T. ) ;
#744 = ORIENTED_EDGE ( 'NONE', *, *, #3075, .F. ) ;
#745 = CARTESIAN_POINT ( 'NONE',  ( 22.87500006683415776, 2.583919414749769470E-15, 0.0000000000000000000 ) ) ;
#746 = ADVANCED_FACE ( 'NONE', ( #1626 ), #1607, .T. ) ;
#747 = FACE_OUTER_BOUND ( 'NONE', #1400, .T. ) ;
#748 = DIRECTION ( 'NONE',  ( 1.000000000000000000, 1.224606353822377258E-16, 0.0000000000000000000 ) ) ;
#749 = VECTOR ( 'NONE', #971, 1000.000000000000000 ) ;
#750 = EDGE_CURVE ( 'NONE', #870, #2314, #1623, .T. ) ;
#751 = ORIENTED_EDGE ( 'NONE', *, *, #2964, .F. ) ;
#752 = CIRCLE ( 'NONE', #2090, 9.000000000000000000 ) ;
#753 = EDGE_CURVE ( 'NONE', #813, #870, #1641, .T. ) ;
#754 = CIRCLE ( 'NONE', #2103, 6.000000000000002665 ) ;
#755 = DIRECTION ( 'NONE',  ( 0.0000000000000000000, 1.000000000000000000, 0.0000000000000000000 ) ) ;
#756 = EDGE_LOOP ( 'NONE', ( #1450, #450, #584, #554, #2506 ) ) ;
#757 = EDGE_LOOP ( 'NONE', ( #636, #1105, #1352, #265, #1355, #1095 ) ) ;
#758 = CARTESIAN_POINT ( 'NONE',  ( -31.74999999999995737, 0.0000000000000000000, 5.999999999999952038 ) ) ;
#759 = EDGE_CURVE ( 'NONE', #1535, #2499, #1655, .T. ) ;
#760 = CARTESIAN_POINT ( 'NONE',  ( 0.0000000000000000000, 0.0000000000000000000, 8.400000000000000355 ) ) ;
#761 = ORIENTED_EDGE ( 'NONE', *, *, #3640, .T. ) ;
#762 = CARTESIAN_POINT ( 'NONE',  ( 28.80000000000000071, 5.036000000000005805, 0.0000000000000000000 ) ) ;
#763 = ORIENTED_EDGE ( 'NONE', *, *, #3478, .T. ) ;
#764 = VERTEX_POINT ( 'NONE', #2089 ) ;
#765 = ORIENTED_EDGE ( 'NONE', *, *, #3597, .T. ) ;
#766 = ORIENTED_EDGE ( 'NONE', *, *, #3453, .F. ) ;
#767 = CARTESIAN_POINT ( 'NONE',  ( 29.47500006683415918, 6.000000000000004441, 0.0000000000000000000 ) ) ;
#768 = ADVANCED_FACE ( 'NONE', ( #1601 ), #1474, .T. ) ;
#769 = LINE ( 'NONE', #935, #737 ) ;
#770 = ORIENTED_EDGE ( 'NONE', *, *, #3544, .T. ) ;
#771 = DIRECTION ( 'NONE',  ( 0.0000000000000000000, -1.000000000000000000, 0.0000000000000000000 ) ) ;
#772 = ORIENTED_EDGE ( 'NONE', *, *, #3546, .F. ) ;
#773 = DIRECTION ( 'NONE',  ( -1.000000000000000000, -1.224606353822377258E-16, -0.0000000000000000000 ) ) ;
#774 = ORIENTED_EDGE ( 'NONE', *, *, #2339, .F. ) ;
#775 = LINE ( 'NONE', #931, #749 ) ;
#776 = ORIENTED_EDGE ( 'NONE', *, *, #74, .T. ) ;
#777 = ADVANCED_FACE ( 'NONE', ( #1510 ), #1368, .T. ) ;
#778 = CARTESIAN_POINT ( 'NONE',  ( 34.42500006683415847, 2.583919414749769470E-15, 0.0000000000000000000 ) ) ;
#779 = CARTESIAN_POINT ( 'NONE',  ( 0.0000000000000000000, -2.919948986426525117, 5.057499999999995666 ) ) ;
#780 = CARTESIAN_POINT ( 'NONE',  ( 19.57500006683415705, 2.583919414749769470E-15, 0.0000000000000000000 ) ) ;
#781 = CARTESIAN_POINT ( 'NONE',  ( 6.000000000000000000, -6.760415694317230925E-15, -5.057500000000008100 ) ) ;
#782 = CARTESIAN_POINT ( 'NONE',  ( 29.77499993316583016, 7.347880794883917590E-16, -6.000000000000002665 ) ) ;
#783 = CARTESIAN_POINT ( 'NONE',  ( 32.10000000000000142, 5.036000000000005805, 0.0000000000000000000 ) ) ;
#784 = CARTESIAN_POINT ( 'NONE',  ( 6.000000000000000000, 2.919948986426526005, -5.057500000000011653 ) ) ;
#785 = EDGE_LOOP ( 'NONE', ( #3446, #3436, #3421, #3409, #3398 ) ) ;
#786 = VERTEX_POINT ( 'NONE', #1974 ) ;
#787 = ADVANCED_FACE ( 'NONE', ( #1362 ), #1361, .T. ) ;
#788 = ORIENTED_EDGE ( 'NONE', *, *, #610, .T. ) ;
#789 = CARTESIAN_POINT ( 'NONE',  ( 19.57500006683415705, 7.347880794883902799E-16, -6.000000000000002665 ) ) ;
#790 = ORIENTED_EDGE ( 'NONE', *, *, #3045, .T. ) ;
#791 = CONICAL_SURFACE ( 'NONE', #1872, 5.036000000000003141, 0.9599310885968728169 ) ;
#792 = CARTESIAN_POINT ( 'NONE',  ( 17.92500006683415847, -2.195560136601448872E-29, 6.000000000000002665 ) ) ;
#793 = CIRCLE ( 'NONE', #1871, 6.000000000000002665 ) ;
#794 = CARTESIAN_POINT ( 'NONE',  ( 36.07500006683415705, 6.000000000000004441, 0.0000000000000000000 ) ) ;
#795 = CARTESIAN_POINT ( 'NONE',  ( 6.000000000000000000, -2.919948986426536663, -5.057500000000003659 ) ) ;
#796 = CARTESIAN_POINT ( 'NONE',  ( 26.47499993316582945, -2.041485741050470004E-29, 6.000000000000002665 ) ) ;
#797 = DIRECTION ( 'NONE',  ( 0.0000000000000000000, -1.000000000000000000, 0.0000000000000000000 ) ) ;
#798 = DIRECTION ( 'NONE',  ( -1.000000000000000000, -1.224606353822377258E-16, -0.0000000000000000000 ) ) ;
#799 = FACE_OUTER_BOUND ( 'NONE', #2085, .T. ) ;
#800 = CARTESIAN_POINT ( 'NONE',  ( -31.74999999999995737, 0.0000000000000000000, 5.999999999999952038 ) ) ;
#801 = CARTESIAN_POINT ( 'NONE',  ( 23.85000000000000142, 2.501258477682205392E-15, 0.0000000000000000000 ) ) ;
#802 = CIRCLE ( 'NONE', #1764, 6.000000000000002665 ) ;
#803 = DIRECTION ( 'NONE',  ( 0.0000000000000000000, 0.0000000000000000000, 1.000000000000000000 ) ) ;
#804 = DIRECTION ( 'NONE',  ( -0.5735764363510532649, 0.8191520442889868026, 1.003171929053518707E-16 ) ) ;
#805 = ORIENTED_EDGE ( 'NONE', *, *, #705, .F. ) ;
#806 = DIRECTION ( 'NONE',  ( -1.000000000000000000, -1.224606353822377258E-16, -0.0000000000000000000 ) ) ;
#807 = ORIENTED_EDGE ( 'NONE', *, *, #3132, .T. ) ;
#808 = DIRECTION ( 'NONE',  ( 0.0000000000000000000, -1.000000000000000000, 0.0000000000000000000 ) ) ;
#809 = ORIENTED_EDGE ( 'NONE', *, *, #3121, .F. ) ;
#810 = VERTEX_POINT ( 'NONE', #1954 ) ;
#811 = ADVANCED_FACE ( 'NONE', ( #1375 ), #1340, .F. ) ;
#812 = ORIENTED_EDGE ( 'NONE', *, *, #100, .T. ) ;
#813 = VERTEX_POINT ( 'NONE', #1929 ) ;
#814 = DIRECTION ( 'NONE',  ( 1.000000000000000000, 0.0000000000000000000, 0.0000000000000000000 ) ) ;
#815 = ORIENTED_EDGE ( 'NONE', *, *, #3602, .T. ) ;
#816 = DIRECTION ( 'NONE',  ( -1.000000000000000000, -1.224606353822377258E-16, -0.0000000000000000000 ) ) ;
#817 = ORIENTED_EDGE ( 'NONE', *, *, #3520, .T. ) ;
#818 = ORIENTED_EDGE ( 'NONE', *, *, #862, .F. ) ;
#819 = ADVANCED_FACE ( 'NONE', ( #1371 ), #1407, .T. ) ;
#820 = CARTESIAN_POINT ( 'NONE',  ( 23.17499993316583229, 2.418597540614639737E-15, 0.0000000000000000000 ) ) ;
#821 = PRESENTATION_STYLE_ASSIGNMENT (( #952 ) ) ;
#822 = CARTESIAN_POINT ( 'NONE',  ( 0.6000000000000033085, 0.0000000000000000000, 0.0000000000000000000 ) ) ;
#823 = DIRECTION ( 'NONE',  ( 0.0000000000000000000, -1.000000000000000000, 0.0000000000000000000 ) ) ;
#824 = ORIENTED_EDGE ( 'NONE', *, *, #2912, .T. ) ;
#825 = CARTESIAN_POINT ( 'NONE',  ( -31.74999999999995737, 7.347880794884060572E-16, -5.999999999999952038 ) ) ;
#826 = CONICAL_SURFACE ( 'NONE', #2146, 6.000000000000002665, 0.9599310885968824758 ) ;
#827 = VECTOR ( 'NONE', #299, 999.9999999999998863 ) ;
#828 = VERTEX_POINT ( 'NONE', #1907 ) ;
#829 = DIRECTION ( 'NONE',  ( -1.000000000000000000, -0.0000000000000000000, -0.0000000000000000000 ) ) ;
#830 = ORIENTED_EDGE ( 'NONE', *, *, #3590, .F. ) ;
#831 = FACE_OUTER_BOUND ( 'NONE', #1143, .T. ) ;
#832 = ORIENTED_EDGE ( 'NONE', *, *, #507, .T. ) ;
#833 = CARTESIAN_POINT ( 'NONE',  ( 37.72500006683415563, 7.347880794883902799E-16, -6.000000000000002665 ) ) ;
#834 = CARTESIAN_POINT ( 'NONE',  ( 26.17500006683415847, -6.000000000000000888, 7.347880794884123680E-16 ) ) ;
#835 = ORIENTED_EDGE ( 'NONE', *, *, #3237, .T. ) ;
#836 = COLOUR_RGB ( '',0.7764705882352941346, 0.7568627450980391913, 0.7372549019607843590 ) ;
#837 = ORIENTED_EDGE ( 'NONE', *, *, #359, .T. ) ;
#838 = CARTESIAN_POINT ( 'NONE',  ( 39.67499993316582163, -2.041485741050470004E-29, 6.000000000000002665 ) ) ;
#839 = DIRECTION ( 'NONE',  ( 0.5735764363510452712, -0.8191520442889924647, 1.003171929053525610E-16 ) ) ;
#840 = ADVANCED_FACE ( 'NONE', ( #1386 ), #1898, .F. ) ;
#841 = ORIENTED_EDGE ( 'NONE', *, *, #3093, .F. ) ;
#842 = ADVANCED_FACE ( 'NONE', ( #1348 ), #1324, .T. ) ;
#843 = FACE_OUTER_BOUND ( 'NONE', #3084, .T. ) ;
#844 = CARTESIAN_POINT ( 'NONE',  ( 34.72499993316582589, 7.347880794883917590E-16, -6.000000000000002665 ) ) ;
#845 = CYLINDRICAL_SURFACE ( 'NONE', #2143, 5.999999999999952038 ) ;
#846 = ORIENTED_EDGE ( 'NONE', *, *, #3301, .T. ) ;
#847 = EDGE_LOOP ( 'NONE', ( #1295, #1131, #1084, #1041, #832 ) ) ;
#848 = CARTESIAN_POINT ( 'NONE',  ( 17.92500006683415847, -6.000000000000000000, 7.347880794884122694E-16 ) ) ;
#849 = CIRCLE ( 'NONE', #2151, 5.057500000000000107 ) ;
#850 = ORIENTED_EDGE ( 'NONE', *, *, #587, .T. ) ;
#851 = DIRECTION ( 'NONE',  ( 0.0000000000000000000, -1.000000000000000000, 0.0000000000000000000 ) ) ;
#852 = ORIENTED_EDGE ( 'NONE', *, *, #1233, .T. ) ;
#853 = DIRECTION ( 'NONE',  ( -1.000000000000000000, -1.224606353822377258E-16, -0.0000000000000000000 ) ) ;
#854 = LINE ( 'NONE', #1845, #626 ) ;
#855 = ADVANCED_FACE ( 'NONE', ( #1335 ), #1331, .T. ) ;
#856 = CONICAL_SURFACE ( 'NONE', #2163, 6.000000000000002665, 0.9599310885968824758 ) ;
#857 = CIRCLE ( 'NONE', #1918, 6.000000000000002665 ) ;
#858 = DIRECTION ( 'NONE',  ( -1.000000000000000000, -0.0000000000000000000, -0.0000000000000000000 ) ) ;
#859 = CARTESIAN_POINT ( 'NONE',  ( 30.45000000000000284, 2.501258477682205392E-15, 0.0000000000000000000 ) ) ;
#860 = EDGE_LOOP ( 'NONE', ( #197, #1328, #1794, #3137 ) ) ;
#861 = ADVANCED_FACE ( 'NONE', ( #1318 ), #1298, .T. ) ;
#862 = EDGE_CURVE ( 'NONE', #1756, #1359, #1305, .T. ) ;
#863 = EDGE_LOOP ( 'NONE', ( #485, #2316, #3599, #1715, #2879 ) ) ;
#864 = ORIENTED_EDGE ( 'NONE', *, *, #2946, .T. ) ;
#865 = FACE_OUTER_BOUND ( 'NONE', #2132, .T. ) ;
#866 = DIRECTION ( 'NONE',  ( -1.000000000000000000, -0.0000000000000000000, -0.0000000000000000000 ) ) ;
#867 = CARTESIAN_POINT ( 'NONE',  ( 39.37500006683415421, -6.000000000000000888, 7.347880794884123680E-16 ) ) ;
#868 = ADVANCED_FACE ( 'NONE', ( #1319 ), #1274, .T. ) ;
#869 = ORIENTED_EDGE ( 'NONE', *, *, #24, .T. ) ;
#870 = VERTEX_POINT ( 'NONE', #1799 ) ;
#871 = VERTEX_POINT ( 'NONE', #1793 ) ;
#872 = CIRCLE ( 'NONE', #1765, 6.000000000000002665 ) ;
#873 = CONICAL_SURFACE ( 'NONE', #2168, 5.036000000000003141, 0.9599310885968728169 ) ;
#874 = CARTESIAN_POINT ( 'NONE',  ( 34.42500006683415847, -6.000000000000000888, 7.347880794884123680E-16 ) ) ;
#875 = CARTESIAN_POINT ( 'NONE',  ( 12.00000000000000000, 8.082668874372472841E-16, 6.599999999999952571 ) ) ;
#876 = VERTEX_POINT ( 'NONE', #1786 ) ;
#877 = ADVANCED_FACE ( 'NONE', ( #1276 ), #1257, .T. ) ;
#878 = ORIENTED_EDGE ( 'NONE', *, *, #714, .F. ) ;
#879 = CARTESIAN_POINT ( 'NONE',  ( 36.37499993316582447, -2.041485741050470004E-29, 6.000000000000002665 ) ) ;
#880 = ORIENTED_EDGE ( 'NONE', *, *, #2986, .F. ) ;
#881 = FACE_OUTER_BOUND ( 'NONE', #1439, .T. ) ;
#882 = VERTEX_POINT ( 'NONE', #1757 ) ;
#883 = EDGE_LOOP ( 'NONE', ( #991, #2540, #2621, #1660, #1369 ) ) ;
#884 = ORIENTED_EDGE ( 'NONE', *, *, #431, .F. ) ;
#885 = CARTESIAN_POINT ( 'NONE',  ( -31.74999999999995737, 0.0000000000000000000, 5.999999999999952038 ) ) ;
#886 = CARTESIAN_POINT ( 'NONE',  ( 41.03599999999994452, 0.0000000000000000000, 5.999999999999904965 ) ) ;
#887 = ORIENTED_EDGE ( 'NONE', *, *, #3598, .F. ) ;
#888 = ORIENTED_EDGE ( 'NONE', *, *, #2958, .F. ) ;
#889 = DIRECTION ( 'NONE',  ( 0.0000000000000000000, -1.000000000000000000, 0.0000000000000000000 ) ) ;
#890 = CONICAL_SURFACE ( 'NONE', #2171, 6.000000000000002665, 0.9599310885968824758 ) ;
#891 = VERTEX_POINT ( 'NONE', #1761 ) ;
#892 = ADVANCED_FACE ( 'NONE', ( #1270 ), #1240, .T. ) ;
#893 = DIRECTION ( 'NONE',  ( -0.5735764363510529318, -0.8191520442889870246, 0.0000000000000000000 ) ) ;
#894 = CARTESIAN_POINT ( 'NONE',  ( 24.52500006683415990, 2.583919414749769470E-15, 0.0000000000000000000 ) ) ;
#895 = CARTESIAN_POINT ( 'NONE',  ( 26.17500006683415847, 6.000000000000004441, 0.0000000000000000000 ) ) ;
#896 = CARTESIAN_POINT ( 'NONE',  ( -31.74999999999995737, 7.347880794884060572E-16, -5.999999999999952038 ) ) ;
#897 = ORIENTED_EDGE ( 'NONE', *, *, #3349, .F. ) ;
#898 = ORIENTED_EDGE ( 'NONE', *, *, #186, .T. ) ;
#899 = ORIENTED_EDGE ( 'NONE', *, *, #311, .F. ) ;
#900 = FACE_OUTER_BOUND ( 'NONE', #2066, .T. ) ;
#901 = DIRECTION ( 'NONE',  ( -1.000000000000000000, -1.224606353822377258E-16, -0.0000000000000000000 ) ) ;
#902 = CARTESIAN_POINT ( 'NONE',  ( 17.25000000000000000, -5.036000000000000476, 0.0000000000000000000 ) ) ;
#903 = DIRECTION ( 'NONE',  ( 0.0000000000000000000, -1.000000000000000000, 0.0000000000000000000 ) ) ;
#904 = ORIENTED_EDGE ( 'NONE', *, *, #24, .F. ) ;
#905 = CARTESIAN_POINT ( 'NONE',  ( 36.37499993316582447, -5.999999999999999112, 0.0000000000000000000 ) ) ;
#906 = DIRECTION ( 'NONE',  ( -1.000000000000000000, -1.224606353822377258E-16, -0.0000000000000000000 ) ) ;
#907 = CIRCLE ( 'NONE', #1864, 6.000000000000002665 ) ;
#908 = ORIENTED_EDGE ( 'NONE', *, *, #693, .T. ) ;
#909 = CONICAL_SURFACE ( 'NONE', #2173, 5.036000000000003141, 0.9599310885968728169 ) ;
#910 = DIRECTION ( 'NONE',  ( -0.5000000000000046629, 1.060575238724903587E-16, -0.8660254037844359321 ) ) ;
#911 = CYLINDRICAL_SURFACE ( 'NONE', #2131, 5.999999999999952038 ) ;
#912 = CARTESIAN_POINT ( 'NONE',  ( 24.82499993316583087, 2.418597540614639737E-15, 0.0000000000000000000 ) ) ;
#913 = ORIENTED_EDGE ( 'NONE', *, *, #1363, .T. ) ;
#914 = CONICAL_SURFACE ( 'NONE', #2182, 5.036000000000003141, 0.9599310885968728169 ) ;
#915 = EDGE_LOOP ( 'NONE', ( #1619, #1616, #1485, #1263, #1005 ) ) ;
#916 = ORIENTED_EDGE ( 'NONE', *, *, #336, .T. ) ;
#917 = CIRCLE ( 'NONE', #1686, 6.000000000000002665 ) ;
#918 = CARTESIAN_POINT ( 'NONE',  ( 18.89999999999999858, 5.036000000000005805, 0.0000000000000000000 ) ) ;
#919 = VERTEX_POINT ( 'NONE', #1731 ) ;
#920 = ORIENTED_EDGE ( 'NONE', *, *, #2924, .F. ) ;
#921 = SURFACE_STYLE_FILL_AREA ( #1043 ) ;
#922 = DIRECTION ( 'NONE',  ( 0.0000000000000000000, -1.000000000000000000, 0.0000000000000000000 ) ) ;
#923 = VECTOR ( 'NONE', #3077, 1000.000000000000000 ) ;
#924 = ORIENTED_EDGE ( 'NONE', *, *, #573, .T. ) ;
#925 = ADVANCED_FACE ( 'NONE', ( #1245 ), #1308, .T. ) ;
#926 = DIRECTION ( 'NONE',  ( 0.0000000000000000000, -1.000000000000000000, 0.0000000000000000000 ) ) ;
#927 = DIRECTION ( 'NONE',  ( -1.000000000000000000, -1.224606353822377258E-16, -0.0000000000000000000 ) ) ;
#928 = CONICAL_SURFACE ( 'NONE', #2184, 5.036000000000003141, 0.9599310885968728169 ) ;
#929 = ORIENTED_EDGE ( 'NONE', *, *, #234, .T. ) ;
#930 = CARTESIAN_POINT ( 'NONE',  ( 17.92500006683415847, 2.583919414749769470E-15, 0.0000000000000000000 ) ) ;
#931 = CARTESIAN_POINT ( 'NONE',  ( 17.92500006683415847, 6.000000000000005329, 0.0000000000000000000 ) ) ;
#932 = FACE_OUTER_BOUND ( 'NONE', #2352, .T. ) ;
#933 = ORIENTED_EDGE ( 'NONE', *, *, #3622, .F. ) ;
#934 = CIRCLE ( 'NONE', #1866, 6.000000000000002665 ) ;
#935 = CARTESIAN_POINT ( 'NONE',  ( 6.000000000000000000, 6.193651186687738874E-16, -5.057500000000000107 ) ) ;
#936 = CONICAL_SURFACE ( 'NONE', #2192, 6.000000000000002665, 0.9599310885968824758 ) ;
#937 = EDGE_LOOP ( 'NONE', ( #1770, #2590, #1495, #1681, #897 ) ) ;
#938 = LINE ( 'NONE', #1968, #1111 ) ;
#939 = DIRECTION ( 'NONE',  ( 0.0000000000000000000, 1.000000000000000000, 0.0000000000000000000 ) ) ;
#940 = CIRCLE ( 'NONE', #1594, 6.000000000000002665 ) ;
#941 = VERTEX_POINT ( 'NONE', #1712 ) ;
#942 = ADVANCED_FACE ( 'NONE', ( #1314 ), #1736, .F. ) ;
#943 = VERTEX_POINT ( 'NONE', #1719 ) ;
#944 =( NAMED_UNIT ( * ) SI_UNIT ( $, .STERADIAN. ) SOLID_ANGLE_UNIT ( ) );
#945 = CONICAL_SURFACE ( 'NONE', #1784, 5.035999999999999588, 0.7853981633973741161 ) ;
#946 = CIRCLE ( 'NONE', #1783, 6.000000000000002665 ) ;
#947 =( NAMED_UNIT ( * ) PLANE_ANGLE_UNIT ( ) SI_UNIT ( $, .RADIAN. ) );
#948 = ORIENTED_EDGE ( 'NONE', *, *, #3563, .T. ) ;
#949 = DIRECTION ( 'NONE',  ( -1.000000000000000000, -1.224606353822377258E-16, -0.0000000000000000000 ) ) ;
#950 =( LENGTH_UNIT ( ) NAMED_UNIT ( * ) SI_UNIT ( .MILLI., .METRE. ) );
#951 = ADVANCED_FACE ( 'NONE', ( #1351 ), #1218, .T. ) ;
#952 = SURFACE_STYLE_USAGE ( .BOTH. , #958 ) ;
#953 = ORIENTED_EDGE ( 'NONE', *, *, #408, .T. ) ;
#954 = ORIENTED_EDGE ( 'NONE', *, *, #3152, .F. ) ;
#955 = ORIENTED_EDGE ( 'NONE', *, *, #3205, .F. ) ;
#956 = ORIENTED_EDGE ( 'NONE', *, *, #691, .F. ) ;
#957 = FACE_OUTER_BOUND ( 'NONE', #654, .T. ) ;
#958 = SURFACE_SIDE_STYLE ('',( #921 ) ) ;
#959 = ADVANCED_FACE ( 'NONE', ( #1238 ), #1208, .T. ) ;
#960 = VERTEX_POINT ( 'NONE', #1634 ) ;
#961 = ORIENTED_EDGE ( 'NONE', *, *, #3520, .F. ) ;
#962 = EDGE_LOOP ( 'NONE', ( #589, #545, #489, #393, #1213 ) ) ;
#963 = VERTEX_POINT ( 'NONE', #1622 ) ;
#964 = ADVANCED_FACE ( 'NONE', ( #1354 ), #1236, .T. ) ;
#965 = VERTEX_POINT ( 'NONE', #1613 ) ;
#966 = ORIENTED_EDGE ( 'NONE', *, *, #3068, .T. ) ;
#967 = CARTESIAN_POINT ( 'NONE',  ( 0.0000000000000000000, -2.919948986426525117, 5.057499999999995666 ) ) ;
#968 = ORIENTED_EDGE ( 'NONE', *, *, #118, .T. ) ;
#969 = ORIENTED_EDGE ( 'NONE', *, *, #3094, .F. ) ;
#970 = CARTESIAN_POINT ( 'NONE',  ( 36.37499993316582447, 2.418597540614639737E-15, 0.0000000000000000000 ) ) ;
#971 = DIRECTION ( 'NONE',  ( 0.5735764363510450492, 0.8191520442889925757, 0.0000000000000000000 ) ) ;
#972 = VERTEX_POINT ( 'NONE', #1614 ) ;
#973 = CONICAL_SURFACE ( 'NONE', #2214, 5.036000000000003141, 0.9599310885968728169 ) ;
#974 = LINE ( 'NONE', #2, #707 ) ;
#975 = CARTESIAN_POINT ( 'NONE',  ( 6.000000000000000000, -4.379923479639801442, -2.528749999999995612 ) ) ;
#976 = FACE_OUTER_BOUND ( 'NONE', #3654, .T. ) ;
#977 = FACE_OUTER_BOUND ( 'NONE', #372, .T. ) ;
#978 = ADVANCED_FACE ( 'NONE', ( #1214 ), #1593, .T. ) ;
#979 = VERTEX_POINT ( 'NONE', #1596 ) ;
#980 = EDGE_CURVE ( 'NONE', #276, #3, #1280, .T. ) ;
#981 = DIRECTION ( 'NONE',  ( 0.0000000000000000000, 0.0000000000000000000, -1.000000000000000000 ) ) ;
#982 = DIRECTION ( 'NONE',  ( 1.000000000000000000, 0.0000000000000000000, 0.0000000000000000000 ) ) ;
#983 = EDGE_LOOP ( 'NONE', ( #256, #2009, #3552, #1031 ) ) ;
#984 = EDGE_LOOP ( 'NONE', ( #2114, #3163, #1203, #1278, #1782, #1014 ) ) ;
#985 = EDGE_LOOP ( 'NONE', ( #1514, #2361, #133, #1367, #3203 ) ) ;
#986 = LINE ( 'NONE', #258, #827 ) ;
#987 = PLANE ( 'NONE',  #2121 ) ;
#988 = DIRECTION ( 'NONE',  ( 0.0000000000000000000, -0.5000000000000012212, -0.8660254037844380415 ) ) ;
#989 = ADVANCED_FACE ( 'NONE', ( #1224 ), #1185, .T. ) ;
#990 = CIRCLE ( 'NONE', #1771, 5.036000000000003141 ) ;
#991 = ORIENTED_EDGE ( 'NONE', *, *, #3146, .T. ) ;
#992 = CONICAL_SURFACE ( 'NONE', #2198, 5.036000000000003141, 0.9599310885968728169 ) ;
#993 = ORIENTED_EDGE ( 'NONE', *, *, #3453, .T. ) ;
#994 = ORIENTED_EDGE ( 'NONE', *, *, #3560, .T. ) ;
#995 = ORIENTED_EDGE ( 'NONE', *, *, #3438, .T. ) ;
#996 = ORIENTED_EDGE ( 'NONE', *, *, #3067, .T. ) ;
#997 = ADVANCED_FACE ( 'NONE', ( #1223 ), #1172, .T. ) ;
#998 = VERTEX_POINT ( 'NONE', #1522 ) ;
#999 = FILL_AREA_STYLE_COLOUR ( '', #836 ) ;
#1000 = VERTEX_POINT ( 'NONE', #1517 ) ;
#1001 = ORIENTED_EDGE ( 'NONE', *, *, #46, .F. ) ;
#1002 = FACE_OUTER_BOUND ( 'NONE', #847, .T. ) ;
#1003 = CARTESIAN_POINT ( 'NONE',  ( 22.19999999999999929, 5.036000000000005805, 0.0000000000000000000 ) ) ;
#1004 = CARTESIAN_POINT ( 'NONE',  ( 29.77499993316583016, -2.041485741050470004E-29, 6.000000000000002665 ) ) ;
#1005 = ORIENTED_EDGE ( 'NONE', *, *, #3514, .F. ) ;
#1006 = VERTEX_POINT ( 'NONE', #1527 ) ;
#1007 = ORIENTED_EDGE ( 'NONE', *, *, #3418, .T. ) ;
#1008 = ADVANCED_FACE ( 'NONE', ( #1177 ), #1156, .T. ) ;
#1009 = FACE_OUTER_BOUND ( 'NONE', #312, .T. ) ;
#1010 = VERTEX_POINT ( 'NONE', #1490 ) ;
#1011 = CARTESIAN_POINT ( 'NONE',  ( 41.99999999999999289, 5.035999999999999588, 0.0000000000000000000 ) ) ;
#1012 = ADVANCED_FACE ( 'NONE', ( #1153 ), #1483, .T. ) ;
#1013 = FACE_OUTER_BOUND ( 'NONE', #1186, .T. ) ;
#1014 = ORIENTED_EDGE ( 'NONE', *, *, #3214, .F. ) ;
#1015 = DIRECTION ( 'NONE',  ( -1.000000000000000000, -0.0000000000000000000, -0.0000000000000000000 ) ) ;
#1016 = CARTESIAN_POINT ( 'NONE',  ( 37.72500006683415563, 2.583919414749769470E-15, 0.0000000000000000000 ) ) ;
#1017 = CARTESIAN_POINT ( 'NONE',  ( -31.74999999999995737, 0.0000000000000000000, 0.0000000000000000000 ) ) ;
#1018 = DIRECTION ( 'NONE',  ( 0.0000000000000000000, -1.000000000000000000, 0.0000000000000000000 ) ) ;
#1019 = UNCERTAINTY_MEASURE_WITH_UNIT (LENGTH_MEASURE( 1.000000000000000082E-05 ), #2811, 'distance_accuracy_value', 'NONE');
#1020 = DIRECTION ( 'NONE',  ( 0.0000000000000000000, -1.000000000000000000, 1.336710962791343496E-15 ) ) ;
#1021 = ORIENTED_EDGE ( 'NONE', *, *, #48, .T. ) ;
#1022 = EDGE_LOOP ( 'NONE', ( #899, #1775, #2466 ) ) ;
#1023 = CONICAL_SURFACE ( 'NONE', #2215, 5.036000000000003141, 0.9599310885968728169 ) ;
#1024 = VECTOR ( 'NONE', #2123, 999.9999999999998863 ) ;
#1025 = CARTESIAN_POINT ( 'NONE',  ( 22.87500006683415776, -6.000000000000000888, 7.347880794884123680E-16 ) ) ;
#1026 = DIRECTION ( 'NONE',  ( 0.0000000000000000000, 0.0000000000000000000, 1.000000000000000000 ) ) ;
#1027 = DIRECTION ( 'NONE',  ( -1.000000000000000000, -1.224606353822377258E-16, -0.0000000000000000000 ) ) ;
#1028 = LINE ( 'NONE', #2294, #1644 ) ;
#1029 = DIRECTION ( 'NONE',  ( 0.0000000000000000000, 0.0000000000000000000, 1.000000000000000000 ) ) ;
#1030 = DIRECTION ( 'NONE',  ( 0.0000000000000000000, 0.4999999999999989453, -0.8660254037844391517 ) ) ;
#1031 = ORIENTED_EDGE ( 'NONE', *, *, #12, .F. ) ;
#1032 = FACE_OUTER_BOUND ( 'NONE', #520, .T. ) ;
#1033 = DIRECTION ( 'NONE',  ( -1.000000000000000000, -0.0000000000000000000, -0.0000000000000000000 ) ) ;
#1034 = CARTESIAN_POINT ( 'NONE',  ( 6.000000000000000000, 0.0000000000000000000, 0.0000000000000000000 ) ) ;
#1035 = ADVANCED_FACE ( 'NONE', ( #1196 ), #1472, .T. ) ;
#1036 = CARTESIAN_POINT ( 'NONE',  ( 26.17500006683415847, 2.583919414749769470E-15, 0.0000000000000000000 ) ) ;
#1037 = VECTOR ( 'NONE', #301, 1000.000000000000000 ) ;
#1038 = DIRECTION ( 'NONE',  ( -1.000000000000000000, -1.224606353822377258E-16, -0.0000000000000000000 ) ) ;
#1039 = CONICAL_SURFACE ( 'NONE', #2244, 6.000000000000002665, 0.9599310885968824758 ) ;
#1040 = DIRECTION ( 'NONE',  ( 0.0000000000000000000, 1.000000000000000000, 0.0000000000000000000 ) ) ;
#1041 = ORIENTED_EDGE ( 'NONE', *, *, #3086, .T. ) ;
#1042 = VERTEX_POINT ( 'NONE', #1466 ) ;
#1043 = FILL_AREA_STYLE ('',( #999 ) ) ;
#1044 = CARTESIAN_POINT ( 'NONE',  ( 27.82500006683415705, 2.583919414749769470E-15, 0.0000000000000000000 ) ) ;
#1045 = VERTEX_POINT ( 'NONE', #1443 ) ;
#1046 = DIRECTION ( 'NONE',  ( 1.000000000000000000, 1.224606353822377258E-16, 0.0000000000000000000 ) ) ;
#1047 = EDGE_CURVE ( 'NONE', #1359, #2200, #1189, .T. ) ;
#1048 = ADVANCED_FACE ( 'NONE', ( #1201 ), #1194, .T. ) ;
#1049 = ORIENTED_EDGE ( 'NONE', *, *, #3144, .T. ) ;
#1050 = DIRECTION ( 'NONE',  ( -1.000000000000000000, -0.0000000000000000000, -0.0000000000000000000 ) ) ;
#1051 = DIRECTION ( 'NONE',  ( -1.000000000000000000, -1.224606353822377258E-16, -0.0000000000000000000 ) ) ;
#1052 = ORIENTED_EDGE ( 'NONE', *, *, #331, .F. ) ;
#1053 = ORIENTED_EDGE ( 'NONE', *, *, #15, .F. ) ;
#1054 = ORIENTED_EDGE ( 'NONE', *, *, #3331, .F. ) ;
#1055 = ORIENTED_EDGE ( 'NONE', *, *, #3432, .T. ) ;
#1056 = DIRECTION ( 'NONE',  ( 0.0000000000000000000, -0.4999999999999987232, 0.8660254037844392627 ) ) ;
#1057 = CARTESIAN_POINT ( 'NONE',  ( 19.57500006683415705, 2.583919414749769470E-15, 0.0000000000000000000 ) ) ;
#1058 = ADVANCED_FACE ( 'NONE', ( #1152 ), #1110, .T. ) ;
#1059 = FACE_OUTER_BOUND ( 'NONE', #915, .T. ) ;
#1060 = DIRECTION ( 'NONE',  ( 0.0000000000000000000, 0.0000000000000000000, 1.000000000000000000 ) ) ;
#1061 = DIRECTION ( 'NONE',  ( 0.0000000000000000000, 0.0000000000000000000, 1.000000000000000000 ) ) ;
#1062 = ADVANCED_FACE ( 'NONE', ( #1162 ), #1142, .T. ) ;
#1063 = LINE ( 'NONE', #2672, #2820 ) ;
#1064 = ADVANCED_FACE ( 'NONE', ( #1119 ), #1102, .T. ) ;
#1065 = CYLINDRICAL_SURFACE ( 'NONE', #2193, 5.999999999999952038 ) ;
#1066 = CARTESIAN_POINT ( 'NONE',  ( -31.74999999999995737, 0.0000000000000000000, 0.0000000000000000000 ) ) ;
#1067 = CARTESIAN_POINT ( 'NONE',  ( -31.74999999999995737, 0.0000000000000000000, 0.0000000000000000000 ) ) ;
#1068 = ADVANCED_FACE ( 'NONE', ( #1136 ), #1086, .T. ) ;
#1069 = VERTEX_POINT ( 'NONE', #1372 ) ;
#1070 = FACE_OUTER_BOUND ( 'NONE', #1144, .T. ) ;
#1071 = DIRECTION ( 'NONE',  ( 0.0000000000000000000, 0.0000000000000000000, 1.000000000000000000 ) ) ;
#1072 = ADVANCED_FACE ( 'NONE', ( #1075 ), #1360, .T. ) ;
#1073 = DIRECTION ( 'NONE',  ( 0.0000000000000000000, -1.000000000000000000, 0.0000000000000000000 ) ) ;
#1074 = EDGE_LOOP ( 'NONE', ( #1700, #1909, #3380, #2772, #1960, #2203 ) ) ;
#1075 = FACE_OUTER_BOUND ( 'NONE', #2880, .T. ) ;
#1076 = DIRECTION ( 'NONE',  ( -1.000000000000000000, -0.0000000000000000000, -0.0000000000000000000 ) ) ;
#1077 = CARTESIAN_POINT ( 'NONE',  ( -31.74999999999995737, 0.0000000000000000000, 0.0000000000000000000 ) ) ;
#1078 = ORIENTED_EDGE ( 'NONE', *, *, #3657, .T. ) ;
#1079 = LINE ( 'NONE', #309, #1037 ) ;
#1080 = DIRECTION ( 'NONE',  ( 0.0000000000000000000, -1.000000000000000000, 0.0000000000000000000 ) ) ;
#1081 = ORIENTED_EDGE ( 'NONE', *, *, #3666, .T. ) ;
#1082 = DIRECTION ( 'NONE',  ( 0.0000000000000000000, 0.0000000000000000000, 1.000000000000000000 ) ) ;
#1083 = CARTESIAN_POINT ( 'NONE',  ( 0.0000000000000000000, 2.919948986426526005, -5.057500000000011653 ) ) ;
#1084 = ORIENTED_EDGE ( 'NONE', *, *, #3039, .T. ) ;
#1085 = ORIENTED_EDGE ( 'NONE', *, *, #693, .F. ) ;
#1086 = CYLINDRICAL_SURFACE ( 'NONE', #2227, 5.999999999999952038 ) ;
#1087 = ORIENTED_EDGE ( 'NONE', *, *, #2877, .F. ) ;
#1088 = ORIENTED_EDGE ( 'NONE', *, *, #51, .F. ) ;
#1089 = ORIENTED_EDGE ( 'NONE', *, *, #3187, .F. ) ;
#1090 = CARTESIAN_POINT ( 'NONE',  ( 30.45000000000000284, -5.036000000000000476, 6.757601037695098523E-16 ) ) ;
#1091 = CARTESIAN_POINT ( 'NONE',  ( 26.47499993316582945, 7.347880794883917590E-16, -6.000000000000002665 ) ) ;
#1092 = ORIENTED_EDGE ( 'NONE', *, *, #3560, .F. ) ;
#1093 = CARTESIAN_POINT ( 'NONE',  ( 0.0000000000000000000, -2.919948986426525117, 5.057499999999995666 ) ) ;
#1094 = ADVANCED_FACE ( 'NONE', ( #1133 ), #1039, .T. ) ;
#1095 = ORIENTED_EDGE ( 'NONE', *, *, #3270, .F. ) ;
#1096 = ORIENTED_EDGE ( 'NONE', *, *, #3081, .T. ) ;
#1097 = VERTEX_POINT ( 'NONE', #1311 ) ;
#1098 = CARTESIAN_POINT ( 'NONE',  ( 41.99999999999999289, 6.757601037695036400E-16, -5.035999999999999588 ) ) ;
#1099 = DIRECTION ( 'NONE',  ( -0.0000000000000000000, -0.5000000000000011102, -0.8660254037844380415 ) ) ;
#1100 = FACE_OUTER_BOUND ( 'NONE', #2205, .T. ) ;
#1101 = ORIENTED_EDGE ( 'NONE', *, *, #178, .F. ) ;
#1102 = CYLINDRICAL_SURFACE ( 'NONE', #2230, 5.999999999999952038 ) ;
#1103 = CARTESIAN_POINT ( 'NONE',  ( 33.75000000000000000, -5.036000000000000476, 6.757601037695098523E-16 ) ) ;
#1104 = ADVANCED_FACE ( 'NONE', ( #1100 ), #1023, .T. ) ;
#1105 = ORIENTED_EDGE ( 'NONE', *, *, #3210, .T. ) ;
#1106 = EDGE_LOOP ( 'NONE', ( #2231, #216, #1249, #1211, #1205 ) ) ;
#1107 = CYLINDRICAL_SURFACE ( 'NONE', #2144, 5.999999999999952038 ) ;
#1108 = ADVANCED_FACE ( 'NONE', ( #1070 ), #1065, .T. ) ;
#1109 = CARTESIAN_POINT ( 'NONE',  ( 41.03599999999994452, 7.347880794884002393E-16, -5.999999999999904965 ) ) ;
#1110 = CONICAL_SURFACE ( 'NONE', #2249, 6.000000000000002665, 0.9599310885968824758 ) ;
#1111 = VECTOR ( 'NONE', #1924, 1000.000000000000000 ) ;
#1112 = CARTESIAN_POINT ( 'NONE',  ( 31.12500006683416132, 2.583919414749769470E-15, 0.0000000000000000000 ) ) ;
#1113 = VERTEX_POINT ( 'NONE', #1287 ) ;
#1114 = DIRECTION ( 'NONE',  ( 0.0000000000000000000, 1.000000000000000000, 0.0000000000000000000 ) ) ;
#1115 = EDGE_LOOP ( 'NONE', ( #1440, #1293, #993, #765, #646 ) ) ;
#1116 = ADVANCED_FACE ( 'NONE', ( #1013 ), #992, .T. ) ;
#1117 = EDGE_LOOP ( 'NONE', ( #1054, #3600, #3648, #3215, #3463 ) ) ;
#1118 = DIRECTION ( 'NONE',  ( -1.000000000000000000, -0.0000000000000000000, -0.0000000000000000000 ) ) ;
#1119 = FACE_OUTER_BOUND ( 'NONE', #2274, .T. ) ;
#1120 = DIRECTION ( 'NONE',  ( 0.0000000000000000000, 1.000000000000000000, -1.188187522481193692E-15 ) ) ;
#1121 = LINE ( 'NONE', #3294, #390 ) ;
#1122 = CARTESIAN_POINT ( 'NONE',  ( 6.000000000000000000, 4.379923479639802331, 2.528749999999994724 ) ) ;
#1123 = CARTESIAN_POINT ( 'NONE',  ( 35.39999999999999858, 5.036000000000005805, 6.167321280506074351E-16 ) ) ;
#1124 = ADVANCED_FACE ( 'NONE', ( #1032 ), #973, .T. ) ;
#1125 = VERTEX_POINT ( 'NONE', #1255 ) ;
#1126 = ADVANCED_FACE ( 'NONE', ( #957 ), #936, .T. ) ;
#1127 = ORIENTED_EDGE ( 'NONE', *, *, #3610, .F. ) ;
#1128 = DIRECTION ( 'NONE',  ( -1.000000000000000000, -1.224606353822377258E-16, -0.0000000000000000000 ) ) ;
#1129 = VERTEX_POINT ( 'NONE', #1222 ) ;
#1130 = ORIENTED_EDGE ( 'NONE', *, *, #15, .T. ) ;
#1131 = ORIENTED_EDGE ( 'NONE', *, *, #500, .F. ) ;
#1132 = DIRECTION ( 'NONE',  ( -1.000000000000000000, -0.0000000000000000000, -0.0000000000000000000 ) ) ;
#1133 = FACE_OUTER_BOUND ( 'NONE', #3634, .T. ) ;
#1134 = EDGE_LOOP ( 'NONE', ( #3229, #1349, #3284, #493, #2795 ) ) ;
#1135 = VERTEX_POINT ( 'NONE', #1234 ) ;
#1136 = FACE_OUTER_BOUND ( 'NONE', #371, .T. ) ;
#1137 = CARTESIAN_POINT ( 'NONE',  ( 27.15000000000000213, 2.501258477682205392E-15, 0.0000000000000000000 ) ) ;
#1138 = ORIENTED_EDGE ( 'NONE', *, *, #298, .F. ) ;
#1139 = ADVANCED_FACE ( 'NONE', ( #1009 ), #928, .T. ) ;
#1140 = DIRECTION ( 'NONE',  ( 0.0000000000000000000, -1.000000000000000000, 0.0000000000000000000 ) ) ;
#1141 = ADVANCED_FACE ( 'NONE', ( #1059 ), #914, .T. ) ;
#1142 = CYLINDRICAL_SURFACE ( 'NONE', #2234, 9.000000000000000000 ) ;
#1143 = EDGE_LOOP ( 'NONE', ( #2605, #956 ) ) ;
#1144 = EDGE_LOOP ( 'NONE', ( #3185, #2148, #3645, #830, #3451, #772 ) ) ;
#1145 = CARTESIAN_POINT ( 'NONE',  ( 39.37500006683415421, 2.583919414749769470E-15, 0.0000000000000000000 ) ) ;
#1146 = DIRECTION ( 'NONE',  ( 1.000000000000000000, 1.224606353822377258E-16, 0.0000000000000000000 ) ) ;
#1147 = DIRECTION ( 'NONE',  ( -0.5735764363510532649, 0.8191520442889868026, 1.003171929053518707E-16 ) ) ;
#1148 = FACE_OUTER_BOUND ( 'NONE', #620, .T. ) ;
#1149 = ORIENTED_EDGE ( 'NONE', *, *, #2885, .T. ) ;
#1150 = CARTESIAN_POINT ( 'NONE',  ( -31.74999999999995737, 0.0000000000000000000, 5.999999999999952038 ) ) ;
#1151 = CARTESIAN_POINT ( 'NONE',  ( -0.0000000000000000000, -5.839897972853062669, -4.336808689942017736E-16 ) ) ;
#1152 = FACE_OUTER_BOUND ( 'NONE', #2895, .T. ) ;
#1153 = FACE_OUTER_BOUND ( 'NONE', #2420, .T. ) ;
#1154 = CARTESIAN_POINT ( 'NONE',  ( 41.02500006683415279, -6.000000000000000888, 7.347880794884123680E-16 ) ) ;
#1155 = CARTESIAN_POINT ( 'NONE',  ( 24.52500006683415990, 2.583919414749769470E-15, 0.0000000000000000000 ) ) ;
#1156 = CONICAL_SURFACE ( 'NONE', #2278, 5.035999999999999588, 0.7853981633973741161 ) ;
#1157 = CARTESIAN_POINT ( 'NONE',  ( 26.47499993316582945, 6.000000000000006217, 7.347880794884123680E-16 ) ) ;
#1158 = DIRECTION ( 'NONE',  ( 1.000000000000000000, 1.224606353822377258E-16, 0.0000000000000000000 ) ) ;
#1159 = VERTEX_POINT ( 'NONE', #1178 ) ;
#1160 = DIRECTION ( 'NONE',  ( 0.0000000000000000000, -1.000000000000000000, 0.0000000000000000000 ) ) ;
#1161 = DIRECTION ( 'NONE',  ( -0.5735764363510532649, 0.8191520442889868026, 1.003171929053518707E-16 ) ) ;
#1162 = FACE_OUTER_BOUND ( 'NONE', #2715, .T. ) ;
#1163 = VERTEX_POINT ( 'NONE', #1170 ) ;
#1164 = ORIENTED_EDGE ( 'NONE', *, *, #3122, .F. ) ;
#1165 = DIRECTION ( 'NONE',  ( 0.0000000000000000000, 1.000000000000000000, 0.0000000000000000000 ) ) ;
#1166 = VECTOR ( 'NONE', #3415, 1000.000000000000000 ) ;
#1167 = ORIENTED_EDGE ( 'NONE', *, *, #215, .T. ) ;
#1168 = ORIENTED_EDGE ( 'NONE', *, *, #431, .T. ) ;
#1169 = DIRECTION ( 'NONE',  ( 1.000000000000000000, 0.0000000000000000000, 0.0000000000000000000 ) ) ;
#1170 = CARTESIAN_POINT ( 'NONE',  ( 16.57499993316583087, -5.999999999999999112, 0.0000000000000000000 ) ) ;
#1171 = ADVANCED_FACE ( 'NONE', ( #976 ), #909, .T. ) ;
#1172 = CONICAL_SURFACE ( 'NONE', #2292, 5.036000000000003141, 0.9599310885968728169 ) ;
#1173 = VERTEX_POINT ( 'NONE', #1157 ) ;
#1174 = ORIENTED_EDGE ( 'NONE', *, *, #110, .F. ) ;
#1175 = VERTEX_POINT ( 'NONE', #1154 ) ;
#1176 = ADVANCED_FACE ( 'NONE', ( #932 ), #890, .T. ) ;
#1177 = FACE_OUTER_BOUND ( 'NONE', #117, .T. ) ;
#1178 = CARTESIAN_POINT ( 'NONE',  ( 21.22500006683415918, 7.347880794883902799E-16, -6.000000000000002665 ) ) ;
#1179 = DIRECTION ( 'NONE',  ( 0.5735764363510452712, -0.8191520442889924647, 1.003171929053525610E-16 ) ) ;
#1180 = ORIENTED_EDGE ( 'NONE', *, *, #2988, .T. ) ;
#1181 = ADVANCED_FACE ( 'NONE', ( #1191 ), #873, .T. ) ;
#1182 = ORIENTED_EDGE ( 'NONE', *, *, #267, .F. ) ;
#1183 = DIRECTION ( 'NONE',  ( 0.0000000000000000000, -1.000000000000000000, 0.0000000000000000000 ) ) ;
#1184 = CARTESIAN_POINT ( 'NONE',  ( 0.0000000000000000000, 5.839897972853065333, -1.517883041479706208E-14 ) ) ;
#1185 = CONICAL_SURFACE ( 'NONE', #2293, 6.000000000000002665, 0.9599310885968824758 ) ;
#1186 = EDGE_LOOP ( 'NONE', ( #2068, #1982, #1904, #1865, #1860 ) ) ;
#1187 = ORIENTED_EDGE ( 'NONE', *, *, #3507, .F. ) ;
#1188 = ORIENTED_EDGE ( 'NONE', *, *, #3122, .T. ) ;
#1189 = CIRCLE ( 'NONE', #2260, 5.057500000000000107 ) ;
#1190 = CARTESIAN_POINT ( 'NONE',  ( 35.39999999999999858, 2.501258477682205392E-15, 0.0000000000000000000 ) ) ;
#1191 = FACE_OUTER_BOUND ( 'NONE', #3549, .T. ) ;
#1192 = CARTESIAN_POINT ( 'NONE',  ( 35.39999999999999858, 2.501258477682205392E-15, 0.0000000000000000000 ) ) ;
#1193 = DIRECTION ( 'NONE',  ( -1.000000000000000000, -1.224606353822377258E-16, -0.0000000000000000000 ) ) ;
#1194 = TOROIDAL_SURFACE ( 'NONE', #2245, 8.400000000000000355, 0.5999999999999999778 ) ;
#1195 = DIRECTION ( 'NONE',  ( -1.000000000000000000, -1.224606353822377258E-16, -0.0000000000000000000 ) ) ;
#1196 = FACE_OUTER_BOUND ( 'NONE', #1301, .T. ) ;
#1197 = ADVANCED_FACE ( 'NONE', ( #1002 ), #856, .T. ) ;
#1198 = CARTESIAN_POINT ( 'NONE',  ( 35.39999999999999858, -5.036000000000000476, 0.0000000000000000000 ) ) ;
#1199 = CARTESIAN_POINT ( 'NONE',  ( 22.19999999999999929, 2.501258477682205392E-15, 0.0000000000000000000 ) ) ;
#1200 = EDGE_LOOP ( 'NONE', ( #761, #690, #1487, #2437, #2388, #2304 ) ) ;
#1201 = FACE_OUTER_BOUND ( 'NONE', #983, .T. ) ;
#1202 = DIRECTION ( 'NONE',  ( -1.000000000000000000, -1.224606353822377258E-16, -0.0000000000000000000 ) ) ;
#1203 = ORIENTED_EDGE ( 'NONE', *, *, #3208, .T. ) ;
#1204 = VERTEX_POINT ( 'NONE', #1103 ) ;
#1205 = ORIENTED_EDGE ( 'NONE', *, *, #351, .T. ) ;
#1206 = VERTEX_POINT ( 'NONE', #1090 ) ;
#1207 = DIRECTION ( 'NONE',  ( -1.000000000000000000, -1.224606353822377258E-16, -0.0000000000000000000 ) ) ;
#1208 = CONICAL_SURFACE ( 'NONE', #2310, 5.036000000000003141, 0.9599310885968728169 ) ;
#1209 = DIRECTION ( 'NONE',  ( 0.0000000000000000000, -1.000000000000000000, 0.0000000000000000000 ) ) ;
#1210 = VERTEX_POINT ( 'NONE', #1122 ) ;
#1211 = ORIENTED_EDGE ( 'NONE', *, *, #3590, .T. ) ;
#1212 = VERTEX_POINT ( 'NONE', #1109 ) ;
#1213 = ORIENTED_EDGE ( 'NONE', *, *, #3459, .F. ) ;
#1214 = FACE_OUTER_BOUND ( 'NONE', #2102, .T. ) ;
#1215 = VERTEX_POINT ( 'NONE', #1098 ) ;
#1216 = CARTESIAN_POINT ( 'NONE',  ( 0.0000000000000000000, 0.0000000000000000000, 0.0000000000000000000 ) ) ;
#1217 = UNCERTAINTY_MEASURE_WITH_UNIT (LENGTH_MEASURE( 1.000000000000000082E-05 ), #2061, 'distance_accuracy_value', 'NONE');
#1218 = CONICAL_SURFACE ( 'NONE', #2319, 6.000000000000002665, 0.9599310885968824758 ) ;
#1219 = ORIENTED_EDGE ( 'NONE', *, *, #2889, .T. ) ;
#1220 = DIRECTION ( 'NONE',  ( 0.0000000000000000000, -1.000000000000000000, 0.0000000000000000000 ) ) ;
#1221 = LINE ( 'NONE', #632, #2280 ) ;
#1222 = CARTESIAN_POINT ( 'NONE',  ( 24.52500006683415990, -6.000000000000000888, 7.347880794884123680E-16 ) ) ;
#1223 = FACE_OUTER_BOUND ( 'NONE', #1134, .T. ) ;
#1224 = FACE_OUTER_BOUND ( 'NONE', #2535, .T. ) ;
#1225 = PRODUCT ( 'M12X30', 'M12X30', '', ( #2405 ) ) ;
#1226 = ORIENTED_EDGE ( 'NONE', *, *, #3604, .T. ) ;
#1227 = EDGE_LOOP ( 'NONE', ( #3032, #1525, #2410, #3106, #1752 ) ) ;
#1228 = CARTESIAN_POINT ( 'NONE',  ( 41.02500006683415279, -2.195560136601448872E-29, 6.000000000000002665 ) ) ;
#1229 = ADVANCED_FACE ( 'NONE', ( #881 ), #1107, .T. ) ;
#1230 = ORIENTED_EDGE ( 'NONE', *, *, #3253, .T. ) ;
#1231 = ADVANCED_FACE ( 'NONE', ( #900 ), #845, .T. ) ;
#1232 = ORIENTED_EDGE ( 'NONE', *, *, #2955, .F. ) ;
#1233 = EDGE_CURVE ( 'NONE', #2200, #941, #849, .T. ) ;
#1234 = CARTESIAN_POINT ( 'NONE',  ( 33.75000000000000000, 5.036000000000005805, 0.0000000000000000000 ) ) ;
#1235 = CARTESIAN_POINT ( 'NONE',  ( 38.69999999999999574, 2.501258477682205392E-15, 0.0000000000000000000 ) ) ;
#1236 = CYLINDRICAL_SURFACE ( 'NONE', #2300, 5.999999999999952038 ) ;
#1237 = ADVANCED_FACE ( 'NONE', ( #865 ), #826, .T. ) ;
#1238 = FACE_OUTER_BOUND ( 'NONE', #2283, .T. ) ;
#1239 = DIRECTION ( 'NONE',  ( 1.000000000000000000, 1.224606353822377258E-16, 0.0000000000000000000 ) ) ;
#1240 = CONICAL_SURFACE ( 'NONE', #2320, 5.036000000000003141, 0.9599310885968728169 ) ;
#1241 = EDGE_LOOP ( 'NONE', ( #2662, #776, #645, #1843, #565 ) ) ;
#1242 = DIRECTION ( 'NONE',  ( -1.000000000000000000, -0.0000000000000000000, -0.0000000000000000000 ) ) ;
#1243 = ORIENTED_EDGE ( 'NONE', *, *, #162, .F. ) ;
#1244 = ADVANCED_FACE ( 'NONE', ( #843 ), #911, .T. ) ;
#1245 = FACE_OUTER_BOUND ( 'NONE', #2086, .T. ) ;
#1246 = VERTEX_POINT ( 'NONE', #1004 ) ;
#1247 = VERTEX_POINT ( 'NONE', #1003 ) ;
#1248 = FACE_OUTER_BOUND ( 'NONE', #93, .T. ) ;
#1249 = ORIENTED_EDGE ( 'NONE', *, *, #1313, .T. ) ;
#1250 = SURFACE_STYLE_FILL_AREA ( #2845 ) ;
#1251 = DIRECTION ( 'NONE',  ( 0.0000000000000000000, 0.0000000000000000000, -1.000000000000000000 ) ) ;
#1252 = ADVANCED_FACE ( 'NONE', ( #831 ), #987, .T. ) ;
#1253 = PLANE ( 'NONE',  #2841 ) ;
#1254 = LINE ( 'NONE', #3410, #1166 ) ;
#1255 = CARTESIAN_POINT ( 'NONE',  ( 31.12500006683416132, 6.000000000000004441, 0.0000000000000000000 ) ) ;
#1256 = ORIENTED_EDGE ( 'NONE', *, *, #3430, .F. ) ;
#1257 = CONICAL_SURFACE ( 'NONE', #2321, 5.036000000000003141, 0.9599310885968728169 ) ;
#1258 = EDGE_LOOP ( 'NONE', ( #116, #39, #1226, #812, #1130 ) ) ;
#1259 = ORIENTED_EDGE ( 'NONE', *, *, #735, .T. ) ;
#1260 = CARTESIAN_POINT ( 'NONE',  ( 32.77500006683415990, 2.583919414749769470E-15, 0.0000000000000000000 ) ) ;
#1261 = ORIENTED_EDGE ( 'NONE', *, *, #3383, .F. ) ;
#1262 = ORIENTED_EDGE ( 'NONE', *, *, #172, .T. ) ;
#1263 = ORIENTED_EDGE ( 'NONE', *, *, #387, .F. ) ;
#1264 = ORIENTED_EDGE ( 'NONE', *, *, #360, .T. ) ;
#1265 = ORIENTED_EDGE ( 'NONE', *, *, #3488, .F. ) ;
#1266 = DIRECTION ( 'NONE',  ( 0.0000000000000000000, 1.000000000000000000, 0.0000000000000000000 ) ) ;
#1267 = DIRECTION ( 'NONE',  ( -1.000000000000000000, -1.224606353822377258E-16, -0.0000000000000000000 ) ) ;
#1268 = ORIENTED_EDGE ( 'NONE', *, *, #139, .F. ) ;
#1269 = DIRECTION ( 'NONE',  ( -1.000000000000000000, -1.224606353822377258E-16, -0.0000000000000000000 ) ) ;
#1270 = FACE_OUTER_BOUND ( 'NONE', #756, .T. ) ;
#1271 = CARTESIAN_POINT ( 'NONE',  ( 12.59999999999999964, 0.0000000000000000000, 0.0000000000000000000 ) ) ;
#1272 = ORIENTED_EDGE ( 'NONE', *, *, #2889, .F. ) ;
#1273 = ORIENTED_EDGE ( 'NONE', *, *, #3639, .F. ) ;
#1274 = CONICAL_SURFACE ( 'NONE', #2328, 6.000000000000002665, 0.9599310885968824758 ) ;
#1275 = DIRECTION ( 'NONE',  ( -1.000000000000000000, -1.224606353822377258E-16, -0.0000000000000000000 ) ) ;
#1276 = FACE_OUTER_BOUND ( 'NONE', #985, .T. ) ;
#1277 = CARTESIAN_POINT ( 'NONE',  ( 38.69999999999999574, 2.501258477682205392E-15, 0.0000000000000000000 ) ) ;
#1278 = ORIENTED_EDGE ( 'NONE', *, *, #3204, .F. ) ;
#1279 = DIRECTION ( 'NONE',  ( 0.0000000000000000000, -1.000000000000000000, 0.0000000000000000000 ) ) ;
#1280 = CIRCLE ( 'NONE', #2303, 0.5999999999999998668 ) ;
#1281 = CIRCLE ( 'NONE', #1875, 6.000000000000002665 ) ;
#1282 = DIRECTION ( 'NONE',  ( -1.000000000000000000, -1.224606353822377258E-16, -0.0000000000000000000 ) ) ;
#1283 = MANIFOLD_SOLID_BREP ( 'ThdSchPat', #1987 ) ;
#1284 = CARTESIAN_POINT ( 'NONE',  ( 18.22499993316582945, 2.418597540614639737E-15, 0.0000000000000000000 ) ) ;
#1285 = CARTESIAN_POINT ( 'NONE',  ( 35.39999999999999858, 2.501258477682205392E-15, 0.0000000000000000000 ) ) ;
#1286 = CARTESIAN_POINT ( 'NONE',  ( -31.74999999999995737, 7.347880794884060572E-16, -5.999999999999952038 ) ) ;
#1287 = CARTESIAN_POINT ( 'NONE',  ( 21.52499993316583016, 6.000000000000006217, 7.347880794884123680E-16 ) ) ;
#1288 = DIRECTION ( 'NONE',  ( 0.0000000000000000000, -1.000000000000000000, 0.0000000000000000000 ) ) ;
#1289 = CIRCLE ( 'NONE', #1790, 6.000000000000002665 ) ;
#1290 = DIRECTION ( 'NONE',  ( 0.0000000000000000000, -1.000000000000000000, 0.0000000000000000000 ) ) ;
#1291 = DIRECTION ( 'NONE',  ( 0.5735764363510452712, -0.8191520442889924647, 1.003171929053525610E-16 ) ) ;
#1292 = DIRECTION ( 'NONE',  ( -1.000000000000000000, -0.0000000000000000000, -0.0000000000000000000 ) ) ;
#1293 = ORIENTED_EDGE ( 'NONE', *, *, #380, .F. ) ;
#1294 = ORIENTED_EDGE ( 'NONE', *, *, #3471, .F. ) ;
#1295 = ORIENTED_EDGE ( 'NONE', *, *, #3102, .F. ) ;
#1296 = DIRECTION ( 'NONE',  ( -1.000000000000000000, -0.0000000000000000000, -0.0000000000000000000 ) ) ;
#1297 = CARTESIAN_POINT ( 'NONE',  ( 36.07500006683415705, 2.583919414749769470E-15, 0.0000000000000000000 ) ) ;
#1298 = CONICAL_SURFACE ( 'NONE', #2335, 6.000000000000002665, 0.9599310885968824758 ) ;
#1299 = CARTESIAN_POINT ( 'NONE',  ( -31.74999999999995737, 0.0000000000000000000, 0.0000000000000000000 ) ) ;
#1300 = CARTESIAN_POINT ( 'NONE',  ( -31.74999999999995737, 7.347880794884060572E-16, -5.999999999999952038 ) ) ;
#1301 = EDGE_LOOP ( 'NONE', ( #2975, #2729, #3124 ) ) ;
#1302 = ORIENTED_EDGE ( 'NONE', *, *, #3081, .F. ) ;
#1303 = DIRECTION ( 'NONE',  ( -1.000000000000000000, 0.0000000000000000000, 0.0000000000000000000 ) ) ;
#1304 = DIRECTION ( 'NONE',  ( 0.0000000000000000000, -1.000000000000000000, 0.0000000000000000000 ) ) ;
#1305 = CIRCLE ( 'NONE', #2329, 5.057500000000000107 ) ;
#1306 = DIRECTION ( 'NONE',  ( 0.0000000000000000000, 0.0000000000000000000, 1.000000000000000000 ) ) ;
#1307 = DIRECTION ( 'NONE',  ( 0.0000000000000000000, -1.000000000000000000, 0.0000000000000000000 ) ) ;
#1308 = CYLINDRICAL_SURFACE ( 'NONE', #2315, 5.999999999999952038 ) ;
#1309 = ORIENTED_EDGE ( 'NONE', *, *, #3301, .F. ) ;
#1310 = CARTESIAN_POINT ( 'NONE',  ( 33.75000000000000000, 2.501258477682205392E-15, 0.0000000000000000000 ) ) ;
#1311 = CARTESIAN_POINT ( 'NONE',  ( 19.87499993316583158, 6.000000000000006217, 7.347880794884123680E-16 ) ) ;
#1312 = EDGE_CURVE ( 'NONE', #2235, #1577, #754, .T. ) ;
#1313 = EDGE_CURVE ( 'NONE', #3279, #411, #775, .T. ) ;
#1314 = FACE_OUTER_BOUND ( 'NONE', #1317, .T. ) ;
#1315 = DIRECTION ( 'NONE',  ( 0.0000000000000000000, -1.000000000000000000, 0.0000000000000000000 ) ) ;
#1316 = CARTESIAN_POINT ( 'NONE',  ( 28.80000000000000071, 2.501258477682205392E-15, 0.0000000000000000000 ) ) ;
#1317 = EDGE_LOOP ( 'NONE', ( #3168, #1741, #1138, #3525, #467 ) ) ;
#1318 = FACE_OUTER_BOUND ( 'NONE', #2465, .T. ) ;
#1319 = FACE_OUTER_BOUND ( 'NONE', #1728, .T. ) ;
#1320 = DIRECTION ( 'NONE',  ( 0.0000000000000000000, -1.000000000000000000, 0.0000000000000000000 ) ) ;
#1321 = CARTESIAN_POINT ( 'NONE',  ( 6.000000000000000000, 2.919948986426539772, 5.057499999999989448 ) ) ;
#1322 = EDGE_LOOP ( 'NONE', ( #2030, #398, #1608, #2263, #419, #751 ) ) ;
#1323 = DIRECTION ( 'NONE',  ( -1.000000000000000000, -1.224606353822377258E-16, -0.0000000000000000000 ) ) ;
#1324 = CYLINDRICAL_SURFACE ( 'NONE', #2334, 5.999999999999952038 ) ;
#1325 = CARTESIAN_POINT ( 'NONE',  ( 41.99999999999999289, 0.0000000000000000000, 5.035999999999999588 ) ) ;
#1326 = EDGE_LOOP ( 'NONE', ( #2108, #1827, #3249, #3452, #1294 ) ) ;
#1327 = DIRECTION ( 'NONE',  ( -1.000000000000000000, -1.224606353822377258E-16, -0.0000000000000000000 ) ) ;
#1328 = ORIENTED_EDGE ( 'NONE', *, *, #172, .F. ) ;
#1329 = DIRECTION ( 'NONE',  ( 0.0000000000000000000, -1.000000000000000000, 0.0000000000000000000 ) ) ;
#1330 = CARTESIAN_POINT ( 'NONE',  ( 29.47500006683415918, 2.583919414749769470E-15, 0.0000000000000000000 ) ) ;
#1331 = TOROIDAL_SURFACE ( 'NONE', #2370, 8.400000000000000355, 0.5999999999999999778 ) ;
#1332 = EDGE_CURVE ( 'NONE', #3508, #1756, #769, .T. ) ;
#1333 = VECTOR ( 'NONE', #58, 1000.000000000000000 ) ;
#1334 = ORIENTED_EDGE ( 'NONE', *, *, #2960, .T. ) ;
#1335 = FACE_OUTER_BOUND ( 'NONE', #860, .T. ) ;
#1336 = DIRECTION ( 'NONE',  ( -1.000000000000000000, -1.224606353822377258E-16, -0.0000000000000000000 ) ) ;
#1337 = FACE_OUTER_BOUND ( 'NONE', #511, .T. ) ;
#1338 = ORIENTED_EDGE ( 'NONE', *, *, #3140, .T. ) ;
#1339 = ORIENTED_EDGE ( 'NONE', *, *, #3011, .F. ) ;
#1340 = CONICAL_SURFACE ( 'NONE', #2373, 5.057500000000000107, 1.047197551196592302 ) ;
#1341 = CARTESIAN_POINT ( 'NONE',  ( 36.07500006683415705, 2.583919414749769470E-15, 0.0000000000000000000 ) ) ;
#1342 = DIRECTION ( 'NONE',  ( 1.000000000000000000, 1.224606353822377258E-16, 0.0000000000000000000 ) ) ;
#1343 = VERTEX_POINT ( 'NONE', #905 ) ;
#1344 = LINE ( 'NONE', #3022, #2764 ) ;
#1345 = ORIENTED_EDGE ( 'NONE', *, *, #3624, .F. ) ;
#1346 = ORIENTED_EDGE ( 'NONE', *, *, #484, .F. ) ;
#1347 = DIRECTION ( 'NONE',  ( 0.0000000000000000000, 0.0000000000000000000, 1.000000000000000000 ) ) ;
#1348 = FACE_OUTER_BOUND ( 'NONE', #320, .T. ) ;
#1349 = ORIENTED_EDGE ( 'NONE', *, *, #2925, .T. ) ;
#1350 = DIRECTION ( 'NONE',  ( 0.0000000000000000000, -1.000000000000000000, 0.0000000000000000000 ) ) ;
#1351 = FACE_OUTER_BOUND ( 'NONE', #863, .T. ) ;
#1352 = ORIENTED_EDGE ( 'NONE', *, *, #3205, .T. ) ;
#1353 = ORIENTED_EDGE ( 'NONE', *, *, #2964, .T. ) ;
#1354 = FACE_OUTER_BOUND ( 'NONE', #2915, .T. ) ;
#1355 = ORIENTED_EDGE ( 'NONE', *, *, #3263, .F. ) ;
#1356 = DIRECTION ( 'NONE',  ( -1.000000000000000000, 0.0000000000000000000, 0.0000000000000000000 ) ) ;
#1357 = DIRECTION ( 'NONE',  ( -1.000000000000000000, -1.224606353822377258E-16, -0.0000000000000000000 ) ) ;
#1358 = CARTESIAN_POINT ( 'NONE',  ( 29.47500006683415918, 2.583919414749769470E-15, 0.0000000000000000000 ) ) ;
#1359 = VERTEX_POINT ( 'NONE', #975 ) ;
#1360 = PLANE ( 'NONE',  #2221 ) ;
#1361 = CYLINDRICAL_SURFACE ( 'NONE', #2362, 5.999999999999952038 ) ;
#1362 = FACE_OUTER_BOUND ( 'NONE', #1726, .T. ) ;
#1363 = EDGE_CURVE ( 'NONE', #523, #1163, #727, .T. ) ;
#1364 = LINE ( 'NONE', #2754, #2425 ) ;
#1365 = CARTESIAN_POINT ( 'NONE',  ( 16.57499993316583087, 2.418597540614639737E-15, 0.0000000000000000000 ) ) ;
#1366 = CARTESIAN_POINT ( 'NONE',  ( -31.74999999999995737, 0.0000000000000000000, 5.999999999999952038 ) ) ;
#1367 = ORIENTED_EDGE ( 'NONE', *, *, #3114, .F. ) ;
#1368 = CYLINDRICAL_SURFACE ( 'NONE', #2363, 5.999999999999952038 ) ;
#1369 = ORIENTED_EDGE ( 'NONE', *, *, #3198, .F. ) ;
#1370 = CARTESIAN_POINT ( 'NONE',  ( 31.42499993316583229, 2.418597540614639737E-15, 0.0000000000000000000 ) ) ;
#1371 = FACE_OUTER_BOUND ( 'NONE', #2617, .T. ) ;
#1372 = CARTESIAN_POINT ( 'NONE',  ( 23.17499993316583229, 7.347880794883917590E-16, -6.000000000000002665 ) ) ;
#1373 = DIRECTION ( 'NONE',  ( 1.000000000000000000, 1.224606353822377258E-16, 0.0000000000000000000 ) ) ;
#1374 = DIRECTION ( 'NONE',  ( 0.0000000000000000000, 1.000000000000000000, 0.0000000000000000000 ) ) ;
#1375 = FACE_OUTER_BOUND ( 'NONE', #3578, .T. ) ;
#1376 = VERTEX_POINT ( 'NONE', #879 ) ;
#1377 = CARTESIAN_POINT ( 'NONE',  ( 32.10000000000000142, 2.501258477682205392E-15, 0.0000000000000000000 ) ) ;
#1378 = ORIENTED_EDGE ( 'NONE', *, *, #623, .T. ) ;
#1379 = CARTESIAN_POINT ( 'NONE',  ( 6.000000000000000000, 2.919948986426539772, 5.057499999999989448 ) ) ;
#1380 = CARTESIAN_POINT ( 'NONE',  ( 34.42500006683415847, -2.195560136601448872E-29, 6.000000000000002665 ) ) ;
#1381 = ORIENTED_EDGE ( 'NONE', *, *, #3177, .T. ) ;
#1382 = VERTEX_POINT ( 'NONE', #895 ) ;
#1383 = DIRECTION ( 'NONE',  ( -0.5735764363510529318, -0.8191520442889870246, 0.0000000000000000000 ) ) ;
#1384 = DIRECTION ( 'NONE',  ( -1.000000000000000000, -0.0000000000000000000, -0.0000000000000000000 ) ) ;
#1385 = DIRECTION ( 'NONE',  ( -1.000000000000000000, -1.224606353822377258E-16, -0.0000000000000000000 ) ) ;
#1386 = FACE_OUTER_BOUND ( 'NONE', #708, .T. ) ;
#1387 = DIRECTION ( 'NONE',  ( 0.0000000000000000000, -1.000000000000000000, 0.0000000000000000000 ) ) ;
#1388 = CARTESIAN_POINT ( 'NONE',  ( -31.74999999999995737, 0.0000000000000000000, 0.0000000000000000000 ) ) ;
#1389 = ORIENTED_EDGE ( 'NONE', *, *, #3441, .T. ) ;
#1390 = DIRECTION ( 'NONE',  ( -0.5735764363510532649, 0.8191520442889868026, 1.003171929053518707E-16 ) ) ;
#1391 = DIRECTION ( 'NONE',  ( 0.0000000000000000000, 0.0000000000000000000, 1.000000000000000000 ) ) ;
#1392 = CARTESIAN_POINT ( 'NONE',  ( 25.50000000000000355, -5.036000000000000476, 0.0000000000000000000 ) ) ;
#1393 = VERTEX_POINT ( 'NONE', #918 ) ;
#1394 = ORIENTED_EDGE ( 'NONE', *, *, #254, .T. ) ;
#1395 = DIRECTION ( 'NONE',  ( -1.000000000000000000, -0.0000000000000000000, -0.0000000000000000000 ) ) ;
#1396 = DIRECTION ( 'NONE',  ( -1.000000000000000000, -0.0000000000000000000, -0.0000000000000000000 ) ) ;
#1397 = EDGE_LOOP ( 'NONE', ( #3269, #3238, #3234, #3231, #3230 ) ) ;
#1398 = LINE ( 'NONE', #2751, #2699 ) ;
#1399 = DIRECTION ( 'NONE',  ( -1.000000000000000000, -1.224606353822377258E-16, -0.0000000000000000000 ) ) ;
#1400 = EDGE_LOOP ( 'NONE', ( #1457, #160, #2040, #1492, #741 ) ) ;
#1401 = CARTESIAN_POINT ( 'NONE',  ( -31.74999999999995737, 0.0000000000000000000, 0.0000000000000000000 ) ) ;
#1402 = CARTESIAN_POINT ( 'NONE',  ( 32.77500006683415990, 2.583919414749769470E-15, 0.0000000000000000000 ) ) ;
#1403 = CIRCLE ( 'NONE', #1576, 6.000000000000002665 ) ;
#1404 = CIRCLE ( 'NONE', #1891, 5.036000000000003141 ) ;
#1405 = DIRECTION ( 'NONE',  ( 0.0000000000000000000, 0.0000000000000000000, 1.000000000000000000 ) ) ;
#1406 = DIRECTION ( 'NONE',  ( -1.000000000000000000, -0.0000000000000000000, -0.0000000000000000000 ) ) ;
#1407 = CYLINDRICAL_SURFACE ( 'NONE', #2354, 5.999999999999952038 ) ;
#1408 = EDGE_CURVE ( 'NONE', #1206, #394, #720, .T. ) ;
#1409 = DIRECTION ( 'NONE',  ( -1.000000000000000000, -1.224606353822377258E-16, -0.0000000000000000000 ) ) ;
#1410 = ORIENTED_EDGE ( 'NONE', *, *, #3035, .T. ) ;
#1411 = DIRECTION ( 'NONE',  ( 0.0000000000000000000, -1.000000000000000000, 0.0000000000000000000 ) ) ;
#1412 = DIRECTION ( 'NONE',  ( 0.0000000000000000000, 1.000000000000000000, 0.0000000000000000000 ) ) ;
#1413 = ORIENTED_EDGE ( 'NONE', *, *, #2971, .F. ) ;
#1414 = DIRECTION ( 'NONE',  ( 0.5735764363510452712, -0.8191520442889924647, 1.003171929053525610E-16 ) ) ;
#1415 = DIRECTION ( 'NONE',  ( 0.0000000000000000000, 0.0000000000000000000, 1.000000000000000000 ) ) ;
#1416 = CONICAL_SURFACE ( 'NONE', #1814, 5.036000000000003141, 0.9599310885968728169 ) ;
#1417 = CARTESIAN_POINT ( 'NONE',  ( 31.42499993316583229, 6.000000000000006217, 7.347880794884123680E-16 ) ) ;
#1418 = CARTESIAN_POINT ( 'NONE',  ( -31.74999999999995737, 7.347880794884060572E-16, -5.999999999999952038 ) ) ;
#1419 = ORIENTED_EDGE ( 'NONE', *, *, #3407, .T. ) ;
#1420 = DIRECTION ( 'NONE',  ( 0.0000000000000000000, -1.000000000000000000, 0.0000000000000000000 ) ) ;
#1421 = ORIENTED_EDGE ( 'NONE', *, *, #427, .F. ) ;
#1422 = VERTEX_POINT ( 'NONE', #867 ) ;
#1423 = DIRECTION ( 'NONE',  ( 1.000000000000000000, 1.224606353822377258E-16, 0.0000000000000000000 ) ) ;
#1424 = ORIENTED_EDGE ( 'NONE', *, *, #2946, .F. ) ;
#1425 = CARTESIAN_POINT ( 'NONE',  ( 41.02500006683415279, 2.583919414749769470E-15, 0.0000000000000000000 ) ) ;
#1426 = VERTEX_POINT ( 'NONE', #874 ) ;
#1427 = DIRECTION ( 'NONE',  ( 0.0000000000000000000, 0.0000000000000000000, 1.000000000000000000 ) ) ;
#1428 = ORIENTED_EDGE ( 'NONE', *, *, #735, .F. ) ;
#1429 = DIRECTION ( 'NONE',  ( 0.0000000000000000000, 0.0000000000000000000, 1.000000000000000000 ) ) ;
#1430 = DIRECTION ( 'NONE',  ( -1.000000000000000000, -0.0000000000000000000, -0.0000000000000000000 ) ) ;
#1431 = DIRECTION ( 'NONE',  ( -1.000000000000000000, -0.0000000000000000000, -0.0000000000000000000 ) ) ;
#1432 = CARTESIAN_POINT ( 'NONE',  ( 0.0000000000000000000, 0.0000000000000000000, 0.0000000000000000000 ) ) ;
#1433 = CARTESIAN_POINT ( 'NONE',  ( 6.000000000000000000, 0.0000000000000000000, 0.0000000000000000000 ) ) ;
#1434 = CARTESIAN_POINT ( 'NONE',  ( 16.57499993316583087, 2.418597540614639737E-15, 0.0000000000000000000 ) ) ;
#1435 = DIRECTION ( 'NONE',  ( 0.0000000000000000000, 1.000000000000000000, 0.0000000000000000000 ) ) ;
#1436 = DIRECTION ( 'NONE',  ( 0.0000000000000000000, 0.0000000000000000000, 1.000000000000000000 ) ) ;
#1437 = EDGE_CURVE ( 'NONE', #523, #2235, #716, .T. ) ;
#1438 = CARTESIAN_POINT ( 'NONE',  ( 27.82500006683415705, 2.583919414749769470E-15, 0.0000000000000000000 ) ) ;
#1439 = EDGE_LOOP ( 'NONE', ( #961, #1713, #1448, #3458, #3167, #3117 ) ) ;
#1440 = ORIENTED_EDGE ( 'NONE', *, *, #3666, .F. ) ;
#1441 = ORIENTED_EDGE ( 'NONE', *, *, #3473, .T. ) ;
#1442 = DIRECTION ( 'NONE',  ( -1.000000000000000000, -0.0000000000000000000, -0.0000000000000000000 ) ) ;
#1443 = CARTESIAN_POINT ( 'NONE',  ( 18.22499993316582945, -5.999999999999999112, 0.0000000000000000000 ) ) ;
#1444 = VERTEX_POINT ( 'NONE', #834 ) ;
#1445 = CARTESIAN_POINT ( 'NONE',  ( -31.74999999999995737, 0.0000000000000000000, 0.0000000000000000000 ) ) ;
#1446 = DIRECTION ( 'NONE',  ( 0.0000000000000000000, -1.000000000000000000, 0.0000000000000000000 ) ) ;
#1447 = CARTESIAN_POINT ( 'NONE',  ( 0.6000000000000033085, 0.0000000000000000000, 0.0000000000000000000 ) ) ;
#1448 = ORIENTED_EDGE ( 'NONE', *, *, #3303, .T. ) ;
#1449 = DIRECTION ( 'NONE',  ( -1.000000000000000000, -1.224606353822377258E-16, -0.0000000000000000000 ) ) ;
#1450 = ORIENTED_EDGE ( 'NONE', *, *, #3217, .T. ) ;
#1451 = VERTEX_POINT ( 'NONE', #875 ) ;
#1452 = CARTESIAN_POINT ( 'NONE',  ( 29.77499993316583016, 2.418597540614639737E-15, 0.0000000000000000000 ) ) ;
#1453 = SURFACE_STYLE_FILL_AREA ( #2491 ) ;
#1454 = DIRECTION ( 'NONE',  ( 0.0000000000000000000, 0.0000000000000000000, 1.000000000000000000 ) ) ;
#1455 = DIRECTION ( 'NONE',  ( 0.0000000000000000000, -1.000000000000000000, 0.0000000000000000000 ) ) ;
#1456 = DIRECTION ( 'NONE',  ( 0.0000000000000000000, 1.000000000000000000, 0.0000000000000000000 ) ) ;
#1457 = ORIENTED_EDGE ( 'NONE', *, *, #3289, .F. ) ;
#1458 = EDGE_CURVE ( 'NONE', #276, #604, #752, .T. ) ;
#1459 = DIRECTION ( 'NONE',  ( 0.0000000000000000000, -1.000000000000000000, 0.0000000000000000000 ) ) ;
#1460 = CARTESIAN_POINT ( 'NONE',  ( 27.82500006683415705, 7.347880794883902799E-16, -6.000000000000002665 ) ) ;
#1461 = CARTESIAN_POINT ( 'NONE',  ( 18.89999999999999858, 2.501258477682205392E-15, 0.0000000000000000000 ) ) ;
#1462 = LINE ( 'NONE', #3647, #1636 ) ;
#1463 = CARTESIAN_POINT ( 'NONE',  ( 38.69999999999999574, -5.036000000000000476, 6.757601037695098523E-16 ) ) ;
#1464 = CARTESIAN_POINT ( 'NONE',  ( 38.69999999999999574, 2.501258477682205392E-15, 0.0000000000000000000 ) ) ;
#1465 = VECTOR ( 'NONE', #2218, 1000.000000000000000 ) ;
#1466 = CARTESIAN_POINT ( 'NONE',  ( 20.55000000000000071, 5.036000000000005805, 0.0000000000000000000 ) ) ;
#1467 = CONICAL_SURFACE ( 'NONE', #1587, 6.000000000000002665, 0.9599310885968824758 ) ;
#1468 = LINE ( 'NONE', #2929, #326 ) ;
#1469 = DIRECTION ( 'NONE',  ( -1.000000000000000000, -1.224606353822377258E-16, -0.0000000000000000000 ) ) ;
#1470 = FACE_OUTER_BOUND ( 'NONE', #3223, .T. ) ;
#1471 = DIRECTION ( 'NONE',  ( -1.000000000000000000, -1.224606353822377258E-16, -0.0000000000000000000 ) ) ;
#1472 = PLANE ( 'NONE',  #2253 ) ;
#1473 = DIRECTION ( 'NONE',  ( 0.0000000000000000000, -0.4999999999999990008, 0.8660254037844392627 ) ) ;
#1474 = CYLINDRICAL_SURFACE ( 'NONE', #2378, 5.999999999999952038 ) ;
#1475 = DIRECTION ( 'NONE',  ( -0.0000000000000000000, 0.8660254037844392627, 0.4999999999999990008 ) ) ;
#1476 = CIRCLE ( 'NONE', #1795, 6.000000000000002665 ) ;
#1477 = VERTEX_POINT ( 'NONE', #838 ) ;
#1478 = DIRECTION ( 'NONE',  ( -1.000000000000000000, -1.224606353822377258E-16, -0.0000000000000000000 ) ) ;
#1479 = DIRECTION ( 'NONE',  ( -1.000000000000000000, 0.0000000000000000000, 0.0000000000000000000 ) ) ;
#1480 = ORIENTED_EDGE ( 'NONE', *, *, #2931, .T. ) ;
#1481 = DIRECTION ( 'NONE',  ( -0.5735764363510529318, -0.8191520442889870246, 0.0000000000000000000 ) ) ;
#1482 = ORIENTED_EDGE ( 'NONE', *, *, #3196, .F. ) ;
#1483 = PLANE ( 'NONE',  #2269 ) ;
#1484 = CARTESIAN_POINT ( 'NONE',  ( 0.0000000000000000000, 5.839897972853065333, -1.517883041479706208E-14 ) ) ;
#1485 = ORIENTED_EDGE ( 'NONE', *, *, #3308, .T. ) ;
#1486 = CONICAL_SURFACE ( 'NONE', #1605, 6.000000000000002665, 0.9599310885968824758 ) ;
#1487 = ORIENTED_EDGE ( 'NONE', *, *, #3444, .T. ) ;
#1488 = CIRCLE ( 'NONE', #1692, 6.000000000000002665 ) ;
#1489 = CARTESIAN_POINT ( 'NONE',  ( 33.07499993316582731, 2.418597540614639737E-15, 0.0000000000000000000 ) ) ;
#1490 = CARTESIAN_POINT ( 'NONE',  ( 0.0000000000000000000, -2.919948986426536663, -5.057500000000003659 ) ) ;
#1491 = COLOUR_RGB ( '',0.7764705882352941346, 0.7568627450980391913, 0.7372549019607843590 ) ;
#1492 = ORIENTED_EDGE ( 'NONE', *, *, #3263, .T. ) ;
#1493 = EDGE_LOOP ( 'NONE', ( #3017, #3116, #3021, #2985, #2719, #2726 ) ) ;
#1494 = DIRECTION ( 'NONE',  ( 0.0000000000000000000, -1.000000000000000000, 0.0000000000000000000 ) ) ;
#1495 = ORIENTED_EDGE ( 'NONE', *, *, #3338, .F. ) ;
#1496 = ORIENTED_EDGE ( 'NONE', *, *, #3397, .T. ) ;
#1497 = ORIENTED_EDGE ( 'NONE', *, *, #209, .T. ) ;
#1498 = CARTESIAN_POINT ( 'NONE',  ( 6.000000000000000000, 2.919948986426539772, 5.057499999999989448 ) ) ;
#1499 = EDGE_CURVE ( 'NONE', #871, #963, #711, .T. ) ;
#1500 = DIRECTION ( 'NONE',  ( 1.000000000000000000, 1.224606353822377258E-16, 0.0000000000000000000 ) ) ;
#1501 = PRODUCT_RELATED_PRODUCT_CATEGORY ( 'part', '', ( #1225 ) ) ;
#1502 = SURFACE_STYLE_FILL_AREA ( #2087 ) ;
#1503 = PRODUCT_DEFINITION_FORMATION_WITH_SPECIFIED_SOURCE ( 'ANY', '', #1225, .NOT_KNOWN. ) ;
#1504 = DIRECTION ( 'NONE',  ( -1.000000000000000000, -0.0000000000000000000, -0.0000000000000000000 ) ) ;
#1505 = PRODUCT_DEFINITION ( 'UNKNOWN', '', #1503, #2047 ) ;
#1506 = PRESENTATION_STYLE_ASSIGNMENT (( #2017 ) ) ;
#1507 = LINE ( 'NONE', #2358, #1818 ) ;
#1508 = CARTESIAN_POINT ( 'NONE',  ( 41.99999999999999289, 0.0000000000000000000, 0.0000000000000000000 ) ) ;
#1509 = AXIS2_PLACEMENT_3D ( 'NONE', #2560, #2413, #2412 ) ;
#1510 = FACE_OUTER_BOUND ( 'NONE', #1258, .T. ) ;
#1511 = DIRECTION ( 'NONE',  ( 0.0000000000000000000, 0.0000000000000000000, 1.000000000000000000 ) ) ;
#1512 = CARTESIAN_POINT ( 'NONE',  ( 6.000000000000000000, -5.839897972853062669, -4.336808689942017736E-16 ) ) ;
#1513 = CARTESIAN_POINT ( 'NONE',  ( 41.02500006683415279, 2.583919414749769470E-15, 0.0000000000000000000 ) ) ;
#1514 = ORIENTED_EDGE ( 'NONE', *, *, #1408, .T. ) ;
#1515 = EDGE_LOOP ( 'NONE', ( #2223, #561, #686, #89, #3346 ) ) ;
#1516 = UNCERTAINTY_MEASURE_WITH_UNIT (LENGTH_MEASURE( 1.000000000000000082E-05 ), #2476, 'distance_accuracy_value', 'NONE');
#1517 = CARTESIAN_POINT ( 'NONE',  ( 41.02500006683415279, 7.347880794883902799E-16, -6.000000000000002665 ) ) ;
#1518 = ORIENTED_EDGE ( 'NONE', *, *, #164, .F. ) ;
#1519 =( GEOMETRIC_REPRESENTATION_CONTEXT ( 3 ) GLOBAL_UNCERTAINTY_ASSIGNED_CONTEXT ( ( #1516 ) ) GLOBAL_UNIT_ASSIGNED_CONTEXT ( ( #2476, #2460, #2449 ) ) REPRESENTATION_CONTEXT ( 'NONE', 'WORKASPACE' ) );
#1520 = DIRECTION ( 'NONE',  ( -1.000000000000000000, -1.224606353822377258E-16, -0.0000000000000000000 ) ) ;
#1521 = MECHANICAL_DESIGN_GEOMETRIC_PRESENTATION_REPRESENTATION (  '', ( #1529 ), #1519 ) ;
#1522 = CARTESIAN_POINT ( 'NONE',  ( 34.72499993316582589, 6.000000000000006217, 7.347880794884123680E-16 ) ) ;
#1523 = DIRECTION ( 'NONE',  ( 0.0000000000000000000, -1.000000000000000000, 0.0000000000000000000 ) ) ;
#1524 = PRESENTATION_LAYER_ASSIGNMENT (  '', '', ( #1529 ) ) ;
#1525 = ORIENTED_EDGE ( 'NONE', *, *, #618, .T. ) ;
#1526 = DIRECTION ( 'NONE',  ( 0.0000000000000000000, -1.000000000000000000, 0.0000000000000000000 ) ) ;
#1527 = CARTESIAN_POINT ( 'NONE',  ( 32.10000000000000142, -5.036000000000000476, 6.757601037695098523E-16 ) ) ;
#1528 = DIRECTION ( 'NONE',  ( -1.000000000000000000, -0.0000000000000000000, -0.0000000000000000000 ) ) ;
#1529 = STYLED_ITEM ( 'NONE', ( #581 ), #2505 ) ;
#1530 = ORIENTED_EDGE ( 'NONE', *, *, #3086, .F. ) ;
#1531 = DIRECTION ( 'NONE',  ( -1.000000000000000000, -1.224606353822377258E-16, -0.0000000000000000000 ) ) ;
#1532 = DIRECTION ( 'NONE',  ( -1.000000000000000000, 0.0000000000000000000, 0.0000000000000000000 ) ) ;
#1533 = CARTESIAN_POINT ( 'NONE',  ( 29.47500006683415918, 2.583919414749769470E-15, 0.0000000000000000000 ) ) ;
#1534 = ORIENTED_EDGE ( 'NONE', *, *, #3114, .T. ) ;
#1535 = VERTEX_POINT ( 'NONE', #844 ) ;
#1536 = CARTESIAN_POINT ( 'NONE',  ( 32.10000000000000142, 2.501258477682205392E-15, 0.0000000000000000000 ) ) ;
#1537 = CARTESIAN_POINT ( 'NONE',  ( 28.80000000000000071, 2.501258477682205392E-15, 0.0000000000000000000 ) ) ;
#1538 =( GEOMETRIC_REPRESENTATION_CONTEXT ( 3 ) GLOBAL_UNCERTAINTY_ASSIGNED_CONTEXT ( ( #3593 ) ) GLOBAL_UNIT_ASSIGNED_CONTEXT ( ( #2544, #2539, #2527 ) ) REPRESENTATION_CONTEXT ( 'NONE', 'WORKASPACE' ) );
#1539 = CARTESIAN_POINT ( 'NONE',  ( -31.74999999999995737, 0.0000000000000000000, 5.999999999999952038 ) ) ;
#1540 = DIRECTION ( 'NONE',  ( -1.000000000000000000, -1.224606353822377258E-16, -0.0000000000000000000 ) ) ;
#1541 = AXIS2_PLACEMENT_3D ( 'NONE', #2632, #2631, #2626 ) ;
#1542 = AXIS2_PLACEMENT_3D ( 'NONE', #2883, #2934, #2776 ) ;
#1543 = AXIS2_PLACEMENT_3D ( 'NONE', #2720, #2704, #2299 ) ;
#1544 = DIRECTION ( 'NONE',  ( -1.000000000000000000, -1.224606353822377258E-16, -0.0000000000000000000 ) ) ;
#1545 = AXIS2_PLACEMENT_3D ( 'NONE', #2377, #2438, #2696 ) ;
#1546 = CIRCLE ( 'NONE', #1662, 6.000000000000002665 ) ;
#1547 = DIRECTION ( 'NONE',  ( 0.0000000000000000000, 0.0000000000000000000, 1.000000000000000000 ) ) ;
#1548 = DIRECTION ( 'NONE',  ( -1.000000000000000000, -0.0000000000000000000, -0.0000000000000000000 ) ) ;
#1549 = DIRECTION ( 'NONE',  ( -0.5735764363510532649, 0.8191520442889868026, 1.003171929053518707E-16 ) ) ;
#1550 = CIRCLE ( 'NONE', #1877, 5.036000000000003141 ) ;
#1551 = DIRECTION ( 'NONE',  ( 0.0000000000000000000, -1.224646799147353207E-16, 1.000000000000000000 ) ) ;
#1552 =( GEOMETRIC_REPRESENTATION_CONTEXT ( 3 ) GLOBAL_UNCERTAINTY_ASSIGNED_CONTEXT ( ( #1019 ) ) GLOBAL_UNIT_ASSIGNED_CONTEXT ( ( #2811, #2793, #2783 ) ) REPRESENTATION_CONTEXT ( 'NONE', 'WORKASPACE' ) );
#1553 = DIRECTION ( 'NONE',  ( -0.0000000000000000000, 1.000000000000000000, 1.224646799147353207E-16 ) ) ;
#1554 = MECHANICAL_DESIGN_GEOMETRIC_PRESENTATION_REPRESENTATION (  '', ( #1558 ), #1552 ) ;
#1555 = LINE ( 'NONE', #2084, #1024 ) ;
#1556 = CARTESIAN_POINT ( 'NONE',  ( 0.6000000000000033085, 1.028703311283776586E-15, -8.400000000000000355 ) ) ;
#1557 = PRESENTATION_LAYER_ASSIGNMENT (  '', '', ( #1558 ) ) ;
#1558 = STYLED_ITEM ( 'NONE', ( #189 ), #3629 ) ;
#1559 = DIRECTION ( 'NONE',  ( 0.0000000000000000000, 1.000000000000000000, 0.0000000000000000000 ) ) ;
#1560 = DIRECTION ( 'NONE',  ( 0.5735764363510450492, 0.8191520442889925757, 0.0000000000000000000 ) ) ;
#1561 = AXIS2_PLACEMENT_3D ( 'NONE', #2862, #2856, #2846 ) ;
#1562 = LINE ( 'NONE', #167, #2707 ) ;
#1563 = ORIENTED_EDGE ( 'NONE', *, *, #3411, .F. ) ;
#1564 = AXIS2_PLACEMENT_3D ( 'NONE', #2909, #2902, #2892 ) ;
#1565 = AXIS2_PLACEMENT_3D ( 'NONE', #2981, #2957, #3033 ) ;
#1566 = CARTESIAN_POINT ( 'NONE',  ( 26.17500006683415847, 2.583919414749769470E-15, 0.0000000000000000000 ) ) ;
#1567 = VERTEX_POINT ( 'NONE', #794 ) ;
#1568 = ORIENTED_EDGE ( 'NONE', *, *, #3494, .F. ) ;
#1569 = CARTESIAN_POINT ( 'NONE',  ( 32.10000000000000142, 5.036000000000005805, 6.167321280506074351E-16 ) ) ;
#1570 = AXIS2_PLACEMENT_3D ( 'NONE', #3020, #3013, #3001 ) ;
#1571 = ORIENTED_EDGE ( 'NONE', *, *, #688, .T. ) ;
#1572 = DIRECTION ( 'NONE',  ( 1.000000000000000000, 1.224606353822377258E-16, 0.0000000000000000000 ) ) ;
#1573 = ORIENTED_EDGE ( 'NONE', *, *, #413, .F. ) ;
#1574 = DIRECTION ( 'NONE',  ( 0.0000000000000000000, 0.0000000000000000000, 1.000000000000000000 ) ) ;
#1575 = DIRECTION ( 'NONE',  ( 0.0000000000000000000, -1.000000000000000000, 0.0000000000000000000 ) ) ;
#1576 = AXIS2_PLACEMENT_3D ( 'NONE', #3074, #3069, #3061 ) ;
#1577 = VERTEX_POINT ( 'NONE', #792 ) ;
#1578 = AXIS2_PLACEMENT_3D ( 'NONE', #3119, #3283, #3135 ) ;
#1579 = DIRECTION ( 'NONE',  ( 0.0000000000000000000, 0.4999999999999987232, -0.8660254037844392627 ) ) ;
#1580 = ORIENTED_EDGE ( 'NONE', *, *, #3494, .T. ) ;
#1581 = PRESENTATION_STYLE_ASSIGNMENT (( #2062 ) ) ;
#1582 = AXIS2_PLACEMENT_3D ( 'NONE', #3113, #3112, #3100 ) ;
#1583 = DIRECTION ( 'NONE',  ( 0.0000000000000000000, -1.000000000000000000, 0.0000000000000000000 ) ) ;
#1584 = DIRECTION ( 'NONE',  ( -1.000000000000000000, -1.224606353822377258E-16, -0.0000000000000000000 ) ) ;
#1585 = COLOUR_RGB ( '',0.7764705882352941346, 0.7568627450980391913, 0.7372549019607843590 ) ;
#1586 = VERTEX_POINT ( 'NONE', #796 ) ;
#1587 = AXIS2_PLACEMENT_3D ( 'NONE', #3193, #3159, #3211 ) ;
#1588 = DIRECTION ( 'NONE',  ( 0.0000000000000000000, -0.8660254037844393737, -0.4999999999999987788 ) ) ;
#1589 = VECTOR ( 'NONE', #2098, 1000.000000000000000 ) ;
#1590 = CARTESIAN_POINT ( 'NONE',  ( 37.04999999999999716, 2.501258477682205392E-15, 0.0000000000000000000 ) ) ;
#1591 = ORIENTED_EDGE ( 'NONE', *, *, #3365, .T. ) ;
#1592 = CARTESIAN_POINT ( 'NONE',  ( 27.15000000000000213, 2.501258477682205392E-15, 0.0000000000000000000 ) ) ;
#1593 = PLANE ( 'NONE',  #2295 ) ;
#1594 = AXIS2_PLACEMENT_3D ( 'NONE', #3186, #3183, #3171 ) ;
#1595 = DIRECTION ( 'NONE',  ( 0.0000000000000000000, -1.000000000000000000, 0.0000000000000000000 ) ) ;
#1596 = CARTESIAN_POINT ( 'NONE',  ( 22.19999999999999929, -5.036000000000000476, 6.757601037695098523E-16 ) ) ;
#1597 = DIRECTION ( 'NONE',  ( 0.0000000000000000000, -1.000000000000000000, 0.0000000000000000000 ) ) ;
#1598 = CARTESIAN_POINT ( 'NONE',  ( 29.47500006683415918, 2.583919414749769470E-15, 0.0000000000000000000 ) ) ;
#1599 = CARTESIAN_POINT ( 'NONE',  ( 17.25000000000000000, 2.501258477682205392E-15, 0.0000000000000000000 ) ) ;
#1600 = DIRECTION ( 'NONE',  ( -1.000000000000000000, -1.224606353822377258E-16, -0.0000000000000000000 ) ) ;
#1601 = FACE_OUTER_BOUND ( 'NONE', #3154, .T. ) ;
#1602 = CARTESIAN_POINT ( 'NONE',  ( 6.000000000000000000, 5.839897972853065333, -1.517883041479706208E-14 ) ) ;
#1603 = VECTOR ( 'NONE', #2133, 999.9999999999998863 ) ;
#1604 = AXIS2_PLACEMENT_3D ( 'NONE', #3222, #3213, #3233 ) ;
#1605 = AXIS2_PLACEMENT_3D ( 'NONE', #3274, #3275, #3265 ) ;
#1606 = CIRCLE ( 'NONE', #1785, 6.000000000000002665 ) ;
#1607 = CYLINDRICAL_SURFACE ( 'NONE', #2414, 5.999999999999952038 ) ;
#1608 = ORIENTED_EDGE ( 'NONE', *, *, #3241, .T. ) ;
#1609 = VERTEX_POINT ( 'NONE', #886 ) ;
#1610 = ORIENTED_EDGE ( 'NONE', *, *, #3190, .F. ) ;
#1611 = AXIS2_PLACEMENT_3D ( 'NONE', #2737, #3258, #3251 ) ;
#1612 = AXIS2_PLACEMENT_3D ( 'NONE', #3315, #3309, #3304 ) ;
#1613 = CARTESIAN_POINT ( 'NONE',  ( 16.57499993316583087, 7.347880794883917590E-16, -6.000000000000002665 ) ) ;
#1614 = CARTESIAN_POINT ( 'NONE',  ( 26.47499993316582945, -5.999999999999999112, 0.0000000000000000000 ) ) ;
#1615 = ORIENTED_EDGE ( 'NONE', *, *, #209, .F. ) ;
#1616 = ORIENTED_EDGE ( 'NONE', *, *, #400, .T. ) ;
#1617 = DIRECTION ( 'NONE',  ( -1.000000000000000000, -0.0000000000000000000, -0.0000000000000000000 ) ) ;
#1618 = ORIENTED_EDGE ( 'NONE', *, *, #3072, .T. ) ;
#1619 = ORIENTED_EDGE ( 'NONE', *, *, #3292, .F. ) ;
#1620 = DIRECTION ( 'NONE',  ( 0.5735764363510452712, -0.8191520442889924647, 1.003171929053525610E-16 ) ) ;
#1621 = AXIS2_PLACEMENT_3D ( 'NONE', #3327, #3347, #3334 ) ;
#1622 = CARTESIAN_POINT ( 'NONE',  ( 31.12500006683416132, -2.234078735489193590E-29, 6.000000000000002665 ) ) ;
#1623 = CIRCLE ( 'NONE', #2416, 6.000000000000002665 ) ;
#1624 = COLOUR_RGB ( '',0.7764705882352941346, 0.7568627450980391913, 0.7372549019607843590 ) ;
#1625 = CIRCLE ( 'NONE', #1543, 6.000000000000002665 ) ;
#1626 = FACE_OUTER_BOUND ( 'NONE', #1493, .T. ) ;
#1627 = CARTESIAN_POINT ( 'NONE',  ( 29.47500006683415918, -6.000000000000000000, 7.347880794884122694E-16 ) ) ;
#1628 = VECTOR ( 'NONE', #2162, 1000.000000000000000 ) ;
#1629 = ORIENTED_EDGE ( 'NONE', *, *, #1332, .F. ) ;
#1630 = AXIS2_PLACEMENT_3D ( 'NONE', #3505, #3379, #3373 ) ;
#1631 = CARTESIAN_POINT ( 'NONE',  ( -31.74999999999995737, 0.0000000000000000000, 0.0000000000000000000 ) ) ;
#1632 = AXIS2_PLACEMENT_3D ( 'NONE', #3401, #3389, #3386 ) ;
#1633 = DIRECTION ( 'NONE',  ( -0.5735764363510529318, -0.8191520442889870246, 0.0000000000000000000 ) ) ;
#1634 = CARTESIAN_POINT ( 'NONE',  ( 24.82499993316583087, 7.347880794883917590E-16, -6.000000000000002665 ) ) ;
#1635 = CARTESIAN_POINT ( 'NONE',  ( 26.17500006683415847, -6.000000000000000000, 7.347880794884122694E-16 ) ) ;
#1636 = VECTOR ( 'NONE', #3643, 999.9999999999998863 ) ;
#1637 = VERTEX_POINT ( 'NONE', #789 ) ;
#1638 = CARTESIAN_POINT ( 'NONE',  ( 25.50000000000000355, 2.501258477682205392E-15, 0.0000000000000000000 ) ) ;
#1639 = LINE ( 'NONE', #2201, #1628 ) ;
#1640 = CIRCLE ( 'NONE', #1880, 6.000000000000002665 ) ;
#1641 = LINE ( 'NONE', #2141, #1603 ) ;
#1642 = AXIS2_PLACEMENT_3D ( 'NONE', #3503, #3516, #3497 ) ;
#1643 = DIRECTION ( 'NONE',  ( -1.000000000000000000, -1.224606353822377258E-16, -0.0000000000000000000 ) ) ;
#1644 = VECTOR ( 'NONE', #2305, 1000.000000000000000 ) ;
#1645 = AXIS2_PLACEMENT_3D ( 'NONE', #3496, #3490, #3482 ) ;
#1646 = VECTOR ( 'NONE', #2180, 1000.000000000000000 ) ;
#1647 = CARTESIAN_POINT ( 'NONE',  ( 28.80000000000000071, -5.036000000000000476, 0.0000000000000000000 ) ) ;
#1648 = DIRECTION ( 'NONE',  ( 0.0000000000000000000, -1.000000000000000000, 0.0000000000000000000 ) ) ;
#1649 = DIRECTION ( 'NONE',  ( 0.0000000000000000000, 0.0000000000000000000, 1.000000000000000000 ) ) ;
#1650 = DIRECTION ( 'NONE',  ( -1.000000000000000000, -0.0000000000000000000, -0.0000000000000000000 ) ) ;
#1651 = DIRECTION ( 'NONE',  ( -1.000000000000000000, -1.224606353822377258E-16, -0.0000000000000000000 ) ) ;
#1652 = ORIENTED_EDGE ( 'NONE', *, *, #624, .T. ) ;
#1653 = CIRCLE ( 'NONE', #1791, 6.000000000000002665 ) ;
#1654 = VERTEX_POINT ( 'NONE', #784 ) ;
#1655 = LINE ( 'NONE', #2101, #1589 ) ;
#1656 = DIRECTION ( 'NONE',  ( -1.000000000000000000, -1.224606353822377258E-16, -0.0000000000000000000 ) ) ;
#1657 = DIRECTION ( 'NONE',  ( -1.000000000000000000, -1.224606353822377258E-16, -0.0000000000000000000 ) ) ;
#1658 = AXIS2_PLACEMENT_3D ( 'NONE', #3540, #3535, #3526 ) ;
#1659 = CARTESIAN_POINT ( 'NONE',  ( 41.02500006683415279, 2.583919414749769470E-15, 0.0000000000000000000 ) ) ;
#1660 = ORIENTED_EDGE ( 'NONE', *, *, #3162, .F. ) ;
#1661 = VECTOR ( 'NONE', #2226, 1000.000000000000000 ) ;
#1662 = AXIS2_PLACEMENT_3D ( 'NONE', #3583, #3576, #3575 ) ;
#1663 = VERTEX_POINT ( 'NONE', #795 ) ;
#1664 = AXIS2_PLACEMENT_3D ( 'NONE', #3586, #169, #221 ) ;
#1665 = DIRECTION ( 'NONE',  ( 1.000000000000000000, 1.224606353822377258E-16, 0.0000000000000000000 ) ) ;
#1666 = ORIENTED_EDGE ( 'NONE', *, *, #3397, .F. ) ;
#1667 = ORIENTED_EDGE ( 'NONE', *, *, #490, .T. ) ;
#1668 = AXIS2_PLACEMENT_3D ( 'NONE', #3659, #3617, #73 ) ;
#1669 = DIRECTION ( 'NONE',  ( -1.000000000000000000, -1.224606353822377258E-16, -0.0000000000000000000 ) ) ;
#1670 = AXIS2_PLACEMENT_3D ( 'NONE', #21, #23, #3663 ) ;
#1671 = ORIENTED_EDGE ( 'NONE', *, *, #70, .T. ) ;
#1672 = DIRECTION ( 'NONE',  ( 0.0000000000000000000, -1.000000000000000000, 0.0000000000000000000 ) ) ;
#1673 = AXIS2_PLACEMENT_3D ( 'NONE', #123, #127, #88 ) ;
#1674 = CARTESIAN_POINT ( 'NONE',  ( 26.17500006683415847, 2.583919414749769470E-15, 0.0000000000000000000 ) ) ;
#1675 = CONICAL_SURFACE ( 'NONE', #2432, 5.057500000000000107, 1.047197551196592302 ) ;
#1676 = VERTEX_POINT ( 'NONE', #782 ) ;
#1677 = ORIENTED_EDGE ( 'NONE', *, *, #286, .F. ) ;
#1678 = AXIS2_PLACEMENT_3D ( 'NONE', #236, #150, #94 ) ;
#1679 = CARTESIAN_POINT ( 'NONE',  ( 31.12500006683416132, 2.583919414749769470E-15, 0.0000000000000000000 ) ) ;
#1680 = DIRECTION ( 'NONE',  ( 0.0000000000000000000, -1.000000000000000000, 0.0000000000000000000 ) ) ;
#1681 = ORIENTED_EDGE ( 'NONE', *, *, #3341, .F. ) ;
#1682 = DIRECTION ( 'NONE',  ( 0.0000000000000000000, 1.000000000000000000, 0.0000000000000000000 ) ) ;
#1683 = LINE ( 'NONE', #2196, #1661 ) ;
#1684 = EDGE_LOOP ( 'NONE', ( #2888, #2723, #2716, #2490, #2359 ) ) ;
#1685 = EDGE_LOOP ( 'NONE', ( #95, #3619, #3614, #3555, #3543, #3449 ) ) ;
#1686 = AXIS2_PLACEMENT_3D ( 'NONE', #337, #345, #307 ) ;
#1687 = AXIS2_PLACEMENT_3D ( 'NONE', #1066, #593, #1061 ) ;
#1688 = DIRECTION ( 'NONE',  ( -1.000000000000000000, -1.224606353822377258E-16, -0.0000000000000000000 ) ) ;
#1689 = CARTESIAN_POINT ( 'NONE',  ( 39.67499993316582163, 2.418597540614639737E-15, 0.0000000000000000000 ) ) ;
#1690 = EDGE_LOOP ( 'NONE', ( #2426, #16 ) ) ;
#1691 = SURFACE_STYLE_FILL_AREA ( #2069 ) ;
#1692 = AXIS2_PLACEMENT_3D ( 'NONE', #509, #481, #499 ) ;
#1693 = CARTESIAN_POINT ( 'NONE',  ( 41.02500006683415279, -6.000000000000000000, 7.347880794884122694E-16 ) ) ;
#1694 = AXIS2_PLACEMENT_3D ( 'NONE', #780, #806, #808 ) ;
#1695 = DIRECTION ( 'NONE',  ( 0.0000000000000000000, 0.5000000000000012212, 0.8660254037844379305 ) ) ;
#1696 = AXIS2_PLACEMENT_3D ( 'NONE', #1057, #1038, #612 ) ;
#1697 = AXIS2_PLACEMENT_3D ( 'NONE', #1284, #1275, #1073 ) ;
#1698 = DIRECTION ( 'NONE',  ( 0.0000000000000000000, 0.8660254037844379305, -0.5000000000000012212 ) ) ;
#1699 = AXIS2_PLACEMENT_3D ( 'NONE', #1831, #1708, #1304 ) ;
#1700 = ORIENTED_EDGE ( 'NONE', *, *, #3430, .T. ) ;
#1701 = DIRECTION ( 'NONE',  ( 0.0000000000000000000, -1.000000000000000000, 0.0000000000000000000 ) ) ;
#1702 = ORIENTED_EDGE ( 'NONE', *, *, #3376, .F. ) ;
#1703 = CIRCLE ( 'NONE', #2430, 6.000000000000002665 ) ;
#1704 = AXIS2_PLACEMENT_3D ( 'NONE', #2993, #2963, #2945 ) ;
#1705 = ORIENTED_EDGE ( 'NONE', *, *, #360, .F. ) ;
#1706 = AXIS2_PLACEMENT_3D ( 'NONE', #3240, #3236, #3232 ) ;
#1707 = ORIENTED_EDGE ( 'NONE', *, *, #723, .T. ) ;
#1708 = DIRECTION ( 'NONE',  ( -1.000000000000000000, -1.224606353822377258E-16, -0.0000000000000000000 ) ) ;
#1709 = AXIS2_PLACEMENT_3D ( 'NONE', #1145, #1643, #1183 ) ;
#1710 = VERTEX_POINT ( 'NONE', #762 ) ;
#1711 = DIRECTION ( 'NONE',  ( -1.000000000000000000, -1.224606353822377258E-16, -0.0000000000000000000 ) ) ;
#1712 = CARTESIAN_POINT ( 'NONE',  ( 6.000000000000000000, 6.009258394948628236E-15, 5.057499999999992113 ) ) ;
#1713 = ORIENTED_EDGE ( 'NONE', *, *, #387, .T. ) ;
#1714 = CARTESIAN_POINT ( 'NONE',  ( 31.12500006683416132, 2.583919414749769470E-15, 0.0000000000000000000 ) ) ;
#1715 = ORIENTED_EDGE ( 'NONE', *, *, #2971, .T. ) ;
#1716 = ORIENTED_EDGE ( 'NONE', *, *, #3427, .T. ) ;
#1717 = AXIS2_PLACEMENT_3D ( 'NONE', #1341, #1336, #1329 ) ;
#1718 = AXIS2_PLACEMENT_3D ( 'NONE', #2213, #2211, #2209 ) ;
#1719 = CARTESIAN_POINT ( 'NONE',  ( 19.57500006683415705, -2.195560136601448872E-29, 6.000000000000002665 ) ) ;
#1720 = ORIENTED_EDGE ( 'NONE', *, *, #667, .F. ) ;
#1721 = CONICAL_SURFACE ( 'NONE', #1565, 6.000000000000002665, 0.9599310885968824758 ) ;
#1722 = FACE_OUTER_BOUND ( 'NONE', #2095, .T. ) ;
#1723 = AXIS2_PLACEMENT_3D ( 'NONE', #17, #1916, #2225 ) ;
#1724 = CARTESIAN_POINT ( 'NONE',  ( 6.000000000000000000, 5.839897972853065333, -1.517883041479706208E-14 ) ) ;
#1725 = LINE ( 'NONE', #2206, #1646 ) ;
#1726 = EDGE_LOOP ( 'NONE', ( #1762, #1667, #1534, #1480, #1424, #1346 ) ) ;
#1727 = AXIS2_PLACEMENT_3D ( 'NONE', #1986, #2236, #458 ) ;
#1728 = EDGE_LOOP ( 'NONE', ( #2800, #2127, #3295, #1980, #1378 ) ) ;
#1729 = CARTESIAN_POINT ( 'NONE',  ( -31.74999999999995737, 0.0000000000000000000, 0.0000000000000000000 ) ) ;
#1730 = CARTESIAN_POINT ( 'NONE',  ( -31.74999999999995737, 0.0000000000000000000, 5.999999999999952038 ) ) ;
#1731 = CARTESIAN_POINT ( 'NONE',  ( 36.07500006683415705, 7.347880794883902799E-16, -6.000000000000002665 ) ) ;
#1732 = VECTOR ( 'NONE', #2290, 1000.000000000000000 ) ;
#1733 = VERTEX_POINT ( 'NONE', #767 ) ;
#1734 = AXIS2_PLACEMENT_3D ( 'NONE', #970, #906, #926 ) ;
#1735 = CIRCLE ( 'NONE', #1884, 6.000000000000002665 ) ;
#1736 = PLANE ( 'NONE',  #2311 ) ;
#1737 = FACE_OUTER_BOUND ( 'NONE', #595, .T. ) ;
#1738 = AXIS2_PLACEMENT_3D ( 'NONE', #1016, #949, #1018 ) ;
#1739 = DIRECTION ( 'NONE',  ( -1.000000000000000000, -0.0000000000000000000, -0.0000000000000000000 ) ) ;
#1740 = DIRECTION ( 'NONE',  ( 0.0000000000000000000, -1.000000000000000000, 0.0000000000000000000 ) ) ;
#1741 = ORIENTED_EDGE ( 'NONE', *, *, #297, .F. ) ;
#1742 = DIRECTION ( 'NONE',  ( -1.000000000000000000, -1.224606353822377258E-16, -0.0000000000000000000 ) ) ;
#1743 = AXIS2_PLACEMENT_3D ( 'NONE', #1192, #1051, #1080 ) ;
#1744 = AXIS2_PLACEMENT_3D ( 'NONE', #1297, #1323, #1307 ) ;
#1745 = FACE_OUTER_BOUND ( 'NONE', #2804, .T. ) ;
#1746 = EDGE_LOOP ( 'NONE', ( #1088, #1518 ) ) ;
#1747 = DIRECTION ( 'NONE',  ( 0.0000000000000000000, 0.0000000000000000000, 1.000000000000000000 ) ) ;
#1748 = ORIENTED_EDGE ( 'NONE', *, *, #2931, .F. ) ;
#1749 = CIRCLE ( 'NONE', #2443, 6.000000000000002665 ) ;
#1750 = AXIS2_PLACEMENT_3D ( 'NONE', #3545, #3158, #3150 ) ;
#1751 = AXIS2_PLACEMENT_3D ( 'NONE', #778, #773, #771 ) ;
#1752 = ORIENTED_EDGE ( 'NONE', *, *, #3390, .F. ) ;
#1753 = CARTESIAN_POINT ( 'NONE',  ( 28.80000000000000071, 2.501258477682205392E-15, 0.0000000000000000000 ) ) ;
#1754 = DIRECTION ( 'NONE',  ( -1.000000000000000000, -1.224606353822377258E-16, -0.0000000000000000000 ) ) ;
#1755 = ORIENTED_EDGE ( 'NONE', *, *, #3146, .F. ) ;
#1756 = VERTEX_POINT ( 'NONE', #781 ) ;
#1757 = CARTESIAN_POINT ( 'NONE',  ( 36.07500006683415705, -6.000000000000000888, 7.347880794884123680E-16 ) ) ;
#1758 = CIRCLE ( 'NONE', #2452, 6.000000000000002665 ) ;
#1759 = CARTESIAN_POINT ( 'NONE',  ( 28.80000000000000071, 5.036000000000005805, 6.167321280506074351E-16 ) ) ;
#1760 = LINE ( 'NONE', #2267, #1732 ) ;
#1761 = CARTESIAN_POINT ( 'NONE',  ( 29.77499993316583016, 6.000000000000006217, 7.347880794884123680E-16 ) ) ;
#1762 = ORIENTED_EDGE ( 'NONE', *, *, #3016, .F. ) ;
#1763 = AXIS2_PLACEMENT_3D ( 'NONE', #675, #661, #605 ) ;
#1764 = AXIS2_PLACEMENT_3D ( 'NONE', #3221, #3179, #3176 ) ;
#1765 = AXIS2_PLACEMENT_3D ( 'NONE', #3288, #1027, #3287 ) ;
#1766 = FACE_OUTER_BOUND ( 'NONE', #3361, .T. ) ;
#1767 = AXIS2_PLACEMENT_3D ( 'NONE', #263, #246, #231 ) ;
#1768 = ORIENTED_EDGE ( 'NONE', *, *, #132, .T. ) ;
#1769 = ORIENTED_EDGE ( 'NONE', *, *, #273, .T. ) ;
#1770 = ORIENTED_EDGE ( 'NONE', *, *, #3331, .T. ) ;
#1771 = AXIS2_PLACEMENT_3D ( 'NONE', #260, #252, #238 ) ;
#1772 = DIRECTION ( 'NONE',  ( 0.0000000000000000000, -1.000000000000000000, 0.0000000000000000000 ) ) ;
#1773 = CARTESIAN_POINT ( 'NONE',  ( 23.85000000000000142, 2.501258477682205392E-15, 0.0000000000000000000 ) ) ;
#1774 = ORIENTED_EDGE ( 'NONE', *, *, #667, .T. ) ;
#1775 = ORIENTED_EDGE ( 'NONE', *, *, #298, .T. ) ;
#1776 = CYLINDRICAL_SURFACE ( 'NONE', #2422, 9.000000000000000000 ) ;
#1777 = DIRECTION ( 'NONE',  ( 0.0000000000000000000, -1.000000000000000000, 0.0000000000000000000 ) ) ;
#1778 = CIRCLE ( 'NONE', #1673, 6.000000000000002665 ) ;
#1779 = DIRECTION ( 'NONE',  ( -1.000000000000000000, -0.0000000000000000000, -0.0000000000000000000 ) ) ;
#1780 = TOROIDAL_SURFACE ( 'NONE', #2447, 6.599999999999952571, 0.5999999999999999778 ) ;
#1781 = DIRECTION ( 'NONE',  ( 0.0000000000000000000, -1.000000000000000000, 0.0000000000000000000 ) ) ;
#1782 = ORIENTED_EDGE ( 'NONE', *, *, #723, .F. ) ;
#1783 = AXIS2_PLACEMENT_3D ( 'NONE', #284, #274, #275 ) ;
#1784 = AXIS2_PLACEMENT_3D ( 'NONE', #365, #56, #363 ) ;
#1785 = AXIS2_PLACEMENT_3D ( 'NONE', #317, #322, #314 ) ;
#1786 = CARTESIAN_POINT ( 'NONE',  ( 34.72499993316582589, -5.999999999999999112, 0.0000000000000000000 ) ) ;
#1787 = CIRCLE ( 'NONE', #2453, 5.999999999999904965 ) ;
#1788 = FACE_OUTER_BOUND ( 'NONE', #640, .T. ) ;
#1789 = CIRCLE ( 'NONE', #2479, 5.036000000000003141 ) ;
#1790 = AXIS2_PLACEMENT_3D ( 'NONE', #332, #369, #328 ) ;
#1791 = AXIS2_PLACEMENT_3D ( 'NONE', #161, #42, #49 ) ;
#1792 = CONICAL_SURFACE ( 'NONE', #2508, 6.000000000000002665, 0.9599310885968824758 ) ;
#1793 = CARTESIAN_POINT ( 'NONE',  ( 31.42499993316583229, -2.041485741050470004E-29, 6.000000000000002665 ) ) ;
#1794 = ORIENTED_EDGE ( 'NONE', *, *, #12, .T. ) ;
#1795 = AXIS2_PLACEMENT_3D ( 'NONE', #122, #136, #130 ) ;
#1796 = ORIENTED_EDGE ( 'NONE', *, *, #3405, .F. ) ;
#1797 = DIRECTION ( 'NONE',  ( 0.0000000000000000000, -1.000000000000000000, 0.0000000000000000000 ) ) ;
#1798 = VERTEX_POINT ( 'NONE', #783 ) ;
#1799 = CARTESIAN_POINT ( 'NONE',  ( 37.72500006683415563, -6.000000000000000888, 7.347880794884123680E-16 ) ) ;
#1800 = ORIENTED_EDGE ( 'NONE', *, *, #407, .T. ) ;
#1801 = ORIENTED_EDGE ( 'NONE', *, *, #3260, .T. ) ;
#1802 = VERTEX_POINT ( 'NONE', #760 ) ;
#1803 = FACE_OUTER_BOUND ( 'NONE', #422, .T. ) ;
#1804 = CIRCLE ( 'NONE', #2486, 6.000000000000002665 ) ;
#1805 = ORIENTED_EDGE ( 'NONE', *, *, #119, .T. ) ;
#1806 = VERTEX_POINT ( 'NONE', #779 ) ;
#1807 = CARTESIAN_POINT ( 'NONE',  ( 30.45000000000000284, 2.501258477682205392E-15, 0.0000000000000000000 ) ) ;
#1808 = AXIS2_PLACEMENT_3D ( 'NONE', #3384, #3408, #3329 ) ;
#1809 = AXIS2_PLACEMENT_3D ( 'NONE', #206, #217, #198 ) ;
#1810 = ORIENTED_EDGE ( 'NONE', *, *, #3320, .F. ) ;
#1811 = LINE ( 'NONE', #3661, #2649 ) ;
#1812 = CONICAL_SURFACE ( 'NONE', #2510, 6.000000000000002665, 0.9599310885968824758 ) ;
#1813 = CARTESIAN_POINT ( 'NONE',  ( 38.69999999999999574, 5.036000000000005805, 6.167321280506074351E-16 ) ) ;
#1814 = AXIS2_PLACEMENT_3D ( 'NONE', #325, #207, #200 ) ;
#1815 = AXIS2_PLACEMENT_3D ( 'NONE', #3474, #3448, #3456 ) ;
#1816 = ADVANCED_FACE ( 'NONE', ( #747 ), #682, .T. ) ;
#1817 = CIRCLE ( 'NONE', #2467, 6.000000000000002665 ) ;
#1818 = VECTOR ( 'NONE', #2287, 1000.000000000000000 ) ;
#1819 = DIRECTION ( 'NONE',  ( 0.0000000000000000000, -1.000000000000000000, 0.0000000000000000000 ) ) ;
#1820 = AXIS2_PLACEMENT_3D ( 'NONE', #526, #539, #434 ) ;
#1821 = DIRECTION ( 'NONE',  ( 0.0000000000000000000, 0.0000000000000000000, 1.000000000000000000 ) ) ;
#1822 = DIRECTION ( 'NONE',  ( -1.000000000000000000, -0.0000000000000000000, -0.0000000000000000000 ) ) ;
#1823 = AXIS2_PLACEMENT_3D ( 'NONE', #13, #460, #468 ) ;
#1824 = AXIS2_PLACEMENT_3D ( 'NONE', #82, #184, #67 ) ;
#1825 = CARTESIAN_POINT ( 'NONE',  ( 6.000000000000000000, 0.0000000000000000000, 0.0000000000000000000 ) ) ;
#1826 = ORIENTED_EDGE ( 'NONE', *, *, #261, .F. ) ;
#1827 = ORIENTED_EDGE ( 'NONE', *, *, #3598, .T. ) ;
#1828 = VECTOR ( 'NONE', #3191, 999.9999999999998863 ) ;
#1829 = ORIENTED_EDGE ( 'NONE', *, *, #2918, .F. ) ;
#1830 = AXIS2_PLACEMENT_3D ( 'NONE', #505, #504, #496 ) ;
#1831 = CARTESIAN_POINT ( 'NONE',  ( 19.57500006683415705, 2.583919414749769470E-15, 0.0000000000000000000 ) ) ;
#1832 = VERTEX_POINT ( 'NONE', #742 ) ;
#1833 = CIRCLE ( 'NONE', #2459, 5.035999999999999588 ) ;
#1834 = DIRECTION ( 'NONE',  ( -0.5735764363510532649, 0.8191520442889868026, 1.003171929053518707E-16 ) ) ;
#1835 = DIRECTION ( 'NONE',  ( -1.000000000000000000, -1.224606353822377258E-16, -0.0000000000000000000 ) ) ;
#1836 = ORIENTED_EDGE ( 'NONE', *, *, #3417, .F. ) ;
#1837 = CARTESIAN_POINT ( 'NONE',  ( 37.72500006683415563, 2.583919414749769470E-15, 0.0000000000000000000 ) ) ;
#1838 = AXIS2_PLACEMENT_3D ( 'NONE', #247, #537, #534 ) ;
#1839 = DIRECTION ( 'NONE',  ( 0.0000000000000000000, 1.000000000000000000, 0.0000000000000000000 ) ) ;
#1840 = AXIS2_PLACEMENT_3D ( 'NONE', #801, #798, #797 ) ;
#1841 = FACE_OUTER_BOUND ( 'NONE', #2439, .T. ) ;
#1842 = DIRECTION ( 'NONE',  ( 1.000000000000000000, 1.224606353822377258E-16, 0.0000000000000000000 ) ) ;
#1843 = ORIENTED_EDGE ( 'NONE', *, *, #90, .T. ) ;
#1844 = ORIENTED_EDGE ( 'NONE', *, *, #3359, .F. ) ;
#1845 = CARTESIAN_POINT ( 'NONE',  ( 26.17500006683415847, 6.000000000000005329, 0.0000000000000000000 ) ) ;
#1846 = CONICAL_SURFACE ( 'NONE', #2551, 6.000000000000002665, 0.9599310885968824758 ) ;
#1847 = ORIENTED_EDGE ( 'NONE', *, *, #193, .T. ) ;
#1848 = CIRCLE ( 'NONE', #2530, 6.000000000000002665 ) ;
#1849 = FACE_OUTER_BOUND ( 'NONE', #1117, .T. ) ;
#1850 = DIRECTION ( 'NONE',  ( 1.000000000000000000, 1.224606353822377258E-16, 0.0000000000000000000 ) ) ;
#1851 = FACE_OUTER_BOUND ( 'NONE', #1115, .T. ) ;
#1852 = CIRCLE ( 'NONE', #1886, 6.000000000000002665 ) ;
#1853 = DIRECTION ( 'NONE',  ( 0.5735764363510450492, 0.8191520442889925757, 0.0000000000000000000 ) ) ;
#1854 = AXIS2_PLACEMENT_3D ( 'NONE', #820, #816, #823 ) ;
#1855 = CARTESIAN_POINT ( 'NONE',  ( 27.82500006683415705, 2.583919414749769470E-15, 0.0000000000000000000 ) ) ;
#1856 = AXIS2_PLACEMENT_3D ( 'NONE', #894, #1269, #889 ) ;
#1857 = DIRECTION ( 'NONE',  ( -1.000000000000000000, -0.0000000000000000000, -0.0000000000000000000 ) ) ;
#1858 = VECTOR ( 'NONE', #3521, 1000.000000000000000 ) ;
#1859 = CIRCLE ( 'NONE', #2518, 6.000000000000002665 ) ;
#1860 = ORIENTED_EDGE ( 'NONE', *, *, #3101, .F. ) ;
#1861 = DIRECTION ( 'NONE',  ( 0.0000000000000000000, 1.000000000000000000, 0.0000000000000000000 ) ) ;
#1862 = AXIS2_PLACEMENT_3D ( 'NONE', #912, #901, #903 ) ;
#1863 = CYLINDRICAL_SURFACE ( 'NONE', #2541, 5.999999999999952038 ) ;
#1864 = AXIS2_PLACEMENT_3D ( 'NONE', #1674, #1657, #1772 ) ;
#1865 = ORIENTED_EDGE ( 'NONE', *, *, #452, .F. ) ;
#1866 = AXIS2_PLACEMENT_3D ( 'NONE', #1883, #1922, #1911 ) ;
#1867 = ORIENTED_EDGE ( 'NONE', *, *, #223, .F. ) ;
#1868 = DIRECTION ( 'NONE',  ( 0.0000000000000000000, 0.0000000000000000000, 1.000000000000000000 ) ) ;
#1869 = CIRCLE ( 'NONE', #2547, 5.036000000000003141 ) ;
#1870 = ORIENTED_EDGE ( 'NONE', *, *, #2953, .F. ) ;
#1871 = AXIS2_PLACEMENT_3D ( 'NONE', #1949, #1946, #1939 ) ;
#1872 = AXIS2_PLACEMENT_3D ( 'NONE', #2016, #2403, #2044 ) ;
#1873 = ORIENTED_EDGE ( 'NONE', *, *, #623, .F. ) ;
#1874 = VERTEX_POINT ( 'NONE', #729 ) ;
#1875 = AXIS2_PLACEMENT_3D ( 'NONE', #1959, #1953, #1983 ) ;
#1876 = VERTEX_POINT ( 'NONE', #725 ) ;
#1877 = AXIS2_PLACEMENT_3D ( 'NONE', #2207, #2093, #2074 ) ;
#1878 = ORIENTED_EDGE ( 'NONE', *, *, #3514, .T. ) ;
#1879 = ORIENTED_EDGE ( 'NONE', *, *, #242, .T. ) ;
#1880 = AXIS2_PLACEMENT_3D ( 'NONE', #293, #2457, #2531 ) ;
#1881 = VECTOR ( 'NONE', #191, 1000.000000000000000 ) ;
#1882 = CIRCLE ( 'NONE', #2498, 6.000000000000002665 ) ;
#1883 = CARTESIAN_POINT ( 'NONE',  ( 26.47499993316582945, 2.418597540614639737E-15, 0.0000000000000000000 ) ) ;
#1884 = AXIS2_PLACEMENT_3D ( 'NONE', #2217, #2208, #2195 ) ;
#1885 = AXIS2_PLACEMENT_3D ( 'NONE', #2347, #1532, #2323 ) ;
#1886 = AXIS2_PLACEMENT_3D ( 'NONE', #2261, #2285, #2243 ) ;
#1887 = CARTESIAN_POINT ( 'NONE',  ( -31.74999999999995737, 0.0000000000000000000, 0.0000000000000000000 ) ) ;
#1888 = VECTOR ( 'NONE', #2436, 1000.000000000000000 ) ;
#1889 = DIRECTION ( 'NONE',  ( 0.0000000000000000000, 0.0000000000000000000, 1.000000000000000000 ) ) ;
#1890 = DIRECTION ( 'NONE',  ( 0.0000000000000000000, 1.000000000000000000, -1.336710962791343298E-15 ) ) ;
#1891 = AXIS2_PLACEMENT_3D ( 'NONE', #2407, #2384, #2380 ) ;
#1892 = CIRCLE ( 'NONE', #2502, 5.036000000000003141 ) ;
#1893 = ORIENTED_EDGE ( 'NONE', *, *, #3187, .T. ) ;
#1894 = DIRECTION ( 'NONE',  ( 0.0000000000000000000, -1.336710962791343298E-15, -1.000000000000000000 ) ) ;
#1895 = FACE_OUTER_BOUND ( 'NONE', #3243, .T. ) ;
#1896 = AXIS2_PLACEMENT_3D ( 'NONE', #2559, #2550, #2536 ) ;
#1897 = CARTESIAN_POINT ( 'NONE',  ( 0.6000000000000033085, 0.0000000000000000000, 0.0000000000000000000 ) ) ;
#1898 = PLANE ( 'NONE',  #2342 ) ;
#1899 = VERTEX_POINT ( 'NONE', #733 ) ;
#1900 = AXIS2_PLACEMENT_3D ( 'NONE', #2470, #2468, #2442 ) ;
#1901 = CYLINDRICAL_SURFACE ( 'NONE', #1808, 5.999999999999952038 ) ;
#1902 = VERTEX_POINT ( 'NONE', #719 ) ;
#1903 = EDGE_LOOP ( 'NONE', ( #1053, #869, #1001, #2077 ) ) ;
#1904 = ORIENTED_EDGE ( 'NONE', *, *, #2942, .T. ) ;
#1905 = ORIENTED_EDGE ( 'NONE', *, *, #3217, .F. ) ;
#1906 = AXIS2_PLACEMENT_3D ( 'NONE', #2595, #2593, #2509 ) ;
#1907 = CARTESIAN_POINT ( 'NONE',  ( 40.34999999999999432, 5.036000000000005805, 0.0000000000000000000 ) ) ;
#1908 = AXIS2_PLACEMENT_3D ( 'NONE', #2613, #2609, #2589 ) ;
#1909 = ORIENTED_EDGE ( 'NONE', *, *, #3639, .T. ) ;
#1910 = AXIS2_PLACEMENT_3D ( 'NONE', #2714, #1528, #2695 ) ;
#1911 = DIRECTION ( 'NONE',  ( 0.0000000000000000000, -1.000000000000000000, 0.0000000000000000000 ) ) ;
#1912 = CARTESIAN_POINT ( 'NONE',  ( 0.6000000000000033085, 0.0000000000000000000, 8.400000000000000355 ) ) ;
#1913 = AXIS2_PLACEMENT_3D ( 'NONE', #2666, #2664, #2655 ) ;
#1914 = AXIS2_PLACEMENT_3D ( 'NONE', #1044, #2623, #2118 ) ;
#1915 = ORIENTED_EDGE ( 'NONE', *, *, #331, .T. ) ;
#1916 = DIRECTION ( 'NONE',  ( -1.000000000000000000, -1.224606353822377258E-16, -0.0000000000000000000 ) ) ;
#1917 = DIRECTION ( 'NONE',  ( 0.0000000000000000000, 0.0000000000000000000, 1.000000000000000000 ) ) ;
#1918 = AXIS2_PLACEMENT_3D ( 'NONE', #2769, #2691, #2760 ) ;
#1919 = CARTESIAN_POINT ( 'NONE',  ( 27.15000000000000213, -5.036000000000000476, 6.757601037695098523E-16 ) ) ;
#1920 = AXIS2_PLACEMENT_3D ( 'NONE', #2852, #2803, #2809 ) ;
#1921 = CARTESIAN_POINT ( 'NONE',  ( 0.0000000000000000000, 1.065442715258197248E-15, -8.400000000000000355 ) ) ;
#1922 = DIRECTION ( 'NONE',  ( -1.000000000000000000, -1.224606353822377258E-16, -0.0000000000000000000 ) ) ;
#1923 = LINE ( 'NONE', #425, #1881 ) ;
#1924 = DIRECTION ( 'NONE',  ( -0.5735764363510529318, -0.8191520442889870246, 0.0000000000000000000 ) ) ;
#1925 = CARTESIAN_POINT ( 'NONE',  ( 6.000000000000000000, 2.919948986426526005, -5.057500000000011653 ) ) ;
#1926 = AXIS2_PLACEMENT_3D ( 'NONE', #2898, #2926, #2921 ) ;
#1927 = AXIS2_PLACEMENT_3D ( 'NONE', #2972, #2939, #2873 ) ;
#1928 = CYLINDRICAL_SURFACE ( 'NONE', #1910, 5.999999999999952038 ) ;
#1929 = CARTESIAN_POINT ( 'NONE',  ( 37.04999999999999716, -5.036000000000000476, 6.757601037695098523E-16 ) ) ;
#1930 = AXIS2_PLACEMENT_3D ( 'NONE', #38, #3044, #3051 ) ;
#1931 = DIRECTION ( 'NONE',  ( -1.000000000000000000, -0.0000000000000000000, -0.0000000000000000000 ) ) ;
#1932 = AXIS2_PLACEMENT_3D ( 'NONE', #3025, #3018, #1288 ) ;
#1933 = CIRCLE ( 'NONE', #1809, 5.036000000000003141 ) ;
#1934 = ORIENTED_EDGE ( 'NONE', *, *, #3405, .T. ) ;
#1935 = AXIS2_PLACEMENT_3D ( 'NONE', #2159, #2134, #1797 ) ;
#1936 = AXIS2_PLACEMENT_3D ( 'NONE', #1513, #1520, #1523 ) ;
#1937 = DIRECTION ( 'NONE',  ( 0.0000000000000000000, 0.0000000000000000000, 1.000000000000000000 ) ) ;
#1938 = LINE ( 'NONE', #3567, #1858 ) ;
#1939 = DIRECTION ( 'NONE',  ( 0.0000000000000000000, -1.000000000000000000, 0.0000000000000000000 ) ) ;
#1940 = CARTESIAN_POINT ( 'NONE',  ( -31.74999999999995737, 0.0000000000000000000, 0.0000000000000000000 ) ) ;
#1941 = ORIENTED_EDGE ( 'NONE', *, *, #712, .F. ) ;
#1942 = AXIS2_PLACEMENT_3D ( 'NONE', #1590, #1669, #1583 ) ;
#1943 = CARTESIAN_POINT ( 'NONE',  ( -31.74999999999995737, 0.0000000000000000000, 0.0000000000000000000 ) ) ;
#1944 = ORIENTED_EDGE ( 'NONE', *, *, #261, .T. ) ;
#1945 = VERTEX_POINT ( 'NONE', #738 ) ;
#1946 = DIRECTION ( 'NONE',  ( -1.000000000000000000, -1.224606353822377258E-16, -0.0000000000000000000 ) ) ;
#1947 = DIRECTION ( 'NONE',  ( -1.000000000000000000, -0.0000000000000000000, -0.0000000000000000000 ) ) ;
#1948 = VERTEX_POINT ( 'NONE', #734 ) ;
#1949 = CARTESIAN_POINT ( 'NONE',  ( 24.82499993316583087, 2.418597540614639737E-15, 0.0000000000000000000 ) ) ;
#1950 = LINE ( 'NONE', #2578, #2786 ) ;
#1951 = AXIS2_PLACEMENT_3D ( 'NONE', #1659, #1656, #1672 ) ;
#1952 = ADVANCED_FACE ( 'NONE', ( #683 ), #731, .T. ) ;
#1953 = DIRECTION ( 'NONE',  ( -1.000000000000000000, -1.224606353822377258E-16, -0.0000000000000000000 ) ) ;
#1954 = CARTESIAN_POINT ( 'NONE',  ( 36.07500006683415705, -2.195560136601448872E-29, 6.000000000000002665 ) ) ;
#1955 = AXIS2_PLACEMENT_3D ( 'NONE', #1689, #1688, #1680 ) ;
#1956 = AXIS2_PLACEMENT_3D ( 'NONE', #1714, #1711, #1701 ) ;
#1957 = ORIENTED_EDGE ( 'NONE', *, *, #705, .T. ) ;
#1958 = CARTESIAN_POINT ( 'NONE',  ( 6.000000000000000000, 0.0000000000000000000, 0.0000000000000000000 ) ) ;
#1959 = CARTESIAN_POINT ( 'NONE',  ( 24.82499993316583087, 2.418597540614639737E-15, 0.0000000000000000000 ) ) ;
#1960 = ORIENTED_EDGE ( 'NONE', *, *, #2890, .F. ) ;
#1961 = ORIENTED_EDGE ( 'NONE', *, *, #2534, .T. ) ;
#1962 = ORIENTED_EDGE ( 'NONE', *, *, #118, .F. ) ;
#1963 = VECTOR ( 'NONE', #2643, 1000.000000000000000 ) ;
#1964 = AXIS2_PLACEMENT_3D ( 'NONE', #1438, #1373, #1435 ) ;
#1965 = AXIS2_PLACEMENT_3D ( 'NONE', #1358, #578, #580 ) ;
#1966 = PRESENTATION_STYLE_ASSIGNMENT (( #2685 ) ) ;
#1967 = CYLINDRICAL_SURFACE ( 'NONE', #2563, 5.999999999999952038 ) ;
#1968 = CARTESIAN_POINT ( 'NONE',  ( 27.15000000000000213, -5.036000000000000476, 0.0000000000000000000 ) ) ;
#1969 = LINE ( 'NONE', #2429, #1465 ) ;
#1970 = DIRECTION ( 'NONE',  ( 0.0000000000000000000, -1.000000000000000000, 0.0000000000000000000 ) ) ;
#1971 = DIRECTION ( 'NONE',  ( -1.000000000000000000, -0.0000000000000000000, -0.0000000000000000000 ) ) ;
#1972 = AXIS2_PLACEMENT_3D ( 'NONE', #1461, #1471, #1455 ) ;
#1973 = CIRCLE ( 'NONE', #1913, 6.000000000000002665 ) ;
#1974 = CARTESIAN_POINT ( 'NONE',  ( 16.57499993316583087, 6.000000000000006217, 7.347880794884123680E-16 ) ) ;
#1975 = ORIENTED_EDGE ( 'NONE', *, *, #681, .T. ) ;
#1976 = CIRCLE ( 'NONE', #2577, 6.000000000000002665 ) ;
#1977 = AXIS2_PLACEMENT_3D ( 'NONE', #1452, #1449, #1446 ) ;
#1978 = CARTESIAN_POINT ( 'NONE',  ( -31.74999999999995737, 0.0000000000000000000, 0.0000000000000000000 ) ) ;
#1979 = AXIS2_PLACEMENT_3D ( 'NONE', #1464, #1469, #1459 ) ;
#1980 = ORIENTED_EDGE ( 'NONE', *, *, #3383, .T. ) ;
#1981 = ORIENTED_EDGE ( 'NONE', *, *, #3320, .T. ) ;
#1982 = ORIENTED_EDGE ( 'NONE', *, *, #472, .T. ) ;
#1983 = DIRECTION ( 'NONE',  ( 0.0000000000000000000, -1.000000000000000000, 0.0000000000000000000 ) ) ;
#1984 = ORIENTED_EDGE ( 'NONE', *, *, #2901, .T. ) ;
#1985 = AXIS2_PLACEMENT_3D ( 'NONE', #1489, #1478, #1575 ) ;
#1986 = CARTESIAN_POINT ( 'NONE',  ( 36.37499993316582447, 2.418597540614639737E-15, 0.0000000000000000000 ) ) ;
#1987 = CLOSED_SHELL ( 'NONE', ( #616, #3322, #2708, #488, #2581, #1139, #60, #3355, #3533, #3588, #590, #1171, #3556, #439, #2682, #634, #746, #2635, #1126, #603, #877, #951, #964, #997, #1094, #552, #1181, #2969, #819, #566, #1237, #3083, #892, #503, #3445, #3299, #1816, #2819, #2684, #3550, #430, #2961, #2514, #1108, #2659, #622, #717, #1048, #2568, #722, #3629, #462, #777, #2519, #1062, #700, #855, #978, #674, #3105, #1012, #840, #942, #1035, #470, #3131, #84, #1072, #2616, #811, #2483, #532, #842, #3506, #3594, #1231, #631, #3579, #1229, #2778, #1141, #1064, #1176, #3336, #3285, #989, #959, #1068, #861, #535, #1244, #541, #1116, #787, #1197, #2548, #1952, #530, #3254, #925, #3615, #1104, #482, #3571, #87, #559, #868, #2987, #2678, #576, #1124, #2904, #1058, #3161, #1252, #1008, #768 ) ) ;
#1988 = ORIENTED_EDGE ( 'NONE', *, *, #2912, .F. ) ;
#1989 = AXIS2_PLACEMENT_3D ( 'NONE', #3628, #382, #1420 ) ;
#1990 = AXIS2_PLACEMENT_3D ( 'NONE', #1377, #339, #395 ) ;
#1991 = DIRECTION ( 'NONE',  ( 0.0000000000000000000, 0.0000000000000000000, 1.000000000000000000 ) ) ;
#1992 = AXIS2_PLACEMENT_3D ( 'NONE', #1598, #1600, #1595 ) ;
#1993 = CYLINDRICAL_SURFACE ( 'NONE', #2567, 5.999999999999952038 ) ;
#1994 = AXIS2_PLACEMENT_3D ( 'NONE', #1753, #1754, #1740 ) ;
#1995 = DIRECTION ( 'NONE',  ( 0.0000000000000000000, 0.0000000000000000000, -1.000000000000000000 ) ) ;
#1996 = FACE_OUTER_BOUND ( 'NONE', #36, .T. ) ;
#1997 = ORIENTED_EDGE ( 'NONE', *, *, #651, .T. ) ;
#1998 = DIRECTION ( 'NONE',  ( 0.5735764363510450492, 0.8191520442889925757, 0.0000000000000000000 ) ) ;
#1999 = AXIS2_PLACEMENT_3D ( 'NONE', #192, #3367, #3623 ) ;
#2000 = ORIENTED_EDGE ( 'NONE', *, *, #3423, .F. ) ;
#2001 = DIRECTION ( 'NONE',  ( -1.000000000000000000, -0.0000000000000000000, -0.0000000000000000000 ) ) ;
#2002 = AXIS2_PLACEMENT_3D ( 'NONE', #1370, #2385, #1777 ) ;
#2003 = CIRCLE ( 'NONE', #1914, 6.000000000000002665 ) ;
#2004 = CONICAL_SURFACE ( 'NONE', #2596, 6.000000000000002665, 0.9599310885968824758 ) ;
#2005 = CIRCLE ( 'NONE', #1908, 6.000000000000002665 ) ;
#2006 = AXIS2_PLACEMENT_3D ( 'NONE', #26, #5, #4 ) ;
#2007 = AXIS2_PLACEMENT_3D ( 'NONE', #3553, #1385, #1387 ) ;
#2008 =( NAMED_UNIT ( * ) SI_UNIT ( $, .STERADIAN. ) SOLID_ANGLE_UNIT ( ) );
#2009 = ORIENTED_EDGE ( 'NONE', *, *, #980, .T. ) ;
#2010 =( NAMED_UNIT ( * ) PLANE_ANGLE_UNIT ( ) SI_UNIT ( $, .RADIAN. ) );
#2011 =( LENGTH_UNIT ( ) NAMED_UNIT ( * ) SI_UNIT ( .MILLI., .METRE. ) );
#2012 = AXIS2_PLACEMENT_3D ( 'NONE', #1402, #1409, #1411 ) ;
#2013 = AXIS2_PLACEMENT_3D ( 'NONE', #14, #10, #8 ) ;
#2014 = AXIS2_PLACEMENT_3D ( 'NONE', #34, #29, #27 ) ;
#2015 = CIRCLE ( 'NONE', #2586, 5.036000000000003141 ) ;
#2016 = CARTESIAN_POINT ( 'NONE',  ( 40.34999999999999432, 2.501258477682205392E-15, 0.0000000000000000000 ) ) ;
#2017 = SURFACE_STYLE_USAGE ( .BOTH. , #2019 ) ;
#2018 = AXIS2_PLACEMENT_3D ( 'NONE', #76, #50, #43 ) ;
#2019 = SURFACE_SIDE_STYLE ('',( #1502 ) ) ;
#2020 = VERTEX_POINT ( 'NONE', #685 ) ;
#2021 = CARTESIAN_POINT ( 'NONE',  ( -31.74999999999995737, 0.0000000000000000000, 0.0000000000000000000 ) ) ;
#2022 = FILL_AREA_STYLE_COLOUR ( '', #1491 ) ;
#2023 = COLOUR_RGB ( '',0.7764705882352941346, 0.7568627450980391913, 0.7372549019607843590 ) ;
#2024 = AXIS2_PLACEMENT_3D ( 'NONE', #224, #218, #188 ) ;
#2025 = AXIS2_PLACEMENT_3D ( 'NONE', #134, #131, #128 ) ;
#2026 = DIRECTION ( 'NONE',  ( 0.0000000000000000000, 0.0000000000000000000, 1.000000000000000000 ) ) ;
#2027 = AXIS2_PLACEMENT_3D ( 'NONE', #115, #108, #103 ) ;
#2028 = ORIENTED_EDGE ( 'NONE', *, *, #400, .F. ) ;
#2029 = FACE_OUTER_BOUND ( 'NONE', #1397, .T. ) ;
#2030 = ORIENTED_EDGE ( 'NONE', *, *, #2894, .T. ) ;
#2031 = FACE_OUTER_BOUND ( 'NONE', #668, .T. ) ;
#2032 = VECTOR ( 'NONE', #1296, 1000.000000000000000 ) ;
#2033 = ORIENTED_EDGE ( 'NONE', *, *, #63, .F. ) ;
#2034 = AXIS2_PLACEMENT_3D ( 'NONE', #253, #233, #259 ) ;
#2035 = AXIS2_PLACEMENT_3D ( 'NONE', #281, #269, #283 ) ;
#2036 = CARTESIAN_POINT ( 'NONE',  ( 32.77500006683415990, 7.347880794883902799E-16, -6.000000000000002665 ) ) ;
#2037 = ORIENTED_EDGE ( 'NONE', *, *, #3303, .F. ) ;
#2038 = CIRCLE ( 'NONE', #2585, 6.000000000000002665 ) ;
#2039 = DIRECTION ( 'NONE',  ( -1.000000000000000000, -0.0000000000000000000, -0.0000000000000000000 ) ) ;
#2040 = ORIENTED_EDGE ( 'NONE', *, *, #3313, .T. ) ;
#2041 = EDGE_LOOP ( 'NONE', ( #464, #1774, #3570, #1180, #2580, #436 ) ) ;
#2042 = AXIS2_PLACEMENT_3D ( 'NONE', #321, #373, #329 ) ;
#2043 = CIRCLE ( 'NONE', #1670, 5.036000000000003141 ) ;
#2044 = DIRECTION ( 'NONE',  ( 0.0000000000000000000, -1.000000000000000000, 0.0000000000000000000 ) ) ;
#2045 = AXIS2_PLACEMENT_3D ( 'NONE', #310, #305, #315 ) ;
#2046 = CONICAL_SURFACE ( 'NONE', #2606, 5.036000000000003141, 0.9599310885968728169 ) ;
#2047 = PRODUCT_DEFINITION_CONTEXT ( 'detailed design', #2400, 'design' ) ;
#2048 = CIRCLE ( 'NONE', #2597, 6.000000000000002665 ) ;
#2049 = DIRECTION ( 'NONE',  ( 0.0000000000000000000, 0.0000000000000000000, 1.000000000000000000 ) ) ;
#2050 = VECTOR ( 'NONE', #2689, 999.9999999999998863 ) ;
#2051 = SURFACE_STYLE_FILL_AREA ( #2614 ) ;
#2052 = AXIS2_PLACEMENT_3D ( 'NONE', #330, #289, #304 ) ;
#2053 = AXIS2_PLACEMENT_3D ( 'NONE', #344, #335, #349 ) ;
#2054 =( NAMED_UNIT ( * ) SI_UNIT ( $, .STERADIAN. ) SOLID_ANGLE_UNIT ( ) );
#2055 = CIRCLE ( 'NONE', #2602, 6.000000000000002665 ) ;
#2056 = AXIS2_PLACEMENT_3D ( 'NONE', #401, #417, #386 ) ;
#2057 = CYLINDRICAL_SURFACE ( 'NONE', #2604, 5.999999999999952038 ) ;
#2058 = CARTESIAN_POINT ( 'NONE',  ( -31.74999999999995737, 7.347880794884060572E-16, -5.999999999999952038 ) ) ;
#2059 = AXIS2_PLACEMENT_3D ( 'NONE', #410, #426, #435 ) ;
#2060 =( NAMED_UNIT ( * ) PLANE_ANGLE_UNIT ( ) SI_UNIT ( $, .RADIAN. ) );
#2061 =( LENGTH_UNIT ( ) NAMED_UNIT ( * ) SI_UNIT ( .MILLI., .METRE. ) );
#2062 = SURFACE_STYLE_USAGE ( .BOTH. , #2083 ) ;
#2063 = DIRECTION ( 'NONE',  ( 0.0000000000000000000, 0.0000000000000000000, -1.000000000000000000 ) ) ;
#2064 = ORIENTED_EDGE ( 'NONE', *, *, #3461, .F. ) ;
#2065 = AXIS2_PLACEMENT_3D ( 'NONE', #429, #441, #454 ) ;
#2066 = EDGE_LOOP ( 'NONE', ( #2970, #2711, #2488, #2386, #2064, #1705 ) ) ;
#2067 = FACE_OUTER_BOUND ( 'NONE', #883, .T. ) ;
#2068 = ORIENTED_EDGE ( 'NONE', *, *, #2925, .F. ) ;
#2069 = FILL_AREA_STYLE ('',( #2073 ) ) ;
#2070 = AXIS2_PLACEMENT_3D ( 'NONE', #396, #405, #370 ) ;
#2071 = AXIS2_PLACEMENT_3D ( 'NONE', #508, #548, #476 ) ;
#2072 = AXIS2_PLACEMENT_3D ( 'NONE', #463, #448, #497 ) ;
#2073 = FILL_AREA_STYLE_COLOUR ( '', #1585 ) ;
#2074 = DIRECTION ( 'NONE',  ( 0.0000000000000000000, -1.000000000000000000, 0.0000000000000000000 ) ) ;
#2075 = DIRECTION ( 'NONE',  ( -1.000000000000000000, -0.0000000000000000000, -0.0000000000000000000 ) ) ;
#2076 = AXIS2_PLACEMENT_3D ( 'NONE', #528, #521, #553 ) ;
#2077 = ORIENTED_EDGE ( 'NONE', *, *, #48, .F. ) ;
#2078 = ORIENTED_EDGE ( 'NONE', *, *, #2339, .T. ) ;
#2079 = AXIS2_PLACEMENT_3D ( 'NONE', #721, #715, #704 ) ;
#2080 = AXIS2_PLACEMENT_3D ( 'NONE', #606, #602, #599 ) ;
#2081 = DIRECTION ( 'NONE',  ( -1.000000000000000000, -0.0000000000000000000, -0.0000000000000000000 ) ) ;
#2082 = AXIS2_PLACEMENT_3D ( 'NONE', #564, #621, #563 ) ;
#2083 = SURFACE_SIDE_STYLE ('',( #1691 ) ) ;
#2084 = CARTESIAN_POINT ( 'NONE',  ( 25.50000000000000355, 5.036000000000005805, 6.167321280506074351E-16 ) ) ;
#2085 = EDGE_LOOP ( 'NONE', ( #91, #402, #35, #3255, #3160 ) ) ;
#2086 = EDGE_LOOP ( 'NONE', ( #3363, #3358, #3342, #3317, #3278, #3271 ) ) ;
#2087 = FILL_AREA_STYLE ('',( #2022 ) ) ;
#2088 = AXIS2_PLACEMENT_3D ( 'NONE', #745, #748, #755 ) ;
#2089 = CARTESIAN_POINT ( 'NONE',  ( 18.22499993316582945, 6.000000000000006217, 7.347880794884123680E-16 ) ) ;
#2090 = AXIS2_PLACEMENT_3D ( 'NONE', #822, #814, #803 ) ;
#2091 = VECTOR ( 'NONE', #1179, 999.9999999999998863 ) ;
#2092 = LINE ( 'NONE', #2686, #2050 ) ;
#2093 = DIRECTION ( 'NONE',  ( -1.000000000000000000, -1.224606353822377258E-16, -0.0000000000000000000 ) ) ;
#2094 = CARTESIAN_POINT ( 'NONE',  ( -31.74999999999995737, 1.102182119232617714E-15, -9.000000000000000000 ) ) ;
#2095 = EDGE_LOOP ( 'NONE', ( #3311, #3170, #3027, #277, #852 ) ) ;
#2096 = LINE ( 'NONE', #3095, #2992 ) ;
#2097 = CIRCLE ( 'NONE', #1900, 6.000000000000002665 ) ;
#2098 = DIRECTION ( 'NONE',  ( -1.000000000000000000, -0.0000000000000000000, -0.0000000000000000000 ) ) ;
#2099 = FACE_OUTER_BOUND ( 'NONE', #670, .T. ) ;
#2100 = AXIS2_PLACEMENT_3D ( 'NONE', #859, #853, #851 ) ;
#2101 = CARTESIAN_POINT ( 'NONE',  ( -31.74999999999995737, 7.347880794884060572E-16, -5.999999999999952038 ) ) ;
#2102 = EDGE_LOOP ( 'NONE', ( #1174, #3589, #2878, #898, #1847 ) ) ;
#2103 = AXIS2_PLACEMENT_3D ( 'NONE', #930, #927, #922 ) ;
#2104 =( GEOMETRIC_REPRESENTATION_CONTEXT ( 3 ) GLOBAL_UNCERTAINTY_ASSIGNED_CONTEXT ( ( #3485 ) ) GLOBAL_UNIT_ASSIGNED_CONTEXT ( ( #950, #947, #944 ) ) REPRESENTATION_CONTEXT ( 'NONE', 'WORKASPACE' ) );
#2105 = DIRECTION ( 'NONE',  ( -1.000000000000000000, -0.0000000000000000000, -0.0000000000000000000 ) ) ;
#2106 = MECHANICAL_DESIGN_GEOMETRIC_PRESENTATION_REPRESENTATION (  '', ( #2138 ), #2104 ) ;
#2107 = CYLINDRICAL_SURFACE ( 'NONE', #2610, 5.999999999999952038 ) ;
#2108 = ORIENTED_EDGE ( 'NONE', *, *, #3527, .T. ) ;
#2109 = DIRECTION ( 'NONE',  ( 0.0000000000000000000, -1.000000000000000000, 0.0000000000000000000 ) ) ;
#2110 = CONICAL_SURFACE ( 'NONE', #2627, 6.000000000000002665, 0.9599310885968824758 ) ;
#2111 = DIRECTION ( 'NONE',  ( 0.5735764363510450492, 0.8191520442889925757, 0.0000000000000000000 ) ) ;
#2112 = PRESENTATION_LAYER_ASSIGNMENT (  '', '', ( #2138 ) ) ;
#2113 = DIRECTION ( 'NONE',  ( -1.000000000000000000, -1.224606353822377258E-16, -0.0000000000000000000 ) ) ;
#2114 = ORIENTED_EDGE ( 'NONE', *, *, #3153, .T. ) ;
#2115 = CIRCLE ( 'NONE', #2619, 6.000000000000002665 ) ;
#2116 = VERTEX_POINT ( 'NONE', #699 ) ;
#2117 = CIRCLE ( 'NONE', #2611, 6.000000000000002665 ) ;
#2118 = DIRECTION ( 'NONE',  ( 0.0000000000000000000, -1.000000000000000000, 0.0000000000000000000 ) ) ;
#2119 = CARTESIAN_POINT ( 'NONE',  ( 37.72500006683415563, 2.583919414749769470E-15, 0.0000000000000000000 ) ) ;
#2120 = CARTESIAN_POINT ( 'NONE',  ( 16.57499993316583087, -2.041485741050470004E-29, 6.000000000000002665 ) ) ;
#2121 = AXIS2_PLACEMENT_3D ( 'NONE', #1011, #982, #981 ) ;
#2122 = CARTESIAN_POINT ( 'NONE',  ( 23.17499993316583229, -5.999999999999999112, 0.0000000000000000000 ) ) ;
#2123 = DIRECTION ( 'NONE',  ( -0.5735764363510532649, 0.8191520442889868026, 1.003171929053518707E-16 ) ) ;
#2124 = DIRECTION ( 'NONE',  ( -1.000000000000000000, -0.0000000000000000000, -0.0000000000000000000 ) ) ;
#2125 = VERTEX_POINT ( 'NONE', #697 ) ;
#2126 = ORIENTED_EDGE ( 'NONE', *, *, #2920, .T. ) ;
#2127 = ORIENTED_EDGE ( 'NONE', *, *, #618, .F. ) ;
#2128 = EDGE_LOOP ( 'NONE', ( #744, #788, #1496, #2204, #1187, #2251 ) ) ;
#2129 = DIRECTION ( 'NONE',  ( -1.000000000000000000, -0.0000000000000000000, -0.0000000000000000000 ) ) ;
#2130 = CONICAL_SURFACE ( 'NONE', #2630, 5.036000000000003141, 0.9599310885968728169 ) ;
#2131 = AXIS2_PLACEMENT_3D ( 'NONE', #1017, #1015, #1026 ) ;
#2132 = EDGE_LOOP ( 'NONE', ( #1755, #2838, #1893, #2923, #3108 ) ) ;
#2133 = DIRECTION ( 'NONE',  ( 0.5735764363510452712, -0.8191520442889924647, 1.003171929053525610E-16 ) ) ;
#2134 = DIRECTION ( 'NONE',  ( -1.000000000000000000, -1.224606353822377258E-16, -0.0000000000000000000 ) ) ;
#2135 = CIRCLE ( 'NONE', #2628, 5.036000000000003141 ) ;
#2136 = CARTESIAN_POINT ( 'NONE',  ( -31.74999999999995737, 0.0000000000000000000, 0.0000000000000000000 ) ) ;
#2137 = CARTESIAN_POINT ( 'NONE',  ( 12.59999999999999964, 0.0000000000000000000, -6.599999999999952571 ) ) ;
#2138 = STYLED_ITEM ( 'NONE', ( #821 ), #1283 ) ;
#2139 = LINE ( 'NONE', #2674, #2256 ) ;
#2140 = CONICAL_SURFACE ( 'NONE', #2634, 5.036000000000003141, 0.9599310885968728169 ) ;
#2141 = CARTESIAN_POINT ( 'NONE',  ( 37.72500006683415563, -6.000000000000000000, 7.347880794884122694E-16 ) ) ;
#2142 = DIRECTION ( 'NONE',  ( -1.000000000000000000, -0.0000000000000000000, -0.0000000000000000000 ) ) ;
#2143 = AXIS2_PLACEMENT_3D ( 'NONE', #1067, #1050, #1071 ) ;
#2144 = AXIS2_PLACEMENT_3D ( 'NONE', #1077, #1076, #1082 ) ;
#2145 = DIRECTION ( 'NONE',  ( 0.5735764363510450492, 0.8191520442889925757, 0.0000000000000000000 ) ) ;
#2146 = AXIS2_PLACEMENT_3D ( 'NONE', #1036, #1046, #1040 ) ;
#2147 = ORIENTED_EDGE ( 'NONE', *, *, #186, .F. ) ;
#2148 = ORIENTED_EDGE ( 'NONE', *, *, #3510, .T. ) ;
#2149 = CARTESIAN_POINT ( 'NONE',  ( -31.74999999999995737, 0.0000000000000000000, 9.000000000000000000 ) ) ;
#2150 = DIRECTION ( 'NONE',  ( 0.0000000000000000000, 0.0000000000000000000, 1.000000000000000000 ) ) ;
#2151 = AXIS2_PLACEMENT_3D ( 'NONE', #1034, #1033, #1029 ) ;
#2152 = FACE_OUTER_BOUND ( 'NONE', #1322, .T. ) ;
#2153 = CONICAL_SURFACE ( 'NONE', #1630, 6.000000000000002665, 0.9599310885968824758 ) ;
#2154 = VERTEX_POINT ( 'NONE', #680 ) ;
#2155 = VERTEX_POINT ( 'NONE', #684 ) ;
#2156 = CARTESIAN_POINT ( 'NONE',  ( -31.74999999999995737, 0.0000000000000000000, 0.0000000000000000000 ) ) ;
#2157 = DIRECTION ( 'NONE',  ( -1.000000000000000000, -0.0000000000000000000, -0.0000000000000000000 ) ) ;
#2158 = CONICAL_SURFACE ( 'NONE', #1642, 5.036000000000003141, 0.9599310885968728169 ) ;
#2159 = CARTESIAN_POINT ( 'NONE',  ( 31.42499993316583229, 2.418597540614639737E-15, 0.0000000000000000000 ) ) ;
#2160 = DIRECTION ( 'NONE',  ( -1.000000000000000000, -0.0000000000000000000, -0.0000000000000000000 ) ) ;
#2161 = CARTESIAN_POINT ( 'NONE',  ( -31.74999999999995737, 7.347880794884060572E-16, -5.999999999999952038 ) ) ;
#2162 = DIRECTION ( 'NONE',  ( 0.5735764363510450492, 0.8191520442889925757, 0.0000000000000000000 ) ) ;
#2163 = AXIS2_PLACEMENT_3D ( 'NONE', #1112, #1158, #1114 ) ;
#2164 = DIRECTION ( 'NONE',  ( 0.0000000000000000000, 0.0000000000000000000, 1.000000000000000000 ) ) ;
#2165 = CONICAL_SURFACE ( 'NONE', #2637, 6.000000000000002665, 0.9599310885968824758 ) ;
#2166 = ORIENTED_EDGE ( 'NONE', *, *, #311, .T. ) ;
#2167 = EDGE_LOOP ( 'NONE', ( #2854, #55, #2507, #609, #1997 ) ) ;
#2168 = AXIS2_PLACEMENT_3D ( 'NONE', #1137, #1128, #1140 ) ;
#2169 = FACE_OUTER_BOUND ( 'NONE', #366, .T. ) ;
#2170 = CARTESIAN_POINT ( 'NONE',  ( 20.55000000000000071, -5.036000000000000476, 6.757601037695098523E-16 ) ) ;
#2171 = AXIS2_PLACEMENT_3D ( 'NONE', #1155, #1146, #1165 ) ;
#2172 = FACE_OUTER_BOUND ( 'NONE', #1684, .T. ) ;
#2173 = AXIS2_PLACEMENT_3D ( 'NONE', #1190, #1193, #1160 ) ;
#2174 = CARTESIAN_POINT ( 'NONE',  ( 12.00000000000000355, 0.0000000000000000000, 0.0000000000000000000 ) ) ;
#2175 = DIRECTION ( 'NONE',  ( 1.000000000000000000, 1.224606353822377258E-16, 0.0000000000000000000 ) ) ;
#2176 = FACE_OUTER_BOUND ( 'NONE', #2128, .T. ) ;
#2177 = DIRECTION ( 'NONE',  ( 0.0000000000000000000, 0.0000000000000000000, -1.000000000000000000 ) ) ;
#2178 = FACE_OUTER_BOUND ( 'NONE', #2167, .T. ) ;
#2179 = ORIENTED_EDGE ( 'NONE', *, *, #3140, .F. ) ;
#2180 = DIRECTION ( 'NONE',  ( -1.000000000000000000, -0.0000000000000000000, -0.0000000000000000000 ) ) ;
#2181 = CIRCLE ( 'NONE', #2612, 5.036000000000003141 ) ;
#2182 = AXIS2_PLACEMENT_3D ( 'NONE', #1199, #1195, #1220 ) ;
#2183 = DIRECTION ( 'NONE',  ( 0.0000000000000000000, -1.000000000000000000, 0.0000000000000000000 ) ) ;
#2184 = AXIS2_PLACEMENT_3D ( 'NONE', #1235, #1202, #1209 ) ;
#2185 = DIRECTION ( 'NONE',  ( 0.0000000000000000000, -1.000000000000000000, 0.0000000000000000000 ) ) ;
#2186 = VERTEX_POINT ( 'NONE', #689 ) ;
#2187 = ORIENTED_EDGE ( 'NONE', *, *, #3010, .T. ) ;
#2188 = DIRECTION ( 'NONE',  ( -1.000000000000000000, -1.224606353822377258E-16, -0.0000000000000000000 ) ) ;
#2189 = CONICAL_SURFACE ( 'NONE', #2650, 6.000000000000002665, 0.9599310885968824758 ) ;
#2190 = CARTESIAN_POINT ( 'NONE',  ( 24.52500006683415990, 2.583919414749769470E-15, 0.0000000000000000000 ) ) ;
#2191 = CARTESIAN_POINT ( 'NONE',  ( 29.77499993316583016, -5.999999999999999112, 0.0000000000000000000 ) ) ;
#2192 = AXIS2_PLACEMENT_3D ( 'NONE', #1260, #1239, #1266 ) ;
#2193 = AXIS2_PLACEMENT_3D ( 'NONE', #1299, #1292, #1306 ) ;
#2194 = CARTESIAN_POINT ( 'NONE',  ( 39.37500006683415421, 2.583919414749769470E-15, 0.0000000000000000000 ) ) ;
#2195 = DIRECTION ( 'NONE',  ( 0.0000000000000000000, -1.000000000000000000, 0.0000000000000000000 ) ) ;
#2196 = CARTESIAN_POINT ( 'NONE',  ( 37.04999999999999716, -5.036000000000000476, 0.0000000000000000000 ) ) ;
#2197 = ORIENTED_EDGE ( 'NONE', *, *, #3055, .F. ) ;
#2198 = AXIS2_PLACEMENT_3D ( 'NONE', #1316, #1282, #1290 ) ;
#2199 = VERTEX_POINT ( 'NONE', #676 ) ;
#2200 = VERTEX_POINT ( 'NONE', #671 ) ;
#2201 = CARTESIAN_POINT ( 'NONE',  ( 34.42500006683415847, 6.000000000000005329, 0.0000000000000000000 ) ) ;
#2202 = CARTESIAN_POINT ( 'NONE',  ( 33.07499993316582731, -5.999999999999999112, 0.0000000000000000000 ) ) ;
#2203 = ORIENTED_EDGE ( 'NONE', *, *, #3325, .F. ) ;
#2204 = ORIENTED_EDGE ( 'NONE', *, *, #3375, .T. ) ;
#2205 = EDGE_LOOP ( 'NONE', ( #152, #266, #743, #702, #1232 ) ) ;
#2206 = CARTESIAN_POINT ( 'NONE',  ( -31.74999999999995737, 7.347880794884060572E-16, -5.999999999999952038 ) ) ;
#2207 = CARTESIAN_POINT ( 'NONE',  ( 25.50000000000000355, 2.501258477682205392E-15, 0.0000000000000000000 ) ) ;
#2208 = DIRECTION ( 'NONE',  ( -1.000000000000000000, -1.224606353822377258E-16, -0.0000000000000000000 ) ) ;
#2209 = DIRECTION ( 'NONE',  ( 0.0000000000000000000, -1.000000000000000000, 0.0000000000000000000 ) ) ;
#2210 = CARTESIAN_POINT ( 'NONE',  ( 37.04999999999999716, 5.036000000000005805, 0.0000000000000000000 ) ) ;
#2211 = DIRECTION ( 'NONE',  ( -1.000000000000000000, -1.224606353822377258E-16, -0.0000000000000000000 ) ) ;
#2212 = LINE ( 'NONE', #2529, #2337 ) ;
#2213 = CARTESIAN_POINT ( 'NONE',  ( 37.04999999999999716, 2.501258477682205392E-15, 0.0000000000000000000 ) ) ;
#2214 = AXIS2_PLACEMENT_3D ( 'NONE', #1277, #1267, #1279 ) ;
#2215 = AXIS2_PLACEMENT_3D ( 'NONE', #1310, #1357, #1315 ) ;
#2216 = CIRCLE ( 'NONE', #2645, 6.000000000000002665 ) ;
#2217 = CARTESIAN_POINT ( 'NONE',  ( 26.17500006683415847, 2.583919414749769470E-15, 0.0000000000000000000 ) ) ;
#2218 = DIRECTION ( 'NONE',  ( -1.000000000000000000, -0.0000000000000000000, -0.0000000000000000000 ) ) ;
#2219 = FACE_OUTER_BOUND ( 'NONE', #2392, .T. ) ;
#2220 = CARTESIAN_POINT ( 'NONE',  ( 37.72500006683415563, 6.000000000000005329, 0.0000000000000000000 ) ) ;
#2221 = AXIS2_PLACEMENT_3D ( 'NONE', #1379, #1356, #1347 ) ;
#2222 = CARTESIAN_POINT ( 'NONE',  ( 12.00000000000000178, 0.0000000000000000000, 0.0000000000000000000 ) ) ;
#2223 = ORIENTED_EDGE ( 'NONE', *, *, #3045, .F. ) ;
#2224 = EDGE_LOOP ( 'NONE', ( #519, #3662, #968, #1805, #516, #1268 ) ) ;
#2225 = DIRECTION ( 'NONE',  ( 0.0000000000000000000, -1.000000000000000000, 0.0000000000000000000 ) ) ;
#2226 = DIRECTION ( 'NONE',  ( -0.5735764363510529318, -0.8191520442889870246, 0.0000000000000000000 ) ) ;
#2227 = AXIS2_PLACEMENT_3D ( 'NONE', #1388, #1384, #1391 ) ;
#2228 = LINE ( 'NONE', #3499, #1828 ) ;
#2229 = VECTOR ( 'NONE', #3333, 1000.000000000000000 ) ;
#2230 = AXIS2_PLACEMENT_3D ( 'NONE', #1401, #1395, #1405 ) ;
#2231 = ORIENTED_EDGE ( 'NONE', *, *, #1437, .F. ) ;
#2232 = DIRECTION ( 'NONE',  ( -1.000000000000000000, -0.0000000000000000000, -0.0000000000000000000 ) ) ;
#2233 = CONICAL_SURFACE ( 'NONE', #2680, 6.000000000000002665, 0.9599310885968824758 ) ;
#2234 = AXIS2_PLACEMENT_3D ( 'NONE', #1445, #1406, #1415 ) ;
#2235 = VERTEX_POINT ( 'NONE', #660 ) ;
#2236 = DIRECTION ( 'NONE',  ( -1.000000000000000000, -1.224606353822377258E-16, -0.0000000000000000000 ) ) ;
#2237 = ORIENTED_EDGE ( 'NONE', *, *, #3016, .T. ) ;
#2238 = VECTOR ( 'NONE', #3318, 1000.000000000000000 ) ;
#2239 = ORIENTED_EDGE ( 'NONE', *, *, #3312, .F. ) ;
#2240 = CIRCLE ( 'NONE', #2656, 6.000000000000002665 ) ;
#2241 = LINE ( 'NONE', #3529, #2238 ) ;
#2242 = FACE_OUTER_BOUND ( 'NONE', #79, .T. ) ;
#2243 = DIRECTION ( 'NONE',  ( 0.0000000000000000000, -1.000000000000000000, 0.0000000000000000000 ) ) ;
#2244 = AXIS2_PLACEMENT_3D ( 'NONE', #1330, #1342, #1374 ) ;
#2245 = AXIS2_PLACEMENT_3D ( 'NONE', #1447, #1442, #1427 ) ;
#2246 = CARTESIAN_POINT ( 'NONE',  ( -31.74999999999995737, 0.0000000000000000000, 0.0000000000000000000 ) ) ;
#2247 = CIRCLE ( 'NONE', #2652, 5.036000000000003141 ) ;
#2248 = ORIENTED_EDGE ( 'NONE', *, *, #3308, .F. ) ;
#2249 = AXIS2_PLACEMENT_3D ( 'NONE', #1425, #1423, #1412 ) ;
#2250 = DIRECTION ( 'NONE',  ( 0.0000000000000000000, 0.0000000000000000000, 1.000000000000000000 ) ) ;
#2251 = ORIENTED_EDGE ( 'NONE', *, *, #587, .F. ) ;
#2252 = FACE_OUTER_BOUND ( 'NONE', #785, .T. ) ;
#2253 = AXIS2_PLACEMENT_3D ( 'NONE', #1498, #1479, #1454 ) ;
#2254 = DIRECTION ( 'NONE',  ( 0.0000000000000000000, -1.000000000000000000, 0.0000000000000000000 ) ) ;
#2255 = VERTEX_POINT ( 'NONE', #718 ) ;
#2256 = VECTOR ( 'NONE', #2622, 999.9999999999998863 ) ;
#2257 = DIRECTION ( 'NONE',  ( 0.0000000000000000000, 0.0000000000000000000, 1.000000000000000000 ) ) ;
#2258 = VERTEX_POINT ( 'NONE', #657 ) ;
#2259 = DIRECTION ( 'NONE',  ( -1.000000000000000000, -0.0000000000000000000, -0.0000000000000000000 ) ) ;
#2260 = AXIS2_PLACEMENT_3D ( 'NONE', #1433, #1430, #1429 ) ;
#2261 = CARTESIAN_POINT ( 'NONE',  ( 26.47499993316582945, 2.418597540614639737E-15, 0.0000000000000000000 ) ) ;
#2262 = DIRECTION ( 'NONE',  ( -1.000000000000000000, -1.224606353822377258E-16, -0.0000000000000000000 ) ) ;
#2263 = ORIENTED_EDGE ( 'NONE', *, *, #2908, .F. ) ;
#2264 = CYLINDRICAL_SURFACE ( 'NONE', #2657, 5.999999999999952038 ) ;
#2265 = CIRCLE ( 'NONE', #2640, 6.000000000000002665 ) ;
#2266 = CARTESIAN_POINT ( 'NONE',  ( 39.67499993316582163, 2.418597540614639737E-15, 0.0000000000000000000 ) ) ;
#2267 = CARTESIAN_POINT ( 'NONE',  ( 38.69999999999999574, -5.036000000000000476, 0.0000000000000000000 ) ) ;
#2268 = DIRECTION ( 'NONE',  ( 0.0000000000000000000, 1.224646799147353207E-16, 1.000000000000000000 ) ) ;
#2269 = AXIS2_PLACEMENT_3D ( 'NONE', #1512, #1475, #1473 ) ;
#2270 = ORIENTED_EDGE ( 'NONE', *, *, #3075, .T. ) ;
#2271 = LINE ( 'NONE', #2896, #2229 ) ;
#2272 = ORIENTED_EDGE ( 'NONE', *, *, #2954, .T. ) ;
#2273 = CARTESIAN_POINT ( 'NONE',  ( 12.59999999999999964, 8.082668874372472841E-16, 6.599999999999952571 ) ) ;
#2274 = EDGE_LOOP ( 'NONE', ( #955, #953, #835, #655, #649, #557 ) ) ;
#2275 = CARTESIAN_POINT ( 'NONE',  ( 6.000000000000000000, 0.0000000000000000000, 0.0000000000000000000 ) ) ;
#2276 = FACE_OUTER_BOUND ( 'NONE', #2948, .T. ) ;
#2277 = ORIENTED_EDGE ( 'NONE', *, *, #2998, .T. ) ;
#2278 = AXIS2_PLACEMENT_3D ( 'NONE', #1508, #1504, #1511 ) ;
#2279 = DIRECTION ( 'NONE',  ( 0.0000000000000000000, -1.000000000000000000, 0.0000000000000000000 ) ) ;
#2280 = VECTOR ( 'NONE', #656, 1000.000000000000000 ) ;
#2281 = DIRECTION ( 'NONE',  ( -1.000000000000000000, -1.224606353822377258E-16, -0.0000000000000000000 ) ) ;
#2282 = CARTESIAN_POINT ( 'NONE',  ( 38.02499993316582305, 2.418597540614639737E-15, 0.0000000000000000000 ) ) ;
#2283 = EDGE_LOOP ( 'NONE', ( #954, #551, #347, #302, #243 ) ) ;
#2284 = VERTEX_POINT ( 'NONE', #639 ) ;
#2285 = DIRECTION ( 'NONE',  ( -1.000000000000000000, -1.224606353822377258E-16, -0.0000000000000000000 ) ) ;
#2286 = DIRECTION ( 'NONE',  ( 0.0000000000000000000, 1.000000000000000000, -1.224646799147353207E-16 ) ) ;
#2287 = DIRECTION ( 'NONE',  ( 0.5735764363510450492, 0.8191520442889925757, 0.0000000000000000000 ) ) ;
#2288 = ORIENTED_EDGE ( 'NONE', *, *, #2899, .T. ) ;
#2289 = ORIENTED_EDGE ( 'NONE', *, *, #327, .T. ) ;
#2290 = DIRECTION ( 'NONE',  ( -0.5735764363510529318, -0.8191520442889870246, 0.0000000000000000000 ) ) ;
#2291 = CIRCLE ( 'NONE', #2673, 6.000000000000002665 ) ;
#2292 = AXIS2_PLACEMENT_3D ( 'NONE', #1537, #1531, #1526 ) ;
#2293 = AXIS2_PLACEMENT_3D ( 'NONE', #1566, #1572, #1559 ) ;
#2294 = CARTESIAN_POINT ( 'NONE',  ( -31.74999999999995737, 7.347880794884060572E-16, -5.999999999999952038 ) ) ;
#2295 = AXIS2_PLACEMENT_3D ( 'NONE', #1602, #1588, #1579 ) ;
#2296 = FACE_OUTER_BOUND ( 'NONE', #96, .T. ) ;
#2297 = LINE ( 'NONE', #2389, #1888 ) ;
#2298 = CARTESIAN_POINT ( 'NONE',  ( 41.02500006683415279, 6.000000000000004441, 0.0000000000000000000 ) ) ;
#2299 = DIRECTION ( 'NONE',  ( 0.0000000000000000000, -1.000000000000000000, 0.0000000000000000000 ) ) ;
#2300 = AXIS2_PLACEMENT_3D ( 'NONE', #1631, #1617, #1649 ) ;
#2301 = VECTOR ( 'NONE', #3558, 1000.000000000000000 ) ;
#2302 = EDGE_LOOP ( 'NONE', ( #770, #694, #598, #146, #494 ) ) ;
#2303 = AXIS2_PLACEMENT_3D ( 'NONE', #1556, #1553, #1551 ) ;
#2304 = ORIENTED_EDGE ( 'NONE', *, *, #3561, .F. ) ;
#2305 = DIRECTION ( 'NONE',  ( -1.000000000000000000, -0.0000000000000000000, -0.0000000000000000000 ) ) ;
#2306 = LINE ( 'NONE', #529, #2301 ) ;
#2307 = DIRECTION ( 'NONE',  ( 0.0000000000000000000, 0.0000000000000000000, -1.000000000000000000 ) ) ;
#2308 = VERTEX_POINT ( 'NONE', #673 ) ;
#2309 = DIRECTION ( 'NONE',  ( 0.0000000000000000000, 0.0000000000000000000, 1.000000000000000000 ) ) ;
#2310 = AXIS2_PLACEMENT_3D ( 'NONE', #1638, #1651, #1648 ) ;
#2311 = AXIS2_PLACEMENT_3D ( 'NONE', #1724, #1698, #1695 ) ;
#2312 = VERTEX_POINT ( 'NONE', #695 ) ;
#2313 = DIRECTION ( 'NONE',  ( -1.000000000000000000, -0.0000000000000000000, -0.0000000000000000000 ) ) ;
#2314 = VERTEX_POINT ( 'NONE', #633 ) ;
#2315 = AXIS2_PLACEMENT_3D ( 'NONE', #1729, #1739, #1747 ) ;
#2316 = ORIENTED_EDGE ( 'NONE', *, *, #3102, .T. ) ;
#2317 = CARTESIAN_POINT ( 'NONE',  ( 41.03599999999994452, 0.0000000000000000000, 0.0000000000000000000 ) ) ;
#2318 = VECTOR ( 'NONE', #2916, 1000.000000000000000 ) ;
#2319 = AXIS2_PLACEMENT_3D ( 'NONE', #1679, #1665, #1682 ) ;
#2320 = AXIS2_PLACEMENT_3D ( 'NONE', #1773, #1742, #1819 ) ;
#2321 = AXIS2_PLACEMENT_3D ( 'NONE', #1807, #1835, #1781 ) ;
#2322 = DIRECTION ( 'NONE',  ( 0.0000000000000000000, 0.0000000000000000000, 1.000000000000000000 ) ) ;
#2323 = DIRECTION ( 'NONE',  ( 0.0000000000000000000, 0.0000000000000000000, 1.000000000000000000 ) ) ;
#2324 = CONICAL_SURFACE ( 'NONE', #1578, 5.036000000000003141, 0.9599310885968728169 ) ;
#2325 = DIRECTION ( 'NONE',  ( 1.000000000000000000, 0.0000000000000000000, 0.0000000000000000000 ) ) ;
#2326 = ORIENTED_EDGE ( 'NONE', *, *, #3500, .T. ) ;
#2327 = DIRECTION ( 'NONE',  ( 1.000000000000000000, 0.0000000000000000000, 0.0000000000000000000 ) ) ;
#2328 = AXIS2_PLACEMENT_3D ( 'NONE', #1837, #1842, #1839 ) ;
#2329 = AXIS2_PLACEMENT_3D ( 'NONE', #1825, #1822, #1821 ) ;
#2330 = DIRECTION ( 'NONE',  ( -1.000000000000000000, -0.0000000000000000000, -0.0000000000000000000 ) ) ;
#2331 = CARTESIAN_POINT ( 'NONE',  ( 41.99999999999999289, 0.0000000000000000000, 0.0000000000000000000 ) ) ;
#2332 = FACE_OUTER_BOUND ( 'NONE', #473, .T. ) ;
#2333 = FACE_OUTER_BOUND ( 'NONE', #2543, .T. ) ;
#2334 = AXIS2_PLACEMENT_3D ( 'NONE', #1887, #3092, #1889 ) ;
#2335 = AXIS2_PLACEMENT_3D ( 'NONE', #1855, #1850, #1861 ) ;
#2336 = CARTESIAN_POINT ( 'NONE',  ( 24.52500006683415990, 6.000000000000004441, 0.0000000000000000000 ) ) ;
#2337 = VECTOR ( 'NONE', #2495, 1000.000000000000000 ) ;
#2338 = VECTOR ( 'NONE', #3280, 1000.000000000000000 ) ;
#2339 = EDGE_CURVE ( 'NONE', #876, #255, #692, .T. ) ;
#2340 = FACE_BOUND ( 'NONE', #2224, .T. ) ;
#2341 = CARTESIAN_POINT ( 'NONE',  ( 19.87499993316583158, -2.002967142162725287E-29, 6.000000000000002665 ) ) ;
#2342 = AXIS2_PLACEMENT_3D ( 'NONE', #1925, #1894, #1890 ) ;
#2343 = VERTEX_POINT ( 'NONE', #613 ) ;
#2344 = CARTESIAN_POINT ( 'NONE',  ( 12.59999999999999964, 0.0000000000000000000, 0.0000000000000000000 ) ) ;
#2345 = CYLINDRICAL_SURFACE ( 'NONE', #2705, 5.999999999999952038 ) ;
#2346 = DIRECTION ( 'NONE',  ( 0.0000000000000000000, -1.000000000000000000, 0.0000000000000000000 ) ) ;
#2347 = CARTESIAN_POINT ( 'NONE',  ( 6.000000000000000000, 2.919948986426539772, 5.057499999999989448 ) ) ;
#2348 = FACE_OUTER_BOUND ( 'NONE', #316, .T. ) ;
#2349 = CIRCLE ( 'NONE', #2710, 6.000000000000002665 ) ;
#2350 = PLANE ( 'NONE',  #1885 ) ;
#2351 = DIRECTION ( 'NONE',  ( -1.000000000000000000, -1.224606353822377258E-16, -0.0000000000000000000 ) ) ;
#2352 = EDGE_LOOP ( 'NONE', ( #502, #397, #353, #251, #149 ) ) ;
#2353 = CONICAL_SURFACE ( 'NONE', #1823, 5.036000000000003141, 0.9599310885968728169 ) ;
#2354 = AXIS2_PLACEMENT_3D ( 'NONE', #1943, #1931, #1917 ) ;
#2355 = DIRECTION ( 'NONE',  ( 0.0000000000000000000, 0.0000000000000000000, -1.000000000000000000 ) ) ;
#2356 = CIRCLE ( 'NONE', #2712, 6.000000000000002665 ) ;
#2357 = CARTESIAN_POINT ( 'NONE',  ( 41.02500006683415279, 2.583919414749769470E-15, 0.0000000000000000000 ) ) ;
#2358 = CARTESIAN_POINT ( 'NONE',  ( 27.82500006683415705, 6.000000000000005329, 0.0000000000000000000 ) ) ;
#2359 = ORIENTED_EDGE ( 'NONE', *, *, #484, .T. ) ;
#2360 = ORIENTED_EDGE ( 'NONE', *, *, #750, .T. ) ;
#2361 = ORIENTED_EDGE ( 'NONE', *, *, #3121, .T. ) ;
#2362 = AXIS2_PLACEMENT_3D ( 'NONE', #1978, #1971, #2026 ) ;
#2363 = AXIS2_PLACEMENT_3D ( 'NONE', #2021, #2039, #1991 ) ;
#2364 = VERTEX_POINT ( 'NONE', #611 ) ;
#2365 = ORIENTED_EDGE ( 'NONE', *, *, #1047, .F. ) ;
#2366 = ORIENTED_EDGE ( 'NONE', *, *, #2996, .F. ) ;
#2367 = DIRECTION ( 'NONE',  ( 0.0000000000000000000, -1.000000000000000000, 0.0000000000000000000 ) ) ;
#2368 = LINE ( 'NONE', #290, #2091 ) ;
#2369 = DIRECTION ( 'NONE',  ( -1.000000000000000000, -1.224606353822377258E-16, -0.0000000000000000000 ) ) ;
#2370 = AXIS2_PLACEMENT_3D ( 'NONE', #1897, #1857, #1868 ) ;
#2371 = CARTESIAN_POINT ( 'NONE',  ( 40.34999999999999432, 2.501258477682205392E-15, 0.0000000000000000000 ) ) ;
#2372 = CIRCLE ( 'NONE', #2688, 5.036000000000003141 ) ;
#2373 = AXIS2_PLACEMENT_3D ( 'NONE', #1958, #1947, #1937 ) ;
#2374 =( GEOMETRIC_REPRESENTATION_CONTEXT ( 3 ) GLOBAL_UNCERTAINTY_ASSIGNED_CONTEXT ( ( #2434 ) ) GLOBAL_UNIT_ASSIGNED_CONTEXT ( ( #2011, #2010, #2008 ) ) REPRESENTATION_CONTEXT ( 'NONE', 'WORKASPACE' ) );
#2375 = CARTESIAN_POINT ( 'NONE',  ( 28.12499993316582803, 6.000000000000006217, 7.347880794884123680E-16 ) ) ;
#2376 = MECHANICAL_DESIGN_GEOMETRIC_PRESENTATION_REPRESENTATION (  '', ( #2387 ), #2374 ) ;
#2377 = CARTESIAN_POINT ( 'NONE',  ( 19.87499993316583158, 2.418597540614639737E-15, 0.0000000000000000000 ) ) ;
#2378 = AXIS2_PLACEMENT_3D ( 'NONE', #2136, #2105, #2049 ) ;
#2379 = ORIENTED_EDGE ( 'NONE', *, *, #2943, .T. ) ;
#2380 = DIRECTION ( 'NONE',  ( 0.0000000000000000000, -1.000000000000000000, 0.0000000000000000000 ) ) ;
#2381 = FACE_OUTER_BOUND ( 'NONE', #1074, .T. ) ;
#2382 = VERTEX_POINT ( 'NONE', #637 ) ;
#2383 = CYLINDRICAL_SURFACE ( 'NONE', #2718, 5.999999999999952038 ) ;
#2384 = DIRECTION ( 'NONE',  ( -1.000000000000000000, -1.224606353822377258E-16, -0.0000000000000000000 ) ) ;
#2385 = DIRECTION ( 'NONE',  ( -1.000000000000000000, -1.224606353822377258E-16, -0.0000000000000000000 ) ) ;
#2386 = ORIENTED_EDGE ( 'NONE', *, *, #3561, .T. ) ;
#2387 = STYLED_ITEM ( 'NONE', ( #1506 ), #777 ) ;
#2388 = ORIENTED_EDGE ( 'NONE', *, *, #3438, .F. ) ;
#2389 = CARTESIAN_POINT ( 'NONE',  ( -31.74999999999995737, 0.0000000000000000000, 5.999999999999952038 ) ) ;
#2390 = CIRCLE ( 'NONE', #2724, 6.000000000000002665 ) ;
#2391 = CARTESIAN_POINT ( 'NONE',  ( 12.59999999999999964, 0.0000000000000000000, 0.0000000000000000000 ) ) ;
#2392 = EDGE_LOOP ( 'NONE', ( #1127, #916, #913, #591, #341 ) ) ;
#2393 = ORIENTED_EDGE ( 'NONE', *, *, #3253, .F. ) ;
#2394 = ORIENTED_EDGE ( 'NONE', *, *, #228, .T. ) ;
#2395 = ORIENTED_EDGE ( 'NONE', *, *, #3461, .T. ) ;
#2396 = FACE_OUTER_BOUND ( 'NONE', #2762, .T. ) ;
#2397 = PRESENTATION_LAYER_ASSIGNMENT (  '', '', ( #2387 ) ) ;
#2398 = APPLICATION_PROTOCOL_DEFINITION ( 'draft international standard', 'automotive_design', 1998, #2400 ) ;
#2399 = DIRECTION ( 'NONE',  ( 0.0000000000000000000, -1.000000000000000000, 1.188187522481193692E-15 ) ) ;
#2400 = APPLICATION_CONTEXT ( 'automotive_design' ) ;
#2401 = CIRCLE ( 'NONE', #2717, 5.036000000000003141 ) ;
#2402 =( GEOMETRIC_REPRESENTATION_CONTEXT ( 3 ) GLOBAL_UNCERTAINTY_ASSIGNED_CONTEXT ( ( #1217 ) ) GLOBAL_UNIT_ASSIGNED_CONTEXT ( ( #2061, #2060, #2054 ) ) REPRESENTATION_CONTEXT ( 'NONE', 'WORKASPACE' ) );
#2403 = DIRECTION ( 'NONE',  ( -1.000000000000000000, -1.224606353822377258E-16, -0.0000000000000000000 ) ) ;
#2404 = MECHANICAL_DESIGN_GEOMETRIC_PRESENTATION_REPRESENTATION (  '', ( #2431 ), #2402 ) ;
#2405 = PRODUCT_CONTEXT ( 'NONE', #2512, 'mechanical' ) ;
#2406 = DIRECTION ( 'NONE',  ( -0.0000000000000000000, 1.188187522481193692E-15, 1.000000000000000000 ) ) ;
#2407 = CARTESIAN_POINT ( 'NONE',  ( 20.55000000000000071, 2.501258477682205392E-15, 0.0000000000000000000 ) ) ;
#2408 = PRESENTATION_LAYER_ASSIGNMENT (  '', '', ( #2431 ) ) ;
#2409 = FACE_OUTER_BOUND ( 'NONE', #1200, .T. ) ;
#2410 = ORIENTED_EDGE ( 'NONE', *, *, #728, .T. ) ;
#2411 = VERTEX_POINT ( 'NONE', #585 ) ;
#2412 = DIRECTION ( 'NONE',  ( 1.000000000000000000, 0.0000000000000000000, 0.0000000000000000000 ) ) ;
#2413 = DIRECTION ( 'NONE',  ( 0.0000000000000000000, 0.0000000000000000000, 1.000000000000000000 ) ) ;
#2414 = AXIS2_PLACEMENT_3D ( 'NONE', #2156, #2157, #2164 ) ;
#2415 = EDGE_LOOP ( 'NONE', ( #3394, #3393, #3392, #3378, #3368 ) ) ;
#2416 = AXIS2_PLACEMENT_3D ( 'NONE', #2119, #2113, #2109 ) ;
#2417 = DIRECTION ( 'NONE',  ( 0.0000000000000000000, -1.000000000000000000, 0.0000000000000000000 ) ) ;
#2418 = DIRECTION ( 'NONE',  ( -1.000000000000000000, -1.224606353822377258E-16, -0.0000000000000000000 ) ) ;
#2419 = VERTEX_POINT ( 'NONE', #653 ) ;
#2420 = EDGE_LOOP ( 'NONE', ( #3493, #3486, #1394, #1944, #272 ) ) ;
#2421 = CARTESIAN_POINT ( 'NONE',  ( 6.000000000000000000, -2.919948986426525117, 5.057499999999995666 ) ) ;
#2422 = AXIS2_PLACEMENT_3D ( 'NONE', #2246, #2232, #2250 ) ;
#2423 = CIRCLE ( 'NONE', #2731, 5.036000000000003141 ) ;
#2424 = LINE ( 'NONE', #2480, #3442 ) ;
#2425 = VECTOR ( 'NONE', #2807, 999.9999999999998863 ) ;
#2426 = ORIENTED_EDGE ( 'NONE', *, *, #46, .T. ) ;
#2427 = DIRECTION ( 'NONE',  ( 0.0000000000000000000, -1.000000000000000000, 0.0000000000000000000 ) ) ;
#2428 = DIRECTION ( 'NONE',  ( -1.000000000000000000, -1.224606353822377258E-16, -0.0000000000000000000 ) ) ;
#2429 = CARTESIAN_POINT ( 'NONE',  ( -31.74999999999995737, 0.0000000000000000000, 5.999999999999952038 ) ) ;
#2430 = AXIS2_PLACEMENT_3D ( 'NONE', #2190, #2188, #2185 ) ;
#2431 = STYLED_ITEM ( 'NONE', ( #1581 ), #768 ) ;
#2432 = AXIS2_PLACEMENT_3D ( 'NONE', #2275, #2259, #2257 ) ;
#2433 = CARTESIAN_POINT ( 'NONE',  ( 39.37500006683415421, 2.583919414749769470E-15, 0.0000000000000000000 ) ) ;
#2434 = UNCERTAINTY_MEASURE_WITH_UNIT (LENGTH_MEASURE( 1.000000000000000082E-05 ), #2011, 'distance_accuracy_value', 'NONE');
#2435 = CIRCLE ( 'NONE', #2728, 6.000000000000002665 ) ;
#2436 = DIRECTION ( 'NONE',  ( -1.000000000000000000, -0.0000000000000000000, -0.0000000000000000000 ) ) ;
#2437 = ORIENTED_EDGE ( 'NONE', *, *, #3441, .F. ) ;
#2438 = DIRECTION ( 'NONE',  ( -1.000000000000000000, -1.224606353822377258E-16, -0.0000000000000000000 ) ) ;
#2439 = EDGE_LOOP ( 'NONE', ( #2973, #666, #1615, #1867, #2394 ) ) ;
#2440 = CIRCLE ( 'NONE', #2746, 6.000000000000002665 ) ;
#2441 = ORIENTED_EDGE ( 'NONE', *, *, #3417, .T. ) ;
#2442 = DIRECTION ( 'NONE',  ( 0.0000000000000000000, -1.000000000000000000, 0.0000000000000000000 ) ) ;
#2443 = AXIS2_PLACEMENT_3D ( 'NONE', #2266, #2262, #2254 ) ;
#2444 = ORIENTED_EDGE ( 'NONE', *, *, #3142, .F. ) ;
#2445 = CIRCLE ( 'NONE', #2755, 5.036000000000003141 ) ;
#2446 = ORIENTED_EDGE ( 'NONE', *, *, #728, .F. ) ;
#2447 = AXIS2_PLACEMENT_3D ( 'NONE', #2391, #2327, #2307 ) ;
#2448 = DIRECTION ( 'NONE',  ( 0.0000000000000000000, -1.000000000000000000, 0.0000000000000000000 ) ) ;
#2449 =( NAMED_UNIT ( * ) SI_UNIT ( $, .STERADIAN. ) SOLID_ANGLE_UNIT ( ) );
#2450 = DIRECTION ( 'NONE',  ( -1.000000000000000000, -1.224606353822377258E-16, -0.0000000000000000000 ) ) ;
#2451 = ORIENTED_EDGE ( 'NONE', *, *, #3144, .F. ) ;
#2452 = AXIS2_PLACEMENT_3D ( 'NONE', #2282, #2281, #2279 ) ;
#2453 = AXIS2_PLACEMENT_3D ( 'NONE', #2317, #2313, #2309 ) ;
#2454 = ORIENTED_EDGE ( 'NONE', *, *, #2968, .F. ) ;
#2455 = ORIENTED_EDGE ( 'NONE', *, *, #359, .F. ) ;
#2456 = VERTEX_POINT ( 'NONE', #592 ) ;
#2457 = DIRECTION ( 'NONE',  ( -1.000000000000000000, -1.224606353822377258E-16, -0.0000000000000000000 ) ) ;
#2458 = CIRCLE ( 'NONE', #2756, 6.000000000000002665 ) ;
#2459 = AXIS2_PLACEMENT_3D ( 'NONE', #2331, #2330, #2322 ) ;
#2460 =( NAMED_UNIT ( * ) PLANE_ANGLE_UNIT ( ) SI_UNIT ( $, .RADIAN. ) );
#2461 = EDGE_LOOP ( 'NONE', ( #809, #736, #647, #512, #399 ) ) ;
#2462 = ORIENTED_EDGE ( 'NONE', *, *, #327, .F. ) ;
#2463 = CARTESIAN_POINT ( 'NONE',  ( 38.69999999999999574, 2.501258477682205392E-15, 0.0000000000000000000 ) ) ;
#2464 = CIRCLE ( 'NONE', #2739, 6.000000000000002665 ) ;
#2465 = EDGE_LOOP ( 'NONE', ( #841, #47, #208, #354, #98 ) ) ;
#2466 = ORIENTED_EDGE ( 'NONE', *, *, #286, .T. ) ;
#2467 = AXIS2_PLACEMENT_3D ( 'NONE', #2357, #2351, #2346 ) ;
#2468 = DIRECTION ( 'NONE',  ( -1.000000000000000000, -1.224606353822377258E-16, -0.0000000000000000000 ) ) ;
#2469 = CARTESIAN_POINT ( 'NONE',  ( 21.22500006683415918, -6.000000000000000888, 7.347880794884123680E-16 ) ) ;
#2470 = CARTESIAN_POINT ( 'NONE',  ( 29.77499993316583016, 2.418597540614639737E-15, 0.0000000000000000000 ) ) ;
#2471 = CIRCLE ( 'NONE', #1678, 5.999999999999904965 ) ;
#2472 = VERTEX_POINT ( 'NONE', #586 ) ;
#2473 = CIRCLE ( 'NONE', #2758, 6.000000000000002665 ) ;
#2474 = CIRCLE ( 'NONE', #2765, 5.036000000000003141 ) ;
#2475 = AXIS2_PLACEMENT_3D ( 'NONE', #2421, #2406, #2399 ) ;
#2476 =( LENGTH_UNIT ( ) NAMED_UNIT ( * ) SI_UNIT ( .MILLI., .METRE. ) );
#2477 = SURFACE_STYLE_USAGE ( .BOTH. , #2485 ) ;
#2478 = LINE ( 'NONE', #2161, #2522 ) ;
#2479 = AXIS2_PLACEMENT_3D ( 'NONE', #2371, #2369, #2367 ) ;
#2480 = CARTESIAN_POINT ( 'NONE',  ( 30.45000000000000284, 5.036000000000005805, 6.167321280506074351E-16 ) ) ;
#2481 = DIRECTION ( 'NONE',  ( -0.5735764363510532649, 0.8191520442889868026, 1.003171929053518707E-16 ) ) ;
#2482 = CIRCLE ( 'NONE', #2766, 6.000000000000002665 ) ;
#2483 = ADVANCED_FACE ( 'NONE', ( #687 ), #644, .T. ) ;
#2484 = PLANE ( 'NONE',  #2475 ) ;
#2485 = SURFACE_SIDE_STYLE ('',( #1453 ) ) ;
#2486 = AXIS2_PLACEMENT_3D ( 'NONE', #3082, #2418, #2417 ) ;
#2487 = DIRECTION ( 'NONE',  ( 1.000000000000000000, 1.224606353822377258E-16, 0.0000000000000000000 ) ) ;
#2488 = ORIENTED_EDGE ( 'NONE', *, *, #3624, .T. ) ;
#2489 = ORIENTED_EDGE ( 'NONE', *, *, #714, .T. ) ;
#2490 = ORIENTED_EDGE ( 'NONE', *, *, #2968, .T. ) ;
#2491 = FILL_AREA_STYLE ('',( #2497 ) ) ;
#2492 = ORIENTED_EDGE ( 'NONE', *, *, #3214, .T. ) ;
#2493 = CIRCLE ( 'NONE', #2774, 5.036000000000003141 ) ;
#2494 = ORIENTED_EDGE ( 'NONE', *, *, #753, .T. ) ;
#2495 = DIRECTION ( 'NONE',  ( -0.5735764363510529318, -0.8191520442889870246, 0.0000000000000000000 ) ) ;
#2496 = LINE ( 'NONE', #1300, #2032 ) ;
#2497 = FILL_AREA_STYLE_COLOUR ( '', #2676 ) ;
#2498 = AXIS2_PLACEMENT_3D ( 'NONE', #2433, #2428, #2427 ) ;
#2499 = VERTEX_POINT ( 'NONE', #533 ) ;
#2500 = CARTESIAN_POINT ( 'NONE',  ( 34.42500006683415847, 2.583919414749769470E-15, 0.0000000000000000000 ) ) ;
#2501 = CIRCLE ( 'NONE', #2784, 6.000000000000002665 ) ;
#2502 = AXIS2_PLACEMENT_3D ( 'NONE', #2463, #2450, #2448 ) ;
#2503 = DIRECTION ( 'NONE',  ( 0.0000000000000000000, -1.000000000000000000, 0.0000000000000000000 ) ) ;
#2504 = CIRCLE ( 'NONE', #2785, 6.000000000000002665 ) ;
#2505 = ADVANCED_BREP_SHAPE_REPRESENTATION ( 'M12X30', ( #1283, #1509 ), #1538 ) ;
#2506 = ORIENTED_EDGE ( 'NONE', *, *, #3244, .F. ) ;
#2507 = ORIENTED_EDGE ( 'NONE', *, *, #2877, .T. ) ;
#2508 = AXIS2_PLACEMENT_3D ( 'NONE', #2500, #2487, #2516 ) ;
#2509 = DIRECTION ( 'NONE',  ( 0.0000000000000000000, -1.000000000000000000, 0.0000000000000000000 ) ) ;
#2510 = AXIS2_PLACEMENT_3D ( 'NONE', #2692, #3096, #2528 ) ;
#2511 = DIRECTION ( 'NONE',  ( -1.000000000000000000, -1.224606353822377258E-16, -0.0000000000000000000 ) ) ;
#2512 = APPLICATION_CONTEXT ( 'automotive_design' ) ;
#2513 = CIRCLE ( 'NONE', #2773, 6.000000000000002665 ) ;
#2514 = ADVANCED_FACE ( 'NONE', ( #664 ), #629, .T. ) ;
#2515 = CARTESIAN_POINT ( 'NONE',  ( 38.02499993316582305, 2.418597540614639737E-15, 0.0000000000000000000 ) ) ;
#2516 = DIRECTION ( 'NONE',  ( 0.0000000000000000000, 1.000000000000000000, 0.0000000000000000000 ) ) ;
#2517 = CIRCLE ( 'NONE', #2789, 6.000000000000002665 ) ;
#2518 = AXIS2_PLACEMENT_3D ( 'NONE', #2515, #2511, #2503 ) ;
#2519 = ADVANCED_FACE ( 'NONE', ( #672, #677 ), #486, .T. ) ;
#2520 = ORIENTED_EDGE ( 'NONE', *, *, #3165, .F. ) ;
#2521 = CARTESIAN_POINT ( 'NONE',  ( 0.0000000000000000000, 2.919948986426539772, 5.057499999999989448 ) ) ;
#2522 = VECTOR ( 'NONE', #2142, 1000.000000000000000 ) ;
#2523 = CIRCLE ( 'NONE', #2788, 6.000000000000002665 ) ;
#2524 = CIRCLE ( 'NONE', #2794, 5.036000000000003141 ) ;
#2525 = VECTOR ( 'NONE', #2745, 1000.000000000000000 ) ;
#2526 = APPLICATION_PROTOCOL_DEFINITION ( 'draft international standard', 'automotive_design', 1998, #2512 ) ;
#2527 =( NAMED_UNIT ( * ) SI_UNIT ( $, .STERADIAN. ) SOLID_ANGLE_UNIT ( ) );
#2528 = DIRECTION ( 'NONE',  ( 0.0000000000000000000, 1.000000000000000000, 0.0000000000000000000 ) ) ;
#2529 = CARTESIAN_POINT ( 'NONE',  ( 30.45000000000000284, -5.036000000000000476, 0.0000000000000000000 ) ) ;
#2530 = AXIS2_PLACEMENT_3D ( 'NONE', #3111, #3104, #3103 ) ;
#2531 = DIRECTION ( 'NONE',  ( 0.0000000000000000000, -1.000000000000000000, 0.0000000000000000000 ) ) ;
#2532 = CARTESIAN_POINT ( 'NONE',  ( 25.50000000000000355, 2.501258477682205392E-15, 0.0000000000000000000 ) ) ;
#2533 = ORIENTED_EDGE ( 'NONE', *, *, #2979, .F. ) ;
#2534 = EDGE_CURVE ( 'NONE', #3508, #941, #635, .T. ) ;
#2535 = EDGE_LOOP ( 'NONE', ( #1482, #1421, #1381, #1338, #1168 ) ) ;
#2536 = DIRECTION ( 'NONE',  ( 0.0000000000000000000, 0.5000000000000011102, 0.8660254037844379305 ) ) ;
#2537 = LINE ( 'NONE', #9, #2575 ) ;
#2538 = DIRECTION ( 'NONE',  ( 0.0000000000000000000, -1.000000000000000000, 0.0000000000000000000 ) ) ;
#2539 =( NAMED_UNIT ( * ) PLANE_ANGLE_UNIT ( ) SI_UNIT ( $, .RADIAN. ) );
#2540 = ORIENTED_EDGE ( 'NONE', *, *, #3152, .T. ) ;
#2541 = AXIS2_PLACEMENT_3D ( 'NONE', #2638, #2646, #2744 ) ;
#2542 = CARTESIAN_POINT ( 'NONE',  ( 37.04999999999999716, 2.501258477682205392E-15, 0.0000000000000000000 ) ) ;
#2543 = EDGE_LOOP ( 'NONE', ( #111, #459 ) ) ;
#2544 =( LENGTH_UNIT ( ) NAMED_UNIT ( * ) SI_UNIT ( .MILLI., .METRE. ) );
#2545 = CIRCLE ( 'NONE', #2797, 5.057500000000000107 ) ;
#2546 = CARTESIAN_POINT ( 'NONE',  ( 17.92500006683415847, 2.583919414749769470E-15, 0.0000000000000000000 ) ) ;
#2547 = AXIS2_PLACEMENT_3D ( 'NONE', #2542, #2647, #2603 ) ;
#2548 = ADVANCED_FACE ( 'NONE', ( #678 ), #596, .T. ) ;
#2549 = CIRCLE ( 'NONE', #2805, 5.057500000000000107 ) ;
#2550 = DIRECTION ( 'NONE',  ( 0.0000000000000000000, 0.8660254037844380415, -0.5000000000000012212 ) ) ;
#2551 = AXIS2_PLACEMENT_3D ( 'NONE', #2546, #2733, #2743 ) ;
#2552 =( GEOMETRIC_REPRESENTATION_CONTEXT ( 3 ) GLOBAL_UNCERTAINTY_ASSIGNED_CONTEXT ( ( #510 ) ) GLOBAL_UNIT_ASSIGNED_CONTEXT ( ( #2677, #2671, #2959 ) ) REPRESENTATION_CONTEXT ( 'NONE', 'WORKASPACE' ) );
#2553 = SHAPE_DEFINITION_REPRESENTATION ( #568, #2505 ) ;
#2554 = MECHANICAL_DESIGN_GEOMETRIC_PRESENTATION_REPRESENTATION (  '', ( #2573 ), #2552 ) ;
#2555 = PRESENTATION_LAYER_ASSIGNMENT (  '', '', ( #2573 ) ) ;
#2556 = VECTOR ( 'NONE', #3504, 999.9999999999998863 ) ;
#2557 = ORIENTED_EDGE ( 'NONE', *, *, #228, .F. ) ;
#2558 = CIRCLE ( 'NONE', #2808, 5.057500000000000107 ) ;
#2559 = CARTESIAN_POINT ( 'NONE',  ( 6.000000000000000000, -2.919948986426525117, 5.057499999999995666 ) ) ;
#2560 = CARTESIAN_POINT ( 'NONE',  ( 0.0000000000000000000, 0.0000000000000000000, 0.0000000000000000000 ) ) ;
#2561 = VECTOR ( 'NONE', #3439, 1000.000000000000000 ) ;
#2562 = CARTESIAN_POINT ( 'NONE',  ( 32.77500006683415990, 2.583919414749769470E-15, 0.0000000000000000000 ) ) ;
#2563 = AXIS2_PLACEMENT_3D ( 'NONE', #2928, #2651, #2583 ) ;
#2564 = LINE ( 'NONE', #3443, #2561 ) ;
#2565 = DIRECTION ( 'NONE',  ( 0.5735764363510452712, -0.8191520442889924647, 1.003171929053525610E-16 ) ) ;
#2566 = LINE ( 'NONE', #3491, #2556 ) ;
#2567 = AXIS2_PLACEMENT_3D ( 'NONE', #2962, #2848, #2886 ) ;
#2568 = ADVANCED_FACE ( 'NONE', ( #617 ), #625, .F. ) ;
#2569 = PLANE ( 'NONE',  #1896 ) ;
#2570 = LINE ( 'NONE', #114, #1333 ) ;
#2571 = VECTOR ( 'NONE', #3447, 1000.000000000000000 ) ;
#2572 = CARTESIAN_POINT ( 'NONE',  ( 0.6000000000000033085, 0.0000000000000000000, 9.000000000000000000 ) ) ;
#2573 = STYLED_ITEM ( 'NONE', ( #1966 ), #616 ) ;
#2574 = ORIENTED_EDGE ( 'NONE', *, *, #51, .T. ) ;
#2575 = VECTOR ( 'NONE', #446, 1000.000000000000000 ) ;
#2576 = LINE ( 'NONE', #3547, #2753 ) ;
#2577 = AXIS2_PLACEMENT_3D ( 'NONE', #2620, #2629, #2608 ) ;
#2578 = CARTESIAN_POINT ( 'NONE',  ( 21.22500006683415918, -6.000000000000000000, 7.347880794884122694E-16 ) ) ;
#2579 = VERTEX_POINT ( 'NONE', #414 ) ;
#2580 = ORIENTED_EDGE ( 'NONE', *, *, #3067, .F. ) ;
#2581 = ADVANCED_FACE ( 'NONE', ( #607 ), #575, .T. ) ;
#2582 = CIRCLE ( 'NONE', #1696, 6.000000000000002665 ) ;
#2583 = DIRECTION ( 'NONE',  ( 0.0000000000000000000, 0.0000000000000000000, 1.000000000000000000 ) ) ;
#2584 = LINE ( 'NONE', #3428, #2571 ) ;
#2585 = AXIS2_PLACEMENT_3D ( 'NONE', #2930, #2887, #2978 ) ;
#2586 = AXIS2_PLACEMENT_3D ( 'NONE', #2875, #2868, #3534 ) ;
#2587 = DIRECTION ( 'NONE',  ( -1.000000000000000000, -0.0000000000000000000, -0.0000000000000000000 ) ) ;
#2588 = CARTESIAN_POINT ( 'NONE',  ( 25.50000000000000355, -5.036000000000000476, 6.757601037695098523E-16 ) ) ;
#2589 = DIRECTION ( 'NONE',  ( 0.0000000000000000000, -1.000000000000000000, 0.0000000000000000000 ) ) ;
#2590 = ORIENTED_EDGE ( 'NONE', *, *, #3332, .T. ) ;
#2591 = CIRCLE ( 'NONE', #2787, 5.036000000000003141 ) ;
#2592 = DIRECTION ( 'NONE',  ( -1.000000000000000000, -1.224606353822377258E-16, -0.0000000000000000000 ) ) ;
#2593 = DIRECTION ( 'NONE',  ( -1.000000000000000000, -1.224606353822377258E-16, -0.0000000000000000000 ) ) ;
#2594 = VECTOR ( 'NONE', #3354, 1000.000000000000000 ) ;
#2595 = CARTESIAN_POINT ( 'NONE',  ( 28.12499993316582803, 2.418597540614639737E-15, 0.0000000000000000000 ) ) ;
#2596 = AXIS2_PLACEMENT_3D ( 'NONE', #2830, #2796, #2827 ) ;
#2597 = AXIS2_PLACEMENT_3D ( 'NONE', #2843, #2836, #2858 ) ;
#2598 = VECTOR ( 'NONE', #3502, 999.9999999999998863 ) ;
#2599 = VECTOR ( 'NONE', #3399, 1000.000000000000000 ) ;
#2600 = CIRCLE ( 'NONE', #1932, 6.000000000000002665 ) ;
#2601 = LINE ( 'NONE', #3412, #2594 ) ;
#2602 = AXIS2_PLACEMENT_3D ( 'NONE', #2802, #2825, #2816 ) ;
#2603 = DIRECTION ( 'NONE',  ( 0.0000000000000000000, -1.000000000000000000, 0.0000000000000000000 ) ) ;
#2604 = AXIS2_PLACEMENT_3D ( 'NONE', #2700, #3053, #3079 ) ;
#2605 = ORIENTED_EDGE ( 'NONE', *, *, #3426, .F. ) ;
#2606 = AXIS2_PLACEMENT_3D ( 'NONE', #2759, #2725, #2750 ) ;
#2607 = VECTOR ( 'NONE', #3402, 1000.000000000000227 ) ;
#2608 = DIRECTION ( 'NONE',  ( 0.0000000000000000000, -1.000000000000000000, 0.0000000000000000000 ) ) ;
#2609 = DIRECTION ( 'NONE',  ( -1.000000000000000000, -1.224606353822377258E-16, -0.0000000000000000000 ) ) ;
#2610 = AXIS2_PLACEMENT_3D ( 'NONE', #1940, #2654, #1574 ) ;
#2611 = AXIS2_PLACEMENT_3D ( 'NONE', #2661, #2749, #2747 ) ;
#2612 = AXIS2_PLACEMENT_3D ( 'NONE', #2792, #2790, #2799 ) ;
#2613 = CARTESIAN_POINT ( 'NONE',  ( 32.77500006683415990, 2.583919414749769470E-15, 0.0000000000000000000 ) ) ;
#2614 = FILL_AREA_STYLE ('',( #2721 ) ) ;
#2615 = LINE ( 'NONE', #3391, #2599 ) ;
#2616 = ADVANCED_FACE ( 'NONE', ( #706 ), #391, .T. ) ;
#2617 = EDGE_LOOP ( 'NONE', ( #1981, #807, #2936, #2179, #2444, #2451 ) ) ;
#2618 = ORIENTED_EDGE ( 'NONE', *, *, #63, .T. ) ;
#2619 = AXIS2_PLACEMENT_3D ( 'NONE', #2562, #2592, #2665 ) ;
#2620 = CARTESIAN_POINT ( 'NONE',  ( 36.37499993316582447, 2.418597540614639737E-15, 0.0000000000000000000 ) ) ;
#2621 = ORIENTED_EDGE ( 'NONE', *, *, #3153, .F. ) ;
#2622 = DIRECTION ( 'NONE',  ( 0.5735764363510452712, -0.8191520442889924647, 1.003171929053525610E-16 ) ) ;
#2623 = DIRECTION ( 'NONE',  ( -1.000000000000000000, -1.224606353822377258E-16, -0.0000000000000000000 ) ) ;
#2624 = VERTEX_POINT ( 'NONE', #367 ) ;
#2625 = LINE ( 'NONE', #3396, #2607 ) ;
#2626 = DIRECTION ( 'NONE',  ( 0.0000000000000000000, -1.000000000000000000, 0.0000000000000000000 ) ) ;
#2627 = AXIS2_PLACEMENT_3D ( 'NONE', #1533, #1500, #1456 ) ;
#2628 = AXIS2_PLACEMENT_3D ( 'NONE', #1536, #1540, #1494 ) ;
#2629 = DIRECTION ( 'NONE',  ( -1.000000000000000000, -1.224606353822377258E-16, -0.0000000000000000000 ) ) ;
#2630 = AXIS2_PLACEMENT_3D ( 'NONE', #1592, #1544, #1597 ) ;
#2631 = DIRECTION ( 'NONE',  ( -1.000000000000000000, -1.224606353822377258E-16, -0.0000000000000000000 ) ) ;
#2632 = CARTESIAN_POINT ( 'NONE',  ( 21.22500006683415918, 2.583919414749769470E-15, 0.0000000000000000000 ) ) ;
#2633 = VECTOR ( 'NONE', #3364, 1000.000000000000000 ) ;
#2634 = AXIS2_PLACEMENT_3D ( 'NONE', #1599, #1584, #3266 ) ;
#2635 = ADVANCED_FACE ( 'NONE', ( #600 ), #531, .T. ) ;
#2636 = DIRECTION ( 'NONE',  ( -1.000000000000000000, -0.0000000000000000000, -0.0000000000000000000 ) ) ;
#2637 = AXIS2_PLACEMENT_3D ( 'NONE', #2951, #3267, #3245 ) ;
#2638 = CARTESIAN_POINT ( 'NONE',  ( -31.74999999999995737, 0.0000000000000000000, 0.0000000000000000000 ) ) ;
#2639 = ORIENTED_EDGE ( 'NONE', *, *, #3426, .T. ) ;
#2640 = AXIS2_PLACEMENT_3D ( 'NONE', #3235, #3457, #3627 ) ;
#2641 = LINE ( 'NONE', #456, #65 ) ;
#2642 = VERTEX_POINT ( 'NONE', #342 ) ;
#2643 = DIRECTION ( 'NONE',  ( -0.5735764363510529318, -0.8191520442889870246, 0.0000000000000000000 ) ) ;
#2644 = LINE ( 'NONE', #3319, #2633 ) ;
#2645 = AXIS2_PLACEMENT_3D ( 'NONE', #3316, #3286, #3314 ) ;
#2646 = DIRECTION ( 'NONE',  ( -1.000000000000000000, -0.0000000000000000000, -0.0000000000000000000 ) ) ;
#2647 = DIRECTION ( 'NONE',  ( -1.000000000000000000, -1.224606353822377258E-16, -0.0000000000000000000 ) ) ;
#2648 = LINE ( 'NONE', #3366, #2660 ) ;
#2649 = VECTOR ( 'NONE', #2145, 1000.000000000000000 ) ;
#2650 = AXIS2_PLACEMENT_3D ( 'NONE', #2995, #3059, #3048 ) ;
#2651 = DIRECTION ( 'NONE',  ( -1.000000000000000000, -0.0000000000000000000, -0.0000000000000000000 ) ) ;
#2652 = AXIS2_PLACEMENT_3D ( 'NONE', #2853, #2821, #2897 ) ;
#2653 = VECTOR ( 'NONE', #3226, 1000.000000000000114 ) ;
#2654 = DIRECTION ( 'NONE',  ( -1.000000000000000000, -0.0000000000000000000, -0.0000000000000000000 ) ) ;
#2655 = DIRECTION ( 'NONE',  ( 0.0000000000000000000, -1.000000000000000000, 0.0000000000000000000 ) ) ;
#2656 = AXIS2_PLACEMENT_3D ( 'NONE', #3091, #3197, #2991 ) ;
#2657 = AXIS2_PLACEMENT_3D ( 'NONE', #3616, #3601, #3658 ) ;
#2658 = CIRCLE ( 'NONE', #1815, 6.000000000000002665 ) ;
#2659 = ADVANCED_FACE ( 'NONE', ( #560 ), #522, .T. ) ;
#2660 = VECTOR ( 'NONE', #3326, 1000.000000000000227 ) ;
#2661 = CARTESIAN_POINT ( 'NONE',  ( 33.07499993316582731, 2.418597540614639737E-15, 0.0000000000000000000 ) ) ;
#2662 = ORIENTED_EDGE ( 'NONE', *, *, #3618, .T. ) ;
#2663 = CIRCLE ( 'NONE', #1820, 6.000000000000002665 ) ;
#2664 = DIRECTION ( 'NONE',  ( -1.000000000000000000, -1.224606353822377258E-16, -0.0000000000000000000 ) ) ;
#2665 = DIRECTION ( 'NONE',  ( 0.0000000000000000000, -1.000000000000000000, 0.0000000000000000000 ) ) ;
#2666 = CARTESIAN_POINT ( 'NONE',  ( 31.12500006683416132, 2.583919414749769470E-15, 0.0000000000000000000 ) ) ;
#2667 = CONICAL_SURFACE ( 'NONE', #1668, 6.000000000000002665, 0.9599310885968824758 ) ;
#2668 = VECTOR ( 'NONE', #3321, 1000.000000000000114 ) ;
#2669 = VERTEX_POINT ( 'NONE', #323 ) ;
#2670 = ORIENTED_EDGE ( 'NONE', *, *, #3162, .T. ) ;
#2671 =( NAMED_UNIT ( * ) PLANE_ANGLE_UNIT ( ) SI_UNIT ( $, .RADIAN. ) );
#2672 = CARTESIAN_POINT ( 'NONE',  ( 41.99999999999999289, 6.167321280506070407E-16, -5.035999999999999588 ) ) ;
#2673 = AXIS2_PLACEMENT_3D ( 'NONE', #3242, #2965, #2882 ) ;
#2674 = CARTESIAN_POINT ( 'NONE',  ( 31.12500006683416132, -6.000000000000000000, 7.347880794884122694E-16 ) ) ;
#2675 = LINE ( 'NONE', #3466, #2598 ) ;
#2676 = COLOUR_RGB ( '',0.7764705882352941346, 0.7568627450980391913, 0.7372549019607843590 ) ;
#2677 =( LENGTH_UNIT ( ) NAMED_UNIT ( * ) SI_UNIT ( .MILLI., .METRE. ) );
#2678 = ADVANCED_FACE ( 'NONE', ( #525 ), #614, .T. ) ;
#2679 = ORIENTED_EDGE ( 'NONE', *, *, #3473, .F. ) ;
#2680 = AXIS2_PLACEMENT_3D ( 'NONE', #2966, #3517, #3536 ) ;
#2681 = AXIS2_PLACEMENT_3D ( 'NONE', #3371, #3125, #3554 ) ;
#2682 = ADVANCED_FACE ( 'NONE', ( #542 ), #495, .T. ) ;
#2683 = VERTEX_POINT ( 'NONE', #300 ) ;
#2684 = ADVANCED_FACE ( 'NONE', ( #478 ), #475, .T. ) ;
#2685 = SURFACE_STYLE_USAGE ( .BOTH. , #2937 ) ;
#2686 = CARTESIAN_POINT ( 'NONE',  ( 27.82500006683415705, -6.000000000000000000, 7.347880794884122694E-16 ) ) ;
#2687 = VECTOR ( 'NONE', #3300, 1000.000000000000000 ) ;
#2688 = AXIS2_PLACEMENT_3D ( 'NONE', #3609, #3612, #3577 ) ;
#2689 = DIRECTION ( 'NONE',  ( 0.5735764363510452712, -0.8191520442889924647, 1.003171929053525610E-16 ) ) ;
#2690 = ORIENTED_EDGE ( 'NONE', *, *, #452, .T. ) ;
#2691 = DIRECTION ( 'NONE',  ( -1.000000000000000000, -1.224606353822377258E-16, -0.0000000000000000000 ) ) ;
#2692 = CARTESIAN_POINT ( 'NONE',  ( 21.22500006683415918, 2.583919414749769470E-15, 0.0000000000000000000 ) ) ;
#2693 = LINE ( 'NONE', #3310, #2668 ) ;
#2694 = VECTOR ( 'NONE', #3277, 1000.000000000000000 ) ;
#2695 = DIRECTION ( 'NONE',  ( 0.0000000000000000000, 0.0000000000000000000, 1.000000000000000000 ) ) ;
#2696 = DIRECTION ( 'NONE',  ( 0.0000000000000000000, -1.000000000000000000, 0.0000000000000000000 ) ) ;
#2697 = AXIS2_PLACEMENT_3D ( 'NONE', #3143, #3139, #3498 ) ;
#2698 = LINE ( 'NONE', #3273, #2694 ) ;
#2699 = VECTOR ( 'NONE', #2703, 1000.000000000000000 ) ;
#2700 = CARTESIAN_POINT ( 'NONE',  ( -31.74999999999995737, 0.0000000000000000000, 0.0000000000000000000 ) ) ;
#2701 = DIRECTION ( 'NONE',  ( -1.000000000000000000, -1.224606353822377258E-16, -0.0000000000000000000 ) ) ;
#2702 = VECTOR ( 'NONE', #3257, 1000.000000000000000 ) ;
#2703 = DIRECTION ( 'NONE',  ( -1.000000000000000000, -0.0000000000000000000, -0.0000000000000000000 ) ) ;
#2704 = DIRECTION ( 'NONE',  ( -1.000000000000000000, -1.224606353822377258E-16, -0.0000000000000000000 ) ) ;
#2705 = AXIS2_PLACEMENT_3D ( 'NONE', #3435, #2834, #3344 ) ;
#2706 = DIRECTION ( 'NONE',  ( -1.000000000000000000, -1.224606353822377258E-16, -0.0000000000000000000 ) ) ;
#2707 = VECTOR ( 'NONE', #140, 999.9999999999998863 ) ;
#2708 = ADVANCED_FACE ( 'NONE', ( #501 ), #461, .T. ) ;
#2709 = LINE ( 'NONE', #3219, #2702 ) ;
#2710 = AXIS2_PLACEMENT_3D ( 'NONE', #3250, #3029, #3002 ) ;
#2711 = ORIENTED_EDGE ( 'NONE', *, *, #376, .T. ) ;
#2712 = AXIS2_PLACEMENT_3D ( 'NONE', #3088, #3060, #3406 ) ;
#2713 = ORIENTED_EDGE ( 'NONE', *, *, #1458, .T. ) ;
#2714 = CARTESIAN_POINT ( 'NONE',  ( -31.74999999999995737, 0.0000000000000000000, 0.0000000000000000000 ) ) ;
#2715 = EDGE_LOOP ( 'NONE', ( #2033, #3362, #1671, #1262 ) ) ;
#2716 = ORIENTED_EDGE ( 'NONE', *, *, #3011, .T. ) ;
#2717 = AXIS2_PLACEMENT_3D ( 'NONE', #3388, #3335, #3481 ) ;
#2718 = AXIS2_PLACEMENT_3D ( 'NONE', #3038, #2770, #3019 ) ;
#2719 = ORIENTED_EDGE ( 'NONE', *, *, #2910, .F. ) ;
#2720 = CARTESIAN_POINT ( 'NONE',  ( 34.72499993316582589, 2.418597540614639737E-15, 0.0000000000000000000 ) ) ;
#2721 = FILL_AREA_STYLE_COLOUR ( '', #2023 ) ;
#2722 = CIRCLE ( 'NONE', #2810, 6.000000000000002665 ) ;
#2723 = ORIENTED_EDGE ( 'NONE', *, *, #472, .F. ) ;
#2724 = AXIS2_PLACEMENT_3D ( 'NONE', #2813, #3541, #3070 ) ;
#2725 = DIRECTION ( 'NONE',  ( -1.000000000000000000, -1.224606353822377258E-16, -0.0000000000000000000 ) ) ;
#2726 = ORIENTED_EDGE ( 'NONE', *, *, #3127, .F. ) ;
#2727 = VECTOR ( 'NONE', #3220, 1000.000000000000000 ) ;
#2728 = AXIS2_PLACEMENT_3D ( 'NONE', #2870, #3353, #3348 ) ;
#2729 = ORIENTED_EDGE ( 'NONE', *, *, #234, .F. ) ;
#2730 = CARTESIAN_POINT ( 'NONE',  ( 23.85000000000000142, 2.501258477682205392E-15, 0.0000000000000000000 ) ) ;
#2731 = AXIS2_PLACEMENT_3D ( 'NONE', #2532, #3024, #3005 ) ;
#2732 = ORIENTED_EDGE ( 'NONE', *, *, #650, .T. ) ;
#2733 = DIRECTION ( 'NONE',  ( 1.000000000000000000, 1.224606353822377258E-16, 0.0000000000000000000 ) ) ;
#2734 = CARTESIAN_POINT ( 'NONE',  ( -31.74999999999995737, 7.347880794884060572E-16, -5.999999999999952038 ) ) ;
#2735 = VERTEX_POINT ( 'NONE', #244 ) ;
#2736 = CARTESIAN_POINT ( 'NONE',  ( 24.52500006683415990, 2.583919414749769470E-15, 0.0000000000000000000 ) ) ;
#2737 = CARTESIAN_POINT ( 'NONE',  ( 41.02500006683415279, 2.583919414749769470E-15, 0.0000000000000000000 ) ) ;
#2738 = DIRECTION ( 'NONE',  ( 0.0000000000000000000, -1.000000000000000000, 0.0000000000000000000 ) ) ;
#2739 = AXIS2_PLACEMENT_3D ( 'NONE', #2982, #3073, #2538 ) ;
#2740 = FACE_OUTER_BOUND ( 'NONE', #984, .T. ) ;
#2741 = LINE ( 'NONE', #3252, #2687 ) ;
#2742 = DIRECTION ( 'NONE',  ( -0.7071067811865999753, 8.659560562354290676E-17, -0.7071067811864950592 ) ) ;
#2743 = DIRECTION ( 'NONE',  ( 0.0000000000000000000, 1.000000000000000000, 0.0000000000000000000 ) ) ;
#2744 = DIRECTION ( 'NONE',  ( 0.0000000000000000000, 0.0000000000000000000, 1.000000000000000000 ) ) ;
#2745 = DIRECTION ( 'NONE',  ( -1.000000000000000000, -0.0000000000000000000, -0.0000000000000000000 ) ) ;
#2746 = AXIS2_PLACEMENT_3D ( 'NONE', #2736, #2706, #2777 ) ;
#2747 = DIRECTION ( 'NONE',  ( 0.0000000000000000000, -1.000000000000000000, 0.0000000000000000000 ) ) ;
#2748 = CARTESIAN_POINT ( 'NONE',  ( 20.55000000000000071, -5.036000000000000476, 0.0000000000000000000 ) ) ;
#2749 = DIRECTION ( 'NONE',  ( -1.000000000000000000, -1.224606353822377258E-16, -0.0000000000000000000 ) ) ;
#2750 = DIRECTION ( 'NONE',  ( 0.0000000000000000000, -1.000000000000000000, 0.0000000000000000000 ) ) ;
#2751 = CARTESIAN_POINT ( 'NONE',  ( -31.74999999999995737, 0.0000000000000000000, 5.999999999999952038 ) ) ;
#2752 = VECTOR ( 'NONE', #518, 999.9999999999998863 ) ;
#2753 = VECTOR ( 'NONE', #3512, 999.9999999999998863 ) ;
#2754 = CARTESIAN_POINT ( 'NONE',  ( 39.37500006683415421, -6.000000000000000000, 7.347880794884122694E-16 ) ) ;
#2755 = AXIS2_PLACEMENT_3D ( 'NONE', #2730, #2701, #2738 ) ;
#2756 = AXIS2_PLACEMENT_3D ( 'NONE', #428, #362, #442 ) ;
#2757 = VERTEX_POINT ( 'NONE', #285 ) ;
#2758 = AXIS2_PLACEMENT_3D ( 'NONE', #383, #381, #421 ) ;
#2759 = CARTESIAN_POINT ( 'NONE',  ( 25.50000000000000355, 2.501258477682205392E-15, 0.0000000000000000000 ) ) ;
#2760 = DIRECTION ( 'NONE',  ( 0.0000000000000000000, -1.000000000000000000, 0.0000000000000000000 ) ) ;
#2761 = CARTESIAN_POINT ( 'NONE',  ( 36.37499993316582447, 6.000000000000006217, 7.347880794884123680E-16 ) ) ;
#2762 = EDGE_LOOP ( 'NONE', ( #2365, #3036, #619 ) ) ;
#2763 = ORIENTED_EDGE ( 'NONE', *, *, #2990, .T. ) ;
#2764 = VECTOR ( 'NONE', #2859, 999.9999999999998863 ) ;
#2765 = AXIS2_PLACEMENT_3D ( 'NONE', #279, #334, #356 ) ;
#2766 = AXIS2_PLACEMENT_3D ( 'NONE', #270, #264, #296 ) ;
#2767 = ORIENTED_EDGE ( 'NONE', *, *, #351, .F. ) ;
#2768 = CIRCLE ( 'NONE', #1697, 6.000000000000002665 ) ;
#2769 = CARTESIAN_POINT ( 'NONE',  ( 39.37500006683415421, 2.583919414749769470E-15, 0.0000000000000000000 ) ) ;
#2770 = DIRECTION ( 'NONE',  ( -1.000000000000000000, -0.0000000000000000000, -0.0000000000000000000 ) ) ;
#2771 = CARTESIAN_POINT ( 'NONE',  ( 19.87499993316583158, -5.999999999999999112, 0.0000000000000000000 ) ) ;
#2772 = ORIENTED_EDGE ( 'NONE', *, *, #3324, .F. ) ;
#2773 = AXIS2_PLACEMENT_3D ( 'NONE', #237, #240, #199 ) ;
#2774 = AXIS2_PLACEMENT_3D ( 'NONE', #148, #204, #210 ) ;
#2775 = VECTOR ( 'NONE', #3192, 1000.000000000000227 ) ;
#2776 = DIRECTION ( 'NONE',  ( 0.0000000000000000000, 0.0000000000000000000, 1.000000000000000000 ) ) ;
#2777 = DIRECTION ( 'NONE',  ( 0.0000000000000000000, -1.000000000000000000, 0.0000000000000000000 ) ) ;
#2778 = ADVANCED_FACE ( 'NONE', ( #547 ), #447, .T. ) ;
#2779 = LINE ( 'NONE', #3296, #2653 ) ;
#2780 = CARTESIAN_POINT ( 'NONE',  ( 12.00000000000000000, 0.0000000000000000000, -6.599999999999952571 ) ) ;
#2781 = CIRCLE ( 'NONE', #1906, 6.000000000000002665 ) ;
#2782 = LINE ( 'NONE', #3216, #2727 ) ;
#2783 =( NAMED_UNIT ( * ) SI_UNIT ( $, .STERADIAN. ) SOLID_ANGLE_UNIT ( ) );
#2784 = AXIS2_PLACEMENT_3D ( 'NONE', #107, #78, #154 ) ;
#2785 = AXIS2_PLACEMENT_3D ( 'NONE', #57, #61, #83 ) ;
#2786 = VECTOR ( 'NONE', #2565, 999.9999999999998863 ) ;
#2787 = AXIS2_PLACEMENT_3D ( 'NONE', #20, #92, #62 ) ;
#2788 = AXIS2_PLACEMENT_3D ( 'NONE', #3650, #3653, #3660 ) ;
#2789 = AXIS2_PLACEMENT_3D ( 'NONE', #3631, #3633, #3642 ) ;
#2790 = DIRECTION ( 'NONE',  ( -1.000000000000000000, -1.224606353822377258E-16, -0.0000000000000000000 ) ) ;
#2791 = VECTOR ( 'NONE', #3188, 1000.000000000000000 ) ;
#2792 = CARTESIAN_POINT ( 'NONE',  ( 33.75000000000000000, 2.501258477682205392E-15, 0.0000000000000000000 ) ) ;
#2793 =( NAMED_UNIT ( * ) PLANE_ANGLE_UNIT ( ) SI_UNIT ( $, .RADIAN. ) );
#2794 = AXIS2_PLACEMENT_3D ( 'NONE', #3595, #3605, #3607 ) ;
#2795 = ORIENTED_EDGE ( 'NONE', *, *, #2942, .F. ) ;
#2796 = DIRECTION ( 'NONE',  ( 1.000000000000000000, 1.224606353822377258E-16, 0.0000000000000000000 ) ) ;
#2797 = AXIS2_PLACEMENT_3D ( 'NONE', #3580, #3582, #3584 ) ;
#2798 = CARTESIAN_POINT ( 'NONE',  ( -31.74999999999995737, 7.347880794884060572E-16, -5.999999999999952038 ) ) ;
#2799 = DIRECTION ( 'NONE',  ( 0.0000000000000000000, -1.000000000000000000, 0.0000000000000000000 ) ) ;
#2800 = ORIENTED_EDGE ( 'NONE', *, *, #753, .F. ) ;
#2801 = ORIENTED_EDGE ( 'NONE', *, *, #418, .T. ) ;
#2802 = CARTESIAN_POINT ( 'NONE',  ( 34.42500006683415847, 2.583919414749769470E-15, 0.0000000000000000000 ) ) ;
#2803 = DIRECTION ( 'NONE',  ( -1.000000000000000000, -1.224606353822377258E-16, -0.0000000000000000000 ) ) ;
#2804 = EDGE_LOOP ( 'NONE', ( #2574, #2618, #2713, #2832 ) ) ;
#2805 = AXIS2_PLACEMENT_3D ( 'NONE', #3559, #3562, #3568 ) ;
#2806 = ORIENTED_EDGE ( 'NONE', *, *, #1312, .F. ) ;
#2807 = DIRECTION ( 'NONE',  ( 0.5735764363510452712, -0.8191520442889924647, 1.003171929053525610E-16 ) ) ;
#2808 = AXIS2_PLACEMENT_3D ( 'NONE', #3523, #3528, #3531 ) ;
#2809 = DIRECTION ( 'NONE',  ( 0.0000000000000000000, -1.000000000000000000, 0.0000000000000000000 ) ) ;
#2810 = AXIS2_PLACEMENT_3D ( 'NONE', #3282, #3290, #3291 ) ;
#2811 =( LENGTH_UNIT ( ) NAMED_UNIT ( * ) SI_UNIT ( .MILLI., .METRE. ) );
#2812 = AXIS2_PLACEMENT_3D ( 'NONE', #3178, #3180, #3182 ) ;
#2813 = CARTESIAN_POINT ( 'NONE',  ( 26.17500006683415847, 2.583919414749769470E-15, 0.0000000000000000000 ) ) ;
#2814 = SURFACE_STYLE_USAGE ( .BOTH. , #2833 ) ;
#2815 = ORIENTED_EDGE ( 'NONE', *, *, #3569, .F. ) ;
#2816 = DIRECTION ( 'NONE',  ( 0.0000000000000000000, -1.000000000000000000, 0.0000000000000000000 ) ) ;
#2817 = AXIS2_PLACEMENT_3D ( 'NONE', #3155, #3156, #3166 ) ;
#2818 = AXIS2_PLACEMENT_3D ( 'NONE', #3548, #171, #3136 ) ;
#2819 = ADVANCED_FACE ( 'NONE', ( #466 ), #574, .T. ) ;
#2820 = VECTOR ( 'NONE', #2742, 1000.000000000000000 ) ;
#2821 = DIRECTION ( 'NONE',  ( -1.000000000000000000, -1.224606353822377258E-16, -0.0000000000000000000 ) ) ;
#2822 = LINE ( 'NONE', #3141, #2791 ) ;
#2823 = FACE_OUTER_BOUND ( 'NONE', #730, .T. ) ;
#2824 = VECTOR ( 'NONE', #2636, 1000.000000000000000 ) ;
#2825 = DIRECTION ( 'NONE',  ( -1.000000000000000000, -1.224606353822377258E-16, -0.0000000000000000000 ) ) ;
#2826 = AXIS2_PLACEMENT_3D ( 'NONE', #1434, #1399, #643 ) ;
#2827 = DIRECTION ( 'NONE',  ( 0.0000000000000000000, 1.000000000000000000, 0.0000000000000000000 ) ) ;
#2828 = AXIS2_PLACEMENT_3D ( 'NONE', #1432, #1396, #1436 ) ;
#2829 = LINE ( 'NONE', #3174, #2857 ) ;
#2830 = CARTESIAN_POINT ( 'NONE',  ( 39.37500006683415421, 2.583919414749769470E-15, 0.0000000000000000000 ) ) ;
#2831 = AXIS2_PLACEMENT_3D ( 'NONE', #1216, #1118, #1060 ) ;
#2832 = ORIENTED_EDGE ( 'NONE', *, *, #70, .F. ) ;
#2833 = SURFACE_SIDE_STYLE ('',( #1250 ) ) ;
#2834 = DIRECTION ( 'NONE',  ( -1.000000000000000000, -0.0000000000000000000, -0.0000000000000000000 ) ) ;
#2835 = LINE ( 'NONE', #3173, #2775 ) ;
#2836 = DIRECTION ( 'NONE',  ( -1.000000000000000000, -1.224606353822377258E-16, -0.0000000000000000000 ) ) ;
#2837 = AXIS2_PLACEMENT_3D ( 'NONE', #1271, #1169, #1251 ) ;
#2838 = ORIENTED_EDGE ( 'NONE', *, *, #3196, .T. ) ;
#2839 = CIRCLE ( 'NONE', #2812, 9.000000000000000000 ) ;
#2840 = VERTEX_POINT ( 'NONE', #176 ) ;
#2841 = AXIS2_PLACEMENT_3D ( 'NONE', #1321, #1303, #1547 ) ;
#2842 = AXIS2_PLACEMENT_3D ( 'NONE', #1285, #1207, #1320 ) ;
#2843 = CARTESIAN_POINT ( 'NONE',  ( 34.72499993316582589, 2.418597540614639737E-15, 0.0000000000000000000 ) ) ;
#2844 = CIRCLE ( 'NONE', #1582, 6.000000000000002665 ) ;
#2845 = FILL_AREA_STYLE ('',( #2867 ) ) ;
#2846 = DIRECTION ( 'NONE',  ( 0.0000000000000000000, -1.000000000000000000, 0.0000000000000000000 ) ) ;
#2847 = AXIS2_PLACEMENT_3D ( 'NONE', #1365, #1327, #1350 ) ;
#2848 = DIRECTION ( 'NONE',  ( -1.000000000000000000, -0.0000000000000000000, -0.0000000000000000000 ) ) ;
#2849 = ORIENTED_EDGE ( 'NONE', *, *, #3004, .F. ) ;
#2850 = AXIS2_PLACEMENT_3D ( 'NONE', #2194, #2175, #939 ) ;
#2851 = CIRCLE ( 'NONE', #2817, 9.000000000000000000 ) ;
#2852 = CARTESIAN_POINT ( 'NONE',  ( 39.67499993316582163, 2.418597540614639737E-15, 0.0000000000000000000 ) ) ;
#2853 = CARTESIAN_POINT ( 'NONE',  ( 30.45000000000000284, 2.501258477682205392E-15, 0.0000000000000000000 ) ) ;
#2854 = ORIENTED_EDGE ( 'NONE', *, *, #3068, .F. ) ;
#2855 = VECTOR ( 'NONE', #544, 1000.000000000000000 ) ;
#2856 = DIRECTION ( 'NONE',  ( -1.000000000000000000, -1.224606353822377258E-16, -0.0000000000000000000 ) ) ;
#2857 = VECTOR ( 'NONE', #3209, 1000.000000000000227 ) ;
#2858 = DIRECTION ( 'NONE',  ( 0.0000000000000000000, -1.000000000000000000, 0.0000000000000000000 ) ) ;
#2859 = DIRECTION ( 'NONE',  ( -0.5735764363510532649, 0.8191520442889868026, 1.003171929053518707E-16 ) ) ;
#2860 = CIRCLE ( 'NONE', #2826, 6.000000000000002665 ) ;
#2861 = AXIS2_PLACEMENT_3D ( 'NONE', #2174, #2160, #2150 ) ;
#2862 = CARTESIAN_POINT ( 'NONE',  ( 19.87499993316583158, 2.418597540614639737E-15, 0.0000000000000000000 ) ) ;
#2863 = VECTOR ( 'NONE', #988, 999.9999999999998863 ) ;
#2864 = AXIS2_PLACEMENT_3D ( 'NONE', #2137, #2183, #2177 ) ;
#2865 = AXIS2_PLACEMENT_3D ( 'NONE', #2222, #2129, #2063 ) ;
#2866 = ORIENTED_EDGE ( 'NONE', *, *, #3041, .T. ) ;
#2867 = FILL_AREA_STYLE_COLOUR ( '', #1624 ) ;
#2868 = DIRECTION ( 'NONE',  ( -1.000000000000000000, -1.224606353822377258E-16, -0.0000000000000000000 ) ) ;
#2869 = AXIS2_PLACEMENT_3D ( 'NONE', #2273, #2286, #2268 ) ;
#2870 = CARTESIAN_POINT ( 'NONE',  ( 26.47499993316582945, 2.418597540614639737E-15, 0.0000000000000000000 ) ) ;
#2871 = AXIS2_PLACEMENT_3D ( 'NONE', #2344, #2325, #2355 ) ;
#2872 = AXIS2_PLACEMENT_3D ( 'NONE', #1912, #1970, #1995 ) ;
#2873 = DIRECTION ( 'NONE',  ( 0.0000000000000000000, -1.000000000000000000, 0.0000000000000000000 ) ) ;
#2874 = FACE_OUTER_BOUND ( 'NONE', #2415, .T. ) ;
#2875 = CARTESIAN_POINT ( 'NONE',  ( 35.39999999999999858, 2.501258477682205392E-15, 0.0000000000000000000 ) ) ;
#2876 = VERTEX_POINT ( 'NONE', #182 ) ;
#2877 = EDGE_CURVE ( 'NONE', #2020, #249, #582, .T. ) ;
#2878 = ORIENTED_EDGE ( 'NONE', *, *, #178, .T. ) ;
#2879 = ORIENTED_EDGE ( 'NONE', *, *, #3039, .F. ) ;
#2880 = EDGE_LOOP ( 'NONE', ( #2462, #1101, #3641 ) ) ;
#2881 = CIRCLE ( 'NONE', #2828, 8.400000000000000355 ) ;
#2882 = DIRECTION ( 'NONE',  ( 0.0000000000000000000, -1.000000000000000000, 0.0000000000000000000 ) ) ;
#2883 = CARTESIAN_POINT ( 'NONE',  ( -31.74999999999995737, 0.0000000000000000000, 0.0000000000000000000 ) ) ;
#2884 = ORIENTED_EDGE ( 'NONE', *, *, #515, .T. ) ;
#2885 = EDGE_CURVE ( 'NONE', #457, #1173, #513, .T. ) ;
#2886 = DIRECTION ( 'NONE',  ( 0.0000000000000000000, 0.0000000000000000000, 1.000000000000000000 ) ) ;
#2887 = DIRECTION ( 'NONE',  ( -1.000000000000000000, -1.224606353822377258E-16, -0.0000000000000000000 ) ) ;
#2888 = ORIENTED_EDGE ( 'NONE', *, *, #2943, .F. ) ;
#2889 = EDGE_CURVE ( 'NONE', #3649, #2258, #433, .T. ) ;
#2890 = EDGE_CURVE ( 'NONE', #2933, #2840, #506, .T. ) ;
#2891 = VECTOR ( 'NONE', #1020, 1000.000000000000000 ) ;
#2892 = DIRECTION ( 'NONE',  ( 0.0000000000000000000, -1.000000000000000000, 0.0000000000000000000 ) ) ;
#2893 = CIRCLE ( 'NONE', #1545, 6.000000000000002665 ) ;
#2894 = EDGE_CURVE ( 'NONE', #2308, #701, #423, .T. ) ;
#2895 = EDGE_LOOP ( 'NONE', ( #880, #3476, #2884, #409, #1571 ) ) ;
#2896 = CARTESIAN_POINT ( 'NONE',  ( 41.02500006683415279, 6.000000000000005329, 0.0000000000000000000 ) ) ;
#2897 = DIRECTION ( 'NONE',  ( 0.0000000000000000000, -1.000000000000000000, 0.0000000000000000000 ) ) ;
#2898 = CARTESIAN_POINT ( 'NONE',  ( 27.15000000000000213, 2.501258477682205392E-15, 0.0000000000000000000 ) ) ;
#2899 = EDGE_CURVE ( 'NONE', #449, #2308, #420, .T. ) ;
#2900 = EDGE_CURVE ( 'NONE', #3460, #3585, #403, .T. ) ;
#2901 = EDGE_CURVE ( 'NONE', #1247, #483, #415, .T. ) ;
#2902 = DIRECTION ( 'NONE',  ( -1.000000000000000000, -1.224606353822377258E-16, -0.0000000000000000000 ) ) ;
#2903 = CIRCLE ( 'NONE', #2818, 6.599999999999952571 ) ;
#2904 = ADVANCED_FACE ( 'NONE', ( #377 ), #355, .T. ) ;
#2905 = VECTOR ( 'NONE', #1030, 1000.000000000000227 ) ;
#2906 = LINE ( 'NONE', #2734, #2525 ) ;
#2907 = LINE ( 'NONE', #1484, #2863 ) ;
#2908 = EDGE_CURVE ( 'NONE', #3585, #155, #364, .T. ) ;
#2909 = CARTESIAN_POINT ( 'NONE',  ( 16.57499993316583087, 2.418597540614639737E-15, 0.0000000000000000000 ) ) ;
#2910 = EDGE_CURVE ( 'NONE', #498, #348, #378, .T. ) ;
#2911 = DIRECTION ( 'NONE',  ( -0.5735764363510532649, 0.8191520442889868026, 1.003171929053518707E-16 ) ) ;
#2912 = EDGE_CURVE ( 'NONE', #871, #147, #389, .T. ) ;
#2913 = LINE ( 'NONE', #2798, #2824 ) ;
#2914 = CARTESIAN_POINT ( 'NONE',  ( 22.87500006683415776, -2.195560136601448872E-29, 6.000000000000002665 ) ) ;
#2915 = EDGE_LOOP ( 'NONE', ( #1334, #1410, #2237, #2454, #129, #1748 ) ) ;
#2916 = DIRECTION ( 'NONE',  ( -1.000000000000000000, -0.0000000000000000000, -0.0000000000000000000 ) ) ;
#2917 = EDGE_CURVE ( 'NONE', #1899, #871, #392, .T. ) ;
#2918 = EDGE_CURVE ( 'NONE', #1006, #1899, #340, .T. ) ;
#2919 = LINE ( 'NONE', #3302, #2338 ) ;
#2920 = EDGE_CURVE ( 'NONE', #1006, #3298, #333, .T. ) ;
#2921 = DIRECTION ( 'NONE',  ( 0.0000000000000000000, -1.000000000000000000, 0.0000000000000000000 ) ) ;
#2922 = CARTESIAN_POINT ( 'NONE',  ( 12.00000000000000355, 0.0000000000000000000, 9.000000000000000000 ) ) ;
#2923 = ORIENTED_EDGE ( 'NONE', *, *, #3142, .T. ) ;
#2924 = EDGE_CURVE ( 'NONE', #1945, #1710, #350, .T. ) ;
#2925 = EDGE_CURVE ( 'NONE', #1710, #701, #318, .T. ) ;
#2926 = DIRECTION ( 'NONE',  ( -1.000000000000000000, -1.224606353822377258E-16, -0.0000000000000000000 ) ) ;
#2927 = VECTOR ( 'NONE', #477, 1000.000000000000000 ) ;
#2928 = CARTESIAN_POINT ( 'NONE',  ( -31.74999999999995737, 0.0000000000000000000, 0.0000000000000000000 ) ) ;
#2929 = CARTESIAN_POINT ( 'NONE',  ( 40.34999999999999432, 5.036000000000005805, 6.167321280506074351E-16 ) ) ;
#2930 = CARTESIAN_POINT ( 'NONE',  ( 36.07500006683415705, 2.583919414749769470E-15, 0.0000000000000000000 ) ) ;
#2931 = EDGE_CURVE ( 'NONE', #1246, #306, #292, .T. ) ;
#2932 = LINE ( 'NONE', #474, #2752 ) ;
#2933 = VERTEX_POINT ( 'NONE', #1380 ) ;
#2934 = DIRECTION ( 'NONE',  ( -1.000000000000000000, -0.0000000000000000000, -0.0000000000000000000 ) ) ;
#2935 = CARTESIAN_POINT ( 'NONE',  ( -31.74999999999995737, 0.0000000000000000000, 5.999999999999952038 ) ) ;
#2936 = ORIENTED_EDGE ( 'NONE', *, *, #3133, .T. ) ;
#2937 = SURFACE_SIDE_STYLE ('',( #2051 ) ) ;
#2938 = ORIENTED_EDGE ( 'NONE', *, *, #759, .F. ) ;
#2939 = DIRECTION ( 'NONE',  ( -1.000000000000000000, -1.224606353822377258E-16, -0.0000000000000000000 ) ) ;
#2940 = VECTOR ( 'NONE', #2587, 1000.000000000000000 ) ;
#2941 = FACE_OUTER_BOUND ( 'NONE', #962, .T. ) ;
#2942 = EDGE_CURVE ( 'NONE', #1945, #449, #271, .T. ) ;
#2943 = EDGE_CURVE ( 'NONE', #1945, #3276, #227, .T. ) ;
#2944 = ORIENTED_EDGE ( 'NONE', *, *, #2910, .T. ) ;
#2945 = DIRECTION ( 'NONE',  ( 0.0000000000000000000, -1.000000000000000000, 0.0000000000000000000 ) ) ;
#2946 = EDGE_CURVE ( 'NONE', #3276, #306, #232, .T. ) ;
#2947 = CARTESIAN_POINT ( 'NONE',  ( 38.02499993316582305, 6.000000000000006217, 7.347880794884123680E-16 ) ) ;
#2948 = EDGE_LOOP ( 'NONE', ( #2938, #924, #2078, #3611, #1844, #3323 ) ) ;
#2949 = ORIENTED_EDGE ( 'NONE', *, *, #3241, .F. ) ;
#2950 = VECTOR ( 'NONE', #1099, 1000.000000000000114 ) ;
#2951 = CARTESIAN_POINT ( 'NONE',  ( 32.77500006683415990, 2.583919414749769470E-15, 0.0000000000000000000 ) ) ;
#2952 = DIRECTION ( 'NONE',  ( -0.7071067811865999753, 0.0000000000000000000, 0.7071067811864950592 ) ) ;
#2953 = EDGE_CURVE ( 'NONE', #1006, #1798, #214, .T. ) ;
#2954 = EDGE_CURVE ( 'NONE', #3298, #498, #222, .T. ) ;
#2955 = EDGE_CURVE ( 'NONE', #1876, #2456, #205, .T. ) ;
#2956 = LINE ( 'NONE', #1083, #2891 ) ;
#2957 = DIRECTION ( 'NONE',  ( 1.000000000000000000, 1.224606353822377258E-16, 0.0000000000000000000 ) ) ;
#2958 = EDGE_CURVE ( 'NONE', #143, #2020, #211, .T. ) ;
#2959 =( NAMED_UNIT ( * ) SI_UNIT ( $, .STERADIAN. ) SOLID_ANGLE_UNIT ( ) );
#2960 = EDGE_CURVE ( 'NONE', #1246, #891, #196, .T. ) ;
#2961 = ADVANCED_FACE ( 'NONE', ( #190 ), #135, .T. ) ;
#2962 = CARTESIAN_POINT ( 'NONE',  ( -31.74999999999995737, 0.0000000000000000000, 0.0000000000000000000 ) ) ;
#2963 = DIRECTION ( 'NONE',  ( -1.000000000000000000, -1.224606353822377258E-16, -0.0000000000000000000 ) ) ;
#2964 = EDGE_CURVE ( 'NONE', #2308, #3460, #179, .T. ) ;
#2965 = DIRECTION ( 'NONE',  ( -1.000000000000000000, -1.224606353822377258E-16, -0.0000000000000000000 ) ) ;
#2966 = CARTESIAN_POINT ( 'NONE',  ( 41.02500006683415279, 2.583919414749769470E-15, 0.0000000000000000000 ) ) ;
#2967 = VECTOR ( 'NONE', #1120, 1000.000000000000000 ) ;
#2968 = EDGE_CURVE ( 'NONE', #1733, #2669, #151, .T. ) ;
#2969 = ADVANCED_FACE ( 'NONE', ( #174 ), #109, .T. ) ;
#2970 = ORIENTED_EDGE ( 'NONE', *, *, #3444, .F. ) ;
#2971 = EDGE_CURVE ( 'NONE', #963, #1125, #113, .T. ) ;
#2972 = CARTESIAN_POINT ( 'NONE',  ( 29.47500006683415918, 2.583919414749769470E-15, 0.0000000000000000000 ) ) ;
#2973 = ORIENTED_EDGE ( 'NONE', *, *, #112, .T. ) ;
#2974 = DIRECTION ( 'NONE',  ( -1.000000000000000000, -0.0000000000000000000, -0.0000000000000000000 ) ) ;
#2975 = ORIENTED_EDGE ( 'NONE', *, *, #1233, .F. ) ;
#2976 = VERTEX_POINT ( 'NONE', #3613 ) ;
#2977 = EDGE_CURVE ( 'NONE', #1477, #361, #124, .T. ) ;
#2978 = DIRECTION ( 'NONE',  ( 0.0000000000000000000, -1.000000000000000000, 0.0000000000000000000 ) ) ;
#2979 = EDGE_CURVE ( 'NONE', #1175, #101, #120, .T. ) ;
#2980 = ORIENTED_EDGE ( 'NONE', *, *, #250, .T. ) ;
#2981 = CARTESIAN_POINT ( 'NONE',  ( 34.42500006683415847, 2.583919414749769470E-15, 0.0000000000000000000 ) ) ;
#2982 = CARTESIAN_POINT ( 'NONE',  ( 24.82499993316583087, 2.418597540614639737E-15, 0.0000000000000000000 ) ) ;
#2983 = CARTESIAN_POINT ( 'NONE',  ( 6.000000000000000000, -5.839897972853062669, -4.336808689942017736E-16 ) ) ;
#2984 = ORIENTED_EDGE ( 'NONE', *, *, #3423, .T. ) ;
#2985 = ORIENTED_EDGE ( 'NONE', *, *, #3097, .F. ) ;
#2986 = EDGE_CURVE ( 'NONE', #555, #1175, #185, .T. ) ;
#2987 = ADVANCED_FACE ( 'NONE', ( #64 ), #33, .T. ) ;
#2988 = EDGE_CURVE ( 'NONE', #1477, #3337, #71, .T. ) ;
#2989 = LINE ( 'NONE', #967, #2950 ) ;
#2990 = EDGE_CURVE ( 'NONE', #1798, #147, #40, .T. ) ;
#2991 = DIRECTION ( 'NONE',  ( 0.0000000000000000000, -1.000000000000000000, 0.0000000000000000000 ) ) ;
#2992 = VECTOR ( 'NONE', #3099, 999.9999999999998863 ) ;
#2993 = CARTESIAN_POINT ( 'NONE',  ( 34.72499993316582589, 2.418597540614639737E-15, 0.0000000000000000000 ) ) ;
#2994 = CARTESIAN_POINT ( 'NONE',  ( -31.74999999999995737, 7.347880794884060572E-16, -5.999999999999952038 ) ) ;
#2995 = CARTESIAN_POINT ( 'NONE',  ( 24.52500006683415990, 2.583919414749769470E-15, 0.0000000000000000000 ) ) ;
#2996 = EDGE_CURVE ( 'NONE', #44, #1000, #59, .T. ) ;
#2997 = ORIENTED_EDGE ( 'NONE', *, *, #3172, .F. ) ;
#2998 = EDGE_CURVE ( 'NONE', #147, #2186, #165, .T. ) ;
#2999 = LINE ( 'NONE', #1151, #2905 ) ;
#3000 = LINE ( 'NONE', #3028, #3134 ) ;
#3001 = DIRECTION ( 'NONE',  ( 0.0000000000000000000, -1.000000000000000000, 0.0000000000000000000 ) ) ;
#3002 = DIRECTION ( 'NONE',  ( 0.0000000000000000000, -1.000000000000000000, 0.0000000000000000000 ) ) ;
#3003 = LINE ( 'NONE', #1418, #3090 ) ;
#3004 = EDGE_CURVE ( 'NONE', #1798, #348, #18, .T. ) ;
#3005 = DIRECTION ( 'NONE',  ( 0.0000000000000000000, -1.000000000000000000, 0.0000000000000000000 ) ) ;
#3006 = CONICAL_SURFACE ( 'NONE', #1621, 6.000000000000002665, 0.9599310885968824758 ) ;
#3007 = CARTESIAN_POINT ( 'NONE',  ( 31.12500006683416132, 6.000000000000005329, 0.0000000000000000000 ) ) ;
#3008 = LINE ( 'NONE', #1093, #2967 ) ;
#3009 = VECTOR ( 'NONE', #104, 1000.000000000000000 ) ;
#3010 = EDGE_CURVE ( 'NONE', #2186, #3542, #2478, .T. ) ;
#3011 = EDGE_CURVE ( 'NONE', #1710, #1733, #1811, .T. ) ;
#3012 = LINE ( 'NONE', #487, #2927 ) ;
#3013 = DIRECTION ( 'NONE',  ( -1.000000000000000000, -1.224606353822377258E-16, -0.0000000000000000000 ) ) ;
#3014 = PLANE ( 'NONE',  #2697 ) ;
#3015 = ORIENTED_EDGE ( 'NONE', *, *, #444, .F. ) ;
#3016 = EDGE_CURVE ( 'NONE', #1676, #2669, #3003, .T. ) ;
#3017 = ORIENTED_EDGE ( 'NONE', *, *, #3338, .T. ) ;
#3018 = DIRECTION ( 'NONE',  ( -1.000000000000000000, -1.224606353822377258E-16, -0.0000000000000000000 ) ) ;
#3019 = DIRECTION ( 'NONE',  ( 0.0000000000000000000, 0.0000000000000000000, 1.000000000000000000 ) ) ;
#3020 = CARTESIAN_POINT ( 'NONE',  ( 16.57499993316583087, 2.418597540614639737E-15, 0.0000000000000000000 ) ) ;
#3021 = ORIENTED_EDGE ( 'NONE', *, *, #3050, .T. ) ;
#3022 = CARTESIAN_POINT ( 'NONE',  ( 17.25000000000000000, 5.036000000000005805, 6.167321280506074351E-16 ) ) ;
#3023 = LINE ( 'NONE', #2994, #2940 ) ;
#3024 = DIRECTION ( 'NONE',  ( -1.000000000000000000, -1.224606353822377258E-16, -0.0000000000000000000 ) ) ;
#3025 = CARTESIAN_POINT ( 'NONE',  ( 31.12500006683416132, 2.583919414749769470E-15, 0.0000000000000000000 ) ) ;
#3026 = VERTEX_POINT ( 'NONE', #2120 ) ;
#3027 = ORIENTED_EDGE ( 'NONE', *, *, #862, .T. ) ;
#3028 = CARTESIAN_POINT ( 'NONE',  ( 41.99999999999999289, 0.0000000000000000000, 5.035999999999999588 ) ) ;
#3029 = DIRECTION ( 'NONE',  ( -1.000000000000000000, -1.224606353822377258E-16, -0.0000000000000000000 ) ) ;
#3030 = EDGE_CURVE ( 'NONE', #2411, #963, #2600, .T. ) ;
#3031 = CONICAL_SURFACE ( 'NONE', #2842, 5.036000000000003141, 0.9599310885968728169 ) ;
#3032 = ORIENTED_EDGE ( 'NONE', *, *, #3427, .F. ) ;
#3033 = DIRECTION ( 'NONE',  ( 0.0000000000000000000, 1.000000000000000000, 0.0000000000000000000 ) ) ;
#3034 = ORIENTED_EDGE ( 'NONE', *, *, #3132, .F. ) ;
#3035 = EDGE_CURVE ( 'NONE', #891, #1676, #3189, .T. ) ;
#3036 = ORIENTED_EDGE ( 'NONE', *, *, #254, .F. ) ;
#3037 = CARTESIAN_POINT ( 'NONE',  ( 27.15000000000000213, 5.036000000000005805, 0.0000000000000000000 ) ) ;
#3038 = CARTESIAN_POINT ( 'NONE',  ( -31.74999999999995737, 0.0000000000000000000, 0.0000000000000000000 ) ) ;
#3039 = EDGE_CURVE ( 'NONE', #394, #1125, #3330, .T. ) ;
#3040 = CIRCLE ( 'NONE', #2837, 5.999999999999952038 ) ;
#3041 = EDGE_CURVE ( 'NONE', #306, #1733, #3281, .T. ) ;
#3042 = CIRCLE ( 'NONE', #2831, 8.400000000000000355 ) ;
#3043 = FACE_OUTER_BOUND ( 'NONE', #465, .T. ) ;
#3044 = DIRECTION ( 'NONE',  ( -1.000000000000000000, -1.224606353822377258E-16, -0.0000000000000000000 ) ) ;
#3045 = EDGE_CURVE ( 'NONE', #30, #457, #3400, .T. ) ;
#3046 = VECTOR ( 'NONE', #1056, 1000.000000000000227 ) ;
#3047 = FACE_OUTER_BOUND ( 'NONE', #1022, .T. ) ;
#3048 = DIRECTION ( 'NONE',  ( 0.0000000000000000000, 1.000000000000000000, 0.0000000000000000000 ) ) ;
#3049 = LINE ( 'NONE', #514, #3009 ) ;
#3050 = EDGE_CURVE ( 'NONE', #2456, #86, #3495, .T. ) ;
#3051 = DIRECTION ( 'NONE',  ( 0.0000000000000000000, -1.000000000000000000, 0.0000000000000000000 ) ) ;
#3052 = EDGE_CURVE ( 'NONE', #203, #1477, #3538, .T. ) ;
#3053 = DIRECTION ( 'NONE',  ( -1.000000000000000000, -0.0000000000000000000, -0.0000000000000000000 ) ) ;
#3054 = CARTESIAN_POINT ( 'NONE',  ( 21.52499993316583016, -2.002967142162725287E-29, 6.000000000000002665 ) ) ;
#3055 = EDGE_CURVE ( 'NONE', #828, #361, #1468, .T. ) ;
#3056 = CIRCLE ( 'NONE', #1824, 6.000000000000002665 ) ;
#3057 = VECTOR ( 'NONE', #1242, 1000.000000000000000 ) ;
#3058 = ORIENTED_EDGE ( 'NONE', *, *, #3247, .T. ) ;
#3059 = DIRECTION ( 'NONE',  ( 1.000000000000000000, 1.224606353822377258E-16, 0.0000000000000000000 ) ) ;
#3060 = DIRECTION ( 'NONE',  ( -1.000000000000000000, -1.224606353822377258E-16, -0.0000000000000000000 ) ) ;
#3061 = DIRECTION ( 'NONE',  ( 0.0000000000000000000, -1.000000000000000000, 0.0000000000000000000 ) ) ;
#3062 = VECTOR ( 'NONE', #2001, 1000.000000000000000 ) ;
#3063 = ORIENTED_EDGE ( 'NONE', *, *, #3208, .F. ) ;
#3064 = CARTESIAN_POINT ( 'NONE',  ( 40.34999999999999432, -5.036000000000000476, 6.757601037695098523E-16 ) ) ;
#3065 = LINE ( 'NONE', #1184, #3046 ) ;
#3066 = EDGE_CURVE ( 'NONE', #2155, #3483, #2913, .T. ) ;
#3067 = EDGE_CURVE ( 'NONE', #1422, #3337, #857, .T. ) ;
#3068 = EDGE_CURVE ( 'NONE', #143, #1422, #1364, .T. ) ;
#3069 = DIRECTION ( 'NONE',  ( -1.000000000000000000, -1.224606353822377258E-16, -0.0000000000000000000 ) ) ;
#3070 = DIRECTION ( 'NONE',  ( 0.0000000000000000000, -1.000000000000000000, 0.0000000000000000000 ) ) ;
#3071 = VERTEX_POINT ( 'NONE', #2771 ) ;
#3072 = EDGE_CURVE ( 'NONE', #1215, #1212, #1063, .T. ) ;
#3073 = DIRECTION ( 'NONE',  ( -1.000000000000000000, -1.224606353822377258E-16, -0.0000000000000000000 ) ) ;
#3074 = CARTESIAN_POINT ( 'NONE',  ( 21.22500006683415918, 2.583919414749769470E-15, 0.0000000000000000000 ) ) ;
#3075 = EDGE_CURVE ( 'NONE', #2757, #919, #2906, .T. ) ;
#3076 = VECTOR ( 'NONE', #2075, 1000.000000000000000 ) ;
#3077 = DIRECTION ( 'NONE',  ( 0.5735764363510450492, 0.8191520442889925757, 0.0000000000000000000 ) ) ;
#3078 = CIRCLE ( 'NONE', #1561, 6.000000000000002665 ) ;
#3079 = DIRECTION ( 'NONE',  ( 0.0000000000000000000, 0.0000000000000000000, 1.000000000000000000 ) ) ;
#3080 = CONICAL_SURFACE ( 'NONE', #2850, 6.000000000000002665, 0.9599310885968824758 ) ;
#3081 = EDGE_CURVE ( 'NONE', #2976, #2314, #1398, .T. ) ;
#3082 = CARTESIAN_POINT ( 'NONE',  ( 39.67499993316582163, 2.418597540614639737E-15, 0.0000000000000000000 ) ) ;
#3083 = ADVANCED_FACE ( 'NONE', ( #2740 ), #1928, .T. ) ;
#3084 = EDGE_LOOP ( 'NONE', ( #2949, #2690, #2288, #1353, #969, #3015 ) ) ;
#3085 = EDGE_CURVE ( 'NONE', #141, #1609, #3000, .T. ) ;
#3086 = EDGE_CURVE ( 'NONE', #1125, #3542, #1973, .T. ) ;
#3087 = CARTESIAN_POINT ( 'NONE',  ( 36.07500006683415705, 6.000000000000005329, 0.0000000000000000000 ) ) ;
#3088 = CARTESIAN_POINT ( 'NONE',  ( 28.12499993316582803, 2.418597540614639737E-15, 0.0000000000000000000 ) ) ;
#3089 = DIRECTION ( 'NONE',  ( -0.5735764363510529318, -0.8191520442889870246, 0.0000000000000000000 ) ) ;
#3090 = VECTOR ( 'NONE', #2124, 1000.000000000000000 ) ;
#3091 = CARTESIAN_POINT ( 'NONE',  ( 29.77499993316583016, 2.418597540614639737E-15, 0.0000000000000000000 ) ) ;
#3092 = DIRECTION ( 'NONE',  ( -1.000000000000000000, -0.0000000000000000000, -0.0000000000000000000 ) ) ;
#3093 = EDGE_CURVE ( 'NONE', #30, #3511, #2092, .T. ) ;
#3094 = EDGE_CURVE ( 'NONE', #3511, #3460, #2003, .T. ) ;
#3095 = CARTESIAN_POINT ( 'NONE',  ( 18.89999999999999858, 5.036000000000005805, 6.167321280506074351E-16 ) ) ;
#3096 = DIRECTION ( 'NONE',  ( 1.000000000000000000, 1.224606353822377258E-16, 0.0000000000000000000 ) ) ;
#3097 = EDGE_CURVE ( 'NONE', #348, #86, #2005, .T. ) ;
#3098 = ORIENTED_EDGE ( 'NONE', *, *, #2917, .F. ) ;
#3099 = DIRECTION ( 'NONE',  ( -0.5735764363510532649, 0.8191520442889868026, 1.003171929053518707E-16 ) ) ;
#3100 = DIRECTION ( 'NONE',  ( 0.0000000000000000000, -1.000000000000000000, 0.0000000000000000000 ) ) ;
#3101 = EDGE_CURVE ( 'NONE', #701, #3477, #2781, .T. ) ;
#3102 = EDGE_CURVE ( 'NONE', #1206, #2411, #2139, .T. ) ;
#3103 = DIRECTION ( 'NONE',  ( 0.0000000000000000000, -1.000000000000000000, 0.0000000000000000000 ) ) ;
#3104 = DIRECTION ( 'NONE',  ( -1.000000000000000000, -1.224606353822377258E-16, -0.0000000000000000000 ) ) ;
#3105 = ADVANCED_FACE ( 'NONE', ( #2332 ), #2569, .T. ) ;
#3106 = ORIENTED_EDGE ( 'NONE', *, *, #610, .F. ) ;
#3107 = VECTOR ( 'NONE', #804, 999.9999999999998863 ) ;
#3108 = ORIENTED_EDGE ( 'NONE', *, *, #3177, .F. ) ;
#3109 = VERTEX_POINT ( 'NONE', #2521 ) ;
#3110 = EDGE_CURVE ( 'NONE', #1206, #3419, #2212, .T. ) ;
#3111 = CARTESIAN_POINT ( 'NONE',  ( 37.72500006683415563, 2.583919414749769470E-15, 0.0000000000000000000 ) ) ;
#3112 = DIRECTION ( 'NONE',  ( -1.000000000000000000, -1.224606353822377258E-16, -0.0000000000000000000 ) ) ;
#3113 = CARTESIAN_POINT ( 'NONE',  ( 17.92500006683415847, 2.583919414749769470E-15, 0.0000000000000000000 ) ) ;
#3114 = EDGE_CURVE ( 'NONE', #3419, #1246, #2097, .T. ) ;
#3115 = LINE ( 'NONE', #2149, #3076 ) ;
#3116 = ORIENTED_EDGE ( 'NONE', *, *, #2955, .T. ) ;
#3117 = ORIENTED_EDGE ( 'NONE', *, *, #384, .F. ) ;
#3118 = ORIENTED_EDGE ( 'NONE', *, *, #3546, .T. ) ;
#3119 = CARTESIAN_POINT ( 'NONE',  ( 18.89999999999999858, 2.501258477682205392E-15, 0.0000000000000000000 ) ) ;
#3120 = CARTESIAN_POINT ( 'NONE',  ( 32.77500006683415990, -2.195560136601448872E-29, 6.000000000000002665 ) ) ;
#3121 = EDGE_CURVE ( 'NONE', #394, #891, #2424, .T. ) ;
#3122 = EDGE_CURVE ( 'NONE', #739, #1042, #1404, .T. ) ;
#3123 = ORIENTED_EDGE ( 'NONE', *, *, #432, .F. ) ;
#3124 = ORIENTED_EDGE ( 'NONE', *, *, #223, .T. ) ;
#3125 = DIRECTION ( 'NONE',  ( -1.000000000000000000, 0.0000000000000000000, 0.0000000000000000000 ) ) ;
#3126 = VECTOR ( 'NONE', #2081, 1000.000000000000000 ) ;
#3127 = EDGE_CURVE ( 'NONE', #1948, #498, #2297, .T. ) ;
#3128 = EDGE_CURVE ( 'NONE', #457, #3585, #1507, .T. ) ;
#3129 = LINE ( 'NONE', #2058, #3062 ) ;
#3130 = DIRECTION ( 'NONE',  ( 0.5735764363510452712, -0.8191520442889924647, 1.003171929053525610E-16 ) ) ;
#3131 = ADVANCED_FACE ( 'NONE', ( #1737 ), #2350, .T. ) ;
#3132 = EDGE_CURVE ( 'NONE', #1173, #3387, #1852, .T. ) ;
#3133 = EDGE_CURVE ( 'NONE', #3387, #2116, #1028, .T. ) ;
#3134 = VECTOR ( 'NONE', #2952, 1000.000000000000000 ) ;
#3135 = DIRECTION ( 'NONE',  ( 0.0000000000000000000, -1.000000000000000000, 0.0000000000000000000 ) ) ;
#3136 = DIRECTION ( 'NONE',  ( 0.0000000000000000000, 0.0000000000000000000, -1.000000000000000000 ) ) ;
#3137 = ORIENTED_EDGE ( 'NONE', *, *, #142, .F. ) ;
#3138 = CIRCLE ( 'NONE', #2847, 6.000000000000002665 ) ;
#3139 = DIRECTION ( 'NONE',  ( -1.000000000000000000, 0.0000000000000000000, -0.0000000000000000000 ) ) ;
#3140 = EDGE_CURVE ( 'NONE', #1382, #2116, #1735, .T. ) ;
#3141 = CARTESIAN_POINT ( 'NONE',  ( 6.000000000000000000, 5.839897972853065333, -1.517883041479706208E-14 ) ) ;
#3142 = EDGE_CURVE ( 'NONE', #2343, #1382, #1640, .T. ) ;
#3143 = CARTESIAN_POINT ( 'NONE',  ( 0.0000000000000000000, 0.0000000000000000000, 0.0000000000000000000 ) ) ;
#3144 = EDGE_CURVE ( 'NONE', #1586, #2343, #1969, .T. ) ;
#3145 = CIRCLE ( 'NONE', #1830, 6.000000000000002665 ) ;
#3146 = EDGE_CURVE ( 'NONE', #597, #2624, #1550, .T. ) ;
#3147 = FACE_OUTER_BOUND ( 'NONE', #145, .T. ) ;
#3148 = CARTESIAN_POINT ( 'NONE',  ( 34.42500006683415847, -6.000000000000000000, 7.347880794884122694E-16 ) ) ;
#3149 = CIRCLE ( 'NONE', #1838, 6.000000000000002665 ) ;
#3150 = DIRECTION ( 'NONE',  ( 0.0000000000000000000, 0.0000000000000000000, 1.000000000000000000 ) ) ;
#3151 = ORIENTED_EDGE ( 'NONE', *, *, #3510, .F. ) ;
#3152 = EDGE_CURVE ( 'NONE', #2624, #3492, #1555, .T. ) ;
#3153 = EDGE_CURVE ( 'NONE', #3564, #3492, #1281, .T. ) ;
#3154 = EDGE_LOOP ( 'NONE', ( #1702, #908, #948, #2533, #3637 ) ) ;
#3155 = CARTESIAN_POINT ( 'NONE',  ( 12.00000000000000355, 0.0000000000000000000, 0.0000000000000000000 ) ) ;
#3156 = DIRECTION ( 'NONE',  ( -1.000000000000000000, -0.0000000000000000000, -0.0000000000000000000 ) ) ;
#3157 = LINE ( 'NONE', #2094, #3126 ) ;
#3158 = DIRECTION ( 'NONE',  ( -1.000000000000000000, -0.0000000000000000000, -0.0000000000000000000 ) ) ;
#3159 = DIRECTION ( 'NONE',  ( 1.000000000000000000, 1.224606353822377258E-16, 0.0000000000000000000 ) ) ;
#3160 = ORIENTED_EDGE ( 'NONE', *, *, #3210, .F. ) ;
#3161 = ADVANCED_FACE ( 'NONE', ( #977 ), #791, .T. ) ;
#3162 = EDGE_CURVE ( 'NONE', #213, #3564, #793, .T. ) ;
#3163 = ORIENTED_EDGE ( 'NONE', *, *, #3199, .T. ) ;
#3164 = LINE ( 'NONE', #1150, #3057 ) ;
#3165 = EDGE_CURVE ( 'NONE', #972, #1586, #934, .T. ) ;
#3166 = DIRECTION ( 'NONE',  ( 0.0000000000000000000, 0.0000000000000000000, 1.000000000000000000 ) ) ;
#3167 = ORIENTED_EDGE ( 'NONE', *, *, #3657, .F. ) ;
#3168 = ORIENTED_EDGE ( 'NONE', *, *, #139, .T. ) ;
#3169 = CIRCLE ( 'NONE', #2865, 6.599999999999952571 ) ;
#3170 = ORIENTED_EDGE ( 'NONE', *, *, #1332, .T. ) ;
#3171 = DIRECTION ( 'NONE',  ( 0.0000000000000000000, -1.000000000000000000, 0.0000000000000000000 ) ) ;
#3172 = EDGE_CURVE ( 'NONE', #30, #972, #938, .T. ) ;
#3173 = CARTESIAN_POINT ( 'NONE',  ( 6.000000000000000000, 5.839897972853065333, -1.517883041479706208E-14 ) ) ;
#3174 = CARTESIAN_POINT ( 'NONE',  ( 6.000000000000000000, 5.839897972853065333, -1.517883041479706208E-14 ) ) ;
#3175 = CIRCLE ( 'NONE', #2864, 0.5999999999999998668 ) ;
#3176 = DIRECTION ( 'NONE',  ( 0.0000000000000000000, -1.000000000000000000, 0.0000000000000000000 ) ) ;
#3177 = EDGE_CURVE ( 'NONE', #2624, #1382, #854, .T. ) ;
#3178 = CARTESIAN_POINT ( 'NONE',  ( 0.6000000000000033085, 0.0000000000000000000, 0.0000000000000000000 ) ) ;
#3179 = DIRECTION ( 'NONE',  ( -1.000000000000000000, -1.224606353822377258E-16, -0.0000000000000000000 ) ) ;
#3180 = DIRECTION ( 'NONE',  ( 1.000000000000000000, 0.0000000000000000000, 0.0000000000000000000 ) ) ;
#3181 = ORIENTED_EDGE ( 'NONE', *, *, #297, .T. ) ;
#3182 = DIRECTION ( 'NONE',  ( 0.0000000000000000000, 0.0000000000000000000, 1.000000000000000000 ) ) ;
#3183 = DIRECTION ( 'NONE',  ( -1.000000000000000000, -1.224606353822377258E-16, -0.0000000000000000000 ) ) ;
#3184 = CARTESIAN_POINT ( 'NONE',  ( 37.72500006683415563, 6.000000000000004441, 0.0000000000000000000 ) ) ;
#3185 = ORIENTED_EDGE ( 'NONE', *, *, #3440, .T. ) ;
#3186 = CARTESIAN_POINT ( 'NONE',  ( 17.92500006683415847, 2.583919414749769470E-15, 0.0000000000000000000 ) ) ;
#3187 = EDGE_CURVE ( 'NONE', #1444, #2343, #907, .T. ) ;
#3188 = DIRECTION ( 'NONE',  ( -1.000000000000000000, -0.0000000000000000000, -0.0000000000000000000 ) ) ;
#3189 = CIRCLE ( 'NONE', #1930, 6.000000000000002665 ) ;
#3190 = EDGE_CURVE ( 'NONE', #2020, #3649, #710, .T. ) ;
#3191 = DIRECTION ( 'NONE',  ( -0.5735764363510532649, 0.8191520442889868026, 1.003171929053518707E-16 ) ) ;
#3192 = DIRECTION ( 'NONE',  ( 0.0000000000000000000, -0.4999999999999987232, 0.8660254037844392627 ) ) ;
#3193 = CARTESIAN_POINT ( 'NONE',  ( 37.72500006683415563, 2.583919414749769470E-15, 0.0000000000000000000 ) ) ;
#3194 = CARTESIAN_POINT ( 'NONE',  ( 24.82499993316583087, -5.999999999999999112, 0.0000000000000000000 ) ) ;
#3195 = CIRCLE ( 'NONE', #2871, 5.999999999999952038 ) ;
#3196 = EDGE_CURVE ( 'NONE', #597, #1444, #527, .T. ) ;
#3197 = DIRECTION ( 'NONE',  ( -1.000000000000000000, -1.224606353822377258E-16, -0.0000000000000000000 ) ) ;
#3198 = EDGE_CURVE ( 'NONE', #597, #213, #424, .T. ) ;
#3199 = EDGE_CURVE ( 'NONE', #3492, #960, #278, .T. ) ;
#3200 = CARTESIAN_POINT ( 'NONE',  ( 27.82500006683415705, 6.000000000000004441, 0.0000000000000000000 ) ) ;
#3201 = VECTOR ( 'NONE', #1779, 1000.000000000000000 ) ;
#3202 = CIRCLE ( 'NONE', #2861, 9.000000000000000000 ) ;
#3203 = ORIENTED_EDGE ( 'NONE', *, *, #3110, .F. ) ;
#3204 = EDGE_CURVE ( 'NONE', #28, #2382, #579, .T. ) ;
#3205 = EDGE_CURVE ( 'NONE', #1069, #2312, #68, .T. ) ;
#3206 = LINE ( 'NONE', #885, #3201 ) ;
#3207 = CIRCLE ( 'NONE', #2869, 0.5999999999999998668 ) ;
#3208 = EDGE_CURVE ( 'NONE', #960, #2382, #3413, .T. ) ;
#3209 = DIRECTION ( 'NONE',  ( 0.0000000000000000000, -0.4999999999999987232, 0.8660254037844392627 ) ) ;
#3210 = EDGE_CURVE ( 'NONE', #3268, #1069, #3636, .T. ) ;
#3211 = DIRECTION ( 'NONE',  ( 0.0000000000000000000, 1.000000000000000000, 0.0000000000000000000 ) ) ;
#3212 = VERTEX_POINT ( 'NONE', #833 ) ;
#3213 = DIRECTION ( 'NONE',  ( -1.000000000000000000, -1.224606353822377258E-16, -0.0000000000000000000 ) ) ;
#3214 = EDGE_CURVE ( 'NONE', #3564, #294, #3206, .T. ) ;
#3215 = ORIENTED_EDGE ( 'NONE', *, *, #2890, .T. ) ;
#3216 = CARTESIAN_POINT ( 'NONE',  ( 6.000000000000000000, 2.919948986426539772, 5.057499999999989448 ) ) ;
#3217 = EDGE_CURVE ( 'NONE', #3539, #3515, #3297, .T. ) ;
#3218 = ORIENTED_EDGE ( 'NONE', *, *, #3563, .F. ) ;
#3219 = CARTESIAN_POINT ( 'NONE',  ( 6.000000000000000000, -2.919948986426525117, 5.057499999999995666 ) ) ;
#3220 = DIRECTION ( 'NONE',  ( -1.000000000000000000, -0.0000000000000000000, -0.0000000000000000000 ) ) ;
#3221 = CARTESIAN_POINT ( 'NONE',  ( 33.07499993316582731, 2.418597540614639737E-15, 0.0000000000000000000 ) ) ;
#3222 = CARTESIAN_POINT ( 'NONE',  ( 20.55000000000000071, 2.501258477682205392E-15, 0.0000000000000000000 ) ) ;
#3223 = EDGE_LOOP ( 'NONE', ( #608, #615, #815, #1591, #850 ) ) ;
#3224 = EDGE_CURVE ( 'NONE', #3515, #3268, #3246, .T. ) ;
#3225 = EDGE_CURVE ( 'NONE', #2472, #3268, #3149, .T. ) ;
#3226 = DIRECTION ( 'NONE',  ( -0.0000000000000000000, -0.5000000000000011102, -0.8660254037844380415 ) ) ;
#3227 = CARTESIAN_POINT ( 'NONE',  ( -31.74999999999995737, 7.347880794884060572E-16, -5.999999999999952038 ) ) ;
#3228 = CIRCLE ( 'NONE', #2872, 0.5999999999999998668 ) ;
#3229 = ORIENTED_EDGE ( 'NONE', *, *, #2924, .T. ) ;
#3230 = ORIENTED_EDGE ( 'NONE', *, *, #572, .T. ) ;
#3231 = ORIENTED_EDGE ( 'NONE', *, *, #3324, .T. ) ;
#3232 = DIRECTION ( 'NONE',  ( 0.0000000000000000000, 0.0000000000000000000, 1.000000000000000000 ) ) ;
#3233 = DIRECTION ( 'NONE',  ( 0.0000000000000000000, -1.000000000000000000, 0.0000000000000000000 ) ) ;
#3234 = ORIENTED_EDGE ( 'NONE', *, *, #740, .T. ) ;
#3235 = CARTESIAN_POINT ( 'NONE',  ( 31.42499993316583229, 2.418597540614639737E-15, 0.0000000000000000000 ) ) ;
#3236 = DIRECTION ( 'NONE',  ( -1.000000000000000000, -0.0000000000000000000, -0.0000000000000000000 ) ) ;
#3237 = EDGE_CURVE ( 'NONE', #66, #2472, #3145, .T. ) ;
#3238 = ORIENTED_EDGE ( 'NONE', *, *, #569, .F. ) ;
#3239 = CARTESIAN_POINT ( 'NONE',  ( 39.67499993316582163, -5.999999999999999112, 0.0000000000000000000 ) ) ;
#3240 = CARTESIAN_POINT ( 'NONE',  ( 41.99999999999999289, 0.0000000000000000000, 0.0000000000000000000 ) ) ;
#3241 = EDGE_CURVE ( 'NONE', #3477, #155, #3049, .T. ) ;
#3242 = CARTESIAN_POINT ( 'NONE',  ( 29.47500006683415918, 2.583919414749769470E-15, 0.0000000000000000000 ) ) ;
#3243 = EDGE_LOOP ( 'NONE', ( #641, #491, #440, #239, #3469 ) ) ;
#3244 = EDGE_CURVE ( 'NONE', #3539, #66, #3012, .T. ) ;
#3245 = DIRECTION ( 'NONE',  ( 0.0000000000000000000, 1.000000000000000000, 0.0000000000000000000 ) ) ;
#3246 = LINE ( 'NONE', #679, #3107 ) ;
#3247 = EDGE_CURVE ( 'NONE', #3539, #1129, #2932, .T. ) ;
#3248 = DIRECTION ( 'NONE',  ( -0.5735764363510529318, -0.8191520442889870246, 0.0000000000000000000 ) ) ;
#3249 = ORIENTED_EDGE ( 'NONE', *, *, #3440, .F. ) ;
#3250 = CARTESIAN_POINT ( 'NONE',  ( 27.82500006683415705, 2.583919414749769470E-15, 0.0000000000000000000 ) ) ;
#3251 = DIRECTION ( 'NONE',  ( 0.0000000000000000000, -1.000000000000000000, 0.0000000000000000000 ) ) ;
#3252 = CARTESIAN_POINT ( 'NONE',  ( 6.000000000000000000, -2.919948986426525117, 5.057499999999995666 ) ) ;
#3253 = EDGE_CURVE ( 'NONE', #1129, #294, #3056, .T. ) ;
#3254 = ADVANCED_FACE ( 'NONE', ( #2874 ), #2353, .T. ) ;
#3255 = ORIENTED_EDGE ( 'NONE', *, *, #408, .F. ) ;
#3256 = EDGE_CURVE ( 'NONE', #3515, #28, #2537, .T. ) ;
#3257 = DIRECTION ( 'NONE',  ( 0.0000000000000000000, 1.000000000000000000, -1.188187522481193692E-15 ) ) ;
#3258 = DIRECTION ( 'NONE',  ( -1.000000000000000000, -1.224606353822377258E-16, -0.0000000000000000000 ) ) ;
#3259 = FACE_OUTER_BOUND ( 'NONE', #757, .T. ) ;
#3260 = EDGE_CURVE ( 'NONE', #483, #2312, #2663, .T. ) ;
#3261 = VERTEX_POINT ( 'NONE', #158 ) ;
#3262 = ORIENTED_EDGE ( 'NONE', *, *, #3470, .T. ) ;
#3263 = EDGE_CURVE ( 'NONE', #588, #483, #2658, .T. ) ;
#3264 = ORIENTED_EDGE ( 'NONE', *, *, #3376, .T. ) ;
#3265 = DIRECTION ( 'NONE',  ( 0.0000000000000000000, 1.000000000000000000, 0.0000000000000000000 ) ) ;
#3266 = DIRECTION ( 'NONE',  ( 0.0000000000000000000, -1.000000000000000000, 0.0000000000000000000 ) ) ;
#3267 = DIRECTION ( 'NONE',  ( 1.000000000000000000, 1.224606353822377258E-16, 0.0000000000000000000 ) ) ;
#3268 = VERTEX_POINT ( 'NONE', #195 ) ;
#3269 = ORIENTED_EDGE ( 'NONE', *, *, #3350, .F. ) ;
#3270 = EDGE_CURVE ( 'NONE', #2472, #588, #2306, .T. ) ;
#3271 = ORIENTED_EDGE ( 'NONE', *, *, #549, .F. ) ;
#3272 = ORIENTED_EDGE ( 'NONE', *, *, #273, .F. ) ;
#3273 = CARTESIAN_POINT ( 'NONE',  ( 6.000000000000000000, -2.919948986426525117, 5.057499999999995666 ) ) ;
#3274 = CARTESIAN_POINT ( 'NONE',  ( 36.07500006683415705, 2.583919414749769470E-15, 0.0000000000000000000 ) ) ;
#3275 = DIRECTION ( 'NONE',  ( 1.000000000000000000, 1.224606353822377258E-16, 0.0000000000000000000 ) ) ;
#3276 = VERTEX_POINT ( 'NONE', #3339 ) ;
#3277 = DIRECTION ( 'NONE',  ( 0.0000000000000000000, 1.000000000000000000, -1.188187522481193692E-15 ) ) ;
#3278 = ORIENTED_EDGE ( 'NONE', *, *, #2954, .F. ) ;
#3279 = VERTEX_POINT ( 'NONE', #3479 ) ;
#3280 = DIRECTION ( 'NONE',  ( -1.000000000000000000, -0.0000000000000000000, -0.0000000000000000000 ) ) ;
#3281 = CIRCLE ( 'NONE', #1927, 6.000000000000002665 ) ;
#3282 = CARTESIAN_POINT ( 'NONE',  ( 38.02499993316582305, 2.418597540614639737E-15, 0.0000000000000000000 ) ) ;
#3283 = DIRECTION ( 'NONE',  ( -1.000000000000000000, -1.224606353822377258E-16, -0.0000000000000000000 ) ) ;
#3284 = ORIENTED_EDGE ( 'NONE', *, *, #2894, .F. ) ;
#3285 = ADVANCED_FACE ( 'NONE', ( #2348 ), #1901, .T. ) ;
#3286 = DIRECTION ( 'NONE',  ( -1.000000000000000000, -1.224606353822377258E-16, -0.0000000000000000000 ) ) ;
#3287 = DIRECTION ( 'NONE',  ( 0.0000000000000000000, -1.000000000000000000, 0.0000000000000000000 ) ) ;
#3288 = CARTESIAN_POINT ( 'NONE',  ( 33.07499993316582731, 2.418597540614639737E-15, 0.0000000000000000000 ) ) ;
#3289 = EDGE_CURVE ( 'NONE', #979, #1247, #1933, .T. ) ;
#3290 = DIRECTION ( 'NONE',  ( -1.000000000000000000, -1.224606353822377258E-16, -0.0000000000000000000 ) ) ;
#3291 = DIRECTION ( 'NONE',  ( 0.0000000000000000000, -1.000000000000000000, 0.0000000000000000000 ) ) ;
#3292 = EDGE_CURVE ( 'NONE', #1247, #1113, #2228, .T. ) ;
#3293 = ORIENTED_EDGE ( 'NONE', *, *, #352, .F. ) ;
#3294 = CARTESIAN_POINT ( 'NONE',  ( 33.75000000000000000, -5.036000000000000476, 0.0000000000000000000 ) ) ;
#3295 = ORIENTED_EDGE ( 'NONE', *, *, #3411, .T. ) ;
#3296 = CARTESIAN_POINT ( 'NONE',  ( 6.000000000000000000, -2.919948986426525117, 5.057499999999995666 ) ) ;
#3297 = CIRCLE ( 'NONE', #1840, 5.036000000000003141 ) ;
#3298 = VERTEX_POINT ( 'NONE', #343 ) ;
#3299 = ADVANCED_FACE ( 'NONE', ( #1788 ), #1416, .T. ) ;
#3300 = DIRECTION ( 'NONE',  ( -1.000000000000000000, -0.0000000000000000000, -0.0000000000000000000 ) ) ;
#3301 = EDGE_CURVE ( 'NONE', #3357, #1113, #1476, .T. ) ;
#3302 = CARTESIAN_POINT ( 'NONE',  ( -31.74999999999995737, 0.0000000000000000000, 5.999999999999952038 ) ) ;
#3303 = EDGE_CURVE ( 'NONE', #2284, #3357, #1653, .T. ) ;
#3304 = DIRECTION ( 'NONE',  ( 0.0000000000000000000, -1.000000000000000000, 0.0000000000000000000 ) ) ;
#3305 = CARTESIAN_POINT ( 'NONE',  ( 17.25000000000000000, -5.036000000000000476, 6.757601037695098523E-16 ) ) ;
#3306 = EDGE_LOOP ( 'NONE', ( #2239, #2028, #1984, #1801, #1800 ) ) ;
#3307 = VERTEX_POINT ( 'NONE', #173 ) ;
#3308 = EDGE_CURVE ( 'NONE', #979, #2284, #2570, .T. ) ;
#3309 = DIRECTION ( 'NONE',  ( -1.000000000000000000, -1.224606353822377258E-16, -0.0000000000000000000 ) ) ;
#3310 = CARTESIAN_POINT ( 'NONE',  ( 6.000000000000000000, -2.919948986426525117, 5.057499999999995666 ) ) ;
#3311 = ORIENTED_EDGE ( 'NONE', *, *, #2534, .F. ) ;
#3312 = EDGE_CURVE ( 'NONE', #979, #3404, #1562, .T. ) ;
#3313 = EDGE_CURVE ( 'NONE', #3404, #588, #1289, .T. ) ;
#3314 = DIRECTION ( 'NONE',  ( 0.0000000000000000000, -1.000000000000000000, 0.0000000000000000000 ) ) ;
#3315 = CARTESIAN_POINT ( 'NONE',  ( 21.22500006683415918, 2.583919414749769470E-15, 0.0000000000000000000 ) ) ;
#3316 = CARTESIAN_POINT ( 'NONE',  ( 31.12500006683416132, 2.583919414749769470E-15, 0.0000000000000000000 ) ) ;
#3317 = ORIENTED_EDGE ( 'NONE', *, *, #3127, .T. ) ;
#3318 = DIRECTION ( 'NONE',  ( -1.000000000000000000, -0.0000000000000000000, -0.0000000000000000000 ) ) ;
#3319 = CARTESIAN_POINT ( 'NONE',  ( 6.000000000000000000, -5.839897972853062669, -4.336808689942017736E-16 ) ) ;
#3320 = EDGE_CURVE ( 'NONE', #1586, #1173, #1606, .T. ) ;
#3321 = DIRECTION ( 'NONE',  ( -0.0000000000000000000, -0.5000000000000011102, -0.8660254037844380415 ) ) ;
#3322 = ADVANCED_FACE ( 'NONE', ( #1248 ), #945, .T. ) ;
#3323 = ORIENTED_EDGE ( 'NONE', *, *, #572, .F. ) ;
#3324 = EDGE_CURVE ( 'NONE', #2840, #2499, #946, .T. ) ;
#3325 = EDGE_CURVE ( 'NONE', #255, #2933, #1079, .T. ) ;
#3326 = DIRECTION ( 'NONE',  ( 0.0000000000000000000, 0.4999999999999989453, -0.8660254037844391517 ) ) ;
#3327 = CARTESIAN_POINT ( 'NONE',  ( 36.07500006683415705, 2.583919414749769470E-15, 0.0000000000000000000 ) ) ;
#3328 = CARTESIAN_POINT ( 'NONE',  ( 39.37500006683415421, 6.000000000000004441, 0.0000000000000000000 ) ) ;
#3329 = DIRECTION ( 'NONE',  ( 0.0000000000000000000, 0.0000000000000000000, 1.000000000000000000 ) ) ;
#3330 = LINE ( 'NONE', #3007, #3395 ) ;
#3331 = EDGE_CURVE ( 'NONE', #1204, #1135, #990, .T. ) ;
#3332 = EDGE_CURVE ( 'NONE', #1135, #1876, #986, .T. ) ;
#3333 = DIRECTION ( 'NONE',  ( 0.5735764363510450492, 0.8191520442889925757, 0.0000000000000000000 ) ) ;
#3334 = DIRECTION ( 'NONE',  ( 0.0000000000000000000, 1.000000000000000000, 0.0000000000000000000 ) ) ;
#3335 = DIRECTION ( 'NONE',  ( -1.000000000000000000, -1.224606353822377258E-16, -0.0000000000000000000 ) ) ;
#3336 = ADVANCED_FACE ( 'NONE', ( #799 ), #492, .T. ) ;
#3337 = VERTEX_POINT ( 'NONE', #229 ) ;
#3338 = EDGE_CURVE ( 'NONE', #1948, #1876, #872, .T. ) ;
#3339 = CARTESIAN_POINT ( 'NONE',  ( 29.47500006683415918, -6.000000000000000888, 7.347880794884123680E-16 ) ) ;
#3340 = CARTESIAN_POINT ( 'NONE',  ( 24.82499993316583087, -2.041485741050470004E-29, 6.000000000000002665 ) ) ;
#3341 = EDGE_CURVE ( 'NONE', #3416, #1948, #802, .T. ) ;
#3342 = ORIENTED_EDGE ( 'NONE', *, *, #3341, .T. ) ;
#3343 = VERTEX_POINT ( 'NONE', #219 ) ;
#3344 = DIRECTION ( 'NONE',  ( 0.0000000000000000000, 0.0000000000000000000, 1.000000000000000000 ) ) ;
#3345 = VECTOR ( 'NONE', #858, 1000.000000000000000 ) ;
#3346 = ORIENTED_EDGE ( 'NONE', *, *, #3128, .F. ) ;
#3347 = DIRECTION ( 'NONE',  ( 1.000000000000000000, 1.224606353822377258E-16, 0.0000000000000000000 ) ) ;
#3348 = DIRECTION ( 'NONE',  ( 0.0000000000000000000, -1.000000000000000000, 0.0000000000000000000 ) ) ;
#3349 = EDGE_CURVE ( 'NONE', #1204, #3416, #1121, .T. ) ;
#3350 = EDGE_CURVE ( 'NONE', #1204, #1426, #538, .T. ) ;
#3351 = LINE ( 'NONE', #758, #1 ) ;
#3352 = ORIENTED_EDGE ( 'NONE', *, *, #3507, .T. ) ;
#3353 = DIRECTION ( 'NONE',  ( -1.000000000000000000, -1.224606353822377258E-16, -0.0000000000000000000 ) ) ;
#3354 = DIRECTION ( 'NONE',  ( 0.0000000000000000000, -1.000000000000000000, 1.336710962791343496E-15 ) ) ;
#3355 = ADVANCED_FACE ( 'NONE', ( #638 ), #137, .T. ) ;
#3356 = CIRCLE ( 'NONE', #1645, 5.036000000000003141 ) ;
#3357 = VERTEX_POINT ( 'NONE', #3054 ) ;
#3358 = ORIENTED_EDGE ( 'NONE', *, *, #556, .T. ) ;
#3359 = EDGE_CURVE ( 'NONE', #1426, #2933, #235, .T. ) ;
#3360 = EDGE_CURVE ( 'NONE', #249, #3483, #295, .T. ) ;
#3361 = EDGE_LOOP ( 'NONE', ( #904, #375, #1021, #1243 ) ) ;
#3362 = ORIENTED_EDGE ( 'NONE', *, *, #164, .T. ) ;
#3363 = ORIENTED_EDGE ( 'NONE', *, *, #3050, .F. ) ;
#3364 = DIRECTION ( 'NONE',  ( -1.000000000000000000, -0.0000000000000000000, -0.0000000000000000000 ) ) ;
#3365 = EDGE_CURVE ( 'NONE', #1567, #919, #181, .T. ) ;
#3366 = CARTESIAN_POINT ( 'NONE',  ( 6.000000000000000000, -5.839897972853062669, -4.336808689942017736E-16 ) ) ;
#3367 = DIRECTION ( 'NONE',  ( -1.000000000000000000, -1.224606353822377258E-16, -0.0000000000000000000 ) ) ;
#3368 = ORIENTED_EDGE ( 'NONE', *, *, #2998, .F. ) ;
#3369 = ORIENTED_EDGE ( 'NONE', *, *, #352, .T. ) ;
#3370 = FACE_OUTER_BOUND ( 'NONE', #1241, .T. ) ;
#3371 = CARTESIAN_POINT ( 'NONE',  ( 6.000000000000000000, 2.919948986426539772, 5.057499999999989448 ) ) ;
#3372 = ORIENTED_EDGE ( 'NONE', *, *, #3480, .T. ) ;
#3373 = DIRECTION ( 'NONE',  ( 0.0000000000000000000, 1.000000000000000000, 0.0000000000000000000 ) ) ;
#3374 = CARTESIAN_POINT ( 'NONE',  ( 18.22499993316582945, 7.347880794883917590E-16, -6.000000000000002665 ) ) ;
#3375 = EDGE_CURVE ( 'NONE', #1376, #810, #3351, .T. ) ;
#3376 = EDGE_CURVE ( 'NONE', #1212, #1000, #25, .T. ) ;
#3377 = CIRCLE ( 'NONE', #1612, 6.000000000000002665 ) ;
#3378 = ORIENTED_EDGE ( 'NONE', *, *, #524, .F. ) ;
#3379 = DIRECTION ( 'NONE',  ( 1.000000000000000000, 1.224606353822377258E-16, 0.0000000000000000000 ) ) ;
#3380 = ORIENTED_EDGE ( 'NONE', *, *, #759, .T. ) ;
#3381 = EDGE_CURVE ( 'NONE', #1832, #406, #69, .T. ) ;
#3382 = ORIENTED_EDGE ( 'NONE', *, *, #3256, .F. ) ;
#3383 = EDGE_CURVE ( 'NONE', #453, #3212, #45, .T. ) ;
#3384 = CARTESIAN_POINT ( 'NONE',  ( -31.74999999999995737, 0.0000000000000000000, 0.0000000000000000000 ) ) ;
#3385 = CARTESIAN_POINT ( 'NONE',  ( 34.72499993316582589, -2.041485741050470004E-29, 6.000000000000002665 ) ) ;
#3386 = DIRECTION ( 'NONE',  ( 0.0000000000000000000, -1.000000000000000000, 0.0000000000000000000 ) ) ;
#3387 = VERTEX_POINT ( 'NONE', #1091 ) ;
#3388 = CARTESIAN_POINT ( 'NONE',  ( 27.15000000000000213, 2.501258477682205392E-15, 0.0000000000000000000 ) ) ;
#3389 = DIRECTION ( 'NONE',  ( -1.000000000000000000, -1.224606353822377258E-16, -0.0000000000000000000 ) ) ;
#3390 = EDGE_CURVE ( 'NONE', #562, #2757, #156, .T. ) ;
#3391 = CARTESIAN_POINT ( 'NONE',  ( 6.000000000000000000, -2.919948986426536663, -5.057500000000003659 ) ) ;
#3392 = ORIENTED_EDGE ( 'NONE', *, *, #2918, .T. ) ;
#3393 = ORIENTED_EDGE ( 'NONE', *, *, #540, .T. ) ;
#3394 = ORIENTED_EDGE ( 'NONE', *, *, #2990, .F. ) ;
#3395 = VECTOR ( 'NONE', #2111, 1000.000000000000000 ) ;
#3396 = CARTESIAN_POINT ( 'NONE',  ( 6.000000000000000000, -5.839897972853062669, -4.336808689942017736E-16 ) ) ;
#3397 = EDGE_CURVE ( 'NONE', #1343, #1376, #11, .T. ) ;
#3398 = ORIENTED_EDGE ( 'NONE', *, *, #549, .T. ) ;
#3399 = DIRECTION ( 'NONE',  ( -1.000000000000000000, -0.0000000000000000000, -0.0000000000000000000 ) ) ;
#3400 = CIRCLE ( 'NONE', #1926, 5.036000000000003141 ) ;
#3401 = CARTESIAN_POINT ( 'NONE',  ( 17.25000000000000000, 2.501258477682205392E-15, 0.0000000000000000000 ) ) ;
#3402 = DIRECTION ( 'NONE',  ( 0.0000000000000000000, 0.4999999999999989453, -0.8660254037844391517 ) ) ;
#3403 = ORIENTED_EDGE ( 'NONE', *, *, #691, .T. ) ;
#3404 = VERTEX_POINT ( 'NONE', #1025 ) ;
#3405 = EDGE_CURVE ( 'NONE', #1376, #562, #121, .T. ) ;
#3406 = DIRECTION ( 'NONE',  ( 0.0000000000000000000, -1.000000000000000000, 0.0000000000000000000 ) ) ;
#3407 = EDGE_CURVE ( 'NONE', #813, #31, #105, .T. ) ;
#3408 = DIRECTION ( 'NONE',  ( -1.000000000000000000, -0.0000000000000000000, -0.0000000000000000000 ) ) ;
#3409 = ORIENTED_EDGE ( 'NONE', *, *, #3097, .T. ) ;
#3410 = CARTESIAN_POINT ( 'NONE',  ( -31.74999999999995737, 0.0000000000000000000, 5.999999999999952038 ) ) ;
#3411 = EDGE_CURVE ( 'NONE', #31, #453, #126, .T. ) ;
#3412 = CARTESIAN_POINT ( 'NONE',  ( 6.000000000000000000, 2.919948986426526005, -5.057500000000011653 ) ) ;
#3413 = LINE ( 'NONE', #825, #3345 ) ;
#3414 = ORIENTED_EDGE ( 'NONE', *, *, #3527, .F. ) ;
#3415 = DIRECTION ( 'NONE',  ( -1.000000000000000000, -0.0000000000000000000, -0.0000000000000000000 ) ) ;
#3416 = VERTEX_POINT ( 'NONE', #2202 ) ;
#3417 = EDGE_CURVE ( 'NONE', #810, #1567, #77, .T. ) ;
#3418 = EDGE_CURVE ( 'NONE', #3337, #249, #37, .T. ) ;
#3419 = VERTEX_POINT ( 'NONE', #2191 ) ;
#3420 = PLANE ( 'NONE',  #2681 ) ;
#3421 = ORIENTED_EDGE ( 'NONE', *, *, #3004, .T. ) ;
#3422 = FACE_OUTER_BOUND ( 'NONE', #80, .T. ) ;
#3423 = EDGE_CURVE ( 'NONE', #406, #998, #7, .T. ) ;
#3424 = ORIENTED_EDGE ( 'NONE', *, *, #3375, .F. ) ;
#3425 = CARTESIAN_POINT ( 'NONE',  ( 31.12500006683416132, 7.347880794883898855E-16, -6.000000000000002665 ) ) ;
#3426 = EDGE_CURVE ( 'NONE', #141, #1215, #19, .T. ) ;
#3427 = EDGE_CURVE ( 'NONE', #31, #562, #2641, .T. ) ;
#3428 = CARTESIAN_POINT ( 'NONE',  ( 6.000000000000000000, 2.919948986426526005, -5.057500000000011653 ) ) ;
#3429 = CARTESIAN_POINT ( 'NONE',  ( 23.85000000000000142, -5.036000000000000476, 6.757601037695098523E-16 ) ) ;
#3430 = EDGE_CURVE ( 'NONE', #255, #998, #3519, .T. ) ;
#3431 = CARTESIAN_POINT ( 'NONE',  ( 0.6000000000000033085, 1.102182119232617714E-15, -9.000000000000000000 ) ) ;
#3432 = EDGE_CURVE ( 'NONE', #1832, #876, #3565, .T. ) ;
#3433 = ORIENTED_EDGE ( 'NONE', *, *, #3085, .F. ) ;
#3434 = EDGE_CURVE ( 'NONE', #175, #2683, #3023, .T. ) ;
#3435 = CARTESIAN_POINT ( 'NONE',  ( -31.74999999999995737, 0.0000000000000000000, 0.0000000000000000000 ) ) ;
#3436 = ORIENTED_EDGE ( 'NONE', *, *, #540, .F. ) ;
#3437 = CARTESIAN_POINT ( 'NONE',  ( 21.52499993316583016, 7.347880794883921535E-16, -6.000000000000002665 ) ) ;
#3438 = EDGE_CURVE ( 'NONE', #943, #2255, #3472, .T. ) ;
#3439 = DIRECTION ( 'NONE',  ( -1.000000000000000000, -0.0000000000000000000, -0.0000000000000000000 ) ) ;
#3440 = EDGE_CURVE ( 'NONE', #2364, #764, #2768, .T. ) ;
#3441 = EDGE_CURVE ( 'NONE', #2255, #1637, #2582, .T. ) ;
#3442 = VECTOR ( 'NONE', #2481, 999.9999999999998863 ) ;
#3443 = CARTESIAN_POINT ( 'NONE',  ( 6.000000000000000000, 2.919948986426526005, -5.057500000000011653 ) ) ;
#3444 = EDGE_CURVE ( 'NONE', #2579, #1637, #2496, .T. ) ;
#3445 = ADVANCED_FACE ( 'NONE', ( #3259 ), #662, .T. ) ;
#3446 = ORIENTED_EDGE ( 'NONE', *, *, #2920, .F. ) ;
#3447 = DIRECTION ( 'NONE',  ( 0.0000000000000000000, -1.000000000000000000, 1.336710962791343496E-15 ) ) ;
#3448 = DIRECTION ( 'NONE',  ( -1.000000000000000000, -1.224606353822377258E-16, -0.0000000000000000000 ) ) ;
#3449 = ORIENTED_EDGE ( 'NONE', *, *, #507, .F. ) ;
#3450 = CARTESIAN_POINT ( 'NONE',  ( 24.52500006683415990, -2.195560136601448872E-29, 6.000000000000002665 ) ) ;
#3451 = ORIENTED_EDGE ( 'NONE', *, *, #3581, .F. ) ;
#3452 = ORIENTED_EDGE ( 'NONE', *, *, #3470, .F. ) ;
#3453 = EDGE_CURVE ( 'NONE', #1042, #3261, #1221, .T. ) ;
#3454 = ORIENTED_EDGE ( 'NONE', *, *, #2953, .T. ) ;
#3455 = CIRCLE ( 'NONE', #1658, 6.000000000000002665 ) ;
#3456 = DIRECTION ( 'NONE',  ( 0.0000000000000000000, -1.000000000000000000, 0.0000000000000000000 ) ) ;
#3457 = DIRECTION ( 'NONE',  ( -1.000000000000000000, -1.224606353822377258E-16, -0.0000000000000000000 ) ) ;
#3458 = ORIENTED_EDGE ( 'NONE', *, *, #3622, .T. ) ;
#3459 = EDGE_CURVE ( 'NONE', #1097, #2579, #1488, .T. ) ;
#3460 = VERTEX_POINT ( 'NONE', #627 ) ;
#3461 = EDGE_CURVE ( 'NONE', #1902, #943, #201, .T. ) ;
#3462 = ORIENTED_EDGE ( 'NONE', *, *, #3489, .T. ) ;
#3463 = ORIENTED_EDGE ( 'NONE', *, *, #740, .F. ) ;
#3464 = VERTEX_POINT ( 'NONE', #543 ) ;
#3465 = VECTOR ( 'NONE', #3248, 1000.000000000000000 ) ;
#3466 = CARTESIAN_POINT ( 'NONE',  ( 6.000000000000000000, 5.839897972853065333, -1.517883041479706208E-14 ) ) ;
#3467 = CIRCLE ( 'NONE', #1570, 6.000000000000002665 ) ;
#3468 = ORIENTED_EDGE ( 'NONE', *, *, #3085, .T. ) ;
#3469 = ORIENTED_EDGE ( 'NONE', *, *, #1313, .F. ) ;
#3470 = EDGE_CURVE ( 'NONE', #1045, #2364, #917, .T. ) ;
#3471 = EDGE_CURVE ( 'NONE', #2735, #1045, #153, .T. ) ;
#3472 = CIRCLE ( 'NONE', #1699, 6.000000000000002665 ) ;
#3473 = EDGE_CURVE ( 'NONE', #2735, #1902, #2368, .T. ) ;
#3474 = CARTESIAN_POINT ( 'NONE',  ( 22.87500006683415776, 2.583919414749769470E-15, 0.0000000000000000000 ) ) ;
#3475 = CARTESIAN_POINT ( 'NONE',  ( 28.12499993316582803, -5.999999999999999112, 0.0000000000000000000 ) ) ;
#3476 = ORIENTED_EDGE ( 'NONE', *, *, #681, .F. ) ;
#3477 = VERTEX_POINT ( 'NONE', #288 ) ;
#3478 = EDGE_CURVE ( 'NONE', #555, #203, #1923, .T. ) ;
#3479 = CARTESIAN_POINT ( 'NONE',  ( 17.25000000000000000, 5.036000000000005805, 0.0000000000000000000 ) ) ;
#3480 = EDGE_CURVE ( 'NONE', #1609, #1212, #2471, .T. ) ;
#3481 = DIRECTION ( 'NONE',  ( 0.0000000000000000000, -1.000000000000000000, 0.0000000000000000000 ) ) ;
#3482 = DIRECTION ( 'NONE',  ( 0.0000000000000000000, -1.000000000000000000, 0.0000000000000000000 ) ) ;
#3483 = VERTEX_POINT ( 'NONE', #180 ) ;
#3484 = ORIENTED_EDGE ( 'NONE', *, *, #3055, .T. ) ;
#3485 = UNCERTAINTY_MEASURE_WITH_UNIT (LENGTH_MEASURE( 1.000000000000000082E-05 ), #950, 'distance_accuracy_value', 'NONE');
#3486 = ORIENTED_EDGE ( 'NONE', *, *, #250, .F. ) ;
#3487 = ORIENTED_EDGE ( 'NONE', *, *, #2977, .F. ) ;
#3488 = EDGE_CURVE ( 'NONE', #2314, #453, #1778, .T. ) ;
#3489 = EDGE_CURVE ( 'NONE', #555, #828, #2043, .T. ) ;
#3490 = DIRECTION ( 'NONE',  ( -1.000000000000000000, -1.224606353822377258E-16, -0.0000000000000000000 ) ) ;
#3491 = CARTESIAN_POINT ( 'NONE',  ( 6.000000000000000000, 5.839897972853065333, -1.517883041479706208E-14 ) ) ;
#3492 = VERTEX_POINT ( 'NONE', #225 ) ;
#3493 = ORIENTED_EDGE ( 'NONE', *, *, #119, .F. ) ;
#3494 = EDGE_CURVE ( 'NONE', #1393, #2255, #974, .T. ) ;
#3495 = LINE ( 'NONE', #3227, #3620 ) ;
#3496 = CARTESIAN_POINT ( 'NONE',  ( 18.89999999999999858, 2.501258477682205392E-15, 0.0000000000000000000 ) ) ;
#3497 = DIRECTION ( 'NONE',  ( 0.0000000000000000000, -1.000000000000000000, 0.0000000000000000000 ) ) ;
#3498 = DIRECTION ( 'NONE',  ( -0.0000000000000000000, 0.0000000000000000000, 1.000000000000000000 ) ) ;
#3499 = CARTESIAN_POINT ( 'NONE',  ( 22.19999999999999929, 5.036000000000005805, 6.167321280506074351E-16 ) ) ;
#3500 = EDGE_CURVE ( 'NONE', #1832, #882, #1462, .T. ) ;
#3501 = ORIENTED_EDGE ( 'NONE', *, *, #3602, .F. ) ;
#3502 = DIRECTION ( 'NONE',  ( 0.0000000000000000000, -0.5000000000000012212, -0.8660254037844380415 ) ) ;
#3503 = CARTESIAN_POINT ( 'NONE',  ( 37.04999999999999716, 2.501258477682205392E-15, 0.0000000000000000000 ) ) ;
#3504 = DIRECTION ( 'NONE',  ( 0.0000000000000000000, -0.5000000000000012212, -0.8660254037844380415 ) ) ;
#3505 = CARTESIAN_POINT ( 'NONE',  ( 21.22500006683415918, 2.583919414749769470E-15, 0.0000000000000000000 ) ) ;
#3506 = ADVANCED_FACE ( 'NONE', ( #1148 ), #2667, .T. ) ;
#3507 = EDGE_CURVE ( 'NONE', #882, #810, #319, .T. ) ;
#3508 = VERTEX_POINT ( 'NONE', #3592 ) ;
#3509 = CARTESIAN_POINT ( 'NONE',  ( 29.47500006683415918, -2.195560136601448872E-29, 6.000000000000002665 ) ) ;
#3510 = EDGE_CURVE ( 'NONE', #764, #175, #1546, .T. ) ;
#3511 = VERTEX_POINT ( 'NONE', #3606 ) ;
#3512 = DIRECTION ( 'NONE',  ( -0.5735764363510532649, 0.8191520442889868026, 1.003171929053518707E-16 ) ) ;
#3513 = VERTEX_POINT ( 'NONE', #241 ) ;
#3514 = EDGE_CURVE ( 'NONE', #1113, #287, #3455, .T. ) ;
#3515 = VERTEX_POINT ( 'NONE', #3596 ) ;
#3516 = DIRECTION ( 'NONE',  ( -1.000000000000000000, -1.224606353822377258E-16, -0.0000000000000000000 ) ) ;
#3517 = DIRECTION ( 'NONE',  ( 1.000000000000000000, 1.224606353822377258E-16, 0.0000000000000000000 ) ) ;
#3518 = CARTESIAN_POINT ( 'NONE',  ( -0.0000000000000000000, -5.839897972853062669, -4.336808689942017736E-16 ) ) ;
#3519 = CIRCLE ( 'NONE', #1704, 6.000000000000002665 ) ;
#3520 = EDGE_CURVE ( 'NONE', #287, #1159, #1938, .T. ) ;
#3521 = DIRECTION ( 'NONE',  ( -1.000000000000000000, -0.0000000000000000000, -0.0000000000000000000 ) ) ;
#3522 = EDGE_CURVE ( 'NONE', #1042, #1097, #2576, .T. ) ;
#3523 = CARTESIAN_POINT ( 'NONE',  ( 6.000000000000000000, 0.0000000000000000000, 0.0000000000000000000 ) ) ;
#3524 = ORIENTED_EDGE ( 'NONE', *, *, #3052, .F. ) ;
#3525 = ORIENTED_EDGE ( 'NONE', *, *, #303, .F. ) ;
#3526 = DIRECTION ( 'NONE',  ( 0.0000000000000000000, -1.000000000000000000, 0.0000000000000000000 ) ) ;
#3527 = EDGE_CURVE ( 'NONE', #2735, #1393, #3356, .T. ) ;
#3528 = DIRECTION ( 'NONE',  ( -1.000000000000000000, -0.0000000000000000000, -0.0000000000000000000 ) ) ;
#3529 = CARTESIAN_POINT ( 'NONE',  ( -31.74999999999995737, 0.0000000000000000000, 5.999999999999952038 ) ) ;
#3530 = CARTESIAN_POINT ( 'NONE',  ( 22.87500006683415776, 6.000000000000004441, 0.0000000000000000000 ) ) ;
#3531 = DIRECTION ( 'NONE',  ( 0.0000000000000000000, 0.0000000000000000000, 1.000000000000000000 ) ) ;
#3532 = VERTEX_POINT ( 'NONE', #3518 ) ;
#3533 = ADVANCED_FACE ( 'NONE', ( #1337 ), #2158, .T. ) ;
#3534 = DIRECTION ( 'NONE',  ( 0.0000000000000000000, -1.000000000000000000, 0.0000000000000000000 ) ) ;
#3535 = DIRECTION ( 'NONE',  ( -1.000000000000000000, -1.224606353822377258E-16, -0.0000000000000000000 ) ) ;
#3536 = DIRECTION ( 'NONE',  ( 0.0000000000000000000, 1.000000000000000000, 0.0000000000000000000 ) ) ;
#3537 = ORIENTED_EDGE ( 'NONE', *, *, #3478, .F. ) ;
#3538 = CIRCLE ( 'NONE', #1920, 6.000000000000002665 ) ;
#3539 = VERTEX_POINT ( 'NONE', #3429 ) ;
#3540 = CARTESIAN_POINT ( 'NONE',  ( 21.52499993316583016, 2.418597540614639737E-15, 0.0000000000000000000 ) ) ;
#3541 = DIRECTION ( 'NONE',  ( -1.000000000000000000, -1.224606353822377258E-16, -0.0000000000000000000 ) ) ;
#3542 = VERTEX_POINT ( 'NONE', #3425 ) ;
#3543 = ORIENTED_EDGE ( 'NONE', *, *, #3030, .F. ) ;
#3544 = EDGE_CURVE ( 'NONE', #523, #3279, #726, .T. ) ;
#3545 = CARTESIAN_POINT ( 'NONE',  ( -31.74999999999995737, 0.0000000000000000000, 0.0000000000000000000 ) ) ;
#3546 = EDGE_CURVE ( 'NONE', #2364, #1577, #1254, .T. ) ;
#3547 = CARTESIAN_POINT ( 'NONE',  ( 20.55000000000000071, 5.036000000000005805, 6.167321280506074351E-16 ) ) ;
#3548 = CARTESIAN_POINT ( 'NONE',  ( 12.00000000000000178, 0.0000000000000000000, 0.0000000000000000000 ) ) ;
#3549 = EDGE_LOOP ( 'NONE', ( #790, #1149, #1810, #2520, #2997 ) ) ;
#3550 = ADVANCED_FACE ( 'NONE', ( #3422 ), #2153, .T. ) ;
#3551 = ORIENTED_EDGE ( 'NONE', *, *, #3489, .F. ) ;
#3552 = ORIENTED_EDGE ( 'NONE', *, *, #99, .F. ) ;
#3553 = CARTESIAN_POINT ( 'NONE',  ( 27.82500006683415705, 2.583919414749769470E-15, 0.0000000000000000000 ) ) ;
#3554 = DIRECTION ( 'NONE',  ( 0.0000000000000000000, 0.0000000000000000000, 1.000000000000000000 ) ) ;
#3555 = ORIENTED_EDGE ( 'NONE', *, *, #1499, .T. ) ;
#3556 = ADVANCED_FACE ( 'NONE', ( #1803 ), #3006, .T. ) ;
#3557 = ORIENTED_EDGE ( 'NONE', *, *, #3381, .F. ) ;
#3558 = DIRECTION ( 'NONE',  ( -1.000000000000000000, -0.0000000000000000000, -0.0000000000000000000 ) ) ;
#3559 = CARTESIAN_POINT ( 'NONE',  ( 6.000000000000000000, 0.0000000000000000000, 0.0000000000000000000 ) ) ;
#3560 = EDGE_CURVE ( 'NONE', #1874, #3261, #3377, .T. ) ;
#3561 = EDGE_CURVE ( 'NONE', #696, #943, #2241, .T. ) ;
#3562 = DIRECTION ( 'NONE',  ( -1.000000000000000000, -0.0000000000000000000, -0.0000000000000000000 ) ) ;
#3563 = EDGE_CURVE ( 'NONE', #1609, #101, #2919, .T. ) ;
#3564 = VERTEX_POINT ( 'NONE', #3340 ) ;
#3565 = LINE ( 'NONE', #1198, #3465 ) ;
#3566 = ORIENTED_EDGE ( 'NONE', *, *, #1499, .F. ) ;
#3567 = CARTESIAN_POINT ( 'NONE',  ( -31.74999999999995737, 7.347880794884060572E-16, -5.999999999999952038 ) ) ;
#3568 = DIRECTION ( 'NONE',  ( 0.0000000000000000000, 0.0000000000000000000, 1.000000000000000000 ) ) ;
#3569 = EDGE_CURVE ( 'NONE', #101, #44, #3625, .T. ) ;
#3570 = ORIENTED_EDGE ( 'NONE', *, *, #3052, .T. ) ;
#3571 = ADVANCED_FACE ( 'NONE', ( #1470 ), #1486, .T. ) ;
#3572 = DIRECTION ( 'NONE',  ( 0.5735764363510452712, -0.8191520442889924647, 1.003171929053525610E-16 ) ) ;
#3573 = ORIENTED_EDGE ( 'NONE', *, *, #3172, .T. ) ;
#3574 = ORIENTED_EDGE ( 'NONE', *, *, #750, .F. ) ;
#3575 = DIRECTION ( 'NONE',  ( 0.0000000000000000000, -1.000000000000000000, 0.0000000000000000000 ) ) ;
#3576 = DIRECTION ( 'NONE',  ( -1.000000000000000000, -1.224606353822377258E-16, -0.0000000000000000000 ) ) ;
#3577 = DIRECTION ( 'NONE',  ( 0.0000000000000000000, -1.000000000000000000, 0.0000000000000000000 ) ) ;
#3578 = EDGE_LOOP ( 'NONE', ( #1629, #1961, #1915, #2289, #2166 ) ) ;
#3579 = ADVANCED_FACE ( 'NONE', ( #2941 ), #97, .T. ) ;
#3580 = CARTESIAN_POINT ( 'NONE',  ( 6.000000000000000000, 0.0000000000000000000, 0.0000000000000000000 ) ) ;
#3581 = EDGE_CURVE ( 'NONE', #1577, #411, #940, .T. ) ;
#3582 = DIRECTION ( 'NONE',  ( -1.000000000000000000, -0.0000000000000000000, -0.0000000000000000000 ) ) ;
#3583 = CARTESIAN_POINT ( 'NONE',  ( 18.22499993316582945, 2.418597540614639737E-15, 0.0000000000000000000 ) ) ;
#3584 = DIRECTION ( 'NONE',  ( 0.0000000000000000000, 0.0000000000000000000, 1.000000000000000000 ) ) ;
#3585 = VERTEX_POINT ( 'NONE', #3200 ) ;
#3586 = CARTESIAN_POINT ( 'NONE',  ( 36.07500006683415705, 2.583919414749769470E-15, 0.0000000000000000000 ) ) ;
#3587 = CARTESIAN_POINT ( 'NONE',  ( 32.77500006683415990, 6.000000000000004441, 0.0000000000000000000 ) ) ;
#3588 = ADVANCED_FACE ( 'NONE', ( #3652 ), #1467, .T. ) ;
#3589 = ORIENTED_EDGE ( 'NONE', *, *, #177, .F. ) ;
#3590 = EDGE_CURVE ( 'NONE', #411, #2683, #2844, .T. ) ;
#3591 = CARTESIAN_POINT ( 'NONE',  ( 32.77500006683415990, 6.000000000000005329, 0.0000000000000000000 ) ) ;
#3592 = CARTESIAN_POINT ( 'NONE',  ( 8.919948986426568638, 0.0000000000000000000, 0.0000000000000000000 ) ) ;
#3593 = UNCERTAINTY_MEASURE_WITH_UNIT (LENGTH_MEASURE( 1.000000000000000082E-05 ), #2544, 'distance_accuracy_value', 'NONE');
#3594 = ADVANCED_FACE ( 'NONE', ( #2823 ), #2324, .T. ) ;
#3595 = CARTESIAN_POINT ( 'NONE',  ( 17.25000000000000000, 2.501258477682205392E-15, 0.0000000000000000000 ) ) ;
#3596 = CARTESIAN_POINT ( 'NONE',  ( 23.85000000000000142, 5.036000000000005805, 0.0000000000000000000 ) ) ;
#3597 = EDGE_CURVE ( 'NONE', #3261, #1159, #1403, .T. ) ;
#3598 = EDGE_CURVE ( 'NONE', #1393, #764, #2096, .T. ) ;
#3599 = ORIENTED_EDGE ( 'NONE', *, *, #3030, .T. ) ;
#3600 = ORIENTED_EDGE ( 'NONE', *, *, #3350, .T. ) ;
#3601 = DIRECTION ( 'NONE',  ( -1.000000000000000000, -0.0000000000000000000, -0.0000000000000000000 ) ) ;
#3602 = EDGE_CURVE ( 'NONE', #406, #1567, #262, .T. ) ;
#3603 = EDGE_LOOP ( 'NONE', ( #183, #2494, #2360, #3656, #1563 ) ) ;
#3604 = EDGE_CURVE ( 'NONE', #1163, #3026, #3467, .T. ) ;
#3605 = DIRECTION ( 'NONE',  ( -1.000000000000000000, -1.224606353822377258E-16, -0.0000000000000000000 ) ) ;
#3606 = CARTESIAN_POINT ( 'NONE',  ( 27.82500006683415705, -6.000000000000000888, 7.347880794884123680E-16 ) ) ;
#3607 = DIRECTION ( 'NONE',  ( 0.0000000000000000000, -1.000000000000000000, 0.0000000000000000000 ) ) ;
#3608 = ORIENTED_EDGE ( 'NONE', *, *, #2986, .T. ) ;
#3609 = CARTESIAN_POINT ( 'NONE',  ( 28.80000000000000071, 2.501258477682205392E-15, 0.0000000000000000000 ) ) ;
#3610 = EDGE_CURVE ( 'NONE', #3279, #786, #1344, .T. ) ;
#3611 = ORIENTED_EDGE ( 'NONE', *, *, #3325, .T. ) ;
#3612 = DIRECTION ( 'NONE',  ( -1.000000000000000000, -1.224606353822377258E-16, -0.0000000000000000000 ) ) ;
#3613 = CARTESIAN_POINT ( 'NONE',  ( 38.02499993316582305, -2.041485741050470004E-29, 6.000000000000002665 ) ) ;
#3614 = ORIENTED_EDGE ( 'NONE', *, *, #2917, .T. ) ;
#3615 = ADVANCED_FACE ( 'NONE', ( #2029 ), #1721, .T. ) ;
#3616 = CARTESIAN_POINT ( 'NONE',  ( -31.74999999999995737, 0.0000000000000000000, 0.0000000000000000000 ) ) ;
#3617 = DIRECTION ( 'NONE',  ( 1.000000000000000000, 1.224606353822377258E-16, 0.0000000000000000000 ) ) ;
#3618 = EDGE_CURVE ( 'NONE', #3026, #786, #166, .T. ) ;
#3619 = ORIENTED_EDGE ( 'NONE', *, *, #524, .T. ) ;
#3620 = VECTOR ( 'NONE', #2974, 1000.000000000000000 ) ;
#3621 = ORIENTED_EDGE ( 'NONE', *, *, #2979, .T. ) ;
#3622 = EDGE_CURVE ( 'NONE', #3357, #1874, #546, .T. ) ;
#3623 = DIRECTION ( 'NONE',  ( 0.0000000000000000000, -1.000000000000000000, 0.0000000000000000000 ) ) ;
#3624 = EDGE_CURVE ( 'NONE', #3071, #696, #3078, .T. ) ;
#3625 = CIRCLE ( 'NONE', #1611, 6.000000000000002665 ) ;
#3626 = ORIENTED_EDGE ( 'NONE', *, *, #3569, .T. ) ;
#3627 = DIRECTION ( 'NONE',  ( 0.0000000000000000000, -1.000000000000000000, 0.0000000000000000000 ) ) ;
#3628 = CARTESIAN_POINT ( 'NONE',  ( 32.77500006683415990, 2.583919414749769470E-15, 0.0000000000000000000 ) ) ;
#3629 = ADVANCED_FACE ( 'NONE', ( #3370 ), #698, .T. ) ;
#3630 = ORIENTED_EDGE ( 'NONE', *, *, #515, .F. ) ;
#3631 = CARTESIAN_POINT ( 'NONE',  ( 17.92500006683415847, 2.583919414749769470E-15, 0.0000000000000000000 ) ) ;
#3632 = CARTESIAN_POINT ( 'NONE',  ( 32.10000000000000142, -5.036000000000000476, 0.0000000000000000000 ) ) ;
#3633 = DIRECTION ( 'NONE',  ( -1.000000000000000000, -1.224606353822377258E-16, -0.0000000000000000000 ) ) ;
#3634 = EDGE_LOOP ( 'NONE', ( #920, #2379, #864, #2866, #1339 ) ) ;
#3635 = ORIENTED_EDGE ( 'NONE', *, *, #3597, .F. ) ;
#3636 = CIRCLE ( 'NONE', #1854, 6.000000000000002665 ) ;
#3637 = ORIENTED_EDGE ( 'NONE', *, *, #688, .F. ) ;
#3638 = ORIENTED_EDGE ( 'NONE', *, *, #2977, .T. ) ;
#3639 = EDGE_CURVE ( 'NONE', #998, #1535, #1625, .T. ) ;
#3640 = EDGE_CURVE ( 'NONE', #696, #1097, #2893, .T. ) ;
#3641 = ORIENTED_EDGE ( 'NONE', *, *, #303, .T. ) ;
#3642 = DIRECTION ( 'NONE',  ( 0.0000000000000000000, -1.000000000000000000, 0.0000000000000000000 ) ) ;
#3643 = DIRECTION ( 'NONE',  ( 0.5735764363510452712, -0.8191520442889924647, 1.003171929053525610E-16 ) ) ;
#3644 = VECTOR ( 'NONE', #866, 1000.000000000000000 ) ;
#3645 = ORIENTED_EDGE ( 'NONE', *, *, #3434, .T. ) ;
#3646 = CARTESIAN_POINT ( 'NONE',  ( 39.67499993316582163, 6.000000000000006217, 7.347880794884123680E-16 ) ) ;
#3647 = CARTESIAN_POINT ( 'NONE',  ( 36.07500006683415705, -6.000000000000000000, 7.347880794884122694E-16 ) ) ;
#3648 = ORIENTED_EDGE ( 'NONE', *, *, #3359, .T. ) ;
#3649 = VERTEX_POINT ( 'NONE', #2947 ) ;
#3650 = CARTESIAN_POINT ( 'NONE',  ( 18.22499993316582945, 2.418597540614639737E-15, 0.0000000000000000000 ) ) ;
#3651 = ORIENTED_EDGE ( 'NONE', *, *, #712, .T. ) ;
#3652 = FACE_OUTER_BOUND ( 'NONE', #3603, .T. ) ;
#3653 = DIRECTION ( 'NONE',  ( -1.000000000000000000, -1.224606353822377258E-16, -0.0000000000000000000 ) ) ;
#3654 = EDGE_LOOP ( 'NONE', ( #138, #2984, #1256, #774, #257 ) ) ;
#3655 = DIRECTION ( 'NONE',  ( 0.5735764363510450492, 0.8191520442889925757, 0.0000000000000000000 ) ) ;
#3656 = ORIENTED_EDGE ( 'NONE', *, *, #3488, .T. ) ;
#3657 = EDGE_CURVE ( 'NONE', #658, #1874, #404, .T. ) ;
#3658 = DIRECTION ( 'NONE',  ( 0.0000000000000000000, 0.0000000000000000000, 1.000000000000000000 ) ) ;
#3659 = CARTESIAN_POINT ( 'NONE',  ( 19.57500006683415705, 2.583919414749769470E-15, 0.0000000000000000000 ) ) ;
#3660 = DIRECTION ( 'NONE',  ( 0.0000000000000000000, -1.000000000000000000, 0.0000000000000000000 ) ) ;
#3661 = CARTESIAN_POINT ( 'NONE',  ( 29.47500006683415918, 6.000000000000005329, 0.0000000000000000000 ) ) ;
#3662 = ORIENTED_EDGE ( 'NONE', *, *, #112, .F. ) ;
#3663 = DIRECTION ( 'NONE',  ( 0.0000000000000000000, -1.000000000000000000, 0.0000000000000000000 ) ) ;
#3664 = ORIENTED_EDGE ( 'NONE', *, *, #438, .T. ) ;
#3665 = EDGE_CURVE ( 'NONE', #739, #3071, #368, .T. ) ;
#3666 = EDGE_CURVE ( 'NONE', #739, #658, #1950, .T. ) ;
ENDSEC;
END-ISO-10303-21;
