ISO-10303-21;
HEADER;
FILE_DESCRIPTION (( 'STEP AP214' ),
    '1' );
FILE_NAME ('M12X70.STEP',
    '2021-06-12T16:22:34',
    ( '' ),
    ( '' ),
    'SwSTEP 2.0',
    'SolidWorks 2018',
    '' );
FILE_SCHEMA (( 'AUTOMOTIVE_DESIGN' ));
ENDSEC;

DATA;
#1 = CARTESIAN_POINT ( 'NONE',  ( 50.10357149540558197, 6.104662681989103693E-15, 0.0000000000000000000 ) ) ;
#2 = CARTESIAN_POINT ( 'NONE',  ( 46.00000000000000000, 5.036000000000012911, 0.0000000000000000000 ) ) ;
#3 = FACE_OUTER_BOUND ( 'NONE', #1882, .T. ) ;
#4 = ADVANCED_FACE ( 'NONE', ( #1515 ), #1475, .T. ) ;
#5 = CARTESIAN_POINT ( 'NONE',  ( 76.85714285714284699, 5.036000000000012911, 0.0000000000000000000 ) ) ;
#6 = CYLINDRICAL_SURFACE ( 'NONE', #1856, 5.999999999999866773 ) ;
#7 = CARTESIAN_POINT ( 'NONE',  ( 58.67500006683415137, 6.000000000000011546, 0.0000000000000000000 ) ) ;
#8 = CARTESIAN_POINT ( 'NONE',  ( 0.6000000000000033085, 0.0000000000000000000, 0.0000000000000000000 ) ) ;
#9 = ADVANCED_FACE ( 'NONE', ( #1510 ), #1505, .T. ) ;
#10 = VERTEX_POINT ( 'NONE', #3798 ) ;
#11 = ADVANCED_FACE ( 'NONE', ( #1468 ), #3799, .F. ) ;
#12 = CONICAL_SURFACE ( 'NONE', #1903, 6.000000000000006217, 0.9599310885968824758 ) ;
#13 = DIRECTION ( 'NONE',  ( 0.0000000000000000000, 0.0000000000000000000, 1.000000000000000000 ) ) ;
#14 = CARTESIAN_POINT ( 'NONE',  ( 50.10357149540558197, 6.000000000000012434, 0.0000000000000000000 ) ) ;
#15 = DIRECTION ( 'NONE',  ( -1.000000000000000000, -0.0000000000000000000, -0.0000000000000000000 ) ) ;
#16 = VERTEX_POINT ( 'NONE', #3812 ) ;
#17 = FACE_OUTER_BOUND ( 'NONE', #2932, .T. ) ;
#18 = DIRECTION ( 'NONE',  ( -1.000000000000000000, -0.0000000000000000000, -0.0000000000000000000 ) ) ;
#19 = DIRECTION ( 'NONE',  ( 0.0000000000000000000, -1.000000000000000000, 0.0000000000000000000 ) ) ;
#20 = ORIENTED_EDGE ( 'NONE', *, *, #3864, .F. ) ;
#21 = CONICAL_SURFACE ( 'NONE', #1911, 6.000000000000006217, 0.9599310885968824758 ) ;
#22 = ADVANCED_BREP_SHAPE_REPRESENTATION ( 'M12X70', ( #2951, #373 ), #427 ) ;
#23 = DIRECTION ( 'NONE',  ( 0.5735764363510452712, -0.8191520442889924647, 1.003171929053525610E-16 ) ) ;
#24 = DIRECTION ( 'NONE',  ( -0.5735764363510490460, -0.8191520442889896891, 0.0000000000000000000 ) ) ;
#25 = SURFACE_STYLE_FILL_AREA ( #1807 ) ;
#26 = CARTESIAN_POINT ( 'NONE',  ( -31.74999999999995737, 7.347880794883956047E-16, -5.999999999999866773 ) ) ;
#27 = CARTESIAN_POINT ( 'NONE',  ( -31.74999999999995737, 0.0000000000000000000, 0.0000000000000000000 ) ) ;
#28 = FACE_OUTER_BOUND ( 'NONE', #2711, .T. ) ;
#29 = CONICAL_SURFACE ( 'NONE', #1920, 5.036000000000006693, 0.9599310885968775908 ) ;
#30 = DIRECTION ( 'NONE',  ( 0.5735764363510452712, -0.8191520442889924647, 1.003171929053525610E-16 ) ) ;
#31 = DIRECTION ( 'NONE',  ( 0.0000000000000000000, 1.000000000000000000, -1.485234403101492904E-15 ) ) ;
#32 = CIRCLE ( 'NONE', #1880, 6.000000000000006217 ) ;
#33 = SURFACE_STYLE_FILL_AREA ( #3550 ) ;
#34 = CONICAL_SURFACE ( 'NONE', #1927, 5.036000000000006693, 0.9599310885968775908 ) ;
#35 = PRESENTATION_STYLE_ASSIGNMENT (( #4704 ) ) ;
#36 = CARTESIAN_POINT ( 'NONE',  ( 68.28571428571427759, 6.022001744921539221E-15, 0.0000000000000000000 ) ) ;
#37 = COLOUR_RGB ( '',0.7764705882352941346, 0.7568627450980391913, 0.7372549019607843590 ) ;
#38 = CARTESIAN_POINT ( 'NONE',  ( 66.57142857142856940, -5.036000000000000476, 0.0000000000000000000 ) ) ;
#39 = FACE_OUTER_BOUND ( 'NONE', #2347, .T. ) ;
#40 = CARTESIAN_POINT ( 'NONE',  ( -31.74999999999995737, 7.347880794883956047E-16, -5.999999999999866773 ) ) ;
#41 = CIRCLE ( 'NONE', #659, 6.000000000000006217 ) ;
#42 = CONICAL_SURFACE ( 'NONE', #1929, 6.000000000000006217, 0.9599310885968824758 ) ;
#43 = CARTESIAN_POINT ( 'NONE',  ( 79.24642863826272787, -6.000000000000000888, 7.347880794884127625E-16 ) ) ;
#44 = DIRECTION ( 'NONE',  ( 0.0000000000000000000, -1.000000000000000000, 0.0000000000000000000 ) ) ;
#45 = FACE_OUTER_BOUND ( 'NONE', #2009, .T. ) ;
#46 = LINE ( 'NONE', #854, #520 ) ;
#47 = DIRECTION ( 'NONE',  ( 0.5735764363510450492, 0.8191520442889925757, 0.0000000000000000000 ) ) ;
#48 = DIRECTION ( 'NONE',  ( -1.000000000000000000, -1.224606353822377258E-16, -0.0000000000000000000 ) ) ;
#49 = CARTESIAN_POINT ( 'NONE',  ( 64.18214279030868852, 5.939340807853974748E-15, 0.0000000000000000000 ) ) ;
#50 = CONICAL_SURFACE ( 'NONE', #1933, 6.000000000000006217, 0.9599310885968824758 ) ;
#51 = CARTESIAN_POINT ( 'NONE',  ( 50.10357149540558197, -6.000000000000000000, 7.347880794884126639E-16 ) ) ;
#52 = ORIENTED_EDGE ( 'NONE', *, *, #4048, .F. ) ;
#53 = FACE_OUTER_BOUND ( 'NONE', #3119, .T. ) ;
#54 = ORIENTED_EDGE ( 'NONE', *, *, #3209, .T. ) ;
#55 = CARTESIAN_POINT ( 'NONE',  ( 67.24642863826272787, -6.000000000000000000, 7.347880794884126639E-16 ) ) ;
#56 = ORIENTED_EDGE ( 'NONE', *, *, #3014, .T. ) ;
#57 = CONICAL_SURFACE ( 'NONE', #1934, 6.000000000000006217, 0.9599310885968824758 ) ;
#58 = DIRECTION ( 'NONE',  ( -0.5735764363510490460, -0.8191520442889896891, 0.0000000000000000000 ) ) ;
#59 = CIRCLE ( 'NONE', #1912, 5.036000000000006693 ) ;
#60 = ADVANCED_FACE ( 'NONE', ( #1487 ), #1439, .T. ) ;
#61 = CONICAL_SURFACE ( 'NONE', #1939, 6.000000000000006217, 0.9599310885968824758 ) ;
#62 = CARTESIAN_POINT ( 'NONE',  ( 79.24642863826272787, 6.104662681989103693E-15, 0.0000000000000000000 ) ) ;
#63 = VECTOR ( 'NONE', #3197, 1000.000000000000114 ) ;
#64 = LINE ( 'NONE', #4391, #130 ) ;
#65 = CARTESIAN_POINT ( 'NONE',  ( 49.42857142857142350, -5.036000000000000476, 0.0000000000000000000 ) ) ;
#66 = DIRECTION ( 'NONE',  ( -1.000000000000000000, -1.224606353822377258E-16, -0.0000000000000000000 ) ) ;
#67 = CARTESIAN_POINT ( 'NONE',  ( 46.67500006683415847, 7.347880794882700773E-16, -6.000000000000006217 ) ) ;
#68 = CARTESIAN_POINT ( 'NONE',  ( 67.61071421888011912, -1.386669559958809814E-28, 6.000000000000006217 ) ) ;
#69 = CARTESIAN_POINT ( 'NONE',  ( 69.32499993316584153, 6.000000000000023093, 7.347880794884140444E-16 ) ) ;
#70 = COLOUR_RGB ( '',0.7764705882352941346, 0.7568627450980391913, 0.7372549019607843590 ) ;
#71 = CIRCLE ( 'NONE', #455, 5.036000000000006693 ) ;
#72 = CARTESIAN_POINT ( 'NONE',  ( 65.53214292397701968, -6.000000000000000888, 7.347880794884127625E-16 ) ) ;
#73 = DIRECTION ( 'NONE',  ( -1.000000000000000000, -0.0000000000000000000, -0.0000000000000000000 ) ) ;
#74 = DIRECTION ( 'NONE',  ( -1.000000000000000000, -1.224606353822377258E-16, -0.0000000000000000000 ) ) ;
#75 = CONICAL_SURFACE ( 'NONE', #1956, 5.036000000000006693, 0.9599310885968775908 ) ;
#76 = ORIENTED_EDGE ( 'NONE', *, *, #3970, .F. ) ;
#77 = DIRECTION ( 'NONE',  ( -1.000000000000000000, -1.224606353822377258E-16, -0.0000000000000000000 ) ) ;
#78 = DIRECTION ( 'NONE',  ( 0.0000000000000000000, -1.000000000000000000, 0.0000000000000000000 ) ) ;
#79 = ORIENTED_EDGE ( 'NONE', *, *, #3274, .F. ) ;
#80 = CIRCLE ( 'NONE', #450, 6.000000000000006217 ) ;
#81 = ADVANCED_FACE ( 'NONE', ( #1450 ), #1502, .T. ) ;
#82 = CIRCLE ( 'NONE', #634, 5.057500000000000107 ) ;
#83 = ORIENTED_EDGE ( 'NONE', *, *, #3890, .T. ) ;
#84 = DIRECTION ( 'NONE',  ( -1.000000000000000000, -0.0000000000000000000, -0.0000000000000000000 ) ) ;
#85 = CARTESIAN_POINT ( 'NONE',  ( 50.10357149540558197, 6.104662681989103693E-15, 0.0000000000000000000 ) ) ;
#86 = DIRECTION ( 'NONE',  ( -1.000000000000000000, -1.224606353822377258E-16, -0.0000000000000000000 ) ) ;
#87 = FACE_OUTER_BOUND ( 'NONE', #2610, .T. ) ;
#88 = VECTOR ( 'NONE', #1480, 1000.000000000000000 ) ;
#89 = ORIENTED_EDGE ( 'NONE', *, *, #3337, .T. ) ;
#90 = CARTESIAN_POINT ( 'NONE',  ( 80.28571428571427759, -5.036000000000000476, 6.757601037695103453E-16 ) ) ;
#91 = DIRECTION ( 'NONE',  ( -1.000000000000000000, -1.224606353822377258E-16, -0.0000000000000000000 ) ) ;
#92 = ORIENTED_EDGE ( 'NONE', *, *, #3759, .F. ) ;
#93 = ORIENTED_EDGE ( 'NONE', *, *, #3752, .T. ) ;
#94 = FACE_OUTER_BOUND ( 'NONE', #2429, .T. ) ;
#95 = CARTESIAN_POINT ( 'NONE',  ( 68.96071435254843607, -6.000000000000000888, 7.347880794884127625E-16 ) ) ;
#96 = DIRECTION ( 'NONE',  ( 0.0000000000000000000, 1.000000000000000000, 0.0000000000000000000 ) ) ;
#97 = CYLINDRICAL_SURFACE ( 'NONE', #650, 5.999999999999866773 ) ;
#98 = CIRCLE ( 'NONE', #917, 5.036000000000006693 ) ;
#99 = VERTEX_POINT ( 'NONE', #3652 ) ;
#100 = FACE_OUTER_BOUND ( 'NONE', #2543, .T. ) ;
#101 = DIRECTION ( 'NONE',  ( 1.000000000000000000, 1.224606353822377258E-16, 0.0000000000000000000 ) ) ;
#102 = CARTESIAN_POINT ( 'NONE',  ( -31.74999999999995737, 0.0000000000000000000, 0.0000000000000000000 ) ) ;
#103 = DIRECTION ( 'NONE',  ( 0.0000000000000000000, -1.000000000000000000, 0.0000000000000000000 ) ) ;
#104 = CARTESIAN_POINT ( 'NONE',  ( 66.57142857142856940, 6.022001744921539221E-15, 0.0000000000000000000 ) ) ;
#105 = ADVANCED_FACE ( 'NONE', ( #1483 ), #1418, .T. ) ;
#106 = CARTESIAN_POINT ( 'NONE',  ( 79.24642863826272787, 7.347880794882700773E-16, -6.000000000000006217 ) ) ;
#107 = DIRECTION ( 'NONE',  ( 0.0000000000000000000, -1.000000000000000000, 0.0000000000000000000 ) ) ;
#108 = CONICAL_SURFACE ( 'NONE', #1974, 5.036000000000006693, 0.9599310885968775908 ) ;
#109 = ADVANCED_FACE ( 'NONE', ( #1460 ), #1408, .T. ) ;
#110 = VERTEX_POINT ( 'NONE', #3349 ) ;
#111 = DIRECTION ( 'NONE',  ( 0.0000000000000000000, 0.4999999999999990008, -0.8660254037844392627 ) ) ;
#112 = ADVANCED_FACE ( 'NONE', ( #1403 ), #3275, .F. ) ;
#113 = FACE_OUTER_BOUND ( 'NONE', #2884, .T. ) ;
#114 = ADVANCED_FACE ( 'NONE', ( #1453 ), #3407, .F. ) ;
#115 = DIRECTION ( 'NONE',  ( 0.0000000000000000000, 1.000000000000000000, 0.0000000000000000000 ) ) ;
#116 = DIRECTION ( 'NONE',  ( 0.0000000000000000000, 0.0000000000000000000, 1.000000000000000000 ) ) ;
#117 = CONICAL_SURFACE ( 'NONE', #1975, 6.000000000000006217, 0.9599310885968824758 ) ;
#118 = DIRECTION ( 'NONE',  ( -1.000000000000000000, -0.0000000000000000000, -0.0000000000000000000 ) ) ;
#119 = DIRECTION ( 'NONE',  ( 0.0000000000000000000, -1.000000000000000000, 0.0000000000000000000 ) ) ;
#120 = DIRECTION ( 'NONE',  ( -1.000000000000000000, -1.224606353822377258E-16, -0.0000000000000000000 ) ) ;
#121 = DIRECTION ( 'NONE',  ( -1.000000000000000000, -0.0000000000000000000, -0.0000000000000000000 ) ) ;
#122 = FACE_BOUND ( 'NONE', #1649, .T. ) ;
#123 = DIRECTION ( 'NONE',  ( 0.0000000000000000000, -1.000000000000000000, 0.0000000000000000000 ) ) ;
#124 = ORIENTED_EDGE ( 'NONE', *, *, #2788, .T. ) ;
#125 = CIRCLE ( 'NONE', #1560, 5.036000000000006693 ) ;
#126 = CONICAL_SURFACE ( 'NONE', #1981, 6.000000000000006217, 0.9599310885968824758 ) ;
#127 = CARTESIAN_POINT ( 'NONE',  ( 48.75357136173725792, 5.939340807853974748E-15, 0.0000000000000000000 ) ) ;
#128 = FACE_OUTER_BOUND ( 'NONE', #3248, .T. ) ;
#129 = LINE ( 'NONE', #1039, #486 ) ;
#130 = VECTOR ( 'NONE', #4289, 1000.000000000000000 ) ;
#131 = EDGE_LOOP ( 'NONE', ( #4589, #56, #1292, #2081, #3229, #2148 ) ) ;
#132 = CONICAL_SURFACE ( 'NONE', #1990, 5.036000000000006693, 0.9599310885968775908 ) ;
#133 = FACE_OUTER_BOUND ( 'NONE', #1673, .T. ) ;
#134 = CARTESIAN_POINT ( 'NONE',  ( 68.96071435254843607, 6.000000000000012434, 0.0000000000000000000 ) ) ;
#135 = CARTESIAN_POINT ( 'NONE',  ( 69.32499993316584153, -6.000000000000008882, 0.0000000000000000000 ) ) ;
#136 = DIRECTION ( 'NONE',  ( 1.000000000000000000, 1.224606353822377258E-16, 0.0000000000000000000 ) ) ;
#137 = VECTOR ( 'NONE', #3244, 1000.000000000000000 ) ;
#138 = ADVANCED_FACE ( 'NONE', ( #1448 ), #1383, .T. ) ;
#139 = FACE_OUTER_BOUND ( 'NONE', #2999, .T. ) ;
#140 = FACE_OUTER_BOUND ( 'NONE', #1751, .T. ) ;
#141 = DIRECTION ( 'NONE',  ( 0.5735764363510450492, 0.8191520442889925757, 0.0000000000000000000 ) ) ;
#142 = CIRCLE ( 'NONE', #462, 6.000000000000006217 ) ;
#143 = CARTESIAN_POINT ( 'NONE',  ( 68.28571428571427759, 5.036000000000012911, 0.0000000000000000000 ) ) ;
#144 = ADVANCED_FACE ( 'NONE', ( #1423 ), #1373, .T. ) ;
#145 = FACE_OUTER_BOUND ( 'NONE', #1938, .T. ) ;
#146 = ORIENTED_EDGE ( 'NONE', *, *, #4018, .F. ) ;
#147 = ORIENTED_EDGE ( 'NONE', *, *, #3387, .F. ) ;
#148 = VERTEX_POINT ( 'NONE', #3041 ) ;
#149 = FACE_OUTER_BOUND ( 'NONE', #1623, .T. ) ;
#150 = DIRECTION ( 'NONE',  ( -1.000000000000000000, -1.224606353822377258E-16, -0.0000000000000000000 ) ) ;
#151 = LINE ( 'NONE', #1470, #1129 ) ;
#152 = ORIENTED_EDGE ( 'NONE', *, *, #2803, .T. ) ;
#153 = ORIENTED_EDGE ( 'NONE', *, *, #3788, .F. ) ;
#154 = FACE_OUTER_BOUND ( 'NONE', #3007, .T. ) ;
#155 = DIRECTION ( 'NONE',  ( -1.000000000000000000, -0.0000000000000000000, -0.0000000000000000000 ) ) ;
#156 = DIRECTION ( 'NONE',  ( 0.0000000000000000000, 0.0000000000000000000, 1.000000000000000000 ) ) ;
#157 = LINE ( 'NONE', #3633, #2035 ) ;
#158 = DIRECTION ( 'NONE',  ( 0.5735764363510450492, 0.8191520442889925757, 0.0000000000000000000 ) ) ;
#159 = CARTESIAN_POINT ( 'NONE',  ( 54.57142857142856940, -5.036000000000000476, 6.757601037695103453E-16 ) ) ;
#160 = DIRECTION ( 'NONE',  ( 0.0000000000000000000, -1.000000000000000000, 0.0000000000000000000 ) ) ;
#161 = DIRECTION ( 'NONE',  ( -1.000000000000000000, -0.0000000000000000000, -0.0000000000000000000 ) ) ;
#162 = DIRECTION ( 'NONE',  ( 0.0000000000000000000, 0.0000000000000000000, 1.000000000000000000 ) ) ;
#163 = CIRCLE ( 'NONE', #1997, 5.036000000000006693 ) ;
#164 = DIRECTION ( 'NONE',  ( -1.000000000000000000, -1.224606353822377258E-16, -0.0000000000000000000 ) ) ;
#165 = CARTESIAN_POINT ( 'NONE',  ( -31.74999999999995737, 0.0000000000000000000, 0.0000000000000000000 ) ) ;
#166 = DIRECTION ( 'NONE',  ( 0.0000000000000000000, -1.000000000000000000, 0.0000000000000000000 ) ) ;
#167 = ADVANCED_FACE ( 'NONE', ( #1434 ), #1365, .T. ) ;
#168 = CONICAL_SURFACE ( 'NONE', #2037, 5.036000000000006693, 0.9599310885968775908 ) ;
#169 = ORIENTED_EDGE ( 'NONE', *, *, #3858, .F. ) ;
#170 = DIRECTION ( 'NONE',  ( 0.0000000000000000000, -1.000000000000000000, 0.0000000000000000000 ) ) ;
#171 = CARTESIAN_POINT ( 'NONE',  ( -31.74999999999995737, 0.0000000000000000000, 0.0000000000000000000 ) ) ;
#172 = FACE_OUTER_BOUND ( 'NONE', #3057, .T. ) ;
#173 = ADVANCED_FACE ( 'NONE', ( #1428 ), #1359, .T. ) ;
#174 = CARTESIAN_POINT ( 'NONE',  ( 0.0000000000000000000, 0.0000000000000000000, 0.0000000000000000000 ) ) ;
#175 = ORIENTED_EDGE ( 'NONE', *, *, #4195, .T. ) ;
#176 = CARTESIAN_POINT ( 'NONE',  ( 46.00000000000000000, 6.022001744921539221E-15, 0.0000000000000000000 ) ) ;
#177 = FACE_OUTER_BOUND ( 'NONE', #1577, .T. ) ;
#178 = DIRECTION ( 'NONE',  ( -1.000000000000000000, -1.224606353822377258E-16, -0.0000000000000000000 ) ) ;
#179 = CARTESIAN_POINT ( 'NONE',  ( 48.75357136173725792, 5.939340807853974748E-15, 0.0000000000000000000 ) ) ;
#180 = CARTESIAN_POINT ( 'NONE',  ( 6.000000000000000000, -2.919948986426523341, 5.057499999999991225 ) ) ;
#181 = FACE_OUTER_BOUND ( 'NONE', #2548, .T. ) ;
#182 = CARTESIAN_POINT ( 'NONE',  ( 57.99999999999999289, 6.022001744921539221E-15, 0.0000000000000000000 ) ) ;
#183 = ORIENTED_EDGE ( 'NONE', *, *, #3327, .T. ) ;
#184 = VECTOR ( 'NONE', #227, 1000.000000000000114 ) ;
#185 = CARTESIAN_POINT ( 'NONE',  ( 6.000000000000000000, 5.839897972853066221, -2.038300084272748336E-14 ) ) ;
#186 = CARTESIAN_POINT ( 'NONE',  ( 0.6000000000000033085, 1.102182119232617714E-15, -9.000000000000000000 ) ) ;
#187 = CIRCLE ( 'NONE', #2010, 6.000000000000006217 ) ;
#188 = CIRCLE ( 'NONE', #1559, 5.036000000000006693 ) ;
#189 = CARTESIAN_POINT ( 'NONE',  ( 64.85714285714286120, -5.036000000000000476, 0.0000000000000000000 ) ) ;
#190 = CONICAL_SURFACE ( 'NONE', #2039, 6.000000000000006217, 0.9599310885968824758 ) ;
#191 = DIRECTION ( 'NONE',  ( 0.0000000000000000000, -1.000000000000000000, 0.0000000000000000000 ) ) ;
#192 = CIRCLE ( 'NONE', #2030, 6.000000000000006217 ) ;
#193 = ORIENTED_EDGE ( 'NONE', *, *, #4018, .T. ) ;
#194 = DIRECTION ( 'NONE',  ( -0.0000000000000000000, 0.0000000000000000000, 1.000000000000000000 ) ) ;
#195 = CARTESIAN_POINT ( 'NONE',  ( 48.38928578111987377, 6.000000000000011546, 0.0000000000000000000 ) ) ;
#196 = CYLINDRICAL_SURFACE ( 'NONE', #2004, 5.999999999999866773 ) ;
#197 = VERTEX_POINT ( 'NONE', #2926 ) ;
#198 = FACE_OUTER_BOUND ( 'NONE', #2994, .T. ) ;
#199 = DIRECTION ( 'NONE',  ( -1.000000000000000000, -1.224606353822377258E-16, -0.0000000000000000000 ) ) ;
#200 = DIRECTION ( 'NONE',  ( 0.0000000000000000000, -1.000000000000000000, 0.0000000000000000000 ) ) ;
#201 = VECTOR ( 'NONE', #4653, 1000.000000000000000 ) ;
#202 = LINE ( 'NONE', #1915, #312 ) ;
#203 = ADVANCED_FACE ( 'NONE', ( #1363 ), #1368, .T. ) ;
#204 = DIRECTION ( 'NONE',  ( -1.000000000000000000, -1.224606353822377258E-16, -0.0000000000000000000 ) ) ;
#205 = ORIENTED_EDGE ( 'NONE', *, *, #3774, .T. ) ;
#206 = DIRECTION ( 'NONE',  ( 0.0000000000000000000, -0.4999999999999991118, 0.8660254037844391517 ) ) ;
#207 = CARTESIAN_POINT ( 'NONE',  ( 80.96071435254843607, 6.000000000000012434, 0.0000000000000000000 ) ) ;
#208 = CARTESIAN_POINT ( 'NONE',  ( 64.18214279030868852, 5.939340807853974748E-15, 0.0000000000000000000 ) ) ;
#209 = VECTOR ( 'NONE', #1580, 1000.000000000000000 ) ;
#210 = ORIENTED_EDGE ( 'NONE', *, *, #4672, .T. ) ;
#211 = CARTESIAN_POINT ( 'NONE',  ( 0.0000000000000000000, -2.919948986426523341, 5.057499999999991225 ) ) ;
#212 = CARTESIAN_POINT ( 'NONE',  ( 49.42857142857142350, 6.022001744921539221E-15, 0.0000000000000000000 ) ) ;
#213 = DIRECTION ( 'NONE',  ( -1.000000000000000000, 0.0000000000000000000, -0.0000000000000000000 ) ) ;
#214 = CONICAL_SURFACE ( 'NONE', #2047, 5.036000000000006693, 0.9599310885968775908 ) ;
#215 = VECTOR ( 'NONE', #828, 999.9999999999998863 ) ;
#216 = CIRCLE ( 'NONE', #2042, 5.036000000000006693 ) ;
#217 = LINE ( 'NONE', #2935, #215 ) ;
#218 = CARTESIAN_POINT ( 'NONE',  ( 68.28571428571427759, 5.036000000000012911, 6.167321280506079282E-16 ) ) ;
#219 = CARTESIAN_POINT ( 'NONE',  ( 77.89642850459441092, 5.939340807853974748E-15, 0.0000000000000000000 ) ) ;
#220 = CONICAL_SURFACE ( 'NONE', #2053, 5.036000000000006693, 0.9599310885968775908 ) ;
#221 = DIRECTION ( 'NONE',  ( 0.0000000000000000000, -1.000000000000000000, 0.0000000000000000000 ) ) ;
#222 = DIRECTION ( 'NONE',  ( -0.5735764363510492680, 0.8191520442889894671, 1.003171929053522035E-16 ) ) ;
#223 = DIRECTION ( 'NONE',  ( -1.000000000000000000, -0.0000000000000000000, -0.0000000000000000000 ) ) ;
#224 = CYLINDRICAL_SURFACE ( 'NONE', #2018, 5.999999999999866773 ) ;
#225 = DIRECTION ( 'NONE',  ( 0.0000000000000000000, -1.000000000000000000, 1.485234403101492904E-15 ) ) ;
#226 = CONICAL_SURFACE ( 'NONE', #2066, 5.036000000000006693, 0.9599310885968775908 ) ;
#227 = DIRECTION ( 'NONE',  ( -0.5735764363510492680, 0.8191520442889894671, 1.003171929053522035E-16 ) ) ;
#228 = CARTESIAN_POINT ( 'NONE',  ( 47.71428571428571530, 6.022001744921539221E-15, 0.0000000000000000000 ) ) ;
#229 = CARTESIAN_POINT ( 'NONE',  ( 49.42857142857142350, 5.036000000000012911, 6.167321280506079282E-16 ) ) ;
#230 = DIRECTION ( 'NONE',  ( -0.5735764363510490460, -0.8191520442889896891, 0.0000000000000000000 ) ) ;
#231 = FACE_OUTER_BOUND ( 'NONE', #2817, .T. ) ;
#232 = ORIENTED_EDGE ( 'NONE', *, *, #4498, .F. ) ;
#233 = DIRECTION ( 'NONE',  ( -1.000000000000000000, -0.0000000000000000000, -0.0000000000000000000 ) ) ;
#234 = FACE_OUTER_BOUND ( 'NONE', #2651, .T. ) ;
#235 = CARTESIAN_POINT ( 'NONE',  ( -31.74999999999995737, 0.0000000000000000000, 0.0000000000000000000 ) ) ;
#236 = CIRCLE ( 'NONE', #1567, 6.000000000000006217 ) ;
#237 = FACE_OUTER_BOUND ( 'NONE', #2824, .T. ) ;
#238 = FACE_OUTER_BOUND ( 'NONE', #2737, .T. ) ;
#239 = FACE_OUTER_BOUND ( 'NONE', #2989, .T. ) ;
#240 = CONICAL_SURFACE ( 'NONE', #1296, 6.000000000000006217, 0.9599310885968824758 ) ;
#241 = CARTESIAN_POINT ( 'NONE',  ( 6.000000000000000000, 4.379923479639801442, -2.528750000000011600 ) ) ;
#242 = ORIENTED_EDGE ( 'NONE', *, *, #4643, .F. ) ;
#243 = CYLINDRICAL_SURFACE ( 'NONE', #2072, 5.999999999999866773 ) ;
#244 = DIRECTION ( 'NONE',  ( 0.0000000000000000000, -1.000000000000000000, 0.0000000000000000000 ) ) ;
#245 = DIRECTION ( 'NONE',  ( -1.000000000000000000, -1.224606353822377258E-16, -0.0000000000000000000 ) ) ;
#246 = CIRCLE ( 'NONE', #469, 5.036000000000006693 ) ;
#247 = DIRECTION ( 'NONE',  ( 0.0000000000000000000, -1.000000000000000000, 0.0000000000000000000 ) ) ;
#248 =( NAMED_UNIT ( * ) SI_UNIT ( $, .STERADIAN. ) SOLID_ANGLE_UNIT ( ) );
#249 = CIRCLE ( 'NONE', #2084, 6.000000000000006217 ) ;
#250 = ORIENTED_EDGE ( 'NONE', *, *, #2902, .F. ) ;
#251 = VECTOR ( 'NONE', #458, 1000.000000000000114 ) ;
#252 = FACE_OUTER_BOUND ( 'NONE', #1562, .T. ) ;
#253 = ADVANCED_FACE ( 'NONE', ( #1378 ), #1328, .T. ) ;
#254 =( NAMED_UNIT ( * ) PLANE_ANGLE_UNIT ( ) SI_UNIT ( $, .RADIAN. ) );
#255 = DIRECTION ( 'NONE',  ( 0.0000000000000000000, 0.0000000000000000000, 1.000000000000000000 ) ) ;
#256 = CIRCLE ( 'NONE', #575, 0.5999999999999998668 ) ;
#257 = CIRCLE ( 'NONE', #2085, 5.036000000000006693 ) ;
#258 = CIRCLE ( 'NONE', #550, 5.999999999999866773 ) ;
#259 = DIRECTION ( 'NONE',  ( -1.000000000000000000, -1.224606353822377258E-16, -0.0000000000000000000 ) ) ;
#260 =( LENGTH_UNIT ( ) NAMED_UNIT ( * ) SI_UNIT ( .MILLI., .METRE. ) );
#261 = CARTESIAN_POINT ( 'NONE',  ( 59.71428571428571530, 6.022001744921539221E-15, 0.0000000000000000000 ) ) ;
#262 = ORIENTED_EDGE ( 'NONE', *, *, #3384, .T. ) ;
#263 = VERTEX_POINT ( 'NONE', #2875 ) ;
#264 = ORIENTED_EDGE ( 'NONE', *, *, #3178, .T. ) ;
#265 = CIRCLE ( 'NONE', #2040, 6.000000000000006217 ) ;
#266 = LINE ( 'NONE', #3191, #4116 ) ;
#267 = SURFACE_STYLE_USAGE ( .BOTH. , #278 ) ;
#268 = DIRECTION ( 'NONE',  ( -1.000000000000000000, -0.0000000000000000000, -0.0000000000000000000 ) ) ;
#269 = DIRECTION ( 'NONE',  ( -1.000000000000000000, -0.0000000000000000000, -0.0000000000000000000 ) ) ;
#270 = FACE_OUTER_BOUND ( 'NONE', #3321, .T. ) ;
#271 = VECTOR ( 'NONE', #1889, 1000.000000000000000 ) ;
#272 = ORIENTED_EDGE ( 'NONE', *, *, #2806, .T. ) ;
#273 = DIRECTION ( 'NONE',  ( 0.0000000000000000000, -1.000000000000000000, 0.0000000000000000000 ) ) ;
#274 = CARTESIAN_POINT ( 'NONE',  ( 50.10357149540558197, 6.104662681989103693E-15, 0.0000000000000000000 ) ) ;
#275 = DIRECTION ( 'NONE',  ( -1.000000000000000000, -0.0000000000000000000, -0.0000000000000000000 ) ) ;
#276 = DIRECTION ( 'NONE',  ( -1.000000000000000000, -1.224606353822377258E-16, -0.0000000000000000000 ) ) ;
#277 = DIRECTION ( 'NONE',  ( -1.000000000000000000, -1.224606353822377258E-16, -0.0000000000000000000 ) ) ;
#278 = SURFACE_SIDE_STYLE ('',( #2178 ) ) ;
#279 = CARTESIAN_POINT ( 'NONE',  ( 6.000000000000000000, -4.379923479639787232, 2.528749999999999165 ) ) ;
#280 = FILL_AREA_STYLE ('',( #341 ) ) ;
#281 = ORIENTED_EDGE ( 'NONE', *, *, #3796, .T. ) ;
#282 = ADVANCED_FACE ( 'NONE', ( #1386 ), #1316, .T. ) ;
#283 = ORIENTED_EDGE ( 'NONE', *, *, #3234, .T. ) ;
#284 = CARTESIAN_POINT ( 'NONE',  ( -31.74999999999995737, 0.0000000000000000000, 5.999999999999866773 ) ) ;
#285 = DIRECTION ( 'NONE',  ( -1.000000000000000000, -0.0000000000000000000, -0.0000000000000000000 ) ) ;
#286 = CARTESIAN_POINT ( 'NONE',  ( 59.03928564745154972, -5.999999999999999112, 0.0000000000000000000 ) ) ;
#287 = DIRECTION ( 'NONE',  ( 0.0000000000000000000, 0.0000000000000000000, 1.000000000000000000 ) ) ;
#288 = CARTESIAN_POINT ( 'NONE',  ( 74.10357149540558908, 6.104662681989103693E-15, 0.0000000000000000000 ) ) ;
#289 = DIRECTION ( 'NONE',  ( -1.000000000000000000, -1.224606353822377258E-16, -0.0000000000000000000 ) ) ;
#290 = ORIENTED_EDGE ( 'NONE', *, *, #4660, .F. ) ;
#291 = DIRECTION ( 'NONE',  ( 0.0000000000000000000, 0.0000000000000000000, -1.000000000000000000 ) ) ;
#292 = CARTESIAN_POINT ( 'NONE',  ( 45.32499993316583442, 5.939340807853974748E-15, 0.0000000000000000000 ) ) ;
#293 = LINE ( 'NONE', #3064, #4217 ) ;
#294 = CARTESIAN_POINT ( 'NONE',  ( 53.53214292397701257, 7.347880794882700773E-16, -6.000000000000006217 ) ) ;
#295 = DIRECTION ( 'NONE',  ( 1.000000000000000000, 0.0000000000000000000, 0.0000000000000000000 ) ) ;
#296 = ORIENTED_EDGE ( 'NONE', *, *, #2912, .T. ) ;
#297 = CARTESIAN_POINT ( 'NONE',  ( 67.61071421888011912, 5.939340807853974748E-15, 0.0000000000000000000 ) ) ;
#298 = CARTESIAN_POINT ( 'NONE',  ( -31.74999999999995737, 7.347880794883956047E-16, -5.999999999999866773 ) ) ;
#299 = DIRECTION ( 'NONE',  ( 0.0000000000000000000, -1.000000000000000000, 0.0000000000000000000 ) ) ;
#300 = PLANE ( 'NONE',  #2432 ) ;
#301 = DIRECTION ( 'NONE',  ( 0.0000000000000000000, -1.000000000000000000, 0.0000000000000000000 ) ) ;
#302 = VECTOR ( 'NONE', #3211, 1000.000000000000000 ) ;
#303 = CARTESIAN_POINT ( 'NONE',  ( 0.6000000000000033085, 0.0000000000000000000, 0.0000000000000000000 ) ) ;
#304 = DIRECTION ( 'NONE',  ( -1.000000000000000000, -1.224606353822377258E-16, -0.0000000000000000000 ) ) ;
#305 = DIRECTION ( 'NONE',  ( -1.000000000000000000, -1.224606353822377258E-16, -0.0000000000000000000 ) ) ;
#306 = CARTESIAN_POINT ( 'NONE',  ( 50.10357149540558197, 6.104662681989103693E-15, 0.0000000000000000000 ) ) ;
#307 = CARTESIAN_POINT ( 'NONE',  ( 65.53214292397701968, 6.104662681989103693E-15, 0.0000000000000000000 ) ) ;
#308 = DIRECTION ( 'NONE',  ( 0.0000000000000000000, -1.000000000000000000, 0.0000000000000000000 ) ) ;
#309 = CARTESIAN_POINT ( 'NONE',  ( 6.000000000000000000, 0.0000000000000000000, 0.0000000000000000000 ) ) ;
#310 = CIRCLE ( 'NONE', #470, 6.000000000000006217 ) ;
#311 = DIRECTION ( 'NONE',  ( 0.0000000000000000000, 0.0000000000000000000, 1.000000000000000000 ) ) ;
#312 = VECTOR ( 'NONE', #1531, 1000.000000000000000 ) ;
#313 = VERTEX_POINT ( 'NONE', #2760 ) ;
#314 = SURFACE_SIDE_STYLE ('',( #33 ) ) ;
#315 = DIRECTION ( 'NONE',  ( -1.000000000000000000, -1.224606353822377258E-16, -0.0000000000000000000 ) ) ;
#316 = CARTESIAN_POINT ( 'NONE',  ( 6.000000000000000000, 0.0000000000000000000, 0.0000000000000000000 ) ) ;
#317 = DIRECTION ( 'NONE',  ( 0.0000000000000000000, 1.000000000000000000, 0.0000000000000000000 ) ) ;
#318 = LINE ( 'NONE', #977, #372 ) ;
#319 = ADVANCED_FACE ( 'NONE', ( #1320 ), #1344, .T. ) ;
#320 = VERTEX_POINT ( 'NONE', #2629 ) ;
#321 = PRODUCT ( 'M12X70', 'M12X70', '', ( #3568 ) ) ;
#322 = CARTESIAN_POINT ( 'NONE',  ( 51.81785720969130438, -1.425188158846554531E-28, 6.000000000000006217 ) ) ;
#323 = DIRECTION ( 'NONE',  ( -1.000000000000000000, -0.0000000000000000000, -0.0000000000000000000 ) ) ;
#324 = DIRECTION ( 'NONE',  ( 0.0000000000000000000, -1.000000000000000000, 0.0000000000000000000 ) ) ;
#325 = VECTOR ( 'NONE', #3159, 1000.000000000000114 ) ;
#326 = DIRECTION ( 'NONE',  ( 0.0000000000000000000, -1.000000000000000000, 0.0000000000000000000 ) ) ;
#327 = VECTOR ( 'NONE', #3995, 1000.000000000000114 ) ;
#328 = VERTEX_POINT ( 'NONE', #2649 ) ;
#329 = DIRECTION ( 'NONE',  ( 0.0000000000000000000, 0.0000000000000000000, 1.000000000000000000 ) ) ;
#330 = DIRECTION ( 'NONE',  ( -1.000000000000000000, -0.0000000000000000000, -0.0000000000000000000 ) ) ;
#331 = DIRECTION ( 'NONE',  ( -1.000000000000000000, -1.224606353822377258E-16, -0.0000000000000000000 ) ) ;
#332 = CARTESIAN_POINT ( 'NONE',  ( 47.03928564745154972, -1.386669559958809814E-28, 6.000000000000006217 ) ) ;
#333 = PRESENTATION_STYLE_ASSIGNMENT (( #2998 ) ) ;
#334 = DIRECTION ( 'NONE',  ( -1.000000000000000000, -0.0000000000000000000, -0.0000000000000000000 ) ) ;
#335 = ORIENTED_EDGE ( 'NONE', *, *, #3900, .F. ) ;
#336 = CARTESIAN_POINT ( 'NONE',  ( 62.46785707602297322, 5.939340807853974748E-15, 0.0000000000000000000 ) ) ;
#337 = SURFACE_STYLE_FILL_AREA ( #3065 ) ;
#338 = CARTESIAN_POINT ( 'NONE',  ( 74.46785707602298032, 5.939340807853974748E-15, 0.0000000000000000000 ) ) ;
#339 = CARTESIAN_POINT ( 'NONE',  ( 80.28571428571427759, 6.022001744921539221E-15, 0.0000000000000000000 ) ) ;
#340 = CYLINDRICAL_SURFACE ( 'NONE', #2101, 5.999999999999866773 ) ;
#341 = FILL_AREA_STYLE_COLOUR ( '', #1947 ) ;
#342 = ORIENTED_EDGE ( 'NONE', *, *, #2811, .T. ) ;
#343 = ADVANCED_FACE ( 'NONE', ( #1395 ), #1308, .T. ) ;
#344 = CARTESIAN_POINT ( 'NONE',  ( 55.61071421888011912, -1.386669559958809814E-28, 6.000000000000006217 ) ) ;
#345 = FACE_OUTER_BOUND ( 'NONE', #1869, .T. ) ;
#346 = LINE ( 'NONE', #40, #522 ) ;
#347 = DIRECTION ( 'NONE',  ( 0.0000000000000000000, -1.000000000000000000, 0.0000000000000000000 ) ) ;
#348 = CIRCLE ( 'NONE', #2112, 5.036000000000006693 ) ;
#349 = COLOUR_RGB ( '',0.7764705882352941346, 0.7568627450980391913, 0.7372549019607843590 ) ;
#350 = DIRECTION ( 'NONE',  ( 1.000000000000000000, 0.0000000000000000000, 0.0000000000000000000 ) ) ;
#351 = DIRECTION ( 'NONE',  ( -1.000000000000000000, -0.0000000000000000000, -0.0000000000000000000 ) ) ;
#352 = CONICAL_SURFACE ( 'NONE', #2131, 5.036000000000006693, 0.9599310885968775908 ) ;
#353 = ORIENTED_EDGE ( 'NONE', *, *, #3109, .T. ) ;
#354 = FACE_OUTER_BOUND ( 'NONE', #2575, .T. ) ;
#355 = CIRCLE ( 'NONE', #488, 6.000000000000006217 ) ;
#356 = CARTESIAN_POINT ( 'NONE',  ( 6.000000000000000000, 2.919948986426526893, -5.057500000000015206 ) ) ;
#357 = DIRECTION ( 'NONE',  ( 0.0000000000000000000, -1.000000000000000000, 0.0000000000000000000 ) ) ;
#358 = CARTESIAN_POINT ( 'NONE',  ( 6.000000000000000000, 7.511572993685780760E-15, 5.057499999999986784 ) ) ;
#359 = CONICAL_SURFACE ( 'NONE', #2146, 5.057500000000000107, 1.047197551196592302 ) ;
#360 = ORIENTED_EDGE ( 'NONE', *, *, #3084, .F. ) ;
#361 = PRODUCT_RELATED_PRODUCT_CATEGORY ( 'part', '', ( #321 ) ) ;
#362 = CIRCLE ( 'NONE', #492, 5.036000000000006693 ) ;
#363 = CIRCLE ( 'NONE', #544, 9.000000000000000000 ) ;
#364 = VECTOR ( 'NONE', #4506, 999.9999999999998863 ) ;
#365 = DIRECTION ( 'NONE',  ( 0.0000000000000000000, 0.0000000000000000000, 1.000000000000000000 ) ) ;
#366 = VERTEX_POINT ( 'NONE', #2516 ) ;
#367 = ORIENTED_EDGE ( 'NONE', *, *, #4143, .F. ) ;
#368 = ADVANCED_FACE ( 'NONE', ( #1314 ), #2790, .F. ) ;
#369 = CYLINDRICAL_SURFACE ( 'NONE', #2117, 5.999999999999866773 ) ;
#370 = PRODUCT_DEFINITION_FORMATION_WITH_SPECIFIED_SOURCE ( 'ANY', '', #321, .NOT_KNOWN. ) ;
#371 = PRODUCT_DEFINITION ( 'UNKNOWN', '', #370, #1073 ) ;
#372 = VECTOR ( 'NONE', #3059, 1000.000000000000000 ) ;
#373 = AXIS2_PLACEMENT_3D ( 'NONE', #3324, #4478, #3341 ) ;
#374 = VERTEX_POINT ( 'NONE', #2497 ) ;
#375 = DIRECTION ( 'NONE',  ( -1.000000000000000000, -0.0000000000000000000, -0.0000000000000000000 ) ) ;
#376 = DIRECTION ( 'NONE',  ( -1.000000000000000000, -1.224606353822377258E-16, -0.0000000000000000000 ) ) ;
#377 = ORIENTED_EDGE ( 'NONE', *, *, #4078, .T. ) ;
#378 = CARTESIAN_POINT ( 'NONE',  ( 62.10357149540558908, 6.104662681989103693E-15, 0.0000000000000000000 ) ) ;
#379 = FACE_OUTER_BOUND ( 'NONE', #2878, .T. ) ;
#380 = CIRCLE ( 'NONE', #662, 6.000000000000006217 ) ;
#381 = DIRECTION ( 'NONE',  ( 0.0000000000000000000, 0.0000000000000000000, 1.000000000000000000 ) ) ;
#382 = CARTESIAN_POINT ( 'NONE',  ( 66.57142857142856940, 5.036000000000012911, 6.167321280506079282E-16 ) ) ;
#383 = FACE_OUTER_BOUND ( 'NONE', #1724, .T. ) ;
#384 = LINE ( 'NONE', #2927, #325 ) ;
#385 = LINE ( 'NONE', #1868, #271 ) ;
#386 = ADVANCED_FACE ( 'NONE', ( #1351 ), #2337, .T. ) ;
#387 = DIRECTION ( 'NONE',  ( -1.000000000000000000, -1.224606353822377258E-16, -0.0000000000000000000 ) ) ;
#388 = CARTESIAN_POINT ( 'NONE',  ( 61.42857142857143060, 6.022001744921539221E-15, 0.0000000000000000000 ) ) ;
#389 = VECTOR ( 'NONE', #1865, 1000.000000000000000 ) ;
#390 =( GEOMETRIC_REPRESENTATION_CONTEXT ( 3 ) GLOBAL_UNCERTAINTY_ASSIGNED_CONTEXT ( ( #3249 ) ) GLOBAL_UNIT_ASSIGNED_CONTEXT ( ( #4487, #4368, #2837 ) ) REPRESENTATION_CONTEXT ( 'NONE', 'WORKASPACE' ) );
#391 = ORIENTED_EDGE ( 'NONE', *, *, #2822, .F. ) ;
#392 = CIRCLE ( 'NONE', #2125, 5.036000000000006693 ) ;
#393 = CARTESIAN_POINT ( 'NONE',  ( 12.59999999999999964, 0.0000000000000000000, 0.0000000000000000000 ) ) ;
#394 = ORIENTED_EDGE ( 'NONE', *, *, #4226, .F. ) ;
#395 = CONICAL_SURFACE ( 'NONE', #2163, 6.000000000000006217, 0.9599310885968824758 ) ;
#396 = CARTESIAN_POINT ( 'NONE',  ( -31.74999999999995737, 0.0000000000000000000, 5.999999999999866773 ) ) ;
#397 = ADVANCED_FACE ( 'NONE', ( #1353 ), #1288, .T. ) ;
#398 = MECHANICAL_DESIGN_GEOMETRIC_PRESENTATION_REPRESENTATION (  '', ( #425 ), #390 ) ;
#399 = CARTESIAN_POINT ( 'NONE',  ( 65.53214292397701968, 7.347880794882700773E-16, -6.000000000000006217 ) ) ;
#400 = CARTESIAN_POINT ( 'NONE',  ( 6.000000000000000000, -5.839897972853060004, -5.637851296924623057E-15 ) ) ;
#401 = ADVANCED_FACE ( 'NONE', ( #1412 ), #1267, .T. ) ;
#402 = DIRECTION ( 'NONE',  ( -1.000000000000000000, -1.224606353822377258E-16, -0.0000000000000000000 ) ) ;
#403 = DIRECTION ( 'NONE',  ( -1.000000000000000000, -0.0000000000000000000, -0.0000000000000000000 ) ) ;
#404 = CARTESIAN_POINT ( 'NONE',  ( 46.67500006683415847, -1.425188158846554531E-28, 6.000000000000006217 ) ) ;
#405 = CIRCLE ( 'NONE', #2126, 6.000000000000006217 ) ;
#406 = CARTESIAN_POINT ( 'NONE',  ( 50.46785707602298032, 5.939340807853974748E-15, 0.0000000000000000000 ) ) ;
#407 = CARTESIAN_POINT ( 'NONE',  ( 55.24642863826272787, 6.000000000000011546, 0.0000000000000000000 ) ) ;
#408 = PRESENTATION_LAYER_ASSIGNMENT (  '', '', ( #425 ) ) ;
#409 = CONICAL_SURFACE ( 'NONE', #2154, 6.000000000000006217, 0.9599310885968824758 ) ;
#410 = VERTEX_POINT ( 'NONE', #2183 ) ;
#411 = LINE ( 'NONE', #3255, #302 ) ;
#412 = FACE_OUTER_BOUND ( 'NONE', #2128, .T. ) ;
#413 = CYLINDRICAL_SURFACE ( 'NONE', #2139, 5.999999999999866773 ) ;
#414 = VECTOR ( 'NONE', #4317, 1000.000000000000000 ) ;
#415 = AXIS2_PLACEMENT_3D ( 'NONE', #3389, #3437, #1394 ) ;
#416 = FACE_OUTER_BOUND ( 'NONE', #1994, .T. ) ;
#417 = CARTESIAN_POINT ( 'NONE',  ( -31.74999999999995737, 7.347880794883956047E-16, -5.999999999999866773 ) ) ;
#418 = CYLINDRICAL_SURFACE ( 'NONE', #2147, 5.999999999999866773 ) ;
#419 = LINE ( 'NONE', #218, #251 ) ;
#420 = ORIENTED_EDGE ( 'NONE', *, *, #3906, .F. ) ;
#421 = DIRECTION ( 'NONE',  ( 0.0000000000000000000, -1.000000000000000000, 0.0000000000000000000 ) ) ;
#422 = CONICAL_SURFACE ( 'NONE', #2179, 6.000000000000006217, 0.9599310885968824758 ) ;
#423 = CARTESIAN_POINT ( 'NONE',  ( 52.18214279030869562, 6.000000000000002665, 7.347880794884116778E-16 ) ) ;
#424 = CIRCLE ( 'NONE', #493, 5.036000000000006693 ) ;
#425 = STYLED_ITEM ( 'NONE', ( #1385 ), #22 ) ;
#426 = VERTEX_POINT ( 'NONE', #2152 ) ;
#427 =( GEOMETRIC_REPRESENTATION_CONTEXT ( 3 ) GLOBAL_UNCERTAINTY_ASSIGNED_CONTEXT ( ( #3602 ) ) GLOBAL_UNIT_ASSIGNED_CONTEXT ( ( #2289, #4733, #2350 ) ) REPRESENTATION_CONTEXT ( 'NONE', 'WORKASPACE' ) );
#428 = ORIENTED_EDGE ( 'NONE', *, *, #4023, .T. ) ;
#429 = CIRCLE ( 'NONE', #2171, 6.000000000000006217 ) ;
#430 = DIRECTION ( 'NONE',  ( -1.000000000000000000, -0.0000000000000000000, -0.0000000000000000000 ) ) ;
#431 = CIRCLE ( 'NONE', #633, 5.057500000000000107 ) ;
#432 =( GEOMETRIC_REPRESENTATION_CONTEXT ( 3 ) GLOBAL_UNCERTAINTY_ASSIGNED_CONTEXT ( ( #2225 ) ) GLOBAL_UNIT_ASSIGNED_CONTEXT ( ( #4685, #1804, #4710 ) ) REPRESENTATION_CONTEXT ( 'NONE', 'WORKASPACE' ) );
#433 = CIRCLE ( 'NONE', #2145, 5.036000000000006693 ) ;
#434 = MECHANICAL_DESIGN_GEOMETRIC_PRESENTATION_REPRESENTATION (  '', ( #445 ), #432 ) ;
#435 = ORIENTED_EDGE ( 'NONE', *, *, #3217, .F. ) ;
#436 = DIRECTION ( 'NONE',  ( -1.000000000000000000, -1.224606353822377258E-16, -0.0000000000000000000 ) ) ;
#437 = DIRECTION ( 'NONE',  ( 0.5735764363510450492, 0.8191520442889925757, 0.0000000000000000000 ) ) ;
#438 = CARTESIAN_POINT ( 'NONE',  ( -31.74999999999995737, 0.0000000000000000000, 0.0000000000000000000 ) ) ;
#439 = LINE ( 'NONE', #1885, #389 ) ;
#440 = SURFACE_STYLE_USAGE ( .BOTH. , #3968 ) ;
#441 = PRESENTATION_LAYER_ASSIGNMENT (  '', '', ( #445 ) ) ;
#442 = FACE_OUTER_BOUND ( 'NONE', #3316, .T. ) ;
#443 = ORIENTED_EDGE ( 'NONE', *, *, #3813, .T. ) ;
#444 = CYLINDRICAL_SURFACE ( 'NONE', #2166, 5.999999999999866773 ) ;
#445 = STYLED_ITEM ( 'NONE', ( #35 ), #4806 ) ;
#446 = VERTEX_POINT ( 'NONE', #2218 ) ;
#447 = DIRECTION ( 'NONE',  ( 0.0000000000000000000, 0.0000000000000000000, 1.000000000000000000 ) ) ;
#448 = DIRECTION ( 'NONE',  ( -1.000000000000000000, -0.0000000000000000000, -0.0000000000000000000 ) ) ;
#449 = ORIENTED_EDGE ( 'NONE', *, *, #3273, .T. ) ;
#450 = AXIS2_PLACEMENT_3D ( 'NONE', #2257, #2310, #3202 ) ;
#451 = AXIS2_PLACEMENT_3D ( 'NONE', #4383, #2356, #2365 ) ;
#452 = DIRECTION ( 'NONE',  ( -1.000000000000000000, -0.0000000000000000000, -0.0000000000000000000 ) ) ;
#453 = FACE_OUTER_BOUND ( 'NONE', #3448, .T. ) ;
#454 = CONICAL_SURFACE ( 'NONE', #2180, 5.036000000000006693, 0.9599310885968775908 ) ;
#455 = AXIS2_PLACEMENT_3D ( 'NONE', #3311, #3252, #4651 ) ;
#456 = DIRECTION ( 'NONE',  ( 0.0000000000000000000, -1.000000000000000000, 0.0000000000000000000 ) ) ;
#457 = DIRECTION ( 'NONE',  ( 0.0000000000000000000, -1.000000000000000000, 0.0000000000000000000 ) ) ;
#458 = DIRECTION ( 'NONE',  ( -0.5735764363510492680, 0.8191520442889894671, 1.003171929053522035E-16 ) ) ;
#459 = DIRECTION ( 'NONE',  ( -1.000000000000000000, -1.224606353822377258E-16, -0.0000000000000000000 ) ) ;
#460 = DIRECTION ( 'NONE',  ( -1.000000000000000000, -1.224606353822377258E-16, -0.0000000000000000000 ) ) ;
#461 = FACE_OUTER_BOUND ( 'NONE', #3042, .T. ) ;
#462 = AXIS2_PLACEMENT_3D ( 'NONE', #297, #276, #2303 ) ;
#463 = CONICAL_SURFACE ( 'NONE', #2189, 5.036000000000006693, 0.9599310885968775908 ) ;
#464 = CIRCLE ( 'NONE', #1290, 6.000000000000006217 ) ;
#465 = DIRECTION ( 'NONE',  ( 0.0000000000000000000, -0.4999999999999991118, 0.8660254037844391517 ) ) ;
#466 = CYLINDRICAL_SURFACE ( 'NONE', #2170, 5.999999999999866773 ) ;
#467 = CARTESIAN_POINT ( 'NONE',  ( 63.14285714285713880, 6.022001744921539221E-15, 0.0000000000000000000 ) ) ;
#468 = ORIENTED_EDGE ( 'NONE', *, *, #4065, .T. ) ;
#469 = AXIS2_PLACEMENT_3D ( 'NONE', #228, #245, #273 ) ;
#470 = AXIS2_PLACEMENT_3D ( 'NONE', #717, #150, #166 ) ;
#471 = CYLINDRICAL_SURFACE ( 'NONE', #1104, 5.999999999999866773 ) ;
#472 = CARTESIAN_POINT ( 'NONE',  ( 51.81785720969130438, 6.104662681989103693E-15, 0.0000000000000000000 ) ) ;
#473 = DIRECTION ( 'NONE',  ( 0.0000000000000000000, 0.0000000000000000000, 1.000000000000000000 ) ) ;
#474 = CONICAL_SURFACE ( 'NONE', #2229, 5.036000000000006693, 0.9599310885968775908 ) ;
#475 = ORIENTED_EDGE ( 'NONE', *, *, #4178, .T. ) ;
#476 = CIRCLE ( 'NONE', #502, 5.057500000000000107 ) ;
#477 = VECTOR ( 'NONE', #531, 1000.000000000000114 ) ;
#478 = CIRCLE ( 'NONE', #545, 6.000000000000006217 ) ;
#479 = CARTESIAN_POINT ( 'NONE',  ( -31.74999999999995737, 0.0000000000000000000, 0.0000000000000000000 ) ) ;
#480 = VERTEX_POINT ( 'NONE', #2234 ) ;
#481 = CARTESIAN_POINT ( 'NONE',  ( 77.89642850459441092, 6.000000000000002665, 7.347880794884116778E-16 ) ) ;
#482 = CARTESIAN_POINT ( 'NONE',  ( 51.81785720969130438, 6.000000000000012434, 0.0000000000000000000 ) ) ;
#483 = CARTESIAN_POINT ( 'NONE',  ( -31.74999999999995737, 0.0000000000000000000, 5.999999999999866773 ) ) ;
#484 = FACE_OUTER_BOUND ( 'NONE', #1558, .T. ) ;
#485 = CONICAL_SURFACE ( 'NONE', #2203, 6.000000000000006217, 0.9599310885968824758 ) ;
#486 = VECTOR ( 'NONE', #3069, 1000.000000000000000 ) ;
#487 = DIRECTION ( 'NONE',  ( -1.000000000000000000, -0.0000000000000000000, -0.0000000000000000000 ) ) ;
#488 = AXIS2_PLACEMENT_3D ( 'NONE', #3913, #3905, #3520 ) ;
#489 = CARTESIAN_POINT ( 'NONE',  ( 70.67500006683415847, 7.347880794882700773E-16, -6.000000000000006217 ) ) ;
#490 = VECTOR ( 'NONE', #2754, 1000.000000000000114 ) ;
#491 = CIRCLE ( 'NONE', #937, 6.000000000000006217 ) ;
#492 = AXIS2_PLACEMENT_3D ( 'NONE', #388, #436, #3967 ) ;
#493 = AXIS2_PLACEMENT_3D ( 'NONE', #176, #74, #4051 ) ;
#494 = FACE_OUTER_BOUND ( 'NONE', #1678, .T. ) ;
#495 = CIRCLE ( 'NONE', #927, 6.000000000000006217 ) ;
#496 = CARTESIAN_POINT ( 'NONE',  ( -31.74999999999995737, 0.0000000000000000000, 0.0000000000000000000 ) ) ;
#497 = DIRECTION ( 'NONE',  ( 0.5735764363510450492, 0.8191520442889925757, 0.0000000000000000000 ) ) ;
#498 = FACE_OUTER_BOUND ( 'NONE', #1603, .T. ) ;
#499 = AXIS2_PLACEMENT_3D ( 'NONE', #4139, #375, #381 ) ;
#500 = ORIENTED_EDGE ( 'NONE', *, *, #560, .T. ) ;
#501 = ADVANCED_FACE ( 'NONE', ( #1293 ), #1247, .T. ) ;
#502 = AXIS2_PLACEMENT_3D ( 'NONE', #309, #323, #329 ) ;
#503 = AXIS2_PLACEMENT_3D ( 'NONE', #619, #268, #255 ) ;
#504 = CARTESIAN_POINT ( 'NONE',  ( 48.38928578111987377, -1.432891878624103475E-28, 6.000000000000006217 ) ) ;
#505 = FACE_OUTER_BOUND ( 'NONE', #2574, .T. ) ;
#506 = CARTESIAN_POINT ( 'NONE',  ( 71.03928564745154972, -1.386669559958809814E-28, 6.000000000000006217 ) ) ;
#507 = DIRECTION ( 'NONE',  ( 0.0000000000000000000, 0.0000000000000000000, -1.000000000000000000 ) ) ;
#508 = AXIS2_PLACEMENT_3D ( 'NONE', #292, #4775, #4074 ) ;
#509 = VERTEX_POINT ( 'NONE', #2114 ) ;
#510 = AXIS2_PLACEMENT_3D ( 'NONE', #3929, #3831, #3994 ) ;
#511 = AXIS2_PLACEMENT_3D ( 'NONE', #4355, #3942, #4377 ) ;
#512 = CONICAL_SURFACE ( 'NONE', #2216, 5.036000000000006693, 0.9599310885968775908 ) ;
#513 = DIRECTION ( 'NONE',  ( 0.5735764363510452712, -0.8191520442889924647, 1.003171929053525610E-16 ) ) ;
#514 = PLANE ( 'NONE',  #2496 ) ;
#515 = FACE_OUTER_BOUND ( 'NONE', #2424, .T. ) ;
#516 = ADVANCED_FACE ( 'NONE', ( #1244 ), #1279, .T. ) ;
#517 = ORIENTED_EDGE ( 'NONE', *, *, #3285, .T. ) ;
#518 = FACE_OUTER_BOUND ( 'NONE', #2193, .T. ) ;
#519 = FACE_OUTER_BOUND ( 'NONE', #2710, .T. ) ;
#520 = VECTOR ( 'NONE', #940, 1000.000000000000000 ) ;
#521 = AXIS2_PLACEMENT_3D ( 'NONE', #761, #740, #13 ) ;
#522 = VECTOR ( 'NONE', #73, 1000.000000000000000 ) ;
#523 = CIRCLE ( 'NONE', #1747, 6.000000000000006217 ) ;
#524 = CIRCLE ( 'NONE', #1116, 6.000000000000006217 ) ;
#525 = ADVANCED_FACE ( 'NONE', ( #1283 ), #1223, .T. ) ;
#526 = ORIENTED_EDGE ( 'NONE', *, *, #3265, .T. ) ;
#527 = CONICAL_SURFACE ( 'NONE', #2230, 6.000000000000006217, 0.9599310885968824758 ) ;
#528 = FACE_OUTER_BOUND ( 'NONE', #2531, .T. ) ;
#529 = CARTESIAN_POINT ( 'NONE',  ( 63.81785720969129727, -6.000000000000000888, 7.347880794884127625E-16 ) ) ;
#530 = DIRECTION ( 'NONE',  ( 0.0000000000000000000, -1.000000000000000000, 0.0000000000000000000 ) ) ;
#531 = DIRECTION ( 'NONE',  ( 0.0000000000000000000, -0.5000000000000013323, -0.8660254037844378194 ) ) ;
#532 = LINE ( 'NONE', #1842, #2426 ) ;
#533 = CARTESIAN_POINT ( 'NONE',  ( 51.81785720969130438, -6.000000000000000000, 7.347880794884126639E-16 ) ) ;
#534 = DIRECTION ( 'NONE',  ( -1.000000000000000000, -1.224606353822377258E-16, -0.0000000000000000000 ) ) ;
#535 = AXIS2_PLACEMENT_3D ( 'NONE', #4027, #118, #757 ) ;
#536 = AXIS2_PLACEMENT_3D ( 'NONE', #8, #2181, #546 ) ;
#537 = ORIENTED_EDGE ( 'NONE', *, *, #4637, .T. ) ;
#538 = AXIS2_PLACEMENT_3D ( 'NONE', #288, #2400, #317 ) ;
#539 = VERTEX_POINT ( 'NONE', #1831 ) ;
#540 = VECTOR ( 'NONE', #601, 1000.000000000000114 ) ;
#541 = CARTESIAN_POINT ( 'NONE',  ( 75.81785720969129727, 6.104662681989103693E-15, 0.0000000000000000000 ) ) ;
#542 = CARTESIAN_POINT ( 'NONE',  ( 63.81785720969129727, 6.104662681989103693E-15, 0.0000000000000000000 ) ) ;
#543 = CARTESIAN_POINT ( 'NONE',  ( 6.000000000000000000, 5.839897972853066221, -2.038300084272748336E-14 ) ) ;
#544 = AXIS2_PLACEMENT_3D ( 'NONE', #4726, #285, #1888 ) ;
#545 = AXIS2_PLACEMENT_3D ( 'NONE', #1135, #1255, #1410 ) ;
#546 = DIRECTION ( 'NONE',  ( 0.0000000000000000000, 0.0000000000000000000, 1.000000000000000000 ) ) ;
#547 = CIRCLE ( 'NONE', #660, 5.057500000000000107 ) ;
#548 = ORIENTED_EDGE ( 'NONE', *, *, #4013, .T. ) ;
#549 = ORIENTED_EDGE ( 'NONE', *, *, #2254, .F. ) ;
#550 = AXIS2_PLACEMENT_3D ( 'NONE', #1555, #1551, #1545 ) ;
#551 = DIRECTION ( 'NONE',  ( 0.0000000000000000000, -1.000000000000000000, 0.0000000000000000000 ) ) ;
#552 = DIRECTION ( 'NONE',  ( -1.000000000000000000, -0.0000000000000000000, -0.0000000000000000000 ) ) ;
#553 = CARTESIAN_POINT ( 'NONE',  ( 48.75357136173725792, 6.000000000000013323, 7.347880794884127625E-16 ) ) ;
#554 = ORIENTED_EDGE ( 'NONE', *, *, #3884, .F. ) ;
#555 = CONICAL_SURFACE ( 'NONE', #2239, 5.036000000000006693, 0.9599310885968775908 ) ;
#556 = CIRCLE ( 'NONE', #679, 6.000000000000006217 ) ;
#557 = ORIENTED_EDGE ( 'NONE', *, *, #2912, .F. ) ;
#558 = ADVANCED_FACE ( 'NONE', ( #1297 ), #1302, .T. ) ;
#559 = DIRECTION ( 'NONE',  ( -1.000000000000000000, -1.224606353822377258E-16, -0.0000000000000000000 ) ) ;
#560 = EDGE_CURVE ( 'NONE', #1613, #4753, #1256, .T. ) ;
#561 = CYLINDRICAL_SURFACE ( 'NONE', #2199, 5.999999999999866773 ) ;
#562 = VECTOR ( 'NONE', #2874, 1000.000000000000000 ) ;
#563 = VECTOR ( 'NONE', #1953, 1000.000000000000114 ) ;
#564 = CARTESIAN_POINT ( 'NONE',  ( 50.46785707602298032, 5.939340807853974748E-15, 0.0000000000000000000 ) ) ;
#565 = CONICAL_SURFACE ( 'NONE', #2265, 5.036000000000006693, 0.9599310885968775908 ) ;
#566 = ADVANCED_FACE ( 'NONE', ( #1226 ), #1188, .T. ) ;
#567 = ORIENTED_EDGE ( 'NONE', *, *, #3207, .T. ) ;
#568 = AXIS2_PLACEMENT_3D ( 'NONE', #1498, #1492, #2295 ) ;
#569 = FACE_OUTER_BOUND ( 'NONE', #2563, .T. ) ;
#570 = PLANE ( 'NONE',  #2505 ) ;
#571 = ADVANCED_FACE ( 'NONE', ( #1216 ), #1179, .T. ) ;
#572 = ADVANCED_FACE ( 'NONE', ( #1194 ), #1172, .T. ) ;
#573 = ORIENTED_EDGE ( 'NONE', *, *, #4234, .T. ) ;
#574 = DIRECTION ( 'NONE',  ( -0.5735764363510490460, -0.8191520442889896891, 0.0000000000000000000 ) ) ;
#575 = AXIS2_PLACEMENT_3D ( 'NONE', #1617, #1608, #1582 ) ;
#576 = CARTESIAN_POINT ( 'NONE',  ( 6.000000000000000000, 5.839897972853066221, -2.038300084272748336E-14 ) ) ;
#577 = FACE_OUTER_BOUND ( 'NONE', #2438, .T. ) ;
#578 = DIRECTION ( 'NONE',  ( 0.0000000000000000000, -1.000000000000000000, 0.0000000000000000000 ) ) ;
#579 = AXIS2_PLACEMENT_3D ( 'NONE', #1665, #1652, #1648 ) ;
#580 = FACE_OUTER_BOUND ( 'NONE', #2524, .T. ) ;
#581 = DIRECTION ( 'NONE',  ( -1.000000000000000000, -1.224606353822377258E-16, -0.0000000000000000000 ) ) ;
#582 = AXIS2_PLACEMENT_3D ( 'NONE', #1691, #3677, #3374 ) ;
#583 = CARTESIAN_POINT ( 'NONE',  ( 50.46785707602298032, 5.939340807853974748E-15, 0.0000000000000000000 ) ) ;
#584 = DIRECTION ( 'NONE',  ( 0.0000000000000000000, 0.0000000000000000000, -1.000000000000000000 ) ) ;
#585 = CIRCLE ( 'NONE', #1769, 6.000000000000006217 ) ;
#586 = CARTESIAN_POINT ( 'NONE',  ( -31.74999999999995737, 0.0000000000000000000, 0.0000000000000000000 ) ) ;
#587 = FACE_OUTER_BOUND ( 'NONE', #2660, .T. ) ;
#588 = CARTESIAN_POINT ( 'NONE',  ( 51.14285714285714590, -5.036000000000000476, 0.0000000000000000000 ) ) ;
#589 = CARTESIAN_POINT ( 'NONE',  ( 72.38928578111988088, -6.000000000000000888, 7.347880794884127625E-16 ) ) ;
#590 = CONICAL_SURFACE ( 'NONE', #2292, 6.000000000000006217, 0.9599310885968824758 ) ;
#591 = FACE_OUTER_BOUND ( 'NONE', #3000, .T. ) ;
#592 = VECTOR ( 'NONE', #4353, 1000.000000000000000 ) ;
#593 = VECTOR ( 'NONE', #4117, 1000.000000000000114 ) ;
#594 = AXIS2_PLACEMENT_3D ( 'NONE', #1672, #3434, #4787 ) ;
#595 = CARTESIAN_POINT ( 'NONE',  ( 60.75357136173725792, 6.000000000000023093, 7.347880794884140444E-16 ) ) ;
#596 = DIRECTION ( 'NONE',  ( -1.000000000000000000, -0.0000000000000000000, -0.0000000000000000000 ) ) ;
#597 = CONICAL_SURFACE ( 'NONE', #2276, 5.036000000000006693, 0.9599310885968775908 ) ;
#598 = AXIS2_PLACEMENT_3D ( 'NONE', #4594, #4591, #4587 ) ;
#599 = CARTESIAN_POINT ( 'NONE',  ( 55.61071421888011912, -5.999999999999999112, 0.0000000000000000000 ) ) ;
#600 = DIRECTION ( 'NONE',  ( -0.5735764363510490460, -0.8191520442889896891, 0.0000000000000000000 ) ) ;
#601 = DIRECTION ( 'NONE',  ( 0.0000000000000000000, -0.5000000000000013323, -0.8660254037844378194 ) ) ;
#602 = DIRECTION ( 'NONE',  ( 0.5735764363510452712, -0.8191520442889924647, 1.003171929053525610E-16 ) ) ;
#603 = LINE ( 'NONE', #4320, #605 ) ;
#604 = AXIS2_PLACEMENT_3D ( 'NONE', #4607, #1587, #1628 ) ;
#605 = VECTOR ( 'NONE', #4482, 1000.000000000000000 ) ;
#606 = AXIS2_PLACEMENT_3D ( 'NONE', #4689, #4687, #4679 ) ;
#607 = AXIS2_PLACEMENT_3D ( 'NONE', #3546, #3681, #4701 ) ;
#608 = AXIS2_PLACEMENT_3D ( 'NONE', #1323, #1330, #1345 ) ;
#609 = CIRCLE ( 'NONE', #616, 9.000000000000000000 ) ;
#610 = ORIENTED_EDGE ( 'NONE', *, *, #2796, .T. ) ;
#611 = ORIENTED_EDGE ( 'NONE', *, *, #3300, .T. ) ;
#612 = CARTESIAN_POINT ( 'NONE',  ( 6.000000000000000000, 5.839897972853066221, -2.038300084272748336E-14 ) ) ;
#613 = CYLINDRICAL_SURFACE ( 'NONE', #2240, 5.999999999999866773 ) ;
#614 = DIRECTION ( 'NONE',  ( 0.0000000000000000000, -1.000000000000000000, 0.0000000000000000000 ) ) ;
#615 = CIRCLE ( 'NONE', #608, 6.000000000000006217 ) ;
#616 = AXIS2_PLACEMENT_3D ( 'NONE', #1246, #1268, #1289 ) ;
#617 = ORIENTED_EDGE ( 'NONE', *, *, #3934, .F. ) ;
#618 = ORIENTED_EDGE ( 'NONE', *, *, #2633, .F. ) ;
#619 = CARTESIAN_POINT ( 'NONE',  ( 6.000000000000000000, 0.0000000000000000000, 0.0000000000000000000 ) ) ;
#620 = DIRECTION ( 'NONE',  ( 0.0000000000000000000, 1.000000000000000000, 0.0000000000000000000 ) ) ;
#621 = CYLINDRICAL_SURFACE ( 'NONE', #2210, 5.999999999999866773 ) ;
#622 = LINE ( 'NONE', #2891, #562 ) ;
#623 = ORIENTED_EDGE ( 'NONE', *, *, #3579, .F. ) ;
#624 = CIRCLE ( 'NONE', #2264, 6.000000000000006217 ) ;
#625 = LINE ( 'NONE', #3051, #490 ) ;
#626 = DIRECTION ( 'NONE',  ( 0.0000000000000000000, -1.000000000000000000, 0.0000000000000000000 ) ) ;
#627 = DIRECTION ( 'NONE',  ( -1.000000000000000000, -1.224606353822377258E-16, -0.0000000000000000000 ) ) ;
#628 = CYLINDRICAL_SURFACE ( 'NONE', #2271, 5.999999999999866773 ) ;
#629 = DIRECTION ( 'NONE',  ( -1.000000000000000000, -1.224606353822377258E-16, -0.0000000000000000000 ) ) ;
#630 = DIRECTION ( 'NONE',  ( 0.0000000000000000000, 0.0000000000000000000, 1.000000000000000000 ) ) ;
#631 = CARTESIAN_POINT ( 'NONE',  ( 77.89642850459441092, 5.939340807853974748E-15, 0.0000000000000000000 ) ) ;
#632 = DIRECTION ( 'NONE',  ( -1.000000000000000000, -0.0000000000000000000, -0.0000000000000000000 ) ) ;
#633 = AXIS2_PLACEMENT_3D ( 'NONE', #928, #868, #822 ) ;
#634 = AXIS2_PLACEMENT_3D ( 'NONE', #1132, #1150, #1210 ) ;
#635 = CONICAL_SURFACE ( 'NONE', #2301, 6.000000000000006217, 0.9599310885968824758 ) ;
#636 = CARTESIAN_POINT ( 'NONE',  ( -31.74999999999995737, 7.347880794883956047E-16, -5.999999999999866773 ) ) ;
#637 = VERTEX_POINT ( 'NONE', #1530 ) ;
#638 = CIRCLE ( 'NONE', #2309, 6.000000000000006217 ) ;
#639 = ORIENTED_EDGE ( 'NONE', *, *, #2788, .F. ) ;
#640 = CARTESIAN_POINT ( 'NONE',  ( 63.14285714285713880, -5.036000000000000476, 0.0000000000000000000 ) ) ;
#641 = ORIENTED_EDGE ( 'NONE', *, *, #4064, .F. ) ;
#642 = DIRECTION ( 'NONE',  ( 0.0000000000000000000, 0.0000000000000000000, 1.000000000000000000 ) ) ;
#643 = FACE_OUTER_BOUND ( 'NONE', #1667, .T. ) ;
#644 = CARTESIAN_POINT ( 'NONE',  ( 51.14285714285714590, 6.022001744921539221E-15, 0.0000000000000000000 ) ) ;
#645 = FACE_OUTER_BOUND ( 'NONE', #2258, .T. ) ;
#646 = DIRECTION ( 'NONE',  ( -1.000000000000000000, -0.0000000000000000000, -0.0000000000000000000 ) ) ;
#647 = CARTESIAN_POINT ( 'NONE',  ( 51.14285714285714590, 5.036000000000012911, 6.167321280506079282E-16 ) ) ;
#648 = CARTESIAN_POINT ( 'NONE',  ( 81.03599999999977399, 0.0000000000000000000, 0.0000000000000000000 ) ) ;
#649 = CONICAL_SURFACE ( 'NONE', #2329, 5.036000000000006693, 0.9599310885968775908 ) ;
#650 = AXIS2_PLACEMENT_3D ( 'NONE', #971, #864, #966 ) ;
#651 = EDGE_CURVE ( 'NONE', #838, #4511, #1199, .T. ) ;
#652 = FACE_OUTER_BOUND ( 'NONE', #2098, .T. ) ;
#653 = CONICAL_SURFACE ( 'NONE', #2324, 5.036000000000006693, 0.9599310885968775908 ) ;
#654 = CIRCLE ( 'NONE', #1234, 6.000000000000006217 ) ;
#655 = CARTESIAN_POINT ( 'NONE',  ( 61.42857142857143060, -5.036000000000000476, 6.757601037695103453E-16 ) ) ;
#656 = LINE ( 'NONE', #4784, #1038 ) ;
#657 = CIRCLE ( 'NONE', #1138, 6.000000000000006217 ) ;
#658 = FACE_OUTER_BOUND ( 'NONE', #2744, .T. ) ;
#659 = AXIS2_PLACEMENT_3D ( 'NONE', #1055, #1056, #1061 ) ;
#660 = AXIS2_PLACEMENT_3D ( 'NONE', #3990, #1095, #1109 ) ;
#661 = FACE_OUTER_BOUND ( 'NONE', #2408, .T. ) ;
#662 = AXIS2_PLACEMENT_3D ( 'NONE', #876, #888, #902 ) ;
#663 = CARTESIAN_POINT ( 'NONE',  ( 56.96071435254844317, 6.000000000000011546, 0.0000000000000000000 ) ) ;
#664 = ADVANCED_FACE ( 'NONE', ( #1177 ), #1151, .T. ) ;
#665 = DIRECTION ( 'NONE',  ( 0.0000000000000000000, 0.0000000000000000000, 1.000000000000000000 ) ) ;
#666 = CYLINDRICAL_SURFACE ( 'NONE', #1126, 5.999999999999866773 ) ;
#667 = FACE_OUTER_BOUND ( 'NONE', #1790, .T. ) ;
#668 = VERTEX_POINT ( 'NONE', #1346 ) ;
#669 = DIRECTION ( 'NONE',  ( -0.5735764363510492680, 0.8191520442889894671, 1.003171929053522035E-16 ) ) ;
#670 = AXIS2_PLACEMENT_3D ( 'NONE', #2900, #2846, #2814 ) ;
#671 = CYLINDRICAL_SURFACE ( 'NONE', #2313, 5.999999999999866773 ) ;
#672 = ORIENTED_EDGE ( 'NONE', *, *, #3361, .T. ) ;
#673 = ADVANCED_FACE ( 'NONE', ( #1182 ), #1140, .T. ) ;
#674 = CIRCLE ( 'NONE', #598, 5.999999999999866773 ) ;
#675 = DIRECTION ( 'NONE',  ( 0.0000000000000000000, 0.0000000000000000000, 1.000000000000000000 ) ) ;
#676 = DIRECTION ( 'NONE',  ( -1.000000000000000000, -0.0000000000000000000, -0.0000000000000000000 ) ) ;
#677 = ORIENTED_EDGE ( 'NONE', *, *, #3914, .F. ) ;
#678 = ORIENTED_EDGE ( 'NONE', *, *, #3556, .T. ) ;
#679 = AXIS2_PLACEMENT_3D ( 'NONE', #3166, #1978, #897 ) ;
#680 = FACE_OUTER_BOUND ( 'NONE', #2470, .T. ) ;
#681 = CARTESIAN_POINT ( 'NONE',  ( 82.00000000000000000, 0.0000000000000000000, 0.0000000000000000000 ) ) ;
#682 = ORIENTED_EDGE ( 'NONE', *, *, #3313, .T. ) ;
#683 = DIRECTION ( 'NONE',  ( 0.0000000000000000000, -1.000000000000000000, 0.0000000000000000000 ) ) ;
#684 = CARTESIAN_POINT ( 'NONE',  ( 82.00000000000000000, 0.0000000000000000000, 0.0000000000000000000 ) ) ;
#685 = FACE_OUTER_BOUND ( 'NONE', #2368, .T. ) ;
#686 = CIRCLE ( 'NONE', #670, 6.000000000000006217 ) ;
#687 = CIRCLE ( 'NONE', #938, 6.000000000000006217 ) ;
#688 = AXIS2_PLACEMENT_3D ( 'NONE', #3076, #3081, #3088 ) ;
#689 = CYLINDRICAL_SURFACE ( 'NONE', #2300, 5.999999999999866773 ) ;
#690 = CIRCLE ( 'NONE', #688, 5.036000000000006693 ) ;
#691 = DIRECTION ( 'NONE',  ( -1.000000000000000000, -1.224606353822377258E-16, -0.0000000000000000000 ) ) ;
#692 = CARTESIAN_POINT ( 'NONE',  ( -31.74999999999995737, 0.0000000000000000000, 5.999999999999866773 ) ) ;
#693 = AXIS2_PLACEMENT_3D ( 'NONE', #3027, #3033, #3036 ) ;
#694 = CARTESIAN_POINT ( 'NONE',  ( 51.81785720969130438, 6.104662681989103693E-15, 0.0000000000000000000 ) ) ;
#695 = AXIS2_PLACEMENT_3D ( 'NONE', #1231, #2941, #2960 ) ;
#696 = ORIENTED_EDGE ( 'NONE', *, *, #2984, .T. ) ;
#697 = DIRECTION ( 'NONE',  ( -1.000000000000000000, -0.0000000000000000000, -0.0000000000000000000 ) ) ;
#698 = DIRECTION ( 'NONE',  ( 0.0000000000000000000, -1.000000000000000000, 0.0000000000000000000 ) ) ;
#699 = DIRECTION ( 'NONE',  ( -1.000000000000000000, -1.224606353822377258E-16, -0.0000000000000000000 ) ) ;
#700 = AXIS2_PLACEMENT_3D ( 'NONE', #2913, #2919, #834 ) ;
#701 = ORIENTED_EDGE ( 'NONE', *, *, #4047, .T. ) ;
#702 = ADVANCED_FACE ( 'NONE', ( #1207 ), #1128, .T. ) ;
#703 = CARTESIAN_POINT ( 'NONE',  ( 75.14285714285713880, -5.036000000000000476, 0.0000000000000000000 ) ) ;
#704 = CARTESIAN_POINT ( 'NONE',  ( 57.32499993316583442, 5.939340807853974748E-15, 0.0000000000000000000 ) ) ;
#705 = ORIENTED_EDGE ( 'NONE', *, *, #3162, .T. ) ;
#706 = AXIS2_PLACEMENT_3D ( 'NONE', #2819, #2821, #2858 ) ;
#707 = AXIS2_PLACEMENT_3D ( 'NONE', #2407, #2372, #2326 ) ;
#708 = ADVANCED_FACE ( 'NONE', ( #1168 ), #1112, .T. ) ;
#709 = AXIS2_PLACEMENT_3D ( 'NONE', #2721, #2728, #2733 ) ;
#710 = CARTESIAN_POINT ( 'NONE',  ( 74.10357149540558908, 6.104662681989103693E-15, 0.0000000000000000000 ) ) ;
#711 = DIRECTION ( 'NONE',  ( -0.5735764363510490460, -0.8191520442889896891, 0.0000000000000000000 ) ) ;
#712 = ORIENTED_EDGE ( 'NONE', *, *, #2933, .F. ) ;
#713 = ORIENTED_EDGE ( 'NONE', *, *, #3122, .T. ) ;
#714 = PRESENTATION_STYLE_ASSIGNMENT (( #267 ) ) ;
#715 = AXIS2_PLACEMENT_3D ( 'NONE', #1878, #780, #4722 ) ;
#716 = CARTESIAN_POINT ( 'NONE',  ( -31.74999999999995737, 0.0000000000000000000, 5.999999999999866773 ) ) ;
#717 = CARTESIAN_POINT ( 'NONE',  ( 47.03928564745154972, 5.939340807853974748E-15, 0.0000000000000000000 ) ) ;
#718 = DIRECTION ( 'NONE',  ( 0.0000000000000000000, -1.000000000000000000, 0.0000000000000000000 ) ) ;
#719 = FACE_OUTER_BOUND ( 'NONE', #2391, .T. ) ;
#720 = DIRECTION ( 'NONE',  ( -1.000000000000000000, -0.0000000000000000000, -0.0000000000000000000 ) ) ;
#721 = DIRECTION ( 'NONE',  ( 0.0000000000000000000, -1.000000000000000000, 0.0000000000000000000 ) ) ;
#722 = DIRECTION ( 'NONE',  ( -1.000000000000000000, -1.224606353822377258E-16, -0.0000000000000000000 ) ) ;
#723 = ORIENTED_EDGE ( 'NONE', *, *, #3863, .F. ) ;
#724 = CIRCLE ( 'NONE', #1235, 6.000000000000006217 ) ;
#725 = AXIS2_PLACEMENT_3D ( 'NONE', #4557, #4553, #4634 ) ;
#726 = ORIENTED_EDGE ( 'NONE', *, *, #3468, .F. ) ;
#727 = CARTESIAN_POINT ( 'NONE',  ( 80.96071435254843607, 6.104662681989103693E-15, 0.0000000000000000000 ) ) ;
#728 = DIRECTION ( 'NONE',  ( 0.0000000000000000000, 0.0000000000000000000, 1.000000000000000000 ) ) ;
#729 = LINE ( 'NONE', #3425, #2130 ) ;
#730 = ADVANCED_FACE ( 'NONE', ( #1147 ), #1102, .T. ) ;
#731 = FACE_OUTER_BOUND ( 'NONE', #3598, .T. ) ;
#732 = ORIENTED_EDGE ( 'NONE', *, *, #3146, .T. ) ;
#733 = DIRECTION ( 'NONE',  ( -1.000000000000000000, -1.224606353822377258E-16, -0.0000000000000000000 ) ) ;
#734 = CIRCLE ( 'NONE', #503, 5.057500000000000107 ) ;
#735 = DIRECTION ( 'NONE',  ( 0.5735764363510452712, -0.8191520442889924647, 1.003171929053525610E-16 ) ) ;
#736 = CIRCLE ( 'NONE', #604, 0.5999999999999998668 ) ;
#737 = ADVANCED_FACE ( 'NONE', ( #1163 ), #1030, .F. ) ;
#738 = VERTEX_POINT ( 'NONE', #1153 ) ;
#739 = ORIENTED_EDGE ( 'NONE', *, *, #3285, .F. ) ;
#740 = DIRECTION ( 'NONE',  ( -1.000000000000000000, -0.0000000000000000000, -0.0000000000000000000 ) ) ;
#741 = CARTESIAN_POINT ( 'NONE',  ( 62.10357149540558908, 6.104662681989103693E-15, 0.0000000000000000000 ) ) ;
#742 = CIRCLE ( 'NONE', #1536, 6.000000000000006217 ) ;
#743 = CONICAL_SURFACE ( 'NONE', #2348, 5.036000000000006693, 0.9599310885968775908 ) ;
#744 = AXIS2_PLACEMENT_3D ( 'NONE', #1960, #1917, #4601 ) ;
#745 = FACE_OUTER_BOUND ( 'NONE', #3416, .T. ) ;
#746 = ORIENTED_EDGE ( 'NONE', *, *, #3842, .F. ) ;
#747 = ADVANCED_FACE ( 'NONE', ( #1137 ), #1080, .T. ) ;
#748 = ORIENTED_EDGE ( 'NONE', *, *, #3749, .F. ) ;
#749 = SURFACE_STYLE_FILL_AREA ( #4063 ) ;
#750 = VECTOR ( 'NONE', #2879, 1000.000000000000000 ) ;
#751 = CARTESIAN_POINT ( 'NONE',  ( 74.10357149540558908, 6.104662681989103693E-15, 0.0000000000000000000 ) ) ;
#752 = DIRECTION ( 'NONE',  ( 0.0000000000000000000, -1.000000000000000000, 0.0000000000000000000 ) ) ;
#753 = CYLINDRICAL_SURFACE ( 'NONE', #1808, 5.999999999999866773 ) ;
#754 = CONICAL_SURFACE ( 'NONE', #2355, 6.000000000000006217, 0.9599310885968824758 ) ;
#755 = CIRCLE ( 'NONE', #693, 6.000000000000006217 ) ;
#756 = DIRECTION ( 'NONE',  ( 0.0000000000000000000, -1.000000000000000000, 0.0000000000000000000 ) ) ;
#757 = DIRECTION ( 'NONE',  ( 0.0000000000000000000, 0.0000000000000000000, 1.000000000000000000 ) ) ;
#758 = FACE_OUTER_BOUND ( 'NONE', #1899, .T. ) ;
#759 = DIRECTION ( 'NONE',  ( -1.000000000000000000, -1.224606353822377258E-16, -0.0000000000000000000 ) ) ;
#760 = ORIENTED_EDGE ( 'NONE', *, *, #3962, .T. ) ;
#761 = CARTESIAN_POINT ( 'NONE',  ( 11.99999999999999645, 0.0000000000000000000, 0.0000000000000000000 ) ) ;
#762 = FACE_OUTER_BOUND ( 'NONE', #2871, .T. ) ;
#763 = CARTESIAN_POINT ( 'NONE',  ( 57.99999999999999289, 5.036000000000012911, 0.0000000000000000000 ) ) ;
#764 = CARTESIAN_POINT ( 'NONE',  ( 80.28571428571427759, 6.022001744921539221E-15, 0.0000000000000000000 ) ) ;
#765 = AXIS2_PLACEMENT_3D ( 'NONE', #799, #2162, #2786 ) ;
#766 = ORIENTED_EDGE ( 'NONE', *, *, #3948, .F. ) ;
#767 = DIRECTION ( 'NONE',  ( 0.0000000000000000000, -0.4999999999999991118, 0.8660254037844391517 ) ) ;
#768 = CARTESIAN_POINT ( 'NONE',  ( 11.99999999999999645, 1.102182119232617714E-15, -9.000000000000000000 ) ) ;
#769 = CONICAL_SURFACE ( 'NONE', #2367, 6.000000000000006217, 0.9599310885968824758 ) ;
#770 = DIRECTION ( 'NONE',  ( 0.0000000000000000000, -1.000000000000000000, 0.0000000000000000000 ) ) ;
#771 = AXIS2_PLACEMENT_3D ( 'NONE', #1, #2679, #1514 ) ;
#772 = AXIS2_PLACEMENT_3D ( 'NONE', #127, #120, #119 ) ;
#773 = DIRECTION ( 'NONE',  ( -1.000000000000000000, -1.224606353822377258E-16, -0.0000000000000000000 ) ) ;
#774 = CIRCLE ( 'NONE', #2359, 5.036000000000006693 ) ;
#775 = VERTEX_POINT ( 'NONE', #914 ) ;
#776 = AXIS2_PLACEMENT_3D ( 'NONE', #179, #164, #160 ) ;
#777 = CONICAL_SURFACE ( 'NONE', #2376, 5.036000000000006693, 0.9599310885968775908 ) ;
#778 = AXIS2_PLACEMENT_3D ( 'NONE', #212, #204, #200 ) ;
#779 = CARTESIAN_POINT ( 'NONE',  ( 67.24642863826272787, 6.104662681989103693E-15, 0.0000000000000000000 ) ) ;
#780 = DIRECTION ( 'NONE',  ( -1.000000000000000000, -1.224606353822377258E-16, -0.0000000000000000000 ) ) ;
#781 = FACE_OUTER_BOUND ( 'NONE', #3038, .T. ) ;
#782 = PRESENTATION_STYLE_ASSIGNMENT (( #4021 ) ) ;
#783 = CIRCLE ( 'NONE', #1287, 6.000000000000006217 ) ;
#784 = ADVANCED_FACE ( 'NONE', ( #1086 ), #1071, .T. ) ;
#785 = CARTESIAN_POINT ( 'NONE',  ( 54.57142857142856940, 5.036000000000012911, 0.0000000000000000000 ) ) ;
#786 = FACE_OUTER_BOUND ( 'NONE', #2674, .T. ) ;
#787 = AXIS2_PLACEMENT_3D ( 'NONE', #274, #259, #244 ) ;
#788 = ADVANCED_FACE ( 'NONE', ( #1117 ), #1062, .T. ) ;
#789 = CIRCLE ( 'NONE', #1127, 6.000000000000006217 ) ;
#790 = CARTESIAN_POINT ( 'NONE',  ( 75.81785720969129727, 7.347880794882700773E-16, -6.000000000000006217 ) ) ;
#791 = ORIENTED_EDGE ( 'NONE', *, *, #3209, .F. ) ;
#792 = AXIS2_PLACEMENT_3D ( 'NONE', #306, #304, #299 ) ;
#793 = CIRCLE ( 'NONE', #606, 8.400000000000000355 ) ;
#794 = AXIS2_PLACEMENT_3D ( 'NONE', #406, #402, #357 ) ;
#795 = DIRECTION ( 'NONE',  ( 0.0000000000000000000, -1.000000000000000000, 0.0000000000000000000 ) ) ;
#796 = DIRECTION ( 'NONE',  ( 1.000000000000000000, 0.0000000000000000000, 0.0000000000000000000 ) ) ;
#797 = ORIENTED_EDGE ( 'NONE', *, *, #4643, .T. ) ;
#798 = CARTESIAN_POINT ( 'NONE',  ( -0.0000000000000000000, -5.839897972853060004, -5.637851296924623057E-15 ) ) ;
#799 = CARTESIAN_POINT ( 'NONE',  ( 48.75357136173725792, 5.939340807853974748E-15, 0.0000000000000000000 ) ) ;
#800 = AXIS2_PLACEMENT_3D ( 'NONE', #472, #459, #456 ) ;
#801 = CARTESIAN_POINT ( 'NONE',  ( 55.24642863826272787, -1.425188158846554531E-28, 6.000000000000006217 ) ) ;
#802 = AXIS2_PLACEMENT_3D ( 'NONE', #564, #559, #551 ) ;
#803 = VECTOR ( 'NONE', #2872, 1000.000000000000000 ) ;
#804 = CIRCLE ( 'NONE', #943, 5.036000000000006693 ) ;
#805 = VERTEX_POINT ( 'NONE', #809 ) ;
#806 = DIRECTION ( 'NONE',  ( -1.000000000000000000, -1.224606353822377258E-16, -0.0000000000000000000 ) ) ;
#807 = CYLINDRICAL_SURFACE ( 'NONE', #2386, 5.999999999999866773 ) ;
#808 = AXIS2_PLACEMENT_3D ( 'NONE', #583, #581, #578 ) ;
#809 = CARTESIAN_POINT ( 'NONE',  ( 56.96071435254844317, 7.347880794882700773E-16, -6.000000000000006217 ) ) ;
#810 = ORIENTED_EDGE ( 'NONE', *, *, #3564, .F. ) ;
#811 = ORIENTED_EDGE ( 'NONE', *, *, #4192, .F. ) ;
#812 = AXIS2_PLACEMENT_3D ( 'NONE', #644, #629, #626 ) ;
#813 = CARTESIAN_POINT ( 'NONE',  ( 51.81785720969130438, 6.104662681989103693E-15, 0.0000000000000000000 ) ) ;
#814 = CIRCLE ( 'NONE', #1466, 6.000000000000006217 ) ;
#815 = DIRECTION ( 'NONE',  ( 0.0000000000000000000, -1.000000000000000000, 0.0000000000000000000 ) ) ;
#816 = ORIENTED_EDGE ( 'NONE', *, *, #2823, .F. ) ;
#817 = CARTESIAN_POINT ( 'NONE',  ( 79.24642863826272787, 6.000000000000011546, 0.0000000000000000000 ) ) ;
#818 = AXIS2_PLACEMENT_3D ( 'NONE', #694, #691, #683 ) ;
#819 = FACE_OUTER_BOUND ( 'NONE', #2955, .T. ) ;
#820 = DIRECTION ( 'NONE',  ( 0.0000000000000000000, 1.000000000000000000, 0.0000000000000000000 ) ) ;
#821 = DIRECTION ( 'NONE',  ( -1.000000000000000000, -1.224606353822377258E-16, -0.0000000000000000000 ) ) ;
#822 = DIRECTION ( 'NONE',  ( 0.0000000000000000000, 0.0000000000000000000, 1.000000000000000000 ) ) ;
#823 = CARTESIAN_POINT ( 'NONE',  ( 79.61071421888010491, 5.939340807853974748E-15, 0.0000000000000000000 ) ) ;
#824 = CONICAL_SURFACE ( 'NONE', #2409, 5.036000000000006693, 0.9599310885968775908 ) ;
#825 = ADVANCED_FACE ( 'NONE', ( #1092 ), #1077, .T. ) ;
#826 = CARTESIAN_POINT ( 'NONE',  ( 60.38928578111987377, -1.425188158846554531E-28, 6.000000000000006217 ) ) ;
#827 = CARTESIAN_POINT ( 'NONE',  ( 6.000000000000000000, 5.839897972853066221, -2.038300084272748336E-14 ) ) ;
#828 = DIRECTION ( 'NONE',  ( 0.5735764363510452712, -0.8191520442889924647, 1.003171929053525610E-16 ) ) ;
#829 = DIRECTION ( 'NONE',  ( 1.000000000000000000, 1.224606353822377258E-16, 0.0000000000000000000 ) ) ;
#830 = FACE_OUTER_BOUND ( 'NONE', #3683, .T. ) ;
#831 = ORIENTED_EDGE ( 'NONE', *, *, #3560, .T. ) ;
#832 = AXIS2_PLACEMENT_3D ( 'NONE', #741, #733, #721 ) ;
#833 = CARTESIAN_POINT ( 'NONE',  ( 56.96071435254844317, 6.104662681989103693E-15, 0.0000000000000000000 ) ) ;
#834 = DIRECTION ( 'NONE',  ( 0.0000000000000000000, -1.000000000000000000, 0.0000000000000000000 ) ) ;
#835 = CYLINDRICAL_SURFACE ( 'NONE', #2390, 5.999999999999866773 ) ;
#836 = CIRCLE ( 'NONE', #1506, 6.000000000000006217 ) ;
#837 = VERTEX_POINT ( 'NONE', #790 ) ;
#838 = VERTEX_POINT ( 'NONE', #875 ) ;
#839 = COLOUR_RGB ( '',0.7764705882352941346, 0.7568627450980391913, 0.7372549019607843590 ) ;
#840 = AXIS2_PLACEMENT_3D ( 'NONE', #842, #884, #820 ) ;
#841 = CARTESIAN_POINT ( 'NONE',  ( 52.18214279030869562, -5.999999999999989342, 0.0000000000000000000 ) ) ;
#842 = CARTESIAN_POINT ( 'NONE',  ( 79.24642863826272787, 6.104662681989103693E-15, 0.0000000000000000000 ) ) ;
#843 = DIRECTION ( 'NONE',  ( 1.000000000000000000, 1.224606353822377258E-16, 0.0000000000000000000 ) ) ;
#844 = FACE_OUTER_BOUND ( 'NONE', #3289, .T. ) ;
#845 = ORIENTED_EDGE ( 'NONE', *, *, #3376, .F. ) ;
#846 = CONICAL_SURFACE ( 'NONE', #2455, 5.036000000000006693, 0.9599310885968775908 ) ;
#847 = ADVANCED_FACE ( 'NONE', ( #1232 ), #1037, .T. ) ;
#848 = DIRECTION ( 'NONE',  ( -1.000000000000000000, -1.224606353822377258E-16, -0.0000000000000000000 ) ) ;
#849 = CARTESIAN_POINT ( 'NONE',  ( 76.85714285714284699, 6.022001744921539221E-15, 0.0000000000000000000 ) ) ;
#850 = AXIS2_PLACEMENT_3D ( 'NONE', #813, #806, #795 ) ;
#851 = ORIENTED_EDGE ( 'NONE', *, *, #3927, .T. ) ;
#852 = VERTEX_POINT ( 'NONE', #2571 ) ;
#853 = FACE_OUTER_BOUND ( 'NONE', #3052, .T. ) ;
#854 = CARTESIAN_POINT ( 'NONE',  ( 46.67500006683415847, 6.000000000000012434, 0.0000000000000000000 ) ) ;
#855 = CIRCLE ( 'NONE', #607, 0.5999999999999998668 ) ;
#856 = ORIENTED_EDGE ( 'NONE', *, *, #3172, .F. ) ;
#857 = VERTEX_POINT ( 'NONE', #655 ) ;
#858 = ORIENTED_EDGE ( 'NONE', *, *, #3742, .F. ) ;
#859 = AXIS2_PLACEMENT_3D ( 'NONE', #903, #894, #891 ) ;
#860 = CONICAL_SURFACE ( 'NONE', #2431, 6.000000000000006217, 0.9599310885968824758 ) ;
#861 = LINE ( 'NONE', #2751, #803 ) ;
#862 = AXIS2_PLACEMENT_3D ( 'NONE', #960, #954, #950 ) ;
#863 = DIRECTION ( 'NONE',  ( 0.0000000000000000000, -1.000000000000000000, 0.0000000000000000000 ) ) ;
#864 = DIRECTION ( 'NONE',  ( -1.000000000000000000, -0.0000000000000000000, -0.0000000000000000000 ) ) ;
#865 = CIRCLE ( 'NONE', #2398, 6.000000000000006217 ) ;
#866 = LINE ( 'NONE', #2877, #750 ) ;
#867 = VECTOR ( 'NONE', #2064, 999.9999999999998863 ) ;
#868 = DIRECTION ( 'NONE',  ( -1.000000000000000000, -0.0000000000000000000, -0.0000000000000000000 ) ) ;
#869 = DIRECTION ( 'NONE',  ( -1.000000000000000000, -0.0000000000000000000, -0.0000000000000000000 ) ) ;
#870 = AXIS2_PLACEMENT_3D ( 'NONE', #1105, #1087, #1042 ) ;
#871 = DIRECTION ( 'NONE',  ( -1.000000000000000000, -1.224606353822377258E-16, -0.0000000000000000000 ) ) ;
#872 = AXIS2_PLACEMENT_3D ( 'NONE', #1294, #1225, #1237 ) ;
#873 = FACE_OUTER_BOUND ( 'NONE', #4164, .T. ) ;
#874 = CARTESIAN_POINT ( 'NONE',  ( -31.74999999999995737, 7.347880794883956047E-16, -5.999999999999866773 ) ) ;
#875 = CARTESIAN_POINT ( 'NONE',  ( 48.38928578111987377, 7.347880794882692884E-16, -6.000000000000006217 ) ) ;
#876 = CARTESIAN_POINT ( 'NONE',  ( 46.67500006683415847, 6.104662681989103693E-15, 0.0000000000000000000 ) ) ;
#877 = FACE_OUTER_BOUND ( 'NONE', #2934, .T. ) ;
#878 = AXIS2_PLACEMENT_3D ( 'NONE', #1178, #1714, #1170 ) ;
#879 = ADVANCED_FACE ( 'NONE', ( #1065 ), #1103, .T. ) ;
#880 = ORIENTED_EDGE ( 'NONE', *, *, #3109, .F. ) ;
#881 = DIRECTION ( 'NONE',  ( 1.000000000000000000, 1.224606353822377258E-16, 0.0000000000000000000 ) ) ;
#882 = DIRECTION ( 'NONE',  ( -1.000000000000000000, -0.0000000000000000000, -0.0000000000000000000 ) ) ;
#883 = CYLINDRICAL_SURFACE ( 'NONE', #2416, 5.999999999999866773 ) ;
#884 = DIRECTION ( 'NONE',  ( 1.000000000000000000, 1.224606353822377258E-16, 0.0000000000000000000 ) ) ;
#885 = DIRECTION ( 'NONE',  ( 0.0000000000000000000, -1.000000000000000000, 0.0000000000000000000 ) ) ;
#886 = ADVANCED_FACE ( 'NONE', ( #1044 ), #570, .F. ) ;
#887 = AXIS2_PLACEMENT_3D ( 'NONE', #1263, #1253, #1245 ) ;
#888 = DIRECTION ( 'NONE',  ( -1.000000000000000000, -1.224606353822377258E-16, -0.0000000000000000000 ) ) ;
#889 = CARTESIAN_POINT ( 'NONE',  ( 71.03928564745154972, 7.347880794882739229E-16, -6.000000000000006217 ) ) ;
#890 = FACE_OUTER_BOUND ( 'NONE', #1813, .T. ) ;
#891 = DIRECTION ( 'NONE',  ( 0.0000000000000000000, -1.000000000000000000, 0.0000000000000000000 ) ) ;
#892 = DIRECTION ( 'NONE',  ( -1.000000000000000000, -1.224606353822377258E-16, -0.0000000000000000000 ) ) ;
#893 = AXIS2_PLACEMENT_3D ( 'NONE', #1325, #1322, #1306 ) ;
#894 = DIRECTION ( 'NONE',  ( -1.000000000000000000, -1.224606353822377258E-16, -0.0000000000000000000 ) ) ;
#895 = DIRECTION ( 'NONE',  ( 0.0000000000000000000, 0.0000000000000000000, 1.000000000000000000 ) ) ;
#896 = AXIS2_PLACEMENT_3D ( 'NONE', #1381, #1451, #1413 ) ;
#897 = DIRECTION ( 'NONE',  ( 0.0000000000000000000, -1.000000000000000000, 0.0000000000000000000 ) ) ;
#898 = VERTEX_POINT ( 'NONE', #589 ) ;
#899 = CYLINDRICAL_SURFACE ( 'NONE', #2417, 5.999999999999866773 ) ;
#900 = VECTOR ( 'NONE', #141, 1000.000000000000000 ) ;
#901 = CARTESIAN_POINT ( 'NONE',  ( 56.96071435254844317, 6.104662681989103693E-15, 0.0000000000000000000 ) ) ;
#902 = DIRECTION ( 'NONE',  ( 0.0000000000000000000, -1.000000000000000000, 0.0000000000000000000 ) ) ;
#903 = CARTESIAN_POINT ( 'NONE',  ( 52.18214279030869562, 5.939340807853974748E-15, 0.0000000000000000000 ) ) ;
#904 = CARTESIAN_POINT ( 'NONE',  ( -31.74999999999995737, 0.0000000000000000000, 0.0000000000000000000 ) ) ;
#905 = AXIS2_PLACEMENT_3D ( 'NONE', #1376, #1369, #1367 ) ;
#906 = FACE_OUTER_BOUND ( 'NONE', #3063, .T. ) ;
#907 = AXIS2_PLACEMENT_3D ( 'NONE', #1432, #1424, #1420 ) ;
#908 = CYLINDRICAL_SURFACE ( 'NONE', #2430, 5.999999999999866773 ) ;
#909 = LINE ( 'NONE', #4401, #592 ) ;
#910 = AXIS2_PLACEMENT_3D ( 'NONE', #1513, #1503, #1485 ) ;
#911 = CIRCLE ( 'NONE', #1312, 6.000000000000006217 ) ;
#912 = FACE_OUTER_BOUND ( 'NONE', #131, .T. ) ;
#913 = FACE_OUTER_BOUND ( 'NONE', #1964, .T. ) ;
#914 = CARTESIAN_POINT ( 'NONE',  ( 56.96071435254844317, -6.000000000000000888, 7.347880794884127625E-16 ) ) ;
#915 = AXIS2_PLACEMENT_3D ( 'NONE', #1626, #1602, #1594 ) ;
#916 = AXIS2_PLACEMENT_3D ( 'NONE', #1676, #1656, #1646 ) ;
#917 = AXIS2_PLACEMENT_3D ( 'NONE', #1730, #1722, #1716 ) ;
#918 = CIRCLE ( 'NONE', #1143, 6.000000000000006217 ) ;
#919 = ADVANCED_FACE ( 'NONE', ( #1032 ), #1025, .T. ) ;
#920 = CARTESIAN_POINT ( 'NONE',  ( 60.38928578111987377, 6.000000000000011546, 0.0000000000000000000 ) ) ;
#921 = CARTESIAN_POINT ( 'NONE',  ( 71.03928564745154972, -6.000000000000008882, 0.0000000000000000000 ) ) ;
#922 = VERTEX_POINT ( 'NONE', #504 ) ;
#923 = VECTOR ( 'NONE', #3660, 1000.000000000000000 ) ;
#924 = FACE_OUTER_BOUND ( 'NONE', #2366, .T. ) ;
#925 = CARTESIAN_POINT ( 'NONE',  ( 65.53214292397701968, 6.104662681989103693E-15, 0.0000000000000000000 ) ) ;
#926 = DIRECTION ( 'NONE',  ( -1.000000000000000000, -0.0000000000000000000, -0.0000000000000000000 ) ) ;
#927 = AXIS2_PLACEMENT_3D ( 'NONE', #1778, #1772, #1764 ) ;
#928 = CARTESIAN_POINT ( 'NONE',  ( 6.000000000000000000, 0.0000000000000000000, 0.0000000000000000000 ) ) ;
#929 = CARTESIAN_POINT ( 'NONE',  ( 68.96071435254843607, 7.347880794882700773E-16, -6.000000000000006217 ) ) ;
#930 = DIRECTION ( 'NONE',  ( 0.0000000000000000000, -1.000000000000000000, 0.0000000000000000000 ) ) ;
#931 = ORIENTED_EDGE ( 'NONE', *, *, #2822, .T. ) ;
#932 = CARTESIAN_POINT ( 'NONE',  ( 50.10357149540558197, -1.425188158846554531E-28, 6.000000000000006217 ) ) ;
#933 = ORIENTED_EDGE ( 'NONE', *, *, #4248, .T. ) ;
#934 = DIRECTION ( 'NONE',  ( -1.000000000000000000, -1.224606353822377258E-16, -0.0000000000000000000 ) ) ;
#935 = DIRECTION ( 'NONE',  ( -1.000000000000000000, -1.224606353822377258E-16, -0.0000000000000000000 ) ) ;
#936 = CYLINDRICAL_SURFACE ( 'NONE', #2403, 5.999999999999866773 ) ;
#937 = AXIS2_PLACEMENT_3D ( 'NONE', #1801, #1799, #1796 ) ;
#938 = AXIS2_PLACEMENT_3D ( 'NONE', #1843, #1835, #1829 ) ;
#939 = DIRECTION ( 'NONE',  ( -1.000000000000000000, -0.0000000000000000000, -0.0000000000000000000 ) ) ;
#940 = DIRECTION ( 'NONE',  ( 0.5735764363510450492, 0.8191520442889925757, 0.0000000000000000000 ) ) ;
#941 = CYLINDRICAL_SURFACE ( 'NONE', #2436, 5.999999999999866773 ) ;
#942 = VECTOR ( 'NONE', #2780, 999.9999999999998863 ) ;
#943 = AXIS2_PLACEMENT_3D ( 'NONE', #1879, #1873, #1871 ) ;
#944 = FACE_OUTER_BOUND ( 'NONE', #3238, .T. ) ;
#945 = CIRCLE ( 'NONE', #951, 6.000000000000006217 ) ;
#946 = DIRECTION ( 'NONE',  ( -1.000000000000000000, -1.224606353822377258E-16, -0.0000000000000000000 ) ) ;
#947 = CARTESIAN_POINT ( 'NONE',  ( 79.24642863826272787, 6.104662681989103693E-15, 0.0000000000000000000 ) ) ;
#948 = ORIENTED_EDGE ( 'NONE', *, *, #3823, .F. ) ;
#949 = CONICAL_SURFACE ( 'NONE', #2463, 5.036000000000006693, 0.9599310885968775908 ) ;
#950 = DIRECTION ( 'NONE',  ( 0.0000000000000000000, -1.000000000000000000, 0.0000000000000000000 ) ) ;
#951 = AXIS2_PLACEMENT_3D ( 'NONE', #1916, #1909, #1907 ) ;
#952 = ORIENTED_EDGE ( 'NONE', *, *, #4083, .F. ) ;
#953 = AXIS2_PLACEMENT_3D ( 'NONE', #1983, #1971, #1959 ) ;
#954 = DIRECTION ( 'NONE',  ( -1.000000000000000000, -1.224606353822377258E-16, -0.0000000000000000000 ) ) ;
#955 = AXIS2_PLACEMENT_3D ( 'NONE', #2056, #2050, #2022 ) ;
#956 = DIRECTION ( 'NONE',  ( 0.0000000000000000000, -1.000000000000000000, 0.0000000000000000000 ) ) ;
#957 = ORIENTED_EDGE ( 'NONE', *, *, #3900, .T. ) ;
#958 = ADVANCED_FACE ( 'NONE', ( #1272 ), #514, .F. ) ;
#959 = TOROIDAL_SURFACE ( 'NONE', #2453, 8.400000000000000355, 0.5999999999999999778 ) ;
#960 = CARTESIAN_POINT ( 'NONE',  ( 53.53214292397701257, 6.104662681989103693E-15, 0.0000000000000000000 ) ) ;
#961 = DIRECTION ( 'NONE',  ( -1.000000000000000000, -1.224606353822377258E-16, -0.0000000000000000000 ) ) ;
#962 = ORIENTED_EDGE ( 'NONE', *, *, #3558, .F. ) ;
#963 = FACE_OUTER_BOUND ( 'NONE', #2243, .T. ) ;
#964 = VERTEX_POINT ( 'NONE', #553 ) ;
#965 = CARTESIAN_POINT ( 'NONE',  ( 78.57142857142856940, 6.022001744921539221E-15, 0.0000000000000000000 ) ) ;
#966 = DIRECTION ( 'NONE',  ( 0.0000000000000000000, 0.0000000000000000000, 1.000000000000000000 ) ) ;
#967 = CARTESIAN_POINT ( 'NONE',  ( 75.14285714285713880, 6.022001744921539221E-15, 0.0000000000000000000 ) ) ;
#968 = FACE_OUTER_BOUND ( 'NONE', #3147, .T. ) ;
#969 = AXIS2_PLACEMENT_3D ( 'NONE', #2132, #2217, #2134 ) ;
#970 = AXIS2_PLACEMENT_3D ( 'NONE', #2121, #2109, #2106 ) ;
#971 = CARTESIAN_POINT ( 'NONE',  ( -31.74999999999995737, 0.0000000000000000000, 0.0000000000000000000 ) ) ;
#972 = CARTESIAN_POINT ( 'NONE',  ( 76.85714285714284699, -5.036000000000000476, 6.757601037695103453E-16 ) ) ;
#973 = CARTESIAN_POINT ( 'NONE',  ( 56.96071435254844317, 6.104662681989103693E-15, 0.0000000000000000000 ) ) ;
#974 = CONICAL_SURFACE ( 'NONE', #2469, 5.057500000000000107, 1.047197551196592302 ) ;
#975 = DIRECTION ( 'NONE',  ( 1.000000000000000000, 1.224606353822377258E-16, 0.0000000000000000000 ) ) ;
#976 = VERTEX_POINT ( 'NONE', #399 ) ;
#977 = CARTESIAN_POINT ( 'NONE',  ( 6.000000000000000000, 6.193651186687738874E-16, -5.057500000000000107 ) ) ;
#978 = CARTESIAN_POINT ( 'NONE',  ( 53.53214292397701257, 6.000000000000012434, 0.0000000000000000000 ) ) ;
#979 = AXIS2_PLACEMENT_3D ( 'NONE', #2182, #2157, #2155 ) ;
#980 = FACE_OUTER_BOUND ( 'NONE', #2757, .T. ) ;
#981 = ADVANCED_FACE ( 'NONE', ( #1021 ), #1018, .T. ) ;
#982 = AXIS2_PLACEMENT_3D ( 'NONE', #2223, #2222, #2220 ) ;
#983 = CONICAL_SURFACE ( 'NONE', #2537, 5.036000000000006693, 0.9599310885968775908 ) ;
#984 = ADVANCED_FACE ( 'NONE', ( #1052 ), #1008, .T. ) ;
#985 = CARTESIAN_POINT ( 'NONE',  ( 67.24642863826272787, 6.104662681989103693E-15, 0.0000000000000000000 ) ) ;
#986 = ORIENTED_EDGE ( 'NONE', *, *, #3411, .F. ) ;
#987 = AXIS2_PLACEMENT_3D ( 'NONE', #2233, #2231, #2227 ) ;
#988 = AXIS2_PLACEMENT_3D ( 'NONE', #2277, #2274, #2272 ) ;
#989 = TOROIDAL_SURFACE ( 'NONE', #2456, 6.599999999999866418, 0.5999999999999999778 ) ;
#990 = DIRECTION ( 'NONE',  ( -1.000000000000000000, -1.224606353822377258E-16, -0.0000000000000000000 ) ) ;
#991 = ADVANCED_FACE ( 'NONE', ( #1046 ), #983, .T. ) ;
#992 = DIRECTION ( 'NONE',  ( 0.0000000000000000000, -1.000000000000000000, 0.0000000000000000000 ) ) ;
#993 = FACE_OUTER_BOUND ( 'NONE', #1738, .T. ) ;
#994 = AXIS2_PLACEMENT_3D ( 'NONE', #2318, #2311, #2302 ) ;
#995 = AXIS2_PLACEMENT_3D ( 'NONE', #2363, #2351, #2349 ) ;
#996 = VECTOR ( 'NONE', #448, 1000.000000000000000 ) ;
#997 = DIRECTION ( 'NONE',  ( -1.000000000000000000, -1.224606353822377258E-16, -0.0000000000000000000 ) ) ;
#998 = LINE ( 'NONE', #3170, #4046 ) ;
#999 = CIRCLE ( 'NONE', #579, 6.599999999999866418 ) ;
#1000 = ORIENTED_EDGE ( 'NONE', *, *, #1982, .T. ) ;
#1001 = FACE_OUTER_BOUND ( 'NONE', #1957, .T. ) ;
#1002 = LINE ( 'NONE', #1486, #209 ) ;
#1003 = DIRECTION ( 'NONE',  ( -1.000000000000000000, -1.224606353822377258E-16, -0.0000000000000000000 ) ) ;
#1004 = CARTESIAN_POINT ( 'NONE',  ( 73.42857142857143060, 6.022001744921539221E-15, 0.0000000000000000000 ) ) ;
#1005 = DIRECTION ( 'NONE',  ( 0.5735764363510452712, -0.8191520442889924647, 1.003171929053525610E-16 ) ) ;
#1006 = DIRECTION ( 'NONE',  ( -1.000000000000000000, -1.224606353822377258E-16, -0.0000000000000000000 ) ) ;
#1007 = AXIS2_PLACEMENT_3D ( 'NONE', #2420, #2412, #2406 ) ;
#1008 = CYLINDRICAL_SURFACE ( 'NONE', #2464, 5.999999999999866773 ) ;
#1009 = LINE ( 'NONE', #1986, #942 ) ;
#1010 = CARTESIAN_POINT ( 'NONE',  ( 77.89642850459441092, 5.939340807853974748E-15, 0.0000000000000000000 ) ) ;
#1011 = CARTESIAN_POINT ( 'NONE',  ( 0.0000000000000000000, 5.839897972853066221, -2.038300084272748336E-14 ) ) ;
#1012 = AXIS2_PLACEMENT_3D ( 'NONE', #2457, #2452, #2449 ) ;
#1013 = FACE_BOUND ( 'NONE', #1989, .T. ) ;
#1014 = CIRCLE ( 'NONE', #706, 6.000000000000006217 ) ;
#1015 = CONICAL_SURFACE ( 'NONE', #969, 6.000000000000006217, 0.9599310885968824758 ) ;
#1016 = CARTESIAN_POINT ( 'NONE',  ( 57.32499993316583442, 7.347880794882739229E-16, -6.000000000000006217 ) ) ;
#1017 = DIRECTION ( 'NONE',  ( 0.0000000000000000000, -1.000000000000000000, 0.0000000000000000000 ) ) ;
#1018 = CYLINDRICAL_SURFACE ( 'NONE', #2468, 5.999999999999866773 ) ;
#1019 = AXIS2_PLACEMENT_3D ( 'NONE', #2491, #2488, #2487 ) ;
#1020 = DIRECTION ( 'NONE',  ( 0.0000000000000000000, 1.000000000000000000, 0.0000000000000000000 ) ) ;
#1021 = FACE_OUTER_BOUND ( 'NONE', #3171, .T. ) ;
#1022 = ORIENTED_EDGE ( 'NONE', *, *, #3233, .F. ) ;
#1023 = DIRECTION ( 'NONE',  ( 0.5735764363510450492, 0.8191520442889925757, 0.0000000000000000000 ) ) ;
#1024 = FACE_OUTER_BOUND ( 'NONE', #1777, .T. ) ;
#1025 = CYLINDRICAL_SURFACE ( 'NONE', #2498, 9.000000000000000000 ) ;
#1026 = ADVANCED_FACE ( 'NONE', ( #993 ), #974, .F. ) ;
#1027 = DIRECTION ( 'NONE',  ( -1.000000000000000000, -0.0000000000000000000, -0.0000000000000000000 ) ) ;
#1028 = DIRECTION ( 'NONE',  ( 1.000000000000000000, 1.224606353822377258E-16, 0.0000000000000000000 ) ) ;
#1029 = AXIS2_PLACEMENT_3D ( 'NONE', #2513, #2509, #2502 ) ;
#1030 = PLANE ( 'NONE',  #2577 ) ;
#1031 = VERTEX_POINT ( 'NONE', #358 ) ;
#1032 = FACE_OUTER_BOUND ( 'NONE', #2060, .T. ) ;
#1033 = AXIS2_PLACEMENT_3D ( 'NONE', #2564, #2560, #2555 ) ;
#1034 = DIRECTION ( 'NONE',  ( 0.5735764363510452712, -0.8191520442889924647, 1.003171929053525610E-16 ) ) ;
#1035 = DIRECTION ( 'NONE',  ( 0.0000000000000000000, -1.000000000000000000, 0.0000000000000000000 ) ) ;
#1036 = FACE_OUTER_BOUND ( 'NONE', #1985, .T. ) ;
#1037 = CONICAL_SURFACE ( 'NONE', #2526, 6.000000000000006217, 0.9599310885968824758 ) ;
#1038 = VECTOR ( 'NONE', #4778, 1000.000000000000114 ) ;
#1039 = CARTESIAN_POINT ( 'NONE',  ( 6.000000000000000000, 0.0000000000000000000, 5.057500000000000107 ) ) ;
#1040 = AXIS2_PLACEMENT_3D ( 'NONE', #2644, #2626, #2622 ) ;
#1041 = VECTOR ( 'NONE', #3462, 1000.000000000000000 ) ;
#1042 = DIRECTION ( 'NONE',  ( 0.0000000000000000000, -1.000000000000000000, 0.0000000000000000000 ) ) ;
#1043 = DIRECTION ( 'NONE',  ( 0.0000000000000000000, 1.000000000000000000, 0.0000000000000000000 ) ) ;
#1044 = FACE_OUTER_BOUND ( 'NONE', #1624, .T. ) ;
#1045 = AXIS2_PLACEMENT_3D ( 'NONE', #2684, #2681, #2680 ) ;
#1046 = FACE_OUTER_BOUND ( 'NONE', #3357, .T. ) ;
#1047 = DIRECTION ( 'NONE',  ( -1.000000000000000000, -1.224606353822377258E-16, -0.0000000000000000000 ) ) ;
#1048 = ORIENTED_EDGE ( 'NONE', *, *, #4066, .F. ) ;
#1049 = CARTESIAN_POINT ( 'NONE',  ( 77.53214292397700547, 6.104662681989103693E-15, 0.0000000000000000000 ) ) ;
#1050 = VECTOR ( 'NONE', #3985, 1000.000000000000227 ) ;
#1051 = AXIS2_PLACEMENT_3D ( 'NONE', #2770, #2767, #2759 ) ;
#1052 = FACE_OUTER_BOUND ( 'NONE', #3194, .T. ) ;
#1053 = ORIENTED_EDGE ( 'NONE', *, *, #3892, .T. ) ;
#1054 = ORIENTED_EDGE ( 'NONE', *, *, #3044, .F. ) ;
#1055 = CARTESIAN_POINT ( 'NONE',  ( 67.61071421888011912, 5.939340807853974748E-15, 0.0000000000000000000 ) ) ;
#1056 = DIRECTION ( 'NONE',  ( -1.000000000000000000, -1.224606353822377258E-16, -0.0000000000000000000 ) ) ;
#1057 = CIRCLE ( 'NONE', #568, 6.000000000000006217 ) ;
#1058 = ADVANCED_FACE ( 'NONE', ( #1024 ), #989, .F. ) ;
#1059 = EDGE_LOOP ( 'NONE', ( #4326, #3588, #4096, #4043, #3936 ) ) ;
#1060 = ORIENTED_EDGE ( 'NONE', *, *, #3178, .F. ) ;
#1061 = DIRECTION ( 'NONE',  ( 0.0000000000000000000, -1.000000000000000000, 0.0000000000000000000 ) ) ;
#1062 = CONICAL_SURFACE ( 'NONE', #2538, 6.000000000000006217, 0.9599310885968824758 ) ;
#1063 = ORIENTED_EDGE ( 'NONE', *, *, #3337, .F. ) ;
#1064 = ADVANCED_FACE ( 'NONE', ( #980 ), #949, .T. ) ;
#1065 = FACE_OUTER_BOUND ( 'NONE', #3439, .T. ) ;
#1066 = VECTOR ( 'NONE', #4561, 1000.000000000000114 ) ;
#1067 = CIRCLE ( 'NONE', #955, 5.036000000000006693 ) ;
#1068 = AXIS2_PLACEMENT_3D ( 'NONE', #2815, #2808, #2801 ) ;
#1069 = DIRECTION ( 'NONE',  ( 0.0000000000000000000, -1.000000000000000000, 0.0000000000000000000 ) ) ;
#1070 = AXIS2_PLACEMENT_3D ( 'NONE', #2895, #2892, #2885 ) ;
#1071 = CONICAL_SURFACE ( 'NONE', #2568, 5.036000000000006693, 0.9599310885968775908 ) ;
#1072 = CIRCLE ( 'NONE', #953, 6.000000000000006217 ) ;
#1073 = PRODUCT_DEFINITION_CONTEXT ( 'detailed design', #3772, 'design' ) ;
#1074 = DIRECTION ( 'NONE',  ( -1.000000000000000000, -1.224606353822377258E-16, -0.0000000000000000000 ) ) ;
#1075 = CARTESIAN_POINT ( 'NONE',  ( 76.85714285714284699, 6.022001744921539221E-15, 0.0000000000000000000 ) ) ;
#1076 = AXIS2_PLACEMENT_3D ( 'NONE', #2953, #2946, #2942 ) ;
#1077 = CYLINDRICAL_SURFACE ( 'NONE', #2517, 5.999999999999866773 ) ;
#1078 = ORIENTED_EDGE ( 'NONE', *, *, #3333, .F. ) ;
#1079 = ORIENTED_EDGE ( 'NONE', *, *, #4195, .F. ) ;
#1080 = CONICAL_SURFACE ( 'NONE', #2586, 6.000000000000006217, 0.9599310885968824758 ) ;
#1081 = AXIS2_PLACEMENT_3D ( 'NONE', #2977, #2970, #2966 ) ;
#1082 = AXIS2_PLACEMENT_3D ( 'NONE', #2997, #2992, #2991 ) ;
#1083 = ORIENTED_EDGE ( 'NONE', *, *, #3410, .T. ) ;
#1084 = DIRECTION ( 'NONE',  ( 0.0000000000000000000, -1.000000000000000000, 0.0000000000000000000 ) ) ;
#1085 = DIRECTION ( 'NONE',  ( 0.0000000000000000000, -1.000000000000000000, 0.0000000000000000000 ) ) ;
#1086 = FACE_OUTER_BOUND ( 'NONE', #3216, .T. ) ;
#1087 = DIRECTION ( 'NONE',  ( -1.000000000000000000, -1.224606353822377258E-16, -0.0000000000000000000 ) ) ;
#1088 = ADVANCED_FACE ( 'NONE', ( #1036 ), #959, .T. ) ;
#1089 = LINE ( 'NONE', #3619, #1041 ) ;
#1090 = AXIS2_PLACEMENT_3D ( 'NONE', #3028, #3025, #3011 ) ;
#1091 = AXIS2_PLACEMENT_3D ( 'NONE', #3060, #3053, #3050 ) ;
#1092 = FACE_OUTER_BOUND ( 'NONE', #2508, .T. ) ;
#1093 = ORIENTED_EDGE ( 'NONE', *, *, #3384, .F. ) ;
#1094 = CARTESIAN_POINT ( 'NONE',  ( 76.18214279030868852, 5.939340807853974748E-15, 0.0000000000000000000 ) ) ;
#1095 = DIRECTION ( 'NONE',  ( -1.000000000000000000, -0.0000000000000000000, -0.0000000000000000000 ) ) ;
#1096 = AXIS2_PLACEMENT_3D ( 'NONE', #3103, #3082, #3077 ) ;
#1097 = AXIS2_PLACEMENT_3D ( 'NONE', #3142, #3136, #3132 ) ;
#1098 = VECTOR ( 'NONE', #4421, 1000.000000000000000 ) ;
#1099 = DIRECTION ( 'NONE',  ( 0.0000000000000000000, -1.000000000000000000, 0.0000000000000000000 ) ) ;
#1100 = VECTOR ( 'NONE', #939, 1000.000000000000000 ) ;
#1101 = ADVANCED_FACE ( 'NONE', ( #963 ), #941, .T. ) ;
#1102 = CONICAL_SURFACE ( 'NONE', #2588, 6.000000000000006217, 0.9599310885968824758 ) ;
#1103 = CYLINDRICAL_SURFACE ( 'NONE', #2511, 5.999999999999866773 ) ;
#1104 = AXIS2_PLACEMENT_3D ( 'NONE', #3346, #3418, #3366 ) ;
#1105 = CARTESIAN_POINT ( 'NONE',  ( 52.18214279030869562, 5.939340807853974748E-15, 0.0000000000000000000 ) ) ;
#1106 = CARTESIAN_POINT ( 'NONE',  ( -31.74999999999995737, 0.0000000000000000000, 5.999999999999866773 ) ) ;
#1107 = CARTESIAN_POINT ( 'NONE',  ( 51.81785720969130438, -6.000000000000000888, 7.347880794884127625E-16 ) ) ;
#1108 = ORIENTED_EDGE ( 'NONE', *, *, #3569, .T. ) ;
#1109 = DIRECTION ( 'NONE',  ( 0.0000000000000000000, 0.0000000000000000000, 1.000000000000000000 ) ) ;
#1110 = DIRECTION ( 'NONE',  ( 0.0000000000000000000, -1.000000000000000000, 0.0000000000000000000 ) ) ;
#1111 = LINE ( 'NONE', #3284, #137 ) ;
#1112 = CONICAL_SURFACE ( 'NONE', #2594, 6.000000000000006217, 0.9599310885968824758 ) ;
#1113 = ORIENTED_EDGE ( 'NONE', *, *, #4660, .T. ) ;
#1114 = ADVANCED_FACE ( 'NONE', ( #1013, #1001 ), #300, .T. ) ;
#1115 = CARTESIAN_POINT ( 'NONE',  ( 52.85714285714285410, -5.036000000000000476, 0.0000000000000000000 ) ) ;
#1116 = AXIS2_PLACEMENT_3D ( 'NONE', #3292, #3288, #3287 ) ;
#1117 = FACE_OUTER_BOUND ( 'NONE', #2835, .T. ) ;
#1118 = ORIENTED_EDGE ( 'NONE', *, *, #3145, .T. ) ;
#1119 = LINE ( 'NONE', #396, #88 ) ;
#1120 = DIRECTION ( 'NONE',  ( 0.0000000000000000000, 1.000000000000000000, 0.0000000000000000000 ) ) ;
#1121 = DIRECTION ( 'NONE',  ( 0.0000000000000000000, 0.0000000000000000000, -1.000000000000000000 ) ) ;
#1122 = CARTESIAN_POINT ( 'NONE',  ( 71.03928564745154972, 6.000000000000023093, 7.347880794884140444E-16 ) ) ;
#1123 = DIRECTION ( 'NONE',  ( -1.000000000000000000, -1.224606353822377258E-16, -0.0000000000000000000 ) ) ;
#1124 = DIRECTION ( 'NONE',  ( 1.000000000000000000, 1.224606353822377258E-16, 0.0000000000000000000 ) ) ;
#1125 = ORIENTED_EDGE ( 'NONE', *, *, #3122, .F. ) ;
#1126 = AXIS2_PLACEMENT_3D ( 'NONE', #3447, #3402, #3527 ) ;
#1127 = AXIS2_PLACEMENT_3D ( 'NONE', #3338, #3330, #3328 ) ;
#1128 = CONICAL_SURFACE ( 'NONE', #2596, 6.000000000000006217, 0.9599310885968824758 ) ;
#1129 = VECTOR ( 'NONE', #720, 1000.000000000000000 ) ;
#1130 = DIRECTION ( 'NONE',  ( 0.0000000000000000000, -1.000000000000000000, 0.0000000000000000000 ) ) ;
#1131 = ORIENTED_EDGE ( 'NONE', *, *, #3273, .F. ) ;
#1132 = CARTESIAN_POINT ( 'NONE',  ( 6.000000000000000000, 0.0000000000000000000, 0.0000000000000000000 ) ) ;
#1133 = ORIENTED_EDGE ( 'NONE', *, *, #3600, .F. ) ;
#1134 = DIRECTION ( 'NONE',  ( -1.000000000000000000, -1.224606353822377258E-16, -0.0000000000000000000 ) ) ;
#1135 = CARTESIAN_POINT ( 'NONE',  ( 68.96071435254843607, 6.104662681989103693E-15, 0.0000000000000000000 ) ) ;
#1136 = CARTESIAN_POINT ( 'NONE',  ( 75.81785720969129727, 6.104662681989103693E-15, 0.0000000000000000000 ) ) ;
#1137 = FACE_OUTER_BOUND ( 'NONE', #2553, .T. ) ;
#1138 = AXIS2_PLACEMENT_3D ( 'NONE', #3270, #3263, #3259 ) ;
#1139 = FACE_OUTER_BOUND ( 'NONE', #2802, .T. ) ;
#1140 = CONICAL_SURFACE ( 'NONE', #2604, 5.035999999999999588, 0.7853981633971895970 ) ;
#1141 = CIRCLE ( 'NONE', #695, 6.000000000000006217 ) ;
#1142 = VECTOR ( 'NONE', #2077, 1000.000000000000114 ) ;
#1143 = AXIS2_PLACEMENT_3D ( 'NONE', #3400, #3390, #3380 ) ;
#1144 = ADVANCED_FACE ( 'NONE', ( #924 ), #908, .T. ) ;
#1145 = AXIS2_PLACEMENT_3D ( 'NONE', #3445, #3442, #3426 ) ;
#1146 = CARTESIAN_POINT ( 'NONE',  ( 0.0000000000000000000, 5.839897972853066221, -2.038300084272748336E-14 ) ) ;
#1147 = FACE_OUTER_BOUND ( 'NONE', #2864, .T. ) ;
#1148 = DIRECTION ( 'NONE',  ( 0.0000000000000000000, -1.000000000000000000, 0.0000000000000000000 ) ) ;
#1149 = AXIS2_PLACEMENT_3D ( 'NONE', #3510, #3500, #3475 ) ;
#1150 = DIRECTION ( 'NONE',  ( -1.000000000000000000, -0.0000000000000000000, -0.0000000000000000000 ) ) ;
#1151 = CONICAL_SURFACE ( 'NONE', #2608, 5.036000000000006693, 0.9599310885968775908 ) ;
#1152 = DIRECTION ( 'NONE',  ( -0.5735764363510490460, -0.8191520442889896891, 0.0000000000000000000 ) ) ;
#1153 = CARTESIAN_POINT ( 'NONE',  ( 76.18214279030868852, -1.386669559958809814E-28, 6.000000000000006217 ) ) ;
#1154 = DIRECTION ( 'NONE',  ( 0.0000000000000000000, -1.000000000000000000, 0.0000000000000000000 ) ) ;
#1155 = AXIS2_PLACEMENT_3D ( 'NONE', #3565, #3548, #3531 ) ;
#1156 = ORIENTED_EDGE ( 'NONE', *, *, #4163, .T. ) ;
#1157 = DIRECTION ( 'NONE',  ( 1.000000000000000000, 1.224606353822377258E-16, 0.0000000000000000000 ) ) ;
#1158 = ADVANCED_FACE ( 'NONE', ( #968 ), #899, .T. ) ;
#1159 = AXIS2_PLACEMENT_3D ( 'NONE', #3591, #3584, #3580 ) ;
#1160 = AXIS2_PLACEMENT_3D ( 'NONE', #3631, #3624, #3622 ) ;
#1161 = CARTESIAN_POINT ( 'NONE',  ( 60.38928578111987377, 6.104662681989103693E-15, 0.0000000000000000000 ) ) ;
#1162 = DIRECTION ( 'NONE',  ( -1.000000000000000000, -1.224606353822377258E-16, -0.0000000000000000000 ) ) ;
#1163 = FACE_OUTER_BOUND ( 'NONE', #2261, .T. ) ;
#1164 = AXIS2_PLACEMENT_3D ( 'NONE', #3744, #3724, #3701 ) ;
#1165 = AXIS2_PLACEMENT_3D ( 'NONE', #3658, #3654, #3648 ) ;
#1166 = CARTESIAN_POINT ( 'NONE',  ( 71.71428571428572241, 6.022001744921539221E-15, 0.0000000000000000000 ) ) ;
#1167 = CARTESIAN_POINT ( 'NONE',  ( 75.14285714285713880, 6.022001744921539221E-15, 0.0000000000000000000 ) ) ;
#1168 = FACE_OUTER_BOUND ( 'NONE', #1991, .T. ) ;
#1169 = LINE ( 'NONE', #298, #1100 ) ;
#1170 = DIRECTION ( 'NONE',  ( 0.0000000000000000000, -1.000000000000000000, 0.0000000000000000000 ) ) ;
#1171 = DIRECTION ( 'NONE',  ( 0.0000000000000000000, 1.000000000000000000, 0.0000000000000000000 ) ) ;
#1172 = CONICAL_SURFACE ( 'NONE', #2623, 5.036000000000006693, 0.9599310885968775908 ) ;
#1173 = LINE ( 'NONE', #4420, #1098 ) ;
#1174 = AXIS2_PLACEMENT_3D ( 'NONE', #3778, #3770, #3764 ) ;
#1175 = ADVANCED_FACE ( 'NONE', ( #913 ), #883, .T. ) ;
#1176 = LINE ( 'NONE', #207, #900 ) ;
#1177 = FACE_OUTER_BOUND ( 'NONE', #1059, .T. ) ;
#1178 = CARTESIAN_POINT ( 'NONE',  ( 52.18214279030869562, 5.939340807853974748E-15, 0.0000000000000000000 ) ) ;
#1179 = CONICAL_SURFACE ( 'NONE', #2624, 5.036000000000006693, 0.9599310885968775908 ) ;
#1180 = AXIS2_PLACEMENT_3D ( 'NONE', #3829, #3824, #3808 ) ;
#1181 = AXIS2_PLACEMENT_3D ( 'NONE', #3898, #3935, #3910 ) ;
#1182 = FACE_OUTER_BOUND ( 'NONE', #3621, .T. ) ;
#1183 = AXIS2_PLACEMENT_3D ( 'NONE', #3889, #3878, #3875 ) ;
#1184 = VERTEX_POINT ( 'NONE', #143 ) ;
#1185 = CARTESIAN_POINT ( 'NONE',  ( 53.53214292397701257, -6.000000000000000000, 7.347880794884126639E-16 ) ) ;
#1186 = FACE_OUTER_BOUND ( 'NONE', #3167, .T. ) ;
#1187 = LINE ( 'NONE', #4794, #1333 ) ;
#1188 = CONICAL_SURFACE ( 'NONE', #2664, 5.036000000000006693, 0.9599310885968775908 ) ;
#1189 = ORIENTED_EDGE ( 'NONE', *, *, #3890, .F. ) ;
#1190 = VERTEX_POINT ( 'NONE', #135 ) ;
#1191 = CARTESIAN_POINT ( 'NONE',  ( 62.10357149540558908, 6.104662681989103693E-15, 0.0000000000000000000 ) ) ;
#1192 = DIRECTION ( 'NONE',  ( 0.0000000000000000000, -1.000000000000000000, 0.0000000000000000000 ) ) ;
#1193 = CARTESIAN_POINT ( 'NONE',  ( 53.53214292397701257, 6.000000000000011546, 0.0000000000000000000 ) ) ;
#1194 = FACE_OUTER_BOUND ( 'NONE', #1686, .T. ) ;
#1195 = AXIS2_PLACEMENT_3D ( 'NONE', #3930, #3924, #3923 ) ;
#1196 = ORIENTED_EDGE ( 'NONE', *, *, #3758, .F. ) ;
#1197 = ORIENTED_EDGE ( 'NONE', *, *, #3558, .T. ) ;
#1198 = ORIENTED_EDGE ( 'NONE', *, *, #2938, .T. ) ;
#1199 = CIRCLE ( 'NONE', #2617, 6.000000000000006217 ) ;
#1200 = CARTESIAN_POINT ( 'NONE',  ( 6.000000000000000000, 5.839897972853066221, -2.038300084272748336E-14 ) ) ;
#1201 = AXIS2_PLACEMENT_3D ( 'NONE', #3981, #3980, #3977 ) ;
#1202 = VECTOR ( 'NONE', #735, 999.9999999999998863 ) ;
#1203 = CIRCLE ( 'NONE', #700, 6.000000000000006217 ) ;
#1204 = ADVANCED_FACE ( 'NONE', ( #906 ), #860, .T. ) ;
#1205 = CARTESIAN_POINT ( 'NONE',  ( 51.81785720969130438, 6.104662681989103693E-15, 0.0000000000000000000 ) ) ;
#1206 = VERTEX_POINT ( 'NONE', #69 ) ;
#1207 = FACE_OUTER_BOUND ( 'NONE', #3336, .T. ) ;
#1208 = LINE ( 'NONE', #2058, #1142 ) ;
#1209 = AXIS2_PLACEMENT_3D ( 'NONE', #4014, #4007, #4001 ) ;
#1210 = DIRECTION ( 'NONE',  ( 0.0000000000000000000, 0.0000000000000000000, 1.000000000000000000 ) ) ;
#1211 = AXIS2_PLACEMENT_3D ( 'NONE', #4062, #4052, #4050 ) ;
#1212 = DIRECTION ( 'NONE',  ( -1.000000000000000000, -1.224606353822377258E-16, -0.0000000000000000000 ) ) ;
#1213 = CARTESIAN_POINT ( 'NONE',  ( 79.61071421888010491, -6.000000000000008882, 0.0000000000000000000 ) ) ;
#1214 = ADVANCED_FACE ( 'NONE', ( #853 ), #846, .T. ) ;
#1215 = ORIENTED_EDGE ( 'NONE', *, *, #3067, .F. ) ;
#1216 = FACE_OUTER_BOUND ( 'NONE', #2054, .T. ) ;
#1217 = DIRECTION ( 'NONE',  ( -1.000000000000000000, -1.224606353822377258E-16, -0.0000000000000000000 ) ) ;
#1218 = CARTESIAN_POINT ( 'NONE',  ( 74.46785707602298032, 5.939340807853974748E-15, 0.0000000000000000000 ) ) ;
#1219 = AXIS2_PLACEMENT_3D ( 'NONE', #4081, #4080, #4077 ) ;
#1220 = ORIENTED_EDGE ( 'NONE', *, *, #3635, .T. ) ;
#1221 = CARTESIAN_POINT ( 'NONE',  ( 77.53214292397700547, 6.000000000000011546, 0.0000000000000000000 ) ) ;
#1222 = AXIS2_PLACEMENT_3D ( 'NONE', #4125, #4110, #4109 ) ;
#1223 = CONICAL_SURFACE ( 'NONE', #2653, 5.036000000000006693, 0.9599310885968775908 ) ;
#1224 = ORIENTED_EDGE ( 'NONE', *, *, #4230, .F. ) ;
#1225 = DIRECTION ( 'NONE',  ( -1.000000000000000000, -1.224606353822377258E-16, -0.0000000000000000000 ) ) ;
#1226 = FACE_OUTER_BOUND ( 'NONE', #3295, .T. ) ;
#1227 = AXIS2_PLACEMENT_3D ( 'NONE', #4160, #4156, #4155 ) ;
#1228 = ADVANCED_FACE ( 'NONE', ( #944 ), #936, .T. ) ;
#1229 = AXIS2_PLACEMENT_3D ( 'NONE', #4204, #4200, #4193 ) ;
#1230 = VECTOR ( 'NONE', #2247, 1000.000000000000114 ) ;
#1231 = CARTESIAN_POINT ( 'NONE',  ( 46.67500006683415847, 6.104662681989103693E-15, 0.0000000000000000000 ) ) ;
#1232 = FACE_OUTER_BOUND ( 'NONE', #2246, .T. ) ;
#1233 = ORIENTED_EDGE ( 'NONE', *, *, #3250, .F. ) ;
#1234 = AXIS2_PLACEMENT_3D ( 'NONE', #4261, #4259, #4250 ) ;
#1235 = AXIS2_PLACEMENT_3D ( 'NONE', #4348, #4333, #4330 ) ;
#1236 = AXIS2_PLACEMENT_3D ( 'NONE', #4381, #4376, #4361 ) ;
#1237 = DIRECTION ( 'NONE',  ( 0.0000000000000000000, -1.000000000000000000, 0.0000000000000000000 ) ) ;
#1238 = CYLINDRICAL_SURFACE ( 'NONE', #1788, 5.999999999999866773 ) ;
#1239 = AXIS2_PLACEMENT_3D ( 'NONE', #4445, #4440, #4433 ) ;
#1240 = CARTESIAN_POINT ( 'NONE',  ( 45.32499993316583442, -1.386669559958809814E-28, 6.000000000000006217 ) ) ;
#1241 = AXIS2_PLACEMENT_3D ( 'NONE', #4483, #4479, #4462 ) ;
#1242 = CIRCLE ( 'NONE', #1787, 5.036000000000006693 ) ;
#1243 = DIRECTION ( 'NONE',  ( 1.000000000000000000, 1.224606353822377258E-16, 0.0000000000000000000 ) ) ;
#1244 = FACE_OUTER_BOUND ( 'NONE', #3219, .T. ) ;
#1245 = DIRECTION ( 'NONE',  ( 0.0000000000000000000, -1.000000000000000000, 0.0000000000000000000 ) ) ;
#1246 = CARTESIAN_POINT ( 'NONE',  ( 0.6000000000000033085, 0.0000000000000000000, 0.0000000000000000000 ) ) ;
#1247 = CONICAL_SURFACE ( 'NONE', #2676, 5.035999999999999588, 0.7853981633971895970 ) ;
#1248 = AXIS2_PLACEMENT_3D ( 'NONE', #4535, #4529, #4512 ) ;
#1249 = AXIS2_PLACEMENT_3D ( 'NONE', #4695, #4698, #4691 ) ;
#1250 = LINE ( 'NONE', #400, #1258 ) ;
#1251 = LINE ( 'NONE', #4122, #1050 ) ;
#1252 = ADVANCED_FACE ( 'NONE', ( #877 ), #824, .T. ) ;
#1253 = DIRECTION ( 'NONE',  ( -1.000000000000000000, -1.224606353822377258E-16, -0.0000000000000000000 ) ) ;
#1254 = CARTESIAN_POINT ( 'NONE',  ( 62.10357149540558908, 6.000000000000011546, 0.0000000000000000000 ) ) ;
#1255 = DIRECTION ( 'NONE',  ( -1.000000000000000000, -1.224606353822377258E-16, -0.0000000000000000000 ) ) ;
#1256 = CIRCLE ( 'NONE', #2638, 6.000000000000006217 ) ;
#1257 = VERTEX_POINT ( 'NONE', #4675 ) ;
#1258 = VECTOR ( 'NONE', #596, 1000.000000000000000 ) ;
#1259 = AXIS2_PLACEMENT_3D ( 'NONE', #4606, #4596, #4592 ) ;
#1260 = CONICAL_SURFACE ( 'NONE', #594, 6.000000000000006217, 0.9599310885968824758 ) ;
#1261 = VERTEX_POINT ( 'NONE', #4646 ) ;
#1262 = ADVANCED_FACE ( 'NONE', ( #873 ), #835, .T. ) ;
#1263 = CARTESIAN_POINT ( 'NONE',  ( 52.85714285714285410, 6.022001744921539221E-15, 0.0000000000000000000 ) ) ;
#1264 = DIRECTION ( 'NONE',  ( 0.0000000000000000000, 1.000000000000000000, 0.0000000000000000000 ) ) ;
#1265 = ORIENTED_EDGE ( 'NONE', *, *, #3758, .T. ) ;
#1266 = ADVANCED_FACE ( 'NONE', ( #819 ), #807, .T. ) ;
#1267 = CONICAL_SURFACE ( 'NONE', #2669, 5.036000000000006693, 0.9599310885968775908 ) ;
#1268 = DIRECTION ( 'NONE',  ( 1.000000000000000000, 0.0000000000000000000, 0.0000000000000000000 ) ) ;
#1269 = DIRECTION ( 'NONE',  ( -0.5735764363510492680, 0.8191520442889894671, 1.003171929053522035E-16 ) ) ;
#1270 = AXIS2_PLACEMENT_3D ( 'NONE', #4723, #4737, #4727 ) ;
#1271 = AXIS2_PLACEMENT_3D ( 'NONE', #4688, #4684, #4677 ) ;
#1272 = FACE_OUTER_BOUND ( 'NONE', #1756, .T. ) ;
#1273 = VECTOR ( 'NONE', #4530, 1000.000000000000114 ) ;
#1274 = AXIS2_PLACEMENT_3D ( 'NONE', #4581, #4574, #4570 ) ;
#1275 = ORIENTED_EDGE ( 'NONE', *, *, #4667, .T. ) ;
#1276 = FACE_OUTER_BOUND ( 'NONE', #1792, .T. ) ;
#1277 = CARTESIAN_POINT ( 'NONE',  ( 52.85714285714285410, 5.036000000000012911, 6.167321280506079282E-16 ) ) ;
#1278 = CARTESIAN_POINT ( 'NONE',  ( 82.00000000000000000, 0.0000000000000000000, 0.0000000000000000000 ) ) ;
#1279 = CYLINDRICAL_SURFACE ( 'NONE', #2646, 5.999999999999866773 ) ;
#1280 = CIRCLE ( 'NONE', #870, 6.000000000000006217 ) ;
#1281 = FACE_OUTER_BOUND ( 'NONE', #2601, .T. ) ;
#1282 = ADVANCED_FACE ( 'NONE', ( #830 ), #4318, .T. ) ;
#1283 = FACE_OUTER_BOUND ( 'NONE', #2519, .T. ) ;
#1284 = CIRCLE ( 'NONE', #1520, 6.000000000000006217 ) ;
#1285 = CARTESIAN_POINT ( 'NONE',  ( 72.75357136173727213, 6.000000000000002665, 7.347880794884116778E-16 ) ) ;
#1286 = DIRECTION ( 'NONE',  ( 0.0000000000000000000, -1.000000000000000000, 0.0000000000000000000 ) ) ;
#1287 = AXIS2_PLACEMENT_3D ( 'NONE', #4752, #4747, #4744 ) ;
#1288 = CYLINDRICAL_SURFACE ( 'NONE', #2665, 5.999999999999866773 ) ;
#1289 = DIRECTION ( 'NONE',  ( 0.0000000000000000000, 0.0000000000000000000, 1.000000000000000000 ) ) ;
#1290 = AXIS2_PLACEMENT_3D ( 'NONE', #4776, #4765, #4762 ) ;
#1291 = VERTEX_POINT ( 'NONE', #4336 ) ;
#1292 = ORIENTED_EDGE ( 'NONE', *, *, #3049, .T. ) ;
#1293 = FACE_OUTER_BOUND ( 'NONE', #3089, .T. ) ;
#1294 = CARTESIAN_POINT ( 'NONE',  ( 46.00000000000000000, 6.022001744921539221E-15, 0.0000000000000000000 ) ) ;
#1295 = CARTESIAN_POINT ( 'NONE',  ( 80.96071435254843607, 6.104662681989103693E-15, 0.0000000000000000000 ) ) ;
#1296 = AXIS2_PLACEMENT_3D ( 'NONE', #85, #101, #115 ) ;
#1297 = FACE_OUTER_BOUND ( 'NONE', #3329, .T. ) ;
#1298 = CARTESIAN_POINT ( 'NONE',  ( 77.53214292397700547, 6.104662681989103693E-15, 0.0000000000000000000 ) ) ;
#1299 = DIRECTION ( 'NONE',  ( -1.000000000000000000, -1.224606353822377258E-16, -0.0000000000000000000 ) ) ;
#1300 = CARTESIAN_POINT ( 'NONE',  ( 80.96071435254843607, 7.347880794882700773E-16, -6.000000000000006217 ) ) ;
#1301 = CIRCLE ( 'NONE', #1145, 6.000000000000006217 ) ;
#1302 = CYLINDRICAL_SURFACE ( 'NONE', #2625, 5.999999999999866773 ) ;
#1303 = ORIENTED_EDGE ( 'NONE', *, *, #3779, .F. ) ;
#1304 = CIRCLE ( 'NONE', #1798, 6.000000000000006217 ) ;
#1305 = CARTESIAN_POINT ( 'NONE',  ( 60.75357136173725792, -1.386669559958809814E-28, 6.000000000000006217 ) ) ;
#1306 = DIRECTION ( 'NONE',  ( 0.0000000000000000000, -1.000000000000000000, 0.0000000000000000000 ) ) ;
#1307 = DIRECTION ( 'NONE',  ( -1.000000000000000000, -1.224606353822377258E-16, -0.0000000000000000000 ) ) ;
#1308 = CYLINDRICAL_SURFACE ( 'NONE', #2683, 5.999999999999866773 ) ;
#1309 = CARTESIAN_POINT ( 'NONE',  ( 74.10357149540558908, 6.104662681989103693E-15, 0.0000000000000000000 ) ) ;
#1310 = CIRCLE ( 'NONE', #1546, 6.000000000000006217 ) ;
#1311 = LINE ( 'NONE', #3203, #63 ) ;
#1312 = AXIS2_PLACEMENT_3D ( 'NONE', #3715, #77, #1615 ) ;
#1313 = EDGE_CURVE ( 'NONE', #4291, #1826, #865, .T. ) ;
#1314 = FACE_OUTER_BOUND ( 'NONE', #2095, .T. ) ;
#1315 = ADVANCED_FACE ( 'NONE', ( #786 ), #777, .T. ) ;
#1316 = CONICAL_SURFACE ( 'NONE', #2709, 6.000000000000006217, 0.9599310885968824758 ) ;
#1317 = VECTOR ( 'NONE', #4622, 1000.000000000000114 ) ;
#1318 = ADVANCED_FACE ( 'NONE', ( #890 ), #769, .T. ) ;
#1319 = CIRCLE ( 'NONE', #1343, 6.000000000000006217 ) ;
#1320 = FACE_OUTER_BOUND ( 'NONE', #2032, .T. ) ;
#1321 = ORIENTED_EDGE ( 'NONE', *, *, #3816, .F. ) ;
#1322 = DIRECTION ( 'NONE',  ( -1.000000000000000000, -1.224606353822377258E-16, -0.0000000000000000000 ) ) ;
#1323 = CARTESIAN_POINT ( 'NONE',  ( 67.61071421888011912, 5.939340807853974748E-15, 0.0000000000000000000 ) ) ;
#1324 = LINE ( 'NONE', #356, #4304 ) ;
#1325 = CARTESIAN_POINT ( 'NONE',  ( 53.53214292397701257, 6.104662681989103693E-15, 0.0000000000000000000 ) ) ;
#1326 = DIRECTION ( 'NONE',  ( 0.0000000000000000000, -1.000000000000000000, 0.0000000000000000000 ) ) ;
#1327 = EDGE_CURVE ( 'NONE', #4079, #3866, #774, .T. ) ;
#1328 = CONICAL_SURFACE ( 'NONE', #2708, 6.000000000000006217, 0.9599310885968824758 ) ;
#1329 = VERTEX_POINT ( 'NONE', #4153 ) ;
#1330 = DIRECTION ( 'NONE',  ( -1.000000000000000000, -1.224606353822377258E-16, -0.0000000000000000000 ) ) ;
#1331 = CARTESIAN_POINT ( 'NONE',  ( -31.74999999999995737, 0.0000000000000000000, 5.999999999999866773 ) ) ;
#1332 = CARTESIAN_POINT ( 'NONE',  ( -0.0000000000000000000, -5.839897972853060004, -5.637851296924623057E-15 ) ) ;
#1333 = VECTOR ( 'NONE', #111, 1000.000000000000000 ) ;
#1334 = DIRECTION ( 'NONE',  ( -1.000000000000000000, -0.0000000000000000000, -0.0000000000000000000 ) ) ;
#1335 = DIRECTION ( 'NONE',  ( -1.000000000000000000, -1.224606353822377258E-16, -0.0000000000000000000 ) ) ;
#1336 = CARTESIAN_POINT ( 'NONE',  ( 73.42857142857143060, 6.022001744921539221E-15, 0.0000000000000000000 ) ) ;
#1337 = VERTEX_POINT ( 'NONE', #4147 ) ;
#1338 = ORIENTED_EDGE ( 'NONE', *, *, #3240, .T. ) ;
#1339 = VERTEX_POINT ( 'NONE', #4138 ) ;
#1340 = VERTEX_POINT ( 'NONE', #4118 ) ;
#1341 = ADVANCED_FACE ( 'NONE', ( #781 ), #754, .T. ) ;
#1342 = AXIS2_PLACEMENT_3D ( 'NONE', #4115, #91, #103 ) ;
#1343 = AXIS2_PLACEMENT_3D ( 'NONE', #219, #1482, #170 ) ;
#1344 = CYLINDRICAL_SURFACE ( 'NONE', #2691, 5.999999999999866773 ) ;
#1345 = DIRECTION ( 'NONE',  ( 0.0000000000000000000, -1.000000000000000000, 0.0000000000000000000 ) ) ;
#1346 = CARTESIAN_POINT ( 'NONE',  ( 58.67500006683415137, -1.425188158846554531E-28, 6.000000000000006217 ) ) ;
#1347 = CONICAL_SURFACE ( 'NONE', #872, 5.036000000000006693, 0.9599310885968775908 ) ;
#1348 = AXIS2_PLACEMENT_3D ( 'NONE', #710, #277, #247 ) ;
#1349 = AXIS2_PLACEMENT_3D ( 'NONE', #338, #315, #308 ) ;
#1350 = DIRECTION ( 'NONE',  ( 0.0000000000000000000, -1.000000000000000000, 0.0000000000000000000 ) ) ;
#1351 = FACE_OUTER_BOUND ( 'NONE', #2321, .T. ) ;
#1352 = DIRECTION ( 'NONE',  ( -1.000000000000000000, -1.224606353822377258E-16, -0.0000000000000000000 ) ) ;
#1353 = FACE_OUTER_BOUND ( 'NONE', #2236, .T. ) ;
#1354 = AXIS2_PLACEMENT_3D ( 'NONE', #541, #934, #3885 ) ;
#1355 = ORIENTED_EDGE ( 'NONE', *, *, #2654, .T. ) ;
#1356 = ORIENTED_EDGE ( 'NONE', *, *, #3962, .F. ) ;
#1357 = ORIENTED_EDGE ( 'NONE', *, *, #3497, .T. ) ;
#1358 = CARTESIAN_POINT ( 'NONE',  ( 72.75357136173727213, 5.939340807853974748E-15, 0.0000000000000000000 ) ) ;
#1359 = CONICAL_SURFACE ( 'NONE', #2716, 6.000000000000006217, 0.9599310885968824758 ) ;
#1360 = CARTESIAN_POINT ( 'NONE',  ( -31.74999999999995737, 7.347880794883956047E-16, -5.999999999999866773 ) ) ;
#1361 = DIRECTION ( 'NONE',  ( 1.000000000000000000, 0.0000000000000000000, 0.0000000000000000000 ) ) ;
#1362 = ORIENTED_EDGE ( 'NONE', *, *, #4389, .T. ) ;
#1363 = FACE_OUTER_BOUND ( 'NONE', #2541, .T. ) ;
#1364 = DIRECTION ( 'NONE',  ( -1.000000000000000000, -1.224606353822377258E-16, -0.0000000000000000000 ) ) ;
#1365 = CONICAL_SURFACE ( 'NONE', #2722, 5.036000000000006693, 0.9599310885968775908 ) ;
#1366 = AXIS2_PLACEMENT_3D ( 'NONE', #1298, #829, #620 ) ;
#1367 = DIRECTION ( 'NONE',  ( 0.0000000000000000000, -1.000000000000000000, 0.0000000000000000000 ) ) ;
#1368 = CYLINDRICAL_SURFACE ( 'NONE', #2703, 5.999999999999866773 ) ;
#1369 = DIRECTION ( 'NONE',  ( -1.000000000000000000, -1.224606353822377258E-16, -0.0000000000000000000 ) ) ;
#1370 = DIRECTION ( 'NONE',  ( 0.0000000000000000000, -1.000000000000000000, 0.0000000000000000000 ) ) ;
#1371 = DIRECTION ( 'NONE',  ( -1.000000000000000000, -1.224606353822377258E-16, -0.0000000000000000000 ) ) ;
#1372 = AXIS2_PLACEMENT_3D ( 'NONE', #681, #1027, #630 ) ;
#1373 = CONICAL_SURFACE ( 'NONE', #2729, 6.000000000000006217, 0.9599310885968824758 ) ;
#1374 = AXIS2_PLACEMENT_3D ( 'NONE', #985, #881, #1120 ) ;
#1375 = DIRECTION ( 'NONE',  ( -1.000000000000000000, -1.224606353822377258E-16, -0.0000000000000000000 ) ) ;
#1376 = CARTESIAN_POINT ( 'NONE',  ( 53.53214292397701257, 6.104662681989103693E-15, 0.0000000000000000000 ) ) ;
#1377 = CARTESIAN_POINT ( 'NONE',  ( 72.38928578111988088, 6.104662681989103693E-15, 0.0000000000000000000 ) ) ;
#1378 = FACE_OUTER_BOUND ( 'NONE', #2793, .T. ) ;
#1379 = AXIS2_PLACEMENT_3D ( 'NONE', #849, #871, #756 ) ;
#1380 = AXIS2_PLACEMENT_3D ( 'NONE', #967, #1375, #1099 ) ;
#1381 = CARTESIAN_POINT ( 'NONE',  ( 53.53214292397701257, 6.104662681989103693E-15, 0.0000000000000000000 ) ) ;
#1382 = DIRECTION ( 'NONE',  ( 0.0000000000000000000, 0.0000000000000000000, 1.000000000000000000 ) ) ;
#1383 = CONICAL_SURFACE ( 'NONE', #2740, 6.000000000000006217, 0.9599310885968824758 ) ;
#1384 = ORIENTED_EDGE ( 'NONE', *, *, #2021, .F. ) ;
#1385 = PRESENTATION_STYLE_ASSIGNMENT (( #440 ) ) ;
#1386 = FACE_OUTER_BOUND ( 'NONE', #2215, .T. ) ;
#1387 = AXIS2_PLACEMENT_3D ( 'NONE', #925, #990, #863 ) ;
#1388 = VERTEX_POINT ( 'NONE', #4056 ) ;
#1389 = AXIS2_PLACEMENT_3D ( 'NONE', #2628, #1123, #1084 ) ;
#1390 = AXIS2_PLACEMENT_3D ( 'NONE', #1166, #4732, #1130 ) ;
#1391 = LINE ( 'NONE', #4502, #1641 ) ;
#1392 = ORIENTED_EDGE ( 'NONE', *, *, #3752, .F. ) ;
#1393 = ORIENTED_EDGE ( 'NONE', *, *, #2021, .T. ) ;
#1394 = DIRECTION ( 'NONE',  ( 0.0000000000000000000, 0.0000000000000000000, 1.000000000000000000 ) ) ;
#1395 = FACE_OUTER_BOUND ( 'NONE', #3189, .T. ) ;
#1396 = AXIS2_PLACEMENT_3D ( 'NONE', #1191, #1217, #1552 ) ;
#1397 = AXIS2_PLACEMENT_3D ( 'NONE', #1508, #1494, #1518 ) ;
#1398 = FACE_OUTER_BOUND ( 'NONE', #1935, .T. ) ;
#1399 = AXIS2_PLACEMENT_3D ( 'NONE', #1595, #1550, #1581 ) ;
#1400 = ADVANCED_FACE ( 'NONE', ( #758 ), #743, .T. ) ;
#1401 = VERTEX_POINT ( 'NONE', #4040 ) ;
#1402 = DIRECTION ( 'NONE',  ( 0.0000000000000000000, -1.000000000000000000, 0.0000000000000000000 ) ) ;
#1403 = FACE_OUTER_BOUND ( 'NONE', #2184, .T. ) ;
#1404 = LINE ( 'NONE', #2062, #867 ) ;
#1405 = ADVANCED_FACE ( 'NONE', ( #731 ), #671, .T. ) ;
#1406 = CYLINDRICAL_SURFACE ( 'NONE', #1814, 9.000000000000000000 ) ;
#1407 = AXIS2_PLACEMENT_3D ( 'NONE', #1742, #3545, #1689 ) ;
#1408 = CONICAL_SURFACE ( 'NONE', #2772, 5.036000000000006693, 0.9599310885968775908 ) ;
#1409 = LINE ( 'NONE', #1861, #1273 ) ;
#1410 = DIRECTION ( 'NONE',  ( 0.0000000000000000000, -1.000000000000000000, 0.0000000000000000000 ) ) ;
#1411 = DIRECTION ( 'NONE',  ( -1.000000000000000000, -1.224606353822377258E-16, -0.0000000000000000000 ) ) ;
#1412 = FACE_OUTER_BOUND ( 'NONE', #2454, .T. ) ;
#1413 = DIRECTION ( 'NONE',  ( 0.0000000000000000000, 1.000000000000000000, 0.0000000000000000000 ) ) ;
#1414 = AXIS2_PLACEMENT_3D ( 'NONE', #1806, #2263, #1785 ) ;
#1415 = CARTESIAN_POINT ( 'NONE',  ( 61.42857142857143060, 5.036000000000012911, 0.0000000000000000000 ) ) ;
#1416 = CARTESIAN_POINT ( 'NONE',  ( 71.71428571428572241, 6.022001744921539221E-15, 0.0000000000000000000 ) ) ;
#1417 = AXIS2_PLACEMENT_3D ( 'NONE', #1901, #946, #1896 ) ;
#1418 = CONICAL_SURFACE ( 'NONE', #2769, 5.036000000000006693, 0.9599310885968775908 ) ;
#1419 = ADVANCED_FACE ( 'NONE', ( #762 ), #653, .T. ) ;
#1420 = DIRECTION ( 'NONE',  ( 0.0000000000000000000, -1.000000000000000000, 0.0000000000000000000 ) ) ;
#1421 = ORIENTED_EDGE ( 'NONE', *, *, #4129, .F. ) ;
#1422 = AXIS2_PLACEMENT_3D ( 'NONE', #2137, #2113, #2122 ) ;
#1423 = FACE_OUTER_BOUND ( 'NONE', #2244, .T. ) ;
#1424 = DIRECTION ( 'NONE',  ( -1.000000000000000000, -1.224606353822377258E-16, -0.0000000000000000000 ) ) ;
#1425 = VERTEX_POINT ( 'NONE', #3946 ) ;
#1426 = DIRECTION ( 'NONE',  ( 0.0000000000000000000, -1.000000000000000000, 0.0000000000000000000 ) ) ;
#1427 = DIRECTION ( 'NONE',  ( -1.000000000000000000, -1.224606353822377258E-16, -0.0000000000000000000 ) ) ;
#1428 = FACE_OUTER_BOUND ( 'NONE', #2396, .T. ) ;
#1429 = AXIS2_PLACEMENT_3D ( 'NONE', #2169, #3945, #2099 ) ;
#1430 = AXIS2_PLACEMENT_3D ( 'NONE', #2087, #2173, #2143 ) ;
#1431 = AXIS2_PLACEMENT_3D ( 'NONE', #3005, #2252, #2278 ) ;
#1432 = CARTESIAN_POINT ( 'NONE',  ( 53.89642850459440382, 5.939340807853974748E-15, 0.0000000000000000000 ) ) ;
#1433 = ORIENTED_EDGE ( 'NONE', *, *, #3085, .T. ) ;
#1434 = FACE_OUTER_BOUND ( 'NONE', #1532, .T. ) ;
#1435 = CARTESIAN_POINT ( 'NONE',  ( 71.03928564745154972, 5.939340807853974748E-15, 0.0000000000000000000 ) ) ;
#1436 = VERTEX_POINT ( 'NONE', #3925 ) ;
#1437 = DIRECTION ( 'NONE',  ( 0.0000000000000000000, -1.000000000000000000, 0.0000000000000000000 ) ) ;
#1438 = VECTOR ( 'NONE', #452, 1000.000000000000000 ) ;
#1439 = CONICAL_SURFACE ( 'NONE', #2774, 5.036000000000006693, 0.9599310885968775908 ) ;
#1440 = CARTESIAN_POINT ( 'NONE',  ( -31.74999999999995737, 7.347880794883956047E-16, -5.999999999999866773 ) ) ;
#1441 = CARTESIAN_POINT ( 'NONE',  ( 48.38928578111987377, 6.104662681989103693E-15, 0.0000000000000000000 ) ) ;
#1442 = CIRCLE ( 'NONE', #1348, 6.000000000000006217 ) ;
#1443 = ORIENTED_EDGE ( 'NONE', *, *, #2796, .F. ) ;
#1444 = AXIS2_PLACEMENT_3D ( 'NONE', #2290, #2331, #221 ) ;
#1445 = AXIS2_PLACEMENT_3D ( 'NONE', #2812, #2437, #2091 ) ;
#1446 = AXIS2_PLACEMENT_3D ( 'NONE', #2460, #2642, #2527 ) ;
#1447 = AXIS2_PLACEMENT_3D ( 'NONE', #2534, #2550, #2474 ) ;
#1448 = FACE_OUTER_BOUND ( 'NONE', #1534, .T. ) ;
#1449 = ORIENTED_EDGE ( 'NONE', *, *, #3266, .F. ) ;
#1450 = FACE_OUTER_BOUND ( 'NONE', #3521, .T. ) ;
#1451 = DIRECTION ( 'NONE',  ( 1.000000000000000000, 1.224606353822377258E-16, 0.0000000000000000000 ) ) ;
#1452 = DIRECTION ( 'NONE',  ( -1.000000000000000000, -1.224606353822377258E-16, -0.0000000000000000000 ) ) ;
#1453 = FACE_OUTER_BOUND ( 'NONE', #2916, .T. ) ;
#1454 = ORIENTED_EDGE ( 'NONE', *, *, #4417, .F. ) ;
#1455 = AXIS2_PLACEMENT_3D ( 'NONE', #2539, #2605, #2582 ) ;
#1456 = DIRECTION ( 'NONE',  ( -1.000000000000000000, -0.0000000000000000000, -0.0000000000000000000 ) ) ;
#1457 = ORIENTED_EDGE ( 'NONE', *, *, #3224, .T. ) ;
#1458 = ORIENTED_EDGE ( 'NONE', *, *, #3655, .F. ) ;
#1459 = ADVANCED_FACE ( 'NONE', ( #658 ), #649, .T. ) ;
#1460 = FACE_OUTER_BOUND ( 'NONE', #1828, .T. ) ;
#1461 = CIRCLE ( 'NONE', #582, 0.5999999999999998668 ) ;
#1462 = CARTESIAN_POINT ( 'NONE',  ( 59.03928564745154972, 7.347880794882739229E-16, -6.000000000000006217 ) ) ;
#1463 = DIRECTION ( 'NONE',  ( 0.0000000000000000000, -1.000000000000000000, 0.0000000000000000000 ) ) ;
#1464 = AXIS2_PLACEMENT_3D ( 'NONE', #2656, #1003, #2634 ) ;
#1465 = DIRECTION ( 'NONE',  ( -1.000000000000000000, -1.224606353822377258E-16, -0.0000000000000000000 ) ) ;
#1466 = AXIS2_PLACEMENT_3D ( 'NONE', #2799, #2672, #2620 ) ;
#1467 = ORIENTED_EDGE ( 'NONE', *, *, #3788, .T. ) ;
#1468 = FACE_OUTER_BOUND ( 'NONE', #1892, .T. ) ;
#1469 = ADVANCED_FACE ( 'NONE', ( #661 ), #689, .T. ) ;
#1470 = CARTESIAN_POINT ( 'NONE',  ( -31.74999999999995737, 0.0000000000000000000, 9.000000000000000000 ) ) ;
#1471 = ORIENTED_EDGE ( 'NONE', *, *, #4672, .F. ) ;
#1472 = DIRECTION ( 'NONE',  ( 0.0000000000000000000, 1.000000000000000000, 0.0000000000000000000 ) ) ;
#1473 = CARTESIAN_POINT ( 'NONE',  ( 70.67500006683415847, 6.104662681989103693E-15, 0.0000000000000000000 ) ) ;
#1474 = AXIS2_PLACEMENT_3D ( 'NONE', #3406, #848, #2797 ) ;
#1475 = CONICAL_SURFACE ( 'NONE', #2783, 5.036000000000006693, 0.9599310885968775908 ) ;
#1476 = LINE ( 'NONE', #2442, #1066 ) ;
#1477 = VECTOR ( 'NONE', #2194, 1000.000000000000114 ) ;
#1478 = AXIS2_PLACEMENT_3D ( 'NONE', #3020, #2887, #2982 ) ;
#1479 = ORIENTED_EDGE ( 'NONE', *, *, #3830, .F. ) ;
#1480 = DIRECTION ( 'NONE',  ( -1.000000000000000000, -0.0000000000000000000, -0.0000000000000000000 ) ) ;
#1481 = ADVANCED_FACE ( 'NONE', ( #680 ), #635, .T. ) ;
#1482 = DIRECTION ( 'NONE',  ( -1.000000000000000000, -1.224606353822377258E-16, -0.0000000000000000000 ) ) ;
#1483 = FACE_OUTER_BOUND ( 'NONE', #1817, .T. ) ;
#1484 = CIRCLE ( 'NONE', #970, 5.036000000000006693 ) ;
#1485 = DIRECTION ( 'NONE',  ( 0.0000000000000000000, -1.000000000000000000, 0.0000000000000000000 ) ) ;
#1486 = CARTESIAN_POINT ( 'NONE',  ( -31.74999999999995737, 7.347880794883956047E-16, -5.999999999999866773 ) ) ;
#1487 = FACE_OUTER_BOUND ( 'NONE', #2499, .T. ) ;
#1488 = CARTESIAN_POINT ( 'NONE',  ( 62.10357149540558908, 6.000000000000012434, 0.0000000000000000000 ) ) ;
#1489 = ORIENTED_EDGE ( 'NONE', *, *, #2633, .T. ) ;
#1490 = DIRECTION ( 'NONE',  ( 0.5735764363510450492, 0.8191520442889925757, 0.0000000000000000000 ) ) ;
#1491 = AXIS2_PLACEMENT_3D ( 'NONE', #3100, #1307, #3086 ) ;
#1492 = DIRECTION ( 'NONE',  ( -1.000000000000000000, -1.224606353822377258E-16, -0.0000000000000000000 ) ) ;
#1493 = AXIS2_PLACEMENT_3D ( 'NONE', #3269, #4141, #3187 ) ;
#1494 = DIRECTION ( 'NONE',  ( -1.000000000000000000, -1.224606353822377258E-16, -0.0000000000000000000 ) ) ;
#1495 = DIRECTION ( 'NONE',  ( 0.0000000000000000000, -1.000000000000000000, 0.0000000000000000000 ) ) ;
#1496 = VERTEX_POINT ( 'NONE', #3852 ) ;
#1497 = ORIENTED_EDGE ( 'NONE', *, *, #4114, .T. ) ;
#1498 = CARTESIAN_POINT ( 'NONE',  ( 45.32499993316583442, 5.939340807853974748E-15, 0.0000000000000000000 ) ) ;
#1499 = DIRECTION ( 'NONE',  ( -1.000000000000000000, -1.224606353822377258E-16, -0.0000000000000000000 ) ) ;
#1500 = AXIS2_PLACEMENT_3D ( 'NONE', #3394, #3435, #3382 ) ;
#1501 = AXIS2_PLACEMENT_3D ( 'NONE', #3482, #3476, #3455 ) ;
#1502 = CYLINDRICAL_SURFACE ( 'NONE', #2762, 5.999999999999866773 ) ;
#1503 = DIRECTION ( 'NONE',  ( -1.000000000000000000, -1.224606353822377258E-16, -0.0000000000000000000 ) ) ;
#1504 = CARTESIAN_POINT ( 'NONE',  ( 70.00000000000000000, 6.022001744921539221E-15, 0.0000000000000000000 ) ) ;
#1505 = CYLINDRICAL_SURFACE ( 'NONE', #2773, 5.999999999999866773 ) ;
#1506 = AXIS2_PLACEMENT_3D ( 'NONE', #3575, #3574, #3470 ) ;
#1507 = AXIS2_PLACEMENT_3D ( 'NONE', #3721, #3713, #3227 ) ;
#1508 = CARTESIAN_POINT ( 'NONE',  ( 65.89642850459439671, 5.939340807853974748E-15, 0.0000000000000000000 ) ) ;
#1509 = CARTESIAN_POINT ( 'NONE',  ( 52.18214279030869562, 7.347880794882739229E-16, -6.000000000000006217 ) ) ;
#1510 = FACE_OUTER_BOUND ( 'NONE', #2889, .T. ) ;
#1511 = LINE ( 'NONE', #4453, #1317 ) ;
#1512 = CONICAL_SURFACE ( 'NONE', #1366, 6.000000000000006217, 0.9599310885968824758 ) ;
#1513 = CARTESIAN_POINT ( 'NONE',  ( 55.24642863826272787, 6.104662681989103693E-15, 0.0000000000000000000 ) ) ;
#1514 = DIRECTION ( 'NONE',  ( 0.0000000000000000000, -1.000000000000000000, 0.0000000000000000000 ) ) ;
#1515 = FACE_OUTER_BOUND ( 'NONE', #3127, .T. ) ;
#1516 = EDGE_CURVE ( 'NONE', #1905, #3792, #638, .T. ) ;
#1517 = ORIENTED_EDGE ( 'NONE', *, *, #3412, .F. ) ;
#1518 = DIRECTION ( 'NONE',  ( 0.0000000000000000000, -1.000000000000000000, 0.0000000000000000000 ) ) ;
#1519 = CARTESIAN_POINT ( 'NONE',  ( 70.67500006683415847, -6.000000000000000000, 7.347880794884126639E-16 ) ) ;
#1520 = AXIS2_PLACEMENT_3D ( 'NONE', #3817, #3794, #3807 ) ;
#1521 = AXIS2_PLACEMENT_3D ( 'NONE', #3940, #3918, #3908 ) ;
#1522 = ADVANCED_FACE ( 'NONE', ( #652 ), #628, .T. ) ;
#1523 = ORIENTED_EDGE ( 'NONE', *, *, #4234, .F. ) ;
#1524 = CARTESIAN_POINT ( 'NONE',  ( 55.24642863826272787, 6.000000000000012434, 0.0000000000000000000 ) ) ;
#1525 = VECTOR ( 'NONE', #4430, 1000.000000000000000 ) ;
#1526 = CARTESIAN_POINT ( 'NONE',  ( 46.67500006683415847, 6.000000000000011546, 0.0000000000000000000 ) ) ;
#1527 = AXIS2_PLACEMENT_3D ( 'NONE', #3303, #2507, #2033 ) ;
#1528 = ORIENTED_EDGE ( 'NONE', *, *, #3963, .F. ) ;
#1529 = AXIS2_PLACEMENT_3D ( 'NONE', #4126, #4123, #3608 ) ;
#1530 = CARTESIAN_POINT ( 'NONE',  ( 62.10357149540558908, -1.425188158846554531E-28, 6.000000000000006217 ) ) ;
#1531 = DIRECTION ( 'NONE',  ( -1.000000000000000000, -0.0000000000000000000, -0.0000000000000000000 ) ) ;
#1532 = EDGE_LOOP ( 'NONE', ( #2119, #4408, #4547, #2506, #4011 ) ) ;
#1533 = ORIENTED_EDGE ( 'NONE', *, *, #3979, .T. ) ;
#1534 = EDGE_LOOP ( 'NONE', ( #146, #3911, #3641, #3694, #3712 ) ) ;
#1535 = CIRCLE ( 'NONE', #707, 6.000000000000006217 ) ;
#1536 = AXIS2_PLACEMENT_3D ( 'NONE', #4329, #4279, #4275 ) ;
#1537 = AXIS2_PLACEMENT_3D ( 'NONE', #4395, #4296, #4367 ) ;
#1538 = AXIS2_PLACEMENT_3D ( 'NONE', #4520, #4229, #4469 ) ;
#1539 = LINE ( 'NONE', #2187, #1477 ) ;
#1540 = AXIS2_PLACEMENT_3D ( 'NONE', #4793, #4743, #4654 ) ;
#1541 = AXIS2_PLACEMENT_3D ( 'NONE', #3731, #4741, #4740 ) ;
#1542 = EDGE_LOOP ( 'NONE', ( #4285, #3554, #3401, #283, #2925 ) ) ;
#1543 = FACE_OUTER_BOUND ( 'NONE', #1542, .T. ) ;
#1544 = ORIENTED_EDGE ( 'NONE', *, *, #4037, .T. ) ;
#1545 = DIRECTION ( 'NONE',  ( 0.0000000000000000000, 0.0000000000000000000, -1.000000000000000000 ) ) ;
#1546 = AXIS2_PLACEMENT_3D ( 'NONE', #49, #48, #44 ) ;
#1547 = CARTESIAN_POINT ( 'NONE',  ( 69.32499993316584153, 7.347880794882739229E-16, -6.000000000000006217 ) ) ;
#1548 = DIRECTION ( 'NONE',  ( 0.5735764363510450492, 0.8191520442889925757, 0.0000000000000000000 ) ) ;
#1549 = ORIENTED_EDGE ( 'NONE', *, *, #4260, .T. ) ;
#1550 = DIRECTION ( 'NONE',  ( -1.000000000000000000, -1.224606353822377258E-16, -0.0000000000000000000 ) ) ;
#1551 = DIRECTION ( 'NONE',  ( 1.000000000000000000, 0.0000000000000000000, 0.0000000000000000000 ) ) ;
#1552 = DIRECTION ( 'NONE',  ( 0.0000000000000000000, -1.000000000000000000, 0.0000000000000000000 ) ) ;
#1553 = CARTESIAN_POINT ( 'NONE',  ( 66.57142857142856940, 6.022001744921539221E-15, 0.0000000000000000000 ) ) ;
#1554 = DIRECTION ( 'NONE',  ( 0.0000000000000000000, -1.000000000000000000, 0.0000000000000000000 ) ) ;
#1555 = CARTESIAN_POINT ( 'NONE',  ( 12.59999999999999964, 0.0000000000000000000, 0.0000000000000000000 ) ) ;
#1556 = CARTESIAN_POINT ( 'NONE',  ( 49.42857142857142350, 5.036000000000012911, 0.0000000000000000000 ) ) ;
#1557 = DIRECTION ( 'NONE',  ( -1.000000000000000000, -1.224606353822377258E-16, -0.0000000000000000000 ) ) ;
#1558 = EDGE_LOOP ( 'NONE', ( #4647, #4349, #4597, #4621, #4641 ) ) ;
#1559 = AXIS2_PLACEMENT_3D ( 'NONE', #104, #86, #78 ) ;
#1560 = AXIS2_PLACEMENT_3D ( 'NONE', #182, #178, #123 ) ;
#1561 = ADVANCED_FACE ( 'NONE', ( #643 ), #597, .T. ) ;
#1562 = EDGE_LOOP ( 'NONE', ( #3474, #3479, #3485, #3502, #3504 ) ) ;
#1563 = DIRECTION ( 'NONE',  ( 0.5735764363510452712, -0.8191520442889924647, 1.003171929053525610E-16 ) ) ;
#1564 = CIRCLE ( 'NONE', #1349, 6.000000000000006217 ) ;
#1565 = CARTESIAN_POINT ( 'NONE',  ( 69.32499993316584153, 5.939340807853974748E-15, 0.0000000000000000000 ) ) ;
#1566 = ORIENTED_EDGE ( 'NONE', *, *, #3185, .F. ) ;
#1567 = AXIS2_PLACEMENT_3D ( 'NONE', #208, #199, #191 ) ;
#1568 = ADVANCED_FACE ( 'NONE', ( #685 ), #590, .T. ) ;
#1569 = ORIENTED_EDGE ( 'NONE', *, *, #4267, .T. ) ;
#1570 = VECTOR ( 'NONE', #4424, 1000.000000000000000 ) ;
#1571 =( GEOMETRIC_REPRESENTATION_CONTEXT ( 3 ) GLOBAL_UNCERTAINTY_ASSIGNED_CONTEXT ( ( #1926 ) ) GLOBAL_UNIT_ASSIGNED_CONTEXT ( ( #260, #254, #248 ) ) REPRESENTATION_CONTEXT ( 'NONE', 'WORKASPACE' ) );
#1572 = CARTESIAN_POINT ( 'NONE',  ( 50.46785707602298032, -1.386669559958809814E-28, 6.000000000000006217 ) ) ;
#1573 = CIRCLE ( 'NONE', #1354, 6.000000000000006217 ) ;
#1574 = CARTESIAN_POINT ( 'NONE',  ( 55.24642863826272787, -6.000000000000000000, 7.347880794884126639E-16 ) ) ;
#1575 = CIRCLE ( 'NONE', #1429, 6.000000000000006217 ) ;
#1576 = DIRECTION ( 'NONE',  ( -1.000000000000000000, -1.224606353822377258E-16, -0.0000000000000000000 ) ) ;
#1577 = EDGE_LOOP ( 'NONE', ( #3506, #3525, #3536, #3557, #3581 ) ) ;
#1578 = VERTEX_POINT ( 'NONE', #3769 ) ;
#1579 = COLOUR_RGB ( '',0.7764705882352941346, 0.7568627450980391913, 0.7372549019607843590 ) ;
#1580 = DIRECTION ( 'NONE',  ( -1.000000000000000000, -0.0000000000000000000, -0.0000000000000000000 ) ) ;
#1581 = DIRECTION ( 'NONE',  ( 0.0000000000000000000, -1.000000000000000000, 0.0000000000000000000 ) ) ;
#1582 = DIRECTION ( 'NONE',  ( 0.0000000000000000000, 0.0000000000000000000, -1.000000000000000000 ) ) ;
#1583 = ORIENTED_EDGE ( 'NONE', *, *, #3177, .F. ) ;
#1584 = LINE ( 'NONE', #185, #540 ) ;
#1585 = LINE ( 'NONE', #4187, #996 ) ;
#1586 = CARTESIAN_POINT ( 'NONE',  ( 77.53214292397700547, 7.347880794882700773E-16, -6.000000000000006217 ) ) ;
#1587 = DIRECTION ( 'NONE',  ( 0.0000000000000000000, -1.000000000000000000, 0.0000000000000000000 ) ) ;
#1588 = CARTESIAN_POINT ( 'NONE',  ( 79.61071421888010491, -1.386669559958809814E-28, 6.000000000000006217 ) ) ;
#1589 = ORIENTED_EDGE ( 'NONE', *, *, #3955, .F. ) ;
#1590 = ORIENTED_EDGE ( 'NONE', *, *, #3298, .F. ) ;
#1591 = MECHANICAL_DESIGN_GEOMETRIC_PRESENTATION_REPRESENTATION (  '', ( #1601 ), #1571 ) ;
#1592 = PRESENTATION_LAYER_ASSIGNMENT (  '', '', ( #1601 ) ) ;
#1593 = ORIENTED_EDGE ( 'NONE', *, *, #4230, .T. ) ;
#1594 = DIRECTION ( 'NONE',  ( 0.0000000000000000000, -1.000000000000000000, 0.0000000000000000000 ) ) ;
#1595 = CARTESIAN_POINT ( 'NONE',  ( 74.10357149540558908, 6.104662681989103693E-15, 0.0000000000000000000 ) ) ;
#1596 = CARTESIAN_POINT ( 'NONE',  ( 67.24642863826272787, 6.104662681989103693E-15, 0.0000000000000000000 ) ) ;
#1597 = ORIENTED_EDGE ( 'NONE', *, *, #4025, .T. ) ;
#1598 = ORIENTED_EDGE ( 'NONE', *, *, #3989, .T. ) ;
#1599 = VERTEX_POINT ( 'NONE', #3761 ) ;
#1600 = VECTOR ( 'NONE', #4305, 1000.000000000000000 ) ;
#1601 = STYLED_ITEM ( 'NONE', ( #714 ), #2951 ) ;
#1602 = DIRECTION ( 'NONE',  ( -1.000000000000000000, -1.224606353822377258E-16, -0.0000000000000000000 ) ) ;
#1603 = EDGE_LOOP ( 'NONE', ( #4254, #4256, #4268, #4278, #4290 ) ) ;
#1604 = CIRCLE ( 'NONE', #709, 6.000000000000006217 ) ;
#1605 = VECTOR ( 'NONE', #2214, 999.9999999999998863 ) ;
#1606 = AXIS2_PLACEMENT_3D ( 'NONE', #307, #305, #301 ) ;
#1607 = AXIS2_PLACEMENT_3D ( 'NONE', #336, #331, #326 ) ;
#1608 = DIRECTION ( 'NONE',  ( 0.0000000000000000000, -1.000000000000000000, 0.0000000000000000000 ) ) ;
#1609 = ORIENTED_EDGE ( 'NONE', *, *, #3628, .F. ) ;
#1610 = AXIS2_PLACEMENT_3D ( 'NONE', #378, #376, #347 ) ;
#1611 = ADVANCED_FACE ( 'NONE', ( #667 ), #613, .T. ) ;
#1612 = ORIENTED_EDGE ( 'NONE', *, *, #2798, .T. ) ;
#1613 = VERTEX_POINT ( 'NONE', #3745 ) ;
#1614 = ORIENTED_EDGE ( 'NONE', *, *, #4269, .F. ) ;
#1615 = DIRECTION ( 'NONE',  ( 0.0000000000000000000, -1.000000000000000000, 0.0000000000000000000 ) ) ;
#1616 = DIRECTION ( 'NONE',  ( -1.000000000000000000, -0.0000000000000000000, -0.0000000000000000000 ) ) ;
#1617 = CARTESIAN_POINT ( 'NONE',  ( 12.59999999999999964, 0.0000000000000000000, -6.599999999999866418 ) ) ;
#1618 = EDGE_CURVE ( 'NONE', #4801, #2600, #624, .T. ) ;
#1619 = ADVANCED_FACE ( 'NONE', ( #591 ), #565, .T. ) ;
#1620 = ORIENTED_EDGE ( 'NONE', *, *, #3361, .F. ) ;
#1621 = CARTESIAN_POINT ( 'NONE',  ( 72.38928578111988088, -6.000000000000000000, 7.347880794884126639E-16 ) ) ;
#1622 = DIRECTION ( 'NONE',  ( 0.0000000000000000000, 0.0000000000000000000, 1.000000000000000000 ) ) ;
#1623 = EDGE_LOOP ( 'NONE', ( #1589, #2839, #1533, #4214, #1528 ) ) ;
#1624 = EDGE_LOOP ( 'NONE', ( #3862, #3912, #3926 ) ) ;
#1625 = AXIS2_PLACEMENT_3D ( 'NONE', #467, #460, #457 ) ;
#1626 = CARTESIAN_POINT ( 'NONE',  ( 53.89642850459440382, 5.939340807853974748E-15, 0.0000000000000000000 ) ) ;
#1627 = DIRECTION ( 'NONE',  ( 1.000000000000000000, 1.224606353822377258E-16, 0.0000000000000000000 ) ) ;
#1628 = DIRECTION ( 'NONE',  ( 0.0000000000000000000, 0.0000000000000000000, -1.000000000000000000 ) ) ;
#1629 = VERTEX_POINT ( 'NONE', #3697 ) ;
#1630 = ADVANCED_FACE ( 'NONE', ( #580 ), #555, .T. ) ;
#1631 = AXIS2_PLACEMENT_3D ( 'NONE', #542, #534, #530 ) ;
#1632 = AXIS2_PLACEMENT_3D ( 'NONE', #631, #627, #614 ) ;
#1633 = LINE ( 'NONE', #3904, #1438 ) ;
#1634 = DIRECTION ( 'NONE',  ( 0.0000000000000000000, 0.0000000000000000000, -1.000000000000000000 ) ) ;
#1635 = ORIENTED_EDGE ( 'NONE', *, *, #4239, .T. ) ;
#1636 = ORIENTED_EDGE ( 'NONE', *, *, #4271, .T. ) ;
#1637 = CIRCLE ( 'NONE', #1236, 5.036000000000006693 ) ;
#1638 = LINE ( 'NONE', #3643, #1993 ) ;
#1639 = ORIENTED_EDGE ( 'NONE', *, *, #4272, .T. ) ;
#1640 = CARTESIAN_POINT ( 'NONE',  ( 54.57142857142856940, -5.036000000000000476, 0.0000000000000000000 ) ) ;
#1641 = VECTOR ( 'NONE', #233, 1000.000000000000000 ) ;
#1642 = AXIS2_PLACEMENT_3D ( 'NONE', #648, #646, #642 ) ;
#1643 = AXIS2_PLACEMENT_3D ( 'NONE', #684, #676, #675 ) ;
#1644 = ORIENTED_EDGE ( 'NONE', *, *, #2307, .T. ) ;
#1645 = LINE ( 'NONE', #180, #2063 ) ;
#1646 = DIRECTION ( 'NONE',  ( 0.0000000000000000000, -1.000000000000000000, 0.0000000000000000000 ) ) ;
#1647 = DIRECTION ( 'NONE',  ( 1.000000000000000000, 0.0000000000000000000, 0.0000000000000000000 ) ) ;
#1648 = DIRECTION ( 'NONE',  ( 0.0000000000000000000, 0.0000000000000000000, -1.000000000000000000 ) ) ;
#1649 = EDGE_LOOP ( 'NONE', ( #2923, #2937 ) ) ;
#1650 = ORIENTED_EDGE ( 'NONE', *, *, #3315, .F. ) ;
#1651 = VECTOR ( 'NONE', #1034, 999.9999999999998863 ) ;
#1652 = DIRECTION ( 'NONE',  ( -1.000000000000000000, -0.0000000000000000000, -0.0000000000000000000 ) ) ;
#1653 = AXIS2_PLACEMENT_3D ( 'NONE', #704, #699, #698 ) ;
#1654 = ORIENTED_EDGE ( 'NONE', *, *, #2995, .T. ) ;
#1655 = ORIENTED_EDGE ( 'NONE', *, *, #4277, .F. ) ;
#1656 = DIRECTION ( 'NONE',  ( -1.000000000000000000, -1.224606353822377258E-16, -0.0000000000000000000 ) ) ;
#1657 = DIRECTION ( 'NONE',  ( 0.0000000000000000000, 1.000000000000000000, 0.0000000000000000000 ) ) ;
#1658 = AXIS2_PLACEMENT_3D ( 'NONE', #727, #722, #718 ) ;
#1659 = AXIS2_PLACEMENT_3D ( 'NONE', #764, #759, #752 ) ;
#1660 = AXIS2_PLACEMENT_3D ( 'NONE', #779, #773, #770 ) ;
#1661 = CIRCLE ( 'NONE', #744, 6.000000000000006217 ) ;
#1662 = LINE ( 'NONE', #1942, #563 ) ;
#1663 = CARTESIAN_POINT ( 'NONE',  ( 67.24642863826272787, -6.000000000000000888, 7.347880794884127625E-16 ) ) ;
#1664 = PLANE ( 'NONE',  #1805 ) ;
#1665 = CARTESIAN_POINT ( 'NONE',  ( 12.00000000000000000, 0.0000000000000000000, 0.0000000000000000000 ) ) ;
#1666 = ADVANCED_FACE ( 'NONE', ( #645 ), #527, .T. ) ;
#1667 = EDGE_LOOP ( 'NONE', ( #2573, #2587, #3874, #4026, #791 ) ) ;
#1668 = CIRCLE ( 'NONE', #725, 6.000000000000006217 ) ;
#1669 = VECTOR ( 'NONE', #2241, 1000.000000000000000 ) ;
#1670 = AXIS2_PLACEMENT_3D ( 'NONE', #823, #821, #815 ) ;
#1671 = DIRECTION ( 'NONE',  ( 0.5735764363510452712, -0.8191520442889924647, 1.003171929053525610E-16 ) ) ;
#1672 = CARTESIAN_POINT ( 'NONE',  ( 55.24642863826272787, 6.104662681989103693E-15, 0.0000000000000000000 ) ) ;
#1673 = EDGE_LOOP ( 'NONE', ( #1795, #1809, #1819, #1838, #1854 ) ) ;
#1674 = AXIS2_PLACEMENT_3D ( 'NONE', #901, #892, #885 ) ;
#1675 = CARTESIAN_POINT ( 'NONE',  ( -31.74999999999995737, 0.0000000000000000000, 0.0000000000000000000 ) ) ;
#1676 = CARTESIAN_POINT ( 'NONE',  ( 53.89642850459440382, 5.939340807853974748E-15, 0.0000000000000000000 ) ) ;
#1677 = DIRECTION ( 'NONE',  ( -1.000000000000000000, -0.0000000000000000000, -0.0000000000000000000 ) ) ;
#1678 = EDGE_LOOP ( 'NONE', ( #1864, #1883, #1906, #1913, #1918, #1922 ) ) ;
#1679 = AXIS2_PLACEMENT_3D ( 'NONE', #947, #935, #930 ) ;
#1680 = AXIS2_PLACEMENT_3D ( 'NONE', #965, #961, #956 ) ;
#1681 = ORIENTED_EDGE ( 'NONE', *, *, #4280, .F. ) ;
#1682 = AXIS2_PLACEMENT_3D ( 'NONE', #1010, #997, #992 ) ;
#1683 = AXIS2_PLACEMENT_3D ( 'NONE', #1049, #1047, #1035 ) ;
#1684 = ADVANCED_FACE ( 'NONE', ( #577 ), #621, .T. ) ;
#1685 = CARTESIAN_POINT ( 'NONE',  ( 53.89642850459440382, 7.347880794882739229E-16, -6.000000000000006217 ) ) ;
#1686 = EDGE_LOOP ( 'NONE', ( #2142, #183, #4145, #1131, #4281 ) ) ;
#1687 = FACE_OUTER_BOUND ( 'NONE', #3304, .T. ) ;
#1688 = AXIS2_PLACEMENT_3D ( 'NONE', #1075, #1074, #1069 ) ;
#1689 = DIRECTION ( 'NONE',  ( 0.0000000000000000000, -1.000000000000000000, 0.0000000000000000000 ) ) ;
#1690 = AXIS2_PLACEMENT_3D ( 'NONE', #1094, #1973, #1085 ) ;
#1691 = CARTESIAN_POINT ( 'NONE',  ( 12.59999999999999964, 8.082668874372367331E-16, 6.599999999999866418 ) ) ;
#1692 = DIRECTION ( 'NONE',  ( -0.5735764363510490460, -0.8191520442889896891, 0.0000000000000000000 ) ) ;
#1693 = ORIENTED_EDGE ( 'NONE', *, *, #2836, .F. ) ;
#1694 = EDGE_LOOP ( 'NONE', ( #3679, #3695, #3700, #3706, #3718 ) ) ;
#1695 = VECTOR ( 'NONE', #4443, 1000.000000000000000 ) ;
#1696 = DIRECTION ( 'NONE',  ( -1.000000000000000000, -0.0000000000000000000, -0.0000000000000000000 ) ) ;
#1697 = CIRCLE ( 'NONE', #1149, 6.000000000000006217 ) ;
#1698 = ORIENTED_EDGE ( 'NONE', *, *, #4282, .F. ) ;
#1699 = ORIENTED_EDGE ( 'NONE', *, *, #3234, .F. ) ;
#1700 = AXIS2_PLACEMENT_3D ( 'NONE', #1136, #1134, #1110 ) ;
#1701 = CARTESIAN_POINT ( 'NONE',  ( 53.53214292397701257, -1.425188158846554531E-28, 6.000000000000006217 ) ) ;
#1702 = VERTEX_POINT ( 'NONE', #3640 ) ;
#1703 = ORIENTED_EDGE ( 'NONE', *, *, #2950, .T. ) ;
#1704 = LINE ( 'NONE', #4803, #1705 ) ;
#1705 = VECTOR ( 'NONE', #1943, 1000.000000000000000 ) ;
#1706 = ADVANCED_FACE ( 'NONE', ( #569 ), #512, .T. ) ;
#1707 = AXIS2_PLACEMENT_3D ( 'NONE', #1167, #1162, #1154 ) ;
#1708 = DIRECTION ( 'NONE',  ( -1.000000000000000000, -1.224606353822377258E-16, -0.0000000000000000000 ) ) ;
#1709 = ORIENTED_EDGE ( 'NONE', *, *, #3085, .F. ) ;
#1710 = TOROIDAL_SURFACE ( 'NONE', #536, 8.400000000000000355, 0.5999999999999999778 ) ;
#1711 = DIRECTION ( 'NONE',  ( 0.5735764363510452712, -0.8191520442889924647, 1.003171929053525610E-16 ) ) ;
#1712 = CARTESIAN_POINT ( 'NONE',  ( 55.24642863826272787, 6.104662681989103693E-15, 0.0000000000000000000 ) ) ;
#1713 = VERTEX_POINT ( 'NONE', #3610 ) ;
#1714 = DIRECTION ( 'NONE',  ( -1.000000000000000000, -1.224606353822377258E-16, -0.0000000000000000000 ) ) ;
#1715 = VERTEX_POINT ( 'NONE', #3605 ) ;
#1716 = DIRECTION ( 'NONE',  ( 0.0000000000000000000, -1.000000000000000000, 0.0000000000000000000 ) ) ;
#1717 = ORIENTED_EDGE ( 'NONE', *, *, #4284, .T. ) ;
#1718 = VECTOR ( 'NONE', #18, 1000.000000000000000 ) ;
#1719 = AXIS2_PLACEMENT_3D ( 'NONE', #1218, #1212, #1192 ) ;
#1720 = CARTESIAN_POINT ( 'NONE',  ( -31.74999999999995737, 0.0000000000000000000, 0.0000000000000000000 ) ) ;
#1721 = ADVANCED_FACE ( 'NONE', ( #587 ), #561, .T. ) ;
#1722 = DIRECTION ( 'NONE',  ( -1.000000000000000000, -1.224606353822377258E-16, -0.0000000000000000000 ) ) ;
#1723 = CARTESIAN_POINT ( 'NONE',  ( 64.18214279030868852, 7.347880794882739229E-16, -6.000000000000006217 ) ) ;
#1724 = EDGE_LOOP ( 'NONE', ( #3113, #2851, #2787, #2677, #1078, #739 ) ) ;
#1725 = LINE ( 'NONE', #4758, #1600 ) ;
#1726 = CIRCLE ( 'NONE', #979, 6.000000000000006217 ) ;
#1727 = AXIS2_PLACEMENT_3D ( 'NONE', #1309, #1299, #1286 ) ;
#1728 = ORIENTED_EDGE ( 'NONE', *, *, #3433, .T. ) ;
#1729 = DIRECTION ( 'NONE',  ( 0.0000000000000000000, -1.000000000000000000, 0.0000000000000000000 ) ) ;
#1730 = CARTESIAN_POINT ( 'NONE',  ( 54.57142857142856940, 6.022001744921539221E-15, 0.0000000000000000000 ) ) ;
#1731 = CARTESIAN_POINT ( 'NONE',  ( 6.000000000000000000, 5.839897972853066221, -2.038300084272748336E-14 ) ) ;
#1732 = ORIENTED_EDGE ( 'NONE', *, *, #3110, .T. ) ;
#1733 = ORIENTED_EDGE ( 'NONE', *, *, #4293, .T. ) ;
#1734 = CARTESIAN_POINT ( 'NONE',  ( 54.57142857142856940, 5.036000000000012911, 6.167321280506079282E-16 ) ) ;
#1735 = DIRECTION ( 'NONE',  ( -1.000000000000000000, -1.224606353822377258E-16, -0.0000000000000000000 ) ) ;
#1736 = DIRECTION ( 'NONE',  ( 0.0000000000000000000, 0.0000000000000000000, -1.000000000000000000 ) ) ;
#1737 = ORIENTED_EDGE ( 'NONE', *, *, #4086, .T. ) ;
#1738 = EDGE_LOOP ( 'NONE', ( #3984, #3998, #4016, #4020, #4039 ) ) ;
#1739 = DIRECTION ( 'NONE',  ( -0.5735764363510492680, 0.8191520442889894671, 1.003171929053522035E-16 ) ) ;
#1740 = DIRECTION ( 'NONE',  ( 0.0000000000000000000, 0.0000000000000000000, 1.000000000000000000 ) ) ;
#1741 = ORIENTED_EDGE ( 'NONE', *, *, #3657, .T. ) ;
#1742 = CARTESIAN_POINT ( 'NONE',  ( 63.81785720969129727, 6.104662681989103693E-15, 0.0000000000000000000 ) ) ;
#1743 = CARTESIAN_POINT ( 'NONE',  ( 6.000000000000000000, 5.839897972853066221, -2.038300084272748336E-14 ) ) ;
#1744 = CARTESIAN_POINT ( 'NONE',  ( 47.71428571428571530, 6.022001744921539221E-15, 0.0000000000000000000 ) ) ;
#1745 = AXIS2_PLACEMENT_3D ( 'NONE', #1336, #1335, #1326 ) ;
#1746 = ORIENTED_EDGE ( 'NONE', *, *, #4294, .F. ) ;
#1747 = AXIS2_PLACEMENT_3D ( 'NONE', #1358, #1352, #1350 ) ;
#1748 = ADVANCED_FACE ( 'NONE', ( #528 ), #485, .T. ) ;
#1749 = DIRECTION ( 'NONE',  ( 0.0000000000000000000, -1.000000000000000000, 0.0000000000000000000 ) ) ;
#1750 = CARTESIAN_POINT ( 'NONE',  ( 51.81785720969130438, 6.000000000000011546, 0.0000000000000000000 ) ) ;
#1751 = EDGE_LOOP ( 'NONE', ( #2581, #2071, #3555, #420, #335 ) ) ;
#1752 = PLANE ( 'NONE',  #1812 ) ;
#1753 = ORIENTED_EDGE ( 'NONE', *, *, #4299, .F. ) ;
#1754 = LINE ( 'NONE', #4429, #1570 ) ;
#1755 = VECTOR ( 'NONE', #602, 999.9999999999998863 ) ;
#1756 = EDGE_LOOP ( 'NONE', ( #3785, #3790, #3805 ) ) ;
#1757 = AXIS2_PLACEMENT_3D ( 'NONE', #1377, #1371, #1370 ) ;
#1758 = CARTESIAN_POINT ( 'NONE',  ( -31.74999999999995737, 0.0000000000000000000, 0.0000000000000000000 ) ) ;
#1759 = CARTESIAN_POINT ( 'NONE',  ( 70.67500006683415847, -6.000000000000000888, 7.347880794884127625E-16 ) ) ;
#1760 = DIRECTION ( 'NONE',  ( 0.0000000000000000000, 0.0000000000000000000, 1.000000000000000000 ) ) ;
#1761 = AXIS2_PLACEMENT_3D ( 'NONE', #1416, #1411, #1402 ) ;
#1762 = ORIENTED_EDGE ( 'NONE', *, *, #4302, .F. ) ;
#1763 = ORIENTED_EDGE ( 'NONE', *, *, #3241, .T. ) ;
#1764 = DIRECTION ( 'NONE',  ( 0.0000000000000000000, -1.000000000000000000, 0.0000000000000000000 ) ) ;
#1765 = DIRECTION ( 'NONE',  ( 0.0000000000000000000, -1.000000000000000000, 0.0000000000000000000 ) ) ;
#1766 = CIRCLE ( 'NONE', #1159, 6.000000000000006217 ) ;
#1767 = AXIS2_PLACEMENT_3D ( 'NONE', #1435, #1427, #1426 ) ;
#1768 = ORIENTED_EDGE ( 'NONE', *, *, #3711, .T. ) ;
#1769 = AXIS2_PLACEMENT_3D ( 'NONE', #1473, #1465, #1463 ) ;
#1770 = ORIENTED_EDGE ( 'NONE', *, *, #3108, .T. ) ;
#1771 = ADVANCED_FACE ( 'NONE', ( #518 ), #474, .T. ) ;
#1772 = DIRECTION ( 'NONE',  ( -1.000000000000000000, -1.224606353822377258E-16, -0.0000000000000000000 ) ) ;
#1773 = DIRECTION ( 'NONE',  ( 1.000000000000000000, 0.0000000000000000000, 0.0000000000000000000 ) ) ;
#1774 = ORIENTED_EDGE ( 'NONE', *, *, #3218, .F. ) ;
#1775 = ORIENTED_EDGE ( 'NONE', *, *, #4178, .F. ) ;
#1776 = ADVANCED_FACE ( 'NONE', ( #515 ), #463, .T. ) ;
#1777 = EDGE_LOOP ( 'NONE', ( #3204, #3225, #3235, #3261 ) ) ;
#1778 = CARTESIAN_POINT ( 'NONE',  ( 55.24642863826272787, 6.104662681989103693E-15, 0.0000000000000000000 ) ) ;
#1779 = DIRECTION ( 'NONE',  ( -1.000000000000000000, -0.0000000000000000000, -0.0000000000000000000 ) ) ;
#1780 = ORIENTED_EDGE ( 'NONE', *, *, #3370, .T. ) ;
#1781 = ORIENTED_EDGE ( 'NONE', *, *, #2838, .T. ) ;
#1782 = LINE ( 'NONE', #26, #1718 ) ;
#1783 = CARTESIAN_POINT ( 'NONE',  ( -31.74999999999995737, 0.0000000000000000000, 5.999999999999866773 ) ) ;
#1784 = ADVANCED_FACE ( 'NONE', ( #498 ), #454, .T. ) ;
#1785 = DIRECTION ( 'NONE',  ( 0.0000000000000000000, -1.000000000000000000, 0.0000000000000000000 ) ) ;
#1786 = DIRECTION ( 'NONE',  ( 0.0000000000000000000, 0.0000000000000000000, 1.000000000000000000 ) ) ;
#1787 = AXIS2_PLACEMENT_3D ( 'NONE', #1504, #1499, #1495 ) ;
#1788 = AXIS2_PLACEMENT_3D ( 'NONE', #1675, #1616, #1622 ) ;
#1789 = DIRECTION ( 'NONE',  ( 0.0000000000000000000, -1.000000000000000000, 0.0000000000000000000 ) ) ;
#1790 = EDGE_LOOP ( 'NONE', ( #2963, #428, #1597, #2904, #4273, #4474 ) ) ;
#1791 =( NAMED_UNIT ( * ) SI_UNIT ( $, .STERADIAN. ) SOLID_ANGLE_UNIT ( ) );
#1792 = EDGE_LOOP ( 'NONE', ( #3727, #3757, #3760 ) ) ;
#1793 = ORIENTED_EDGE ( 'NONE', *, *, #4025, .F. ) ;
#1794 =( NAMED_UNIT ( * ) PLANE_ANGLE_UNIT ( ) SI_UNIT ( $, .RADIAN. ) );
#1795 = ORIENTED_EDGE ( 'NONE', *, *, #4284, .F. ) ;
#1796 = DIRECTION ( 'NONE',  ( 0.0000000000000000000, -1.000000000000000000, 0.0000000000000000000 ) ) ;
#1797 =( LENGTH_UNIT ( ) NAMED_UNIT ( * ) SI_UNIT ( .MILLI., .METRE. ) );
#1798 = AXIS2_PLACEMENT_3D ( 'NONE', #1565, #1557, #1554 ) ;
#1799 = DIRECTION ( 'NONE',  ( -1.000000000000000000, -1.224606353822377258E-16, -0.0000000000000000000 ) ) ;
#1800 = ORIENTED_EDGE ( 'NONE', *, *, #3680, .F. ) ;
#1801 = CARTESIAN_POINT ( 'NONE',  ( 55.24642863826272787, 6.104662681989103693E-15, 0.0000000000000000000 ) ) ;
#1802 = SURFACE_STYLE_USAGE ( .BOTH. , #1803 ) ;
#1803 = SURFACE_SIDE_STYLE ('',( #25 ) ) ;
#1804 =( NAMED_UNIT ( * ) PLANE_ANGLE_UNIT ( ) SI_UNIT ( $, .RADIAN. ) );
#1805 = AXIS2_PLACEMENT_3D ( 'NONE', #1731, #1647, #1634 ) ;
#1806 = CARTESIAN_POINT ( 'NONE',  ( 72.38928578111988088, 6.104662681989103693E-15, 0.0000000000000000000 ) ) ;
#1807 = FILL_AREA_STYLE ('',( #1818 ) ) ;
#1808 = AXIS2_PLACEMENT_3D ( 'NONE', #1720, #1677, #1740 ) ;
#1809 = ORIENTED_EDGE ( 'NONE', *, *, #4307, .T. ) ;
#1810 = DIRECTION ( 'NONE',  ( -1.000000000000000000, -0.0000000000000000000, -0.0000000000000000000 ) ) ;
#1811 = DIRECTION ( 'NONE',  ( -1.000000000000000000, -0.0000000000000000000, -0.0000000000000000000 ) ) ;
#1812 = AXIS2_PLACEMENT_3D ( 'NONE', #1743, #1773, #1736 ) ;
#1813 = EDGE_LOOP ( 'NONE', ( #3006, #3123, #3046, #2647, #3141 ) ) ;
#1814 = AXIS2_PLACEMENT_3D ( 'NONE', #1758, #1779, #1760 ) ;
#1815 = ADVANCED_FACE ( 'NONE', ( #494 ), #466, .T. ) ;
#1816 = LINE ( 'NONE', #382, #184 ) ;
#1817 = EDGE_LOOP ( 'NONE', ( #573, #2749, #1924, #4714, #3882 ) ) ;
#1818 = FILL_AREA_STYLE_COLOUR ( '', #70 ) ;
#1819 = ORIENTED_EDGE ( 'NONE', *, *, #4312, .T. ) ;
#1820 = AXIS2_PLACEMENT_3D ( 'NONE', #1852, #1811, #1786 ) ;
#1821 = CIRCLE ( 'NONE', #1431, 6.000000000000006217 ) ;
#1822 = ORIENTED_EDGE ( 'NONE', *, *, #2798, .F. ) ;
#1823 = AXIS2_PLACEMENT_3D ( 'NONE', #1596, #1627, #1657 ) ;
#1824 = CARTESIAN_POINT ( 'NONE',  ( 12.59999999999999964, 7.347880794883956047E-16, -5.999999999999866773 ) ) ;
#1825 = DIRECTION ( 'NONE',  ( -1.000000000000000000, -1.224606353822377258E-16, -0.0000000000000000000 ) ) ;
#1826 = VERTEX_POINT ( 'NONE', #3457 ) ;
#1827 = ADVANCED_FACE ( 'NONE', ( #505 ), #444, .T. ) ;
#1828 = EDGE_LOOP ( 'NONE', ( #4098, #4102, #4104, #4108, #4113 ) ) ;
#1829 = DIRECTION ( 'NONE',  ( 0.0000000000000000000, -1.000000000000000000, 0.0000000000000000000 ) ) ;
#1830 = DIRECTION ( 'NONE',  ( -0.5735764363510492680, 0.8191520442889894671, 1.003171929053522035E-16 ) ) ;
#1831 = CARTESIAN_POINT ( 'NONE',  ( 79.61071421888010491, 7.347880794882739229E-16, -6.000000000000006217 ) ) ;
#1832 = VECTOR ( 'NONE', #206, 1000.000000000000000 ) ;
#1833 = CONICAL_SURFACE ( 'NONE', #1446, 6.000000000000006217, 0.9599310885968824758 ) ;
#1834 = ORIENTED_EDGE ( 'NONE', *, *, #4004, .F. ) ;
#1835 = DIRECTION ( 'NONE',  ( -1.000000000000000000, -1.224606353822377258E-16, -0.0000000000000000000 ) ) ;
#1836 = CARTESIAN_POINT ( 'NONE',  ( 57.99999999999999289, 6.022001744921539221E-15, 0.0000000000000000000 ) ) ;
#1837 = CONICAL_SURFACE ( 'NONE', #1540, 5.036000000000006693, 0.9599310885968775908 ) ;
#1838 = ORIENTED_EDGE ( 'NONE', *, *, #4280, .T. ) ;
#1839 = CARTESIAN_POINT ( 'NONE',  ( 78.57142857142856940, 6.022001744921539221E-15, 0.0000000000000000000 ) ) ;
#1840 =( GEOMETRIC_REPRESENTATION_CONTEXT ( 3 ) GLOBAL_UNCERTAINTY_ASSIGNED_CONTEXT ( ( #4246 ) ) GLOBAL_UNIT_ASSIGNED_CONTEXT ( ( #1797, #1794, #1791 ) ) REPRESENTATION_CONTEXT ( 'NONE', 'WORKASPACE' ) );
#1841 = VERTEX_POINT ( 'NONE', #3427 ) ;
#1842 = CARTESIAN_POINT ( 'NONE',  ( 0.0000000000000000000, -2.919948986426523341, 5.057499999999991225 ) ) ;
#1843 = CARTESIAN_POINT ( 'NONE',  ( 55.61071421888011912, 5.939340807853974748E-15, 0.0000000000000000000 ) ) ;
#1844 = CARTESIAN_POINT ( 'NONE',  ( -31.74999999999995737, 0.0000000000000000000, 0.0000000000000000000 ) ) ;
#1845 = ORIENTED_EDGE ( 'NONE', *, *, #3460, .T. ) ;
#1846 = VECTOR ( 'NONE', #47, 1000.000000000000000 ) ;
#1847 = LINE ( 'NONE', #4754, #2441 ) ;
#1848 = MECHANICAL_DESIGN_GEOMETRIC_PRESENTATION_REPRESENTATION (  '', ( #1855 ), #1840 ) ;
#1849 = ADVANCED_FACE ( 'NONE', ( #461 ), #422, .T. ) ;
#1850 = CIRCLE ( 'NONE', #765, 6.000000000000006217 ) ;
#1851 = PRESENTATION_LAYER_ASSIGNMENT (  '', '', ( #1855 ) ) ;
#1852 = CARTESIAN_POINT ( 'NONE',  ( -31.74999999999995737, 0.0000000000000000000, 0.0000000000000000000 ) ) ;
#1853 = DIRECTION ( 'NONE',  ( -1.000000000000000000, -1.224606353822377258E-16, -0.0000000000000000000 ) ) ;
#1854 = ORIENTED_EDGE ( 'NONE', *, *, #4324, .F. ) ;
#1855 = STYLED_ITEM ( 'NONE', ( #4523 ), #2671 ) ;
#1856 = AXIS2_PLACEMENT_3D ( 'NONE', #1910, #1894, #1923 ) ;
#1857 = CARTESIAN_POINT ( 'NONE',  ( 66.57142857142856940, 6.022001744921539221E-15, 0.0000000000000000000 ) ) ;
#1858 = VERTEX_POINT ( 'NONE', #3403 ) ;
#1859 = ORIENTED_EDGE ( 'NONE', *, *, #560, .F. ) ;
#1860 = DIRECTION ( 'NONE',  ( 0.0000000000000000000, -1.000000000000000000, 0.0000000000000000000 ) ) ;
#1861 = CARTESIAN_POINT ( 'NONE',  ( 47.71428571428571530, 5.036000000000012911, 6.167321280506079282E-16 ) ) ;
#1862 = ORIENTED_EDGE ( 'NONE', *, *, #3919, .F. ) ;
#1863 = AXIS2_PLACEMENT_3D ( 'NONE', #1857, #1853, #1860 ) ;
#1864 = ORIENTED_EDGE ( 'NONE', *, *, #4294, .T. ) ;
#1865 = DIRECTION ( 'NONE',  ( 0.5735764363510450492, 0.8191520442889925757, 0.0000000000000000000 ) ) ;
#1866 = DIRECTION ( 'NONE',  ( 0.0000000000000000000, -1.000000000000000000, 0.0000000000000000000 ) ) ;
#1867 = VERTEX_POINT ( 'NONE', #3409 ) ;
#1868 = CARTESIAN_POINT ( 'NONE',  ( -31.74999999999995737, 7.347880794883956047E-16, -5.999999999999866773 ) ) ;
#1869 = EDGE_LOOP ( 'NONE', ( #3015, #3031, #3102, #3128, #3150 ) ) ;
#1870 = AXIS2_PLACEMENT_3D ( 'NONE', #1836, #1825, #1890 ) ;
#1871 = DIRECTION ( 'NONE',  ( 0.0000000000000000000, -1.000000000000000000, 0.0000000000000000000 ) ) ;
#1872 = CIRCLE ( 'NONE', #1155, 6.000000000000006217 ) ;
#1873 = DIRECTION ( 'NONE',  ( -1.000000000000000000, -1.224606353822377258E-16, -0.0000000000000000000 ) ) ;
#1874 = DIRECTION ( 'NONE',  ( -1.000000000000000000, -1.224606353822377258E-16, -0.0000000000000000000 ) ) ;
#1875 = ORIENTED_EDGE ( 'NONE', *, *, #2836, .T. ) ;
#1876 = CARTESIAN_POINT ( 'NONE',  ( 55.61071421888011912, 5.939340807853974748E-15, 0.0000000000000000000 ) ) ;
#1877 = VERTEX_POINT ( 'NONE', #3395 ) ;
#1878 = CARTESIAN_POINT ( 'NONE',  ( 47.71428571428571530, 6.022001744921539221E-15, 0.0000000000000000000 ) ) ;
#1879 = CARTESIAN_POINT ( 'NONE',  ( 70.00000000000000000, 6.022001744921539221E-15, 0.0000000000000000000 ) ) ;
#1880 = AXIS2_PLACEMENT_3D ( 'NONE', #1876, #1874, #1866 ) ;
#1881 = ORIENTED_EDGE ( 'NONE', *, *, #3411, .T. ) ;
#1882 = EDGE_LOOP ( 'NONE', ( #2443, #2446, #2466, #2512, #2546 ) ) ;
#1883 = ORIENTED_EDGE ( 'NONE', *, *, #4328, .T. ) ;
#1884 = LINE ( 'NONE', #4323, #414 ) ;
#1885 = CARTESIAN_POINT ( 'NONE',  ( 56.96071435254844317, 6.000000000000012434, 0.0000000000000000000 ) ) ;
#1886 = DIRECTION ( 'NONE',  ( -1.000000000000000000, -1.224606353822377258E-16, -0.0000000000000000000 ) ) ;
#1887 = CONICAL_SURFACE ( 'NONE', #1374, 6.000000000000006217, 0.9599310885968824758 ) ;
#1888 = DIRECTION ( 'NONE',  ( 0.0000000000000000000, 0.0000000000000000000, 1.000000000000000000 ) ) ;
#1889 = DIRECTION ( 'NONE',  ( -1.000000000000000000, -0.0000000000000000000, -0.0000000000000000000 ) ) ;
#1890 = DIRECTION ( 'NONE',  ( 0.0000000000000000000, -1.000000000000000000, 0.0000000000000000000 ) ) ;
#1891 = ORIENTED_EDGE ( 'NONE', *, *, #2828, .F. ) ;
#1892 = EDGE_LOOP ( 'NONE', ( #2316, #2335, #2362, #2418 ) ) ;
#1893 = FACE_OUTER_BOUND ( 'NONE', #3117, .T. ) ;
#1894 = DIRECTION ( 'NONE',  ( -1.000000000000000000, -0.0000000000000000000, -0.0000000000000000000 ) ) ;
#1895 = EDGE_CURVE ( 'NONE', #3056, #2862, #429, .T. ) ;
#1896 = DIRECTION ( 'NONE',  ( 0.0000000000000000000, -1.000000000000000000, 0.0000000000000000000 ) ) ;
#1897 = DIRECTION ( 'NONE',  ( -1.000000000000000000, -0.0000000000000000000, -0.0000000000000000000 ) ) ;
#1898 = CIRCLE ( 'NONE', #1500, 5.036000000000006693 ) ;
#1899 = EDGE_LOOP ( 'NONE', ( #3625, #4504, #4494, #810, #4676 ) ) ;
#1900 = VERTEX_POINT ( 'NONE', #3383 ) ;
#1901 = CARTESIAN_POINT ( 'NONE',  ( 62.10357149540558908, 6.104662681989103693E-15, 0.0000000000000000000 ) ) ;
#1902 = DIRECTION ( 'NONE',  ( 0.0000000000000000000, -1.000000000000000000, 0.0000000000000000000 ) ) ;
#1903 = AXIS2_PLACEMENT_3D ( 'NONE', #1946, #1937, #1948 ) ;
#1904 = ORIENTED_EDGE ( 'NONE', *, *, #4022, .F. ) ;
#1905 = VERTEX_POINT ( 'NONE', #3381 ) ;
#1906 = ORIENTED_EDGE ( 'NONE', *, *, #4331, .T. ) ;
#1907 = DIRECTION ( 'NONE',  ( 0.0000000000000000000, -1.000000000000000000, 0.0000000000000000000 ) ) ;
#1908 = ADVANCED_FACE ( 'NONE', ( #519 ), #418, .T. ) ;
#1909 = DIRECTION ( 'NONE',  ( -1.000000000000000000, -1.224606353822377258E-16, -0.0000000000000000000 ) ) ;
#1910 = CARTESIAN_POINT ( 'NONE',  ( -31.74999999999995737, 0.0000000000000000000, 0.0000000000000000000 ) ) ;
#1911 = AXIS2_PLACEMENT_3D ( 'NONE', #2051, #1984, #1969 ) ;
#1912 = AXIS2_PLACEMENT_3D ( 'NONE', #1961, #1954, #1952 ) ;
#1913 = ORIENTED_EDGE ( 'NONE', *, *, #4332, .F. ) ;
#1914 = LINE ( 'NONE', #2256, #1669 ) ;
#1915 = CARTESIAN_POINT ( 'NONE',  ( -31.74999999999995737, 1.102182119232617714E-15, -9.000000000000000000 ) ) ;
#1916 = CARTESIAN_POINT ( 'NONE',  ( 56.96071435254844317, 6.104662681989103693E-15, 0.0000000000000000000 ) ) ;
#1917 = DIRECTION ( 'NONE',  ( -1.000000000000000000, -1.224606353822377258E-16, -0.0000000000000000000 ) ) ;
#1918 = ORIENTED_EDGE ( 'NONE', *, *, #4334, .F. ) ;
#1919 = CIRCLE ( 'NONE', #982, 6.000000000000006217 ) ;
#1920 = AXIS2_PLACEMENT_3D ( 'NONE', #2014, #2000, #2016 ) ;
#1921 = CARTESIAN_POINT ( 'NONE',  ( 62.10357149540558908, 7.347880794882700773E-16, -6.000000000000006217 ) ) ;
#1922 = ORIENTED_EDGE ( 'NONE', *, *, #4343, .F. ) ;
#1923 = DIRECTION ( 'NONE',  ( 0.0000000000000000000, 0.0000000000000000000, 1.000000000000000000 ) ) ;
#1924 = ORIENTED_EDGE ( 'NONE', *, *, #4239, .F. ) ;
#1925 = EDGE_LOOP ( 'NONE', ( #1950, #1976, #1987, #2025, #2038 ) ) ;
#1926 = UNCERTAINTY_MEASURE_WITH_UNIT (LENGTH_MEASURE( 1.000000000000000082E-05 ), #260, 'distance_accuracy_value', 'NONE');
#1927 = AXIS2_PLACEMENT_3D ( 'NONE', #2029, #2057, #2023 ) ;
#1928 = CARTESIAN_POINT ( 'NONE',  ( 76.18214279030868852, 6.000000000000002665, 7.347880794884116778E-16 ) ) ;
#1929 = AXIS2_PLACEMENT_3D ( 'NONE', #2079, #2116, #2059 ) ;
#1930 = VECTOR ( 'NONE', #2931, 1000.000000000000000 ) ;
#1931 = VERTEX_POINT ( 'NONE', #3335 ) ;
#1932 = ORIENTED_EDGE ( 'NONE', *, *, #4637, .F. ) ;
#1933 = AXIS2_PLACEMENT_3D ( 'NONE', #2127, #2196, #2138 ) ;
#1934 = AXIS2_PLACEMENT_3D ( 'NONE', #2165, #2150, #2174 ) ;
#1935 = EDGE_LOOP ( 'NONE', ( #3262, #3307, #3317, #3334 ) ) ;
#1936 = DIRECTION ( 'NONE',  ( -1.000000000000000000, -1.224606353822377258E-16, -0.0000000000000000000 ) ) ;
#1937 = DIRECTION ( 'NONE',  ( 1.000000000000000000, 1.224606353822377258E-16, 0.0000000000000000000 ) ) ;
#1938 = EDGE_LOOP ( 'NONE', ( #2972, #2987 ) ) ;
#1939 = AXIS2_PLACEMENT_3D ( 'NONE', #2389, #2195, #2235 ) ;
#1940 = ADVANCED_FACE ( 'NONE', ( #484 ), #409, .T. ) ;
#1941 = AXIS2_PLACEMENT_3D ( 'NONE', #2291, #2248, #2242 ) ;
#1942 = CARTESIAN_POINT ( 'NONE',  ( 70.00000000000000000, 5.036000000000012911, 6.167321280506079282E-16 ) ) ;
#1943 = DIRECTION ( 'NONE',  ( -1.000000000000000000, -0.0000000000000000000, -0.0000000000000000000 ) ) ;
#1944 = ADVANCED_FACE ( 'NONE', ( #453 ), #395, .T. ) ;
#1945 = CARTESIAN_POINT ( 'NONE',  ( 64.85714285714286120, 5.036000000000012911, 0.0000000000000000000 ) ) ;
#1946 = CARTESIAN_POINT ( 'NONE',  ( 72.38928578111988088, 6.104662681989103693E-15, 0.0000000000000000000 ) ) ;
#1947 = COLOUR_RGB ( '',0.7764705882352941346, 0.7568627450980391913, 0.7372549019607843590 ) ;
#1948 = DIRECTION ( 'NONE',  ( 0.0000000000000000000, 1.000000000000000000, 0.0000000000000000000 ) ) ;
#1949 = VERTEX_POINT ( 'NONE', #3245 ) ;
#1950 = ORIENTED_EDGE ( 'NONE', *, *, #4344, .T. ) ;
#1951 = VERTEX_POINT ( 'NONE', #3236 ) ;
#1952 = DIRECTION ( 'NONE',  ( 0.0000000000000000000, -1.000000000000000000, 0.0000000000000000000 ) ) ;
#1953 = DIRECTION ( 'NONE',  ( -0.5735764363510492680, 0.8191520442889894671, 1.003171929053522035E-16 ) ) ;
#1954 = DIRECTION ( 'NONE',  ( -1.000000000000000000, -1.224606353822377258E-16, -0.0000000000000000000 ) ) ;
#1955 = LINE ( 'NONE', #798, #2477 ) ;
#1956 = AXIS2_PLACEMENT_3D ( 'NONE', #2279, #2224, #2228 ) ;
#1957 = EDGE_LOOP ( 'NONE', ( #2742, #2761 ) ) ;
#1958 = CARTESIAN_POINT ( 'NONE',  ( 70.67500006683415847, -1.425188158846554531E-28, 6.000000000000006217 ) ) ;
#1959 = DIRECTION ( 'NONE',  ( 0.0000000000000000000, -1.000000000000000000, 0.0000000000000000000 ) ) ;
#1960 = CARTESIAN_POINT ( 'NONE',  ( 48.38928578111987377, 6.104662681989103693E-15, 0.0000000000000000000 ) ) ;
#1961 = CARTESIAN_POINT ( 'NONE',  ( 54.57142857142856940, 6.022001744921539221E-15, 0.0000000000000000000 ) ) ;
#1962 = ORIENTED_EDGE ( 'NONE', *, *, #3656, .T. ) ;
#1963 = DIRECTION ( 'NONE',  ( 0.5735764363510452712, -0.8191520442889924647, 1.003171929053525610E-16 ) ) ;
#1964 = EDGE_LOOP ( 'NONE', ( #175, #3617, #3897, #394, #1224, #2167 ) ) ;
#1965 = ORIENTED_EDGE ( 'NONE', *, *, #3145, .F. ) ;
#1966 = ORIENTED_EDGE ( 'NONE', *, *, #3176, .F. ) ;
#1967 = EDGE_LOOP ( 'NONE', ( #1635, #1636, #1639, #1655, #1681, #1698 ) ) ;
#1968 = CIRCLE ( 'NONE', #715, 5.036000000000006693 ) ;
#1969 = DIRECTION ( 'NONE',  ( 0.0000000000000000000, 1.000000000000000000, 0.0000000000000000000 ) ) ;
#1970 = LINE ( 'NONE', #14, #1846 ) ;
#1971 = DIRECTION ( 'NONE',  ( -1.000000000000000000, -1.224606353822377258E-16, -0.0000000000000000000 ) ) ;
#1972 = CARTESIAN_POINT ( 'NONE',  ( 63.81785720969129727, 6.000000000000012434, 0.0000000000000000000 ) ) ;
#1973 = DIRECTION ( 'NONE',  ( -1.000000000000000000, -1.224606353822377258E-16, -0.0000000000000000000 ) ) ;
#1974 = AXIS2_PLACEMENT_3D ( 'NONE', #2308, #2297, #3626 ) ;
#1975 = AXIS2_PLACEMENT_3D ( 'NONE', #2346, #2312, #2352 ) ;
#1976 = ORIENTED_EDGE ( 'NONE', *, *, #4350, .T. ) ;
#1977 = ADVANCED_FACE ( 'NONE', ( #412 ), #413, .T. ) ;
#1978 = DIRECTION ( 'NONE',  ( -1.000000000000000000, -1.224606353822377258E-16, -0.0000000000000000000 ) ) ;
#1979 = DIRECTION ( 'NONE',  ( 0.5735764363510450492, 0.8191520442889925757, 0.0000000000000000000 ) ) ;
#1980 = DIRECTION ( 'NONE',  ( -1.000000000000000000, -0.0000000000000000000, -0.0000000000000000000 ) ) ;
#1981 = AXIS2_PLACEMENT_3D ( 'NONE', #2374, #2413, #2385 ) ;
#1982 = EDGE_CURVE ( 'NONE', #3267, #2478, #433, .T. ) ;
#1983 = CARTESIAN_POINT ( 'NONE',  ( 60.75357136173725792, 5.939340807853974748E-15, 0.0000000000000000000 ) ) ;
#1984 = DIRECTION ( 'NONE',  ( 1.000000000000000000, 1.224606353822377258E-16, 0.0000000000000000000 ) ) ;
#1985 = EDGE_LOOP ( 'NONE', ( #2275, #2283, #2294, #2304 ) ) ;
#1986 = CARTESIAN_POINT ( 'NONE',  ( 48.38928578111987377, -6.000000000000000000, 7.347880794884126639E-16 ) ) ;
#1987 = ORIENTED_EDGE ( 'NONE', *, *, #4352, .F. ) ;
#1988 = CARTESIAN_POINT ( 'NONE',  ( 61.42857142857143060, 6.022001744921539221E-15, 0.0000000000000000000 ) ) ;
#1989 = EDGE_LOOP ( 'NONE', ( #2627, #2640, #2650, #2694, #2698, #2718 ) ) ;
#1990 = AXIS2_PLACEMENT_3D ( 'NONE', #2447, #2450, #2542 ) ;
#1991 = EDGE_LOOP ( 'NONE', ( #811, #4228, #3895, #2036, #3737 ) ) ;
#1992 = CARTESIAN_POINT ( 'NONE',  ( 72.38928578111988088, 7.347880794882700773E-16, -6.000000000000006217 ) ) ;
#1993 = VECTOR ( 'NONE', #437, 1000.000000000000000 ) ;
#1994 = EDGE_LOOP ( 'NONE', ( #2118, #2123, #2140, #2251, #2260 ) ) ;
#1995 = AXIS2_PLACEMENT_3D ( 'NONE', #2533, #2493, #2483 ) ;
#1996 = CIRCLE ( 'NONE', #1239, 6.000000000000006217 ) ;
#1997 = AXIS2_PLACEMENT_3D ( 'NONE', #2405, #2404, #2394 ) ;
#1998 = CIRCLE ( 'NONE', #1372, 5.035999999999999588 ) ;
#1999 = ADVANCED_FACE ( 'NONE', ( #416 ), #359, .F. ) ;
#2000 = DIRECTION ( 'NONE',  ( -1.000000000000000000, -1.224606353822377258E-16, -0.0000000000000000000 ) ) ;
#2001 = DIRECTION ( 'NONE',  ( 0.0000000000000000000, 0.0000000000000000000, 1.000000000000000000 ) ) ;
#2002 = CARTESIAN_POINT ( 'NONE',  ( 62.46785707602297322, 7.347880794882747118E-16, -6.000000000000006217 ) ) ;
#2003 = ADVANCED_FACE ( 'NONE', ( #442 ), #352, .T. ) ;
#2004 = AXIS2_PLACEMENT_3D ( 'NONE', #2566, #2545, #2540 ) ;
#2005 = ORIENTED_EDGE ( 'NONE', *, *, #3440, .F. ) ;
#2006 = LINE ( 'NONE', #4288, #923 ) ;
#2007 = DIRECTION ( 'NONE',  ( -1.000000000000000000, -0.0000000000000000000, -0.0000000000000000000 ) ) ;
#2008 = CARTESIAN_POINT ( 'NONE',  ( 67.24642863826272787, 6.000000000000011546, 0.0000000000000000000 ) ) ;
#2009 = EDGE_LOOP ( 'NONE', ( #2045, #2046, #2049, #2104, #2108 ) ) ;
#2010 = AXIS2_PLACEMENT_3D ( 'NONE', #2510, #2504, #2503 ) ;
#2011 = ADVANCED_FACE ( 'NONE', ( #379 ), #369, .T. ) ;
#2012 = LINE ( 'NONE', #4779, #1525 ) ;
#2013 = ORIENTED_EDGE ( 'NONE', *, *, #3746, .T. ) ;
#2014 = CARTESIAN_POINT ( 'NONE',  ( 68.28571428571427759, 6.022001744921539221E-15, 0.0000000000000000000 ) ) ;
#2015 = VERTEX_POINT ( 'NONE', #3114 ) ;
#2016 = DIRECTION ( 'NONE',  ( 0.0000000000000000000, -1.000000000000000000, 0.0000000000000000000 ) ) ;
#2017 = VERTEX_POINT ( 'NONE', #3112 ) ;
#2018 = AXIS2_PLACEMENT_3D ( 'NONE', #2673, #2668, #2714 ) ;
#2019 = CARTESIAN_POINT ( 'NONE',  ( 68.96071435254843607, -6.000000000000000000, 7.347880794884126639E-16 ) ) ;
#2020 = VECTOR ( 'NONE', #58, 1000.000000000000114 ) ;
#2021 = EDGE_CURVE ( 'NONE', #4697, #3242, #392, .T. ) ;
#2022 = DIRECTION ( 'NONE',  ( 0.0000000000000000000, -1.000000000000000000, 0.0000000000000000000 ) ) ;
#2023 = DIRECTION ( 'NONE',  ( 0.0000000000000000000, -1.000000000000000000, 0.0000000000000000000 ) ) ;
#2024 = EDGE_LOOP ( 'NONE', ( #2567, #2580, #2595, #2621 ) ) ;
#2025 = ORIENTED_EDGE ( 'NONE', *, *, #4357, .F. ) ;
#2026 = CARTESIAN_POINT ( 'NONE',  ( 71.71428571428572241, -5.036000000000000476, 0.0000000000000000000 ) ) ;
#2027 = CARTESIAN_POINT ( 'NONE',  ( 48.75357136173725792, -5.999999999999999112, 0.0000000000000000000 ) ) ;
#2028 = CIRCLE ( 'NONE', #1521, 6.000000000000006217 ) ;
#2029 = CARTESIAN_POINT ( 'NONE',  ( 52.85714285714285410, 6.022001744921539221E-15, 0.0000000000000000000 ) ) ;
#2030 = AXIS2_PLACEMENT_3D ( 'NONE', #2592, #2585, #2576 ) ;
#2031 = ORIENTED_EDGE ( 'NONE', *, *, #3779, .T. ) ;
#2032 = EDGE_LOOP ( 'NONE', ( #678, #2518, #2928, #2827, #2481, #3553 ) ) ;
#2033 = DIRECTION ( 'NONE',  ( 0.0000000000000000000, -1.000000000000000000, 0.0000000000000000000 ) ) ;
#2034 = CARTESIAN_POINT ( 'NONE',  ( 50.10357149540558197, 7.347880794882700773E-16, -6.000000000000006217 ) ) ;
#2035 = VECTOR ( 'NONE', #767, 1000.000000000000000 ) ;
#2036 = ORIENTED_EDGE ( 'NONE', *, *, #4179, .T. ) ;
#2037 = AXIS2_PLACEMENT_3D ( 'NONE', #2572, #2662, #2570 ) ;
#2038 = ORIENTED_EDGE ( 'NONE', *, *, #4363, .F. ) ;
#2039 = AXIS2_PLACEMENT_3D ( 'NONE', #2686, #2707, #2685 ) ;
#2040 = AXIS2_PLACEMENT_3D ( 'NONE', #2702, #2699, #2696 ) ;
#2041 = VECTOR ( 'NONE', #3489, 1000.000000000000000 ) ;
#2042 = AXIS2_PLACEMENT_3D ( 'NONE', #2726, #2720, #2717 ) ;
#2043 = CARTESIAN_POINT ( 'NONE',  ( 0.0000000000000000000, 2.919948986426539328, 5.057499999999982343 ) ) ;
#2044 = CARTESIAN_POINT ( 'NONE',  ( 78.57142857142856940, 5.036000000000012911, 0.0000000000000000000 ) ) ;
#2045 = ORIENTED_EDGE ( 'NONE', *, *, #4344, .F. ) ;
#2046 = ORIENTED_EDGE ( 'NONE', *, *, #4372, .T. ) ;
#2047 = AXIS2_PLACEMENT_3D ( 'NONE', #2901, #2771, #2813 ) ;
#2048 = CIRCLE ( 'NONE', #1606, 6.000000000000006217 ) ;
#2049 = ORIENTED_EDGE ( 'NONE', *, *, #4373, .T. ) ;
#2050 = DIRECTION ( 'NONE',  ( -1.000000000000000000, -1.224606353822377258E-16, -0.0000000000000000000 ) ) ;
#2051 = CARTESIAN_POINT ( 'NONE',  ( 46.67500006683415847, 6.104662681989103693E-15, 0.0000000000000000000 ) ) ;
#2052 = ORIENTED_EDGE ( 'NONE', *, *, #3709, .F. ) ;
#2053 = AXIS2_PLACEMENT_3D ( 'NONE', #2800, #2816, #2809 ) ;
#2054 = EDGE_LOOP ( 'NONE', ( #1717, #1733, #1746, #1753, #1762 ) ) ;
#2055 = EDGE_CURVE ( 'NONE', #3451, #3891, #405, .T. ) ;
#2056 = CARTESIAN_POINT ( 'NONE',  ( 78.57142857142856940, 6.022001744921539221E-15, 0.0000000000000000000 ) ) ;
#2057 = DIRECTION ( 'NONE',  ( -1.000000000000000000, -1.224606353822377258E-16, -0.0000000000000000000 ) ) ;
#2058 = CARTESIAN_POINT ( 'NONE',  ( 59.71428571428571530, 5.036000000000012911, 6.167321280506079282E-16 ) ) ;
#2059 = DIRECTION ( 'NONE',  ( 0.0000000000000000000, 1.000000000000000000, 0.0000000000000000000 ) ) ;
#2060 = EDGE_LOOP ( 'NONE', ( #2766, #2810, #2847, #2906 ) ) ;
#2061 = ORIENTED_EDGE ( 'NONE', *, *, #4100, .T. ) ;
#2062 = CARTESIAN_POINT ( 'NONE',  ( 56.96071435254844317, -6.000000000000000000, 7.347880794884126639E-16 ) ) ;
#2063 = VECTOR ( 'NONE', #3811, 1000.000000000000000 ) ;
#2064 = DIRECTION ( 'NONE',  ( 0.5735764363510452712, -0.8191520442889924647, 1.003171929053525610E-16 ) ) ;
#2065 = FACE_OUTER_BOUND ( 'NONE', #2807, .T. ) ;
#2066 = AXIS2_PLACEMENT_3D ( 'NONE', #2860, #2914, #3035 ) ;
#2067 = VECTOR ( 'NONE', #4068, 1000.000000000000000 ) ;
#2068 = ADVANCED_FACE ( 'NONE', ( #383 ), #340, .T. ) ;
#2069 = ORIENTED_EDGE ( 'NONE', *, *, #3129, .F. ) ;
#2070 = LINE ( 'NONE', #4645, #3188 ) ;
#2071 = ORIENTED_EDGE ( 'NONE', *, *, #3675, .T. ) ;
#2072 = AXIS2_PLACEMENT_3D ( 'NONE', #2954, #3029, #2943 ) ;
#2073 = EDGE_CURVE ( 'NONE', #4431, #2017, #348, .T. ) ;
#2074 = ORIENTED_EDGE ( 'NONE', *, *, #3884, .T. ) ;
#2075 = EDGE_LOOP ( 'NONE', ( #2775, #205, #1467, #2723, #92, #1392 ) ) ;
#2076 = LINE ( 'NONE', #51, #2082 ) ;
#2077 = DIRECTION ( 'NONE',  ( -0.5735764363510492680, 0.8191520442889894671, 1.003171929053522035E-16 ) ) ;
#2078 = DIRECTION ( 'NONE',  ( -0.5735764363510490460, -0.8191520442889896891, 0.0000000000000000000 ) ) ;
#2079 = CARTESIAN_POINT ( 'NONE',  ( 63.81785720969129727, 6.104662681989103693E-15, 0.0000000000000000000 ) ) ;
#2080 = CYLINDRICAL_SURFACE ( 'NONE', #1820, 5.999999999999866773 ) ;
#2081 = ORIENTED_EDGE ( 'NONE', *, *, #3253, .F. ) ;
#2082 = VECTOR ( 'NONE', #30, 999.9999999999998863 ) ;
#2083 = VECTOR ( 'NONE', #2340, 1000.000000000000114 ) ;
#2084 = AXIS2_PLACEMENT_3D ( 'NONE', #2896, #2888, #2886 ) ;
#2085 = AXIS2_PLACEMENT_3D ( 'NONE', #2852, #2845, #2833 ) ;
#2086 = CARTESIAN_POINT ( 'NONE',  ( 45.32499993316583442, -5.999999999999999112, 0.0000000000000000000 ) ) ;
#2087 = CARTESIAN_POINT ( 'NONE',  ( 65.89642850459439671, 5.939340807853974748E-15, 0.0000000000000000000 ) ) ;
#2088 = VERTEX_POINT ( 'NONE', #3047 ) ;
#2089 =( GEOMETRIC_REPRESENTATION_CONTEXT ( 3 ) GLOBAL_UNCERTAINTY_ASSIGNED_CONTEXT ( ( #2105 ) ) GLOBAL_UNIT_ASSIGNED_CONTEXT ( ( #2993, #2988, #2983 ) ) REPRESENTATION_CONTEXT ( 'NONE', 'WORKASPACE' ) );
#2090 = ADVANCED_FACE ( 'NONE', ( #345 ), #243, .T. ) ;
#2091 = DIRECTION ( 'NONE',  ( 0.0000000000000000000, -1.000000000000000000, 0.0000000000000000000 ) ) ;
#2092 = CARTESIAN_POINT ( 'NONE',  ( 75.81785720969129727, 6.104662681989103693E-15, 0.0000000000000000000 ) ) ;
#2093 = MECHANICAL_DESIGN_GEOMETRIC_PRESENTATION_REPRESENTATION (  '', ( #2115 ), #2089 ) ;
#2094 = PRESENTATION_LAYER_ASSIGNMENT (  '', '', ( #2115 ) ) ;
#2095 = EDGE_LOOP ( 'NONE', ( #3844, #3850, #3860 ) ) ;
#2096 = ORIENTED_EDGE ( 'NONE', *, *, #4206, .F. ) ;
#2097 = DIRECTION ( 'NONE',  ( 0.0000000000000000000, 0.0000000000000000000, 1.000000000000000000 ) ) ;
#2098 = EDGE_LOOP ( 'NONE', ( #1962, #4362, #4358, #4131, #147, #3393 ) ) ;
#2099 = DIRECTION ( 'NONE',  ( 0.0000000000000000000, -1.000000000000000000, 0.0000000000000000000 ) ) ;
#2100 = CARTESIAN_POINT ( 'NONE',  ( 47.71428571428571530, -5.036000000000000476, 6.757601037695103453E-16 ) ) ;
#2101 = AXIS2_PLACEMENT_3D ( 'NONE', #3144, #3101, #3083 ) ;
#2102 = EDGE_CURVE ( 'NONE', #4477, #4378, #249, .T. ) ;
#2103 = EDGE_CURVE ( 'NONE', #4731, #2015, #257, .T. ) ;
#2104 = ORIENTED_EDGE ( 'NONE', *, *, #4334, .T. ) ;
#2105 = UNCERTAINTY_MEASURE_WITH_UNIT (LENGTH_MEASURE( 1.000000000000000082E-05 ), #2993, 'distance_accuracy_value', 'NONE');
#2106 = DIRECTION ( 'NONE',  ( 0.0000000000000000000, -1.000000000000000000, 0.0000000000000000000 ) ) ;
#2107 = CARTESIAN_POINT ( 'NONE',  ( 60.75357136173725792, -6.000000000000008882, 0.0000000000000000000 ) ) ;
#2108 = ORIENTED_EDGE ( 'NONE', *, *, #4382, .F. ) ;
#2109 = DIRECTION ( 'NONE',  ( -1.000000000000000000, -1.224606353822377258E-16, -0.0000000000000000000 ) ) ;
#2110 = CARTESIAN_POINT ( 'NONE',  ( 80.96071435254843607, -1.425188158846554531E-28, 6.000000000000006217 ) ) ;
#2111 = ORIENTED_EDGE ( 'NONE', *, *, #3454, .T. ) ;
#2112 = AXIS2_PLACEMENT_3D ( 'NONE', #3026, #3021, #3012 ) ;
#2113 = DIRECTION ( 'NONE',  ( 1.000000000000000000, 1.224606353822377258E-16, 0.0000000000000000000 ) ) ;
#2114 = CARTESIAN_POINT ( 'NONE',  ( 6.000000000000000000, 2.919948986426526893, -5.057500000000015206 ) ) ;
#2115 = STYLED_ITEM ( 'NONE', ( #333 ), #2090 ) ;
#2116 = DIRECTION ( 'NONE',  ( 1.000000000000000000, 1.224606353822377258E-16, 0.0000000000000000000 ) ) ;
#2117 = AXIS2_PLACEMENT_3D ( 'NONE', #3133, #3125, #3137 ) ;
#2118 = ORIENTED_EDGE ( 'NONE', *, *, #4385, .F. ) ;
#2119 = ORIENTED_EDGE ( 'NONE', *, *, #3062, .T. ) ;
#2120 = CONICAL_SURFACE ( 'NONE', #1380, 5.036000000000006693, 0.9599310885968775908 ) ;
#2121 = CARTESIAN_POINT ( 'NONE',  ( 68.28571428571427759, 6.022001744921539221E-15, 0.0000000000000000000 ) ) ;
#2122 = DIRECTION ( 'NONE',  ( 0.0000000000000000000, 1.000000000000000000, 0.0000000000000000000 ) ) ;
#2123 = ORIENTED_EDGE ( 'NONE', *, *, #4392, .T. ) ;
#2124 = CARTESIAN_POINT ( 'NONE',  ( -31.74999999999995737, 0.0000000000000000000, 0.0000000000000000000 ) ) ;
#2125 = AXIS2_PLACEMENT_3D ( 'NONE', #3096, #3095, #3087 ) ;
#2126 = AXIS2_PLACEMENT_3D ( 'NONE', #3078, #3074, #3068 ) ;
#2127 = CARTESIAN_POINT ( 'NONE',  ( 51.81785720969130438, 6.104662681989103693E-15, 0.0000000000000000000 ) ) ;
#2128 = EDGE_LOOP ( 'NONE', ( #851, #2314, #3499, #748, #2135, #677 ) ) ;
#2129 = ORIENTED_EDGE ( 'NONE', *, *, #3854, .F. ) ;
#2130 = VECTOR ( 'NONE', #4770, 1000.000000000000227 ) ;
#2131 = AXIS2_PLACEMENT_3D ( 'NONE', #3165, #3149, #3206 ) ;
#2132 = CARTESIAN_POINT ( 'NONE',  ( 50.10357149540558197, 6.104662681989103693E-15, 0.0000000000000000000 ) ) ;
#2133 = ORIENTED_EDGE ( 'NONE', *, *, #2811, .F. ) ;
#2134 = DIRECTION ( 'NONE',  ( 0.0000000000000000000, 1.000000000000000000, 0.0000000000000000000 ) ) ;
#2135 = ORIENTED_EDGE ( 'NONE', *, *, #3917, .F. ) ;
#2136 = ADVANCED_FACE ( 'NONE', ( #239 ), #226, .T. ) ;
#2137 = CARTESIAN_POINT ( 'NONE',  ( 68.96071435254843607, 6.104662681989103693E-15, 0.0000000000000000000 ) ) ;
#2138 = DIRECTION ( 'NONE',  ( 0.0000000000000000000, 1.000000000000000000, 0.0000000000000000000 ) ) ;
#2139 = AXIS2_PLACEMENT_3D ( 'NONE', #3264, #3232, #3257 ) ;
#2140 = ORIENTED_EDGE ( 'NONE', *, *, #4398, .T. ) ;
#2141 = CARTESIAN_POINT ( 'NONE',  ( 73.42857142857143060, -5.036000000000000476, 6.757601037695103453E-16 ) ) ;
#2142 = ORIENTED_EDGE ( 'NONE', *, *, #3371, .T. ) ;
#2143 = DIRECTION ( 'NONE',  ( 0.0000000000000000000, -1.000000000000000000, 0.0000000000000000000 ) ) ;
#2144 = CARTESIAN_POINT ( 'NONE',  ( 56.28571428571428470, -5.036000000000000476, 6.757601037695103453E-16 ) ) ;
#2145 = AXIS2_PLACEMENT_3D ( 'NONE', #3200, #3198, #3175 ) ;
#2146 = AXIS2_PLACEMENT_3D ( 'NONE', #3208, #3221, #3212 ) ;
#2147 = AXIS2_PLACEMENT_3D ( 'NONE', #3436, #3372, #3343 ) ;
#2148 = ORIENTED_EDGE ( 'NONE', *, *, #3552, .F. ) ;
#2149 = EDGE_LOOP ( 'NONE', ( #3939, #3964, #3978 ) ) ;
#2150 = DIRECTION ( 'NONE',  ( 1.000000000000000000, 1.224606353822377258E-16, 0.0000000000000000000 ) ) ;
#2151 = ADVANCED_FACE ( 'NONE', ( #354 ), #220, .T. ) ;
#2152 = CARTESIAN_POINT ( 'NONE',  ( 6.000000000000000000, -2.919948986426523341, 5.057499999999991225 ) ) ;
#2153 = ORIENTED_EDGE ( 'NONE', *, *, #2938, .F. ) ;
#2154 = AXIS2_PLACEMENT_3D ( 'NONE', #3339, #3331, #3320 ) ;
#2155 = DIRECTION ( 'NONE',  ( 0.0000000000000000000, -1.000000000000000000, 0.0000000000000000000 ) ) ;
#2156 = VECTOR ( 'NONE', #4640, 1000.000000000000114 ) ;
#2157 = DIRECTION ( 'NONE',  ( -1.000000000000000000, -1.224606353822377258E-16, -0.0000000000000000000 ) ) ;
#2158 = CARTESIAN_POINT ( 'NONE',  ( 82.00000000000000000, 0.0000000000000000000, 0.0000000000000000000 ) ) ;
#2159 = VERTEX_POINT ( 'NONE', #2779 ) ;
#2160 = ORIENTED_EDGE ( 'NONE', *, *, #2944, .F. ) ;
#2161 = ORIENTED_EDGE ( 'NONE', *, *, #3687, .F. ) ;
#2162 = DIRECTION ( 'NONE',  ( -1.000000000000000000, -1.224606353822377258E-16, -0.0000000000000000000 ) ) ;
#2163 = AXIS2_PLACEMENT_3D ( 'NONE', #3310, #3293, #3326 ) ;
#2164 = CARTESIAN_POINT ( 'NONE',  ( 71.71428571428572241, 5.036000000000012911, 6.167321280506079282E-16 ) ) ;
#2165 = CARTESIAN_POINT ( 'NONE',  ( 65.53214292397701968, 6.104662681989103693E-15, 0.0000000000000000000 ) ) ;
#2166 = AXIS2_PLACEMENT_3D ( 'NONE', #3463, #3483, #3464 ) ;
#2167 = ORIENTED_EDGE ( 'NONE', *, *, #4231, .F. ) ;
#2168 = CIRCLE ( 'NONE', #1478, 6.000000000000006217 ) ;
#2169 = CARTESIAN_POINT ( 'NONE',  ( 71.03928564745154972, 5.939340807853974748E-15, 0.0000000000000000000 ) ) ;
#2170 = AXIS2_PLACEMENT_3D ( 'NONE', #3471, #3492, #3472 ) ;
#2171 = AXIS2_PLACEMENT_3D ( 'NONE', #3367, #3363, #3347 ) ;
#2172 = CARTESIAN_POINT ( 'NONE',  ( 73.42857142857143060, 5.036000000000012911, 6.167321280506079282E-16 ) ) ;
#2173 = DIRECTION ( 'NONE',  ( -1.000000000000000000, -1.224606353822377258E-16, -0.0000000000000000000 ) ) ;
#2174 = DIRECTION ( 'NONE',  ( 0.0000000000000000000, 1.000000000000000000, 0.0000000000000000000 ) ) ;
#2175 = ORIENTED_EDGE ( 'NONE', *, *, #2850, .T. ) ;
#2176 = ADVANCED_FACE ( 'NONE', ( #231 ), #214, .T. ) ;
#2177 = EDGE_CURVE ( 'NONE', #4012, #1931, #216, .T. ) ;
#2178 = SURFACE_STYLE_FILL_AREA ( #280 ) ;
#2179 = AXIS2_PLACEMENT_3D ( 'NONE', #3419, #3443, #3428 ) ;
#2180 = AXIS2_PLACEMENT_3D ( 'NONE', #3511, #3496, #3513 ) ;
#2181 = DIRECTION ( 'NONE',  ( -1.000000000000000000, -0.0000000000000000000, -0.0000000000000000000 ) ) ;
#2182 = CARTESIAN_POINT ( 'NONE',  ( 60.38928578111987377, 6.104662681989103693E-15, 0.0000000000000000000 ) ) ;
#2183 = CARTESIAN_POINT ( 'NONE',  ( 0.0000000000000000000, 1.065442715258197248E-15, -8.400000000000000355 ) ) ;
#2184 = EDGE_LOOP ( 'NONE', ( #3586, #3603, #3611, #3636, #3666 ) ) ;
#2185 = VECTOR ( 'NONE', #4586, 999.9999999999998863 ) ;
#2186 = ORIENTED_EDGE ( 'NONE', *, *, #3534, .T. ) ;
#2187 = CARTESIAN_POINT ( 'NONE',  ( 70.00000000000000000, -5.036000000000000476, 0.0000000000000000000 ) ) ;
#2188 = CARTESIAN_POINT ( 'NONE',  ( 63.81785720969129727, 6.000000000000011546, 0.0000000000000000000 ) ) ;
#2189 = AXIS2_PLACEMENT_3D ( 'NONE', #3528, #3515, #3532 ) ;
#2190 = CARTESIAN_POINT ( 'NONE',  ( 57.32499993316583442, 6.000000000000002665, 7.347880794884116778E-16 ) ) ;
#2191 = DIRECTION ( 'NONE',  ( 0.0000000000000000000, 0.0000000000000000000, 1.000000000000000000 ) ) ;
#2192 = ORIENTED_EDGE ( 'NONE', *, *, #3281, .T. ) ;
#2193 = EDGE_LOOP ( 'NONE', ( #4235, #2528, #2789, #2515, #986 ) ) ;
#2194 = DIRECTION ( 'NONE',  ( -0.5735764363510490460, -0.8191520442889896891, 0.0000000000000000000 ) ) ;
#2195 = DIRECTION ( 'NONE',  ( 1.000000000000000000, 1.224606353822377258E-16, 0.0000000000000000000 ) ) ;
#2196 = DIRECTION ( 'NONE',  ( 1.000000000000000000, 1.224606353822377258E-16, 0.0000000000000000000 ) ) ;
#2197 = EDGE_CURVE ( 'NONE', #3071, #4210, #265, .T. ) ;
#2198 = VERTEX_POINT ( 'NONE', #2747 ) ;
#2199 = AXIS2_PLACEMENT_3D ( 'NONE', #3595, #3620, #3632 ) ;
#2200 = CIRCLE ( 'NONE', #1501, 5.036000000000006693 ) ;
#2201 = ORIENTED_EDGE ( 'NONE', *, *, #3131, .T. ) ;
#2202 = VERTEX_POINT ( 'NONE', #2755 ) ;
#2203 = AXIS2_PLACEMENT_3D ( 'NONE', #3585, #3571, #3592 ) ;
#2204 = ADVANCED_FACE ( 'NONE', ( #237 ), #190, .T. ) ;
#2205 = CARTESIAN_POINT ( 'NONE',  ( 79.61071421888010491, 6.000000000000023093, 7.347880794884140444E-16 ) ) ;
#2206 = ADVANCED_FACE ( 'NONE', ( #238 ), #224, .T. ) ;
#2207 = ORIENTED_EDGE ( 'NONE', *, *, #3686, .T. ) ;
#2208 = VECTOR ( 'NONE', #158, 1000.000000000000000 ) ;
#2209 = CARTESIAN_POINT ( 'NONE',  ( 63.81785720969129727, -1.425188158846554531E-28, 6.000000000000006217 ) ) ;
#2210 = AXIS2_PLACEMENT_3D ( 'NONE', #3661, #3646, #3740 ) ;
#2211 = CARTESIAN_POINT ( 'NONE',  ( 65.89642850459439671, -1.386669559958809814E-28, 6.000000000000006217 ) ) ;
#2212 = VERTEX_POINT ( 'NONE', #2635 ) ;
#2213 = LINE ( 'NONE', #65, #2020 ) ;
#2214 = DIRECTION ( 'NONE',  ( 0.5735764363510452712, -0.8191520442889924647, 1.003171929053525610E-16 ) ) ;
#2215 = EDGE_LOOP ( 'NONE', ( #4106, #831, #1197, #4788, #726 ) ) ;
#2216 = AXIS2_PLACEMENT_3D ( 'NONE', #3623, #3638, #3627 ) ;
#2217 = DIRECTION ( 'NONE',  ( 1.000000000000000000, 1.224606353822377258E-16, 0.0000000000000000000 ) ) ;
#2218 = CARTESIAN_POINT ( 'NONE',  ( 76.18214279030868852, 7.347880794882739229E-16, -6.000000000000006217 ) ) ;
#2219 = VERTEX_POINT ( 'NONE', #2630 ) ;
#2220 = DIRECTION ( 'NONE',  ( 0.0000000000000000000, -1.000000000000000000, 0.0000000000000000000 ) ) ;
#2221 = DIRECTION ( 'NONE',  ( -1.000000000000000000, -0.0000000000000000000, -0.0000000000000000000 ) ) ;
#2222 = DIRECTION ( 'NONE',  ( -1.000000000000000000, -1.224606353822377258E-16, -0.0000000000000000000 ) ) ;
#2223 = CARTESIAN_POINT ( 'NONE',  ( 69.32499993316584153, 5.939340807853974748E-15, 0.0000000000000000000 ) ) ;
#2224 = DIRECTION ( 'NONE',  ( -1.000000000000000000, -1.224606353822377258E-16, -0.0000000000000000000 ) ) ;
#2225 = UNCERTAINTY_MEASURE_WITH_UNIT (LENGTH_MEASURE( 1.000000000000000082E-05 ), #4685, 'distance_accuracy_value', 'NONE');
#2226 = CARTESIAN_POINT ( 'NONE',  ( 60.38928578111987377, -6.000000000000000000, 7.347880794884126639E-16 ) ) ;
#2227 = DIRECTION ( 'NONE',  ( 0.0000000000000000000, -1.000000000000000000, 0.0000000000000000000 ) ) ;
#2228 = DIRECTION ( 'NONE',  ( 0.0000000000000000000, -1.000000000000000000, 0.0000000000000000000 ) ) ;
#2229 = AXIS2_PLACEMENT_3D ( 'NONE', #3614, #3549, #3539 ) ;
#2230 = AXIS2_PLACEMENT_3D ( 'NONE', #3670, #3663, #3673 ) ;
#2231 = DIRECTION ( 'NONE',  ( -1.000000000000000000, -1.224606353822377258E-16, -0.0000000000000000000 ) ) ;
#2232 = VECTOR ( 'NONE', #487, 1000.000000000000000 ) ;
#2233 = CARTESIAN_POINT ( 'NONE',  ( 59.03928564745154972, 5.939340807853974748E-15, 0.0000000000000000000 ) ) ;
#2234 = CARTESIAN_POINT ( 'NONE',  ( 75.14285714285713880, -5.036000000000000476, 6.757601037695103453E-16 ) ) ;
#2235 = DIRECTION ( 'NONE',  ( 0.0000000000000000000, 1.000000000000000000, 0.0000000000000000000 ) ) ;
#2236 = EDGE_LOOP ( 'NONE', ( #1338, #3097, #3079, #2461, #2857, #3606 ) ) ;
#2237 = CIRCLE ( 'NONE', #1241, 6.000000000000006217 ) ;
#2238 = CIRCLE ( 'NONE', #1342, 6.000000000000006217 ) ;
#2239 = AXIS2_PLACEMENT_3D ( 'NONE', #3703, #3685, #3714 ) ;
#2240 = AXIS2_PLACEMENT_3D ( 'NONE', #3755, #3803, #3765 ) ;
#2241 = DIRECTION ( 'NONE',  ( 0.5735764363510450492, 0.8191520442889925757, 0.0000000000000000000 ) ) ;
#2242 = DIRECTION ( 'NONE',  ( 0.0000000000000000000, 0.0000000000000000000, -1.000000000000000000 ) ) ;
#2243 = EDGE_LOOP ( 'NONE', ( #4491, #2381, #296, #4763, #4736, #4473 ) ) ;
#2244 = EDGE_LOOP ( 'NONE', ( #3161, #2731, #4716, #2763, #2559 ) ) ;
#2245 = VECTOR ( 'NONE', #4132, 1000.000000000000000 ) ;
#2246 = EDGE_LOOP ( 'NONE', ( #856, #3424, #3901, #4010, #3954 ) ) ;
#2247 = DIRECTION ( 'NONE',  ( -0.5735764363510492680, 0.8191520442889894671, 1.003171929053522035E-16 ) ) ;
#2248 = DIRECTION ( 'NONE',  ( 1.000000000000000000, 0.0000000000000000000, 0.0000000000000000000 ) ) ;
#2249 = VECTOR ( 'NONE', #84, 1000.000000000000000 ) ;
#2250 = LINE ( 'NONE', #2965, #2475 ) ;
#2251 = ORIENTED_EDGE ( 'NONE', *, *, #4399, .T. ) ;
#2252 = DIRECTION ( 'NONE',  ( -1.000000000000000000, -1.224606353822377258E-16, -0.0000000000000000000 ) ) ;
#2253 = ORIENTED_EDGE ( 'NONE', *, *, #3664, .F. ) ;
#2254 = EDGE_CURVE ( 'NONE', #1599, #3529, #192, .T. ) ;
#2255 = VERTEX_POINT ( 'NONE', #2599 ) ;
#2256 = CARTESIAN_POINT ( 'NONE',  ( 60.38928578111987377, 6.000000000000012434, 0.0000000000000000000 ) ) ;
#2257 = CARTESIAN_POINT ( 'NONE',  ( 68.96071435254843607, 6.104662681989103693E-15, 0.0000000000000000000 ) ) ;
#2258 = EDGE_LOOP ( 'NONE', ( #4212, #4223, #4232, #4237, #4249 ) ) ;
#2259 = LINE ( 'NONE', #3045, #1202 ) ;
#2260 = ORIENTED_EDGE ( 'NONE', *, *, #4404, .T. ) ;
#2261 = EDGE_LOOP ( 'NONE', ( #3806, #3815, #3839 ) ) ;
#2262 = CIRCLE ( 'NONE', #987, 6.000000000000006217 ) ;
#2263 = DIRECTION ( 'NONE',  ( -1.000000000000000000, -1.224606353822377258E-16, -0.0000000000000000000 ) ) ;
#2264 = AXIS2_PLACEMENT_3D ( 'NONE', #3726, #3725, #3716 ) ;
#2265 = AXIS2_PLACEMENT_3D ( 'NONE', #3771, #3743, #3729 ) ;
#2266 = DIRECTION ( 'NONE',  ( 0.0000000000000000000, 0.0000000000000000000, 1.000000000000000000 ) ) ;
#2267 = CARTESIAN_POINT ( 'NONE',  ( 64.18214279030868852, -1.386669559958809814E-28, 6.000000000000006217 ) ) ;
#2268 = LINE ( 'NONE', #4185, #2156 ) ;
#2269 = ORIENTED_EDGE ( 'NONE', *, *, #3948, .T. ) ;
#2270 = VERTEX_POINT ( 'NONE', #2598 ) ;
#2271 = AXIS2_PLACEMENT_3D ( 'NONE', #3857, #3847, #3951 ) ;
#2272 = DIRECTION ( 'NONE',  ( 0.0000000000000000000, -1.000000000000000000, 0.0000000000000000000 ) ) ;
#2273 = ORIENTED_EDGE ( 'NONE', *, *, #2897, .F. ) ;
#2274 = DIRECTION ( 'NONE',  ( -1.000000000000000000, -1.224606353822377258E-16, -0.0000000000000000000 ) ) ;
#2275 = ORIENTED_EDGE ( 'NONE', *, *, #4407, .F. ) ;
#2276 = AXIS2_PLACEMENT_3D ( 'NONE', #3825, #3810, #3801 ) ;
#2277 = CARTESIAN_POINT ( 'NONE',  ( 59.71428571428571530, 6.022001744921539221E-15, 0.0000000000000000000 ) ) ;
#2278 = DIRECTION ( 'NONE',  ( 0.0000000000000000000, -1.000000000000000000, 0.0000000000000000000 ) ) ;
#2279 = CARTESIAN_POINT ( 'NONE',  ( 76.85714285714284699, 6.022001744921539221E-15, 0.0000000000000000000 ) ) ;
#2280 = ORIENTED_EDGE ( 'NONE', *, *, #2911, .T. ) ;
#2281 = DIRECTION ( 'NONE',  ( -1.000000000000000000, -1.224606353822377258E-16, -0.0000000000000000000 ) ) ;
#2282 = CARTESIAN_POINT ( 'NONE',  ( 59.71428571428571530, -5.036000000000000476, 0.0000000000000000000 ) ) ;
#2283 = ORIENTED_EDGE ( 'NONE', *, *, #4432, .T. ) ;
#2284 = CIRCLE ( 'NONE', #1379, 5.036000000000006693 ) ;
#2285 = CIRCLE ( 'NONE', #1610, 6.000000000000006217 ) ;
#2286 = ADVANCED_FACE ( 'NONE', ( #234 ), #168, .T. ) ;
#2287 = ORIENTED_EDGE ( 'NONE', *, *, #3634, .T. ) ;
#2288 = DIRECTION ( 'NONE',  ( -1.000000000000000000, -0.0000000000000000000, -0.0000000000000000000 ) ) ;
#2289 =( LENGTH_UNIT ( ) NAMED_UNIT ( * ) SI_UNIT ( .MILLI., .METRE. ) );
#2290 = CARTESIAN_POINT ( 'NONE',  ( 63.81785720969129727, 6.104662681989103693E-15, 0.0000000000000000000 ) ) ;
#2291 = CARTESIAN_POINT ( 'NONE',  ( 12.00000000000000000, 9.000000000000000000, 0.0000000000000000000 ) ) ;
#2292 = AXIS2_PLACEMENT_3D ( 'NONE', #3795, #3784, #3843 ) ;
#2293 = ORIENTED_EDGE ( 'NONE', *, *, #3629, .T. ) ;
#2294 = ORIENTED_EDGE ( 'NONE', *, *, #4436, .F. ) ;
#2295 = DIRECTION ( 'NONE',  ( 0.0000000000000000000, -1.000000000000000000, 0.0000000000000000000 ) ) ;
#2296 = PLANE ( 'NONE',  #1941 ) ;
#2297 = DIRECTION ( 'NONE',  ( -1.000000000000000000, -1.224606353822377258E-16, -0.0000000000000000000 ) ) ;
#2298 = CIRCLE ( 'NONE', #1160, 6.000000000000006217 ) ;
#2299 = ORIENTED_EDGE ( 'NONE', *, *, #3509, .F. ) ;
#2300 = AXIS2_PLACEMENT_3D ( 'NONE', #3887, #3879, #3894 ) ;
#2301 = AXIS2_PLACEMENT_3D ( 'NONE', #3870, #3861, #3871 ) ;
#2302 = DIRECTION ( 'NONE',  ( 0.0000000000000000000, -1.000000000000000000, 0.0000000000000000000 ) ) ;
#2303 = DIRECTION ( 'NONE',  ( 0.0000000000000000000, -1.000000000000000000, 0.0000000000000000000 ) ) ;
#2304 = ORIENTED_EDGE ( 'NONE', *, *, #4444, .F. ) ;
#2305 = ADVANCED_FACE ( 'NONE', ( #198 ), #196, .T. ) ;
#2306 = ORIENTED_EDGE ( 'NONE', *, *, #2933, .T. ) ;
#2307 = EDGE_CURVE ( 'NONE', #2734, #3570, #187, .T. ) ;
#2308 = CARTESIAN_POINT ( 'NONE',  ( 70.00000000000000000, 6.022001744921539221E-15, 0.0000000000000000000 ) ) ;
#2309 = AXIS2_PLACEMENT_3D ( 'NONE', #3835, #3833, #3826 ) ;
#2310 = DIRECTION ( 'NONE',  ( -1.000000000000000000, -1.224606353822377258E-16, -0.0000000000000000000 ) ) ;
#2311 = DIRECTION ( 'NONE',  ( -1.000000000000000000, -1.224606353822377258E-16, -0.0000000000000000000 ) ) ;
#2312 = DIRECTION ( 'NONE',  ( 1.000000000000000000, 1.224606353822377258E-16, 0.0000000000000000000 ) ) ;
#2313 = AXIS2_PLACEMENT_3D ( 'NONE', #3988, #4036, #3982 ) ;
#2314 = ORIENTED_EDGE ( 'NONE', *, *, #3854, .T. ) ;
#2315 = ORIENTED_EDGE ( 'NONE', *, *, #3961, .T. ) ;
#2316 = ORIENTED_EDGE ( 'NONE', *, *, #4446, .F. ) ;
#2317 = ADVANCED_FACE ( 'NONE', ( #177 ), #2514, .T. ) ;
#2318 = CARTESIAN_POINT ( 'NONE',  ( 55.61071421888011912, 5.939340807853974748E-15, 0.0000000000000000000 ) ) ;
#2319 = VERTEX_POINT ( 'NONE', #2525 ) ;
#2320 = DIRECTION ( 'NONE',  ( 0.0000000000000000000, -1.000000000000000000, 0.0000000000000000000 ) ) ;
#2321 = EDGE_LOOP ( 'NONE', ( #3345, #3348, #3350, #3362, #3377 ) ) ;
#2322 = LINE ( 'NONE', #134, #2208 ) ;
#2323 = LINE ( 'NONE', #2282, #2083 ) ;
#2324 = AXIS2_PLACEMENT_3D ( 'NONE', #3976, #3965, #4034 ) ;
#2325 = FACE_OUTER_BOUND ( 'NONE', #2149, .T. ) ;
#2326 = DIRECTION ( 'NONE',  ( 0.0000000000000000000, -1.000000000000000000, 0.0000000000000000000 ) ) ;
#2327 = CIRCLE ( 'NONE', #772, 6.000000000000006217 ) ;
#2328 = CIRCLE ( 'NONE', #988, 5.036000000000006693 ) ;
#2329 = AXIS2_PLACEMENT_3D ( 'NONE', #3943, #3958, #3959 ) ;
#2330 =( GEOMETRIC_REPRESENTATION_CONTEXT ( 3 ) GLOBAL_UNCERTAINTY_ASSIGNED_CONTEXT ( ( #4351 ) ) GLOBAL_UNIT_ASSIGNED_CONTEXT ( ( #4017, #4002, #3996 ) ) REPRESENTATION_CONTEXT ( 'NONE', 'WORKASPACE' ) );
#2331 = DIRECTION ( 'NONE',  ( -1.000000000000000000, -1.224606353822377258E-16, -0.0000000000000000000 ) ) ;
#2332 = DIRECTION ( 'NONE',  ( 0.0000000000000000000, 0.4999999999999991118, -0.8660254037844391517 ) ) ;
#2333 = DIRECTION ( 'NONE',  ( 0.0000000000000000000, -0.8660254037844391517, -0.4999999999999991118 ) ) ;
#2334 = ORIENTED_EDGE ( 'NONE', *, *, #1982, .F. ) ;
#2335 = ORIENTED_EDGE ( 'NONE', *, *, #4452, .T. ) ;
#2336 = EDGE_CURVE ( 'NONE', #3750, #1340, #163, .T. ) ;
#2337 = PLANE ( 'NONE',  #2675 ) ;
#2338 = MECHANICAL_DESIGN_GEOMETRIC_PRESENTATION_REPRESENTATION (  '', ( #2343 ), #2330 ) ;
#2339 = ORIENTED_EDGE ( 'NONE', *, *, #3997, .F. ) ;
#2340 = DIRECTION ( 'NONE',  ( -0.5735764363510490460, -0.8191520442889896891, 0.0000000000000000000 ) ) ;
#2341 = ADVANCED_FACE ( 'NONE', ( #172 ), #132, .T. ) ;
#2342 = PRESENTATION_LAYER_ASSIGNMENT (  '', '', ( #2343 ) ) ;
#2343 = STYLED_ITEM ( 'NONE', ( #782 ), #1405 ) ;
#2344 = ORIENTED_EDGE ( 'NONE', *, *, #3460, .F. ) ;
#2345 = CARTESIAN_POINT ( 'NONE',  ( 52.18214279030869562, -1.386669559958809814E-28, 6.000000000000006217 ) ) ;
#2346 = CARTESIAN_POINT ( 'NONE',  ( 60.38928578111987377, 6.104662681989103693E-15, 0.0000000000000000000 ) ) ;
#2347 = EDGE_LOOP ( 'NONE', ( #2700, #89, #4569, #1108, #3359 ) ) ;
#2348 = AXIS2_PLACEMENT_3D ( 'NONE', #4053, #4044, #4082 ) ;
#2349 = DIRECTION ( 'NONE',  ( 0.0000000000000000000, -1.000000000000000000, 0.0000000000000000000 ) ) ;
#2350 =( NAMED_UNIT ( * ) SI_UNIT ( $, .STERADIAN. ) SOLID_ANGLE_UNIT ( ) );
#2351 = DIRECTION ( 'NONE',  ( -1.000000000000000000, -1.224606353822377258E-16, -0.0000000000000000000 ) ) ;
#2352 = DIRECTION ( 'NONE',  ( 0.0000000000000000000, 1.000000000000000000, 0.0000000000000000000 ) ) ;
#2353 = ORIENTED_EDGE ( 'NONE', *, *, #3352, .F. ) ;
#2354 = DIRECTION ( 'NONE',  ( -1.000000000000000000, -0.0000000000000000000, -0.0000000000000000000 ) ) ;
#2355 = AXIS2_PLACEMENT_3D ( 'NONE', #4091, #4119, #4069 ) ;
#2356 = DIRECTION ( 'NONE',  ( 0.0000000000000000000, 0.8660254037844381525, -0.5000000000000008882 ) ) ;
#2357 = VERTEX_POINT ( 'NONE', #2371 ) ;
#2358 = CIRCLE ( 'NONE', #1274, 6.000000000000006217 ) ;
#2359 = AXIS2_PLACEMENT_3D ( 'NONE', #4111, #4101, #4095 ) ;
#2360 = ADVANCED_FACE ( 'NONE', ( #133 ), #126, .T. ) ;
#2361 = FACE_OUTER_BOUND ( 'NONE', #2745, .T. ) ;
#2362 = ORIENTED_EDGE ( 'NONE', *, *, #4457, .F. ) ;
#2363 = CARTESIAN_POINT ( 'NONE',  ( 55.61071421888011912, 5.939340807853974748E-15, 0.0000000000000000000 ) ) ;
#2364 = CARTESIAN_POINT ( 'NONE',  ( -31.74999999999995737, 0.0000000000000000000, 0.0000000000000000000 ) ) ;
#2365 = DIRECTION ( 'NONE',  ( 0.0000000000000000000, 0.5000000000000008882, 0.8660254037844381525 ) ) ;
#2366 = EDGE_LOOP ( 'NONE', ( #4198, #4188, #4180, #1125, #1458, #1093 ) ) ;
#2367 = AXIS2_PLACEMENT_3D ( 'NONE', #4161, #4157, #4186 ) ;
#2368 = EDGE_LOOP ( 'NONE', ( #4054, #4075, #4085, #4088, #4097 ) ) ;
#2369 = VERTEX_POINT ( 'NONE', #2345 ) ;
#2370 = VECTOR ( 'NONE', #31, 1000.000000000000000 ) ;
#2371 = CARTESIAN_POINT ( 'NONE',  ( 74.46785707602298032, 7.347880794882739229E-16, -6.000000000000006217 ) ) ;
#2372 = DIRECTION ( 'NONE',  ( -1.000000000000000000, -1.224606353822377258E-16, -0.0000000000000000000 ) ) ;
#2373 = LINE ( 'NONE', #1146, #2768 ) ;
#2374 = CARTESIAN_POINT ( 'NONE',  ( 48.38928578111987377, 6.104662681989103693E-15, 0.0000000000000000000 ) ) ;
#2375 = ADVANCED_FACE ( 'NONE', ( #149 ), #117, .T. ) ;
#2376 = AXIS2_PLACEMENT_3D ( 'NONE', #4301, #4189, #4182 ) ;
#2377 = ORIENTED_EDGE ( 'NONE', *, *, #3796, .F. ) ;
#2378 = ORIENTED_EDGE ( 'NONE', *, *, #3497, .F. ) ;
#2379 = AXIS2_PLACEMENT_3D ( 'NONE', #4521, #4340, #4222 ) ;
#2380 = ORIENTED_EDGE ( 'NONE', *, *, #3503, .F. ) ;
#2381 = ORIENTED_EDGE ( 'NONE', *, *, #3251, .T. ) ;
#2382 = ORIENTED_EDGE ( 'NONE', *, *, #3759, .T. ) ;
#2383 = ORIENTED_EDGE ( 'NONE', *, *, #2307, .F. ) ;
#2384 = CARTESIAN_POINT ( 'NONE',  ( 81.03599999999977399, 0.0000000000000000000, 5.999999999999729106 ) ) ;
#2385 = DIRECTION ( 'NONE',  ( 0.0000000000000000000, 1.000000000000000000, 0.0000000000000000000 ) ) ;
#2386 = AXIS2_PLACEMENT_3D ( 'NONE', #4503, #4454, #4507 ) ;
#2387 = ADVANCED_FACE ( 'NONE', ( #181 ), #108, .T. ) ;
#2388 = VECTOR ( 'NONE', #222, 1000.000000000000114 ) ;
#2389 = CARTESIAN_POINT ( 'NONE',  ( 62.10357149540558908, 6.104662681989103693E-15, 0.0000000000000000000 ) ) ;
#2390 = AXIS2_PLACEMENT_3D ( 'NONE', #27, #4566, #4678 ) ;
#2391 = EDGE_LOOP ( 'NONE', ( #4335, #4341, #4346, #4347, #4360 ) ) ;
#2392 = CIRCLE ( 'NONE', #994, 6.000000000000006217 ) ;
#2393 = CARTESIAN_POINT ( 'NONE',  ( 65.89642850459439671, 7.347880794882739229E-16, -6.000000000000006217 ) ) ;
#2394 = DIRECTION ( 'NONE',  ( 0.0000000000000000000, -1.000000000000000000, 0.0000000000000000000 ) ) ;
#2395 = ORIENTED_EDGE ( 'NONE', *, *, #3859, .T. ) ;
#2396 = EDGE_LOOP ( 'NONE', ( #1189, #2434, #3710, #2382, #2377 ) ) ;
#2397 = ORIENTED_EDGE ( 'NONE', *, *, #4071, .F. ) ;
#2398 = AXIS2_PLACEMENT_3D ( 'NONE', #4176, #4175, #4168 ) ;
#2399 = VERTEX_POINT ( 'NONE', #2267 ) ;
#2400 = DIRECTION ( 'NONE',  ( 1.000000000000000000, 1.224606353822377258E-16, 0.0000000000000000000 ) ) ;
#2401 = ORIENTED_EDGE ( 'NONE', *, *, #3997, .T. ) ;
#2402 = ORIENTED_EDGE ( 'NONE', *, *, #4099, .F. ) ;
#2403 = AXIS2_PLACEMENT_3D ( 'NONE', #4774, #15, #4785 ) ;
#2404 = DIRECTION ( 'NONE',  ( -1.000000000000000000, -1.224606353822377258E-16, -0.0000000000000000000 ) ) ;
#2405 = CARTESIAN_POINT ( 'NONE',  ( 63.14285714285713880, 6.022001744921539221E-15, 0.0000000000000000000 ) ) ;
#2406 = DIRECTION ( 'NONE',  ( 0.0000000000000000000, -1.000000000000000000, 0.0000000000000000000 ) ) ;
#2407 = CARTESIAN_POINT ( 'NONE',  ( 47.03928564745154972, 5.939340807853974748E-15, 0.0000000000000000000 ) ) ;
#2408 = EDGE_LOOP ( 'NONE', ( #526, #3183, #1457, #1775, #2160, #712 ) ) ;
#2409 = AXIS2_PLACEMENT_3D ( 'NONE', #4735, #4696, #19 ) ;
#2410 = ORIENTED_EDGE ( 'NONE', *, *, #4023, .F. ) ;
#2411 = VECTOR ( 'NONE', #3791, 1000.000000000000114 ) ;
#2412 = DIRECTION ( 'NONE',  ( -1.000000000000000000, -1.224606353822377258E-16, -0.0000000000000000000 ) ) ;
#2413 = DIRECTION ( 'NONE',  ( 1.000000000000000000, 1.224606353822377258E-16, 0.0000000000000000000 ) ) ;
#2414 = ORIENTED_EDGE ( 'NONE', *, *, #2984, .F. ) ;
#2415 = ADVANCED_FACE ( 'NONE', ( #122, #145 ), #2296, .T. ) ;
#2416 = AXIS2_PLACEMENT_3D ( 'NONE', #165, #155, #116 ) ;
#2417 = AXIS2_PLACEMENT_3D ( 'NONE', #102, #121, #156 ) ;
#2418 = ORIENTED_EDGE ( 'NONE', *, *, #4458, .F. ) ;
#2419 = VECTOR ( 'NONE', #711, 1000.000000000000114 ) ;
#2420 = CARTESIAN_POINT ( 'NONE',  ( 57.32499993316583442, 5.939340807853974748E-15, 0.0000000000000000000 ) ) ;
#2421 = CARTESIAN_POINT ( 'NONE',  ( 6.000000000000000000, 5.839897972853066221, -2.038300084272748336E-14 ) ) ;
#2422 = ORIENTED_EDGE ( 'NONE', *, *, #3841, .F. ) ;
#2423 = FACE_OUTER_BOUND ( 'NONE', #1694, .T. ) ;
#2424 = EDGE_LOOP ( 'NONE', ( #1198, #2558, #3845, #1022, #4130 ) ) ;
#2425 = ADVANCED_FACE ( 'NONE', ( #128 ), #75, .T. ) ;
#2426 = VECTOR ( 'NONE', #2591, 1000.000000000000227 ) ;
#2427 = ORIENTED_EDGE ( 'NONE', *, *, #3544, .T. ) ;
#2428 = CARTESIAN_POINT ( 'NONE',  ( -31.74999999999995737, 0.0000000000000000000, 5.999999999999866773 ) ) ;
#2429 = EDGE_LOOP ( 'NONE', ( #4464, #4480, #4500, #4518, #4525 ) ) ;
#2430 = AXIS2_PLACEMENT_3D ( 'NONE', #171, #161, #162 ) ;
#2431 = AXIS2_PLACEMENT_3D ( 'NONE', #62, #136, #96 ) ;
#2432 = AXIS2_PLACEMENT_3D ( 'NONE', #174, #213, #194 ) ;
#2433 = DIRECTION ( 'NONE',  ( -1.000000000000000000, -0.0000000000000000000, -0.0000000000000000000 ) ) ;
#2434 = ORIENTED_EDGE ( 'NONE', *, *, #3814, .T. ) ;
#2435 = VERTEX_POINT ( 'NONE', #2205 ) ;
#2436 = AXIS2_PLACEMENT_3D ( 'NONE', #235, #223, #287 ) ;
#2437 = DIRECTION ( 'NONE',  ( -1.000000000000000000, -1.224606353822377258E-16, -0.0000000000000000000 ) ) ;
#2438 = EDGE_LOOP ( 'NONE', ( #4297, #4306, #4311, #4313, #4325, #4327 ) ) ;
#2439 = CIRCLE ( 'NONE', #771, 6.000000000000006217 ) ;
#2440 = VECTOR ( 'NONE', #2523, 1000.000000000000114 ) ;
#2441 = VECTOR ( 'NONE', #4734, 999.9999999999998863 ) ;
#2442 = CARTESIAN_POINT ( 'NONE',  ( 47.71428571428571530, -5.036000000000000476, 0.0000000000000000000 ) ) ;
#2443 = ORIENTED_EDGE ( 'NONE', *, *, #4352, .T. ) ;
#2444 = CIRCLE ( 'NONE', #776, 6.000000000000006217 ) ;
#2445 = LINE ( 'NONE', #2226, #1605 ) ;
#2446 = ORIENTED_EDGE ( 'NONE', *, *, #4463, .T. ) ;
#2447 = CARTESIAN_POINT ( 'NONE',  ( 70.00000000000000000, 6.022001744921539221E-15, 0.0000000000000000000 ) ) ;
#2448 = LINE ( 'NONE', #4061, #2618 ) ;
#2449 = DIRECTION ( 'NONE',  ( 0.0000000000000000000, -1.000000000000000000, 0.0000000000000000000 ) ) ;
#2450 = DIRECTION ( 'NONE',  ( -1.000000000000000000, -1.224606353822377258E-16, -0.0000000000000000000 ) ) ;
#2451 = VERTEX_POINT ( 'NONE', #2211 ) ;
#2452 = DIRECTION ( 'NONE',  ( -1.000000000000000000, -1.224606353822377258E-16, -0.0000000000000000000 ) ) ;
#2453 = AXIS2_PLACEMENT_3D ( 'NONE', #303, #269, #311 ) ;
#2454 = EDGE_LOOP ( 'NONE', ( #4532, #4538, #4546, #2724, #4556 ) ) ;
#2455 = AXIS2_PLACEMENT_3D ( 'NONE', #36, #66, #107 ) ;
#2456 = AXIS2_PLACEMENT_3D ( 'NONE', #393, #350, #291 ) ;
#2457 = CARTESIAN_POINT ( 'NONE',  ( 67.24642863826272787, 6.104662681989103693E-15, 0.0000000000000000000 ) ) ;
#2458 = CARTESIAN_POINT ( 'NONE',  ( 56.28571428571428470, 5.036000000000012911, 0.0000000000000000000 ) ) ;
#2459 = LINE ( 'NONE', #483, #2232 ) ;
#2460 = CARTESIAN_POINT ( 'NONE',  ( 58.67500006683415137, 6.104662681989103693E-15, 0.0000000000000000000 ) ) ;
#2461 = ORIENTED_EDGE ( 'NONE', *, *, #3657, .F. ) ;
#2462 = DIRECTION ( 'NONE',  ( 0.0000000000000000000, 0.0000000000000000000, -1.000000000000000000 ) ) ;
#2463 = AXIS2_PLACEMENT_3D ( 'NONE', #261, #289, #324 ) ;
#2464 = AXIS2_PLACEMENT_3D ( 'NONE', #438, #275, #447 ) ;
#2465 = ADVANCED_FACE ( 'NONE', ( #87 ), #61, .T. ) ;
#2466 = ORIENTED_EDGE ( 'NONE', *, *, #4470, .T. ) ;
#2467 = LINE ( 'NONE', #703, #2419 ) ;
#2468 = AXIS2_PLACEMENT_3D ( 'NONE', #479, #351, #473 ) ;
#2469 = AXIS2_PLACEMENT_3D ( 'NONE', #316, #334, #365 ) ;
#2470 = EDGE_LOOP ( 'NONE', ( #4650, #4652, #4655, #4656, #4666 ) ) ;
#2471 = ORIENTED_EDGE ( 'NONE', *, *, #3963, .T. ) ;
#2472 = CARTESIAN_POINT ( 'NONE',  ( 53.89642850459440382, 6.000000000000013323, 7.347880794884127625E-16 ) ) ;
#2473 = LINE ( 'NONE', #3601, #2370 ) ;
#2474 = DIRECTION ( 'NONE',  ( 0.0000000000000000000, -1.000000000000000000, 0.0000000000000000000 ) ) ;
#2475 = VECTOR ( 'NONE', #3010, 1000.000000000000000 ) ;
#2476 = ADVANCED_FACE ( 'NONE', ( #154 ), #57, .T. ) ;
#2477 = VECTOR ( 'NONE', #2697, 1000.000000000000000 ) ;
#2478 = VERTEX_POINT ( 'NONE', #2144 ) ;
#2479 = VERTEX_POINT ( 'NONE', #2141 ) ;
#2480 = ORIENTED_EDGE ( 'NONE', *, *, #3735, .T. ) ;
#2481 = ORIENTED_EDGE ( 'NONE', *, *, #3711, .F. ) ;
#2482 = ADVANCED_FACE ( 'NONE', ( #94 ), #50, .T. ) ;
#2483 = DIRECTION ( 'NONE',  ( 0.0000000000000000000, -0.4999999999999989453, 0.8660254037844392627 ) ) ;
#2484 = ORIENTED_EDGE ( 'NONE', *, *, #4003, .F. ) ;
#2485 = VERTEX_POINT ( 'NONE', #2107 ) ;
#2486 = VECTOR ( 'NONE', #330, 1000.000000000000000 ) ;
#2487 = DIRECTION ( 'NONE',  ( 0.0000000000000000000, -1.000000000000000000, 0.0000000000000000000 ) ) ;
#2488 = DIRECTION ( 'NONE',  ( -1.000000000000000000, -1.224606353822377258E-16, -0.0000000000000000000 ) ) ;
#2489 = DIRECTION ( 'NONE',  ( 1.000000000000000000, 0.0000000000000000000, 0.0000000000000000000 ) ) ;
#2490 = LINE ( 'NONE', #229, #2388 ) ;
#2491 = CARTESIAN_POINT ( 'NONE',  ( 60.38928578111987377, 6.104662681989103693E-15, 0.0000000000000000000 ) ) ;
#2492 = CARTESIAN_POINT ( 'NONE',  ( 56.28571428571428470, -5.036000000000000476, 0.0000000000000000000 ) ) ;
#2493 = DIRECTION ( 'NONE',  ( -0.0000000000000000000, 0.8660254037844392627, 0.4999999999999989453 ) ) ;
#2494 = DIRECTION ( 'NONE',  ( -1.000000000000000000, -0.0000000000000000000, -0.0000000000000000000 ) ) ;
#2495 = VERTEX_POINT ( 'NONE', #2100 ) ;
#2496 = AXIS2_PLACEMENT_3D ( 'NONE', #543, #295, #507 ) ;
#2497 = CARTESIAN_POINT ( 'NONE',  ( 70.67500006683415847, 6.000000000000011546, 0.0000000000000000000 ) ) ;
#2498 = AXIS2_PLACEMENT_3D ( 'NONE', #496, #403, #895 ) ;
#2499 = EDGE_LOOP ( 'NONE', ( #701, #2861, #4536, #641, #2501 ) ) ;
#2500 = ORIENTED_EDGE ( 'NONE', *, *, #3749, .T. ) ;
#2501 = ORIENTED_EDGE ( 'NONE', *, *, #4065, .F. ) ;
#2502 = DIRECTION ( 'NONE',  ( 0.0000000000000000000, -1.000000000000000000, 0.0000000000000000000 ) ) ;
#2503 = DIRECTION ( 'NONE',  ( 0.0000000000000000000, -1.000000000000000000, 0.0000000000000000000 ) ) ;
#2504 = DIRECTION ( 'NONE',  ( -1.000000000000000000, -1.224606353822377258E-16, -0.0000000000000000000 ) ) ;
#2505 = AXIS2_PLACEMENT_3D ( 'NONE', #612, #796, #584 ) ;
#2506 = ORIENTED_EDGE ( 'NONE', *, *, #2990, .F. ) ;
#2507 = DIRECTION ( 'NONE',  ( -1.000000000000000000, -1.224606353822377258E-16, -0.0000000000000000000 ) ) ;
#2508 = EDGE_LOOP ( 'NONE', ( #4396, #4400, #4410, #4412, #4426, #4434 ) ) ;
#2509 = DIRECTION ( 'NONE',  ( -1.000000000000000000, -1.224606353822377258E-16, -0.0000000000000000000 ) ) ;
#2510 = CARTESIAN_POINT ( 'NONE',  ( 64.18214279030868852, 5.939340807853974748E-15, 0.0000000000000000000 ) ) ;
#2511 = AXIS2_PLACEMENT_3D ( 'NONE', #586, #632, #665 ) ;
#2512 = ORIENTED_EDGE ( 'NONE', *, *, #4471, .T. ) ;
#2513 = CARTESIAN_POINT ( 'NONE',  ( 56.96071435254844317, 6.104662681989103693E-15, 0.0000000000000000000 ) ) ;
#2514 = PLANE ( 'NONE',  #1995 ) ;
#2515 = ORIENTED_EDGE ( 'NONE', *, *, #3746, .F. ) ;
#2516 = CARTESIAN_POINT ( 'NONE',  ( 74.10357149540558908, 6.000000000000011546, 0.0000000000000000000 ) ) ;
#2517 = AXIS2_PLACEMENT_3D ( 'NONE', #904, #882, #728 ) ;
#2518 = ORIENTED_EDGE ( 'NONE', *, *, #3481, .T. ) ;
#2519 = EDGE_LOOP ( 'NONE', ( #537, #1433, #1215, #845, #2687 ) ) ;
#2520 = VECTOR ( 'NONE', #4635, 1000.000000000000000 ) ;
#2521 = LINE ( 'NONE', #3783, #1755 ) ;
#2522 = VECTOR ( 'NONE', #552, 1000.000000000000000 ) ;
#2523 = DIRECTION ( 'NONE',  ( -0.5735764363510490460, -0.8191520442889896891, 0.0000000000000000000 ) ) ;
#2524 = EDGE_LOOP ( 'NONE', ( #4669, #4682, #4686, #4692, #4694 ) ) ;
#2525 = CARTESIAN_POINT ( 'NONE',  ( 82.00000000000000000, 6.757601037694928918E-16, -5.035999999999999588 ) ) ;
#2526 = AXIS2_PLACEMENT_3D ( 'NONE', #751, #843, #2578 ) ;
#2527 = DIRECTION ( 'NONE',  ( 0.0000000000000000000, 1.000000000000000000, 0.0000000000000000000 ) ) ;
#2528 = ORIENTED_EDGE ( 'NONE', *, *, #3680, .T. ) ;
#2529 = ORIENTED_EDGE ( 'NONE', *, *, #3241, .F. ) ;
#2530 = CONICAL_SURFACE ( 'NONE', #538, 6.000000000000006217, 0.9599310885968824758 ) ;
#2531 = EDGE_LOOP ( 'NONE', ( #1048, #618, #377, #4375, #500 ) ) ;
#2532 = VERTEX_POINT ( 'NONE', #2110 ) ;
#2533 = CARTESIAN_POINT ( 'NONE',  ( 6.000000000000000000, -5.839897972853060004, -5.637851296924623057E-15 ) ) ;
#2534 = CARTESIAN_POINT ( 'NONE',  ( 61.42857142857143060, 6.022001744921539221E-15, 0.0000000000000000000 ) ) ;
#2535 = VERTEX_POINT ( 'NONE', #2188 ) ;
#2536 = ORIENTED_EDGE ( 'NONE', *, *, #3176, .T. ) ;
#2537 = AXIS2_PLACEMENT_3D ( 'NONE', #339, #387, #421 ) ;
#2538 = AXIS2_PLACEMENT_3D ( 'NONE', #973, #1028, #1020 ) ;
#2539 = CARTESIAN_POINT ( 'NONE',  ( 76.18214279030868852, 5.939340807853974748E-15, 0.0000000000000000000 ) ) ;
#2540 = DIRECTION ( 'NONE',  ( 0.0000000000000000000, 0.0000000000000000000, 1.000000000000000000 ) ) ;
#2541 = EDGE_LOOP ( 'NONE', ( #4562, #4580, #4593, #4604, #4625, #4631 ) ) ;
#2542 = DIRECTION ( 'NONE',  ( 0.0000000000000000000, -1.000000000000000000, 0.0000000000000000000 ) ) ;
#2543 = EDGE_LOOP ( 'NONE', ( #1598, #797, #4120, #1454, #3659 ) ) ;
#2544 = CARTESIAN_POINT ( 'NONE',  ( 68.96071435254843607, 6.000000000000011546, 0.0000000000000000000 ) ) ;
#2545 = DIRECTION ( 'NONE',  ( -1.000000000000000000, -0.0000000000000000000, -0.0000000000000000000 ) ) ;
#2546 = ORIENTED_EDGE ( 'NONE', *, *, #4475, .F. ) ;
#2547 = CIRCLE ( 'NONE', #778, 5.036000000000006693 ) ;
#2548 = EDGE_LOOP ( 'NONE', ( #193, #3820, #1133, #1356, #3104 ) ) ;
#2549 = LINE ( 'NONE', #284, #2486 ) ;
#2550 = DIRECTION ( 'NONE',  ( -1.000000000000000000, -1.224606353822377258E-16, -0.0000000000000000000 ) ) ;
#2551 = ADVANCED_FACE ( 'NONE', ( #53 ), #42, .T. ) ;
#2552 = ORIENTED_EDGE ( 'NONE', *, *, #3886, .F. ) ;
#2553 = EDGE_LOOP ( 'NONE', ( #3459, #2334, #3672, #2500, #4128 ) ) ;
#2554 = VERTEX_POINT ( 'NONE', #2043 ) ;
#2555 = DIRECTION ( 'NONE',  ( 0.0000000000000000000, -1.000000000000000000, 0.0000000000000000000 ) ) ;
#2556 = CARTESIAN_POINT ( 'NONE',  ( 51.14285714285714590, 6.022001744921539221E-15, 0.0000000000000000000 ) ) ;
#2557 = ORIENTED_EDGE ( 'NONE', *, *, #2902, .T. ) ;
#2558 = ORIENTED_EDGE ( 'NONE', *, *, #3152, .T. ) ;
#2559 = ORIENTED_EDGE ( 'NONE', *, *, #3433, .F. ) ;
#2560 = DIRECTION ( 'NONE',  ( -1.000000000000000000, -1.224606353822377258E-16, -0.0000000000000000000 ) ) ;
#2561 = CARTESIAN_POINT ( 'NONE',  ( -31.74999999999995737, 0.0000000000000000000, 0.0000000000000000000 ) ) ;
#2562 = VERTEX_POINT ( 'NONE', #2044 ) ;
#2563 = EDGE_LOOP ( 'NONE', ( #2074, #3193, #617, #766, #4516 ) ) ;
#2564 = CARTESIAN_POINT ( 'NONE',  ( 80.96071435254843607, 6.104662681989103693E-15, 0.0000000000000000000 ) ) ;
#2565 = DIRECTION ( 'NONE',  ( -1.000000000000000000, -0.0000000000000000000, -0.0000000000000000000 ) ) ;
#2566 = CARTESIAN_POINT ( 'NONE',  ( -31.74999999999995737, 0.0000000000000000000, 0.0000000000000000000 ) ) ;
#2567 = ORIENTED_EDGE ( 'NONE', *, *, #4481, .T. ) ;
#2568 = AXIS2_PLACEMENT_3D ( 'NONE', #1004, #1006, #1017 ) ;
#2569 = CARTESIAN_POINT ( 'NONE',  ( -31.74999999999995737, 0.0000000000000000000, 5.999999999999866773 ) ) ;
#2570 = DIRECTION ( 'NONE',  ( 0.0000000000000000000, -1.000000000000000000, 0.0000000000000000000 ) ) ;
#2571 = CARTESIAN_POINT ( 'NONE',  ( 6.000000000000000000, -4.379923479639804107, -2.528749999999996056 ) ) ;
#2572 = CARTESIAN_POINT ( 'NONE',  ( 54.57142857142856940, 6.022001744921539221E-15, 0.0000000000000000000 ) ) ;
#2573 = ORIENTED_EDGE ( 'NONE', *, *, #3172, .T. ) ;
#2574 = EDGE_LOOP ( 'NONE', ( #4124, #4136, #4148, #4162, #4170, #4191 ) ) ;
#2575 = EDGE_LOOP ( 'NONE', ( #3517, #1000, #3431, #3168, #2410 ) ) ;
#2576 = DIRECTION ( 'NONE',  ( 0.0000000000000000000, -1.000000000000000000, 0.0000000000000000000 ) ) ;
#2577 = AXIS2_PLACEMENT_3D ( 'NONE', #1200, #1361, #1121 ) ;
#2578 = DIRECTION ( 'NONE',  ( 0.0000000000000000000, 1.000000000000000000, 0.0000000000000000000 ) ) ;
#2579 = VECTOR ( 'NONE', #3684, 1000.000000000000000 ) ;
#2580 = ORIENTED_EDGE ( 'NONE', *, *, #4484, .T. ) ;
#2581 = ORIENTED_EDGE ( 'NONE', *, *, #3823, .T. ) ;
#2582 = DIRECTION ( 'NONE',  ( 0.0000000000000000000, -1.000000000000000000, 0.0000000000000000000 ) ) ;
#2583 = DIRECTION ( 'NONE',  ( -0.5735764363510490460, -0.8191520442889896891, 0.0000000000000000000 ) ) ;
#2584 = DIRECTION ( 'NONE',  ( 0.0000000000000000000, 0.0000000000000000000, 1.000000000000000000 ) ) ;
#2585 = DIRECTION ( 'NONE',  ( -1.000000000000000000, -1.224606353822377258E-16, -0.0000000000000000000 ) ) ;
#2586 = AXIS2_PLACEMENT_3D ( 'NONE', #833, #1124, #1043 ) ;
#2587 = ORIENTED_EDGE ( 'NONE', *, *, #3274, .T. ) ;
#2588 = AXIS2_PLACEMENT_3D ( 'NONE', #1161, #1157, #1171 ) ;
#2589 = ORIENTED_EDGE ( 'NONE', *, *, #3956, .T. ) ;
#2590 = CIRCLE ( 'NONE', #511, 9.000000000000000000 ) ;
#2591 = DIRECTION ( 'NONE',  ( -0.0000000000000000000, -0.5000000000000008882, -0.8660254037844380415 ) ) ;
#2592 = CARTESIAN_POINT ( 'NONE',  ( 58.67500006683415137, 6.104662681989103693E-15, 0.0000000000000000000 ) ) ;
#2593 = ORIENTED_EDGE ( 'NONE', *, *, #3863, .T. ) ;
#2594 = AXIS2_PLACEMENT_3D ( 'NONE', #1205, #975, #1472 ) ;
#2595 = ORIENTED_EDGE ( 'NONE', *, *, #4407, .T. ) ;
#2596 = AXIS2_PLACEMENT_3D ( 'NONE', #1295, #1243, #1264 ) ;
#2597 = CARTESIAN_POINT ( 'NONE',  ( 68.28571428571427759, -5.036000000000000476, 0.0000000000000000000 ) ) ;
#2598 = CARTESIAN_POINT ( 'NONE',  ( 80.96071435254843607, 6.000000000000011546, 0.0000000000000000000 ) ) ;
#2599 = CARTESIAN_POINT ( 'NONE',  ( 70.00000000000000000, -5.036000000000000476, 6.757601037695103453E-16 ) ) ;
#2600 = VERTEX_POINT ( 'NONE', #2027 ) ;
#2601 = EDGE_LOOP ( 'NONE', ( #1523, #1549, #1569, #1593, #1614 ) ) ;
#2602 = VECTOR ( 'NONE', #430, 1000.000000000000000 ) ;
#2603 = DIRECTION ( 'NONE',  ( 0.5735764363510450492, 0.8191520442889925757, 0.0000000000000000000 ) ) ;
#2604 = AXIS2_PLACEMENT_3D ( 'NONE', #1278, #4771, #1382 ) ;
#2605 = DIRECTION ( 'NONE',  ( -1.000000000000000000, -1.224606353822377258E-16, -0.0000000000000000000 ) ) ;
#2606 = DIRECTION ( 'NONE',  ( 0.0000000000000000000, 0.0000000000000000000, 1.000000000000000000 ) ) ;
#2607 = FACE_OUTER_BOUND ( 'NONE', #2075, .T. ) ;
#2608 = AXIS2_PLACEMENT_3D ( 'NONE', #1553, #1452, #1437 ) ;
#2609 = DIRECTION ( 'NONE',  ( -1.000000000000000000, -0.0000000000000000000, -0.0000000000000000000 ) ) ;
#2610 = EDGE_LOOP ( 'NONE', ( #1932, #3953, #1780, #3766, #1620 ) ) ;
#2611 = CIRCLE ( 'NONE', #787, 6.000000000000006217 ) ;
#2612 = LINE ( 'NONE', #2492, #2440 ) ;
#2613 = ADVANCED_FACE ( 'NONE', ( #113 ), #34, .T. ) ;
#2614 = ORIENTED_EDGE ( 'NONE', *, *, #3446, .T. ) ;
#2615 = CARTESIAN_POINT ( 'NONE',  ( -31.74999999999995737, 0.0000000000000000000, 5.999999999999866773 ) ) ;
#2616 = VERTEX_POINT ( 'NONE', #2008 ) ;
#2617 = AXIS2_PLACEMENT_3D ( 'NONE', #1441, #1364, #1148 ) ;
#2618 = VECTOR ( 'NONE', #4533, 1000.000000000000000 ) ;
#2619 = ADVANCED_FACE ( 'NONE', ( #100 ), #29, .T. ) ;
#2620 = DIRECTION ( 'NONE',  ( 0.0000000000000000000, -1.000000000000000000, 0.0000000000000000000 ) ) ;
#2621 = ORIENTED_EDGE ( 'NONE', *, *, #4489, .F. ) ;
#2622 = DIRECTION ( 'NONE',  ( 0.0000000000000000000, -1.000000000000000000, 0.0000000000000000000 ) ) ;
#2623 = AXIS2_PLACEMENT_3D ( 'NONE', #2855, #1576, #1729 ) ;
#2624 = AXIS2_PLACEMENT_3D ( 'NONE', #1744, #1708, #1749 ) ;
#2625 = AXIS2_PLACEMENT_3D ( 'NONE', #1844, #1897, #2001 ) ;
#2626 = DIRECTION ( 'NONE',  ( -1.000000000000000000, -1.224606353822377258E-16, -0.0000000000000000000 ) ) ;
#2627 = ORIENTED_EDGE ( 'NONE', *, *, #4492, .T. ) ;
#2628 = CARTESIAN_POINT ( 'NONE',  ( 60.75357136173725792, 5.939340807853974748E-15, 0.0000000000000000000 ) ) ;
#2629 = CARTESIAN_POINT ( 'NONE',  ( 74.10357149540558908, -1.425188158846554531E-28, 6.000000000000006217 ) ) ;
#2630 = CARTESIAN_POINT ( 'NONE',  ( 59.71428571428571530, -5.036000000000000476, 6.757601037695103453E-16 ) ) ;
#2631 = ORIENTED_EDGE ( 'NONE', *, *, #4179, .F. ) ;
#2632 = EDGE_LOOP ( 'NONE', ( #1800, #1875, #1881, #1891, #2005 ) ) ;
#2633 = EDGE_CURVE ( 'NONE', #4177, #4718, #59, .T. ) ;
#2634 = DIRECTION ( 'NONE',  ( 0.0000000000000000000, -1.000000000000000000, 0.0000000000000000000 ) ) ;
#2635 = CARTESIAN_POINT ( 'NONE',  ( 6.000000000000000000, 4.379923479639796113, 2.528749999999992948 ) ) ;
#2636 = CARTESIAN_POINT ( 'NONE',  ( 48.38928578111987377, -6.000000000000000888, 7.347880794884127625E-16 ) ) ;
#2637 = ADVANCED_FACE ( 'NONE', ( #45 ), #21, .T. ) ;
#2638 = AXIS2_PLACEMENT_3D ( 'NONE', #1712, #1735, #1765 ) ;
#2639 = CONICAL_SURFACE ( 'NONE', #1181, 6.000000000000006217, 0.9599310885968824758 ) ;
#2640 = ORIENTED_EDGE ( 'NONE', *, *, #4497, .F. ) ;
#2641 = ADVANCED_FACE ( 'NONE', ( #39 ), #12, .T. ) ;
#2642 = DIRECTION ( 'NONE',  ( 1.000000000000000000, 1.224606353822377258E-16, 0.0000000000000000000 ) ) ;
#2643 = ORIENTED_EDGE ( 'NONE', *, *, #3327, .F. ) ;
#2644 = CARTESIAN_POINT ( 'NONE',  ( 57.99999999999999289, 6.022001744921539221E-15, 0.0000000000000000000 ) ) ;
#2645 = CARTESIAN_POINT ( 'NONE',  ( -31.74999999999995737, 0.0000000000000000000, 0.0000000000000000000 ) ) ;
#2646 = AXIS2_PLACEMENT_3D ( 'NONE', #2124, #1980, #2097 ) ;
#2647 = ORIENTED_EDGE ( 'NONE', *, *, #3842, .T. ) ;
#2648 = CARTESIAN_POINT ( 'NONE',  ( 53.53214292397701257, -6.000000000000000888, 7.347880794884127625E-16 ) ) ;
#2649 = CARTESIAN_POINT ( 'NONE',  ( 74.46785707602298032, -5.999999999999989342, 0.0000000000000000000 ) ) ;
#2650 = ORIENTED_EDGE ( 'NONE', *, *, #4508, .T. ) ;
#2651 = EDGE_LOOP ( 'NONE', ( #52, #1489, #468, #880, #952 ) ) ;
#2652 = LINE ( 'NONE', #4665, #2520 ) ;
#2653 = AXIS2_PLACEMENT_3D ( 'NONE', #1988, #1936, #1902 ) ;
#2654 = EDGE_CURVE ( 'NONE', #3649, #3105, #32, .T. ) ;
#2655 = CIRCLE ( 'NONE', #1625, 5.036000000000006693 ) ;
#2656 = CARTESIAN_POINT ( 'NONE',  ( 68.96071435254843607, 6.104662681989103693E-15, 0.0000000000000000000 ) ) ;
#2657 = LINE ( 'NONE', #3793, #2411 ) ;
#2658 = ORIENTED_EDGE ( 'NONE', *, *, #3429, .F. ) ;
#2659 = ADVANCED_FACE ( 'NONE', ( #17 ), #6, .T. ) ;
#2660 = EDGE_LOOP ( 'NONE', ( #4699, #353, #4322, #2061, #367, #3786 ) ) ;
#2661 = DIRECTION ( 'NONE',  ( -1.000000000000000000, -0.0000000000000000000, -0.0000000000000000000 ) ) ;
#2662 = DIRECTION ( 'NONE',  ( -1.000000000000000000, -1.224606353822377258E-16, -0.0000000000000000000 ) ) ;
#2663 = ORIENTED_EDGE ( 'NONE', *, *, #3979, .F. ) ;
#2664 = AXIS2_PLACEMENT_3D ( 'NONE', #1839, #1886, #1789 ) ;
#2665 = AXIS2_PLACEMENT_3D ( 'NONE', #2364, #2288, #2266 ) ;
#2666 = ADVANCED_FACE ( 'NONE', ( #139 ), #4629, .T. ) ;
#2667 = ORIENTED_EDGE ( 'NONE', *, *, #3048, .F. ) ;
#2668 = DIRECTION ( 'NONE',  ( -1.000000000000000000, -0.0000000000000000000, -0.0000000000000000000 ) ) ;
#2669 = AXIS2_PLACEMENT_3D ( 'NONE', #2556, #2281, #2320 ) ;
#2670 = ADVANCED_FACE ( 'NONE', ( #28 ), #4262, .T. ) ;
#2671 = ADVANCED_FACE ( 'NONE', ( #3 ), #2080, .T. ) ;
#2672 = DIRECTION ( 'NONE',  ( -1.000000000000000000, -1.224606353822377258E-16, -0.0000000000000000000 ) ) ;
#2673 = CARTESIAN_POINT ( 'NONE',  ( -31.74999999999995737, 0.0000000000000000000, 0.0000000000000000000 ) ) ;
#2674 = EDGE_LOOP ( 'NONE', ( #3173, #2968, #2947, #2907, #3070 ) ) ;
#2675 = AXIS2_PLACEMENT_3D ( 'NONE', #3192, #2333, #2332 ) ;
#2676 = AXIS2_PLACEMENT_3D ( 'NONE', #2158, #2221, #2191 ) ;
#2677 = ORIENTED_EDGE ( 'NONE', *, *, #3446, .F. ) ;
#2678 = LINE ( 'NONE', #417, #2602 ) ;
#2679 = DIRECTION ( 'NONE',  ( -1.000000000000000000, -1.224606353822377258E-16, -0.0000000000000000000 ) ) ;
#2680 = DIRECTION ( 'NONE',  ( 0.0000000000000000000, -1.000000000000000000, 0.0000000000000000000 ) ) ;
#2681 = DIRECTION ( 'NONE',  ( -1.000000000000000000, -1.224606353822377258E-16, -0.0000000000000000000 ) ) ;
#2682 = AXIS2_PLACEMENT_3D ( 'NONE', #2421, #2489, #2462 ) ;
#2683 = AXIS2_PLACEMENT_3D ( 'NONE', #2561, #2609, #2606 ) ;
#2684 = CARTESIAN_POINT ( 'NONE',  ( 56.28571428571428470, 6.022001744921539221E-15, 0.0000000000000000000 ) ) ;
#2685 = DIRECTION ( 'NONE',  ( 0.0000000000000000000, 1.000000000000000000, 0.0000000000000000000 ) ) ;
#2686 = CARTESIAN_POINT ( 'NONE',  ( 63.81785720969129727, 6.104662681989103693E-15, 0.0000000000000000000 ) ) ;
#2687 = ORIENTED_EDGE ( 'NONE', *, *, #3108, .F. ) ;
#2688 = CIRCLE ( 'NONE', #1529, 6.000000000000006217 ) ;
#2689 = ORIENTED_EDGE ( 'NONE', *, *, #3955, .T. ) ;
#2690 = ORIENTED_EDGE ( 'NONE', *, *, #3914, .T. ) ;
#2691 = AXIS2_PLACEMENT_3D ( 'NONE', #2645, #2743, #2584 ) ;
#2692 = ADVANCED_FACE ( 'NONE', ( #2736 ), #1406, .T. ) ;
#2693 = ORIENTED_EDGE ( 'NONE', *, *, #4090, .F. ) ;
#2694 = ORIENTED_EDGE ( 'NONE', *, *, #4514, .T. ) ;
#2695 = CARTESIAN_POINT ( 'NONE',  ( 70.67500006683415847, 6.000000000000012434, 0.0000000000000000000 ) ) ;
#2696 = DIRECTION ( 'NONE',  ( 0.0000000000000000000, -1.000000000000000000, 0.0000000000000000000 ) ) ;
#2697 = DIRECTION ( 'NONE',  ( 0.0000000000000000000, 0.4999999999999990008, -0.8660254037844392627 ) ) ;
#2698 = ORIENTED_EDGE ( 'NONE', *, *, #4515, .F. ) ;
#2699 = DIRECTION ( 'NONE',  ( -1.000000000000000000, -1.224606353822377258E-16, -0.0000000000000000000 ) ) ;
#2700 = ORIENTED_EDGE ( 'NONE', *, *, #3371, .F. ) ;
#2701 = CARTESIAN_POINT ( 'NONE',  ( -31.74999999999995737, 0.0000000000000000000, 5.999999999999866773 ) ) ;
#2702 = CARTESIAN_POINT ( 'NONE',  ( 63.81785720969129727, 6.104662681989103693E-15, 0.0000000000000000000 ) ) ;
#2703 = AXIS2_PLACEMENT_3D ( 'NONE', #2961, #2494, #2967 ) ;
#2704 = ADVANCED_FACE ( 'NONE', ( #2325 ), #1752, .F. ) ;
#2705 = CIRCLE ( 'NONE', #1607, 6.000000000000006217 ) ;
#2706 = CARTESIAN_POINT ( 'NONE',  ( 78.57142857142856940, -5.036000000000000476, 6.757601037695103453E-16 ) ) ;
#2707 = DIRECTION ( 'NONE',  ( 1.000000000000000000, 1.224606353822377258E-16, 0.0000000000000000000 ) ) ;
#2708 = AXIS2_PLACEMENT_3D ( 'NONE', #2920, #2915, #2844 ) ;
#2709 = AXIS2_PLACEMENT_3D ( 'NONE', #2866, #2859, #2753 ) ;
#2710 = EDGE_LOOP ( 'NONE', ( #1793, #1355, #2269, #1544, #2397, #1859 ) ) ;
#2711 = EDGE_LOOP ( 'NONE', ( #2867, #696, #443, #250, #2129 ) ) ;
#2712 = DIRECTION ( 'NONE',  ( -0.5735764363510492680, 0.8191520442889894671, 1.003171929053522035E-16 ) ) ;
#2713 = LINE ( 'NONE', #3802, #593 ) ;
#2714 = DIRECTION ( 'NONE',  ( 0.0000000000000000000, 0.0000000000000000000, 1.000000000000000000 ) ) ;
#2715 = EDGE_LOOP ( 'NONE', ( #4728, #4705, #4751, #4750, #4702 ) ) ;
#2716 = AXIS2_PLACEMENT_3D ( 'NONE', #2979, #2939, #3037 ) ;
#2717 = DIRECTION ( 'NONE',  ( 0.0000000000000000000, -1.000000000000000000, 0.0000000000000000000 ) ) ;
#2718 = ORIENTED_EDGE ( 'NONE', *, *, #4524, .F. ) ;
#2719 = CIRCLE ( 'NONE', #535, 8.400000000000000355 ) ;
#2720 = DIRECTION ( 'NONE',  ( -1.000000000000000000, -1.224606353822377258E-16, -0.0000000000000000000 ) ) ;
#2721 = CARTESIAN_POINT ( 'NONE',  ( 47.03928564745154972, 5.939340807853974748E-15, 0.0000000000000000000 ) ) ;
#2722 = AXIS2_PLACEMENT_3D ( 'NONE', #2969, #3055, #3058 ) ;
#2723 = ORIENTED_EDGE ( 'NONE', *, *, #3767, .F. ) ;
#2724 = ORIENTED_EDGE ( 'NONE', *, *, #1516, .F. ) ;
#2725 = CARTESIAN_POINT ( 'NONE',  ( 65.89642850459439671, -6.000000000000008882, 0.0000000000000000000 ) ) ;
#2726 = CARTESIAN_POINT ( 'NONE',  ( 64.85714285714286120, 6.022001744921539221E-15, 0.0000000000000000000 ) ) ;
#2727 = VERTEX_POINT ( 'NONE', #1750 ) ;
#2728 = DIRECTION ( 'NONE',  ( -1.000000000000000000, -1.224606353822377258E-16, -0.0000000000000000000 ) ) ;
#2729 = AXIS2_PLACEMENT_3D ( 'NONE', #2092, #2971, #3107 ) ;
#2730 = AXIS2_PLACEMENT_3D ( 'NONE', #3306, #3182, #3180 ) ;
#2731 = ORIENTED_EDGE ( 'NONE', *, *, #3412, .T. ) ;
#2732 = CIRCLE ( 'NONE', #792, 6.000000000000006217 ) ;
#2733 = DIRECTION ( 'NONE',  ( 0.0000000000000000000, -1.000000000000000000, 0.0000000000000000000 ) ) ;
#2734 = VERTEX_POINT ( 'NONE', #1723 ) ;
#2735 = DIRECTION ( 'NONE',  ( -1.000000000000000000, -0.0000000000000000000, -0.0000000000000000000 ) ) ;
#2736 = FACE_OUTER_BOUND ( 'NONE', #2024, .T. ) ;
#2737 = EDGE_LOOP ( 'NONE', ( #4218, #3947, #2395, #723, #1862, #2552 ) ) ;
#2738 = CIRCLE ( 'NONE', #794, 6.000000000000006217 ) ;
#2739 = CIRCLE ( 'NONE', #1007, 6.000000000000006217 ) ;
#2740 = AXIS2_PLACEMENT_3D ( 'NONE', #3158, #3153, #3169 ) ;
#2741 = AXIS2_PLACEMENT_3D ( 'NONE', #3355, #3282, #3271 ) ;
#2742 = ORIENTED_EDGE ( 'NONE', *, *, #4436, .T. ) ;
#2743 = DIRECTION ( 'NONE',  ( -1.000000000000000000, -0.0000000000000000000, -0.0000000000000000000 ) ) ;
#2744 = EDGE_LOOP ( 'NONE', ( #4364, #4374, #4386, #4388, #4393 ) ) ;
#2745 = EDGE_LOOP ( 'NONE', ( #4760, #3747, #3899, #4719, #1965 ) ) ;
#2746 = ORIENTED_EDGE ( 'NONE', *, *, #2838, .F. ) ;
#2747 = CARTESIAN_POINT ( 'NONE',  ( 67.24642863826272787, 7.347880794882700773E-16, -6.000000000000006217 ) ) ;
#2748 = CARTESIAN_POINT ( 'NONE',  ( 79.24642863826272787, -1.425188158846554531E-28, 6.000000000000006217 ) ) ;
#2749 = ORIENTED_EDGE ( 'NONE', *, *, #4238, .T. ) ;
#2750 = CARTESIAN_POINT ( 'NONE',  ( 56.28571428571428470, 5.036000000000012911, 6.167321280506079282E-16 ) ) ;
#2751 = CARTESIAN_POINT ( 'NONE',  ( 48.38928578111987377, 6.000000000000012434, 0.0000000000000000000 ) ) ;
#2752 = VERTEX_POINT ( 'NONE', #1685 ) ;
#2753 = DIRECTION ( 'NONE',  ( 0.0000000000000000000, 1.000000000000000000, 0.0000000000000000000 ) ) ;
#2754 = DIRECTION ( 'NONE',  ( -0.5735764363510492680, 0.8191520442889894671, 1.003171929053522035E-16 ) ) ;
#2755 = CARTESIAN_POINT ( 'NONE',  ( 47.03928564745154972, 7.347880794882739229E-16, -6.000000000000006217 ) ) ;
#2756 = ADVANCED_FACE ( 'NONE', ( #2607 ), #753, .T. ) ;
#2757 = EDGE_LOOP ( 'NONE', ( #2484, #2536, #2589, #4564, #4605 ) ) ;
#2758 = ADVANCED_FACE ( 'NONE', ( #1276 ), #1664, .F. ) ;
#2759 = DIRECTION ( 'NONE',  ( 0.0000000000000000000, -1.000000000000000000, 0.0000000000000000000 ) ) ;
#2760 = CARTESIAN_POINT ( 'NONE',  ( 74.46785707602298032, -1.386669559958809814E-28, 6.000000000000006217 ) ) ;
#2761 = ORIENTED_EDGE ( 'NONE', *, *, #4528, .T. ) ;
#2762 = AXIS2_PLACEMENT_3D ( 'NONE', #3576, #3566, #3674 ) ;
#2763 = ORIENTED_EDGE ( 'NONE', *, *, #3853, .T. ) ;
#2764 = VECTOR ( 'NONE', #1696, 1000.000000000000000 ) ;
#2765 = ADVANCED_FACE ( 'NONE', ( #1139 ), #1238, .T. ) ;
#2766 = ORIENTED_EDGE ( 'NONE', *, *, #4484, .F. ) ;
#2767 = DIRECTION ( 'NONE',  ( -1.000000000000000000, -1.224606353822377258E-16, -0.0000000000000000000 ) ) ;
#2768 = VECTOR ( 'NONE', #2981, 1000.000000000000114 ) ;
#2769 = AXIS2_PLACEMENT_3D ( 'NONE', #3478, #3501, #3494 ) ;
#2770 = CARTESIAN_POINT ( 'NONE',  ( 59.03928564745154972, 5.939340807853974748E-15, 0.0000000000000000000 ) ) ;
#2771 = DIRECTION ( 'NONE',  ( -1.000000000000000000, -1.224606353822377258E-16, -0.0000000000000000000 ) ) ;
#2772 = AXIS2_PLACEMENT_3D ( 'NONE', #3467, #3375, #3518 ) ;
#2773 = AXIS2_PLACEMENT_3D ( 'NONE', #4008, #3983, #3909 ) ;
#2774 = AXIS2_PLACEMENT_3D ( 'NONE', #3732, #3696, #3524 ) ;
#2775 = ORIENTED_EDGE ( 'NONE', *, *, #3864, .T. ) ;
#2776 = VERTEX_POINT ( 'NONE', #1588 ) ;
#2777 = AXIS2_PLACEMENT_3D ( 'NONE', #3708, #4729, #3705 ) ;
#2778 = CARTESIAN_POINT ( 'NONE',  ( 66.57142857142856940, -5.036000000000000476, 6.757601037695103453E-16 ) ) ;
#2779 = CARTESIAN_POINT ( 'NONE',  ( 12.59999999999999964, 0.0000000000000000000, 5.999999999999866773 ) ) ;
#2780 = DIRECTION ( 'NONE',  ( 0.5735764363510452712, -0.8191520442889924647, 1.003171929053525610E-16 ) ) ;
#2781 = CIRCLE ( 'NONE', #995, 6.000000000000006217 ) ;
#2782 = CARTESIAN_POINT ( 'NONE',  ( 57.99999999999999289, 5.036000000000012911, 6.167321280506079282E-16 ) ) ;
#2783 = AXIS2_PLACEMENT_3D ( 'NONE', #4531, #3865, #3838 ) ;
#2784 = CIRCLE ( 'NONE', #1012, 6.000000000000006217 ) ;
#2785 = CARTESIAN_POINT ( 'NONE',  ( 60.38928578111987377, -6.000000000000000888, 7.347880794884127625E-16 ) ) ;
#2786 = DIRECTION ( 'NONE',  ( 0.0000000000000000000, -1.000000000000000000, 0.0000000000000000000 ) ) ;
#2787 = ORIENTED_EDGE ( 'NONE', *, *, #3441, .T. ) ;
#2788 = EDGE_CURVE ( 'NONE', #4739, #1190, #1304, .T. ) ;
#2789 = ORIENTED_EDGE ( 'NONE', *, *, #3734, .F. ) ;
#2790 = PLANE ( 'NONE',  #2682 ) ;
#2791 = VERTEX_POINT ( 'NONE', #1586 ) ;
#2792 = CARTESIAN_POINT ( 'NONE',  ( 0.0000000000000000000, -2.919948986426523341, 5.057499999999991225 ) ) ;
#2793 = EDGE_LOOP ( 'NONE', ( #360, #2529, #672, #475, #611 ) ) ;
#2794 = ADVANCED_FACE ( 'NONE', ( #4782 ), #4488, .T. ) ;
#2795 = VERTEX_POINT ( 'NONE', #1526 ) ;
#2796 = EDGE_CURVE ( 'NONE', #4766, #2255, #1242, .T. ) ;
#2797 = DIRECTION ( 'NONE',  ( 0.0000000000000000000, -1.000000000000000000, 0.0000000000000000000 ) ) ;
#2798 = EDGE_CURVE ( 'NONE', #4216, #4042, #585, .T. ) ;
#2799 = CARTESIAN_POINT ( 'NONE',  ( 62.46785707602297322, 5.939340807853974748E-15, 0.0000000000000000000 ) ) ;
#2800 = CARTESIAN_POINT ( 'NONE',  ( 56.28571428571428470, 6.022001744921539221E-15, 0.0000000000000000000 ) ) ;
#2801 = DIRECTION ( 'NONE',  ( 0.0000000000000000000, -1.000000000000000000, 0.0000000000000000000 ) ) ;
#2802 = EDGE_LOOP ( 'NONE', ( #3597, #2557, #1265, #2690, #3522, #3678 ) ) ;
#2803 = EDGE_CURVE ( 'NONE', #4159, #2883, #4789, .T. ) ;
#2804 = ORIENTED_EDGE ( 'NONE', *, *, #3115, .F. ) ;
#2805 = EDGE_CURVE ( 'NONE', #99, #1388, #4493, .T. ) ;
#2806 = EDGE_CURVE ( 'NONE', #3308, #898, #4549, .T. ) ;
#2807 = EDGE_LOOP ( 'NONE', ( #3973, #2414, #281, #4451, #4423 ) ) ;
#2808 = DIRECTION ( 'NONE',  ( -1.000000000000000000, -1.224606353822377258E-16, -0.0000000000000000000 ) ) ;
#2809 = DIRECTION ( 'NONE',  ( 0.0000000000000000000, -1.000000000000000000, 0.0000000000000000000 ) ) ;
#2810 = ORIENTED_EDGE ( 'NONE', *, *, #4534, .T. ) ;
#2811 = EDGE_CURVE ( 'NONE', #3789, #4550, #523, .T. ) ;
#2812 = CARTESIAN_POINT ( 'NONE',  ( 72.75357136173727213, 5.939340807853974748E-15, 0.0000000000000000000 ) ) ;
#2813 = DIRECTION ( 'NONE',  ( 0.0000000000000000000, -1.000000000000000000, 0.0000000000000000000 ) ) ;
#2814 = DIRECTION ( 'NONE',  ( 0.0000000000000000000, -1.000000000000000000, 0.0000000000000000000 ) ) ;
#2815 = CARTESIAN_POINT ( 'NONE',  ( 60.38928578111987377, 6.104662681989103693E-15, 0.0000000000000000000 ) ) ;
#2816 = DIRECTION ( 'NONE',  ( -1.000000000000000000, -1.224606353822377258E-16, -0.0000000000000000000 ) ) ;
#2817 = EDGE_LOOP ( 'NONE', ( #1709, #1763, #1770, #1774, #1834 ) ) ;
#2818 = CIRCLE ( 'NONE', #1259, 6.000000000000006217 ) ;
#2819 = CARTESIAN_POINT ( 'NONE',  ( 48.38928578111987377, 6.104662681989103693E-15, 0.0000000000000000000 ) ) ;
#2820 = ORIENTED_EDGE ( 'NONE', *, *, #2940, .T. ) ;
#2821 = DIRECTION ( 'NONE',  ( -1.000000000000000000, -1.224606353822377258E-16, -0.0000000000000000000 ) ) ;
#2822 = EDGE_CURVE ( 'NONE', #3616, #2479, #4390, .T. ) ;
#2823 = EDGE_CURVE ( 'NONE', #1291, #4276, #4345, .T. ) ;
#2824 = EDGE_LOOP ( 'NONE', ( #4501, #2825, #2832, #2905, #3243 ) ) ;
#2825 = ORIENTED_EDGE ( 'NONE', *, *, #2336, .F. ) ;
#2826 = DIRECTION ( 'NONE',  ( -0.5735764363510492680, 0.8191520442889894671, 1.003171929053522035E-16 ) ) ;
#2827 = ORIENTED_EDGE ( 'NONE', *, *, #3665, .F. ) ;
#2828 = EDGE_CURVE ( 'NONE', #2357, #328, #4441, .T. ) ;
#2829 = CIRCLE ( 'NONE', #521, 9.000000000000000000 ) ;
#2830 = VECTOR ( 'NONE', #4286, 1000.000000000000000 ) ;
#2831 = ORIENTED_EDGE ( 'NONE', *, *, #3156, .F. ) ;
#2832 = ORIENTED_EDGE ( 'NONE', *, *, #3332, .T. ) ;
#2833 = DIRECTION ( 'NONE',  ( 0.0000000000000000000, -1.000000000000000000, 0.0000000000000000000 ) ) ;
#2834 = LINE ( 'NONE', #4578, #1651 ) ;
#2835 = EDGE_LOOP ( 'NONE', ( #554, #4510, #548, #3090, #1904 ) ) ;
#2836 = EDGE_CURVE ( 'NONE', #2088, #480, #4287, .T. ) ;
#2837 =( NAMED_UNIT ( * ) SI_UNIT ( $, .STERADIAN. ) SOLID_ANGLE_UNIT ( ) );
#2838 = EDGE_CURVE ( 'NONE', #837, #1261, #4283, .T. ) ;
#2839 = ORIENTED_EDGE ( 'NONE', *, *, #3970, .T. ) ;
#2840 = ORIENTED_EDGE ( 'NONE', *, *, #2177, .T. ) ;
#2841 = CARTESIAN_POINT ( 'NONE',  ( 56.96071435254844317, -1.425188158846554531E-28, 6.000000000000006217 ) ) ;
#2842 = VERTEX_POINT ( 'NONE', #1254 ) ;
#2843 = LINE ( 'NONE', #482, #2908 ) ;
#2844 = DIRECTION ( 'NONE',  ( 0.0000000000000000000, 1.000000000000000000, 0.0000000000000000000 ) ) ;
#2845 = DIRECTION ( 'NONE',  ( -1.000000000000000000, -1.224606353822377258E-16, -0.0000000000000000000 ) ) ;
#2846 = DIRECTION ( 'NONE',  ( -1.000000000000000000, -1.224606353822377258E-16, -0.0000000000000000000 ) ) ;
#2847 = ORIENTED_EDGE ( 'NONE', *, *, #4489, .T. ) ;
#2848 = VECTOR ( 'NONE', #513, 999.9999999999998863 ) ;
#2849 = VECTOR ( 'NONE', #2565, 1000.000000000000000 ) ;
#2850 = EDGE_CURVE ( 'NONE', #446, #4783, #4337, .T. ) ;
#2851 = ORIENTED_EDGE ( 'NONE', *, *, #3440, .T. ) ;
#2852 = CARTESIAN_POINT ( 'NONE',  ( 52.85714285714285410, 6.022001744921539221E-15, 0.0000000000000000000 ) ) ;
#2853 = CIRCLE ( 'NONE', #1527, 6.000000000000006217 ) ;
#2854 = CARTESIAN_POINT ( 'NONE',  ( -31.74999999999995737, 7.347880794883956047E-16, -5.999999999999866773 ) ) ;
#2855 = CARTESIAN_POINT ( 'NONE',  ( 71.71428571428572241, 6.022001744921539221E-15, 0.0000000000000000000 ) ) ;
#2856 = EDGE_CURVE ( 'NONE', #4680, #4152, #4242, .T. ) ;
#2857 = ORIENTED_EDGE ( 'NONE', *, *, #3853, .F. ) ;
#2858 = DIRECTION ( 'NONE',  ( 0.0000000000000000000, -1.000000000000000000, 0.0000000000000000000 ) ) ;
#2859 = DIRECTION ( 'NONE',  ( 1.000000000000000000, 1.224606353822377258E-16, 0.0000000000000000000 ) ) ;
#2860 = CARTESIAN_POINT ( 'NONE',  ( 63.14285714285713880, 6.022001744921539221E-15, 0.0000000000000000000 ) ) ;
#2861 = ORIENTED_EDGE ( 'NONE', *, *, #4048, .T. ) ;
#2862 = VERTEX_POINT ( 'NONE', #1107 ) ;
#2863 = EDGE_CURVE ( 'NONE', #2791, #148, #4146, .T. ) ;
#2864 = EDGE_LOOP ( 'NONE', ( #76, #1966, #2471, #2593, #264 ) ) ;
#2865 = EDGE_CURVE ( 'NONE', #4437, #1858, #4197, .T. ) ;
#2866 = CARTESIAN_POINT ( 'NONE',  ( 80.96071435254843607, 6.104662681989103693E-15, 0.0000000000000000000 ) ) ;
#2867 = ORIENTED_EDGE ( 'NONE', *, *, #3873, .F. ) ;
#2868 = EDGE_CURVE ( 'NONE', #2562, #3432, #4190, .T. ) ;
#2869 = CARTESIAN_POINT ( 'NONE',  ( 49.42857142857142350, -5.036000000000000476, 6.757601037695103453E-16 ) ) ;
#2870 = EDGE_CURVE ( 'NONE', #4252, #3491, #4038, .T. ) ;
#2871 = EDGE_LOOP ( 'NONE', ( #3272, #4585, #1079, #2096, #3278 ) ) ;
#2872 = DIRECTION ( 'NONE',  ( 0.5735764363510450492, 0.8191520442889925757, 0.0000000000000000000 ) ) ;
#2873 = CARTESIAN_POINT ( 'NONE',  ( 77.89642850459441092, -1.386669559958809814E-28, 6.000000000000006217 ) ) ;
#2874 = DIRECTION ( 'NONE',  ( -1.000000000000000000, -0.0000000000000000000, -0.0000000000000000000 ) ) ;
#2875 = CARTESIAN_POINT ( 'NONE',  ( 50.10357149540558197, 6.000000000000011546, 0.0000000000000000000 ) ) ;
#2876 = EDGE_CURVE ( 'NONE', #805, #775, #4142, .T. ) ;
#2877 = CARTESIAN_POINT ( 'NONE',  ( -31.74999999999995737, 7.347880794883956047E-16, -5.999999999999866773 ) ) ;
#2878 = EDGE_LOOP ( 'NONE', ( #153, #2201, #2315, #93, #1321, #549 ) ) ;
#2879 = DIRECTION ( 'NONE',  ( -1.000000000000000000, -0.0000000000000000000, -0.0000000000000000000 ) ) ;
#2880 = VERTEX_POINT ( 'NONE', #1011 ) ;
#2881 = CYLINDRICAL_SURFACE ( 'NONE', #1249, 5.999999999999866773 ) ;
#2882 = EDGE_CURVE ( 'NONE', #539, #4540, #4035, .T. ) ;
#2883 = VERTEX_POINT ( 'NONE', #921 ) ;
#2884 = EDGE_LOOP ( 'NONE', ( #4720, #4724, #4707, #4730, #1421 ) ) ;
#2885 = DIRECTION ( 'NONE',  ( 0.0000000000000000000, -1.000000000000000000, 0.0000000000000000000 ) ) ;
#2886 = DIRECTION ( 'NONE',  ( 0.0000000000000000000, -1.000000000000000000, 0.0000000000000000000 ) ) ;
#2887 = DIRECTION ( 'NONE',  ( -1.000000000000000000, -1.224606353822377258E-16, -0.0000000000000000000 ) ) ;
#2888 = DIRECTION ( 'NONE',  ( -1.000000000000000000, -1.224606353822377258E-16, -0.0000000000000000000 ) ) ;
#2889 = EDGE_LOOP ( 'NONE', ( #1845, #2280, #2111, #2161, #746, #2253 ) ) ;
#2890 = ORIENTED_EDGE ( 'NONE', *, *, #3014, .F. ) ;
#2891 = CARTESIAN_POINT ( 'NONE',  ( -31.74999999999995737, 0.0000000000000000000, 5.999999999999866773 ) ) ;
#2892 = DIRECTION ( 'NONE',  ( -1.000000000000000000, -1.224606353822377258E-16, -0.0000000000000000000 ) ) ;
#2893 = EDGE_CURVE ( 'NONE', #3139, #3730, #3966, .T. ) ;
#2894 = EDGE_CURVE ( 'NONE', #1715, #4623, #3748, .T. ) ;
#2895 = CARTESIAN_POINT ( 'NONE',  ( 67.24642863826272787, 6.104662681989103693E-15, 0.0000000000000000000 ) ) ;
#2896 = CARTESIAN_POINT ( 'NONE',  ( 52.18214279030869562, 5.939340807853974748E-15, 0.0000000000000000000 ) ) ;
#2897 = EDGE_CURVE ( 'NONE', #4422, #1436, #3804, .T. ) ;
#2898 = ORIENTED_EDGE ( 'NONE', *, *, #3516, .F. ) ;
#2899 = VERTEX_POINT ( 'NONE', #768 ) ;
#2900 = CARTESIAN_POINT ( 'NONE',  ( 45.32499993316583442, 5.939340807853974748E-15, 0.0000000000000000000 ) ) ;
#2901 = CARTESIAN_POINT ( 'NONE',  ( 61.42857142857143060, 6.022001744921539221E-15, 0.0000000000000000000 ) ) ;
#2902 = EDGE_CURVE ( 'NONE', #4133, #3800, #3688, .T. ) ;
#2903 = EDGE_CURVE ( 'NONE', #2319, #1425, #3583, .T. ) ;
#2904 = ORIENTED_EDGE ( 'NONE', *, *, #4032, .F. ) ;
#2905 = ORIENTED_EDGE ( 'NONE', *, *, #3253, .T. ) ;
#2906 = ORIENTED_EDGE ( 'NONE', *, *, #4537, .T. ) ;
#2907 = ORIENTED_EDGE ( 'NONE', *, *, #3534, .F. ) ;
#2908 = VECTOR ( 'NONE', #497, 1000.000000000000000 ) ;
#2909 = CIRCLE ( 'NONE', #1029, 6.000000000000006217 ) ;
#2910 = EDGE_CURVE ( 'NONE', #1629, #3944, #3693, .T. ) ;
#2911 = EDGE_CURVE ( 'NONE', #4599, #4437, #3540, .T. ) ;
#2912 = EDGE_CURVE ( 'NONE', #3789, #3308, #3578, .T. ) ;
#2913 = CARTESIAN_POINT ( 'NONE',  ( 47.03928564745154972, 5.939340807853974748E-15, 0.0000000000000000000 ) ) ;
#2914 = DIRECTION ( 'NONE',  ( -1.000000000000000000, -1.224606353822377258E-16, -0.0000000000000000000 ) ) ;
#2915 = DIRECTION ( 'NONE',  ( 1.000000000000000000, 1.224606353822377258E-16, 0.0000000000000000000 ) ) ;
#2916 = EDGE_LOOP ( 'NONE', ( #3385, #3404, #3408, #3423, #3469 ) ) ;
#2917 = VECTOR ( 'NONE', #574, 1000.000000000000114 ) ;
#2918 = LINE ( 'NONE', #2569, #2849 ) ;
#2919 = DIRECTION ( 'NONE',  ( -1.000000000000000000, -1.224606353822377258E-16, -0.0000000000000000000 ) ) ;
#2920 = CARTESIAN_POINT ( 'NONE',  ( 62.10357149540558908, 6.104662681989103693E-15, 0.0000000000000000000 ) ) ;
#2921 = EDGE_CURVE ( 'NONE', #1340, #4791, #3297, .T. ) ;
#2922 = EDGE_CURVE ( 'NONE', #3299, #2535, #3222, .T. ) ;
#2923 = ORIENTED_EDGE ( 'NONE', *, *, #4457, .T. ) ;
#2924 = VECTOR ( 'NONE', #4151, 1000.000000000000114 ) ;
#2925 = ORIENTED_EDGE ( 'NONE', *, *, #4248, .F. ) ;
#2926 = CARTESIAN_POINT ( 'NONE',  ( 47.03928564745154972, -5.999999999999999112, 0.0000000000000000000 ) ) ;
#2927 = CARTESIAN_POINT ( 'NONE',  ( 46.00000000000000000, -5.036000000000000476, 0.0000000000000000000 ) ) ;
#2928 = ORIENTED_EDGE ( 'NONE', *, *, #3613, .T. ) ;
#2929 = CARTESIAN_POINT ( 'NONE',  ( -31.74999999999995737, 7.347880794883956047E-16, -5.999999999999866773 ) ) ;
#2930 = LINE ( 'NONE', #2854, #1930 ) ;
#2931 = DIRECTION ( 'NONE',  ( -1.000000000000000000, -0.0000000000000000000, -0.0000000000000000000 ) ) ;
#2932 = EDGE_LOOP ( 'NONE', ( #3305, #3030, #4298, #2306, #4559, #3239 ) ) ;
#2933 = EDGE_CURVE ( 'NONE', #3535, #637, #3291, .T. ) ;
#2934 = EDGE_LOOP ( 'NONE', ( #3596, #2840, #1654, #2383, #2890 ) ) ;
#2935 = CARTESIAN_POINT ( 'NONE',  ( 46.67500006683415847, -6.000000000000000000, 7.347880794884126639E-16 ) ) ;
#2936 = CIRCLE ( 'NONE', #1180, 6.000000000000006217 ) ;
#2937 = ORIENTED_EDGE ( 'NONE', *, *, #4539, .T. ) ;
#2938 = EDGE_CURVE ( 'NONE', #1340, #3750, #2655, .T. ) ;
#2939 = DIRECTION ( 'NONE',  ( 1.000000000000000000, 1.224606353822377258E-16, 0.0000000000000000000 ) ) ;
#2940 = EDGE_CURVE ( 'NONE', #4668, #3523, #2459, .T. ) ;
#2941 = DIRECTION ( 'NONE',  ( -1.000000000000000000, -1.224606353822377258E-16, -0.0000000000000000000 ) ) ;
#2942 = DIRECTION ( 'NONE',  ( 0.0000000000000000000, -1.000000000000000000, 0.0000000000000000000 ) ) ;
#2943 = DIRECTION ( 'NONE',  ( 0.0000000000000000000, 0.0000000000000000000, 1.000000000000000000 ) ) ;
#2944 = EDGE_CURVE ( 'NONE', #637, #2842, #2285, .T. ) ;
#2945 = FACE_OUTER_BOUND ( 'NONE', #2632, .T. ) ;
#2946 = DIRECTION ( 'NONE',  ( -1.000000000000000000, -1.224606353822377258E-16, -0.0000000000000000000 ) ) ;
#2947 = ORIENTED_EDGE ( 'NONE', *, *, #3240, .F. ) ;
#2948 = EDGE_CURVE ( 'NONE', #1496, #4319, #2705, .T. ) ;
#2949 = ORIENTED_EDGE ( 'NONE', *, *, #2856, .F. ) ;
#2950 = EDGE_CURVE ( 'NONE', #4664, #976, #2048, .T. ) ;
#2951 = MANIFOLD_SOLID_BREP ( 'ThdSchPat', #4563 ) ;
#2952 = CIRCLE ( 'NONE', #1174, 6.000000000000006217 ) ;
#2953 = CARTESIAN_POINT ( 'NONE',  ( 57.32499993316583442, 5.939340807853974748E-15, 0.0000000000000000000 ) ) ;
#2954 = CARTESIAN_POINT ( 'NONE',  ( -31.74999999999995737, 0.0000000000000000000, 0.0000000000000000000 ) ) ;
#2955 = EDGE_LOOP ( 'NONE', ( #4709, #4706, #4796, #4759, #2663, #1060 ) ) ;
#2956 = ORIENTED_EDGE ( 'NONE', *, *, #3129, .T. ) ;
#2957 = VERTEX_POINT ( 'NONE', #322 ) ;
#2958 = CARTESIAN_POINT ( 'NONE',  ( -31.74999999999995737, 7.347880794883956047E-16, -5.999999999999866773 ) ) ;
#2959 = VERTEX_POINT ( 'NONE', #407 ) ;
#2960 = DIRECTION ( 'NONE',  ( 0.0000000000000000000, -1.000000000000000000, 0.0000000000000000000 ) ) ;
#2961 = CARTESIAN_POINT ( 'NONE',  ( -31.74999999999995737, 0.0000000000000000000, 0.0000000000000000000 ) ) ;
#2962 = DIRECTION ( 'NONE',  ( -1.000000000000000000, -0.0000000000000000000, -0.0000000000000000000 ) ) ;
#2963 = ORIENTED_EDGE ( 'NONE', *, *, #3934, .T. ) ;
#2964 = EDGE_CURVE ( 'NONE', #4697, #10, #1816, .T. ) ;
#2965 = CARTESIAN_POINT ( 'NONE',  ( 0.0000000000000000000, 2.919948986426526893, -5.057500000000015206 ) ) ;
#2966 = DIRECTION ( 'NONE',  ( 0.0000000000000000000, -1.000000000000000000, 0.0000000000000000000 ) ) ;
#2967 = DIRECTION ( 'NONE',  ( 0.0000000000000000000, 0.0000000000000000000, 1.000000000000000000 ) ) ;
#2968 = ORIENTED_EDGE ( 'NONE', *, *, #3720, .T. ) ;
#2969 = CARTESIAN_POINT ( 'NONE',  ( 64.85714285714286120, 6.022001744921539221E-15, 0.0000000000000000000 ) ) ;
#2970 = DIRECTION ( 'NONE',  ( -1.000000000000000000, -1.224606353822377258E-16, -0.0000000000000000000 ) ) ;
#2971 = DIRECTION ( 'NONE',  ( 1.000000000000000000, 1.224606353822377258E-16, 0.0000000000000000000 ) ) ;
#2972 = ORIENTED_EDGE ( 'NONE', *, *, #4481, .F. ) ;
#2973 = LINE ( 'NONE', #533, #2848 ) ;
#2974 = ORIENTED_EDGE ( 'NONE', *, *, #3612, .T. ) ;
#2975 = LINE ( 'NONE', #588, #2917 ) ;
#2976 = VECTOR ( 'NONE', #2583, 1000.000000000000114 ) ;
#2977 = CARTESIAN_POINT ( 'NONE',  ( 75.81785720969129727, 6.104662681989103693E-15, 0.0000000000000000000 ) ) ;
#2978 = EDGE_CURVE ( 'NONE', #2399, #3848, #236, .T. ) ;
#2979 = CARTESIAN_POINT ( 'NONE',  ( 58.67500006683415137, 6.104662681989103693E-15, 0.0000000000000000000 ) ) ;
#2980 = EDGE_LOOP ( 'NONE', ( #4402, #1384, #1118, #3237, #3179 ) ) ;
#2981 = DIRECTION ( 'NONE',  ( 0.0000000000000000000, -0.5000000000000013323, -0.8660254037844378194 ) ) ;
#2982 = DIRECTION ( 'NONE',  ( 0.0000000000000000000, -1.000000000000000000, 0.0000000000000000000 ) ) ;
#2983 =( NAMED_UNIT ( * ) SI_UNIT ( $, .STERADIAN. ) SOLID_ANGLE_UNIT ( ) );
#2984 = EDGE_CURVE ( 'NONE', #3398, #3184, #125, .T. ) ;
#2985 = EDGE_CURVE ( 'NONE', #3242, #4697, #188, .T. ) ;
#2986 = ORIENTED_EDGE ( 'NONE', *, *, #4047, .F. ) ;
#2987 = ORIENTED_EDGE ( 'NONE', *, *, #4534, .F. ) ;
#2988 =( NAMED_UNIT ( * ) PLANE_ANGLE_UNIT ( ) SI_UNIT ( $, .RADIAN. ) );
#2989 = EDGE_LOOP ( 'NONE', ( #4310, #4455, #4674, #4411, #4247 ) ) ;
#2990 = EDGE_CURVE ( 'NONE', #3570, #2399, #1310, .T. ) ;
#2991 = DIRECTION ( 'NONE',  ( 0.0000000000000000000, -1.000000000000000000, 0.0000000000000000000 ) ) ;
#2992 = DIRECTION ( 'NONE',  ( -1.000000000000000000, -1.224606353822377258E-16, -0.0000000000000000000 ) ) ;
#2993 =( LENGTH_UNIT ( ) NAMED_UNIT ( * ) SI_UNIT ( .MILLI., .METRE. ) );
#2994 = EDGE_LOOP ( 'NONE', ( #4205, #1644, #3134, #3707, #1650, #3358 ) ) ;
#2995 = EDGE_CURVE ( 'NONE', #1931, #3570, #4671, .T. ) ;
#2996 = EDGE_CURVE ( 'NONE', #3242, #3876, #4713, .T. ) ;
#2997 = CARTESIAN_POINT ( 'NONE',  ( 77.53214292397700547, 6.104662681989103693E-15, 0.0000000000000000000 ) ) ;
#2998 = SURFACE_STYLE_USAGE ( .BOTH. , #3003 ) ;
#2999 = EDGE_LOOP ( 'NONE', ( #3991, #1393, #3916, #858, #1449 ) ) ;
#3000 = EDGE_LOOP ( 'NONE', ( #2689, #3615, #20, #4509, #3421 ) ) ;
#3001 = ORIENTED_EDGE ( 'NONE', *, *, #3687, .T. ) ;
#3002 = EDGE_CURVE ( 'NONE', #3242, #3139, #4045, .T. ) ;
#3003 = SURFACE_SIDE_STYLE ('',( #337 ) ) ;
#3004 = CIRCLE ( 'NONE', #1387, 6.000000000000006217 ) ;
#3005 = CARTESIAN_POINT ( 'NONE',  ( 62.46785707602297322, 5.939340807853974748E-15, 0.0000000000000000000 ) ) ;
#3006 = ORIENTED_EDGE ( 'NONE', *, *, #3396, .F. ) ;
#3007 = EDGE_LOOP ( 'NONE', ( #2667, #3017, #3653, #1703, #2480 ) ) ;
#3008 = DIRECTION ( 'NONE',  ( -1.000000000000000000, -0.0000000000000000000, -0.0000000000000000000 ) ) ;
#3009 = CYLINDRICAL_SURFACE ( 'NONE', #415, 5.999999999999866773 ) ;
#3010 = DIRECTION ( 'NONE',  ( 0.0000000000000000000, -1.000000000000000000, 1.485234403101492904E-15 ) ) ;
#3011 = DIRECTION ( 'NONE',  ( 0.0000000000000000000, -1.000000000000000000, 0.0000000000000000000 ) ) ;
#3012 = DIRECTION ( 'NONE',  ( 0.0000000000000000000, -1.000000000000000000, 0.0000000000000000000 ) ) ;
#3013 = VERTEX_POINT ( 'NONE', #2 ) ;
#3014 = EDGE_CURVE ( 'NONE', #3848, #2734, #4614, .T. ) ;
#3015 = ORIENTED_EDGE ( 'NONE', *, *, #4470, .F. ) ;
#3016 = ADVANCED_FACE ( 'NONE', ( #3594 ), #1837, .T. ) ;
#3017 = ORIENTED_EDGE ( 'NONE', *, *, #2177, .F. ) ;
#3018 = CIRCLE ( 'NONE', #510, 6.599999999999866418 ) ;
#3019 = LINE ( 'NONE', #3022, #2245 ) ;
#3020 = CARTESIAN_POINT ( 'NONE',  ( 72.75357136173727213, 5.939340807853974748E-15, 0.0000000000000000000 ) ) ;
#3021 = DIRECTION ( 'NONE',  ( -1.000000000000000000, -1.224606353822377258E-16, -0.0000000000000000000 ) ) ;
#3022 = CARTESIAN_POINT ( 'NONE',  ( 6.000000000000000000, 5.839897972853066221, -2.038300084272748336E-14 ) ) ;
#3023 = ORIENTED_EDGE ( 'NONE', *, *, #2863, .T. ) ;
#3024 = VERTEX_POINT ( 'NONE', #4648 ) ;
#3025 = DIRECTION ( 'NONE',  ( -1.000000000000000000, -1.224606353822377258E-16, -0.0000000000000000000 ) ) ;
#3026 = CARTESIAN_POINT ( 'NONE',  ( 51.14285714285714590, 6.022001744921539221E-15, 0.0000000000000000000 ) ) ;
#3027 = CARTESIAN_POINT ( 'NONE',  ( 46.67500006683415847, 6.104662681989103693E-15, 0.0000000000000000000 ) ) ;
#3028 = CARTESIAN_POINT ( 'NONE',  ( 71.03928564745154972, 5.939340807853974748E-15, 0.0000000000000000000 ) ) ;
#3029 = DIRECTION ( 'NONE',  ( -1.000000000000000000, -0.0000000000000000000, -0.0000000000000000000 ) ) ;
#3030 = ORIENTED_EDGE ( 'NONE', *, *, #3473, .T. ) ;
#3031 = ORIENTED_EDGE ( 'NONE', *, *, #4542, .T. ) ;
#3032 = CARTESIAN_POINT ( 'NONE',  ( 64.18214279030868852, 6.000000000000023093, 7.347880794884140444E-16 ) ) ;
#3033 = DIRECTION ( 'NONE',  ( -1.000000000000000000, -1.224606353822377258E-16, -0.0000000000000000000 ) ) ;
#3034 = EDGE_CURVE ( 'NONE', #4012, #4664, #2070, .T. ) ;
#3035 = DIRECTION ( 'NONE',  ( 0.0000000000000000000, -1.000000000000000000, 0.0000000000000000000 ) ) ;
#3036 = DIRECTION ( 'NONE',  ( 0.0000000000000000000, -1.000000000000000000, 0.0000000000000000000 ) ) ;
#3037 = DIRECTION ( 'NONE',  ( 0.0000000000000000000, 1.000000000000000000, 0.0000000000000000000 ) ) ;
#3038 = EDGE_LOOP ( 'NONE', ( #1590, #3140, #933, #3040, #210 ) ) ;
#3039 = CIRCLE ( 'NONE', #800, 6.000000000000006217 ) ;
#3040 = ORIENTED_EDGE ( 'NONE', *, *, #3115, .T. ) ;
#3041 = CARTESIAN_POINT ( 'NONE',  ( 77.53214292397700547, -6.000000000000000888, 7.347880794884127625E-16 ) ) ;
#3042 = EDGE_LOOP ( 'NONE', ( #2353, #1443, #1053, #713, #1612 ) ) ;
#3043 = CIRCLE ( 'NONE', #1019, 6.000000000000006217 ) ;
#3044 = EDGE_CURVE ( 'NONE', #4450, #3075, #3495, .T. ) ;
#3045 = CARTESIAN_POINT ( 'NONE',  ( 74.10357149540558908, -6.000000000000000000, 7.347880794884126639E-16 ) ) ;
#3046 = ORIENTED_EDGE ( 'NONE', *, *, #3512, .T. ) ;
#3047 = CARTESIAN_POINT ( 'NONE',  ( 75.14285714285713880, 5.036000000000012911, 0.0000000000000000000 ) ) ;
#3048 = EDGE_CURVE ( 'NONE', #1931, #4450, #2834, .T. ) ;
#3049 = EDGE_CURVE ( 'NONE', #2734, #3071, #3247, .T. ) ;
#3050 = DIRECTION ( 'NONE',  ( 0.0000000000000000000, -1.000000000000000000, 0.0000000000000000000 ) ) ;
#3051 = CARTESIAN_POINT ( 'NONE',  ( 46.00000000000000000, 5.036000000000012911, 6.167321280506079282E-16 ) ) ;
#3052 = EDGE_LOOP ( 'NONE', ( #242, #1275, #3290, #290, #1303 ) ) ;
#3053 = DIRECTION ( 'NONE',  ( -1.000000000000000000, -1.224606353822377258E-16, -0.0000000000000000000 ) ) ;
#3054 = FILL_AREA_STYLE_COLOUR ( '', #349 ) ;
#3055 = DIRECTION ( 'NONE',  ( -1.000000000000000000, -1.224606353822377258E-16, -0.0000000000000000000 ) ) ;
#3056 = VERTEX_POINT ( 'NONE', #4717 ) ;
#3057 = EDGE_LOOP ( 'NONE', ( #4558, #610, #3414, #639, #1566 ) ) ;
#3058 = DIRECTION ( 'NONE',  ( 0.0000000000000000000, -1.000000000000000000, 0.0000000000000000000 ) ) ;
#3059 = DIRECTION ( 'NONE',  ( -0.5000000000000046629, 1.060575238724903587E-16, -0.8660254037844359321 ) ) ;
#3060 = CARTESIAN_POINT ( 'NONE',  ( 72.38928578111988088, 6.104662681989103693E-15, 0.0000000000000000000 ) ) ;
#3061 = VERTEX_POINT ( 'NONE', #4472 ) ;
#3062 = EDGE_CURVE ( 'NONE', #1931, #4012, #4158, .T. ) ;
#3063 = EDGE_LOOP ( 'NONE', ( #2339, #2287, #2293, #1768, #1609 ) ) ;
#3064 = CARTESIAN_POINT ( 'NONE',  ( 73.42857142857143060, -5.036000000000000476, 0.0000000000000000000 ) ) ;
#3065 = FILL_AREA_STYLE ('',( #3054 ) ) ;
#3066 = VERTEX_POINT ( 'NONE', #4467 ) ;
#3067 = EDGE_CURVE ( 'NONE', #4428, #4203, #742, .T. ) ;
#3068 = DIRECTION ( 'NONE',  ( 0.0000000000000000000, -1.000000000000000000, 0.0000000000000000000 ) ) ;
#3069 = DIRECTION ( 'NONE',  ( -0.5000000000000046629, 0.0000000000000000000, 0.8660254037844359321 ) ) ;
#3070 = ORIENTED_EDGE ( 'NONE', *, *, #3530, .F. ) ;
#3071 = VERTEX_POINT ( 'NONE', #4449 ) ;
#3072 = LINE ( 'NONE', #576, #4251 ) ;
#3073 = ORIENTED_EDGE ( 'NONE', *, *, #3720, .F. ) ;
#3074 = DIRECTION ( 'NONE',  ( -1.000000000000000000, -1.224606353822377258E-16, -0.0000000000000000000 ) ) ;
#3075 = VERTEX_POINT ( 'NONE', #4339 ) ;
#3076 = CARTESIAN_POINT ( 'NONE',  ( 46.00000000000000000, 6.022001744921539221E-15, 0.0000000000000000000 ) ) ;
#3077 = DIRECTION ( 'NONE',  ( 0.0000000000000000000, 0.0000000000000000000, 1.000000000000000000 ) ) ;
#3078 = CARTESIAN_POINT ( 'NONE',  ( 53.53214292397701257, 6.104662681989103693E-15, 0.0000000000000000000 ) ) ;
#3079 = ORIENTED_EDGE ( 'NONE', *, *, #3709, .T. ) ;
#3080 = ORIENTED_EDGE ( 'NONE', *, *, #3921, .F. ) ;
#3081 = DIRECTION ( 'NONE',  ( -1.000000000000000000, -1.224606353822377258E-16, -0.0000000000000000000 ) ) ;
#3082 = DIRECTION ( 'NONE',  ( -1.000000000000000000, -0.0000000000000000000, -0.0000000000000000000 ) ) ;
#3083 = DIRECTION ( 'NONE',  ( 0.0000000000000000000, 0.0000000000000000000, 1.000000000000000000 ) ) ;
#3084 = EDGE_CURVE ( 'NONE', #857, #3780, #3941, .T. ) ;
#3085 = EDGE_CURVE ( 'NONE', #3369, #4203, #4769, .T. ) ;
#3086 = DIRECTION ( 'NONE',  ( 0.0000000000000000000, -1.000000000000000000, 0.0000000000000000000 ) ) ;
#3087 = DIRECTION ( 'NONE',  ( 0.0000000000000000000, -1.000000000000000000, 0.0000000000000000000 ) ) ;
#3088 = DIRECTION ( 'NONE',  ( 0.0000000000000000000, -1.000000000000000000, 0.0000000000000000000 ) ) ;
#3089 = EDGE_LOOP ( 'NONE', ( #1083, #1220, #948, #623 ) ) ;
#3090 = ORIENTED_EDGE ( 'NONE', *, *, #3917, .T. ) ;
#3091 = EDGE_CURVE ( 'NONE', #4668, #3364, #2688, .T. ) ;
#3092 = EDGE_LOOP ( 'NONE', ( #2643, #4196, #2192, #3691, #2422 ) ) ;
#3093 = VECTOR ( 'NONE', #669, 1000.000000000000114 ) ;
#3094 = LINE ( 'NONE', #2597, #2976 ) ;
#3095 = DIRECTION ( 'NONE',  ( -1.000000000000000000, -1.224606353822377258E-16, -0.0000000000000000000 ) ) ;
#3096 = CARTESIAN_POINT ( 'NONE',  ( 66.57142857142856940, 6.022001744921539221E-15, 0.0000000000000000000 ) ) ;
#3097 = ORIENTED_EDGE ( 'NONE', *, *, #3704, .T. ) ;
#3098 = CIRCLE ( 'NONE', #808, 6.000000000000006217 ) ;
#3099 = VECTOR ( 'NONE', #2603, 1000.000000000000000 ) ;
#3100 = CARTESIAN_POINT ( 'NONE',  ( 69.32499993316584153, 5.939340807853974748E-15, 0.0000000000000000000 ) ) ;
#3101 = DIRECTION ( 'NONE',  ( -1.000000000000000000, -0.0000000000000000000, -0.0000000000000000000 ) ) ;
#3102 = ORIENTED_EDGE ( 'NONE', *, *, #4357, .T. ) ;
#3103 = CARTESIAN_POINT ( 'NONE',  ( 81.03599999999977399, 0.0000000000000000000, 0.0000000000000000000 ) ) ;
#3104 = ORIENTED_EDGE ( 'NONE', *, *, #3986, .F. ) ;
#3105 = VERTEX_POINT ( 'NONE', #599 ) ;
#3106 = VERTEX_POINT ( 'NONE', #4134 ) ;
#3107 = DIRECTION ( 'NONE',  ( 0.0000000000000000000, 1.000000000000000000, 0.0000000000000000000 ) ) ;
#3108 = EDGE_CURVE ( 'NONE', #857, #2485, #2268, .T. ) ;
#3109 = EDGE_CURVE ( 'NONE', #2752, #3066, #2853, .T. ) ;
#3110 = EDGE_CURVE ( 'NONE', #3514, #4568, #2448, .T. ) ;
#3111 = CARTESIAN_POINT ( 'NONE',  ( 77.53214292397700547, -1.425188158846554531E-28, 6.000000000000006217 ) ) ;
#3112 = CARTESIAN_POINT ( 'NONE',  ( 51.14285714285714590, -5.036000000000000476, 6.757601037695103453E-16 ) ) ;
#3113 = ORIENTED_EDGE ( 'NONE', *, *, #3734, .T. ) ;
#3114 = CARTESIAN_POINT ( 'NONE',  ( 52.85714285714285410, -5.036000000000000476, 6.757601037695103453E-16 ) ) ;
#3115 = EDGE_CURVE ( 'NONE', #3920, #4165, #2028, .T. ) ;
#3116 = CARTESIAN_POINT ( 'NONE',  ( 6.000000000000000000, -2.919948986426535331, -5.057500000000006324 ) ) ;
#3117 = EDGE_LOOP ( 'NONE', ( #435, #391, #732, #2614, #4030 ) ) ;
#3118 = VECTOR ( 'NONE', #3832, 1000.000000000000000 ) ;
#3119 = EDGE_LOOP ( 'NONE', ( #2153, #705, #3444, #4405, #3775 ) ) ;
#3120 = EDGE_CURVE ( 'NONE', #4012, #3848, #3325, .T. ) ;
#3121 = VECTOR ( 'NONE', #600, 1000.000000000000114 ) ;
#3122 = EDGE_CURVE ( 'NONE', #374, #4216, #1284, .T. ) ;
#3123 = ORIENTED_EDGE ( 'NONE', *, *, #3516, .T. ) ;
#3124 = CIRCLE ( 'NONE', #1396, 6.000000000000006217 ) ;
#3125 = DIRECTION ( 'NONE',  ( -1.000000000000000000, -0.0000000000000000000, -0.0000000000000000000 ) ) ;
#3126 = ORIENTED_EDGE ( 'NONE', *, *, #2806, .F. ) ;
#3127 = EDGE_LOOP ( 'NONE', ( #83, #3931, #3834, #1196, #3717 ) ) ;
#3128 = ORIENTED_EDGE ( 'NONE', *, *, #4475, .T. ) ;
#3129 = EDGE_CURVE ( 'NONE', #4253, #3730, #3809, .T. ) ;
#3130 = SURFACE_STYLE_FILL_AREA ( #3868 ) ;
#3131 = EDGE_CURVE ( 'NONE', #4087, #3466, #4603, .T. ) ;
#3132 = DIRECTION ( 'NONE',  ( 0.0000000000000000000, -1.000000000000000000, 0.0000000000000000000 ) ) ;
#3133 = CARTESIAN_POINT ( 'NONE',  ( -31.74999999999995737, 0.0000000000000000000, 0.0000000000000000000 ) ) ;
#3134 = ORIENTED_EDGE ( 'NONE', *, *, #2990, .T. ) ;
#3135 = LINE ( 'NONE', #3952, #2249 ) ;
#3136 = DIRECTION ( 'NONE',  ( -1.000000000000000000, -1.224606353822377258E-16, -0.0000000000000000000 ) ) ;
#3137 = DIRECTION ( 'NONE',  ( 0.0000000000000000000, 0.0000000000000000000, 1.000000000000000000 ) ) ;
#3138 = VERTEX_POINT ( 'NONE', #3505 ) ;
#3139 = VERTEX_POINT ( 'NONE', #1663 ) ;
#3140 = ORIENTED_EDGE ( 'NONE', *, *, #4667, .F. ) ;
#3141 = ORIENTED_EDGE ( 'NONE', *, *, #3612, .F. ) ;
#3142 = CARTESIAN_POINT ( 'NONE',  ( 58.67500006683415137, 6.104662681989103693E-15, 0.0000000000000000000 ) ) ;
#3143 = ORIENTED_EDGE ( 'NONE', *, *, #3735, .F. ) ;
#3144 = CARTESIAN_POINT ( 'NONE',  ( -31.74999999999995737, 0.0000000000000000000, 0.0000000000000000000 ) ) ;
#3145 = EDGE_CURVE ( 'NONE', #4697, #2616, #4496, .T. ) ;
#3146 = EDGE_CURVE ( 'NONE', #3616, #366, #3587, .T. ) ;
#3147 = EDGE_LOOP ( 'NONE', ( #232, #124, #760, #1732, #3480, #1471 ) ) ;
#3148 = DIRECTION ( 'NONE',  ( -0.5735764363510490460, -0.8191520442889896891, 0.0000000000000000000 ) ) ;
#3149 = DIRECTION ( 'NONE',  ( -1.000000000000000000, -1.224606353822377258E-16, -0.0000000000000000000 ) ) ;
#3150 = ORIENTED_EDGE ( 'NONE', *, *, #4446, .T. ) ;
#3151 = LINE ( 'NONE', #647, #3093 ) ;
#3152 = EDGE_CURVE ( 'NONE', #3750, #1496, #2713, .T. ) ;
#3153 = DIRECTION ( 'NONE',  ( 1.000000000000000000, 1.224606353822377258E-16, 0.0000000000000000000 ) ) ;
#3154 = LINE ( 'NONE', #2695, #3099 ) ;
#3155 = VERTEX_POINT ( 'NONE', #3342 ) ;
#3156 = EDGE_CURVE ( 'NONE', #4276, #320, #836, .T. ) ;
#3157 = CARTESIAN_POINT ( 'NONE',  ( 80.28571428571427759, -5.036000000000000476, 0.0000000000000000000 ) ) ;
#3158 = CARTESIAN_POINT ( 'NONE',  ( 70.67500006683415847, 6.104662681989103693E-15, 0.0000000000000000000 ) ) ;
#3159 = DIRECTION ( 'NONE',  ( -0.5735764363510490460, -0.8191520442889896891, 0.0000000000000000000 ) ) ;
#3160 = VERTEX_POINT ( 'NONE', #3702 ) ;
#3161 = ORIENTED_EDGE ( 'NONE', *, *, #3682, .F. ) ;
#3162 = EDGE_CURVE ( 'NONE', #1340, #4210, #4406, .T. ) ;
#3163 = ORIENTED_EDGE ( 'NONE', *, *, #2856, .T. ) ;
#3164 = CARTESIAN_POINT ( 'NONE',  ( -31.74999999999995737, 0.0000000000000000000, 5.999999999999866773 ) ) ;
#3165 = CARTESIAN_POINT ( 'NONE',  ( 78.57142857142856940, 6.022001744921539221E-15, 0.0000000000000000000 ) ) ;
#3166 = CARTESIAN_POINT ( 'NONE',  ( 45.32499993316583442, 5.939340807853974748E-15, 0.0000000000000000000 ) ) ;
#3167 = EDGE_LOOP ( 'NONE', ( #2378, #1113, #3762, #2956, #3373, #3080 ) ) ;
#3168 = ORIENTED_EDGE ( 'NONE', *, *, #2654, .F. ) ;
#3169 = DIRECTION ( 'NONE',  ( 0.0000000000000000000, 1.000000000000000000, 0.0000000000000000000 ) ) ;
#3170 = CARTESIAN_POINT ( 'NONE',  ( -31.74999999999995737, 7.347880794883956047E-16, -5.999999999999866773 ) ) ;
#3171 = EDGE_LOOP ( 'NONE', ( #1233, #152, #449, #262, #4708, #1822 ) ) ;
#3172 = EDGE_CURVE ( 'NONE', #2479, #3616, #2200, .T. ) ;
#3173 = ORIENTED_EDGE ( 'NONE', *, *, #3396, .T. ) ;
#3174 = VERTEX_POINT ( 'NONE', #3609 ) ;
#3175 = DIRECTION ( 'NONE',  ( 0.0000000000000000000, -1.000000000000000000, 0.0000000000000000000 ) ) ;
#3176 = EDGE_CURVE ( 'NONE', #3836, #2219, #1898, .T. ) ;
#3177 = EDGE_CURVE ( 'NONE', #3949, #976, #4103, .T. ) ;
#3178 = EDGE_CURVE ( 'NONE', #3647, #3869, #4137, .T. ) ;
#3179 = ORIENTED_EDGE ( 'NONE', *, *, #3921, .T. ) ;
#3180 = DIRECTION ( 'NONE',  ( 0.0000000000000000000, -1.000000000000000000, 1.485234403101492904E-15 ) ) ;
#3181 = DIRECTION ( 'NONE',  ( 0.5735764363510452712, -0.8191520442889924647, 1.003171929053525610E-16 ) ) ;
#3182 = DIRECTION ( 'NONE',  ( -0.0000000000000000000, 1.485234403101492904E-15, 1.000000000000000000 ) ) ;
#3183 = ORIENTED_EDGE ( 'NONE', *, *, #2948, .T. ) ;
#3184 = VERTEX_POINT ( 'NONE', #3309 ) ;
#3185 = EDGE_CURVE ( 'NONE', #1206, #4739, #4024, .T. ) ;
#3186 = ORIENTED_EDGE ( 'NONE', *, *, #3340, .T. ) ;
#3187 = DIRECTION ( 'NONE',  ( 0.0000000000000000000, -1.000000000000000000, 0.0000000000000000000 ) ) ;
#3188 = VECTOR ( 'NONE', #4636, 1000.000000000000000 ) ;
#3189 = EDGE_LOOP ( 'NONE', ( #4517, #3849, #3662, #2804, #1699, #3354 ) ) ;
#3190 = ORIENTED_EDGE ( 'NONE', *, *, #3530, .T. ) ;
#3191 = CARTESIAN_POINT ( 'NONE',  ( 58.67500006683415137, -6.000000000000000000, 7.347880794884126639E-16 ) ) ;
#3192 = CARTESIAN_POINT ( 'NONE',  ( 6.000000000000000000, 5.839897972853066221, -2.038300084272748336E-14 ) ) ;
#3193 = ORIENTED_EDGE ( 'NONE', *, *, #3877, .T. ) ;
#3194 = EDGE_LOOP ( 'NONE', ( #1583, #4359, #3186, #4397, #1054, #3143 ) ) ;
#3195 = CONICAL_SURFACE ( 'NONE', #840, 6.000000000000006217, 0.9599310885968824758 ) ;
#3196 = CIRCLE ( 'NONE', #1033, 6.000000000000006217 ) ;
#3197 = DIRECTION ( 'NONE',  ( -0.5735764363510490460, -0.8191520442889896891, 0.0000000000000000000 ) ) ;
#3198 = DIRECTION ( 'NONE',  ( -1.000000000000000000, -1.224606353822377258E-16, -0.0000000000000000000 ) ) ;
#3199 = CARTESIAN_POINT ( 'NONE',  ( 59.71428571428571530, 5.036000000000012911, 0.0000000000000000000 ) ) ;
#3200 = CARTESIAN_POINT ( 'NONE',  ( 56.28571428571428470, 6.022001744921539221E-15, 0.0000000000000000000 ) ) ;
#3201 = LINE ( 'NONE', #2615, #3379 ) ;
#3202 = DIRECTION ( 'NONE',  ( 0.0000000000000000000, -1.000000000000000000, 0.0000000000000000000 ) ) ;
#3203 = CARTESIAN_POINT ( 'NONE',  ( 57.99999999999999289, -5.036000000000000476, 0.0000000000000000000 ) ) ;
#3204 = ORIENTED_EDGE ( 'NONE', *, *, #4452, .F. ) ;
#3205 = EDGE_CURVE ( 'NONE', #2451, #3075, #4777, .T. ) ;
#3206 = DIRECTION ( 'NONE',  ( 0.0000000000000000000, -1.000000000000000000, 0.0000000000000000000 ) ) ;
#3207 = EDGE_CURVE ( 'NONE', #4550, #4668, #2168, .T. ) ;
#3208 = CARTESIAN_POINT ( 'NONE',  ( 6.000000000000000000, 0.0000000000000000000, 0.0000000000000000000 ) ) ;
#3209 = EDGE_CURVE ( 'NONE', #2479, #4550, #293, .T. ) ;
#3210 = ORIENTED_EDGE ( 'NONE', *, *, #2850, .F. ) ;
#3211 = DIRECTION ( 'NONE',  ( 0.5735764363510450492, 0.8191520442889925757, 0.0000000000000000000 ) ) ;
#3212 = DIRECTION ( 'NONE',  ( 0.0000000000000000000, 0.0000000000000000000, 1.000000000000000000 ) ) ;
#3213 = VERTEX_POINT ( 'NONE', #2873 ) ;
#3214 = DIRECTION ( 'NONE',  ( -0.5735764363510490460, -0.8191520442889896891, 0.0000000000000000000 ) ) ;
#3215 = APPLICATION_PROTOCOL_DEFINITION ( 'draft international standard', 'automotive_design', 1998, #3772 ) ;
#3216 = EDGE_LOOP ( 'NONE', ( #79, #931, #54, #2133, #3498 ) ) ;
#3217 = EDGE_CURVE ( 'NONE', #2479, #4276, #2259, .T. ) ;
#3218 = EDGE_CURVE ( 'NONE', #3738, #2485, #3258, .T. ) ;
#3219 = EDGE_LOOP ( 'NONE', ( #557, #342, #567, #2820, #1479, #3126 ) ) ;
#3220 = CARTESIAN_POINT ( 'NONE',  ( 57.32499993316583442, -5.999999999999989342, 0.0000000000000000000 ) ) ;
#3221 = DIRECTION ( 'NONE',  ( -1.000000000000000000, -0.0000000000000000000, -0.0000000000000000000 ) ) ;
#3222 = CIRCLE ( 'NONE', #1631, 6.000000000000006217 ) ;
#3223 = LINE ( 'NONE', #3893, #3118 ) ;
#3224 = EDGE_CURVE ( 'NONE', #4319, #3312, #2930, .T. ) ;
#3225 = ORIENTED_EDGE ( 'NONE', *, *, #4471, .F. ) ;
#3226 = CIRCLE ( 'NONE', #1389, 6.000000000000006217 ) ;
#3227 = DIRECTION ( 'NONE',  ( 0.0000000000000000000, -1.000000000000000000, 0.0000000000000000000 ) ) ;
#3228 = VECTOR ( 'NONE', #926, 1000.000000000000000 ) ;
#3229 = ORIENTED_EDGE ( 'NONE', *, *, #2922, .F. ) ;
#3230 = EDGE_LOOP ( 'NONE', ( #1517, #1693, #1728, #1741, #1781 ) ) ;
#3231 = VECTOR ( 'NONE', #1490, 1000.000000000000000 ) ;
#3232 = DIRECTION ( 'NONE',  ( -1.000000000000000000, -0.0000000000000000000, -0.0000000000000000000 ) ) ;
#3233 = EDGE_CURVE ( 'NONE', #4791, #3535, #814, .T. ) ;
#3234 = EDGE_CURVE ( 'NONE', #4568, #3920, #3896, .T. ) ;
#3235 = ORIENTED_EDGE ( 'NONE', *, *, #4458, .T. ) ;
#3236 = CARTESIAN_POINT ( 'NONE',  ( 6.000000000000000000, -5.839897972853060004, -5.637851296924623057E-15 ) ) ;
#3237 = ORIENTED_EDGE ( 'NONE', *, *, #3858, .T. ) ;
#3238 = EDGE_LOOP ( 'NONE', ( #1497, #3519, #1156, #3397, #2631, #4772 ) ) ;
#3239 = ORIENTED_EDGE ( 'NONE', *, *, #3300, .F. ) ;
#3240 = EDGE_CURVE ( 'NONE', #738, #4019, #3922, .T. ) ;
#3241 = EDGE_CURVE ( 'NONE', #3369, #857, #4797, .T. ) ;
#3242 = VERTEX_POINT ( 'NONE', #2778 ) ;
#3243 = ORIENTED_EDGE ( 'NONE', *, *, #2197, .T. ) ;
#3244 = DIRECTION ( 'NONE',  ( -1.000000000000000000, -0.0000000000000000000, -0.0000000000000000000 ) ) ;
#3245 = CARTESIAN_POINT ( 'NONE',  ( 12.00000000000000000, 0.0000000000000000000, -6.599999999999866418 ) ) ;
#3246 = ADVANCED_FACE ( 'NONE', ( #2065 ), #1833, .T. ) ;
#3247 = LINE ( 'NONE', #1360, #201 ) ;
#3248 = EDGE_LOOP ( 'NONE', ( #3073, #3163, #3190, #3210, #3301 ) ) ;
#3249 = UNCERTAINTY_MEASURE_WITH_UNIT (LENGTH_MEASURE( 1.000000000000000082E-05 ), #4487, 'distance_accuracy_value', 'NONE');
#3250 = EDGE_CURVE ( 'NONE', #4159, #4216, #998, .T. ) ;
#3251 = EDGE_CURVE ( 'NONE', #3364, #3789, #4711, .T. ) ;
#3252 = DIRECTION ( 'NONE',  ( -1.000000000000000000, -1.224606353822377258E-16, -0.0000000000000000000 ) ) ;
#3253 = EDGE_CURVE ( 'NONE', #2535, #3071, #4615, .T. ) ;
#3254 = CARTESIAN_POINT ( 'NONE',  ( 62.46785707602297322, -5.999999999999999112, 0.0000000000000000000 ) ) ;
#3255 = CARTESIAN_POINT ( 'NONE',  ( 58.67500006683415137, 6.000000000000012434, 0.0000000000000000000 ) ) ;
#3256 = EDGE_LOOP ( 'NONE', ( #3567, #3577, #3689, #3733, #3736 ) ) ;
#3257 = DIRECTION ( 'NONE',  ( 0.0000000000000000000, 0.0000000000000000000, 1.000000000000000000 ) ) ;
#3258 = CIRCLE ( 'NONE', #1474, 6.000000000000006217 ) ;
#3259 = DIRECTION ( 'NONE',  ( 0.0000000000000000000, -1.000000000000000000, 0.0000000000000000000 ) ) ;
#3260 = APPLICATION_CONTEXT ( 'automotive_design' ) ;
#3261 = ORIENTED_EDGE ( 'NONE', *, *, #4539, .F. ) ;
#3262 = ORIENTED_EDGE ( 'NONE', *, *, #4432, .F. ) ;
#3263 = DIRECTION ( 'NONE',  ( -1.000000000000000000, -1.224606353822377258E-16, -0.0000000000000000000 ) ) ;
#3264 = CARTESIAN_POINT ( 'NONE',  ( -31.74999999999995737, 0.0000000000000000000, 0.0000000000000000000 ) ) ;
#3265 = EDGE_CURVE ( 'NONE', #3535, #1496, #1821, .T. ) ;
#3266 = EDGE_CURVE ( 'NONE', #10, #3949, #4049, .T. ) ;
#3267 = VERTEX_POINT ( 'NONE', #2458 ) ;
#3268 = CARTESIAN_POINT ( 'NONE',  ( 55.24642863826272787, -6.000000000000000888, 7.347880794884127625E-16 ) ) ;
#3269 = CARTESIAN_POINT ( 'NONE',  ( 60.38928578111987377, 6.104662681989103693E-15, 0.0000000000000000000 ) ) ;
#3270 = CARTESIAN_POINT ( 'NONE',  ( 67.61071421888011912, 5.939340807853974748E-15, 0.0000000000000000000 ) ) ;
#3271 = DIRECTION ( 'NONE',  ( 0.0000000000000000000, 1.000000000000000000, -1.485234403101492904E-15 ) ) ;
#3272 = ORIENTED_EDGE ( 'NONE', *, *, #4192, .T. ) ;
#3273 = EDGE_CURVE ( 'NONE', #2883, #4211, #1575, .T. ) ;
#3274 = EDGE_CURVE ( 'NONE', #3616, #3364, #3280, .T. ) ;
#3275 = PLANE ( 'NONE',  #2741 ) ;
#3276 = CARTESIAN_POINT ( 'NONE',  ( 66.57142857142856940, 5.036000000000012911, 0.0000000000000000000 ) ) ;
#3277 = ADVANCED_FACE ( 'NONE', ( #1543 ), #4439, .T. ) ;
#3278 = ORIENTED_EDGE ( 'NONE', *, *, #4207, .F. ) ;
#3279 = VERTEX_POINT ( 'NONE', #2086 ) ;
#3280 = LINE ( 'NONE', #2172, #1230 ) ;
#3281 = EDGE_CURVE ( 'NONE', #1388, #2883, #4598, .T. ) ;
#3282 = DIRECTION ( 'NONE',  ( 0.0000000000000000000, -1.485234403101492904E-15, -1.000000000000000000 ) ) ;
#3283 = CARTESIAN_POINT ( 'NONE',  ( 52.85714285714285410, 5.036000000000012911, 0.0000000000000000000 ) ) ;
#3284 = CARTESIAN_POINT ( 'NONE',  ( -31.74999999999995737, 7.347880794883956047E-16, -5.999999999999866773 ) ) ;
#3285 = EDGE_CURVE ( 'NONE', #313, #320, #4742, .T. ) ;
#3286 = VERTEX_POINT ( 'NONE', #827 ) ;
#3287 = DIRECTION ( 'NONE',  ( 0.0000000000000000000, -1.000000000000000000, 0.0000000000000000000 ) ) ;
#3288 = DIRECTION ( 'NONE',  ( -1.000000000000000000, -1.224606353822377258E-16, -0.0000000000000000000 ) ) ;
#3289 = EDGE_LOOP ( 'NONE', ( #2052, #2175, #2186, #2207, #2658, #2746 ) ) ;
#3290 = ORIENTED_EDGE ( 'NONE', *, *, #3902, .T. ) ;
#3291 = LINE ( 'NONE', #692, #2522 ) ;
#3292 = CARTESIAN_POINT ( 'NONE',  ( 59.03928564745154972, 5.939340807853974748E-15, 0.0000000000000000000 ) ) ;
#3293 = DIRECTION ( 'NONE',  ( 1.000000000000000000, 1.224606353822377258E-16, 0.0000000000000000000 ) ) ;
#3294 = CARTESIAN_POINT ( 'NONE',  ( 6.000000000000000000, 2.919948986426539328, 5.057499999999982343 ) ) ;
#3295 = EDGE_LOOP ( 'NONE', ( #3741, #3773, #3819, #3828, #3903 ) ) ;
#3296 = LINE ( 'NONE', #1106, #2764 ) ;
#3297 = LINE ( 'NONE', #640, #3121 ) ;
#3298 = EDGE_CURVE ( 'NONE', #3551, #4255, #4551, .T. ) ;
#3299 = VERTEX_POINT ( 'NONE', #2209 ) ;
#3300 = EDGE_CURVE ( 'NONE', #3312, #3780, #4241, .T. ) ;
#3301 = ORIENTED_EDGE ( 'NONE', *, *, #3704, .F. ) ;
#3302 = CARTESIAN_POINT ( 'NONE',  ( 62.10357149540558908, -6.000000000000000888, 7.347880794884127625E-16 ) ) ;
#3303 = CARTESIAN_POINT ( 'NONE',  ( 53.89642850459440382, 5.939340807853974748E-15, 0.0000000000000000000 ) ) ;
#3304 = EDGE_LOOP ( 'NONE', ( #2898, #2949, #2974, #3001, #3023 ) ) ;
#3305 = ORIENTED_EDGE ( 'NONE', *, *, #3224, .F. ) ;
#3306 = CARTESIAN_POINT ( 'NONE',  ( 6.000000000000000000, -2.919948986426523341, 5.057499999999991225 ) ) ;
#3307 = ORIENTED_EDGE ( 'NONE', *, *, #4537, .F. ) ;
#3308 = VERTEX_POINT ( 'NONE', #1992 ) ;
#3309 = CARTESIAN_POINT ( 'NONE',  ( 57.99999999999999289, -5.036000000000000476, 6.757601037695103453E-16 ) ) ;
#3310 = CARTESIAN_POINT ( 'NONE',  ( 72.38928578111988088, 6.104662681989103693E-15, 0.0000000000000000000 ) ) ;
#3311 = CARTESIAN_POINT ( 'NONE',  ( 68.28571428571427759, 6.022001744921539221E-15, 0.0000000000000000000 ) ) ;
#3312 = VERTEX_POINT ( 'NONE', #1921 ) ;
#3313 = EDGE_CURVE ( 'NONE', #1900, #3308, #4092, .T. ) ;
#3314 = VERTEX_POINT ( 'NONE', #1958 ) ;
#3315 = EDGE_CURVE ( 'NONE', #4210, #3299, #4295, .T. ) ;
#3316 = EDGE_LOOP ( 'NONE', ( #2401, #2427, #2344, #2380, #2299 ) ) ;
#3317 = ORIENTED_EDGE ( 'NONE', *, *, #4444, .T. ) ;
#3318 = CIRCLE ( 'NONE', #802, 6.000000000000006217 ) ;
#3319 = VECTOR ( 'NONE', #2735, 1000.000000000000000 ) ;
#3320 = DIRECTION ( 'NONE',  ( 0.0000000000000000000, 1.000000000000000000, 0.0000000000000000000 ) ) ;
#3321 = EDGE_LOOP ( 'NONE', ( #4712, #4486, #2013, #517, #2831, #816 ) ) ;
#3322 = CIRCLE ( 'NONE', #812, 5.036000000000006693 ) ;
#3323 = CARTESIAN_POINT ( 'NONE',  ( 50.46785707602298032, -5.999999999999999112, 0.0000000000000000000 ) ) ;
#3324 = CARTESIAN_POINT ( 'NONE',  ( 0.0000000000000000000, 0.0000000000000000000, 0.0000000000000000000 ) ) ;
#3325 = LINE ( 'NONE', #3957, #327 ) ;
#3326 = DIRECTION ( 'NONE',  ( 0.0000000000000000000, 1.000000000000000000, 0.0000000000000000000 ) ) ;
#3327 = EDGE_CURVE ( 'NONE', #99, #4418, #3971, .T. ) ;
#3328 = DIRECTION ( 'NONE',  ( 0.0000000000000000000, -1.000000000000000000, 0.0000000000000000000 ) ) ;
#3329 = EDGE_LOOP ( 'NONE', ( #4746, #4795, #1737, #2693, #2402, #4703 ) ) ;
#3330 = DIRECTION ( 'NONE',  ( -1.000000000000000000, -1.224606353822377258E-16, -0.0000000000000000000 ) ) ;
#3331 = DIRECTION ( 'NONE',  ( 1.000000000000000000, 1.224606353822377258E-16, 0.0000000000000000000 ) ) ;
#3332 = EDGE_CURVE ( 'NONE', #3750, #2535, #4786, .T. ) ;
#3333 = EDGE_CURVE ( 'NONE', #320, #366, #3753, .T. ) ;
#3334 = ORIENTED_EDGE ( 'NONE', *, *, #4528, .F. ) ;
#3335 = CARTESIAN_POINT ( 'NONE',  ( 64.85714285714286120, -5.036000000000000476, 6.757601037695103453E-16 ) ) ;
#3336 = EDGE_LOOP ( 'NONE', ( #4219, #4263, #4315, #4354, #4414 ) ) ;
#3337 = EDGE_CURVE ( 'NONE', #1388, #898, #3907, .T. ) ;
#3338 = CARTESIAN_POINT ( 'NONE',  ( 58.67500006683415137, 6.104662681989103693E-15, 0.0000000000000000000 ) ) ;
#3339 = CARTESIAN_POINT ( 'NONE',  ( 65.53214292397701968, 6.104662681989103693E-15, 0.0000000000000000000 ) ) ;
#3340 = EDGE_CURVE ( 'NONE', #3876, #2451, #3642, .T. ) ;
#3341 = DIRECTION ( 'NONE',  ( 1.000000000000000000, 0.0000000000000000000, 0.0000000000000000000 ) ) ;
#3342 = CARTESIAN_POINT ( 'NONE',  ( 55.61071421888011912, 6.000000000000013323, 7.347880794884127625E-16 ) ) ;
#3343 = DIRECTION ( 'NONE',  ( 0.0000000000000000000, 0.0000000000000000000, 1.000000000000000000 ) ) ;
#3344 = FACE_OUTER_BOUND ( 'NONE', #3230, .T. ) ;
#3345 = ORIENTED_EDGE ( 'NONE', *, *, #4492, .F. ) ;
#3346 = CARTESIAN_POINT ( 'NONE',  ( -31.74999999999995737, 0.0000000000000000000, 0.0000000000000000000 ) ) ;
#3347 = DIRECTION ( 'NONE',  ( 0.0000000000000000000, -1.000000000000000000, 0.0000000000000000000 ) ) ;
#3348 = ORIENTED_EDGE ( 'NONE', *, *, #4543, .F. ) ;
#3349 = CARTESIAN_POINT ( 'NONE',  ( 57.32499993316583442, -1.386669559958809814E-28, 6.000000000000006217 ) ) ;
#3350 = ORIENTED_EDGE ( 'NONE', *, *, #4548, .T. ) ;
#3351 = LINE ( 'NONE', #4590, #2185 ) ;
#3352 = EDGE_CURVE ( 'NONE', #2255, #4042, #3582, .T. ) ;
#3353 = VECTOR ( 'NONE', #1671, 999.9999999999998863 ) ;
#3354 = ORIENTED_EDGE ( 'NONE', *, *, #3110, .F. ) ;
#3355 = CARTESIAN_POINT ( 'NONE',  ( 6.000000000000000000, 2.919948986426526893, -5.057500000000015206 ) ) ;
#3356 = VECTOR ( 'NONE', #3960, 1000.000000000000000 ) ;
#3357 = EDGE_LOOP ( 'NONE', ( #4435, #4442, #4447, #4485, #4513 ) ) ;
#3358 = ORIENTED_EDGE ( 'NONE', *, *, #2197, .F. ) ;
#3359 = ORIENTED_EDGE ( 'NONE', *, *, #3589, .F. ) ;
#3360 = LINE ( 'NONE', #4006, #1832 ) ;
#3361 = EDGE_CURVE ( 'NONE', #3369, #2842, #3417, .T. ) ;
#3362 = ORIENTED_EDGE ( 'NONE', *, *, #4554, .T. ) ;
#3363 = DIRECTION ( 'NONE',  ( -1.000000000000000000, -1.224606353822377258E-16, -0.0000000000000000000 ) ) ;
#3364 = VERTEX_POINT ( 'NONE', #1285 ) ;
#3365 = CARTESIAN_POINT ( 'NONE',  ( 70.00000000000000000, 5.036000000000012911, 0.0000000000000000000 ) ) ;
#3366 = DIRECTION ( 'NONE',  ( 0.0000000000000000000, 0.0000000000000000000, 1.000000000000000000 ) ) ;
#3367 = CARTESIAN_POINT ( 'NONE',  ( 51.81785720969130438, 6.104662681989103693E-15, 0.0000000000000000000 ) ) ;
#3368 = CARTESIAN_POINT ( 'NONE',  ( 72.75357136173727213, 7.347880794882739229E-16, -6.000000000000006217 ) ) ;
#3369 = VERTEX_POINT ( 'NONE', #1415 ) ;
#3370 = EDGE_CURVE ( 'NONE', #3780, #637, #3124, .T. ) ;
#3371 = EDGE_CURVE ( 'NONE', #1388, #99, #3487, .T. ) ;
#3372 = DIRECTION ( 'NONE',  ( -1.000000000000000000, -0.0000000000000000000, -0.0000000000000000000 ) ) ;
#3373 = ORIENTED_EDGE ( 'NONE', *, *, #2893, .F. ) ;
#3374 = DIRECTION ( 'NONE',  ( 0.0000000000000000000, 1.224646799147354933E-16, 1.000000000000000000 ) ) ;
#3375 = DIRECTION ( 'NONE',  ( -1.000000000000000000, -1.224606353822377258E-16, -0.0000000000000000000 ) ) ;
#3376 = EDGE_CURVE ( 'NONE', #2485, #4428, #3226, .T. ) ;
#3377 = ORIENTED_EDGE ( 'NONE', *, *, #4555, .T. ) ;
#3378 = LINE ( 'NONE', #716, #3449 ) ;
#3379 = VECTOR ( 'NONE', #2661, 1000.000000000000000 ) ;
#3380 = DIRECTION ( 'NONE',  ( 0.0000000000000000000, -1.000000000000000000, 0.0000000000000000000 ) ) ;
#3381 = CARTESIAN_POINT ( 'NONE',  ( 50.46785707602298032, 7.347880794882739229E-16, -6.000000000000006217 ) ) ;
#3382 = DIRECTION ( 'NONE',  ( 0.0000000000000000000, -1.000000000000000000, 0.0000000000000000000 ) ) ;
#3383 = CARTESIAN_POINT ( 'NONE',  ( 72.38928578111988088, 6.000000000000011546, 0.0000000000000000000 ) ) ;
#3384 = EDGE_CURVE ( 'NONE', #4211, #3314, #3296, .T. ) ;
#3385 = ORIENTED_EDGE ( 'NONE', *, *, #4497, .T. ) ;
#3386 = CIRCLE ( 'NONE', #1045, 5.036000000000006693 ) ;
#3387 = EDGE_CURVE ( 'NONE', #3075, #4664, #3004, .T. ) ;
#3388 = ADVANCED_FACE ( 'NONE', ( #2945 ), #2120, .T. ) ;
#3389 = CARTESIAN_POINT ( 'NONE',  ( -31.74999999999995737, 0.0000000000000000000, 0.0000000000000000000 ) ) ;
#3390 = DIRECTION ( 'NONE',  ( -1.000000000000000000, -1.224606353822377258E-16, -0.0000000000000000000 ) ) ;
#3391 = CARTESIAN_POINT ( 'NONE',  ( 76.18214279030868852, -5.999999999999989342, 0.0000000000000000000 ) ) ;
#3392 = ORIENTED_EDGE ( 'NONE', *, *, #3454, .F. ) ;
#3393 = ORIENTED_EDGE ( 'NONE', *, *, #3205, .F. ) ;
#3394 = CARTESIAN_POINT ( 'NONE',  ( 59.71428571428571530, 6.022001744921539221E-15, 0.0000000000000000000 ) ) ;
#3395 = CARTESIAN_POINT ( 'NONE',  ( 67.61071421888011912, 7.347880794882739229E-16, -6.000000000000006217 ) ) ;
#3396 = EDGE_CURVE ( 'NONE', #4152, #4680, #2284, .T. ) ;
#3397 = ORIENTED_EDGE ( 'NONE', *, *, #4169, .F. ) ;
#3398 = VERTEX_POINT ( 'NONE', #763 ) ;
#3399 = ADVANCED_FACE ( 'NONE', ( #2361 ), #1887, .T. ) ;
#3400 = CARTESIAN_POINT ( 'NONE',  ( 58.67500006683415137, 6.104662681989103693E-15, 0.0000000000000000000 ) ) ;
#3401 = ORIENTED_EDGE ( 'NONE', *, *, #4476, .T. ) ;
#3402 = DIRECTION ( 'NONE',  ( -1.000000000000000000, -0.0000000000000000000, -0.0000000000000000000 ) ) ;
#3403 = CARTESIAN_POINT ( 'NONE',  ( 77.89642850459441092, -5.999999999999989342, 0.0000000000000000000 ) ) ;
#3404 = ORIENTED_EDGE ( 'NONE', *, *, #4555, .F. ) ;
#3405 = CARTESIAN_POINT ( 'NONE',  ( -31.74999999999995737, 7.347880794883956047E-16, -5.999999999999866773 ) ) ;
#3406 = CARTESIAN_POINT ( 'NONE',  ( 60.75357136173725792, 5.939340807853974748E-15, 0.0000000000000000000 ) ) ;
#3407 = PLANE ( 'NONE',  #2730 ) ;
#3408 = ORIENTED_EDGE ( 'NONE', *, *, #4560, .F. ) ;
#3409 = CARTESIAN_POINT ( 'NONE',  ( 0.0000000000000000000, 0.0000000000000000000, 8.400000000000000355 ) ) ;
#3410 = EDGE_CURVE ( 'NONE', #1425, #2319, #1998, .T. ) ;
#3411 = EDGE_CURVE ( 'NONE', #480, #328, #2467, .T. ) ;
#3412 = EDGE_CURVE ( 'NONE', #480, #1261, #2521, .T. ) ;
#3413 = ORIENTED_EDGE ( 'NONE', *, *, #2865, .T. ) ;
#3414 = ORIENTED_EDGE ( 'NONE', *, *, #3986, .T. ) ;
#3415 = ADVANCED_FACE ( 'NONE', ( #1687 ), #1512, .T. ) ;
#3416 = EDGE_LOOP ( 'NONE', ( #2986, #4780, #3465, #4768, #4804 ) ) ;
#3417 = LINE ( 'NONE', #1488, #3231 ) ;
#3418 = DIRECTION ( 'NONE',  ( -1.000000000000000000, -0.0000000000000000000, -0.0000000000000000000 ) ) ;
#3419 = CARTESIAN_POINT ( 'NONE',  ( 70.67500006683415847, 6.104662681989103693E-15, 0.0000000000000000000 ) ) ;
#3420 = CIRCLE ( 'NONE', #1183, 6.000000000000006217 ) ;
#3421 = ORIENTED_EDGE ( 'NONE', *, *, #3956, .F. ) ;
#3422 = LINE ( 'NONE', #3950, #3356 ) ;
#3423 = ORIENTED_EDGE ( 'NONE', *, *, #4565, .F. ) ;
#3424 = ORIENTED_EDGE ( 'NONE', *, *, #3217, .T. ) ;
#3425 = CARTESIAN_POINT ( 'NONE',  ( 6.000000000000000000, -2.919948986426523341, 5.057499999999991225 ) ) ;
#3426 = DIRECTION ( 'NONE',  ( 0.0000000000000000000, -1.000000000000000000, 0.0000000000000000000 ) ) ;
#3427 = CARTESIAN_POINT ( 'NONE',  ( 74.46785707602298032, 6.000000000000002665, 7.347880794884116778E-16 ) ) ;
#3428 = DIRECTION ( 'NONE',  ( 0.0000000000000000000, 1.000000000000000000, 0.0000000000000000000 ) ) ;
#3429 = EDGE_CURVE ( 'NONE', #1261, #3590, #1573, .T. ) ;
#3430 = VECTOR ( 'NONE', #4094, 1000.000000000000114 ) ;
#3431 = ORIENTED_EDGE ( 'NONE', *, *, #3928, .T. ) ;
#3432 = VERTEX_POINT ( 'NONE', #2706 ) ;
#3433 = EDGE_CURVE ( 'NONE', #2088, #3138, #1638, .T. ) ;
#3434 = DIRECTION ( 'NONE',  ( 1.000000000000000000, 1.224606353822377258E-16, 0.0000000000000000000 ) ) ;
#3435 = DIRECTION ( 'NONE',  ( -1.000000000000000000, -1.224606353822377258E-16, -0.0000000000000000000 ) ) ;
#3436 = CARTESIAN_POINT ( 'NONE',  ( -31.74999999999995737, 0.0000000000000000000, 0.0000000000000000000 ) ) ;
#3437 = DIRECTION ( 'NONE',  ( -1.000000000000000000, -0.0000000000000000000, -0.0000000000000000000 ) ) ;
#3438 = CIRCLE ( 'NONE', #1195, 5.036000000000006693 ) ;
#3439 = EDGE_LOOP ( 'NONE', ( #3392, #3413, #3484, #3542, #3543, #3559 ) ) ;
#3440 = EDGE_CURVE ( 'NONE', #1841, #2357, #1564, .T. ) ;
#3441 = EDGE_CURVE ( 'NONE', #2357, #1291, #1633, .T. ) ;
#3442 = DIRECTION ( 'NONE',  ( -1.000000000000000000, -1.224606353822377258E-16, -0.0000000000000000000 ) ) ;
#3443 = DIRECTION ( 'NONE',  ( 1.000000000000000000, 1.224606353822377258E-16, 0.0000000000000000000 ) ) ;
#3444 = ORIENTED_EDGE ( 'NONE', *, *, #3315, .T. ) ;
#3445 = CARTESIAN_POINT ( 'NONE',  ( 57.32499993316583442, 5.939340807853974748E-15, 0.0000000000000000000 ) ) ;
#3446 = EDGE_CURVE ( 'NONE', #366, #1291, #1442, .T. ) ;
#3447 = CARTESIAN_POINT ( 'NONE',  ( -31.74999999999995737, 0.0000000000000000000, 0.0000000000000000000 ) ) ;
#3448 = EDGE_LOOP ( 'NONE', ( #1063, #4642, #3630, #682, #272 ) ) ;
#3449 = VECTOR ( 'NONE', #697, 1000.000000000000000 ) ;
#3450 = VECTOR ( 'NONE', #2826, 1000.000000000000114 ) ;
#3451 = VERTEX_POINT ( 'NONE', #294 ) ;
#3452 = CIRCLE ( 'NONE', #832, 6.000000000000006217 ) ;
#3453 = LINE ( 'NONE', #2782, #3450 ) ;
#3454 = EDGE_CURVE ( 'NONE', #4437, #2791, #1169, .T. ) ;
#3455 = DIRECTION ( 'NONE',  ( 0.0000000000000000000, -1.000000000000000000, 0.0000000000000000000 ) ) ;
#3456 = CARTESIAN_POINT ( 'NONE',  ( 77.89642850459441092, 7.347880794882739229E-16, -6.000000000000006217 ) ) ;
#3457 = CARTESIAN_POINT ( 'NONE',  ( 50.10357149540558197, -6.000000000000000888, 7.347880794884127625E-16 ) ) ;
#3458 = VECTOR ( 'NONE', #4084, 999.9999999999998863 ) ;
#3459 = ORIENTED_EDGE ( 'NONE', *, *, #4005, .F. ) ;
#3460 = EDGE_CURVE ( 'NONE', #3213, #4599, #1319, .T. ) ;
#3461 = VERTEX_POINT ( 'NONE', #279 ) ;
#3462 = DIRECTION ( 'NONE',  ( -1.000000000000000000, -0.0000000000000000000, -0.0000000000000000000 ) ) ;
#3463 = CARTESIAN_POINT ( 'NONE',  ( -31.74999999999995737, 0.0000000000000000000, 0.0000000000000000000 ) ) ;
#3464 = DIRECTION ( 'NONE',  ( 0.0000000000000000000, 0.0000000000000000000, 1.000000000000000000 ) ) ;
#3465 = ORIENTED_EDGE ( 'NONE', *, *, #4071, .T. ) ;
#3466 = VERTEX_POINT ( 'NONE', #286 ) ;
#3467 = CARTESIAN_POINT ( 'NONE',  ( 46.00000000000000000, 6.022001744921539221E-15, 0.0000000000000000000 ) ) ;
#3468 = EDGE_CURVE ( 'NONE', #1715, #2270, #1176, .T. ) ;
#3469 = ORIENTED_EDGE ( 'NONE', *, *, #4567, .T. ) ;
#3470 = DIRECTION ( 'NONE',  ( 0.0000000000000000000, -1.000000000000000000, 0.0000000000000000000 ) ) ;
#3471 = CARTESIAN_POINT ( 'NONE',  ( -31.74999999999995737, 0.0000000000000000000, 0.0000000000000000000 ) ) ;
#3472 = DIRECTION ( 'NONE',  ( 0.0000000000000000000, 0.0000000000000000000, 1.000000000000000000 ) ) ;
#3473 = EDGE_CURVE ( 'NONE', #4319, #4791, #2238, .T. ) ;
#3474 = ORIENTED_EDGE ( 'NONE', *, *, #4508, .F. ) ;
#3475 = DIRECTION ( 'NONE',  ( 0.0000000000000000000, -1.000000000000000000, 0.0000000000000000000 ) ) ;
#3476 = DIRECTION ( 'NONE',  ( -1.000000000000000000, -1.224606353822377258E-16, -0.0000000000000000000 ) ) ;
#3477 = CARTESIAN_POINT ( 'NONE',  ( 48.75357136173725792, 7.347880794882739229E-16, -6.000000000000006217 ) ) ;
#3478 = CARTESIAN_POINT ( 'NONE',  ( 49.42857142857142350, 6.022001744921539221E-15, 0.0000000000000000000 ) ) ;
#3479 = ORIENTED_EDGE ( 'NONE', *, *, #4567, .F. ) ;
#3480 = ORIENTED_EDGE ( 'NONE', *, *, #4476, .F. ) ;
#3481 = EDGE_CURVE ( 'NONE', #2435, #539, #911, .T. ) ;
#3482 = CARTESIAN_POINT ( 'NONE',  ( 73.42857142857143060, 6.022001744921539221E-15, 0.0000000000000000000 ) ) ;
#3483 = DIRECTION ( 'NONE',  ( -1.000000000000000000, -0.0000000000000000000, -0.0000000000000000000 ) ) ;
#3484 = ORIENTED_EDGE ( 'NONE', *, *, #3503, .T. ) ;
#3485 = ORIENTED_EDGE ( 'NONE', *, *, #4573, .T. ) ;
#3486 = LINE ( 'NONE', #4670, #4438 ) ;
#3487 = CIRCLE ( 'NONE', #1390, 5.036000000000006693 ) ;
#3488 = ADVANCED_FACE ( 'NONE', ( #719 ), #240, .T. ) ;
#3489 = DIRECTION ( 'NONE',  ( -1.000000000000000000, -0.0000000000000000000, -0.0000000000000000000 ) ) ;
#3490 = PLANE ( 'NONE',  #451 ) ;
#3491 = VERTEX_POINT ( 'NONE', #43 ) ;
#3492 = DIRECTION ( 'NONE',  ( -1.000000000000000000, -0.0000000000000000000, -0.0000000000000000000 ) ) ;
#3493 = VERTEX_POINT ( 'NONE', #7 ) ;
#3494 = DIRECTION ( 'NONE',  ( 0.0000000000000000000, -1.000000000000000000, 0.0000000000000000000 ) ) ;
#3495 = CIRCLE ( 'NONE', #1538, 6.000000000000006217 ) ;
#3496 = DIRECTION ( 'NONE',  ( -1.000000000000000000, -1.224606353822377258E-16, -0.0000000000000000000 ) ) ;
#3497 = EDGE_CURVE ( 'NONE', #1877, #2198, #346, .T. ) ;
#3498 = ORIENTED_EDGE ( 'NONE', *, *, #3251, .F. ) ;
#3499 = ORIENTED_EDGE ( 'NONE', *, *, #3855, .T. ) ;
#3500 = DIRECTION ( 'NONE',  ( -1.000000000000000000, -1.224606353822377258E-16, -0.0000000000000000000 ) ) ;
#3501 = DIRECTION ( 'NONE',  ( -1.000000000000000000, -1.224606353822377258E-16, -0.0000000000000000000 ) ) ;
#3502 = ORIENTED_EDGE ( 'NONE', *, *, #4576, .T. ) ;
#3503 = EDGE_CURVE ( 'NONE', #1858, #3213, #464, .T. ) ;
#3504 = ORIENTED_EDGE ( 'NONE', *, *, #4577, .T. ) ;
#3505 = CARTESIAN_POINT ( 'NONE',  ( 75.81785720969129727, 6.000000000000011546, 0.0000000000000000000 ) ) ;
#3506 = ORIENTED_EDGE ( 'NONE', *, *, #4514, .F. ) ;
#3507 = CIRCLE ( 'NONE', #850, 6.000000000000006217 ) ;
#3508 = LINE ( 'NONE', #2750, #3777 ) ;
#3509 = EDGE_CURVE ( 'NONE', #3432, #1858, #656, .T. ) ;
#3510 = CARTESIAN_POINT ( 'NONE',  ( 56.96071435254844317, 6.104662681989103693E-15, 0.0000000000000000000 ) ) ;
#3511 = CARTESIAN_POINT ( 'NONE',  ( 47.71428571428571530, 6.022001744921539221E-15, 0.0000000000000000000 ) ) ;
#3512 = EDGE_CURVE ( 'NONE', #148, #3856, #783, .T. ) ;
#3513 = DIRECTION ( 'NONE',  ( 0.0000000000000000000, -1.000000000000000000, 0.0000000000000000000 ) ) ;
#3514 = VERTEX_POINT ( 'NONE', #4756 ) ;
#3515 = DIRECTION ( 'NONE',  ( -1.000000000000000000, -1.224606353822377258E-16, -0.0000000000000000000 ) ) ;
#3516 = EDGE_CURVE ( 'NONE', #4152, #148, #1847, .T. ) ;
#3517 = ORIENTED_EDGE ( 'NONE', *, *, #3877, .F. ) ;
#3518 = DIRECTION ( 'NONE',  ( 0.0000000000000000000, -1.000000000000000000, 0.0000000000000000000 ) ) ;
#3519 = ORIENTED_EDGE ( 'NONE', *, *, #4150, .T. ) ;
#3520 = DIRECTION ( 'NONE',  ( 0.0000000000000000000, -1.000000000000000000, 0.0000000000000000000 ) ) ;
#3521 = EDGE_LOOP ( 'NONE', ( #3932, #3974, #4140, #4149, #4184, #4199 ) ) ;
#3522 = ORIENTED_EDGE ( 'NONE', *, *, #4013, .F. ) ;
#3523 = VERTEX_POINT ( 'NONE', #4757 ) ;
#3524 = DIRECTION ( 'NONE',  ( 0.0000000000000000000, -1.000000000000000000, 0.0000000000000000000 ) ) ;
#3525 = ORIENTED_EDGE ( 'NONE', *, *, #4577, .F. ) ;
#3526 = ADVANCED_FACE ( 'NONE', ( #1186 ), #4292, .T. ) ;
#3527 = DIRECTION ( 'NONE',  ( 0.0000000000000000000, 0.0000000000000000000, 1.000000000000000000 ) ) ;
#3528 = CARTESIAN_POINT ( 'NONE',  ( 63.14285714285713880, 6.022001744921539221E-15, 0.0000000000000000000 ) ) ;
#3529 = VERTEX_POINT ( 'NONE', #4715 ) ;
#3530 = EDGE_CURVE ( 'NONE', #4152, #4783, #4342, .T. ) ;
#3531 = DIRECTION ( 'NONE',  ( 0.0000000000000000000, -1.000000000000000000, 0.0000000000000000000 ) ) ;
#3532 = DIRECTION ( 'NONE',  ( 0.0000000000000000000, -1.000000000000000000, 0.0000000000000000000 ) ) ;
#3533 = FILL_AREA_STYLE_COLOUR ( '', #37 ) ;
#3534 = EDGE_CURVE ( 'NONE', #4783, #738, #4602, .T. ) ;
#3535 = VERTEX_POINT ( 'NONE', #4693 ) ;
#3536 = ORIENTED_EDGE ( 'NONE', *, *, #4582, .T. ) ;
#3537 = ADVANCED_FACE ( 'NONE', ( #3969 ), #2881, .T. ) ;
#3538 = VECTOR ( 'NONE', #1711, 999.9999999999998863 ) ;
#3539 = DIRECTION ( 'NONE',  ( 0.0000000000000000000, -1.000000000000000000, 0.0000000000000000000 ) ) ;
#3540 = CIRCLE ( 'NONE', #1632, 6.000000000000006217 ) ;
#3541 = VECTOR ( 'NONE', #4028, 1000.000000000000000 ) ;
#3542 = ORIENTED_EDGE ( 'NONE', *, *, #3664, .T. ) ;
#3543 = ORIENTED_EDGE ( 'NONE', *, *, #3512, .F. ) ;
#3544 = EDGE_CURVE ( 'NONE', #2562, #4599, #3486, .T. ) ;
#3545 = DIRECTION ( 'NONE',  ( -1.000000000000000000, -1.224606353822377258E-16, -0.0000000000000000000 ) ) ;
#3546 = CARTESIAN_POINT ( 'NONE',  ( 0.6000000000000033085, 1.028703311283776586E-15, -8.400000000000000355 ) ) ;
#3547 = CIRCLE ( 'NONE', #1165, 6.000000000000006217 ) ;
#3548 = DIRECTION ( 'NONE',  ( -1.000000000000000000, -1.224606353822377258E-16, -0.0000000000000000000 ) ) ;
#3549 = DIRECTION ( 'NONE',  ( -1.000000000000000000, -1.224606353822377258E-16, -0.0000000000000000000 ) ) ;
#3550 = FILL_AREA_STYLE ('',( #3533 ) ) ;
#3551 = VERTEX_POINT ( 'NONE', #4661 ) ;
#3552 = EDGE_CURVE ( 'NONE', #2399, #3299, #2652, .T. ) ;
#3553 = ORIENTED_EDGE ( 'NONE', *, *, #3618, .F. ) ;
#3554 = ORIENTED_EDGE ( 'NONE', *, *, #3298, .T. ) ;
#3555 = ORIENTED_EDGE ( 'NONE', *, *, #3561, .F. ) ;
#3556 = EDGE_CURVE ( 'NONE', #2776, #2435, #2818, .T. ) ;
#3557 = ORIENTED_EDGE ( 'NONE', *, *, #4583, .T. ) ;
#3558 = EDGE_CURVE ( 'NONE', #1436, #2532, #2358, .T. ) ;
#3559 = ORIENTED_EDGE ( 'NONE', *, *, #2863, .F. ) ;
#3560 = EDGE_CURVE ( 'NONE', #4623, #1436, #3351, .T. ) ;
#3561 = EDGE_CURVE ( 'NONE', #2270, #4422, #3751, .T. ) ;
#3562 = VERTEX_POINT ( 'NONE', #4544 ) ;
#3563 = CIRCLE ( 'NONE', #1040, 5.036000000000006693 ) ;
#3564 = EDGE_CURVE ( 'NONE', #4540, #2776, #2237, .T. ) ;
#3565 = CARTESIAN_POINT ( 'NONE',  ( 74.46785707602298032, 5.939340807853974748E-15, 0.0000000000000000000 ) ) ;
#3566 = DIRECTION ( 'NONE',  ( -1.000000000000000000, -0.0000000000000000000, -0.0000000000000000000 ) ) ;
#3567 = ORIENTED_EDGE ( 'NONE', *, *, #3634, .F. ) ;
#3568 = PRODUCT_CONTEXT ( 'NONE', #3260, 'mechanical' ) ;
#3569 = EDGE_CURVE ( 'NONE', #3523, #1900, #1996, .T. ) ;
#3570 = VERTEX_POINT ( 'NONE', #4552 ) ;
#3571 = DIRECTION ( 'NONE',  ( 1.000000000000000000, 1.224606353822377258E-16, 0.0000000000000000000 ) ) ;
#3572 = VERTEX_POINT ( 'NONE', #4459 ) ;
#3573 = EDGE_CURVE ( 'NONE', #1715, #2435, #1511, .T. ) ;
#3574 = DIRECTION ( 'NONE',  ( -1.000000000000000000, -1.224606353822377258E-16, -0.0000000000000000000 ) ) ;
#3575 = CARTESIAN_POINT ( 'NONE',  ( 74.10357149540558908, 6.104662681989103693E-15, 0.0000000000000000000 ) ) ;
#3576 = CARTESIAN_POINT ( 'NONE',  ( -31.74999999999995737, 0.0000000000000000000, 0.0000000000000000000 ) ) ;
#3577 = ORIENTED_EDGE ( 'NONE', *, *, #2868, .F. ) ;
#3578 = LINE ( 'NONE', #636, #3228 ) ;
#3579 = EDGE_CURVE ( 'NONE', #1425, #3944, #1754, .T. ) ;
#3580 = DIRECTION ( 'NONE',  ( 0.0000000000000000000, -1.000000000000000000, 0.0000000000000000000 ) ) ;
#3581 = ORIENTED_EDGE ( 'NONE', *, *, #4584, .T. ) ;
#3582 = LINE ( 'NONE', #1519, #3353 ) ;
#3583 = CIRCLE ( 'NONE', #1643, 5.035999999999999588 ) ;
#3584 = DIRECTION ( 'NONE',  ( -1.000000000000000000, -1.224606353822377258E-16, -0.0000000000000000000 ) ) ;
#3585 = CARTESIAN_POINT ( 'NONE',  ( 55.24642863826272787, 6.104662681989103693E-15, 0.0000000000000000000 ) ) ;
#3586 = ORIENTED_EDGE ( 'NONE', *, *, #4515, .T. ) ;
#3587 = LINE ( 'NONE', #3787, #1695 ) ;
#3588 = ORIENTED_EDGE ( 'NONE', *, *, #2964, .T. ) ;
#3589 = EDGE_CURVE ( 'NONE', #99, #1900, #1173, .T. ) ;
#3590 = VERTEX_POINT ( 'NONE', #4416 ) ;
#3591 = CARTESIAN_POINT ( 'NONE',  ( 65.89642850459439671, 5.939340807853974748E-15, 0.0000000000000000000 ) ) ;
#3592 = DIRECTION ( 'NONE',  ( 0.0000000000000000000, 1.000000000000000000, 0.0000000000000000000 ) ) ;
#3593 = SHAPE_DEFINITION_REPRESENTATION ( #3881, #22 ) ;
#3594 = FACE_OUTER_BOUND ( 'NONE', #3092, .T. ) ;
#3595 = CARTESIAN_POINT ( 'NONE',  ( -31.74999999999995737, 0.0000000000000000000, 0.0000000000000000000 ) ) ;
#3596 = ORIENTED_EDGE ( 'NONE', *, *, #3120, .F. ) ;
#3597 = ORIENTED_EDGE ( 'NONE', *, *, #3855, .F. ) ;
#3598 = EDGE_LOOP ( 'NONE', ( #4773, #4781, #957, #962, #2273 ) ) ;
#3599 = EDGE_CURVE ( 'NONE', #4623, #1715, #1637, .T. ) ;
#3600 = EDGE_CURVE ( 'NONE', #3514, #1206, #724, .T. ) ;
#3601 = CARTESIAN_POINT ( 'NONE',  ( 6.000000000000000000, -2.919948986426523341, 5.057499999999991225 ) ) ;
#3602 = UNCERTAINTY_MEASURE_WITH_UNIT (LENGTH_MEASURE( 1.000000000000000082E-05 ), #2289, 'distance_accuracy_value', 'NONE');
#3603 = ORIENTED_EDGE ( 'NONE', *, *, #4584, .F. ) ;
#3604 = CIRCLE ( 'NONE', #915, 6.000000000000006217 ) ;
#3605 = CARTESIAN_POINT ( 'NONE',  ( 80.28571428571427759, 5.036000000000012911, 0.0000000000000000000 ) ) ;
#3606 = ORIENTED_EDGE ( 'NONE', *, *, #3686, .F. ) ;
#3607 = VECTOR ( 'NONE', #1005, 999.9999999999998863 ) ;
#3608 = DIRECTION ( 'NONE',  ( 0.0000000000000000000, -1.000000000000000000, 0.0000000000000000000 ) ) ;
#3609 = CARTESIAN_POINT ( 'NONE',  ( 12.00000000000000000, 8.082668874372367331E-16, 6.599999999999866418 ) ) ;
#3610 = CARTESIAN_POINT ( 'NONE',  ( 47.03928564745154972, 6.000000000000013323, 7.347880794884127625E-16 ) ) ;
#3611 = ORIENTED_EDGE ( 'NONE', *, *, #4588, .F. ) ;
#3612 = EDGE_CURVE ( 'NONE', #4680, #4409, #909, .T. ) ;
#3613 = EDGE_CURVE ( 'NONE', #539, #4252, #1884, .T. ) ;
#3614 = CARTESIAN_POINT ( 'NONE',  ( 75.14285714285713880, 6.022001744921539221E-15, 0.0000000000000000000 ) ) ;
#3615 = ORIENTED_EDGE ( 'NONE', *, *, #4003, .T. ) ;
#3616 = VERTEX_POINT ( 'NONE', #4321 ) ;
#3617 = ORIENTED_EDGE ( 'NONE', *, *, #4221, .T. ) ;
#3618 = EDGE_CURVE ( 'NONE', #2776, #4303, #64, .T. ) ;
#3619 = CARTESIAN_POINT ( 'NONE',  ( -31.74999999999995737, 0.0000000000000000000, 5.999999999999866773 ) ) ;
#3620 = DIRECTION ( 'NONE',  ( -1.000000000000000000, -0.0000000000000000000, -0.0000000000000000000 ) ) ;
#3621 = EDGE_LOOP ( 'NONE', ( #4663, #4745, #4749, #4764 ) ) ;
#3622 = DIRECTION ( 'NONE',  ( 0.0000000000000000000, -1.000000000000000000, 0.0000000000000000000 ) ) ;
#3623 = CARTESIAN_POINT ( 'NONE',  ( 56.28571428571428470, 6.022001744921539221E-15, 0.0000000000000000000 ) ) ;
#3624 = DIRECTION ( 'NONE',  ( -1.000000000000000000, -1.224606353822377258E-16, -0.0000000000000000000 ) ) ;
#3625 = ORIENTED_EDGE ( 'NONE', *, *, #3599, .T. ) ;
#3626 = DIRECTION ( 'NONE',  ( 0.0000000000000000000, -1.000000000000000000, 0.0000000000000000000 ) ) ;
#3627 = DIRECTION ( 'NONE',  ( 0.0000000000000000000, -1.000000000000000000, 0.0000000000000000000 ) ) ;
#3628 = EDGE_CURVE ( 'NONE', #2562, #4369, #3821, .T. ) ;
#3629 = EDGE_CURVE ( 'NONE', #3491, #4303, #654, .T. ) ;
#3630 = ORIENTED_EDGE ( 'NONE', *, *, #3589, .T. ) ;
#3631 = CARTESIAN_POINT ( 'NONE',  ( 65.53214292397701968, 6.104662681989103693E-15, 0.0000000000000000000 ) ) ;
#3632 = DIRECTION ( 'NONE',  ( 0.0000000000000000000, 0.0000000000000000000, 1.000000000000000000 ) ) ;
#3633 = CARTESIAN_POINT ( 'NONE',  ( 0.0000000000000000000, 5.839897972853066221, -2.038300084272748336E-14 ) ) ;
#3634 = EDGE_CURVE ( 'NONE', #3432, #3491, #4595, .T. ) ;
#3635 = EDGE_CURVE ( 'NONE', #2319, #1629, #4610, .T. ) ;
#3636 = ORIENTED_EDGE ( 'NONE', *, *, #4600, .F. ) ;
#3637 = EDGE_CURVE ( 'NONE', #4042, #3314, #4790, .T. ) ;
#3638 = DIRECTION ( 'NONE',  ( -1.000000000000000000, -1.224606353822377258E-16, -0.0000000000000000000 ) ) ;
#3639 = CARTESIAN_POINT ( 'NONE',  ( 63.14285714285713880, 5.036000000000012911, 0.0000000000000000000 ) ) ;
#3640 = CARTESIAN_POINT ( 'NONE',  ( 6.000000000000000000, -7.511572993685799692E-15, -5.057500000000000107 ) ) ;
#3641 = ORIENTED_EDGE ( 'NONE', *, *, #3637, .T. ) ;
#3642 = CIRCLE ( 'NONE', #1397, 6.000000000000006217 ) ;
#3643 = CARTESIAN_POINT ( 'NONE',  ( 75.81785720969129727, 6.000000000000012434, 0.0000000000000000000 ) ) ;
#3644 = EDGE_CURVE ( 'NONE', #3730, #2616, #4387, .T. ) ;
#3645 = LINE ( 'NONE', #3975, #3430 ) ;
#3646 = DIRECTION ( 'NONE',  ( -1.000000000000000000, -0.0000000000000000000, -0.0000000000000000000 ) ) ;
#3647 = VERTEX_POINT ( 'NONE', #4233 ) ;
#3648 = DIRECTION ( 'NONE',  ( 0.0000000000000000000, -1.000000000000000000, 0.0000000000000000000 ) ) ;
#3649 = VERTEX_POINT ( 'NONE', #4181 ) ;
#3650 = CIRCLE ( 'NONE', #499, 5.057500000000000107 ) ;
#3651 = CARTESIAN_POINT ( 'NONE',  ( 63.81785720969129727, -6.000000000000000000, 7.347880794884126639E-16 ) ) ;
#3652 = CARTESIAN_POINT ( 'NONE',  ( 71.71428571428572241, 5.036000000000012911, 0.0000000000000000000 ) ) ;
#3653 = ORIENTED_EDGE ( 'NONE', *, *, #3034, .T. ) ;
#3654 = DIRECTION ( 'NONE',  ( -1.000000000000000000, -1.224606353822377258E-16, -0.0000000000000000000 ) ) ;
#3655 = EDGE_CURVE ( 'NONE', #3314, #374, #4243, .T. ) ;
#3656 = EDGE_CURVE ( 'NONE', #2451, #10, #3915, .T. ) ;
#3657 = EDGE_CURVE ( 'NONE', #3138, #837, #4031, .T. ) ;
#3658 = CARTESIAN_POINT ( 'NONE',  ( 74.46785707602298032, 5.939340807853974748E-15, 0.0000000000000000000 ) ) ;
#3659 = ORIENTED_EDGE ( 'NONE', *, *, #3902, .F. ) ;
#3660 = DIRECTION ( 'NONE',  ( -1.000000000000000000, -0.0000000000000000000, -0.0000000000000000000 ) ) ;
#3661 = CARTESIAN_POINT ( 'NONE',  ( -31.74999999999995737, 0.0000000000000000000, 0.0000000000000000000 ) ) ;
#3662 = ORIENTED_EDGE ( 'NONE', *, *, #4498, .T. ) ;
#3663 = DIRECTION ( 'NONE',  ( 1.000000000000000000, 1.224606353822377258E-16, 0.0000000000000000000 ) ) ;
#3664 = EDGE_CURVE ( 'NONE', #3213, #3856, #3972, .T. ) ;
#3665 = EDGE_CURVE ( 'NONE', #4369, #4252, #3872, .T. ) ;
#3666 = ORIENTED_EDGE ( 'NONE', *, *, #4609, .T. ) ;
#3667 = LINE ( 'NONE', #1185, #3607 ) ;
#3668 = LINE ( 'NONE', #2701, #3319 ) ;
#3669 = CARTESIAN_POINT ( 'NONE',  ( 60.75357136173725792, 7.347880794882739229E-16, -6.000000000000006217 ) ) ;
#3670 = CARTESIAN_POINT ( 'NONE',  ( 48.38928578111987377, 6.104662681989103693E-15, 0.0000000000000000000 ) ) ;
#3671 = EDGE_CURVE ( 'NONE', #4211, #4418, #3818, .T. ) ;
#3672 = ORIENTED_EDGE ( 'NONE', *, *, #4022, .T. ) ;
#3673 = DIRECTION ( 'NONE',  ( 0.0000000000000000000, 1.000000000000000000, 0.0000000000000000000 ) ) ;
#3674 = DIRECTION ( 'NONE',  ( 0.0000000000000000000, 0.0000000000000000000, 1.000000000000000000 ) ) ;
#3675 = EDGE_CURVE ( 'NONE', #1629, #4422, #3699, .T. ) ;
#3676 = LINE ( 'NONE', #211, #4616 ) ;
#3677 = DIRECTION ( 'NONE',  ( 0.0000000000000000000, 1.000000000000000000, -1.224646799147353207E-16 ) ) ;
#3678 = ORIENTED_EDGE ( 'NONE', *, *, #2876, .F. ) ;
#3679 = ORIENTED_EDGE ( 'NONE', *, *, #4524, .T. ) ;
#3680 = EDGE_CURVE ( 'NONE', #2088, #1841, #3645, .T. ) ;
#3681 = DIRECTION ( 'NONE',  ( -0.0000000000000000000, 1.000000000000000000, 1.224646799147353207E-16 ) ) ;
#3682 = EDGE_CURVE ( 'NONE', #480, #2088, #3438, .T. ) ;
#3683 = EDGE_LOOP ( 'NONE', ( #4541, #4612 ) ) ;
#3684 = DIRECTION ( 'NONE',  ( 0.5735764363510450492, 0.8191520442889925757, 0.0000000000000000000 ) ) ;
#3685 = DIRECTION ( 'NONE',  ( -1.000000000000000000, -1.224606353822377258E-16, -0.0000000000000000000 ) ) ;
#3686 = EDGE_CURVE ( 'NONE', #738, #3590, #3422, .T. ) ;
#3687 = EDGE_CURVE ( 'NONE', #4409, #2791, #3420, .T. ) ;
#3688 = CIRCLE ( 'NONE', #1653, 6.000000000000006217 ) ;
#3689 = ORIENTED_EDGE ( 'NONE', *, *, #3628, .T. ) ;
#3690 = VECTOR ( 'NONE', #1979, 1000.000000000000000 ) ;
#3691 = ORIENTED_EDGE ( 'NONE', *, *, #2803, .F. ) ;
#3692 = ADVANCED_FACE ( 'NONE', ( #3344 ), #2639, .T. ) ;
#3693 = CIRCLE ( 'NONE', #1642, 5.999999999999729106 ) ;
#3694 = ORIENTED_EDGE ( 'NONE', *, *, #3655, .T. ) ;
#3695 = ORIENTED_EDGE ( 'NONE', *, *, #4609, .F. ) ;
#3696 = DIRECTION ( 'NONE',  ( -1.000000000000000000, -1.224606353822377258E-16, -0.0000000000000000000 ) ) ;
#3697 = CARTESIAN_POINT ( 'NONE',  ( 81.03599999999977399, 7.347880794883788415E-16, -5.999999999999729106 ) ) ;
#3698 = VECTOR ( 'NONE', #2433, 1000.000000000000000 ) ;
#3699 = LINE ( 'NONE', #3987, #3541 ) ;
#3700 = ORIENTED_EDGE ( 'NONE', *, *, #4611, .F. ) ;
#3701 = DIRECTION ( 'NONE',  ( 0.0000000000000000000, 0.5000000000000013323, 0.8660254037844378194 ) ) ;
#3702 = CARTESIAN_POINT ( 'NONE',  ( 47.71428571428571530, 5.036000000000012911, 0.0000000000000000000 ) ) ;
#3703 = CARTESIAN_POINT ( 'NONE',  ( 52.85714285714285410, 6.022001744921539221E-15, 0.0000000000000000000 ) ) ;
#3704 = EDGE_CURVE ( 'NONE', #4019, #446, #2936, .T. ) ;
#3705 = DIRECTION ( 'NONE',  ( 0.0000000000000000000, 0.0000000000000000000, -1.000000000000000000 ) ) ;
#3706 = ORIENTED_EDGE ( 'NONE', *, *, #4617, .F. ) ;
#3707 = ORIENTED_EDGE ( 'NONE', *, *, #3552, .T. ) ;
#3708 = CARTESIAN_POINT ( 'NONE',  ( 12.59999999999999964, 0.0000000000000000000, 0.0000000000000000000 ) ) ;
#3709 = EDGE_CURVE ( 'NONE', #446, #837, #3223, .T. ) ;
#3710 = ORIENTED_EDGE ( 'NONE', *, *, #3816, .T. ) ;
#3711 = EDGE_CURVE ( 'NONE', #4303, #4369, #2952, .T. ) ;
#3712 = ORIENTED_EDGE ( 'NONE', *, *, #3892, .F. ) ;
#3713 = DIRECTION ( 'NONE',  ( -1.000000000000000000, -1.224606353822377258E-16, -0.0000000000000000000 ) ) ;
#3714 = DIRECTION ( 'NONE',  ( 0.0000000000000000000, -1.000000000000000000, 0.0000000000000000000 ) ) ;
#3715 = CARTESIAN_POINT ( 'NONE',  ( 79.61071421888010491, 5.939340807853974748E-15, 0.0000000000000000000 ) ) ;
#3716 = DIRECTION ( 'NONE',  ( 0.0000000000000000000, -1.000000000000000000, 0.0000000000000000000 ) ) ;
#3717 = ORIENTED_EDGE ( 'NONE', *, *, #3813, .F. ) ;
#3718 = ORIENTED_EDGE ( 'NONE', *, *, #4543, .T. ) ;
#3719 = LINE ( 'NONE', #1783, #3728 ) ;
#3720 = EDGE_CURVE ( 'NONE', #4680, #4019, #2657, .T. ) ;
#3721 = CARTESIAN_POINT ( 'NONE',  ( 59.03928564745154972, 5.939340807853974748E-15, 0.0000000000000000000 ) ) ;
#3722 = VERTEX_POINT ( 'NONE', #3797 ) ;
#3723 = ADVANCED_FACE ( 'NONE', ( #2423 ), #3754, .F. ) ;
#3724 = DIRECTION ( 'NONE',  ( 0.0000000000000000000, 0.8660254037844379305, -0.5000000000000014433 ) ) ;
#3725 = DIRECTION ( 'NONE',  ( -1.000000000000000000, -1.224606353822377258E-16, -0.0000000000000000000 ) ) ;
#3726 = CARTESIAN_POINT ( 'NONE',  ( 48.75357136173725792, 5.939340807853974748E-15, 0.0000000000000000000 ) ) ;
#3727 = ORIENTED_EDGE ( 'NONE', *, *, #4588, .T. ) ;
#3728 = VECTOR ( 'NONE', #1810, 1000.000000000000000 ) ;
#3729 = DIRECTION ( 'NONE',  ( 0.0000000000000000000, -1.000000000000000000, 0.0000000000000000000 ) ) ;
#3730 = VERTEX_POINT ( 'NONE', #3851 ) ;
#3731 = CARTESIAN_POINT ( 'NONE',  ( 64.18214279030868852, 5.939340807853974748E-15, 0.0000000000000000000 ) ) ;
#3732 = CARTESIAN_POINT ( 'NONE',  ( 54.57142857142856940, 6.022001744921539221E-15, 0.0000000000000000000 ) ) ;
#3733 = ORIENTED_EDGE ( 'NONE', *, *, #3665, .T. ) ;
#3734 = EDGE_CURVE ( 'NONE', #313, #1841, #3547, .T. ) ;
#3735 = EDGE_CURVE ( 'NONE', #976, #4450, #2298, .T. ) ;
#3736 = ORIENTED_EDGE ( 'NONE', *, *, #2870, .T. ) ;
#3737 = ORIENTED_EDGE ( 'NONE', *, *, #4215, .F. ) ;
#3738 = VERTEX_POINT ( 'NONE', #3669 ) ;
#3739 = CARTESIAN_POINT ( 'NONE',  ( 67.24642863826272787, 6.000000000000012434, 0.0000000000000000000 ) ) ;
#3740 = DIRECTION ( 'NONE',  ( 0.0000000000000000000, 0.0000000000000000000, 1.000000000000000000 ) ) ;
#3741 = ORIENTED_EDGE ( 'NONE', *, *, #3544, .F. ) ;
#3742 = EDGE_CURVE ( 'NONE', #3949, #3876, #1766, .T. ) ;
#3743 = DIRECTION ( 'NONE',  ( -1.000000000000000000, -1.224606353822377258E-16, -0.0000000000000000000 ) ) ;
#3744 = CARTESIAN_POINT ( 'NONE',  ( 6.000000000000000000, 5.839897972853066221, -2.038300084272748336E-14 ) ) ;
#3745 = CARTESIAN_POINT ( 'NONE',  ( 55.24642863826272787, 7.347880794882700773E-16, -6.000000000000006217 ) ) ;
#3746 = EDGE_CURVE ( 'NONE', #328, #313, #1872, .T. ) ;
#3747 = ORIENTED_EDGE ( 'NONE', *, *, #3002, .T. ) ;
#3748 = CIRCLE ( 'NONE', #1659, 5.036000000000006693 ) ;
#3749 = EDGE_CURVE ( 'NONE', #4209, #805, #1697, .T. ) ;
#3750 = VERTEX_POINT ( 'NONE', #3639 ) ;
#3751 = CIRCLE ( 'NONE', #1248, 6.000000000000006217 ) ;
#3752 = EDGE_CURVE ( 'NONE', #4461, #668, #1089, .T. ) ;
#3753 = CIRCLE ( 'NONE', #1399, 6.000000000000006217 ) ;
#3754 = PLANE ( 'NONE',  #1164 ) ;
#3755 = CARTESIAN_POINT ( 'NONE',  ( -31.74999999999995737, 0.0000000000000000000, 0.0000000000000000000 ) ) ;
#3756 = VECTOR ( 'NONE', #4073, 1000.000000000000000 ) ;
#3757 = ORIENTED_EDGE ( 'NONE', *, *, #4583, .F. ) ;
#3758 = EDGE_CURVE ( 'NONE', #3800, #110, #1301, .T. ) ;
#3759 = EDGE_CURVE ( 'NONE', #668, #3493, #918, .T. ) ;
#3760 = ORIENTED_EDGE ( 'NONE', *, *, #4398, .F. ) ;
#3761 = CARTESIAN_POINT ( 'NONE',  ( 58.67500006683415137, 7.347880794882700773E-16, -6.000000000000006217 ) ) ;
#3762 = ORIENTED_EDGE ( 'NONE', *, *, #4417, .T. ) ;
#3763 = ADVANCED_FACE ( 'NONE', ( #912 ), #666, .T. ) ;
#3764 = DIRECTION ( 'NONE',  ( 0.0000000000000000000, -1.000000000000000000, 0.0000000000000000000 ) ) ;
#3765 = DIRECTION ( 'NONE',  ( 0.0000000000000000000, 0.0000000000000000000, 1.000000000000000000 ) ) ;
#3766 = ORIENTED_EDGE ( 'NONE', *, *, #2944, .T. ) ;
#3767 = EDGE_CURVE ( 'NONE', #3493, #1599, #789, .T. ) ;
#3768 = ADVANCED_FACE ( 'NONE', ( #844 ), #471, .T. ) ;
#3769 = CARTESIAN_POINT ( 'NONE',  ( 45.32499993316583442, 6.000000000000013323, 7.347880794884127625E-16 ) ) ;
#3770 = DIRECTION ( 'NONE',  ( -1.000000000000000000, -1.224606353822377258E-16, -0.0000000000000000000 ) ) ;
#3771 = CARTESIAN_POINT ( 'NONE',  ( 59.71428571428571530, 6.022001744921539221E-15, 0.0000000000000000000 ) ) ;
#3772 = APPLICATION_CONTEXT ( 'automotive_design' ) ;
#3773 = ORIENTED_EDGE ( 'NONE', *, *, #2868, .T. ) ;
#3774 = EDGE_CURVE ( 'NONE', #1401, #4087, #524, .T. ) ;
#3775 = ORIENTED_EDGE ( 'NONE', *, *, #3332, .F. ) ;
#3776 = LINE ( 'NONE', #1734, #3781 ) ;
#3777 = VECTOR ( 'NONE', #2712, 1000.000000000000114 ) ;
#3778 = CARTESIAN_POINT ( 'NONE',  ( 79.24642863826272787, 6.104662681989103693E-15, 0.0000000000000000000 ) ) ;
#3779 = EDGE_CURVE ( 'NONE', #4755, #1877, #657, .T. ) ;
#3780 = VERTEX_POINT ( 'NONE', #3302 ) ;
#3781 = VECTOR ( 'NONE', #1739, 1000.000000000000114 ) ;
#3782 = VECTOR ( 'NONE', #2962, 1000.000000000000000 ) ;
#3783 = CARTESIAN_POINT ( 'NONE',  ( 75.81785720969129727, -6.000000000000000000, 7.347880794884126639E-16 ) ) ;
#3784 = DIRECTION ( 'NONE',  ( 1.000000000000000000, 1.224606353822377258E-16, 0.0000000000000000000 ) ) ;
#3785 = ORIENTED_EDGE ( 'NONE', *, *, #4582, .F. ) ;
#3786 = ORIENTED_EDGE ( 'NONE', *, *, #2055, .F. ) ;
#3787 = CARTESIAN_POINT ( 'NONE',  ( 74.10357149540558908, 6.000000000000012434, 0.0000000000000000000 ) ) ;
#3788 = EDGE_CURVE ( 'NONE', #4087, #1599, #1111, .T. ) ;
#3789 = VERTEX_POINT ( 'NONE', #3368 ) ;
#3790 = ORIENTED_EDGE ( 'NONE', *, *, #4576, .F. ) ;
#3791 = DIRECTION ( 'NONE',  ( -0.5735764363510492680, 0.8191520442889894671, 1.003171929053522035E-16 ) ) ;
#3792 = VERTEX_POINT ( 'NONE', #3323 ) ;
#3793 = CARTESIAN_POINT ( 'NONE',  ( 76.85714285714284699, 5.036000000000012911, 6.167321280506079282E-16 ) ) ;
#3794 = DIRECTION ( 'NONE',  ( -1.000000000000000000, -1.224606353822377258E-16, -0.0000000000000000000 ) ) ;
#3795 = CARTESIAN_POINT ( 'NONE',  ( 46.67500006683415847, 6.104662681989103693E-15, 0.0000000000000000000 ) ) ;
#3796 = EDGE_CURVE ( 'NONE', #3398, #3493, #411, .T. ) ;
#3797 = CARTESIAN_POINT ( 'NONE',  ( 50.46785707602298032, 6.000000000000013323, 7.347880794884127625E-16 ) ) ;
#3798 = CARTESIAN_POINT ( 'NONE',  ( 65.89642850459439671, 6.000000000000023093, 7.347880794884140444E-16 ) ) ;
#3799 = TOROIDAL_SURFACE ( 'NONE', #2777, 6.599999999999866418, 0.5999999999999999778 ) ;
#3800 = VERTEX_POINT ( 'NONE', #3220 ) ;
#3801 = DIRECTION ( 'NONE',  ( 0.0000000000000000000, -1.000000000000000000, 0.0000000000000000000 ) ) ;
#3802 = CARTESIAN_POINT ( 'NONE',  ( 63.14285714285713880, 5.036000000000012911, 6.167321280506079282E-16 ) ) ;
#3803 = DIRECTION ( 'NONE',  ( -1.000000000000000000, -0.0000000000000000000, -0.0000000000000000000 ) ) ;
#3804 = CIRCLE ( 'NONE', #1658, 6.000000000000006217 ) ;
#3805 = ORIENTED_EDGE ( 'NONE', *, *, #4399, .F. ) ;
#3806 = ORIENTED_EDGE ( 'NONE', *, *, #4573, .F. ) ;
#3807 = DIRECTION ( 'NONE',  ( 0.0000000000000000000, -1.000000000000000000, 0.0000000000000000000 ) ) ;
#3808 = DIRECTION ( 'NONE',  ( 0.0000000000000000000, -1.000000000000000000, 0.0000000000000000000 ) ) ;
#3809 = LINE ( 'NONE', #3846, #3698 ) ;
#3810 = DIRECTION ( 'NONE',  ( -1.000000000000000000, -1.224606353822377258E-16, -0.0000000000000000000 ) ) ;
#3811 = DIRECTION ( 'NONE',  ( 0.0000000000000000000, 1.000000000000000000, -1.485234403101492904E-15 ) ) ;
#3812 = CARTESIAN_POINT ( 'NONE',  ( 46.00000000000000000, -5.036000000000000476, 6.757601037695103453E-16 ) ) ;
#3813 = EDGE_CURVE ( 'NONE', #3184, #3800, #1311, .T. ) ;
#3814 = EDGE_CURVE ( 'NONE', #3184, #3529, #266, .T. ) ;
#3815 = ORIENTED_EDGE ( 'NONE', *, *, #4565, .T. ) ;
#3816 = EDGE_CURVE ( 'NONE', #3529, #668, #4527, .T. ) ;
#3817 = CARTESIAN_POINT ( 'NONE',  ( 70.67500006683415847, 6.104662681989103693E-15, 0.0000000000000000000 ) ) ;
#3818 = CIRCLE ( 'NONE', #1201, 6.000000000000006217 ) ;
#3819 = ORIENTED_EDGE ( 'NONE', *, *, #3509, .T. ) ;
#3820 = ORIENTED_EDGE ( 'NONE', *, *, #4015, .T. ) ;
#3821 = LINE ( 'NONE', #4309, #2830 ) ;
#3822 = EDGE_CURVE ( 'NONE', #4623, #4540, #4419, .T. ) ;
#3823 = EDGE_CURVE ( 'NONE', #3944, #1629, #4633, .T. ) ;
#3824 = DIRECTION ( 'NONE',  ( -1.000000000000000000, -1.224606353822377258E-16, -0.0000000000000000000 ) ) ;
#3825 = CARTESIAN_POINT ( 'NONE',  ( 73.42857142857143060, 6.022001744921539221E-15, 0.0000000000000000000 ) ) ;
#3826 = DIRECTION ( 'NONE',  ( 0.0000000000000000000, -1.000000000000000000, 0.0000000000000000000 ) ) ;
#3827 = VECTOR ( 'NONE', #23, 999.9999999999998863 ) ;
#3828 = ORIENTED_EDGE ( 'NONE', *, *, #2865, .F. ) ;
#3829 = CARTESIAN_POINT ( 'NONE',  ( 76.18214279030868852, 5.939340807853974748E-15, 0.0000000000000000000 ) ) ;
#3830 = EDGE_CURVE ( 'NONE', #898, #3523, #4466, .T. ) ;
#3831 = DIRECTION ( 'NONE',  ( -1.000000000000000000, -0.0000000000000000000, -0.0000000000000000000 ) ) ;
#3832 = DIRECTION ( 'NONE',  ( -1.000000000000000000, -0.0000000000000000000, -0.0000000000000000000 ) ) ;
#3833 = DIRECTION ( 'NONE',  ( -1.000000000000000000, -1.224606353822377258E-16, -0.0000000000000000000 ) ) ;
#3834 = ORIENTED_EDGE ( 'NONE', *, *, #3927, .F. ) ;
#3835 = CARTESIAN_POINT ( 'NONE',  ( 50.46785707602298032, 5.939340807853974748E-15, 0.0000000000000000000 ) ) ;
#3836 = VERTEX_POINT ( 'NONE', #3199 ) ;
#3837 = LINE ( 'NONE', #1640, #3937 ) ;
#3838 = DIRECTION ( 'NONE',  ( 0.0000000000000000000, -1.000000000000000000, 0.0000000000000000000 ) ) ;
#3839 = ORIENTED_EDGE ( 'NONE', *, *, #4404, .F. ) ;
#3840 = CIRCLE ( 'NONE', #916, 6.000000000000006217 ) ;
#3841 = EDGE_CURVE ( 'NONE', #4418, #4159, #4316, .T. ) ;
#3842 = EDGE_CURVE ( 'NONE', #3856, #4409, #4366, .T. ) ;
#3843 = DIRECTION ( 'NONE',  ( 0.0000000000000000000, 1.000000000000000000, 0.0000000000000000000 ) ) ;
#3844 = ORIENTED_EDGE ( 'NONE', *, *, #4560, .T. ) ;
#3845 = ORIENTED_EDGE ( 'NONE', *, *, #3265, .F. ) ;
#3846 = CARTESIAN_POINT ( 'NONE',  ( -31.74999999999995737, 0.0000000000000000000, 5.999999999999866773 ) ) ;
#3847 = DIRECTION ( 'NONE',  ( -1.000000000000000000, -0.0000000000000000000, -0.0000000000000000000 ) ) ;
#3848 = VERTEX_POINT ( 'NONE', #3032 ) ;
#3849 = ORIENTED_EDGE ( 'NONE', *, *, #3185, .T. ) ;
#3850 = ORIENTED_EDGE ( 'NONE', *, *, #4554, .F. ) ;
#3851 = CARTESIAN_POINT ( 'NONE',  ( 67.24642863826272787, -1.425188158846554531E-28, 6.000000000000006217 ) ) ;
#3852 = CARTESIAN_POINT ( 'NONE',  ( 62.46785707602297322, 6.000000000000013323, 7.347880794884127625E-16 ) ) ;
#3853 = EDGE_CURVE ( 'NONE', #3590, #3138, #4265, .T. ) ;
#3854 = EDGE_CURVE ( 'NONE', #3992, #4133, #4224, .T. ) ;
#3855 = EDGE_CURVE ( 'NONE', #4133, #805, #4172, .T. ) ;
#3856 = VERTEX_POINT ( 'NONE', #3111 ) ;
#3857 = CARTESIAN_POINT ( 'NONE',  ( -31.74999999999995737, 0.0000000000000000000, 0.0000000000000000000 ) ) ;
#3858 = EDGE_CURVE ( 'NONE', #2616, #2198, #3888, .T. ) ;
#3859 = EDGE_CURVE ( 'NONE', #3738, #3647, #3938, .T. ) ;
#3860 = ORIENTED_EDGE ( 'NONE', *, *, #4618, .F. ) ;
#3861 = DIRECTION ( 'NONE',  ( 1.000000000000000000, 1.224606353822377258E-16, 0.0000000000000000000 ) ) ;
#3862 = ORIENTED_EDGE ( 'NONE', *, *, #4548, .F. ) ;
#3863 = EDGE_CURVE ( 'NONE', #4154, #3647, #4167, .T. ) ;
#3864 = EDGE_CURVE ( 'NONE', #4461, #1401, #4059, .T. ) ;
#3865 = DIRECTION ( 'NONE',  ( -1.000000000000000000, -1.224606353822377258E-16, -0.0000000000000000000 ) ) ;
#3866 = VERTEX_POINT ( 'NONE', #2869 ) ;
#3867 = VECTOR ( 'NONE', #1830, 1000.000000000000114 ) ;
#3868 = FILL_AREA_STYLE ('',( #3880 ) ) ;
#3869 = VERTEX_POINT ( 'NONE', #2785 ) ;
#3870 = CARTESIAN_POINT ( 'NONE',  ( 53.53214292397701257, 6.104662681989103693E-15, 0.0000000000000000000 ) ) ;
#3871 = DIRECTION ( 'NONE',  ( 0.0000000000000000000, 1.000000000000000000, 0.0000000000000000000 ) ) ;
#3872 = CIRCLE ( 'NONE', #1209, 6.000000000000006217 ) ;
#3873 = EDGE_CURVE ( 'NONE', #3398, #3992, #3453, .T. ) ;
#3874 = ORIENTED_EDGE ( 'NONE', *, *, #3091, .F. ) ;
#3875 = DIRECTION ( 'NONE',  ( 0.0000000000000000000, -1.000000000000000000, 0.0000000000000000000 ) ) ;
#3876 = VERTEX_POINT ( 'NONE', #2725 ) ;
#3877 = EDGE_CURVE ( 'NONE', #3267, #3155, #3508, .T. ) ;
#3878 = DIRECTION ( 'NONE',  ( -1.000000000000000000, -1.224606353822377258E-16, -0.0000000000000000000 ) ) ;
#3879 = DIRECTION ( 'NONE',  ( -1.000000000000000000, -0.0000000000000000000, -0.0000000000000000000 ) ) ;
#3880 = FILL_AREA_STYLE_COLOUR ( '', #1579 ) ;
#3881 = PRODUCT_DEFINITION_SHAPE ( 'NONE', 'NONE',  #371 ) ;
#3882 = ORIENTED_EDGE ( 'NONE', *, *, #4258, .F. ) ;
#3883 = CIRCLE ( 'NONE', #910, 6.000000000000006217 ) ;
#3884 = EDGE_CURVE ( 'NONE', #2478, #3267, #3386, .T. ) ;
#3885 = DIRECTION ( 'NONE',  ( 0.0000000000000000000, -1.000000000000000000, 0.0000000000000000000 ) ) ;
#3886 = EDGE_CURVE ( 'NONE', #4428, #4379, #3668, .T. ) ;
#3887 = CARTESIAN_POINT ( 'NONE',  ( -31.74999999999995737, 0.0000000000000000000, 0.0000000000000000000 ) ) ;
#3888 = CIRCLE ( 'NONE', #1070, 6.000000000000006217 ) ;
#3889 = CARTESIAN_POINT ( 'NONE',  ( 77.53214292397700547, 6.104662681989103693E-15, 0.0000000000000000000 ) ) ;
#3890 = EDGE_CURVE ( 'NONE', #3184, #3398, #3563, .T. ) ;
#3891 = VERTEX_POINT ( 'NONE', #2648 ) ;
#3892 = EDGE_CURVE ( 'NONE', #4766, #374, #3154, .T. ) ;
#3893 = CARTESIAN_POINT ( 'NONE',  ( -31.74999999999995737, 7.347880794883956047E-16, -5.999999999999866773 ) ) ;
#3894 = DIRECTION ( 'NONE',  ( 0.0000000000000000000, 0.0000000000000000000, 1.000000000000000000 ) ) ;
#3895 = ORIENTED_EDGE ( 'NONE', *, *, #4213, .T. ) ;
#3896 = CIRCLE ( 'NONE', #1464, 6.000000000000006217 ) ;
#3897 = ORIENTED_EDGE ( 'NONE', *, *, #4225, .T. ) ;
#3898 = CARTESIAN_POINT ( 'NONE',  ( 75.81785720969129727, 6.104662681989103693E-15, 0.0000000000000000000 ) ) ;
#3899 = ORIENTED_EDGE ( 'NONE', *, *, #2893, .T. ) ;
#3900 = EDGE_CURVE ( 'NONE', #3944, #2532, #3201, .T. ) ;
#3901 = ORIENTED_EDGE ( 'NONE', *, *, #3156, .T. ) ;
#3902 = EDGE_CURVE ( 'NONE', #3551, #1329, #3094, .T. ) ;
#3903 = ORIENTED_EDGE ( 'NONE', *, *, #2911, .F. ) ;
#3904 = CARTESIAN_POINT ( 'NONE',  ( -31.74999999999995737, 7.347880794883956047E-16, -5.999999999999866773 ) ) ;
#3905 = DIRECTION ( 'NONE',  ( -1.000000000000000000, -1.224606353822377258E-16, -0.0000000000000000000 ) ) ;
#3906 = EDGE_CURVE ( 'NONE', #2532, #2270, #3196, .T. ) ;
#3907 = LINE ( 'NONE', #1621, #3538 ) ;
#3908 = DIRECTION ( 'NONE',  ( 0.0000000000000000000, -1.000000000000000000, 0.0000000000000000000 ) ) ;
#3909 = DIRECTION ( 'NONE',  ( 0.0000000000000000000, 0.0000000000000000000, 1.000000000000000000 ) ) ;
#3910 = DIRECTION ( 'NONE',  ( 0.0000000000000000000, 1.000000000000000000, 0.0000000000000000000 ) ) ;
#3911 = ORIENTED_EDGE ( 'NONE', *, *, #3352, .T. ) ;
#3912 = ORIENTED_EDGE ( 'NONE', *, *, #4617, .T. ) ;
#3913 = CARTESIAN_POINT ( 'NONE',  ( 46.67500006683415847, 6.104662681989103693E-15, 0.0000000000000000000 ) ) ;
#3914 = EDGE_CURVE ( 'NONE', #110, #4274, #2918, .T. ) ;
#3915 = CIRCLE ( 'NONE', #1219, 6.000000000000006217 ) ;
#3916 = ORIENTED_EDGE ( 'NONE', *, *, #2996, .T. ) ;
#3917 = EDGE_CURVE ( 'NONE', #4274, #4209, #2909, .T. ) ;
#3918 = DIRECTION ( 'NONE',  ( -1.000000000000000000, -1.224606353822377258E-16, -0.0000000000000000000 ) ) ;
#3919 = EDGE_CURVE ( 'NONE', #4379, #4154, #3043, .T. ) ;
#3920 = VERTEX_POINT ( 'NONE', #2544 ) ;
#3921 = EDGE_CURVE ( 'NONE', #2198, #3139, #2784, .T. ) ;
#3922 = CIRCLE ( 'NONE', #1455, 6.000000000000006217 ) ;
#3923 = DIRECTION ( 'NONE',  ( 0.0000000000000000000, -1.000000000000000000, 0.0000000000000000000 ) ) ;
#3924 = DIRECTION ( 'NONE',  ( -1.000000000000000000, -1.224606353822377258E-16, -0.0000000000000000000 ) ) ;
#3925 = CARTESIAN_POINT ( 'NONE',  ( 80.96071435254843607, -6.000000000000000888, 7.347880794884127625E-16 ) ) ;
#3926 = ORIENTED_EDGE ( 'NONE', *, *, #4620, .F. ) ;
#3927 = EDGE_CURVE ( 'NONE', #110, #3992, #2739, .T. ) ;
#3928 = EDGE_CURVE ( 'NONE', #2478, #3105, #2612, .T. ) ;
#3929 = CARTESIAN_POINT ( 'NONE',  ( 12.00000000000000000, 0.0000000000000000000, 0.0000000000000000000 ) ) ;
#3930 = CARTESIAN_POINT ( 'NONE',  ( 75.14285714285713880, 6.022001744921539221E-15, 0.0000000000000000000 ) ) ;
#3931 = ORIENTED_EDGE ( 'NONE', *, *, #3873, .T. ) ;
#3932 = ORIENTED_EDGE ( 'NONE', *, *, #3613, .F. ) ;
#3933 = LINE ( 'NONE', #1574, #4058 ) ;
#3934 = EDGE_CURVE ( 'NONE', #4638, #3155, #2781, .T. ) ;
#3935 = DIRECTION ( 'NONE',  ( 1.000000000000000000, 1.224606353822377258E-16, 0.0000000000000000000 ) ) ;
#3936 = ORIENTED_EDGE ( 'NONE', *, *, #2996, .F. ) ;
#3937 = VECTOR ( 'NONE', #1692, 1000.000000000000114 ) ;
#3938 = LINE ( 'NONE', #2929, #3782 ) ;
#3939 = ORIENTED_EDGE ( 'NONE', *, *, #4611, .T. ) ;
#3940 = CARTESIAN_POINT ( 'NONE',  ( 68.96071435254843607, 6.104662681989103693E-15, 0.0000000000000000000 ) ) ;
#3941 = LINE ( 'NONE', #4356, #3458 ) ;
#3942 = DIRECTION ( 'NONE',  ( 1.000000000000000000, 0.0000000000000000000, 0.0000000000000000000 ) ) ;
#3943 = CARTESIAN_POINT ( 'NONE',  ( 49.42857142857142350, 6.022001744921539221E-15, 0.0000000000000000000 ) ) ;
#3944 = VERTEX_POINT ( 'NONE', #2384 ) ;
#3945 = DIRECTION ( 'NONE',  ( -1.000000000000000000, -1.224606353822377258E-16, -0.0000000000000000000 ) ) ;
#3946 = CARTESIAN_POINT ( 'NONE',  ( 82.00000000000000000, 0.0000000000000000000, 5.035999999999999588 ) ) ;
#3947 = ORIENTED_EDGE ( 'NONE', *, *, #4004, .T. ) ;
#3948 = EDGE_CURVE ( 'NONE', #3105, #4638, #2392, .T. ) ;
#3949 = VERTEX_POINT ( 'NONE', #2393 ) ;
#3950 = CARTESIAN_POINT ( 'NONE',  ( -31.74999999999995737, 0.0000000000000000000, 5.999999999999866773 ) ) ;
#3951 = DIRECTION ( 'NONE',  ( 0.0000000000000000000, 0.0000000000000000000, 1.000000000000000000 ) ) ;
#3952 = CARTESIAN_POINT ( 'NONE',  ( 6.000000000000000000, 2.919948986426539328, 5.057499999999982343 ) ) ;
#3953 = ORIENTED_EDGE ( 'NONE', *, *, #3084, .T. ) ;
#3954 = ORIENTED_EDGE ( 'NONE', *, *, #3146, .F. ) ;
#3955 = EDGE_CURVE ( 'NONE', #2219, #3836, #2328, .T. ) ;
#3956 = EDGE_CURVE ( 'NONE', #2219, #3466, #2323, .T. ) ;
#3957 = CARTESIAN_POINT ( 'NONE',  ( 64.85714285714286120, 5.036000000000012911, 6.167321280506079282E-16 ) ) ;
#3958 = DIRECTION ( 'NONE',  ( -1.000000000000000000, -1.224606353822377258E-16, -0.0000000000000000000 ) ) ;
#3959 = DIRECTION ( 'NONE',  ( 0.0000000000000000000, -1.000000000000000000, 0.0000000000000000000 ) ) ;
#3960 = DIRECTION ( 'NONE',  ( -1.000000000000000000, -0.0000000000000000000, -0.0000000000000000000 ) ) ;
#3961 = EDGE_CURVE ( 'NONE', #3466, #4461, #2262, .T. ) ;
#3962 = EDGE_CURVE ( 'NONE', #1190, #3514, #1919, .T. ) ;
#3963 = EDGE_CURVE ( 'NONE', #3836, #4154, #1914, .T. ) ;
#3964 = ORIENTED_EDGE ( 'NONE', *, *, #4600, .T. ) ;
#3965 = DIRECTION ( 'NONE',  ( -1.000000000000000000, -1.224606353822377258E-16, -0.0000000000000000000 ) ) ;
#3966 = CIRCLE ( 'NONE', #1660, 6.000000000000006217 ) ;
#3967 = DIRECTION ( 'NONE',  ( 0.0000000000000000000, -1.000000000000000000, 0.0000000000000000000 ) ) ;
#3968 = SURFACE_SIDE_STYLE ('',( #3130 ) ) ;
#3969 = FACE_OUTER_BOUND ( 'NONE', #1967, .T. ) ;
#3970 = EDGE_CURVE ( 'NONE', #2219, #3869, #2445, .T. ) ;
#3971 = LINE ( 'NONE', #2164, #3867 ) ;
#3972 = LINE ( 'NONE', #4076, #3756 ) ;
#3973 = ORIENTED_EDGE ( 'NONE', *, *, #3814, .F. ) ;
#3974 = ORIENTED_EDGE ( 'NONE', *, *, #2882, .T. ) ;
#3975 = CARTESIAN_POINT ( 'NONE',  ( 75.14285714285713880, 5.036000000000012911, 6.167321280506079282E-16 ) ) ;
#3976 = CARTESIAN_POINT ( 'NONE',  ( 51.14285714285714590, 6.022001744921539221E-15, 0.0000000000000000000 ) ) ;
#3977 = DIRECTION ( 'NONE',  ( 0.0000000000000000000, -1.000000000000000000, 0.0000000000000000000 ) ) ;
#3978 = ORIENTED_EDGE ( 'NONE', *, *, #4627, .F. ) ;
#3979 = EDGE_CURVE ( 'NONE', #3869, #4379, #1726, .T. ) ;
#3980 = DIRECTION ( 'NONE',  ( -1.000000000000000000, -1.224606353822377258E-16, -0.0000000000000000000 ) ) ;
#3981 = CARTESIAN_POINT ( 'NONE',  ( 71.03928564745154972, 5.939340807853974748E-15, 0.0000000000000000000 ) ) ;
#3982 = DIRECTION ( 'NONE',  ( 0.0000000000000000000, 0.0000000000000000000, 1.000000000000000000 ) ) ;
#3983 = DIRECTION ( 'NONE',  ( -1.000000000000000000, -0.0000000000000000000, -0.0000000000000000000 ) ) ;
#3984 = ORIENTED_EDGE ( 'NONE', *, *, #4392, .F. ) ;
#3985 = DIRECTION ( 'NONE',  ( -0.0000000000000000000, -0.5000000000000008882, -0.8660254037844380415 ) ) ;
#3986 = EDGE_CURVE ( 'NONE', #2255, #1190, #1539, .T. ) ;
#3987 = CARTESIAN_POINT ( 'NONE',  ( -31.74999999999995737, 7.347880794883956047E-16, -5.999999999999866773 ) ) ;
#3988 = CARTESIAN_POINT ( 'NONE',  ( -31.74999999999995737, 0.0000000000000000000, 0.0000000000000000000 ) ) ;
#3989 = EDGE_CURVE ( 'NONE', #3551, #1184, #1484, .T. ) ;
#3990 = CARTESIAN_POINT ( 'NONE',  ( 6.000000000000000000, 0.0000000000000000000, 0.0000000000000000000 ) ) ;
#3991 = ORIENTED_EDGE ( 'NONE', *, *, #2964, .F. ) ;
#3992 = VERTEX_POINT ( 'NONE', #2190 ) ;
#3993 = ADVANCED_FACE ( 'NONE', ( #1281 ), #1015, .T. ) ;
#3994 = DIRECTION ( 'NONE',  ( 0.0000000000000000000, 0.0000000000000000000, -1.000000000000000000 ) ) ;
#3995 = DIRECTION ( 'NONE',  ( -0.5735764363510492680, 0.8191520442889894671, 1.003171929053522035E-16 ) ) ;
#3996 =( NAMED_UNIT ( * ) SI_UNIT ( $, .STERADIAN. ) SOLID_ANGLE_UNIT ( ) );
#3997 = EDGE_CURVE ( 'NONE', #3432, #2562, #1067, .T. ) ;
#3998 = ORIENTED_EDGE ( 'NONE', *, *, #4385, .T. ) ;
#3999 = LINE ( 'NONE', #1524, #4171 ) ;
#4000 = VECTOR ( 'NONE', #3008, 1000.000000000000000 ) ;
#4001 = DIRECTION ( 'NONE',  ( 0.0000000000000000000, -1.000000000000000000, 0.0000000000000000000 ) ) ;
#4002 =( NAMED_UNIT ( * ) PLANE_ANGLE_UNIT ( ) SI_UNIT ( $, .RADIAN. ) );
#4003 = EDGE_CURVE ( 'NONE', #3836, #1401, #1208, .T. ) ;
#4004 = EDGE_CURVE ( 'NONE', #4203, #3738, #1072, .T. ) ;
#4005 = EDGE_CURVE ( 'NONE', #2478, #775, #1404, .T. ) ;
#4006 = CARTESIAN_POINT ( 'NONE',  ( 6.000000000000000000, 5.839897972853066221, -2.038300084272748336E-14 ) ) ;
#4007 = DIRECTION ( 'NONE',  ( -1.000000000000000000, -1.224606353822377258E-16, -0.0000000000000000000 ) ) ;
#4008 = CARTESIAN_POINT ( 'NONE',  ( -31.74999999999995737, 0.0000000000000000000, 0.0000000000000000000 ) ) ;
#4009 = CARTESIAN_POINT ( 'NONE',  ( 67.61071421888011912, 6.000000000000002665, 7.347880794884116778E-16 ) ) ;
#4010 = ORIENTED_EDGE ( 'NONE', *, *, #3333, .T. ) ;
#4011 = ORIENTED_EDGE ( 'NONE', *, *, #2995, .F. ) ;
#4012 = VERTEX_POINT ( 'NONE', #1945 ) ;
#4013 = EDGE_CURVE ( 'NONE', #775, #4274, #945, .T. ) ;
#4014 = CARTESIAN_POINT ( 'NONE',  ( 79.24642863826272787, 6.104662681989103693E-15, 0.0000000000000000000 ) ) ;
#4015 = EDGE_CURVE ( 'NONE', #4766, #1206, #1662, .T. ) ;
#4016 = ORIENTED_EDGE ( 'NONE', *, *, #4618, .T. ) ;
#4017 =( LENGTH_UNIT ( ) NAMED_UNIT ( * ) SI_UNIT ( .MILLI., .METRE. ) );
#4018 = EDGE_CURVE ( 'NONE', #2255, #4766, #804, .T. ) ;
#4019 = VERTEX_POINT ( 'NONE', #1928 ) ;
#4020 = ORIENTED_EDGE ( 'NONE', *, *, #4620, .T. ) ;
#4021 = SURFACE_STYLE_USAGE ( .BOTH. , #4029 ) ;
#4022 = EDGE_CURVE ( 'NONE', #3267, #4209, #439, .T. ) ;
#4023 = EDGE_CURVE ( 'NONE', #3155, #3649, #687, .T. ) ;
#4024 = CIRCLE ( 'NONE', #1491, 6.000000000000006217 ) ;
#4025 = EDGE_CURVE ( 'NONE', #3649, #1613, #385, .T. ) ;
#4026 = ORIENTED_EDGE ( 'NONE', *, *, #3207, .F. ) ;
#4027 = CARTESIAN_POINT ( 'NONE',  ( 0.0000000000000000000, 0.0000000000000000000, 0.0000000000000000000 ) ) ;
#4028 = DIRECTION ( 'NONE',  ( -1.000000000000000000, -0.0000000000000000000, -0.0000000000000000000 ) ) ;
#4029 = SURFACE_SIDE_STYLE ('',( #749 ) ) ;
#4030 = ORIENTED_EDGE ( 'NONE', *, *, #2823, .T. ) ;
#4031 = CIRCLE ( 'NONE', #1211, 6.000000000000006217 ) ;
#4032 = EDGE_CURVE ( 'NONE', #2959, #1613, #491, .T. ) ;
#4033 = EDGE_CURVE ( 'NONE', #4425, #2959, #495, .T. ) ;
#4034 = DIRECTION ( 'NONE',  ( 0.0000000000000000000, -1.000000000000000000, 0.0000000000000000000 ) ) ;
#4035 = CIRCLE ( 'NONE', #1670, 6.000000000000006217 ) ;
#4036 = DIRECTION ( 'NONE',  ( -1.000000000000000000, -0.0000000000000000000, -0.0000000000000000000 ) ) ;
#4037 = EDGE_CURVE ( 'NONE', #4638, #4425, #3719, .T. ) ;
#4038 = CIRCLE ( 'NONE', #1679, 6.000000000000006217 ) ;
#4039 = ORIENTED_EDGE ( 'NONE', *, *, #4627, .T. ) ;
#4040 = CARTESIAN_POINT ( 'NONE',  ( 59.03928564745154972, 6.000000000000013323, 7.347880794884127625E-16 ) ) ;
#4041 = FILL_AREA_STYLE_COLOUR ( '', #839 ) ;
#4042 = VERTEX_POINT ( 'NONE', #1759 ) ;
#4043 = ORIENTED_EDGE ( 'NONE', *, *, #3340, .F. ) ;
#4044 = DIRECTION ( 'NONE',  ( -1.000000000000000000, -1.224606353822377258E-16, -0.0000000000000000000 ) ) ;
#4045 = LINE ( 'NONE', #55, #3827 ) ;
#4046 = VECTOR ( 'NONE', #2354, 1000.000000000000000 ) ;
#4047 = EDGE_CURVE ( 'NONE', #4718, #4177, #98, .T. ) ;
#4048 = EDGE_CURVE ( 'NONE', #4177, #4495, #3776, .T. ) ;
#4049 = CIRCLE ( 'NONE', #1430, 6.000000000000006217 ) ;
#4050 = DIRECTION ( 'NONE',  ( 0.0000000000000000000, -1.000000000000000000, 0.0000000000000000000 ) ) ;
#4051 = DIRECTION ( 'NONE',  ( 0.0000000000000000000, -1.000000000000000000, 0.0000000000000000000 ) ) ;
#4052 = DIRECTION ( 'NONE',  ( -1.000000000000000000, -1.224606353822377258E-16, -0.0000000000000000000 ) ) ;
#4053 = CARTESIAN_POINT ( 'NONE',  ( 80.28571428571427759, 6.022001744921539221E-15, 0.0000000000000000000 ) ) ;
#4054 = ORIENTED_EDGE ( 'NONE', *, *, #4372, .F. ) ;
#4055 = EDGE_CURVE ( 'NONE', #1257, #4495, #3840, .T. ) ;
#4056 = CARTESIAN_POINT ( 'NONE',  ( 71.71428571428572241, -5.036000000000000476, 6.757601037695103453E-16 ) ) ;
#4057 = VERTEX_POINT ( 'NONE', #1701 ) ;
#4058 = VECTOR ( 'NONE', #1563, 999.9999999999998863 ) ;
#4059 = CIRCLE ( 'NONE', #1051, 6.000000000000006217 ) ;
#4060 = LINE ( 'NONE', #1440, #4264 ) ;
#4061 = CARTESIAN_POINT ( 'NONE',  ( -31.74999999999995737, 0.0000000000000000000, 5.999999999999866773 ) ) ;
#4062 = CARTESIAN_POINT ( 'NONE',  ( 75.81785720969129727, 6.104662681989103693E-15, 0.0000000000000000000 ) ) ;
#4063 = FILL_AREA_STYLE ('',( #4041 ) ) ;
#4064 = EDGE_CURVE ( 'NONE', #3066, #1257, #3604, .T. ) ;
#4065 = EDGE_CURVE ( 'NONE', #4718, #3066, #3837, .T. ) ;
#4066 = EDGE_CURVE ( 'NONE', #4718, #4753, #3933, .T. ) ;
#4067 = VERTEX_POINT ( 'NONE', #1824 ) ;
#4068 = DIRECTION ( 'NONE',  ( -1.000000000000000000, -0.0000000000000000000, -0.0000000000000000000 ) ) ;
#4069 = DIRECTION ( 'NONE',  ( 0.0000000000000000000, 1.000000000000000000, 0.0000000000000000000 ) ) ;
#4070 = VERTEX_POINT ( 'NONE', #1572 ) ;
#4071 = EDGE_CURVE ( 'NONE', #4753, #4425, #3883, .T. ) ;
#4072 = CARTESIAN_POINT ( 'NONE',  ( 72.75357136173727213, -5.999999999999989342, 0.0000000000000000000 ) ) ;
#4073 = DIRECTION ( 'NONE',  ( -1.000000000000000000, -0.0000000000000000000, -0.0000000000000000000 ) ) ;
#4074 = DIRECTION ( 'NONE',  ( 0.0000000000000000000, -1.000000000000000000, 0.0000000000000000000 ) ) ;
#4075 = ORIENTED_EDGE ( 'NONE', *, *, #4628, .F. ) ;
#4076 = CARTESIAN_POINT ( 'NONE',  ( -31.74999999999995737, 0.0000000000000000000, 5.999999999999866773 ) ) ;
#4077 = DIRECTION ( 'NONE',  ( 0.0000000000000000000, -1.000000000000000000, 0.0000000000000000000 ) ) ;
#4078 = EDGE_CURVE ( 'NONE', #4177, #2959, #3999, .T. ) ;
#4079 = VERTEX_POINT ( 'NONE', #1556 ) ;
#4080 = DIRECTION ( 'NONE',  ( -1.000000000000000000, -1.224606353822377258E-16, -0.0000000000000000000 ) ) ;
#4081 = CARTESIAN_POINT ( 'NONE',  ( 65.89642850459439671, 5.939340807853974748E-15, 0.0000000000000000000 ) ) ;
#4082 = DIRECTION ( 'NONE',  ( 0.0000000000000000000, -1.000000000000000000, 0.0000000000000000000 ) ) ;
#4083 = EDGE_CURVE ( 'NONE', #4495, #2752, #4257, .T. ) ;
#4084 = DIRECTION ( 'NONE',  ( 0.5735764363510452712, -0.8191520442889924647, 1.003171929053525610E-16 ) ) ;
#4085 = ORIENTED_EDGE ( 'NONE', *, *, #4382, .T. ) ;
#4086 = EDGE_CURVE ( 'NONE', #2752, #3451, #4060, .T. ) ;
#4087 = VERTEX_POINT ( 'NONE', #1462 ) ;
#4088 = ORIENTED_EDGE ( 'NONE', *, *, #4332, .T. ) ;
#4089 = VECTOR ( 'NONE', #4700, 1000.000000000000114 ) ;
#4090 = EDGE_CURVE ( 'NONE', #4800, #3451, #4166, .T. ) ;
#4091 = CARTESIAN_POINT ( 'NONE',  ( 68.96071435254843607, 6.104662681989103693E-15, 0.0000000000000000000 ) ) ;
#4092 = CIRCLE ( 'NONE', #1414, 6.000000000000006217 ) ;
#4093 = ADVANCED_FACE ( 'NONE', ( #4314 ), #4519, .T. ) ;
#4094 = DIRECTION ( 'NONE',  ( -0.5735764363510492680, 0.8191520442889894671, 1.003171929053522035E-16 ) ) ;
#4095 = DIRECTION ( 'NONE',  ( 0.0000000000000000000, -1.000000000000000000, 0.0000000000000000000 ) ) ;
#4096 = ORIENTED_EDGE ( 'NONE', *, *, #3656, .F. ) ;
#4097 = ORIENTED_EDGE ( 'NONE', *, *, #4639, .T. ) ;
#4098 = ORIENTED_EDGE ( 'NONE', *, *, #4350, .F. ) ;
#4099 = EDGE_CURVE ( 'NONE', #4057, #4800, #4415, .T. ) ;
#4100 = EDGE_CURVE ( 'NONE', #1257, #4057, #4220, .T. ) ;
#4101 = DIRECTION ( 'NONE',  ( -1.000000000000000000, -1.224606353822377258E-16, -0.0000000000000000000 ) ) ;
#4102 = ORIENTED_EDGE ( 'NONE', *, *, #4628, .T. ) ;
#4103 = LINE ( 'NONE', #3405, #2067 ) ;
#4104 = ORIENTED_EDGE ( 'NONE', *, *, #4363, .T. ) ;
#4105 = EDGE_CURVE ( 'NONE', #2015, #4731, #4465, .T. ) ;
#4106 = ORIENTED_EDGE ( 'NONE', *, *, #3599, .F. ) ;
#4107 = EDGE_CURVE ( 'NONE', #4731, #4244, #4365, .T. ) ;
#4108 = ORIENTED_EDGE ( 'NONE', *, *, #4542, .F. ) ;
#4109 = DIRECTION ( 'NONE',  ( 0.0000000000000000000, -1.000000000000000000, 0.0000000000000000000 ) ) ;
#4110 = DIRECTION ( 'NONE',  ( -1.000000000000000000, -1.224606353822377258E-16, -0.0000000000000000000 ) ) ;
#4111 = CARTESIAN_POINT ( 'NONE',  ( 49.42857142857142350, 6.022001744921539221E-15, 0.0000000000000000000 ) ) ;
#4112 = VERTEX_POINT ( 'NONE', #1240 ) ;
#4113 = ORIENTED_EDGE ( 'NONE', *, *, #4463, .F. ) ;
#4114 = EDGE_CURVE ( 'NONE', #2369, #4244, #4413, .T. ) ;
#4115 = CARTESIAN_POINT ( 'NONE',  ( 62.46785707602297322, 5.939340807853974748E-15, 0.0000000000000000000 ) ) ;
#4116 = VECTOR ( 'NONE', #3181, 999.9999999999998863 ) ;
#4117 = DIRECTION ( 'NONE',  ( -0.5735764363510492680, 0.8191520442889894671, 1.003171929053522035E-16 ) ) ;
#4118 = CARTESIAN_POINT ( 'NONE',  ( 63.14285714285713880, -5.036000000000000476, 6.757601037695103453E-16 ) ) ;
#4119 = DIRECTION ( 'NONE',  ( 1.000000000000000000, 1.224606353822377258E-16, 0.0000000000000000000 ) ) ;
#4120 = ORIENTED_EDGE ( 'NONE', *, *, #4389, .F. ) ;
#4121 = ADVANCED_FACE ( 'NONE', ( #4526 ), #1347, .T. ) ;
#4122 = CARTESIAN_POINT ( 'NONE',  ( 6.000000000000000000, -2.919948986426523341, 5.057499999999991225 ) ) ;
#4123 = DIRECTION ( 'NONE',  ( -1.000000000000000000, -1.224606353822377258E-16, -0.0000000000000000000 ) ) ;
#4124 = ORIENTED_EDGE ( 'NONE', *, *, #4331, .F. ) ;
#4125 = CARTESIAN_POINT ( 'NONE',  ( 70.67500006683415847, 6.104662681989103693E-15, 0.0000000000000000000 ) ) ;
#4126 = CARTESIAN_POINT ( 'NONE',  ( 72.75357136173727213, 5.939340807853974748E-15, 0.0000000000000000000 ) ) ;
#4127 = EDGE_CURVE ( 'NONE', #4378, #2369, #1280, .T. ) ;
#4128 = ORIENTED_EDGE ( 'NONE', *, *, #2876, .T. ) ;
#4129 = EDGE_CURVE ( 'NONE', #2015, #4378, #4805, .T. ) ;
#4130 = ORIENTED_EDGE ( 'NONE', *, *, #2921, .F. ) ;
#4131 = ORIENTED_EDGE ( 'NONE', *, *, #2950, .F. ) ;
#4132 = DIRECTION ( 'NONE',  ( -1.000000000000000000, -0.0000000000000000000, -0.0000000000000000000 ) ) ;
#4133 = VERTEX_POINT ( 'NONE', #1016 ) ;
#4134 = CARTESIAN_POINT ( 'NONE',  ( 11.99999999999999645, 0.0000000000000000000, 9.000000000000000000 ) ) ;
#4135 = EDGE_CURVE ( 'NONE', #2015, #3891, #3667, .T. ) ;
#4136 = ORIENTED_EDGE ( 'NONE', *, *, #4649, .T. ) ;
#4137 = CIRCLE ( 'NONE', #1493, 6.000000000000006217 ) ;
#4138 = CARTESIAN_POINT ( 'NONE',  ( 0.6000000000000033085, 0.0000000000000000000, 9.000000000000000000 ) ) ;
#4139 = CARTESIAN_POINT ( 'NONE',  ( 6.000000000000000000, 0.0000000000000000000, 0.0000000000000000000 ) ) ;
#4140 = ORIENTED_EDGE ( 'NONE', *, *, #3564, .T. ) ;
#4141 = DIRECTION ( 'NONE',  ( -1.000000000000000000, -1.224606353822377258E-16, -0.0000000000000000000 ) ) ;
#4142 = CIRCLE ( 'NONE', #1674, 6.000000000000006217 ) ;
#4143 = EDGE_CURVE ( 'NONE', #3891, #4057, #4575, .T. ) ;
#4144 = EDGE_CURVE ( 'NONE', #4731, #4800, #4626, .T. ) ;
#4145 = ORIENTED_EDGE ( 'NONE', *, *, #3671, .F. ) ;
#4146 = CIRCLE ( 'NONE', #1683, 6.000000000000006217 ) ;
#4147 = CARTESIAN_POINT ( 'NONE',  ( 0.0000000000000000000, 2.919948986426526893, -5.057500000000015206 ) ) ;
#4148 = ORIENTED_EDGE ( 'NONE', *, *, #4299, .T. ) ;
#4149 = ORIENTED_EDGE ( 'NONE', *, *, #3618, .T. ) ;
#4150 = EDGE_CURVE ( 'NONE', #4244, #4477, #4802, .T. ) ;
#4151 = DIRECTION ( 'NONE',  ( -0.5735764363510492680, 0.8191520442889894671, 1.003171929053522035E-16 ) ) ;
#4152 = VERTEX_POINT ( 'NONE', #972 ) ;
#4153 = CARTESIAN_POINT ( 'NONE',  ( 67.61071421888011912, -5.999999999999989342, 0.0000000000000000000 ) ) ;
#4154 = VERTEX_POINT ( 'NONE', #920 ) ;
#4155 = DIRECTION ( 'NONE',  ( 0.0000000000000000000, -1.000000000000000000, 0.0000000000000000000 ) ) ;
#4156 = DIRECTION ( 'NONE',  ( -1.000000000000000000, -1.224606353822377258E-16, -0.0000000000000000000 ) ) ;
#4157 = DIRECTION ( 'NONE',  ( 1.000000000000000000, 1.224606353822377258E-16, 0.0000000000000000000 ) ) ;
#4158 = CIRCLE ( 'NONE', #1537, 5.036000000000006693 ) ;
#4159 = VERTEX_POINT ( 'NONE', #889 ) ;
#4160 = CARTESIAN_POINT ( 'NONE',  ( 67.24642863826272787, 6.104662681989103693E-15, 0.0000000000000000000 ) ) ;
#4161 = CARTESIAN_POINT ( 'NONE',  ( 77.53214292397700547, 6.104662681989103693E-15, 0.0000000000000000000 ) ) ;
#4162 = ORIENTED_EDGE ( 'NONE', *, *, #4343, .T. ) ;
#4163 = EDGE_CURVE ( 'NONE', #4477, #3056, #4683, .T. ) ;
#4164 = EDGE_LOOP ( 'NONE', ( #1362, #2031, #1357, #169, #4202, #2069 ) ) ;
#4165 = VERTEX_POINT ( 'NONE', #929 ) ;
#4166 = CIRCLE ( 'NONE', #905, 6.000000000000006217 ) ;
#4167 = CIRCLE ( 'NONE', #1068, 6.000000000000006217 ) ;
#4168 = DIRECTION ( 'NONE',  ( 0.0000000000000000000, -1.000000000000000000, 0.0000000000000000000 ) ) ;
#4169 = EDGE_CURVE ( 'NONE', #2727, #3056, #3507, .T. ) ;
#4170 = ORIENTED_EDGE ( 'NONE', *, *, #4373, .F. ) ;
#4171 = VECTOR ( 'NONE', #1548, 1000.000000000000000 ) ;
#4172 = LINE ( 'NONE', #2958, #4000 ) ;
#4173 = ADVANCED_FACE ( 'NONE', ( #4721 ), #3195, .T. ) ;
#4174 = CARTESIAN_POINT ( 'NONE',  ( 61.42857142857143060, 5.036000000000012911, 6.167321280506079282E-16 ) ) ;
#4175 = DIRECTION ( 'NONE',  ( -1.000000000000000000, -1.224606353822377258E-16, -0.0000000000000000000 ) ) ;
#4176 = CARTESIAN_POINT ( 'NONE',  ( 50.10357149540558197, 6.104662681989103693E-15, 0.0000000000000000000 ) ) ;
#4177 = VERTEX_POINT ( 'NONE', #785 ) ;
#4178 = EDGE_CURVE ( 'NONE', #2842, #3312, #3452, .T. ) ;
#4179 = EDGE_CURVE ( 'NONE', #2957, #2727, #4725, .T. ) ;
#4180 = ORIENTED_EDGE ( 'NONE', *, *, #3250, .T. ) ;
#4181 = CARTESIAN_POINT ( 'NONE',  ( 55.61071421888011912, 7.347880794882739229E-16, -6.000000000000006217 ) ) ;
#4182 = DIRECTION ( 'NONE',  ( 0.0000000000000000000, -1.000000000000000000, 0.0000000000000000000 ) ) ;
#4183 = EDGE_CURVE ( 'NONE', #2369, #2957, #3378, .T. ) ;
#4184 = ORIENTED_EDGE ( 'NONE', *, *, #3629, .F. ) ;
#4185 = CARTESIAN_POINT ( 'NONE',  ( 61.42857142857143060, -5.036000000000000476, 0.0000000000000000000 ) ) ;
#4186 = DIRECTION ( 'NONE',  ( 0.0000000000000000000, 1.000000000000000000, 0.0000000000000000000 ) ) ;
#4187 = CARTESIAN_POINT ( 'NONE',  ( 6.000000000000000000, 2.919948986426526893, -5.057500000000015206 ) ) ;
#4188 = ORIENTED_EDGE ( 'NONE', *, *, #3841, .T. ) ;
#4189 = DIRECTION ( 'NONE',  ( -1.000000000000000000, -1.224606353822377258E-16, -0.0000000000000000000 ) ) ;
#4190 = CIRCLE ( 'NONE', #1680, 5.036000000000006693 ) ;
#4191 = ORIENTED_EDGE ( 'NONE', *, *, #4639, .F. ) ;
#4192 = EDGE_CURVE ( 'NONE', #2017, #4431, #3322, .T. ) ;
#4193 = DIRECTION ( 'NONE',  ( 0.0000000000000000000, -1.000000000000000000, 0.0000000000000000000 ) ) ;
#4194 = EDGE_CURVE ( 'NONE', #4431, #3722, #3151, .T. ) ;
#4195 = EDGE_CURVE ( 'NONE', #4070, #3722, #3098, .T. ) ;
#4196 = ORIENTED_EDGE ( 'NONE', *, *, #2805, .T. ) ;
#4197 = CIRCLE ( 'NONE', #1682, 6.000000000000006217 ) ;
#4198 = ORIENTED_EDGE ( 'NONE', *, *, #3671, .T. ) ;
#4199 = ORIENTED_EDGE ( 'NONE', *, *, #2870, .F. ) ;
#4200 = DIRECTION ( 'NONE',  ( -1.000000000000000000, -1.224606353822377258E-16, -0.0000000000000000000 ) ) ;
#4201 = VECTOR ( 'NONE', #1963, 999.9999999999998863 ) ;
#4202 = ORIENTED_EDGE ( 'NONE', *, *, #3644, .F. ) ;
#4203 = VERTEX_POINT ( 'NONE', #595 ) ;
#4204 = CARTESIAN_POINT ( 'NONE',  ( 70.67500006683415847, 6.104662681989103693E-15, 0.0000000000000000000 ) ) ;
#4205 = ORIENTED_EDGE ( 'NONE', *, *, #3049, .F. ) ;
#4206 = EDGE_CURVE ( 'NONE', #3792, #4070, #3318, .T. ) ;
#4207 = EDGE_CURVE ( 'NONE', #2017, #3792, #2975, .T. ) ;
#4208 = EDGE_CURVE ( 'NONE', #2017, #2862, #2973, .T. ) ;
#4209 = VERTEX_POINT ( 'NONE', #663 ) ;
#4210 = VERTEX_POINT ( 'NONE', #529 ) ;
#4211 = VERTEX_POINT ( 'NONE', #506 ) ;
#4212 = ORIENTED_EDGE ( 'NONE', *, *, #4307, .F. ) ;
#4213 = EDGE_CURVE ( 'NONE', #2862, #2957, #3039, .T. ) ;
#4214 = ORIENTED_EDGE ( 'NONE', *, *, #3919, .T. ) ;
#4215 = EDGE_CURVE ( 'NONE', #4431, #2727, #2843, .T. ) ;
#4216 = VERTEX_POINT ( 'NONE', #489 ) ;
#4217 = VECTOR ( 'NONE', #3214, 1000.000000000000114 ) ;
#4218 = ORIENTED_EDGE ( 'NONE', *, *, #3067, .T. ) ;
#4219 = ORIENTED_EDGE ( 'NONE', *, *, #3560, .F. ) ;
#4220 = LINE ( 'NONE', #1331, #4370 ) ;
#4221 = EDGE_CURVE ( 'NONE', #3722, #1905, #2738, .T. ) ;
#4222 = DIRECTION ( 'NONE',  ( 0.0000000000000000000, 0.0000000000000000000, -1.000000000000000000 ) ) ;
#4223 = ORIENTED_EDGE ( 'NONE', *, *, #4657, .F. ) ;
#4224 = CIRCLE ( 'NONE', #1076, 6.000000000000006217 ) ;
#4225 = EDGE_CURVE ( 'NONE', #1905, #4291, #2678, .T. ) ;
#4226 = EDGE_CURVE ( 'NONE', #263, #4291, #2732, .T. ) ;
#4227 = DIRECTION ( 'NONE',  ( -0.7071067811867304265, 8.659560562352693233E-17, -0.7071067811863646080 ) ) ;
#4228 = ORIENTED_EDGE ( 'NONE', *, *, #4208, .T. ) ;
#4229 = DIRECTION ( 'NONE',  ( -1.000000000000000000, -1.224606353822377258E-16, -0.0000000000000000000 ) ) ;
#4230 = EDGE_CURVE ( 'NONE', #4380, #263, #2611, .T. ) ;
#4231 = EDGE_CURVE ( 'NONE', #4070, #4380, #2549, .T. ) ;
#4232 = ORIENTED_EDGE ( 'NONE', *, *, #4324, .T. ) ;
#4233 = CARTESIAN_POINT ( 'NONE',  ( 60.38928578111987377, 7.347880794882700773E-16, -6.000000000000006217 ) ) ;
#4234 = EDGE_CURVE ( 'NONE', #3866, #4079, #2547, .T. ) ;
#4235 = ORIENTED_EDGE ( 'NONE', *, *, #3682, .T. ) ;
#4236 = CARTESIAN_POINT ( 'NONE',  ( 82.00000000000000000, 6.167321280506070407E-16, -5.035999999999999588 ) ) ;
#4237 = ORIENTED_EDGE ( 'NONE', *, *, #4277, .T. ) ;
#4238 = EDGE_CURVE ( 'NONE', #4079, #964, #2490, .T. ) ;
#4239 = EDGE_CURVE ( 'NONE', #4690, #964, #2444, .T. ) ;
#4240 = VERTEX_POINT ( 'NONE', #186 ) ;
#4241 = CIRCLE ( 'NONE', #1417, 6.000000000000006217 ) ;
#4242 = CIRCLE ( 'NONE', #1688, 5.036000000000006693 ) ;
#4243 = CIRCLE ( 'NONE', #1222, 6.000000000000006217 ) ;
#4244 = VERTEX_POINT ( 'NONE', #423 ) ;
#4245 = EDGE_CURVE ( 'NONE', #2600, #4690, #2327, .T. ) ;
#4246 = UNCERTAINTY_MEASURE_WITH_UNIT (LENGTH_MEASURE( 1.000000000000000082E-05 ), #1797, 'distance_accuracy_value', 'NONE');
#4247 = ORIENTED_EDGE ( 'NONE', *, *, #2948, .F. ) ;
#4248 = EDGE_CURVE ( 'NONE', #1184, #3920, #2322, .T. ) ;
#4249 = ORIENTED_EDGE ( 'NONE', *, *, #651, .T. ) ;
#4250 = DIRECTION ( 'NONE',  ( 0.0000000000000000000, -1.000000000000000000, 0.0000000000000000000 ) ) ;
#4251 = VECTOR ( 'NONE', #465, 1000.000000000000000 ) ;
#4252 = VERTEX_POINT ( 'NONE', #106 ) ;
#4253 = VERTEX_POINT ( 'NONE', #68 ) ;
#4254 = ORIENTED_EDGE ( 'NONE', *, *, #4293, .F. ) ;
#4255 = VERTEX_POINT ( 'NONE', #95 ) ;
#4256 = ORIENTED_EDGE ( 'NONE', *, *, #4657, .T. ) ;
#4257 = CIRCLE ( 'NONE', #907, 6.000000000000006217 ) ;
#4258 = EDGE_CURVE ( 'NONE', #3866, #2600, #2213, .T. ) ;
#4259 = DIRECTION ( 'NONE',  ( -1.000000000000000000, -1.224606353822377258E-16, -0.0000000000000000000 ) ) ;
#4260 = EDGE_CURVE ( 'NONE', #3866, #1826, #2076, .T. ) ;
#4261 = CARTESIAN_POINT ( 'NONE',  ( 79.24642863826272787, 6.104662681989103693E-15, 0.0000000000000000000 ) ) ;
#4262 = CONICAL_SURFACE ( 'NONE', #1870, 5.036000000000006693, 0.9599310885968775908 ) ;
#4263 = ORIENTED_EDGE ( 'NONE', *, *, #2894, .F. ) ;
#4264 = VECTOR ( 'NONE', #1456, 1000.000000000000000 ) ;
#4265 = CIRCLE ( 'NONE', #1081, 6.000000000000006217 ) ;
#4266 = DIRECTION ( 'NONE',  ( 0.5735764363510452712, -0.8191520442889924647, 1.003171929053525610E-16 ) ) ;
#4267 = EDGE_CURVE ( 'NONE', #1826, #4380, #2439, .T. ) ;
#4268 = ORIENTED_EDGE ( 'NONE', *, *, #4302, .T. ) ;
#4269 = EDGE_CURVE ( 'NONE', #4079, #263, #1970, .T. ) ;
#4270 = CARTESIAN_POINT ( 'NONE',  ( 79.24642863826272787, -6.000000000000000000, 7.347880794884126639E-16 ) ) ;
#4271 = EDGE_CURVE ( 'NONE', #964, #4801, #1850, .T. ) ;
#4272 = EDGE_CURVE ( 'NONE', #4801, #838, #1782, .T. ) ;
#4273 = ORIENTED_EDGE ( 'NONE', *, *, #4033, .F. ) ;
#4274 = VERTEX_POINT ( 'NONE', #2841 ) ;
#4275 = DIRECTION ( 'NONE',  ( 0.0000000000000000000, -1.000000000000000000, 0.0000000000000000000 ) ) ;
#4276 = VERTEX_POINT ( 'NONE', #4545 ) ;
#4277 = EDGE_CURVE ( 'NONE', #4571, #838, #1661, .T. ) ;
#4278 = ORIENTED_EDGE ( 'NONE', *, *, #4649, .F. ) ;
#4279 = DIRECTION ( 'NONE',  ( -1.000000000000000000, -1.224606353822377258E-16, -0.0000000000000000000 ) ) ;
#4280 = EDGE_CURVE ( 'NONE', #922, #4571, #1668, .T. ) ;
#4281 = ORIENTED_EDGE ( 'NONE', *, *, #3281, .F. ) ;
#4282 = EDGE_CURVE ( 'NONE', #4690, #922, #1725, .T. ) ;
#4283 = CIRCLE ( 'NONE', #1700, 6.000000000000006217 ) ;
#4284 = EDGE_CURVE ( 'NONE', #2495, #3160, #1968, .T. ) ;
#4285 = ORIENTED_EDGE ( 'NONE', *, *, #3989, .F. ) ;
#4286 = DIRECTION ( 'NONE',  ( 0.5735764363510450492, 0.8191520442889925757, 0.0000000000000000000 ) ) ;
#4287 = CIRCLE ( 'NONE', #1707, 5.036000000000006693 ) ;
#4288 = CARTESIAN_POINT ( 'NONE',  ( 6.000000000000000000, -2.919948986426523341, 5.057499999999991225 ) ) ;
#4289 = DIRECTION ( 'NONE',  ( -1.000000000000000000, -0.0000000000000000000, -0.0000000000000000000 ) ) ;
#4290 = ORIENTED_EDGE ( 'NONE', *, *, #4328, .F. ) ;
#4291 = VERTEX_POINT ( 'NONE', #2034 ) ;
#4292 = CYLINDRICAL_SURFACE ( 'NONE', #1270, 5.999999999999866773 ) ;
#4293 = EDGE_CURVE ( 'NONE', #3160, #1713, #1409, .T. ) ;
#4294 = EDGE_CURVE ( 'NONE', #4630, #1713, #1604, .T. ) ;
#4295 = CIRCLE ( 'NONE', #1407, 6.000000000000006217 ) ;
#4296 = DIRECTION ( 'NONE',  ( -1.000000000000000000, -1.224606353822377258E-16, -0.0000000000000000000 ) ) ;
#4297 = ORIENTED_EDGE ( 'NONE', *, *, #4272, .F. ) ;
#4298 = ORIENTED_EDGE ( 'NONE', *, *, #3233, .T. ) ;
#4299 = EDGE_CURVE ( 'NONE', #197, #4630, #1535, .T. ) ;
#4300 = VECTOR ( 'NONE', #4227, 1000.000000000000000 ) ;
#4301 = CARTESIAN_POINT ( 'NONE',  ( 76.85714285714284699, 6.022001744921539221E-15, 0.0000000000000000000 ) ) ;
#4302 = EDGE_CURVE ( 'NONE', #2495, #197, #1476, .T. ) ;
#4303 = VERTEX_POINT ( 'NONE', #2748 ) ;
#4304 = VECTOR ( 'NONE', #225, 1000.000000000000000 ) ;
#4305 = DIRECTION ( 'NONE',  ( -1.000000000000000000, -0.0000000000000000000, -0.0000000000000000000 ) ) ;
#4306 = ORIENTED_EDGE ( 'NONE', *, *, #1618, .T. ) ;
#4307 = EDGE_CURVE ( 'NONE', #2495, #4511, #1009, .T. ) ;
#4308 = CARTESIAN_POINT ( 'NONE',  ( 72.75357136173727213, -1.386669559958809814E-28, 6.000000000000006217 ) ) ;
#4309 = CARTESIAN_POINT ( 'NONE',  ( 79.24642863826272787, 6.000000000000012434, 0.0000000000000000000 ) ) ;
#4310 = ORIENTED_EDGE ( 'NONE', *, *, #3152, .F. ) ;
#4311 = ORIENTED_EDGE ( 'NONE', *, *, #4245, .T. ) ;
#4312 = EDGE_CURVE ( 'NONE', #4511, #922, #1014, .T. ) ;
#4313 = ORIENTED_EDGE ( 'NONE', *, *, #4282, .T. ) ;
#4314 = FACE_OUTER_BOUND ( 'NONE', #2715, .T. ) ;
#4315 = ORIENTED_EDGE ( 'NONE', *, *, #3468, .T. ) ;
#4316 = CIRCLE ( 'NONE', #1090, 6.000000000000006217 ) ;
#4317 = DIRECTION ( 'NONE',  ( -1.000000000000000000, -0.0000000000000000000, -0.0000000000000000000 ) ) ;
#4318 = PLANE ( 'NONE',  #2379 ) ;
#4319 = VERTEX_POINT ( 'NONE', #2002 ) ;
#4320 = CARTESIAN_POINT ( 'NONE',  ( 6.000000000000000000, 2.919948986426526893, -5.057500000000015206 ) ) ;
#4321 = CARTESIAN_POINT ( 'NONE',  ( 73.42857142857143060, 5.036000000000012911, 0.0000000000000000000 ) ) ;
#4322 = ORIENTED_EDGE ( 'NONE', *, *, #4064, .T. ) ;
#4323 = CARTESIAN_POINT ( 'NONE',  ( -31.74999999999995737, 7.347880794883956047E-16, -5.999999999999866773 ) ) ;
#4324 = EDGE_CURVE ( 'NONE', #3160, #4571, #861, .T. ) ;
#4325 = ORIENTED_EDGE ( 'NONE', *, *, #4312, .F. ) ;
#4326 = ORIENTED_EDGE ( 'NONE', *, *, #2985, .T. ) ;
#4327 = ORIENTED_EDGE ( 'NONE', *, *, #651, .F. ) ;
#4328 = EDGE_CURVE ( 'NONE', #1713, #2202, #1203, .T. ) ;
#4329 = CARTESIAN_POINT ( 'NONE',  ( 60.75357136173725792, 5.939340807853974748E-15, 0.0000000000000000000 ) ) ;
#4330 = DIRECTION ( 'NONE',  ( 0.0000000000000000000, -1.000000000000000000, 0.0000000000000000000 ) ) ;
#4331 = EDGE_CURVE ( 'NONE', #2202, #4456, #866, .T. ) ;
#4332 = EDGE_CURVE ( 'NONE', #2795, #4456, #1141, .T. ) ;
#4333 = DIRECTION ( 'NONE',  ( -1.000000000000000000, -1.224606353822377258E-16, -0.0000000000000000000 ) ) ;
#4334 = EDGE_CURVE ( 'NONE', #4644, #2795, #755, .T. ) ;
#4335 = ORIENTED_EDGE ( 'NONE', *, *, #4260, .F. ) ;
#4336 = CARTESIAN_POINT ( 'NONE',  ( 74.10357149540558908, 7.347880794882700773E-16, -6.000000000000006217 ) ) ;
#4337 = CIRCLE ( 'NONE', #1690, 6.000000000000006217 ) ;
#4338 = VERTEX_POINT ( 'NONE', #3116 ) ;
#4339 = CARTESIAN_POINT ( 'NONE',  ( 65.53214292397701968, -1.425188158846554531E-28, 6.000000000000006217 ) ) ;
#4340 = DIRECTION ( 'NONE',  ( 1.000000000000000000, 0.0000000000000000000, 0.0000000000000000000 ) ) ;
#4341 = ORIENTED_EDGE ( 'NONE', *, *, #1327, .F. ) ;
#4342 = LINE ( 'NONE', #4798, #4089 ) ;
#4343 = EDGE_CURVE ( 'NONE', #4630, #4644, #622, .T. ) ;
#4344 = EDGE_CURVE ( 'NONE', #16, #3013, #690, .T. ) ;
#4345 = CIRCLE ( 'NONE', #1727, 6.000000000000006217 ) ;
#4346 = ORIENTED_EDGE ( 'NONE', *, *, #4269, .T. ) ;
#4347 = ORIENTED_EDGE ( 'NONE', *, *, #4226, .T. ) ;
#4348 = CARTESIAN_POINT ( 'NONE',  ( 69.32499993316584153, 5.939340807853974748E-15, 0.0000000000000000000 ) ) ;
#4349 = ORIENTED_EDGE ( 'NONE', *, *, #3048, .T. ) ;
#4350 = EDGE_CURVE ( 'NONE', #3013, #1578, #625, .T. ) ;
#4351 = UNCERTAINTY_MEASURE_WITH_UNIT (LENGTH_MEASURE( 1.000000000000000082E-05 ), #4017, 'distance_accuracy_value', 'NONE');
#4352 = EDGE_CURVE ( 'NONE', #4112, #1578, #556, .T. ) ;
#4353 = DIRECTION ( 'NONE',  ( 0.5735764363510450492, 0.8191520442889925757, 0.0000000000000000000 ) ) ;
#4354 = ORIENTED_EDGE ( 'NONE', *, *, #3561, .T. ) ;
#4355 = CARTESIAN_POINT ( 'NONE',  ( 0.6000000000000033085, 0.0000000000000000000, 0.0000000000000000000 ) ) ;
#4356 = CARTESIAN_POINT ( 'NONE',  ( 62.10357149540558908, -6.000000000000000000, 7.347880794884126639E-16 ) ) ;
#4357 = EDGE_CURVE ( 'NONE', #3279, #4112, #686, .T. ) ;
#4358 = ORIENTED_EDGE ( 'NONE', *, *, #3177, .T. ) ;
#4359 = ORIENTED_EDGE ( 'NONE', *, *, #3742, .T. ) ;
#4360 = ORIENTED_EDGE ( 'NONE', *, *, #1313, .T. ) ;
#4361 = DIRECTION ( 'NONE',  ( 0.0000000000000000000, -1.000000000000000000, 0.0000000000000000000 ) ) ;
#4362 = ORIENTED_EDGE ( 'NONE', *, *, #3266, .T. ) ;
#4363 = EDGE_CURVE ( 'NONE', #16, #3279, #384, .T. ) ;
#4364 = ORIENTED_EDGE ( 'NONE', *, *, #4238, .F. ) ;
#4365 = LINE ( 'NONE', #1277, #4572 ) ;
#4366 = CIRCLE ( 'NONE', #1082, 6.000000000000006217 ) ;
#4367 = DIRECTION ( 'NONE',  ( 0.0000000000000000000, -1.000000000000000000, 0.0000000000000000000 ) ) ;
#4368 =( NAMED_UNIT ( * ) PLANE_ANGLE_UNIT ( ) SI_UNIT ( $, .RADIAN. ) );
#4369 = VERTEX_POINT ( 'NONE', #817 ) ;
#4370 = VECTOR ( 'NONE', #1334, 1000.000000000000000 ) ;
#4371 = VECTOR ( 'NONE', #3148, 1000.000000000000114 ) ;
#4372 = EDGE_CURVE ( 'NONE', #16, #3061, #217, .T. ) ;
#4373 = EDGE_CURVE ( 'NONE', #3061, #4644, #380, .T. ) ;
#4374 = ORIENTED_EDGE ( 'NONE', *, *, #1327, .T. ) ;
#4375 = ORIENTED_EDGE ( 'NONE', *, *, #4032, .T. ) ;
#4376 = DIRECTION ( 'NONE',  ( -1.000000000000000000, -1.224606353822377258E-16, -0.0000000000000000000 ) ) ;
#4377 = DIRECTION ( 'NONE',  ( 0.0000000000000000000, 0.0000000000000000000, 1.000000000000000000 ) ) ;
#4378 = VERTEX_POINT ( 'NONE', #841 ) ;
#4379 = VERTEX_POINT ( 'NONE', #826 ) ;
#4380 = VERTEX_POINT ( 'NONE', #932 ) ;
#4381 = CARTESIAN_POINT ( 'NONE',  ( 80.28571428571427759, 6.022001744921539221E-15, 0.0000000000000000000 ) ) ;
#4382 = EDGE_CURVE ( 'NONE', #3013, #2795, #46, .T. ) ;
#4383 = CARTESIAN_POINT ( 'NONE',  ( 6.000000000000000000, -2.919948986426523341, 5.057499999999991225 ) ) ;
#4384 = ADVANCED_FACE ( 'NONE', ( #270 ), #97, .T. ) ;
#4385 = EDGE_CURVE ( 'NONE', #3562, #1031, #129, .T. ) ;
#4386 = ORIENTED_EDGE ( 'NONE', *, *, #4258, .T. ) ;
#4387 = CIRCLE ( 'NONE', #1227, 6.000000000000006217 ) ;
#4388 = ORIENTED_EDGE ( 'NONE', *, *, #1618, .F. ) ;
#4389 = EDGE_CURVE ( 'NONE', #4253, #4755, #41, .T. ) ;
#4390 = CIRCLE ( 'NONE', #1745, 5.036000000000006693 ) ;
#4391 = CARTESIAN_POINT ( 'NONE',  ( -31.74999999999995737, 0.0000000000000000000, 5.999999999999866773 ) ) ;
#4392 = EDGE_CURVE ( 'NONE', #3562, #1702, #318, .T. ) ;
#4393 = ORIENTED_EDGE ( 'NONE', *, *, #4271, .F. ) ;
#4394 = VECTOR ( 'NONE', #2007, 1000.000000000000000 ) ;
#4395 = CARTESIAN_POINT ( 'NONE',  ( 64.85714285714286120, 6.022001744921539221E-15, 0.0000000000000000000 ) ) ;
#4396 = ORIENTED_EDGE ( 'NONE', *, *, #4225, .F. ) ;
#4397 = ORIENTED_EDGE ( 'NONE', *, *, #3205, .T. ) ;
#4398 = EDGE_CURVE ( 'NONE', #1702, #852, #547, .T. ) ;
#4399 = EDGE_CURVE ( 'NONE', #852, #3461, #82, .T. ) ;
#4400 = ORIENTED_EDGE ( 'NONE', *, *, #1516, .T. ) ;
#4401 = CARTESIAN_POINT ( 'NONE',  ( 77.53214292397700547, 6.000000000000012434, 0.0000000000000000000 ) ) ;
#4402 = ORIENTED_EDGE ( 'NONE', *, *, #3002, .F. ) ;
#4403 = VECTOR ( 'NONE', #24, 1000.000000000000114 ) ;
#4404 = EDGE_CURVE ( 'NONE', #3461, #1031, #431, .T. ) ;
#4405 = ORIENTED_EDGE ( 'NONE', *, *, #2922, .T. ) ;
#4406 = LINE ( 'NONE', #3651, #364 ) ;
#4407 = EDGE_CURVE ( 'NONE', #4240, #1339, #609, .T. ) ;
#4408 = ORIENTED_EDGE ( 'NONE', *, *, #3120, .T. ) ;
#4409 = VERTEX_POINT ( 'NONE', #1221 ) ;
#4410 = ORIENTED_EDGE ( 'NONE', *, *, #4206, .T. ) ;
#4411 = ORIENTED_EDGE ( 'NONE', *, *, #3473, .F. ) ;
#4412 = ORIENTED_EDGE ( 'NONE', *, *, #4231, .T. ) ;
#4413 = CIRCLE ( 'NONE', #878, 6.000000000000006217 ) ;
#4414 = ORIENTED_EDGE ( 'NONE', *, *, #2897, .T. ) ;
#4415 = CIRCLE ( 'NONE', #893, 6.000000000000006217 ) ;
#4416 = CARTESIAN_POINT ( 'NONE',  ( 75.81785720969129727, -1.425188158846554531E-28, 6.000000000000006217 ) ) ;
#4417 = EDGE_CURVE ( 'NONE', #1329, #4253, #615, .T. ) ;
#4418 = VERTEX_POINT ( 'NONE', #1122 ) ;
#4419 = LINE ( 'NONE', #3157, #4371 ) ;
#4420 = CARTESIAN_POINT ( 'NONE',  ( 72.38928578111988088, 6.000000000000012434, 0.0000000000000000000 ) ) ;
#4421 = DIRECTION ( 'NONE',  ( 0.5735764363510450492, 0.8191520442889925757, 0.0000000000000000000 ) ) ;
#4422 = VERTEX_POINT ( 'NONE', #1300 ) ;
#4423 = ORIENTED_EDGE ( 'NONE', *, *, #2254, .T. ) ;
#4424 = DIRECTION ( 'NONE',  ( -0.7071067811867304265, 0.0000000000000000000, 0.7071067811863646080 ) ) ;
#4425 = VERTEX_POINT ( 'NONE', #801 ) ;
#4426 = ORIENTED_EDGE ( 'NONE', *, *, #4267, .F. ) ;
#4427 = CARTESIAN_POINT ( 'NONE',  ( 48.75357136173725792, -1.386669559958809814E-28, 6.000000000000006217 ) ) ;
#4428 = VERTEX_POINT ( 'NONE', #1305 ) ;
#4429 = CARTESIAN_POINT ( 'NONE',  ( 82.00000000000000000, 0.0000000000000000000, 5.035999999999999588 ) ) ;
#4430 = DIRECTION ( 'NONE',  ( 0.0000000000000000000, 0.4999999999999990008, -0.8660254037844392627 ) ) ;
#4431 = VERTEX_POINT ( 'NONE', #4659 ) ;
#4432 = EDGE_CURVE ( 'NONE', #4240, #410, #855, .T. ) ;
#4433 = DIRECTION ( 'NONE',  ( 0.0000000000000000000, -1.000000000000000000, 0.0000000000000000000 ) ) ;
#4434 = ORIENTED_EDGE ( 'NONE', *, *, #1313, .F. ) ;
#4435 = ORIENTED_EDGE ( 'NONE', *, *, #3573, .F. ) ;
#4436 = EDGE_CURVE ( 'NONE', #1867, #410, #793, .T. ) ;
#4437 = VERTEX_POINT ( 'NONE', #3456 ) ;
#4438 = VECTOR ( 'NONE', #4673, 1000.000000000000114 ) ;
#4439 = CONICAL_SURFACE ( 'NONE', #1422, 6.000000000000006217, 0.9599310885968824758 ) ;
#4440 = DIRECTION ( 'NONE',  ( -1.000000000000000000, -1.224606353822377258E-16, -0.0000000000000000000 ) ) ;
#4441 = CIRCLE ( 'NONE', #1719, 6.000000000000006217 ) ;
#4442 = ORIENTED_EDGE ( 'NONE', *, *, #2894, .T. ) ;
#4443 = DIRECTION ( 'NONE',  ( 0.5735764363510450492, 0.8191520442889925757, 0.0000000000000000000 ) ) ;
#4444 = EDGE_CURVE ( 'NONE', #1339, #1867, #736, .T. ) ;
#4445 = CARTESIAN_POINT ( 'NONE',  ( 72.38928578111988088, 6.104662681989103693E-15, 0.0000000000000000000 ) ) ;
#4446 = EDGE_CURVE ( 'NONE', #2159, #4067, #674, .T. ) ;
#4447 = ORIENTED_EDGE ( 'NONE', *, *, #3822, .T. ) ;
#4448 = ADVANCED_FACE ( 'NONE', ( #745 ), #1260, .T. ) ;
#4449 = CARTESIAN_POINT ( 'NONE',  ( 63.81785720969129727, 7.347880794882700773E-16, -6.000000000000006217 ) ) ;
#4450 = VERTEX_POINT ( 'NONE', #72 ) ;
#4451 = ORIENTED_EDGE ( 'NONE', *, *, #3767, .T. ) ;
#4452 = EDGE_CURVE ( 'NONE', #2159, #3174, #1461, .T. ) ;
#4453 = CARTESIAN_POINT ( 'NONE',  ( 80.28571428571427759, 5.036000000000012911, 6.167321280506079282E-16 ) ) ;
#4454 = DIRECTION ( 'NONE',  ( -1.000000000000000000, -0.0000000000000000000, -0.0000000000000000000 ) ) ;
#4455 = ORIENTED_EDGE ( 'NONE', *, *, #2336, .T. ) ;
#4456 = VERTEX_POINT ( 'NONE', #67 ) ;
#4457 = EDGE_CURVE ( 'NONE', #1949, #3174, #999, .T. ) ;
#4458 = EDGE_CURVE ( 'NONE', #4067, #1949, #256, .T. ) ;
#4459 = CARTESIAN_POINT ( 'NONE',  ( 0.0000000000000000000, -2.919948986426535331, -5.057500000000006324 ) ) ;
#4460 = VERTEX_POINT ( 'NONE', #1332 ) ;
#4461 = VERTEX_POINT ( 'NONE', #4579 ) ;
#4462 = DIRECTION ( 'NONE',  ( 0.0000000000000000000, -1.000000000000000000, 0.0000000000000000000 ) ) ;
#4463 = EDGE_CURVE ( 'NONE', #1578, #3024, #1057, .T. ) ;
#4464 = ORIENTED_EDGE ( 'NONE', *, *, #4208, .F. ) ;
#4465 = CIRCLE ( 'NONE', #887, 5.036000000000006693 ) ;
#4466 = CIRCLE ( 'NONE', #1091, 6.000000000000006217 ) ;
#4467 = CARTESIAN_POINT ( 'NONE',  ( 53.89642850459440382, -5.999999999999999112, 0.0000000000000000000 ) ) ;
#4468 = CARTESIAN_POINT ( 'NONE',  ( 6.000000000000000000, 5.839897972853066221, -2.038300084272748336E-14 ) ) ;
#4469 = DIRECTION ( 'NONE',  ( 0.0000000000000000000, -1.000000000000000000, 0.0000000000000000000 ) ) ;
#4470 = EDGE_CURVE ( 'NONE', #3024, #4067, #1002, .T. ) ;
#4471 = EDGE_CURVE ( 'NONE', #4067, #2159, #258, .T. ) ;
#4472 = CARTESIAN_POINT ( 'NONE',  ( 46.67500006683415847, -6.000000000000000888, 7.347880794884127625E-16 ) ) ;
#4473 = ORIENTED_EDGE ( 'NONE', *, *, #2940, .F. ) ;
#4474 = ORIENTED_EDGE ( 'NONE', *, *, #4037, .F. ) ;
#4475 = EDGE_CURVE ( 'NONE', #4112, #2159, #1119, .T. ) ;
#4476 = EDGE_CURVE ( 'NONE', #4255, #4568, #478, .T. ) ;
#4477 = VERTEX_POINT ( 'NONE', #1509 ) ;
#4478 = DIRECTION ( 'NONE',  ( 0.0000000000000000000, 0.0000000000000000000, 1.000000000000000000 ) ) ;
#4479 = DIRECTION ( 'NONE',  ( -1.000000000000000000, -1.224606353822377258E-16, -0.0000000000000000000 ) ) ;
#4480 = ORIENTED_EDGE ( 'NONE', *, *, #2073, .F. ) ;
#4481 = EDGE_CURVE ( 'NONE', #3106, #2899, #363, .T. ) ;
#4482 = DIRECTION ( 'NONE',  ( 0.0000000000000000000, -1.000000000000000000, 1.485234403101492904E-15 ) ) ;
#4483 = CARTESIAN_POINT ( 'NONE',  ( 79.61071421888010491, 5.939340807853974748E-15, 0.0000000000000000000 ) ) ;
#4484 = EDGE_CURVE ( 'NONE', #2899, #4240, #202, .T. ) ;
#4485 = ORIENTED_EDGE ( 'NONE', *, *, #2882, .F. ) ;
#4486 = ORIENTED_EDGE ( 'NONE', *, *, #2828, .T. ) ;
#4487 =( LENGTH_UNIT ( ) NAMED_UNIT ( * ) SI_UNIT ( .MILLI., .METRE. ) );
#4488 = CONICAL_SURFACE ( 'NONE', #1823, 6.000000000000006217, 0.9599310885968824758 ) ;
#4489 = EDGE_CURVE ( 'NONE', #3106, #1339, #151, .T. ) ;
#4490 = ADVANCED_FACE ( 'NONE', ( #1398 ), #1710, .T. ) ;
#4491 = ORIENTED_EDGE ( 'NONE', *, *, #3091, .T. ) ;
#4492 = EDGE_CURVE ( 'NONE', #2880, #2554, #157, .T. ) ;
#4493 = CIRCLE ( 'NONE', #1761, 5.036000000000006693 ) ;
#4494 = ORIENTED_EDGE ( 'NONE', *, *, #3556, .F. ) ;
#4495 = VERTEX_POINT ( 'NONE', #2472 ) ;
#4496 = LINE ( 'NONE', #3739, #2579 ) ;
#4497 = EDGE_CURVE ( 'NONE', #4792, #2554, #3676, .T. ) ;
#4498 = EDGE_CURVE ( 'NONE', #4739, #4165, #1704, .T. ) ;
#4499 = VECTOR ( 'NONE', #4266, 999.9999999999998863 ) ;
#4500 = ORIENTED_EDGE ( 'NONE', *, *, #4215, .T. ) ;
#4501 = ORIENTED_EDGE ( 'NONE', *, *, #3162, .F. ) ;
#4502 = CARTESIAN_POINT ( 'NONE',  ( 6.000000000000000000, -2.919948986426535331, -5.057500000000006324 ) ) ;
#4503 = CARTESIAN_POINT ( 'NONE',  ( -31.74999999999995737, 0.0000000000000000000, 0.0000000000000000000 ) ) ;
#4504 = ORIENTED_EDGE ( 'NONE', *, *, #3573, .T. ) ;
#4505 = ADVANCED_FACE ( 'NONE', ( #1893 ), #2530, .T. ) ;
#4506 = DIRECTION ( 'NONE',  ( 0.5735764363510452712, -0.8191520442889924647, 1.003171929053525610E-16 ) ) ;
#4507 = DIRECTION ( 'NONE',  ( 0.0000000000000000000, 0.0000000000000000000, 1.000000000000000000 ) ) ;
#4508 = EDGE_CURVE ( 'NONE', #4792, #4460, #532, .T. ) ;
#4509 = ORIENTED_EDGE ( 'NONE', *, *, #3961, .F. ) ;
#4510 = ORIENTED_EDGE ( 'NONE', *, *, #4005, .T. ) ;
#4511 = VERTEX_POINT ( 'NONE', #2636 ) ;
#4512 = DIRECTION ( 'NONE',  ( 0.0000000000000000000, -1.000000000000000000, 0.0000000000000000000 ) ) ;
#4513 = ORIENTED_EDGE ( 'NONE', *, *, #3481, .F. ) ;
#4514 = EDGE_CURVE ( 'NONE', #4460, #3572, #1955, .T. ) ;
#4515 = EDGE_CURVE ( 'NONE', #1337, #3572, #2250, .T. ) ;
#4516 = ORIENTED_EDGE ( 'NONE', *, *, #3928, .F. ) ;
#4517 = ORIENTED_EDGE ( 'NONE', *, *, #3600, .T. ) ;
#4518 = ORIENTED_EDGE ( 'NONE', *, *, #4169, .T. ) ;
#4519 = CONICAL_SURFACE ( 'NONE', #896, 6.000000000000006217, 0.9599310885968824758 ) ;
#4520 = CARTESIAN_POINT ( 'NONE',  ( 65.53214292397701968, 6.104662681989103693E-15, 0.0000000000000000000 ) ) ;
#4521 = CARTESIAN_POINT ( 'NONE',  ( 82.00000000000000000, 5.035999999999999588, 0.0000000000000000000 ) ) ;
#4522 = CARTESIAN_POINT ( 'NONE',  ( 68.96071435254843607, -1.425188158846554531E-28, 6.000000000000006217 ) ) ;
#4523 = PRESENTATION_STYLE_ASSIGNMENT (( #1802 ) ) ;
#4524 = EDGE_CURVE ( 'NONE', #2880, #1337, #2373, .T. ) ;
#4525 = ORIENTED_EDGE ( 'NONE', *, *, #1895, .T. ) ;
#4526 = FACE_OUTER_BOUND ( 'NONE', #1925, .T. ) ;
#4527 = CIRCLE ( 'NONE', #1097, 6.000000000000006217 ) ;
#4528 = EDGE_CURVE ( 'NONE', #410, #1867, #2719, .T. ) ;
#4529 = DIRECTION ( 'NONE',  ( -1.000000000000000000, -1.224606353822377258E-16, -0.0000000000000000000 ) ) ;
#4530 = DIRECTION ( 'NONE',  ( -0.5735764363510492680, 0.8191520442889894671, 1.003171929053522035E-16 ) ) ;
#4531 = CARTESIAN_POINT ( 'NONE',  ( 57.99999999999999289, 6.022001744921539221E-15, 0.0000000000000000000 ) ) ;
#4532 = ORIENTED_EDGE ( 'NONE', *, *, #4194, .F. ) ;
#4533 = DIRECTION ( 'NONE',  ( -1.000000000000000000, -0.0000000000000000000, -0.0000000000000000000 ) ) ;
#4534 = EDGE_CURVE ( 'NONE', #2899, #3106, #2829, .T. ) ;
#4535 = CARTESIAN_POINT ( 'NONE',  ( 80.96071435254843607, 6.104662681989103693E-15, 0.0000000000000000000 ) ) ;
#4536 = ORIENTED_EDGE ( 'NONE', *, *, #4055, .F. ) ;
#4537 = EDGE_CURVE ( 'NONE', #1339, #4240, #2590, .T. ) ;
#4538 = ORIENTED_EDGE ( 'NONE', *, *, #2073, .T. ) ;
#4539 = EDGE_CURVE ( 'NONE', #3174, #1949, #3018, .T. ) ;
#4540 = VERTEX_POINT ( 'NONE', #1213 ) ;
#4541 = ORIENTED_EDGE ( 'NONE', *, *, #3410, .F. ) ;
#4542 = EDGE_CURVE ( 'NONE', #3024, #3279, #4613, .T. ) ;
#4543 = EDGE_CURVE ( 'NONE', #3286, #2880, #3019, .T. ) ;
#4544 = CARTESIAN_POINT ( 'NONE',  ( 8.919948986426568638, 0.0000000000000000000, 0.0000000000000000000 ) ) ;
#4545 = CARTESIAN_POINT ( 'NONE',  ( 74.10357149540558908, -6.000000000000000888, 7.347880794884127625E-16 ) ) ;
#4546 = ORIENTED_EDGE ( 'NONE', *, *, #4207, .T. ) ;
#4547 = ORIENTED_EDGE ( 'NONE', *, *, #2978, .F. ) ;
#4548 = EDGE_CURVE ( 'NONE', #3286, #2212, #3072, .T. ) ;
#4549 = CIRCLE ( 'NONE', #1757, 6.000000000000006217 ) ;
#4550 = VERTEX_POINT ( 'NONE', #4072 ) ;
#4551 = LINE ( 'NONE', #2019, #4201 ) ;
#4552 = CARTESIAN_POINT ( 'NONE',  ( 64.18214279030868852, -6.000000000000008882, 0.0000000000000000000 ) ) ;
#4553 = DIRECTION ( 'NONE',  ( -1.000000000000000000, -1.224606353822377258E-16, -0.0000000000000000000 ) ) ;
#4554 = EDGE_CURVE ( 'NONE', #2212, #4799, #3360, .T. ) ;
#4555 = EDGE_CURVE ( 'NONE', #4799, #2554, #3135, .T. ) ;
#4556 = ORIENTED_EDGE ( 'NONE', *, *, #4221, .F. ) ;
#4557 = CARTESIAN_POINT ( 'NONE',  ( 48.38928578111987377, 6.104662681989103693E-15, 0.0000000000000000000 ) ) ;
#4558 = ORIENTED_EDGE ( 'NONE', *, *, #4015, .F. ) ;
#4559 = ORIENTED_EDGE ( 'NONE', *, *, #3370, .F. ) ;
#4560 = EDGE_CURVE ( 'NONE', #1031, #4799, #1645, .T. ) ;
#4561 = DIRECTION ( 'NONE',  ( -0.5735764363510490460, -0.8191520442889896891, 0.0000000000000000000 ) ) ;
#4562 = ORIENTED_EDGE ( 'NONE', *, *, #4163, .F. ) ;
#4563 = CLOSED_SHELL ( 'NONE', ( #4806, #501, #1400, #282, #319, #2003, #1204, #9, #1315, #1318, #397, #1771, #144, #2068, #1561, #847, #1101, #572, #2641, #1144, #2387, #138, #343, #2619, #3277, #1262, #664, #3399, #1522, #167, #1940, #3763, #1776, #2551, #1469, #525, #2465, #2206, #1619, #2375, #2756, #4, #173, #1977, #1706, #788, #1611, #60, #4448, #558, #2613, #4093, #1228, #1419, #708, #1175, #105, #3993, #3537, #571, #2360, #1815, #4121, #2637, #1999, #1088, #11, #2671, #2692, #1114, #919, #2415, #2090, #1058, #4490, #386, #114, #4662, #2317, #112, #3723, #2758, #958, #737, #368, #886, #2704, #1026, #1568, #109, #1827, #1666, #1784, #1684, #3488, #1459, #825, #2482, #401, #203, #1481, #1630, #1721, #1748, #2286, #1908, #747, #2151, #2765, #3246, #2670, #2011, #730, #1064, #1266, #253, #2176, #2659, #2204, #2136, #2305, #2476, #1252, #984, #2794, #2666, #3526, #1341, #1214, #1158, #1849, #2341, #981, #1944, #3016, #516, #4505, #784, #4384, #3692, #3388, #3768, #3415, #2425, #879, #4173, #566, #81, #702, #991, #1282, #673, #1405 ) ) ;
#4564 = ORIENTED_EDGE ( 'NONE', *, *, #3131, .F. ) ;
#4565 = EDGE_CURVE ( 'NONE', #426, #1031, #2473, .T. ) ;
#4566 = DIRECTION ( 'NONE',  ( -1.000000000000000000, -0.0000000000000000000, -0.0000000000000000000 ) ) ;
#4567 = EDGE_CURVE ( 'NONE', #426, #4792, #2006, .T. ) ;
#4568 = VERTEX_POINT ( 'NONE', #4522 ) ;
#4569 = ORIENTED_EDGE ( 'NONE', *, *, #3830, .T. ) ;
#4570 = DIRECTION ( 'NONE',  ( 0.0000000000000000000, -1.000000000000000000, 0.0000000000000000000 ) ) ;
#4571 = VERTEX_POINT ( 'NONE', #195 ) ;
#4572 = VECTOR ( 'NONE', #1269, 1000.000000000000114 ) ;
#4573 = EDGE_CURVE ( 'NONE', #426, #3461, #1251, .T. ) ;
#4574 = DIRECTION ( 'NONE',  ( -1.000000000000000000, -1.224606353822377258E-16, -0.0000000000000000000 ) ) ;
#4575 = CIRCLE ( 'NONE', #862, 6.000000000000006217 ) ;
#4576 = EDGE_CURVE ( 'NONE', #3461, #1951, #729, .T. ) ;
#4577 = EDGE_CURVE ( 'NONE', #1951, #4460, #1250, .T. ) ;
#4578 = CARTESIAN_POINT ( 'NONE',  ( 65.53214292397701968, -6.000000000000000000, 7.347880794884126639E-16 ) ) ;
#4579 = CARTESIAN_POINT ( 'NONE',  ( 59.03928564745154972, -1.386669559958809814E-28, 6.000000000000006217 ) ) ;
#4580 = ORIENTED_EDGE ( 'NONE', *, *, #2102, .T. ) ;
#4581 = CARTESIAN_POINT ( 'NONE',  ( 80.96071435254843607, 6.104662681989103693E-15, 0.0000000000000000000 ) ) ;
#4582 = EDGE_CURVE ( 'NONE', #1951, #852, #2012, .T. ) ;
#4583 = EDGE_CURVE ( 'NONE', #852, #4338, #1187, .T. ) ;
#4584 = EDGE_CURVE ( 'NONE', #4338, #3572, #1391, .T. ) ;
#4585 = ORIENTED_EDGE ( 'NONE', *, *, #4194, .T. ) ;
#4586 = DIRECTION ( 'NONE',  ( 0.5735764363510452712, -0.8191520442889924647, 1.003171929053525610E-16 ) ) ;
#4587 = DIRECTION ( 'NONE',  ( 0.0000000000000000000, 0.0000000000000000000, -1.000000000000000000 ) ) ;
#4588 = EDGE_CURVE ( 'NONE', #1702, #4338, #1324, .T. ) ;
#4589 = ORIENTED_EDGE ( 'NONE', *, *, #2978, .T. ) ;
#4590 = CARTESIAN_POINT ( 'NONE',  ( 80.96071435254843607, -6.000000000000000000, 7.347880794884126639E-16 ) ) ;
#4591 = DIRECTION ( 'NONE',  ( 1.000000000000000000, 0.0000000000000000000, 0.0000000000000000000 ) ) ;
#4592 = DIRECTION ( 'NONE',  ( 0.0000000000000000000, -1.000000000000000000, 0.0000000000000000000 ) ) ;
#4593 = ORIENTED_EDGE ( 'NONE', *, *, #4127, .T. ) ;
#4594 = CARTESIAN_POINT ( 'NONE',  ( 12.59999999999999964, 0.0000000000000000000, 0.0000000000000000000 ) ) ;
#4595 = LINE ( 'NONE', #4270, #4499 ) ;
#4596 = DIRECTION ( 'NONE',  ( -1.000000000000000000, -1.224606353822377258E-16, -0.0000000000000000000 ) ) ;
#4597 = ORIENTED_EDGE ( 'NONE', *, *, #3044, .T. ) ;
#4598 = LINE ( 'NONE', #2026, #4658 ) ;
#4599 = VERTEX_POINT ( 'NONE', #481 ) ;
#4600 = EDGE_CURVE ( 'NONE', #509, #1702, #603, .T. ) ;
#4601 = DIRECTION ( 'NONE',  ( 0.0000000000000000000, -1.000000000000000000, 0.0000000000000000000 ) ) ;
#4602 = CIRCLE ( 'NONE', #1271, 6.000000000000006217 ) ;
#4603 = CIRCLE ( 'NONE', #1507, 6.000000000000006217 ) ;
#4604 = ORIENTED_EDGE ( 'NONE', *, *, #4183, .T. ) ;
#4605 = ORIENTED_EDGE ( 'NONE', *, *, #3774, .F. ) ;
#4606 = CARTESIAN_POINT ( 'NONE',  ( 79.61071421888010491, 5.939340807853974748E-15, 0.0000000000000000000 ) ) ;
#4607 = CARTESIAN_POINT ( 'NONE',  ( 0.6000000000000033085, 0.0000000000000000000, 8.400000000000000355 ) ) ;
#4608 = LINE ( 'NONE', #4468, #477 ) ;
#4609 = EDGE_CURVE ( 'NONE', #509, #1337, #1585, .T. ) ;
#4610 = LINE ( 'NONE', #4236, #4300 ) ;
#4611 = EDGE_CURVE ( 'NONE', #4624, #509, #1584, .T. ) ;
#4612 = ORIENTED_EDGE ( 'NONE', *, *, #2903, .F. ) ;
#4613 = CIRCLE ( 'NONE', #508, 6.000000000000006217 ) ;
#4614 = CIRCLE ( 'NONE', #1541, 6.000000000000006217 ) ;
#4615 = CIRCLE ( 'NONE', #1444, 6.000000000000006217 ) ;
#4616 = VECTOR ( 'NONE', #4748, 1000.000000000000000 ) ;
#4617 = EDGE_CURVE ( 'NONE', #3286, #4624, #4608, .T. ) ;
#4618 = EDGE_CURVE ( 'NONE', #1031, #2212, #734, .T. ) ;
#4619 = VECTOR ( 'NONE', #230, 1000.000000000000114 ) ;
#4620 = EDGE_CURVE ( 'NONE', #2212, #4624, #476, .T. ) ;
#4621 = ORIENTED_EDGE ( 'NONE', *, *, #3387, .T. ) ;
#4622 = DIRECTION ( 'NONE',  ( -0.5735764363510492680, 0.8191520442889894671, 1.003171929053522035E-16 ) ) ;
#4623 = VERTEX_POINT ( 'NONE', #90 ) ;
#4624 = VERTEX_POINT ( 'NONE', #241 ) ;
#4625 = ORIENTED_EDGE ( 'NONE', *, *, #4213, .F. ) ;
#4626 = LINE ( 'NONE', #978, #4761 ) ;
#4627 = EDGE_CURVE ( 'NONE', #4624, #1702, #3650, .T. ) ;
#4628 = EDGE_CURVE ( 'NONE', #3013, #16, #424, .T. ) ;
#4629 = CONICAL_SURFACE ( 'NONE', #1863, 5.036000000000006693, 0.9599310885968775908 ) ;
#4630 = VERTEX_POINT ( 'NONE', #332 ) ;
#4631 = ORIENTED_EDGE ( 'NONE', *, *, #1895, .F. ) ;
#4632 = VECTOR ( 'NONE', #1152, 1000.000000000000114 ) ;
#4633 = CIRCLE ( 'NONE', #1096, 5.999999999999729106 ) ;
#4634 = DIRECTION ( 'NONE',  ( 0.0000000000000000000, -1.000000000000000000, 0.0000000000000000000 ) ) ;
#4635 = DIRECTION ( 'NONE',  ( -1.000000000000000000, -0.0000000000000000000, -0.0000000000000000000 ) ) ;
#4636 = DIRECTION ( 'NONE',  ( 0.5735764363510450492, 0.8191520442889925757, 0.0000000000000000000 ) ) ;
#4637 = EDGE_CURVE ( 'NONE', #857, #3369, #362, .T. ) ;
#4638 = VERTEX_POINT ( 'NONE', #344 ) ;
#4639 = EDGE_CURVE ( 'NONE', #4456, #3061, #355, .T. ) ;
#4640 = DIRECTION ( 'NONE',  ( -0.5735764363510490460, -0.8191520442889896891, 0.0000000000000000000 ) ) ;
#4641 = ORIENTED_EDGE ( 'NONE', *, *, #3034, .F. ) ;
#4642 = ORIENTED_EDGE ( 'NONE', *, *, #2805, .F. ) ;
#4643 = EDGE_CURVE ( 'NONE', #1184, #4755, #419, .T. ) ;
#4644 = VERTEX_POINT ( 'NONE', #404 ) ;
#4645 = CARTESIAN_POINT ( 'NONE',  ( 65.53214292397701968, 6.000000000000012434, 0.0000000000000000000 ) ) ;
#4646 = CARTESIAN_POINT ( 'NONE',  ( 75.81785720969129727, -6.000000000000000888, 7.347880794884127625E-16 ) ) ;
#4647 = ORIENTED_EDGE ( 'NONE', *, *, #3062, .F. ) ;
#4648 = CARTESIAN_POINT ( 'NONE',  ( 45.32499993316583442, 7.347880794882739229E-16, -6.000000000000006217 ) ) ;
#4649 = EDGE_CURVE ( 'NONE', #2202, #197, #310, .T. ) ;
#4650 = ORIENTED_EDGE ( 'NONE', *, *, #4135, .F. ) ;
#4651 = DIRECTION ( 'NONE',  ( 0.0000000000000000000, -1.000000000000000000, 0.0000000000000000000 ) ) ;
#4652 = ORIENTED_EDGE ( 'NONE', *, *, #2103, .F. ) ;
#4653 = DIRECTION ( 'NONE',  ( -1.000000000000000000, -0.0000000000000000000, -0.0000000000000000000 ) ) ;
#4654 = DIRECTION ( 'NONE',  ( 0.0000000000000000000, -1.000000000000000000, 0.0000000000000000000 ) ) ;
#4655 = ORIENTED_EDGE ( 'NONE', *, *, #4144, .T. ) ;
#4656 = ORIENTED_EDGE ( 'NONE', *, *, #4090, .T. ) ;
#4657 = EDGE_CURVE ( 'NONE', #3160, #2495, #246, .T. ) ;
#4658 = VECTOR ( 'NONE', #2078, 1000.000000000000114 ) ;
#4659 = CARTESIAN_POINT ( 'NONE',  ( 51.14285714285714590, 5.036000000000012911, 0.0000000000000000000 ) ) ;
#4660 = EDGE_CURVE ( 'NONE', #1877, #1329, #142, .T. ) ;
#4661 = CARTESIAN_POINT ( 'NONE',  ( 68.28571428571427759, -5.036000000000000476, 6.757601037695103453E-16 ) ) ;
#4662 = ADVANCED_FACE ( 'NONE', ( #252 ), #3490, .T. ) ;
#4663 = ORIENTED_EDGE ( 'NONE', *, *, #3635, .F. ) ;
#4664 = VERTEX_POINT ( 'NONE', #4767 ) ;
#4665 = CARTESIAN_POINT ( 'NONE',  ( -31.74999999999995737, 0.0000000000000000000, 5.999999999999866773 ) ) ;
#4666 = ORIENTED_EDGE ( 'NONE', *, *, #2055, .T. ) ;
#4667 = EDGE_CURVE ( 'NONE', #1184, #3551, #71, .T. ) ;
#4668 = VERTEX_POINT ( 'NONE', #4308 ) ;
#4669 = ORIENTED_EDGE ( 'NONE', *, *, #4107, .F. ) ;
#4670 = CARTESIAN_POINT ( 'NONE',  ( 78.57142857142856940, 5.036000000000012911, 6.167321280506079282E-16 ) ) ;
#4671 = LINE ( 'NONE', #189, #4619 ) ;
#4672 = EDGE_CURVE ( 'NONE', #4165, #4255, #80, .T. ) ;
#4673 = DIRECTION ( 'NONE',  ( -0.5735764363510492680, 0.8191520442889894671, 1.003171929053522035E-16 ) ) ;
#4674 = ORIENTED_EDGE ( 'NONE', *, *, #2921, .T. ) ;
#4675 = CARTESIAN_POINT ( 'NONE',  ( 53.89642850459440382, -1.386669559958809814E-28, 6.000000000000006217 ) ) ;
#4676 = ORIENTED_EDGE ( 'NONE', *, *, #3822, .F. ) ;
#4677 = DIRECTION ( 'NONE',  ( 0.0000000000000000000, -1.000000000000000000, 0.0000000000000000000 ) ) ;
#4678 = DIRECTION ( 'NONE',  ( 0.0000000000000000000, 0.0000000000000000000, 1.000000000000000000 ) ) ;
#4679 = DIRECTION ( 'NONE',  ( 0.0000000000000000000, 0.0000000000000000000, 1.000000000000000000 ) ) ;
#4680 = VERTEX_POINT ( 'NONE', #5 ) ;
#4681 = VECTOR ( 'NONE', #869, 1000.000000000000000 ) ;
#4682 = ORIENTED_EDGE ( 'NONE', *, *, #2103, .T. ) ;
#4683 = LINE ( 'NONE', #874, #4681 ) ;
#4684 = DIRECTION ( 'NONE',  ( -1.000000000000000000, -1.224606353822377258E-16, -0.0000000000000000000 ) ) ;
#4685 =( LENGTH_UNIT ( ) NAMED_UNIT ( * ) SI_UNIT ( .MILLI., .METRE. ) );
#4686 = ORIENTED_EDGE ( 'NONE', *, *, #4129, .T. ) ;
#4687 = DIRECTION ( 'NONE',  ( -1.000000000000000000, -0.0000000000000000000, -0.0000000000000000000 ) ) ;
#4688 = CARTESIAN_POINT ( 'NONE',  ( 76.18214279030868852, 5.939340807853974748E-15, 0.0000000000000000000 ) ) ;
#4689 = CARTESIAN_POINT ( 'NONE',  ( 0.0000000000000000000, 0.0000000000000000000, 0.0000000000000000000 ) ) ;
#4690 = VERTEX_POINT ( 'NONE', #4427 ) ;
#4691 = DIRECTION ( 'NONE',  ( 0.0000000000000000000, 0.0000000000000000000, 1.000000000000000000 ) ) ;
#4692 = ORIENTED_EDGE ( 'NONE', *, *, #2102, .F. ) ;
#4693 = CARTESIAN_POINT ( 'NONE',  ( 62.46785707602297322, -1.378965840181260871E-28, 6.000000000000006217 ) ) ;
#4694 = ORIENTED_EDGE ( 'NONE', *, *, #4150, .F. ) ;
#4695 = CARTESIAN_POINT ( 'NONE',  ( -31.74999999999995737, 0.0000000000000000000, 0.0000000000000000000 ) ) ;
#4696 = DIRECTION ( 'NONE',  ( -1.000000000000000000, -1.224606353822377258E-16, -0.0000000000000000000 ) ) ;
#4697 = VERTEX_POINT ( 'NONE', #3276 ) ;
#4698 = DIRECTION ( 'NONE',  ( -1.000000000000000000, -0.0000000000000000000, -0.0000000000000000000 ) ) ;
#4699 = ORIENTED_EDGE ( 'NONE', *, *, #4086, .F. ) ;
#4700 = DIRECTION ( 'NONE',  ( -0.5735764363510490460, -0.8191520442889896891, 0.0000000000000000000 ) ) ;
#4701 = DIRECTION ( 'NONE',  ( 0.0000000000000000000, -1.224646799147353207E-16, 1.000000000000000000 ) ) ;
#4702 = ORIENTED_EDGE ( 'NONE', *, *, #4144, .F. ) ;
#4703 = ORIENTED_EDGE ( 'NONE', *, *, #4100, .F. ) ;
#4704 = SURFACE_STYLE_USAGE ( .BOTH. , #314 ) ;
#4705 = ORIENTED_EDGE ( 'NONE', *, *, #4135, .T. ) ;
#4706 = ORIENTED_EDGE ( 'NONE', *, *, #3218, .T. ) ;
#4707 = ORIENTED_EDGE ( 'NONE', *, *, #4114, .F. ) ;
#4708 = ORIENTED_EDGE ( 'NONE', *, *, #3637, .F. ) ;
#4709 = ORIENTED_EDGE ( 'NONE', *, *, #3859, .F. ) ;
#4710 =( NAMED_UNIT ( * ) SI_UNIT ( $, .STERADIAN. ) SOLID_ANGLE_UNIT ( ) );
#4711 = CIRCLE ( 'NONE', #1445, 6.000000000000006217 ) ;
#4712 = ORIENTED_EDGE ( 'NONE', *, *, #3441, .F. ) ;
#4713 = LINE ( 'NONE', #38, #4403 ) ;
#4714 = ORIENTED_EDGE ( 'NONE', *, *, #4245, .F. ) ;
#4715 = CARTESIAN_POINT ( 'NONE',  ( 58.67500006683415137, -6.000000000000000888, 7.347880794884127625E-16 ) ) ;
#4716 = ORIENTED_EDGE ( 'NONE', *, *, #3429, .T. ) ;
#4717 = CARTESIAN_POINT ( 'NONE',  ( 51.81785720969130438, 7.347880794882700773E-16, -6.000000000000006217 ) ) ;
#4718 = VERTEX_POINT ( 'NONE', #159 ) ;
#4719 = ORIENTED_EDGE ( 'NONE', *, *, #3644, .T. ) ;
#4720 = ORIENTED_EDGE ( 'NONE', *, *, #4105, .T. ) ;
#4721 = FACE_OUTER_BOUND ( 'NONE', #3256, .T. ) ;
#4722 = DIRECTION ( 'NONE',  ( 0.0000000000000000000, -1.000000000000000000, 0.0000000000000000000 ) ) ;
#4723 = CARTESIAN_POINT ( 'NONE',  ( -31.74999999999995737, 0.0000000000000000000, 0.0000000000000000000 ) ) ;
#4724 = ORIENTED_EDGE ( 'NONE', *, *, #4107, .T. ) ;
#4725 = CIRCLE ( 'NONE', #818, 6.000000000000006217 ) ;
#4726 = CARTESIAN_POINT ( 'NONE',  ( 11.99999999999999645, 0.0000000000000000000, 0.0000000000000000000 ) ) ;
#4727 = DIRECTION ( 'NONE',  ( 0.0000000000000000000, 0.0000000000000000000, 1.000000000000000000 ) ) ;
#4728 = ORIENTED_EDGE ( 'NONE', *, *, #4105, .F. ) ;
#4729 = DIRECTION ( 'NONE',  ( 1.000000000000000000, 0.0000000000000000000, 0.0000000000000000000 ) ) ;
#4730 = ORIENTED_EDGE ( 'NONE', *, *, #4127, .F. ) ;
#4731 = VERTEX_POINT ( 'NONE', #3283 ) ;
#4732 = DIRECTION ( 'NONE',  ( -1.000000000000000000, -1.224606353822377258E-16, -0.0000000000000000000 ) ) ;
#4733 =( NAMED_UNIT ( * ) PLANE_ANGLE_UNIT ( ) SI_UNIT ( $, .RADIAN. ) );
#4734 = DIRECTION ( 'NONE',  ( 0.5735764363510452712, -0.8191520442889924647, 1.003171929053525610E-16 ) ) ;
#4735 = CARTESIAN_POINT ( 'NONE',  ( 64.85714285714286120, 6.022001744921539221E-15, 0.0000000000000000000 ) ) ;
#4736 = ORIENTED_EDGE ( 'NONE', *, *, #3569, .F. ) ;
#4737 = DIRECTION ( 'NONE',  ( -1.000000000000000000, -0.0000000000000000000, -0.0000000000000000000 ) ) ;
#4738 = APPLICATION_PROTOCOL_DEFINITION ( 'draft international standard', 'automotive_design', 1998, #3260 ) ;
#4739 = VERTEX_POINT ( 'NONE', #1547 ) ;
#4740 = DIRECTION ( 'NONE',  ( 0.0000000000000000000, -1.000000000000000000, 0.0000000000000000000 ) ) ;
#4741 = DIRECTION ( 'NONE',  ( -1.000000000000000000, -1.224606353822377258E-16, -0.0000000000000000000 ) ) ;
#4742 = LINE ( 'NONE', #2428, #4394 ) ;
#4743 = DIRECTION ( 'NONE',  ( -1.000000000000000000, -1.224606353822377258E-16, -0.0000000000000000000 ) ) ;
#4744 = DIRECTION ( 'NONE',  ( 0.0000000000000000000, -1.000000000000000000, 0.0000000000000000000 ) ) ;
#4745 = ORIENTED_EDGE ( 'NONE', *, *, #2903, .T. ) ;
#4746 = ORIENTED_EDGE ( 'NONE', *, *, #4055, .T. ) ;
#4747 = DIRECTION ( 'NONE',  ( -1.000000000000000000, -1.224606353822377258E-16, -0.0000000000000000000 ) ) ;
#4748 = DIRECTION ( 'NONE',  ( 0.0000000000000000000, 1.000000000000000000, -1.485234403101492904E-15 ) ) ;
#4749 = ORIENTED_EDGE ( 'NONE', *, *, #3579, .T. ) ;
#4750 = ORIENTED_EDGE ( 'NONE', *, *, #4099, .T. ) ;
#4751 = ORIENTED_EDGE ( 'NONE', *, *, #4143, .T. ) ;
#4752 = CARTESIAN_POINT ( 'NONE',  ( 77.53214292397700547, 6.104662681989103693E-15, 0.0000000000000000000 ) ) ;
#4753 = VERTEX_POINT ( 'NONE', #3268 ) ;
#4754 = CARTESIAN_POINT ( 'NONE',  ( 77.53214292397700547, -6.000000000000000000, 7.347880794884126639E-16 ) ) ;
#4755 = VERTEX_POINT ( 'NONE', #4009 ) ;
#4756 = CARTESIAN_POINT ( 'NONE',  ( 69.32499993316584153, -1.386669559958809814E-28, 6.000000000000006217 ) ) ;
#4757 = CARTESIAN_POINT ( 'NONE',  ( 72.38928578111988088, -1.425188158846554531E-28, 6.000000000000006217 ) ) ;
#4758 = CARTESIAN_POINT ( 'NONE',  ( -31.74999999999995737, 0.0000000000000000000, 5.999999999999866773 ) ) ;
#4759 = ORIENTED_EDGE ( 'NONE', *, *, #3886, .T. ) ;
#4760 = ORIENTED_EDGE ( 'NONE', *, *, #2985, .F. ) ;
#4761 = VECTOR ( 'NONE', #1023, 1000.000000000000000 ) ;
#4762 = DIRECTION ( 'NONE',  ( 0.0000000000000000000, -1.000000000000000000, 0.0000000000000000000 ) ) ;
#4763 = ORIENTED_EDGE ( 'NONE', *, *, #3313, .F. ) ;
#4764 = ORIENTED_EDGE ( 'NONE', *, *, #2910, .F. ) ;
#4765 = DIRECTION ( 'NONE',  ( -1.000000000000000000, -1.224606353822377258E-16, -0.0000000000000000000 ) ) ;
#4766 = VERTEX_POINT ( 'NONE', #3365 ) ;
#4767 = CARTESIAN_POINT ( 'NONE',  ( 65.53214292397701968, 6.000000000000011546, 0.0000000000000000000 ) ) ;
#4768 = ORIENTED_EDGE ( 'NONE', *, *, #4033, .T. ) ;
#4769 = LINE ( 'NONE', #4174, #2924 ) ;
#4770 = DIRECTION ( 'NONE',  ( -0.0000000000000000000, -0.5000000000000008882, -0.8660254037844380415 ) ) ;
#4771 = DIRECTION ( 'NONE',  ( -1.000000000000000000, -0.0000000000000000000, -0.0000000000000000000 ) ) ;
#4772 = ORIENTED_EDGE ( 'NONE', *, *, #4183, .F. ) ;
#4773 = ORIENTED_EDGE ( 'NONE', *, *, #3675, .F. ) ;
#4774 = CARTESIAN_POINT ( 'NONE',  ( -31.74999999999995737, 0.0000000000000000000, 0.0000000000000000000 ) ) ;
#4775 = DIRECTION ( 'NONE',  ( -1.000000000000000000, -1.224606353822377258E-16, -0.0000000000000000000 ) ) ;
#4776 = CARTESIAN_POINT ( 'NONE',  ( 77.89642850459441092, 5.939340807853974748E-15, 0.0000000000000000000 ) ) ;
#4777 = LINE ( 'NONE', #3164, #2041 ) ;
#4778 = DIRECTION ( 'NONE',  ( -0.5735764363510490460, -0.8191520442889896891, 0.0000000000000000000 ) ) ;
#4779 = CARTESIAN_POINT ( 'NONE',  ( 6.000000000000000000, -5.839897972853060004, -5.637851296924623057E-15 ) ) ;
#4780 = ORIENTED_EDGE ( 'NONE', *, *, #4066, .T. ) ;
#4781 = ORIENTED_EDGE ( 'NONE', *, *, #2910, .T. ) ;
#4782 = FACE_OUTER_BOUND ( 'NONE', #2980, .T. ) ;
#4783 = VERTEX_POINT ( 'NONE', #3391 ) ;
#4784 = CARTESIAN_POINT ( 'NONE',  ( 78.57142857142856940, -5.036000000000000476, 0.0000000000000000000 ) ) ;
#4785 = DIRECTION ( 'NONE',  ( 0.0000000000000000000, 0.0000000000000000000, 1.000000000000000000 ) ) ;
#4786 = LINE ( 'NONE', #1972, #3690 ) ;
#4787 = DIRECTION ( 'NONE',  ( 0.0000000000000000000, 1.000000000000000000, 0.0000000000000000000 ) ) ;
#4788 = ORIENTED_EDGE ( 'NONE', *, *, #3906, .T. ) ;
#4789 = CIRCLE ( 'NONE', #1767, 6.000000000000006217 ) ;
#4790 = CIRCLE ( 'NONE', #1229, 6.000000000000006217 ) ;
#4791 = VERTEX_POINT ( 'NONE', #3254 ) ;
#4792 = VERTEX_POINT ( 'NONE', #2792 ) ;
#4793 = CARTESIAN_POINT ( 'NONE',  ( 71.71428571428572241, 6.022001744921539221E-15, 0.0000000000000000000 ) ) ;
#4794 = CARTESIAN_POINT ( 'NONE',  ( 6.000000000000000000, -5.839897972853060004, -5.637851296924623057E-15 ) ) ;
#4795 = ORIENTED_EDGE ( 'NONE', *, *, #4083, .T. ) ;
#4796 = ORIENTED_EDGE ( 'NONE', *, *, #3376, .T. ) ;
#4797 = CIRCLE ( 'NONE', #1447, 5.036000000000006693 ) ;
#4798 = CARTESIAN_POINT ( 'NONE',  ( 76.85714285714284699, -5.036000000000000476, 0.0000000000000000000 ) ) ;
#4799 = VERTEX_POINT ( 'NONE', #3294 ) ;
#4800 = VERTEX_POINT ( 'NONE', #1193 ) ;
#4801 = VERTEX_POINT ( 'NONE', #3477 ) ;
#4802 = CIRCLE ( 'NONE', #859, 6.000000000000006217 ) ;
#4803 = CARTESIAN_POINT ( 'NONE',  ( -31.74999999999995737, 7.347880794883956047E-16, -5.999999999999866773 ) ) ;
#4804 = ORIENTED_EDGE ( 'NONE', *, *, #4078, .F. ) ;
#4805 = LINE ( 'NONE', #1115, #4632 ) ;
#4806 = ADVANCED_FACE ( 'NONE', ( #140 ), #3009, .T. ) ;
ENDSEC;
END-ISO-10303-21;
